datetime_local,P_dc_kW,P_solar_ac_kW,GHI_W_m2,is_daytime,pump_scheduled_day,pump_on,pump_hours_today,failure_reason,P_solar_to_pump_kW,P_battery_to_pump_kW,P_total_to_pump_kW,P_solar_to_battery_kW,P_curtailed_kW,battery_delta_kWh,battery_soc_kWh,battery_soc_pct
2018-01-01 00:00:00,0.0,0.0,0.0,False,True,False,0,night,0.0,0.0,0.0,0.0,0.0,0.0,1.0,100.0
2018-01-01 01:00:00,0.0,0.0,0.0,False,True,False,0,night,0.0,0.0,0.0,0.0,0.0,0.0,1.0,100.0
2018-01-01 02:00:00,0.0,0.0,0.0,False,True,False,0,night,0.0,0.0,0.0,0.0,0.0,0.0,1.0,100.0
2018-01-01 03:00:00,0.0,0.0,0.0,False,True,False,0,night,0.0,0.0,0.0,0.0,0.0,0.0,1.0,100.0
2018-01-01 04:00:00,0.0,0.0,0.0,False,True,False,0,night,0.0,0.0,0.0,0.0,0.0,0.0,1.0,100.0
2018-01-01 05:00:00,0.0,0.0,0.0,False,True,False,0,night,0.0,0.0,0.0,0.0,0.0,0.0,1.0,100.0
2018-01-01 06:00:00,0.0,0.0,0.0,False,True,False,0,night,0.0,0.0,0.0,0.0,0.0,0.0,1.0,100.0
2018-01-01 07:00:00,0.0,0.0,0.0,False,True,False,0,night,0.0,0.0,0.0,0.0,0.0,0.0,1.0,100.0
2018-01-01 08:00:00,0.241,0.231,165.0,True,True,False,0,battery_empty,0.0,0.0,0.0,0.0,0.231,0.0,1.0,100.0
2018-01-01 09:00:00,0.751,0.721,364.0,True,True,True,1,ok,0.721,0.542,1.263,0.0,0.0,-0.57,0.43,43.0
2018-01-01 10:00:00,1.298,1.246,533.0,True,True,True,2,ok,1.246,0.017,1.263,0.0,0.0,-0.018,0.412,41.2
2018-01-01 11:00:00,1.681,1.613,649.0,True,True,True,3,ok,1.263,0.0,1.263,0.333,0.0,0.333,0.745,74.5
2018-01-01 12:00:00,1.79,1.718,398.0,True,True,True,4,ok,1.263,0.0,1.263,0.255,0.186,0.255,1.0,100.0
2018-01-01 13:00:00,1.801,1.729,686.0,True,True,True,5,ok,1.263,0.0,1.263,0.0,0.466,0.0,1.0,100.0
2018-01-01 14:00:00,1.527,1.466,420.0,True,True,True,6,ok,1.263,0.0,1.263,0.0,0.203,0.0,1.0,100.0
2018-01-01 15:00:00,1.06,1.018,459.0,True,True,False,6,cap_reached,0.0,0.0,0.0,0.0,1.018,0.0,1.0,100.0
2018-01-01 16:00:00,0.468,0.45,272.0,True,True,False,6,cap_reached,0.0,0.0,0.0,0.0,0.45,0.0,1.0,100.0
2018-01-01 17:00:00,0.259,0.249,54.0,True,True,False,6,cap_reached,0.0,0.0,0.0,0.0,0.249,0.0,1.0,100.0
2018-01-01 18:00:00,0.0,0.0,0.0,False,True,False,6,cap_reached,0.0,0.0,0.0,0.0,0.0,0.0,1.0,100.0
2018-01-01 19:00:00,0.0,0.0,0.0,False,True,False,6,cap_reached,0.0,0.0,0.0,0.0,0.0,0.0,1.0,100.0
2018-01-01 20:00:00,0.0,0.0,0.0,False,True,False,6,cap_reached,0.0,0.0,0.0,0.0,0.0,0.0,1.0,100.0
2018-01-01 21:00:00,0.0,0.0,0.0,False,True,False,6,cap_reached,0.0,0.0,0.0,0.0,0.0,0.0,1.0,100.0
2018-01-01 22:00:00,0.0,0.0,0.0,False,True,False,6,cap_reached,0.0,0.0,0.0,0.0,0.0,0.0,1.0,100.0
2018-01-01 23:00:00,0.0,0.0,0.0,False,True,False,6,cap_reached,0.0,0.0,0.0,0.0,0.0,0.0,1.0,100.0
2018-01-02 00:00:00,0.0,0.0,0.0,False,True,False,0,night,0.0,0.0,0.0,0.0,0.0,0.0,1.0,100.0
2018-01-02 01:00:00,0.0,0.0,0.0,False,True,False,0,night,0.0,0.0,0.0,0.0,0.0,0.0,1.0,100.0
2018-01-02 02:00:00,0.0,0.0,0.0,False,True,False,0,night,0.0,0.0,0.0,0.0,0.0,0.0,1.0,100.0
2018-01-02 03:00:00,0.0,0.0,0.0,False,True,False,0,night,0.0,0.0,0.0,0.0,0.0,0.0,1.0,100.0
2018-01-02 04:00:00,0.0,0.0,0.0,False,True,False,0,night,0.0,0.0,0.0,0.0,0.0,0.0,1.0,100.0
2018-01-02 05:00:00,0.0,0.0,0.0,False,True,False,0,night,0.0,0.0,0.0,0.0,0.0,0.0,1.0,100.0
2018-01-02 06:00:00,0.0,0.0,0.0,False,True,False,0,night,0.0,0.0,0.0,0.0,0.0,0.0,1.0,100.0
2018-01-02 07:00:00,0.0,0.0,0.0,False,True,False,0,night,0.0,0.0,0.0,0.0,0.0,0.0,1.0,100.0
2018-01-02 08:00:00,0.494,0.474,101.0,True,True,True,1,ok,0.474,0.789,1.263,0.0,0.0,-0.83,0.17,17.0
2018-01-02 09:00:00,0.838,0.804,172.0,True,True,False,1,battery_empty,0.0,0.0,0.0,0.764,0.0,0.764,0.934,93.4
2018-01-02 10:00:00,1.459,1.401,362.0,True,True,True,2,ok,1.263,0.0,1.263,0.066,0.068,0.066,1.0,100.0
2018-01-02 11:00:00,1.466,1.407,323.0,True,True,True,3,ok,1.263,0.0,1.263,0.0,0.144,0.0,1.0,100.0
2018-01-02 12:00:00,1.709,1.64,389.0,True,True,True,4,ok,1.263,0.0,1.263,0.0,0.377,0.0,1.0,100.0
2018-01-02 13:00:00,1.505,1.444,322.0,True,True,True,5,ok,1.263,0.0,1.263,0.0,0.181,0.0,1.0,100.0
2018-01-02 14:00:00,1.353,1.299,306.0,True,True,True,6,ok,1.263,0.0,1.263,0.0,0.036,0.0,1.0,100.0
2018-01-02 15:00:00,1.251,1.201,314.0,True,True,False,6,cap_reached,0.0,0.0,0.0,0.0,1.201,0.0,1.0,100.0
2018-01-02 16:00:00,0.44,0.423,90.0,True,True,False,6,cap_reached,0.0,0.0,0.0,0.0,0.423,0.0,1.0,100.0
2018-01-02 17:00:00,0.215,0.207,43.0,True,True,False,6,cap_reached,0.0,0.0,0.0,0.0,0.207,0.0,1.0,100.0
2018-01-02 18:00:00,0.0,0.0,0.0,False,True,False,6,cap_reached,0.0,0.0,0.0,0.0,0.0,0.0,1.0,100.0
2018-01-02 19:00:00,0.0,0.0,0.0,False,True,False,6,cap_reached,0.0,0.0,0.0,0.0,0.0,0.0,1.0,100.0
2018-01-02 20:00:00,0.0,0.0,0.0,False,True,False,6,cap_reached,0.0,0.0,0.0,0.0,0.0,0.0,1.0,100.0
2018-01-02 21:00:00,0.0,0.0,0.0,False,True,False,6,cap_reached,0.0,0.0,0.0,0.0,0.0,0.0,1.0,100.0
2018-01-02 22:00:00,0.0,0.0,0.0,False,True,False,6,cap_reached,0.0,0.0,0.0,0.0,0.0,0.0,1.0,100.0
2018-01-02 23:00:00,0.0,0.0,0.0,False,True,False,6,cap_reached,0.0,0.0,0.0,0.0,0.0,0.0,1.0,100.0
2018-01-03 00:00:00,0.0,0.0,0.0,False,True,False,0,night,0.0,0.0,0.0,0.0,0.0,0.0,1.0,100.0
2018-01-03 01:00:00,0.0,0.0,0.0,False,True,False,0,night,0.0,0.0,0.0,0.0,0.0,0.0,1.0,100.0
2018-01-03 02:00:00,0.0,0.0,0.0,False,True,False,0,night,0.0,0.0,0.0,0.0,0.0,0.0,1.0,100.0
2018-01-03 03:00:00,0.0,0.0,0.0,False,True,False,0,night,0.0,0.0,0.0,0.0,0.0,0.0,1.0,100.0
2018-01-03 04:00:00,0.0,0.0,0.0,False,True,False,0,night,0.0,0.0,0.0,0.0,0.0,0.0,1.0,100.0
2018-01-03 05:00:00,0.0,0.0,0.0,False,True,False,0,night,0.0,0.0,0.0,0.0,0.0,0.0,1.0,100.0
2018-01-03 06:00:00,0.0,0.0,0.0,False,True,False,0,night,0.0,0.0,0.0,0.0,0.0,0.0,1.0,100.0
2018-01-03 07:00:00,0.0,0.0,0.0,False,True,False,0,night,0.0,0.0,0.0,0.0,0.0,0.0,1.0,100.0
2018-01-03 08:00:00,0.304,0.292,150.0,True,True,False,0,battery_empty,0.0,0.0,0.0,0.0,0.292,0.0,1.0,100.0
2018-01-03 09:00:00,0.433,0.416,87.0,True,True,True,1,ok,0.416,0.847,1.263,0.0,0.0,-0.892,0.108,10.8
2018-01-03 10:00:00,1.214,1.166,255.0,True,True,False,1,battery_empty,0.0,0.0,0.0,0.892,0.227,0.892,1.0,100.0
2018-01-03 11:00:00,1.689,1.622,631.0,True,True,True,2,ok,1.263,0.0,1.263,0.0,0.359,0.0,1.0,100.0
2018-01-03 12:00:00,1.871,1.796,684.0,True,True,True,3,ok,1.263,0.0,1.263,0.0,0.533,0.0,1.0,100.0
2018-01-03 13:00:00,0.289,0.277,58.0,True,True,False,3,battery_empty,0.0,0.0,0.0,0.0,0.277,0.0,1.0,100.0
2018-01-03 14:00:00,0.862,0.827,175.0,True,True,True,4,ok,0.827,0.436,1.263,0.0,0.0,-0.459,0.541,54.1
2018-01-03 15:00:00,0.772,0.741,156.0,True,True,False,4,battery_empty,0.0,0.0,0.0,0.459,0.259,0.459,1.0,100.0
2018-01-03 16:00:00,0.05,0.048,10.0,False,True,False,4,night,0.0,0.0,0.0,0.0,0.048,0.0,1.0,100.0
2018-01-03 17:00:00,0.243,0.233,67.0,True,True,False,4,battery_empty,0.0,0.0,0.0,0.0,0.233,0.0,1.0,100.0
2018-01-03 18:00:00,0.0,0.0,0.0,False,True,False,4,night,0.0,0.0,0.0,0.0,0.0,0.0,1.0,100.0
2018-01-03 19:00:00,0.0,0.0,0.0,False,True,False,4,night,0.0,0.0,0.0,0.0,0.0,0.0,1.0,100.0
2018-01-03 20:00:00,0.0,0.0,0.0,False,True,False,4,night,0.0,0.0,0.0,0.0,0.0,0.0,1.0,100.0
2018-01-03 21:00:00,0.0,0.0,0.0,False,True,False,4,night,0.0,0.0,0.0,0.0,0.0,0.0,1.0,100.0
2018-01-03 22:00:00,0.0,0.0,0.0,False,True,False,4,night,0.0,0.0,0.0,0.0,0.0,0.0,1.0,100.0
2018-01-03 23:00:00,0.0,0.0,0.0,False,True,False,4,night,0.0,0.0,0.0,0.0,0.0,0.0,1.0,100.0
2018-01-04 00:00:00,0.0,0.0,0.0,False,True,False,0,night,0.0,0.0,0.0,0.0,0.0,0.0,1.0,100.0
2018-01-04 01:00:00,0.0,0.0,0.0,False,True,False,0,night,0.0,0.0,0.0,0.0,0.0,0.0,1.0,100.0
2018-01-04 02:00:00,0.0,0.0,0.0,False,True,False,0,night,0.0,0.0,0.0,0.0,0.0,0.0,1.0,100.0
2018-01-04 03:00:00,0.0,0.0,0.0,False,True,False,0,night,0.0,0.0,0.0,0.0,0.0,0.0,1.0,100.0
2018-01-04 04:00:00,0.0,0.0,0.0,False,True,False,0,night,0.0,0.0,0.0,0.0,0.0,0.0,1.0,100.0
2018-01-04 05:00:00,0.0,0.0,0.0,False,True,False,0,night,0.0,0.0,0.0,0.0,0.0,0.0,1.0,100.0
2018-01-04 06:00:00,0.0,0.0,0.0,False,True,False,0,night,0.0,0.0,0.0,0.0,0.0,0.0,1.0,100.0
2018-01-04 07:00:00,0.0,0.0,0.0,False,True,False,0,night,0.0,0.0,0.0,0.0,0.0,0.0,1.0,100.0
2018-01-04 08:00:00,0.281,0.269,169.0,True,True,False,0,battery_empty,0.0,0.0,0.0,0.0,0.269,0.0,1.0,100.0
2018-01-04 09:00:00,0.818,0.785,375.0,True,True,True,1,ok,0.785,0.478,1.263,0.0,0.0,-0.503,0.497,49.7
2018-01-04 10:00:00,1.395,1.339,553.0,True,True,True,2,ok,1.263,0.0,1.263,0.072,0.0,0.072,0.569,56.9
2018-01-04 11:00:00,1.812,1.74,678.0,True,True,True,3,ok,1.263,0.0,1.263,0.431,0.023,0.431,1.0,100.0
2018-01-04 12:00:00,2.0,1.92,734.0,True,True,True,4,ok,1.263,0.0,1.263,0.0,0.657,0.0,1.0,100.0
2018-01-04 13:00:00,1.961,1.882,721.0,True,True,True,5,ok,1.263,0.0,1.263,0.0,0.619,0.0,1.0,100.0
2018-01-04 14:00:00,1.68,1.613,639.0,True,True,True,6,ok,1.263,0.0,1.263,0.0,0.35,0.0,1.0,100.0
2018-01-04 15:00:00,1.176,1.129,491.0,True,True,False,6,cap_reached,0.0,0.0,0.0,0.0,1.129,0.0,1.0,100.0
2018-01-04 16:00:00,0.541,0.52,297.0,True,True,False,6,cap_reached,0.0,0.0,0.0,0.0,0.52,0.0,1.0,100.0
2018-01-04 17:00:00,0.186,0.179,89.0,True,True,False,6,cap_reached,0.0,0.0,0.0,0.0,0.179,0.0,1.0,100.0
2018-01-04 18:00:00,0.0,0.0,0.0,False,True,False,6,cap_reached,0.0,0.0,0.0,0.0,0.0,0.0,1.0,100.0
2018-01-04 19:00:00,0.0,0.0,0.0,False,True,False,6,cap_reached,0.0,0.0,0.0,0.0,0.0,0.0,1.0,100.0
2018-01-04 20:00:00,0.0,0.0,0.0,False,True,False,6,cap_reached,0.0,0.0,0.0,0.0,0.0,0.0,1.0,100.0
2018-01-04 21:00:00,0.0,0.0,0.0,False,True,False,6,cap_reached,0.0,0.0,0.0,0.0,0.0,0.0,1.0,100.0
2018-01-04 22:00:00,0.0,0.0,0.0,False,True,False,6,cap_reached,0.0,0.0,0.0,0.0,0.0,0.0,1.0,100.0
2018-01-04 23:00:00,0.0,0.0,0.0,False,True,False,6,cap_reached,0.0,0.0,0.0,0.0,0.0,0.0,1.0,100.0
2018-01-05 00:00:00,0.0,0.0,0.0,False,True,False,0,night,0.0,0.0,0.0,0.0,0.0,0.0,1.0,100.0
2018-01-05 01:00:00,0.0,0.0,0.0,False,True,False,0,night,0.0,0.0,0.0,0.0,0.0,0.0,1.0,100.0
2018-01-05 02:00:00,0.0,0.0,0.0,False,True,False,0,night,0.0,0.0,0.0,0.0,0.0,0.0,1.0,100.0
2018-01-05 03:00:00,0.0,0.0,0.0,False,True,False,0,night,0.0,0.0,0.0,0.0,0.0,0.0,1.0,100.0
2018-01-05 04:00:00,0.0,0.0,0.0,False,True,False,0,night,0.0,0.0,0.0,0.0,0.0,0.0,1.0,100.0
2018-01-05 05:00:00,0.0,0.0,0.0,False,True,False,0,night,0.0,0.0,0.0,0.0,0.0,0.0,1.0,100.0
2018-01-05 06:00:00,0.0,0.0,0.0,False,True,False,0,night,0.0,0.0,0.0,0.0,0.0,0.0,1.0,100.0
2018-01-05 07:00:00,0.0,0.0,0.0,False,True,False,0,night,0.0,0.0,0.0,0.0,0.0,0.0,1.0,100.0
2018-01-05 08:00:00,0.264,0.253,169.0,True,True,False,0,battery_empty,0.0,0.0,0.0,0.0,0.253,0.0,1.0,100.0
2018-01-05 09:00:00,0.891,0.855,181.0,True,True,True,1,ok,0.855,0.408,1.263,0.0,0.0,-0.429,0.571,57.1
2018-01-05 10:00:00,1.052,1.01,212.0,True,True,True,2,ok,1.01,0.253,1.263,0.0,0.0,-0.267,0.304,30.4
2018-01-05 11:00:00,1.958,1.879,442.0,True,True,True,3,ok,1.263,0.0,1.263,0.585,0.0,0.585,0.89,89.0
2018-01-05 12:00:00,2.08,1.996,470.0,True,True,True,4,ok,1.263,0.0,1.263,0.11,0.617,0.11,1.0,100.0
2018-01-05 13:00:00,1.928,1.851,713.0,True,True,True,5,ok,1.263,0.0,1.263,0.0,0.588,0.0,1.0,100.0
2018-01-05 14:00:00,1.649,1.583,628.0,True,True,True,6,ok,1.263,0.0,1.263,0.0,0.32,0.0,1.0,100.0
2018-01-05 15:00:00,1.161,1.114,482.0,True,True,False,6,cap_reached,0.0,0.0,0.0,0.0,1.114,0.0,1.0,100.0
2018-01-05 16:00:00,0.544,0.522,291.0,True,True,False,6,cap_reached,0.0,0.0,0.0,0.0,0.522,0.0,1.0,100.0
2018-01-05 17:00:00,0.19,0.182,88.0,True,True,False,6,cap_reached,0.0,0.0,0.0,0.0,0.182,0.0,1.0,100.0
2018-01-05 18:00:00,0.0,0.0,0.0,False,True,False,6,cap_reached,0.0,0.0,0.0,0.0,0.0,0.0,1.0,100.0
2018-01-05 19:00:00,0.0,0.0,0.0,False,True,False,6,cap_reached,0.0,0.0,0.0,0.0,0.0,0.0,1.0,100.0
2018-01-05 20:00:00,0.0,0.0,0.0,False,True,False,6,cap_reached,0.0,0.0,0.0,0.0,0.0,0.0,1.0,100.0
2018-01-05 21:00:00,0.0,0.0,0.0,False,True,False,6,cap_reached,0.0,0.0,0.0,0.0,0.0,0.0,1.0,100.0
2018-01-05 22:00:00,0.0,0.0,0.0,False,True,False,6,cap_reached,0.0,0.0,0.0,0.0,0.0,0.0,1.0,100.0
2018-01-05 23:00:00,0.0,0.0,0.0,False,True,False,6,cap_reached,0.0,0.0,0.0,0.0,0.0,0.0,1.0,100.0
2018-01-06 00:00:00,0.0,0.0,0.0,False,True,False,0,night,0.0,0.0,0.0,0.0,0.0,0.0,1.0,100.0
2018-01-06 01:00:00,0.0,0.0,0.0,False,True,False,0,night,0.0,0.0,0.0,0.0,0.0,0.0,1.0,100.0
2018-01-06 02:00:00,0.0,0.0,0.0,False,True,False,0,night,0.0,0.0,0.0,0.0,0.0,0.0,1.0,100.0
2018-01-06 03:00:00,0.0,0.0,0.0,False,True,False,0,night,0.0,0.0,0.0,0.0,0.0,0.0,1.0,100.0
2018-01-06 04:00:00,0.0,0.0,0.0,False,True,False,0,night,0.0,0.0,0.0,0.0,0.0,0.0,1.0,100.0
2018-01-06 05:00:00,0.0,0.0,0.0,False,True,False,0,night,0.0,0.0,0.0,0.0,0.0,0.0,1.0,100.0
2018-01-06 06:00:00,0.0,0.0,0.0,False,True,False,0,night,0.0,0.0,0.0,0.0,0.0,0.0,1.0,100.0
2018-01-06 07:00:00,0.0,0.0,0.0,False,True,False,0,night,0.0,0.0,0.0,0.0,0.0,0.0,1.0,100.0
2018-01-06 08:00:00,0.287,0.276,164.0,True,True,False,0,battery_empty,0.0,0.0,0.0,0.0,0.276,0.0,1.0,100.0
2018-01-06 09:00:00,0.812,0.78,368.0,True,True,True,1,ok,0.78,0.483,1.263,0.0,0.0,-0.508,0.492,49.2
2018-01-06 10:00:00,1.382,1.326,544.0,True,True,True,2,ok,1.263,0.0,1.263,0.06,0.0,0.06,0.552,55.2
2018-01-06 11:00:00,1.784,1.712,666.0,True,True,True,3,ok,1.263,0.0,1.263,0.427,0.0,0.427,0.979,97.9
2018-01-06 12:00:00,1.976,1.897,723.0,True,True,True,4,ok,1.263,0.0,1.263,0.021,0.611,0.021,1.0,100.0
2018-01-06 13:00:00,1.922,1.845,707.0,True,True,True,5,ok,1.263,0.0,1.263,0.0,0.582,0.0,1.0,100.0
2018-01-06 14:00:00,1.838,1.765,415.0,True,True,True,6,ok,1.263,0.0,1.263,0.0,0.502,0.0,1.0,100.0
2018-01-06 15:00:00,1.17,1.123,480.0,True,True,False,6,cap_reached,0.0,0.0,0.0,0.0,1.123,0.0,1.0,100.0
2018-01-06 16:00:00,0.559,0.537,290.0,True,True,False,6,cap_reached,0.0,0.0,0.0,0.0,0.537,0.0,1.0,100.0
2018-01-06 17:00:00,0.307,0.295,62.0,True,True,False,6,cap_reached,0.0,0.0,0.0,0.0,0.295,0.0,1.0,100.0
2018-01-06 18:00:00,0.0,0.0,0.0,False,True,False,6,cap_reached,0.0,0.0,0.0,0.0,0.0,0.0,1.0,100.0
2018-01-06 19:00:00,0.0,0.0,0.0,False,True,False,6,cap_reached,0.0,0.0,0.0,0.0,0.0,0.0,1.0,100.0
2018-01-06 20:00:00,0.0,0.0,0.0,False,True,False,6,cap_reached,0.0,0.0,0.0,0.0,0.0,0.0,1.0,100.0
2018-01-06 21:00:00,0.0,0.0,0.0,False,True,False,6,cap_reached,0.0,0.0,0.0,0.0,0.0,0.0,1.0,100.0
2018-01-06 22:00:00,0.0,0.0,0.0,False,True,False,6,cap_reached,0.0,0.0,0.0,0.0,0.0,0.0,1.0,100.0
2018-01-06 23:00:00,0.0,0.0,0.0,False,True,False,6,cap_reached,0.0,0.0,0.0,0.0,0.0,0.0,1.0,100.0
2018-01-07 00:00:00,0.0,0.0,0.0,False,True,False,0,night,0.0,0.0,0.0,0.0,0.0,0.0,1.0,100.0
2018-01-07 01:00:00,0.0,0.0,0.0,False,True,False,0,night,0.0,0.0,0.0,0.0,0.0,0.0,1.0,100.0
2018-01-07 02:00:00,0.0,0.0,0.0,False,True,False,0,night,0.0,0.0,0.0,0.0,0.0,0.0,1.0,100.0
2018-01-07 03:00:00,0.0,0.0,0.0,False,True,False,0,night,0.0,0.0,0.0,0.0,0.0,0.0,1.0,100.0
2018-01-07 04:00:00,0.0,0.0,0.0,False,True,False,0,night,0.0,0.0,0.0,0.0,0.0,0.0,1.0,100.0
2018-01-07 05:00:00,0.0,0.0,0.0,False,True,False,0,night,0.0,0.0,0.0,0.0,0.0,0.0,1.0,100.0
2018-01-07 06:00:00,0.0,0.0,0.0,False,True,False,0,night,0.0,0.0,0.0,0.0,0.0,0.0,1.0,100.0
2018-01-07 07:00:00,0.0,0.0,0.0,False,True,False,0,night,0.0,0.0,0.0,0.0,0.0,0.0,1.0,100.0
2018-01-07 08:00:00,0.277,0.266,163.0,True,True,False,0,battery_empty,0.0,0.0,0.0,0.0,0.266,0.0,1.0,100.0
2018-01-07 09:00:00,0.915,0.879,189.0,True,True,True,1,ok,0.879,0.384,1.263,0.0,0.0,-0.404,0.596,59.6
2018-01-07 10:00:00,1.208,1.159,251.0,True,True,True,2,ok,1.159,0.104,1.263,0.0,0.0,-0.109,0.486,48.6
2018-01-07 11:00:00,1.812,1.739,401.0,True,True,True,3,ok,1.263,0.0,1.263,0.452,0.0,0.452,0.939,93.9
2018-01-07 12:00:00,1.365,1.31,280.0,True,True,True,4,ok,1.263,0.0,1.263,0.045,0.0,0.045,0.983,98.3
2018-01-07 13:00:00,0.611,0.587,123.0,True,True,True,5,ok,0.587,0.676,1.263,0.0,0.0,-0.712,0.272,27.2
2018-01-07 14:00:00,1.631,1.565,629.0,True,True,True,6,ok,1.263,0.0,1.263,0.287,0.0,0.287,0.559,55.9
2018-01-07 15:00:00,1.154,1.108,483.0,True,True,False,6,cap_reached,0.0,0.0,0.0,0.441,0.644,0.441,1.0,100.0
2018-01-07 16:00:00,0.557,0.534,292.0,True,True,False,6,cap_reached,0.0,0.0,0.0,0.0,0.534,0.0,1.0,100.0
2018-01-07 17:00:00,0.198,0.19,89.0,True,True,False,6,cap_reached,0.0,0.0,0.0,0.0,0.19,0.0,1.0,100.0
2018-01-07 18:00:00,0.0,0.0,0.0,False,True,False,6,cap_reached,0.0,0.0,0.0,0.0,0.0,0.0,1.0,100.0
2018-01-07 19:00:00,0.0,0.0,0.0,False,True,False,6,cap_reached,0.0,0.0,0.0,0.0,0.0,0.0,1.0,100.0
2018-01-07 20:00:00,0.0,0.0,0.0,False,True,False,6,cap_reached,0.0,0.0,0.0,0.0,0.0,0.0,1.0,100.0
2018-01-07 21:00:00,0.0,0.0,0.0,False,True,False,6,cap_reached,0.0,0.0,0.0,0.0,0.0,0.0,1.0,100.0
2018-01-07 22:00:00,0.0,0.0,0.0,False,True,False,6,cap_reached,0.0,0.0,0.0,0.0,0.0,0.0,1.0,100.0
2018-01-07 23:00:00,0.0,0.0,0.0,False,True,False,6,cap_reached,0.0,0.0,0.0,0.0,0.0,0.0,1.0,100.0
2018-01-08 00:00:00,0.0,0.0,0.0,False,True,False,0,night,0.0,0.0,0.0,0.0,0.0,0.0,1.0,100.0
2018-01-08 01:00:00,0.0,0.0,0.0,False,True,False,0,night,0.0,0.0,0.0,0.0,0.0,0.0,1.0,100.0
2018-01-08 02:00:00,0.0,0.0,0.0,False,True,False,0,night,0.0,0.0,0.0,0.0,0.0,0.0,1.0,100.0
2018-01-08 03:00:00,0.0,0.0,0.0,False,True,False,0,night,0.0,0.0,0.0,0.0,0.0,0.0,1.0,100.0
2018-01-08 04:00:00,0.0,0.0,0.0,False,True,False,0,night,0.0,0.0,0.0,0.0,0.0,0.0,1.0,100.0
2018-01-08 05:00:00,0.0,0.0,0.0,False,True,False,0,night,0.0,0.0,0.0,0.0,0.0,0.0,1.0,100.0
2018-01-08 06:00:00,0.0,0.0,0.0,False,True,False,0,night,0.0,0.0,0.0,0.0,0.0,0.0,1.0,100.0
2018-01-08 07:00:00,0.0,0.0,0.0,False,True,False,0,night,0.0,0.0,0.0,0.0,0.0,0.0,1.0,100.0
2018-01-08 08:00:00,0.304,0.292,151.0,True,True,False,0,battery_empty,0.0,0.0,0.0,0.0,0.292,0.0,1.0,100.0
2018-01-08 09:00:00,0.957,0.918,200.0,True,True,True,1,ok,0.918,0.345,1.263,0.0,0.0,-0.363,0.637,63.7
2018-01-08 10:00:00,1.219,1.17,255.0,True,True,True,2,ok,1.17,0.093,1.263,0.0,0.0,-0.098,0.539,53.9
2018-01-08 11:00:00,1.329,1.275,274.0,True,True,True,3,ok,1.263,0.0,1.263,0.012,0.0,0.012,0.551,55.1
2018-01-08 12:00:00,1.227,1.178,252.0,True,True,True,4,ok,1.178,0.085,1.263,0.0,0.0,-0.089,0.462,46.2
2018-01-08 13:00:00,1.108,1.063,226.0,True,True,True,5,ok,1.063,0.2,1.263,0.0,0.0,-0.21,0.251,25.1
2018-01-08 14:00:00,0.827,0.794,169.0,True,True,False,5,battery_empty,0.0,0.0,0.0,0.749,0.006,0.749,1.0,100.0
2018-01-08 15:00:00,0.383,0.368,77.0,True,True,False,5,battery_empty,0.0,0.0,0.0,0.0,0.368,0.0,1.0,100.0
2018-01-08 16:00:00,0.239,0.23,48.0,True,True,False,5,battery_empty,0.0,0.0,0.0,0.0,0.23,0.0,1.0,100.0
2018-01-08 17:00:00,0.236,0.227,81.0,True,True,False,5,battery_empty,0.0,0.0,0.0,0.0,0.227,0.0,1.0,100.0
2018-01-08 18:00:00,0.0,0.0,0.0,False,True,False,5,night,0.0,0.0,0.0,0.0,0.0,0.0,1.0,100.0
2018-01-08 19:00:00,0.0,0.0,0.0,False,True,False,5,night,0.0,0.0,0.0,0.0,0.0,0.0,1.0,100.0
2018-01-08 20:00:00,0.0,0.0,0.0,False,True,False,5,night,0.0,0.0,0.0,0.0,0.0,0.0,1.0,100.0
2018-01-08 21:00:00,0.0,0.0,0.0,False,True,False,5,night,0.0,0.0,0.0,0.0,0.0,0.0,1.0,100.0
2018-01-08 22:00:00,0.0,0.0,0.0,False,True,False,5,night,0.0,0.0,0.0,0.0,0.0,0.0,1.0,100.0
2018-01-08 23:00:00,0.0,0.0,0.0,False,True,False,5,night,0.0,0.0,0.0,0.0,0.0,0.0,1.0,100.0
2018-01-09 00:00:00,0.0,0.0,0.0,False,True,False,0,night,0.0,0.0,0.0,0.0,0.0,0.0,1.0,100.0
2018-01-09 01:00:00,0.0,0.0,0.0,False,True,False,0,night,0.0,0.0,0.0,0.0,0.0,0.0,1.0,100.0
2018-01-09 02:00:00,0.0,0.0,0.0,False,True,False,0,night,0.0,0.0,0.0,0.0,0.0,0.0,1.0,100.0
2018-01-09 03:00:00,0.0,0.0,0.0,False,True,False,0,night,0.0,0.0,0.0,0.0,0.0,0.0,1.0,100.0
2018-01-09 04:00:00,0.0,0.0,0.0,False,True,False,0,night,0.0,0.0,0.0,0.0,0.0,0.0,1.0,100.0
2018-01-09 05:00:00,0.0,0.0,0.0,False,True,False,0,night,0.0,0.0,0.0,0.0,0.0,0.0,1.0,100.0
2018-01-09 06:00:00,0.0,0.0,0.0,False,True,False,0,night,0.0,0.0,0.0,0.0,0.0,0.0,1.0,100.0
2018-01-09 07:00:00,0.0,0.0,0.0,False,True,False,0,night,0.0,0.0,0.0,0.0,0.0,0.0,1.0,100.0
2018-01-09 08:00:00,0.2,0.192,40.0,True,True,False,0,battery_empty,0.0,0.0,0.0,0.0,0.192,0.0,1.0,100.0
2018-01-09 09:00:00,0.671,0.644,141.0,True,True,True,1,ok,0.644,0.619,1.263,0.0,0.0,-0.651,0.349,34.9
2018-01-09 10:00:00,0.06,0.058,12.0,False,True,False,1,night,0.0,0.0,0.0,0.055,0.0,0.055,0.403,40.3
2018-01-09 11:00:00,0.085,0.081,17.0,False,True,False,1,night,0.0,0.0,0.0,0.077,0.0,0.077,0.481,48.1
2018-01-09 12:00:00,0.406,0.39,82.0,True,True,False,1,battery_empty,0.0,0.0,0.0,0.37,0.0,0.37,0.851,85.1
2018-01-09 13:00:00,0.757,0.727,155.0,True,True,True,2,ok,0.727,0.536,1.263,0.0,0.0,-0.564,0.287,28.7
2018-01-09 14:00:00,0.763,0.732,156.0,True,True,False,2,battery_empty,0.0,0.0,0.0,0.696,0.0,0.696,0.982,98.2
2018-01-09 15:00:00,0.586,0.563,119.0,True,True,True,3,ok,0.563,0.7,1.263,0.0,0.0,-0.737,0.245,24.5
2018-01-09 16:00:00,0.16,0.153,32.0,True,True,False,3,battery_empty,0.0,0.0,0.0,0.146,0.0,0.146,0.391,39.1
2018-01-09 17:00:00,0.135,0.13,27.0,True,True,False,3,battery_empty,0.0,0.0,0.0,0.123,0.0,0.123,0.514,51.4
2018-01-09 18:00:00,0.0,0.0,0.0,False,True,False,3,night,0.0,0.0,0.0,0.0,0.0,0.0,0.514,51.4
2018-01-09 19:00:00,0.0,0.0,0.0,False,True,False,3,night,0.0,0.0,0.0,0.0,0.0,0.0,0.514,51.4
2018-01-09 20:00:00,0.0,0.0,0.0,False,True,False,3,night,0.0,0.0,0.0,0.0,0.0,0.0,0.514,51.4
2018-01-09 21:00:00,0.0,0.0,0.0,False,True,False,3,night,0.0,0.0,0.0,0.0,0.0,0.0,0.514,51.4
2018-01-09 22:00:00,0.0,0.0,0.0,False,True,False,3,night,0.0,0.0,0.0,0.0,0.0,0.0,0.514,51.4
2018-01-09 23:00:00,0.0,0.0,0.0,False,True,False,3,night,0.0,0.0,0.0,0.0,0.0,0.0,0.514,51.4
2018-01-10 00:00:00,0.0,0.0,0.0,False,True,False,0,night,0.0,0.0,0.0,0.0,0.0,0.0,0.514,51.4
2018-01-10 01:00:00,0.0,0.0,0.0,False,True,False,0,night,0.0,0.0,0.0,0.0,0.0,0.0,0.514,51.4
2018-01-10 02:00:00,0.0,0.0,0.0,False,True,False,0,night,0.0,0.0,0.0,0.0,0.0,0.0,0.514,51.4
2018-01-10 03:00:00,0.0,0.0,0.0,False,True,False,0,night,0.0,0.0,0.0,0.0,0.0,0.0,0.514,51.4
2018-01-10 04:00:00,0.0,0.0,0.0,False,True,False,0,night,0.0,0.0,0.0,0.0,0.0,0.0,0.514,51.4
2018-01-10 05:00:00,0.0,0.0,0.0,False,True,False,0,night,0.0,0.0,0.0,0.0,0.0,0.0,0.514,51.4
2018-01-10 06:00:00,0.0,0.0,0.0,False,True,False,0,night,0.0,0.0,0.0,0.0,0.0,0.0,0.514,51.4
2018-01-10 07:00:00,0.0,0.0,0.0,False,True,False,0,night,0.0,0.0,0.0,0.0,0.0,0.0,0.514,51.4
2018-01-10 08:00:00,0.161,0.154,32.0,True,True,False,0,battery_empty,0.0,0.0,0.0,0.147,0.0,0.147,0.661,66.1
2018-01-10 09:00:00,0.196,0.188,39.0,True,True,False,0,battery_empty,0.0,0.0,0.0,0.178,0.0,0.178,0.839,83.9
2018-01-10 10:00:00,0.46,0.442,92.0,True,True,False,0,battery_empty,0.0,0.0,0.0,0.161,0.272,0.161,1.0,100.0
2018-01-10 11:00:00,0.579,0.555,117.0,True,True,True,1,ok,0.555,0.708,1.263,0.0,0.0,-0.745,0.255,25.5
2018-01-10 12:00:00,0.211,0.202,42.0,True,True,False,1,battery_empty,0.0,0.0,0.0,0.192,0.0,0.192,0.447,44.7
2018-01-10 13:00:00,0.191,0.183,38.0,True,True,False,1,battery_empty,0.0,0.0,0.0,0.174,0.0,0.174,0.621,62.1
2018-01-10 14:00:00,0.206,0.197,41.0,True,True,False,1,battery_empty,0.0,0.0,0.0,0.188,0.0,0.188,0.809,80.9
2018-01-10 15:00:00,0.101,0.096,20.0,True,True,False,1,battery_empty,0.0,0.0,0.0,0.092,0.0,0.092,0.9,90.0
2018-01-10 16:00:00,0.111,0.106,22.0,True,True,False,1,battery_empty,0.0,0.0,0.0,0.1,0.001,0.1,1.0,100.0
2018-01-10 17:00:00,0.131,0.125,26.0,True,True,False,1,battery_empty,0.0,0.0,0.0,0.0,0.125,0.0,1.0,100.0
2018-01-10 18:00:00,0.0,0.0,0.0,False,True,False,1,night,0.0,0.0,0.0,0.0,0.0,0.0,1.0,100.0
2018-01-10 19:00:00,0.0,0.0,0.0,False,True,False,1,night,0.0,0.0,0.0,0.0,0.0,0.0,1.0,100.0
2018-01-10 20:00:00,0.0,0.0,0.0,False,True,False,1,night,0.0,0.0,0.0,0.0,0.0,0.0,1.0,100.0
2018-01-10 21:00:00,0.0,0.0,0.0,False,True,False,1,night,0.0,0.0,0.0,0.0,0.0,0.0,1.0,100.0
2018-01-10 22:00:00,0.0,0.0,0.0,False,True,False,1,night,0.0,0.0,0.0,0.0,0.0,0.0,1.0,100.0
2018-01-10 23:00:00,0.0,0.0,0.0,False,True,False,1,night,0.0,0.0,0.0,0.0,0.0,0.0,1.0,100.0
2018-01-11 00:00:00,0.0,0.0,0.0,False,True,False,0,night,0.0,0.0,0.0,0.0,0.0,0.0,1.0,100.0
2018-01-11 01:00:00,0.0,0.0,0.0,False,True,False,0,night,0.0,0.0,0.0,0.0,0.0,0.0,1.0,100.0
2018-01-11 02:00:00,0.0,0.0,0.0,False,True,False,0,night,0.0,0.0,0.0,0.0,0.0,0.0,1.0,100.0
2018-01-11 03:00:00,0.0,0.0,0.0,False,True,False,0,night,0.0,0.0,0.0,0.0,0.0,0.0,1.0,100.0
2018-01-11 04:00:00,0.0,0.0,0.0,False,True,False,0,night,0.0,0.0,0.0,0.0,0.0,0.0,1.0,100.0
2018-01-11 05:00:00,0.0,0.0,0.0,False,True,False,0,night,0.0,0.0,0.0,0.0,0.0,0.0,1.0,100.0
2018-01-11 06:00:00,0.0,0.0,0.0,False,True,False,0,night,0.0,0.0,0.0,0.0,0.0,0.0,1.0,100.0
2018-01-11 07:00:00,0.0,0.0,0.0,False,True,False,0,night,0.0,0.0,0.0,0.0,0.0,0.0,1.0,100.0
2018-01-11 08:00:00,0.239,0.23,155.0,True,True,False,0,battery_empty,0.0,0.0,0.0,0.0,0.23,0.0,1.0,100.0
2018-01-11 09:00:00,0.764,0.734,351.0,True,True,True,1,ok,0.734,0.529,1.263,0.0,0.0,-0.557,0.443,44.3
2018-01-11 10:00:00,1.304,1.251,525.0,True,True,True,2,ok,1.251,0.012,1.263,0.0,0.0,-0.012,0.431,43.1
2018-01-11 11:00:00,1.435,1.377,302.0,True,True,True,3,ok,1.263,0.0,1.263,0.109,0.0,0.109,0.539,53.9
2018-01-11 12:00:00,0.1,0.096,20.0,False,True,False,3,night,0.0,0.0,0.0,0.091,0.0,0.091,0.63,63.0
2018-01-11 13:00:00,1.863,1.789,692.0,True,True,True,4,ok,1.263,0.0,1.263,0.37,0.137,0.37,1.0,100.0
2018-01-11 14:00:00,1.603,1.539,614.0,True,True,True,5,ok,1.263,0.0,1.263,0.0,0.276,0.0,1.0,100.0
2018-01-11 15:00:00,1.118,1.073,248.0,True,True,True,6,ok,1.073,0.19,1.263,0.0,0.0,-0.2,0.8,80.0
2018-01-11 16:00:00,0.05,0.048,10.0,False,True,False,6,cap_reached,0.0,0.0,0.0,0.046,0.0,0.046,0.846,84.6
2018-01-11 17:00:00,0.168,0.161,97.0,True,True,False,6,cap_reached,0.0,0.0,0.0,0.153,0.0,0.153,0.999,99.9
2018-01-11 18:00:00,0.0,0.0,0.0,False,True,False,6,cap_reached,0.0,0.0,0.0,0.0,0.0,0.0,0.999,99.9
2018-01-11 19:00:00,0.0,0.0,0.0,False,True,False,6,cap_reached,0.0,0.0,0.0,0.0,0.0,0.0,0.999,99.9
2018-01-11 20:00:00,0.0,0.0,0.0,False,True,False,6,cap_reached,0.0,0.0,0.0,0.0,0.0,0.0,0.999,99.9
2018-01-11 21:00:00,0.0,0.0,0.0,False,True,False,6,cap_reached,0.0,0.0,0.0,0.0,0.0,0.0,0.999,99.9
2018-01-11 22:00:00,0.0,0.0,0.0,False,True,False,6,cap_reached,0.0,0.0,0.0,0.0,0.0,0.0,0.999,99.9
2018-01-11 23:00:00,0.0,0.0,0.0,False,True,False,6,cap_reached,0.0,0.0,0.0,0.0,0.0,0.0,0.999,99.9
2018-01-12 00:00:00,0.0,0.0,0.0,False,True,False,0,night,0.0,0.0,0.0,0.0,0.0,0.0,0.999,99.9
2018-01-12 01:00:00,0.0,0.0,0.0,False,True,False,0,night,0.0,0.0,0.0,0.0,0.0,0.0,0.999,99.9
2018-01-12 02:00:00,0.0,0.0,0.0,False,True,False,0,night,0.0,0.0,0.0,0.0,0.0,0.0,0.999,99.9
2018-01-12 03:00:00,0.0,0.0,0.0,False,True,False,0,night,0.0,0.0,0.0,0.0,0.0,0.0,0.999,99.9
2018-01-12 04:00:00,0.0,0.0,0.0,False,True,False,0,night,0.0,0.0,0.0,0.0,0.0,0.0,0.999,99.9
2018-01-12 05:00:00,0.0,0.0,0.0,False,True,False,0,night,0.0,0.0,0.0,0.0,0.0,0.0,0.999,99.9
2018-01-12 06:00:00,0.0,0.0,0.0,False,True,False,0,night,0.0,0.0,0.0,0.0,0.0,0.0,0.999,99.9
2018-01-12 07:00:00,0.0,0.0,0.0,False,True,False,0,night,0.0,0.0,0.0,0.0,0.0,0.0,0.999,99.9
2018-01-12 08:00:00,0.254,0.244,155.0,True,True,False,0,battery_empty,0.0,0.0,0.0,0.001,0.243,0.001,1.0,100.0
2018-01-12 09:00:00,0.778,0.747,354.0,True,True,True,1,ok,0.747,0.516,1.263,0.0,0.0,-0.543,0.457,45.7
2018-01-12 10:00:00,1.328,1.275,527.0,True,True,True,2,ok,1.263,0.0,1.263,0.011,0.0,0.011,0.468,46.8
2018-01-12 11:00:00,1.32,1.267,275.0,True,True,True,3,ok,1.263,0.0,1.263,0.004,0.0,0.004,0.472,47.2
2018-01-12 12:00:00,1.914,1.837,703.0,True,True,True,4,ok,1.263,0.0,1.263,0.528,0.018,0.528,1.0,100.0
2018-01-12 13:00:00,1.882,1.807,692.0,True,True,True,5,ok,1.263,0.0,1.263,0.0,0.544,0.0,1.0,100.0
2018-01-12 14:00:00,1.626,1.561,614.0,True,True,True,6,ok,1.263,0.0,1.263,0.0,0.298,0.0,1.0,100.0
2018-01-12 15:00:00,1.4,1.344,316.0,True,True,False,6,cap_reached,0.0,0.0,0.0,0.0,1.344,0.0,1.0,100.0
2018-01-12 16:00:00,0.586,0.562,294.0,True,True,False,6,cap_reached,0.0,0.0,0.0,0.0,0.562,0.0,1.0,100.0
2018-01-12 17:00:00,0.187,0.18,97.0,True,True,False,6,cap_reached,0.0,0.0,0.0,0.0,0.18,0.0,1.0,100.0
2018-01-12 18:00:00,0.0,0.0,0.0,False,True,False,6,cap_reached,0.0,0.0,0.0,0.0,0.0,0.0,1.0,100.0
2018-01-12 19:00:00,0.0,0.0,0.0,False,True,False,6,cap_reached,0.0,0.0,0.0,0.0,0.0,0.0,1.0,100.0
2018-01-12 20:00:00,0.0,0.0,0.0,False,True,False,6,cap_reached,0.0,0.0,0.0,0.0,0.0,0.0,1.0,100.0
2018-01-12 21:00:00,0.0,0.0,0.0,False,True,False,6,cap_reached,0.0,0.0,0.0,0.0,0.0,0.0,1.0,100.0
2018-01-12 22:00:00,0.0,0.0,0.0,False,True,False,6,cap_reached,0.0,0.0,0.0,0.0,0.0,0.0,1.0,100.0
2018-01-12 23:00:00,0.0,0.0,0.0,False,True,False,6,cap_reached,0.0,0.0,0.0,0.0,0.0,0.0,1.0,100.0
2018-01-13 00:00:00,0.0,0.0,0.0,False,True,False,0,night,0.0,0.0,0.0,0.0,0.0,0.0,1.0,100.0
2018-01-13 01:00:00,0.0,0.0,0.0,False,True,False,0,night,0.0,0.0,0.0,0.0,0.0,0.0,1.0,100.0
2018-01-13 02:00:00,0.0,0.0,0.0,False,True,False,0,night,0.0,0.0,0.0,0.0,0.0,0.0,1.0,100.0
2018-01-13 03:00:00,0.0,0.0,0.0,False,True,False,0,night,0.0,0.0,0.0,0.0,0.0,0.0,1.0,100.0
2018-01-13 04:00:00,0.0,0.0,0.0,False,True,False,0,night,0.0,0.0,0.0,0.0,0.0,0.0,1.0,100.0
2018-01-13 05:00:00,0.0,0.0,0.0,False,True,False,0,night,0.0,0.0,0.0,0.0,0.0,0.0,1.0,100.0
2018-01-13 06:00:00,0.0,0.0,0.0,False,True,False,0,night,0.0,0.0,0.0,0.0,0.0,0.0,1.0,100.0
2018-01-13 07:00:00,0.0,0.0,0.0,False,True,False,0,night,0.0,0.0,0.0,0.0,0.0,0.0,1.0,100.0
2018-01-13 08:00:00,0.269,0.258,152.0,True,True,False,0,battery_empty,0.0,0.0,0.0,0.0,0.258,0.0,1.0,100.0
2018-01-13 09:00:00,0.8,0.768,349.0,True,True,True,1,ok,0.768,0.495,1.263,0.0,0.0,-0.521,0.479,47.9
2018-01-13 10:00:00,1.335,1.281,525.0,True,True,True,2,ok,1.263,0.0,1.263,0.017,0.0,0.017,0.496,49.6
2018-01-13 11:00:00,1.736,1.667,646.0,True,True,True,3,ok,1.263,0.0,1.263,0.384,0.0,0.384,0.88,88.0
2018-01-13 12:00:00,0.796,0.764,163.0,True,True,True,4,ok,0.764,0.499,1.263,0.0,0.0,-0.525,0.355,35.5
2018-01-13 13:00:00,0.441,0.423,89.0,True,True,False,4,battery_empty,0.0,0.0,0.0,0.402,0.0,0.402,0.757,75.7
2018-01-13 14:00:00,1.282,1.23,267.0,True,True,True,5,ok,1.23,0.033,1.263,0.0,0.0,-0.034,0.722,72.2
2018-01-13 15:00:00,1.22,1.171,466.0,True,True,True,6,ok,1.171,0.092,1.263,0.0,0.0,-0.096,0.626,62.6
2018-01-13 16:00:00,0.666,0.639,282.0,True,True,False,6,cap_reached,0.0,0.0,0.0,0.374,0.246,0.374,1.0,100.0
2018-01-13 17:00:00,0.257,0.246,90.0,True,True,False,6,cap_reached,0.0,0.0,0.0,0.0,0.246,0.0,1.0,100.0
2018-01-13 18:00:00,0.0,0.0,0.0,False,True,False,6,cap_reached,0.0,0.0,0.0,0.0,0.0,0.0,1.0,100.0
2018-01-13 19:00:00,0.0,0.0,0.0,False,True,False,6,cap_reached,0.0,0.0,0.0,0.0,0.0,0.0,1.0,100.0
2018-01-13 20:00:00,0.0,0.0,0.0,False,True,False,6,cap_reached,0.0,0.0,0.0,0.0,0.0,0.0,1.0,100.0
2018-01-13 21:00:00,0.0,0.0,0.0,False,True,False,6,cap_reached,0.0,0.0,0.0,0.0,0.0,0.0,1.0,100.0
2018-01-13 22:00:00,0.0,0.0,0.0,False,True,False,6,cap_reached,0.0,0.0,0.0,0.0,0.0,0.0,1.0,100.0
2018-01-13 23:00:00,0.0,0.0,0.0,False,True,False,6,cap_reached,0.0,0.0,0.0,0.0,0.0,0.0,1.0,100.0
2018-01-14 00:00:00,0.0,0.0,0.0,False,True,False,0,night,0.0,0.0,0.0,0.0,0.0,0.0,1.0,100.0
2018-01-14 01:00:00,0.0,0.0,0.0,False,True,False,0,night,0.0,0.0,0.0,0.0,0.0,0.0,1.0,100.0
2018-01-14 02:00:00,0.0,0.0,0.0,False,True,False,0,night,0.0,0.0,0.0,0.0,0.0,0.0,1.0,100.0
2018-01-14 03:00:00,0.0,0.0,0.0,False,True,False,0,night,0.0,0.0,0.0,0.0,0.0,0.0,1.0,100.0
2018-01-14 04:00:00,0.0,0.0,0.0,False,True,False,0,night,0.0,0.0,0.0,0.0,0.0,0.0,1.0,100.0
2018-01-14 05:00:00,0.0,0.0,0.0,False,True,False,0,night,0.0,0.0,0.0,0.0,0.0,0.0,1.0,100.0
2018-01-14 06:00:00,0.0,0.0,0.0,False,True,False,0,night,0.0,0.0,0.0,0.0,0.0,0.0,1.0,100.0
2018-01-14 07:00:00,0.0,0.0,0.0,False,True,False,0,night,0.0,0.0,0.0,0.0,0.0,0.0,1.0,100.0
2018-01-14 08:00:00,0.305,0.293,152.0,True,True,False,0,battery_empty,0.0,0.0,0.0,0.0,0.293,0.0,1.0,100.0
2018-01-14 09:00:00,0.405,0.389,81.0,True,True,False,0,battery_empty,0.0,0.0,0.0,0.0,0.389,0.0,1.0,100.0
2018-01-14 10:00:00,0.843,0.809,170.0,True,True,True,1,ok,0.809,0.454,1.263,0.0,0.0,-0.478,0.522,52.2
2018-01-14 11:00:00,0.817,0.784,165.0,True,True,False,1,battery_empty,0.0,0.0,0.0,0.478,0.281,0.478,1.0,100.0
2018-01-14 12:00:00,1.808,1.736,398.0,True,True,True,2,ok,1.263,0.0,1.263,0.0,0.473,0.0,1.0,100.0
2018-01-14 13:00:00,1.379,1.324,283.0,True,True,True,3,ok,1.263,0.0,1.263,0.0,0.061,0.0,1.0,100.0
2018-01-14 14:00:00,1.212,1.164,247.0,True,True,True,4,ok,1.164,0.099,1.263,0.0,0.0,-0.105,0.895,89.5
2018-01-14 15:00:00,0.992,0.953,202.0,True,True,True,5,ok,0.953,0.31,1.263,0.0,0.0,-0.327,0.569,56.9
2018-01-14 16:00:00,0.665,0.639,301.0,True,True,False,5,battery_empty,0.0,0.0,0.0,0.431,0.185,0.431,1.0,100.0
2018-01-14 17:00:00,0.229,0.22,101.0,True,True,False,5,battery_empty,0.0,0.0,0.0,0.0,0.22,0.0,1.0,100.0
2018-01-14 18:00:00,0.0,0.0,0.0,False,True,False,5,night,0.0,0.0,0.0,0.0,0.0,0.0,1.0,100.0
2018-01-14 19:00:00,0.0,0.0,0.0,False,True,False,5,night,0.0,0.0,0.0,0.0,0.0,0.0,1.0,100.0
2018-01-14 20:00:00,0.0,0.0,0.0,False,True,False,5,night,0.0,0.0,0.0,0.0,0.0,0.0,1.0,100.0
2018-01-14 21:00:00,0.0,0.0,0.0,False,True,False,5,night,0.0,0.0,0.0,0.0,0.0,0.0,1.0,100.0
2018-01-14 22:00:00,0.0,0.0,0.0,False,True,False,5,night,0.0,0.0,0.0,0.0,0.0,0.0,1.0,100.0
2018-01-14 23:00:00,0.0,0.0,0.0,False,True,False,5,night,0.0,0.0,0.0,0.0,0.0,0.0,1.0,100.0
2018-01-15 00:00:00,0.0,0.0,0.0,False,True,False,0,night,0.0,0.0,0.0,0.0,0.0,0.0,1.0,100.0
2018-01-15 01:00:00,0.0,0.0,0.0,False,True,False,0,night,0.0,0.0,0.0,0.0,0.0,0.0,1.0,100.0
2018-01-15 02:00:00,0.0,0.0,0.0,False,True,False,0,night,0.0,0.0,0.0,0.0,0.0,0.0,1.0,100.0
2018-01-15 03:00:00,0.0,0.0,0.0,False,True,False,0,night,0.0,0.0,0.0,0.0,0.0,0.0,1.0,100.0
2018-01-15 04:00:00,0.0,0.0,0.0,False,True,False,0,night,0.0,0.0,0.0,0.0,0.0,0.0,1.0,100.0
2018-01-15 05:00:00,0.0,0.0,0.0,False,True,False,0,night,0.0,0.0,0.0,0.0,0.0,0.0,1.0,100.0
2018-01-15 06:00:00,0.0,0.0,0.0,False,True,False,0,night,0.0,0.0,0.0,0.0,0.0,0.0,1.0,100.0
2018-01-15 07:00:00,0.0,0.0,0.0,False,True,False,0,night,0.0,0.0,0.0,0.0,0.0,0.0,1.0,100.0
2018-01-15 08:00:00,0.518,0.498,107.0,True,True,True,1,ok,0.498,0.765,1.263,0.0,0.0,-0.806,0.194,19.4
2018-01-15 09:00:00,1.06,1.017,303.0,True,True,False,1,battery_empty,0.0,0.0,0.0,0.806,0.169,0.806,1.0,100.0
2018-01-15 10:00:00,1.587,1.524,347.0,True,True,True,2,ok,1.263,0.0,1.263,0.0,0.261,0.0,1.0,100.0
2018-01-15 11:00:00,1.885,1.809,646.0,True,True,True,3,ok,1.263,0.0,1.263,0.0,0.546,0.0,1.0,100.0
2018-01-15 12:00:00,1.828,1.755,401.0,True,True,True,4,ok,1.263,0.0,1.263,0.0,0.492,0.0,1.0,100.0
2018-01-15 13:00:00,1.587,1.524,333.0,True,True,True,5,ok,1.263,0.0,1.263,0.0,0.261,0.0,1.0,100.0
2018-01-15 14:00:00,1.811,1.739,516.0,True,True,True,6,ok,1.263,0.0,1.263,0.0,0.476,0.0,1.0,100.0
2018-01-15 15:00:00,1.146,1.1,254.0,True,True,False,6,cap_reached,0.0,0.0,0.0,0.0,1.1,0.0,1.0,100.0
2018-01-15 16:00:00,0.916,0.88,229.0,True,True,False,6,cap_reached,0.0,0.0,0.0,0.0,0.88,0.0,1.0,100.0
2018-01-15 17:00:00,0.31,0.298,63.0,True,True,False,6,cap_reached,0.0,0.0,0.0,0.0,0.298,0.0,1.0,100.0
2018-01-15 18:00:00,0.0,0.0,0.0,False,True,False,6,cap_reached,0.0,0.0,0.0,0.0,0.0,0.0,1.0,100.0
2018-01-15 19:00:00,0.0,0.0,0.0,False,True,False,6,cap_reached,0.0,0.0,0.0,0.0,0.0,0.0,1.0,100.0
2018-01-15 20:00:00,0.0,0.0,0.0,False,True,False,6,cap_reached,0.0,0.0,0.0,0.0,0.0,0.0,1.0,100.0
2018-01-15 21:00:00,0.0,0.0,0.0,False,True,False,6,cap_reached,0.0,0.0,0.0,0.0,0.0,0.0,1.0,100.0
2018-01-15 22:00:00,0.0,0.0,0.0,False,True,False,6,cap_reached,0.0,0.0,0.0,0.0,0.0,0.0,1.0,100.0
2018-01-15 23:00:00,0.0,0.0,0.0,False,True,False,6,cap_reached,0.0,0.0,0.0,0.0,0.0,0.0,1.0,100.0
2018-01-16 00:00:00,0.0,0.0,0.0,False,True,False,0,night,0.0,0.0,0.0,0.0,0.0,0.0,1.0,100.0
2018-01-16 01:00:00,0.0,0.0,0.0,False,True,False,0,night,0.0,0.0,0.0,0.0,0.0,0.0,1.0,100.0
2018-01-16 02:00:00,0.0,0.0,0.0,False,True,False,0,night,0.0,0.0,0.0,0.0,0.0,0.0,1.0,100.0
2018-01-16 03:00:00,0.0,0.0,0.0,False,True,False,0,night,0.0,0.0,0.0,0.0,0.0,0.0,1.0,100.0
2018-01-16 04:00:00,0.0,0.0,0.0,False,True,False,0,night,0.0,0.0,0.0,0.0,0.0,0.0,1.0,100.0
2018-01-16 05:00:00,0.0,0.0,0.0,False,True,False,0,night,0.0,0.0,0.0,0.0,0.0,0.0,1.0,100.0
2018-01-16 06:00:00,0.0,0.0,0.0,False,True,False,0,night,0.0,0.0,0.0,0.0,0.0,0.0,1.0,100.0
2018-01-16 07:00:00,0.0,0.0,0.0,False,True,False,0,night,0.0,0.0,0.0,0.0,0.0,0.0,1.0,100.0
2018-01-16 08:00:00,0.304,0.292,156.0,True,True,False,0,battery_empty,0.0,0.0,0.0,0.0,0.292,0.0,1.0,100.0
2018-01-16 09:00:00,0.863,0.829,357.0,True,True,True,1,ok,0.829,0.434,1.263,0.0,0.0,-0.457,0.543,54.3
2018-01-16 10:00:00,1.527,1.466,335.0,True,True,True,2,ok,1.263,0.0,1.263,0.193,0.0,0.193,0.736,73.6
2018-01-16 11:00:00,1.318,1.265,272.0,True,True,True,3,ok,1.263,0.0,1.263,0.002,0.0,0.002,0.738,73.8
2018-01-16 12:00:00,1.987,1.908,447.0,True,True,True,4,ok,1.263,0.0,1.263,0.262,0.369,0.262,1.0,100.0
2018-01-16 13:00:00,1.743,1.674,377.0,True,True,True,5,ok,1.263,0.0,1.263,0.0,0.411,0.0,1.0,100.0
2018-01-16 14:00:00,1.395,1.339,292.0,True,True,True,6,ok,1.263,0.0,1.263,0.0,0.076,0.0,1.0,100.0
2018-01-16 15:00:00,1.287,1.236,492.0,True,True,False,6,cap_reached,0.0,0.0,0.0,0.0,1.236,0.0,1.0,100.0
2018-01-16 16:00:00,0.576,0.553,116.0,True,True,False,6,cap_reached,0.0,0.0,0.0,0.0,0.553,0.0,1.0,100.0
2018-01-16 17:00:00,0.228,0.219,105.0,True,True,False,6,cap_reached,0.0,0.0,0.0,0.0,0.219,0.0,1.0,100.0
2018-01-16 18:00:00,0.0,0.0,0.0,False,True,False,6,cap_reached,0.0,0.0,0.0,0.0,0.0,0.0,1.0,100.0
2018-01-16 19:00:00,0.0,0.0,0.0,False,True,False,6,cap_reached,0.0,0.0,0.0,0.0,0.0,0.0,1.0,100.0
2018-01-16 20:00:00,0.0,0.0,0.0,False,True,False,6,cap_reached,0.0,0.0,0.0,0.0,0.0,0.0,1.0,100.0
2018-01-16 21:00:00,0.0,0.0,0.0,False,True,False,6,cap_reached,0.0,0.0,0.0,0.0,0.0,0.0,1.0,100.0
2018-01-16 22:00:00,0.0,0.0,0.0,False,True,False,6,cap_reached,0.0,0.0,0.0,0.0,0.0,0.0,1.0,100.0
2018-01-16 23:00:00,0.0,0.0,0.0,False,True,False,6,cap_reached,0.0,0.0,0.0,0.0,0.0,0.0,1.0,100.0
2018-01-17 00:00:00,0.0,0.0,0.0,False,True,False,0,night,0.0,0.0,0.0,0.0,0.0,0.0,1.0,100.0
2018-01-17 01:00:00,0.0,0.0,0.0,False,True,False,0,night,0.0,0.0,0.0,0.0,0.0,0.0,1.0,100.0
2018-01-17 02:00:00,0.0,0.0,0.0,False,True,False,0,night,0.0,0.0,0.0,0.0,0.0,0.0,1.0,100.0
2018-01-17 03:00:00,0.0,0.0,0.0,False,True,False,0,night,0.0,0.0,0.0,0.0,0.0,0.0,1.0,100.0
2018-01-17 04:00:00,0.0,0.0,0.0,False,True,False,0,night,0.0,0.0,0.0,0.0,0.0,0.0,1.0,100.0
2018-01-17 05:00:00,0.0,0.0,0.0,False,True,False,0,night,0.0,0.0,0.0,0.0,0.0,0.0,1.0,100.0
2018-01-17 06:00:00,0.0,0.0,0.0,False,True,False,0,night,0.0,0.0,0.0,0.0,0.0,0.0,1.0,100.0
2018-01-17 07:00:00,0.0,0.0,0.0,False,True,False,0,night,0.0,0.0,0.0,0.0,0.0,0.0,1.0,100.0
2018-01-17 08:00:00,0.31,0.297,63.0,True,True,False,0,battery_empty,0.0,0.0,0.0,0.0,0.297,0.0,1.0,100.0
2018-01-17 09:00:00,0.491,0.472,101.0,True,True,True,1,ok,0.472,0.791,1.263,0.0,0.0,-0.833,0.167,16.7
2018-01-17 10:00:00,0.972,0.934,205.0,True,True,False,1,battery_empty,0.0,0.0,0.0,0.833,0.057,0.833,1.0,100.0
2018-01-17 11:00:00,1.093,1.049,226.0,True,True,True,2,ok,1.049,0.214,1.263,0.0,0.0,-0.225,0.775,77.5
2018-01-17 12:00:00,0.967,0.929,197.0,True,True,True,3,ok,0.929,0.334,1.263,0.0,0.0,-0.352,0.423,42.3
2018-01-17 13:00:00,1.067,1.025,219.0,True,True,True,4,ok,1.025,0.238,1.263,0.0,0.0,-0.251,0.172,17.2
2018-01-17 14:00:00,0.965,0.926,197.0,True,True,False,4,battery_empty,0.0,0.0,0.0,0.828,0.054,0.828,1.0,100.0
2018-01-17 15:00:00,0.53,0.509,106.0,True,True,True,5,ok,0.509,0.754,1.263,0.0,0.0,-0.794,0.206,20.6
2018-01-17 16:00:00,0.391,0.376,78.0,True,True,False,5,battery_empty,0.0,0.0,0.0,0.357,0.0,0.357,0.563,56.3
2018-01-17 17:00:00,0.176,0.169,35.0,True,True,False,5,battery_empty,0.0,0.0,0.0,0.16,0.0,0.16,0.724,72.4
2018-01-17 18:00:00,0.0,0.0,0.0,False,True,False,5,night,0.0,0.0,0.0,0.0,0.0,0.0,0.724,72.4
2018-01-17 19:00:00,0.0,0.0,0.0,False,True,False,5,night,0.0,0.0,0.0,0.0,0.0,0.0,0.724,72.4
2018-01-17 20:00:00,0.0,0.0,0.0,False,True,False,5,night,0.0,0.0,0.0,0.0,0.0,0.0,0.724,72.4
2018-01-17 21:00:00,0.0,0.0,0.0,False,True,False,5,night,0.0,0.0,0.0,0.0,0.0,0.0,0.724,72.4
2018-01-17 22:00:00,0.0,0.0,0.0,False,True,False,5,night,0.0,0.0,0.0,0.0,0.0,0.0,0.724,72.4
2018-01-17 23:00:00,0.0,0.0,0.0,False,True,False,5,night,0.0,0.0,0.0,0.0,0.0,0.0,0.724,72.4
2018-01-18 00:00:00,0.0,0.0,0.0,False,True,False,0,night,0.0,0.0,0.0,0.0,0.0,0.0,0.724,72.4
2018-01-18 01:00:00,0.0,0.0,0.0,False,True,False,0,night,0.0,0.0,0.0,0.0,0.0,0.0,0.724,72.4
2018-01-18 02:00:00,0.0,0.0,0.0,False,True,False,0,night,0.0,0.0,0.0,0.0,0.0,0.0,0.724,72.4
2018-01-18 03:00:00,0.0,0.0,0.0,False,True,False,0,night,0.0,0.0,0.0,0.0,0.0,0.0,0.724,72.4
2018-01-18 04:00:00,0.0,0.0,0.0,False,True,False,0,night,0.0,0.0,0.0,0.0,0.0,0.0,0.724,72.4
2018-01-18 05:00:00,0.0,0.0,0.0,False,True,False,0,night,0.0,0.0,0.0,0.0,0.0,0.0,0.724,72.4
2018-01-18 06:00:00,0.0,0.0,0.0,False,True,False,0,night,0.0,0.0,0.0,0.0,0.0,0.0,0.724,72.4
2018-01-18 07:00:00,0.0,0.0,0.0,False,True,False,0,night,0.0,0.0,0.0,0.0,0.0,0.0,0.724,72.4
2018-01-18 08:00:00,0.432,0.415,86.0,True,True,False,0,battery_empty,0.0,0.0,0.0,0.276,0.124,0.276,1.0,100.0
2018-01-18 09:00:00,0.913,0.876,369.0,True,True,True,1,ok,0.876,0.387,1.263,0.0,0.0,-0.407,0.593,59.3
2018-01-18 10:00:00,1.562,1.5,390.0,True,True,True,2,ok,1.263,0.0,1.263,0.225,0.0,0.225,0.818,81.8
2018-01-18 11:00:00,1.939,1.862,691.0,True,True,True,3,ok,1.263,0.0,1.263,0.182,0.407,0.182,1.0,100.0
2018-01-18 12:00:00,2.105,2.021,538.0,True,True,True,4,ok,1.263,0.0,1.263,0.0,0.758,0.0,1.0,100.0
2018-01-18 13:00:00,2.13,2.045,750.0,True,True,True,5,ok,1.263,0.0,1.263,0.0,0.782,0.0,1.0,100.0
2018-01-18 14:00:00,1.873,1.798,671.0,True,True,True,6,ok,1.263,0.0,1.263,0.0,0.535,0.0,1.0,100.0
2018-01-18 15:00:00,1.391,1.335,525.0,True,True,False,6,cap_reached,0.0,0.0,0.0,0.0,1.335,0.0,1.0,100.0
2018-01-18 16:00:00,0.759,0.729,330.0,True,True,False,6,cap_reached,0.0,0.0,0.0,0.0,0.729,0.0,1.0,100.0
2018-01-18 17:00:00,0.262,0.251,117.0,True,True,False,6,cap_reached,0.0,0.0,0.0,0.0,0.251,0.0,1.0,100.0
2018-01-18 18:00:00,0.0,0.0,0.0,False,True,False,6,cap_reached,0.0,0.0,0.0,0.0,0.0,0.0,1.0,100.0
2018-01-18 19:00:00,0.0,0.0,0.0,False,True,False,6,cap_reached,0.0,0.0,0.0,0.0,0.0,0.0,1.0,100.0
2018-01-18 20:00:00,0.0,0.0,0.0,False,True,False,6,cap_reached,0.0,0.0,0.0,0.0,0.0,0.0,1.0,100.0
2018-01-18 21:00:00,0.0,0.0,0.0,False,True,False,6,cap_reached,0.0,0.0,0.0,0.0,0.0,0.0,1.0,100.0
2018-01-18 22:00:00,0.0,0.0,0.0,False,True,False,6,cap_reached,0.0,0.0,0.0,0.0,0.0,0.0,1.0,100.0
2018-01-18 23:00:00,0.0,0.0,0.0,False,True,False,6,cap_reached,0.0,0.0,0.0,0.0,0.0,0.0,1.0,100.0
2018-01-19 00:00:00,0.0,0.0,0.0,False,True,False,0,night,0.0,0.0,0.0,0.0,0.0,0.0,1.0,100.0
2018-01-19 01:00:00,0.0,0.0,0.0,False,True,False,0,night,0.0,0.0,0.0,0.0,0.0,0.0,1.0,100.0
2018-01-19 02:00:00,0.0,0.0,0.0,False,True,False,0,night,0.0,0.0,0.0,0.0,0.0,0.0,1.0,100.0
2018-01-19 03:00:00,0.0,0.0,0.0,False,True,False,0,night,0.0,0.0,0.0,0.0,0.0,0.0,1.0,100.0
2018-01-19 04:00:00,0.0,0.0,0.0,False,True,False,0,night,0.0,0.0,0.0,0.0,0.0,0.0,1.0,100.0
2018-01-19 05:00:00,0.0,0.0,0.0,False,True,False,0,night,0.0,0.0,0.0,0.0,0.0,0.0,1.0,100.0
2018-01-19 06:00:00,0.0,0.0,0.0,False,True,False,0,night,0.0,0.0,0.0,0.0,0.0,0.0,1.0,100.0
2018-01-19 07:00:00,0.0,0.0,0.0,False,True,False,0,night,0.0,0.0,0.0,0.0,0.0,0.0,1.0,100.0
2018-01-19 08:00:00,0.577,0.554,124.0,True,True,True,1,ok,0.554,0.709,1.263,0.0,0.0,-0.746,0.254,25.4
2018-01-19 09:00:00,1.096,1.052,296.0,True,True,False,1,battery_empty,0.0,0.0,0.0,0.746,0.266,0.746,1.0,100.0
2018-01-19 10:00:00,1.306,1.254,272.0,True,True,True,2,ok,1.254,0.009,1.263,0.0,0.0,-0.01,0.99,99.0
2018-01-19 11:00:00,1.695,1.627,360.0,True,True,True,3,ok,1.263,0.0,1.263,0.01,0.353,0.01,1.0,100.0
2018-01-19 12:00:00,2.158,2.072,742.0,True,True,True,4,ok,1.263,0.0,1.263,0.0,0.809,0.0,1.0,100.0
2018-01-19 13:00:00,2.112,2.028,740.0,True,True,True,5,ok,1.263,0.0,1.263,0.0,0.765,0.0,1.0,100.0
2018-01-19 14:00:00,1.343,1.289,286.0,True,True,True,6,ok,1.263,0.0,1.263,0.0,0.026,0.0,1.0,100.0
2018-01-19 15:00:00,0.673,0.646,135.0,True,True,False,6,cap_reached,0.0,0.0,0.0,0.0,0.646,0.0,1.0,100.0
2018-01-19 16:00:00,0.75,0.72,152.0,True,True,False,6,cap_reached,0.0,0.0,0.0,0.0,0.72,0.0,1.0,100.0
2018-01-19 17:00:00,0.22,0.211,122.0,True,True,False,6,cap_reached,0.0,0.0,0.0,0.0,0.211,0.0,1.0,100.0
2018-01-19 18:00:00,0.0,0.0,0.0,False,True,False,6,cap_reached,0.0,0.0,0.0,0.0,0.0,0.0,1.0,100.0
2018-01-19 19:00:00,0.0,0.0,0.0,False,True,False,6,cap_reached,0.0,0.0,0.0,0.0,0.0,0.0,1.0,100.0
2018-01-19 20:00:00,0.0,0.0,0.0,False,True,False,6,cap_reached,0.0,0.0,0.0,0.0,0.0,0.0,1.0,100.0
2018-01-19 21:00:00,0.0,0.0,0.0,False,True,False,6,cap_reached,0.0,0.0,0.0,0.0,0.0,0.0,1.0,100.0
2018-01-19 22:00:00,0.0,0.0,0.0,False,True,False,6,cap_reached,0.0,0.0,0.0,0.0,0.0,0.0,1.0,100.0
2018-01-19 23:00:00,0.0,0.0,0.0,False,True,False,6,cap_reached,0.0,0.0,0.0,0.0,0.0,0.0,1.0,100.0
2018-01-20 00:00:00,0.0,0.0,0.0,False,True,False,0,night,0.0,0.0,0.0,0.0,0.0,0.0,1.0,100.0
2018-01-20 01:00:00,0.0,0.0,0.0,False,True,False,0,night,0.0,0.0,0.0,0.0,0.0,0.0,1.0,100.0
2018-01-20 02:00:00,0.0,0.0,0.0,False,True,False,0,night,0.0,0.0,0.0,0.0,0.0,0.0,1.0,100.0
2018-01-20 03:00:00,0.0,0.0,0.0,False,True,False,0,night,0.0,0.0,0.0,0.0,0.0,0.0,1.0,100.0
2018-01-20 04:00:00,0.0,0.0,0.0,False,True,False,0,night,0.0,0.0,0.0,0.0,0.0,0.0,1.0,100.0
2018-01-20 05:00:00,0.0,0.0,0.0,False,True,False,0,night,0.0,0.0,0.0,0.0,0.0,0.0,1.0,100.0
2018-01-20 06:00:00,0.0,0.0,0.0,False,True,False,0,night,0.0,0.0,0.0,0.0,0.0,0.0,1.0,100.0
2018-01-20 07:00:00,0.0,0.0,0.0,False,True,False,0,night,0.0,0.0,0.0,0.0,0.0,0.0,1.0,100.0
2018-01-20 08:00:00,0.425,0.408,87.0,True,True,True,1,ok,0.408,0.855,1.263,0.0,0.0,-0.9,0.1,10.0
2018-01-20 09:00:00,1.04,0.998,257.0,True,True,False,1,battery_empty,0.0,0.0,0.0,0.9,0.051,0.9,1.0,100.0
2018-01-20 10:00:00,1.484,1.424,400.0,True,True,True,2,ok,1.263,0.0,1.263,0.0,0.161,0.0,1.0,100.0
2018-01-20 11:00:00,1.589,1.526,348.0,True,True,True,3,ok,1.263,0.0,1.263,0.0,0.263,0.0,1.0,100.0
2018-01-20 12:00:00,1.889,1.813,476.0,True,True,True,4,ok,1.263,0.0,1.263,0.0,0.55,0.0,1.0,100.0
2018-01-20 13:00:00,1.196,1.148,250.0,True,True,True,5,ok,1.148,0.115,1.263,0.0,0.0,-0.121,0.879,87.9
2018-01-20 14:00:00,1.716,1.648,415.0,True,True,True,6,ok,1.263,0.0,1.263,0.121,0.258,0.121,1.0,100.0
2018-01-20 15:00:00,1.017,0.976,214.0,True,True,False,6,cap_reached,0.0,0.0,0.0,0.0,0.976,0.0,1.0,100.0
2018-01-20 16:00:00,0.355,0.341,72.0,True,True,False,6,cap_reached,0.0,0.0,0.0,0.0,0.341,0.0,1.0,100.0
2018-01-20 17:00:00,0.345,0.331,71.0,True,True,False,6,cap_reached,0.0,0.0,0.0,0.0,0.331,0.0,1.0,100.0
2018-01-20 18:00:00,0.0,0.0,0.0,False,True,False,6,cap_reached,0.0,0.0,0.0,0.0,0.0,0.0,1.0,100.0
2018-01-20 19:00:00,0.0,0.0,0.0,False,True,False,6,cap_reached,0.0,0.0,0.0,0.0,0.0,0.0,1.0,100.0
2018-01-20 20:00:00,0.0,0.0,0.0,False,True,False,6,cap_reached,0.0,0.0,0.0,0.0,0.0,0.0,1.0,100.0
2018-01-20 21:00:00,0.0,0.0,0.0,False,True,False,6,cap_reached,0.0,0.0,0.0,0.0,0.0,0.0,1.0,100.0
2018-01-20 22:00:00,0.0,0.0,0.0,False,True,False,6,cap_reached,0.0,0.0,0.0,0.0,0.0,0.0,1.0,100.0
2018-01-20 23:00:00,0.0,0.0,0.0,False,True,False,6,cap_reached,0.0,0.0,0.0,0.0,0.0,0.0,1.0,100.0
2018-01-21 00:00:00,0.0,0.0,0.0,False,True,False,0,night,0.0,0.0,0.0,0.0,0.0,0.0,1.0,100.0
2018-01-21 01:00:00,0.0,0.0,0.0,False,True,False,0,night,0.0,0.0,0.0,0.0,0.0,0.0,1.0,100.0
2018-01-21 02:00:00,0.0,0.0,0.0,False,True,False,0,night,0.0,0.0,0.0,0.0,0.0,0.0,1.0,100.0
2018-01-21 03:00:00,0.0,0.0,0.0,False,True,False,0,night,0.0,0.0,0.0,0.0,0.0,0.0,1.0,100.0
2018-01-21 04:00:00,0.0,0.0,0.0,False,True,False,0,night,0.0,0.0,0.0,0.0,0.0,0.0,1.0,100.0
2018-01-21 05:00:00,0.0,0.0,0.0,False,True,False,0,night,0.0,0.0,0.0,0.0,0.0,0.0,1.0,100.0
2018-01-21 06:00:00,0.0,0.0,0.0,False,True,False,0,night,0.0,0.0,0.0,0.0,0.0,0.0,1.0,100.0
2018-01-21 07:00:00,0.0,0.0,0.0,False,True,False,0,night,0.0,0.0,0.0,0.0,0.0,0.0,1.0,100.0
2018-01-21 08:00:00,0.463,0.444,94.0,True,True,True,1,ok,0.444,0.819,1.263,0.0,0.0,-0.862,0.138,13.8
2018-01-21 09:00:00,0.03,0.029,6.0,False,True,False,1,night,0.0,0.0,0.0,0.027,0.0,0.027,0.165,16.5
2018-01-21 10:00:00,1.586,1.522,351.0,True,True,True,2,ok,1.263,0.0,1.263,0.246,0.0,0.246,0.412,41.2
2018-01-21 11:00:00,1.812,1.74,455.0,True,True,True,3,ok,1.263,0.0,1.263,0.453,0.0,0.453,0.865,86.5
2018-01-21 12:00:00,1.669,1.603,366.0,True,True,True,4,ok,1.263,0.0,1.263,0.135,0.197,0.135,1.0,100.0
2018-01-21 13:00:00,0.952,0.914,194.0,True,True,True,5,ok,0.914,0.349,1.263,0.0,0.0,-0.368,0.632,63.2
2018-01-21 14:00:00,0.274,0.263,55.0,True,True,False,5,battery_empty,0.0,0.0,0.0,0.25,0.0,0.25,0.882,88.2
2018-01-21 15:00:00,0.701,0.673,144.0,True,True,True,6,ok,0.673,0.59,1.263,0.0,0.0,-0.621,0.261,26.1
2018-01-21 16:00:00,0.294,0.283,59.0,True,True,False,6,cap_reached,0.0,0.0,0.0,0.269,0.0,0.269,0.529,52.9
2018-01-21 17:00:00,0.24,0.23,48.0,True,True,False,6,cap_reached,0.0,0.0,0.0,0.219,0.0,0.219,0.748,74.8
2018-01-21 18:00:00,0.0,0.0,0.0,False,True,False,6,cap_reached,0.0,0.0,0.0,0.0,0.0,0.0,0.748,74.8
2018-01-21 19:00:00,0.0,0.0,0.0,False,True,False,6,cap_reached,0.0,0.0,0.0,0.0,0.0,0.0,0.748,74.8
2018-01-21 20:00:00,0.0,0.0,0.0,False,True,False,6,cap_reached,0.0,0.0,0.0,0.0,0.0,0.0,0.748,74.8
2018-01-21 21:00:00,0.0,0.0,0.0,False,True,False,6,cap_reached,0.0,0.0,0.0,0.0,0.0,0.0,0.748,74.8
2018-01-21 22:00:00,0.0,0.0,0.0,False,True,False,6,cap_reached,0.0,0.0,0.0,0.0,0.0,0.0,0.748,74.8
2018-01-21 23:00:00,0.0,0.0,0.0,False,True,False,6,cap_reached,0.0,0.0,0.0,0.0,0.0,0.0,0.748,74.8
2018-01-22 00:00:00,0.0,0.0,0.0,False,True,False,0,night,0.0,0.0,0.0,0.0,0.0,0.0,0.748,74.8
2018-01-22 01:00:00,0.0,0.0,0.0,False,True,False,0,night,0.0,0.0,0.0,0.0,0.0,0.0,0.748,74.8
2018-01-22 02:00:00,0.0,0.0,0.0,False,True,False,0,night,0.0,0.0,0.0,0.0,0.0,0.0,0.748,74.8
2018-01-22 03:00:00,0.0,0.0,0.0,False,True,False,0,night,0.0,0.0,0.0,0.0,0.0,0.0,0.748,74.8
2018-01-22 04:00:00,0.0,0.0,0.0,False,True,False,0,night,0.0,0.0,0.0,0.0,0.0,0.0,0.748,74.8
2018-01-22 05:00:00,0.0,0.0,0.0,False,True,False,0,night,0.0,0.0,0.0,0.0,0.0,0.0,0.748,74.8
2018-01-22 06:00:00,0.0,0.0,0.0,False,True,False,0,night,0.0,0.0,0.0,0.0,0.0,0.0,0.748,74.8
2018-01-22 07:00:00,0.0,0.0,0.0,False,True,False,0,night,0.0,0.0,0.0,0.0,0.0,0.0,0.748,74.8
2018-01-22 08:00:00,0.265,0.254,166.0,True,True,False,0,battery_empty,0.0,0.0,0.0,0.242,0.0,0.242,0.99,99.0
2018-01-22 09:00:00,0.887,0.852,373.0,True,True,True,1,ok,0.852,0.411,1.263,0.0,0.0,-0.433,0.557,55.7
2018-01-22 10:00:00,1.476,1.417,551.0,True,True,True,2,ok,1.263,0.0,1.263,0.146,0.0,0.146,0.703,70.3
2018-01-22 11:00:00,1.897,1.821,678.0,True,True,True,3,ok,1.263,0.0,1.263,0.297,0.246,0.297,1.0,100.0
2018-01-22 12:00:00,2.099,2.015,740.0,True,True,True,4,ok,1.263,0.0,1.263,0.0,0.752,0.0,1.0,100.0
2018-01-22 13:00:00,2.074,1.991,732.0,True,True,True,5,ok,1.263,0.0,1.263,0.0,0.728,0.0,1.0,100.0
2018-01-22 14:00:00,1.812,1.74,653.0,True,True,True,6,ok,1.263,0.0,1.263,0.0,0.477,0.0,1.0,100.0
2018-01-22 15:00:00,1.349,1.295,515.0,True,True,False,6,cap_reached,0.0,0.0,0.0,0.0,1.295,0.0,1.0,100.0
2018-01-22 16:00:00,0.741,0.711,329.0,True,True,False,6,cap_reached,0.0,0.0,0.0,0.0,0.711,0.0,1.0,100.0
2018-01-22 17:00:00,0.213,0.205,124.0,True,True,False,6,cap_reached,0.0,0.0,0.0,0.0,0.205,0.0,1.0,100.0
2018-01-22 18:00:00,0.0,0.0,0.0,False,True,False,6,cap_reached,0.0,0.0,0.0,0.0,0.0,0.0,1.0,100.0
2018-01-22 19:00:00,0.0,0.0,0.0,False,True,False,6,cap_reached,0.0,0.0,0.0,0.0,0.0,0.0,1.0,100.0
2018-01-22 20:00:00,0.0,0.0,0.0,False,True,False,6,cap_reached,0.0,0.0,0.0,0.0,0.0,0.0,1.0,100.0
2018-01-22 21:00:00,0.0,0.0,0.0,False,True,False,6,cap_reached,0.0,0.0,0.0,0.0,0.0,0.0,1.0,100.0
2018-01-22 22:00:00,0.0,0.0,0.0,False,True,False,6,cap_reached,0.0,0.0,0.0,0.0,0.0,0.0,1.0,100.0
2018-01-22 23:00:00,0.0,0.0,0.0,False,True,False,6,cap_reached,0.0,0.0,0.0,0.0,0.0,0.0,1.0,100.0
2018-01-23 00:00:00,0.0,0.0,0.0,False,True,False,0,night,0.0,0.0,0.0,0.0,0.0,0.0,1.0,100.0
2018-01-23 01:00:00,0.0,0.0,0.0,False,True,False,0,night,0.0,0.0,0.0,0.0,0.0,0.0,1.0,100.0
2018-01-23 02:00:00,0.0,0.0,0.0,False,True,False,0,night,0.0,0.0,0.0,0.0,0.0,0.0,1.0,100.0
2018-01-23 03:00:00,0.0,0.0,0.0,False,True,False,0,night,0.0,0.0,0.0,0.0,0.0,0.0,1.0,100.0
2018-01-23 04:00:00,0.0,0.0,0.0,False,True,False,0,night,0.0,0.0,0.0,0.0,0.0,0.0,1.0,100.0
2018-01-23 05:00:00,0.0,0.0,0.0,False,True,False,0,night,0.0,0.0,0.0,0.0,0.0,0.0,1.0,100.0
2018-01-23 06:00:00,0.0,0.0,0.0,False,True,False,0,night,0.0,0.0,0.0,0.0,0.0,0.0,1.0,100.0
2018-01-23 07:00:00,0.0,0.0,0.0,False,True,False,0,night,0.0,0.0,0.0,0.0,0.0,0.0,1.0,100.0
2018-01-23 08:00:00,0.241,0.231,166.0,True,True,False,0,battery_empty,0.0,0.0,0.0,0.0,0.231,0.0,1.0,100.0
2018-01-23 09:00:00,0.872,0.837,370.0,True,True,True,1,ok,0.837,0.426,1.263,0.0,0.0,-0.449,0.551,55.1
2018-01-23 10:00:00,1.454,1.396,546.0,True,True,True,2,ok,1.263,0.0,1.263,0.127,0.0,0.127,0.678,67.8
2018-01-23 11:00:00,1.423,1.366,299.0,True,True,True,3,ok,1.263,0.0,1.263,0.098,0.0,0.098,0.776,77.6
2018-01-23 12:00:00,2.084,2.001,733.0,True,True,True,4,ok,1.263,0.0,1.263,0.224,0.502,0.224,1.0,100.0
2018-01-23 13:00:00,2.069,1.986,724.0,True,True,True,5,ok,1.263,0.0,1.263,0.0,0.723,0.0,1.0,100.0
2018-01-23 14:00:00,1.819,1.746,648.0,True,True,True,6,ok,1.263,0.0,1.263,0.0,0.483,0.0,1.0,100.0
2018-01-23 15:00:00,1.362,1.308,510.0,True,True,False,6,cap_reached,0.0,0.0,0.0,0.0,1.308,0.0,1.0,100.0
2018-01-23 16:00:00,0.764,0.733,326.0,True,True,False,6,cap_reached,0.0,0.0,0.0,0.0,0.733,0.0,1.0,100.0
2018-01-23 17:00:00,0.227,0.218,124.0,True,True,False,6,cap_reached,0.0,0.0,0.0,0.0,0.218,0.0,1.0,100.0
2018-01-23 18:00:00,0.0,0.0,0.0,False,True,False,6,cap_reached,0.0,0.0,0.0,0.0,0.0,0.0,1.0,100.0
2018-01-23 19:00:00,0.0,0.0,0.0,False,True,False,6,cap_reached,0.0,0.0,0.0,0.0,0.0,0.0,1.0,100.0
2018-01-23 20:00:00,0.0,0.0,0.0,False,True,False,6,cap_reached,0.0,0.0,0.0,0.0,0.0,0.0,1.0,100.0
2018-01-23 21:00:00,0.0,0.0,0.0,False,True,False,6,cap_reached,0.0,0.0,0.0,0.0,0.0,0.0,1.0,100.0
2018-01-23 22:00:00,0.0,0.0,0.0,False,True,False,6,cap_reached,0.0,0.0,0.0,0.0,0.0,0.0,1.0,100.0
2018-01-23 23:00:00,0.0,0.0,0.0,False,True,False,6,cap_reached,0.0,0.0,0.0,0.0,0.0,0.0,1.0,100.0
2018-01-24 00:00:00,0.0,0.0,0.0,False,True,False,0,night,0.0,0.0,0.0,0.0,0.0,0.0,1.0,100.0
2018-01-24 01:00:00,0.0,0.0,0.0,False,True,False,0,night,0.0,0.0,0.0,0.0,0.0,0.0,1.0,100.0
2018-01-24 02:00:00,0.0,0.0,0.0,False,True,False,0,night,0.0,0.0,0.0,0.0,0.0,0.0,1.0,100.0
2018-01-24 03:00:00,0.0,0.0,0.0,False,True,False,0,night,0.0,0.0,0.0,0.0,0.0,0.0,1.0,100.0
2018-01-24 04:00:00,0.0,0.0,0.0,False,True,False,0,night,0.0,0.0,0.0,0.0,0.0,0.0,1.0,100.0
2018-01-24 05:00:00,0.0,0.0,0.0,False,True,False,0,night,0.0,0.0,0.0,0.0,0.0,0.0,1.0,100.0
2018-01-24 06:00:00,0.0,0.0,0.0,False,True,False,0,night,0.0,0.0,0.0,0.0,0.0,0.0,1.0,100.0
2018-01-24 07:00:00,0.0,0.0,0.0,False,True,False,0,night,0.0,0.0,0.0,0.0,0.0,0.0,1.0,100.0
2018-01-24 08:00:00,0.23,0.22,169.0,True,True,False,0,battery_empty,0.0,0.0,0.0,0.0,0.22,0.0,1.0,100.0
2018-01-24 09:00:00,0.871,0.836,372.0,True,True,True,1,ok,0.836,0.427,1.263,0.0,0.0,-0.45,0.55,55.0
2018-01-24 10:00:00,0.12,0.115,24.0,True,True,False,1,battery_empty,0.0,0.0,0.0,0.109,0.0,0.109,0.659,65.9
2018-01-24 11:00:00,1.327,1.274,275.0,True,True,True,2,ok,1.263,0.0,1.263,0.01,0.0,0.01,0.669,66.9
2018-01-24 12:00:00,1.331,1.277,276.0,True,True,True,3,ok,1.263,0.0,1.263,0.014,0.0,0.014,0.683,68.3
2018-01-24 13:00:00,1.064,1.021,219.0,True,True,True,4,ok,1.021,0.242,1.263,0.0,0.0,-0.254,0.429,42.9
2018-01-24 14:00:00,0.44,0.422,89.0,True,True,False,4,battery_empty,0.0,0.0,0.0,0.401,0.0,0.401,0.83,83.0
2018-01-24 15:00:00,0.465,0.446,94.0,True,True,False,4,battery_empty,0.0,0.0,0.0,0.17,0.267,0.17,1.0,100.0
2018-01-24 16:00:00,0.538,0.516,110.0,True,True,True,5,ok,0.516,0.747,1.263,0.0,0.0,-0.786,0.214,21.4
2018-01-24 17:00:00,0.189,0.181,38.0,True,True,False,5,battery_empty,0.0,0.0,0.0,0.172,0.0,0.172,0.386,38.6
2018-01-24 18:00:00,0.0,0.0,0.0,False,True,False,5,night,0.0,0.0,0.0,0.0,0.0,0.0,0.386,38.6
2018-01-24 19:00:00,0.0,0.0,0.0,False,True,False,5,night,0.0,0.0,0.0,0.0,0.0,0.0,0.386,38.6
2018-01-24 20:00:00,0.0,0.0,0.0,False,True,False,5,night,0.0,0.0,0.0,0.0,0.0,0.0,0.386,38.6
2018-01-24 21:00:00,0.0,0.0,0.0,False,True,False,5,night,0.0,0.0,0.0,0.0,0.0,0.0,0.386,38.6
2018-01-24 22:00:00,0.0,0.0,0.0,False,True,False,5,night,0.0,0.0,0.0,0.0,0.0,0.0,0.386,38.6
2018-01-24 23:00:00,0.0,0.0,0.0,False,True,False,5,night,0.0,0.0,0.0,0.0,0.0,0.0,0.386,38.6
2018-01-25 00:00:00,0.0,0.0,0.0,False,True,False,0,night,0.0,0.0,0.0,0.0,0.0,0.0,0.386,38.6
2018-01-25 01:00:00,0.0,0.0,0.0,False,True,False,0,night,0.0,0.0,0.0,0.0,0.0,0.0,0.386,38.6
2018-01-25 02:00:00,0.0,0.0,0.0,False,True,False,0,night,0.0,0.0,0.0,0.0,0.0,0.0,0.386,38.6
2018-01-25 03:00:00,0.0,0.0,0.0,False,True,False,0,night,0.0,0.0,0.0,0.0,0.0,0.0,0.386,38.6
2018-01-25 04:00:00,0.0,0.0,0.0,False,True,False,0,night,0.0,0.0,0.0,0.0,0.0,0.0,0.386,38.6
2018-01-25 05:00:00,0.0,0.0,0.0,False,True,False,0,night,0.0,0.0,0.0,0.0,0.0,0.0,0.386,38.6
2018-01-25 06:00:00,0.0,0.0,0.0,False,True,False,0,night,0.0,0.0,0.0,0.0,0.0,0.0,0.386,38.6
2018-01-25 07:00:00,0.0,0.0,0.0,False,True,False,0,night,0.0,0.0,0.0,0.0,0.0,0.0,0.386,38.6
2018-01-25 08:00:00,0.145,0.14,29.0,True,True,False,0,battery_empty,0.0,0.0,0.0,0.133,0.0,0.133,0.519,51.9
2018-01-25 09:00:00,0.592,0.568,120.0,True,True,False,0,battery_empty,0.0,0.0,0.0,0.481,0.062,0.481,1.0,100.0
2018-01-25 10:00:00,0.205,0.197,41.0,True,True,False,0,battery_empty,0.0,0.0,0.0,0.0,0.197,0.0,1.0,100.0
2018-01-25 11:00:00,0.487,0.468,98.0,True,True,True,1,ok,0.468,0.795,1.263,0.0,0.0,-0.837,0.163,16.3
2018-01-25 12:00:00,1.52,1.46,316.0,True,True,True,2,ok,1.263,0.0,1.263,0.187,0.0,0.187,0.35,35.0
2018-01-25 13:00:00,0.906,0.869,184.0,True,True,False,2,battery_empty,0.0,0.0,0.0,0.65,0.185,0.65,1.0,100.0
2018-01-25 14:00:00,0.418,0.401,84.0,True,True,False,2,battery_empty,0.0,0.0,0.0,0.0,0.401,0.0,1.0,100.0
2018-01-25 15:00:00,0.624,0.599,126.0,True,True,True,3,ok,0.599,0.664,1.263,0.0,0.0,-0.699,0.301,30.1
2018-01-25 16:00:00,0.443,0.425,89.0,True,True,False,3,battery_empty,0.0,0.0,0.0,0.404,0.0,0.404,0.706,70.6
2018-01-25 17:00:00,0.278,0.267,122.0,True,True,False,3,battery_empty,0.0,0.0,0.0,0.254,0.0,0.254,0.959,95.9
2018-01-25 18:00:00,0.0,0.0,0.0,False,True,False,3,night,0.0,0.0,0.0,0.0,0.0,0.0,0.959,95.9
2018-01-25 19:00:00,0.0,0.0,0.0,False,True,False,3,night,0.0,0.0,0.0,0.0,0.0,0.0,0.959,95.9
2018-01-25 20:00:00,0.0,0.0,0.0,False,True,False,3,night,0.0,0.0,0.0,0.0,0.0,0.0,0.959,95.9
2018-01-25 21:00:00,0.0,0.0,0.0,False,True,False,3,night,0.0,0.0,0.0,0.0,0.0,0.0,0.959,95.9
2018-01-25 22:00:00,0.0,0.0,0.0,False,True,False,3,night,0.0,0.0,0.0,0.0,0.0,0.0,0.959,95.9
2018-01-25 23:00:00,0.0,0.0,0.0,False,True,False,3,night,0.0,0.0,0.0,0.0,0.0,0.0,0.959,95.9
2018-01-26 00:00:00,0.0,0.0,0.0,False,True,False,0,night,0.0,0.0,0.0,0.0,0.0,0.0,0.959,95.9
2018-01-26 01:00:00,0.0,0.0,0.0,False,True,False,0,night,0.0,0.0,0.0,0.0,0.0,0.0,0.959,95.9
2018-01-26 02:00:00,0.0,0.0,0.0,False,True,False,0,night,0.0,0.0,0.0,0.0,0.0,0.0,0.959,95.9
2018-01-26 03:00:00,0.0,0.0,0.0,False,True,False,0,night,0.0,0.0,0.0,0.0,0.0,0.0,0.959,95.9
2018-01-26 04:00:00,0.0,0.0,0.0,False,True,False,0,night,0.0,0.0,0.0,0.0,0.0,0.0,0.959,95.9
2018-01-26 05:00:00,0.0,0.0,0.0,False,True,False,0,night,0.0,0.0,0.0,0.0,0.0,0.0,0.959,95.9
2018-01-26 06:00:00,0.0,0.0,0.0,False,True,False,0,night,0.0,0.0,0.0,0.0,0.0,0.0,0.959,95.9
2018-01-26 07:00:00,0.0,0.0,0.0,False,True,False,0,night,0.0,0.0,0.0,0.0,0.0,0.0,0.959,95.9
2018-01-26 08:00:00,0.39,0.375,155.0,True,True,False,0,battery_empty,0.0,0.0,0.0,0.041,0.332,0.041,1.0,100.0
2018-01-26 09:00:00,1.007,0.966,356.0,True,True,True,1,ok,0.966,0.297,1.263,0.0,0.0,-0.312,0.688,68.8
2018-01-26 10:00:00,1.581,1.518,536.0,True,True,True,2,ok,1.263,0.0,1.263,0.242,0.0,0.242,0.93,93.0
2018-01-26 11:00:00,1.87,1.795,412.0,True,True,True,3,ok,1.263,0.0,1.263,0.07,0.458,0.07,1.0,100.0
2018-01-26 12:00:00,2.211,2.122,729.0,True,True,True,4,ok,1.263,0.0,1.263,0.0,0.859,0.0,1.0,100.0
2018-01-26 13:00:00,2.184,2.097,728.0,True,True,True,5,ok,1.263,0.0,1.263,0.0,0.834,0.0,1.0,100.0
2018-01-26 14:00:00,1.893,1.817,475.0,True,True,True,6,ok,1.263,0.0,1.263,0.0,0.554,0.0,1.0,100.0
2018-01-26 15:00:00,1.479,1.42,513.0,True,True,False,6,cap_reached,0.0,0.0,0.0,0.0,1.42,0.0,1.0,100.0
2018-01-26 16:00:00,0.875,0.84,328.0,True,True,False,6,cap_reached,0.0,0.0,0.0,0.0,0.84,0.0,1.0,100.0
2018-01-26 17:00:00,0.303,0.291,125.0,True,True,False,6,cap_reached,0.0,0.0,0.0,0.0,0.291,0.0,1.0,100.0
2018-01-26 18:00:00,0.0,0.0,0.0,False,True,False,6,cap_reached,0.0,0.0,0.0,0.0,0.0,0.0,1.0,100.0
2018-01-26 19:00:00,0.0,0.0,0.0,False,True,False,6,cap_reached,0.0,0.0,0.0,0.0,0.0,0.0,1.0,100.0
2018-01-26 20:00:00,0.0,0.0,0.0,False,True,False,6,cap_reached,0.0,0.0,0.0,0.0,0.0,0.0,1.0,100.0
2018-01-26 21:00:00,0.0,0.0,0.0,False,True,False,6,cap_reached,0.0,0.0,0.0,0.0,0.0,0.0,1.0,100.0
2018-01-26 22:00:00,0.0,0.0,0.0,False,True,False,6,cap_reached,0.0,0.0,0.0,0.0,0.0,0.0,1.0,100.0
2018-01-26 23:00:00,0.0,0.0,0.0,False,True,False,6,cap_reached,0.0,0.0,0.0,0.0,0.0,0.0,1.0,100.0
2018-01-27 00:00:00,0.0,0.0,0.0,False,True,False,0,night,0.0,0.0,0.0,0.0,0.0,0.0,1.0,100.0
2018-01-27 01:00:00,0.0,0.0,0.0,False,True,False,0,night,0.0,0.0,0.0,0.0,0.0,0.0,1.0,100.0
2018-01-27 02:00:00,0.0,0.0,0.0,False,True,False,0,night,0.0,0.0,0.0,0.0,0.0,0.0,1.0,100.0
2018-01-27 03:00:00,0.0,0.0,0.0,False,True,False,0,night,0.0,0.0,0.0,0.0,0.0,0.0,1.0,100.0
2018-01-27 04:00:00,0.0,0.0,0.0,False,True,False,0,night,0.0,0.0,0.0,0.0,0.0,0.0,1.0,100.0
2018-01-27 05:00:00,0.0,0.0,0.0,False,True,False,0,night,0.0,0.0,0.0,0.0,0.0,0.0,1.0,100.0
2018-01-27 06:00:00,0.0,0.0,0.0,False,True,False,0,night,0.0,0.0,0.0,0.0,0.0,0.0,1.0,100.0
2018-01-27 07:00:00,0.0,0.0,0.0,False,True,False,0,night,0.0,0.0,0.0,0.0,0.0,0.0,1.0,100.0
2018-01-27 08:00:00,0.369,0.354,161.0,True,True,False,0,battery_empty,0.0,0.0,0.0,0.0,0.354,0.0,1.0,100.0
2018-01-27 09:00:00,1.001,0.961,368.0,True,True,True,1,ok,0.961,0.302,1.263,0.0,0.0,-0.318,0.682,68.2
2018-01-27 10:00:00,1.595,1.532,550.0,True,True,True,2,ok,1.263,0.0,1.263,0.255,0.0,0.255,0.938,93.8
2018-01-27 11:00:00,2.032,1.951,677.0,True,True,True,3,ok,1.263,0.0,1.263,0.062,0.622,0.062,1.0,100.0
2018-01-27 12:00:00,2.25,2.16,739.0,True,True,True,4,ok,1.263,0.0,1.263,0.0,0.897,0.0,1.0,100.0
2018-01-27 13:00:00,2.209,2.121,735.0,True,True,True,5,ok,1.263,0.0,1.263,0.0,0.858,0.0,1.0,100.0
2018-01-27 14:00:00,1.959,1.88,658.0,True,True,True,6,ok,1.263,0.0,1.263,0.0,0.617,0.0,1.0,100.0
2018-01-27 15:00:00,1.508,1.447,516.0,True,True,False,6,cap_reached,0.0,0.0,0.0,0.0,1.447,0.0,1.0,100.0
2018-01-27 16:00:00,0.907,0.871,329.0,True,True,False,6,cap_reached,0.0,0.0,0.0,0.0,0.871,0.0,1.0,100.0
2018-01-27 17:00:00,0.322,0.309,126.0,True,True,False,6,cap_reached,0.0,0.0,0.0,0.0,0.309,0.0,1.0,100.0
2018-01-27 18:00:00,0.0,0.0,0.0,False,True,False,6,cap_reached,0.0,0.0,0.0,0.0,0.0,0.0,1.0,100.0
2018-01-27 19:00:00,0.0,0.0,0.0,False,True,False,6,cap_reached,0.0,0.0,0.0,0.0,0.0,0.0,1.0,100.0
2018-01-27 20:00:00,0.0,0.0,0.0,False,True,False,6,cap_reached,0.0,0.0,0.0,0.0,0.0,0.0,1.0,100.0
2018-01-27 21:00:00,0.0,0.0,0.0,False,True,False,6,cap_reached,0.0,0.0,0.0,0.0,0.0,0.0,1.0,100.0
2018-01-27 22:00:00,0.0,0.0,0.0,False,True,False,6,cap_reached,0.0,0.0,0.0,0.0,0.0,0.0,1.0,100.0
2018-01-27 23:00:00,0.0,0.0,0.0,False,True,False,6,cap_reached,0.0,0.0,0.0,0.0,0.0,0.0,1.0,100.0
2018-01-28 00:00:00,0.0,0.0,0.0,False,True,False,0,night,0.0,0.0,0.0,0.0,0.0,0.0,1.0,100.0
2018-01-28 01:00:00,0.0,0.0,0.0,False,True,False,0,night,0.0,0.0,0.0,0.0,0.0,0.0,1.0,100.0
2018-01-28 02:00:00,0.0,0.0,0.0,False,True,False,0,night,0.0,0.0,0.0,0.0,0.0,0.0,1.0,100.0
2018-01-28 03:00:00,0.0,0.0,0.0,False,True,False,0,night,0.0,0.0,0.0,0.0,0.0,0.0,1.0,100.0
2018-01-28 04:00:00,0.0,0.0,0.0,False,True,False,0,night,0.0,0.0,0.0,0.0,0.0,0.0,1.0,100.0
2018-01-28 05:00:00,0.0,0.0,0.0,False,True,False,0,night,0.0,0.0,0.0,0.0,0.0,0.0,1.0,100.0
2018-01-28 06:00:00,0.0,0.0,0.0,False,True,False,0,night,0.0,0.0,0.0,0.0,0.0,0.0,1.0,100.0
2018-01-28 07:00:00,0.0,0.0,0.0,False,True,False,0,night,0.0,0.0,0.0,0.0,0.0,0.0,1.0,100.0
2018-01-28 08:00:00,0.401,0.384,157.0,True,True,False,0,battery_empty,0.0,0.0,0.0,0.0,0.384,0.0,1.0,100.0
2018-01-28 09:00:00,1.017,0.976,361.0,True,True,True,1,ok,0.976,0.287,1.263,0.0,0.0,-0.302,0.698,69.8
2018-01-28 10:00:00,1.578,1.514,548.0,True,True,True,2,ok,1.263,0.0,1.263,0.239,0.0,0.239,0.937,93.7
2018-01-28 11:00:00,2.008,1.928,676.0,True,True,True,3,ok,1.263,0.0,1.263,0.063,0.599,0.063,1.0,100.0
2018-01-28 12:00:00,2.225,2.136,741.0,True,True,True,4,ok,1.263,0.0,1.263,0.0,0.873,0.0,1.0,100.0
2018-01-28 13:00:00,2.203,2.114,740.0,True,True,True,5,ok,1.263,0.0,1.263,0.0,0.851,0.0,1.0,100.0
2018-01-28 14:00:00,1.956,1.878,665.0,True,True,True,6,ok,1.263,0.0,1.263,0.0,0.615,0.0,1.0,100.0
2018-01-28 15:00:00,1.663,1.597,385.0,True,True,False,6,cap_reached,0.0,0.0,0.0,0.0,1.597,0.0,1.0,100.0
2018-01-28 16:00:00,1.048,1.006,225.0,True,True,False,6,cap_reached,0.0,0.0,0.0,0.0,1.006,0.0,1.0,100.0
2018-01-28 17:00:00,0.287,0.275,133.0,True,True,False,6,cap_reached,0.0,0.0,0.0,0.0,0.275,0.0,1.0,100.0
2018-01-28 18:00:00,0.0,0.0,0.0,False,True,False,6,cap_reached,0.0,0.0,0.0,0.0,0.0,0.0,1.0,100.0
2018-01-28 19:00:00,0.0,0.0,0.0,False,True,False,6,cap_reached,0.0,0.0,0.0,0.0,0.0,0.0,1.0,100.0
2018-01-28 20:00:00,0.0,0.0,0.0,False,True,False,6,cap_reached,0.0,0.0,0.0,0.0,0.0,0.0,1.0,100.0
2018-01-28 21:00:00,0.0,0.0,0.0,False,True,False,6,cap_reached,0.0,0.0,0.0,0.0,0.0,0.0,1.0,100.0
2018-01-28 22:00:00,0.0,0.0,0.0,False,True,False,6,cap_reached,0.0,0.0,0.0,0.0,0.0,0.0,1.0,100.0
2018-01-28 23:00:00,0.0,0.0,0.0,False,True,False,6,cap_reached,0.0,0.0,0.0,0.0,0.0,0.0,1.0,100.0
2018-01-29 00:00:00,0.0,0.0,0.0,False,True,False,0,night,0.0,0.0,0.0,0.0,0.0,0.0,1.0,100.0
2018-01-29 01:00:00,0.0,0.0,0.0,False,True,False,0,night,0.0,0.0,0.0,0.0,0.0,0.0,1.0,100.0
2018-01-29 02:00:00,0.0,0.0,0.0,False,True,False,0,night,0.0,0.0,0.0,0.0,0.0,0.0,1.0,100.0
2018-01-29 03:00:00,0.0,0.0,0.0,False,True,False,0,night,0.0,0.0,0.0,0.0,0.0,0.0,1.0,100.0
2018-01-29 04:00:00,0.0,0.0,0.0,False,True,False,0,night,0.0,0.0,0.0,0.0,0.0,0.0,1.0,100.0
2018-01-29 05:00:00,0.0,0.0,0.0,False,True,False,0,night,0.0,0.0,0.0,0.0,0.0,0.0,1.0,100.0
2018-01-29 06:00:00,0.0,0.0,0.0,False,True,False,0,night,0.0,0.0,0.0,0.0,0.0,0.0,1.0,100.0
2018-01-29 07:00:00,0.0,0.0,0.0,False,True,False,0,night,0.0,0.0,0.0,0.0,0.0,0.0,1.0,100.0
2018-01-29 08:00:00,0.365,0.35,163.0,True,True,False,0,battery_empty,0.0,0.0,0.0,0.0,0.35,0.0,1.0,100.0
2018-01-29 09:00:00,0.999,0.959,365.0,True,True,True,1,ok,0.959,0.304,1.263,0.0,0.0,-0.32,0.68,68.0
2018-01-29 10:00:00,0.846,0.812,173.0,True,True,True,2,ok,0.812,0.451,1.263,0.0,0.0,-0.475,0.205,20.5
2018-01-29 11:00:00,1.229,1.18,253.0,True,True,True,3,ok,1.18,0.083,1.263,0.0,0.0,-0.088,0.118,11.8
2018-01-29 12:00:00,1.156,1.11,238.0,True,True,False,3,battery_empty,0.0,0.0,0.0,0.882,0.181,0.882,1.0,100.0
2018-01-29 13:00:00,1.757,1.687,380.0,True,True,True,4,ok,1.263,0.0,1.263,0.0,0.424,0.0,1.0,100.0
2018-01-29 14:00:00,1.706,1.638,375.0,True,True,True,5,ok,1.263,0.0,1.263,0.0,0.375,0.0,1.0,100.0
2018-01-29 15:00:00,1.483,1.424,362.0,True,True,True,6,ok,1.263,0.0,1.263,0.0,0.161,0.0,1.0,100.0
2018-01-29 16:00:00,0.988,0.948,258.0,True,True,False,6,cap_reached,0.0,0.0,0.0,0.0,0.948,0.0,1.0,100.0
2018-01-29 17:00:00,0.377,0.362,79.0,True,True,False,6,cap_reached,0.0,0.0,0.0,0.0,0.362,0.0,1.0,100.0
2018-01-29 18:00:00,0.0,0.0,0.0,False,True,False,6,cap_reached,0.0,0.0,0.0,0.0,0.0,0.0,1.0,100.0
2018-01-29 19:00:00,0.0,0.0,0.0,False,True,False,6,cap_reached,0.0,0.0,0.0,0.0,0.0,0.0,1.0,100.0
2018-01-29 20:00:00,0.0,0.0,0.0,False,True,False,6,cap_reached,0.0,0.0,0.0,0.0,0.0,0.0,1.0,100.0
2018-01-29 21:00:00,0.0,0.0,0.0,False,True,False,6,cap_reached,0.0,0.0,0.0,0.0,0.0,0.0,1.0,100.0
2018-01-29 22:00:00,0.0,0.0,0.0,False,True,False,6,cap_reached,0.0,0.0,0.0,0.0,0.0,0.0,1.0,100.0
2018-01-29 23:00:00,0.0,0.0,0.0,False,True,False,6,cap_reached,0.0,0.0,0.0,0.0,0.0,0.0,1.0,100.0
2018-01-30 00:00:00,0.0,0.0,0.0,False,True,False,0,night,0.0,0.0,0.0,0.0,0.0,0.0,1.0,100.0
2018-01-30 01:00:00,0.0,0.0,0.0,False,True,False,0,night,0.0,0.0,0.0,0.0,0.0,0.0,1.0,100.0
2018-01-30 02:00:00,0.0,0.0,0.0,False,True,False,0,night,0.0,0.0,0.0,0.0,0.0,0.0,1.0,100.0
2018-01-30 03:00:00,0.0,0.0,0.0,False,True,False,0,night,0.0,0.0,0.0,0.0,0.0,0.0,1.0,100.0
2018-01-30 04:00:00,0.0,0.0,0.0,False,True,False,0,night,0.0,0.0,0.0,0.0,0.0,0.0,1.0,100.0
2018-01-30 05:00:00,0.0,0.0,0.0,False,True,False,0,night,0.0,0.0,0.0,0.0,0.0,0.0,1.0,100.0
2018-01-30 06:00:00,0.0,0.0,0.0,False,True,False,0,night,0.0,0.0,0.0,0.0,0.0,0.0,1.0,100.0
2018-01-30 07:00:00,0.0,0.0,0.0,False,True,False,0,night,0.0,0.0,0.0,0.0,0.0,0.0,1.0,100.0
2018-01-30 08:00:00,0.376,0.361,167.0,True,True,False,0,battery_empty,0.0,0.0,0.0,0.0,0.361,0.0,1.0,100.0
2018-01-30 09:00:00,1.023,0.982,374.0,True,True,True,1,ok,0.982,0.281,1.263,0.0,0.0,-0.295,0.705,70.5
2018-01-30 10:00:00,0.684,0.657,138.0,True,True,False,1,battery_empty,0.0,0.0,0.0,0.295,0.346,0.295,1.0,100.0
2018-01-30 11:00:00,2.079,1.996,694.0,True,True,True,2,ok,1.263,0.0,1.263,0.0,0.733,0.0,1.0,100.0
2018-01-30 12:00:00,2.369,2.274,551.0,True,True,True,3,ok,1.263,0.0,1.263,0.0,1.011,0.0,1.0,100.0
2018-01-30 13:00:00,1.208,1.16,247.0,True,True,True,4,ok,1.16,0.103,1.263,0.0,0.0,-0.108,0.892,89.2
2018-01-30 14:00:00,1.867,1.792,438.0,True,True,True,5,ok,1.263,0.0,1.263,0.108,0.415,0.108,1.0,100.0
2018-01-30 15:00:00,0.543,0.521,109.0,True,True,True,6,ok,0.521,0.742,1.263,0.0,0.0,-0.781,0.219,21.9
2018-01-30 16:00:00,0.954,0.916,371.0,True,True,False,6,cap_reached,0.0,0.0,0.0,0.781,0.094,0.781,1.0,100.0
2018-01-30 17:00:00,0.272,0.261,152.0,True,True,False,6,cap_reached,0.0,0.0,0.0,0.0,0.261,0.0,1.0,100.0
2018-01-30 18:00:00,0.0,0.0,0.0,False,True,False,6,cap_reached,0.0,0.0,0.0,0.0,0.0,0.0,1.0,100.0
2018-01-30 19:00:00,0.0,0.0,0.0,False,True,False,6,cap_reached,0.0,0.0,0.0,0.0,0.0,0.0,1.0,100.0
2018-01-30 20:00:00,0.0,0.0,0.0,False,True,False,6,cap_reached,0.0,0.0,0.0,0.0,0.0,0.0,1.0,100.0
2018-01-30 21:00:00,0.0,0.0,0.0,False,True,False,6,cap_reached,0.0,0.0,0.0,0.0,0.0,0.0,1.0,100.0
2018-01-30 22:00:00,0.0,0.0,0.0,False,True,False,6,cap_reached,0.0,0.0,0.0,0.0,0.0,0.0,1.0,100.0
2018-01-30 23:00:00,0.0,0.0,0.0,False,True,False,6,cap_reached,0.0,0.0,0.0,0.0,0.0,0.0,1.0,100.0
2018-01-31 00:00:00,0.0,0.0,0.0,False,True,False,0,night,0.0,0.0,0.0,0.0,0.0,0.0,1.0,100.0
2018-01-31 01:00:00,0.0,0.0,0.0,False,True,False,0,night,0.0,0.0,0.0,0.0,0.0,0.0,1.0,100.0
2018-01-31 02:00:00,0.0,0.0,0.0,False,True,False,0,night,0.0,0.0,0.0,0.0,0.0,0.0,1.0,100.0
2018-01-31 03:00:00,0.0,0.0,0.0,False,True,False,0,night,0.0,0.0,0.0,0.0,0.0,0.0,1.0,100.0
2018-01-31 04:00:00,0.0,0.0,0.0,False,True,False,0,night,0.0,0.0,0.0,0.0,0.0,0.0,1.0,100.0
2018-01-31 05:00:00,0.0,0.0,0.0,False,True,False,0,night,0.0,0.0,0.0,0.0,0.0,0.0,1.0,100.0
2018-01-31 06:00:00,0.0,0.0,0.0,False,True,False,0,night,0.0,0.0,0.0,0.0,0.0,0.0,1.0,100.0
2018-01-31 07:00:00,0.0,0.0,0.0,False,True,False,0,night,0.0,0.0,0.0,0.0,0.0,0.0,1.0,100.0
2018-01-31 08:00:00,0.399,0.383,182.0,True,True,False,0,battery_empty,0.0,0.0,0.0,0.0,0.383,0.0,1.0,100.0
2018-01-31 09:00:00,1.187,1.14,252.0,True,True,True,1,ok,1.14,0.123,1.263,0.0,0.0,-0.13,0.87,87.0
2018-01-31 10:00:00,1.123,1.078,228.0,True,True,True,2,ok,1.078,0.185,1.263,0.0,0.0,-0.194,0.676,67.6
2018-01-31 11:00:00,2.161,2.074,722.0,True,True,True,3,ok,1.263,0.0,1.263,0.324,0.47,0.324,1.0,100.0
2018-01-31 12:00:00,0.716,0.688,144.0,True,True,True,4,ok,0.688,0.575,1.263,0.0,0.0,-0.606,0.394,39.4
2018-01-31 13:00:00,0.667,0.64,134.0,True,True,False,4,battery_empty,0.0,0.0,0.0,0.606,0.003,0.606,1.0,100.0
2018-01-31 14:00:00,2.065,1.982,463.0,True,True,True,5,ok,1.263,0.0,1.263,0.0,0.719,0.0,1.0,100.0
2018-01-31 15:00:00,0.166,0.159,33.0,True,True,False,5,battery_empty,0.0,0.0,0.0,0.0,0.159,0.0,1.0,100.0
2018-01-31 16:00:00,0.321,0.308,64.0,True,True,False,5,battery_empty,0.0,0.0,0.0,0.0,0.308,0.0,1.0,100.0
2018-01-31 17:00:00,0.265,0.254,158.0,True,True,False,5,battery_empty,0.0,0.0,0.0,0.0,0.254,0.0,1.0,100.0
2018-01-31 18:00:00,0.0,0.0,0.0,False,True,False,5,night,0.0,0.0,0.0,0.0,0.0,0.0,1.0,100.0
2018-01-31 19:00:00,0.0,0.0,0.0,False,True,False,5,night,0.0,0.0,0.0,0.0,0.0,0.0,1.0,100.0
2018-01-31 20:00:00,0.0,0.0,0.0,False,True,False,5,night,0.0,0.0,0.0,0.0,0.0,0.0,1.0,100.0
2018-01-31 21:00:00,0.0,0.0,0.0,False,True,False,5,night,0.0,0.0,0.0,0.0,0.0,0.0,1.0,100.0
2018-01-31 22:00:00,0.0,0.0,0.0,False,True,False,5,night,0.0,0.0,0.0,0.0,0.0,0.0,1.0,100.0
2018-01-31 23:00:00,0.0,0.0,0.0,False,True,False,5,night,0.0,0.0,0.0,0.0,0.0,0.0,1.0,100.0
2018-02-01 00:00:00,0.0,0.0,0.0,False,True,False,0,night,0.0,0.0,0.0,0.0,0.0,0.0,1.0,100.0
2018-02-01 01:00:00,0.0,0.0,0.0,False,True,False,0,night,0.0,0.0,0.0,0.0,0.0,0.0,1.0,100.0
2018-02-01 02:00:00,0.0,0.0,0.0,False,True,False,0,night,0.0,0.0,0.0,0.0,0.0,0.0,1.0,100.0
2018-02-01 03:00:00,0.0,0.0,0.0,False,True,False,0,night,0.0,0.0,0.0,0.0,0.0,0.0,1.0,100.0
2018-02-01 04:00:00,0.0,0.0,0.0,False,True,False,0,night,0.0,0.0,0.0,0.0,0.0,0.0,1.0,100.0
2018-02-01 05:00:00,0.0,0.0,0.0,False,True,False,0,night,0.0,0.0,0.0,0.0,0.0,0.0,1.0,100.0
2018-02-01 06:00:00,0.0,0.0,0.0,False,True,False,0,night,0.0,0.0,0.0,0.0,0.0,0.0,1.0,100.0
2018-02-01 07:00:00,0.0,0.0,0.0,False,True,False,0,night,0.0,0.0,0.0,0.0,0.0,0.0,1.0,100.0
2018-02-01 08:00:00,0.349,0.336,193.0,True,True,False,0,battery_empty,0.0,0.0,0.0,0.0,0.336,0.0,1.0,100.0
2018-02-01 09:00:00,1.054,1.011,411.0,True,True,True,1,ok,1.011,0.252,1.263,0.0,0.0,-0.265,0.735,73.5
2018-02-01 10:00:00,1.683,1.615,600.0,True,True,True,2,ok,1.263,0.0,1.263,0.265,0.074,0.265,1.0,100.0
2018-02-01 11:00:00,2.133,2.048,732.0,True,True,True,3,ok,1.263,0.0,1.263,0.0,0.785,0.0,1.0,100.0
2018-02-01 12:00:00,2.098,2.014,470.0,True,True,True,4,ok,1.263,0.0,1.263,0.0,0.751,0.0,1.0,100.0
2018-02-01 13:00:00,2.335,2.241,793.0,True,True,True,5,ok,1.263,0.0,1.263,0.0,0.978,0.0,1.0,100.0
2018-02-01 14:00:00,2.077,1.994,717.0,True,True,True,6,ok,1.263,0.0,1.263,0.0,0.731,0.0,1.0,100.0
2018-02-01 15:00:00,1.594,1.53,573.0,True,True,False,6,cap_reached,0.0,0.0,0.0,0.0,1.53,0.0,1.0,100.0
2018-02-01 16:00:00,0.948,0.91,379.0,True,True,False,6,cap_reached,0.0,0.0,0.0,0.0,0.91,0.0,1.0,100.0
2018-02-01 17:00:00,0.256,0.246,161.0,True,True,False,6,cap_reached,0.0,0.0,0.0,0.0,0.246,0.0,1.0,100.0
2018-02-01 18:00:00,0.0,0.0,0.0,False,True,False,6,cap_reached,0.0,0.0,0.0,0.0,0.0,0.0,1.0,100.0
2018-02-01 19:00:00,0.0,0.0,0.0,False,True,False,6,cap_reached,0.0,0.0,0.0,0.0,0.0,0.0,1.0,100.0
2018-02-01 20:00:00,0.0,0.0,0.0,False,True,False,6,cap_reached,0.0,0.0,0.0,0.0,0.0,0.0,1.0,100.0
2018-02-01 21:00:00,0.0,0.0,0.0,False,True,False,6,cap_reached,0.0,0.0,0.0,0.0,0.0,0.0,1.0,100.0
2018-02-01 22:00:00,0.0,0.0,0.0,False,True,False,6,cap_reached,0.0,0.0,0.0,0.0,0.0,0.0,1.0,100.0
2018-02-01 23:00:00,0.0,0.0,0.0,False,True,False,6,cap_reached,0.0,0.0,0.0,0.0,0.0,0.0,1.0,100.0
2018-02-02 00:00:00,0.0,0.0,0.0,False,True,False,0,night,0.0,0.0,0.0,0.0,0.0,0.0,1.0,100.0
2018-02-02 01:00:00,0.0,0.0,0.0,False,True,False,0,night,0.0,0.0,0.0,0.0,0.0,0.0,1.0,100.0
2018-02-02 02:00:00,0.0,0.0,0.0,False,True,False,0,night,0.0,0.0,0.0,0.0,0.0,0.0,1.0,100.0
2018-02-02 03:00:00,0.0,0.0,0.0,False,True,False,0,night,0.0,0.0,0.0,0.0,0.0,0.0,1.0,100.0
2018-02-02 04:00:00,0.0,0.0,0.0,False,True,False,0,night,0.0,0.0,0.0,0.0,0.0,0.0,1.0,100.0
2018-02-02 05:00:00,0.0,0.0,0.0,False,True,False,0,night,0.0,0.0,0.0,0.0,0.0,0.0,1.0,100.0
2018-02-02 06:00:00,0.0,0.0,0.0,False,True,False,0,night,0.0,0.0,0.0,0.0,0.0,0.0,1.0,100.0
2018-02-02 07:00:00,0.0,0.0,0.0,False,True,False,0,night,0.0,0.0,0.0,0.0,0.0,0.0,1.0,100.0
2018-02-02 08:00:00,0.347,0.333,193.0,True,True,False,0,battery_empty,0.0,0.0,0.0,0.0,0.333,0.0,1.0,100.0
2018-02-02 09:00:00,1.047,1.005,409.0,True,True,True,1,ok,1.005,0.258,1.263,0.0,0.0,-0.271,0.729,72.9
2018-02-02 10:00:00,1.666,1.6,594.0,True,True,True,2,ok,1.263,0.0,1.263,0.271,0.051,0.271,1.0,100.0
2018-02-02 11:00:00,2.112,2.028,725.0,True,True,True,3,ok,1.263,0.0,1.263,0.0,0.765,0.0,1.0,100.0
2018-02-02 12:00:00,2.329,2.236,790.0,True,True,True,4,ok,1.263,0.0,1.263,0.0,0.973,0.0,1.0,100.0
2018-02-02 13:00:00,2.311,2.219,784.0,True,True,True,5,ok,1.263,0.0,1.263,0.0,0.956,0.0,1.0,100.0
2018-02-02 14:00:00,2.058,1.975,708.0,True,True,True,6,ok,1.263,0.0,1.263,0.0,0.712,0.0,1.0,100.0
2018-02-02 15:00:00,1.581,1.518,567.0,True,True,False,6,cap_reached,0.0,0.0,0.0,0.0,1.518,0.0,1.0,100.0
2018-02-02 16:00:00,0.937,0.9,195.0,True,True,False,6,cap_reached,0.0,0.0,0.0,0.0,0.9,0.0,1.0,100.0
2018-02-02 17:00:00,0.259,0.248,161.0,True,True,False,6,cap_reached,0.0,0.0,0.0,0.0,0.248,0.0,1.0,100.0
2018-02-02 18:00:00,0.0,0.0,0.0,False,True,False,6,cap_reached,0.0,0.0,0.0,0.0,0.0,0.0,1.0,100.0
2018-02-02 19:00:00,0.0,0.0,0.0,False,True,False,6,cap_reached,0.0,0.0,0.0,0.0,0.0,0.0,1.0,100.0
2018-02-02 20:00:00,0.0,0.0,0.0,False,True,False,6,cap_reached,0.0,0.0,0.0,0.0,0.0,0.0,1.0,100.0
2018-02-02 21:00:00,0.0,0.0,0.0,False,True,False,6,cap_reached,0.0,0.0,0.0,0.0,0.0,0.0,1.0,100.0
2018-02-02 22:00:00,0.0,0.0,0.0,False,True,False,6,cap_reached,0.0,0.0,0.0,0.0,0.0,0.0,1.0,100.0
2018-02-02 23:00:00,0.0,0.0,0.0,False,True,False,6,cap_reached,0.0,0.0,0.0,0.0,0.0,0.0,1.0,100.0
2018-02-03 00:00:00,0.0,0.0,0.0,False,True,False,0,night,0.0,0.0,0.0,0.0,0.0,0.0,1.0,100.0
2018-02-03 01:00:00,0.0,0.0,0.0,False,True,False,0,night,0.0,0.0,0.0,0.0,0.0,0.0,1.0,100.0
2018-02-03 02:00:00,0.0,0.0,0.0,False,True,False,0,night,0.0,0.0,0.0,0.0,0.0,0.0,1.0,100.0
2018-02-03 03:00:00,0.0,0.0,0.0,False,True,False,0,night,0.0,0.0,0.0,0.0,0.0,0.0,1.0,100.0
2018-02-03 04:00:00,0.0,0.0,0.0,False,True,False,0,night,0.0,0.0,0.0,0.0,0.0,0.0,1.0,100.0
2018-02-03 05:00:00,0.0,0.0,0.0,False,True,False,0,night,0.0,0.0,0.0,0.0,0.0,0.0,1.0,100.0
2018-02-03 06:00:00,0.0,0.0,0.0,False,True,False,0,night,0.0,0.0,0.0,0.0,0.0,0.0,1.0,100.0
2018-02-03 07:00:00,0.0,0.0,0.0,False,True,False,0,night,0.0,0.0,0.0,0.0,0.0,0.0,1.0,100.0
2018-02-03 08:00:00,0.369,0.354,190.0,True,True,False,0,battery_empty,0.0,0.0,0.0,0.0,0.354,0.0,1.0,100.0
2018-02-03 09:00:00,1.063,1.021,404.0,True,True,True,1,ok,1.021,0.242,1.263,0.0,0.0,-0.255,0.745,74.5
2018-02-03 10:00:00,1.687,1.62,586.0,True,True,True,2,ok,1.263,0.0,1.263,0.255,0.088,0.255,1.0,100.0
2018-02-03 11:00:00,2.136,2.05,718.0,True,True,True,3,ok,1.263,0.0,1.263,0.0,0.787,0.0,1.0,100.0
2018-02-03 12:00:00,2.356,2.262,782.0,True,True,True,4,ok,1.263,0.0,1.263,0.0,0.999,0.0,1.0,100.0
2018-02-03 13:00:00,2.338,2.244,777.0,True,True,True,5,ok,1.263,0.0,1.263,0.0,0.981,0.0,1.0,100.0
2018-02-03 14:00:00,2.078,1.995,700.0,True,True,True,6,ok,1.263,0.0,1.263,0.0,0.732,0.0,1.0,100.0
2018-02-03 15:00:00,1.607,1.543,559.0,True,True,False,6,cap_reached,0.0,0.0,0.0,0.0,1.543,0.0,1.0,100.0
2018-02-03 16:00:00,0.393,0.377,79.0,True,True,False,6,cap_reached,0.0,0.0,0.0,0.0,0.377,0.0,1.0,100.0
2018-02-03 17:00:00,0.305,0.292,156.0,True,True,False,6,cap_reached,0.0,0.0,0.0,0.0,0.292,0.0,1.0,100.0
2018-02-03 18:00:00,0.0,0.0,0.0,False,True,False,6,cap_reached,0.0,0.0,0.0,0.0,0.0,0.0,1.0,100.0
2018-02-03 19:00:00,0.0,0.0,0.0,False,True,False,6,cap_reached,0.0,0.0,0.0,0.0,0.0,0.0,1.0,100.0
2018-02-03 20:00:00,0.0,0.0,0.0,False,True,False,6,cap_reached,0.0,0.0,0.0,0.0,0.0,0.0,1.0,100.0
2018-02-03 21:00:00,0.0,0.0,0.0,False,True,False,6,cap_reached,0.0,0.0,0.0,0.0,0.0,0.0,1.0,100.0
2018-02-03 22:00:00,0.0,0.0,0.0,False,True,False,6,cap_reached,0.0,0.0,0.0,0.0,0.0,0.0,1.0,100.0
2018-02-03 23:00:00,0.0,0.0,0.0,False,True,False,6,cap_reached,0.0,0.0,0.0,0.0,0.0,0.0,1.0,100.0
2018-02-04 00:00:00,0.0,0.0,0.0,False,True,False,0,night,0.0,0.0,0.0,0.0,0.0,0.0,1.0,100.0
2018-02-04 01:00:00,0.0,0.0,0.0,False,True,False,0,night,0.0,0.0,0.0,0.0,0.0,0.0,1.0,100.0
2018-02-04 02:00:00,0.0,0.0,0.0,False,True,False,0,night,0.0,0.0,0.0,0.0,0.0,0.0,1.0,100.0
2018-02-04 03:00:00,0.0,0.0,0.0,False,True,False,0,night,0.0,0.0,0.0,0.0,0.0,0.0,1.0,100.0
2018-02-04 04:00:00,0.0,0.0,0.0,False,True,False,0,night,0.0,0.0,0.0,0.0,0.0,0.0,1.0,100.0
2018-02-04 05:00:00,0.0,0.0,0.0,False,True,False,0,night,0.0,0.0,0.0,0.0,0.0,0.0,1.0,100.0
2018-02-04 06:00:00,0.0,0.0,0.0,False,True,False,0,night,0.0,0.0,0.0,0.0,0.0,0.0,1.0,100.0
2018-02-04 07:00:00,0.055,0.053,12.0,False,True,False,0,night,0.0,0.0,0.0,0.0,0.053,0.0,1.0,100.0
2018-02-04 08:00:00,0.39,0.375,186.0,True,True,False,0,battery_empty,0.0,0.0,0.0,0.0,0.375,0.0,1.0,100.0
2018-02-04 09:00:00,1.078,1.035,399.0,True,True,True,1,ok,1.035,0.228,1.263,0.0,0.0,-0.24,0.76,76.0
2018-02-04 10:00:00,1.673,1.606,456.0,True,True,True,2,ok,1.263,0.0,1.263,0.24,0.09,0.24,1.0,100.0
2018-02-04 11:00:00,2.135,2.049,716.0,True,True,True,3,ok,1.263,0.0,1.263,0.0,0.786,0.0,1.0,100.0
2018-02-04 12:00:00,2.351,2.257,783.0,True,True,True,4,ok,1.263,0.0,1.263,0.0,0.994,0.0,1.0,100.0
2018-02-04 13:00:00,2.335,2.242,780.0,True,True,True,5,ok,1.263,0.0,1.263,0.0,0.979,0.0,1.0,100.0
2018-02-04 14:00:00,2.081,1.998,705.0,True,True,True,6,ok,1.263,0.0,1.263,0.0,0.735,0.0,1.0,100.0
2018-02-04 15:00:00,1.611,1.546,567.0,True,True,False,6,cap_reached,0.0,0.0,0.0,0.0,1.546,0.0,1.0,100.0
2018-02-04 16:00:00,0.978,0.939,378.0,True,True,False,6,cap_reached,0.0,0.0,0.0,0.0,0.939,0.0,1.0,100.0
2018-02-04 17:00:00,0.292,0.28,164.0,True,True,False,6,cap_reached,0.0,0.0,0.0,0.0,0.28,0.0,1.0,100.0
2018-02-04 18:00:00,0.0,0.0,0.0,False,True,False,6,cap_reached,0.0,0.0,0.0,0.0,0.0,0.0,1.0,100.0
2018-02-04 19:00:00,0.0,0.0,0.0,False,True,False,6,cap_reached,0.0,0.0,0.0,0.0,0.0,0.0,1.0,100.0
2018-02-04 20:00:00,0.0,0.0,0.0,False,True,False,6,cap_reached,0.0,0.0,0.0,0.0,0.0,0.0,1.0,100.0
2018-02-04 21:00:00,0.0,0.0,0.0,False,True,False,6,cap_reached,0.0,0.0,0.0,0.0,0.0,0.0,1.0,100.0
2018-02-04 22:00:00,0.0,0.0,0.0,False,True,False,6,cap_reached,0.0,0.0,0.0,0.0,0.0,0.0,1.0,100.0
2018-02-04 23:00:00,0.0,0.0,0.0,False,True,False,6,cap_reached,0.0,0.0,0.0,0.0,0.0,0.0,1.0,100.0
2018-02-05 00:00:00,0.0,0.0,0.0,False,True,False,0,night,0.0,0.0,0.0,0.0,0.0,0.0,1.0,100.0
2018-02-05 01:00:00,0.0,0.0,0.0,False,True,False,0,night,0.0,0.0,0.0,0.0,0.0,0.0,1.0,100.0
2018-02-05 02:00:00,0.0,0.0,0.0,False,True,False,0,night,0.0,0.0,0.0,0.0,0.0,0.0,1.0,100.0
2018-02-05 03:00:00,0.0,0.0,0.0,False,True,False,0,night,0.0,0.0,0.0,0.0,0.0,0.0,1.0,100.0
2018-02-05 04:00:00,0.0,0.0,0.0,False,True,False,0,night,0.0,0.0,0.0,0.0,0.0,0.0,1.0,100.0
2018-02-05 05:00:00,0.0,0.0,0.0,False,True,False,0,night,0.0,0.0,0.0,0.0,0.0,0.0,1.0,100.0
2018-02-05 06:00:00,0.0,0.0,0.0,False,True,False,0,night,0.0,0.0,0.0,0.0,0.0,0.0,1.0,100.0
2018-02-05 07:00:00,0.055,0.053,13.0,False,True,False,0,night,0.0,0.0,0.0,0.0,0.053,0.0,1.0,100.0
2018-02-05 08:00:00,0.383,0.368,192.0,True,True,False,0,battery_empty,0.0,0.0,0.0,0.0,0.368,0.0,1.0,100.0
2018-02-05 09:00:00,1.077,1.034,403.0,True,True,True,1,ok,1.034,0.229,1.263,0.0,0.0,-0.241,0.759,75.9
2018-02-05 10:00:00,1.685,1.618,586.0,True,True,True,2,ok,1.263,0.0,1.263,0.241,0.101,0.241,1.0,100.0
2018-02-05 11:00:00,2.124,2.039,715.0,True,True,True,3,ok,1.263,0.0,1.263,0.0,0.776,0.0,1.0,100.0
2018-02-05 12:00:00,2.349,2.255,780.0,True,True,True,4,ok,1.263,0.0,1.263,0.0,0.992,0.0,1.0,100.0
2018-02-05 13:00:00,2.336,2.242,773.0,True,True,True,5,ok,1.263,0.0,1.263,0.0,0.979,0.0,1.0,100.0
2018-02-05 14:00:00,2.089,2.005,697.0,True,True,True,6,ok,1.263,0.0,1.263,0.0,0.742,0.0,1.0,100.0
2018-02-05 15:00:00,1.007,0.967,207.0,True,True,False,6,cap_reached,0.0,0.0,0.0,0.0,0.967,0.0,1.0,100.0
2018-02-05 16:00:00,1.004,0.964,372.0,True,True,False,6,cap_reached,0.0,0.0,0.0,0.0,0.964,0.0,1.0,100.0
2018-02-05 17:00:00,0.327,0.314,161.0,True,True,False,6,cap_reached,0.0,0.0,0.0,0.0,0.314,0.0,1.0,100.0
2018-02-05 18:00:00,0.0,0.0,0.0,False,True,False,6,cap_reached,0.0,0.0,0.0,0.0,0.0,0.0,1.0,100.0
2018-02-05 19:00:00,0.0,0.0,0.0,False,True,False,6,cap_reached,0.0,0.0,0.0,0.0,0.0,0.0,1.0,100.0
2018-02-05 20:00:00,0.0,0.0,0.0,False,True,False,6,cap_reached,0.0,0.0,0.0,0.0,0.0,0.0,1.0,100.0
2018-02-05 21:00:00,0.0,0.0,0.0,False,True,False,6,cap_reached,0.0,0.0,0.0,0.0,0.0,0.0,1.0,100.0
2018-02-05 22:00:00,0.0,0.0,0.0,False,True,False,6,cap_reached,0.0,0.0,0.0,0.0,0.0,0.0,1.0,100.0
2018-02-05 23:00:00,0.0,0.0,0.0,False,True,False,6,cap_reached,0.0,0.0,0.0,0.0,0.0,0.0,1.0,100.0
2018-02-06 00:00:00,0.0,0.0,0.0,False,True,False,0,night,0.0,0.0,0.0,0.0,0.0,0.0,1.0,100.0
2018-02-06 01:00:00,0.0,0.0,0.0,False,True,False,0,night,0.0,0.0,0.0,0.0,0.0,0.0,1.0,100.0
2018-02-06 02:00:00,0.0,0.0,0.0,False,True,False,0,night,0.0,0.0,0.0,0.0,0.0,0.0,1.0,100.0
2018-02-06 03:00:00,0.0,0.0,0.0,False,True,False,0,night,0.0,0.0,0.0,0.0,0.0,0.0,1.0,100.0
2018-02-06 04:00:00,0.0,0.0,0.0,False,True,False,0,night,0.0,0.0,0.0,0.0,0.0,0.0,1.0,100.0
2018-02-06 05:00:00,0.0,0.0,0.0,False,True,False,0,night,0.0,0.0,0.0,0.0,0.0,0.0,1.0,100.0
2018-02-06 06:00:00,0.0,0.0,0.0,False,True,False,0,night,0.0,0.0,0.0,0.0,0.0,0.0,1.0,100.0
2018-02-06 07:00:00,0.055,0.053,14.0,False,True,False,0,night,0.0,0.0,0.0,0.0,0.053,0.0,1.0,100.0
2018-02-06 08:00:00,0.399,0.383,193.0,True,True,False,0,battery_empty,0.0,0.0,0.0,0.0,0.383,0.0,1.0,100.0
2018-02-06 09:00:00,1.095,1.052,406.0,True,True,True,1,ok,1.052,0.211,1.263,0.0,0.0,-0.222,0.778,77.8
2018-02-06 10:00:00,0.568,0.545,115.0,True,True,False,1,battery_empty,0.0,0.0,0.0,0.222,0.311,0.222,1.0,100.0
2018-02-06 11:00:00,2.159,2.073,720.0,True,True,True,2,ok,1.263,0.0,1.263,0.0,0.81,0.0,1.0,100.0
2018-02-06 12:00:00,1.79,1.718,384.0,True,True,True,3,ok,1.263,0.0,1.263,0.0,0.455,0.0,1.0,100.0
2018-02-06 13:00:00,1.495,1.435,311.0,True,True,True,4,ok,1.263,0.0,1.263,0.0,0.172,0.0,1.0,100.0
2018-02-06 14:00:00,2.107,2.023,711.0,True,True,True,5,ok,1.263,0.0,1.263,0.0,0.76,0.0,1.0,100.0
2018-02-06 15:00:00,1.641,1.575,572.0,True,True,True,6,ok,1.263,0.0,1.263,0.0,0.312,0.0,1.0,100.0
2018-02-06 16:00:00,1.011,0.97,384.0,True,True,False,6,cap_reached,0.0,0.0,0.0,0.0,0.97,0.0,1.0,100.0
2018-02-06 17:00:00,0.319,0.307,170.0,True,True,False,6,cap_reached,0.0,0.0,0.0,0.0,0.307,0.0,1.0,100.0
2018-02-06 18:00:00,0.0,0.0,0.0,False,True,False,6,cap_reached,0.0,0.0,0.0,0.0,0.0,0.0,1.0,100.0
2018-02-06 19:00:00,0.0,0.0,0.0,False,True,False,6,cap_reached,0.0,0.0,0.0,0.0,0.0,0.0,1.0,100.0
2018-02-06 20:00:00,0.0,0.0,0.0,False,True,False,6,cap_reached,0.0,0.0,0.0,0.0,0.0,0.0,1.0,100.0
2018-02-06 21:00:00,0.0,0.0,0.0,False,True,False,6,cap_reached,0.0,0.0,0.0,0.0,0.0,0.0,1.0,100.0
2018-02-06 22:00:00,0.0,0.0,0.0,False,True,False,6,cap_reached,0.0,0.0,0.0,0.0,0.0,0.0,1.0,100.0
2018-02-06 23:00:00,0.0,0.0,0.0,False,True,False,6,cap_reached,0.0,0.0,0.0,0.0,0.0,0.0,1.0,100.0
2018-02-07 00:00:00,0.0,0.0,0.0,False,True,False,0,night,0.0,0.0,0.0,0.0,0.0,0.0,1.0,100.0
2018-02-07 01:00:00,0.0,0.0,0.0,False,True,False,0,night,0.0,0.0,0.0,0.0,0.0,0.0,1.0,100.0
2018-02-07 02:00:00,0.0,0.0,0.0,False,True,False,0,night,0.0,0.0,0.0,0.0,0.0,0.0,1.0,100.0
2018-02-07 03:00:00,0.0,0.0,0.0,False,True,False,0,night,0.0,0.0,0.0,0.0,0.0,0.0,1.0,100.0
2018-02-07 04:00:00,0.0,0.0,0.0,False,True,False,0,night,0.0,0.0,0.0,0.0,0.0,0.0,1.0,100.0
2018-02-07 05:00:00,0.0,0.0,0.0,False,True,False,0,night,0.0,0.0,0.0,0.0,0.0,0.0,1.0,100.0
2018-02-07 06:00:00,0.0,0.0,0.0,False,True,False,0,night,0.0,0.0,0.0,0.0,0.0,0.0,1.0,100.0
2018-02-07 07:00:00,0.06,0.058,15.0,False,True,False,0,night,0.0,0.0,0.0,0.0,0.058,0.0,1.0,100.0
2018-02-07 08:00:00,0.419,0.402,198.0,True,True,False,0,battery_empty,0.0,0.0,0.0,0.0,0.402,0.0,1.0,100.0
2018-02-07 09:00:00,1.123,1.078,413.0,True,True,True,1,ok,1.078,0.185,1.263,0.0,0.0,-0.195,0.805,80.5
2018-02-07 10:00:00,1.751,1.681,596.0,True,True,True,2,ok,1.263,0.0,1.263,0.195,0.213,0.195,1.0,100.0
2018-02-07 11:00:00,2.202,2.114,730.0,True,True,True,3,ok,1.263,0.0,1.263,0.0,0.851,0.0,1.0,100.0
2018-02-07 12:00:00,2.433,2.335,801.0,True,True,True,4,ok,1.263,0.0,1.263,0.0,1.072,0.0,1.0,100.0
2018-02-07 13:00:00,2.422,2.325,798.0,True,True,True,5,ok,1.263,0.0,1.263,0.0,1.062,0.0,1.0,100.0
2018-02-07 14:00:00,2.172,2.085,724.0,True,True,True,6,ok,1.263,0.0,1.263,0.0,0.822,0.0,1.0,100.0
2018-02-07 15:00:00,1.698,1.631,583.0,True,True,False,6,cap_reached,0.0,0.0,0.0,0.0,1.631,0.0,1.0,100.0
2018-02-07 16:00:00,1.054,1.012,390.0,True,True,False,6,cap_reached,0.0,0.0,0.0,0.0,1.012,0.0,1.0,100.0
2018-02-07 17:00:00,0.352,0.338,172.0,True,True,False,6,cap_reached,0.0,0.0,0.0,0.0,0.338,0.0,1.0,100.0
2018-02-07 18:00:00,0.0,0.0,0.0,False,True,False,6,cap_reached,0.0,0.0,0.0,0.0,0.0,0.0,1.0,100.0
2018-02-07 19:00:00,0.0,0.0,0.0,False,True,False,6,cap_reached,0.0,0.0,0.0,0.0,0.0,0.0,1.0,100.0
2018-02-07 20:00:00,0.0,0.0,0.0,False,True,False,6,cap_reached,0.0,0.0,0.0,0.0,0.0,0.0,1.0,100.0
2018-02-07 21:00:00,0.0,0.0,0.0,False,True,False,6,cap_reached,0.0,0.0,0.0,0.0,0.0,0.0,1.0,100.0
2018-02-07 22:00:00,0.0,0.0,0.0,False,True,False,6,cap_reached,0.0,0.0,0.0,0.0,0.0,0.0,1.0,100.0
2018-02-07 23:00:00,0.0,0.0,0.0,False,True,False,6,cap_reached,0.0,0.0,0.0,0.0,0.0,0.0,1.0,100.0
2018-02-08 00:00:00,0.0,0.0,0.0,False,True,False,0,night,0.0,0.0,0.0,0.0,0.0,0.0,1.0,100.0
2018-02-08 01:00:00,0.0,0.0,0.0,False,True,False,0,night,0.0,0.0,0.0,0.0,0.0,0.0,1.0,100.0
2018-02-08 02:00:00,0.0,0.0,0.0,False,True,False,0,night,0.0,0.0,0.0,0.0,0.0,0.0,1.0,100.0
2018-02-08 03:00:00,0.0,0.0,0.0,False,True,False,0,night,0.0,0.0,0.0,0.0,0.0,0.0,1.0,100.0
2018-02-08 04:00:00,0.0,0.0,0.0,False,True,False,0,night,0.0,0.0,0.0,0.0,0.0,0.0,1.0,100.0
2018-02-08 05:00:00,0.0,0.0,0.0,False,True,False,0,night,0.0,0.0,0.0,0.0,0.0,0.0,1.0,100.0
2018-02-08 06:00:00,0.0,0.0,0.0,False,True,False,0,night,0.0,0.0,0.0,0.0,0.0,0.0,1.0,100.0
2018-02-08 07:00:00,0.06,0.058,16.0,False,True,False,0,night,0.0,0.0,0.0,0.0,0.058,0.0,1.0,100.0
2018-02-08 08:00:00,0.424,0.407,203.0,True,True,False,0,battery_empty,0.0,0.0,0.0,0.0,0.407,0.0,1.0,100.0
2018-02-08 09:00:00,1.137,1.091,419.0,True,True,True,1,ok,1.091,0.172,1.263,0.0,0.0,-0.181,0.819,81.9
2018-02-08 10:00:00,1.765,1.695,604.0,True,True,True,2,ok,1.263,0.0,1.263,0.181,0.241,0.181,1.0,100.0
2018-02-08 11:00:00,2.215,2.127,737.0,True,True,True,3,ok,1.263,0.0,1.263,0.0,0.864,0.0,1.0,100.0
2018-02-08 12:00:00,2.434,2.337,803.0,True,True,True,4,ok,1.263,0.0,1.263,0.0,1.074,0.0,1.0,100.0
2018-02-08 13:00:00,2.42,2.323,799.0,True,True,True,5,ok,1.263,0.0,1.263,0.0,1.06,0.0,1.0,100.0
2018-02-08 14:00:00,2.165,2.079,721.0,True,True,True,6,ok,1.263,0.0,1.263,0.0,0.816,0.0,1.0,100.0
2018-02-08 15:00:00,1.508,1.448,328.0,True,True,False,6,cap_reached,0.0,0.0,0.0,0.0,1.448,0.0,1.0,100.0
2018-02-08 16:00:00,1.059,1.016,389.0,True,True,False,6,cap_reached,0.0,0.0,0.0,0.0,1.016,0.0,1.0,100.0
2018-02-08 17:00:00,0.361,0.347,173.0,True,True,False,6,cap_reached,0.0,0.0,0.0,0.0,0.347,0.0,1.0,100.0
2018-02-08 18:00:00,0.0,0.0,0.0,False,True,False,6,cap_reached,0.0,0.0,0.0,0.0,0.0,0.0,1.0,100.0
2018-02-08 19:00:00,0.0,0.0,0.0,False,True,False,6,cap_reached,0.0,0.0,0.0,0.0,0.0,0.0,1.0,100.0
2018-02-08 20:00:00,0.0,0.0,0.0,False,True,False,6,cap_reached,0.0,0.0,0.0,0.0,0.0,0.0,1.0,100.0
2018-02-08 21:00:00,0.0,0.0,0.0,False,True,False,6,cap_reached,0.0,0.0,0.0,0.0,0.0,0.0,1.0,100.0
2018-02-08 22:00:00,0.0,0.0,0.0,False,True,False,6,cap_reached,0.0,0.0,0.0,0.0,0.0,0.0,1.0,100.0
2018-02-08 23:00:00,0.0,0.0,0.0,False,True,False,6,cap_reached,0.0,0.0,0.0,0.0,0.0,0.0,1.0,100.0
2018-02-09 00:00:00,0.0,0.0,0.0,False,True,False,0,night,0.0,0.0,0.0,0.0,0.0,0.0,1.0,100.0
2018-02-09 01:00:00,0.0,0.0,0.0,False,True,False,0,night,0.0,0.0,0.0,0.0,0.0,0.0,1.0,100.0
2018-02-09 02:00:00,0.0,0.0,0.0,False,True,False,0,night,0.0,0.0,0.0,0.0,0.0,0.0,1.0,100.0
2018-02-09 03:00:00,0.0,0.0,0.0,False,True,False,0,night,0.0,0.0,0.0,0.0,0.0,0.0,1.0,100.0
2018-02-09 04:00:00,0.0,0.0,0.0,False,True,False,0,night,0.0,0.0,0.0,0.0,0.0,0.0,1.0,100.0
2018-02-09 05:00:00,0.0,0.0,0.0,False,True,False,0,night,0.0,0.0,0.0,0.0,0.0,0.0,1.0,100.0
2018-02-09 06:00:00,0.0,0.0,0.0,False,True,False,0,night,0.0,0.0,0.0,0.0,0.0,0.0,1.0,100.0
2018-02-09 07:00:00,0.065,0.062,18.0,False,True,False,0,night,0.0,0.0,0.0,0.0,0.062,0.0,1.0,100.0
2018-02-09 08:00:00,0.448,0.43,207.0,True,True,True,1,ok,0.43,0.833,1.263,0.0,0.0,-0.876,0.124,12.4
2018-02-09 09:00:00,1.17,1.123,425.0,True,True,False,1,battery_empty,0.0,0.0,0.0,0.876,0.201,0.876,1.0,100.0
2018-02-09 10:00:00,1.798,1.726,611.0,True,True,True,2,ok,1.263,0.0,1.263,0.0,0.463,0.0,1.0,100.0
2018-02-09 11:00:00,2.249,2.159,744.0,True,True,True,3,ok,1.263,0.0,1.263,0.0,0.896,0.0,1.0,100.0
2018-02-09 12:00:00,1.562,1.499,327.0,True,True,True,4,ok,1.263,0.0,1.263,0.0,0.236,0.0,1.0,100.0
2018-02-09 13:00:00,1.403,1.347,291.0,True,True,True,5,ok,1.263,0.0,1.263,0.0,0.084,0.0,1.0,100.0
2018-02-09 14:00:00,2.016,1.935,456.0,True,True,True,6,ok,1.263,0.0,1.263,0.0,0.672,0.0,1.0,100.0
2018-02-09 15:00:00,1.74,1.67,588.0,True,True,False,6,cap_reached,0.0,0.0,0.0,0.0,1.67,0.0,1.0,100.0
2018-02-09 16:00:00,1.098,1.054,394.0,True,True,False,6,cap_reached,0.0,0.0,0.0,0.0,1.054,0.0,1.0,100.0
2018-02-09 17:00:00,0.394,0.378,176.0,True,True,False,6,cap_reached,0.0,0.0,0.0,0.0,0.378,0.0,1.0,100.0
2018-02-09 18:00:00,0.0,0.0,0.0,False,True,False,6,cap_reached,0.0,0.0,0.0,0.0,0.0,0.0,1.0,100.0
2018-02-09 19:00:00,0.0,0.0,0.0,False,True,False,6,cap_reached,0.0,0.0,0.0,0.0,0.0,0.0,1.0,100.0
2018-02-09 20:00:00,0.0,0.0,0.0,False,True,False,6,cap_reached,0.0,0.0,0.0,0.0,0.0,0.0,1.0,100.0
2018-02-09 21:00:00,0.0,0.0,0.0,False,True,False,6,cap_reached,0.0,0.0,0.0,0.0,0.0,0.0,1.0,100.0
2018-02-09 22:00:00,0.0,0.0,0.0,False,True,False,6,cap_reached,0.0,0.0,0.0,0.0,0.0,0.0,1.0,100.0
2018-02-09 23:00:00,0.0,0.0,0.0,False,True,False,6,cap_reached,0.0,0.0,0.0,0.0,0.0,0.0,1.0,100.0
2018-02-10 00:00:00,0.0,0.0,0.0,False,True,False,0,night,0.0,0.0,0.0,0.0,0.0,0.0,1.0,100.0
2018-02-10 01:00:00,0.0,0.0,0.0,False,True,False,0,night,0.0,0.0,0.0,0.0,0.0,0.0,1.0,100.0
2018-02-10 02:00:00,0.0,0.0,0.0,False,True,False,0,night,0.0,0.0,0.0,0.0,0.0,0.0,1.0,100.0
2018-02-10 03:00:00,0.0,0.0,0.0,False,True,False,0,night,0.0,0.0,0.0,0.0,0.0,0.0,1.0,100.0
2018-02-10 04:00:00,0.0,0.0,0.0,False,True,False,0,night,0.0,0.0,0.0,0.0,0.0,0.0,1.0,100.0
2018-02-10 05:00:00,0.0,0.0,0.0,False,True,False,0,night,0.0,0.0,0.0,0.0,0.0,0.0,1.0,100.0
2018-02-10 06:00:00,0.0,0.0,0.0,False,True,False,0,night,0.0,0.0,0.0,0.0,0.0,0.0,1.0,100.0
2018-02-10 07:00:00,0.075,0.072,18.0,False,True,False,0,night,0.0,0.0,0.0,0.0,0.072,0.0,1.0,100.0
2018-02-10 08:00:00,0.496,0.476,205.0,True,True,True,1,ok,0.476,0.787,1.263,0.0,0.0,-0.828,0.172,17.2
2018-02-10 09:00:00,1.216,1.167,424.0,True,True,False,1,battery_empty,0.0,0.0,0.0,0.828,0.296,0.828,1.0,100.0
2018-02-10 10:00:00,1.847,1.773,613.0,True,True,True,2,ok,1.263,0.0,1.263,0.0,0.51,0.0,1.0,100.0
2018-02-10 11:00:00,2.293,2.201,748.0,True,True,True,3,ok,1.263,0.0,1.263,0.0,0.938,0.0,1.0,100.0
2018-02-10 12:00:00,2.524,2.423,816.0,True,True,True,4,ok,1.263,0.0,1.263,0.0,1.16,0.0,1.0,100.0
2018-02-10 13:00:00,2.505,2.405,814.0,True,True,True,5,ok,1.263,0.0,1.263,0.0,1.142,0.0,1.0,100.0
2018-02-10 14:00:00,2.25,2.16,735.0,True,True,True,6,ok,1.263,0.0,1.263,0.0,0.897,0.0,1.0,100.0
2018-02-10 15:00:00,1.778,1.707,593.0,True,True,False,6,cap_reached,0.0,0.0,0.0,0.0,1.707,0.0,1.0,100.0
2018-02-10 16:00:00,1.132,1.087,399.0,True,True,False,6,cap_reached,0.0,0.0,0.0,0.0,1.087,0.0,1.0,100.0
2018-02-10 17:00:00,0.414,0.398,181.0,True,True,False,6,cap_reached,0.0,0.0,0.0,0.0,0.398,0.0,1.0,100.0
2018-02-10 18:00:00,0.0,0.0,0.0,False,True,False,6,cap_reached,0.0,0.0,0.0,0.0,0.0,0.0,1.0,100.0
2018-02-10 19:00:00,0.0,0.0,0.0,False,True,False,6,cap_reached,0.0,0.0,0.0,0.0,0.0,0.0,1.0,100.0
2018-02-10 20:00:00,0.0,0.0,0.0,False,True,False,6,cap_reached,0.0,0.0,0.0,0.0,0.0,0.0,1.0,100.0
2018-02-10 21:00:00,0.0,0.0,0.0,False,True,False,6,cap_reached,0.0,0.0,0.0,0.0,0.0,0.0,1.0,100.0
2018-02-10 22:00:00,0.0,0.0,0.0,False,True,False,6,cap_reached,0.0,0.0,0.0,0.0,0.0,0.0,1.0,100.0
2018-02-10 23:00:00,0.0,0.0,0.0,False,True,False,6,cap_reached,0.0,0.0,0.0,0.0,0.0,0.0,1.0,100.0
2018-02-11 00:00:00,0.0,0.0,0.0,False,True,False,0,night,0.0,0.0,0.0,0.0,0.0,0.0,1.0,100.0
2018-02-11 01:00:00,0.0,0.0,0.0,False,True,False,0,night,0.0,0.0,0.0,0.0,0.0,0.0,1.0,100.0
2018-02-11 02:00:00,0.0,0.0,0.0,False,True,False,0,night,0.0,0.0,0.0,0.0,0.0,0.0,1.0,100.0
2018-02-11 03:00:00,0.0,0.0,0.0,False,True,False,0,night,0.0,0.0,0.0,0.0,0.0,0.0,1.0,100.0
2018-02-11 04:00:00,0.0,0.0,0.0,False,True,False,0,night,0.0,0.0,0.0,0.0,0.0,0.0,1.0,100.0
2018-02-11 05:00:00,0.0,0.0,0.0,False,True,False,0,night,0.0,0.0,0.0,0.0,0.0,0.0,1.0,100.0
2018-02-11 06:00:00,0.0,0.0,0.0,False,True,False,0,night,0.0,0.0,0.0,0.0,0.0,0.0,1.0,100.0
2018-02-11 07:00:00,0.08,0.077,18.0,False,True,False,0,night,0.0,0.0,0.0,0.0,0.077,0.0,1.0,100.0
2018-02-11 08:00:00,0.52,0.499,202.0,True,True,True,1,ok,0.499,0.764,1.263,0.0,0.0,-0.804,0.196,19.6
2018-02-11 09:00:00,1.229,1.18,420.0,True,True,True,2,ok,1.18,0.083,1.263,0.0,0.0,-0.087,0.109,10.9
2018-02-11 10:00:00,1.851,1.777,610.0,True,True,True,3,ok,1.263,0.0,1.263,0.488,0.0,0.488,0.597,59.7
2018-02-11 11:00:00,2.305,2.213,747.0,True,True,True,4,ok,1.263,0.0,1.263,0.403,0.526,0.403,1.0,100.0
2018-02-11 12:00:00,2.536,2.434,818.0,True,True,True,5,ok,1.263,0.0,1.263,0.0,1.171,0.0,1.0,100.0
2018-02-11 13:00:00,2.523,2.422,817.0,True,True,True,6,ok,1.263,0.0,1.263,0.0,1.159,0.0,1.0,100.0
2018-02-11 14:00:00,2.273,2.182,742.0,True,True,False,6,cap_reached,0.0,0.0,0.0,0.0,2.182,0.0,1.0,100.0
2018-02-11 15:00:00,1.798,1.726,599.0,True,True,False,6,cap_reached,0.0,0.0,0.0,0.0,1.726,0.0,1.0,100.0
2018-02-11 16:00:00,1.151,1.105,406.0,True,True,False,6,cap_reached,0.0,0.0,0.0,0.0,1.105,0.0,1.0,100.0
2018-02-11 17:00:00,0.424,0.407,185.0,True,True,False,6,cap_reached,0.0,0.0,0.0,0.0,0.407,0.0,1.0,100.0
2018-02-11 18:00:00,0.0,0.0,0.0,False,True,False,6,cap_reached,0.0,0.0,0.0,0.0,0.0,0.0,1.0,100.0
2018-02-11 19:00:00,0.0,0.0,0.0,False,True,False,6,cap_reached,0.0,0.0,0.0,0.0,0.0,0.0,1.0,100.0
2018-02-11 20:00:00,0.0,0.0,0.0,False,True,False,6,cap_reached,0.0,0.0,0.0,0.0,0.0,0.0,1.0,100.0
2018-02-11 21:00:00,0.0,0.0,0.0,False,True,False,6,cap_reached,0.0,0.0,0.0,0.0,0.0,0.0,1.0,100.0
2018-02-11 22:00:00,0.0,0.0,0.0,False,True,False,6,cap_reached,0.0,0.0,0.0,0.0,0.0,0.0,1.0,100.0
2018-02-11 23:00:00,0.0,0.0,0.0,False,True,False,6,cap_reached,0.0,0.0,0.0,0.0,0.0,0.0,1.0,100.0
2018-02-12 00:00:00,0.0,0.0,0.0,False,True,False,0,night,0.0,0.0,0.0,0.0,0.0,0.0,1.0,100.0
2018-02-12 01:00:00,0.0,0.0,0.0,False,True,False,0,night,0.0,0.0,0.0,0.0,0.0,0.0,1.0,100.0
2018-02-12 02:00:00,0.0,0.0,0.0,False,True,False,0,night,0.0,0.0,0.0,0.0,0.0,0.0,1.0,100.0
2018-02-12 03:00:00,0.0,0.0,0.0,False,True,False,0,night,0.0,0.0,0.0,0.0,0.0,0.0,1.0,100.0
2018-02-12 04:00:00,0.0,0.0,0.0,False,True,False,0,night,0.0,0.0,0.0,0.0,0.0,0.0,1.0,100.0
2018-02-12 05:00:00,0.0,0.0,0.0,False,True,False,0,night,0.0,0.0,0.0,0.0,0.0,0.0,1.0,100.0
2018-02-12 06:00:00,0.0,0.0,0.0,False,True,False,0,night,0.0,0.0,0.0,0.0,0.0,0.0,1.0,100.0
2018-02-12 07:00:00,0.08,0.077,19.0,False,True,False,0,night,0.0,0.0,0.0,0.0,0.077,0.0,1.0,100.0
2018-02-12 08:00:00,0.526,0.505,206.0,True,True,True,1,ok,0.505,0.758,1.263,0.0,0.0,-0.798,0.202,20.2
2018-02-12 09:00:00,1.244,1.194,423.0,True,True,True,2,ok,1.194,0.069,1.263,0.0,0.0,-0.073,0.129,12.9
2018-02-12 10:00:00,1.869,1.794,612.0,True,True,True,3,ok,1.263,0.0,1.263,0.504,0.0,0.504,0.633,63.3
2018-02-12 11:00:00,2.319,2.226,746.0,True,True,True,4,ok,1.263,0.0,1.263,0.367,0.577,0.367,1.0,100.0
2018-02-12 12:00:00,2.545,2.443,814.0,True,True,True,5,ok,1.263,0.0,1.263,0.0,1.18,0.0,1.0,100.0
2018-02-12 13:00:00,2.536,2.435,813.0,True,True,True,6,ok,1.263,0.0,1.263,0.0,1.172,0.0,1.0,100.0
2018-02-12 14:00:00,2.282,2.191,737.0,True,True,False,6,cap_reached,0.0,0.0,0.0,0.0,2.191,0.0,1.0,100.0
2018-02-12 15:00:00,1.813,1.74,595.0,True,True,False,6,cap_reached,0.0,0.0,0.0,0.0,1.74,0.0,1.0,100.0
2018-02-12 16:00:00,1.166,1.12,403.0,True,True,False,6,cap_reached,0.0,0.0,0.0,0.0,1.12,0.0,1.0,100.0
2018-02-12 17:00:00,0.448,0.43,183.0,True,True,False,6,cap_reached,0.0,0.0,0.0,0.0,0.43,0.0,1.0,100.0
2018-02-12 18:00:00,0.0,0.0,0.0,False,True,False,6,cap_reached,0.0,0.0,0.0,0.0,0.0,0.0,1.0,100.0
2018-02-12 19:00:00,0.0,0.0,0.0,False,True,False,6,cap_reached,0.0,0.0,0.0,0.0,0.0,0.0,1.0,100.0
2018-02-12 20:00:00,0.0,0.0,0.0,False,True,False,6,cap_reached,0.0,0.0,0.0,0.0,0.0,0.0,1.0,100.0
2018-02-12 21:00:00,0.0,0.0,0.0,False,True,False,6,cap_reached,0.0,0.0,0.0,0.0,0.0,0.0,1.0,100.0
2018-02-12 22:00:00,0.0,0.0,0.0,False,True,False,6,cap_reached,0.0,0.0,0.0,0.0,0.0,0.0,1.0,100.0
2018-02-12 23:00:00,0.0,0.0,0.0,False,True,False,6,cap_reached,0.0,0.0,0.0,0.0,0.0,0.0,1.0,100.0
2018-02-13 00:00:00,0.0,0.0,0.0,False,True,False,0,night,0.0,0.0,0.0,0.0,0.0,0.0,1.0,100.0
2018-02-13 01:00:00,0.0,0.0,0.0,False,True,False,0,night,0.0,0.0,0.0,0.0,0.0,0.0,1.0,100.0
2018-02-13 02:00:00,0.0,0.0,0.0,False,True,False,0,night,0.0,0.0,0.0,0.0,0.0,0.0,1.0,100.0
2018-02-13 03:00:00,0.0,0.0,0.0,False,True,False,0,night,0.0,0.0,0.0,0.0,0.0,0.0,1.0,100.0
2018-02-13 04:00:00,0.0,0.0,0.0,False,True,False,0,night,0.0,0.0,0.0,0.0,0.0,0.0,1.0,100.0
2018-02-13 05:00:00,0.0,0.0,0.0,False,True,False,0,night,0.0,0.0,0.0,0.0,0.0,0.0,1.0,100.0
2018-02-13 06:00:00,0.0,0.0,0.0,False,True,False,0,night,0.0,0.0,0.0,0.0,0.0,0.0,1.0,100.0
2018-02-13 07:00:00,0.08,0.077,22.0,False,True,False,0,night,0.0,0.0,0.0,0.0,0.077,0.0,1.0,100.0
2018-02-13 08:00:00,0.532,0.51,219.0,True,True,True,1,ok,0.51,0.753,1.263,0.0,0.0,-0.792,0.208,20.8
2018-02-13 09:00:00,1.266,1.216,441.0,True,True,True,2,ok,1.216,0.047,1.263,0.0,0.0,-0.05,0.158,15.8
2018-02-13 10:00:00,1.904,1.828,631.0,True,True,True,3,ok,1.263,0.0,1.263,0.536,0.0,0.536,0.694,69.4
2018-02-13 11:00:00,2.364,2.269,769.0,True,True,True,4,ok,1.263,0.0,1.263,0.306,0.684,0.306,1.0,100.0
2018-02-13 12:00:00,2.589,2.485,838.0,True,True,True,5,ok,1.263,0.0,1.263,0.0,1.222,0.0,1.0,100.0
2018-02-13 13:00:00,2.583,2.479,832.0,True,True,True,6,ok,1.263,0.0,1.263,0.0,1.216,0.0,1.0,100.0
2018-02-13 14:00:00,2.321,2.228,755.0,True,True,False,6,cap_reached,0.0,0.0,0.0,0.0,2.228,0.0,1.0,100.0
2018-02-13 15:00:00,1.846,1.772,612.0,True,True,False,6,cap_reached,0.0,0.0,0.0,0.0,1.772,0.0,1.0,100.0
2018-02-13 16:00:00,1.192,1.145,417.0,True,True,False,6,cap_reached,0.0,0.0,0.0,0.0,1.145,0.0,1.0,100.0
2018-02-13 17:00:00,0.454,0.436,193.0,True,True,False,6,cap_reached,0.0,0.0,0.0,0.0,0.436,0.0,1.0,100.0
2018-02-13 18:00:00,0.0,0.0,0.0,False,True,False,6,cap_reached,0.0,0.0,0.0,0.0,0.0,0.0,1.0,100.0
2018-02-13 19:00:00,0.0,0.0,0.0,False,True,False,6,cap_reached,0.0,0.0,0.0,0.0,0.0,0.0,1.0,100.0
2018-02-13 20:00:00,0.0,0.0,0.0,False,True,False,6,cap_reached,0.0,0.0,0.0,0.0,0.0,0.0,1.0,100.0
2018-02-13 21:00:00,0.0,0.0,0.0,False,True,False,6,cap_reached,0.0,0.0,0.0,0.0,0.0,0.0,1.0,100.0
2018-02-13 22:00:00,0.0,0.0,0.0,False,True,False,6,cap_reached,0.0,0.0,0.0,0.0,0.0,0.0,1.0,100.0
2018-02-13 23:00:00,0.0,0.0,0.0,False,True,False,6,cap_reached,0.0,0.0,0.0,0.0,0.0,0.0,1.0,100.0
2018-02-14 00:00:00,0.0,0.0,0.0,False,True,False,0,night,0.0,0.0,0.0,0.0,0.0,0.0,1.0,100.0
2018-02-14 01:00:00,0.0,0.0,0.0,False,True,False,0,night,0.0,0.0,0.0,0.0,0.0,0.0,1.0,100.0
2018-02-14 02:00:00,0.0,0.0,0.0,False,True,False,0,night,0.0,0.0,0.0,0.0,0.0,0.0,1.0,100.0
2018-02-14 03:00:00,0.0,0.0,0.0,False,True,False,0,night,0.0,0.0,0.0,0.0,0.0,0.0,1.0,100.0
2018-02-14 04:00:00,0.0,0.0,0.0,False,True,False,0,night,0.0,0.0,0.0,0.0,0.0,0.0,1.0,100.0
2018-02-14 05:00:00,0.0,0.0,0.0,False,True,False,0,night,0.0,0.0,0.0,0.0,0.0,0.0,1.0,100.0
2018-02-14 06:00:00,0.0,0.0,0.0,False,True,False,0,night,0.0,0.0,0.0,0.0,0.0,0.0,1.0,100.0
2018-02-14 07:00:00,0.085,0.082,25.0,False,True,False,0,night,0.0,0.0,0.0,0.0,0.082,0.0,1.0,100.0
2018-02-14 08:00:00,0.567,0.545,228.0,True,True,True,1,ok,0.545,0.718,1.263,0.0,0.0,-0.756,0.244,24.4
2018-02-14 09:00:00,1.321,1.269,452.0,True,True,True,2,ok,1.263,0.0,1.263,0.005,0.0,0.005,0.249,24.9
2018-02-14 10:00:00,1.971,1.892,644.0,True,True,True,3,ok,1.263,0.0,1.263,0.598,0.0,0.598,0.847,84.7
2018-02-14 11:00:00,2.276,2.185,522.0,True,True,True,4,ok,1.263,0.0,1.263,0.153,0.761,0.153,1.0,100.0
2018-02-14 12:00:00,2.65,2.544,847.0,True,True,True,5,ok,1.263,0.0,1.263,0.0,1.281,0.0,1.0,100.0
2018-02-14 13:00:00,1.721,1.653,361.0,True,True,True,6,ok,1.263,0.0,1.263,0.0,0.39,0.0,1.0,100.0
2018-02-14 14:00:00,2.365,2.271,759.0,True,True,False,6,cap_reached,0.0,0.0,0.0,0.0,2.271,0.0,1.0,100.0
2018-02-14 15:00:00,1.881,1.806,616.0,True,True,False,6,cap_reached,0.0,0.0,0.0,0.0,1.806,0.0,1.0,100.0
2018-02-14 16:00:00,1.214,1.166,420.0,True,True,False,6,cap_reached,0.0,0.0,0.0,0.0,1.166,0.0,1.0,100.0
2018-02-14 17:00:00,0.475,0.456,195.0,True,True,False,6,cap_reached,0.0,0.0,0.0,0.0,0.456,0.0,1.0,100.0
2018-02-14 18:00:00,0.0,0.0,0.0,False,True,False,6,cap_reached,0.0,0.0,0.0,0.0,0.0,0.0,1.0,100.0
2018-02-14 19:00:00,0.0,0.0,0.0,False,True,False,6,cap_reached,0.0,0.0,0.0,0.0,0.0,0.0,1.0,100.0
2018-02-14 20:00:00,0.0,0.0,0.0,False,True,False,6,cap_reached,0.0,0.0,0.0,0.0,0.0,0.0,1.0,100.0
2018-02-14 21:00:00,0.0,0.0,0.0,False,True,False,6,cap_reached,0.0,0.0,0.0,0.0,0.0,0.0,1.0,100.0
2018-02-14 22:00:00,0.0,0.0,0.0,False,True,False,6,cap_reached,0.0,0.0,0.0,0.0,0.0,0.0,1.0,100.0
2018-02-14 23:00:00,0.0,0.0,0.0,False,True,False,6,cap_reached,0.0,0.0,0.0,0.0,0.0,0.0,1.0,100.0
2018-02-15 00:00:00,0.0,0.0,0.0,False,True,False,0,night,0.0,0.0,0.0,0.0,0.0,0.0,1.0,100.0
2018-02-15 01:00:00,0.0,0.0,0.0,False,True,False,0,night,0.0,0.0,0.0,0.0,0.0,0.0,1.0,100.0
2018-02-15 02:00:00,0.0,0.0,0.0,False,True,False,0,night,0.0,0.0,0.0,0.0,0.0,0.0,1.0,100.0
2018-02-15 03:00:00,0.0,0.0,0.0,False,True,False,0,night,0.0,0.0,0.0,0.0,0.0,0.0,1.0,100.0
2018-02-15 04:00:00,0.0,0.0,0.0,False,True,False,0,night,0.0,0.0,0.0,0.0,0.0,0.0,1.0,100.0
2018-02-15 05:00:00,0.0,0.0,0.0,False,True,False,0,night,0.0,0.0,0.0,0.0,0.0,0.0,1.0,100.0
2018-02-15 06:00:00,0.0,0.0,0.0,False,True,False,0,night,0.0,0.0,0.0,0.0,0.0,0.0,1.0,100.0
2018-02-15 07:00:00,0.086,0.082,27.0,False,True,False,0,night,0.0,0.0,0.0,0.0,0.082,0.0,1.0,100.0
2018-02-15 08:00:00,0.577,0.554,235.0,True,True,True,1,ok,0.554,0.709,1.263,0.0,0.0,-0.747,0.253,25.3
2018-02-15 09:00:00,1.345,1.291,462.0,True,True,True,2,ok,1.263,0.0,1.263,0.027,0.0,0.027,0.28,28.0
2018-02-15 10:00:00,2.008,1.927,655.0,True,True,True,3,ok,1.263,0.0,1.263,0.631,0.0,0.631,0.911,91.1
2018-02-15 11:00:00,2.465,2.366,791.0,True,True,True,4,ok,1.263,0.0,1.263,0.089,1.01,0.089,1.0,100.0
2018-02-15 12:00:00,2.698,2.59,861.0,True,True,True,5,ok,1.263,0.0,1.263,0.0,1.327,0.0,1.0,100.0
2018-02-15 13:00:00,2.674,2.567,855.0,True,True,True,6,ok,1.263,0.0,1.263,0.0,1.304,0.0,1.0,100.0
2018-02-15 14:00:00,2.411,2.314,776.0,True,True,False,6,cap_reached,0.0,0.0,0.0,0.0,2.314,0.0,1.0,100.0
2018-02-15 15:00:00,1.92,1.843,631.0,True,True,False,6,cap_reached,0.0,0.0,0.0,0.0,1.843,0.0,1.0,100.0
2018-02-15 16:00:00,1.249,1.199,433.0,True,True,False,6,cap_reached,0.0,0.0,0.0,0.0,1.199,0.0,1.0,100.0
2018-02-15 17:00:00,0.483,0.464,205.0,True,True,False,6,cap_reached,0.0,0.0,0.0,0.0,0.464,0.0,1.0,100.0
2018-02-15 18:00:00,0.0,0.0,0.0,False,True,False,6,cap_reached,0.0,0.0,0.0,0.0,0.0,0.0,1.0,100.0
2018-02-15 19:00:00,0.0,0.0,0.0,False,True,False,6,cap_reached,0.0,0.0,0.0,0.0,0.0,0.0,1.0,100.0
2018-02-15 20:00:00,0.0,0.0,0.0,False,True,False,6,cap_reached,0.0,0.0,0.0,0.0,0.0,0.0,1.0,100.0
2018-02-15 21:00:00,0.0,0.0,0.0,False,True,False,6,cap_reached,0.0,0.0,0.0,0.0,0.0,0.0,1.0,100.0
2018-02-15 22:00:00,0.0,0.0,0.0,False,True,False,6,cap_reached,0.0,0.0,0.0,0.0,0.0,0.0,1.0,100.0
2018-02-15 23:00:00,0.0,0.0,0.0,False,True,False,6,cap_reached,0.0,0.0,0.0,0.0,0.0,0.0,1.0,100.0
2018-02-16 00:00:00,0.0,0.0,0.0,False,True,False,0,night,0.0,0.0,0.0,0.0,0.0,0.0,1.0,100.0
2018-02-16 01:00:00,0.0,0.0,0.0,False,True,False,0,night,0.0,0.0,0.0,0.0,0.0,0.0,1.0,100.0
2018-02-16 02:00:00,0.0,0.0,0.0,False,True,False,0,night,0.0,0.0,0.0,0.0,0.0,0.0,1.0,100.0
2018-02-16 03:00:00,0.0,0.0,0.0,False,True,False,0,night,0.0,0.0,0.0,0.0,0.0,0.0,1.0,100.0
2018-02-16 04:00:00,0.0,0.0,0.0,False,True,False,0,night,0.0,0.0,0.0,0.0,0.0,0.0,1.0,100.0
2018-02-16 05:00:00,0.0,0.0,0.0,False,True,False,0,night,0.0,0.0,0.0,0.0,0.0,0.0,1.0,100.0
2018-02-16 06:00:00,0.0,0.0,0.0,False,True,False,0,night,0.0,0.0,0.0,0.0,0.0,0.0,1.0,100.0
2018-02-16 07:00:00,0.081,0.077,30.0,False,True,False,0,night,0.0,0.0,0.0,0.0,0.077,0.0,1.0,100.0
2018-02-16 08:00:00,0.574,0.551,236.0,True,True,True,1,ok,0.551,0.712,1.263,0.0,0.0,-0.75,0.25,25.0
2018-02-16 09:00:00,1.338,1.284,461.0,True,True,True,2,ok,1.263,0.0,1.263,0.02,0.0,0.02,0.271,27.1
2018-02-16 10:00:00,1.982,1.903,651.0,True,True,True,3,ok,1.263,0.0,1.263,0.608,0.0,0.608,0.879,87.9
2018-02-16 11:00:00,2.436,2.338,787.0,True,True,True,4,ok,1.263,0.0,1.263,0.121,0.948,0.121,1.0,100.0
2018-02-16 12:00:00,2.665,2.558,856.0,True,True,True,5,ok,1.263,0.0,1.263,0.0,1.295,0.0,1.0,100.0
2018-02-16 13:00:00,2.645,2.539,851.0,True,True,True,6,ok,1.263,0.0,1.263,0.0,1.276,0.0,1.0,100.0
2018-02-16 14:00:00,2.371,2.277,771.0,True,True,False,6,cap_reached,0.0,0.0,0.0,0.0,2.277,0.0,1.0,100.0
2018-02-16 15:00:00,1.89,1.814,627.0,True,True,False,6,cap_reached,0.0,0.0,0.0,0.0,1.814,0.0,1.0,100.0
2018-02-16 16:00:00,1.226,1.177,432.0,True,True,False,6,cap_reached,0.0,0.0,0.0,0.0,1.177,0.0,1.0,100.0
2018-02-16 17:00:00,0.472,0.453,207.0,True,True,False,6,cap_reached,0.0,0.0,0.0,0.0,0.453,0.0,1.0,100.0
2018-02-16 18:00:00,0.055,0.053,15.0,False,True,False,6,cap_reached,0.0,0.0,0.0,0.0,0.053,0.0,1.0,100.0
2018-02-16 19:00:00,0.0,0.0,0.0,False,True,False,6,cap_reached,0.0,0.0,0.0,0.0,0.0,0.0,1.0,100.0
2018-02-16 20:00:00,0.0,0.0,0.0,False,True,False,6,cap_reached,0.0,0.0,0.0,0.0,0.0,0.0,1.0,100.0
2018-02-16 21:00:00,0.0,0.0,0.0,False,True,False,6,cap_reached,0.0,0.0,0.0,0.0,0.0,0.0,1.0,100.0
2018-02-16 22:00:00,0.0,0.0,0.0,False,True,False,6,cap_reached,0.0,0.0,0.0,0.0,0.0,0.0,1.0,100.0
2018-02-16 23:00:00,0.0,0.0,0.0,False,True,False,6,cap_reached,0.0,0.0,0.0,0.0,0.0,0.0,1.0,100.0
2018-02-17 00:00:00,0.0,0.0,0.0,False,True,False,0,night,0.0,0.0,0.0,0.0,0.0,0.0,1.0,100.0
2018-02-17 01:00:00,0.0,0.0,0.0,False,True,False,0,night,0.0,0.0,0.0,0.0,0.0,0.0,1.0,100.0
2018-02-17 02:00:00,0.0,0.0,0.0,False,True,False,0,night,0.0,0.0,0.0,0.0,0.0,0.0,1.0,100.0
2018-02-17 03:00:00,0.0,0.0,0.0,False,True,False,0,night,0.0,0.0,0.0,0.0,0.0,0.0,1.0,100.0
2018-02-17 04:00:00,0.0,0.0,0.0,False,True,False,0,night,0.0,0.0,0.0,0.0,0.0,0.0,1.0,100.0
2018-02-17 05:00:00,0.0,0.0,0.0,False,True,False,0,night,0.0,0.0,0.0,0.0,0.0,0.0,1.0,100.0
2018-02-17 06:00:00,0.0,0.0,0.0,False,True,False,0,night,0.0,0.0,0.0,0.0,0.0,0.0,1.0,100.0
2018-02-17 07:00:00,0.081,0.077,31.0,False,True,False,0,night,0.0,0.0,0.0,0.0,0.077,0.0,1.0,100.0
2018-02-17 08:00:00,0.591,0.567,237.0,True,True,True,1,ok,0.567,0.696,1.263,0.0,0.0,-0.732,0.268,26.8
2018-02-17 09:00:00,1.353,1.299,461.0,True,True,True,2,ok,1.263,0.0,1.263,0.034,0.0,0.034,0.302,30.2
2018-02-17 10:00:00,2.008,1.928,651.0,True,True,True,3,ok,1.263,0.0,1.263,0.632,0.0,0.632,0.933,93.3
2018-02-17 11:00:00,2.467,2.369,788.0,True,True,True,4,ok,1.263,0.0,1.263,0.067,1.035,0.067,1.0,100.0
2018-02-17 12:00:00,2.693,2.586,855.0,True,True,True,5,ok,1.263,0.0,1.263,0.0,1.323,0.0,1.0,100.0
2018-02-17 13:00:00,2.675,2.568,850.0,True,True,True,6,ok,1.263,0.0,1.263,0.0,1.305,0.0,1.0,100.0
2018-02-17 14:00:00,2.412,2.315,770.0,True,True,False,6,cap_reached,0.0,0.0,0.0,0.0,2.315,0.0,1.0,100.0
2018-02-17 15:00:00,1.931,1.854,625.0,True,True,False,6,cap_reached,0.0,0.0,0.0,0.0,1.854,0.0,1.0,100.0
2018-02-17 16:00:00,1.266,1.216,428.0,True,True,False,6,cap_reached,0.0,0.0,0.0,0.0,1.216,0.0,1.0,100.0
2018-02-17 17:00:00,0.516,0.496,203.0,True,True,False,6,cap_reached,0.0,0.0,0.0,0.0,0.496,0.0,1.0,100.0
2018-02-17 18:00:00,0.06,0.058,14.0,False,True,False,6,cap_reached,0.0,0.0,0.0,0.0,0.058,0.0,1.0,100.0
2018-02-17 19:00:00,0.0,0.0,0.0,False,True,False,6,cap_reached,0.0,0.0,0.0,0.0,0.0,0.0,1.0,100.0
2018-02-17 20:00:00,0.0,0.0,0.0,False,True,False,6,cap_reached,0.0,0.0,0.0,0.0,0.0,0.0,1.0,100.0
2018-02-17 21:00:00,0.0,0.0,0.0,False,True,False,6,cap_reached,0.0,0.0,0.0,0.0,0.0,0.0,1.0,100.0
2018-02-17 22:00:00,0.0,0.0,0.0,False,True,False,6,cap_reached,0.0,0.0,0.0,0.0,0.0,0.0,1.0,100.0
2018-02-17 23:00:00,0.0,0.0,0.0,False,True,False,6,cap_reached,0.0,0.0,0.0,0.0,0.0,0.0,1.0,100.0
2018-02-18 00:00:00,0.0,0.0,0.0,False,True,False,0,night,0.0,0.0,0.0,0.0,0.0,0.0,1.0,100.0
2018-02-18 01:00:00,0.0,0.0,0.0,False,True,False,0,night,0.0,0.0,0.0,0.0,0.0,0.0,1.0,100.0
2018-02-18 02:00:00,0.0,0.0,0.0,False,True,False,0,night,0.0,0.0,0.0,0.0,0.0,0.0,1.0,100.0
2018-02-18 03:00:00,0.0,0.0,0.0,False,True,False,0,night,0.0,0.0,0.0,0.0,0.0,0.0,1.0,100.0
2018-02-18 04:00:00,0.0,0.0,0.0,False,True,False,0,night,0.0,0.0,0.0,0.0,0.0,0.0,1.0,100.0
2018-02-18 05:00:00,0.0,0.0,0.0,False,True,False,0,night,0.0,0.0,0.0,0.0,0.0,0.0,1.0,100.0
2018-02-18 06:00:00,0.0,0.0,0.0,False,True,False,0,night,0.0,0.0,0.0,0.0,0.0,0.0,1.0,100.0
2018-02-18 07:00:00,0.096,0.092,31.0,False,True,False,0,night,0.0,0.0,0.0,0.0,0.092,0.0,1.0,100.0
2018-02-18 08:00:00,0.633,0.608,238.0,True,True,True,1,ok,0.608,0.655,1.263,0.0,0.0,-0.689,0.311,31.1
2018-02-18 09:00:00,1.393,1.338,463.0,True,True,True,2,ok,1.263,0.0,1.263,0.071,0.0,0.071,0.382,38.2
2018-02-18 10:00:00,2.045,1.963,654.0,True,True,True,3,ok,1.263,0.0,1.263,0.618,0.049,0.618,1.0,100.0
2018-02-18 11:00:00,2.507,2.407,792.0,True,True,True,4,ok,1.263,0.0,1.263,0.0,1.144,0.0,1.0,100.0
2018-02-18 12:00:00,2.745,2.635,863.0,True,True,True,5,ok,1.263,0.0,1.263,0.0,1.372,0.0,1.0,100.0
2018-02-18 13:00:00,2.724,2.615,859.0,True,True,True,6,ok,1.263,0.0,1.263,0.0,1.352,0.0,1.0,100.0
2018-02-18 14:00:00,2.46,2.362,781.0,True,True,False,6,cap_reached,0.0,0.0,0.0,0.0,2.362,0.0,1.0,100.0
2018-02-18 15:00:00,1.968,1.889,636.0,True,True,False,6,cap_reached,0.0,0.0,0.0,0.0,1.889,0.0,1.0,100.0
2018-02-18 16:00:00,1.296,1.244,437.0,True,True,False,6,cap_reached,0.0,0.0,0.0,0.0,1.244,0.0,1.0,100.0
2018-02-18 17:00:00,0.531,0.509,210.0,True,True,False,6,cap_reached,0.0,0.0,0.0,0.0,0.509,0.0,1.0,100.0
2018-02-18 18:00:00,0.06,0.058,16.0,False,True,False,6,cap_reached,0.0,0.0,0.0,0.0,0.058,0.0,1.0,100.0
2018-02-18 19:00:00,0.0,0.0,0.0,False,True,False,6,cap_reached,0.0,0.0,0.0,0.0,0.0,0.0,1.0,100.0
2018-02-18 20:00:00,0.0,0.0,0.0,False,True,False,6,cap_reached,0.0,0.0,0.0,0.0,0.0,0.0,1.0,100.0
2018-02-18 21:00:00,0.0,0.0,0.0,False,True,False,6,cap_reached,0.0,0.0,0.0,0.0,0.0,0.0,1.0,100.0
2018-02-18 22:00:00,0.0,0.0,0.0,False,True,False,6,cap_reached,0.0,0.0,0.0,0.0,0.0,0.0,1.0,100.0
2018-02-18 23:00:00,0.0,0.0,0.0,False,True,False,6,cap_reached,0.0,0.0,0.0,0.0,0.0,0.0,1.0,100.0
2018-02-19 00:00:00,0.0,0.0,0.0,False,True,False,0,night,0.0,0.0,0.0,0.0,0.0,0.0,1.0,100.0
2018-02-19 01:00:00,0.0,0.0,0.0,False,True,False,0,night,0.0,0.0,0.0,0.0,0.0,0.0,1.0,100.0
2018-02-19 02:00:00,0.0,0.0,0.0,False,True,False,0,night,0.0,0.0,0.0,0.0,0.0,0.0,1.0,100.0
2018-02-19 03:00:00,0.0,0.0,0.0,False,True,False,0,night,0.0,0.0,0.0,0.0,0.0,0.0,1.0,100.0
2018-02-19 04:00:00,0.0,0.0,0.0,False,True,False,0,night,0.0,0.0,0.0,0.0,0.0,0.0,1.0,100.0
2018-02-19 05:00:00,0.0,0.0,0.0,False,True,False,0,night,0.0,0.0,0.0,0.0,0.0,0.0,1.0,100.0
2018-02-19 06:00:00,0.0,0.0,0.0,False,True,False,0,night,0.0,0.0,0.0,0.0,0.0,0.0,1.0,100.0
2018-02-19 07:00:00,0.105,0.101,31.0,True,True,False,0,battery_empty,0.0,0.0,0.0,0.0,0.101,0.0,1.0,100.0
2018-02-19 08:00:00,0.649,0.623,237.0,True,True,True,1,ok,0.623,0.64,1.263,0.0,0.0,-0.673,0.327,32.7
2018-02-19 09:00:00,1.403,1.347,462.0,True,True,True,2,ok,1.263,0.0,1.263,0.08,0.0,0.08,0.406,40.6
2018-02-19 10:00:00,2.05,1.968,649.0,True,True,True,3,ok,1.263,0.0,1.263,0.594,0.08,0.594,1.0,100.0
2018-02-19 11:00:00,2.5,2.4,784.0,True,True,True,4,ok,1.263,0.0,1.263,0.0,1.137,0.0,1.0,100.0
2018-02-19 12:00:00,2.41,2.313,553.0,True,True,True,5,ok,1.263,0.0,1.263,0.0,1.05,0.0,1.0,100.0
2018-02-19 13:00:00,2.365,2.271,542.0,True,True,True,6,ok,1.263,0.0,1.263,0.0,1.008,0.0,1.0,100.0
2018-02-19 14:00:00,2.44,2.342,762.0,True,True,False,6,cap_reached,0.0,0.0,0.0,0.0,2.342,0.0,1.0,100.0
2018-02-19 15:00:00,1.961,1.882,618.0,True,True,False,6,cap_reached,0.0,0.0,0.0,0.0,1.882,0.0,1.0,100.0
2018-02-19 16:00:00,1.297,1.246,422.0,True,True,False,6,cap_reached,0.0,0.0,0.0,0.0,1.246,0.0,1.0,100.0
2018-02-19 17:00:00,0.553,0.531,201.0,True,True,False,6,cap_reached,0.0,0.0,0.0,0.0,0.531,0.0,1.0,100.0
2018-02-19 18:00:00,0.065,0.062,15.0,False,True,False,6,cap_reached,0.0,0.0,0.0,0.0,0.062,0.0,1.0,100.0
2018-02-19 19:00:00,0.0,0.0,0.0,False,True,False,6,cap_reached,0.0,0.0,0.0,0.0,0.0,0.0,1.0,100.0
2018-02-19 20:00:00,0.0,0.0,0.0,False,True,False,6,cap_reached,0.0,0.0,0.0,0.0,0.0,0.0,1.0,100.0
2018-02-19 21:00:00,0.0,0.0,0.0,False,True,False,6,cap_reached,0.0,0.0,0.0,0.0,0.0,0.0,1.0,100.0
2018-02-19 22:00:00,0.0,0.0,0.0,False,True,False,6,cap_reached,0.0,0.0,0.0,0.0,0.0,0.0,1.0,100.0
2018-02-19 23:00:00,0.0,0.0,0.0,False,True,False,6,cap_reached,0.0,0.0,0.0,0.0,0.0,0.0,1.0,100.0
2018-02-20 00:00:00,0.0,0.0,0.0,False,True,False,0,night,0.0,0.0,0.0,0.0,0.0,0.0,1.0,100.0
2018-02-20 01:00:00,0.0,0.0,0.0,False,True,False,0,night,0.0,0.0,0.0,0.0,0.0,0.0,1.0,100.0
2018-02-20 02:00:00,0.0,0.0,0.0,False,True,False,0,night,0.0,0.0,0.0,0.0,0.0,0.0,1.0,100.0
2018-02-20 03:00:00,0.0,0.0,0.0,False,True,False,0,night,0.0,0.0,0.0,0.0,0.0,0.0,1.0,100.0
2018-02-20 04:00:00,0.0,0.0,0.0,False,True,False,0,night,0.0,0.0,0.0,0.0,0.0,0.0,1.0,100.0
2018-02-20 05:00:00,0.0,0.0,0.0,False,True,False,0,night,0.0,0.0,0.0,0.0,0.0,0.0,1.0,100.0
2018-02-20 06:00:00,0.0,0.0,0.0,False,True,False,0,night,0.0,0.0,0.0,0.0,0.0,0.0,1.0,100.0
2018-02-20 07:00:00,0.105,0.101,33.0,True,True,False,0,battery_empty,0.0,0.0,0.0,0.0,0.101,0.0,1.0,100.0
2018-02-20 08:00:00,0.672,0.645,234.0,True,True,True,1,ok,0.645,0.618,1.263,0.0,0.0,-0.651,0.349,34.9
2018-02-20 09:00:00,1.426,1.369,453.0,True,True,True,2,ok,1.263,0.0,1.263,0.101,0.0,0.101,0.45,45.0
2018-02-20 10:00:00,2.074,1.991,643.0,True,True,True,3,ok,1.263,0.0,1.263,0.55,0.149,0.55,1.0,100.0
2018-02-20 11:00:00,2.526,2.425,778.0,True,True,True,4,ok,1.263,0.0,1.263,0.0,1.162,0.0,1.0,100.0
2018-02-20 12:00:00,2.762,2.652,849.0,True,True,True,5,ok,1.263,0.0,1.263,0.0,1.389,0.0,1.0,100.0
2018-02-20 13:00:00,2.735,2.626,851.0,True,True,True,6,ok,1.263,0.0,1.263,0.0,1.363,0.0,1.0,100.0
2018-02-20 14:00:00,2.467,2.369,771.0,True,True,False,6,cap_reached,0.0,0.0,0.0,0.0,2.369,0.0,1.0,100.0
2018-02-20 15:00:00,1.987,1.908,627.0,True,True,False,6,cap_reached,0.0,0.0,0.0,0.0,1.908,0.0,1.0,100.0
2018-02-20 16:00:00,1.326,1.273,430.0,True,True,False,6,cap_reached,0.0,0.0,0.0,0.0,1.273,0.0,1.0,100.0
2018-02-20 17:00:00,0.571,0.548,205.0,True,True,False,6,cap_reached,0.0,0.0,0.0,0.0,0.548,0.0,1.0,100.0
2018-02-20 18:00:00,0.07,0.067,16.0,False,True,False,6,cap_reached,0.0,0.0,0.0,0.0,0.067,0.0,1.0,100.0
2018-02-20 19:00:00,0.0,0.0,0.0,False,True,False,6,cap_reached,0.0,0.0,0.0,0.0,0.0,0.0,1.0,100.0
2018-02-20 20:00:00,0.0,0.0,0.0,False,True,False,6,cap_reached,0.0,0.0,0.0,0.0,0.0,0.0,1.0,100.0
2018-02-20 21:00:00,0.0,0.0,0.0,False,True,False,6,cap_reached,0.0,0.0,0.0,0.0,0.0,0.0,1.0,100.0
2018-02-20 22:00:00,0.0,0.0,0.0,False,True,False,6,cap_reached,0.0,0.0,0.0,0.0,0.0,0.0,1.0,100.0
2018-02-20 23:00:00,0.0,0.0,0.0,False,True,False,6,cap_reached,0.0,0.0,0.0,0.0,0.0,0.0,1.0,100.0
2018-02-21 00:00:00,0.0,0.0,0.0,False,True,False,0,night,0.0,0.0,0.0,0.0,0.0,0.0,1.0,100.0
2018-02-21 01:00:00,0.0,0.0,0.0,False,True,False,0,night,0.0,0.0,0.0,0.0,0.0,0.0,1.0,100.0
2018-02-21 02:00:00,0.0,0.0,0.0,False,True,False,0,night,0.0,0.0,0.0,0.0,0.0,0.0,1.0,100.0
2018-02-21 03:00:00,0.0,0.0,0.0,False,True,False,0,night,0.0,0.0,0.0,0.0,0.0,0.0,1.0,100.0
2018-02-21 04:00:00,0.0,0.0,0.0,False,True,False,0,night,0.0,0.0,0.0,0.0,0.0,0.0,1.0,100.0
2018-02-21 05:00:00,0.0,0.0,0.0,False,True,False,0,night,0.0,0.0,0.0,0.0,0.0,0.0,1.0,100.0
2018-02-21 06:00:00,0.0,0.0,0.0,False,True,False,0,night,0.0,0.0,0.0,0.0,0.0,0.0,1.0,100.0
2018-02-21 07:00:00,0.115,0.11,35.0,True,True,False,0,battery_empty,0.0,0.0,0.0,0.0,0.11,0.0,1.0,100.0
2018-02-21 08:00:00,0.699,0.671,241.0,True,True,True,1,ok,0.671,0.592,1.263,0.0,0.0,-0.623,0.377,37.7
2018-02-21 09:00:00,1.464,1.406,464.0,True,True,True,2,ok,1.263,0.0,1.263,0.136,0.0,0.136,0.512,51.2
2018-02-21 10:00:00,2.118,2.033,650.0,True,True,True,3,ok,1.263,0.0,1.263,0.488,0.257,0.488,1.0,100.0
2018-02-21 11:00:00,2.572,2.47,791.0,True,True,True,4,ok,1.263,0.0,1.263,0.0,1.207,0.0,1.0,100.0
2018-02-21 12:00:00,2.794,2.683,859.0,True,True,True,5,ok,1.263,0.0,1.263,0.0,1.42,0.0,1.0,100.0
2018-02-21 13:00:00,2.781,2.67,852.0,True,True,True,6,ok,1.263,0.0,1.263,0.0,1.407,0.0,1.0,100.0
2018-02-21 14:00:00,2.508,2.408,773.0,True,True,False,6,cap_reached,0.0,0.0,0.0,0.0,2.408,0.0,1.0,100.0
2018-02-21 15:00:00,2.022,1.941,628.0,True,True,False,6,cap_reached,0.0,0.0,0.0,0.0,1.941,0.0,1.0,100.0
2018-02-21 16:00:00,1.351,1.297,428.0,True,True,False,6,cap_reached,0.0,0.0,0.0,0.0,1.297,0.0,1.0,100.0
2018-02-21 17:00:00,0.599,0.575,202.0,True,True,False,6,cap_reached,0.0,0.0,0.0,0.0,0.575,0.0,1.0,100.0
2018-02-21 18:00:00,0.075,0.072,16.0,False,True,False,6,cap_reached,0.0,0.0,0.0,0.0,0.072,0.0,1.0,100.0
2018-02-21 19:00:00,0.0,0.0,0.0,False,True,False,6,cap_reached,0.0,0.0,0.0,0.0,0.0,0.0,1.0,100.0
2018-02-21 20:00:00,0.0,0.0,0.0,False,True,False,6,cap_reached,0.0,0.0,0.0,0.0,0.0,0.0,1.0,100.0
2018-02-21 21:00:00,0.0,0.0,0.0,False,True,False,6,cap_reached,0.0,0.0,0.0,0.0,0.0,0.0,1.0,100.0
2018-02-21 22:00:00,0.0,0.0,0.0,False,True,False,6,cap_reached,0.0,0.0,0.0,0.0,0.0,0.0,1.0,100.0
2018-02-21 23:00:00,0.0,0.0,0.0,False,True,False,6,cap_reached,0.0,0.0,0.0,0.0,0.0,0.0,1.0,100.0
2018-02-22 00:00:00,0.0,0.0,0.0,False,True,False,0,night,0.0,0.0,0.0,0.0,0.0,0.0,1.0,100.0
2018-02-22 01:00:00,0.0,0.0,0.0,False,True,False,0,night,0.0,0.0,0.0,0.0,0.0,0.0,1.0,100.0
2018-02-22 02:00:00,0.0,0.0,0.0,False,True,False,0,night,0.0,0.0,0.0,0.0,0.0,0.0,1.0,100.0
2018-02-22 03:00:00,0.0,0.0,0.0,False,True,False,0,night,0.0,0.0,0.0,0.0,0.0,0.0,1.0,100.0
2018-02-22 04:00:00,0.0,0.0,0.0,False,True,False,0,night,0.0,0.0,0.0,0.0,0.0,0.0,1.0,100.0
2018-02-22 05:00:00,0.0,0.0,0.0,False,True,False,0,night,0.0,0.0,0.0,0.0,0.0,0.0,1.0,100.0
2018-02-22 06:00:00,0.0,0.0,0.0,False,True,False,0,night,0.0,0.0,0.0,0.0,0.0,0.0,1.0,100.0
2018-02-22 07:00:00,0.12,0.115,38.0,True,True,False,0,battery_empty,0.0,0.0,0.0,0.0,0.115,0.0,1.0,100.0
2018-02-22 08:00:00,0.72,0.691,248.0,True,True,True,1,ok,0.691,0.572,1.263,0.0,0.0,-0.602,0.398,39.8
2018-02-22 09:00:00,1.492,1.432,473.0,True,True,True,2,ok,1.263,0.0,1.263,0.161,0.0,0.161,0.559,55.9
2018-02-22 10:00:00,2.142,2.056,664.0,True,True,True,3,ok,1.263,0.0,1.263,0.441,0.328,0.441,1.0,100.0
2018-02-22 11:00:00,2.6,2.496,801.0,True,True,True,4,ok,1.263,0.0,1.263,0.0,1.233,0.0,1.0,100.0
2018-02-22 12:00:00,2.828,2.715,870.0,True,True,True,5,ok,1.263,0.0,1.263,0.0,1.452,0.0,1.0,100.0
2018-02-22 13:00:00,2.816,2.703,869.0,True,True,True,6,ok,1.263,0.0,1.263,0.0,1.44,0.0,1.0,100.0
2018-02-22 14:00:00,2.548,2.446,789.0,True,True,False,6,cap_reached,0.0,0.0,0.0,0.0,2.446,0.0,1.0,100.0
2018-02-22 15:00:00,2.057,1.975,643.0,True,True,False,6,cap_reached,0.0,0.0,0.0,0.0,1.975,0.0,1.0,100.0
2018-02-22 16:00:00,1.379,1.324,442.0,True,True,False,6,cap_reached,0.0,0.0,0.0,0.0,1.324,0.0,1.0,100.0
2018-02-22 17:00:00,0.613,0.588,213.0,True,True,False,6,cap_reached,0.0,0.0,0.0,0.0,0.588,0.0,1.0,100.0
2018-02-22 18:00:00,0.08,0.077,18.0,False,True,False,6,cap_reached,0.0,0.0,0.0,0.0,0.077,0.0,1.0,100.0
2018-02-22 19:00:00,0.0,0.0,0.0,False,True,False,6,cap_reached,0.0,0.0,0.0,0.0,0.0,0.0,1.0,100.0
2018-02-22 20:00:00,0.0,0.0,0.0,False,True,False,6,cap_reached,0.0,0.0,0.0,0.0,0.0,0.0,1.0,100.0
2018-02-22 21:00:00,0.0,0.0,0.0,False,True,False,6,cap_reached,0.0,0.0,0.0,0.0,0.0,0.0,1.0,100.0
2018-02-22 22:00:00,0.0,0.0,0.0,False,True,False,6,cap_reached,0.0,0.0,0.0,0.0,0.0,0.0,1.0,100.0
2018-02-22 23:00:00,0.0,0.0,0.0,False,True,False,6,cap_reached,0.0,0.0,0.0,0.0,0.0,0.0,1.0,100.0
2018-02-23 00:00:00,0.0,0.0,0.0,False,True,False,0,night,0.0,0.0,0.0,0.0,0.0,0.0,1.0,100.0
2018-02-23 01:00:00,0.0,0.0,0.0,False,True,False,0,night,0.0,0.0,0.0,0.0,0.0,0.0,1.0,100.0
2018-02-23 02:00:00,0.0,0.0,0.0,False,True,False,0,night,0.0,0.0,0.0,0.0,0.0,0.0,1.0,100.0
2018-02-23 03:00:00,0.0,0.0,0.0,False,True,False,0,night,0.0,0.0,0.0,0.0,0.0,0.0,1.0,100.0
2018-02-23 04:00:00,0.0,0.0,0.0,False,True,False,0,night,0.0,0.0,0.0,0.0,0.0,0.0,1.0,100.0
2018-02-23 05:00:00,0.0,0.0,0.0,False,True,False,0,night,0.0,0.0,0.0,0.0,0.0,0.0,1.0,100.0
2018-02-23 06:00:00,0.0,0.0,0.0,False,True,False,0,night,0.0,0.0,0.0,0.0,0.0,0.0,1.0,100.0
2018-02-23 07:00:00,0.125,0.12,39.0,True,True,False,0,battery_empty,0.0,0.0,0.0,0.0,0.12,0.0,1.0,100.0
2018-02-23 08:00:00,0.738,0.708,249.0,True,True,True,1,ok,0.708,0.555,1.263,0.0,0.0,-0.584,0.416,41.6
2018-02-23 09:00:00,0.982,0.943,202.0,True,True,False,1,battery_empty,0.0,0.0,0.0,0.584,0.328,0.584,1.0,100.0
2018-02-23 10:00:00,0.62,0.595,126.0,True,True,True,2,ok,0.595,0.668,1.263,0.0,0.0,-0.703,0.297,29.7
2018-02-23 11:00:00,2.614,2.509,801.0,True,True,True,3,ok,1.263,0.0,1.263,0.703,0.507,0.703,1.0,100.0
2018-02-23 12:00:00,1.184,1.137,244.0,True,True,True,4,ok,1.137,0.126,1.263,0.0,0.0,-0.133,0.867,86.7
2018-02-23 13:00:00,0.994,0.955,204.0,True,True,True,5,ok,0.955,0.308,1.263,0.0,0.0,-0.325,0.543,54.3
2018-02-23 14:00:00,2.235,2.146,504.0,True,True,True,6,ok,1.263,0.0,1.263,0.457,0.401,0.457,1.0,100.0
2018-02-23 15:00:00,2.062,1.98,633.0,True,True,False,6,cap_reached,0.0,0.0,0.0,0.0,1.98,0.0,1.0,100.0
2018-02-23 16:00:00,0.856,0.822,175.0,True,True,False,6,cap_reached,0.0,0.0,0.0,0.0,0.822,0.0,1.0,100.0
2018-02-23 17:00:00,0.623,0.598,213.0,True,True,False,6,cap_reached,0.0,0.0,0.0,0.0,0.598,0.0,1.0,100.0
2018-02-23 18:00:00,0.08,0.077,19.0,False,True,False,6,cap_reached,0.0,0.0,0.0,0.0,0.077,0.0,1.0,100.0
2018-02-23 19:00:00,0.0,0.0,0.0,False,True,False,6,cap_reached,0.0,0.0,0.0,0.0,0.0,0.0,1.0,100.0
2018-02-23 20:00:00,0.0,0.0,0.0,False,True,False,6,cap_reached,0.0,0.0,0.0,0.0,0.0,0.0,1.0,100.0
2018-02-23 21:00:00,0.0,0.0,0.0,False,True,False,6,cap_reached,0.0,0.0,0.0,0.0,0.0,0.0,1.0,100.0
2018-02-23 22:00:00,0.0,0.0,0.0,False,True,False,6,cap_reached,0.0,0.0,0.0,0.0,0.0,0.0,1.0,100.0
2018-02-23 23:00:00,0.0,0.0,0.0,False,True,False,6,cap_reached,0.0,0.0,0.0,0.0,0.0,0.0,1.0,100.0
2018-02-24 00:00:00,0.0,0.0,0.0,False,True,False,0,night,0.0,0.0,0.0,0.0,0.0,0.0,1.0,100.0
2018-02-24 01:00:00,0.0,0.0,0.0,False,True,False,0,night,0.0,0.0,0.0,0.0,0.0,0.0,1.0,100.0
2018-02-24 02:00:00,0.0,0.0,0.0,False,True,False,0,night,0.0,0.0,0.0,0.0,0.0,0.0,1.0,100.0
2018-02-24 03:00:00,0.0,0.0,0.0,False,True,False,0,night,0.0,0.0,0.0,0.0,0.0,0.0,1.0,100.0
2018-02-24 04:00:00,0.0,0.0,0.0,False,True,False,0,night,0.0,0.0,0.0,0.0,0.0,0.0,1.0,100.0
2018-02-24 05:00:00,0.0,0.0,0.0,False,True,False,0,night,0.0,0.0,0.0,0.0,0.0,0.0,1.0,100.0
2018-02-24 06:00:00,0.0,0.0,0.0,False,True,False,0,night,0.0,0.0,0.0,0.0,0.0,0.0,1.0,100.0
2018-02-24 07:00:00,0.13,0.125,41.0,True,True,False,0,battery_empty,0.0,0.0,0.0,0.0,0.125,0.0,1.0,100.0
2018-02-24 08:00:00,0.757,0.727,252.0,True,True,True,1,ok,0.727,0.536,1.263,0.0,0.0,-0.564,0.436,43.6
2018-02-24 09:00:00,1.532,1.471,478.0,True,True,True,2,ok,1.263,0.0,1.263,0.198,0.0,0.198,0.634,63.4
2018-02-24 10:00:00,2.186,2.098,670.0,True,True,True,3,ok,1.263,0.0,1.263,0.366,0.45,0.366,1.0,100.0
2018-02-24 11:00:00,2.643,2.537,807.0,True,True,True,4,ok,1.263,0.0,1.263,0.0,1.274,0.0,1.0,100.0
2018-02-24 12:00:00,2.87,2.755,876.0,True,True,True,5,ok,1.263,0.0,1.263,0.0,1.492,0.0,1.0,100.0
2018-02-24 13:00:00,2.845,2.732,869.0,True,True,True,6,ok,1.263,0.0,1.263,0.0,1.469,0.0,1.0,100.0
2018-02-24 14:00:00,2.578,2.475,790.0,True,True,False,6,cap_reached,0.0,0.0,0.0,0.0,2.475,0.0,1.0,100.0
2018-02-24 15:00:00,2.084,2.0,643.0,True,True,False,6,cap_reached,0.0,0.0,0.0,0.0,2.0,0.0,1.0,100.0
2018-02-24 16:00:00,1.411,1.355,444.0,True,True,False,6,cap_reached,0.0,0.0,0.0,0.0,1.355,0.0,1.0,100.0
2018-02-24 17:00:00,0.636,0.611,217.0,True,True,False,6,cap_reached,0.0,0.0,0.0,0.0,0.611,0.0,1.0,100.0
2018-02-24 18:00:00,0.08,0.077,21.0,False,True,False,6,cap_reached,0.0,0.0,0.0,0.0,0.077,0.0,1.0,100.0
2018-02-24 19:00:00,0.0,0.0,0.0,False,True,False,6,cap_reached,0.0,0.0,0.0,0.0,0.0,0.0,1.0,100.0
2018-02-24 20:00:00,0.0,0.0,0.0,False,True,False,6,cap_reached,0.0,0.0,0.0,0.0,0.0,0.0,1.0,100.0
2018-02-24 21:00:00,0.0,0.0,0.0,False,True,False,6,cap_reached,0.0,0.0,0.0,0.0,0.0,0.0,1.0,100.0
2018-02-24 22:00:00,0.0,0.0,0.0,False,True,False,6,cap_reached,0.0,0.0,0.0,0.0,0.0,0.0,1.0,100.0
2018-02-24 23:00:00,0.0,0.0,0.0,False,True,False,6,cap_reached,0.0,0.0,0.0,0.0,0.0,0.0,1.0,100.0
2018-02-25 00:00:00,0.0,0.0,0.0,False,True,False,0,night,0.0,0.0,0.0,0.0,0.0,0.0,1.0,100.0
2018-02-25 01:00:00,0.0,0.0,0.0,False,True,False,0,night,0.0,0.0,0.0,0.0,0.0,0.0,1.0,100.0
2018-02-25 02:00:00,0.0,0.0,0.0,False,True,False,0,night,0.0,0.0,0.0,0.0,0.0,0.0,1.0,100.0
2018-02-25 03:00:00,0.0,0.0,0.0,False,True,False,0,night,0.0,0.0,0.0,0.0,0.0,0.0,1.0,100.0
2018-02-25 04:00:00,0.0,0.0,0.0,False,True,False,0,night,0.0,0.0,0.0,0.0,0.0,0.0,1.0,100.0
2018-02-25 05:00:00,0.0,0.0,0.0,False,True,False,0,night,0.0,0.0,0.0,0.0,0.0,0.0,1.0,100.0
2018-02-25 06:00:00,0.0,0.0,0.0,False,True,False,0,night,0.0,0.0,0.0,0.0,0.0,0.0,1.0,100.0
2018-02-25 07:00:00,0.121,0.116,45.0,True,True,False,0,battery_empty,0.0,0.0,0.0,0.0,0.116,0.0,1.0,100.0
2018-02-25 08:00:00,0.769,0.738,257.0,True,True,True,1,ok,0.738,0.525,1.263,0.0,0.0,-0.553,0.447,44.7
2018-02-25 09:00:00,1.542,1.48,482.0,True,True,True,2,ok,1.263,0.0,1.263,0.206,0.0,0.206,0.654,65.4
2018-02-25 10:00:00,2.188,2.101,672.0,True,True,True,3,ok,1.263,0.0,1.263,0.346,0.473,0.346,1.0,100.0
2018-02-25 11:00:00,2.642,2.536,807.0,True,True,True,4,ok,1.263,0.0,1.263,0.0,1.273,0.0,1.0,100.0
2018-02-25 12:00:00,1.802,1.73,380.0,True,True,True,5,ok,1.263,0.0,1.263,0.0,0.467,0.0,1.0,100.0
2018-02-25 13:00:00,2.837,2.724,866.0,True,True,True,6,ok,1.263,0.0,1.263,0.0,1.461,0.0,1.0,100.0
2018-02-25 14:00:00,2.573,2.47,788.0,True,True,False,6,cap_reached,0.0,0.0,0.0,0.0,2.47,0.0,1.0,100.0
2018-02-25 15:00:00,2.083,2.0,643.0,True,True,False,6,cap_reached,0.0,0.0,0.0,0.0,2.0,0.0,1.0,100.0
2018-02-25 16:00:00,1.415,1.359,447.0,True,True,False,6,cap_reached,0.0,0.0,0.0,0.0,1.359,0.0,1.0,100.0
2018-02-25 17:00:00,0.639,0.614,221.0,True,True,False,6,cap_reached,0.0,0.0,0.0,0.0,0.614,0.0,1.0,100.0
2018-02-25 18:00:00,0.08,0.077,22.0,False,True,False,6,cap_reached,0.0,0.0,0.0,0.0,0.077,0.0,1.0,100.0
2018-02-25 19:00:00,0.0,0.0,0.0,False,True,False,6,cap_reached,0.0,0.0,0.0,0.0,0.0,0.0,1.0,100.0
2018-02-25 20:00:00,0.0,0.0,0.0,False,True,False,6,cap_reached,0.0,0.0,0.0,0.0,0.0,0.0,1.0,100.0
2018-02-25 21:00:00,0.0,0.0,0.0,False,True,False,6,cap_reached,0.0,0.0,0.0,0.0,0.0,0.0,1.0,100.0
2018-02-25 22:00:00,0.0,0.0,0.0,False,True,False,6,cap_reached,0.0,0.0,0.0,0.0,0.0,0.0,1.0,100.0
2018-02-25 23:00:00,0.0,0.0,0.0,False,True,False,6,cap_reached,0.0,0.0,0.0,0.0,0.0,0.0,1.0,100.0
2018-02-26 00:00:00,0.0,0.0,0.0,False,True,False,0,night,0.0,0.0,0.0,0.0,0.0,0.0,1.0,100.0
2018-02-26 01:00:00,0.0,0.0,0.0,False,True,False,0,night,0.0,0.0,0.0,0.0,0.0,0.0,1.0,100.0
2018-02-26 02:00:00,0.0,0.0,0.0,False,True,False,0,night,0.0,0.0,0.0,0.0,0.0,0.0,1.0,100.0
2018-02-26 03:00:00,0.0,0.0,0.0,False,True,False,0,night,0.0,0.0,0.0,0.0,0.0,0.0,1.0,100.0
2018-02-26 04:00:00,0.0,0.0,0.0,False,True,False,0,night,0.0,0.0,0.0,0.0,0.0,0.0,1.0,100.0
2018-02-26 05:00:00,0.0,0.0,0.0,False,True,False,0,night,0.0,0.0,0.0,0.0,0.0,0.0,1.0,100.0
2018-02-26 06:00:00,0.0,0.0,0.0,False,True,False,0,night,0.0,0.0,0.0,0.0,0.0,0.0,1.0,100.0
2018-02-26 07:00:00,0.121,0.116,50.0,True,True,False,0,battery_empty,0.0,0.0,0.0,0.0,0.116,0.0,1.0,100.0
2018-02-26 08:00:00,0.804,0.771,270.0,True,True,True,1,ok,0.771,0.492,1.263,0.0,0.0,-0.517,0.483,48.3
2018-02-26 09:00:00,1.586,1.523,497.0,True,True,True,2,ok,1.263,0.0,1.263,0.247,0.0,0.247,0.73,73.0
2018-02-26 10:00:00,2.239,2.149,688.0,True,True,True,3,ok,1.263,0.0,1.263,0.27,0.602,0.27,1.0,100.0
2018-02-26 11:00:00,2.693,2.585,823.0,True,True,True,4,ok,1.263,0.0,1.263,0.0,1.322,0.0,1.0,100.0
2018-02-26 12:00:00,2.909,2.793,889.0,True,True,True,5,ok,1.263,0.0,1.263,0.0,1.53,0.0,1.0,100.0
2018-02-26 13:00:00,2.886,2.771,881.0,True,True,True,6,ok,1.263,0.0,1.263,0.0,1.508,0.0,1.0,100.0
2018-02-26 14:00:00,2.61,2.506,800.0,True,True,False,6,cap_reached,0.0,0.0,0.0,0.0,2.506,0.0,1.0,100.0
2018-02-26 15:00:00,2.118,2.034,654.0,True,True,False,6,cap_reached,0.0,0.0,0.0,0.0,2.034,0.0,1.0,100.0
2018-02-26 16:00:00,1.447,1.389,455.0,True,True,False,6,cap_reached,0.0,0.0,0.0,0.0,1.389,0.0,1.0,100.0
2018-02-26 17:00:00,0.664,0.638,227.0,True,True,False,6,cap_reached,0.0,0.0,0.0,0.0,0.638,0.0,1.0,100.0
2018-02-26 18:00:00,0.08,0.077,24.0,False,True,False,6,cap_reached,0.0,0.0,0.0,0.0,0.077,0.0,1.0,100.0
2018-02-26 19:00:00,0.0,0.0,0.0,False,True,False,6,cap_reached,0.0,0.0,0.0,0.0,0.0,0.0,1.0,100.0
2018-02-26 20:00:00,0.0,0.0,0.0,False,True,False,6,cap_reached,0.0,0.0,0.0,0.0,0.0,0.0,1.0,100.0
2018-02-26 21:00:00,0.0,0.0,0.0,False,True,False,6,cap_reached,0.0,0.0,0.0,0.0,0.0,0.0,1.0,100.0
2018-02-26 22:00:00,0.0,0.0,0.0,False,True,False,6,cap_reached,0.0,0.0,0.0,0.0,0.0,0.0,1.0,100.0
2018-02-26 23:00:00,0.0,0.0,0.0,False,True,False,6,cap_reached,0.0,0.0,0.0,0.0,0.0,0.0,1.0,100.0
2018-02-27 00:00:00,0.0,0.0,0.0,False,True,False,0,night,0.0,0.0,0.0,0.0,0.0,0.0,1.0,100.0
2018-02-27 01:00:00,0.0,0.0,0.0,False,True,False,0,night,0.0,0.0,0.0,0.0,0.0,0.0,1.0,100.0
2018-02-27 02:00:00,0.0,0.0,0.0,False,True,False,0,night,0.0,0.0,0.0,0.0,0.0,0.0,1.0,100.0
2018-02-27 03:00:00,0.0,0.0,0.0,False,True,False,0,night,0.0,0.0,0.0,0.0,0.0,0.0,1.0,100.0
2018-02-27 04:00:00,0.0,0.0,0.0,False,True,False,0,night,0.0,0.0,0.0,0.0,0.0,0.0,1.0,100.0
2018-02-27 05:00:00,0.0,0.0,0.0,False,True,False,0,night,0.0,0.0,0.0,0.0,0.0,0.0,1.0,100.0
2018-02-27 06:00:00,0.0,0.0,0.0,False,True,False,0,night,0.0,0.0,0.0,0.0,0.0,0.0,1.0,100.0
2018-02-27 07:00:00,0.126,0.121,52.0,True,True,False,0,battery_empty,0.0,0.0,0.0,0.0,0.121,0.0,1.0,100.0
2018-02-27 08:00:00,0.83,0.797,270.0,True,True,True,1,ok,0.797,0.466,1.263,0.0,0.0,-0.49,0.51,51.0
2018-02-27 09:00:00,1.61,1.546,495.0,True,True,True,2,ok,1.263,0.0,1.263,0.269,0.0,0.269,0.778,77.8
2018-02-27 10:00:00,2.256,2.166,683.0,True,True,True,3,ok,1.263,0.0,1.263,0.222,0.669,0.222,1.0,100.0
2018-02-27 11:00:00,2.708,2.6,817.0,True,True,True,4,ok,1.263,0.0,1.263,0.0,1.337,0.0,1.0,100.0
2018-02-27 12:00:00,2.917,2.801,881.0,True,True,True,5,ok,1.263,0.0,1.263,0.0,1.538,0.0,1.0,100.0
2018-02-27 13:00:00,2.892,2.777,876.0,True,True,True,6,ok,1.263,0.0,1.263,0.0,1.514,0.0,1.0,100.0
2018-02-27 14:00:00,2.619,2.514,794.0,True,True,False,6,cap_reached,0.0,0.0,0.0,0.0,2.514,0.0,1.0,100.0
2018-02-27 15:00:00,2.129,2.044,648.0,True,True,False,6,cap_reached,0.0,0.0,0.0,0.0,2.044,0.0,1.0,100.0
2018-02-27 16:00:00,1.453,1.395,451.0,True,True,False,6,cap_reached,0.0,0.0,0.0,0.0,1.395,0.0,1.0,100.0
2018-02-27 17:00:00,0.674,0.647,224.0,True,True,False,6,cap_reached,0.0,0.0,0.0,0.0,0.647,0.0,1.0,100.0
2018-02-27 18:00:00,0.05,0.048,10.0,False,True,False,6,cap_reached,0.0,0.0,0.0,0.0,0.048,0.0,1.0,100.0
2018-02-27 19:00:00,0.0,0.0,0.0,False,True,False,6,cap_reached,0.0,0.0,0.0,0.0,0.0,0.0,1.0,100.0
2018-02-27 20:00:00,0.0,0.0,0.0,False,True,False,6,cap_reached,0.0,0.0,0.0,0.0,0.0,0.0,1.0,100.0
2018-02-27 21:00:00,0.0,0.0,0.0,False,True,False,6,cap_reached,0.0,0.0,0.0,0.0,0.0,0.0,1.0,100.0
2018-02-27 22:00:00,0.0,0.0,0.0,False,True,False,6,cap_reached,0.0,0.0,0.0,0.0,0.0,0.0,1.0,100.0
2018-02-27 23:00:00,0.0,0.0,0.0,False,True,False,6,cap_reached,0.0,0.0,0.0,0.0,0.0,0.0,1.0,100.0
2018-02-28 00:00:00,0.0,0.0,0.0,False,True,False,0,night,0.0,0.0,0.0,0.0,0.0,0.0,1.0,100.0
2018-02-28 01:00:00,0.0,0.0,0.0,False,True,False,0,night,0.0,0.0,0.0,0.0,0.0,0.0,1.0,100.0
2018-02-28 02:00:00,0.0,0.0,0.0,False,True,False,0,night,0.0,0.0,0.0,0.0,0.0,0.0,1.0,100.0
2018-02-28 03:00:00,0.0,0.0,0.0,False,True,False,0,night,0.0,0.0,0.0,0.0,0.0,0.0,1.0,100.0
2018-02-28 04:00:00,0.0,0.0,0.0,False,True,False,0,night,0.0,0.0,0.0,0.0,0.0,0.0,1.0,100.0
2018-02-28 05:00:00,0.0,0.0,0.0,False,True,False,0,night,0.0,0.0,0.0,0.0,0.0,0.0,1.0,100.0
2018-02-28 06:00:00,0.0,0.0,0.0,False,True,False,0,night,0.0,0.0,0.0,0.0,0.0,0.0,1.0,100.0
2018-02-28 07:00:00,0.126,0.121,54.0,True,True,False,0,battery_empty,0.0,0.0,0.0,0.0,0.121,0.0,1.0,100.0
2018-02-28 08:00:00,0.841,0.807,273.0,True,True,True,1,ok,0.807,0.456,1.263,0.0,0.0,-0.48,0.52,52.0
2018-02-28 09:00:00,1.621,1.556,498.0,True,True,True,2,ok,1.263,0.0,1.263,0.279,0.0,0.279,0.799,79.9
2018-02-28 10:00:00,2.282,2.191,688.0,True,True,True,3,ok,1.263,0.0,1.263,0.201,0.716,0.201,1.0,100.0
2018-02-28 11:00:00,2.737,2.628,824.0,True,True,True,4,ok,1.263,0.0,1.263,0.0,1.365,0.0,1.0,100.0
2018-02-28 12:00:00,2.956,2.838,889.0,True,True,True,5,ok,1.263,0.0,1.263,0.0,1.575,0.0,1.0,100.0
2018-02-28 13:00:00,2.939,2.821,880.0,True,True,True,6,ok,1.263,0.0,1.263,0.0,1.558,0.0,1.0,100.0
2018-02-28 14:00:00,2.663,2.557,799.0,True,True,False,6,cap_reached,0.0,0.0,0.0,0.0,2.557,0.0,1.0,100.0
2018-02-28 15:00:00,2.163,2.076,651.0,True,True,False,6,cap_reached,0.0,0.0,0.0,0.0,2.076,0.0,1.0,100.0
2018-02-28 16:00:00,1.485,1.426,453.0,True,True,False,6,cap_reached,0.0,0.0,0.0,0.0,1.426,0.0,1.0,100.0
2018-02-28 17:00:00,0.698,0.67,225.0,True,True,False,6,cap_reached,0.0,0.0,0.0,0.0,0.67,0.0,1.0,100.0
2018-02-28 18:00:00,0.085,0.082,25.0,False,True,False,6,cap_reached,0.0,0.0,0.0,0.0,0.082,0.0,1.0,100.0
2018-02-28 19:00:00,0.0,0.0,0.0,False,True,False,6,cap_reached,0.0,0.0,0.0,0.0,0.0,0.0,1.0,100.0
2018-02-28 20:00:00,0.0,0.0,0.0,False,True,False,6,cap_reached,0.0,0.0,0.0,0.0,0.0,0.0,1.0,100.0
2018-02-28 21:00:00,0.0,0.0,0.0,False,True,False,6,cap_reached,0.0,0.0,0.0,0.0,0.0,0.0,1.0,100.0
2018-02-28 22:00:00,0.0,0.0,0.0,False,True,False,6,cap_reached,0.0,0.0,0.0,0.0,0.0,0.0,1.0,100.0
2018-02-28 23:00:00,0.0,0.0,0.0,False,True,False,6,cap_reached,0.0,0.0,0.0,0.0,0.0,0.0,1.0,100.0
2018-03-01 00:00:00,0.0,0.0,0.0,False,True,False,0,night,0.0,0.0,0.0,0.0,0.0,0.0,1.0,100.0
2018-03-01 01:00:00,0.0,0.0,0.0,False,True,False,0,night,0.0,0.0,0.0,0.0,0.0,0.0,1.0,100.0
2018-03-01 02:00:00,0.0,0.0,0.0,False,True,False,0,night,0.0,0.0,0.0,0.0,0.0,0.0,1.0,100.0
2018-03-01 03:00:00,0.0,0.0,0.0,False,True,False,0,night,0.0,0.0,0.0,0.0,0.0,0.0,1.0,100.0
2018-03-01 04:00:00,0.0,0.0,0.0,False,True,False,0,night,0.0,0.0,0.0,0.0,0.0,0.0,1.0,100.0
2018-03-01 05:00:00,0.0,0.0,0.0,False,True,False,0,night,0.0,0.0,0.0,0.0,0.0,0.0,1.0,100.0
2018-03-01 06:00:00,0.0,0.0,0.0,False,True,False,0,night,0.0,0.0,0.0,0.0,0.0,0.0,1.0,100.0
2018-03-01 07:00:00,0.136,0.131,56.0,True,True,False,0,battery_empty,0.0,0.0,0.0,0.0,0.131,0.0,1.0,100.0
2018-03-01 08:00:00,0.873,0.838,276.0,True,True,True,1,ok,0.838,0.425,1.263,0.0,0.0,-0.447,0.553,55.3
2018-03-01 09:00:00,1.663,1.597,503.0,True,True,True,2,ok,1.263,0.0,1.263,0.317,0.0,0.317,0.87,87.0
2018-03-01 10:00:00,2.323,2.23,693.0,True,True,True,3,ok,1.263,0.0,1.263,0.13,0.83,0.13,1.0,100.0
2018-03-01 11:00:00,2.773,2.663,829.0,True,True,True,4,ok,1.263,0.0,1.263,0.0,1.4,0.0,1.0,100.0
2018-03-01 12:00:00,2.992,2.872,894.0,True,True,True,5,ok,1.263,0.0,1.263,0.0,1.609,0.0,1.0,100.0
2018-03-01 13:00:00,2.962,2.844,889.0,True,True,True,6,ok,1.263,0.0,1.263,0.0,1.581,0.0,1.0,100.0
2018-03-01 14:00:00,1.723,1.654,365.0,True,True,False,6,cap_reached,0.0,0.0,0.0,0.0,1.654,0.0,1.0,100.0
2018-03-01 15:00:00,1.04,0.998,214.0,True,True,False,6,cap_reached,0.0,0.0,0.0,0.0,0.998,0.0,1.0,100.0
2018-03-01 16:00:00,1.51,1.449,462.0,True,True,False,6,cap_reached,0.0,0.0,0.0,0.0,1.449,0.0,1.0,100.0
2018-03-01 17:00:00,0.716,0.687,233.0,True,True,False,6,cap_reached,0.0,0.0,0.0,0.0,0.687,0.0,1.0,100.0
2018-03-01 18:00:00,0.085,0.082,27.0,False,True,False,6,cap_reached,0.0,0.0,0.0,0.0,0.082,0.0,1.0,100.0
2018-03-01 19:00:00,0.0,0.0,0.0,False,True,False,6,cap_reached,0.0,0.0,0.0,0.0,0.0,0.0,1.0,100.0
2018-03-01 20:00:00,0.0,0.0,0.0,False,True,False,6,cap_reached,0.0,0.0,0.0,0.0,0.0,0.0,1.0,100.0
2018-03-01 21:00:00,0.0,0.0,0.0,False,True,False,6,cap_reached,0.0,0.0,0.0,0.0,0.0,0.0,1.0,100.0
2018-03-01 22:00:00,0.0,0.0,0.0,False,True,False,6,cap_reached,0.0,0.0,0.0,0.0,0.0,0.0,1.0,100.0
2018-03-01 23:00:00,0.0,0.0,0.0,False,True,False,6,cap_reached,0.0,0.0,0.0,0.0,0.0,0.0,1.0,100.0
2018-03-02 00:00:00,0.0,0.0,0.0,False,True,False,0,night,0.0,0.0,0.0,0.0,0.0,0.0,1.0,100.0
2018-03-02 01:00:00,0.0,0.0,0.0,False,True,False,0,night,0.0,0.0,0.0,0.0,0.0,0.0,1.0,100.0
2018-03-02 02:00:00,0.0,0.0,0.0,False,True,False,0,night,0.0,0.0,0.0,0.0,0.0,0.0,1.0,100.0
2018-03-02 03:00:00,0.0,0.0,0.0,False,True,False,0,night,0.0,0.0,0.0,0.0,0.0,0.0,1.0,100.0
2018-03-02 04:00:00,0.0,0.0,0.0,False,True,False,0,night,0.0,0.0,0.0,0.0,0.0,0.0,1.0,100.0
2018-03-02 05:00:00,0.0,0.0,0.0,False,True,False,0,night,0.0,0.0,0.0,0.0,0.0,0.0,1.0,100.0
2018-03-02 06:00:00,0.0,0.0,0.0,False,True,False,0,night,0.0,0.0,0.0,0.0,0.0,0.0,1.0,100.0
2018-03-02 07:00:00,0.159,0.153,56.0,True,True,False,0,battery_empty,0.0,0.0,0.0,0.0,0.153,0.0,1.0,100.0
2018-03-02 08:00:00,0.184,0.177,37.0,True,True,False,0,battery_empty,0.0,0.0,0.0,0.0,0.177,0.0,1.0,100.0
2018-03-02 09:00:00,1.673,1.607,497.0,True,True,True,1,ok,1.263,0.0,1.263,0.0,0.344,0.0,1.0,100.0
2018-03-02 10:00:00,2.325,2.232,691.0,True,True,True,2,ok,1.263,0.0,1.263,0.0,0.969,0.0,1.0,100.0
2018-03-02 11:00:00,2.778,2.667,829.0,True,True,True,3,ok,1.263,0.0,1.263,0.0,1.404,0.0,1.0,100.0
2018-03-02 12:00:00,2.998,2.878,897.0,True,True,True,4,ok,1.263,0.0,1.263,0.0,1.615,0.0,1.0,100.0
2018-03-02 13:00:00,2.98,2.861,890.0,True,True,True,5,ok,1.263,0.0,1.263,0.0,1.598,0.0,1.0,100.0
2018-03-02 14:00:00,2.716,2.607,810.0,True,True,True,6,ok,1.263,0.0,1.263,0.0,1.344,0.0,1.0,100.0
2018-03-02 15:00:00,2.227,2.138,665.0,True,True,False,6,cap_reached,0.0,0.0,0.0,0.0,2.138,0.0,1.0,100.0
2018-03-02 16:00:00,1.541,1.479,464.0,True,True,False,6,cap_reached,0.0,0.0,0.0,0.0,1.479,0.0,1.0,100.0
2018-03-02 17:00:00,0.739,0.709,234.0,True,True,False,6,cap_reached,0.0,0.0,0.0,0.0,0.709,0.0,1.0,100.0
2018-03-02 18:00:00,0.09,0.086,28.0,False,True,False,6,cap_reached,0.0,0.0,0.0,0.0,0.086,0.0,1.0,100.0
2018-03-02 19:00:00,0.0,0.0,0.0,False,True,False,6,cap_reached,0.0,0.0,0.0,0.0,0.0,0.0,1.0,100.0
2018-03-02 20:00:00,0.0,0.0,0.0,False,True,False,6,cap_reached,0.0,0.0,0.0,0.0,0.0,0.0,1.0,100.0
2018-03-02 21:00:00,0.0,0.0,0.0,False,True,False,6,cap_reached,0.0,0.0,0.0,0.0,0.0,0.0,1.0,100.0
2018-03-02 22:00:00,0.0,0.0,0.0,False,True,False,6,cap_reached,0.0,0.0,0.0,0.0,0.0,0.0,1.0,100.0
2018-03-02 23:00:00,0.0,0.0,0.0,False,True,False,6,cap_reached,0.0,0.0,0.0,0.0,0.0,0.0,1.0,100.0
2018-03-03 00:00:00,0.0,0.0,0.0,False,True,False,0,night,0.0,0.0,0.0,0.0,0.0,0.0,1.0,100.0
2018-03-03 01:00:00,0.0,0.0,0.0,False,True,False,0,night,0.0,0.0,0.0,0.0,0.0,0.0,1.0,100.0
2018-03-03 02:00:00,0.0,0.0,0.0,False,True,False,0,night,0.0,0.0,0.0,0.0,0.0,0.0,1.0,100.0
2018-03-03 03:00:00,0.0,0.0,0.0,False,True,False,0,night,0.0,0.0,0.0,0.0,0.0,0.0,1.0,100.0
2018-03-03 04:00:00,0.0,0.0,0.0,False,True,False,0,night,0.0,0.0,0.0,0.0,0.0,0.0,1.0,100.0
2018-03-03 05:00:00,0.0,0.0,0.0,False,True,False,0,night,0.0,0.0,0.0,0.0,0.0,0.0,1.0,100.0
2018-03-03 06:00:00,0.0,0.0,0.0,False,True,False,0,night,0.0,0.0,0.0,0.0,0.0,0.0,1.0,100.0
2018-03-03 07:00:00,0.181,0.173,63.0,True,True,False,0,battery_empty,0.0,0.0,0.0,0.0,0.173,0.0,1.0,100.0
2018-03-03 08:00:00,0.964,0.926,291.0,True,True,True,1,ok,0.926,0.337,1.263,0.0,0.0,-0.355,0.645,64.5
2018-03-03 09:00:00,1.783,1.711,525.0,True,True,True,2,ok,1.263,0.0,1.263,0.355,0.074,0.355,1.0,100.0
2018-03-03 10:00:00,2.459,2.361,725.0,True,True,True,3,ok,1.263,0.0,1.263,0.0,1.098,0.0,1.0,100.0
2018-03-03 11:00:00,2.924,2.807,864.0,True,True,True,4,ok,1.263,0.0,1.263,0.0,1.544,0.0,1.0,100.0
2018-03-03 12:00:00,3.153,3.027,933.0,True,True,True,5,ok,1.263,0.0,1.263,0.0,1.764,0.0,1.0,100.0
2018-03-03 13:00:00,3.139,3.013,929.0,True,True,True,6,ok,1.263,0.0,1.263,0.0,1.75,0.0,1.0,100.0
2018-03-03 14:00:00,2.86,2.746,845.0,True,True,False,6,cap_reached,0.0,0.0,0.0,0.0,2.746,0.0,1.0,100.0
2018-03-03 15:00:00,2.341,2.247,689.0,True,True,False,6,cap_reached,0.0,0.0,0.0,0.0,2.247,0.0,1.0,100.0
2018-03-03 16:00:00,1.63,1.565,482.0,True,True,False,6,cap_reached,0.0,0.0,0.0,0.0,1.565,0.0,1.0,100.0
2018-03-03 17:00:00,0.8,0.768,243.0,True,True,False,6,cap_reached,0.0,0.0,0.0,0.0,0.768,0.0,1.0,100.0
2018-03-03 18:00:00,0.111,0.106,30.0,True,True,False,6,cap_reached,0.0,0.0,0.0,0.0,0.106,0.0,1.0,100.0
2018-03-03 19:00:00,0.0,0.0,0.0,False,True,False,6,cap_reached,0.0,0.0,0.0,0.0,0.0,0.0,1.0,100.0
2018-03-03 20:00:00,0.0,0.0,0.0,False,True,False,6,cap_reached,0.0,0.0,0.0,0.0,0.0,0.0,1.0,100.0
2018-03-03 21:00:00,0.0,0.0,0.0,False,True,False,6,cap_reached,0.0,0.0,0.0,0.0,0.0,0.0,1.0,100.0
2018-03-03 22:00:00,0.0,0.0,0.0,False,True,False,6,cap_reached,0.0,0.0,0.0,0.0,0.0,0.0,1.0,100.0
2018-03-03 23:00:00,0.0,0.0,0.0,False,True,False,6,cap_reached,0.0,0.0,0.0,0.0,0.0,0.0,1.0,100.0
2018-03-04 00:00:00,0.0,0.0,0.0,False,True,False,0,night,0.0,0.0,0.0,0.0,0.0,0.0,1.0,100.0
2018-03-04 01:00:00,0.0,0.0,0.0,False,True,False,0,night,0.0,0.0,0.0,0.0,0.0,0.0,1.0,100.0
2018-03-04 02:00:00,0.0,0.0,0.0,False,True,False,0,night,0.0,0.0,0.0,0.0,0.0,0.0,1.0,100.0
2018-03-04 03:00:00,0.0,0.0,0.0,False,True,False,0,night,0.0,0.0,0.0,0.0,0.0,0.0,1.0,100.0
2018-03-04 04:00:00,0.0,0.0,0.0,False,True,False,0,night,0.0,0.0,0.0,0.0,0.0,0.0,1.0,100.0
2018-03-04 05:00:00,0.0,0.0,0.0,False,True,False,0,night,0.0,0.0,0.0,0.0,0.0,0.0,1.0,100.0
2018-03-04 06:00:00,0.0,0.0,0.0,False,True,False,0,night,0.0,0.0,0.0,0.0,0.0,0.0,1.0,100.0
2018-03-04 07:00:00,0.218,0.209,61.0,True,True,False,0,battery_empty,0.0,0.0,0.0,0.0,0.209,0.0,1.0,100.0
2018-03-04 08:00:00,0.998,0.958,285.0,True,True,True,1,ok,0.958,0.305,1.263,0.0,0.0,-0.321,0.679,67.9
2018-03-04 09:00:00,1.45,1.392,306.0,True,True,True,2,ok,1.263,0.0,1.263,0.123,0.0,0.123,0.801,80.1
2018-03-04 10:00:00,2.49,2.391,719.0,True,True,True,3,ok,1.263,0.0,1.263,0.199,0.919,0.199,1.0,100.0
2018-03-04 11:00:00,2.96,2.842,858.0,True,True,True,4,ok,1.263,0.0,1.263,0.0,1.579,0.0,1.0,100.0
2018-03-04 12:00:00,2.645,2.539,594.0,True,True,True,5,ok,1.263,0.0,1.263,0.0,1.276,0.0,1.0,100.0
2018-03-04 13:00:00,2.622,2.517,589.0,True,True,True,6,ok,1.263,0.0,1.263,0.0,1.254,0.0,1.0,100.0
2018-03-04 14:00:00,2.877,2.762,834.0,True,True,False,6,cap_reached,0.0,0.0,0.0,0.0,2.762,0.0,1.0,100.0
2018-03-04 15:00:00,1.829,1.755,393.0,True,True,False,6,cap_reached,0.0,0.0,0.0,0.0,1.755,0.0,1.0,100.0
2018-03-04 16:00:00,1.486,1.426,319.0,True,True,False,6,cap_reached,0.0,0.0,0.0,0.0,1.426,0.0,1.0,100.0
2018-03-04 17:00:00,0.814,0.781,240.0,True,True,False,6,cap_reached,0.0,0.0,0.0,0.0,0.781,0.0,1.0,100.0
2018-03-04 18:00:00,0.06,0.058,12.0,False,True,False,6,cap_reached,0.0,0.0,0.0,0.0,0.058,0.0,1.0,100.0
2018-03-04 19:00:00,0.0,0.0,0.0,False,True,False,6,cap_reached,0.0,0.0,0.0,0.0,0.0,0.0,1.0,100.0
2018-03-04 20:00:00,0.0,0.0,0.0,False,True,False,6,cap_reached,0.0,0.0,0.0,0.0,0.0,0.0,1.0,100.0
2018-03-04 21:00:00,0.0,0.0,0.0,False,True,False,6,cap_reached,0.0,0.0,0.0,0.0,0.0,0.0,1.0,100.0
2018-03-04 22:00:00,0.0,0.0,0.0,False,True,False,6,cap_reached,0.0,0.0,0.0,0.0,0.0,0.0,1.0,100.0
2018-03-04 23:00:00,0.0,0.0,0.0,False,True,False,6,cap_reached,0.0,0.0,0.0,0.0,0.0,0.0,1.0,100.0
2018-03-05 00:00:00,0.0,0.0,0.0,False,True,False,0,night,0.0,0.0,0.0,0.0,0.0,0.0,1.0,100.0
2018-03-05 01:00:00,0.0,0.0,0.0,False,True,False,0,night,0.0,0.0,0.0,0.0,0.0,0.0,1.0,100.0
2018-03-05 02:00:00,0.0,0.0,0.0,False,True,False,0,night,0.0,0.0,0.0,0.0,0.0,0.0,1.0,100.0
2018-03-05 03:00:00,0.0,0.0,0.0,False,True,False,0,night,0.0,0.0,0.0,0.0,0.0,0.0,1.0,100.0
2018-03-05 04:00:00,0.0,0.0,0.0,False,True,False,0,night,0.0,0.0,0.0,0.0,0.0,0.0,1.0,100.0
2018-03-05 05:00:00,0.0,0.0,0.0,False,True,False,0,night,0.0,0.0,0.0,0.0,0.0,0.0,1.0,100.0
2018-03-05 06:00:00,0.0,0.0,0.0,False,True,False,0,night,0.0,0.0,0.0,0.0,0.0,0.0,1.0,100.0
2018-03-05 07:00:00,0.222,0.213,44.0,True,True,False,0,battery_empty,0.0,0.0,0.0,0.0,0.213,0.0,1.0,100.0
2018-03-05 08:00:00,1.015,0.974,297.0,True,True,True,1,ok,0.974,0.289,1.263,0.0,0.0,-0.304,0.696,69.6
2018-03-05 09:00:00,1.837,1.764,531.0,True,True,True,2,ok,1.263,0.0,1.263,0.304,0.181,0.304,1.0,100.0
2018-03-05 10:00:00,1.143,1.097,232.0,True,True,True,3,ok,1.097,0.166,1.263,0.0,0.0,-0.174,0.826,82.6
2018-03-05 11:00:00,2.748,2.638,635.0,True,True,True,4,ok,1.263,0.0,1.263,0.174,1.191,0.174,1.0,100.0
2018-03-05 12:00:00,2.814,2.701,643.0,True,True,True,5,ok,1.263,0.0,1.263,0.0,1.438,0.0,1.0,100.0
2018-03-05 13:00:00,3.169,3.042,926.0,True,True,True,6,ok,1.263,0.0,1.263,0.0,1.779,0.0,1.0,100.0
2018-03-05 14:00:00,2.887,2.771,843.0,True,True,False,6,cap_reached,0.0,0.0,0.0,0.0,2.771,0.0,1.0,100.0
2018-03-05 15:00:00,2.372,2.277,691.0,True,True,False,6,cap_reached,0.0,0.0,0.0,0.0,2.277,0.0,1.0,100.0
2018-03-05 16:00:00,1.657,1.591,484.0,True,True,False,6,cap_reached,0.0,0.0,0.0,0.0,1.591,0.0,1.0,100.0
2018-03-05 17:00:00,0.816,0.783,247.0,True,True,False,6,cap_reached,0.0,0.0,0.0,0.0,0.783,0.0,1.0,100.0
2018-03-05 18:00:00,0.102,0.097,33.0,True,True,False,6,cap_reached,0.0,0.0,0.0,0.0,0.097,0.0,1.0,100.0
2018-03-05 19:00:00,0.0,0.0,0.0,False,True,False,6,cap_reached,0.0,0.0,0.0,0.0,0.0,0.0,1.0,100.0
2018-03-05 20:00:00,0.0,0.0,0.0,False,True,False,6,cap_reached,0.0,0.0,0.0,0.0,0.0,0.0,1.0,100.0
2018-03-05 21:00:00,0.0,0.0,0.0,False,True,False,6,cap_reached,0.0,0.0,0.0,0.0,0.0,0.0,1.0,100.0
2018-03-05 22:00:00,0.0,0.0,0.0,False,True,False,6,cap_reached,0.0,0.0,0.0,0.0,0.0,0.0,1.0,100.0
2018-03-05 23:00:00,0.0,0.0,0.0,False,True,False,6,cap_reached,0.0,0.0,0.0,0.0,0.0,0.0,1.0,100.0
2018-03-06 00:00:00,0.0,0.0,0.0,False,True,False,0,night,0.0,0.0,0.0,0.0,0.0,0.0,1.0,100.0
2018-03-06 01:00:00,0.0,0.0,0.0,False,True,False,0,night,0.0,0.0,0.0,0.0,0.0,0.0,1.0,100.0
2018-03-06 02:00:00,0.0,0.0,0.0,False,True,False,0,night,0.0,0.0,0.0,0.0,0.0,0.0,1.0,100.0
2018-03-06 03:00:00,0.0,0.0,0.0,False,True,False,0,night,0.0,0.0,0.0,0.0,0.0,0.0,1.0,100.0
2018-03-06 04:00:00,0.0,0.0,0.0,False,True,False,0,night,0.0,0.0,0.0,0.0,0.0,0.0,1.0,100.0
2018-03-06 05:00:00,0.0,0.0,0.0,False,True,False,0,night,0.0,0.0,0.0,0.0,0.0,0.0,1.0,100.0
2018-03-06 06:00:00,0.0,0.0,0.0,False,True,False,0,night,0.0,0.0,0.0,0.0,0.0,0.0,1.0,100.0
2018-03-06 07:00:00,0.215,0.206,74.0,True,True,False,0,battery_empty,0.0,0.0,0.0,0.0,0.206,0.0,1.0,100.0
2018-03-06 08:00:00,1.034,0.993,305.0,True,True,True,1,ok,0.993,0.27,1.263,0.0,0.0,-0.284,0.716,71.6
2018-03-06 09:00:00,1.858,1.784,538.0,True,True,True,2,ok,1.263,0.0,1.263,0.284,0.222,0.284,1.0,100.0
2018-03-06 10:00:00,2.528,2.427,733.0,True,True,True,3,ok,1.263,0.0,1.263,0.0,1.164,0.0,1.0,100.0
2018-03-06 11:00:00,2.99,2.871,867.0,True,True,True,4,ok,1.263,0.0,1.263,0.0,1.608,0.0,1.0,100.0
2018-03-06 12:00:00,3.212,3.084,934.0,True,True,True,5,ok,1.263,0.0,1.263,0.0,1.821,0.0,1.0,100.0
2018-03-06 13:00:00,3.171,3.044,924.0,True,True,True,6,ok,1.263,0.0,1.263,0.0,1.781,0.0,1.0,100.0
2018-03-06 14:00:00,2.885,2.77,840.0,True,True,False,6,cap_reached,0.0,0.0,0.0,0.0,2.77,0.0,1.0,100.0
2018-03-06 15:00:00,0.536,0.514,108.0,True,True,False,6,cap_reached,0.0,0.0,0.0,0.0,0.514,0.0,1.0,100.0
2018-03-06 16:00:00,0.309,0.297,62.0,True,True,False,6,cap_reached,0.0,0.0,0.0,0.0,0.297,0.0,1.0,100.0
2018-03-06 17:00:00,0.83,0.796,249.0,True,True,False,6,cap_reached,0.0,0.0,0.0,0.0,0.796,0.0,1.0,100.0
2018-03-06 18:00:00,0.101,0.097,34.0,True,True,False,6,cap_reached,0.0,0.0,0.0,0.0,0.097,0.0,1.0,100.0
2018-03-06 19:00:00,0.0,0.0,0.0,False,True,False,6,cap_reached,0.0,0.0,0.0,0.0,0.0,0.0,1.0,100.0
2018-03-06 20:00:00,0.0,0.0,0.0,False,True,False,6,cap_reached,0.0,0.0,0.0,0.0,0.0,0.0,1.0,100.0
2018-03-06 21:00:00,0.0,0.0,0.0,False,True,False,6,cap_reached,0.0,0.0,0.0,0.0,0.0,0.0,1.0,100.0
2018-03-06 22:00:00,0.0,0.0,0.0,False,True,False,6,cap_reached,0.0,0.0,0.0,0.0,0.0,0.0,1.0,100.0
2018-03-06 23:00:00,0.0,0.0,0.0,False,True,False,6,cap_reached,0.0,0.0,0.0,0.0,0.0,0.0,1.0,100.0
2018-03-07 00:00:00,0.0,0.0,0.0,False,True,False,0,night,0.0,0.0,0.0,0.0,0.0,0.0,1.0,100.0
2018-03-07 01:00:00,0.0,0.0,0.0,False,True,False,0,night,0.0,0.0,0.0,0.0,0.0,0.0,1.0,100.0
2018-03-07 02:00:00,0.0,0.0,0.0,False,True,False,0,night,0.0,0.0,0.0,0.0,0.0,0.0,1.0,100.0
2018-03-07 03:00:00,0.0,0.0,0.0,False,True,False,0,night,0.0,0.0,0.0,0.0,0.0,0.0,1.0,100.0
2018-03-07 04:00:00,0.0,0.0,0.0,False,True,False,0,night,0.0,0.0,0.0,0.0,0.0,0.0,1.0,100.0
2018-03-07 05:00:00,0.0,0.0,0.0,False,True,False,0,night,0.0,0.0,0.0,0.0,0.0,0.0,1.0,100.0
2018-03-07 06:00:00,0.0,0.0,0.0,False,True,False,0,night,0.0,0.0,0.0,0.0,0.0,0.0,1.0,100.0
2018-03-07 07:00:00,0.235,0.226,69.0,True,True,False,0,battery_empty,0.0,0.0,0.0,0.0,0.226,0.0,1.0,100.0
2018-03-07 08:00:00,0.993,0.953,239.0,True,True,True,1,ok,0.953,0.31,1.263,0.0,0.0,-0.326,0.674,67.4
2018-03-07 09:00:00,1.815,1.743,517.0,True,True,True,2,ok,1.263,0.0,1.263,0.326,0.136,0.326,1.0,100.0
2018-03-07 10:00:00,2.163,2.076,485.0,True,True,True,3,ok,1.263,0.0,1.263,0.0,0.813,0.0,1.0,100.0
2018-03-07 11:00:00,2.913,2.796,841.0,True,True,True,4,ok,1.263,0.0,1.263,0.0,1.533,0.0,1.0,100.0
2018-03-07 12:00:00,3.134,3.008,905.0,True,True,True,5,ok,1.263,0.0,1.263,0.0,1.745,0.0,1.0,100.0
2018-03-07 13:00:00,2.327,2.234,514.0,True,True,True,6,ok,1.263,0.0,1.263,0.0,0.971,0.0,1.0,100.0
2018-03-07 14:00:00,2.814,2.701,805.0,True,True,False,6,cap_reached,0.0,0.0,0.0,0.0,2.701,0.0,1.0,100.0
2018-03-07 15:00:00,2.317,2.224,656.0,True,True,False,6,cap_reached,0.0,0.0,0.0,0.0,2.224,0.0,1.0,100.0
2018-03-07 16:00:00,1.626,1.561,453.0,True,True,False,6,cap_reached,0.0,0.0,0.0,0.0,1.561,0.0,1.0,100.0
2018-03-07 17:00:00,0.821,0.789,225.0,True,True,False,6,cap_reached,0.0,0.0,0.0,0.0,0.789,0.0,1.0,100.0
2018-03-07 18:00:00,0.115,0.111,28.0,True,True,False,6,cap_reached,0.0,0.0,0.0,0.0,0.111,0.0,1.0,100.0
2018-03-07 19:00:00,0.0,0.0,0.0,False,True,False,6,cap_reached,0.0,0.0,0.0,0.0,0.0,0.0,1.0,100.0
2018-03-07 20:00:00,0.0,0.0,0.0,False,True,False,6,cap_reached,0.0,0.0,0.0,0.0,0.0,0.0,1.0,100.0
2018-03-07 21:00:00,0.0,0.0,0.0,False,True,False,6,cap_reached,0.0,0.0,0.0,0.0,0.0,0.0,1.0,100.0
2018-03-07 22:00:00,0.0,0.0,0.0,False,True,False,6,cap_reached,0.0,0.0,0.0,0.0,0.0,0.0,1.0,100.0
2018-03-07 23:00:00,0.0,0.0,0.0,False,True,False,6,cap_reached,0.0,0.0,0.0,0.0,0.0,0.0,1.0,100.0
2018-03-08 00:00:00,0.0,0.0,0.0,False,True,False,0,night,0.0,0.0,0.0,0.0,0.0,0.0,1.0,100.0
2018-03-08 01:00:00,0.0,0.0,0.0,False,True,False,0,night,0.0,0.0,0.0,0.0,0.0,0.0,1.0,100.0
2018-03-08 02:00:00,0.0,0.0,0.0,False,True,False,0,night,0.0,0.0,0.0,0.0,0.0,0.0,1.0,100.0
2018-03-08 03:00:00,0.0,0.0,0.0,False,True,False,0,night,0.0,0.0,0.0,0.0,0.0,0.0,1.0,100.0
2018-03-08 04:00:00,0.0,0.0,0.0,False,True,False,0,night,0.0,0.0,0.0,0.0,0.0,0.0,1.0,100.0
2018-03-08 05:00:00,0.0,0.0,0.0,False,True,False,0,night,0.0,0.0,0.0,0.0,0.0,0.0,1.0,100.0
2018-03-08 06:00:00,0.0,0.0,0.0,False,True,False,0,night,0.0,0.0,0.0,0.0,0.0,0.0,1.0,100.0
2018-03-08 07:00:00,0.259,0.248,67.0,True,True,False,0,battery_empty,0.0,0.0,0.0,0.0,0.248,0.0,1.0,100.0
2018-03-08 08:00:00,1.048,1.006,285.0,True,True,True,1,ok,1.006,0.257,1.263,0.0,0.0,-0.271,0.729,72.9
2018-03-08 09:00:00,1.861,1.786,511.0,True,True,True,2,ok,1.263,0.0,1.263,0.271,0.238,0.271,1.0,100.0
2018-03-08 10:00:00,2.528,2.427,694.0,True,True,True,3,ok,1.263,0.0,1.263,0.0,1.164,0.0,1.0,100.0
2018-03-08 11:00:00,2.766,2.655,632.0,True,True,True,4,ok,1.263,0.0,1.263,0.0,1.392,0.0,1.0,100.0
2018-03-08 12:00:00,3.224,3.095,901.0,True,True,True,5,ok,1.263,0.0,1.263,0.0,1.832,0.0,1.0,100.0
2018-03-08 13:00:00,3.197,3.07,907.0,True,True,True,6,ok,1.263,0.0,1.263,0.0,1.807,0.0,1.0,100.0
2018-03-08 14:00:00,2.924,2.807,829.0,True,True,False,6,cap_reached,0.0,0.0,0.0,0.0,2.807,0.0,1.0,100.0
2018-03-08 15:00:00,2.428,2.331,685.0,True,True,False,6,cap_reached,0.0,0.0,0.0,0.0,2.331,0.0,1.0,100.0
2018-03-08 16:00:00,1.725,1.656,485.0,True,True,False,6,cap_reached,0.0,0.0,0.0,0.0,1.656,0.0,1.0,100.0
2018-03-08 17:00:00,0.883,0.848,250.0,True,True,False,6,cap_reached,0.0,0.0,0.0,0.0,0.848,0.0,1.0,100.0
2018-03-08 18:00:00,0.118,0.113,35.0,True,True,False,6,cap_reached,0.0,0.0,0.0,0.0,0.113,0.0,1.0,100.0
2018-03-08 19:00:00,0.0,0.0,0.0,False,True,False,6,cap_reached,0.0,0.0,0.0,0.0,0.0,0.0,1.0,100.0
2018-03-08 20:00:00,0.0,0.0,0.0,False,True,False,6,cap_reached,0.0,0.0,0.0,0.0,0.0,0.0,1.0,100.0
2018-03-08 21:00:00,0.0,0.0,0.0,False,True,False,6,cap_reached,0.0,0.0,0.0,0.0,0.0,0.0,1.0,100.0
2018-03-08 22:00:00,0.0,0.0,0.0,False,True,False,6,cap_reached,0.0,0.0,0.0,0.0,0.0,0.0,1.0,100.0
2018-03-08 23:00:00,0.0,0.0,0.0,False,True,False,6,cap_reached,0.0,0.0,0.0,0.0,0.0,0.0,1.0,100.0
2018-03-09 00:00:00,0.0,0.0,0.0,False,True,False,0,night,0.0,0.0,0.0,0.0,0.0,0.0,1.0,100.0
2018-03-09 01:00:00,0.0,0.0,0.0,False,True,False,0,night,0.0,0.0,0.0,0.0,0.0,0.0,1.0,100.0
2018-03-09 02:00:00,0.0,0.0,0.0,False,True,False,0,night,0.0,0.0,0.0,0.0,0.0,0.0,1.0,100.0
2018-03-09 03:00:00,0.0,0.0,0.0,False,True,False,0,night,0.0,0.0,0.0,0.0,0.0,0.0,1.0,100.0
2018-03-09 04:00:00,0.0,0.0,0.0,False,True,False,0,night,0.0,0.0,0.0,0.0,0.0,0.0,1.0,100.0
2018-03-09 05:00:00,0.0,0.0,0.0,False,True,False,0,night,0.0,0.0,0.0,0.0,0.0,0.0,1.0,100.0
2018-03-09 06:00:00,0.0,0.0,0.0,False,True,False,0,night,0.0,0.0,0.0,0.0,0.0,0.0,1.0,100.0
2018-03-09 07:00:00,0.252,0.242,50.0,True,True,False,0,battery_empty,0.0,0.0,0.0,0.0,0.242,0.0,1.0,100.0
2018-03-09 08:00:00,1.025,0.984,216.0,True,True,True,1,ok,0.984,0.279,1.263,0.0,0.0,-0.294,0.706,70.6
2018-03-09 09:00:00,1.72,1.651,372.0,True,True,True,2,ok,1.263,0.0,1.263,0.294,0.079,0.294,1.0,100.0
2018-03-09 10:00:00,0.653,0.627,131.0,True,True,True,3,ok,0.627,0.636,1.263,0.0,0.0,-0.669,0.331,33.1
2018-03-09 11:00:00,0.844,0.81,170.0,True,True,False,3,battery_empty,0.0,0.0,0.0,0.669,0.106,0.669,1.0,100.0
2018-03-09 12:00:00,0.678,0.651,136.0,True,True,True,4,ok,0.651,0.612,1.263,0.0,0.0,-0.645,0.355,35.5
2018-03-09 13:00:00,0.376,0.361,75.0,True,True,False,4,battery_empty,0.0,0.0,0.0,0.343,0.0,0.343,0.699,69.9
2018-03-09 14:00:00,0.501,0.481,101.0,True,True,False,4,battery_empty,0.0,0.0,0.0,0.301,0.164,0.301,1.0,100.0
2018-03-09 15:00:00,0.846,0.812,171.0,True,True,True,5,ok,0.812,0.451,1.263,0.0,0.0,-0.475,0.525,52.5
2018-03-09 16:00:00,1.725,1.656,471.0,True,True,True,6,ok,1.263,0.0,1.263,0.374,0.0,0.374,0.899,89.9
2018-03-09 17:00:00,0.888,0.852,243.0,True,True,False,6,cap_reached,0.0,0.0,0.0,0.101,0.746,0.101,1.0,100.0
2018-03-09 18:00:00,0.132,0.126,27.0,True,True,False,6,cap_reached,0.0,0.0,0.0,0.0,0.126,0.0,1.0,100.0
2018-03-09 19:00:00,0.0,0.0,0.0,False,True,False,6,cap_reached,0.0,0.0,0.0,0.0,0.0,0.0,1.0,100.0
2018-03-09 20:00:00,0.0,0.0,0.0,False,True,False,6,cap_reached,0.0,0.0,0.0,0.0,0.0,0.0,1.0,100.0
2018-03-09 21:00:00,0.0,0.0,0.0,False,True,False,6,cap_reached,0.0,0.0,0.0,0.0,0.0,0.0,1.0,100.0
2018-03-09 22:00:00,0.0,0.0,0.0,False,True,False,6,cap_reached,0.0,0.0,0.0,0.0,0.0,0.0,1.0,100.0
2018-03-09 23:00:00,0.0,0.0,0.0,False,True,False,6,cap_reached,0.0,0.0,0.0,0.0,0.0,0.0,1.0,100.0
2018-03-10 00:00:00,0.0,0.0,0.0,False,True,False,0,night,0.0,0.0,0.0,0.0,0.0,0.0,1.0,100.0
2018-03-10 01:00:00,0.0,0.0,0.0,False,True,False,0,night,0.0,0.0,0.0,0.0,0.0,0.0,1.0,100.0
2018-03-10 02:00:00,0.0,0.0,0.0,False,True,False,0,night,0.0,0.0,0.0,0.0,0.0,0.0,1.0,100.0
2018-03-10 03:00:00,0.0,0.0,0.0,False,True,False,0,night,0.0,0.0,0.0,0.0,0.0,0.0,1.0,100.0
2018-03-10 04:00:00,0.0,0.0,0.0,False,True,False,0,night,0.0,0.0,0.0,0.0,0.0,0.0,1.0,100.0
2018-03-10 05:00:00,0.0,0.0,0.0,False,True,False,0,night,0.0,0.0,0.0,0.0,0.0,0.0,1.0,100.0
2018-03-10 06:00:00,0.0,0.0,0.0,False,True,False,0,night,0.0,0.0,0.0,0.0,0.0,0.0,1.0,100.0
2018-03-10 07:00:00,0.281,0.27,78.0,True,True,False,0,battery_empty,0.0,0.0,0.0,0.0,0.27,0.0,1.0,100.0
2018-03-10 08:00:00,1.092,1.049,299.0,True,True,True,1,ok,1.049,0.214,1.263,0.0,0.0,-0.226,0.774,77.4
2018-03-10 09:00:00,1.899,1.823,524.0,True,True,True,2,ok,1.263,0.0,1.263,0.226,0.322,0.226,1.0,100.0
2018-03-10 10:00:00,2.549,2.447,710.0,True,True,True,3,ok,1.263,0.0,1.263,0.0,1.184,0.0,1.0,100.0
2018-03-10 11:00:00,2.993,2.873,841.0,True,True,True,4,ok,1.263,0.0,1.263,0.0,1.61,0.0,1.0,100.0
2018-03-10 12:00:00,2.396,2.3,533.0,True,True,True,5,ok,1.263,0.0,1.263,0.0,1.037,0.0,1.0,100.0
2018-03-10 13:00:00,3.17,3.043,900.0,True,True,True,6,ok,1.263,0.0,1.263,0.0,1.78,0.0,1.0,100.0
2018-03-10 14:00:00,2.882,2.766,816.0,True,True,False,6,cap_reached,0.0,0.0,0.0,0.0,2.766,0.0,1.0,100.0
2018-03-10 15:00:00,1.998,1.919,439.0,True,True,False,6,cap_reached,0.0,0.0,0.0,0.0,1.919,0.0,1.0,100.0
2018-03-10 16:00:00,1.675,1.608,464.0,True,True,False,6,cap_reached,0.0,0.0,0.0,0.0,1.608,0.0,1.0,100.0
2018-03-10 17:00:00,0.436,0.419,88.0,True,True,False,6,cap_reached,0.0,0.0,0.0,0.0,0.419,0.0,1.0,100.0
2018-03-10 18:00:00,0.11,0.106,22.0,True,True,False,6,cap_reached,0.0,0.0,0.0,0.0,0.106,0.0,1.0,100.0
2018-03-10 19:00:00,0.0,0.0,0.0,False,True,False,6,cap_reached,0.0,0.0,0.0,0.0,0.0,0.0,1.0,100.0
2018-03-10 20:00:00,0.0,0.0,0.0,False,True,False,6,cap_reached,0.0,0.0,0.0,0.0,0.0,0.0,1.0,100.0
2018-03-10 21:00:00,0.0,0.0,0.0,False,True,False,6,cap_reached,0.0,0.0,0.0,0.0,0.0,0.0,1.0,100.0
2018-03-10 22:00:00,0.0,0.0,0.0,False,True,False,6,cap_reached,0.0,0.0,0.0,0.0,0.0,0.0,1.0,100.0
2018-03-10 23:00:00,0.0,0.0,0.0,False,True,False,6,cap_reached,0.0,0.0,0.0,0.0,0.0,0.0,1.0,100.0
2018-03-11 00:00:00,0.0,0.0,0.0,False,True,False,0,night,0.0,0.0,0.0,0.0,0.0,0.0,1.0,100.0
2018-03-11 01:00:00,0.0,0.0,0.0,False,True,False,0,night,0.0,0.0,0.0,0.0,0.0,0.0,1.0,100.0
2018-03-11 02:00:00,0.0,0.0,0.0,False,True,False,0,night,0.0,0.0,0.0,0.0,0.0,0.0,1.0,100.0
2018-03-11 03:00:00,0.0,0.0,0.0,False,True,False,0,night,0.0,0.0,0.0,0.0,0.0,0.0,1.0,100.0
2018-03-11 04:00:00,0.0,0.0,0.0,False,True,False,0,night,0.0,0.0,0.0,0.0,0.0,0.0,1.0,100.0
2018-03-11 05:00:00,0.0,0.0,0.0,False,True,False,0,night,0.0,0.0,0.0,0.0,0.0,0.0,1.0,100.0
2018-03-11 06:00:00,0.0,0.0,0.0,False,True,False,0,night,0.0,0.0,0.0,0.0,0.0,0.0,1.0,100.0
2018-03-11 07:00:00,0.246,0.236,49.0,True,True,False,0,battery_empty,0.0,0.0,0.0,0.0,0.236,0.0,1.0,100.0
2018-03-11 08:00:00,0.629,0.603,130.0,True,True,True,1,ok,0.603,0.66,1.263,0.0,0.0,-0.694,0.306,30.6
2018-03-11 09:00:00,0.89,0.854,183.0,True,True,False,1,battery_empty,0.0,0.0,0.0,0.694,0.123,0.694,1.0,100.0
2018-03-11 10:00:00,1.722,1.653,367.0,True,True,True,2,ok,1.263,0.0,1.263,0.0,0.39,0.0,1.0,100.0
2018-03-11 11:00:00,0.6,0.576,122.0,True,True,True,3,ok,0.576,0.687,1.263,0.0,0.0,-0.723,0.277,27.7
2018-03-11 12:00:00,2.938,2.82,700.0,True,True,True,4,ok,1.263,0.0,1.263,0.723,0.796,0.723,1.0,100.0
2018-03-11 13:00:00,3.155,3.029,903.0,True,True,True,5,ok,1.263,0.0,1.263,0.0,1.766,0.0,1.0,100.0
2018-03-11 14:00:00,2.877,2.762,821.0,True,True,True,6,ok,1.263,0.0,1.263,0.0,1.499,0.0,1.0,100.0
2018-03-11 15:00:00,2.377,2.282,673.0,True,True,False,6,cap_reached,0.0,0.0,0.0,0.0,2.282,0.0,1.0,100.0
2018-03-11 16:00:00,1.689,1.621,475.0,True,True,False,6,cap_reached,0.0,0.0,0.0,0.0,1.621,0.0,1.0,100.0
2018-03-11 17:00:00,0.879,0.844,245.0,True,True,False,6,cap_reached,0.0,0.0,0.0,0.0,0.844,0.0,1.0,100.0
2018-03-11 18:00:00,0.13,0.125,37.0,True,True,False,6,cap_reached,0.0,0.0,0.0,0.0,0.125,0.0,1.0,100.0
2018-03-11 19:00:00,0.0,0.0,0.0,False,True,False,6,cap_reached,0.0,0.0,0.0,0.0,0.0,0.0,1.0,100.0
2018-03-11 20:00:00,0.0,0.0,0.0,False,True,False,6,cap_reached,0.0,0.0,0.0,0.0,0.0,0.0,1.0,100.0
2018-03-11 21:00:00,0.0,0.0,0.0,False,True,False,6,cap_reached,0.0,0.0,0.0,0.0,0.0,0.0,1.0,100.0
2018-03-11 22:00:00,0.0,0.0,0.0,False,True,False,6,cap_reached,0.0,0.0,0.0,0.0,0.0,0.0,1.0,100.0
2018-03-11 23:00:00,0.0,0.0,0.0,False,True,False,6,cap_reached,0.0,0.0,0.0,0.0,0.0,0.0,1.0,100.0
2018-03-12 00:00:00,0.0,0.0,0.0,False,True,False,0,night,0.0,0.0,0.0,0.0,0.0,0.0,1.0,100.0
2018-03-12 01:00:00,0.0,0.0,0.0,False,True,False,0,night,0.0,0.0,0.0,0.0,0.0,0.0,1.0,100.0
2018-03-12 02:00:00,0.0,0.0,0.0,False,True,False,0,night,0.0,0.0,0.0,0.0,0.0,0.0,1.0,100.0
2018-03-12 03:00:00,0.0,0.0,0.0,False,True,False,0,night,0.0,0.0,0.0,0.0,0.0,0.0,1.0,100.0
2018-03-12 04:00:00,0.0,0.0,0.0,False,True,False,0,night,0.0,0.0,0.0,0.0,0.0,0.0,1.0,100.0
2018-03-12 05:00:00,0.0,0.0,0.0,False,True,False,0,night,0.0,0.0,0.0,0.0,0.0,0.0,1.0,100.0
2018-03-12 06:00:00,0.0,0.0,0.0,False,True,False,0,night,0.0,0.0,0.0,0.0,0.0,0.0,1.0,100.0
2018-03-12 07:00:00,0.189,0.182,38.0,True,True,False,0,battery_empty,0.0,0.0,0.0,0.0,0.182,0.0,1.0,100.0
2018-03-12 08:00:00,0.149,0.143,30.0,True,True,False,0,battery_empty,0.0,0.0,0.0,0.0,0.143,0.0,1.0,100.0
2018-03-12 09:00:00,0.233,0.224,47.0,True,True,False,0,battery_empty,0.0,0.0,0.0,0.0,0.224,0.0,1.0,100.0
2018-03-12 10:00:00,1.312,1.26,275.0,True,True,True,1,ok,1.26,0.003,1.263,0.0,0.0,-0.004,0.996,99.6
2018-03-12 11:00:00,2.406,2.31,541.0,True,True,True,2,ok,1.263,0.0,1.263,0.004,1.043,0.004,1.0,100.0
2018-03-12 12:00:00,1.966,1.887,422.0,True,True,True,3,ok,1.263,0.0,1.263,0.0,0.624,0.0,1.0,100.0
2018-03-12 13:00:00,2.788,2.677,692.0,True,True,True,4,ok,1.263,0.0,1.263,0.0,1.414,0.0,1.0,100.0
2018-03-12 14:00:00,2.351,2.257,563.0,True,True,True,5,ok,1.263,0.0,1.263,0.0,0.994,0.0,1.0,100.0
2018-03-12 15:00:00,0.855,0.821,175.0,True,True,True,6,ok,0.821,0.442,1.263,0.0,0.0,-0.465,0.535,53.5
2018-03-12 16:00:00,0.095,0.091,19.0,False,True,False,6,cap_reached,0.0,0.0,0.0,0.086,0.0,0.086,0.621,62.1
2018-03-12 17:00:00,0.154,0.148,31.0,True,True,False,6,cap_reached,0.0,0.0,0.0,0.141,0.0,0.141,0.762,76.2
2018-03-12 18:00:00,0.115,0.11,23.0,True,True,False,6,cap_reached,0.0,0.0,0.0,0.105,0.0,0.105,0.867,86.7
2018-03-12 19:00:00,0.0,0.0,0.0,False,True,False,6,cap_reached,0.0,0.0,0.0,0.0,0.0,0.0,0.867,86.7
2018-03-12 20:00:00,0.0,0.0,0.0,False,True,False,6,cap_reached,0.0,0.0,0.0,0.0,0.0,0.0,0.867,86.7
2018-03-12 21:00:00,0.0,0.0,0.0,False,True,False,6,cap_reached,0.0,0.0,0.0,0.0,0.0,0.0,0.867,86.7
2018-03-12 22:00:00,0.0,0.0,0.0,False,True,False,6,cap_reached,0.0,0.0,0.0,0.0,0.0,0.0,0.867,86.7
2018-03-12 23:00:00,0.0,0.0,0.0,False,True,False,6,cap_reached,0.0,0.0,0.0,0.0,0.0,0.0,0.867,86.7
2018-03-13 00:00:00,0.0,0.0,0.0,False,True,False,0,night,0.0,0.0,0.0,0.0,0.0,0.0,0.867,86.7
2018-03-13 01:00:00,0.0,0.0,0.0,False,True,False,0,night,0.0,0.0,0.0,0.0,0.0,0.0,0.867,86.7
2018-03-13 02:00:00,0.0,0.0,0.0,False,True,False,0,night,0.0,0.0,0.0,0.0,0.0,0.0,0.867,86.7
2018-03-13 03:00:00,0.0,0.0,0.0,False,True,False,0,night,0.0,0.0,0.0,0.0,0.0,0.0,0.867,86.7
2018-03-13 04:00:00,0.0,0.0,0.0,False,True,False,0,night,0.0,0.0,0.0,0.0,0.0,0.0,0.867,86.7
2018-03-13 05:00:00,0.0,0.0,0.0,False,True,False,0,night,0.0,0.0,0.0,0.0,0.0,0.0,0.867,86.7
2018-03-13 06:00:00,0.0,0.0,0.0,False,True,False,0,night,0.0,0.0,0.0,0.0,0.0,0.0,0.867,86.7
2018-03-13 07:00:00,0.352,0.338,94.0,True,True,False,0,battery_empty,0.0,0.0,0.0,0.133,0.198,0.133,1.0,100.0
2018-03-13 08:00:00,1.222,1.173,329.0,True,True,True,1,ok,1.173,0.09,1.263,0.0,0.0,-0.094,0.906,90.6
2018-03-13 09:00:00,2.058,1.976,563.0,True,True,True,2,ok,1.263,0.0,1.263,0.094,0.614,0.094,1.0,100.0
2018-03-13 10:00:00,2.732,2.623,758.0,True,True,True,3,ok,1.263,0.0,1.263,0.0,1.36,0.0,1.0,100.0
2018-03-13 11:00:00,2.925,2.808,741.0,True,True,True,4,ok,1.263,0.0,1.263,0.0,1.545,0.0,1.0,100.0
2018-03-13 12:00:00,3.122,2.997,728.0,True,True,True,5,ok,1.263,0.0,1.263,0.0,1.734,0.0,1.0,100.0
2018-03-13 13:00:00,2.617,2.512,582.0,True,True,True,6,ok,1.263,0.0,1.263,0.0,1.249,0.0,1.0,100.0
2018-03-13 14:00:00,3.061,2.938,853.0,True,True,False,6,cap_reached,0.0,0.0,0.0,0.0,2.938,0.0,1.0,100.0
2018-03-13 15:00:00,2.405,2.309,561.0,True,True,False,6,cap_reached,0.0,0.0,0.0,0.0,2.309,0.0,1.0,100.0
2018-03-13 16:00:00,1.625,1.56,352.0,True,True,False,6,cap_reached,0.0,0.0,0.0,0.0,1.56,0.0,1.0,100.0
2018-03-13 17:00:00,0.637,0.611,128.0,True,True,False,6,cap_reached,0.0,0.0,0.0,0.0,0.611,0.0,1.0,100.0
2018-03-13 18:00:00,0.111,0.107,22.0,True,True,False,6,cap_reached,0.0,0.0,0.0,0.0,0.107,0.0,1.0,100.0
2018-03-13 19:00:00,0.0,0.0,0.0,False,True,False,6,cap_reached,0.0,0.0,0.0,0.0,0.0,0.0,1.0,100.0
2018-03-13 20:00:00,0.0,0.0,0.0,False,True,False,6,cap_reached,0.0,0.0,0.0,0.0,0.0,0.0,1.0,100.0
2018-03-13 21:00:00,0.0,0.0,0.0,False,True,False,6,cap_reached,0.0,0.0,0.0,0.0,0.0,0.0,1.0,100.0
2018-03-13 22:00:00,0.0,0.0,0.0,False,True,False,6,cap_reached,0.0,0.0,0.0,0.0,0.0,0.0,1.0,100.0
2018-03-13 23:00:00,0.0,0.0,0.0,False,True,False,6,cap_reached,0.0,0.0,0.0,0.0,0.0,0.0,1.0,100.0
2018-03-14 00:00:00,0.0,0.0,0.0,False,True,False,0,night,0.0,0.0,0.0,0.0,0.0,0.0,1.0,100.0
2018-03-14 01:00:00,0.0,0.0,0.0,False,True,False,0,night,0.0,0.0,0.0,0.0,0.0,0.0,1.0,100.0
2018-03-14 02:00:00,0.0,0.0,0.0,False,True,False,0,night,0.0,0.0,0.0,0.0,0.0,0.0,1.0,100.0
2018-03-14 03:00:00,0.0,0.0,0.0,False,True,False,0,night,0.0,0.0,0.0,0.0,0.0,0.0,1.0,100.0
2018-03-14 04:00:00,0.0,0.0,0.0,False,True,False,0,night,0.0,0.0,0.0,0.0,0.0,0.0,1.0,100.0
2018-03-14 05:00:00,0.0,0.0,0.0,False,True,False,0,night,0.0,0.0,0.0,0.0,0.0,0.0,1.0,100.0
2018-03-14 06:00:00,0.0,0.0,0.0,False,True,False,0,night,0.0,0.0,0.0,0.0,0.0,0.0,1.0,100.0
2018-03-14 07:00:00,0.151,0.145,30.0,True,True,False,0,battery_empty,0.0,0.0,0.0,0.0,0.145,0.0,1.0,100.0
2018-03-14 08:00:00,0.425,0.408,85.0,True,True,True,1,ok,0.408,0.855,1.263,0.0,0.0,-0.9,0.1,10.0
2018-03-14 09:00:00,1.761,1.691,381.0,True,True,True,2,ok,1.263,0.0,1.263,0.406,0.0,0.406,0.507,50.7
2018-03-14 10:00:00,2.43,2.333,597.0,True,True,True,3,ok,1.263,0.0,1.263,0.493,0.55,0.493,1.0,100.0
2018-03-14 11:00:00,2.935,2.818,695.0,True,True,True,4,ok,1.263,0.0,1.263,0.0,1.555,0.0,1.0,100.0
2018-03-14 12:00:00,3.34,3.206,935.0,True,True,True,5,ok,1.263,0.0,1.263,0.0,1.943,0.0,1.0,100.0
2018-03-14 13:00:00,2.984,2.864,694.0,True,True,True,6,ok,1.263,0.0,1.263,0.0,1.601,0.0,1.0,100.0
2018-03-14 14:00:00,3.002,2.882,838.0,True,True,False,6,cap_reached,0.0,0.0,0.0,0.0,2.882,0.0,1.0,100.0
2018-03-14 15:00:00,2.497,2.397,689.0,True,True,False,6,cap_reached,0.0,0.0,0.0,0.0,2.397,0.0,1.0,100.0
2018-03-14 16:00:00,1.793,1.721,486.0,True,True,False,6,cap_reached,0.0,0.0,0.0,0.0,1.721,0.0,1.0,100.0
2018-03-14 17:00:00,0.951,0.913,252.0,True,True,False,6,cap_reached,0.0,0.0,0.0,0.0,0.913,0.0,1.0,100.0
2018-03-14 18:00:00,0.159,0.152,40.0,True,True,False,6,cap_reached,0.0,0.0,0.0,0.0,0.152,0.0,1.0,100.0
2018-03-14 19:00:00,0.0,0.0,0.0,False,True,False,6,cap_reached,0.0,0.0,0.0,0.0,0.0,0.0,1.0,100.0
2018-03-14 20:00:00,0.0,0.0,0.0,False,True,False,6,cap_reached,0.0,0.0,0.0,0.0,0.0,0.0,1.0,100.0
2018-03-14 21:00:00,0.0,0.0,0.0,False,True,False,6,cap_reached,0.0,0.0,0.0,0.0,0.0,0.0,1.0,100.0
2018-03-14 22:00:00,0.0,0.0,0.0,False,True,False,6,cap_reached,0.0,0.0,0.0,0.0,0.0,0.0,1.0,100.0
2018-03-14 23:00:00,0.0,0.0,0.0,False,True,False,6,cap_reached,0.0,0.0,0.0,0.0,0.0,0.0,1.0,100.0
2018-03-15 00:00:00,0.0,0.0,0.0,False,True,False,0,night,0.0,0.0,0.0,0.0,0.0,0.0,1.0,100.0
2018-03-15 01:00:00,0.0,0.0,0.0,False,True,False,0,night,0.0,0.0,0.0,0.0,0.0,0.0,1.0,100.0
2018-03-15 02:00:00,0.0,0.0,0.0,False,True,False,0,night,0.0,0.0,0.0,0.0,0.0,0.0,1.0,100.0
2018-03-15 03:00:00,0.0,0.0,0.0,False,True,False,0,night,0.0,0.0,0.0,0.0,0.0,0.0,1.0,100.0
2018-03-15 04:00:00,0.0,0.0,0.0,False,True,False,0,night,0.0,0.0,0.0,0.0,0.0,0.0,1.0,100.0
2018-03-15 05:00:00,0.0,0.0,0.0,False,True,False,0,night,0.0,0.0,0.0,0.0,0.0,0.0,1.0,100.0
2018-03-15 06:00:00,0.0,0.0,0.0,False,True,False,0,night,0.0,0.0,0.0,0.0,0.0,0.0,1.0,100.0
2018-03-15 07:00:00,0.403,0.387,105.0,True,True,False,0,battery_empty,0.0,0.0,0.0,0.0,0.387,0.0,1.0,100.0
2018-03-15 08:00:00,1.308,1.256,348.0,True,True,True,1,ok,1.256,0.007,1.263,0.0,0.0,-0.008,0.992,99.2
2018-03-15 09:00:00,2.166,2.08,588.0,True,True,True,2,ok,1.263,0.0,1.263,0.008,0.809,0.008,1.0,100.0
2018-03-15 10:00:00,2.847,2.733,787.0,True,True,True,3,ok,1.263,0.0,1.263,0.0,1.47,0.0,1.0,100.0
2018-03-15 11:00:00,3.313,3.181,925.0,True,True,True,4,ok,1.263,0.0,1.263,0.0,1.918,0.0,1.0,100.0
2018-03-15 12:00:00,3.533,3.391,991.0,True,True,True,5,ok,1.263,0.0,1.263,0.0,2.128,0.0,1.0,100.0
2018-03-15 13:00:00,3.489,3.349,981.0,True,True,True,6,ok,1.263,0.0,1.263,0.0,2.086,0.0,1.0,100.0
2018-03-15 14:00:00,3.189,3.061,893.0,True,True,False,6,cap_reached,0.0,0.0,0.0,0.0,3.061,0.0,1.0,100.0
2018-03-15 15:00:00,2.658,2.552,736.0,True,True,False,6,cap_reached,0.0,0.0,0.0,0.0,2.552,0.0,1.0,100.0
2018-03-15 16:00:00,1.923,1.846,524.0,True,True,False,6,cap_reached,0.0,0.0,0.0,0.0,1.846,0.0,1.0,100.0
2018-03-15 17:00:00,1.04,0.998,279.0,True,True,False,6,cap_reached,0.0,0.0,0.0,0.0,0.998,0.0,1.0,100.0
2018-03-15 18:00:00,0.178,0.171,49.0,True,True,False,6,cap_reached,0.0,0.0,0.0,0.0,0.171,0.0,1.0,100.0
2018-03-15 19:00:00,0.0,0.0,0.0,False,True,False,6,cap_reached,0.0,0.0,0.0,0.0,0.0,0.0,1.0,100.0
2018-03-15 20:00:00,0.0,0.0,0.0,False,True,False,6,cap_reached,0.0,0.0,0.0,0.0,0.0,0.0,1.0,100.0
2018-03-15 21:00:00,0.0,0.0,0.0,False,True,False,6,cap_reached,0.0,0.0,0.0,0.0,0.0,0.0,1.0,100.0
2018-03-15 22:00:00,0.0,0.0,0.0,False,True,False,6,cap_reached,0.0,0.0,0.0,0.0,0.0,0.0,1.0,100.0
2018-03-15 23:00:00,0.0,0.0,0.0,False,True,False,6,cap_reached,0.0,0.0,0.0,0.0,0.0,0.0,1.0,100.0
2018-03-16 00:00:00,0.0,0.0,0.0,False,True,False,0,night,0.0,0.0,0.0,0.0,0.0,0.0,1.0,100.0
2018-03-16 01:00:00,0.0,0.0,0.0,False,True,False,0,night,0.0,0.0,0.0,0.0,0.0,0.0,1.0,100.0
2018-03-16 02:00:00,0.0,0.0,0.0,False,True,False,0,night,0.0,0.0,0.0,0.0,0.0,0.0,1.0,100.0
2018-03-16 03:00:00,0.0,0.0,0.0,False,True,False,0,night,0.0,0.0,0.0,0.0,0.0,0.0,1.0,100.0
2018-03-16 04:00:00,0.0,0.0,0.0,False,True,False,0,night,0.0,0.0,0.0,0.0,0.0,0.0,1.0,100.0
2018-03-16 05:00:00,0.0,0.0,0.0,False,True,False,0,night,0.0,0.0,0.0,0.0,0.0,0.0,1.0,100.0
2018-03-16 06:00:00,0.0,0.0,0.0,False,True,False,0,night,0.0,0.0,0.0,0.0,0.0,0.0,1.0,100.0
2018-03-16 07:00:00,0.424,0.407,112.0,True,True,False,0,battery_empty,0.0,0.0,0.0,0.0,0.407,0.0,1.0,100.0
2018-03-16 08:00:00,1.325,1.272,354.0,True,True,True,1,ok,1.263,0.0,1.263,0.0,0.009,0.0,1.0,100.0
2018-03-16 09:00:00,2.167,2.08,587.0,True,True,True,2,ok,1.263,0.0,1.263,0.0,0.817,0.0,1.0,100.0
2018-03-16 10:00:00,2.827,2.714,780.0,True,True,True,3,ok,1.263,0.0,1.263,0.0,1.451,0.0,1.0,100.0
2018-03-16 11:00:00,3.274,3.143,913.0,True,True,True,4,ok,1.263,0.0,1.263,0.0,1.88,0.0,1.0,100.0
2018-03-16 12:00:00,3.479,3.34,975.0,True,True,True,5,ok,1.263,0.0,1.263,0.0,2.077,0.0,1.0,100.0
2018-03-16 13:00:00,3.432,3.295,964.0,True,True,True,6,ok,1.263,0.0,1.263,0.0,2.032,0.0,1.0,100.0
2018-03-16 14:00:00,3.135,3.01,877.0,True,True,False,6,cap_reached,0.0,0.0,0.0,0.0,3.01,0.0,1.0,100.0
2018-03-16 15:00:00,2.605,2.501,721.0,True,True,False,6,cap_reached,0.0,0.0,0.0,0.0,2.501,0.0,1.0,100.0
2018-03-16 16:00:00,1.88,1.805,512.0,True,True,False,6,cap_reached,0.0,0.0,0.0,0.0,1.805,0.0,1.0,100.0
2018-03-16 17:00:00,1.021,0.98,273.0,True,True,False,6,cap_reached,0.0,0.0,0.0,0.0,0.98,0.0,1.0,100.0
2018-03-16 18:00:00,0.151,0.145,30.0,True,True,False,6,cap_reached,0.0,0.0,0.0,0.0,0.145,0.0,1.0,100.0
2018-03-16 19:00:00,0.0,0.0,0.0,False,True,False,6,cap_reached,0.0,0.0,0.0,0.0,0.0,0.0,1.0,100.0
2018-03-16 20:00:00,0.0,0.0,0.0,False,True,False,6,cap_reached,0.0,0.0,0.0,0.0,0.0,0.0,1.0,100.0
2018-03-16 21:00:00,0.0,0.0,0.0,False,True,False,6,cap_reached,0.0,0.0,0.0,0.0,0.0,0.0,1.0,100.0
2018-03-16 22:00:00,0.0,0.0,0.0,False,True,False,6,cap_reached,0.0,0.0,0.0,0.0,0.0,0.0,1.0,100.0
2018-03-16 23:00:00,0.0,0.0,0.0,False,True,False,6,cap_reached,0.0,0.0,0.0,0.0,0.0,0.0,1.0,100.0
2018-03-17 00:00:00,0.0,0.0,0.0,False,True,False,0,night,0.0,0.0,0.0,0.0,0.0,0.0,1.0,100.0
2018-03-17 01:00:00,0.0,0.0,0.0,False,True,False,0,night,0.0,0.0,0.0,0.0,0.0,0.0,1.0,100.0
2018-03-17 02:00:00,0.0,0.0,0.0,False,True,False,0,night,0.0,0.0,0.0,0.0,0.0,0.0,1.0,100.0
2018-03-17 03:00:00,0.0,0.0,0.0,False,True,False,0,night,0.0,0.0,0.0,0.0,0.0,0.0,1.0,100.0
2018-03-17 04:00:00,0.0,0.0,0.0,False,True,False,0,night,0.0,0.0,0.0,0.0,0.0,0.0,1.0,100.0
2018-03-17 05:00:00,0.0,0.0,0.0,False,True,False,0,night,0.0,0.0,0.0,0.0,0.0,0.0,1.0,100.0
2018-03-17 06:00:00,0.0,0.0,0.0,False,True,False,0,night,0.0,0.0,0.0,0.0,0.0,0.0,1.0,100.0
2018-03-17 07:00:00,0.426,0.409,109.0,True,True,True,1,ok,0.409,0.854,1.263,0.0,0.0,-0.899,0.101,10.1
2018-03-17 08:00:00,1.305,1.253,343.0,True,True,False,1,battery_empty,0.0,0.0,0.0,0.899,0.306,0.899,1.0,100.0
2018-03-17 09:00:00,2.128,2.043,574.0,True,True,True,2,ok,1.263,0.0,1.263,0.0,0.78,0.0,1.0,100.0
2018-03-17 10:00:00,2.789,2.677,766.0,True,True,True,3,ok,1.263,0.0,1.263,0.0,1.414,0.0,1.0,100.0
2018-03-17 11:00:00,3.229,3.1,898.0,True,True,True,4,ok,1.263,0.0,1.263,0.0,1.837,0.0,1.0,100.0
2018-03-17 12:00:00,3.438,3.3,961.0,True,True,True,5,ok,1.263,0.0,1.263,0.0,2.037,0.0,1.0,100.0
2018-03-17 13:00:00,2.674,2.567,602.0,True,True,True,6,ok,1.263,0.0,1.263,0.0,1.304,0.0,1.0,100.0
2018-03-17 14:00:00,3.092,2.968,862.0,True,True,False,6,cap_reached,0.0,0.0,0.0,0.0,2.968,0.0,1.0,100.0
2018-03-17 15:00:00,2.568,2.465,707.0,True,True,False,6,cap_reached,0.0,0.0,0.0,0.0,2.465,0.0,1.0,100.0
2018-03-17 16:00:00,1.859,1.785,501.0,True,True,False,6,cap_reached,0.0,0.0,0.0,0.0,1.785,0.0,1.0,100.0
2018-03-17 17:00:00,1.011,0.971,266.0,True,True,False,6,cap_reached,0.0,0.0,0.0,0.0,0.971,0.0,1.0,100.0
2018-03-17 18:00:00,0.184,0.177,46.0,True,True,False,6,cap_reached,0.0,0.0,0.0,0.0,0.177,0.0,1.0,100.0
2018-03-17 19:00:00,0.0,0.0,0.0,False,True,False,6,cap_reached,0.0,0.0,0.0,0.0,0.0,0.0,1.0,100.0
2018-03-17 20:00:00,0.0,0.0,0.0,False,True,False,6,cap_reached,0.0,0.0,0.0,0.0,0.0,0.0,1.0,100.0
2018-03-17 21:00:00,0.0,0.0,0.0,False,True,False,6,cap_reached,0.0,0.0,0.0,0.0,0.0,0.0,1.0,100.0
2018-03-17 22:00:00,0.0,0.0,0.0,False,True,False,6,cap_reached,0.0,0.0,0.0,0.0,0.0,0.0,1.0,100.0
2018-03-17 23:00:00,0.0,0.0,0.0,False,True,False,6,cap_reached,0.0,0.0,0.0,0.0,0.0,0.0,1.0,100.0
2018-03-18 00:00:00,0.0,0.0,0.0,False,True,False,0,night,0.0,0.0,0.0,0.0,0.0,0.0,1.0,100.0
2018-03-18 01:00:00,0.0,0.0,0.0,False,True,False,0,night,0.0,0.0,0.0,0.0,0.0,0.0,1.0,100.0
2018-03-18 02:00:00,0.0,0.0,0.0,False,True,False,0,night,0.0,0.0,0.0,0.0,0.0,0.0,1.0,100.0
2018-03-18 03:00:00,0.0,0.0,0.0,False,True,False,0,night,0.0,0.0,0.0,0.0,0.0,0.0,1.0,100.0
2018-03-18 04:00:00,0.0,0.0,0.0,False,True,False,0,night,0.0,0.0,0.0,0.0,0.0,0.0,1.0,100.0
2018-03-18 05:00:00,0.0,0.0,0.0,False,True,False,0,night,0.0,0.0,0.0,0.0,0.0,0.0,1.0,100.0
2018-03-18 06:00:00,0.0,0.0,0.0,False,True,False,0,night,0.0,0.0,0.0,0.0,0.0,0.0,1.0,100.0
2018-03-18 07:00:00,0.433,0.416,107.0,True,True,True,1,ok,0.416,0.847,1.263,0.0,0.0,-0.891,0.109,10.9
2018-03-18 08:00:00,1.298,1.246,337.0,True,True,False,1,battery_empty,0.0,0.0,0.0,0.891,0.308,0.891,1.0,100.0
2018-03-18 09:00:00,2.106,2.021,563.0,True,True,True,2,ok,1.263,0.0,1.263,0.0,0.758,0.0,1.0,100.0
2018-03-18 10:00:00,2.76,2.65,756.0,True,True,True,3,ok,1.263,0.0,1.263,0.0,1.387,0.0,1.0,100.0
2018-03-18 11:00:00,3.195,3.067,888.0,True,True,True,4,ok,1.263,0.0,1.263,0.0,1.804,0.0,1.0,100.0
2018-03-18 12:00:00,3.404,3.268,951.0,True,True,True,5,ok,1.263,0.0,1.263,0.0,2.005,0.0,1.0,100.0
2018-03-18 13:00:00,3.363,3.228,940.0,True,True,True,6,ok,1.263,0.0,1.263,0.0,1.965,0.0,1.0,100.0
2018-03-18 14:00:00,3.072,2.95,854.0,True,True,False,6,cap_reached,0.0,0.0,0.0,0.0,2.95,0.0,1.0,100.0
2018-03-18 15:00:00,2.558,2.456,702.0,True,True,False,6,cap_reached,0.0,0.0,0.0,0.0,2.456,0.0,1.0,100.0
2018-03-18 16:00:00,1.862,1.787,500.0,True,True,False,6,cap_reached,0.0,0.0,0.0,0.0,1.787,0.0,1.0,100.0
2018-03-18 17:00:00,1.017,0.976,266.0,True,True,False,6,cap_reached,0.0,0.0,0.0,0.0,0.976,0.0,1.0,100.0
2018-03-18 18:00:00,0.194,0.186,48.0,True,True,False,6,cap_reached,0.0,0.0,0.0,0.0,0.186,0.0,1.0,100.0
2018-03-18 19:00:00,0.0,0.0,0.0,False,True,False,6,cap_reached,0.0,0.0,0.0,0.0,0.0,0.0,1.0,100.0
2018-03-18 20:00:00,0.0,0.0,0.0,False,True,False,6,cap_reached,0.0,0.0,0.0,0.0,0.0,0.0,1.0,100.0
2018-03-18 21:00:00,0.0,0.0,0.0,False,True,False,6,cap_reached,0.0,0.0,0.0,0.0,0.0,0.0,1.0,100.0
2018-03-18 22:00:00,0.0,0.0,0.0,False,True,False,6,cap_reached,0.0,0.0,0.0,0.0,0.0,0.0,1.0,100.0
2018-03-18 23:00:00,0.0,0.0,0.0,False,True,False,6,cap_reached,0.0,0.0,0.0,0.0,0.0,0.0,1.0,100.0
2018-03-19 00:00:00,0.0,0.0,0.0,False,True,False,0,night,0.0,0.0,0.0,0.0,0.0,0.0,1.0,100.0
2018-03-19 01:00:00,0.0,0.0,0.0,False,True,False,0,night,0.0,0.0,0.0,0.0,0.0,0.0,1.0,100.0
2018-03-19 02:00:00,0.0,0.0,0.0,False,True,False,0,night,0.0,0.0,0.0,0.0,0.0,0.0,1.0,100.0
2018-03-19 03:00:00,0.0,0.0,0.0,False,True,False,0,night,0.0,0.0,0.0,0.0,0.0,0.0,1.0,100.0
2018-03-19 04:00:00,0.0,0.0,0.0,False,True,False,0,night,0.0,0.0,0.0,0.0,0.0,0.0,1.0,100.0
2018-03-19 05:00:00,0.0,0.0,0.0,False,True,False,0,night,0.0,0.0,0.0,0.0,0.0,0.0,1.0,100.0
2018-03-19 06:00:00,0.0,0.0,0.0,False,True,False,0,night,0.0,0.0,0.0,0.0,0.0,0.0,1.0,100.0
2018-03-19 07:00:00,0.454,0.436,112.0,True,True,True,1,ok,0.436,0.827,1.263,0.0,0.0,-0.87,0.13,13.0
2018-03-19 08:00:00,1.32,1.267,342.0,True,True,True,2,ok,1.263,0.0,1.263,0.004,0.0,0.004,0.134,13.4
2018-03-19 09:00:00,2.122,2.037,568.0,True,True,True,3,ok,1.263,0.0,1.263,0.736,0.0,0.736,0.869,86.9
2018-03-19 10:00:00,2.762,2.651,757.0,True,True,True,4,ok,1.263,0.0,1.263,0.131,1.251,0.131,1.0,100.0
2018-03-19 11:00:00,3.188,3.06,886.0,True,True,True,5,ok,1.263,0.0,1.263,0.0,1.797,0.0,1.0,100.0
2018-03-19 12:00:00,2.299,2.207,503.0,True,True,True,6,ok,1.263,0.0,1.263,0.0,0.944,0.0,1.0,100.0
2018-03-19 13:00:00,3.344,3.21,936.0,True,True,False,6,cap_reached,0.0,0.0,0.0,0.0,3.21,0.0,1.0,100.0
2018-03-19 14:00:00,3.057,2.935,849.0,True,True,False,6,cap_reached,0.0,0.0,0.0,0.0,2.935,0.0,1.0,100.0
2018-03-19 15:00:00,2.547,2.445,696.0,True,True,False,6,cap_reached,0.0,0.0,0.0,0.0,2.445,0.0,1.0,100.0
2018-03-19 16:00:00,1.844,1.77,490.0,True,True,False,6,cap_reached,0.0,0.0,0.0,0.0,1.77,0.0,1.0,100.0
2018-03-19 17:00:00,1.006,0.966,256.0,True,True,False,6,cap_reached,0.0,0.0,0.0,0.0,0.966,0.0,1.0,100.0
2018-03-19 18:00:00,0.192,0.184,44.0,True,True,False,6,cap_reached,0.0,0.0,0.0,0.0,0.184,0.0,1.0,100.0
2018-03-19 19:00:00,0.0,0.0,0.0,False,True,False,6,cap_reached,0.0,0.0,0.0,0.0,0.0,0.0,1.0,100.0
2018-03-19 20:00:00,0.0,0.0,0.0,False,True,False,6,cap_reached,0.0,0.0,0.0,0.0,0.0,0.0,1.0,100.0
2018-03-19 21:00:00,0.0,0.0,0.0,False,True,False,6,cap_reached,0.0,0.0,0.0,0.0,0.0,0.0,1.0,100.0
2018-03-19 22:00:00,0.0,0.0,0.0,False,True,False,6,cap_reached,0.0,0.0,0.0,0.0,0.0,0.0,1.0,100.0
2018-03-19 23:00:00,0.0,0.0,0.0,False,True,False,6,cap_reached,0.0,0.0,0.0,0.0,0.0,0.0,1.0,100.0
2018-03-20 00:00:00,0.0,0.0,0.0,False,True,False,0,night,0.0,0.0,0.0,0.0,0.0,0.0,1.0,100.0
2018-03-20 01:00:00,0.0,0.0,0.0,False,True,False,0,night,0.0,0.0,0.0,0.0,0.0,0.0,1.0,100.0
2018-03-20 02:00:00,0.0,0.0,0.0,False,True,False,0,night,0.0,0.0,0.0,0.0,0.0,0.0,1.0,100.0
2018-03-20 03:00:00,0.0,0.0,0.0,False,True,False,0,night,0.0,0.0,0.0,0.0,0.0,0.0,1.0,100.0
2018-03-20 04:00:00,0.0,0.0,0.0,False,True,False,0,night,0.0,0.0,0.0,0.0,0.0,0.0,1.0,100.0
2018-03-20 05:00:00,0.0,0.0,0.0,False,True,False,0,night,0.0,0.0,0.0,0.0,0.0,0.0,1.0,100.0
2018-03-20 06:00:00,0.0,0.0,0.0,False,True,False,0,night,0.0,0.0,0.0,0.0,0.0,0.0,1.0,100.0
2018-03-20 07:00:00,0.465,0.446,111.0,True,True,True,1,ok,0.446,0.817,1.263,0.0,0.0,-0.86,0.14,14.0
2018-03-20 08:00:00,1.334,1.281,341.0,True,True,True,2,ok,1.263,0.0,1.263,0.017,0.0,0.017,0.157,15.7
2018-03-20 09:00:00,2.145,2.059,569.0,True,True,True,3,ok,1.263,0.0,1.263,0.756,0.0,0.756,0.914,91.4
2018-03-20 10:00:00,2.792,2.681,760.0,True,True,True,4,ok,1.263,0.0,1.263,0.086,1.327,0.086,1.0,100.0
2018-03-20 11:00:00,3.224,3.095,892.0,True,True,True,5,ok,1.263,0.0,1.263,0.0,1.832,0.0,1.0,100.0
2018-03-20 12:00:00,3.426,3.289,954.0,True,True,True,6,ok,1.263,0.0,1.263,0.0,2.026,0.0,1.0,100.0
2018-03-20 13:00:00,3.373,3.238,941.0,True,True,False,6,cap_reached,0.0,0.0,0.0,0.0,3.238,0.0,1.0,100.0
2018-03-20 14:00:00,3.08,2.957,852.0,True,True,False,6,cap_reached,0.0,0.0,0.0,0.0,2.957,0.0,1.0,100.0
2018-03-20 15:00:00,2.565,2.462,697.0,True,True,False,6,cap_reached,0.0,0.0,0.0,0.0,2.462,0.0,1.0,100.0
2018-03-20 16:00:00,1.858,1.784,490.0,True,True,False,6,cap_reached,0.0,0.0,0.0,0.0,1.784,0.0,1.0,100.0
2018-03-20 17:00:00,1.017,0.976,257.0,True,True,False,6,cap_reached,0.0,0.0,0.0,0.0,0.976,0.0,1.0,100.0
2018-03-20 18:00:00,0.197,0.189,45.0,True,True,False,6,cap_reached,0.0,0.0,0.0,0.0,0.189,0.0,1.0,100.0
2018-03-20 19:00:00,0.0,0.0,0.0,False,True,False,6,cap_reached,0.0,0.0,0.0,0.0,0.0,0.0,1.0,100.0
2018-03-20 20:00:00,0.0,0.0,0.0,False,True,False,6,cap_reached,0.0,0.0,0.0,0.0,0.0,0.0,1.0,100.0
2018-03-20 21:00:00,0.0,0.0,0.0,False,True,False,6,cap_reached,0.0,0.0,0.0,0.0,0.0,0.0,1.0,100.0
2018-03-20 22:00:00,0.0,0.0,0.0,False,True,False,6,cap_reached,0.0,0.0,0.0,0.0,0.0,0.0,1.0,100.0
2018-03-20 23:00:00,0.0,0.0,0.0,False,True,False,6,cap_reached,0.0,0.0,0.0,0.0,0.0,0.0,1.0,100.0
2018-03-21 00:00:00,0.0,0.0,0.0,False,True,False,0,night,0.0,0.0,0.0,0.0,0.0,0.0,1.0,100.0
2018-03-21 01:00:00,0.0,0.0,0.0,False,True,False,0,night,0.0,0.0,0.0,0.0,0.0,0.0,1.0,100.0
2018-03-21 02:00:00,0.0,0.0,0.0,False,True,False,0,night,0.0,0.0,0.0,0.0,0.0,0.0,1.0,100.0
2018-03-21 03:00:00,0.0,0.0,0.0,False,True,False,0,night,0.0,0.0,0.0,0.0,0.0,0.0,1.0,100.0
2018-03-21 04:00:00,0.0,0.0,0.0,False,True,False,0,night,0.0,0.0,0.0,0.0,0.0,0.0,1.0,100.0
2018-03-21 05:00:00,0.0,0.0,0.0,False,True,False,0,night,0.0,0.0,0.0,0.0,0.0,0.0,1.0,100.0
2018-03-21 06:00:00,0.0,0.0,0.0,False,True,False,0,night,0.0,0.0,0.0,0.0,0.0,0.0,1.0,100.0
2018-03-21 07:00:00,0.467,0.449,108.0,True,True,True,1,ok,0.449,0.814,1.263,0.0,0.0,-0.857,0.143,14.3
2018-03-21 08:00:00,1.328,1.275,331.0,True,True,True,2,ok,1.263,0.0,1.263,0.011,0.0,0.011,0.154,15.4
2018-03-21 09:00:00,2.13,2.045,553.0,True,True,True,3,ok,1.263,0.0,1.263,0.742,0.0,0.742,0.896,89.6
2018-03-21 10:00:00,2.774,2.663,744.0,True,True,True,4,ok,1.263,0.0,1.263,0.104,1.291,0.104,1.0,100.0
2018-03-21 11:00:00,3.213,3.084,876.0,True,True,True,5,ok,1.263,0.0,1.263,0.0,1.821,0.0,1.0,100.0
2018-03-21 12:00:00,3.417,3.28,935.0,True,True,True,6,ok,1.263,0.0,1.263,0.0,2.017,0.0,1.0,100.0
2018-03-21 13:00:00,3.372,3.237,915.0,True,True,False,6,cap_reached,0.0,0.0,0.0,0.0,3.237,0.0,1.0,100.0
2018-03-21 14:00:00,3.086,2.963,831.0,True,True,False,6,cap_reached,0.0,0.0,0.0,0.0,2.963,0.0,1.0,100.0
2018-03-21 15:00:00,2.571,2.468,679.0,True,True,False,6,cap_reached,0.0,0.0,0.0,0.0,2.468,0.0,1.0,100.0
2018-03-21 16:00:00,1.867,1.792,477.0,True,True,False,6,cap_reached,0.0,0.0,0.0,0.0,1.792,0.0,1.0,100.0
2018-03-21 17:00:00,1.026,0.985,249.0,True,True,False,6,cap_reached,0.0,0.0,0.0,0.0,0.985,0.0,1.0,100.0
2018-03-21 18:00:00,0.203,0.195,44.0,True,True,False,6,cap_reached,0.0,0.0,0.0,0.0,0.195,0.0,1.0,100.0
2018-03-21 19:00:00,0.0,0.0,0.0,False,True,False,6,cap_reached,0.0,0.0,0.0,0.0,0.0,0.0,1.0,100.0
2018-03-21 20:00:00,0.0,0.0,0.0,False,True,False,6,cap_reached,0.0,0.0,0.0,0.0,0.0,0.0,1.0,100.0
2018-03-21 21:00:00,0.0,0.0,0.0,False,True,False,6,cap_reached,0.0,0.0,0.0,0.0,0.0,0.0,1.0,100.0
2018-03-21 22:00:00,0.0,0.0,0.0,False,True,False,6,cap_reached,0.0,0.0,0.0,0.0,0.0,0.0,1.0,100.0
2018-03-21 23:00:00,0.0,0.0,0.0,False,True,False,6,cap_reached,0.0,0.0,0.0,0.0,0.0,0.0,1.0,100.0
2018-03-22 00:00:00,0.0,0.0,0.0,False,True,False,0,night,0.0,0.0,0.0,0.0,0.0,0.0,1.0,100.0
2018-03-22 01:00:00,0.0,0.0,0.0,False,True,False,0,night,0.0,0.0,0.0,0.0,0.0,0.0,1.0,100.0
2018-03-22 02:00:00,0.0,0.0,0.0,False,True,False,0,night,0.0,0.0,0.0,0.0,0.0,0.0,1.0,100.0
2018-03-22 03:00:00,0.0,0.0,0.0,False,True,False,0,night,0.0,0.0,0.0,0.0,0.0,0.0,1.0,100.0
2018-03-22 04:00:00,0.0,0.0,0.0,False,True,False,0,night,0.0,0.0,0.0,0.0,0.0,0.0,1.0,100.0
2018-03-22 05:00:00,0.0,0.0,0.0,False,True,False,0,night,0.0,0.0,0.0,0.0,0.0,0.0,1.0,100.0
2018-03-22 06:00:00,0.0,0.0,0.0,False,True,False,0,night,0.0,0.0,0.0,0.0,0.0,0.0,1.0,100.0
2018-03-22 07:00:00,0.544,0.522,126.0,True,True,True,1,ok,0.522,0.741,1.263,0.0,0.0,-0.78,0.22,22.0
2018-03-22 08:00:00,1.473,1.414,367.0,True,True,True,2,ok,1.263,0.0,1.263,0.144,0.0,0.144,0.364,36.4
2018-03-22 09:00:00,2.317,2.224,602.0,True,True,True,3,ok,1.263,0.0,1.263,0.636,0.291,0.636,1.0,100.0
2018-03-22 10:00:00,2.99,2.871,797.0,True,True,True,4,ok,1.263,0.0,1.263,0.0,1.608,0.0,1.0,100.0
2018-03-22 11:00:00,3.447,3.309,935.0,True,True,True,5,ok,1.263,0.0,1.263,0.0,2.046,0.0,1.0,100.0
2018-03-22 12:00:00,3.66,3.514,998.0,True,True,True,6,ok,1.263,0.0,1.263,0.0,2.251,0.0,1.0,100.0
2018-03-22 13:00:00,3.611,3.467,986.0,True,True,False,6,cap_reached,0.0,0.0,0.0,0.0,3.467,0.0,1.0,100.0
2018-03-22 14:00:00,3.294,3.163,894.0,True,True,False,6,cap_reached,0.0,0.0,0.0,0.0,3.163,0.0,1.0,100.0
2018-03-22 15:00:00,2.755,2.645,734.0,True,True,False,6,cap_reached,0.0,0.0,0.0,0.0,2.645,0.0,1.0,100.0
2018-03-22 16:00:00,2.02,1.939,523.0,True,True,False,6,cap_reached,0.0,0.0,0.0,0.0,1.939,0.0,1.0,100.0
2018-03-22 17:00:00,1.136,1.09,282.0,True,True,False,6,cap_reached,0.0,0.0,0.0,0.0,1.09,0.0,1.0,100.0
2018-03-22 18:00:00,0.246,0.236,54.0,True,True,False,6,cap_reached,0.0,0.0,0.0,0.0,0.236,0.0,1.0,100.0
2018-03-22 19:00:00,0.0,0.0,0.0,False,True,False,6,cap_reached,0.0,0.0,0.0,0.0,0.0,0.0,1.0,100.0
2018-03-22 20:00:00,0.0,0.0,0.0,False,True,False,6,cap_reached,0.0,0.0,0.0,0.0,0.0,0.0,1.0,100.0
2018-03-22 21:00:00,0.0,0.0,0.0,False,True,False,6,cap_reached,0.0,0.0,0.0,0.0,0.0,0.0,1.0,100.0
2018-03-22 22:00:00,0.0,0.0,0.0,False,True,False,6,cap_reached,0.0,0.0,0.0,0.0,0.0,0.0,1.0,100.0
2018-03-22 23:00:00,0.0,0.0,0.0,False,True,False,6,cap_reached,0.0,0.0,0.0,0.0,0.0,0.0,1.0,100.0
2018-03-23 00:00:00,0.0,0.0,0.0,False,True,False,0,night,0.0,0.0,0.0,0.0,0.0,0.0,1.0,100.0
2018-03-23 01:00:00,0.0,0.0,0.0,False,True,False,0,night,0.0,0.0,0.0,0.0,0.0,0.0,1.0,100.0
2018-03-23 02:00:00,0.0,0.0,0.0,False,True,False,0,night,0.0,0.0,0.0,0.0,0.0,0.0,1.0,100.0
2018-03-23 03:00:00,0.0,0.0,0.0,False,True,False,0,night,0.0,0.0,0.0,0.0,0.0,0.0,1.0,100.0
2018-03-23 04:00:00,0.0,0.0,0.0,False,True,False,0,night,0.0,0.0,0.0,0.0,0.0,0.0,1.0,100.0
2018-03-23 05:00:00,0.0,0.0,0.0,False,True,False,0,night,0.0,0.0,0.0,0.0,0.0,0.0,1.0,100.0
2018-03-23 06:00:00,0.0,0.0,0.0,False,True,False,0,night,0.0,0.0,0.0,0.0,0.0,0.0,1.0,100.0
2018-03-23 07:00:00,0.567,0.544,130.0,True,True,True,1,ok,0.544,0.719,1.263,0.0,0.0,-0.757,0.243,24.3
2018-03-23 08:00:00,1.5,1.44,371.0,True,True,True,2,ok,1.263,0.0,1.263,0.168,0.0,0.168,0.412,41.2
2018-03-23 09:00:00,2.349,2.255,605.0,True,True,True,3,ok,1.263,0.0,1.263,0.588,0.373,0.588,1.0,100.0
2018-03-23 10:00:00,3.034,2.912,807.0,True,True,True,4,ok,1.263,0.0,1.263,0.0,1.649,0.0,1.0,100.0
2018-03-23 11:00:00,2.59,2.486,570.0,True,True,True,5,ok,1.263,0.0,1.263,0.0,1.223,0.0,1.0,100.0
2018-03-23 12:00:00,3.691,3.543,1004.0,True,True,True,6,ok,1.263,0.0,1.263,0.0,2.28,0.0,1.0,100.0
2018-03-23 13:00:00,3.636,3.491,991.0,True,True,False,6,cap_reached,0.0,0.0,0.0,0.0,3.491,0.0,1.0,100.0
2018-03-23 14:00:00,3.331,3.198,901.0,True,True,False,6,cap_reached,0.0,0.0,0.0,0.0,3.198,0.0,1.0,100.0
2018-03-23 15:00:00,2.796,2.684,742.0,True,True,False,6,cap_reached,0.0,0.0,0.0,0.0,2.684,0.0,1.0,100.0
2018-03-23 16:00:00,2.053,1.971,529.0,True,True,False,6,cap_reached,0.0,0.0,0.0,0.0,1.971,0.0,1.0,100.0
2018-03-23 17:00:00,1.156,1.11,284.0,True,True,False,6,cap_reached,0.0,0.0,0.0,0.0,1.11,0.0,1.0,100.0
2018-03-23 18:00:00,0.252,0.242,56.0,True,True,False,6,cap_reached,0.0,0.0,0.0,0.0,0.242,0.0,1.0,100.0
2018-03-23 19:00:00,0.0,0.0,0.0,False,True,False,6,cap_reached,0.0,0.0,0.0,0.0,0.0,0.0,1.0,100.0
2018-03-23 20:00:00,0.0,0.0,0.0,False,True,False,6,cap_reached,0.0,0.0,0.0,0.0,0.0,0.0,1.0,100.0
2018-03-23 21:00:00,0.0,0.0,0.0,False,True,False,6,cap_reached,0.0,0.0,0.0,0.0,0.0,0.0,1.0,100.0
2018-03-23 22:00:00,0.0,0.0,0.0,False,True,False,6,cap_reached,0.0,0.0,0.0,0.0,0.0,0.0,1.0,100.0
2018-03-23 23:00:00,0.0,0.0,0.0,False,True,False,6,cap_reached,0.0,0.0,0.0,0.0,0.0,0.0,1.0,100.0
2018-03-24 00:00:00,0.0,0.0,0.0,False,True,False,0,night,0.0,0.0,0.0,0.0,0.0,0.0,1.0,100.0
2018-03-24 01:00:00,0.0,0.0,0.0,False,True,False,0,night,0.0,0.0,0.0,0.0,0.0,0.0,1.0,100.0
2018-03-24 02:00:00,0.0,0.0,0.0,False,True,False,0,night,0.0,0.0,0.0,0.0,0.0,0.0,1.0,100.0
2018-03-24 03:00:00,0.0,0.0,0.0,False,True,False,0,night,0.0,0.0,0.0,0.0,0.0,0.0,1.0,100.0
2018-03-24 04:00:00,0.0,0.0,0.0,False,True,False,0,night,0.0,0.0,0.0,0.0,0.0,0.0,1.0,100.0
2018-03-24 05:00:00,0.0,0.0,0.0,False,True,False,0,night,0.0,0.0,0.0,0.0,0.0,0.0,1.0,100.0
2018-03-24 06:00:00,0.0,0.0,0.0,False,True,False,0,night,0.0,0.0,0.0,0.0,0.0,0.0,1.0,100.0
2018-03-24 07:00:00,0.577,0.554,132.0,True,True,True,1,ok,0.554,0.709,1.263,0.0,0.0,-0.746,0.254,25.4
2018-03-24 08:00:00,1.495,1.436,371.0,True,True,True,2,ok,1.263,0.0,1.263,0.164,0.0,0.164,0.418,41.8
2018-03-24 09:00:00,2.326,2.233,602.0,True,True,True,3,ok,1.263,0.0,1.263,0.582,0.358,0.582,1.0,100.0
2018-03-24 10:00:00,2.975,2.856,791.0,True,True,True,4,ok,1.263,0.0,1.263,0.0,1.593,0.0,1.0,100.0
2018-03-24 11:00:00,3.417,3.28,922.0,True,True,True,5,ok,1.263,0.0,1.263,0.0,2.017,0.0,1.0,100.0
2018-03-24 12:00:00,3.619,3.474,983.0,True,True,True,6,ok,1.263,0.0,1.263,0.0,2.211,0.0,1.0,100.0
2018-03-24 13:00:00,3.562,3.419,969.0,True,True,False,6,cap_reached,0.0,0.0,0.0,0.0,3.419,0.0,1.0,100.0
2018-03-24 14:00:00,3.261,3.131,880.0,True,True,False,6,cap_reached,0.0,0.0,0.0,0.0,3.131,0.0,1.0,100.0
2018-03-24 15:00:00,2.732,2.622,722.0,True,True,False,6,cap_reached,0.0,0.0,0.0,0.0,2.622,0.0,1.0,100.0
2018-03-24 16:00:00,2.003,1.923,513.0,True,True,False,6,cap_reached,0.0,0.0,0.0,0.0,1.923,0.0,1.0,100.0
2018-03-24 17:00:00,1.127,1.082,275.0,True,True,False,6,cap_reached,0.0,0.0,0.0,0.0,1.082,0.0,1.0,100.0
2018-03-24 18:00:00,0.249,0.239,53.0,True,True,False,6,cap_reached,0.0,0.0,0.0,0.0,0.239,0.0,1.0,100.0
2018-03-24 19:00:00,0.0,0.0,0.0,False,True,False,6,cap_reached,0.0,0.0,0.0,0.0,0.0,0.0,1.0,100.0
2018-03-24 20:00:00,0.0,0.0,0.0,False,True,False,6,cap_reached,0.0,0.0,0.0,0.0,0.0,0.0,1.0,100.0
2018-03-24 21:00:00,0.0,0.0,0.0,False,True,False,6,cap_reached,0.0,0.0,0.0,0.0,0.0,0.0,1.0,100.0
2018-03-24 22:00:00,0.0,0.0,0.0,False,True,False,6,cap_reached,0.0,0.0,0.0,0.0,0.0,0.0,1.0,100.0
2018-03-24 23:00:00,0.0,0.0,0.0,False,True,False,6,cap_reached,0.0,0.0,0.0,0.0,0.0,0.0,1.0,100.0
2018-03-25 00:00:00,0.0,0.0,0.0,False,True,False,0,night,0.0,0.0,0.0,0.0,0.0,0.0,1.0,100.0
2018-03-25 01:00:00,0.0,0.0,0.0,False,True,False,0,night,0.0,0.0,0.0,0.0,0.0,0.0,1.0,100.0
2018-03-25 02:00:00,0.0,0.0,0.0,False,True,False,0,night,0.0,0.0,0.0,0.0,0.0,0.0,1.0,100.0
2018-03-25 03:00:00,0.0,0.0,0.0,False,True,False,0,night,0.0,0.0,0.0,0.0,0.0,0.0,1.0,100.0
2018-03-25 04:00:00,0.0,0.0,0.0,False,True,False,0,night,0.0,0.0,0.0,0.0,0.0,0.0,1.0,100.0
2018-03-25 05:00:00,0.0,0.0,0.0,False,True,False,0,night,0.0,0.0,0.0,0.0,0.0,0.0,1.0,100.0
2018-03-25 06:00:00,0.0,0.0,0.0,False,True,False,0,night,0.0,0.0,0.0,0.0,0.0,0.0,1.0,100.0
2018-03-25 07:00:00,0.588,0.564,132.0,True,True,True,1,ok,0.564,0.699,1.263,0.0,0.0,-0.735,0.265,26.5
2018-03-25 08:00:00,1.499,1.439,368.0,True,True,True,2,ok,1.263,0.0,1.263,0.167,0.0,0.167,0.432,43.2
2018-03-25 09:00:00,2.322,2.229,597.0,True,True,True,3,ok,1.263,0.0,1.263,0.568,0.368,0.568,1.0,100.0
2018-03-25 10:00:00,2.972,2.853,788.0,True,True,True,4,ok,1.263,0.0,1.263,0.0,1.59,0.0,1.0,100.0
2018-03-25 11:00:00,3.401,3.265,919.0,True,True,True,5,ok,1.263,0.0,1.263,0.0,2.002,0.0,1.0,100.0
2018-03-25 12:00:00,2.737,2.628,614.0,True,True,True,6,ok,1.263,0.0,1.263,0.0,1.365,0.0,1.0,100.0
2018-03-25 13:00:00,3.029,2.907,694.0,True,True,False,6,cap_reached,0.0,0.0,0.0,0.0,2.907,0.0,1.0,100.0
2018-03-25 14:00:00,3.24,3.11,874.0,True,True,False,6,cap_reached,0.0,0.0,0.0,0.0,3.11,0.0,1.0,100.0
2018-03-25 15:00:00,2.713,2.604,719.0,True,True,False,6,cap_reached,0.0,0.0,0.0,0.0,2.604,0.0,1.0,100.0
2018-03-25 16:00:00,1.998,1.918,513.0,True,True,False,6,cap_reached,0.0,0.0,0.0,0.0,1.918,0.0,1.0,100.0
2018-03-25 17:00:00,1.133,1.088,276.0,True,True,False,6,cap_reached,0.0,0.0,0.0,0.0,1.088,0.0,1.0,100.0
2018-03-25 18:00:00,0.26,0.249,55.0,True,True,False,6,cap_reached,0.0,0.0,0.0,0.0,0.249,0.0,1.0,100.0
2018-03-25 19:00:00,0.0,0.0,0.0,False,True,False,6,cap_reached,0.0,0.0,0.0,0.0,0.0,0.0,1.0,100.0
2018-03-25 20:00:00,0.0,0.0,0.0,False,True,False,6,cap_reached,0.0,0.0,0.0,0.0,0.0,0.0,1.0,100.0
2018-03-25 21:00:00,0.0,0.0,0.0,False,True,False,6,cap_reached,0.0,0.0,0.0,0.0,0.0,0.0,1.0,100.0
2018-03-25 22:00:00,0.0,0.0,0.0,False,True,False,6,cap_reached,0.0,0.0,0.0,0.0,0.0,0.0,1.0,100.0
2018-03-25 23:00:00,0.0,0.0,0.0,False,True,False,6,cap_reached,0.0,0.0,0.0,0.0,0.0,0.0,1.0,100.0
2018-03-26 00:00:00,0.0,0.0,0.0,False,True,False,0,night,0.0,0.0,0.0,0.0,0.0,0.0,1.0,100.0
2018-03-26 01:00:00,0.0,0.0,0.0,False,True,False,0,night,0.0,0.0,0.0,0.0,0.0,0.0,1.0,100.0
2018-03-26 02:00:00,0.0,0.0,0.0,False,True,False,0,night,0.0,0.0,0.0,0.0,0.0,0.0,1.0,100.0
2018-03-26 03:00:00,0.0,0.0,0.0,False,True,False,0,night,0.0,0.0,0.0,0.0,0.0,0.0,1.0,100.0
2018-03-26 04:00:00,0.0,0.0,0.0,False,True,False,0,night,0.0,0.0,0.0,0.0,0.0,0.0,1.0,100.0
2018-03-26 05:00:00,0.0,0.0,0.0,False,True,False,0,night,0.0,0.0,0.0,0.0,0.0,0.0,1.0,100.0
2018-03-26 06:00:00,0.0,0.0,0.0,False,True,False,0,night,0.0,0.0,0.0,0.0,0.0,0.0,1.0,100.0
2018-03-26 07:00:00,0.613,0.588,139.0,True,True,True,1,ok,0.588,0.675,1.263,0.0,0.0,-0.71,0.29,29.0
2018-03-26 08:00:00,1.52,1.459,376.0,True,True,True,2,ok,1.263,0.0,1.263,0.186,0.0,0.186,0.476,47.6
2018-03-26 09:00:00,2.337,2.243,604.0,True,True,True,3,ok,1.263,0.0,1.263,0.524,0.429,0.524,1.0,100.0
2018-03-26 10:00:00,2.977,2.858,791.0,True,True,True,4,ok,1.263,0.0,1.263,0.0,1.595,0.0,1.0,100.0
2018-03-26 11:00:00,3.406,3.27,921.0,True,True,True,5,ok,1.263,0.0,1.263,0.0,2.007,0.0,1.0,100.0
2018-03-26 12:00:00,3.604,3.46,980.0,True,True,True,6,ok,1.263,0.0,1.263,0.0,2.197,0.0,1.0,100.0
2018-03-26 13:00:00,3.547,3.405,965.0,True,True,False,6,cap_reached,0.0,0.0,0.0,0.0,3.405,0.0,1.0,100.0
2018-03-26 14:00:00,3.241,3.111,873.0,True,True,False,6,cap_reached,0.0,0.0,0.0,0.0,3.111,0.0,1.0,100.0
2018-03-26 15:00:00,2.721,2.613,718.0,True,True,False,6,cap_reached,0.0,0.0,0.0,0.0,2.613,0.0,1.0,100.0
2018-03-26 16:00:00,2.005,1.925,512.0,True,True,False,6,cap_reached,0.0,0.0,0.0,0.0,1.925,0.0,1.0,100.0
2018-03-26 17:00:00,1.141,1.096,275.0,True,True,False,6,cap_reached,0.0,0.0,0.0,0.0,1.096,0.0,1.0,100.0
2018-03-26 18:00:00,0.26,0.249,55.0,True,True,False,6,cap_reached,0.0,0.0,0.0,0.0,0.249,0.0,1.0,100.0
2018-03-26 19:00:00,0.0,0.0,0.0,False,True,False,6,cap_reached,0.0,0.0,0.0,0.0,0.0,0.0,1.0,100.0
2018-03-26 20:00:00,0.0,0.0,0.0,False,True,False,6,cap_reached,0.0,0.0,0.0,0.0,0.0,0.0,1.0,100.0
2018-03-26 21:00:00,0.0,0.0,0.0,False,True,False,6,cap_reached,0.0,0.0,0.0,0.0,0.0,0.0,1.0,100.0
2018-03-26 22:00:00,0.0,0.0,0.0,False,True,False,6,cap_reached,0.0,0.0,0.0,0.0,0.0,0.0,1.0,100.0
2018-03-26 23:00:00,0.0,0.0,0.0,False,True,False,6,cap_reached,0.0,0.0,0.0,0.0,0.0,0.0,1.0,100.0
2018-03-27 00:00:00,0.0,0.0,0.0,False,True,False,0,night,0.0,0.0,0.0,0.0,0.0,0.0,1.0,100.0
2018-03-27 01:00:00,0.0,0.0,0.0,False,True,False,0,night,0.0,0.0,0.0,0.0,0.0,0.0,1.0,100.0
2018-03-27 02:00:00,0.0,0.0,0.0,False,True,False,0,night,0.0,0.0,0.0,0.0,0.0,0.0,1.0,100.0
2018-03-27 03:00:00,0.0,0.0,0.0,False,True,False,0,night,0.0,0.0,0.0,0.0,0.0,0.0,1.0,100.0
2018-03-27 04:00:00,0.0,0.0,0.0,False,True,False,0,night,0.0,0.0,0.0,0.0,0.0,0.0,1.0,100.0
2018-03-27 05:00:00,0.0,0.0,0.0,False,True,False,0,night,0.0,0.0,0.0,0.0,0.0,0.0,1.0,100.0
2018-03-27 06:00:00,0.0,0.0,0.0,False,True,False,0,night,0.0,0.0,0.0,0.0,0.0,0.0,1.0,100.0
2018-03-27 07:00:00,0.627,0.602,138.0,True,True,True,1,ok,0.602,0.661,1.263,0.0,0.0,-0.696,0.304,30.4
2018-03-27 08:00:00,1.551,1.489,375.0,True,True,True,2,ok,1.263,0.0,1.263,0.215,0.0,0.215,0.519,51.9
2018-03-27 09:00:00,2.388,2.293,604.0,True,True,True,3,ok,1.263,0.0,1.263,0.481,0.524,0.481,1.0,100.0
2018-03-27 10:00:00,2.327,2.234,507.0,True,True,True,4,ok,1.263,0.0,1.263,0.0,0.971,0.0,1.0,100.0
2018-03-27 11:00:00,3.486,3.346,927.0,True,True,True,5,ok,1.263,0.0,1.263,0.0,2.083,0.0,1.0,100.0
2018-03-27 12:00:00,3.693,3.545,988.0,True,True,True,6,ok,1.263,0.0,1.263,0.0,2.282,0.0,1.0,100.0
2018-03-27 13:00:00,3.633,3.487,970.0,True,True,False,6,cap_reached,0.0,0.0,0.0,0.0,3.487,0.0,1.0,100.0
2018-03-27 14:00:00,3.324,3.191,877.0,True,True,False,6,cap_reached,0.0,0.0,0.0,0.0,3.191,0.0,1.0,100.0
2018-03-27 15:00:00,1.942,1.864,415.0,True,True,False,6,cap_reached,0.0,0.0,0.0,0.0,1.864,0.0,1.0,100.0
2018-03-27 16:00:00,1.435,1.377,299.0,True,True,False,6,cap_reached,0.0,0.0,0.0,0.0,1.377,0.0,1.0,100.0
2018-03-27 17:00:00,0.755,0.725,153.0,True,True,False,6,cap_reached,0.0,0.0,0.0,0.0,0.725,0.0,1.0,100.0
2018-03-27 18:00:00,0.274,0.263,56.0,True,True,False,6,cap_reached,0.0,0.0,0.0,0.0,0.263,0.0,1.0,100.0
2018-03-27 19:00:00,0.0,0.0,0.0,False,True,False,6,cap_reached,0.0,0.0,0.0,0.0,0.0,0.0,1.0,100.0
2018-03-27 20:00:00,0.0,0.0,0.0,False,True,False,6,cap_reached,0.0,0.0,0.0,0.0,0.0,0.0,1.0,100.0
2018-03-27 21:00:00,0.0,0.0,0.0,False,True,False,6,cap_reached,0.0,0.0,0.0,0.0,0.0,0.0,1.0,100.0
2018-03-27 22:00:00,0.0,0.0,0.0,False,True,False,6,cap_reached,0.0,0.0,0.0,0.0,0.0,0.0,1.0,100.0
2018-03-27 23:00:00,0.0,0.0,0.0,False,True,False,6,cap_reached,0.0,0.0,0.0,0.0,0.0,0.0,1.0,100.0
2018-03-28 00:00:00,0.0,0.0,0.0,False,True,False,0,night,0.0,0.0,0.0,0.0,0.0,0.0,1.0,100.0
2018-03-28 01:00:00,0.0,0.0,0.0,False,True,False,0,night,0.0,0.0,0.0,0.0,0.0,0.0,1.0,100.0
2018-03-28 02:00:00,0.0,0.0,0.0,False,True,False,0,night,0.0,0.0,0.0,0.0,0.0,0.0,1.0,100.0
2018-03-28 03:00:00,0.0,0.0,0.0,False,True,False,0,night,0.0,0.0,0.0,0.0,0.0,0.0,1.0,100.0
2018-03-28 04:00:00,0.0,0.0,0.0,False,True,False,0,night,0.0,0.0,0.0,0.0,0.0,0.0,1.0,100.0
2018-03-28 05:00:00,0.0,0.0,0.0,False,True,False,0,night,0.0,0.0,0.0,0.0,0.0,0.0,1.0,100.0
2018-03-28 06:00:00,0.0,0.0,0.0,False,True,False,0,night,0.0,0.0,0.0,0.0,0.0,0.0,1.0,100.0
2018-03-28 07:00:00,0.669,0.642,147.0,True,True,True,1,ok,0.642,0.621,1.263,0.0,0.0,-0.654,0.346,34.6
2018-03-28 08:00:00,1.6,1.536,388.0,True,True,True,2,ok,1.263,0.0,1.263,0.259,0.0,0.259,0.606,60.6
2018-03-28 09:00:00,0.926,0.889,188.0,True,True,True,3,ok,0.889,0.374,1.263,0.0,0.0,-0.394,0.212,21.2
2018-03-28 10:00:00,2.631,2.525,589.0,True,True,True,4,ok,1.263,0.0,1.263,0.788,0.433,0.788,1.0,100.0
2018-03-28 11:00:00,3.508,3.368,936.0,True,True,True,5,ok,1.263,0.0,1.263,0.0,2.105,0.0,1.0,100.0
2018-03-28 12:00:00,3.699,3.551,993.0,True,True,True,6,ok,1.263,0.0,1.263,0.0,2.288,0.0,1.0,100.0
2018-03-28 13:00:00,3.642,3.497,979.0,True,True,False,6,cap_reached,0.0,0.0,0.0,0.0,3.497,0.0,1.0,100.0
2018-03-28 14:00:00,3.339,3.205,889.0,True,True,False,6,cap_reached,0.0,0.0,0.0,0.0,3.205,0.0,1.0,100.0
2018-03-28 15:00:00,2.801,2.689,729.0,True,True,False,6,cap_reached,0.0,0.0,0.0,0.0,2.689,0.0,1.0,100.0
2018-03-28 16:00:00,2.073,1.99,520.0,True,True,False,6,cap_reached,0.0,0.0,0.0,0.0,1.99,0.0,1.0,100.0
2018-03-28 17:00:00,1.195,1.147,282.0,True,True,False,6,cap_reached,0.0,0.0,0.0,0.0,1.147,0.0,1.0,100.0
2018-03-28 18:00:00,0.29,0.278,59.0,True,True,False,6,cap_reached,0.0,0.0,0.0,0.0,0.278,0.0,1.0,100.0
2018-03-28 19:00:00,0.0,0.0,0.0,False,True,False,6,cap_reached,0.0,0.0,0.0,0.0,0.0,0.0,1.0,100.0
2018-03-28 20:00:00,0.0,0.0,0.0,False,True,False,6,cap_reached,0.0,0.0,0.0,0.0,0.0,0.0,1.0,100.0
2018-03-28 21:00:00,0.0,0.0,0.0,False,True,False,6,cap_reached,0.0,0.0,0.0,0.0,0.0,0.0,1.0,100.0
2018-03-28 22:00:00,0.0,0.0,0.0,False,True,False,6,cap_reached,0.0,0.0,0.0,0.0,0.0,0.0,1.0,100.0
2018-03-28 23:00:00,0.0,0.0,0.0,False,True,False,6,cap_reached,0.0,0.0,0.0,0.0,0.0,0.0,1.0,100.0
2018-03-29 00:00:00,0.0,0.0,0.0,False,True,False,0,night,0.0,0.0,0.0,0.0,0.0,0.0,1.0,100.0
2018-03-29 01:00:00,0.0,0.0,0.0,False,True,False,0,night,0.0,0.0,0.0,0.0,0.0,0.0,1.0,100.0
2018-03-29 02:00:00,0.0,0.0,0.0,False,True,False,0,night,0.0,0.0,0.0,0.0,0.0,0.0,1.0,100.0
2018-03-29 03:00:00,0.0,0.0,0.0,False,True,False,0,night,0.0,0.0,0.0,0.0,0.0,0.0,1.0,100.0
2018-03-29 04:00:00,0.0,0.0,0.0,False,True,False,0,night,0.0,0.0,0.0,0.0,0.0,0.0,1.0,100.0
2018-03-29 05:00:00,0.0,0.0,0.0,False,True,False,0,night,0.0,0.0,0.0,0.0,0.0,0.0,1.0,100.0
2018-03-29 06:00:00,0.0,0.0,0.0,False,True,False,0,night,0.0,0.0,0.0,0.0,0.0,0.0,1.0,100.0
2018-03-29 07:00:00,0.69,0.663,151.0,True,True,True,1,ok,0.663,0.6,1.263,0.0,0.0,-0.632,0.368,36.8
2018-03-29 08:00:00,1.618,1.554,391.0,True,True,True,2,ok,1.263,0.0,1.263,0.276,0.0,0.276,0.644,64.4
2018-03-29 09:00:00,2.442,2.344,621.0,True,True,True,3,ok,1.263,0.0,1.263,0.356,0.707,0.356,1.0,100.0
2018-03-29 10:00:00,3.087,2.963,809.0,True,True,True,4,ok,1.263,0.0,1.263,0.0,1.7,0.0,1.0,100.0
2018-03-29 11:00:00,3.514,3.373,939.0,True,True,True,5,ok,1.263,0.0,1.263,0.0,2.11,0.0,1.0,100.0
2018-03-29 12:00:00,3.7,3.552,995.0,True,True,True,6,ok,1.263,0.0,1.263,0.0,2.289,0.0,1.0,100.0
2018-03-29 13:00:00,3.641,3.495,980.0,True,True,False,6,cap_reached,0.0,0.0,0.0,0.0,3.495,0.0,1.0,100.0
2018-03-29 14:00:00,3.33,3.197,888.0,True,True,False,6,cap_reached,0.0,0.0,0.0,0.0,3.197,0.0,1.0,100.0
2018-03-29 15:00:00,2.805,2.693,731.0,True,True,False,6,cap_reached,0.0,0.0,0.0,0.0,2.693,0.0,1.0,100.0
2018-03-29 16:00:00,2.082,1.999,523.0,True,True,False,6,cap_reached,0.0,0.0,0.0,0.0,1.999,0.0,1.0,100.0
2018-03-29 17:00:00,1.209,1.16,284.0,True,True,False,6,cap_reached,0.0,0.0,0.0,0.0,1.16,0.0,1.0,100.0
2018-03-29 18:00:00,0.301,0.289,60.0,True,True,False,6,cap_reached,0.0,0.0,0.0,0.0,0.289,0.0,1.0,100.0
2018-03-29 19:00:00,0.0,0.0,0.0,False,True,False,6,cap_reached,0.0,0.0,0.0,0.0,0.0,0.0,1.0,100.0
2018-03-29 20:00:00,0.0,0.0,0.0,False,True,False,6,cap_reached,0.0,0.0,0.0,0.0,0.0,0.0,1.0,100.0
2018-03-29 21:00:00,0.0,0.0,0.0,False,True,False,6,cap_reached,0.0,0.0,0.0,0.0,0.0,0.0,1.0,100.0
2018-03-29 22:00:00,0.0,0.0,0.0,False,True,False,6,cap_reached,0.0,0.0,0.0,0.0,0.0,0.0,1.0,100.0
2018-03-29 23:00:00,0.0,0.0,0.0,False,True,False,6,cap_reached,0.0,0.0,0.0,0.0,0.0,0.0,1.0,100.0
2018-03-30 00:00:00,0.0,0.0,0.0,False,True,False,0,night,0.0,0.0,0.0,0.0,0.0,0.0,1.0,100.0
2018-03-30 01:00:00,0.0,0.0,0.0,False,True,False,0,night,0.0,0.0,0.0,0.0,0.0,0.0,1.0,100.0
2018-03-30 02:00:00,0.0,0.0,0.0,False,True,False,0,night,0.0,0.0,0.0,0.0,0.0,0.0,1.0,100.0
2018-03-30 03:00:00,0.0,0.0,0.0,False,True,False,0,night,0.0,0.0,0.0,0.0,0.0,0.0,1.0,100.0
2018-03-30 04:00:00,0.0,0.0,0.0,False,True,False,0,night,0.0,0.0,0.0,0.0,0.0,0.0,1.0,100.0
2018-03-30 05:00:00,0.0,0.0,0.0,False,True,False,0,night,0.0,0.0,0.0,0.0,0.0,0.0,1.0,100.0
2018-03-30 06:00:00,0.0,0.0,0.0,False,True,False,0,night,0.0,0.0,0.0,0.0,0.0,0.0,1.0,100.0
2018-03-30 07:00:00,0.708,0.679,154.0,True,True,True,1,ok,0.679,0.584,1.263,0.0,0.0,-0.614,0.386,38.6
2018-03-30 08:00:00,1.641,1.575,394.0,True,True,True,2,ok,1.263,0.0,1.263,0.297,0.0,0.297,0.682,68.2
2018-03-30 09:00:00,2.462,2.364,625.0,True,True,True,3,ok,1.263,0.0,1.263,0.318,0.766,0.318,1.0,100.0
2018-03-30 10:00:00,3.111,2.987,816.0,True,True,True,4,ok,1.263,0.0,1.263,0.0,1.724,0.0,1.0,100.0
2018-03-30 11:00:00,3.535,3.394,946.0,True,True,True,5,ok,1.263,0.0,1.263,0.0,2.131,0.0,1.0,100.0
2018-03-30 12:00:00,3.727,3.578,1005.0,True,True,True,6,ok,1.263,0.0,1.263,0.0,2.315,0.0,1.0,100.0
2018-03-30 13:00:00,3.657,3.511,987.0,True,True,False,6,cap_reached,0.0,0.0,0.0,0.0,3.511,0.0,1.0,100.0
2018-03-30 14:00:00,3.355,3.221,897.0,True,True,False,6,cap_reached,0.0,0.0,0.0,0.0,3.221,0.0,1.0,100.0
2018-03-30 15:00:00,2.83,2.717,740.0,True,True,False,6,cap_reached,0.0,0.0,0.0,0.0,2.717,0.0,1.0,100.0
2018-03-30 16:00:00,2.104,2.02,529.0,True,True,False,6,cap_reached,0.0,0.0,0.0,0.0,2.02,0.0,1.0,100.0
2018-03-30 17:00:00,1.232,1.183,290.0,True,True,False,6,cap_reached,0.0,0.0,0.0,0.0,1.183,0.0,1.0,100.0
2018-03-30 18:00:00,0.319,0.306,63.0,True,True,False,6,cap_reached,0.0,0.0,0.0,0.0,0.306,0.0,1.0,100.0
2018-03-30 19:00:00,0.0,0.0,0.0,False,True,False,6,cap_reached,0.0,0.0,0.0,0.0,0.0,0.0,1.0,100.0
2018-03-30 20:00:00,0.0,0.0,0.0,False,True,False,6,cap_reached,0.0,0.0,0.0,0.0,0.0,0.0,1.0,100.0
2018-03-30 21:00:00,0.0,0.0,0.0,False,True,False,6,cap_reached,0.0,0.0,0.0,0.0,0.0,0.0,1.0,100.0
2018-03-30 22:00:00,0.0,0.0,0.0,False,True,False,6,cap_reached,0.0,0.0,0.0,0.0,0.0,0.0,1.0,100.0
2018-03-30 23:00:00,0.0,0.0,0.0,False,True,False,6,cap_reached,0.0,0.0,0.0,0.0,0.0,0.0,1.0,100.0
2018-03-31 00:00:00,0.0,0.0,0.0,False,True,False,0,night,0.0,0.0,0.0,0.0,0.0,0.0,1.0,100.0
2018-03-31 01:00:00,0.0,0.0,0.0,False,True,False,0,night,0.0,0.0,0.0,0.0,0.0,0.0,1.0,100.0
2018-03-31 02:00:00,0.0,0.0,0.0,False,True,False,0,night,0.0,0.0,0.0,0.0,0.0,0.0,1.0,100.0
2018-03-31 03:00:00,0.0,0.0,0.0,False,True,False,0,night,0.0,0.0,0.0,0.0,0.0,0.0,1.0,100.0
2018-03-31 04:00:00,0.0,0.0,0.0,False,True,False,0,night,0.0,0.0,0.0,0.0,0.0,0.0,1.0,100.0
2018-03-31 05:00:00,0.0,0.0,0.0,False,True,False,0,night,0.0,0.0,0.0,0.0,0.0,0.0,1.0,100.0
2018-03-31 06:00:00,0.0,0.0,0.0,False,True,False,0,night,0.0,0.0,0.0,0.0,0.0,0.0,1.0,100.0
2018-03-31 07:00:00,0.573,0.55,117.0,True,True,True,1,ok,0.55,0.713,1.263,0.0,0.0,-0.751,0.249,24.9
2018-03-31 08:00:00,1.661,1.595,401.0,True,True,True,2,ok,1.263,0.0,1.263,0.315,0.0,0.315,0.564,56.4
2018-03-31 09:00:00,2.466,2.367,627.0,True,True,True,3,ok,1.263,0.0,1.263,0.436,0.646,0.436,1.0,100.0
2018-03-31 10:00:00,3.089,2.966,811.0,True,True,True,4,ok,1.263,0.0,1.263,0.0,1.703,0.0,1.0,100.0
2018-03-31 11:00:00,3.513,3.372,938.0,True,True,True,5,ok,1.263,0.0,1.263,0.0,2.109,0.0,1.0,100.0
2018-03-31 12:00:00,3.694,3.546,993.0,True,True,True,6,ok,1.263,0.0,1.263,0.0,2.283,0.0,1.0,100.0
2018-03-31 13:00:00,3.63,3.485,975.0,True,True,False,6,cap_reached,0.0,0.0,0.0,0.0,3.485,0.0,1.0,100.0
2018-03-31 14:00:00,3.332,3.199,885.0,True,True,False,6,cap_reached,0.0,0.0,0.0,0.0,3.199,0.0,1.0,100.0
2018-03-31 15:00:00,2.808,2.696,728.0,True,True,False,6,cap_reached,0.0,0.0,0.0,0.0,2.696,0.0,1.0,100.0
2018-03-31 16:00:00,2.089,2.006,522.0,True,True,False,6,cap_reached,0.0,0.0,0.0,0.0,2.006,0.0,1.0,100.0
2018-03-31 17:00:00,1.228,1.179,286.0,True,True,False,6,cap_reached,0.0,0.0,0.0,0.0,1.179,0.0,1.0,100.0
2018-03-31 18:00:00,0.248,0.238,50.0,True,True,False,6,cap_reached,0.0,0.0,0.0,0.0,0.238,0.0,1.0,100.0
2018-03-31 19:00:00,0.0,0.0,0.0,False,True,False,6,cap_reached,0.0,0.0,0.0,0.0,0.0,0.0,1.0,100.0
2018-03-31 20:00:00,0.0,0.0,0.0,False,True,False,6,cap_reached,0.0,0.0,0.0,0.0,0.0,0.0,1.0,100.0
2018-03-31 21:00:00,0.0,0.0,0.0,False,True,False,6,cap_reached,0.0,0.0,0.0,0.0,0.0,0.0,1.0,100.0
2018-03-31 22:00:00,0.0,0.0,0.0,False,True,False,6,cap_reached,0.0,0.0,0.0,0.0,0.0,0.0,1.0,100.0
2018-03-31 23:00:00,0.0,0.0,0.0,False,True,False,6,cap_reached,0.0,0.0,0.0,0.0,0.0,0.0,1.0,100.0
2018-04-01 00:00:00,0.0,0.0,0.0,False,True,False,0,night,0.0,0.0,0.0,0.0,0.0,0.0,1.0,100.0
2018-04-01 01:00:00,0.0,0.0,0.0,False,True,False,0,night,0.0,0.0,0.0,0.0,0.0,0.0,1.0,100.0
2018-04-01 02:00:00,0.0,0.0,0.0,False,True,False,0,night,0.0,0.0,0.0,0.0,0.0,0.0,1.0,100.0
2018-04-01 03:00:00,0.0,0.0,0.0,False,True,False,0,night,0.0,0.0,0.0,0.0,0.0,0.0,1.0,100.0
2018-04-01 04:00:00,0.0,0.0,0.0,False,True,False,0,night,0.0,0.0,0.0,0.0,0.0,0.0,1.0,100.0
2018-04-01 05:00:00,0.0,0.0,0.0,False,True,False,0,night,0.0,0.0,0.0,0.0,0.0,0.0,1.0,100.0
2018-04-01 06:00:00,0.0,0.0,0.0,False,True,False,0,night,0.0,0.0,0.0,0.0,0.0,0.0,1.0,100.0
2018-04-01 07:00:00,0.531,0.51,108.0,True,True,True,1,ok,0.51,0.753,1.263,0.0,0.0,-0.792,0.208,20.8
2018-04-01 08:00:00,0.956,0.918,198.0,True,True,False,1,battery_empty,0.0,0.0,0.0,0.792,0.083,0.792,1.0,100.0
2018-04-01 09:00:00,1.699,1.631,371.0,True,True,True,2,ok,1.263,0.0,1.263,0.0,0.368,0.0,1.0,100.0
2018-04-01 10:00:00,2.623,2.518,623.0,True,True,True,3,ok,1.263,0.0,1.263,0.0,1.255,0.0,1.0,100.0
2018-04-01 11:00:00,2.881,2.765,676.0,True,True,True,4,ok,1.263,0.0,1.263,0.0,1.502,0.0,1.0,100.0
2018-04-01 12:00:00,2.754,2.644,625.0,True,True,True,5,ok,1.263,0.0,1.263,0.0,1.381,0.0,1.0,100.0
2018-04-01 13:00:00,2.787,2.675,644.0,True,True,True,6,ok,1.263,0.0,1.263,0.0,1.412,0.0,1.0,100.0
2018-04-01 14:00:00,2.768,2.657,663.0,True,True,False,6,cap_reached,0.0,0.0,0.0,0.0,2.657,0.0,1.0,100.0
2018-04-01 15:00:00,2.431,2.334,595.0,True,True,False,6,cap_reached,0.0,0.0,0.0,0.0,2.334,0.0,1.0,100.0
2018-04-01 16:00:00,1.81,1.737,415.0,True,True,False,6,cap_reached,0.0,0.0,0.0,0.0,1.737,0.0,1.0,100.0
2018-04-01 17:00:00,0.565,0.542,115.0,True,True,False,6,cap_reached,0.0,0.0,0.0,0.0,0.542,0.0,1.0,100.0
2018-04-01 18:00:00,0.234,0.224,47.0,True,True,False,6,cap_reached,0.0,0.0,0.0,0.0,0.224,0.0,1.0,100.0
2018-04-01 19:00:00,0.0,0.0,0.0,False,True,False,6,cap_reached,0.0,0.0,0.0,0.0,0.0,0.0,1.0,100.0
2018-04-01 20:00:00,0.0,0.0,0.0,False,True,False,6,cap_reached,0.0,0.0,0.0,0.0,0.0,0.0,1.0,100.0
2018-04-01 21:00:00,0.0,0.0,0.0,False,True,False,6,cap_reached,0.0,0.0,0.0,0.0,0.0,0.0,1.0,100.0
2018-04-01 22:00:00,0.0,0.0,0.0,False,True,False,6,cap_reached,0.0,0.0,0.0,0.0,0.0,0.0,1.0,100.0
2018-04-01 23:00:00,0.0,0.0,0.0,False,True,False,6,cap_reached,0.0,0.0,0.0,0.0,0.0,0.0,1.0,100.0
2018-04-02 00:00:00,0.0,0.0,0.0,False,True,False,0,night,0.0,0.0,0.0,0.0,0.0,0.0,1.0,100.0
2018-04-02 01:00:00,0.0,0.0,0.0,False,True,False,0,night,0.0,0.0,0.0,0.0,0.0,0.0,1.0,100.0
2018-04-02 02:00:00,0.0,0.0,0.0,False,True,False,0,night,0.0,0.0,0.0,0.0,0.0,0.0,1.0,100.0
2018-04-02 03:00:00,0.0,0.0,0.0,False,True,False,0,night,0.0,0.0,0.0,0.0,0.0,0.0,1.0,100.0
2018-04-02 04:00:00,0.0,0.0,0.0,False,True,False,0,night,0.0,0.0,0.0,0.0,0.0,0.0,1.0,100.0
2018-04-02 05:00:00,0.0,0.0,0.0,False,True,False,0,night,0.0,0.0,0.0,0.0,0.0,0.0,1.0,100.0
2018-04-02 06:00:00,0.0,0.0,0.0,False,True,False,0,night,0.0,0.0,0.0,0.0,0.0,0.0,1.0,100.0
2018-04-02 07:00:00,0.773,0.742,164.0,True,True,True,1,ok,0.742,0.521,1.263,0.0,0.0,-0.548,0.452,45.2
2018-04-02 08:00:00,1.696,1.628,404.0,True,True,True,2,ok,1.263,0.0,1.263,0.347,0.0,0.347,0.799,79.9
2018-04-02 09:00:00,2.504,2.404,631.0,True,True,True,3,ok,1.263,0.0,1.263,0.201,0.929,0.201,1.0,100.0
2018-04-02 10:00:00,3.136,3.011,817.0,True,True,True,4,ok,1.263,0.0,1.263,0.0,1.748,0.0,1.0,100.0
2018-04-02 11:00:00,3.542,3.401,941.0,True,True,True,5,ok,1.263,0.0,1.263,0.0,2.138,0.0,1.0,100.0
2018-04-02 12:00:00,3.727,3.578,998.0,True,True,True,6,ok,1.263,0.0,1.263,0.0,2.315,0.0,1.0,100.0
2018-04-02 13:00:00,3.665,3.518,980.0,True,True,False,6,cap_reached,0.0,0.0,0.0,0.0,3.518,0.0,1.0,100.0
2018-04-02 14:00:00,3.363,3.229,890.0,True,True,False,6,cap_reached,0.0,0.0,0.0,0.0,3.229,0.0,1.0,100.0
2018-04-02 15:00:00,2.838,2.724,733.0,True,True,False,6,cap_reached,0.0,0.0,0.0,0.0,2.724,0.0,1.0,100.0
2018-04-02 16:00:00,2.128,2.043,527.0,True,True,False,6,cap_reached,0.0,0.0,0.0,0.0,2.043,0.0,1.0,100.0
2018-04-02 17:00:00,1.266,1.216,292.0,True,True,False,6,cap_reached,0.0,0.0,0.0,0.0,1.216,0.0,1.0,100.0
2018-04-02 18:00:00,0.35,0.336,67.0,True,True,False,6,cap_reached,0.0,0.0,0.0,0.0,0.336,0.0,1.0,100.0
2018-04-02 19:00:00,0.0,0.0,0.0,False,True,False,6,cap_reached,0.0,0.0,0.0,0.0,0.0,0.0,1.0,100.0
2018-04-02 20:00:00,0.0,0.0,0.0,False,True,False,6,cap_reached,0.0,0.0,0.0,0.0,0.0,0.0,1.0,100.0
2018-04-02 21:00:00,0.0,0.0,0.0,False,True,False,6,cap_reached,0.0,0.0,0.0,0.0,0.0,0.0,1.0,100.0
2018-04-02 22:00:00,0.0,0.0,0.0,False,True,False,6,cap_reached,0.0,0.0,0.0,0.0,0.0,0.0,1.0,100.0
2018-04-02 23:00:00,0.0,0.0,0.0,False,True,False,6,cap_reached,0.0,0.0,0.0,0.0,0.0,0.0,1.0,100.0
2018-04-03 00:00:00,0.0,0.0,0.0,False,True,False,0,night,0.0,0.0,0.0,0.0,0.0,0.0,1.0,100.0
2018-04-03 01:00:00,0.0,0.0,0.0,False,True,False,0,night,0.0,0.0,0.0,0.0,0.0,0.0,1.0,100.0
2018-04-03 02:00:00,0.0,0.0,0.0,False,True,False,0,night,0.0,0.0,0.0,0.0,0.0,0.0,1.0,100.0
2018-04-03 03:00:00,0.0,0.0,0.0,False,True,False,0,night,0.0,0.0,0.0,0.0,0.0,0.0,1.0,100.0
2018-04-03 04:00:00,0.0,0.0,0.0,False,True,False,0,night,0.0,0.0,0.0,0.0,0.0,0.0,1.0,100.0
2018-04-03 05:00:00,0.0,0.0,0.0,False,True,False,0,night,0.0,0.0,0.0,0.0,0.0,0.0,1.0,100.0
2018-04-03 06:00:00,0.0,0.0,0.0,False,True,False,0,night,0.0,0.0,0.0,0.0,0.0,0.0,1.0,100.0
2018-04-03 07:00:00,0.814,0.781,172.0,True,True,True,1,ok,0.781,0.482,1.263,0.0,0.0,-0.507,0.493,49.3
2018-04-03 08:00:00,1.734,1.665,411.0,True,True,True,2,ok,1.263,0.0,1.263,0.381,0.0,0.381,0.874,87.4
2018-04-03 09:00:00,2.533,2.431,636.0,True,True,True,3,ok,1.263,0.0,1.263,0.126,1.036,0.126,1.0,100.0
2018-04-03 10:00:00,3.147,3.022,819.0,True,True,True,4,ok,1.263,0.0,1.263,0.0,1.759,0.0,1.0,100.0
2018-04-03 11:00:00,3.553,3.411,942.0,True,True,True,5,ok,1.263,0.0,1.263,0.0,2.148,0.0,1.0,100.0
2018-04-03 12:00:00,2.793,2.681,629.0,True,True,True,6,ok,1.263,0.0,1.263,0.0,1.418,0.0,1.0,100.0
2018-04-03 13:00:00,3.656,3.51,974.0,True,True,False,6,cap_reached,0.0,0.0,0.0,0.0,3.51,0.0,1.0,100.0
2018-04-03 14:00:00,2.833,2.719,648.0,True,True,False,6,cap_reached,0.0,0.0,0.0,0.0,2.719,0.0,1.0,100.0
2018-04-03 15:00:00,2.825,2.712,725.0,True,True,False,6,cap_reached,0.0,0.0,0.0,0.0,2.712,0.0,1.0,100.0
2018-04-03 16:00:00,2.117,2.032,520.0,True,True,False,6,cap_reached,0.0,0.0,0.0,0.0,2.032,0.0,1.0,100.0
2018-04-03 17:00:00,1.256,1.205,286.0,True,True,False,6,cap_reached,0.0,0.0,0.0,0.0,1.205,0.0,1.0,100.0
2018-04-03 18:00:00,0.345,0.331,65.0,True,True,False,6,cap_reached,0.0,0.0,0.0,0.0,0.331,0.0,1.0,100.0
2018-04-03 19:00:00,0.0,0.0,0.0,False,True,False,6,cap_reached,0.0,0.0,0.0,0.0,0.0,0.0,1.0,100.0
2018-04-03 20:00:00,0.0,0.0,0.0,False,True,False,6,cap_reached,0.0,0.0,0.0,0.0,0.0,0.0,1.0,100.0
2018-04-03 21:00:00,0.0,0.0,0.0,False,True,False,6,cap_reached,0.0,0.0,0.0,0.0,0.0,0.0,1.0,100.0
2018-04-03 22:00:00,0.0,0.0,0.0,False,True,False,6,cap_reached,0.0,0.0,0.0,0.0,0.0,0.0,1.0,100.0
2018-04-03 23:00:00,0.0,0.0,0.0,False,True,False,6,cap_reached,0.0,0.0,0.0,0.0,0.0,0.0,1.0,100.0
2018-04-04 00:00:00,0.0,0.0,0.0,False,True,False,0,night,0.0,0.0,0.0,0.0,0.0,0.0,1.0,100.0
2018-04-04 01:00:00,0.0,0.0,0.0,False,True,False,0,night,0.0,0.0,0.0,0.0,0.0,0.0,1.0,100.0
2018-04-04 02:00:00,0.0,0.0,0.0,False,True,False,0,night,0.0,0.0,0.0,0.0,0.0,0.0,1.0,100.0
2018-04-04 03:00:00,0.0,0.0,0.0,False,True,False,0,night,0.0,0.0,0.0,0.0,0.0,0.0,1.0,100.0
2018-04-04 04:00:00,0.0,0.0,0.0,False,True,False,0,night,0.0,0.0,0.0,0.0,0.0,0.0,1.0,100.0
2018-04-04 05:00:00,0.0,0.0,0.0,False,True,False,0,night,0.0,0.0,0.0,0.0,0.0,0.0,1.0,100.0
2018-04-04 06:00:00,0.0,0.0,0.0,False,True,False,0,night,0.0,0.0,0.0,0.0,0.0,0.0,1.0,100.0
2018-04-04 07:00:00,0.824,0.791,173.0,True,True,True,1,ok,0.791,0.472,1.263,0.0,0.0,-0.496,0.504,50.4
2018-04-04 08:00:00,1.738,1.668,411.0,True,True,True,2,ok,1.263,0.0,1.263,0.385,0.0,0.385,0.889,88.9
2018-04-04 09:00:00,2.531,2.43,635.0,True,True,True,3,ok,1.263,0.0,1.263,0.111,1.05,0.111,1.0,100.0
2018-04-04 10:00:00,3.145,3.019,817.0,True,True,True,4,ok,1.263,0.0,1.263,0.0,1.756,0.0,1.0,100.0
2018-04-04 11:00:00,2.685,2.578,604.0,True,True,True,5,ok,1.263,0.0,1.263,0.0,1.315,0.0,1.0,100.0
2018-04-04 12:00:00,1.111,1.067,231.0,True,True,True,6,ok,1.067,0.196,1.263,0.0,0.0,-0.207,0.793,79.3
2018-04-04 13:00:00,0.475,0.456,97.0,True,True,False,6,cap_reached,0.0,0.0,0.0,0.207,0.239,0.207,1.0,100.0
2018-04-04 14:00:00,0.605,0.581,124.0,True,True,False,6,cap_reached,0.0,0.0,0.0,0.0,0.581,0.0,1.0,100.0
2018-04-04 15:00:00,1.432,1.375,299.0,True,True,False,6,cap_reached,0.0,0.0,0.0,0.0,1.375,0.0,1.0,100.0
2018-04-04 16:00:00,1.009,0.969,209.0,True,True,False,6,cap_reached,0.0,0.0,0.0,0.0,0.969,0.0,1.0,100.0
2018-04-04 17:00:00,0.732,0.702,150.0,True,True,False,6,cap_reached,0.0,0.0,0.0,0.0,0.702,0.0,1.0,100.0
2018-04-04 18:00:00,0.37,0.355,69.0,True,True,False,6,cap_reached,0.0,0.0,0.0,0.0,0.355,0.0,1.0,100.0
2018-04-04 19:00:00,0.0,0.0,0.0,False,True,False,6,cap_reached,0.0,0.0,0.0,0.0,0.0,0.0,1.0,100.0
2018-04-04 20:00:00,0.0,0.0,0.0,False,True,False,6,cap_reached,0.0,0.0,0.0,0.0,0.0,0.0,1.0,100.0
2018-04-04 21:00:00,0.0,0.0,0.0,False,True,False,6,cap_reached,0.0,0.0,0.0,0.0,0.0,0.0,1.0,100.0
2018-04-04 22:00:00,0.0,0.0,0.0,False,True,False,6,cap_reached,0.0,0.0,0.0,0.0,0.0,0.0,1.0,100.0
2018-04-04 23:00:00,0.0,0.0,0.0,False,True,False,6,cap_reached,0.0,0.0,0.0,0.0,0.0,0.0,1.0,100.0
2018-04-05 00:00:00,0.0,0.0,0.0,False,True,False,0,night,0.0,0.0,0.0,0.0,0.0,0.0,1.0,100.0
2018-04-05 01:00:00,0.0,0.0,0.0,False,True,False,0,night,0.0,0.0,0.0,0.0,0.0,0.0,1.0,100.0
2018-04-05 02:00:00,0.0,0.0,0.0,False,True,False,0,night,0.0,0.0,0.0,0.0,0.0,0.0,1.0,100.0
2018-04-05 03:00:00,0.0,0.0,0.0,False,True,False,0,night,0.0,0.0,0.0,0.0,0.0,0.0,1.0,100.0
2018-04-05 04:00:00,0.0,0.0,0.0,False,True,False,0,night,0.0,0.0,0.0,0.0,0.0,0.0,1.0,100.0
2018-04-05 05:00:00,0.0,0.0,0.0,False,True,False,0,night,0.0,0.0,0.0,0.0,0.0,0.0,1.0,100.0
2018-04-05 06:00:00,0.0,0.0,0.0,False,True,False,0,night,0.0,0.0,0.0,0.0,0.0,0.0,1.0,100.0
2018-04-05 07:00:00,0.828,0.795,172.0,True,True,True,1,ok,0.795,0.468,1.263,0.0,0.0,-0.493,0.507,50.7
2018-04-05 08:00:00,1.742,1.673,408.0,True,True,True,2,ok,1.263,0.0,1.263,0.389,0.0,0.389,0.896,89.6
2018-04-05 09:00:00,2.539,2.438,631.0,True,True,True,3,ok,1.263,0.0,1.263,0.104,1.065,0.104,1.0,100.0
2018-04-05 10:00:00,1.665,1.598,349.0,True,True,True,4,ok,1.263,0.0,1.263,0.0,0.335,0.0,1.0,100.0
2018-04-05 11:00:00,2.604,2.5,581.0,True,True,True,5,ok,1.263,0.0,1.263,0.0,1.237,0.0,1.0,100.0
2018-04-05 12:00:00,2.853,2.739,645.0,True,True,True,6,ok,1.263,0.0,1.263,0.0,1.476,0.0,1.0,100.0
2018-04-05 13:00:00,1.06,1.018,220.0,True,True,False,6,cap_reached,0.0,0.0,0.0,0.0,1.018,0.0,1.0,100.0
2018-04-05 14:00:00,1.321,1.269,274.0,True,True,False,6,cap_reached,0.0,0.0,0.0,0.0,1.269,0.0,1.0,100.0
2018-04-05 15:00:00,1.885,1.809,407.0,True,True,False,6,cap_reached,0.0,0.0,0.0,0.0,1.809,0.0,1.0,100.0
2018-04-05 16:00:00,2.137,2.052,520.0,True,True,False,6,cap_reached,0.0,0.0,0.0,0.0,2.052,0.0,1.0,100.0
2018-04-05 17:00:00,1.269,1.218,285.0,True,True,False,6,cap_reached,0.0,0.0,0.0,0.0,1.218,0.0,1.0,100.0
2018-04-05 18:00:00,0.213,0.205,44.0,True,True,False,6,cap_reached,0.0,0.0,0.0,0.0,0.205,0.0,1.0,100.0
2018-04-05 19:00:00,0.0,0.0,0.0,False,True,False,6,cap_reached,0.0,0.0,0.0,0.0,0.0,0.0,1.0,100.0
2018-04-05 20:00:00,0.0,0.0,0.0,False,True,False,6,cap_reached,0.0,0.0,0.0,0.0,0.0,0.0,1.0,100.0
2018-04-05 21:00:00,0.0,0.0,0.0,False,True,False,6,cap_reached,0.0,0.0,0.0,0.0,0.0,0.0,1.0,100.0
2018-04-05 22:00:00,0.0,0.0,0.0,False,True,False,6,cap_reached,0.0,0.0,0.0,0.0,0.0,0.0,1.0,100.0
2018-04-05 23:00:00,0.0,0.0,0.0,False,True,False,6,cap_reached,0.0,0.0,0.0,0.0,0.0,0.0,1.0,100.0
2018-04-06 00:00:00,0.0,0.0,0.0,False,True,False,0,night,0.0,0.0,0.0,0.0,0.0,0.0,1.0,100.0
2018-04-06 01:00:00,0.0,0.0,0.0,False,True,False,0,night,0.0,0.0,0.0,0.0,0.0,0.0,1.0,100.0
2018-04-06 02:00:00,0.0,0.0,0.0,False,True,False,0,night,0.0,0.0,0.0,0.0,0.0,0.0,1.0,100.0
2018-04-06 03:00:00,0.0,0.0,0.0,False,True,False,0,night,0.0,0.0,0.0,0.0,0.0,0.0,1.0,100.0
2018-04-06 04:00:00,0.0,0.0,0.0,False,True,False,0,night,0.0,0.0,0.0,0.0,0.0,0.0,1.0,100.0
2018-04-06 05:00:00,0.0,0.0,0.0,False,True,False,0,night,0.0,0.0,0.0,0.0,0.0,0.0,1.0,100.0
2018-04-06 06:00:00,0.0,0.0,0.0,False,True,False,0,night,0.0,0.0,0.0,0.0,0.0,0.0,1.0,100.0
2018-04-06 07:00:00,0.828,0.795,171.0,True,True,True,1,ok,0.795,0.468,1.263,0.0,0.0,-0.492,0.508,50.8
2018-04-06 08:00:00,1.74,1.67,404.0,True,True,True,2,ok,1.263,0.0,1.263,0.387,0.0,0.387,0.895,89.5
2018-04-06 09:00:00,2.54,2.438,627.0,True,True,True,3,ok,1.263,0.0,1.263,0.105,1.065,0.105,1.0,100.0
2018-04-06 10:00:00,3.166,3.039,815.0,True,True,True,4,ok,1.263,0.0,1.263,0.0,1.776,0.0,1.0,100.0
2018-04-06 11:00:00,3.57,3.427,937.0,True,True,True,5,ok,1.263,0.0,1.263,0.0,2.164,0.0,1.0,100.0
2018-04-06 12:00:00,3.75,3.6,991.0,True,True,True,6,ok,1.263,0.0,1.263,0.0,2.337,0.0,1.0,100.0
2018-04-06 13:00:00,3.69,3.543,976.0,True,True,False,6,cap_reached,0.0,0.0,0.0,0.0,3.543,0.0,1.0,100.0
2018-04-06 14:00:00,3.388,3.252,885.0,True,True,False,6,cap_reached,0.0,0.0,0.0,0.0,3.252,0.0,1.0,100.0
2018-04-06 15:00:00,2.874,2.759,731.0,True,True,False,6,cap_reached,0.0,0.0,0.0,0.0,2.759,0.0,1.0,100.0
2018-04-06 16:00:00,1.099,1.055,228.0,True,True,False,6,cap_reached,0.0,0.0,0.0,0.0,1.055,0.0,1.0,100.0
2018-04-06 17:00:00,1.302,1.25,291.0,True,True,False,6,cap_reached,0.0,0.0,0.0,0.0,1.25,0.0,1.0,100.0
2018-04-06 18:00:00,0.379,0.364,69.0,True,True,False,6,cap_reached,0.0,0.0,0.0,0.0,0.364,0.0,1.0,100.0
2018-04-06 19:00:00,0.0,0.0,0.0,False,True,False,6,cap_reached,0.0,0.0,0.0,0.0,0.0,0.0,1.0,100.0
2018-04-06 20:00:00,0.0,0.0,0.0,False,True,False,6,cap_reached,0.0,0.0,0.0,0.0,0.0,0.0,1.0,100.0
2018-04-06 21:00:00,0.0,0.0,0.0,False,True,False,6,cap_reached,0.0,0.0,0.0,0.0,0.0,0.0,1.0,100.0
2018-04-06 22:00:00,0.0,0.0,0.0,False,True,False,6,cap_reached,0.0,0.0,0.0,0.0,0.0,0.0,1.0,100.0
2018-04-06 23:00:00,0.0,0.0,0.0,False,True,False,6,cap_reached,0.0,0.0,0.0,0.0,0.0,0.0,1.0,100.0
2018-04-07 00:00:00,0.0,0.0,0.0,False,True,False,0,night,0.0,0.0,0.0,0.0,0.0,0.0,1.0,100.0
2018-04-07 01:00:00,0.0,0.0,0.0,False,True,False,0,night,0.0,0.0,0.0,0.0,0.0,0.0,1.0,100.0
2018-04-07 02:00:00,0.0,0.0,0.0,False,True,False,0,night,0.0,0.0,0.0,0.0,0.0,0.0,1.0,100.0
2018-04-07 03:00:00,0.0,0.0,0.0,False,True,False,0,night,0.0,0.0,0.0,0.0,0.0,0.0,1.0,100.0
2018-04-07 04:00:00,0.0,0.0,0.0,False,True,False,0,night,0.0,0.0,0.0,0.0,0.0,0.0,1.0,100.0
2018-04-07 05:00:00,0.0,0.0,0.0,False,True,False,0,night,0.0,0.0,0.0,0.0,0.0,0.0,1.0,100.0
2018-04-07 06:00:00,0.0,0.0,0.0,False,True,False,0,night,0.0,0.0,0.0,0.0,0.0,0.0,1.0,100.0
2018-04-07 07:00:00,0.867,0.832,179.0,True,True,True,1,ok,0.832,0.431,1.263,0.0,0.0,-0.454,0.546,54.6
2018-04-07 08:00:00,1.786,1.715,415.0,True,True,True,2,ok,1.263,0.0,1.263,0.429,0.0,0.429,0.976,97.6
2018-04-07 09:00:00,2.586,2.482,639.0,True,True,True,3,ok,1.263,0.0,1.263,0.024,1.194,0.024,1.0,100.0
2018-04-07 10:00:00,3.192,3.064,820.0,True,True,True,4,ok,1.263,0.0,1.263,0.0,1.801,0.0,1.0,100.0
2018-04-07 11:00:00,3.59,3.447,943.0,True,True,True,5,ok,1.263,0.0,1.263,0.0,2.184,0.0,1.0,100.0
2018-04-07 12:00:00,3.755,3.605,993.0,True,True,True,6,ok,1.263,0.0,1.263,0.0,2.342,0.0,1.0,100.0
2018-04-07 13:00:00,3.678,3.53,971.0,True,True,False,6,cap_reached,0.0,0.0,0.0,0.0,3.53,0.0,1.0,100.0
2018-04-07 14:00:00,3.364,3.229,876.0,True,True,False,6,cap_reached,0.0,0.0,0.0,0.0,3.229,0.0,1.0,100.0
2018-04-07 15:00:00,2.85,2.736,721.0,True,True,False,6,cap_reached,0.0,0.0,0.0,0.0,2.736,0.0,1.0,100.0
2018-04-07 16:00:00,2.139,2.053,516.0,True,True,False,6,cap_reached,0.0,0.0,0.0,0.0,2.053,0.0,1.0,100.0
2018-04-07 17:00:00,0.916,0.88,192.0,True,True,False,6,cap_reached,0.0,0.0,0.0,0.0,0.88,0.0,1.0,100.0
2018-04-07 18:00:00,0.261,0.251,52.0,True,True,False,6,cap_reached,0.0,0.0,0.0,0.0,0.251,0.0,1.0,100.0
2018-04-07 19:00:00,0.0,0.0,0.0,False,True,False,6,cap_reached,0.0,0.0,0.0,0.0,0.0,0.0,1.0,100.0
2018-04-07 20:00:00,0.0,0.0,0.0,False,True,False,6,cap_reached,0.0,0.0,0.0,0.0,0.0,0.0,1.0,100.0
2018-04-07 21:00:00,0.0,0.0,0.0,False,True,False,6,cap_reached,0.0,0.0,0.0,0.0,0.0,0.0,1.0,100.0
2018-04-07 22:00:00,0.0,0.0,0.0,False,True,False,6,cap_reached,0.0,0.0,0.0,0.0,0.0,0.0,1.0,100.0
2018-04-07 23:00:00,0.0,0.0,0.0,False,True,False,6,cap_reached,0.0,0.0,0.0,0.0,0.0,0.0,1.0,100.0
2018-04-08 00:00:00,0.0,0.0,0.0,False,True,False,0,night,0.0,0.0,0.0,0.0,0.0,0.0,1.0,100.0
2018-04-08 01:00:00,0.0,0.0,0.0,False,True,False,0,night,0.0,0.0,0.0,0.0,0.0,0.0,1.0,100.0
2018-04-08 02:00:00,0.0,0.0,0.0,False,True,False,0,night,0.0,0.0,0.0,0.0,0.0,0.0,1.0,100.0
2018-04-08 03:00:00,0.0,0.0,0.0,False,True,False,0,night,0.0,0.0,0.0,0.0,0.0,0.0,1.0,100.0
2018-04-08 04:00:00,0.0,0.0,0.0,False,True,False,0,night,0.0,0.0,0.0,0.0,0.0,0.0,1.0,100.0
2018-04-08 05:00:00,0.0,0.0,0.0,False,True,False,0,night,0.0,0.0,0.0,0.0,0.0,0.0,1.0,100.0
2018-04-08 06:00:00,0.0,0.0,0.0,False,True,False,0,night,0.0,0.0,0.0,0.0,0.0,0.0,1.0,100.0
2018-04-08 07:00:00,0.848,0.814,175.0,True,True,True,1,ok,0.814,0.449,1.263,0.0,0.0,-0.472,0.528,52.8
2018-04-08 08:00:00,1.758,1.688,406.0,True,True,True,2,ok,1.263,0.0,1.263,0.404,0.0,0.404,0.931,93.1
2018-04-08 09:00:00,2.15,2.064,476.0,True,True,True,3,ok,1.263,0.0,1.263,0.069,0.728,0.069,1.0,100.0
2018-04-08 10:00:00,2.671,2.564,639.0,True,True,True,4,ok,1.263,0.0,1.263,0.0,1.301,0.0,1.0,100.0
2018-04-08 11:00:00,3.557,3.414,928.0,True,True,True,5,ok,1.263,0.0,1.263,0.0,2.151,0.0,1.0,100.0
2018-04-08 12:00:00,3.733,3.584,981.0,True,True,True,6,ok,1.263,0.0,1.263,0.0,2.321,0.0,1.0,100.0
2018-04-08 13:00:00,3.658,3.511,962.0,True,True,False,6,cap_reached,0.0,0.0,0.0,0.0,3.511,0.0,1.0,100.0
2018-04-08 14:00:00,3.356,3.222,873.0,True,True,False,6,cap_reached,0.0,0.0,0.0,0.0,3.222,0.0,1.0,100.0
2018-04-08 15:00:00,2.843,2.729,719.0,True,True,False,6,cap_reached,0.0,0.0,0.0,0.0,2.729,0.0,1.0,100.0
2018-04-08 16:00:00,2.144,2.058,516.0,True,True,False,6,cap_reached,0.0,0.0,0.0,0.0,2.058,0.0,1.0,100.0
2018-04-08 17:00:00,0.089,0.085,18.0,False,True,False,6,cap_reached,0.0,0.0,0.0,0.0,0.085,0.0,1.0,100.0
2018-04-08 18:00:00,0.376,0.36,68.0,True,True,False,6,cap_reached,0.0,0.0,0.0,0.0,0.36,0.0,1.0,100.0
2018-04-08 19:00:00,0.0,0.0,0.0,False,True,False,6,cap_reached,0.0,0.0,0.0,0.0,0.0,0.0,1.0,100.0
2018-04-08 20:00:00,0.0,0.0,0.0,False,True,False,6,cap_reached,0.0,0.0,0.0,0.0,0.0,0.0,1.0,100.0
2018-04-08 21:00:00,0.0,0.0,0.0,False,True,False,6,cap_reached,0.0,0.0,0.0,0.0,0.0,0.0,1.0,100.0
2018-04-08 22:00:00,0.0,0.0,0.0,False,True,False,6,cap_reached,0.0,0.0,0.0,0.0,0.0,0.0,1.0,100.0
2018-04-08 23:00:00,0.0,0.0,0.0,False,True,False,6,cap_reached,0.0,0.0,0.0,0.0,0.0,0.0,1.0,100.0
2018-04-09 00:00:00,0.0,0.0,0.0,False,True,False,0,night,0.0,0.0,0.0,0.0,0.0,0.0,1.0,100.0
2018-04-09 01:00:00,0.0,0.0,0.0,False,True,False,0,night,0.0,0.0,0.0,0.0,0.0,0.0,1.0,100.0
2018-04-09 02:00:00,0.0,0.0,0.0,False,True,False,0,night,0.0,0.0,0.0,0.0,0.0,0.0,1.0,100.0
2018-04-09 03:00:00,0.0,0.0,0.0,False,True,False,0,night,0.0,0.0,0.0,0.0,0.0,0.0,1.0,100.0
2018-04-09 04:00:00,0.0,0.0,0.0,False,True,False,0,night,0.0,0.0,0.0,0.0,0.0,0.0,1.0,100.0
2018-04-09 05:00:00,0.0,0.0,0.0,False,True,False,0,night,0.0,0.0,0.0,0.0,0.0,0.0,1.0,100.0
2018-04-09 06:00:00,0.0,0.0,0.0,False,True,False,0,night,0.0,0.0,0.0,0.0,0.0,0.0,1.0,100.0
2018-04-09 07:00:00,0.871,0.836,178.0,True,True,True,1,ok,0.836,0.427,1.263,0.0,0.0,-0.449,0.551,55.1
2018-04-09 08:00:00,1.774,1.703,409.0,True,True,True,2,ok,1.263,0.0,1.263,0.418,0.0,0.418,0.969,96.9
2018-04-09 09:00:00,2.558,2.455,628.0,True,True,True,3,ok,1.263,0.0,1.263,0.031,1.16,0.031,1.0,100.0
2018-04-09 10:00:00,3.161,3.034,808.0,True,True,True,4,ok,1.263,0.0,1.263,0.0,1.771,0.0,1.0,100.0
2018-04-09 11:00:00,3.552,3.41,929.0,True,True,True,5,ok,1.263,0.0,1.263,0.0,2.147,0.0,1.0,100.0
2018-04-09 12:00:00,3.726,3.577,984.0,True,True,True,6,ok,1.263,0.0,1.263,0.0,2.314,0.0,1.0,100.0
2018-04-09 13:00:00,3.657,3.511,966.0,True,True,False,6,cap_reached,0.0,0.0,0.0,0.0,3.511,0.0,1.0,100.0
2018-04-09 14:00:00,3.359,3.225,875.0,True,True,False,6,cap_reached,0.0,0.0,0.0,0.0,3.225,0.0,1.0,100.0
2018-04-09 15:00:00,2.849,2.735,721.0,True,True,False,6,cap_reached,0.0,0.0,0.0,0.0,2.735,0.0,1.0,100.0
2018-04-09 16:00:00,2.147,2.061,518.0,True,True,False,6,cap_reached,0.0,0.0,0.0,0.0,2.061,0.0,1.0,100.0
2018-04-09 17:00:00,0.856,0.821,178.0,True,True,False,6,cap_reached,0.0,0.0,0.0,0.0,0.821,0.0,1.0,100.0
2018-04-09 18:00:00,0.247,0.237,50.0,True,True,False,6,cap_reached,0.0,0.0,0.0,0.0,0.237,0.0,1.0,100.0
2018-04-09 19:00:00,0.0,0.0,0.0,False,True,False,6,cap_reached,0.0,0.0,0.0,0.0,0.0,0.0,1.0,100.0
2018-04-09 20:00:00,0.0,0.0,0.0,False,True,False,6,cap_reached,0.0,0.0,0.0,0.0,0.0,0.0,1.0,100.0
2018-04-09 21:00:00,0.0,0.0,0.0,False,True,False,6,cap_reached,0.0,0.0,0.0,0.0,0.0,0.0,1.0,100.0
2018-04-09 22:00:00,0.0,0.0,0.0,False,True,False,6,cap_reached,0.0,0.0,0.0,0.0,0.0,0.0,1.0,100.0
2018-04-09 23:00:00,0.0,0.0,0.0,False,True,False,6,cap_reached,0.0,0.0,0.0,0.0,0.0,0.0,1.0,100.0
2018-04-10 00:00:00,0.0,0.0,0.0,False,True,False,0,night,0.0,0.0,0.0,0.0,0.0,0.0,1.0,100.0
2018-04-10 01:00:00,0.0,0.0,0.0,False,True,False,0,night,0.0,0.0,0.0,0.0,0.0,0.0,1.0,100.0
2018-04-10 02:00:00,0.0,0.0,0.0,False,True,False,0,night,0.0,0.0,0.0,0.0,0.0,0.0,1.0,100.0
2018-04-10 03:00:00,0.0,0.0,0.0,False,True,False,0,night,0.0,0.0,0.0,0.0,0.0,0.0,1.0,100.0
2018-04-10 04:00:00,0.0,0.0,0.0,False,True,False,0,night,0.0,0.0,0.0,0.0,0.0,0.0,1.0,100.0
2018-04-10 05:00:00,0.0,0.0,0.0,False,True,False,0,night,0.0,0.0,0.0,0.0,0.0,0.0,1.0,100.0
2018-04-10 06:00:00,0.0,0.0,0.0,False,True,False,0,night,0.0,0.0,0.0,0.0,0.0,0.0,1.0,100.0
2018-04-10 07:00:00,0.901,0.865,183.0,True,True,True,1,ok,0.865,0.398,1.263,0.0,0.0,-0.419,0.581,58.1
2018-04-10 08:00:00,1.809,1.737,416.0,True,True,True,2,ok,1.263,0.0,1.263,0.419,0.033,0.419,1.0,100.0
2018-04-10 09:00:00,2.592,2.488,636.0,True,True,True,3,ok,1.263,0.0,1.263,0.0,1.225,0.0,1.0,100.0
2018-04-10 10:00:00,3.195,3.067,817.0,True,True,True,4,ok,1.263,0.0,1.263,0.0,1.804,0.0,1.0,100.0
2018-04-10 11:00:00,3.585,3.442,939.0,True,True,True,5,ok,1.263,0.0,1.263,0.0,2.179,0.0,1.0,100.0
2018-04-10 12:00:00,3.753,3.603,991.0,True,True,True,6,ok,1.263,0.0,1.263,0.0,2.34,0.0,1.0,100.0
2018-04-10 13:00:00,3.674,3.527,968.0,True,True,False,6,cap_reached,0.0,0.0,0.0,0.0,3.527,0.0,1.0,100.0
2018-04-10 14:00:00,0.224,0.215,46.0,True,True,False,6,cap_reached,0.0,0.0,0.0,0.0,0.215,0.0,1.0,100.0
2018-04-10 15:00:00,1.687,1.62,361.0,True,True,False,6,cap_reached,0.0,0.0,0.0,0.0,1.62,0.0,1.0,100.0
2018-04-10 16:00:00,2.159,2.073,518.0,True,True,False,6,cap_reached,0.0,0.0,0.0,0.0,2.073,0.0,1.0,100.0
2018-04-10 17:00:00,1.305,1.253,287.0,True,True,False,6,cap_reached,0.0,0.0,0.0,0.0,1.253,0.0,1.0,100.0
2018-04-10 18:00:00,0.388,0.372,70.0,True,True,False,6,cap_reached,0.0,0.0,0.0,0.0,0.372,0.0,1.0,100.0
2018-04-10 19:00:00,0.0,0.0,0.0,False,True,False,6,cap_reached,0.0,0.0,0.0,0.0,0.0,0.0,1.0,100.0
2018-04-10 20:00:00,0.0,0.0,0.0,False,True,False,6,cap_reached,0.0,0.0,0.0,0.0,0.0,0.0,1.0,100.0
2018-04-10 21:00:00,0.0,0.0,0.0,False,True,False,6,cap_reached,0.0,0.0,0.0,0.0,0.0,0.0,1.0,100.0
2018-04-10 22:00:00,0.0,0.0,0.0,False,True,False,6,cap_reached,0.0,0.0,0.0,0.0,0.0,0.0,1.0,100.0
2018-04-10 23:00:00,0.0,0.0,0.0,False,True,False,6,cap_reached,0.0,0.0,0.0,0.0,0.0,0.0,1.0,100.0
2018-04-11 00:00:00,0.0,0.0,0.0,False,True,False,0,night,0.0,0.0,0.0,0.0,0.0,0.0,1.0,100.0
2018-04-11 01:00:00,0.0,0.0,0.0,False,True,False,0,night,0.0,0.0,0.0,0.0,0.0,0.0,1.0,100.0
2018-04-11 02:00:00,0.0,0.0,0.0,False,True,False,0,night,0.0,0.0,0.0,0.0,0.0,0.0,1.0,100.0
2018-04-11 03:00:00,0.0,0.0,0.0,False,True,False,0,night,0.0,0.0,0.0,0.0,0.0,0.0,1.0,100.0
2018-04-11 04:00:00,0.0,0.0,0.0,False,True,False,0,night,0.0,0.0,0.0,0.0,0.0,0.0,1.0,100.0
2018-04-11 05:00:00,0.0,0.0,0.0,False,True,False,0,night,0.0,0.0,0.0,0.0,0.0,0.0,1.0,100.0
2018-04-11 06:00:00,0.0,0.0,0.0,False,True,False,0,night,0.0,0.0,0.0,0.0,0.0,0.0,1.0,100.0
2018-04-11 07:00:00,0.897,0.861,182.0,True,True,True,1,ok,0.861,0.402,1.263,0.0,0.0,-0.423,0.577,57.7
2018-04-11 08:00:00,1.803,1.731,410.0,True,True,True,2,ok,1.263,0.0,1.263,0.423,0.022,0.423,1.0,100.0
2018-04-11 09:00:00,2.589,2.485,627.0,True,True,True,3,ok,1.263,0.0,1.263,0.0,1.222,0.0,1.0,100.0
2018-04-11 10:00:00,3.187,3.059,803.0,True,True,True,4,ok,1.263,0.0,1.263,0.0,1.796,0.0,1.0,100.0
2018-04-11 11:00:00,2.558,2.455,569.0,True,True,True,5,ok,1.263,0.0,1.263,0.0,1.192,0.0,1.0,100.0
2018-04-11 12:00:00,2.521,2.42,556.0,True,True,True,6,ok,1.263,0.0,1.263,0.0,1.157,0.0,1.0,100.0
2018-04-11 13:00:00,3.696,3.548,956.0,True,True,False,6,cap_reached,0.0,0.0,0.0,0.0,3.548,0.0,1.0,100.0
2018-04-11 14:00:00,3.393,3.257,865.0,True,True,False,6,cap_reached,0.0,0.0,0.0,0.0,3.257,0.0,1.0,100.0
2018-04-11 15:00:00,2.876,2.761,709.0,True,True,False,6,cap_reached,0.0,0.0,0.0,0.0,2.761,0.0,1.0,100.0
2018-04-11 16:00:00,0.587,0.564,120.0,True,True,False,6,cap_reached,0.0,0.0,0.0,0.0,0.564,0.0,1.0,100.0
2018-04-11 17:00:00,1.304,1.251,280.0,True,True,False,6,cap_reached,0.0,0.0,0.0,0.0,1.251,0.0,1.0,100.0
2018-04-11 18:00:00,0.37,0.355,67.0,True,True,False,6,cap_reached,0.0,0.0,0.0,0.0,0.355,0.0,1.0,100.0
2018-04-11 19:00:00,0.0,0.0,0.0,False,True,False,6,cap_reached,0.0,0.0,0.0,0.0,0.0,0.0,1.0,100.0
2018-04-11 20:00:00,0.0,0.0,0.0,False,True,False,6,cap_reached,0.0,0.0,0.0,0.0,0.0,0.0,1.0,100.0
2018-04-11 21:00:00,0.0,0.0,0.0,False,True,False,6,cap_reached,0.0,0.0,0.0,0.0,0.0,0.0,1.0,100.0
2018-04-11 22:00:00,0.0,0.0,0.0,False,True,False,6,cap_reached,0.0,0.0,0.0,0.0,0.0,0.0,1.0,100.0
2018-04-11 23:00:00,0.0,0.0,0.0,False,True,False,6,cap_reached,0.0,0.0,0.0,0.0,0.0,0.0,1.0,100.0
2018-04-12 00:00:00,0.0,0.0,0.0,False,True,False,0,night,0.0,0.0,0.0,0.0,0.0,0.0,1.0,100.0
2018-04-12 01:00:00,0.0,0.0,0.0,False,True,False,0,night,0.0,0.0,0.0,0.0,0.0,0.0,1.0,100.0
2018-04-12 02:00:00,0.0,0.0,0.0,False,True,False,0,night,0.0,0.0,0.0,0.0,0.0,0.0,1.0,100.0
2018-04-12 03:00:00,0.0,0.0,0.0,False,True,False,0,night,0.0,0.0,0.0,0.0,0.0,0.0,1.0,100.0
2018-04-12 04:00:00,0.0,0.0,0.0,False,True,False,0,night,0.0,0.0,0.0,0.0,0.0,0.0,1.0,100.0
2018-04-12 05:00:00,0.0,0.0,0.0,False,True,False,0,night,0.0,0.0,0.0,0.0,0.0,0.0,1.0,100.0
2018-04-12 06:00:00,0.064,0.062,11.0,False,True,False,0,night,0.0,0.0,0.0,0.0,0.062,0.0,1.0,100.0
2018-04-12 07:00:00,0.965,0.926,193.0,True,True,True,1,ok,0.926,0.337,1.263,0.0,0.0,-0.355,0.645,64.5
2018-04-12 08:00:00,1.904,1.828,430.0,True,True,True,2,ok,1.263,0.0,1.263,0.355,0.192,0.355,1.0,100.0
2018-04-12 09:00:00,2.71,2.602,655.0,True,True,True,3,ok,1.263,0.0,1.263,0.0,1.339,0.0,1.0,100.0
2018-04-12 10:00:00,3.331,3.198,837.0,True,True,True,4,ok,1.263,0.0,1.263,0.0,1.935,0.0,1.0,100.0
2018-04-12 11:00:00,3.732,3.582,960.0,True,True,True,5,ok,1.263,0.0,1.263,0.0,2.319,0.0,1.0,100.0
2018-04-12 12:00:00,3.914,3.757,1014.0,True,True,True,6,ok,1.263,0.0,1.263,0.0,2.494,0.0,1.0,100.0
2018-04-12 13:00:00,3.836,3.683,990.0,True,True,False,6,cap_reached,0.0,0.0,0.0,0.0,3.683,0.0,1.0,100.0
2018-04-12 14:00:00,3.532,3.391,898.0,True,True,False,6,cap_reached,0.0,0.0,0.0,0.0,3.391,0.0,1.0,100.0
2018-04-12 15:00:00,3.005,2.885,740.0,True,True,False,6,cap_reached,0.0,0.0,0.0,0.0,2.885,0.0,1.0,100.0
2018-04-12 16:00:00,2.271,2.18,531.0,True,True,False,6,cap_reached,0.0,0.0,0.0,0.0,2.18,0.0,1.0,100.0
2018-04-12 17:00:00,1.38,1.325,296.0,True,True,False,6,cap_reached,0.0,0.0,0.0,0.0,1.325,0.0,1.0,100.0
2018-04-12 18:00:00,0.415,0.398,73.0,True,True,False,6,cap_reached,0.0,0.0,0.0,0.0,0.398,0.0,1.0,100.0
2018-04-12 19:00:00,0.0,0.0,0.0,False,True,False,6,cap_reached,0.0,0.0,0.0,0.0,0.0,0.0,1.0,100.0
2018-04-12 20:00:00,0.0,0.0,0.0,False,True,False,6,cap_reached,0.0,0.0,0.0,0.0,0.0,0.0,1.0,100.0
2018-04-12 21:00:00,0.0,0.0,0.0,False,True,False,6,cap_reached,0.0,0.0,0.0,0.0,0.0,0.0,1.0,100.0
2018-04-12 22:00:00,0.0,0.0,0.0,False,True,False,6,cap_reached,0.0,0.0,0.0,0.0,0.0,0.0,1.0,100.0
2018-04-12 23:00:00,0.0,0.0,0.0,False,True,False,6,cap_reached,0.0,0.0,0.0,0.0,0.0,0.0,1.0,100.0
2018-04-13 00:00:00,0.0,0.0,0.0,False,True,False,0,night,0.0,0.0,0.0,0.0,0.0,0.0,1.0,100.0
2018-04-13 01:00:00,0.0,0.0,0.0,False,True,False,0,night,0.0,0.0,0.0,0.0,0.0,0.0,1.0,100.0
2018-04-13 02:00:00,0.0,0.0,0.0,False,True,False,0,night,0.0,0.0,0.0,0.0,0.0,0.0,1.0,100.0
2018-04-13 03:00:00,0.0,0.0,0.0,False,True,False,0,night,0.0,0.0,0.0,0.0,0.0,0.0,1.0,100.0
2018-04-13 04:00:00,0.0,0.0,0.0,False,True,False,0,night,0.0,0.0,0.0,0.0,0.0,0.0,1.0,100.0
2018-04-13 05:00:00,0.0,0.0,0.0,False,True,False,0,night,0.0,0.0,0.0,0.0,0.0,0.0,1.0,100.0
2018-04-13 06:00:00,0.097,0.093,13.0,False,True,False,0,night,0.0,0.0,0.0,0.0,0.093,0.0,1.0,100.0
2018-04-13 07:00:00,1.036,0.994,206.0,True,True,True,1,ok,0.994,0.269,1.263,0.0,0.0,-0.283,0.717,71.7
2018-04-13 08:00:00,1.97,1.892,446.0,True,True,True,2,ok,1.263,0.0,1.263,0.283,0.331,0.283,1.0,100.0
2018-04-13 09:00:00,2.768,2.657,670.0,True,True,True,3,ok,1.263,0.0,1.263,0.0,1.394,0.0,1.0,100.0
2018-04-13 10:00:00,3.371,3.236,849.0,True,True,True,4,ok,1.263,0.0,1.263,0.0,1.973,0.0,1.0,100.0
2018-04-13 11:00:00,3.763,3.613,970.0,True,True,True,5,ok,1.263,0.0,1.263,0.0,2.35,0.0,1.0,100.0
2018-04-13 12:00:00,3.933,3.775,1023.0,True,True,True,6,ok,1.263,0.0,1.263,0.0,2.512,0.0,1.0,100.0
2018-04-13 13:00:00,3.846,3.693,999.0,True,True,False,6,cap_reached,0.0,0.0,0.0,0.0,3.693,0.0,1.0,100.0
2018-04-13 14:00:00,3.532,3.39,904.0,True,True,False,6,cap_reached,0.0,0.0,0.0,0.0,3.39,0.0,1.0,100.0
2018-04-13 15:00:00,3.003,2.882,744.0,True,True,False,6,cap_reached,0.0,0.0,0.0,0.0,2.882,0.0,1.0,100.0
2018-04-13 16:00:00,2.281,2.19,537.0,True,True,False,6,cap_reached,0.0,0.0,0.0,0.0,2.19,0.0,1.0,100.0
2018-04-13 17:00:00,1.399,1.343,300.0,True,True,False,6,cap_reached,0.0,0.0,0.0,0.0,1.343,0.0,1.0,100.0
2018-04-13 18:00:00,0.439,0.421,76.0,True,True,False,6,cap_reached,0.0,0.0,0.0,0.0,0.421,0.0,1.0,100.0
2018-04-13 19:00:00,0.0,0.0,0.0,False,True,False,6,cap_reached,0.0,0.0,0.0,0.0,0.0,0.0,1.0,100.0
2018-04-13 20:00:00,0.0,0.0,0.0,False,True,False,6,cap_reached,0.0,0.0,0.0,0.0,0.0,0.0,1.0,100.0
2018-04-13 21:00:00,0.0,0.0,0.0,False,True,False,6,cap_reached,0.0,0.0,0.0,0.0,0.0,0.0,1.0,100.0
2018-04-13 22:00:00,0.0,0.0,0.0,False,True,False,6,cap_reached,0.0,0.0,0.0,0.0,0.0,0.0,1.0,100.0
2018-04-13 23:00:00,0.0,0.0,0.0,False,True,False,6,cap_reached,0.0,0.0,0.0,0.0,0.0,0.0,1.0,100.0
2018-04-14 00:00:00,0.0,0.0,0.0,False,True,False,0,night,0.0,0.0,0.0,0.0,0.0,0.0,1.0,100.0
2018-04-14 01:00:00,0.0,0.0,0.0,False,True,False,0,night,0.0,0.0,0.0,0.0,0.0,0.0,1.0,100.0
2018-04-14 02:00:00,0.0,0.0,0.0,False,True,False,0,night,0.0,0.0,0.0,0.0,0.0,0.0,1.0,100.0
2018-04-14 03:00:00,0.0,0.0,0.0,False,True,False,0,night,0.0,0.0,0.0,0.0,0.0,0.0,1.0,100.0
2018-04-14 04:00:00,0.0,0.0,0.0,False,True,False,0,night,0.0,0.0,0.0,0.0,0.0,0.0,1.0,100.0
2018-04-14 05:00:00,0.0,0.0,0.0,False,True,False,0,night,0.0,0.0,0.0,0.0,0.0,0.0,1.0,100.0
2018-04-14 06:00:00,0.109,0.105,15.0,True,True,False,0,battery_empty,0.0,0.0,0.0,0.0,0.105,0.0,1.0,100.0
2018-04-14 07:00:00,1.032,0.99,205.0,True,True,True,1,ok,0.99,0.273,1.263,0.0,0.0,-0.287,0.713,71.3
2018-04-14 08:00:00,1.941,1.863,441.0,True,True,True,2,ok,1.263,0.0,1.263,0.287,0.298,0.287,1.0,100.0
2018-04-14 09:00:00,2.721,2.612,660.0,True,True,True,3,ok,1.263,0.0,1.263,0.0,1.349,0.0,1.0,100.0
2018-04-14 10:00:00,0.609,0.585,125.0,True,True,True,4,ok,0.585,0.678,1.263,0.0,0.0,-0.714,0.286,28.6
2018-04-14 11:00:00,3.701,3.553,956.0,True,True,True,5,ok,1.263,0.0,1.263,0.714,1.539,0.714,1.0,100.0
2018-04-14 12:00:00,2.612,2.507,581.0,True,True,True,6,ok,1.263,0.0,1.263,0.0,1.244,0.0,1.0,100.0
2018-04-14 13:00:00,3.784,3.633,984.0,True,True,False,6,cap_reached,0.0,0.0,0.0,0.0,3.633,0.0,1.0,100.0
2018-04-14 14:00:00,3.48,3.341,891.0,True,True,False,6,cap_reached,0.0,0.0,0.0,0.0,3.341,0.0,1.0,100.0
2018-04-14 15:00:00,2.415,2.318,538.0,True,True,False,6,cap_reached,0.0,0.0,0.0,0.0,2.318,0.0,1.0,100.0
2018-04-14 16:00:00,2.254,2.164,530.0,True,True,False,6,cap_reached,0.0,0.0,0.0,0.0,2.164,0.0,1.0,100.0
2018-04-14 17:00:00,1.386,1.331,296.0,True,True,False,6,cap_reached,0.0,0.0,0.0,0.0,1.331,0.0,1.0,100.0
2018-04-14 18:00:00,0.433,0.416,75.0,True,True,False,6,cap_reached,0.0,0.0,0.0,0.0,0.416,0.0,1.0,100.0
2018-04-14 19:00:00,0.0,0.0,0.0,False,True,False,6,cap_reached,0.0,0.0,0.0,0.0,0.0,0.0,1.0,100.0
2018-04-14 20:00:00,0.0,0.0,0.0,False,True,False,6,cap_reached,0.0,0.0,0.0,0.0,0.0,0.0,1.0,100.0
2018-04-14 21:00:00,0.0,0.0,0.0,False,True,False,6,cap_reached,0.0,0.0,0.0,0.0,0.0,0.0,1.0,100.0
2018-04-14 22:00:00,0.0,0.0,0.0,False,True,False,6,cap_reached,0.0,0.0,0.0,0.0,0.0,0.0,1.0,100.0
2018-04-14 23:00:00,0.0,0.0,0.0,False,True,False,6,cap_reached,0.0,0.0,0.0,0.0,0.0,0.0,1.0,100.0
2018-04-15 00:00:00,0.0,0.0,0.0,False,True,False,0,night,0.0,0.0,0.0,0.0,0.0,0.0,1.0,100.0
2018-04-15 01:00:00,0.0,0.0,0.0,False,True,False,0,night,0.0,0.0,0.0,0.0,0.0,0.0,1.0,100.0
2018-04-15 02:00:00,0.0,0.0,0.0,False,True,False,0,night,0.0,0.0,0.0,0.0,0.0,0.0,1.0,100.0
2018-04-15 03:00:00,0.0,0.0,0.0,False,True,False,0,night,0.0,0.0,0.0,0.0,0.0,0.0,1.0,100.0
2018-04-15 04:00:00,0.0,0.0,0.0,False,True,False,0,night,0.0,0.0,0.0,0.0,0.0,0.0,1.0,100.0
2018-04-15 05:00:00,0.0,0.0,0.0,False,True,False,0,night,0.0,0.0,0.0,0.0,0.0,0.0,1.0,100.0
2018-04-15 06:00:00,0.076,0.073,14.0,False,True,False,0,night,0.0,0.0,0.0,0.0,0.073,0.0,1.0,100.0
2018-04-15 07:00:00,0.973,0.934,194.0,True,True,True,1,ok,0.934,0.329,1.263,0.0,0.0,-0.346,0.654,65.4
2018-04-15 08:00:00,1.895,1.819,425.0,True,True,True,2,ok,1.263,0.0,1.263,0.346,0.192,0.346,1.0,100.0
2018-04-15 09:00:00,2.68,2.573,643.0,True,True,True,3,ok,1.263,0.0,1.263,0.0,1.31,0.0,1.0,100.0
2018-04-15 10:00:00,3.285,3.154,824.0,True,True,True,4,ok,1.263,0.0,1.263,0.0,1.891,0.0,1.0,100.0
2018-04-15 11:00:00,3.681,3.534,945.0,True,True,True,5,ok,1.263,0.0,1.263,0.0,2.271,0.0,1.0,100.0
2018-04-15 12:00:00,3.842,3.688,995.0,True,True,True,6,ok,1.263,0.0,1.263,0.0,2.425,0.0,1.0,100.0
2018-04-15 13:00:00,3.772,3.621,976.0,True,True,False,6,cap_reached,0.0,0.0,0.0,0.0,3.621,0.0,1.0,100.0
2018-04-15 14:00:00,3.464,3.326,882.0,True,True,False,6,cap_reached,0.0,0.0,0.0,0.0,3.326,0.0,1.0,100.0
2018-04-15 15:00:00,2.95,2.832,727.0,True,True,False,6,cap_reached,0.0,0.0,0.0,0.0,2.832,0.0,1.0,100.0
2018-04-15 16:00:00,2.009,1.929,455.0,True,True,False,6,cap_reached,0.0,0.0,0.0,0.0,1.929,0.0,1.0,100.0
2018-04-15 17:00:00,1.263,1.212,266.0,True,True,False,6,cap_reached,0.0,0.0,0.0,0.0,1.212,0.0,1.0,100.0
2018-04-15 18:00:00,0.258,0.248,52.0,True,True,False,6,cap_reached,0.0,0.0,0.0,0.0,0.248,0.0,1.0,100.0
2018-04-15 19:00:00,0.0,0.0,0.0,False,True,False,6,cap_reached,0.0,0.0,0.0,0.0,0.0,0.0,1.0,100.0
2018-04-15 20:00:00,0.0,0.0,0.0,False,True,False,6,cap_reached,0.0,0.0,0.0,0.0,0.0,0.0,1.0,100.0
2018-04-15 21:00:00,0.0,0.0,0.0,False,True,False,6,cap_reached,0.0,0.0,0.0,0.0,0.0,0.0,1.0,100.0
2018-04-15 22:00:00,0.0,0.0,0.0,False,True,False,6,cap_reached,0.0,0.0,0.0,0.0,0.0,0.0,1.0,100.0
2018-04-15 23:00:00,0.0,0.0,0.0,False,True,False,6,cap_reached,0.0,0.0,0.0,0.0,0.0,0.0,1.0,100.0
2018-04-16 00:00:00,0.0,0.0,0.0,False,True,False,0,night,0.0,0.0,0.0,0.0,0.0,0.0,1.0,100.0
2018-04-16 01:00:00,0.0,0.0,0.0,False,True,False,0,night,0.0,0.0,0.0,0.0,0.0,0.0,1.0,100.0
2018-04-16 02:00:00,0.0,0.0,0.0,False,True,False,0,night,0.0,0.0,0.0,0.0,0.0,0.0,1.0,100.0
2018-04-16 03:00:00,0.0,0.0,0.0,False,True,False,0,night,0.0,0.0,0.0,0.0,0.0,0.0,1.0,100.0
2018-04-16 04:00:00,0.0,0.0,0.0,False,True,False,0,night,0.0,0.0,0.0,0.0,0.0,0.0,1.0,100.0
2018-04-16 05:00:00,0.0,0.0,0.0,False,True,False,0,night,0.0,0.0,0.0,0.0,0.0,0.0,1.0,100.0
2018-04-16 06:00:00,0.04,0.038,8.0,False,True,False,0,night,0.0,0.0,0.0,0.0,0.038,0.0,1.0,100.0
2018-04-16 07:00:00,0.958,0.92,190.0,True,True,True,1,ok,0.92,0.343,1.263,0.0,0.0,-0.361,0.639,63.9
2018-04-16 08:00:00,0.642,0.616,131.0,True,True,False,1,battery_empty,0.0,0.0,0.0,0.361,0.236,0.361,1.0,100.0
2018-04-16 09:00:00,1.043,1.001,215.0,True,True,True,2,ok,1.001,0.262,1.263,0.0,0.0,-0.276,0.724,72.4
2018-04-16 10:00:00,1.485,1.426,308.0,True,True,True,3,ok,1.263,0.0,1.263,0.155,0.0,0.155,0.879,87.9
2018-04-16 11:00:00,2.739,2.63,605.0,True,True,True,4,ok,1.263,0.0,1.263,0.121,1.239,0.121,1.0,100.0
2018-04-16 12:00:00,2.129,2.044,455.0,True,True,True,5,ok,1.263,0.0,1.263,0.0,0.781,0.0,1.0,100.0
2018-04-16 13:00:00,2.522,2.422,548.0,True,True,True,6,ok,1.263,0.0,1.263,0.0,1.159,0.0,1.0,100.0
2018-04-16 14:00:00,3.561,3.418,887.0,True,True,False,6,cap_reached,0.0,0.0,0.0,0.0,3.418,0.0,1.0,100.0
2018-04-16 15:00:00,3.061,2.939,740.0,True,True,False,6,cap_reached,0.0,0.0,0.0,0.0,2.939,0.0,1.0,100.0
2018-04-16 16:00:00,2.353,2.259,540.0,True,True,False,6,cap_reached,0.0,0.0,0.0,0.0,2.259,0.0,1.0,100.0
2018-04-16 17:00:00,1.472,1.413,308.0,True,True,False,6,cap_reached,0.0,0.0,0.0,0.0,1.413,0.0,1.0,100.0
2018-04-16 18:00:00,0.491,0.471,82.0,True,True,False,6,cap_reached,0.0,0.0,0.0,0.0,0.471,0.0,1.0,100.0
2018-04-16 19:00:00,0.0,0.0,0.0,False,True,False,6,cap_reached,0.0,0.0,0.0,0.0,0.0,0.0,1.0,100.0
2018-04-16 20:00:00,0.0,0.0,0.0,False,True,False,6,cap_reached,0.0,0.0,0.0,0.0,0.0,0.0,1.0,100.0
2018-04-16 21:00:00,0.0,0.0,0.0,False,True,False,6,cap_reached,0.0,0.0,0.0,0.0,0.0,0.0,1.0,100.0
2018-04-16 22:00:00,0.0,0.0,0.0,False,True,False,6,cap_reached,0.0,0.0,0.0,0.0,0.0,0.0,1.0,100.0
2018-04-16 23:00:00,0.0,0.0,0.0,False,True,False,6,cap_reached,0.0,0.0,0.0,0.0,0.0,0.0,1.0,100.0
2018-04-17 00:00:00,0.0,0.0,0.0,False,True,False,0,night,0.0,0.0,0.0,0.0,0.0,0.0,1.0,100.0
2018-04-17 01:00:00,0.0,0.0,0.0,False,True,False,0,night,0.0,0.0,0.0,0.0,0.0,0.0,1.0,100.0
2018-04-17 02:00:00,0.0,0.0,0.0,False,True,False,0,night,0.0,0.0,0.0,0.0,0.0,0.0,1.0,100.0
2018-04-17 03:00:00,0.0,0.0,0.0,False,True,False,0,night,0.0,0.0,0.0,0.0,0.0,0.0,1.0,100.0
2018-04-17 04:00:00,0.0,0.0,0.0,False,True,False,0,night,0.0,0.0,0.0,0.0,0.0,0.0,1.0,100.0
2018-04-17 05:00:00,0.0,0.0,0.0,False,True,False,0,night,0.0,0.0,0.0,0.0,0.0,0.0,1.0,100.0
2018-04-17 06:00:00,0.133,0.128,19.0,True,True,False,0,battery_empty,0.0,0.0,0.0,0.0,0.128,0.0,1.0,100.0
2018-04-17 07:00:00,1.126,1.081,219.0,True,True,True,1,ok,1.081,0.182,1.263,0.0,0.0,-0.192,0.808,80.8
2018-04-17 08:00:00,2.078,1.994,461.0,True,True,True,2,ok,1.263,0.0,1.263,0.192,0.529,0.192,1.0,100.0
2018-04-17 09:00:00,2.892,2.776,687.0,True,True,True,3,ok,1.263,0.0,1.263,0.0,1.513,0.0,1.0,100.0
2018-04-17 10:00:00,3.514,3.374,872.0,True,True,True,4,ok,1.263,0.0,1.263,0.0,2.111,0.0,1.0,100.0
2018-04-17 11:00:00,3.916,3.759,994.0,True,True,True,5,ok,1.263,0.0,1.263,0.0,2.496,0.0,1.0,100.0
2018-04-17 12:00:00,4.079,3.915,1043.0,True,True,True,6,ok,1.263,0.0,1.263,0.0,2.652,0.0,1.0,100.0
2018-04-17 13:00:00,3.998,3.838,1021.0,True,True,False,6,cap_reached,0.0,0.0,0.0,0.0,3.838,0.0,1.0,100.0
2018-04-17 14:00:00,3.688,3.541,926.0,True,True,False,6,cap_reached,0.0,0.0,0.0,0.0,3.541,0.0,1.0,100.0
2018-04-17 15:00:00,3.153,3.027,766.0,True,True,False,6,cap_reached,0.0,0.0,0.0,0.0,3.027,0.0,1.0,100.0
2018-04-17 16:00:00,2.421,2.324,556.0,True,True,False,6,cap_reached,0.0,0.0,0.0,0.0,2.324,0.0,1.0,100.0
2018-04-17 17:00:00,1.52,1.459,316.0,True,True,False,6,cap_reached,0.0,0.0,0.0,0.0,1.459,0.0,1.0,100.0
2018-04-17 18:00:00,0.521,0.5,85.0,True,True,False,6,cap_reached,0.0,0.0,0.0,0.0,0.5,0.0,1.0,100.0
2018-04-17 19:00:00,0.0,0.0,0.0,False,True,False,6,cap_reached,0.0,0.0,0.0,0.0,0.0,0.0,1.0,100.0
2018-04-17 20:00:00,0.0,0.0,0.0,False,True,False,6,cap_reached,0.0,0.0,0.0,0.0,0.0,0.0,1.0,100.0
2018-04-17 21:00:00,0.0,0.0,0.0,False,True,False,6,cap_reached,0.0,0.0,0.0,0.0,0.0,0.0,1.0,100.0
2018-04-17 22:00:00,0.0,0.0,0.0,False,True,False,6,cap_reached,0.0,0.0,0.0,0.0,0.0,0.0,1.0,100.0
2018-04-17 23:00:00,0.0,0.0,0.0,False,True,False,6,cap_reached,0.0,0.0,0.0,0.0,0.0,0.0,1.0,100.0
2018-04-18 00:00:00,0.0,0.0,0.0,False,True,False,0,night,0.0,0.0,0.0,0.0,0.0,0.0,1.0,100.0
2018-04-18 01:00:00,0.0,0.0,0.0,False,True,False,0,night,0.0,0.0,0.0,0.0,0.0,0.0,1.0,100.0
2018-04-18 02:00:00,0.0,0.0,0.0,False,True,False,0,night,0.0,0.0,0.0,0.0,0.0,0.0,1.0,100.0
2018-04-18 03:00:00,0.0,0.0,0.0,False,True,False,0,night,0.0,0.0,0.0,0.0,0.0,0.0,1.0,100.0
2018-04-18 04:00:00,0.0,0.0,0.0,False,True,False,0,night,0.0,0.0,0.0,0.0,0.0,0.0,1.0,100.0
2018-04-18 05:00:00,0.0,0.0,0.0,False,True,False,0,night,0.0,0.0,0.0,0.0,0.0,0.0,1.0,100.0
2018-04-18 06:00:00,0.153,0.147,22.0,True,True,False,0,battery_empty,0.0,0.0,0.0,0.0,0.147,0.0,1.0,100.0
2018-04-18 07:00:00,1.158,1.112,224.0,True,True,True,1,ok,1.112,0.151,1.263,0.0,0.0,-0.159,0.841,84.1
2018-04-18 08:00:00,2.116,2.031,468.0,True,True,True,2,ok,1.263,0.0,1.263,0.159,0.601,0.159,1.0,100.0
2018-04-18 09:00:00,2.916,2.8,691.0,True,True,True,3,ok,1.263,0.0,1.263,0.0,1.537,0.0,1.0,100.0
2018-04-18 10:00:00,3.526,3.385,873.0,True,True,True,4,ok,1.263,0.0,1.263,0.0,2.122,0.0,1.0,100.0
2018-04-18 11:00:00,3.922,3.765,995.0,True,True,True,5,ok,1.263,0.0,1.263,0.0,2.502,0.0,1.0,100.0
2018-04-18 12:00:00,4.089,3.925,1046.0,True,True,True,6,ok,1.263,0.0,1.263,0.0,2.662,0.0,1.0,100.0
2018-04-18 13:00:00,4.01,3.849,1024.0,True,True,False,6,cap_reached,0.0,0.0,0.0,0.0,3.849,0.0,1.0,100.0
2018-04-18 14:00:00,3.696,3.548,928.0,True,True,False,6,cap_reached,0.0,0.0,0.0,0.0,3.548,0.0,1.0,100.0
2018-04-18 15:00:00,3.163,3.037,768.0,True,True,False,6,cap_reached,0.0,0.0,0.0,0.0,3.037,0.0,1.0,100.0
2018-04-18 16:00:00,2.426,2.329,557.0,True,True,False,6,cap_reached,0.0,0.0,0.0,0.0,2.329,0.0,1.0,100.0
2018-04-18 17:00:00,1.532,1.471,317.0,True,True,False,6,cap_reached,0.0,0.0,0.0,0.0,1.471,0.0,1.0,100.0
2018-04-18 18:00:00,0.525,0.504,86.0,True,True,False,6,cap_reached,0.0,0.0,0.0,0.0,0.504,0.0,1.0,100.0
2018-04-18 19:00:00,0.0,0.0,0.0,False,True,False,6,cap_reached,0.0,0.0,0.0,0.0,0.0,0.0,1.0,100.0
2018-04-18 20:00:00,0.0,0.0,0.0,False,True,False,6,cap_reached,0.0,0.0,0.0,0.0,0.0,0.0,1.0,100.0
2018-04-18 21:00:00,0.0,0.0,0.0,False,True,False,6,cap_reached,0.0,0.0,0.0,0.0,0.0,0.0,1.0,100.0
2018-04-18 22:00:00,0.0,0.0,0.0,False,True,False,6,cap_reached,0.0,0.0,0.0,0.0,0.0,0.0,1.0,100.0
2018-04-18 23:00:00,0.0,0.0,0.0,False,True,False,6,cap_reached,0.0,0.0,0.0,0.0,0.0,0.0,1.0,100.0
2018-04-19 00:00:00,0.0,0.0,0.0,False,True,False,0,night,0.0,0.0,0.0,0.0,0.0,0.0,1.0,100.0
2018-04-19 01:00:00,0.0,0.0,0.0,False,True,False,0,night,0.0,0.0,0.0,0.0,0.0,0.0,1.0,100.0
2018-04-19 02:00:00,0.0,0.0,0.0,False,True,False,0,night,0.0,0.0,0.0,0.0,0.0,0.0,1.0,100.0
2018-04-19 03:00:00,0.0,0.0,0.0,False,True,False,0,night,0.0,0.0,0.0,0.0,0.0,0.0,1.0,100.0
2018-04-19 04:00:00,0.0,0.0,0.0,False,True,False,0,night,0.0,0.0,0.0,0.0,0.0,0.0,1.0,100.0
2018-04-19 05:00:00,0.0,0.0,0.0,False,True,False,0,night,0.0,0.0,0.0,0.0,0.0,0.0,1.0,100.0
2018-04-19 06:00:00,0.164,0.157,23.0,True,True,False,0,battery_empty,0.0,0.0,0.0,0.0,0.157,0.0,1.0,100.0
2018-04-19 07:00:00,1.138,1.093,220.0,True,True,True,1,ok,1.093,0.17,1.263,0.0,0.0,-0.179,0.821,82.1
2018-04-19 08:00:00,2.058,1.975,454.0,True,True,True,2,ok,1.263,0.0,1.263,0.179,0.524,0.179,1.0,100.0
2018-04-19 09:00:00,1.333,1.28,276.0,True,True,True,3,ok,1.263,0.0,1.263,0.0,0.017,0.0,1.0,100.0
2018-04-19 10:00:00,3.418,3.281,845.0,True,True,True,4,ok,1.263,0.0,1.263,0.0,2.018,0.0,1.0,100.0
2018-04-19 11:00:00,1.585,1.521,331.0,True,True,True,5,ok,1.263,0.0,1.263,0.0,0.258,0.0,1.0,100.0
2018-04-19 12:00:00,2.826,2.713,632.0,True,True,True,6,ok,1.263,0.0,1.263,0.0,1.45,0.0,1.0,100.0
2018-04-19 13:00:00,1.984,1.905,421.0,True,True,False,6,cap_reached,0.0,0.0,0.0,0.0,1.905,0.0,1.0,100.0
2018-04-19 14:00:00,2.716,2.608,606.0,True,True,False,6,cap_reached,0.0,0.0,0.0,0.0,2.608,0.0,1.0,100.0
2018-04-19 15:00:00,3.031,2.91,736.0,True,True,False,6,cap_reached,0.0,0.0,0.0,0.0,2.91,0.0,1.0,100.0
2018-04-19 16:00:00,1.195,1.147,249.0,True,True,False,6,cap_reached,0.0,0.0,0.0,0.0,1.147,0.0,1.0,100.0
2018-04-19 17:00:00,0.054,0.052,11.0,False,True,False,6,cap_reached,0.0,0.0,0.0,0.0,0.052,0.0,1.0,100.0
2018-04-19 18:00:00,0.488,0.469,82.0,True,True,False,6,cap_reached,0.0,0.0,0.0,0.0,0.469,0.0,1.0,100.0
2018-04-19 19:00:00,0.0,0.0,0.0,False,True,False,6,cap_reached,0.0,0.0,0.0,0.0,0.0,0.0,1.0,100.0
2018-04-19 20:00:00,0.0,0.0,0.0,False,True,False,6,cap_reached,0.0,0.0,0.0,0.0,0.0,0.0,1.0,100.0
2018-04-19 21:00:00,0.0,0.0,0.0,False,True,False,6,cap_reached,0.0,0.0,0.0,0.0,0.0,0.0,1.0,100.0
2018-04-19 22:00:00,0.0,0.0,0.0,False,True,False,6,cap_reached,0.0,0.0,0.0,0.0,0.0,0.0,1.0,100.0
2018-04-19 23:00:00,0.0,0.0,0.0,False,True,False,6,cap_reached,0.0,0.0,0.0,0.0,0.0,0.0,1.0,100.0
2018-04-20 00:00:00,0.0,0.0,0.0,False,True,False,0,night,0.0,0.0,0.0,0.0,0.0,0.0,1.0,100.0
2018-04-20 01:00:00,0.0,0.0,0.0,False,True,False,0,night,0.0,0.0,0.0,0.0,0.0,0.0,1.0,100.0
2018-04-20 02:00:00,0.0,0.0,0.0,False,True,False,0,night,0.0,0.0,0.0,0.0,0.0,0.0,1.0,100.0
2018-04-20 03:00:00,0.0,0.0,0.0,False,True,False,0,night,0.0,0.0,0.0,0.0,0.0,0.0,1.0,100.0
2018-04-20 04:00:00,0.0,0.0,0.0,False,True,False,0,night,0.0,0.0,0.0,0.0,0.0,0.0,1.0,100.0
2018-04-20 05:00:00,0.0,0.0,0.0,False,True,False,0,night,0.0,0.0,0.0,0.0,0.0,0.0,1.0,100.0
2018-04-20 06:00:00,0.165,0.158,24.0,True,True,False,0,battery_empty,0.0,0.0,0.0,0.0,0.158,0.0,1.0,100.0
2018-04-20 07:00:00,0.417,0.4,84.0,True,True,False,0,battery_empty,0.0,0.0,0.0,0.0,0.4,0.0,1.0,100.0
2018-04-20 08:00:00,1.613,1.548,343.0,True,True,True,1,ok,1.263,0.0,1.263,0.0,0.285,0.0,1.0,100.0
2018-04-20 09:00:00,2.224,2.135,495.0,True,True,True,2,ok,1.263,0.0,1.263,0.0,0.872,0.0,1.0,100.0
2018-04-20 10:00:00,2.669,2.562,607.0,True,True,True,3,ok,1.263,0.0,1.263,0.0,1.299,0.0,1.0,100.0
2018-04-20 11:00:00,2.841,2.727,647.0,True,True,True,4,ok,1.263,0.0,1.263,0.0,1.464,0.0,1.0,100.0
2018-04-20 12:00:00,2.562,2.46,563.0,True,True,True,5,ok,1.263,0.0,1.263,0.0,1.197,0.0,1.0,100.0
2018-04-20 13:00:00,2.576,2.473,569.0,True,True,True,6,ok,1.263,0.0,1.263,0.0,1.21,0.0,1.0,100.0
2018-04-20 14:00:00,2.589,2.485,575.0,True,True,False,6,cap_reached,0.0,0.0,0.0,0.0,2.485,0.0,1.0,100.0
2018-04-20 15:00:00,3.061,2.938,744.0,True,True,False,6,cap_reached,0.0,0.0,0.0,0.0,2.938,0.0,1.0,100.0
2018-04-20 16:00:00,1.384,1.329,292.0,True,True,False,6,cap_reached,0.0,0.0,0.0,0.0,1.329,0.0,1.0,100.0
2018-04-20 17:00:00,0.831,0.797,171.0,True,True,False,6,cap_reached,0.0,0.0,0.0,0.0,0.797,0.0,1.0,100.0
2018-04-20 18:00:00,0.518,0.497,85.0,True,True,False,6,cap_reached,0.0,0.0,0.0,0.0,0.497,0.0,1.0,100.0
2018-04-20 19:00:00,0.0,0.0,0.0,False,True,False,6,cap_reached,0.0,0.0,0.0,0.0,0.0,0.0,1.0,100.0
2018-04-20 20:00:00,0.0,0.0,0.0,False,True,False,6,cap_reached,0.0,0.0,0.0,0.0,0.0,0.0,1.0,100.0
2018-04-20 21:00:00,0.0,0.0,0.0,False,True,False,6,cap_reached,0.0,0.0,0.0,0.0,0.0,0.0,1.0,100.0
2018-04-20 22:00:00,0.0,0.0,0.0,False,True,False,6,cap_reached,0.0,0.0,0.0,0.0,0.0,0.0,1.0,100.0
2018-04-20 23:00:00,0.0,0.0,0.0,False,True,False,6,cap_reached,0.0,0.0,0.0,0.0,0.0,0.0,1.0,100.0
2018-04-21 00:00:00,0.0,0.0,0.0,False,True,False,0,night,0.0,0.0,0.0,0.0,0.0,0.0,1.0,100.0
2018-04-21 01:00:00,0.0,0.0,0.0,False,True,False,0,night,0.0,0.0,0.0,0.0,0.0,0.0,1.0,100.0
2018-04-21 02:00:00,0.0,0.0,0.0,False,True,False,0,night,0.0,0.0,0.0,0.0,0.0,0.0,1.0,100.0
2018-04-21 03:00:00,0.0,0.0,0.0,False,True,False,0,night,0.0,0.0,0.0,0.0,0.0,0.0,1.0,100.0
2018-04-21 04:00:00,0.0,0.0,0.0,False,True,False,0,night,0.0,0.0,0.0,0.0,0.0,0.0,1.0,100.0
2018-04-21 05:00:00,0.0,0.0,0.0,False,True,False,0,night,0.0,0.0,0.0,0.0,0.0,0.0,1.0,100.0
2018-04-21 06:00:00,0.162,0.156,24.0,True,True,False,0,battery_empty,0.0,0.0,0.0,0.0,0.156,0.0,1.0,100.0
2018-04-21 07:00:00,1.12,1.075,217.0,True,True,True,1,ok,1.075,0.188,1.263,0.0,0.0,-0.198,0.802,80.2
2018-04-21 08:00:00,2.045,1.963,449.0,True,True,True,2,ok,1.263,0.0,1.263,0.198,0.491,0.198,1.0,100.0
2018-04-21 09:00:00,2.017,1.936,433.0,True,True,True,3,ok,1.263,0.0,1.263,0.0,0.673,0.0,1.0,100.0
2018-04-21 10:00:00,2.527,2.426,565.0,True,True,True,4,ok,1.263,0.0,1.263,0.0,1.163,0.0,1.0,100.0
2018-04-21 11:00:00,3.102,2.978,703.0,True,True,True,5,ok,1.263,0.0,1.263,0.0,1.715,0.0,1.0,100.0
2018-04-21 12:00:00,3.449,3.311,835.0,True,True,True,6,ok,1.263,0.0,1.263,0.0,2.048,0.0,1.0,100.0
2018-04-21 13:00:00,1.47,1.412,309.0,True,True,False,6,cap_reached,0.0,0.0,0.0,0.0,1.412,0.0,1.0,100.0
2018-04-21 14:00:00,2.834,2.721,635.0,True,True,False,6,cap_reached,0.0,0.0,0.0,0.0,2.721,0.0,1.0,100.0
2018-04-21 15:00:00,2.331,2.237,520.0,True,True,False,6,cap_reached,0.0,0.0,0.0,0.0,2.237,0.0,1.0,100.0
2018-04-21 16:00:00,2.311,2.219,525.0,True,True,False,6,cap_reached,0.0,0.0,0.0,0.0,2.219,0.0,1.0,100.0
2018-04-21 17:00:00,1.438,1.38,296.0,True,True,False,6,cap_reached,0.0,0.0,0.0,0.0,1.38,0.0,1.0,100.0
2018-04-21 18:00:00,0.476,0.457,80.0,True,True,False,6,cap_reached,0.0,0.0,0.0,0.0,0.457,0.0,1.0,100.0
2018-04-21 19:00:00,0.0,0.0,0.0,False,True,False,6,cap_reached,0.0,0.0,0.0,0.0,0.0,0.0,1.0,100.0
2018-04-21 20:00:00,0.0,0.0,0.0,False,True,False,6,cap_reached,0.0,0.0,0.0,0.0,0.0,0.0,1.0,100.0
2018-04-21 21:00:00,0.0,0.0,0.0,False,True,False,6,cap_reached,0.0,0.0,0.0,0.0,0.0,0.0,1.0,100.0
2018-04-21 22:00:00,0.0,0.0,0.0,False,True,False,6,cap_reached,0.0,0.0,0.0,0.0,0.0,0.0,1.0,100.0
2018-04-21 23:00:00,0.0,0.0,0.0,False,True,False,6,cap_reached,0.0,0.0,0.0,0.0,0.0,0.0,1.0,100.0
2018-04-22 00:00:00,0.0,0.0,0.0,False,True,False,0,night,0.0,0.0,0.0,0.0,0.0,0.0,1.0,100.0
2018-04-22 01:00:00,0.0,0.0,0.0,False,True,False,0,night,0.0,0.0,0.0,0.0,0.0,0.0,1.0,100.0
2018-04-22 02:00:00,0.0,0.0,0.0,False,True,False,0,night,0.0,0.0,0.0,0.0,0.0,0.0,1.0,100.0
2018-04-22 03:00:00,0.0,0.0,0.0,False,True,False,0,night,0.0,0.0,0.0,0.0,0.0,0.0,1.0,100.0
2018-04-22 04:00:00,0.0,0.0,0.0,False,True,False,0,night,0.0,0.0,0.0,0.0,0.0,0.0,1.0,100.0
2018-04-22 05:00:00,0.0,0.0,0.0,False,True,False,0,night,0.0,0.0,0.0,0.0,0.0,0.0,1.0,100.0
2018-04-22 06:00:00,0.08,0.076,16.0,False,True,False,0,night,0.0,0.0,0.0,0.0,0.076,0.0,1.0,100.0
2018-04-22 07:00:00,1.103,1.059,213.0,True,True,True,1,ok,1.059,0.204,1.263,0.0,0.0,-0.214,0.786,78.6
2018-04-22 08:00:00,2.028,1.947,444.0,True,True,True,2,ok,1.263,0.0,1.263,0.214,0.458,0.214,1.0,100.0
2018-04-22 09:00:00,2.802,2.69,659.0,True,True,True,3,ok,1.263,0.0,1.263,0.0,1.427,0.0,1.0,100.0
2018-04-22 10:00:00,3.404,3.267,837.0,True,True,True,4,ok,1.263,0.0,1.263,0.0,2.004,0.0,1.0,100.0
2018-04-22 11:00:00,3.778,3.627,954.0,True,True,True,5,ok,1.263,0.0,1.263,0.0,2.364,0.0,1.0,100.0
2018-04-22 12:00:00,3.936,3.778,1002.0,True,True,True,6,ok,1.263,0.0,1.263,0.0,2.515,0.0,1.0,100.0
2018-04-22 13:00:00,3.856,3.702,978.0,True,True,False,6,cap_reached,0.0,0.0,0.0,0.0,3.702,0.0,1.0,100.0
2018-04-22 14:00:00,2.924,2.807,687.0,True,True,False,6,cap_reached,0.0,0.0,0.0,0.0,2.807,0.0,1.0,100.0
2018-04-22 15:00:00,2.587,2.483,599.0,True,True,False,6,cap_reached,0.0,0.0,0.0,0.0,2.483,0.0,1.0,100.0
2018-04-22 16:00:00,0.059,0.057,12.0,False,True,False,6,cap_reached,0.0,0.0,0.0,0.0,0.057,0.0,1.0,100.0
2018-04-22 17:00:00,0.03,0.029,6.0,False,True,False,6,cap_reached,0.0,0.0,0.0,0.0,0.029,0.0,1.0,100.0
2018-04-22 18:00:00,0.291,0.279,58.0,True,True,False,6,cap_reached,0.0,0.0,0.0,0.0,0.279,0.0,1.0,100.0
2018-04-22 19:00:00,0.0,0.0,0.0,False,True,False,6,cap_reached,0.0,0.0,0.0,0.0,0.0,0.0,1.0,100.0
2018-04-22 20:00:00,0.0,0.0,0.0,False,True,False,6,cap_reached,0.0,0.0,0.0,0.0,0.0,0.0,1.0,100.0
2018-04-22 21:00:00,0.0,0.0,0.0,False,True,False,6,cap_reached,0.0,0.0,0.0,0.0,0.0,0.0,1.0,100.0
2018-04-22 22:00:00,0.0,0.0,0.0,False,True,False,6,cap_reached,0.0,0.0,0.0,0.0,0.0,0.0,1.0,100.0
2018-04-22 23:00:00,0.0,0.0,0.0,False,True,False,6,cap_reached,0.0,0.0,0.0,0.0,0.0,0.0,1.0,100.0
2018-04-23 00:00:00,0.0,0.0,0.0,False,True,False,0,night,0.0,0.0,0.0,0.0,0.0,0.0,1.0,100.0
2018-04-23 01:00:00,0.0,0.0,0.0,False,True,False,0,night,0.0,0.0,0.0,0.0,0.0,0.0,1.0,100.0
2018-04-23 02:00:00,0.0,0.0,0.0,False,True,False,0,night,0.0,0.0,0.0,0.0,0.0,0.0,1.0,100.0
2018-04-23 03:00:00,0.0,0.0,0.0,False,True,False,0,night,0.0,0.0,0.0,0.0,0.0,0.0,1.0,100.0
2018-04-23 04:00:00,0.0,0.0,0.0,False,True,False,0,night,0.0,0.0,0.0,0.0,0.0,0.0,1.0,100.0
2018-04-23 05:00:00,0.0,0.0,0.0,False,True,False,0,night,0.0,0.0,0.0,0.0,0.0,0.0,1.0,100.0
2018-04-23 06:00:00,0.197,0.189,28.0,True,True,False,0,battery_empty,0.0,0.0,0.0,0.0,0.189,0.0,1.0,100.0
2018-04-23 07:00:00,1.154,1.108,222.0,True,True,True,1,ok,1.108,0.155,1.263,0.0,0.0,-0.163,0.837,83.7
2018-04-23 08:00:00,2.062,1.979,451.0,True,True,True,2,ok,1.263,0.0,1.263,0.163,0.544,0.163,1.0,100.0
2018-04-23 09:00:00,2.831,2.718,664.0,True,True,True,3,ok,1.263,0.0,1.263,0.0,1.455,0.0,1.0,100.0
2018-04-23 10:00:00,3.412,3.275,835.0,True,True,True,4,ok,1.263,0.0,1.263,0.0,2.012,0.0,1.0,100.0
2018-04-23 11:00:00,3.775,3.624,946.0,True,True,True,5,ok,1.263,0.0,1.263,0.0,2.361,0.0,1.0,100.0
2018-04-23 12:00:00,1.826,1.753,387.0,True,True,True,6,ok,1.263,0.0,1.263,0.0,0.49,0.0,1.0,100.0
2018-04-23 13:00:00,0.863,0.828,177.0,True,True,False,6,cap_reached,0.0,0.0,0.0,0.0,0.828,0.0,1.0,100.0
2018-04-23 14:00:00,0.319,0.307,65.0,True,True,False,6,cap_reached,0.0,0.0,0.0,0.0,0.307,0.0,1.0,100.0
2018-04-23 15:00:00,0.109,0.104,22.0,True,True,False,6,cap_reached,0.0,0.0,0.0,0.0,0.104,0.0,1.0,100.0
2018-04-23 16:00:00,1.917,1.84,419.0,True,True,False,6,cap_reached,0.0,0.0,0.0,0.0,1.84,0.0,1.0,100.0
2018-04-23 17:00:00,0.727,0.698,149.0,True,True,False,6,cap_reached,0.0,0.0,0.0,0.0,0.698,0.0,1.0,100.0
2018-04-23 18:00:00,0.248,0.238,50.0,True,True,False,6,cap_reached,0.0,0.0,0.0,0.0,0.238,0.0,1.0,100.0
2018-04-23 19:00:00,0.0,0.0,0.0,False,True,False,6,cap_reached,0.0,0.0,0.0,0.0,0.0,0.0,1.0,100.0
2018-04-23 20:00:00,0.0,0.0,0.0,False,True,False,6,cap_reached,0.0,0.0,0.0,0.0,0.0,0.0,1.0,100.0
2018-04-23 21:00:00,0.0,0.0,0.0,False,True,False,6,cap_reached,0.0,0.0,0.0,0.0,0.0,0.0,1.0,100.0
2018-04-23 22:00:00,0.0,0.0,0.0,False,True,False,6,cap_reached,0.0,0.0,0.0,0.0,0.0,0.0,1.0,100.0
2018-04-23 23:00:00,0.0,0.0,0.0,False,True,False,6,cap_reached,0.0,0.0,0.0,0.0,0.0,0.0,1.0,100.0
2018-04-24 00:00:00,0.0,0.0,0.0,False,True,False,0,night,0.0,0.0,0.0,0.0,0.0,0.0,1.0,100.0
2018-04-24 01:00:00,0.0,0.0,0.0,False,True,False,0,night,0.0,0.0,0.0,0.0,0.0,0.0,1.0,100.0
2018-04-24 02:00:00,0.0,0.0,0.0,False,True,False,0,night,0.0,0.0,0.0,0.0,0.0,0.0,1.0,100.0
2018-04-24 03:00:00,0.0,0.0,0.0,False,True,False,0,night,0.0,0.0,0.0,0.0,0.0,0.0,1.0,100.0
2018-04-24 04:00:00,0.0,0.0,0.0,False,True,False,0,night,0.0,0.0,0.0,0.0,0.0,0.0,1.0,100.0
2018-04-24 05:00:00,0.0,0.0,0.0,False,True,False,0,night,0.0,0.0,0.0,0.0,0.0,0.0,1.0,100.0
2018-04-24 06:00:00,0.045,0.043,9.0,False,True,False,0,night,0.0,0.0,0.0,0.0,0.043,0.0,1.0,100.0
2018-04-24 07:00:00,0.435,0.418,89.0,True,True,True,1,ok,0.418,0.845,1.263,0.0,0.0,-0.889,0.111,11.1
2018-04-24 08:00:00,0.099,0.095,20.0,False,True,False,1,night,0.0,0.0,0.0,0.09,0.0,0.09,0.201,20.1
2018-04-24 09:00:00,0.637,0.612,130.0,True,True,False,1,battery_empty,0.0,0.0,0.0,0.581,0.0,0.581,0.782,78.2
2018-04-24 10:00:00,1.979,1.9,423.0,True,True,True,2,ok,1.263,0.0,1.263,0.218,0.407,0.218,1.0,100.0
2018-04-24 11:00:00,3.796,3.644,955.0,True,True,True,3,ok,1.263,0.0,1.263,0.0,2.381,0.0,1.0,100.0
2018-04-24 12:00:00,3.946,3.789,1004.0,True,True,True,4,ok,1.263,0.0,1.263,0.0,2.526,0.0,1.0,100.0
2018-04-24 13:00:00,2.821,2.708,634.0,True,True,True,5,ok,1.263,0.0,1.263,0.0,1.445,0.0,1.0,100.0
2018-04-24 14:00:00,3.575,3.432,891.0,True,True,True,6,ok,1.263,0.0,1.263,0.0,2.169,0.0,1.0,100.0
2018-04-24 15:00:00,0.313,0.3,64.0,True,True,False,6,cap_reached,0.0,0.0,0.0,0.0,0.3,0.0,1.0,100.0
2018-04-24 16:00:00,2.362,2.268,535.0,True,True,False,6,cap_reached,0.0,0.0,0.0,0.0,2.268,0.0,1.0,100.0
2018-04-24 17:00:00,0.054,0.052,11.0,False,True,False,6,cap_reached,0.0,0.0,0.0,0.0,0.052,0.0,1.0,100.0
2018-04-24 18:00:00,0.555,0.532,89.0,True,True,False,6,cap_reached,0.0,0.0,0.0,0.0,0.532,0.0,1.0,100.0
2018-04-24 19:00:00,0.0,0.0,0.0,False,True,False,6,cap_reached,0.0,0.0,0.0,0.0,0.0,0.0,1.0,100.0
2018-04-24 20:00:00,0.0,0.0,0.0,False,True,False,6,cap_reached,0.0,0.0,0.0,0.0,0.0,0.0,1.0,100.0
2018-04-24 21:00:00,0.0,0.0,0.0,False,True,False,6,cap_reached,0.0,0.0,0.0,0.0,0.0,0.0,1.0,100.0
2018-04-24 22:00:00,0.0,0.0,0.0,False,True,False,6,cap_reached,0.0,0.0,0.0,0.0,0.0,0.0,1.0,100.0
2018-04-24 23:00:00,0.0,0.0,0.0,False,True,False,6,cap_reached,0.0,0.0,0.0,0.0,0.0,0.0,1.0,100.0
2018-04-25 00:00:00,0.0,0.0,0.0,False,True,False,0,night,0.0,0.0,0.0,0.0,0.0,0.0,1.0,100.0
2018-04-25 01:00:00,0.0,0.0,0.0,False,True,False,0,night,0.0,0.0,0.0,0.0,0.0,0.0,1.0,100.0
2018-04-25 02:00:00,0.0,0.0,0.0,False,True,False,0,night,0.0,0.0,0.0,0.0,0.0,0.0,1.0,100.0
2018-04-25 03:00:00,0.0,0.0,0.0,False,True,False,0,night,0.0,0.0,0.0,0.0,0.0,0.0,1.0,100.0
2018-04-25 04:00:00,0.0,0.0,0.0,False,True,False,0,night,0.0,0.0,0.0,0.0,0.0,0.0,1.0,100.0
2018-04-25 05:00:00,0.0,0.0,0.0,False,True,False,0,night,0.0,0.0,0.0,0.0,0.0,0.0,1.0,100.0
2018-04-25 06:00:00,0.094,0.091,19.0,False,True,False,0,night,0.0,0.0,0.0,0.0,0.091,0.0,1.0,100.0
2018-04-25 07:00:00,1.146,1.101,220.0,True,True,True,1,ok,1.101,0.162,1.263,0.0,0.0,-0.171,0.829,82.9
2018-04-25 08:00:00,2.059,1.976,447.0,True,True,True,2,ok,1.263,0.0,1.263,0.171,0.533,0.171,1.0,100.0
2018-04-25 09:00:00,2.827,2.714,657.0,True,True,True,3,ok,1.263,0.0,1.263,0.0,1.451,0.0,1.0,100.0
2018-04-25 10:00:00,3.418,3.281,830.0,True,True,True,4,ok,1.263,0.0,1.263,0.0,2.018,0.0,1.0,100.0
2018-04-25 11:00:00,3.788,3.636,944.0,True,True,True,5,ok,1.263,0.0,1.263,0.0,2.373,0.0,1.0,100.0
2018-04-25 12:00:00,3.94,3.782,991.0,True,True,True,6,ok,1.263,0.0,1.263,0.0,2.519,0.0,1.0,100.0
2018-04-25 13:00:00,3.867,3.713,973.0,True,True,False,6,cap_reached,0.0,0.0,0.0,0.0,3.713,0.0,1.0,100.0
2018-04-25 14:00:00,3.562,3.42,879.0,True,True,False,6,cap_reached,0.0,0.0,0.0,0.0,3.42,0.0,1.0,100.0
2018-04-25 15:00:00,3.048,2.926,725.0,True,True,False,6,cap_reached,0.0,0.0,0.0,0.0,2.926,0.0,1.0,100.0
2018-04-25 16:00:00,2.336,2.243,523.0,True,True,False,6,cap_reached,0.0,0.0,0.0,0.0,2.243,0.0,1.0,100.0
2018-04-25 17:00:00,1.47,1.411,297.0,True,True,False,6,cap_reached,0.0,0.0,0.0,0.0,1.411,0.0,1.0,100.0
2018-04-25 18:00:00,0.506,0.485,84.0,True,True,False,6,cap_reached,0.0,0.0,0.0,0.0,0.485,0.0,1.0,100.0
2018-04-25 19:00:00,0.0,0.0,0.0,False,True,False,6,cap_reached,0.0,0.0,0.0,0.0,0.0,0.0,1.0,100.0
2018-04-25 20:00:00,0.0,0.0,0.0,False,True,False,6,cap_reached,0.0,0.0,0.0,0.0,0.0,0.0,1.0,100.0
2018-04-25 21:00:00,0.0,0.0,0.0,False,True,False,6,cap_reached,0.0,0.0,0.0,0.0,0.0,0.0,1.0,100.0
2018-04-25 22:00:00,0.0,0.0,0.0,False,True,False,6,cap_reached,0.0,0.0,0.0,0.0,0.0,0.0,1.0,100.0
2018-04-25 23:00:00,0.0,0.0,0.0,False,True,False,6,cap_reached,0.0,0.0,0.0,0.0,0.0,0.0,1.0,100.0
2018-04-26 00:00:00,0.0,0.0,0.0,False,True,False,0,night,0.0,0.0,0.0,0.0,0.0,0.0,1.0,100.0
2018-04-26 01:00:00,0.0,0.0,0.0,False,True,False,0,night,0.0,0.0,0.0,0.0,0.0,0.0,1.0,100.0
2018-04-26 02:00:00,0.0,0.0,0.0,False,True,False,0,night,0.0,0.0,0.0,0.0,0.0,0.0,1.0,100.0
2018-04-26 03:00:00,0.0,0.0,0.0,False,True,False,0,night,0.0,0.0,0.0,0.0,0.0,0.0,1.0,100.0
2018-04-26 04:00:00,0.0,0.0,0.0,False,True,False,0,night,0.0,0.0,0.0,0.0,0.0,0.0,1.0,100.0
2018-04-26 05:00:00,0.0,0.0,0.0,False,True,False,0,night,0.0,0.0,0.0,0.0,0.0,0.0,1.0,100.0
2018-04-26 06:00:00,0.173,0.166,28.0,True,True,False,0,battery_empty,0.0,0.0,0.0,0.0,0.166,0.0,1.0,100.0
2018-04-26 07:00:00,1.107,1.063,213.0,True,True,True,1,ok,1.063,0.2,1.263,0.0,0.0,-0.211,0.789,78.9
2018-04-26 08:00:00,2.018,1.937,433.0,True,True,True,2,ok,1.263,0.0,1.263,0.211,0.452,0.211,1.0,100.0
2018-04-26 09:00:00,1.828,1.755,387.0,True,True,True,3,ok,1.263,0.0,1.263,0.0,0.492,0.0,1.0,100.0
2018-04-26 10:00:00,2.624,2.519,576.0,True,True,True,4,ok,1.263,0.0,1.263,0.0,1.256,0.0,1.0,100.0
2018-04-26 11:00:00,3.742,3.592,920.0,True,True,True,5,ok,1.263,0.0,1.263,0.0,2.329,0.0,1.0,100.0
2018-04-26 12:00:00,0.605,0.581,124.0,True,True,True,6,ok,0.581,0.682,1.263,0.0,0.0,-0.718,0.282,28.2
2018-04-26 13:00:00,1.484,1.425,311.0,True,True,False,6,cap_reached,0.0,0.0,0.0,0.718,0.669,0.718,1.0,100.0
2018-04-26 14:00:00,1.696,1.628,357.0,True,True,False,6,cap_reached,0.0,0.0,0.0,0.0,1.628,0.0,1.0,100.0
2018-04-26 15:00:00,1.87,1.795,399.0,True,True,False,6,cap_reached,0.0,0.0,0.0,0.0,1.795,0.0,1.0,100.0
2018-04-26 16:00:00,1.228,1.179,257.0,True,True,False,6,cap_reached,0.0,0.0,0.0,0.0,1.179,0.0,1.0,100.0
2018-04-26 17:00:00,0.718,0.689,148.0,True,True,False,6,cap_reached,0.0,0.0,0.0,0.0,0.689,0.0,1.0,100.0
2018-04-26 18:00:00,0.285,0.273,57.0,True,True,False,6,cap_reached,0.0,0.0,0.0,0.0,0.273,0.0,1.0,100.0
2018-04-26 19:00:00,0.0,0.0,0.0,False,True,False,6,cap_reached,0.0,0.0,0.0,0.0,0.0,0.0,1.0,100.0
2018-04-26 20:00:00,0.0,0.0,0.0,False,True,False,6,cap_reached,0.0,0.0,0.0,0.0,0.0,0.0,1.0,100.0
2018-04-26 21:00:00,0.0,0.0,0.0,False,True,False,6,cap_reached,0.0,0.0,0.0,0.0,0.0,0.0,1.0,100.0
2018-04-26 22:00:00,0.0,0.0,0.0,False,True,False,6,cap_reached,0.0,0.0,0.0,0.0,0.0,0.0,1.0,100.0
2018-04-26 23:00:00,0.0,0.0,0.0,False,True,False,6,cap_reached,0.0,0.0,0.0,0.0,0.0,0.0,1.0,100.0
2018-04-27 00:00:00,0.0,0.0,0.0,False,True,False,0,night,0.0,0.0,0.0,0.0,0.0,0.0,1.0,100.0
2018-04-27 01:00:00,0.0,0.0,0.0,False,True,False,0,night,0.0,0.0,0.0,0.0,0.0,0.0,1.0,100.0
2018-04-27 02:00:00,0.0,0.0,0.0,False,True,False,0,night,0.0,0.0,0.0,0.0,0.0,0.0,1.0,100.0
2018-04-27 03:00:00,0.0,0.0,0.0,False,True,False,0,night,0.0,0.0,0.0,0.0,0.0,0.0,1.0,100.0
2018-04-27 04:00:00,0.0,0.0,0.0,False,True,False,0,night,0.0,0.0,0.0,0.0,0.0,0.0,1.0,100.0
2018-04-27 05:00:00,0.0,0.0,0.0,False,True,False,0,night,0.0,0.0,0.0,0.0,0.0,0.0,1.0,100.0
2018-04-27 06:00:00,0.1,0.096,20.0,False,True,False,0,night,0.0,0.0,0.0,0.0,0.096,0.0,1.0,100.0
2018-04-27 07:00:00,0.287,0.276,58.0,True,True,False,0,battery_empty,0.0,0.0,0.0,0.0,0.276,0.0,1.0,100.0
2018-04-27 08:00:00,2.12,2.035,456.0,True,True,True,1,ok,1.263,0.0,1.263,0.0,0.772,0.0,1.0,100.0
2018-04-27 09:00:00,2.882,2.767,666.0,True,True,True,2,ok,1.263,0.0,1.263,0.0,1.504,0.0,1.0,100.0
2018-04-27 10:00:00,2.958,2.84,685.0,True,True,True,3,ok,1.263,0.0,1.263,0.0,1.577,0.0,1.0,100.0
2018-04-27 11:00:00,3.244,3.115,760.0,True,True,True,4,ok,1.263,0.0,1.263,0.0,1.852,0.0,1.0,100.0
2018-04-27 12:00:00,2.75,2.64,622.0,True,True,True,5,ok,1.263,0.0,1.263,0.0,1.377,0.0,1.0,100.0
2018-04-27 13:00:00,2.873,2.758,657.0,True,True,True,6,ok,1.263,0.0,1.263,0.0,1.495,0.0,1.0,100.0
2018-04-27 14:00:00,2.442,2.345,539.0,True,True,False,6,cap_reached,0.0,0.0,0.0,0.0,2.345,0.0,1.0,100.0
2018-04-27 15:00:00,0.643,0.617,132.0,True,True,False,6,cap_reached,0.0,0.0,0.0,0.0,0.617,0.0,1.0,100.0
2018-04-27 16:00:00,0.108,0.104,22.0,True,True,False,6,cap_reached,0.0,0.0,0.0,0.0,0.104,0.0,1.0,100.0
2018-04-27 17:00:00,0.544,0.522,111.0,True,True,False,6,cap_reached,0.0,0.0,0.0,0.0,0.522,0.0,1.0,100.0
2018-04-27 18:00:00,0.189,0.181,38.0,True,True,False,6,cap_reached,0.0,0.0,0.0,0.0,0.181,0.0,1.0,100.0
2018-04-27 19:00:00,0.0,0.0,0.0,False,True,False,6,cap_reached,0.0,0.0,0.0,0.0,0.0,0.0,1.0,100.0
2018-04-27 20:00:00,0.0,0.0,0.0,False,True,False,6,cap_reached,0.0,0.0,0.0,0.0,0.0,0.0,1.0,100.0
2018-04-27 21:00:00,0.0,0.0,0.0,False,True,False,6,cap_reached,0.0,0.0,0.0,0.0,0.0,0.0,1.0,100.0
2018-04-27 22:00:00,0.0,0.0,0.0,False,True,False,6,cap_reached,0.0,0.0,0.0,0.0,0.0,0.0,1.0,100.0
2018-04-27 23:00:00,0.0,0.0,0.0,False,True,False,6,cap_reached,0.0,0.0,0.0,0.0,0.0,0.0,1.0,100.0
2018-04-28 00:00:00,0.0,0.0,0.0,False,True,False,0,night,0.0,0.0,0.0,0.0,0.0,0.0,1.0,100.0
2018-04-28 01:00:00,0.0,0.0,0.0,False,True,False,0,night,0.0,0.0,0.0,0.0,0.0,0.0,1.0,100.0
2018-04-28 02:00:00,0.0,0.0,0.0,False,True,False,0,night,0.0,0.0,0.0,0.0,0.0,0.0,1.0,100.0
2018-04-28 03:00:00,0.0,0.0,0.0,False,True,False,0,night,0.0,0.0,0.0,0.0,0.0,0.0,1.0,100.0
2018-04-28 04:00:00,0.0,0.0,0.0,False,True,False,0,night,0.0,0.0,0.0,0.0,0.0,0.0,1.0,100.0
2018-04-28 05:00:00,0.0,0.0,0.0,False,True,False,0,night,0.0,0.0,0.0,0.0,0.0,0.0,1.0,100.0
2018-04-28 06:00:00,0.06,0.057,12.0,False,True,False,0,night,0.0,0.0,0.0,0.0,0.057,0.0,1.0,100.0
2018-04-28 07:00:00,0.405,0.388,82.0,True,True,False,0,battery_empty,0.0,0.0,0.0,0.0,0.388,0.0,1.0,100.0
2018-04-28 08:00:00,0.777,0.746,159.0,True,True,True,1,ok,0.746,0.517,1.263,0.0,0.0,-0.545,0.455,45.5
2018-04-28 09:00:00,1.758,1.687,374.0,True,True,True,2,ok,1.263,0.0,1.263,0.403,0.0,0.403,0.858,85.8
2018-04-28 10:00:00,2.213,2.124,478.0,True,True,True,3,ok,1.263,0.0,1.263,0.142,0.713,0.142,1.0,100.0
2018-04-28 11:00:00,3.804,3.651,942.0,True,True,True,4,ok,1.263,0.0,1.263,0.0,2.388,0.0,1.0,100.0
2018-04-28 12:00:00,2.983,2.864,669.0,True,True,True,5,ok,1.263,0.0,1.263,0.0,1.601,0.0,1.0,100.0
2018-04-28 13:00:00,2.846,2.732,634.0,True,True,True,6,ok,1.263,0.0,1.263,0.0,1.469,0.0,1.0,100.0
2018-04-28 14:00:00,2.128,2.043,455.0,True,True,False,6,cap_reached,0.0,0.0,0.0,0.0,2.043,0.0,1.0,100.0
2018-04-28 15:00:00,3.11,2.986,730.0,True,True,False,6,cap_reached,0.0,0.0,0.0,0.0,2.986,0.0,1.0,100.0
2018-04-28 16:00:00,1.784,1.713,378.0,True,True,False,6,cap_reached,0.0,0.0,0.0,0.0,1.713,0.0,1.0,100.0
2018-04-28 17:00:00,1.558,1.496,310.0,True,True,False,6,cap_reached,0.0,0.0,0.0,0.0,1.496,0.0,1.0,100.0
2018-04-28 18:00:00,0.589,0.565,93.0,True,True,False,6,cap_reached,0.0,0.0,0.0,0.0,0.565,0.0,1.0,100.0
2018-04-28 19:00:00,0.0,0.0,0.0,False,True,False,6,cap_reached,0.0,0.0,0.0,0.0,0.0,0.0,1.0,100.0
2018-04-28 20:00:00,0.0,0.0,0.0,False,True,False,6,cap_reached,0.0,0.0,0.0,0.0,0.0,0.0,1.0,100.0
2018-04-28 21:00:00,0.0,0.0,0.0,False,True,False,6,cap_reached,0.0,0.0,0.0,0.0,0.0,0.0,1.0,100.0
2018-04-28 22:00:00,0.0,0.0,0.0,False,True,False,6,cap_reached,0.0,0.0,0.0,0.0,0.0,0.0,1.0,100.0
2018-04-28 23:00:00,0.0,0.0,0.0,False,True,False,6,cap_reached,0.0,0.0,0.0,0.0,0.0,0.0,1.0,100.0
2018-04-29 00:00:00,0.0,0.0,0.0,False,True,False,0,night,0.0,0.0,0.0,0.0,0.0,0.0,1.0,100.0
2018-04-29 01:00:00,0.0,0.0,0.0,False,True,False,0,night,0.0,0.0,0.0,0.0,0.0,0.0,1.0,100.0
2018-04-29 02:00:00,0.0,0.0,0.0,False,True,False,0,night,0.0,0.0,0.0,0.0,0.0,0.0,1.0,100.0
2018-04-29 03:00:00,0.0,0.0,0.0,False,True,False,0,night,0.0,0.0,0.0,0.0,0.0,0.0,1.0,100.0
2018-04-29 04:00:00,0.0,0.0,0.0,False,True,False,0,night,0.0,0.0,0.0,0.0,0.0,0.0,1.0,100.0
2018-04-29 05:00:00,0.0,0.0,0.0,False,True,False,0,night,0.0,0.0,0.0,0.0,0.0,0.0,1.0,100.0
2018-04-29 06:00:00,0.293,0.282,40.0,True,True,False,0,battery_empty,0.0,0.0,0.0,0.0,0.282,0.0,1.0,100.0
2018-04-29 07:00:00,1.301,1.249,244.0,True,True,True,1,ok,1.249,0.014,1.263,0.0,0.0,-0.014,0.986,98.6
2018-04-29 08:00:00,2.219,2.13,477.0,True,True,True,2,ok,1.263,0.0,1.263,0.014,0.852,0.014,1.0,100.0
2018-04-29 09:00:00,2.984,2.864,690.0,True,True,True,3,ok,1.263,0.0,1.263,0.0,1.601,0.0,1.0,100.0
2018-04-29 10:00:00,3.562,3.42,861.0,True,True,True,4,ok,1.263,0.0,1.263,0.0,2.157,0.0,1.0,100.0
2018-04-29 11:00:00,3.93,3.773,976.0,True,True,True,5,ok,1.263,0.0,1.263,0.0,2.51,0.0,1.0,100.0
2018-04-29 12:00:00,4.082,3.919,1023.0,True,True,True,6,ok,1.263,0.0,1.263,0.0,2.656,0.0,1.0,100.0
2018-04-29 13:00:00,3.997,3.837,999.0,True,True,False,6,cap_reached,0.0,0.0,0.0,0.0,3.837,0.0,1.0,100.0
2018-04-29 14:00:00,3.687,3.54,904.0,True,True,False,6,cap_reached,0.0,0.0,0.0,0.0,3.54,0.0,1.0,100.0
2018-04-29 15:00:00,3.166,3.039,748.0,True,True,False,6,cap_reached,0.0,0.0,0.0,0.0,3.039,0.0,1.0,100.0
2018-04-29 16:00:00,2.459,2.361,545.0,True,True,False,6,cap_reached,0.0,0.0,0.0,0.0,2.361,0.0,1.0,100.0
2018-04-29 17:00:00,1.594,1.53,317.0,True,True,False,6,cap_reached,0.0,0.0,0.0,0.0,1.53,0.0,1.0,100.0
2018-04-29 18:00:00,0.612,0.588,96.0,True,True,False,6,cap_reached,0.0,0.0,0.0,0.0,0.588,0.0,1.0,100.0
2018-04-29 19:00:00,0.0,0.0,0.0,False,True,False,6,cap_reached,0.0,0.0,0.0,0.0,0.0,0.0,1.0,100.0
2018-04-29 20:00:00,0.0,0.0,0.0,False,True,False,6,cap_reached,0.0,0.0,0.0,0.0,0.0,0.0,1.0,100.0
2018-04-29 21:00:00,0.0,0.0,0.0,False,True,False,6,cap_reached,0.0,0.0,0.0,0.0,0.0,0.0,1.0,100.0
2018-04-29 22:00:00,0.0,0.0,0.0,False,True,False,6,cap_reached,0.0,0.0,0.0,0.0,0.0,0.0,1.0,100.0
2018-04-29 23:00:00,0.0,0.0,0.0,False,True,False,6,cap_reached,0.0,0.0,0.0,0.0,0.0,0.0,1.0,100.0
2018-04-30 00:00:00,0.0,0.0,0.0,False,True,False,0,night,0.0,0.0,0.0,0.0,0.0,0.0,1.0,100.0
2018-04-30 01:00:00,0.0,0.0,0.0,False,True,False,0,night,0.0,0.0,0.0,0.0,0.0,0.0,1.0,100.0
2018-04-30 02:00:00,0.0,0.0,0.0,False,True,False,0,night,0.0,0.0,0.0,0.0,0.0,0.0,1.0,100.0
2018-04-30 03:00:00,0.0,0.0,0.0,False,True,False,0,night,0.0,0.0,0.0,0.0,0.0,0.0,1.0,100.0
2018-04-30 04:00:00,0.0,0.0,0.0,False,True,False,0,night,0.0,0.0,0.0,0.0,0.0,0.0,1.0,100.0
2018-04-30 05:00:00,0.0,0.0,0.0,False,True,False,0,night,0.0,0.0,0.0,0.0,0.0,0.0,1.0,100.0
2018-04-30 06:00:00,0.297,0.285,41.0,True,True,False,0,battery_empty,0.0,0.0,0.0,0.0,0.285,0.0,1.0,100.0
2018-04-30 07:00:00,1.314,1.261,246.0,True,True,True,1,ok,1.261,0.002,1.263,0.0,0.0,-0.002,0.998,99.8
2018-04-30 08:00:00,2.247,2.157,481.0,True,True,True,2,ok,1.263,0.0,1.263,0.002,0.892,0.002,1.0,100.0
2018-04-30 09:00:00,3.025,2.904,697.0,True,True,True,3,ok,1.263,0.0,1.263,0.0,1.641,0.0,1.0,100.0
2018-04-30 10:00:00,3.602,3.458,870.0,True,True,True,4,ok,1.263,0.0,1.263,0.0,2.195,0.0,1.0,100.0
2018-04-30 11:00:00,3.98,3.821,986.0,True,True,True,5,ok,1.263,0.0,1.263,0.0,2.558,0.0,1.0,100.0
2018-04-30 12:00:00,4.134,3.969,1034.0,True,True,True,6,ok,1.263,0.0,1.263,0.0,2.706,0.0,1.0,100.0
2018-04-30 13:00:00,4.04,3.879,1008.0,True,True,False,6,cap_reached,0.0,0.0,0.0,0.0,3.879,0.0,1.0,100.0
2018-04-30 14:00:00,3.735,3.586,913.0,True,True,False,6,cap_reached,0.0,0.0,0.0,0.0,3.586,0.0,1.0,100.0
2018-04-30 15:00:00,3.212,3.084,756.0,True,True,False,6,cap_reached,0.0,0.0,0.0,0.0,3.084,0.0,1.0,100.0
2018-04-30 16:00:00,2.506,2.406,553.0,True,True,False,6,cap_reached,0.0,0.0,0.0,0.0,2.406,0.0,1.0,100.0
2018-04-30 17:00:00,1.632,1.567,322.0,True,True,False,6,cap_reached,0.0,0.0,0.0,0.0,1.567,0.0,1.0,100.0
2018-04-30 18:00:00,0.631,0.605,98.0,True,True,False,6,cap_reached,0.0,0.0,0.0,0.0,0.605,0.0,1.0,100.0
2018-04-30 19:00:00,0.0,0.0,0.0,False,True,False,6,cap_reached,0.0,0.0,0.0,0.0,0.0,0.0,1.0,100.0
2018-04-30 20:00:00,0.0,0.0,0.0,False,True,False,6,cap_reached,0.0,0.0,0.0,0.0,0.0,0.0,1.0,100.0
2018-04-30 21:00:00,0.0,0.0,0.0,False,True,False,6,cap_reached,0.0,0.0,0.0,0.0,0.0,0.0,1.0,100.0
2018-04-30 22:00:00,0.0,0.0,0.0,False,True,False,6,cap_reached,0.0,0.0,0.0,0.0,0.0,0.0,1.0,100.0
2018-04-30 23:00:00,0.0,0.0,0.0,False,True,False,6,cap_reached,0.0,0.0,0.0,0.0,0.0,0.0,1.0,100.0
2018-05-01 00:00:00,0.0,0.0,0.0,False,True,False,0,night,0.0,0.0,0.0,0.0,0.0,0.0,1.0,100.0
2018-05-01 01:00:00,0.0,0.0,0.0,False,True,False,0,night,0.0,0.0,0.0,0.0,0.0,0.0,1.0,100.0
2018-05-01 02:00:00,0.0,0.0,0.0,False,True,False,0,night,0.0,0.0,0.0,0.0,0.0,0.0,1.0,100.0
2018-05-01 03:00:00,0.0,0.0,0.0,False,True,False,0,night,0.0,0.0,0.0,0.0,0.0,0.0,1.0,100.0
2018-05-01 04:00:00,0.0,0.0,0.0,False,True,False,0,night,0.0,0.0,0.0,0.0,0.0,0.0,1.0,100.0
2018-05-01 05:00:00,0.0,0.0,0.0,False,True,False,0,night,0.0,0.0,0.0,0.0,0.0,0.0,1.0,100.0
2018-05-01 06:00:00,0.139,0.134,28.0,True,True,False,0,battery_empty,0.0,0.0,0.0,0.0,0.134,0.0,1.0,100.0
2018-05-01 07:00:00,1.278,1.227,239.0,True,True,True,1,ok,1.227,0.036,1.263,0.0,0.0,-0.038,0.962,96.2
2018-05-01 08:00:00,2.199,2.111,469.0,True,True,True,2,ok,1.263,0.0,1.263,0.038,0.808,0.038,1.0,100.0
2018-05-01 09:00:00,2.966,2.847,679.0,True,True,True,3,ok,1.263,0.0,1.263,0.0,1.584,0.0,1.0,100.0
2018-05-01 10:00:00,3.522,3.381,843.0,True,True,True,4,ok,1.263,0.0,1.263,0.0,2.118,0.0,1.0,100.0
2018-05-01 11:00:00,3.081,2.957,689.0,True,True,True,5,ok,1.263,0.0,1.263,0.0,1.694,0.0,1.0,100.0
2018-05-01 12:00:00,4.029,3.868,996.0,True,True,True,6,ok,1.263,0.0,1.263,0.0,2.605,0.0,1.0,100.0
2018-05-01 13:00:00,3.953,3.795,975.0,True,True,False,6,cap_reached,0.0,0.0,0.0,0.0,3.795,0.0,1.0,100.0
2018-05-01 14:00:00,3.644,3.499,881.0,True,True,False,6,cap_reached,0.0,0.0,0.0,0.0,3.499,0.0,1.0,100.0
2018-05-01 15:00:00,3.122,2.997,727.0,True,True,False,6,cap_reached,0.0,0.0,0.0,0.0,2.997,0.0,1.0,100.0
2018-05-01 16:00:00,1.404,1.348,293.0,True,True,False,6,cap_reached,0.0,0.0,0.0,0.0,1.348,0.0,1.0,100.0
2018-05-01 17:00:00,1.535,1.474,303.0,True,True,False,6,cap_reached,0.0,0.0,0.0,0.0,1.474,0.0,1.0,100.0
2018-05-01 18:00:00,0.552,0.53,90.0,True,True,False,6,cap_reached,0.0,0.0,0.0,0.0,0.53,0.0,1.0,100.0
2018-05-01 19:00:00,0.0,0.0,0.0,False,True,False,6,cap_reached,0.0,0.0,0.0,0.0,0.0,0.0,1.0,100.0
2018-05-01 20:00:00,0.0,0.0,0.0,False,True,False,6,cap_reached,0.0,0.0,0.0,0.0,0.0,0.0,1.0,100.0
2018-05-01 21:00:00,0.0,0.0,0.0,False,True,False,6,cap_reached,0.0,0.0,0.0,0.0,0.0,0.0,1.0,100.0
2018-05-01 22:00:00,0.0,0.0,0.0,False,True,False,6,cap_reached,0.0,0.0,0.0,0.0,0.0,0.0,1.0,100.0
2018-05-01 23:00:00,0.0,0.0,0.0,False,True,False,6,cap_reached,0.0,0.0,0.0,0.0,0.0,0.0,1.0,100.0
2018-05-02 00:00:00,0.0,0.0,0.0,False,True,False,0,night,0.0,0.0,0.0,0.0,0.0,0.0,1.0,100.0
2018-05-02 01:00:00,0.0,0.0,0.0,False,True,False,0,night,0.0,0.0,0.0,0.0,0.0,0.0,1.0,100.0
2018-05-02 02:00:00,0.0,0.0,0.0,False,True,False,0,night,0.0,0.0,0.0,0.0,0.0,0.0,1.0,100.0
2018-05-02 03:00:00,0.0,0.0,0.0,False,True,False,0,night,0.0,0.0,0.0,0.0,0.0,0.0,1.0,100.0
2018-05-02 04:00:00,0.0,0.0,0.0,False,True,False,0,night,0.0,0.0,0.0,0.0,0.0,0.0,1.0,100.0
2018-05-02 05:00:00,0.0,0.0,0.0,False,True,False,0,night,0.0,0.0,0.0,0.0,0.0,0.0,1.0,100.0
2018-05-02 06:00:00,0.06,0.057,12.0,False,True,False,0,night,0.0,0.0,0.0,0.0,0.057,0.0,1.0,100.0
2018-05-02 07:00:00,0.045,0.043,9.0,False,True,False,0,night,0.0,0.0,0.0,0.0,0.043,0.0,1.0,100.0
2018-05-02 08:00:00,0.05,0.048,10.0,False,True,False,0,night,0.0,0.0,0.0,0.0,0.048,0.0,1.0,100.0
2018-05-02 09:00:00,0.793,0.761,163.0,True,True,True,1,ok,0.761,0.502,1.263,0.0,0.0,-0.528,0.472,47.2
2018-05-02 10:00:00,2.488,2.388,541.0,True,True,True,2,ok,1.263,0.0,1.263,0.528,0.569,0.528,1.0,100.0
2018-05-02 11:00:00,3.889,3.734,954.0,True,True,True,3,ok,1.263,0.0,1.263,0.0,2.471,0.0,1.0,100.0
2018-05-02 12:00:00,2.979,2.86,664.0,True,True,True,4,ok,1.263,0.0,1.263,0.0,1.597,0.0,1.0,100.0
2018-05-02 13:00:00,3.151,3.024,707.0,True,True,True,5,ok,1.263,0.0,1.263,0.0,1.761,0.0,1.0,100.0
2018-05-02 14:00:00,1.577,1.514,329.0,True,True,True,6,ok,1.263,0.0,1.263,0.0,0.251,0.0,1.0,100.0
2018-05-02 15:00:00,0.452,0.434,92.0,True,True,False,6,cap_reached,0.0,0.0,0.0,0.0,0.434,0.0,1.0,100.0
2018-05-02 16:00:00,1.44,1.382,300.0,True,True,False,6,cap_reached,0.0,0.0,0.0,0.0,1.382,0.0,1.0,100.0
2018-05-02 17:00:00,1.512,1.452,299.0,True,True,False,6,cap_reached,0.0,0.0,0.0,0.0,1.452,0.0,1.0,100.0
2018-05-02 18:00:00,0.52,0.499,88.0,True,True,False,6,cap_reached,0.0,0.0,0.0,0.0,0.499,0.0,1.0,100.0
2018-05-02 19:00:00,0.0,0.0,0.0,False,True,False,6,cap_reached,0.0,0.0,0.0,0.0,0.0,0.0,1.0,100.0
2018-05-02 20:00:00,0.0,0.0,0.0,False,True,False,6,cap_reached,0.0,0.0,0.0,0.0,0.0,0.0,1.0,100.0
2018-05-02 21:00:00,0.0,0.0,0.0,False,True,False,6,cap_reached,0.0,0.0,0.0,0.0,0.0,0.0,1.0,100.0
2018-05-02 22:00:00,0.0,0.0,0.0,False,True,False,6,cap_reached,0.0,0.0,0.0,0.0,0.0,0.0,1.0,100.0
2018-05-02 23:00:00,0.0,0.0,0.0,False,True,False,6,cap_reached,0.0,0.0,0.0,0.0,0.0,0.0,1.0,100.0
2018-05-03 00:00:00,0.0,0.0,0.0,False,True,False,0,night,0.0,0.0,0.0,0.0,0.0,0.0,1.0,100.0
2018-05-03 01:00:00,0.0,0.0,0.0,False,True,False,0,night,0.0,0.0,0.0,0.0,0.0,0.0,1.0,100.0
2018-05-03 02:00:00,0.0,0.0,0.0,False,True,False,0,night,0.0,0.0,0.0,0.0,0.0,0.0,1.0,100.0
2018-05-03 03:00:00,0.0,0.0,0.0,False,True,False,0,night,0.0,0.0,0.0,0.0,0.0,0.0,1.0,100.0
2018-05-03 04:00:00,0.0,0.0,0.0,False,True,False,0,night,0.0,0.0,0.0,0.0,0.0,0.0,1.0,100.0
2018-05-03 05:00:00,0.0,0.0,0.0,False,True,False,0,night,0.0,0.0,0.0,0.0,0.0,0.0,1.0,100.0
2018-05-03 06:00:00,0.269,0.258,42.0,True,True,False,0,battery_empty,0.0,0.0,0.0,0.0,0.258,0.0,1.0,100.0
2018-05-03 07:00:00,1.276,1.225,238.0,True,True,True,1,ok,1.225,0.038,1.263,0.0,0.0,-0.04,0.96,96.0
2018-05-03 08:00:00,2.193,2.105,465.0,True,True,True,2,ok,1.263,0.0,1.263,0.04,0.8,0.04,1.0,100.0
2018-05-03 09:00:00,2.955,2.837,674.0,True,True,True,3,ok,1.263,0.0,1.263,0.0,1.574,0.0,1.0,100.0
2018-05-03 10:00:00,2.718,2.609,599.0,True,True,True,4,ok,1.263,0.0,1.263,0.0,1.346,0.0,1.0,100.0
2018-05-03 11:00:00,1.961,1.883,416.0,True,True,True,5,ok,1.263,0.0,1.263,0.0,0.62,0.0,1.0,100.0
2018-05-03 12:00:00,2.375,2.28,513.0,True,True,True,6,ok,1.263,0.0,1.263,0.0,1.017,0.0,1.0,100.0
2018-05-03 13:00:00,3.325,3.192,758.0,True,True,False,6,cap_reached,0.0,0.0,0.0,0.0,3.192,0.0,1.0,100.0
2018-05-03 14:00:00,3.676,3.529,891.0,True,True,False,6,cap_reached,0.0,0.0,0.0,0.0,3.529,0.0,1.0,100.0
2018-05-03 15:00:00,3.164,3.038,736.0,True,True,False,6,cap_reached,0.0,0.0,0.0,0.0,3.038,0.0,1.0,100.0
2018-05-03 16:00:00,1.389,1.333,289.0,True,True,False,6,cap_reached,0.0,0.0,0.0,0.0,1.333,0.0,1.0,100.0
2018-05-03 17:00:00,1.572,1.51,309.0,True,True,False,6,cap_reached,0.0,0.0,0.0,0.0,1.51,0.0,1.0,100.0
2018-05-03 18:00:00,0.577,0.554,94.0,True,True,False,6,cap_reached,0.0,0.0,0.0,0.0,0.554,0.0,1.0,100.0
2018-05-03 19:00:00,0.0,0.0,0.0,False,True,False,6,cap_reached,0.0,0.0,0.0,0.0,0.0,0.0,1.0,100.0
2018-05-03 20:00:00,0.0,0.0,0.0,False,True,False,6,cap_reached,0.0,0.0,0.0,0.0,0.0,0.0,1.0,100.0
2018-05-03 21:00:00,0.0,0.0,0.0,False,True,False,6,cap_reached,0.0,0.0,0.0,0.0,0.0,0.0,1.0,100.0
2018-05-03 22:00:00,0.0,0.0,0.0,False,True,False,6,cap_reached,0.0,0.0,0.0,0.0,0.0,0.0,1.0,100.0
2018-05-03 23:00:00,0.0,0.0,0.0,False,True,False,6,cap_reached,0.0,0.0,0.0,0.0,0.0,0.0,1.0,100.0
2018-05-04 00:00:00,0.0,0.0,0.0,False,True,False,0,night,0.0,0.0,0.0,0.0,0.0,0.0,1.0,100.0
2018-05-04 01:00:00,0.0,0.0,0.0,False,True,False,0,night,0.0,0.0,0.0,0.0,0.0,0.0,1.0,100.0
2018-05-04 02:00:00,0.0,0.0,0.0,False,True,False,0,night,0.0,0.0,0.0,0.0,0.0,0.0,1.0,100.0
2018-05-04 03:00:00,0.0,0.0,0.0,False,True,False,0,night,0.0,0.0,0.0,0.0,0.0,0.0,1.0,100.0
2018-05-04 04:00:00,0.0,0.0,0.0,False,True,False,0,night,0.0,0.0,0.0,0.0,0.0,0.0,1.0,100.0
2018-05-04 05:00:00,0.0,0.0,0.0,False,True,False,0,night,0.0,0.0,0.0,0.0,0.0,0.0,1.0,100.0
2018-05-04 06:00:00,0.262,0.252,43.0,True,True,False,0,battery_empty,0.0,0.0,0.0,0.0,0.252,0.0,1.0,100.0
2018-05-04 07:00:00,1.277,1.226,240.0,True,True,True,1,ok,1.226,0.037,1.263,0.0,0.0,-0.039,0.961,96.1
2018-05-04 08:00:00,2.22,2.131,468.0,True,True,True,2,ok,1.263,0.0,1.263,0.039,0.826,0.039,1.0,100.0
2018-05-04 09:00:00,2.977,2.858,675.0,True,True,True,3,ok,1.263,0.0,1.263,0.0,1.595,0.0,1.0,100.0
2018-05-04 10:00:00,2.41,2.314,525.0,True,True,True,4,ok,1.263,0.0,1.263,0.0,1.051,0.0,1.0,100.0
2018-05-04 11:00:00,2.655,2.549,583.0,True,True,True,5,ok,1.263,0.0,1.263,0.0,1.286,0.0,1.0,100.0
2018-05-04 12:00:00,1.072,1.029,221.0,True,True,True,6,ok,1.029,0.234,1.263,0.0,0.0,-0.247,0.753,75.3
2018-05-04 13:00:00,2.692,2.584,589.0,True,True,False,6,cap_reached,0.0,0.0,0.0,0.247,2.325,0.247,1.0,100.0
2018-05-04 14:00:00,2.498,2.398,543.0,True,True,False,6,cap_reached,0.0,0.0,0.0,0.0,2.398,0.0,1.0,100.0
2018-05-04 15:00:00,2.342,2.248,505.0,True,True,False,6,cap_reached,0.0,0.0,0.0,0.0,2.248,0.0,1.0,100.0
2018-05-04 16:00:00,1.2,1.152,248.0,True,True,False,6,cap_reached,0.0,0.0,0.0,0.0,1.152,0.0,1.0,100.0
2018-05-04 17:00:00,0.788,0.756,159.0,True,True,False,6,cap_reached,0.0,0.0,0.0,0.0,0.756,0.0,1.0,100.0
2018-05-04 18:00:00,0.223,0.214,45.0,True,True,False,6,cap_reached,0.0,0.0,0.0,0.0,0.214,0.0,1.0,100.0
2018-05-04 19:00:00,0.0,0.0,0.0,False,True,False,6,cap_reached,0.0,0.0,0.0,0.0,0.0,0.0,1.0,100.0
2018-05-04 20:00:00,0.0,0.0,0.0,False,True,False,6,cap_reached,0.0,0.0,0.0,0.0,0.0,0.0,1.0,100.0
2018-05-04 21:00:00,0.0,0.0,0.0,False,True,False,6,cap_reached,0.0,0.0,0.0,0.0,0.0,0.0,1.0,100.0
2018-05-04 22:00:00,0.0,0.0,0.0,False,True,False,6,cap_reached,0.0,0.0,0.0,0.0,0.0,0.0,1.0,100.0
2018-05-04 23:00:00,0.0,0.0,0.0,False,True,False,6,cap_reached,0.0,0.0,0.0,0.0,0.0,0.0,1.0,100.0
2018-05-05 00:00:00,0.0,0.0,0.0,False,True,False,0,night,0.0,0.0,0.0,0.0,0.0,0.0,1.0,100.0
2018-05-05 01:00:00,0.0,0.0,0.0,False,True,False,0,night,0.0,0.0,0.0,0.0,0.0,0.0,1.0,100.0
2018-05-05 02:00:00,0.0,0.0,0.0,False,True,False,0,night,0.0,0.0,0.0,0.0,0.0,0.0,1.0,100.0
2018-05-05 03:00:00,0.0,0.0,0.0,False,True,False,0,night,0.0,0.0,0.0,0.0,0.0,0.0,1.0,100.0
2018-05-05 04:00:00,0.0,0.0,0.0,False,True,False,0,night,0.0,0.0,0.0,0.0,0.0,0.0,1.0,100.0
2018-05-05 05:00:00,0.0,0.0,0.0,False,True,False,0,night,0.0,0.0,0.0,0.0,0.0,0.0,1.0,100.0
2018-05-05 06:00:00,0.171,0.164,34.0,True,True,False,0,battery_empty,0.0,0.0,0.0,0.0,0.164,0.0,1.0,100.0
2018-05-05 07:00:00,1.061,1.018,207.0,True,True,True,1,ok,1.018,0.245,1.263,0.0,0.0,-0.258,0.742,74.2
2018-05-05 08:00:00,1.776,1.705,372.0,True,True,True,2,ok,1.263,0.0,1.263,0.258,0.171,0.258,1.0,100.0
2018-05-05 09:00:00,3.076,2.953,703.0,True,True,True,3,ok,1.263,0.0,1.263,0.0,1.69,0.0,1.0,100.0
2018-05-05 10:00:00,2.192,2.104,472.0,True,True,True,4,ok,1.263,0.0,1.263,0.0,0.841,0.0,1.0,100.0
2018-05-05 11:00:00,3.5,3.36,808.0,True,True,True,5,ok,1.263,0.0,1.263,0.0,2.097,0.0,1.0,100.0
2018-05-05 12:00:00,4.118,3.953,1022.0,True,True,True,6,ok,1.263,0.0,1.263,0.0,2.69,0.0,1.0,100.0
2018-05-05 13:00:00,4.037,3.876,998.0,True,True,False,6,cap_reached,0.0,0.0,0.0,0.0,3.876,0.0,1.0,100.0
2018-05-05 14:00:00,3.735,3.586,904.0,True,True,False,6,cap_reached,0.0,0.0,0.0,0.0,3.586,0.0,1.0,100.0
2018-05-05 15:00:00,3.231,3.102,752.0,True,True,False,6,cap_reached,0.0,0.0,0.0,0.0,3.102,0.0,1.0,100.0
2018-05-05 16:00:00,1.377,1.322,288.0,True,True,False,6,cap_reached,0.0,0.0,0.0,0.0,1.322,0.0,1.0,100.0
2018-05-05 17:00:00,1.641,1.576,320.0,True,True,False,6,cap_reached,0.0,0.0,0.0,0.0,1.576,0.0,1.0,100.0
2018-05-05 18:00:00,0.629,0.604,99.0,True,True,False,6,cap_reached,0.0,0.0,0.0,0.0,0.604,0.0,1.0,100.0
2018-05-05 19:00:00,0.0,0.0,0.0,False,True,False,6,cap_reached,0.0,0.0,0.0,0.0,0.0,0.0,1.0,100.0
2018-05-05 20:00:00,0.0,0.0,0.0,False,True,False,6,cap_reached,0.0,0.0,0.0,0.0,0.0,0.0,1.0,100.0
2018-05-05 21:00:00,0.0,0.0,0.0,False,True,False,6,cap_reached,0.0,0.0,0.0,0.0,0.0,0.0,1.0,100.0
2018-05-05 22:00:00,0.0,0.0,0.0,False,True,False,6,cap_reached,0.0,0.0,0.0,0.0,0.0,0.0,1.0,100.0
2018-05-05 23:00:00,0.0,0.0,0.0,False,True,False,6,cap_reached,0.0,0.0,0.0,0.0,0.0,0.0,1.0,100.0
2018-05-06 00:00:00,0.0,0.0,0.0,False,True,False,0,night,0.0,0.0,0.0,0.0,0.0,0.0,1.0,100.0
2018-05-06 01:00:00,0.0,0.0,0.0,False,True,False,0,night,0.0,0.0,0.0,0.0,0.0,0.0,1.0,100.0
2018-05-06 02:00:00,0.0,0.0,0.0,False,True,False,0,night,0.0,0.0,0.0,0.0,0.0,0.0,1.0,100.0
2018-05-06 03:00:00,0.0,0.0,0.0,False,True,False,0,night,0.0,0.0,0.0,0.0,0.0,0.0,1.0,100.0
2018-05-06 04:00:00,0.0,0.0,0.0,False,True,False,0,night,0.0,0.0,0.0,0.0,0.0,0.0,1.0,100.0
2018-05-06 05:00:00,0.0,0.0,0.0,False,True,False,0,night,0.0,0.0,0.0,0.0,0.0,0.0,1.0,100.0
2018-05-06 06:00:00,0.333,0.319,48.0,True,True,False,0,battery_empty,0.0,0.0,0.0,0.0,0.319,0.0,1.0,100.0
2018-05-06 07:00:00,1.336,1.283,247.0,True,True,True,1,ok,1.263,0.0,1.263,0.0,0.02,0.0,1.0,100.0
2018-05-06 08:00:00,2.238,2.148,472.0,True,True,True,2,ok,1.263,0.0,1.263,0.0,0.885,0.0,1.0,100.0
2018-05-06 09:00:00,2.986,2.866,679.0,True,True,True,3,ok,1.263,0.0,1.263,0.0,1.603,0.0,1.0,100.0
2018-05-06 10:00:00,3.559,3.416,849.0,True,True,True,4,ok,1.263,0.0,1.263,0.0,2.153,0.0,1.0,100.0
2018-05-06 11:00:00,3.914,3.758,962.0,True,True,True,5,ok,1.263,0.0,1.263,0.0,2.495,0.0,1.0,100.0
2018-05-06 12:00:00,4.056,3.894,1005.0,True,True,True,6,ok,1.263,0.0,1.263,0.0,2.631,0.0,1.0,100.0
2018-05-06 13:00:00,2.123,2.039,456.0,True,True,False,6,cap_reached,0.0,0.0,0.0,0.0,2.039,0.0,1.0,100.0
2018-05-06 14:00:00,3.653,3.507,883.0,True,True,False,6,cap_reached,0.0,0.0,0.0,0.0,3.507,0.0,1.0,100.0
2018-05-06 15:00:00,2.689,2.581,607.0,True,True,False,6,cap_reached,0.0,0.0,0.0,0.0,2.581,0.0,1.0,100.0
2018-05-06 16:00:00,2.464,2.365,536.0,True,True,False,6,cap_reached,0.0,0.0,0.0,0.0,2.365,0.0,1.0,100.0
2018-05-06 17:00:00,1.623,1.559,316.0,True,True,False,6,cap_reached,0.0,0.0,0.0,0.0,1.559,0.0,1.0,100.0
2018-05-06 18:00:00,0.346,0.332,70.0,True,True,False,6,cap_reached,0.0,0.0,0.0,0.0,0.332,0.0,1.0,100.0
2018-05-06 19:00:00,0.0,0.0,0.0,False,True,False,6,cap_reached,0.0,0.0,0.0,0.0,0.0,0.0,1.0,100.0
2018-05-06 20:00:00,0.0,0.0,0.0,False,True,False,6,cap_reached,0.0,0.0,0.0,0.0,0.0,0.0,1.0,100.0
2018-05-06 21:00:00,0.0,0.0,0.0,False,True,False,6,cap_reached,0.0,0.0,0.0,0.0,0.0,0.0,1.0,100.0
2018-05-06 22:00:00,0.0,0.0,0.0,False,True,False,6,cap_reached,0.0,0.0,0.0,0.0,0.0,0.0,1.0,100.0
2018-05-06 23:00:00,0.0,0.0,0.0,False,True,False,6,cap_reached,0.0,0.0,0.0,0.0,0.0,0.0,1.0,100.0
2018-05-07 00:00:00,0.0,0.0,0.0,False,True,False,0,night,0.0,0.0,0.0,0.0,0.0,0.0,1.0,100.0
2018-05-07 01:00:00,0.0,0.0,0.0,False,True,False,0,night,0.0,0.0,0.0,0.0,0.0,0.0,1.0,100.0
2018-05-07 02:00:00,0.0,0.0,0.0,False,True,False,0,night,0.0,0.0,0.0,0.0,0.0,0.0,1.0,100.0
2018-05-07 03:00:00,0.0,0.0,0.0,False,True,False,0,night,0.0,0.0,0.0,0.0,0.0,0.0,1.0,100.0
2018-05-07 04:00:00,0.0,0.0,0.0,False,True,False,0,night,0.0,0.0,0.0,0.0,0.0,0.0,1.0,100.0
2018-05-07 05:00:00,0.0,0.0,0.0,False,True,False,0,night,0.0,0.0,0.0,0.0,0.0,0.0,1.0,100.0
2018-05-07 06:00:00,0.074,0.071,15.0,False,True,False,0,night,0.0,0.0,0.0,0.0,0.071,0.0,1.0,100.0
2018-05-07 07:00:00,0.454,0.436,92.0,True,True,True,1,ok,0.436,0.827,1.263,0.0,0.0,-0.87,0.13,13.0
2018-05-07 08:00:00,0.699,0.671,144.0,True,True,False,1,battery_empty,0.0,0.0,0.0,0.638,0.0,0.638,0.768,76.8
2018-05-07 09:00:00,1.525,1.464,318.0,True,True,True,2,ok,1.263,0.0,1.263,0.191,0.0,0.191,0.959,95.9
2018-05-07 10:00:00,1.406,1.35,293.0,True,True,True,3,ok,1.263,0.0,1.263,0.041,0.044,0.041,1.0,100.0
2018-05-07 11:00:00,3.926,3.769,961.0,True,True,True,4,ok,1.263,0.0,1.263,0.0,2.506,0.0,1.0,100.0
2018-05-07 12:00:00,2.124,2.039,456.0,True,True,True,5,ok,1.263,0.0,1.263,0.0,0.776,0.0,1.0,100.0
2018-05-07 13:00:00,0.43,0.413,89.0,True,True,True,6,ok,0.413,0.85,1.263,0.0,0.0,-0.895,0.105,10.5
2018-05-07 14:00:00,3.683,3.536,890.0,True,True,False,6,cap_reached,0.0,0.0,0.0,0.895,2.594,0.895,1.0,100.0
2018-05-07 15:00:00,3.179,3.052,738.0,True,True,False,6,cap_reached,0.0,0.0,0.0,0.0,3.052,0.0,1.0,100.0
2018-05-07 16:00:00,0.791,0.759,164.0,True,True,False,6,cap_reached,0.0,0.0,0.0,0.0,0.759,0.0,1.0,100.0
2018-05-07 17:00:00,0.494,0.474,101.0,True,True,False,6,cap_reached,0.0,0.0,0.0,0.0,0.474,0.0,1.0,100.0
2018-05-07 18:00:00,0.695,0.668,104.0,True,True,False,6,cap_reached,0.0,0.0,0.0,0.0,0.668,0.0,1.0,100.0
2018-05-07 19:00:00,0.0,0.0,0.0,False,True,False,6,cap_reached,0.0,0.0,0.0,0.0,0.0,0.0,1.0,100.0
2018-05-07 20:00:00,0.0,0.0,0.0,False,True,False,6,cap_reached,0.0,0.0,0.0,0.0,0.0,0.0,1.0,100.0
2018-05-07 21:00:00,0.0,0.0,0.0,False,True,False,6,cap_reached,0.0,0.0,0.0,0.0,0.0,0.0,1.0,100.0
2018-05-07 22:00:00,0.0,0.0,0.0,False,True,False,6,cap_reached,0.0,0.0,0.0,0.0,0.0,0.0,1.0,100.0
2018-05-07 23:00:00,0.0,0.0,0.0,False,True,False,6,cap_reached,0.0,0.0,0.0,0.0,0.0,0.0,1.0,100.0
2018-05-08 00:00:00,0.0,0.0,0.0,False,True,False,0,night,0.0,0.0,0.0,0.0,0.0,0.0,1.0,100.0
2018-05-08 01:00:00,0.0,0.0,0.0,False,True,False,0,night,0.0,0.0,0.0,0.0,0.0,0.0,1.0,100.0
2018-05-08 02:00:00,0.0,0.0,0.0,False,True,False,0,night,0.0,0.0,0.0,0.0,0.0,0.0,1.0,100.0
2018-05-08 03:00:00,0.0,0.0,0.0,False,True,False,0,night,0.0,0.0,0.0,0.0,0.0,0.0,1.0,100.0
2018-05-08 04:00:00,0.0,0.0,0.0,False,True,False,0,night,0.0,0.0,0.0,0.0,0.0,0.0,1.0,100.0
2018-05-08 05:00:00,0.0,0.0,0.0,False,True,False,0,night,0.0,0.0,0.0,0.0,0.0,0.0,1.0,100.0
2018-05-08 06:00:00,0.164,0.157,33.0,True,True,False,0,battery_empty,0.0,0.0,0.0,0.0,0.157,0.0,1.0,100.0
2018-05-08 07:00:00,1.418,1.361,258.0,True,True,True,1,ok,1.263,0.0,1.263,0.0,0.098,0.0,1.0,100.0
2018-05-08 08:00:00,2.314,2.222,484.0,True,True,True,2,ok,1.263,0.0,1.263,0.0,0.959,0.0,1.0,100.0
2018-05-08 09:00:00,3.05,2.928,691.0,True,True,True,3,ok,1.263,0.0,1.263,0.0,1.665,0.0,1.0,100.0
2018-05-08 10:00:00,3.611,3.467,858.0,True,True,True,4,ok,1.263,0.0,1.263,0.0,2.204,0.0,1.0,100.0
2018-05-08 11:00:00,3.957,3.798,966.0,True,True,True,5,ok,1.263,0.0,1.263,0.0,2.535,0.0,1.0,100.0
2018-05-08 12:00:00,4.104,3.94,1011.0,True,True,True,6,ok,1.263,0.0,1.263,0.0,2.677,0.0,1.0,100.0
2018-05-08 13:00:00,4.023,3.862,988.0,True,True,False,6,cap_reached,0.0,0.0,0.0,0.0,3.862,0.0,1.0,100.0
2018-05-08 14:00:00,3.125,3.0,721.0,True,True,False,6,cap_reached,0.0,0.0,0.0,0.0,3.0,0.0,1.0,100.0
2018-05-08 15:00:00,3.216,3.087,741.0,True,True,False,6,cap_reached,0.0,0.0,0.0,0.0,3.087,0.0,1.0,100.0
2018-05-08 16:00:00,2.504,2.404,541.0,True,True,False,6,cap_reached,0.0,0.0,0.0,0.0,2.404,0.0,1.0,100.0
2018-05-08 17:00:00,1.631,1.566,315.0,True,True,False,6,cap_reached,0.0,0.0,0.0,0.0,1.566,0.0,1.0,100.0
2018-05-08 18:00:00,0.318,0.306,64.0,True,True,False,6,cap_reached,0.0,0.0,0.0,0.0,0.306,0.0,1.0,100.0
2018-05-08 19:00:00,0.0,0.0,0.0,False,True,False,6,cap_reached,0.0,0.0,0.0,0.0,0.0,0.0,1.0,100.0
2018-05-08 20:00:00,0.0,0.0,0.0,False,True,False,6,cap_reached,0.0,0.0,0.0,0.0,0.0,0.0,1.0,100.0
2018-05-08 21:00:00,0.0,0.0,0.0,False,True,False,6,cap_reached,0.0,0.0,0.0,0.0,0.0,0.0,1.0,100.0
2018-05-08 22:00:00,0.0,0.0,0.0,False,True,False,6,cap_reached,0.0,0.0,0.0,0.0,0.0,0.0,1.0,100.0
2018-05-08 23:00:00,0.0,0.0,0.0,False,True,False,6,cap_reached,0.0,0.0,0.0,0.0,0.0,0.0,1.0,100.0
2018-05-09 00:00:00,0.0,0.0,0.0,False,True,False,0,night,0.0,0.0,0.0,0.0,0.0,0.0,1.0,100.0
2018-05-09 01:00:00,0.0,0.0,0.0,False,True,False,0,night,0.0,0.0,0.0,0.0,0.0,0.0,1.0,100.0
2018-05-09 02:00:00,0.0,0.0,0.0,False,True,False,0,night,0.0,0.0,0.0,0.0,0.0,0.0,1.0,100.0
2018-05-09 03:00:00,0.0,0.0,0.0,False,True,False,0,night,0.0,0.0,0.0,0.0,0.0,0.0,1.0,100.0
2018-05-09 04:00:00,0.0,0.0,0.0,False,True,False,0,night,0.0,0.0,0.0,0.0,0.0,0.0,1.0,100.0
2018-05-09 05:00:00,0.0,0.0,0.0,False,True,False,0,night,0.0,0.0,0.0,0.0,0.0,0.0,1.0,100.0
2018-05-09 06:00:00,0.418,0.401,55.0,True,True,False,0,battery_empty,0.0,0.0,0.0,0.0,0.401,0.0,1.0,100.0
2018-05-09 07:00:00,0.459,0.44,94.0,True,True,True,1,ok,0.44,0.823,1.263,0.0,0.0,-0.866,0.134,13.4
2018-05-09 08:00:00,2.313,2.22,485.0,True,True,True,2,ok,1.263,0.0,1.263,0.866,0.046,0.866,1.0,100.0
2018-05-09 09:00:00,2.353,2.259,512.0,True,True,True,3,ok,1.263,0.0,1.263,0.0,0.996,0.0,1.0,100.0
2018-05-09 10:00:00,3.615,3.47,858.0,True,True,True,4,ok,1.263,0.0,1.263,0.0,2.207,0.0,1.0,100.0
2018-05-09 11:00:00,3.963,3.805,967.0,True,True,True,5,ok,1.263,0.0,1.263,0.0,2.542,0.0,1.0,100.0
2018-05-09 12:00:00,3.477,3.338,817.0,True,True,True,6,ok,1.263,0.0,1.263,0.0,2.075,0.0,1.0,100.0
2018-05-09 13:00:00,3.425,3.288,803.0,True,True,False,6,cap_reached,0.0,0.0,0.0,0.0,3.288,0.0,1.0,100.0
2018-05-09 14:00:00,3.082,2.959,706.0,True,True,False,6,cap_reached,0.0,0.0,0.0,0.0,2.959,0.0,1.0,100.0
2018-05-09 15:00:00,3.215,3.086,739.0,True,True,False,6,cap_reached,0.0,0.0,0.0,0.0,3.086,0.0,1.0,100.0
2018-05-09 16:00:00,2.526,2.425,543.0,True,True,False,6,cap_reached,0.0,0.0,0.0,0.0,2.425,0.0,1.0,100.0
2018-05-09 17:00:00,1.675,1.608,321.0,True,True,False,6,cap_reached,0.0,0.0,0.0,0.0,1.608,0.0,1.0,100.0
2018-05-09 18:00:00,0.7,0.672,106.0,True,True,False,6,cap_reached,0.0,0.0,0.0,0.0,0.672,0.0,1.0,100.0
2018-05-09 19:00:00,0.0,0.0,0.0,False,True,False,6,cap_reached,0.0,0.0,0.0,0.0,0.0,0.0,1.0,100.0
2018-05-09 20:00:00,0.0,0.0,0.0,False,True,False,6,cap_reached,0.0,0.0,0.0,0.0,0.0,0.0,1.0,100.0
2018-05-09 21:00:00,0.0,0.0,0.0,False,True,False,6,cap_reached,0.0,0.0,0.0,0.0,0.0,0.0,1.0,100.0
2018-05-09 22:00:00,0.0,0.0,0.0,False,True,False,6,cap_reached,0.0,0.0,0.0,0.0,0.0,0.0,1.0,100.0
2018-05-09 23:00:00,0.0,0.0,0.0,False,True,False,6,cap_reached,0.0,0.0,0.0,0.0,0.0,0.0,1.0,100.0
2018-05-10 00:00:00,0.0,0.0,0.0,False,True,False,0,night,0.0,0.0,0.0,0.0,0.0,0.0,1.0,100.0
2018-05-10 01:00:00,0.0,0.0,0.0,False,True,False,0,night,0.0,0.0,0.0,0.0,0.0,0.0,1.0,100.0
2018-05-10 02:00:00,0.0,0.0,0.0,False,True,False,0,night,0.0,0.0,0.0,0.0,0.0,0.0,1.0,100.0
2018-05-10 03:00:00,0.0,0.0,0.0,False,True,False,0,night,0.0,0.0,0.0,0.0,0.0,0.0,1.0,100.0
2018-05-10 04:00:00,0.0,0.0,0.0,False,True,False,0,night,0.0,0.0,0.0,0.0,0.0,0.0,1.0,100.0
2018-05-10 05:00:00,0.0,0.0,0.0,False,True,False,0,night,0.0,0.0,0.0,0.0,0.0,0.0,1.0,100.0
2018-05-10 06:00:00,0.139,0.133,28.0,True,True,False,0,battery_empty,0.0,0.0,0.0,0.0,0.133,0.0,1.0,100.0
2018-05-10 07:00:00,1.413,1.357,257.0,True,True,True,1,ok,1.263,0.0,1.263,0.0,0.094,0.0,1.0,100.0
2018-05-10 08:00:00,2.3,2.208,480.0,True,True,True,2,ok,1.263,0.0,1.263,0.0,0.945,0.0,1.0,100.0
2018-05-10 09:00:00,2.232,2.142,478.0,True,True,True,3,ok,1.263,0.0,1.263,0.0,0.879,0.0,1.0,100.0
2018-05-10 10:00:00,2.974,2.855,674.0,True,True,True,4,ok,1.263,0.0,1.263,0.0,1.592,0.0,1.0,100.0
2018-05-10 11:00:00,3.115,2.99,712.0,True,True,True,5,ok,1.263,0.0,1.263,0.0,1.727,0.0,1.0,100.0
2018-05-10 12:00:00,3.205,3.077,739.0,True,True,True,6,ok,1.263,0.0,1.263,0.0,1.814,0.0,1.0,100.0
2018-05-10 13:00:00,2.865,2.75,646.0,True,True,False,6,cap_reached,0.0,0.0,0.0,0.0,2.75,0.0,1.0,100.0
2018-05-10 14:00:00,2.571,2.469,568.0,True,True,False,6,cap_reached,0.0,0.0,0.0,0.0,2.469,0.0,1.0,100.0
2018-05-10 15:00:00,1.45,1.392,303.0,True,True,False,6,cap_reached,0.0,0.0,0.0,0.0,1.392,0.0,1.0,100.0
2018-05-10 16:00:00,1.173,1.126,242.0,True,True,False,6,cap_reached,0.0,0.0,0.0,0.0,1.126,0.0,1.0,100.0
2018-05-10 17:00:00,0.926,0.889,188.0,True,True,False,6,cap_reached,0.0,0.0,0.0,0.0,0.889,0.0,1.0,100.0
2018-05-10 18:00:00,0.165,0.158,33.0,True,True,False,6,cap_reached,0.0,0.0,0.0,0.0,0.158,0.0,1.0,100.0
2018-05-10 19:00:00,0.0,0.0,0.0,False,True,False,6,cap_reached,0.0,0.0,0.0,0.0,0.0,0.0,1.0,100.0
2018-05-10 20:00:00,0.0,0.0,0.0,False,True,False,6,cap_reached,0.0,0.0,0.0,0.0,0.0,0.0,1.0,100.0
2018-05-10 21:00:00,0.0,0.0,0.0,False,True,False,6,cap_reached,0.0,0.0,0.0,0.0,0.0,0.0,1.0,100.0
2018-05-10 22:00:00,0.0,0.0,0.0,False,True,False,6,cap_reached,0.0,0.0,0.0,0.0,0.0,0.0,1.0,100.0
2018-05-10 23:00:00,0.0,0.0,0.0,False,True,False,6,cap_reached,0.0,0.0,0.0,0.0,0.0,0.0,1.0,100.0
2018-05-11 00:00:00,0.0,0.0,0.0,False,True,False,0,night,0.0,0.0,0.0,0.0,0.0,0.0,1.0,100.0
2018-05-11 01:00:00,0.0,0.0,0.0,False,True,False,0,night,0.0,0.0,0.0,0.0,0.0,0.0,1.0,100.0
2018-05-11 02:00:00,0.0,0.0,0.0,False,True,False,0,night,0.0,0.0,0.0,0.0,0.0,0.0,1.0,100.0
2018-05-11 03:00:00,0.0,0.0,0.0,False,True,False,0,night,0.0,0.0,0.0,0.0,0.0,0.0,1.0,100.0
2018-05-11 04:00:00,0.0,0.0,0.0,False,True,False,0,night,0.0,0.0,0.0,0.0,0.0,0.0,1.0,100.0
2018-05-11 05:00:00,0.0,0.0,0.0,False,True,False,0,night,0.0,0.0,0.0,0.0,0.0,0.0,1.0,100.0
2018-05-11 06:00:00,0.15,0.144,30.0,True,True,False,0,battery_empty,0.0,0.0,0.0,0.0,0.144,0.0,1.0,100.0
2018-05-11 07:00:00,0.793,0.761,158.0,True,True,True,1,ok,0.761,0.502,1.263,0.0,0.0,-0.528,0.472,47.2
2018-05-11 08:00:00,1.616,1.551,334.0,True,True,True,2,ok,1.263,0.0,1.263,0.274,0.0,0.274,0.746,74.6
2018-05-11 09:00:00,2.351,2.257,511.0,True,True,True,3,ok,1.263,0.0,1.263,0.254,0.726,0.254,1.0,100.0
2018-05-11 10:00:00,3.047,2.926,693.0,True,True,True,4,ok,1.263,0.0,1.263,0.0,1.663,0.0,1.0,100.0
2018-05-11 11:00:00,3.405,3.268,797.0,True,True,True,5,ok,1.263,0.0,1.263,0.0,2.005,0.0,1.0,100.0
2018-05-11 12:00:00,4.09,3.927,999.0,True,True,True,6,ok,1.263,0.0,1.263,0.0,2.664,0.0,1.0,100.0
2018-05-11 13:00:00,3.32,3.187,768.0,True,True,False,6,cap_reached,0.0,0.0,0.0,0.0,3.187,0.0,1.0,100.0
2018-05-11 14:00:00,3.708,3.559,881.0,True,True,False,6,cap_reached,0.0,0.0,0.0,0.0,3.559,0.0,1.0,100.0
2018-05-11 15:00:00,2.838,2.724,635.0,True,True,False,6,cap_reached,0.0,0.0,0.0,0.0,2.724,0.0,1.0,100.0
2018-05-11 16:00:00,2.296,2.204,488.0,True,True,False,6,cap_reached,0.0,0.0,0.0,0.0,2.204,0.0,1.0,100.0
2018-05-11 17:00:00,1.06,1.017,212.0,True,True,False,6,cap_reached,0.0,0.0,0.0,0.0,1.017,0.0,1.0,100.0
2018-05-11 18:00:00,0.288,0.276,58.0,True,True,False,6,cap_reached,0.0,0.0,0.0,0.0,0.276,0.0,1.0,100.0
2018-05-11 19:00:00,0.0,0.0,0.0,False,True,False,6,cap_reached,0.0,0.0,0.0,0.0,0.0,0.0,1.0,100.0
2018-05-11 20:00:00,0.0,0.0,0.0,False,True,False,6,cap_reached,0.0,0.0,0.0,0.0,0.0,0.0,1.0,100.0
2018-05-11 21:00:00,0.0,0.0,0.0,False,True,False,6,cap_reached,0.0,0.0,0.0,0.0,0.0,0.0,1.0,100.0
2018-05-11 22:00:00,0.0,0.0,0.0,False,True,False,6,cap_reached,0.0,0.0,0.0,0.0,0.0,0.0,1.0,100.0
2018-05-11 23:00:00,0.0,0.0,0.0,False,True,False,6,cap_reached,0.0,0.0,0.0,0.0,0.0,0.0,1.0,100.0
2018-05-12 00:00:00,0.0,0.0,0.0,False,True,False,0,night,0.0,0.0,0.0,0.0,0.0,0.0,1.0,100.0
2018-05-12 01:00:00,0.0,0.0,0.0,False,True,False,0,night,0.0,0.0,0.0,0.0,0.0,0.0,1.0,100.0
2018-05-12 02:00:00,0.0,0.0,0.0,False,True,False,0,night,0.0,0.0,0.0,0.0,0.0,0.0,1.0,100.0
2018-05-12 03:00:00,0.0,0.0,0.0,False,True,False,0,night,0.0,0.0,0.0,0.0,0.0,0.0,1.0,100.0
2018-05-12 04:00:00,0.0,0.0,0.0,False,True,False,0,night,0.0,0.0,0.0,0.0,0.0,0.0,1.0,100.0
2018-05-12 05:00:00,0.0,0.0,0.0,False,True,False,0,night,0.0,0.0,0.0,0.0,0.0,0.0,1.0,100.0
2018-05-12 06:00:00,0.144,0.138,29.0,True,True,False,0,battery_empty,0.0,0.0,0.0,0.0,0.138,0.0,1.0,100.0
2018-05-12 07:00:00,1.026,0.985,200.0,True,True,True,1,ok,0.985,0.278,1.263,0.0,0.0,-0.292,0.708,70.8
2018-05-12 08:00:00,0.716,0.687,146.0,True,True,True,2,ok,0.687,0.576,1.263,0.0,0.0,-0.606,0.102,10.2
2018-05-12 09:00:00,0.914,0.878,188.0,True,True,False,2,battery_empty,0.0,0.0,0.0,0.834,0.0,0.834,0.936,93.6
2018-05-12 10:00:00,2.15,2.064,461.0,True,True,True,3,ok,1.263,0.0,1.263,0.064,0.734,0.064,1.0,100.0
2018-05-12 11:00:00,1.925,1.848,407.0,True,True,True,4,ok,1.263,0.0,1.263,0.0,0.585,0.0,1.0,100.0
2018-05-12 12:00:00,0.419,0.402,85.0,True,True,False,4,battery_empty,0.0,0.0,0.0,0.0,0.402,0.0,1.0,100.0
2018-05-12 13:00:00,0.458,0.439,93.0,True,True,True,5,ok,0.439,0.824,1.263,0.0,0.0,-0.867,0.133,13.3
2018-05-12 14:00:00,0.183,0.176,38.0,True,True,False,5,battery_empty,0.0,0.0,0.0,0.167,0.0,0.167,0.3,30.0
2018-05-12 15:00:00,0.242,0.233,49.0,True,True,False,5,battery_empty,0.0,0.0,0.0,0.221,0.0,0.221,0.521,52.1
2018-05-12 16:00:00,0.099,0.095,20.0,False,True,False,5,night,0.0,0.0,0.0,0.091,0.0,0.091,0.612,61.2
2018-05-12 17:00:00,0.169,0.162,34.0,True,True,False,5,battery_empty,0.0,0.0,0.0,0.154,0.0,0.154,0.766,76.6
2018-05-12 18:00:00,0.075,0.072,15.0,False,True,False,5,night,0.0,0.0,0.0,0.068,0.0,0.068,0.834,83.4
2018-05-12 19:00:00,0.0,0.0,0.0,False,True,False,5,night,0.0,0.0,0.0,0.0,0.0,0.0,0.834,83.4
2018-05-12 20:00:00,0.0,0.0,0.0,False,True,False,5,night,0.0,0.0,0.0,0.0,0.0,0.0,0.834,83.4
2018-05-12 21:00:00,0.0,0.0,0.0,False,True,False,5,night,0.0,0.0,0.0,0.0,0.0,0.0,0.834,83.4
2018-05-12 22:00:00,0.0,0.0,0.0,False,True,False,5,night,0.0,0.0,0.0,0.0,0.0,0.0,0.834,83.4
2018-05-12 23:00:00,0.0,0.0,0.0,False,True,False,5,night,0.0,0.0,0.0,0.0,0.0,0.0,0.834,83.4
2018-05-13 00:00:00,0.0,0.0,0.0,False,True,False,0,night,0.0,0.0,0.0,0.0,0.0,0.0,0.834,83.4
2018-05-13 01:00:00,0.0,0.0,0.0,False,True,False,0,night,0.0,0.0,0.0,0.0,0.0,0.0,0.834,83.4
2018-05-13 02:00:00,0.0,0.0,0.0,False,True,False,0,night,0.0,0.0,0.0,0.0,0.0,0.0,0.834,83.4
2018-05-13 03:00:00,0.0,0.0,0.0,False,True,False,0,night,0.0,0.0,0.0,0.0,0.0,0.0,0.834,83.4
2018-05-13 04:00:00,0.0,0.0,0.0,False,True,False,0,night,0.0,0.0,0.0,0.0,0.0,0.0,0.834,83.4
2018-05-13 05:00:00,0.0,0.0,0.0,False,True,False,0,night,0.0,0.0,0.0,0.0,0.0,0.0,0.834,83.4
2018-05-13 06:00:00,0.163,0.157,33.0,True,True,False,0,battery_empty,0.0,0.0,0.0,0.149,0.0,0.149,0.983,98.3
2018-05-13 07:00:00,0.557,0.534,113.0,True,True,True,1,ok,0.534,0.729,1.263,0.0,0.0,-0.767,0.216,21.6
2018-05-13 08:00:00,1.391,1.336,289.0,True,True,True,2,ok,1.263,0.0,1.263,0.069,0.0,0.069,0.285,28.5
2018-05-13 09:00:00,3.031,2.909,679.0,True,True,True,3,ok,1.263,0.0,1.263,0.715,0.893,0.715,1.0,100.0
2018-05-13 10:00:00,2.241,2.152,482.0,True,True,True,4,ok,1.263,0.0,1.263,0.0,0.889,0.0,1.0,100.0
2018-05-13 11:00:00,1.355,1.301,283.0,True,True,True,5,ok,1.263,0.0,1.263,0.0,0.038,0.0,1.0,100.0
2018-05-13 12:00:00,0.783,0.751,161.0,True,True,True,6,ok,0.751,0.512,1.263,0.0,0.0,-0.538,0.462,46.2
2018-05-13 13:00:00,0.992,0.952,206.0,True,True,False,6,cap_reached,0.0,0.0,0.0,0.538,0.385,0.538,1.0,100.0
2018-05-13 14:00:00,1.244,1.194,258.0,True,True,False,6,cap_reached,0.0,0.0,0.0,0.0,1.194,0.0,1.0,100.0
2018-05-13 15:00:00,0.543,0.521,111.0,True,True,False,6,cap_reached,0.0,0.0,0.0,0.0,0.521,0.0,1.0,100.0
2018-05-13 16:00:00,0.197,0.19,40.0,True,True,False,6,cap_reached,0.0,0.0,0.0,0.0,0.19,0.0,1.0,100.0
2018-05-13 17:00:00,0.313,0.3,63.0,True,True,False,6,cap_reached,0.0,0.0,0.0,0.0,0.3,0.0,1.0,100.0
2018-05-13 18:00:00,0.124,0.119,25.0,True,True,False,6,cap_reached,0.0,0.0,0.0,0.0,0.119,0.0,1.0,100.0
2018-05-13 19:00:00,0.0,0.0,0.0,False,True,False,6,cap_reached,0.0,0.0,0.0,0.0,0.0,0.0,1.0,100.0
2018-05-13 20:00:00,0.0,0.0,0.0,False,True,False,6,cap_reached,0.0,0.0,0.0,0.0,0.0,0.0,1.0,100.0
2018-05-13 21:00:00,0.0,0.0,0.0,False,True,False,6,cap_reached,0.0,0.0,0.0,0.0,0.0,0.0,1.0,100.0
2018-05-13 22:00:00,0.0,0.0,0.0,False,True,False,6,cap_reached,0.0,0.0,0.0,0.0,0.0,0.0,1.0,100.0
2018-05-13 23:00:00,0.0,0.0,0.0,False,True,False,6,cap_reached,0.0,0.0,0.0,0.0,0.0,0.0,1.0,100.0
2018-05-14 00:00:00,0.0,0.0,0.0,False,True,False,0,night,0.0,0.0,0.0,0.0,0.0,0.0,1.0,100.0
2018-05-14 01:00:00,0.0,0.0,0.0,False,True,False,0,night,0.0,0.0,0.0,0.0,0.0,0.0,1.0,100.0
2018-05-14 02:00:00,0.0,0.0,0.0,False,True,False,0,night,0.0,0.0,0.0,0.0,0.0,0.0,1.0,100.0
2018-05-14 03:00:00,0.0,0.0,0.0,False,True,False,0,night,0.0,0.0,0.0,0.0,0.0,0.0,1.0,100.0
2018-05-14 04:00:00,0.0,0.0,0.0,False,True,False,0,night,0.0,0.0,0.0,0.0,0.0,0.0,1.0,100.0
2018-05-14 05:00:00,0.0,0.0,0.0,False,True,False,0,night,0.0,0.0,0.0,0.0,0.0,0.0,1.0,100.0
2018-05-14 06:00:00,0.129,0.124,27.0,True,True,False,0,battery_empty,0.0,0.0,0.0,0.0,0.124,0.0,1.0,100.0
2018-05-14 07:00:00,0.516,0.495,104.0,True,True,True,1,ok,0.495,0.768,1.263,0.0,0.0,-0.808,0.192,19.2
2018-05-14 08:00:00,0.138,0.133,28.0,True,True,False,1,battery_empty,0.0,0.0,0.0,0.126,0.0,0.126,0.318,31.8
2018-05-14 09:00:00,0.163,0.156,33.0,True,True,False,1,battery_empty,0.0,0.0,0.0,0.149,0.0,0.149,0.467,46.7
2018-05-14 10:00:00,0.163,0.156,33.0,True,True,False,1,battery_empty,0.0,0.0,0.0,0.149,0.0,0.149,0.616,61.6
2018-05-14 11:00:00,0.558,0.536,114.0,True,True,False,1,battery_empty,0.0,0.0,0.0,0.384,0.131,0.384,1.0,100.0
2018-05-14 12:00:00,1.05,1.008,217.0,True,True,True,2,ok,1.008,0.255,1.263,0.0,0.0,-0.269,0.731,73.1
2018-05-14 13:00:00,2.583,2.48,567.0,True,True,True,3,ok,1.263,0.0,1.263,0.269,0.934,0.269,1.0,100.0
2018-05-14 14:00:00,1.256,1.206,262.0,True,True,True,4,ok,1.206,0.057,1.263,0.0,0.0,-0.06,0.94,94.0
2018-05-14 15:00:00,0.466,0.448,95.0,True,True,False,4,battery_empty,0.0,0.0,0.0,0.06,0.384,0.06,1.0,100.0
2018-05-14 16:00:00,1.326,1.273,275.0,True,True,True,5,ok,1.263,0.0,1.263,0.0,0.01,0.0,1.0,100.0
2018-05-14 17:00:00,1.049,1.007,215.0,True,True,True,6,ok,1.007,0.256,1.263,0.0,0.0,-0.27,0.73,73.0
2018-05-14 18:00:00,0.327,0.314,66.0,True,True,False,6,cap_reached,0.0,0.0,0.0,0.27,0.03,0.27,1.0,100.0
2018-05-14 19:00:00,0.0,0.0,0.0,False,True,False,6,cap_reached,0.0,0.0,0.0,0.0,0.0,0.0,1.0,100.0
2018-05-14 20:00:00,0.0,0.0,0.0,False,True,False,6,cap_reached,0.0,0.0,0.0,0.0,0.0,0.0,1.0,100.0
2018-05-14 21:00:00,0.0,0.0,0.0,False,True,False,6,cap_reached,0.0,0.0,0.0,0.0,0.0,0.0,1.0,100.0
2018-05-14 22:00:00,0.0,0.0,0.0,False,True,False,6,cap_reached,0.0,0.0,0.0,0.0,0.0,0.0,1.0,100.0
2018-05-14 23:00:00,0.0,0.0,0.0,False,True,False,6,cap_reached,0.0,0.0,0.0,0.0,0.0,0.0,1.0,100.0
2018-05-15 00:00:00,0.0,0.0,0.0,False,True,False,0,night,0.0,0.0,0.0,0.0,0.0,0.0,1.0,100.0
2018-05-15 01:00:00,0.0,0.0,0.0,False,True,False,0,night,0.0,0.0,0.0,0.0,0.0,0.0,1.0,100.0
2018-05-15 02:00:00,0.0,0.0,0.0,False,True,False,0,night,0.0,0.0,0.0,0.0,0.0,0.0,1.0,100.0
2018-05-15 03:00:00,0.0,0.0,0.0,False,True,False,0,night,0.0,0.0,0.0,0.0,0.0,0.0,1.0,100.0
2018-05-15 04:00:00,0.0,0.0,0.0,False,True,False,0,night,0.0,0.0,0.0,0.0,0.0,0.0,1.0,100.0
2018-05-15 05:00:00,0.0,0.0,0.0,False,True,False,0,night,0.0,0.0,0.0,0.0,0.0,0.0,1.0,100.0
2018-05-15 06:00:00,0.109,0.105,22.0,True,True,False,0,battery_empty,0.0,0.0,0.0,0.0,0.105,0.0,1.0,100.0
2018-05-15 07:00:00,0.589,0.565,120.0,True,True,True,1,ok,0.565,0.698,1.263,0.0,0.0,-0.735,0.265,26.5
2018-05-15 08:00:00,1.432,1.375,297.0,True,True,True,2,ok,1.263,0.0,1.263,0.106,0.0,0.106,0.371,37.1
2018-05-15 09:00:00,1.597,1.533,336.0,True,True,True,3,ok,1.263,0.0,1.263,0.256,0.0,0.256,0.628,62.8
2018-05-15 10:00:00,2.437,2.34,533.0,True,True,True,4,ok,1.263,0.0,1.263,0.372,0.685,0.372,1.0,100.0
2018-05-15 11:00:00,3.21,3.082,723.0,True,True,True,5,ok,1.263,0.0,1.263,0.0,1.819,0.0,1.0,100.0
2018-05-15 12:00:00,4.087,3.924,994.0,True,True,True,6,ok,1.263,0.0,1.263,0.0,2.661,0.0,1.0,100.0
2018-05-15 13:00:00,3.007,2.887,679.0,True,True,False,6,cap_reached,0.0,0.0,0.0,0.0,2.887,0.0,1.0,100.0
2018-05-15 14:00:00,0.609,0.584,125.0,True,True,False,6,cap_reached,0.0,0.0,0.0,0.0,0.584,0.0,1.0,100.0
2018-05-15 15:00:00,2.704,2.596,594.0,True,True,False,6,cap_reached,0.0,0.0,0.0,0.0,2.596,0.0,1.0,100.0
2018-05-15 16:00:00,0.314,0.301,64.0,True,True,False,6,cap_reached,0.0,0.0,0.0,0.0,0.301,0.0,1.0,100.0
2018-05-15 17:00:00,0.973,0.934,198.0,True,True,False,6,cap_reached,0.0,0.0,0.0,0.0,0.934,0.0,1.0,100.0
2018-05-15 18:00:00,0.286,0.275,58.0,True,True,False,6,cap_reached,0.0,0.0,0.0,0.0,0.275,0.0,1.0,100.0
2018-05-15 19:00:00,0.0,0.0,0.0,False,True,False,6,cap_reached,0.0,0.0,0.0,0.0,0.0,0.0,1.0,100.0
2018-05-15 20:00:00,0.0,0.0,0.0,False,True,False,6,cap_reached,0.0,0.0,0.0,0.0,0.0,0.0,1.0,100.0
2018-05-15 21:00:00,0.0,0.0,0.0,False,True,False,6,cap_reached,0.0,0.0,0.0,0.0,0.0,0.0,1.0,100.0
2018-05-15 22:00:00,0.0,0.0,0.0,False,True,False,6,cap_reached,0.0,0.0,0.0,0.0,0.0,0.0,1.0,100.0
2018-05-15 23:00:00,0.0,0.0,0.0,False,True,False,6,cap_reached,0.0,0.0,0.0,0.0,0.0,0.0,1.0,100.0
2018-05-16 00:00:00,0.0,0.0,0.0,False,True,False,0,night,0.0,0.0,0.0,0.0,0.0,0.0,1.0,100.0
2018-05-16 01:00:00,0.0,0.0,0.0,False,True,False,0,night,0.0,0.0,0.0,0.0,0.0,0.0,1.0,100.0
2018-05-16 02:00:00,0.0,0.0,0.0,False,True,False,0,night,0.0,0.0,0.0,0.0,0.0,0.0,1.0,100.0
2018-05-16 03:00:00,0.0,0.0,0.0,False,True,False,0,night,0.0,0.0,0.0,0.0,0.0,0.0,1.0,100.0
2018-05-16 04:00:00,0.0,0.0,0.0,False,True,False,0,night,0.0,0.0,0.0,0.0,0.0,0.0,1.0,100.0
2018-05-16 05:00:00,0.0,0.0,0.0,False,True,False,0,night,0.0,0.0,0.0,0.0,0.0,0.0,1.0,100.0
2018-05-16 06:00:00,0.079,0.076,16.0,False,True,False,0,night,0.0,0.0,0.0,0.0,0.076,0.0,1.0,100.0
2018-05-16 07:00:00,0.237,0.227,48.0,True,True,False,0,battery_empty,0.0,0.0,0.0,0.0,0.227,0.0,1.0,100.0
2018-05-16 08:00:00,2.26,2.17,467.0,True,True,True,1,ok,1.263,0.0,1.263,0.0,0.907,0.0,1.0,100.0
2018-05-16 09:00:00,2.426,2.329,525.0,True,True,True,2,ok,1.263,0.0,1.263,0.0,1.066,0.0,1.0,100.0
2018-05-16 10:00:00,2.723,2.614,602.0,True,True,True,3,ok,1.263,0.0,1.263,0.0,1.351,0.0,1.0,100.0
2018-05-16 11:00:00,1.295,1.243,270.0,True,True,True,4,ok,1.243,0.02,1.263,0.0,0.0,-0.021,0.979,97.9
2018-05-16 12:00:00,2.969,2.85,663.0,True,True,True,5,ok,1.263,0.0,1.263,0.021,1.565,0.021,1.0,100.0
2018-05-16 13:00:00,3.4,3.264,789.0,True,True,True,6,ok,1.263,0.0,1.263,0.0,2.001,0.0,1.0,100.0
2018-05-16 14:00:00,2.704,2.595,597.0,True,True,False,6,cap_reached,0.0,0.0,0.0,0.0,2.595,0.0,1.0,100.0
2018-05-16 15:00:00,1.869,1.794,397.0,True,True,False,6,cap_reached,0.0,0.0,0.0,0.0,1.794,0.0,1.0,100.0
2018-05-16 16:00:00,0.891,0.856,183.0,True,True,False,6,cap_reached,0.0,0.0,0.0,0.0,0.856,0.0,1.0,100.0
2018-05-16 17:00:00,0.617,0.593,125.0,True,True,False,6,cap_reached,0.0,0.0,0.0,0.0,0.593,0.0,1.0,100.0
2018-05-16 18:00:00,0.336,0.323,68.0,True,True,False,6,cap_reached,0.0,0.0,0.0,0.0,0.323,0.0,1.0,100.0
2018-05-16 19:00:00,0.0,0.0,0.0,False,True,False,6,cap_reached,0.0,0.0,0.0,0.0,0.0,0.0,1.0,100.0
2018-05-16 20:00:00,0.0,0.0,0.0,False,True,False,6,cap_reached,0.0,0.0,0.0,0.0,0.0,0.0,1.0,100.0
2018-05-16 21:00:00,0.0,0.0,0.0,False,True,False,6,cap_reached,0.0,0.0,0.0,0.0,0.0,0.0,1.0,100.0
2018-05-16 22:00:00,0.0,0.0,0.0,False,True,False,6,cap_reached,0.0,0.0,0.0,0.0,0.0,0.0,1.0,100.0
2018-05-16 23:00:00,0.0,0.0,0.0,False,True,False,6,cap_reached,0.0,0.0,0.0,0.0,0.0,0.0,1.0,100.0
2018-05-17 00:00:00,0.0,0.0,0.0,False,True,False,0,night,0.0,0.0,0.0,0.0,0.0,0.0,1.0,100.0
2018-05-17 01:00:00,0.0,0.0,0.0,False,True,False,0,night,0.0,0.0,0.0,0.0,0.0,0.0,1.0,100.0
2018-05-17 02:00:00,0.0,0.0,0.0,False,True,False,0,night,0.0,0.0,0.0,0.0,0.0,0.0,1.0,100.0
2018-05-17 03:00:00,0.0,0.0,0.0,False,True,False,0,night,0.0,0.0,0.0,0.0,0.0,0.0,1.0,100.0
2018-05-17 04:00:00,0.0,0.0,0.0,False,True,False,0,night,0.0,0.0,0.0,0.0,0.0,0.0,1.0,100.0
2018-05-17 05:00:00,0.0,0.0,0.0,False,True,False,0,night,0.0,0.0,0.0,0.0,0.0,0.0,1.0,100.0
2018-05-17 06:00:00,0.211,0.203,42.0,True,True,False,0,battery_empty,0.0,0.0,0.0,0.0,0.203,0.0,1.0,100.0
2018-05-17 07:00:00,0.278,0.267,56.0,True,True,False,0,battery_empty,0.0,0.0,0.0,0.0,0.267,0.0,1.0,100.0
2018-05-17 08:00:00,0.344,0.33,70.0,True,True,False,0,battery_empty,0.0,0.0,0.0,0.0,0.33,0.0,1.0,100.0
2018-05-17 09:00:00,1.882,1.807,399.0,True,True,True,1,ok,1.263,0.0,1.263,0.0,0.544,0.0,1.0,100.0
2018-05-17 10:00:00,0.762,0.731,157.0,True,True,True,2,ok,0.731,0.532,1.263,0.0,0.0,-0.56,0.44,44.0
2018-05-17 11:00:00,2.689,2.582,592.0,True,True,True,3,ok,1.263,0.0,1.263,0.56,0.73,0.56,1.0,100.0
2018-05-17 12:00:00,1.943,1.865,413.0,True,True,True,4,ok,1.263,0.0,1.263,0.0,0.602,0.0,1.0,100.0
2018-05-17 13:00:00,3.298,3.166,757.0,True,True,True,5,ok,1.263,0.0,1.263,0.0,1.903,0.0,1.0,100.0
2018-05-17 14:00:00,1.526,1.465,320.0,True,True,True,6,ok,1.263,0.0,1.263,0.0,0.202,0.0,1.0,100.0
2018-05-17 15:00:00,1.458,1.4,305.0,True,True,False,6,cap_reached,0.0,0.0,0.0,0.0,1.4,0.0,1.0,100.0
2018-05-17 16:00:00,0.782,0.751,160.0,True,True,False,6,cap_reached,0.0,0.0,0.0,0.0,0.751,0.0,1.0,100.0
2018-05-17 17:00:00,0.874,0.839,177.0,True,True,False,6,cap_reached,0.0,0.0,0.0,0.0,0.839,0.0,1.0,100.0
2018-05-17 18:00:00,0.232,0.223,47.0,True,True,False,6,cap_reached,0.0,0.0,0.0,0.0,0.223,0.0,1.0,100.0
2018-05-17 19:00:00,0.0,0.0,0.0,False,True,False,6,cap_reached,0.0,0.0,0.0,0.0,0.0,0.0,1.0,100.0
2018-05-17 20:00:00,0.0,0.0,0.0,False,True,False,6,cap_reached,0.0,0.0,0.0,0.0,0.0,0.0,1.0,100.0
2018-05-17 21:00:00,0.0,0.0,0.0,False,True,False,6,cap_reached,0.0,0.0,0.0,0.0,0.0,0.0,1.0,100.0
2018-05-17 22:00:00,0.0,0.0,0.0,False,True,False,6,cap_reached,0.0,0.0,0.0,0.0,0.0,0.0,1.0,100.0
2018-05-17 23:00:00,0.0,0.0,0.0,False,True,False,6,cap_reached,0.0,0.0,0.0,0.0,0.0,0.0,1.0,100.0
2018-05-18 00:00:00,0.0,0.0,0.0,False,True,False,0,night,0.0,0.0,0.0,0.0,0.0,0.0,1.0,100.0
2018-05-18 01:00:00,0.0,0.0,0.0,False,True,False,0,night,0.0,0.0,0.0,0.0,0.0,0.0,1.0,100.0
2018-05-18 02:00:00,0.0,0.0,0.0,False,True,False,0,night,0.0,0.0,0.0,0.0,0.0,0.0,1.0,100.0
2018-05-18 03:00:00,0.0,0.0,0.0,False,True,False,0,night,0.0,0.0,0.0,0.0,0.0,0.0,1.0,100.0
2018-05-18 04:00:00,0.0,0.0,0.0,False,True,False,0,night,0.0,0.0,0.0,0.0,0.0,0.0,1.0,100.0
2018-05-18 05:00:00,0.0,0.0,0.0,False,True,False,0,night,0.0,0.0,0.0,0.0,0.0,0.0,1.0,100.0
2018-05-18 06:00:00,0.16,0.153,32.0,True,True,False,0,battery_empty,0.0,0.0,0.0,0.0,0.153,0.0,1.0,100.0
2018-05-18 07:00:00,0.666,0.639,134.0,True,True,True,1,ok,0.639,0.624,1.263,0.0,0.0,-0.657,0.343,34.3
2018-05-18 08:00:00,1.501,1.441,308.0,True,True,True,2,ok,1.263,0.0,1.263,0.169,0.0,0.169,0.513,51.3
2018-05-18 09:00:00,0.755,0.725,154.0,True,True,False,2,battery_empty,0.0,0.0,0.0,0.487,0.212,0.487,1.0,100.0
2018-05-18 10:00:00,1.293,1.242,268.0,True,True,True,3,ok,1.242,0.021,1.263,0.0,0.0,-0.022,0.978,97.8
2018-05-18 11:00:00,0.9,0.864,185.0,True,True,True,4,ok,0.864,0.399,1.263,0.0,0.0,-0.42,0.558,55.8
2018-05-18 12:00:00,2.07,1.987,439.0,True,True,True,5,ok,1.263,0.0,1.263,0.442,0.258,0.442,1.0,100.0
2018-05-18 13:00:00,3.138,3.013,711.0,True,True,True,6,ok,1.263,0.0,1.263,0.0,1.75,0.0,1.0,100.0
2018-05-18 14:00:00,1.503,1.443,313.0,True,True,False,6,cap_reached,0.0,0.0,0.0,0.0,1.443,0.0,1.0,100.0
2018-05-18 15:00:00,2.389,2.294,513.0,True,True,False,6,cap_reached,0.0,0.0,0.0,0.0,2.294,0.0,1.0,100.0
2018-05-18 16:00:00,0.604,0.58,123.0,True,True,False,6,cap_reached,0.0,0.0,0.0,0.0,0.58,0.0,1.0,100.0
2018-05-18 17:00:00,0.661,0.634,134.0,True,True,False,6,cap_reached,0.0,0.0,0.0,0.0,0.634,0.0,1.0,100.0
2018-05-18 18:00:00,0.193,0.185,39.0,True,True,False,6,cap_reached,0.0,0.0,0.0,0.0,0.185,0.0,1.0,100.0
2018-05-18 19:00:00,0.0,0.0,0.0,False,True,False,6,cap_reached,0.0,0.0,0.0,0.0,0.0,0.0,1.0,100.0
2018-05-18 20:00:00,0.0,0.0,0.0,False,True,False,6,cap_reached,0.0,0.0,0.0,0.0,0.0,0.0,1.0,100.0
2018-05-18 21:00:00,0.0,0.0,0.0,False,True,False,6,cap_reached,0.0,0.0,0.0,0.0,0.0,0.0,1.0,100.0
2018-05-18 22:00:00,0.0,0.0,0.0,False,True,False,6,cap_reached,0.0,0.0,0.0,0.0,0.0,0.0,1.0,100.0
2018-05-18 23:00:00,0.0,0.0,0.0,False,True,False,6,cap_reached,0.0,0.0,0.0,0.0,0.0,0.0,1.0,100.0
2018-05-19 00:00:00,0.0,0.0,0.0,False,True,False,0,night,0.0,0.0,0.0,0.0,0.0,0.0,1.0,100.0
2018-05-19 01:00:00,0.0,0.0,0.0,False,True,False,0,night,0.0,0.0,0.0,0.0,0.0,0.0,1.0,100.0
2018-05-19 02:00:00,0.0,0.0,0.0,False,True,False,0,night,0.0,0.0,0.0,0.0,0.0,0.0,1.0,100.0
2018-05-19 03:00:00,0.0,0.0,0.0,False,True,False,0,night,0.0,0.0,0.0,0.0,0.0,0.0,1.0,100.0
2018-05-19 04:00:00,0.0,0.0,0.0,False,True,False,0,night,0.0,0.0,0.0,0.0,0.0,0.0,1.0,100.0
2018-05-19 05:00:00,0.0,0.0,0.0,False,True,False,0,night,0.0,0.0,0.0,0.0,0.0,0.0,1.0,100.0
2018-05-19 06:00:00,0.124,0.119,25.0,True,True,False,0,battery_empty,0.0,0.0,0.0,0.0,0.119,0.0,1.0,100.0
2018-05-19 07:00:00,0.227,0.218,46.0,True,True,False,0,battery_empty,0.0,0.0,0.0,0.0,0.218,0.0,1.0,100.0
2018-05-19 08:00:00,1.334,1.28,274.0,True,True,True,1,ok,1.263,0.0,1.263,0.0,0.017,0.0,1.0,100.0
2018-05-19 09:00:00,1.538,1.477,322.0,True,True,True,2,ok,1.263,0.0,1.263,0.0,0.214,0.0,1.0,100.0
2018-05-19 10:00:00,1.864,1.789,392.0,True,True,True,3,ok,1.263,0.0,1.263,0.0,0.526,0.0,1.0,100.0
2018-05-19 11:00:00,1.911,1.835,406.0,True,True,True,4,ok,1.263,0.0,1.263,0.0,0.572,0.0,1.0,100.0
2018-05-19 12:00:00,2.628,2.523,576.0,True,True,True,5,ok,1.263,0.0,1.263,0.0,1.26,0.0,1.0,100.0
2018-05-19 13:00:00,2.303,2.211,496.0,True,True,True,6,ok,1.263,0.0,1.263,0.0,0.948,0.0,1.0,100.0
2018-05-19 14:00:00,1.265,1.215,263.0,True,True,False,6,cap_reached,0.0,0.0,0.0,0.0,1.215,0.0,1.0,100.0
2018-05-19 15:00:00,0.954,0.916,197.0,True,True,False,6,cap_reached,0.0,0.0,0.0,0.0,0.916,0.0,1.0,100.0
2018-05-19 16:00:00,0.484,0.465,98.0,True,True,False,6,cap_reached,0.0,0.0,0.0,0.0,0.465,0.0,1.0,100.0
2018-05-19 17:00:00,0.119,0.114,24.0,True,True,False,6,cap_reached,0.0,0.0,0.0,0.0,0.114,0.0,1.0,100.0
2018-05-19 18:00:00,0.124,0.119,25.0,True,True,False,6,cap_reached,0.0,0.0,0.0,0.0,0.119,0.0,1.0,100.0
2018-05-19 19:00:00,0.0,0.0,0.0,False,True,False,6,cap_reached,0.0,0.0,0.0,0.0,0.0,0.0,1.0,100.0
2018-05-19 20:00:00,0.0,0.0,0.0,False,True,False,6,cap_reached,0.0,0.0,0.0,0.0,0.0,0.0,1.0,100.0
2018-05-19 21:00:00,0.0,0.0,0.0,False,True,False,6,cap_reached,0.0,0.0,0.0,0.0,0.0,0.0,1.0,100.0
2018-05-19 22:00:00,0.0,0.0,0.0,False,True,False,6,cap_reached,0.0,0.0,0.0,0.0,0.0,0.0,1.0,100.0
2018-05-19 23:00:00,0.0,0.0,0.0,False,True,False,6,cap_reached,0.0,0.0,0.0,0.0,0.0,0.0,1.0,100.0
2018-05-20 00:00:00,0.0,0.0,0.0,False,True,False,0,night,0.0,0.0,0.0,0.0,0.0,0.0,1.0,100.0
2018-05-20 01:00:00,0.0,0.0,0.0,False,True,False,0,night,0.0,0.0,0.0,0.0,0.0,0.0,1.0,100.0
2018-05-20 02:00:00,0.0,0.0,0.0,False,True,False,0,night,0.0,0.0,0.0,0.0,0.0,0.0,1.0,100.0
2018-05-20 03:00:00,0.0,0.0,0.0,False,True,False,0,night,0.0,0.0,0.0,0.0,0.0,0.0,1.0,100.0
2018-05-20 04:00:00,0.0,0.0,0.0,False,True,False,0,night,0.0,0.0,0.0,0.0,0.0,0.0,1.0,100.0
2018-05-20 05:00:00,0.0,0.0,0.0,False,True,False,0,night,0.0,0.0,0.0,0.0,0.0,0.0,1.0,100.0
2018-05-20 06:00:00,0.155,0.149,31.0,True,True,False,0,battery_empty,0.0,0.0,0.0,0.0,0.149,0.0,1.0,100.0
2018-05-20 07:00:00,0.563,0.541,114.0,True,True,True,1,ok,0.541,0.722,1.263,0.0,0.0,-0.76,0.24,24.0
2018-05-20 08:00:00,0.723,0.694,147.0,True,True,False,1,battery_empty,0.0,0.0,0.0,0.659,0.0,0.659,0.899,89.9
2018-05-20 09:00:00,2.296,2.204,493.0,True,True,True,2,ok,1.263,0.0,1.263,0.101,0.835,0.101,1.0,100.0
2018-05-20 10:00:00,2.536,2.435,555.0,True,True,True,3,ok,1.263,0.0,1.263,0.0,1.172,0.0,1.0,100.0
2018-05-20 11:00:00,3.201,3.073,725.0,True,True,True,4,ok,1.263,0.0,1.263,0.0,1.81,0.0,1.0,100.0
2018-05-20 12:00:00,2.792,2.68,617.0,True,True,True,5,ok,1.263,0.0,1.263,0.0,1.417,0.0,1.0,100.0
2018-05-20 13:00:00,2.183,2.096,467.0,True,True,True,6,ok,1.263,0.0,1.263,0.0,0.833,0.0,1.0,100.0
2018-05-20 14:00:00,1.711,1.643,361.0,True,True,False,6,cap_reached,0.0,0.0,0.0,0.0,1.643,0.0,1.0,100.0
2018-05-20 15:00:00,1.073,1.03,223.0,True,True,False,6,cap_reached,0.0,0.0,0.0,0.0,1.03,0.0,1.0,100.0
2018-05-20 16:00:00,1.871,1.796,391.0,True,True,False,6,cap_reached,0.0,0.0,0.0,0.0,1.796,0.0,1.0,100.0
2018-05-20 17:00:00,0.806,0.774,165.0,True,True,False,6,cap_reached,0.0,0.0,0.0,0.0,0.774,0.0,1.0,100.0
2018-05-20 18:00:00,0.219,0.21,44.0,True,True,False,6,cap_reached,0.0,0.0,0.0,0.0,0.21,0.0,1.0,100.0
2018-05-20 19:00:00,0.0,0.0,0.0,False,True,False,6,cap_reached,0.0,0.0,0.0,0.0,0.0,0.0,1.0,100.0
2018-05-20 20:00:00,0.0,0.0,0.0,False,True,False,6,cap_reached,0.0,0.0,0.0,0.0,0.0,0.0,1.0,100.0
2018-05-20 21:00:00,0.0,0.0,0.0,False,True,False,6,cap_reached,0.0,0.0,0.0,0.0,0.0,0.0,1.0,100.0
2018-05-20 22:00:00,0.0,0.0,0.0,False,True,False,6,cap_reached,0.0,0.0,0.0,0.0,0.0,0.0,1.0,100.0
2018-05-20 23:00:00,0.0,0.0,0.0,False,True,False,6,cap_reached,0.0,0.0,0.0,0.0,0.0,0.0,1.0,100.0
2018-05-21 00:00:00,0.0,0.0,0.0,False,True,False,0,night,0.0,0.0,0.0,0.0,0.0,0.0,1.0,100.0
2018-05-21 01:00:00,0.0,0.0,0.0,False,True,False,0,night,0.0,0.0,0.0,0.0,0.0,0.0,1.0,100.0
2018-05-21 02:00:00,0.0,0.0,0.0,False,True,False,0,night,0.0,0.0,0.0,0.0,0.0,0.0,1.0,100.0
2018-05-21 03:00:00,0.0,0.0,0.0,False,True,False,0,night,0.0,0.0,0.0,0.0,0.0,0.0,1.0,100.0
2018-05-21 04:00:00,0.0,0.0,0.0,False,True,False,0,night,0.0,0.0,0.0,0.0,0.0,0.0,1.0,100.0
2018-05-21 05:00:00,0.0,0.0,0.0,False,True,False,0,night,0.0,0.0,0.0,0.0,0.0,0.0,1.0,100.0
2018-05-21 06:00:00,0.165,0.158,33.0,True,True,False,0,battery_empty,0.0,0.0,0.0,0.0,0.158,0.0,1.0,100.0
2018-05-21 07:00:00,0.431,0.414,87.0,True,True,True,1,ok,0.414,0.849,1.263,0.0,0.0,-0.894,0.106,10.6
2018-05-21 08:00:00,0.7,0.672,144.0,True,True,False,1,battery_empty,0.0,0.0,0.0,0.639,0.0,0.639,0.745,74.5
2018-05-21 09:00:00,1.629,1.564,342.0,True,True,True,2,ok,1.263,0.0,1.263,0.255,0.033,0.255,1.0,100.0
2018-05-21 10:00:00,2.301,2.209,496.0,True,True,True,3,ok,1.263,0.0,1.263,0.0,0.946,0.0,1.0,100.0
2018-05-21 11:00:00,3.076,2.953,695.0,True,True,True,4,ok,1.263,0.0,1.263,0.0,1.69,0.0,1.0,100.0
2018-05-21 12:00:00,3.15,3.024,714.0,True,True,True,5,ok,1.263,0.0,1.263,0.0,1.761,0.0,1.0,100.0
2018-05-21 13:00:00,2.522,2.421,552.0,True,True,True,6,ok,1.263,0.0,1.263,0.0,1.158,0.0,1.0,100.0
2018-05-21 14:00:00,1.815,1.742,383.0,True,True,False,6,cap_reached,0.0,0.0,0.0,0.0,1.742,0.0,1.0,100.0
2018-05-21 15:00:00,2.234,2.144,480.0,True,True,False,6,cap_reached,0.0,0.0,0.0,0.0,2.144,0.0,1.0,100.0
2018-05-21 16:00:00,1.721,1.652,358.0,True,True,False,6,cap_reached,0.0,0.0,0.0,0.0,1.652,0.0,1.0,100.0
2018-05-21 17:00:00,1.295,1.243,257.0,True,True,False,6,cap_reached,0.0,0.0,0.0,0.0,1.243,0.0,1.0,100.0
2018-05-21 18:00:00,0.401,0.385,81.0,True,True,False,6,cap_reached,0.0,0.0,0.0,0.0,0.385,0.0,1.0,100.0
2018-05-21 19:00:00,0.0,0.0,0.0,False,True,False,6,cap_reached,0.0,0.0,0.0,0.0,0.0,0.0,1.0,100.0
2018-05-21 20:00:00,0.0,0.0,0.0,False,True,False,6,cap_reached,0.0,0.0,0.0,0.0,0.0,0.0,1.0,100.0
2018-05-21 21:00:00,0.0,0.0,0.0,False,True,False,6,cap_reached,0.0,0.0,0.0,0.0,0.0,0.0,1.0,100.0
2018-05-21 22:00:00,0.0,0.0,0.0,False,True,False,6,cap_reached,0.0,0.0,0.0,0.0,0.0,0.0,1.0,100.0
2018-05-21 23:00:00,0.0,0.0,0.0,False,True,False,6,cap_reached,0.0,0.0,0.0,0.0,0.0,0.0,1.0,100.0
2018-05-22 00:00:00,0.0,0.0,0.0,False,True,False,0,night,0.0,0.0,0.0,0.0,0.0,0.0,1.0,100.0
2018-05-22 01:00:00,0.0,0.0,0.0,False,True,False,0,night,0.0,0.0,0.0,0.0,0.0,0.0,1.0,100.0
2018-05-22 02:00:00,0.0,0.0,0.0,False,True,False,0,night,0.0,0.0,0.0,0.0,0.0,0.0,1.0,100.0
2018-05-22 03:00:00,0.0,0.0,0.0,False,True,False,0,night,0.0,0.0,0.0,0.0,0.0,0.0,1.0,100.0
2018-05-22 04:00:00,0.0,0.0,0.0,False,True,False,0,night,0.0,0.0,0.0,0.0,0.0,0.0,1.0,100.0
2018-05-22 05:00:00,0.0,0.0,0.0,False,True,False,0,night,0.0,0.0,0.0,0.0,0.0,0.0,1.0,100.0
2018-05-22 06:00:00,0.124,0.119,25.0,True,True,False,0,battery_empty,0.0,0.0,0.0,0.0,0.119,0.0,1.0,100.0
2018-05-22 07:00:00,0.495,0.476,100.0,True,True,True,1,ok,0.476,0.787,1.263,0.0,0.0,-0.829,0.171,17.1
2018-05-22 08:00:00,1.451,1.393,299.0,True,True,True,2,ok,1.263,0.0,1.263,0.123,0.0,0.123,0.295,29.5
2018-05-22 09:00:00,1.608,1.544,337.0,True,True,True,3,ok,1.263,0.0,1.263,0.267,0.0,0.267,0.561,56.1
2018-05-22 10:00:00,1.575,1.512,330.0,True,True,True,4,ok,1.263,0.0,1.263,0.237,0.0,0.237,0.798,79.8
2018-05-22 11:00:00,1.432,1.375,298.0,True,True,True,5,ok,1.263,0.0,1.263,0.106,0.0,0.106,0.905,90.5
2018-05-22 12:00:00,1.603,1.538,337.0,True,True,True,6,ok,1.263,0.0,1.263,0.095,0.175,0.095,1.0,100.0
2018-05-22 13:00:00,1.921,1.844,406.0,True,True,False,6,cap_reached,0.0,0.0,0.0,0.0,1.844,0.0,1.0,100.0
2018-05-22 14:00:00,2.327,2.234,501.0,True,True,False,6,cap_reached,0.0,0.0,0.0,0.0,2.234,0.0,1.0,100.0
2018-05-22 15:00:00,2.09,2.006,445.0,True,True,False,6,cap_reached,0.0,0.0,0.0,0.0,2.006,0.0,1.0,100.0
2018-05-22 16:00:00,1.883,1.808,392.0,True,True,False,6,cap_reached,0.0,0.0,0.0,0.0,1.808,0.0,1.0,100.0
2018-05-22 17:00:00,0.701,0.673,144.0,True,True,False,6,cap_reached,0.0,0.0,0.0,0.0,0.673,0.0,1.0,100.0
2018-05-22 18:00:00,0.312,0.3,63.0,True,True,False,6,cap_reached,0.0,0.0,0.0,0.0,0.3,0.0,1.0,100.0
2018-05-22 19:00:00,0.0,0.0,0.0,False,True,False,6,cap_reached,0.0,0.0,0.0,0.0,0.0,0.0,1.0,100.0
2018-05-22 20:00:00,0.0,0.0,0.0,False,True,False,6,cap_reached,0.0,0.0,0.0,0.0,0.0,0.0,1.0,100.0
2018-05-22 21:00:00,0.0,0.0,0.0,False,True,False,6,cap_reached,0.0,0.0,0.0,0.0,0.0,0.0,1.0,100.0
2018-05-22 22:00:00,0.0,0.0,0.0,False,True,False,6,cap_reached,0.0,0.0,0.0,0.0,0.0,0.0,1.0,100.0
2018-05-22 23:00:00,0.0,0.0,0.0,False,True,False,6,cap_reached,0.0,0.0,0.0,0.0,0.0,0.0,1.0,100.0
2018-05-23 00:00:00,0.0,0.0,0.0,False,True,False,0,night,0.0,0.0,0.0,0.0,0.0,0.0,1.0,100.0
2018-05-23 01:00:00,0.0,0.0,0.0,False,True,False,0,night,0.0,0.0,0.0,0.0,0.0,0.0,1.0,100.0
2018-05-23 02:00:00,0.0,0.0,0.0,False,True,False,0,night,0.0,0.0,0.0,0.0,0.0,0.0,1.0,100.0
2018-05-23 03:00:00,0.0,0.0,0.0,False,True,False,0,night,0.0,0.0,0.0,0.0,0.0,0.0,1.0,100.0
2018-05-23 04:00:00,0.0,0.0,0.0,False,True,False,0,night,0.0,0.0,0.0,0.0,0.0,0.0,1.0,100.0
2018-05-23 05:00:00,0.0,0.0,0.0,False,True,False,0,night,0.0,0.0,0.0,0.0,0.0,0.0,1.0,100.0
2018-05-23 06:00:00,0.14,0.134,28.0,True,True,False,0,battery_empty,0.0,0.0,0.0,0.0,0.134,0.0,1.0,100.0
2018-05-23 07:00:00,0.491,0.471,99.0,True,True,True,1,ok,0.471,0.792,1.263,0.0,0.0,-0.834,0.166,16.6
2018-05-23 08:00:00,0.635,0.609,130.0,True,True,False,1,battery_empty,0.0,0.0,0.0,0.579,0.0,0.579,0.745,74.5
2018-05-23 09:00:00,1.407,1.351,293.0,True,True,True,2,ok,1.263,0.0,1.263,0.084,0.0,0.084,0.829,82.9
2018-05-23 10:00:00,2.111,2.026,451.0,True,True,True,3,ok,1.263,0.0,1.263,0.171,0.583,0.171,1.0,100.0
2018-05-23 11:00:00,2.169,2.083,466.0,True,True,True,4,ok,1.263,0.0,1.263,0.0,0.82,0.0,1.0,100.0
2018-05-23 12:00:00,2.823,2.71,626.0,True,True,True,5,ok,1.263,0.0,1.263,0.0,1.447,0.0,1.0,100.0
2018-05-23 13:00:00,2.349,2.255,507.0,True,True,True,6,ok,1.263,0.0,1.263,0.0,0.992,0.0,1.0,100.0
2018-05-23 14:00:00,2.894,2.778,643.0,True,True,False,6,cap_reached,0.0,0.0,0.0,0.0,2.778,0.0,1.0,100.0
2018-05-23 15:00:00,2.095,2.011,448.0,True,True,False,6,cap_reached,0.0,0.0,0.0,0.0,2.011,0.0,1.0,100.0
2018-05-23 16:00:00,1.602,1.538,333.0,True,True,False,6,cap_reached,0.0,0.0,0.0,0.0,1.538,0.0,1.0,100.0
2018-05-23 17:00:00,0.995,0.956,202.0,True,True,False,6,cap_reached,0.0,0.0,0.0,0.0,0.956,0.0,1.0,100.0
2018-05-23 18:00:00,0.263,0.252,53.0,True,True,False,6,cap_reached,0.0,0.0,0.0,0.0,0.252,0.0,1.0,100.0
2018-05-23 19:00:00,0.0,0.0,0.0,False,True,False,6,cap_reached,0.0,0.0,0.0,0.0,0.0,0.0,1.0,100.0
2018-05-23 20:00:00,0.0,0.0,0.0,False,True,False,6,cap_reached,0.0,0.0,0.0,0.0,0.0,0.0,1.0,100.0
2018-05-23 21:00:00,0.0,0.0,0.0,False,True,False,6,cap_reached,0.0,0.0,0.0,0.0,0.0,0.0,1.0,100.0
2018-05-23 22:00:00,0.0,0.0,0.0,False,True,False,6,cap_reached,0.0,0.0,0.0,0.0,0.0,0.0,1.0,100.0
2018-05-23 23:00:00,0.0,0.0,0.0,False,True,False,6,cap_reached,0.0,0.0,0.0,0.0,0.0,0.0,1.0,100.0
2018-05-24 00:00:00,0.0,0.0,0.0,False,True,False,0,night,0.0,0.0,0.0,0.0,0.0,0.0,1.0,100.0
2018-05-24 01:00:00,0.0,0.0,0.0,False,True,False,0,night,0.0,0.0,0.0,0.0,0.0,0.0,1.0,100.0
2018-05-24 02:00:00,0.0,0.0,0.0,False,True,False,0,night,0.0,0.0,0.0,0.0,0.0,0.0,1.0,100.0
2018-05-24 03:00:00,0.0,0.0,0.0,False,True,False,0,night,0.0,0.0,0.0,0.0,0.0,0.0,1.0,100.0
2018-05-24 04:00:00,0.0,0.0,0.0,False,True,False,0,night,0.0,0.0,0.0,0.0,0.0,0.0,1.0,100.0
2018-05-24 05:00:00,0.0,0.0,0.0,False,True,False,0,night,0.0,0.0,0.0,0.0,0.0,0.0,1.0,100.0
2018-05-24 06:00:00,0.099,0.095,20.0,False,True,False,0,night,0.0,0.0,0.0,0.0,0.095,0.0,1.0,100.0
2018-05-24 07:00:00,0.369,0.355,75.0,True,True,False,0,battery_empty,0.0,0.0,0.0,0.0,0.355,0.0,1.0,100.0
2018-05-24 08:00:00,0.65,0.624,133.0,True,True,True,1,ok,0.624,0.639,1.263,0.0,0.0,-0.672,0.328,32.8
2018-05-24 09:00:00,1.329,1.276,276.0,True,True,True,2,ok,1.263,0.0,1.263,0.012,0.0,0.012,0.34,34.0
2018-05-24 10:00:00,1.861,1.786,394.0,True,True,True,3,ok,1.263,0.0,1.263,0.497,0.0,0.497,0.837,83.7
2018-05-24 11:00:00,2.141,2.055,458.0,True,True,True,4,ok,1.263,0.0,1.263,0.163,0.621,0.163,1.0,100.0
2018-05-24 12:00:00,2.479,2.38,538.0,True,True,True,5,ok,1.263,0.0,1.263,0.0,1.117,0.0,1.0,100.0
2018-05-24 13:00:00,2.744,2.635,602.0,True,True,True,6,ok,1.263,0.0,1.263,0.0,1.372,0.0,1.0,100.0
2018-05-24 14:00:00,1.985,1.906,423.0,True,True,False,6,cap_reached,0.0,0.0,0.0,0.0,1.906,0.0,1.0,100.0
2018-05-24 15:00:00,0.758,0.728,156.0,True,True,False,6,cap_reached,0.0,0.0,0.0,0.0,0.728,0.0,1.0,100.0
2018-05-24 16:00:00,0.237,0.227,48.0,True,True,False,6,cap_reached,0.0,0.0,0.0,0.0,0.227,0.0,1.0,100.0
2018-05-24 17:00:00,0.668,0.641,136.0,True,True,False,6,cap_reached,0.0,0.0,0.0,0.0,0.641,0.0,1.0,100.0
2018-05-24 18:00:00,0.124,0.119,25.0,True,True,False,6,cap_reached,0.0,0.0,0.0,0.0,0.119,0.0,1.0,100.0
2018-05-24 19:00:00,0.0,0.0,0.0,False,True,False,6,cap_reached,0.0,0.0,0.0,0.0,0.0,0.0,1.0,100.0
2018-05-24 20:00:00,0.0,0.0,0.0,False,True,False,6,cap_reached,0.0,0.0,0.0,0.0,0.0,0.0,1.0,100.0
2018-05-24 21:00:00,0.0,0.0,0.0,False,True,False,6,cap_reached,0.0,0.0,0.0,0.0,0.0,0.0,1.0,100.0
2018-05-24 22:00:00,0.0,0.0,0.0,False,True,False,6,cap_reached,0.0,0.0,0.0,0.0,0.0,0.0,1.0,100.0
2018-05-24 23:00:00,0.0,0.0,0.0,False,True,False,6,cap_reached,0.0,0.0,0.0,0.0,0.0,0.0,1.0,100.0
2018-05-25 00:00:00,0.0,0.0,0.0,False,True,False,0,night,0.0,0.0,0.0,0.0,0.0,0.0,1.0,100.0
2018-05-25 01:00:00,0.0,0.0,0.0,False,True,False,0,night,0.0,0.0,0.0,0.0,0.0,0.0,1.0,100.0
2018-05-25 02:00:00,0.0,0.0,0.0,False,True,False,0,night,0.0,0.0,0.0,0.0,0.0,0.0,1.0,100.0
2018-05-25 03:00:00,0.0,0.0,0.0,False,True,False,0,night,0.0,0.0,0.0,0.0,0.0,0.0,1.0,100.0
2018-05-25 04:00:00,0.0,0.0,0.0,False,True,False,0,night,0.0,0.0,0.0,0.0,0.0,0.0,1.0,100.0
2018-05-25 05:00:00,0.0,0.0,0.0,False,True,False,0,night,0.0,0.0,0.0,0.0,0.0,0.0,1.0,100.0
2018-05-25 06:00:00,0.144,0.138,29.0,True,True,False,0,battery_empty,0.0,0.0,0.0,0.0,0.138,0.0,1.0,100.0
2018-05-25 07:00:00,0.971,0.932,191.0,True,True,True,1,ok,0.932,0.331,1.263,0.0,0.0,-0.348,0.652,65.2
2018-05-25 08:00:00,0.997,0.957,205.0,True,True,True,2,ok,0.957,0.306,1.263,0.0,0.0,-0.322,0.329,32.9
2018-05-25 09:00:00,2.216,2.127,473.0,True,True,True,3,ok,1.263,0.0,1.263,0.671,0.158,0.671,1.0,100.0
2018-05-25 10:00:00,2.312,2.22,498.0,True,True,True,4,ok,1.263,0.0,1.263,0.0,0.957,0.0,1.0,100.0
2018-05-25 11:00:00,2.971,2.852,666.0,True,True,True,5,ok,1.263,0.0,1.263,0.0,1.589,0.0,1.0,100.0
2018-05-25 12:00:00,3.387,3.252,781.0,True,True,True,6,ok,1.263,0.0,1.263,0.0,1.989,0.0,1.0,100.0
2018-05-25 13:00:00,3.298,3.166,752.0,True,True,False,6,cap_reached,0.0,0.0,0.0,0.0,3.166,0.0,1.0,100.0
2018-05-25 14:00:00,2.631,2.526,576.0,True,True,False,6,cap_reached,0.0,0.0,0.0,0.0,2.526,0.0,1.0,100.0
2018-05-25 15:00:00,2.354,2.26,508.0,True,True,False,6,cap_reached,0.0,0.0,0.0,0.0,2.26,0.0,1.0,100.0
2018-05-25 16:00:00,1.868,1.793,389.0,True,True,False,6,cap_reached,0.0,0.0,0.0,0.0,1.793,0.0,1.0,100.0
2018-05-25 17:00:00,0.422,0.405,85.0,True,True,False,6,cap_reached,0.0,0.0,0.0,0.0,0.405,0.0,1.0,100.0
2018-05-25 18:00:00,0.26,0.249,52.0,True,True,False,6,cap_reached,0.0,0.0,0.0,0.0,0.249,0.0,1.0,100.0
2018-05-25 19:00:00,0.0,0.0,0.0,False,True,False,6,cap_reached,0.0,0.0,0.0,0.0,0.0,0.0,1.0,100.0
2018-05-25 20:00:00,0.0,0.0,0.0,False,True,False,6,cap_reached,0.0,0.0,0.0,0.0,0.0,0.0,1.0,100.0
2018-05-25 21:00:00,0.0,0.0,0.0,False,True,False,6,cap_reached,0.0,0.0,0.0,0.0,0.0,0.0,1.0,100.0
2018-05-25 22:00:00,0.0,0.0,0.0,False,True,False,6,cap_reached,0.0,0.0,0.0,0.0,0.0,0.0,1.0,100.0
2018-05-25 23:00:00,0.0,0.0,0.0,False,True,False,6,cap_reached,0.0,0.0,0.0,0.0,0.0,0.0,1.0,100.0
2018-05-26 00:00:00,0.0,0.0,0.0,False,True,False,0,night,0.0,0.0,0.0,0.0,0.0,0.0,1.0,100.0
2018-05-26 01:00:00,0.0,0.0,0.0,False,True,False,0,night,0.0,0.0,0.0,0.0,0.0,0.0,1.0,100.0
2018-05-26 02:00:00,0.0,0.0,0.0,False,True,False,0,night,0.0,0.0,0.0,0.0,0.0,0.0,1.0,100.0
2018-05-26 03:00:00,0.0,0.0,0.0,False,True,False,0,night,0.0,0.0,0.0,0.0,0.0,0.0,1.0,100.0
2018-05-26 04:00:00,0.0,0.0,0.0,False,True,False,0,night,0.0,0.0,0.0,0.0,0.0,0.0,1.0,100.0
2018-05-26 05:00:00,0.0,0.0,0.0,False,True,False,0,night,0.0,0.0,0.0,0.0,0.0,0.0,1.0,100.0
2018-05-26 06:00:00,0.145,0.139,29.0,True,True,False,0,battery_empty,0.0,0.0,0.0,0.0,0.139,0.0,1.0,100.0
2018-05-26 07:00:00,0.349,0.335,70.0,True,True,False,0,battery_empty,0.0,0.0,0.0,0.0,0.335,0.0,1.0,100.0
2018-05-26 08:00:00,0.406,0.39,82.0,True,True,False,0,battery_empty,0.0,0.0,0.0,0.0,0.39,0.0,1.0,100.0
2018-05-26 09:00:00,0.63,0.605,128.0,True,True,True,1,ok,0.605,0.658,1.263,0.0,0.0,-0.693,0.307,30.7
2018-05-26 10:00:00,0.994,0.954,204.0,True,True,False,1,battery_empty,0.0,0.0,0.0,0.693,0.225,0.693,1.0,100.0
2018-05-26 11:00:00,0.496,0.477,101.0,True,True,True,2,ok,0.477,0.786,1.263,0.0,0.0,-0.828,0.172,17.2
2018-05-26 12:00:00,0.853,0.819,174.0,True,True,False,2,battery_empty,0.0,0.0,0.0,0.778,0.0,0.778,0.95,95.0
2018-05-26 13:00:00,1.602,1.538,335.0,True,True,True,3,ok,1.263,0.0,1.263,0.05,0.223,0.05,1.0,100.0
2018-05-26 14:00:00,1.096,1.052,226.0,True,True,True,4,ok,1.052,0.211,1.263,0.0,0.0,-0.222,0.778,77.8
2018-05-26 15:00:00,0.98,0.941,201.0,True,True,True,5,ok,0.941,0.322,1.263,0.0,0.0,-0.339,0.438,43.8
2018-05-26 16:00:00,0.588,0.564,120.0,True,True,False,5,battery_empty,0.0,0.0,0.0,0.536,0.0,0.536,0.974,97.4
2018-05-26 17:00:00,0.253,0.242,51.0,True,True,False,5,battery_empty,0.0,0.0,0.0,0.026,0.215,0.026,1.0,100.0
2018-05-26 18:00:00,0.124,0.119,25.0,True,True,False,5,battery_empty,0.0,0.0,0.0,0.0,0.119,0.0,1.0,100.0
2018-05-26 19:00:00,0.0,0.0,0.0,False,True,False,5,night,0.0,0.0,0.0,0.0,0.0,0.0,1.0,100.0
2018-05-26 20:00:00,0.0,0.0,0.0,False,True,False,5,night,0.0,0.0,0.0,0.0,0.0,0.0,1.0,100.0
2018-05-26 21:00:00,0.0,0.0,0.0,False,True,False,5,night,0.0,0.0,0.0,0.0,0.0,0.0,1.0,100.0
2018-05-26 22:00:00,0.0,0.0,0.0,False,True,False,5,night,0.0,0.0,0.0,0.0,0.0,0.0,1.0,100.0
2018-05-26 23:00:00,0.0,0.0,0.0,False,True,False,5,night,0.0,0.0,0.0,0.0,0.0,0.0,1.0,100.0
2018-05-27 00:00:00,0.0,0.0,0.0,False,True,False,0,night,0.0,0.0,0.0,0.0,0.0,0.0,1.0,100.0
2018-05-27 01:00:00,0.0,0.0,0.0,False,True,False,0,night,0.0,0.0,0.0,0.0,0.0,0.0,1.0,100.0
2018-05-27 02:00:00,0.0,0.0,0.0,False,True,False,0,night,0.0,0.0,0.0,0.0,0.0,0.0,1.0,100.0
2018-05-27 03:00:00,0.0,0.0,0.0,False,True,False,0,night,0.0,0.0,0.0,0.0,0.0,0.0,1.0,100.0
2018-05-27 04:00:00,0.0,0.0,0.0,False,True,False,0,night,0.0,0.0,0.0,0.0,0.0,0.0,1.0,100.0
2018-05-27 05:00:00,0.0,0.0,0.0,False,True,False,0,night,0.0,0.0,0.0,0.0,0.0,0.0,1.0,100.0
2018-05-27 06:00:00,0.065,0.062,13.0,False,True,False,0,night,0.0,0.0,0.0,0.0,0.062,0.0,1.0,100.0
2018-05-27 07:00:00,0.025,0.024,5.0,False,True,False,0,night,0.0,0.0,0.0,0.0,0.024,0.0,1.0,100.0
2018-05-27 08:00:00,0.129,0.124,26.0,True,True,False,0,battery_empty,0.0,0.0,0.0,0.0,0.124,0.0,1.0,100.0
2018-05-27 09:00:00,0.375,0.36,77.0,True,True,False,0,battery_empty,0.0,0.0,0.0,0.0,0.36,0.0,1.0,100.0
2018-05-27 10:00:00,0.326,0.313,66.0,True,True,False,0,battery_empty,0.0,0.0,0.0,0.0,0.313,0.0,1.0,100.0
2018-05-27 11:00:00,0.627,0.602,128.0,True,True,True,1,ok,0.602,0.661,1.263,0.0,0.0,-0.696,0.304,30.4
2018-05-27 12:00:00,0.237,0.227,48.0,True,True,False,1,battery_empty,0.0,0.0,0.0,0.216,0.0,0.216,0.52,52.0
2018-05-27 13:00:00,0.217,0.208,44.0,True,True,False,1,battery_empty,0.0,0.0,0.0,0.198,0.0,0.198,0.718,71.8
2018-05-27 14:00:00,2.032,1.951,433.0,True,True,True,2,ok,1.263,0.0,1.263,0.282,0.39,0.282,1.0,100.0
2018-05-27 15:00:00,1.727,1.658,364.0,True,True,True,3,ok,1.263,0.0,1.263,0.0,0.395,0.0,1.0,100.0
2018-05-27 16:00:00,0.922,0.885,190.0,True,True,True,4,ok,0.885,0.378,1.263,0.0,0.0,-0.398,0.602,60.2
2018-05-27 17:00:00,0.821,0.788,167.0,True,True,True,5,ok,0.788,0.475,1.263,0.0,0.0,-0.5,0.102,10.2
2018-05-27 18:00:00,0.345,0.331,69.0,True,True,False,5,battery_empty,0.0,0.0,0.0,0.315,0.0,0.315,0.417,41.7
2018-05-27 19:00:00,0.0,0.0,0.0,False,True,False,5,night,0.0,0.0,0.0,0.0,0.0,0.0,0.417,41.7
2018-05-27 20:00:00,0.0,0.0,0.0,False,True,False,5,night,0.0,0.0,0.0,0.0,0.0,0.0,0.417,41.7
2018-05-27 21:00:00,0.0,0.0,0.0,False,True,False,5,night,0.0,0.0,0.0,0.0,0.0,0.0,0.417,41.7
2018-05-27 22:00:00,0.0,0.0,0.0,False,True,False,5,night,0.0,0.0,0.0,0.0,0.0,0.0,0.417,41.7
2018-05-27 23:00:00,0.0,0.0,0.0,False,True,False,5,night,0.0,0.0,0.0,0.0,0.0,0.0,0.417,41.7
2018-05-28 00:00:00,0.0,0.0,0.0,False,True,False,0,night,0.0,0.0,0.0,0.0,0.0,0.0,0.417,41.7
2018-05-28 01:00:00,0.0,0.0,0.0,False,True,False,0,night,0.0,0.0,0.0,0.0,0.0,0.0,0.417,41.7
2018-05-28 02:00:00,0.0,0.0,0.0,False,True,False,0,night,0.0,0.0,0.0,0.0,0.0,0.0,0.417,41.7
2018-05-28 03:00:00,0.0,0.0,0.0,False,True,False,0,night,0.0,0.0,0.0,0.0,0.0,0.0,0.417,41.7
2018-05-28 04:00:00,0.0,0.0,0.0,False,True,False,0,night,0.0,0.0,0.0,0.0,0.0,0.0,0.417,41.7
2018-05-28 05:00:00,0.0,0.0,0.0,False,True,False,0,night,0.0,0.0,0.0,0.0,0.0,0.0,0.417,41.7
2018-05-28 06:00:00,0.069,0.067,14.0,False,True,False,0,night,0.0,0.0,0.0,0.063,0.0,0.063,0.48,48.0
2018-05-28 07:00:00,0.158,0.152,32.0,True,True,False,0,battery_empty,0.0,0.0,0.0,0.144,0.0,0.144,0.625,62.5
2018-05-28 08:00:00,0.079,0.076,16.0,False,True,False,0,night,0.0,0.0,0.0,0.072,0.0,0.072,0.697,69.7
2018-05-28 09:00:00,0.838,0.805,173.0,True,True,True,1,ok,0.805,0.458,1.263,0.0,0.0,-0.482,0.214,21.4
2018-05-28 10:00:00,1.777,1.706,375.0,True,True,True,2,ok,1.263,0.0,1.263,0.421,0.0,0.421,0.635,63.5
2018-05-28 11:00:00,1.972,1.893,419.0,True,True,True,3,ok,1.263,0.0,1.263,0.365,0.247,0.365,1.0,100.0
2018-05-28 12:00:00,2.453,2.355,532.0,True,True,True,4,ok,1.263,0.0,1.263,0.0,1.092,0.0,1.0,100.0
2018-05-28 13:00:00,1.908,1.832,404.0,True,True,True,5,ok,1.263,0.0,1.263,0.0,0.569,0.0,1.0,100.0
2018-05-28 14:00:00,1.335,1.282,279.0,True,True,True,6,ok,1.263,0.0,1.263,0.0,0.019,0.0,1.0,100.0
2018-05-28 15:00:00,2.142,2.056,458.0,True,True,False,6,cap_reached,0.0,0.0,0.0,0.0,2.056,0.0,1.0,100.0
2018-05-28 16:00:00,0.802,0.77,165.0,True,True,False,6,cap_reached,0.0,0.0,0.0,0.0,0.77,0.0,1.0,100.0
2018-05-28 17:00:00,0.496,0.477,101.0,True,True,False,6,cap_reached,0.0,0.0,0.0,0.0,0.477,0.0,1.0,100.0
2018-05-28 18:00:00,0.223,0.214,45.0,True,True,False,6,cap_reached,0.0,0.0,0.0,0.0,0.214,0.0,1.0,100.0
2018-05-28 19:00:00,0.0,0.0,0.0,False,True,False,6,cap_reached,0.0,0.0,0.0,0.0,0.0,0.0,1.0,100.0
2018-05-28 20:00:00,0.0,0.0,0.0,False,True,False,6,cap_reached,0.0,0.0,0.0,0.0,0.0,0.0,1.0,100.0
2018-05-28 21:00:00,0.0,0.0,0.0,False,True,False,6,cap_reached,0.0,0.0,0.0,0.0,0.0,0.0,1.0,100.0
2018-05-28 22:00:00,0.0,0.0,0.0,False,True,False,6,cap_reached,0.0,0.0,0.0,0.0,0.0,0.0,1.0,100.0
2018-05-28 23:00:00,0.0,0.0,0.0,False,True,False,6,cap_reached,0.0,0.0,0.0,0.0,0.0,0.0,1.0,100.0
2018-05-29 00:00:00,0.0,0.0,0.0,False,True,False,0,night,0.0,0.0,0.0,0.0,0.0,0.0,1.0,100.0
2018-05-29 01:00:00,0.0,0.0,0.0,False,True,False,0,night,0.0,0.0,0.0,0.0,0.0,0.0,1.0,100.0
2018-05-29 02:00:00,0.0,0.0,0.0,False,True,False,0,night,0.0,0.0,0.0,0.0,0.0,0.0,1.0,100.0
2018-05-29 03:00:00,0.0,0.0,0.0,False,True,False,0,night,0.0,0.0,0.0,0.0,0.0,0.0,1.0,100.0
2018-05-29 04:00:00,0.0,0.0,0.0,False,True,False,0,night,0.0,0.0,0.0,0.0,0.0,0.0,1.0,100.0
2018-05-29 05:00:00,0.0,0.0,0.0,False,True,False,0,night,0.0,0.0,0.0,0.0,0.0,0.0,1.0,100.0
2018-05-29 06:00:00,0.145,0.139,29.0,True,True,False,0,battery_empty,0.0,0.0,0.0,0.0,0.139,0.0,1.0,100.0
2018-05-29 07:00:00,1.257,1.207,234.0,True,True,True,1,ok,1.207,0.056,1.263,0.0,0.0,-0.059,0.941,94.1
2018-05-29 08:00:00,1.905,1.829,388.0,True,True,True,2,ok,1.263,0.0,1.263,0.059,0.504,0.059,1.0,100.0
2018-05-29 09:00:00,1.837,1.764,388.0,True,True,True,3,ok,1.263,0.0,1.263,0.0,0.501,0.0,1.0,100.0
2018-05-29 10:00:00,3.179,3.052,707.0,True,True,True,4,ok,1.263,0.0,1.263,0.0,1.789,0.0,1.0,100.0
2018-05-29 11:00:00,2.137,2.052,458.0,True,True,True,5,ok,1.263,0.0,1.263,0.0,0.789,0.0,1.0,100.0
2018-05-29 12:00:00,0.792,0.76,163.0,True,True,True,6,ok,0.76,0.503,1.263,0.0,0.0,-0.529,0.471,47.1
2018-05-29 13:00:00,0.324,0.311,66.0,True,True,False,6,cap_reached,0.0,0.0,0.0,0.296,0.0,0.296,0.767,76.7
2018-05-29 14:00:00,0.29,0.278,59.0,True,True,False,6,cap_reached,0.0,0.0,0.0,0.233,0.033,0.233,1.0,100.0
2018-05-29 15:00:00,0.123,0.118,25.0,True,True,False,6,cap_reached,0.0,0.0,0.0,0.0,0.118,0.0,1.0,100.0
2018-05-29 16:00:00,0.069,0.066,14.0,False,True,False,6,cap_reached,0.0,0.0,0.0,0.0,0.066,0.0,1.0,100.0
2018-05-29 17:00:00,0.035,0.033,7.0,False,True,False,6,cap_reached,0.0,0.0,0.0,0.0,0.033,0.0,1.0,100.0
2018-05-29 18:00:00,0.05,0.048,10.0,False,True,False,6,cap_reached,0.0,0.0,0.0,0.0,0.048,0.0,1.0,100.0
2018-05-29 19:00:00,0.0,0.0,0.0,False,True,False,6,cap_reached,0.0,0.0,0.0,0.0,0.0,0.0,1.0,100.0
2018-05-29 20:00:00,0.0,0.0,0.0,False,True,False,6,cap_reached,0.0,0.0,0.0,0.0,0.0,0.0,1.0,100.0
2018-05-29 21:00:00,0.0,0.0,0.0,False,True,False,6,cap_reached,0.0,0.0,0.0,0.0,0.0,0.0,1.0,100.0
2018-05-29 22:00:00,0.0,0.0,0.0,False,True,False,6,cap_reached,0.0,0.0,0.0,0.0,0.0,0.0,1.0,100.0
2018-05-29 23:00:00,0.0,0.0,0.0,False,True,False,6,cap_reached,0.0,0.0,0.0,0.0,0.0,0.0,1.0,100.0
2018-05-30 00:00:00,0.0,0.0,0.0,False,True,False,0,night,0.0,0.0,0.0,0.0,0.0,0.0,1.0,100.0
2018-05-30 01:00:00,0.0,0.0,0.0,False,True,False,0,night,0.0,0.0,0.0,0.0,0.0,0.0,1.0,100.0
2018-05-30 02:00:00,0.0,0.0,0.0,False,True,False,0,night,0.0,0.0,0.0,0.0,0.0,0.0,1.0,100.0
2018-05-30 03:00:00,0.0,0.0,0.0,False,True,False,0,night,0.0,0.0,0.0,0.0,0.0,0.0,1.0,100.0
2018-05-30 04:00:00,0.0,0.0,0.0,False,True,False,0,night,0.0,0.0,0.0,0.0,0.0,0.0,1.0,100.0
2018-05-30 05:00:00,0.0,0.0,0.0,False,True,False,0,night,0.0,0.0,0.0,0.0,0.0,0.0,1.0,100.0
2018-05-30 06:00:00,0.502,0.482,70.0,True,True,True,1,ok,0.482,0.781,1.263,0.0,0.0,-0.822,0.178,17.8
2018-05-30 07:00:00,1.498,1.438,265.0,True,True,True,2,ok,1.263,0.0,1.263,0.167,0.0,0.167,0.344,34.4
2018-05-30 08:00:00,2.37,2.275,479.0,True,True,True,3,ok,1.263,0.0,1.263,0.656,0.322,0.656,1.0,100.0
2018-05-30 09:00:00,3.088,2.964,675.0,True,True,True,4,ok,1.263,0.0,1.263,0.0,1.701,0.0,1.0,100.0
2018-05-30 10:00:00,2.53,2.429,552.0,True,True,True,5,ok,1.263,0.0,1.263,0.0,1.166,0.0,1.0,100.0
2018-05-30 11:00:00,2.706,2.597,595.0,True,True,True,6,ok,1.263,0.0,1.263,0.0,1.334,0.0,1.0,100.0
2018-05-30 12:00:00,1.265,1.215,265.0,True,True,False,6,cap_reached,0.0,0.0,0.0,0.0,1.215,0.0,1.0,100.0
2018-05-30 13:00:00,0.372,0.357,76.0,True,True,False,6,cap_reached,0.0,0.0,0.0,0.0,0.357,0.0,1.0,100.0
2018-05-30 14:00:00,0.182,0.175,37.0,True,True,False,6,cap_reached,0.0,0.0,0.0,0.0,0.175,0.0,1.0,100.0
2018-05-30 15:00:00,0.665,0.638,137.0,True,True,False,6,cap_reached,0.0,0.0,0.0,0.0,0.638,0.0,1.0,100.0
2018-05-30 16:00:00,0.069,0.066,14.0,False,True,False,6,cap_reached,0.0,0.0,0.0,0.0,0.066,0.0,1.0,100.0
2018-05-30 17:00:00,0.924,0.887,189.0,True,True,False,6,cap_reached,0.0,0.0,0.0,0.0,0.887,0.0,1.0,100.0
2018-05-30 18:00:00,0.189,0.181,38.0,True,True,False,6,cap_reached,0.0,0.0,0.0,0.0,0.181,0.0,1.0,100.0
2018-05-30 19:00:00,0.0,0.0,0.0,False,True,False,6,cap_reached,0.0,0.0,0.0,0.0,0.0,0.0,1.0,100.0
2018-05-30 20:00:00,0.0,0.0,0.0,False,True,False,6,cap_reached,0.0,0.0,0.0,0.0,0.0,0.0,1.0,100.0
2018-05-30 21:00:00,0.0,0.0,0.0,False,True,False,6,cap_reached,0.0,0.0,0.0,0.0,0.0,0.0,1.0,100.0
2018-05-30 22:00:00,0.0,0.0,0.0,False,True,False,6,cap_reached,0.0,0.0,0.0,0.0,0.0,0.0,1.0,100.0
2018-05-30 23:00:00,0.0,0.0,0.0,False,True,False,6,cap_reached,0.0,0.0,0.0,0.0,0.0,0.0,1.0,100.0
2018-05-31 00:00:00,0.0,0.0,0.0,False,True,False,0,night,0.0,0.0,0.0,0.0,0.0,0.0,1.0,100.0
2018-05-31 01:00:00,0.0,0.0,0.0,False,True,False,0,night,0.0,0.0,0.0,0.0,0.0,0.0,1.0,100.0
2018-05-31 02:00:00,0.0,0.0,0.0,False,True,False,0,night,0.0,0.0,0.0,0.0,0.0,0.0,1.0,100.0
2018-05-31 03:00:00,0.0,0.0,0.0,False,True,False,0,night,0.0,0.0,0.0,0.0,0.0,0.0,1.0,100.0
2018-05-31 04:00:00,0.0,0.0,0.0,False,True,False,0,night,0.0,0.0,0.0,0.0,0.0,0.0,1.0,100.0
2018-05-31 05:00:00,0.0,0.0,0.0,False,True,False,0,night,0.0,0.0,0.0,0.0,0.0,0.0,1.0,100.0
2018-05-31 06:00:00,0.233,0.224,47.0,True,True,False,0,battery_empty,0.0,0.0,0.0,0.0,0.224,0.0,1.0,100.0
2018-05-31 07:00:00,1.282,1.231,240.0,True,True,True,1,ok,1.231,0.032,1.263,0.0,0.0,-0.034,0.966,96.6
2018-05-31 08:00:00,2.411,2.314,487.0,True,True,True,2,ok,1.263,0.0,1.263,0.034,1.015,0.034,1.0,100.0
2018-05-31 09:00:00,3.146,3.02,688.0,True,True,True,3,ok,1.263,0.0,1.263,0.0,1.757,0.0,1.0,100.0
2018-05-31 10:00:00,3.163,3.036,711.0,True,True,True,4,ok,1.263,0.0,1.263,0.0,1.773,0.0,1.0,100.0
2018-05-31 11:00:00,3.441,3.303,792.0,True,True,True,5,ok,1.263,0.0,1.263,0.0,2.04,0.0,1.0,100.0
2018-05-31 12:00:00,4.215,4.047,1011.0,True,True,True,6,ok,1.263,0.0,1.263,0.0,2.784,0.0,1.0,100.0
2018-05-31 13:00:00,4.157,3.991,992.0,True,True,False,6,cap_reached,0.0,0.0,0.0,0.0,3.991,0.0,1.0,100.0
2018-05-31 14:00:00,3.886,3.731,907.0,True,True,False,6,cap_reached,0.0,0.0,0.0,0.0,3.731,0.0,1.0,100.0
2018-05-31 15:00:00,3.419,3.282,766.0,True,True,False,6,cap_reached,0.0,0.0,0.0,0.0,3.282,0.0,1.0,100.0
2018-05-31 16:00:00,2.299,2.207,479.0,True,True,False,6,cap_reached,0.0,0.0,0.0,0.0,2.207,0.0,1.0,100.0
2018-05-31 17:00:00,1.422,1.365,278.0,True,True,False,6,cap_reached,0.0,0.0,0.0,0.0,1.365,0.0,1.0,100.0
2018-05-31 18:00:00,0.589,0.566,110.0,True,True,False,6,cap_reached,0.0,0.0,0.0,0.0,0.566,0.0,1.0,100.0
2018-05-31 19:00:00,0.0,0.0,0.0,False,True,False,6,cap_reached,0.0,0.0,0.0,0.0,0.0,0.0,1.0,100.0
2018-05-31 20:00:00,0.0,0.0,0.0,False,True,False,6,cap_reached,0.0,0.0,0.0,0.0,0.0,0.0,1.0,100.0
2018-05-31 21:00:00,0.0,0.0,0.0,False,True,False,6,cap_reached,0.0,0.0,0.0,0.0,0.0,0.0,1.0,100.0
2018-05-31 22:00:00,0.0,0.0,0.0,False,True,False,6,cap_reached,0.0,0.0,0.0,0.0,0.0,0.0,1.0,100.0
2018-05-31 23:00:00,0.0,0.0,0.0,False,True,False,6,cap_reached,0.0,0.0,0.0,0.0,0.0,0.0,1.0,100.0
2018-06-01 00:00:00,0.0,0.0,0.0,False,True,False,0,night,0.0,0.0,0.0,0.0,0.0,0.0,1.0,100.0
2018-06-01 01:00:00,0.0,0.0,0.0,False,True,False,0,night,0.0,0.0,0.0,0.0,0.0,0.0,1.0,100.0
2018-06-01 02:00:00,0.0,0.0,0.0,False,True,False,0,night,0.0,0.0,0.0,0.0,0.0,0.0,1.0,100.0
2018-06-01 03:00:00,0.0,0.0,0.0,False,True,False,0,night,0.0,0.0,0.0,0.0,0.0,0.0,1.0,100.0
2018-06-01 04:00:00,0.0,0.0,0.0,False,True,False,0,night,0.0,0.0,0.0,0.0,0.0,0.0,1.0,100.0
2018-06-01 05:00:00,0.0,0.0,0.0,False,True,False,0,night,0.0,0.0,0.0,0.0,0.0,0.0,1.0,100.0
2018-06-01 06:00:00,0.617,0.592,79.0,True,True,True,1,ok,0.592,0.671,1.263,0.0,0.0,-0.706,0.294,29.4
2018-06-01 07:00:00,1.656,1.59,288.0,True,True,True,2,ok,1.263,0.0,1.263,0.311,0.0,0.311,0.604,60.4
2018-06-01 08:00:00,1.864,1.79,386.0,True,True,True,3,ok,1.263,0.0,1.263,0.396,0.11,0.396,1.0,100.0
2018-06-01 09:00:00,2.775,2.664,599.0,True,True,True,4,ok,1.263,0.0,1.263,0.0,1.401,0.0,1.0,100.0
2018-06-01 10:00:00,3.828,3.675,883.0,True,True,True,5,ok,1.263,0.0,1.263,0.0,2.412,0.0,1.0,100.0
2018-06-01 11:00:00,3.617,3.472,837.0,True,True,True,6,ok,1.263,0.0,1.263,0.0,2.209,0.0,1.0,100.0
2018-06-01 12:00:00,4.32,4.147,1039.0,True,True,False,6,cap_reached,0.0,0.0,0.0,0.0,4.147,0.0,1.0,100.0
2018-06-01 13:00:00,3.546,3.404,825.0,True,True,False,6,cap_reached,0.0,0.0,0.0,0.0,3.404,0.0,1.0,100.0
2018-06-01 14:00:00,3.314,3.181,753.0,True,True,False,6,cap_reached,0.0,0.0,0.0,0.0,3.181,0.0,1.0,100.0
2018-06-01 15:00:00,3.078,2.955,682.0,True,True,False,6,cap_reached,0.0,0.0,0.0,0.0,2.955,0.0,1.0,100.0
2018-06-01 16:00:00,1.979,1.9,413.0,True,True,False,6,cap_reached,0.0,0.0,0.0,0.0,1.9,0.0,1.0,100.0
2018-06-01 17:00:00,1.96,1.882,363.0,True,True,False,6,cap_reached,0.0,0.0,0.0,0.0,1.882,0.0,1.0,100.0
2018-06-01 18:00:00,0.554,0.532,106.0,True,True,False,6,cap_reached,0.0,0.0,0.0,0.0,0.532,0.0,1.0,100.0
2018-06-01 19:00:00,0.0,0.0,0.0,False,True,False,6,cap_reached,0.0,0.0,0.0,0.0,0.0,0.0,1.0,100.0
2018-06-01 20:00:00,0.0,0.0,0.0,False,True,False,6,cap_reached,0.0,0.0,0.0,0.0,0.0,0.0,1.0,100.0
2018-06-01 21:00:00,0.0,0.0,0.0,False,True,False,6,cap_reached,0.0,0.0,0.0,0.0,0.0,0.0,1.0,100.0
2018-06-01 22:00:00,0.0,0.0,0.0,False,True,False,6,cap_reached,0.0,0.0,0.0,0.0,0.0,0.0,1.0,100.0
2018-06-01 23:00:00,0.0,0.0,0.0,False,True,False,6,cap_reached,0.0,0.0,0.0,0.0,0.0,0.0,1.0,100.0
2018-06-02 00:00:00,0.0,0.0,0.0,False,True,False,0,night,0.0,0.0,0.0,0.0,0.0,0.0,1.0,100.0
2018-06-02 01:00:00,0.0,0.0,0.0,False,True,False,0,night,0.0,0.0,0.0,0.0,0.0,0.0,1.0,100.0
2018-06-02 02:00:00,0.0,0.0,0.0,False,True,False,0,night,0.0,0.0,0.0,0.0,0.0,0.0,1.0,100.0
2018-06-02 03:00:00,0.0,0.0,0.0,False,True,False,0,night,0.0,0.0,0.0,0.0,0.0,0.0,1.0,100.0
2018-06-02 04:00:00,0.0,0.0,0.0,False,True,False,0,night,0.0,0.0,0.0,0.0,0.0,0.0,1.0,100.0
2018-06-02 05:00:00,0.0,0.0,0.0,False,True,False,0,night,0.0,0.0,0.0,0.0,0.0,0.0,1.0,100.0
2018-06-02 06:00:00,0.638,0.612,80.0,True,True,True,1,ok,0.612,0.651,1.263,0.0,0.0,-0.685,0.315,31.5
2018-06-02 07:00:00,1.671,1.604,289.0,True,True,True,2,ok,1.263,0.0,1.263,0.324,0.0,0.324,0.639,63.9
2018-06-02 08:00:00,2.565,2.462,516.0,True,True,True,3,ok,1.263,0.0,1.263,0.361,0.819,0.361,1.0,100.0
2018-06-02 09:00:00,3.286,3.155,720.0,True,True,True,4,ok,1.263,0.0,1.263,0.0,1.892,0.0,1.0,100.0
2018-06-02 10:00:00,3.825,3.672,883.0,True,True,True,5,ok,1.263,0.0,1.263,0.0,2.409,0.0,1.0,100.0
2018-06-02 11:00:00,4.164,3.998,990.0,True,True,True,6,ok,1.263,0.0,1.263,0.0,2.735,0.0,1.0,100.0
2018-06-02 12:00:00,4.287,4.115,1032.0,True,True,False,6,cap_reached,0.0,0.0,0.0,0.0,4.115,0.0,1.0,100.0
2018-06-02 13:00:00,4.197,4.029,1005.0,True,True,False,6,cap_reached,0.0,0.0,0.0,0.0,4.029,0.0,1.0,100.0
2018-06-02 14:00:00,3.304,3.172,743.0,True,True,False,6,cap_reached,0.0,0.0,0.0,0.0,3.172,0.0,1.0,100.0
2018-06-02 15:00:00,0.625,0.6,128.0,True,True,False,6,cap_reached,0.0,0.0,0.0,0.0,0.6,0.0,1.0,100.0
2018-06-02 16:00:00,2.135,2.05,445.0,True,True,False,6,cap_reached,0.0,0.0,0.0,0.0,2.05,0.0,1.0,100.0
2018-06-02 17:00:00,0.826,0.793,170.0,True,True,False,6,cap_reached,0.0,0.0,0.0,0.0,0.793,0.0,1.0,100.0
2018-06-02 18:00:00,0.349,0.335,72.0,True,True,False,6,cap_reached,0.0,0.0,0.0,0.0,0.335,0.0,1.0,100.0
2018-06-02 19:00:00,0.0,0.0,0.0,False,True,False,6,cap_reached,0.0,0.0,0.0,0.0,0.0,0.0,1.0,100.0
2018-06-02 20:00:00,0.0,0.0,0.0,False,True,False,6,cap_reached,0.0,0.0,0.0,0.0,0.0,0.0,1.0,100.0
2018-06-02 21:00:00,0.0,0.0,0.0,False,True,False,6,cap_reached,0.0,0.0,0.0,0.0,0.0,0.0,1.0,100.0
2018-06-02 22:00:00,0.0,0.0,0.0,False,True,False,6,cap_reached,0.0,0.0,0.0,0.0,0.0,0.0,1.0,100.0
2018-06-02 23:00:00,0.0,0.0,0.0,False,True,False,6,cap_reached,0.0,0.0,0.0,0.0,0.0,0.0,1.0,100.0
2018-06-03 00:00:00,0.0,0.0,0.0,False,True,False,0,night,0.0,0.0,0.0,0.0,0.0,0.0,1.0,100.0
2018-06-03 01:00:00,0.0,0.0,0.0,False,True,False,0,night,0.0,0.0,0.0,0.0,0.0,0.0,1.0,100.0
2018-06-03 02:00:00,0.0,0.0,0.0,False,True,False,0,night,0.0,0.0,0.0,0.0,0.0,0.0,1.0,100.0
2018-06-03 03:00:00,0.0,0.0,0.0,False,True,False,0,night,0.0,0.0,0.0,0.0,0.0,0.0,1.0,100.0
2018-06-03 04:00:00,0.0,0.0,0.0,False,True,False,0,night,0.0,0.0,0.0,0.0,0.0,0.0,1.0,100.0
2018-06-03 05:00:00,0.0,0.0,0.0,False,True,False,0,night,0.0,0.0,0.0,0.0,0.0,0.0,1.0,100.0
2018-06-03 06:00:00,0.249,0.239,51.0,True,True,False,0,battery_empty,0.0,0.0,0.0,0.0,0.239,0.0,1.0,100.0
2018-06-03 07:00:00,1.435,1.378,262.0,True,True,True,1,ok,1.263,0.0,1.263,0.0,0.115,0.0,1.0,100.0
2018-06-03 08:00:00,2.472,2.373,497.0,True,True,True,2,ok,1.263,0.0,1.263,0.0,1.11,0.0,1.0,100.0
2018-06-03 09:00:00,3.186,3.059,696.0,True,True,True,3,ok,1.263,0.0,1.263,0.0,1.796,0.0,1.0,100.0
2018-06-03 10:00:00,3.731,3.582,857.0,True,True,True,4,ok,1.263,0.0,1.263,0.0,2.319,0.0,1.0,100.0
2018-06-03 11:00:00,4.073,3.91,964.0,True,True,True,5,ok,1.263,0.0,1.263,0.0,2.647,0.0,1.0,100.0
2018-06-03 12:00:00,4.201,4.033,1007.0,True,True,True,6,ok,1.263,0.0,1.263,0.0,2.77,0.0,1.0,100.0
2018-06-03 13:00:00,4.126,3.961,984.0,True,True,False,6,cap_reached,0.0,0.0,0.0,0.0,3.961,0.0,1.0,100.0
2018-06-03 14:00:00,2.007,1.927,429.0,True,True,False,6,cap_reached,0.0,0.0,0.0,0.0,1.927,0.0,1.0,100.0
2018-06-03 15:00:00,1.915,1.838,407.0,True,True,False,6,cap_reached,0.0,0.0,0.0,0.0,1.838,0.0,1.0,100.0
2018-06-03 16:00:00,2.727,2.618,569.0,True,True,False,6,cap_reached,0.0,0.0,0.0,0.0,2.618,0.0,1.0,100.0
2018-06-03 17:00:00,0.983,0.943,199.0,True,True,False,6,cap_reached,0.0,0.0,0.0,0.0,0.943,0.0,1.0,100.0
2018-06-03 18:00:00,0.484,0.465,97.0,True,True,False,6,cap_reached,0.0,0.0,0.0,0.0,0.465,0.0,1.0,100.0
2018-06-03 19:00:00,0.0,0.0,0.0,False,True,False,6,cap_reached,0.0,0.0,0.0,0.0,0.0,0.0,1.0,100.0
2018-06-03 20:00:00,0.0,0.0,0.0,False,True,False,6,cap_reached,0.0,0.0,0.0,0.0,0.0,0.0,1.0,100.0
2018-06-03 21:00:00,0.0,0.0,0.0,False,True,False,6,cap_reached,0.0,0.0,0.0,0.0,0.0,0.0,1.0,100.0
2018-06-03 22:00:00,0.0,0.0,0.0,False,True,False,6,cap_reached,0.0,0.0,0.0,0.0,0.0,0.0,1.0,100.0
2018-06-03 23:00:00,0.0,0.0,0.0,False,True,False,6,cap_reached,0.0,0.0,0.0,0.0,0.0,0.0,1.0,100.0
2018-06-04 00:00:00,0.0,0.0,0.0,False,True,False,0,night,0.0,0.0,0.0,0.0,0.0,0.0,1.0,100.0
2018-06-04 01:00:00,0.0,0.0,0.0,False,True,False,0,night,0.0,0.0,0.0,0.0,0.0,0.0,1.0,100.0
2018-06-04 02:00:00,0.0,0.0,0.0,False,True,False,0,night,0.0,0.0,0.0,0.0,0.0,0.0,1.0,100.0
2018-06-04 03:00:00,0.0,0.0,0.0,False,True,False,0,night,0.0,0.0,0.0,0.0,0.0,0.0,1.0,100.0
2018-06-04 04:00:00,0.0,0.0,0.0,False,True,False,0,night,0.0,0.0,0.0,0.0,0.0,0.0,1.0,100.0
2018-06-04 05:00:00,0.0,0.0,0.0,False,True,False,0,night,0.0,0.0,0.0,0.0,0.0,0.0,1.0,100.0
2018-06-04 06:00:00,0.628,0.603,78.0,True,True,True,1,ok,0.603,0.66,1.263,0.0,0.0,-0.695,0.305,30.5
2018-06-04 07:00:00,1.627,1.561,281.0,True,True,True,2,ok,1.263,0.0,1.263,0.284,0.0,0.284,0.589,58.9
2018-06-04 08:00:00,2.489,2.389,500.0,True,True,True,3,ok,1.263,0.0,1.263,0.411,0.693,0.411,1.0,100.0
2018-06-04 09:00:00,3.203,3.075,699.0,True,True,True,4,ok,1.263,0.0,1.263,0.0,1.812,0.0,1.0,100.0
2018-06-04 10:00:00,3.745,3.595,862.0,True,True,True,5,ok,1.263,0.0,1.263,0.0,2.332,0.0,1.0,100.0
2018-06-04 11:00:00,4.081,3.918,969.0,True,True,True,6,ok,1.263,0.0,1.263,0.0,2.655,0.0,1.0,100.0
2018-06-04 12:00:00,4.221,4.052,1014.0,True,True,False,6,cap_reached,0.0,0.0,0.0,0.0,4.052,0.0,1.0,100.0
2018-06-04 13:00:00,4.138,3.973,988.0,True,True,False,6,cap_reached,0.0,0.0,0.0,0.0,3.973,0.0,1.0,100.0
2018-06-04 14:00:00,3.863,3.709,902.0,True,True,False,6,cap_reached,0.0,0.0,0.0,0.0,3.709,0.0,1.0,100.0
2018-06-04 15:00:00,3.384,3.249,759.0,True,True,False,6,cap_reached,0.0,0.0,0.0,0.0,3.249,0.0,1.0,100.0
2018-06-04 16:00:00,2.733,2.624,571.0,True,True,False,6,cap_reached,0.0,0.0,0.0,0.0,2.624,0.0,1.0,100.0
2018-06-04 17:00:00,1.31,1.257,264.0,True,True,False,6,cap_reached,0.0,0.0,0.0,0.0,1.257,0.0,1.0,100.0
2018-06-04 18:00:00,0.975,0.936,142.0,True,True,False,6,cap_reached,0.0,0.0,0.0,0.0,0.936,0.0,1.0,100.0
2018-06-04 19:00:00,0.0,0.0,0.0,False,True,False,6,cap_reached,0.0,0.0,0.0,0.0,0.0,0.0,1.0,100.0
2018-06-04 20:00:00,0.0,0.0,0.0,False,True,False,6,cap_reached,0.0,0.0,0.0,0.0,0.0,0.0,1.0,100.0
2018-06-04 21:00:00,0.0,0.0,0.0,False,True,False,6,cap_reached,0.0,0.0,0.0,0.0,0.0,0.0,1.0,100.0
2018-06-04 22:00:00,0.0,0.0,0.0,False,True,False,6,cap_reached,0.0,0.0,0.0,0.0,0.0,0.0,1.0,100.0
2018-06-04 23:00:00,0.0,0.0,0.0,False,True,False,6,cap_reached,0.0,0.0,0.0,0.0,0.0,0.0,1.0,100.0
2018-06-05 00:00:00,0.0,0.0,0.0,False,True,False,0,night,0.0,0.0,0.0,0.0,0.0,0.0,1.0,100.0
2018-06-05 01:00:00,0.0,0.0,0.0,False,True,False,0,night,0.0,0.0,0.0,0.0,0.0,0.0,1.0,100.0
2018-06-05 02:00:00,0.0,0.0,0.0,False,True,False,0,night,0.0,0.0,0.0,0.0,0.0,0.0,1.0,100.0
2018-06-05 03:00:00,0.0,0.0,0.0,False,True,False,0,night,0.0,0.0,0.0,0.0,0.0,0.0,1.0,100.0
2018-06-05 04:00:00,0.0,0.0,0.0,False,True,False,0,night,0.0,0.0,0.0,0.0,0.0,0.0,1.0,100.0
2018-06-05 05:00:00,0.0,0.0,0.0,False,True,False,0,night,0.0,0.0,0.0,0.0,0.0,0.0,1.0,100.0
2018-06-05 06:00:00,0.556,0.534,73.0,True,True,True,1,ok,0.534,0.729,1.263,0.0,0.0,-0.767,0.233,23.3
2018-06-05 07:00:00,1.546,1.484,271.0,True,True,True,2,ok,1.263,0.0,1.263,0.21,0.0,0.21,0.443,44.3
2018-06-05 08:00:00,2.421,2.325,487.0,True,True,True,3,ok,1.263,0.0,1.263,0.557,0.475,0.557,1.0,100.0
2018-06-05 09:00:00,3.145,3.019,685.0,True,True,True,4,ok,1.263,0.0,1.263,0.0,1.756,0.0,1.0,100.0
2018-06-05 10:00:00,3.694,3.547,847.0,True,True,True,5,ok,1.263,0.0,1.263,0.0,2.284,0.0,1.0,100.0
2018-06-05 11:00:00,4.041,3.88,955.0,True,True,True,6,ok,1.263,0.0,1.263,0.0,2.617,0.0,1.0,100.0
2018-06-05 12:00:00,4.18,4.013,1001.0,True,True,False,6,cap_reached,0.0,0.0,0.0,0.0,4.013,0.0,1.0,100.0
2018-06-05 13:00:00,4.119,3.954,982.0,True,True,False,6,cap_reached,0.0,0.0,0.0,0.0,3.954,0.0,1.0,100.0
2018-06-05 14:00:00,3.845,3.691,897.0,True,True,False,6,cap_reached,0.0,0.0,0.0,0.0,3.691,0.0,1.0,100.0
2018-06-05 15:00:00,3.375,3.24,755.0,True,True,False,6,cap_reached,0.0,0.0,0.0,0.0,3.24,0.0,1.0,100.0
2018-06-05 16:00:00,2.72,2.611,567.0,True,True,False,6,cap_reached,0.0,0.0,0.0,0.0,2.611,0.0,1.0,100.0
2018-06-05 17:00:00,1.911,1.834,354.0,True,True,False,6,cap_reached,0.0,0.0,0.0,0.0,1.834,0.0,1.0,100.0
2018-06-05 18:00:00,0.96,0.922,141.0,True,True,False,6,cap_reached,0.0,0.0,0.0,0.0,0.922,0.0,1.0,100.0
2018-06-05 19:00:00,0.0,0.0,0.0,False,True,False,6,cap_reached,0.0,0.0,0.0,0.0,0.0,0.0,1.0,100.0
2018-06-05 20:00:00,0.0,0.0,0.0,False,True,False,6,cap_reached,0.0,0.0,0.0,0.0,0.0,0.0,1.0,100.0
2018-06-05 21:00:00,0.0,0.0,0.0,False,True,False,6,cap_reached,0.0,0.0,0.0,0.0,0.0,0.0,1.0,100.0
2018-06-05 22:00:00,0.0,0.0,0.0,False,True,False,6,cap_reached,0.0,0.0,0.0,0.0,0.0,0.0,1.0,100.0
2018-06-05 23:00:00,0.0,0.0,0.0,False,True,False,6,cap_reached,0.0,0.0,0.0,0.0,0.0,0.0,1.0,100.0
2018-06-06 00:00:00,0.0,0.0,0.0,False,True,False,0,night,0.0,0.0,0.0,0.0,0.0,0.0,1.0,100.0
2018-06-06 01:00:00,0.0,0.0,0.0,False,True,False,0,night,0.0,0.0,0.0,0.0,0.0,0.0,1.0,100.0
2018-06-06 02:00:00,0.0,0.0,0.0,False,True,False,0,night,0.0,0.0,0.0,0.0,0.0,0.0,1.0,100.0
2018-06-06 03:00:00,0.0,0.0,0.0,False,True,False,0,night,0.0,0.0,0.0,0.0,0.0,0.0,1.0,100.0
2018-06-06 04:00:00,0.0,0.0,0.0,False,True,False,0,night,0.0,0.0,0.0,0.0,0.0,0.0,1.0,100.0
2018-06-06 05:00:00,0.0,0.0,0.0,False,True,False,0,night,0.0,0.0,0.0,0.0,0.0,0.0,1.0,100.0
2018-06-06 06:00:00,0.163,0.156,33.0,True,True,False,0,battery_empty,0.0,0.0,0.0,0.0,0.156,0.0,1.0,100.0
2018-06-06 07:00:00,0.551,0.529,112.0,True,True,True,1,ok,0.529,0.734,1.263,0.0,0.0,-0.773,0.227,22.7
2018-06-06 08:00:00,0.98,0.941,202.0,True,True,False,1,battery_empty,0.0,0.0,0.0,0.773,0.128,0.773,1.0,100.0
2018-06-06 09:00:00,1.896,1.82,401.0,True,True,True,2,ok,1.263,0.0,1.263,0.0,0.557,0.0,1.0,100.0
2018-06-06 10:00:00,2.898,2.782,639.0,True,True,True,3,ok,1.263,0.0,1.263,0.0,1.519,0.0,1.0,100.0
2018-06-06 11:00:00,2.39,2.294,517.0,True,True,True,4,ok,1.263,0.0,1.263,0.0,1.031,0.0,1.0,100.0
2018-06-06 12:00:00,2.755,2.645,606.0,True,True,True,5,ok,1.263,0.0,1.263,0.0,1.382,0.0,1.0,100.0
2018-06-06 13:00:00,1.956,1.878,417.0,True,True,True,6,ok,1.263,0.0,1.263,0.0,0.615,0.0,1.0,100.0
2018-06-06 14:00:00,3.817,3.664,884.0,True,True,False,6,cap_reached,0.0,0.0,0.0,0.0,3.664,0.0,1.0,100.0
2018-06-06 15:00:00,2.584,2.481,562.0,True,True,False,6,cap_reached,0.0,0.0,0.0,0.0,2.481,0.0,1.0,100.0
2018-06-06 16:00:00,2.683,2.575,560.0,True,True,False,6,cap_reached,0.0,0.0,0.0,0.0,2.575,0.0,1.0,100.0
2018-06-06 17:00:00,1.857,1.783,347.0,True,True,False,6,cap_reached,0.0,0.0,0.0,0.0,1.783,0.0,1.0,100.0
2018-06-06 18:00:00,0.893,0.857,137.0,True,True,False,6,cap_reached,0.0,0.0,0.0,0.0,0.857,0.0,1.0,100.0
2018-06-06 19:00:00,0.0,0.0,0.0,False,True,False,6,cap_reached,0.0,0.0,0.0,0.0,0.0,0.0,1.0,100.0
2018-06-06 20:00:00,0.0,0.0,0.0,False,True,False,6,cap_reached,0.0,0.0,0.0,0.0,0.0,0.0,1.0,100.0
2018-06-06 21:00:00,0.0,0.0,0.0,False,True,False,6,cap_reached,0.0,0.0,0.0,0.0,0.0,0.0,1.0,100.0
2018-06-06 22:00:00,0.0,0.0,0.0,False,True,False,6,cap_reached,0.0,0.0,0.0,0.0,0.0,0.0,1.0,100.0
2018-06-06 23:00:00,0.0,0.0,0.0,False,True,False,6,cap_reached,0.0,0.0,0.0,0.0,0.0,0.0,1.0,100.0
2018-06-07 00:00:00,0.0,0.0,0.0,False,True,False,0,night,0.0,0.0,0.0,0.0,0.0,0.0,1.0,100.0
2018-06-07 01:00:00,0.0,0.0,0.0,False,True,False,0,night,0.0,0.0,0.0,0.0,0.0,0.0,1.0,100.0
2018-06-07 02:00:00,0.0,0.0,0.0,False,True,False,0,night,0.0,0.0,0.0,0.0,0.0,0.0,1.0,100.0
2018-06-07 03:00:00,0.0,0.0,0.0,False,True,False,0,night,0.0,0.0,0.0,0.0,0.0,0.0,1.0,100.0
2018-06-07 04:00:00,0.0,0.0,0.0,False,True,False,0,night,0.0,0.0,0.0,0.0,0.0,0.0,1.0,100.0
2018-06-07 05:00:00,0.0,0.0,0.0,False,True,False,0,night,0.0,0.0,0.0,0.0,0.0,0.0,1.0,100.0
2018-06-07 06:00:00,0.14,0.134,29.0,True,True,False,0,battery_empty,0.0,0.0,0.0,0.0,0.134,0.0,1.0,100.0
2018-06-07 07:00:00,1.061,1.019,206.0,True,True,True,1,ok,1.019,0.244,1.263,0.0,0.0,-0.257,0.743,74.3
2018-06-07 08:00:00,1.768,1.698,361.0,True,True,True,2,ok,1.263,0.0,1.263,0.257,0.164,0.257,1.0,100.0
2018-06-07 09:00:00,2.676,2.569,576.0,True,True,True,3,ok,1.263,0.0,1.263,0.0,1.306,0.0,1.0,100.0
2018-06-07 10:00:00,3.682,3.535,843.0,True,True,True,4,ok,1.263,0.0,1.263,0.0,2.272,0.0,1.0,100.0
2018-06-07 11:00:00,2.511,2.411,547.0,True,True,True,5,ok,1.263,0.0,1.263,0.0,1.148,0.0,1.0,100.0
2018-06-07 12:00:00,1.315,1.263,276.0,True,True,True,6,ok,1.263,0.0,1.263,0.0,0.0,-0.0,1.0,100.0
2018-06-07 13:00:00,4.09,3.926,973.0,True,True,False,6,cap_reached,0.0,0.0,0.0,0.0,3.926,0.0,1.0,100.0
2018-06-07 14:00:00,3.038,2.917,677.0,True,True,False,6,cap_reached,0.0,0.0,0.0,0.0,2.917,0.0,1.0,100.0
2018-06-07 15:00:00,3.344,3.21,747.0,True,True,False,6,cap_reached,0.0,0.0,0.0,0.0,3.21,0.0,1.0,100.0
2018-06-07 16:00:00,2.689,2.581,561.0,True,True,False,6,cap_reached,0.0,0.0,0.0,0.0,2.581,0.0,1.0,100.0
2018-06-07 17:00:00,0.406,0.39,84.0,True,True,False,6,cap_reached,0.0,0.0,0.0,0.0,0.39,0.0,1.0,100.0
2018-06-07 18:00:00,0.217,0.208,44.0,True,True,False,6,cap_reached,0.0,0.0,0.0,0.0,0.208,0.0,1.0,100.0
2018-06-07 19:00:00,0.0,0.0,0.0,False,True,False,6,cap_reached,0.0,0.0,0.0,0.0,0.0,0.0,1.0,100.0
2018-06-07 20:00:00,0.0,0.0,0.0,False,True,False,6,cap_reached,0.0,0.0,0.0,0.0,0.0,0.0,1.0,100.0
2018-06-07 21:00:00,0.0,0.0,0.0,False,True,False,6,cap_reached,0.0,0.0,0.0,0.0,0.0,0.0,1.0,100.0
2018-06-07 22:00:00,0.0,0.0,0.0,False,True,False,6,cap_reached,0.0,0.0,0.0,0.0,0.0,0.0,1.0,100.0
2018-06-07 23:00:00,0.0,0.0,0.0,False,True,False,6,cap_reached,0.0,0.0,0.0,0.0,0.0,0.0,1.0,100.0
2018-06-08 00:00:00,0.0,0.0,0.0,False,True,False,0,night,0.0,0.0,0.0,0.0,0.0,0.0,1.0,100.0
2018-06-08 01:00:00,0.0,0.0,0.0,False,True,False,0,night,0.0,0.0,0.0,0.0,0.0,0.0,1.0,100.0
2018-06-08 02:00:00,0.0,0.0,0.0,False,True,False,0,night,0.0,0.0,0.0,0.0,0.0,0.0,1.0,100.0
2018-06-08 03:00:00,0.0,0.0,0.0,False,True,False,0,night,0.0,0.0,0.0,0.0,0.0,0.0,1.0,100.0
2018-06-08 04:00:00,0.0,0.0,0.0,False,True,False,0,night,0.0,0.0,0.0,0.0,0.0,0.0,1.0,100.0
2018-06-08 05:00:00,0.0,0.0,0.0,False,True,False,0,night,0.0,0.0,0.0,0.0,0.0,0.0,1.0,100.0
2018-06-08 06:00:00,0.259,0.249,52.0,True,True,False,0,battery_empty,0.0,0.0,0.0,0.0,0.249,0.0,1.0,100.0
2018-06-08 07:00:00,0.803,0.771,162.0,True,True,True,1,ok,0.771,0.492,1.263,0.0,0.0,-0.518,0.482,48.2
2018-06-08 08:00:00,1.212,1.163,250.0,True,True,True,2,ok,1.163,0.1,1.263,0.0,0.0,-0.105,0.377,37.7
2018-06-08 09:00:00,1.778,1.706,374.0,True,True,True,3,ok,1.263,0.0,1.263,0.421,0.0,0.421,0.798,79.8
2018-06-08 10:00:00,3.023,2.902,670.0,True,True,True,4,ok,1.263,0.0,1.263,0.202,1.427,0.202,1.0,100.0
2018-06-08 11:00:00,2.745,2.635,604.0,True,True,True,5,ok,1.263,0.0,1.263,0.0,1.372,0.0,1.0,100.0
2018-06-08 12:00:00,3.22,3.091,728.0,True,True,True,6,ok,1.263,0.0,1.263,0.0,1.828,0.0,1.0,100.0
2018-06-08 13:00:00,4.04,3.878,952.0,True,True,False,6,cap_reached,0.0,0.0,0.0,0.0,3.878,0.0,1.0,100.0
2018-06-08 14:00:00,0.298,0.287,61.0,True,True,False,6,cap_reached,0.0,0.0,0.0,0.0,0.287,0.0,1.0,100.0
2018-06-08 15:00:00,0.123,0.118,25.0,True,True,False,6,cap_reached,0.0,0.0,0.0,0.0,0.118,0.0,1.0,100.0
2018-06-08 16:00:00,0.265,0.254,54.0,True,True,False,6,cap_reached,0.0,0.0,0.0,0.0,0.254,0.0,1.0,100.0
2018-06-08 17:00:00,0.035,0.033,7.0,False,True,False,6,cap_reached,0.0,0.0,0.0,0.0,0.033,0.0,1.0,100.0
2018-06-08 18:00:00,0.054,0.052,11.0,False,True,False,6,cap_reached,0.0,0.0,0.0,0.0,0.052,0.0,1.0,100.0
2018-06-08 19:00:00,0.0,0.0,0.0,False,True,False,6,cap_reached,0.0,0.0,0.0,0.0,0.0,0.0,1.0,100.0
2018-06-08 20:00:00,0.0,0.0,0.0,False,True,False,6,cap_reached,0.0,0.0,0.0,0.0,0.0,0.0,1.0,100.0
2018-06-08 21:00:00,0.0,0.0,0.0,False,True,False,6,cap_reached,0.0,0.0,0.0,0.0,0.0,0.0,1.0,100.0
2018-06-08 22:00:00,0.0,0.0,0.0,False,True,False,6,cap_reached,0.0,0.0,0.0,0.0,0.0,0.0,1.0,100.0
2018-06-08 23:00:00,0.0,0.0,0.0,False,True,False,6,cap_reached,0.0,0.0,0.0,0.0,0.0,0.0,1.0,100.0
2018-06-09 00:00:00,0.0,0.0,0.0,False,True,False,0,night,0.0,0.0,0.0,0.0,0.0,0.0,1.0,100.0
2018-06-09 01:00:00,0.0,0.0,0.0,False,True,False,0,night,0.0,0.0,0.0,0.0,0.0,0.0,1.0,100.0
2018-06-09 02:00:00,0.0,0.0,0.0,False,True,False,0,night,0.0,0.0,0.0,0.0,0.0,0.0,1.0,100.0
2018-06-09 03:00:00,0.0,0.0,0.0,False,True,False,0,night,0.0,0.0,0.0,0.0,0.0,0.0,1.0,100.0
2018-06-09 04:00:00,0.0,0.0,0.0,False,True,False,0,night,0.0,0.0,0.0,0.0,0.0,0.0,1.0,100.0
2018-06-09 05:00:00,0.0,0.0,0.0,False,True,False,0,night,0.0,0.0,0.0,0.0,0.0,0.0,1.0,100.0
2018-06-09 06:00:00,0.217,0.208,44.0,True,True,False,0,battery_empty,0.0,0.0,0.0,0.0,0.208,0.0,1.0,100.0
2018-06-09 07:00:00,0.782,0.751,158.0,True,True,True,1,ok,0.751,0.512,1.263,0.0,0.0,-0.539,0.461,46.1
2018-06-09 08:00:00,1.531,1.47,314.0,True,True,True,2,ok,1.263,0.0,1.263,0.196,0.0,0.196,0.657,65.7
2018-06-09 09:00:00,1.97,1.891,417.0,True,True,True,3,ok,1.263,0.0,1.263,0.343,0.267,0.343,1.0,100.0
2018-06-09 10:00:00,2.722,2.613,597.0,True,True,True,4,ok,1.263,0.0,1.263,0.0,1.35,0.0,1.0,100.0
2018-06-09 11:00:00,3.367,3.232,766.0,True,True,True,5,ok,1.263,0.0,1.263,0.0,1.969,0.0,1.0,100.0
2018-06-09 12:00:00,3.366,3.231,757.0,True,True,True,6,ok,1.263,0.0,1.263,0.0,1.968,0.0,1.0,100.0
2018-06-09 13:00:00,3.345,3.211,762.0,True,True,False,6,cap_reached,0.0,0.0,0.0,0.0,3.211,0.0,1.0,100.0
2018-06-09 14:00:00,3.102,2.978,695.0,True,True,False,6,cap_reached,0.0,0.0,0.0,0.0,2.978,0.0,1.0,100.0
2018-06-09 15:00:00,2.208,2.12,474.0,True,True,False,6,cap_reached,0.0,0.0,0.0,0.0,2.12,0.0,1.0,100.0
2018-06-09 16:00:00,1.587,1.524,330.0,True,True,False,6,cap_reached,0.0,0.0,0.0,0.0,1.524,0.0,1.0,100.0
2018-06-09 17:00:00,0.27,0.259,55.0,True,True,False,6,cap_reached,0.0,0.0,0.0,0.0,0.259,0.0,1.0,100.0
2018-06-09 18:00:00,0.434,0.417,87.0,True,True,False,6,cap_reached,0.0,0.0,0.0,0.0,0.417,0.0,1.0,100.0
2018-06-09 19:00:00,0.0,0.0,0.0,False,True,False,6,cap_reached,0.0,0.0,0.0,0.0,0.0,0.0,1.0,100.0
2018-06-09 20:00:00,0.0,0.0,0.0,False,True,False,6,cap_reached,0.0,0.0,0.0,0.0,0.0,0.0,1.0,100.0
2018-06-09 21:00:00,0.0,0.0,0.0,False,True,False,6,cap_reached,0.0,0.0,0.0,0.0,0.0,0.0,1.0,100.0
2018-06-09 22:00:00,0.0,0.0,0.0,False,True,False,6,cap_reached,0.0,0.0,0.0,0.0,0.0,0.0,1.0,100.0
2018-06-09 23:00:00,0.0,0.0,0.0,False,True,False,6,cap_reached,0.0,0.0,0.0,0.0,0.0,0.0,1.0,100.0
2018-06-10 00:00:00,0.0,0.0,0.0,False,True,False,0,night,0.0,0.0,0.0,0.0,0.0,0.0,1.0,100.0
2018-06-10 01:00:00,0.0,0.0,0.0,False,True,False,0,night,0.0,0.0,0.0,0.0,0.0,0.0,1.0,100.0
2018-06-10 02:00:00,0.0,0.0,0.0,False,True,False,0,night,0.0,0.0,0.0,0.0,0.0,0.0,1.0,100.0
2018-06-10 03:00:00,0.0,0.0,0.0,False,True,False,0,night,0.0,0.0,0.0,0.0,0.0,0.0,1.0,100.0
2018-06-10 04:00:00,0.0,0.0,0.0,False,True,False,0,night,0.0,0.0,0.0,0.0,0.0,0.0,1.0,100.0
2018-06-10 05:00:00,0.0,0.0,0.0,False,True,False,0,night,0.0,0.0,0.0,0.0,0.0,0.0,1.0,100.0
2018-06-10 06:00:00,0.6,0.576,75.0,True,True,True,1,ok,0.576,0.687,1.263,0.0,0.0,-0.724,0.276,27.6
2018-06-10 07:00:00,1.613,1.548,277.0,True,True,True,2,ok,1.263,0.0,1.263,0.271,0.0,0.271,0.547,54.7
2018-06-10 08:00:00,1.973,1.894,398.0,True,True,True,3,ok,1.263,0.0,1.263,0.453,0.155,0.453,1.0,100.0
2018-06-10 09:00:00,2.505,2.405,534.0,True,True,True,4,ok,1.263,0.0,1.263,0.0,1.142,0.0,1.0,100.0
2018-06-10 10:00:00,3.727,3.578,850.0,True,True,True,5,ok,1.263,0.0,1.263,0.0,2.315,0.0,1.0,100.0
2018-06-10 11:00:00,3.41,3.274,775.0,True,True,True,6,ok,1.263,0.0,1.263,0.0,2.011,0.0,1.0,100.0
2018-06-10 12:00:00,4.216,4.048,1002.0,True,True,False,6,cap_reached,0.0,0.0,0.0,0.0,4.048,0.0,1.0,100.0
2018-06-10 13:00:00,3.365,3.231,764.0,True,True,False,6,cap_reached,0.0,0.0,0.0,0.0,3.231,0.0,1.0,100.0
2018-06-10 14:00:00,3.431,3.294,778.0,True,True,False,6,cap_reached,0.0,0.0,0.0,0.0,3.294,0.0,1.0,100.0
2018-06-10 15:00:00,2.824,2.711,616.0,True,True,False,6,cap_reached,0.0,0.0,0.0,0.0,2.711,0.0,1.0,100.0
2018-06-10 16:00:00,0.61,0.585,125.0,True,True,False,6,cap_reached,0.0,0.0,0.0,0.0,0.585,0.0,1.0,100.0
2018-06-10 17:00:00,0.301,0.289,61.0,True,True,False,6,cap_reached,0.0,0.0,0.0,0.0,0.289,0.0,1.0,100.0
2018-06-10 18:00:00,0.474,0.455,96.0,True,True,False,6,cap_reached,0.0,0.0,0.0,0.0,0.455,0.0,1.0,100.0
2018-06-10 19:00:00,0.0,0.0,0.0,False,True,False,6,cap_reached,0.0,0.0,0.0,0.0,0.0,0.0,1.0,100.0
2018-06-10 20:00:00,0.0,0.0,0.0,False,True,False,6,cap_reached,0.0,0.0,0.0,0.0,0.0,0.0,1.0,100.0
2018-06-10 21:00:00,0.0,0.0,0.0,False,True,False,6,cap_reached,0.0,0.0,0.0,0.0,0.0,0.0,1.0,100.0
2018-06-10 22:00:00,0.0,0.0,0.0,False,True,False,6,cap_reached,0.0,0.0,0.0,0.0,0.0,0.0,1.0,100.0
2018-06-10 23:00:00,0.0,0.0,0.0,False,True,False,6,cap_reached,0.0,0.0,0.0,0.0,0.0,0.0,1.0,100.0
2018-06-11 00:00:00,0.0,0.0,0.0,False,True,False,0,night,0.0,0.0,0.0,0.0,0.0,0.0,1.0,100.0
2018-06-11 01:00:00,0.0,0.0,0.0,False,True,False,0,night,0.0,0.0,0.0,0.0,0.0,0.0,1.0,100.0
2018-06-11 02:00:00,0.0,0.0,0.0,False,True,False,0,night,0.0,0.0,0.0,0.0,0.0,0.0,1.0,100.0
2018-06-11 03:00:00,0.0,0.0,0.0,False,True,False,0,night,0.0,0.0,0.0,0.0,0.0,0.0,1.0,100.0
2018-06-11 04:00:00,0.0,0.0,0.0,False,True,False,0,night,0.0,0.0,0.0,0.0,0.0,0.0,1.0,100.0
2018-06-11 05:00:00,0.0,0.0,0.0,False,True,False,0,night,0.0,0.0,0.0,0.0,0.0,0.0,1.0,100.0
2018-06-11 06:00:00,0.123,0.118,25.0,True,True,False,0,battery_empty,0.0,0.0,0.0,0.0,0.118,0.0,1.0,100.0
2018-06-11 07:00:00,0.717,0.688,147.0,True,True,True,1,ok,0.688,0.575,1.263,0.0,0.0,-0.605,0.395,39.5
2018-06-11 08:00:00,0.855,0.821,176.0,True,True,False,1,battery_empty,0.0,0.0,0.0,0.605,0.184,0.605,1.0,100.0
2018-06-11 09:00:00,2.282,2.19,485.0,True,True,True,2,ok,1.263,0.0,1.263,0.0,0.927,0.0,1.0,100.0
2018-06-11 10:00:00,1.903,1.827,404.0,True,True,True,3,ok,1.263,0.0,1.263,0.0,0.564,0.0,1.0,100.0
2018-06-11 11:00:00,3.147,3.022,708.0,True,True,True,4,ok,1.263,0.0,1.263,0.0,1.759,0.0,1.0,100.0
2018-06-11 12:00:00,3.582,3.438,827.0,True,True,True,5,ok,1.263,0.0,1.263,0.0,2.175,0.0,1.0,100.0
2018-06-11 13:00:00,3.043,2.922,674.0,True,True,True,6,ok,1.263,0.0,1.263,0.0,1.659,0.0,1.0,100.0
2018-06-11 14:00:00,0.439,0.421,90.0,True,True,False,6,cap_reached,0.0,0.0,0.0,0.0,0.421,0.0,1.0,100.0
2018-06-11 15:00:00,0.545,0.523,112.0,True,True,False,6,cap_reached,0.0,0.0,0.0,0.0,0.523,0.0,1.0,100.0
2018-06-11 16:00:00,0.596,0.572,123.0,True,True,False,6,cap_reached,0.0,0.0,0.0,0.0,0.572,0.0,1.0,100.0
2018-06-11 17:00:00,1.911,1.835,355.0,True,True,False,6,cap_reached,0.0,0.0,0.0,0.0,1.835,0.0,1.0,100.0
2018-06-11 18:00:00,0.517,0.497,104.0,True,True,False,6,cap_reached,0.0,0.0,0.0,0.0,0.497,0.0,1.0,100.0
2018-06-11 19:00:00,0.0,0.0,0.0,False,True,False,6,cap_reached,0.0,0.0,0.0,0.0,0.0,0.0,1.0,100.0
2018-06-11 20:00:00,0.0,0.0,0.0,False,True,False,6,cap_reached,0.0,0.0,0.0,0.0,0.0,0.0,1.0,100.0
2018-06-11 21:00:00,0.0,0.0,0.0,False,True,False,6,cap_reached,0.0,0.0,0.0,0.0,0.0,0.0,1.0,100.0
2018-06-11 22:00:00,0.0,0.0,0.0,False,True,False,6,cap_reached,0.0,0.0,0.0,0.0,0.0,0.0,1.0,100.0
2018-06-11 23:00:00,0.0,0.0,0.0,False,True,False,6,cap_reached,0.0,0.0,0.0,0.0,0.0,0.0,1.0,100.0
2018-06-12 00:00:00,0.0,0.0,0.0,False,True,False,0,night,0.0,0.0,0.0,0.0,0.0,0.0,1.0,100.0
2018-06-12 01:00:00,0.0,0.0,0.0,False,True,False,0,night,0.0,0.0,0.0,0.0,0.0,0.0,1.0,100.0
2018-06-12 02:00:00,0.0,0.0,0.0,False,True,False,0,night,0.0,0.0,0.0,0.0,0.0,0.0,1.0,100.0
2018-06-12 03:00:00,0.0,0.0,0.0,False,True,False,0,night,0.0,0.0,0.0,0.0,0.0,0.0,1.0,100.0
2018-06-12 04:00:00,0.0,0.0,0.0,False,True,False,0,night,0.0,0.0,0.0,0.0,0.0,0.0,1.0,100.0
2018-06-12 05:00:00,0.0,0.0,0.0,False,True,False,0,night,0.0,0.0,0.0,0.0,0.0,0.0,1.0,100.0
2018-06-12 06:00:00,0.135,0.129,28.0,True,True,False,0,battery_empty,0.0,0.0,0.0,0.0,0.129,0.0,1.0,100.0
2018-06-12 07:00:00,1.305,1.253,239.0,True,True,True,1,ok,1.253,0.01,1.263,0.0,0.0,-0.011,0.989,98.9
2018-06-12 08:00:00,1.484,1.425,308.0,True,True,True,2,ok,1.263,0.0,1.263,0.011,0.151,0.011,1.0,100.0
2018-06-12 09:00:00,1.802,1.73,379.0,True,True,True,3,ok,1.263,0.0,1.263,0.0,0.467,0.0,1.0,100.0
2018-06-12 10:00:00,0.329,0.315,67.0,True,True,False,3,battery_empty,0.0,0.0,0.0,0.0,0.315,0.0,1.0,100.0
2018-06-12 11:00:00,0.216,0.208,44.0,True,True,False,3,battery_empty,0.0,0.0,0.0,0.0,0.208,0.0,1.0,100.0
2018-06-12 12:00:00,0.45,0.432,92.0,True,True,True,4,ok,0.432,0.831,1.263,0.0,0.0,-0.875,0.125,12.5
2018-06-12 13:00:00,0.231,0.221,47.0,True,True,False,4,battery_empty,0.0,0.0,0.0,0.21,0.0,0.21,0.335,33.5
2018-06-12 14:00:00,0.314,0.301,64.0,True,True,False,4,battery_empty,0.0,0.0,0.0,0.286,0.0,0.286,0.621,62.1
2018-06-12 15:00:00,0.357,0.343,73.0,True,True,False,4,battery_empty,0.0,0.0,0.0,0.326,0.0,0.326,0.947,94.7
2018-06-12 16:00:00,0.678,0.651,140.0,True,True,True,5,ok,0.651,0.612,1.263,0.0,0.0,-0.645,0.303,30.3
2018-06-12 17:00:00,1.087,1.043,220.0,True,True,False,5,battery_empty,0.0,0.0,0.0,0.697,0.309,0.697,1.0,100.0
2018-06-12 18:00:00,0.168,0.161,34.0,True,True,False,5,battery_empty,0.0,0.0,0.0,0.0,0.161,0.0,1.0,100.0
2018-06-12 19:00:00,0.0,0.0,0.0,False,True,False,5,night,0.0,0.0,0.0,0.0,0.0,0.0,1.0,100.0
2018-06-12 20:00:00,0.0,0.0,0.0,False,True,False,5,night,0.0,0.0,0.0,0.0,0.0,0.0,1.0,100.0
2018-06-12 21:00:00,0.0,0.0,0.0,False,True,False,5,night,0.0,0.0,0.0,0.0,0.0,0.0,1.0,100.0
2018-06-12 22:00:00,0.0,0.0,0.0,False,True,False,5,night,0.0,0.0,0.0,0.0,0.0,0.0,1.0,100.0
2018-06-12 23:00:00,0.0,0.0,0.0,False,True,False,5,night,0.0,0.0,0.0,0.0,0.0,0.0,1.0,100.0
2018-06-13 00:00:00,0.0,0.0,0.0,False,True,False,0,night,0.0,0.0,0.0,0.0,0.0,0.0,1.0,100.0
2018-06-13 01:00:00,0.0,0.0,0.0,False,True,False,0,night,0.0,0.0,0.0,0.0,0.0,0.0,1.0,100.0
2018-06-13 02:00:00,0.0,0.0,0.0,False,True,False,0,night,0.0,0.0,0.0,0.0,0.0,0.0,1.0,100.0
2018-06-13 03:00:00,0.0,0.0,0.0,False,True,False,0,night,0.0,0.0,0.0,0.0,0.0,0.0,1.0,100.0
2018-06-13 04:00:00,0.0,0.0,0.0,False,True,False,0,night,0.0,0.0,0.0,0.0,0.0,0.0,1.0,100.0
2018-06-13 05:00:00,0.0,0.0,0.0,False,True,False,0,night,0.0,0.0,0.0,0.0,0.0,0.0,1.0,100.0
2018-06-13 06:00:00,0.118,0.114,24.0,True,True,False,0,battery_empty,0.0,0.0,0.0,0.0,0.114,0.0,1.0,100.0
2018-06-13 07:00:00,0.352,0.338,72.0,True,True,False,0,battery_empty,0.0,0.0,0.0,0.0,0.338,0.0,1.0,100.0
2018-06-13 08:00:00,1.681,1.614,343.0,True,True,True,1,ok,1.263,0.0,1.263,0.0,0.351,0.0,1.0,100.0
2018-06-13 09:00:00,0.914,0.878,189.0,True,True,True,2,ok,0.878,0.385,1.263,0.0,0.0,-0.405,0.595,59.5
2018-06-13 10:00:00,1.262,1.212,262.0,True,True,True,3,ok,1.212,0.051,1.263,0.0,0.0,-0.054,0.54,54.0
2018-06-13 11:00:00,2.279,2.188,488.0,True,True,True,4,ok,1.263,0.0,1.263,0.46,0.441,0.46,1.0,100.0
2018-06-13 12:00:00,2.655,2.548,583.0,True,True,True,5,ok,1.263,0.0,1.263,0.0,1.285,0.0,1.0,100.0
2018-06-13 13:00:00,3.119,2.994,699.0,True,True,True,6,ok,1.263,0.0,1.263,0.0,1.731,0.0,1.0,100.0
2018-06-13 14:00:00,2.357,2.263,509.0,True,True,False,6,cap_reached,0.0,0.0,0.0,0.0,2.263,0.0,1.0,100.0
2018-06-13 15:00:00,0.133,0.128,27.0,True,True,False,6,cap_reached,0.0,0.0,0.0,0.0,0.128,0.0,1.0,100.0
2018-06-13 16:00:00,0.094,0.09,19.0,False,True,False,6,cap_reached,0.0,0.0,0.0,0.0,0.09,0.0,1.0,100.0
2018-06-13 17:00:00,0.118,0.114,24.0,True,True,False,6,cap_reached,0.0,0.0,0.0,0.0,0.114,0.0,1.0,100.0
2018-06-13 18:00:00,0.41,0.394,84.0,True,True,False,6,cap_reached,0.0,0.0,0.0,0.0,0.394,0.0,1.0,100.0
2018-06-13 19:00:00,0.0,0.0,0.0,False,True,False,6,cap_reached,0.0,0.0,0.0,0.0,0.0,0.0,1.0,100.0
2018-06-13 20:00:00,0.0,0.0,0.0,False,True,False,6,cap_reached,0.0,0.0,0.0,0.0,0.0,0.0,1.0,100.0
2018-06-13 21:00:00,0.0,0.0,0.0,False,True,False,6,cap_reached,0.0,0.0,0.0,0.0,0.0,0.0,1.0,100.0
2018-06-13 22:00:00,0.0,0.0,0.0,False,True,False,6,cap_reached,0.0,0.0,0.0,0.0,0.0,0.0,1.0,100.0
2018-06-13 23:00:00,0.0,0.0,0.0,False,True,False,6,cap_reached,0.0,0.0,0.0,0.0,0.0,0.0,1.0,100.0
2018-06-14 00:00:00,0.0,0.0,0.0,False,True,False,0,night,0.0,0.0,0.0,0.0,0.0,0.0,1.0,100.0
2018-06-14 01:00:00,0.0,0.0,0.0,False,True,False,0,night,0.0,0.0,0.0,0.0,0.0,0.0,1.0,100.0
2018-06-14 02:00:00,0.0,0.0,0.0,False,True,False,0,night,0.0,0.0,0.0,0.0,0.0,0.0,1.0,100.0
2018-06-14 03:00:00,0.0,0.0,0.0,False,True,False,0,night,0.0,0.0,0.0,0.0,0.0,0.0,1.0,100.0
2018-06-14 04:00:00,0.0,0.0,0.0,False,True,False,0,night,0.0,0.0,0.0,0.0,0.0,0.0,1.0,100.0
2018-06-14 05:00:00,0.0,0.0,0.0,False,True,False,0,night,0.0,0.0,0.0,0.0,0.0,0.0,1.0,100.0
2018-06-14 06:00:00,0.169,0.162,35.0,True,True,False,0,battery_empty,0.0,0.0,0.0,0.0,0.162,0.0,1.0,100.0
2018-06-14 07:00:00,0.637,0.612,129.0,True,True,True,1,ok,0.612,0.651,1.263,0.0,0.0,-0.686,0.314,31.4
2018-06-14 08:00:00,1.035,0.994,214.0,True,True,False,1,battery_empty,0.0,0.0,0.0,0.686,0.272,0.686,1.0,100.0
2018-06-14 09:00:00,2.424,2.327,515.0,True,True,True,2,ok,1.263,0.0,1.263,0.0,1.064,0.0,1.0,100.0
2018-06-14 10:00:00,2.386,2.291,514.0,True,True,True,3,ok,1.263,0.0,1.263,0.0,1.028,0.0,1.0,100.0
2018-06-14 11:00:00,2.32,2.227,498.0,True,True,True,4,ok,1.263,0.0,1.263,0.0,0.964,0.0,1.0,100.0
2018-06-14 12:00:00,3.32,3.187,743.0,True,True,True,5,ok,1.263,0.0,1.263,0.0,1.924,0.0,1.0,100.0
2018-06-14 13:00:00,0.236,0.226,48.0,True,True,False,5,battery_empty,0.0,0.0,0.0,0.0,0.226,0.0,1.0,100.0
2018-06-14 14:00:00,0.192,0.184,39.0,True,True,False,5,battery_empty,0.0,0.0,0.0,0.0,0.184,0.0,1.0,100.0
2018-06-14 15:00:00,0.128,0.123,26.0,True,True,False,5,battery_empty,0.0,0.0,0.0,0.0,0.123,0.0,1.0,100.0
2018-06-14 16:00:00,0.069,0.066,14.0,False,True,False,5,night,0.0,0.0,0.0,0.0,0.066,0.0,1.0,100.0
2018-06-14 17:00:00,0.299,0.287,61.0,True,True,False,5,battery_empty,0.0,0.0,0.0,0.0,0.287,0.0,1.0,100.0
2018-06-14 18:00:00,0.483,0.464,98.0,True,True,True,6,ok,0.464,0.799,1.263,0.0,0.0,-0.841,0.159,15.9
2018-06-14 19:00:00,0.0,0.0,0.0,False,True,False,6,cap_reached,0.0,0.0,0.0,0.0,0.0,0.0,0.159,15.9
2018-06-14 20:00:00,0.0,0.0,0.0,False,True,False,6,cap_reached,0.0,0.0,0.0,0.0,0.0,0.0,0.159,15.9
2018-06-14 21:00:00,0.0,0.0,0.0,False,True,False,6,cap_reached,0.0,0.0,0.0,0.0,0.0,0.0,0.159,15.9
2018-06-14 22:00:00,0.0,0.0,0.0,False,True,False,6,cap_reached,0.0,0.0,0.0,0.0,0.0,0.0,0.159,15.9
2018-06-14 23:00:00,0.0,0.0,0.0,False,True,False,6,cap_reached,0.0,0.0,0.0,0.0,0.0,0.0,0.159,15.9
2018-06-15 00:00:00,0.0,0.0,0.0,False,True,False,0,night,0.0,0.0,0.0,0.0,0.0,0.0,0.159,15.9
2018-06-15 01:00:00,0.0,0.0,0.0,False,True,False,0,night,0.0,0.0,0.0,0.0,0.0,0.0,0.159,15.9
2018-06-15 02:00:00,0.0,0.0,0.0,False,True,False,0,night,0.0,0.0,0.0,0.0,0.0,0.0,0.159,15.9
2018-06-15 03:00:00,0.0,0.0,0.0,False,True,False,0,night,0.0,0.0,0.0,0.0,0.0,0.0,0.159,15.9
2018-06-15 04:00:00,0.0,0.0,0.0,False,True,False,0,night,0.0,0.0,0.0,0.0,0.0,0.0,0.159,15.9
2018-06-15 05:00:00,0.0,0.0,0.0,False,True,False,0,night,0.0,0.0,0.0,0.0,0.0,0.0,0.159,15.9
2018-06-15 06:00:00,0.481,0.461,68.0,True,True,False,0,battery_empty,0.0,0.0,0.0,0.438,0.0,0.438,0.597,59.7
2018-06-15 07:00:00,1.496,1.436,261.0,True,True,True,1,ok,1.263,0.0,1.263,0.165,0.0,0.165,0.762,76.2
2018-06-15 08:00:00,2.374,2.28,474.0,True,True,True,2,ok,1.263,0.0,1.263,0.238,0.766,0.238,1.0,100.0
2018-06-15 09:00:00,3.1,2.976,669.0,True,True,True,3,ok,1.263,0.0,1.263,0.0,1.713,0.0,1.0,100.0
2018-06-15 10:00:00,3.6,3.456,815.0,True,True,True,4,ok,1.263,0.0,1.263,0.0,2.193,0.0,1.0,100.0
2018-06-15 11:00:00,3.951,3.793,920.0,True,True,True,5,ok,1.263,0.0,1.263,0.0,2.53,0.0,1.0,100.0
2018-06-15 12:00:00,2.22,2.131,476.0,True,True,True,6,ok,1.263,0.0,1.263,0.0,0.868,0.0,1.0,100.0
2018-06-15 13:00:00,0.264,0.254,54.0,True,True,False,6,cap_reached,0.0,0.0,0.0,0.0,0.254,0.0,1.0,100.0
2018-06-15 14:00:00,0.366,0.351,75.0,True,True,False,6,cap_reached,0.0,0.0,0.0,0.0,0.351,0.0,1.0,100.0
2018-06-15 15:00:00,2.935,2.818,644.0,True,True,False,6,cap_reached,0.0,0.0,0.0,0.0,2.818,0.0,1.0,100.0
2018-06-15 16:00:00,2.608,2.503,544.0,True,True,False,6,cap_reached,0.0,0.0,0.0,0.0,2.503,0.0,1.0,100.0
2018-06-15 17:00:00,1.783,1.712,338.0,True,True,False,6,cap_reached,0.0,0.0,0.0,0.0,1.712,0.0,1.0,100.0
2018-06-15 18:00:00,0.567,0.544,111.0,True,True,False,6,cap_reached,0.0,0.0,0.0,0.0,0.544,0.0,1.0,100.0
2018-06-15 19:00:00,0.0,0.0,0.0,False,True,False,6,cap_reached,0.0,0.0,0.0,0.0,0.0,0.0,1.0,100.0
2018-06-15 20:00:00,0.0,0.0,0.0,False,True,False,6,cap_reached,0.0,0.0,0.0,0.0,0.0,0.0,1.0,100.0
2018-06-15 21:00:00,0.0,0.0,0.0,False,True,False,6,cap_reached,0.0,0.0,0.0,0.0,0.0,0.0,1.0,100.0
2018-06-15 22:00:00,0.0,0.0,0.0,False,True,False,6,cap_reached,0.0,0.0,0.0,0.0,0.0,0.0,1.0,100.0
2018-06-15 23:00:00,0.0,0.0,0.0,False,True,False,6,cap_reached,0.0,0.0,0.0,0.0,0.0,0.0,1.0,100.0
2018-06-16 00:00:00,0.0,0.0,0.0,False,True,False,0,night,0.0,0.0,0.0,0.0,0.0,0.0,1.0,100.0
2018-06-16 01:00:00,0.0,0.0,0.0,False,True,False,0,night,0.0,0.0,0.0,0.0,0.0,0.0,1.0,100.0
2018-06-16 02:00:00,0.0,0.0,0.0,False,True,False,0,night,0.0,0.0,0.0,0.0,0.0,0.0,1.0,100.0
2018-06-16 03:00:00,0.0,0.0,0.0,False,True,False,0,night,0.0,0.0,0.0,0.0,0.0,0.0,1.0,100.0
2018-06-16 04:00:00,0.0,0.0,0.0,False,True,False,0,night,0.0,0.0,0.0,0.0,0.0,0.0,1.0,100.0
2018-06-16 05:00:00,0.0,0.0,0.0,False,True,False,0,night,0.0,0.0,0.0,0.0,0.0,0.0,1.0,100.0
2018-06-16 06:00:00,0.54,0.519,71.0,True,True,True,1,ok,0.519,0.744,1.263,0.0,0.0,-0.783,0.217,21.7
2018-06-16 07:00:00,1.546,1.484,267.0,True,True,True,2,ok,1.263,0.0,1.263,0.21,0.0,0.21,0.427,42.7
2018-06-16 08:00:00,2.424,2.327,483.0,True,True,True,3,ok,1.263,0.0,1.263,0.573,0.461,0.573,1.0,100.0
2018-06-16 09:00:00,3.146,3.02,681.0,True,True,True,4,ok,1.263,0.0,1.263,0.0,1.757,0.0,1.0,100.0
2018-06-16 10:00:00,3.669,3.522,836.0,True,True,True,5,ok,1.263,0.0,1.263,0.0,2.259,0.0,1.0,100.0
2018-06-16 11:00:00,4.021,3.86,945.0,True,True,True,6,ok,1.263,0.0,1.263,0.0,2.597,0.0,1.0,100.0
2018-06-16 12:00:00,3.703,3.555,862.0,True,True,False,6,cap_reached,0.0,0.0,0.0,0.0,3.555,0.0,1.0,100.0
2018-06-16 13:00:00,4.08,3.917,966.0,True,True,False,6,cap_reached,0.0,0.0,0.0,0.0,3.917,0.0,1.0,100.0
2018-06-16 14:00:00,3.276,3.145,735.0,True,True,False,6,cap_reached,0.0,0.0,0.0,0.0,3.145,0.0,1.0,100.0
2018-06-16 15:00:00,0.36,0.346,74.0,True,True,False,6,cap_reached,0.0,0.0,0.0,0.0,0.346,0.0,1.0,100.0
2018-06-16 16:00:00,2.245,2.155,469.0,True,True,False,6,cap_reached,0.0,0.0,0.0,0.0,2.155,0.0,1.0,100.0
2018-06-16 17:00:00,0.117,0.113,24.0,True,True,False,6,cap_reached,0.0,0.0,0.0,0.0,0.113,0.0,1.0,100.0
2018-06-16 18:00:00,0.423,0.406,85.0,True,True,False,6,cap_reached,0.0,0.0,0.0,0.0,0.406,0.0,1.0,100.0
2018-06-16 19:00:00,0.0,0.0,0.0,False,True,False,6,cap_reached,0.0,0.0,0.0,0.0,0.0,0.0,1.0,100.0
2018-06-16 20:00:00,0.0,0.0,0.0,False,True,False,6,cap_reached,0.0,0.0,0.0,0.0,0.0,0.0,1.0,100.0
2018-06-16 21:00:00,0.0,0.0,0.0,False,True,False,6,cap_reached,0.0,0.0,0.0,0.0,0.0,0.0,1.0,100.0
2018-06-16 22:00:00,0.0,0.0,0.0,False,True,False,6,cap_reached,0.0,0.0,0.0,0.0,0.0,0.0,1.0,100.0
2018-06-16 23:00:00,0.0,0.0,0.0,False,True,False,6,cap_reached,0.0,0.0,0.0,0.0,0.0,0.0,1.0,100.0
2018-06-17 00:00:00,0.0,0.0,0.0,False,True,False,0,night,0.0,0.0,0.0,0.0,0.0,0.0,1.0,100.0
2018-06-17 01:00:00,0.0,0.0,0.0,False,True,False,0,night,0.0,0.0,0.0,0.0,0.0,0.0,1.0,100.0
2018-06-17 02:00:00,0.0,0.0,0.0,False,True,False,0,night,0.0,0.0,0.0,0.0,0.0,0.0,1.0,100.0
2018-06-17 03:00:00,0.0,0.0,0.0,False,True,False,0,night,0.0,0.0,0.0,0.0,0.0,0.0,1.0,100.0
2018-06-17 04:00:00,0.0,0.0,0.0,False,True,False,0,night,0.0,0.0,0.0,0.0,0.0,0.0,1.0,100.0
2018-06-17 05:00:00,0.0,0.0,0.0,False,True,False,0,night,0.0,0.0,0.0,0.0,0.0,0.0,1.0,100.0
2018-06-17 06:00:00,0.232,0.223,47.0,True,True,False,0,battery_empty,0.0,0.0,0.0,0.0,0.223,0.0,1.0,100.0
2018-06-17 07:00:00,1.556,1.494,268.0,True,True,True,1,ok,1.263,0.0,1.263,0.0,0.231,0.0,1.0,100.0
2018-06-17 08:00:00,2.435,2.338,484.0,True,True,True,2,ok,1.263,0.0,1.263,0.0,1.075,0.0,1.0,100.0
2018-06-17 09:00:00,2.767,2.656,594.0,True,True,True,3,ok,1.263,0.0,1.263,0.0,1.393,0.0,1.0,100.0
2018-06-17 10:00:00,3.125,3.0,697.0,True,True,True,4,ok,1.263,0.0,1.263,0.0,1.737,0.0,1.0,100.0
2018-06-17 11:00:00,3.173,3.046,718.0,True,True,True,5,ok,1.263,0.0,1.263,0.0,1.783,0.0,1.0,100.0
2018-06-17 12:00:00,3.537,3.395,820.0,True,True,True,6,ok,1.263,0.0,1.263,0.0,2.132,0.0,1.0,100.0
2018-06-17 13:00:00,3.552,3.41,821.0,True,True,False,6,cap_reached,0.0,0.0,0.0,0.0,3.41,0.0,1.0,100.0
2018-06-17 14:00:00,3.346,3.212,761.0,True,True,False,6,cap_reached,0.0,0.0,0.0,0.0,3.212,0.0,1.0,100.0
2018-06-17 15:00:00,2.567,2.464,558.0,True,True,False,6,cap_reached,0.0,0.0,0.0,0.0,2.464,0.0,1.0,100.0
2018-06-17 16:00:00,1.579,1.515,329.0,True,True,False,6,cap_reached,0.0,0.0,0.0,0.0,1.515,0.0,1.0,100.0
2018-06-17 17:00:00,1.39,1.334,274.0,True,True,False,6,cap_reached,0.0,0.0,0.0,0.0,1.334,0.0,1.0,100.0
2018-06-17 18:00:00,0.542,0.52,105.0,True,True,False,6,cap_reached,0.0,0.0,0.0,0.0,0.52,0.0,1.0,100.0
2018-06-17 19:00:00,0.0,0.0,0.0,False,True,False,6,cap_reached,0.0,0.0,0.0,0.0,0.0,0.0,1.0,100.0
2018-06-17 20:00:00,0.0,0.0,0.0,False,True,False,6,cap_reached,0.0,0.0,0.0,0.0,0.0,0.0,1.0,100.0
2018-06-17 21:00:00,0.0,0.0,0.0,False,True,False,6,cap_reached,0.0,0.0,0.0,0.0,0.0,0.0,1.0,100.0
2018-06-17 22:00:00,0.0,0.0,0.0,False,True,False,6,cap_reached,0.0,0.0,0.0,0.0,0.0,0.0,1.0,100.0
2018-06-17 23:00:00,0.0,0.0,0.0,False,True,False,6,cap_reached,0.0,0.0,0.0,0.0,0.0,0.0,1.0,100.0
2018-06-18 00:00:00,0.0,0.0,0.0,False,True,False,0,night,0.0,0.0,0.0,0.0,0.0,0.0,1.0,100.0
2018-06-18 01:00:00,0.0,0.0,0.0,False,True,False,0,night,0.0,0.0,0.0,0.0,0.0,0.0,1.0,100.0
2018-06-18 02:00:00,0.0,0.0,0.0,False,True,False,0,night,0.0,0.0,0.0,0.0,0.0,0.0,1.0,100.0
2018-06-18 03:00:00,0.0,0.0,0.0,False,True,False,0,night,0.0,0.0,0.0,0.0,0.0,0.0,1.0,100.0
2018-06-18 04:00:00,0.0,0.0,0.0,False,True,False,0,night,0.0,0.0,0.0,0.0,0.0,0.0,1.0,100.0
2018-06-18 05:00:00,0.0,0.0,0.0,False,True,False,0,night,0.0,0.0,0.0,0.0,0.0,0.0,1.0,100.0
2018-06-18 06:00:00,0.53,0.509,70.0,True,True,True,1,ok,0.509,0.754,1.263,0.0,0.0,-0.794,0.206,20.6
2018-06-18 07:00:00,1.528,1.467,264.0,True,True,True,2,ok,1.263,0.0,1.263,0.194,0.0,0.194,0.4,40.0
2018-06-18 08:00:00,1.038,0.997,214.0,True,True,True,3,ok,0.997,0.266,1.263,0.0,0.0,-0.28,0.12,12.0
2018-06-18 09:00:00,1.674,1.607,352.0,True,True,True,4,ok,1.263,0.0,1.263,0.327,0.0,0.327,0.447,44.7
2018-06-18 10:00:00,3.686,3.538,840.0,True,True,True,5,ok,1.263,0.0,1.263,0.553,1.693,0.553,1.0,100.0
2018-06-18 11:00:00,4.036,3.875,948.0,True,True,True,6,ok,1.263,0.0,1.263,0.0,2.612,0.0,1.0,100.0
2018-06-18 12:00:00,4.183,4.016,995.0,True,True,False,6,cap_reached,0.0,0.0,0.0,0.0,4.016,0.0,1.0,100.0
2018-06-18 13:00:00,4.123,3.958,976.0,True,True,False,6,cap_reached,0.0,0.0,0.0,0.0,3.958,0.0,1.0,100.0
2018-06-18 14:00:00,3.861,3.706,893.0,True,True,False,6,cap_reached,0.0,0.0,0.0,0.0,3.706,0.0,1.0,100.0
2018-06-18 15:00:00,3.397,3.261,755.0,True,True,False,6,cap_reached,0.0,0.0,0.0,0.0,3.261,0.0,1.0,100.0
2018-06-18 16:00:00,2.75,2.64,571.0,True,True,False,6,cap_reached,0.0,0.0,0.0,0.0,2.64,0.0,1.0,100.0
2018-06-18 17:00:00,1.941,1.864,361.0,True,True,False,6,cap_reached,0.0,0.0,0.0,0.0,1.864,0.0,1.0,100.0
2018-06-18 18:00:00,0.492,0.473,98.0,True,True,False,6,cap_reached,0.0,0.0,0.0,0.0,0.473,0.0,1.0,100.0
2018-06-18 19:00:00,0.0,0.0,0.0,False,True,False,6,cap_reached,0.0,0.0,0.0,0.0,0.0,0.0,1.0,100.0
2018-06-18 20:00:00,0.0,0.0,0.0,False,True,False,6,cap_reached,0.0,0.0,0.0,0.0,0.0,0.0,1.0,100.0
2018-06-18 21:00:00,0.0,0.0,0.0,False,True,False,6,cap_reached,0.0,0.0,0.0,0.0,0.0,0.0,1.0,100.0
2018-06-18 22:00:00,0.0,0.0,0.0,False,True,False,6,cap_reached,0.0,0.0,0.0,0.0,0.0,0.0,1.0,100.0
2018-06-18 23:00:00,0.0,0.0,0.0,False,True,False,6,cap_reached,0.0,0.0,0.0,0.0,0.0,0.0,1.0,100.0
2018-06-19 00:00:00,0.0,0.0,0.0,False,True,False,0,night,0.0,0.0,0.0,0.0,0.0,0.0,1.0,100.0
2018-06-19 01:00:00,0.0,0.0,0.0,False,True,False,0,night,0.0,0.0,0.0,0.0,0.0,0.0,1.0,100.0
2018-06-19 02:00:00,0.0,0.0,0.0,False,True,False,0,night,0.0,0.0,0.0,0.0,0.0,0.0,1.0,100.0
2018-06-19 03:00:00,0.0,0.0,0.0,False,True,False,0,night,0.0,0.0,0.0,0.0,0.0,0.0,1.0,100.0
2018-06-19 04:00:00,0.0,0.0,0.0,False,True,False,0,night,0.0,0.0,0.0,0.0,0.0,0.0,1.0,100.0
2018-06-19 05:00:00,0.0,0.0,0.0,False,True,False,0,night,0.0,0.0,0.0,0.0,0.0,0.0,1.0,100.0
2018-06-19 06:00:00,0.223,0.214,45.0,True,True,False,0,battery_empty,0.0,0.0,0.0,0.0,0.214,0.0,1.0,100.0
2018-06-19 07:00:00,0.852,0.818,174.0,True,True,True,1,ok,0.818,0.445,1.263,0.0,0.0,-0.468,0.532,53.2
2018-06-19 08:00:00,1.26,1.209,261.0,True,True,True,2,ok,1.209,0.054,1.263,0.0,0.0,-0.057,0.475,47.5
2018-06-19 09:00:00,1.985,1.905,419.0,True,True,True,3,ok,1.263,0.0,1.263,0.525,0.09,0.525,1.0,100.0
2018-06-19 10:00:00,3.699,3.551,842.0,True,True,True,4,ok,1.263,0.0,1.263,0.0,2.288,0.0,1.0,100.0
2018-06-19 11:00:00,4.05,3.888,950.0,True,True,True,5,ok,1.263,0.0,1.263,0.0,2.625,0.0,1.0,100.0
2018-06-19 12:00:00,2.52,2.42,547.0,True,True,True,6,ok,1.263,0.0,1.263,0.0,1.157,0.0,1.0,100.0
2018-06-19 13:00:00,2.834,2.721,624.0,True,True,False,6,cap_reached,0.0,0.0,0.0,0.0,2.721,0.0,1.0,100.0
2018-06-19 14:00:00,2.503,2.403,544.0,True,True,False,6,cap_reached,0.0,0.0,0.0,0.0,2.403,0.0,1.0,100.0
2018-06-19 15:00:00,3.414,3.278,758.0,True,True,False,6,cap_reached,0.0,0.0,0.0,0.0,3.278,0.0,1.0,100.0
2018-06-19 16:00:00,1.638,1.572,343.0,True,True,False,6,cap_reached,0.0,0.0,0.0,0.0,1.572,0.0,1.0,100.0
2018-06-19 17:00:00,0.903,0.866,186.0,True,True,False,6,cap_reached,0.0,0.0,0.0,0.0,0.866,0.0,1.0,100.0
2018-06-19 18:00:00,1.033,0.991,154.0,True,True,False,6,cap_reached,0.0,0.0,0.0,0.0,0.991,0.0,1.0,100.0
2018-06-19 19:00:00,0.0,0.0,0.0,False,True,False,6,cap_reached,0.0,0.0,0.0,0.0,0.0,0.0,1.0,100.0
2018-06-19 20:00:00,0.0,0.0,0.0,False,True,False,6,cap_reached,0.0,0.0,0.0,0.0,0.0,0.0,1.0,100.0
2018-06-19 21:00:00,0.0,0.0,0.0,False,True,False,6,cap_reached,0.0,0.0,0.0,0.0,0.0,0.0,1.0,100.0
2018-06-19 22:00:00,0.0,0.0,0.0,False,True,False,6,cap_reached,0.0,0.0,0.0,0.0,0.0,0.0,1.0,100.0
2018-06-19 23:00:00,0.0,0.0,0.0,False,True,False,6,cap_reached,0.0,0.0,0.0,0.0,0.0,0.0,1.0,100.0
2018-06-20 00:00:00,0.0,0.0,0.0,False,True,False,0,night,0.0,0.0,0.0,0.0,0.0,0.0,1.0,100.0
2018-06-20 01:00:00,0.0,0.0,0.0,False,True,False,0,night,0.0,0.0,0.0,0.0,0.0,0.0,1.0,100.0
2018-06-20 02:00:00,0.0,0.0,0.0,False,True,False,0,night,0.0,0.0,0.0,0.0,0.0,0.0,1.0,100.0
2018-06-20 03:00:00,0.0,0.0,0.0,False,True,False,0,night,0.0,0.0,0.0,0.0,0.0,0.0,1.0,100.0
2018-06-20 04:00:00,0.0,0.0,0.0,False,True,False,0,night,0.0,0.0,0.0,0.0,0.0,0.0,1.0,100.0
2018-06-20 05:00:00,0.0,0.0,0.0,False,True,False,0,night,0.0,0.0,0.0,0.0,0.0,0.0,1.0,100.0
2018-06-20 06:00:00,0.232,0.223,47.0,True,True,False,0,battery_empty,0.0,0.0,0.0,0.0,0.223,0.0,1.0,100.0
2018-06-20 07:00:00,1.565,1.502,268.0,True,True,True,1,ok,1.263,0.0,1.263,0.0,0.239,0.0,1.0,100.0
2018-06-20 08:00:00,2.431,2.334,483.0,True,True,True,2,ok,1.263,0.0,1.263,0.0,1.071,0.0,1.0,100.0
2018-06-20 09:00:00,2.639,2.533,565.0,True,True,True,3,ok,1.263,0.0,1.263,0.0,1.27,0.0,1.0,100.0
2018-06-20 10:00:00,2.727,2.618,598.0,True,True,True,4,ok,1.263,0.0,1.263,0.0,1.355,0.0,1.0,100.0
2018-06-20 11:00:00,4.016,3.856,944.0,True,True,True,5,ok,1.263,0.0,1.263,0.0,2.593,0.0,1.0,100.0
2018-06-20 12:00:00,2.402,2.306,523.0,True,True,True,6,ok,1.263,0.0,1.263,0.0,1.043,0.0,1.0,100.0
2018-06-20 13:00:00,1.835,1.761,391.0,True,True,False,6,cap_reached,0.0,0.0,0.0,0.0,1.761,0.0,1.0,100.0
2018-06-20 14:00:00,1.552,1.49,328.0,True,True,False,6,cap_reached,0.0,0.0,0.0,0.0,1.49,0.0,1.0,100.0
2018-06-20 15:00:00,0.605,0.581,126.0,True,True,False,6,cap_reached,0.0,0.0,0.0,0.0,0.581,0.0,1.0,100.0
2018-06-20 16:00:00,0.541,0.519,112.0,True,True,False,6,cap_reached,0.0,0.0,0.0,0.0,0.519,0.0,1.0,100.0
2018-06-20 17:00:00,0.787,0.755,162.0,True,True,False,6,cap_reached,0.0,0.0,0.0,0.0,0.755,0.0,1.0,100.0
2018-06-20 18:00:00,0.272,0.261,56.0,True,True,False,6,cap_reached,0.0,0.0,0.0,0.0,0.261,0.0,1.0,100.0
2018-06-20 19:00:00,0.0,0.0,0.0,False,True,False,6,cap_reached,0.0,0.0,0.0,0.0,0.0,0.0,1.0,100.0
2018-06-20 20:00:00,0.0,0.0,0.0,False,True,False,6,cap_reached,0.0,0.0,0.0,0.0,0.0,0.0,1.0,100.0
2018-06-20 21:00:00,0.0,0.0,0.0,False,True,False,6,cap_reached,0.0,0.0,0.0,0.0,0.0,0.0,1.0,100.0
2018-06-20 22:00:00,0.0,0.0,0.0,False,True,False,6,cap_reached,0.0,0.0,0.0,0.0,0.0,0.0,1.0,100.0
2018-06-20 23:00:00,0.0,0.0,0.0,False,True,False,6,cap_reached,0.0,0.0,0.0,0.0,0.0,0.0,1.0,100.0
2018-06-21 00:00:00,0.0,0.0,0.0,False,True,False,0,night,0.0,0.0,0.0,0.0,0.0,0.0,1.0,100.0
2018-06-21 01:00:00,0.0,0.0,0.0,False,True,False,0,night,0.0,0.0,0.0,0.0,0.0,0.0,1.0,100.0
2018-06-21 02:00:00,0.0,0.0,0.0,False,True,False,0,night,0.0,0.0,0.0,0.0,0.0,0.0,1.0,100.0
2018-06-21 03:00:00,0.0,0.0,0.0,False,True,False,0,night,0.0,0.0,0.0,0.0,0.0,0.0,1.0,100.0
2018-06-21 04:00:00,0.0,0.0,0.0,False,True,False,0,night,0.0,0.0,0.0,0.0,0.0,0.0,1.0,100.0
2018-06-21 05:00:00,0.0,0.0,0.0,False,True,False,0,night,0.0,0.0,0.0,0.0,0.0,0.0,1.0,100.0
2018-06-21 06:00:00,0.49,0.47,67.0,True,True,True,1,ok,0.47,0.793,1.263,0.0,0.0,-0.835,0.165,16.5
2018-06-21 07:00:00,1.046,1.004,207.0,True,True,False,1,battery_empty,0.0,0.0,0.0,0.835,0.125,0.835,1.0,100.0
2018-06-21 08:00:00,2.367,2.272,473.0,True,True,True,2,ok,1.263,0.0,1.263,0.0,1.009,0.0,1.0,100.0
2018-06-21 09:00:00,2.12,2.035,453.0,True,True,True,3,ok,1.263,0.0,1.263,0.0,0.772,0.0,1.0,100.0
2018-06-21 10:00:00,3.285,3.154,736.0,True,True,True,4,ok,1.263,0.0,1.263,0.0,1.891,0.0,1.0,100.0
2018-06-21 11:00:00,3.993,3.833,939.0,True,True,True,5,ok,1.263,0.0,1.263,0.0,2.57,0.0,1.0,100.0
2018-06-21 12:00:00,4.147,3.981,988.0,True,True,True,6,ok,1.263,0.0,1.263,0.0,2.718,0.0,1.0,100.0
2018-06-21 13:00:00,4.105,3.941,975.0,True,True,False,6,cap_reached,0.0,0.0,0.0,0.0,3.941,0.0,1.0,100.0
2018-06-21 14:00:00,3.844,3.691,895.0,True,True,False,6,cap_reached,0.0,0.0,0.0,0.0,3.691,0.0,1.0,100.0
2018-06-21 15:00:00,0.234,0.224,48.0,True,True,False,6,cap_reached,0.0,0.0,0.0,0.0,0.224,0.0,1.0,100.0
2018-06-21 16:00:00,0.756,0.726,157.0,True,True,False,6,cap_reached,0.0,0.0,0.0,0.0,0.726,0.0,1.0,100.0
2018-06-21 17:00:00,1.462,1.403,291.0,True,True,False,6,cap_reached,0.0,0.0,0.0,0.0,1.403,0.0,1.0,100.0
2018-06-21 18:00:00,1.021,0.98,155.0,True,True,False,6,cap_reached,0.0,0.0,0.0,0.0,0.98,0.0,1.0,100.0
2018-06-21 19:00:00,0.0,0.0,0.0,False,True,False,6,cap_reached,0.0,0.0,0.0,0.0,0.0,0.0,1.0,100.0
2018-06-21 20:00:00,0.0,0.0,0.0,False,True,False,6,cap_reached,0.0,0.0,0.0,0.0,0.0,0.0,1.0,100.0
2018-06-21 21:00:00,0.0,0.0,0.0,False,True,False,6,cap_reached,0.0,0.0,0.0,0.0,0.0,0.0,1.0,100.0
2018-06-21 22:00:00,0.0,0.0,0.0,False,True,False,6,cap_reached,0.0,0.0,0.0,0.0,0.0,0.0,1.0,100.0
2018-06-21 23:00:00,0.0,0.0,0.0,False,True,False,6,cap_reached,0.0,0.0,0.0,0.0,0.0,0.0,1.0,100.0
2018-06-22 00:00:00,0.0,0.0,0.0,False,True,False,0,night,0.0,0.0,0.0,0.0,0.0,0.0,1.0,100.0
2018-06-22 01:00:00,0.0,0.0,0.0,False,True,False,0,night,0.0,0.0,0.0,0.0,0.0,0.0,1.0,100.0
2018-06-22 02:00:00,0.0,0.0,0.0,False,True,False,0,night,0.0,0.0,0.0,0.0,0.0,0.0,1.0,100.0
2018-06-22 03:00:00,0.0,0.0,0.0,False,True,False,0,night,0.0,0.0,0.0,0.0,0.0,0.0,1.0,100.0
2018-06-22 04:00:00,0.0,0.0,0.0,False,True,False,0,night,0.0,0.0,0.0,0.0,0.0,0.0,1.0,100.0
2018-06-22 05:00:00,0.0,0.0,0.0,False,True,False,0,night,0.0,0.0,0.0,0.0,0.0,0.0,1.0,100.0
2018-06-22 06:00:00,0.549,0.527,70.0,True,True,True,1,ok,0.527,0.736,1.263,0.0,0.0,-0.775,0.225,22.5
2018-06-22 07:00:00,1.278,1.227,235.0,True,True,True,2,ok,1.227,0.036,1.263,0.0,0.0,-0.038,0.188,18.8
2018-06-22 08:00:00,1.766,1.696,362.0,True,True,True,3,ok,1.263,0.0,1.263,0.411,0.0,0.411,0.599,59.9
2018-06-22 09:00:00,2.426,2.329,521.0,True,True,True,4,ok,1.263,0.0,1.263,0.401,0.643,0.401,1.0,100.0
2018-06-22 10:00:00,3.68,3.533,845.0,True,True,True,5,ok,1.263,0.0,1.263,0.0,2.27,0.0,1.0,100.0
2018-06-22 11:00:00,4.024,3.863,953.0,True,True,True,6,ok,1.263,0.0,1.263,0.0,2.6,0.0,1.0,100.0
2018-06-22 12:00:00,4.166,3.999,1000.0,True,True,False,6,cap_reached,0.0,0.0,0.0,0.0,3.999,0.0,1.0,100.0
2018-06-22 13:00:00,3.611,3.467,840.0,True,True,False,6,cap_reached,0.0,0.0,0.0,0.0,3.467,0.0,1.0,100.0
2018-06-22 14:00:00,1.118,1.073,235.0,True,True,False,6,cap_reached,0.0,0.0,0.0,0.0,1.073,0.0,1.0,100.0
2018-06-22 15:00:00,0.127,0.122,26.0,True,True,False,6,cap_reached,0.0,0.0,0.0,0.0,0.122,0.0,1.0,100.0
2018-06-22 16:00:00,0.107,0.103,22.0,True,True,False,6,cap_reached,0.0,0.0,0.0,0.0,0.103,0.0,1.0,100.0
2018-06-22 17:00:00,1.672,1.605,324.0,True,True,False,6,cap_reached,0.0,0.0,0.0,0.0,1.605,0.0,1.0,100.0
2018-06-22 18:00:00,0.661,0.634,123.0,True,True,False,6,cap_reached,0.0,0.0,0.0,0.0,0.634,0.0,1.0,100.0
2018-06-22 19:00:00,0.0,0.0,0.0,False,True,False,6,cap_reached,0.0,0.0,0.0,0.0,0.0,0.0,1.0,100.0
2018-06-22 20:00:00,0.0,0.0,0.0,False,True,False,6,cap_reached,0.0,0.0,0.0,0.0,0.0,0.0,1.0,100.0
2018-06-22 21:00:00,0.0,0.0,0.0,False,True,False,6,cap_reached,0.0,0.0,0.0,0.0,0.0,0.0,1.0,100.0
2018-06-22 22:00:00,0.0,0.0,0.0,False,True,False,6,cap_reached,0.0,0.0,0.0,0.0,0.0,0.0,1.0,100.0
2018-06-22 23:00:00,0.0,0.0,0.0,False,True,False,6,cap_reached,0.0,0.0,0.0,0.0,0.0,0.0,1.0,100.0
2018-06-23 00:00:00,0.0,0.0,0.0,False,True,False,0,night,0.0,0.0,0.0,0.0,0.0,0.0,1.0,100.0
2018-06-23 01:00:00,0.0,0.0,0.0,False,True,False,0,night,0.0,0.0,0.0,0.0,0.0,0.0,1.0,100.0
2018-06-23 02:00:00,0.0,0.0,0.0,False,True,False,0,night,0.0,0.0,0.0,0.0,0.0,0.0,1.0,100.0
2018-06-23 03:00:00,0.0,0.0,0.0,False,True,False,0,night,0.0,0.0,0.0,0.0,0.0,0.0,1.0,100.0
2018-06-23 04:00:00,0.0,0.0,0.0,False,True,False,0,night,0.0,0.0,0.0,0.0,0.0,0.0,1.0,100.0
2018-06-23 05:00:00,0.0,0.0,0.0,False,True,False,0,night,0.0,0.0,0.0,0.0,0.0,0.0,1.0,100.0
2018-06-23 06:00:00,0.512,0.492,67.0,True,True,True,1,ok,0.492,0.771,1.263,0.0,0.0,-0.812,0.188,18.8
2018-06-23 07:00:00,1.507,1.447,261.0,True,True,True,2,ok,1.263,0.0,1.263,0.175,0.0,0.175,0.363,36.3
2018-06-23 08:00:00,2.378,2.283,475.0,True,True,True,3,ok,1.263,0.0,1.263,0.637,0.35,0.637,1.0,100.0
2018-06-23 09:00:00,1.38,1.325,290.0,True,True,True,4,ok,1.263,0.0,1.263,0.0,0.062,0.0,1.0,100.0
2018-06-23 10:00:00,1.885,1.81,403.0,True,True,True,5,ok,1.263,0.0,1.263,0.0,0.547,0.0,1.0,100.0
2018-06-23 11:00:00,3.421,3.284,786.0,True,True,True,6,ok,1.263,0.0,1.263,0.0,2.021,0.0,1.0,100.0
2018-06-23 12:00:00,4.144,3.979,987.0,True,True,False,6,cap_reached,0.0,0.0,0.0,0.0,3.979,0.0,1.0,100.0
2018-06-23 13:00:00,2.553,2.451,559.0,True,True,False,6,cap_reached,0.0,0.0,0.0,0.0,2.451,0.0,1.0,100.0
2018-06-23 14:00:00,2.582,2.479,566.0,True,True,False,6,cap_reached,0.0,0.0,0.0,0.0,2.479,0.0,1.0,100.0
2018-06-23 15:00:00,2.604,2.499,566.0,True,True,False,6,cap_reached,0.0,0.0,0.0,0.0,2.499,0.0,1.0,100.0
2018-06-23 16:00:00,1.276,1.225,267.0,True,True,False,6,cap_reached,0.0,0.0,0.0,0.0,1.225,0.0,1.0,100.0
2018-06-23 17:00:00,1.684,1.616,324.0,True,True,False,6,cap_reached,0.0,0.0,0.0,0.0,1.616,0.0,1.0,100.0
2018-06-23 18:00:00,1.01,0.97,154.0,True,True,False,6,cap_reached,0.0,0.0,0.0,0.0,0.97,0.0,1.0,100.0
2018-06-23 19:00:00,0.0,0.0,0.0,False,True,False,6,cap_reached,0.0,0.0,0.0,0.0,0.0,0.0,1.0,100.0
2018-06-23 20:00:00,0.0,0.0,0.0,False,True,False,6,cap_reached,0.0,0.0,0.0,0.0,0.0,0.0,1.0,100.0
2018-06-23 21:00:00,0.0,0.0,0.0,False,True,False,6,cap_reached,0.0,0.0,0.0,0.0,0.0,0.0,1.0,100.0
2018-06-23 22:00:00,0.0,0.0,0.0,False,True,False,6,cap_reached,0.0,0.0,0.0,0.0,0.0,0.0,1.0,100.0
2018-06-23 23:00:00,0.0,0.0,0.0,False,True,False,6,cap_reached,0.0,0.0,0.0,0.0,0.0,0.0,1.0,100.0
2018-06-24 00:00:00,0.0,0.0,0.0,False,True,False,0,night,0.0,0.0,0.0,0.0,0.0,0.0,1.0,100.0
2018-06-24 01:00:00,0.0,0.0,0.0,False,True,False,0,night,0.0,0.0,0.0,0.0,0.0,0.0,1.0,100.0
2018-06-24 02:00:00,0.0,0.0,0.0,False,True,False,0,night,0.0,0.0,0.0,0.0,0.0,0.0,1.0,100.0
2018-06-24 03:00:00,0.0,0.0,0.0,False,True,False,0,night,0.0,0.0,0.0,0.0,0.0,0.0,1.0,100.0
2018-06-24 04:00:00,0.0,0.0,0.0,False,True,False,0,night,0.0,0.0,0.0,0.0,0.0,0.0,1.0,100.0
2018-06-24 05:00:00,0.0,0.0,0.0,False,True,False,0,night,0.0,0.0,0.0,0.0,0.0,0.0,1.0,100.0
2018-06-24 06:00:00,0.495,0.476,66.0,True,True,True,1,ok,0.476,0.787,1.263,0.0,0.0,-0.829,0.171,17.1
2018-06-24 07:00:00,1.497,1.437,259.0,True,True,True,2,ok,1.263,0.0,1.263,0.165,0.0,0.165,0.336,33.6
2018-06-24 08:00:00,2.373,2.278,473.0,True,True,True,3,ok,1.263,0.0,1.263,0.664,0.317,0.664,1.0,100.0
2018-06-24 09:00:00,3.095,2.971,670.0,True,True,True,4,ok,1.263,0.0,1.263,0.0,1.708,0.0,1.0,100.0
2018-06-24 10:00:00,2.566,2.463,558.0,True,True,True,5,ok,1.263,0.0,1.263,0.0,1.2,0.0,1.0,100.0
2018-06-24 11:00:00,3.986,3.826,934.0,True,True,True,6,ok,1.263,0.0,1.263,0.0,2.563,0.0,1.0,100.0
2018-06-24 12:00:00,3.216,3.087,727.0,True,True,False,6,cap_reached,0.0,0.0,0.0,0.0,3.087,0.0,1.0,100.0
2018-06-24 13:00:00,2.313,2.221,499.0,True,True,False,6,cap_reached,0.0,0.0,0.0,0.0,2.221,0.0,1.0,100.0
2018-06-24 14:00:00,0.845,0.811,174.0,True,True,False,6,cap_reached,0.0,0.0,0.0,0.0,0.811,0.0,1.0,100.0
2018-06-24 15:00:00,0.347,0.333,71.0,True,True,False,6,cap_reached,0.0,0.0,0.0,0.0,0.333,0.0,1.0,100.0
2018-06-24 16:00:00,1.983,1.904,416.0,True,True,False,6,cap_reached,0.0,0.0,0.0,0.0,1.904,0.0,1.0,100.0
2018-06-24 17:00:00,0.912,0.876,188.0,True,True,False,6,cap_reached,0.0,0.0,0.0,0.0,0.876,0.0,1.0,100.0
2018-06-24 18:00:00,0.447,0.429,91.0,True,True,False,6,cap_reached,0.0,0.0,0.0,0.0,0.429,0.0,1.0,100.0
2018-06-24 19:00:00,0.0,0.0,0.0,False,True,False,6,cap_reached,0.0,0.0,0.0,0.0,0.0,0.0,1.0,100.0
2018-06-24 20:00:00,0.0,0.0,0.0,False,True,False,6,cap_reached,0.0,0.0,0.0,0.0,0.0,0.0,1.0,100.0
2018-06-24 21:00:00,0.0,0.0,0.0,False,True,False,6,cap_reached,0.0,0.0,0.0,0.0,0.0,0.0,1.0,100.0
2018-06-24 22:00:00,0.0,0.0,0.0,False,True,False,6,cap_reached,0.0,0.0,0.0,0.0,0.0,0.0,1.0,100.0
2018-06-24 23:00:00,0.0,0.0,0.0,False,True,False,6,cap_reached,0.0,0.0,0.0,0.0,0.0,0.0,1.0,100.0
2018-06-25 00:00:00,0.0,0.0,0.0,False,True,False,0,night,0.0,0.0,0.0,0.0,0.0,0.0,1.0,100.0
2018-06-25 01:00:00,0.0,0.0,0.0,False,True,False,0,night,0.0,0.0,0.0,0.0,0.0,0.0,1.0,100.0
2018-06-25 02:00:00,0.0,0.0,0.0,False,True,False,0,night,0.0,0.0,0.0,0.0,0.0,0.0,1.0,100.0
2018-06-25 03:00:00,0.0,0.0,0.0,False,True,False,0,night,0.0,0.0,0.0,0.0,0.0,0.0,1.0,100.0
2018-06-25 04:00:00,0.0,0.0,0.0,False,True,False,0,night,0.0,0.0,0.0,0.0,0.0,0.0,1.0,100.0
2018-06-25 05:00:00,0.0,0.0,0.0,False,True,False,0,night,0.0,0.0,0.0,0.0,0.0,0.0,1.0,100.0
2018-06-25 06:00:00,0.206,0.198,42.0,True,True,False,0,battery_empty,0.0,0.0,0.0,0.0,0.198,0.0,1.0,100.0
2018-06-25 07:00:00,1.491,1.431,257.0,True,True,True,1,ok,1.263,0.0,1.263,0.0,0.168,0.0,1.0,100.0
2018-06-25 08:00:00,1.197,1.15,248.0,True,True,True,2,ok,1.15,0.113,1.263,0.0,0.0,-0.119,0.881,88.1
2018-06-25 09:00:00,3.103,2.979,670.0,True,True,True,3,ok,1.263,0.0,1.263,0.119,1.59,0.119,1.0,100.0
2018-06-25 10:00:00,3.659,3.512,833.0,True,True,True,4,ok,1.263,0.0,1.263,0.0,2.249,0.0,1.0,100.0
2018-06-25 11:00:00,4.017,3.857,943.0,True,True,True,5,ok,1.263,0.0,1.263,0.0,2.594,0.0,1.0,100.0
2018-06-25 12:00:00,4.165,3.998,991.0,True,True,True,6,ok,1.263,0.0,1.263,0.0,2.735,0.0,1.0,100.0
2018-06-25 13:00:00,4.093,3.93,970.0,True,True,False,6,cap_reached,0.0,0.0,0.0,0.0,3.93,0.0,1.0,100.0
2018-06-25 14:00:00,2.389,2.294,519.0,True,True,False,6,cap_reached,0.0,0.0,0.0,0.0,2.294,0.0,1.0,100.0
2018-06-25 15:00:00,2.021,1.94,433.0,True,True,False,6,cap_reached,0.0,0.0,0.0,0.0,1.94,0.0,1.0,100.0
2018-06-25 16:00:00,2.083,2.0,436.0,True,True,False,6,cap_reached,0.0,0.0,0.0,0.0,2.0,0.0,1.0,100.0
2018-06-25 17:00:00,1.88,1.805,355.0,True,True,False,6,cap_reached,0.0,0.0,0.0,0.0,1.805,0.0,1.0,100.0
2018-06-25 18:00:00,0.539,0.517,106.0,True,True,False,6,cap_reached,0.0,0.0,0.0,0.0,0.517,0.0,1.0,100.0
2018-06-25 19:00:00,0.0,0.0,0.0,False,True,False,6,cap_reached,0.0,0.0,0.0,0.0,0.0,0.0,1.0,100.0
2018-06-25 20:00:00,0.0,0.0,0.0,False,True,False,6,cap_reached,0.0,0.0,0.0,0.0,0.0,0.0,1.0,100.0
2018-06-25 21:00:00,0.0,0.0,0.0,False,True,False,6,cap_reached,0.0,0.0,0.0,0.0,0.0,0.0,1.0,100.0
2018-06-25 22:00:00,0.0,0.0,0.0,False,True,False,6,cap_reached,0.0,0.0,0.0,0.0,0.0,0.0,1.0,100.0
2018-06-25 23:00:00,0.0,0.0,0.0,False,True,False,6,cap_reached,0.0,0.0,0.0,0.0,0.0,0.0,1.0,100.0
2018-06-26 00:00:00,0.0,0.0,0.0,False,True,False,0,night,0.0,0.0,0.0,0.0,0.0,0.0,1.0,100.0
2018-06-26 01:00:00,0.0,0.0,0.0,False,True,False,0,night,0.0,0.0,0.0,0.0,0.0,0.0,1.0,100.0
2018-06-26 02:00:00,0.0,0.0,0.0,False,True,False,0,night,0.0,0.0,0.0,0.0,0.0,0.0,1.0,100.0
2018-06-26 03:00:00,0.0,0.0,0.0,False,True,False,0,night,0.0,0.0,0.0,0.0,0.0,0.0,1.0,100.0
2018-06-26 04:00:00,0.0,0.0,0.0,False,True,False,0,night,0.0,0.0,0.0,0.0,0.0,0.0,1.0,100.0
2018-06-26 05:00:00,0.0,0.0,0.0,False,True,False,0,night,0.0,0.0,0.0,0.0,0.0,0.0,1.0,100.0
2018-06-26 06:00:00,0.182,0.175,37.0,True,True,False,0,battery_empty,0.0,0.0,0.0,0.0,0.175,0.0,1.0,100.0
2018-06-26 07:00:00,0.841,0.807,171.0,True,True,True,1,ok,0.807,0.456,1.263,0.0,0.0,-0.48,0.52,52.0
2018-06-26 08:00:00,2.005,1.925,404.0,True,True,True,2,ok,1.263,0.0,1.263,0.48,0.157,0.48,1.0,100.0
2018-06-26 09:00:00,2.104,2.02,447.0,True,True,True,3,ok,1.263,0.0,1.263,0.0,0.757,0.0,1.0,100.0
2018-06-26 10:00:00,3.627,3.482,824.0,True,True,True,4,ok,1.263,0.0,1.263,0.0,2.219,0.0,1.0,100.0
2018-06-26 11:00:00,3.983,3.824,933.0,True,True,True,5,ok,1.263,0.0,1.263,0.0,2.561,0.0,1.0,100.0
2018-06-26 12:00:00,4.128,3.963,980.0,True,True,True,6,ok,1.263,0.0,1.263,0.0,2.7,0.0,1.0,100.0
2018-06-26 13:00:00,4.088,3.924,968.0,True,True,False,6,cap_reached,0.0,0.0,0.0,0.0,3.924,0.0,1.0,100.0
2018-06-26 14:00:00,3.824,3.671,888.0,True,True,False,6,cap_reached,0.0,0.0,0.0,0.0,3.671,0.0,1.0,100.0
2018-06-26 15:00:00,1.962,1.883,419.0,True,True,False,6,cap_reached,0.0,0.0,0.0,0.0,1.883,0.0,1.0,100.0
2018-06-26 16:00:00,1.732,1.663,366.0,True,True,False,6,cap_reached,0.0,0.0,0.0,0.0,1.663,0.0,1.0,100.0
2018-06-26 17:00:00,1.919,1.842,361.0,True,True,False,6,cap_reached,0.0,0.0,0.0,0.0,1.842,0.0,1.0,100.0
2018-06-26 18:00:00,0.975,0.936,152.0,True,True,False,6,cap_reached,0.0,0.0,0.0,0.0,0.936,0.0,1.0,100.0
2018-06-26 19:00:00,0.0,0.0,0.0,False,True,False,6,cap_reached,0.0,0.0,0.0,0.0,0.0,0.0,1.0,100.0
2018-06-26 20:00:00,0.0,0.0,0.0,False,True,False,6,cap_reached,0.0,0.0,0.0,0.0,0.0,0.0,1.0,100.0
2018-06-26 21:00:00,0.0,0.0,0.0,False,True,False,6,cap_reached,0.0,0.0,0.0,0.0,0.0,0.0,1.0,100.0
2018-06-26 22:00:00,0.0,0.0,0.0,False,True,False,6,cap_reached,0.0,0.0,0.0,0.0,0.0,0.0,1.0,100.0
2018-06-26 23:00:00,0.0,0.0,0.0,False,True,False,6,cap_reached,0.0,0.0,0.0,0.0,0.0,0.0,1.0,100.0
2018-06-27 00:00:00,0.0,0.0,0.0,False,True,False,0,night,0.0,0.0,0.0,0.0,0.0,0.0,1.0,100.0
2018-06-27 01:00:00,0.0,0.0,0.0,False,True,False,0,night,0.0,0.0,0.0,0.0,0.0,0.0,1.0,100.0
2018-06-27 02:00:00,0.0,0.0,0.0,False,True,False,0,night,0.0,0.0,0.0,0.0,0.0,0.0,1.0,100.0
2018-06-27 03:00:00,0.0,0.0,0.0,False,True,False,0,night,0.0,0.0,0.0,0.0,0.0,0.0,1.0,100.0
2018-06-27 04:00:00,0.0,0.0,0.0,False,True,False,0,night,0.0,0.0,0.0,0.0,0.0,0.0,1.0,100.0
2018-06-27 05:00:00,0.0,0.0,0.0,False,True,False,0,night,0.0,0.0,0.0,0.0,0.0,0.0,1.0,100.0
2018-06-27 06:00:00,0.489,0.47,64.0,True,True,True,1,ok,0.47,0.793,1.263,0.0,0.0,-0.835,0.165,16.5
2018-06-27 07:00:00,1.505,1.445,258.0,True,True,True,2,ok,1.263,0.0,1.263,0.173,0.0,0.173,0.338,33.8
2018-06-27 08:00:00,2.386,2.29,473.0,True,True,True,3,ok,1.263,0.0,1.263,0.662,0.33,0.662,1.0,100.0
2018-06-27 09:00:00,3.112,2.988,672.0,True,True,True,4,ok,1.263,0.0,1.263,0.0,1.725,0.0,1.0,100.0
2018-06-27 10:00:00,3.658,3.511,832.0,True,True,True,5,ok,1.263,0.0,1.263,0.0,2.248,0.0,1.0,100.0
2018-06-27 11:00:00,4.016,3.855,943.0,True,True,True,6,ok,1.263,0.0,1.263,0.0,2.592,0.0,1.0,100.0
2018-06-27 12:00:00,4.166,3.999,991.0,True,True,False,6,cap_reached,0.0,0.0,0.0,0.0,3.999,0.0,1.0,100.0
2018-06-27 13:00:00,2.887,2.771,638.0,True,True,False,6,cap_reached,0.0,0.0,0.0,0.0,2.771,0.0,1.0,100.0
2018-06-27 14:00:00,0.763,0.732,157.0,True,True,False,6,cap_reached,0.0,0.0,0.0,0.0,0.732,0.0,1.0,100.0
2018-06-27 15:00:00,1.927,1.85,411.0,True,True,False,6,cap_reached,0.0,0.0,0.0,0.0,1.85,0.0,1.0,100.0
2018-06-27 16:00:00,2.757,2.647,576.0,True,True,False,6,cap_reached,0.0,0.0,0.0,0.0,2.647,0.0,1.0,100.0
2018-06-27 17:00:00,1.955,1.877,366.0,True,True,False,6,cap_reached,0.0,0.0,0.0,0.0,1.877,0.0,1.0,100.0
2018-06-27 18:00:00,0.535,0.514,106.0,True,True,False,6,cap_reached,0.0,0.0,0.0,0.0,0.514,0.0,1.0,100.0
2018-06-27 19:00:00,0.0,0.0,0.0,False,True,False,6,cap_reached,0.0,0.0,0.0,0.0,0.0,0.0,1.0,100.0
2018-06-27 20:00:00,0.0,0.0,0.0,False,True,False,6,cap_reached,0.0,0.0,0.0,0.0,0.0,0.0,1.0,100.0
2018-06-27 21:00:00,0.0,0.0,0.0,False,True,False,6,cap_reached,0.0,0.0,0.0,0.0,0.0,0.0,1.0,100.0
2018-06-27 22:00:00,0.0,0.0,0.0,False,True,False,6,cap_reached,0.0,0.0,0.0,0.0,0.0,0.0,1.0,100.0
2018-06-27 23:00:00,0.0,0.0,0.0,False,True,False,6,cap_reached,0.0,0.0,0.0,0.0,0.0,0.0,1.0,100.0
2018-06-28 00:00:00,0.0,0.0,0.0,False,True,False,0,night,0.0,0.0,0.0,0.0,0.0,0.0,1.0,100.0
2018-06-28 01:00:00,0.0,0.0,0.0,False,True,False,0,night,0.0,0.0,0.0,0.0,0.0,0.0,1.0,100.0
2018-06-28 02:00:00,0.0,0.0,0.0,False,True,False,0,night,0.0,0.0,0.0,0.0,0.0,0.0,1.0,100.0
2018-06-28 03:00:00,0.0,0.0,0.0,False,True,False,0,night,0.0,0.0,0.0,0.0,0.0,0.0,1.0,100.0
2018-06-28 04:00:00,0.0,0.0,0.0,False,True,False,0,night,0.0,0.0,0.0,0.0,0.0,0.0,1.0,100.0
2018-06-28 05:00:00,0.0,0.0,0.0,False,True,False,0,night,0.0,0.0,0.0,0.0,0.0,0.0,1.0,100.0
2018-06-28 06:00:00,0.508,0.487,64.0,True,True,True,1,ok,0.487,0.776,1.263,0.0,0.0,-0.816,0.184,18.4
2018-06-28 07:00:00,1.517,1.456,259.0,True,True,True,2,ok,1.263,0.0,1.263,0.183,0.0,0.183,0.367,36.7
2018-06-28 08:00:00,2.389,2.294,474.0,True,True,True,3,ok,1.263,0.0,1.263,0.633,0.364,0.633,1.0,100.0
2018-06-28 09:00:00,3.112,2.988,673.0,True,True,True,4,ok,1.263,0.0,1.263,0.0,1.725,0.0,1.0,100.0
2018-06-28 10:00:00,3.669,3.522,837.0,True,True,True,5,ok,1.263,0.0,1.263,0.0,2.259,0.0,1.0,100.0
2018-06-28 11:00:00,4.024,3.863,947.0,True,True,True,6,ok,1.263,0.0,1.263,0.0,2.6,0.0,1.0,100.0
2018-06-28 12:00:00,2.727,2.618,600.0,True,True,False,6,cap_reached,0.0,0.0,0.0,0.0,2.618,0.0,1.0,100.0
2018-06-28 13:00:00,3.229,3.1,732.0,True,True,False,6,cap_reached,0.0,0.0,0.0,0.0,3.1,0.0,1.0,100.0
2018-06-28 14:00:00,3.124,2.999,702.0,True,True,False,6,cap_reached,0.0,0.0,0.0,0.0,2.999,0.0,1.0,100.0
2018-06-28 15:00:00,3.415,3.278,763.0,True,True,False,6,cap_reached,0.0,0.0,0.0,0.0,3.278,0.0,1.0,100.0
2018-06-28 16:00:00,2.784,2.672,582.0,True,True,False,6,cap_reached,0.0,0.0,0.0,0.0,2.672,0.0,1.0,100.0
2018-06-28 17:00:00,1.994,1.914,373.0,True,True,False,6,cap_reached,0.0,0.0,0.0,0.0,1.914,0.0,1.0,100.0
2018-06-28 18:00:00,1.068,1.026,160.0,True,True,False,6,cap_reached,0.0,0.0,0.0,0.0,1.026,0.0,1.0,100.0
2018-06-28 19:00:00,0.0,0.0,0.0,False,True,False,6,cap_reached,0.0,0.0,0.0,0.0,0.0,0.0,1.0,100.0
2018-06-28 20:00:00,0.0,0.0,0.0,False,True,False,6,cap_reached,0.0,0.0,0.0,0.0,0.0,0.0,1.0,100.0
2018-06-28 21:00:00,0.0,0.0,0.0,False,True,False,6,cap_reached,0.0,0.0,0.0,0.0,0.0,0.0,1.0,100.0
2018-06-28 22:00:00,0.0,0.0,0.0,False,True,False,6,cap_reached,0.0,0.0,0.0,0.0,0.0,0.0,1.0,100.0
2018-06-28 23:00:00,0.0,0.0,0.0,False,True,False,6,cap_reached,0.0,0.0,0.0,0.0,0.0,0.0,1.0,100.0
2018-06-29 00:00:00,0.0,0.0,0.0,False,True,False,0,night,0.0,0.0,0.0,0.0,0.0,0.0,1.0,100.0
2018-06-29 01:00:00,0.0,0.0,0.0,False,True,False,0,night,0.0,0.0,0.0,0.0,0.0,0.0,1.0,100.0
2018-06-29 02:00:00,0.0,0.0,0.0,False,True,False,0,night,0.0,0.0,0.0,0.0,0.0,0.0,1.0,100.0
2018-06-29 03:00:00,0.0,0.0,0.0,False,True,False,0,night,0.0,0.0,0.0,0.0,0.0,0.0,1.0,100.0
2018-06-29 04:00:00,0.0,0.0,0.0,False,True,False,0,night,0.0,0.0,0.0,0.0,0.0,0.0,1.0,100.0
2018-06-29 05:00:00,0.0,0.0,0.0,False,True,False,0,night,0.0,0.0,0.0,0.0,0.0,0.0,1.0,100.0
2018-06-29 06:00:00,0.533,0.512,65.0,True,True,True,1,ok,0.512,0.751,1.263,0.0,0.0,-0.791,0.209,20.9
2018-06-29 07:00:00,0.911,0.874,183.0,True,True,False,1,battery_empty,0.0,0.0,0.0,0.791,0.042,0.791,1.0,100.0
2018-06-29 08:00:00,2.41,2.314,478.0,True,True,True,2,ok,1.263,0.0,1.263,0.0,1.051,0.0,1.0,100.0
2018-06-29 09:00:00,3.124,2.999,677.0,True,True,True,3,ok,1.263,0.0,1.263,0.0,1.736,0.0,1.0,100.0
2018-06-29 10:00:00,3.68,3.532,843.0,True,True,True,4,ok,1.263,0.0,1.263,0.0,2.269,0.0,1.0,100.0
2018-06-29 11:00:00,3.143,3.018,710.0,True,True,True,5,ok,1.263,0.0,1.263,0.0,1.755,0.0,1.0,100.0
2018-06-29 12:00:00,3.064,2.942,692.0,True,True,True,6,ok,1.263,0.0,1.263,0.0,1.679,0.0,1.0,100.0
2018-06-29 13:00:00,4.129,3.964,984.0,True,True,False,6,cap_reached,0.0,0.0,0.0,0.0,3.964,0.0,1.0,100.0
2018-06-29 14:00:00,2.97,2.851,662.0,True,True,False,6,cap_reached,0.0,0.0,0.0,0.0,2.851,0.0,1.0,100.0
2018-06-29 15:00:00,2.648,2.542,579.0,True,True,False,6,cap_reached,0.0,0.0,0.0,0.0,2.542,0.0,1.0,100.0
2018-06-29 16:00:00,1.593,1.53,335.0,True,True,False,6,cap_reached,0.0,0.0,0.0,0.0,1.53,0.0,1.0,100.0
2018-06-29 17:00:00,1.986,1.907,373.0,True,True,False,6,cap_reached,0.0,0.0,0.0,0.0,1.907,0.0,1.0,100.0
2018-06-29 18:00:00,1.054,1.012,160.0,True,True,False,6,cap_reached,0.0,0.0,0.0,0.0,1.012,0.0,1.0,100.0
2018-06-29 19:00:00,0.0,0.0,0.0,False,True,False,6,cap_reached,0.0,0.0,0.0,0.0,0.0,0.0,1.0,100.0
2018-06-29 20:00:00,0.0,0.0,0.0,False,True,False,6,cap_reached,0.0,0.0,0.0,0.0,0.0,0.0,1.0,100.0
2018-06-29 21:00:00,0.0,0.0,0.0,False,True,False,6,cap_reached,0.0,0.0,0.0,0.0,0.0,0.0,1.0,100.0
2018-06-29 22:00:00,0.0,0.0,0.0,False,True,False,6,cap_reached,0.0,0.0,0.0,0.0,0.0,0.0,1.0,100.0
2018-06-29 23:00:00,0.0,0.0,0.0,False,True,False,6,cap_reached,0.0,0.0,0.0,0.0,0.0,0.0,1.0,100.0
2018-06-30 00:00:00,0.0,0.0,0.0,False,True,False,0,night,0.0,0.0,0.0,0.0,0.0,0.0,1.0,100.0
2018-06-30 01:00:00,0.0,0.0,0.0,False,True,False,0,night,0.0,0.0,0.0,0.0,0.0,0.0,1.0,100.0
2018-06-30 02:00:00,0.0,0.0,0.0,False,True,False,0,night,0.0,0.0,0.0,0.0,0.0,0.0,1.0,100.0
2018-06-30 03:00:00,0.0,0.0,0.0,False,True,False,0,night,0.0,0.0,0.0,0.0,0.0,0.0,1.0,100.0
2018-06-30 04:00:00,0.0,0.0,0.0,False,True,False,0,night,0.0,0.0,0.0,0.0,0.0,0.0,1.0,100.0
2018-06-30 05:00:00,0.0,0.0,0.0,False,True,False,0,night,0.0,0.0,0.0,0.0,0.0,0.0,1.0,100.0
2018-06-30 06:00:00,0.496,0.476,63.0,True,True,True,1,ok,0.476,0.787,1.263,0.0,0.0,-0.828,0.172,17.2
2018-06-30 07:00:00,1.522,1.462,260.0,True,True,True,2,ok,1.263,0.0,1.263,0.189,0.0,0.189,0.361,36.1
2018-06-30 08:00:00,2.399,2.303,477.0,True,True,True,3,ok,1.263,0.0,1.263,0.639,0.367,0.639,1.0,100.0
2018-06-30 09:00:00,2.041,1.959,435.0,True,True,True,4,ok,1.263,0.0,1.263,0.0,0.696,0.0,1.0,100.0
2018-06-30 10:00:00,2.24,2.151,483.0,True,True,True,5,ok,1.263,0.0,1.263,0.0,0.888,0.0,1.0,100.0
2018-06-30 11:00:00,4.024,3.864,950.0,True,True,True,6,ok,1.263,0.0,1.263,0.0,2.601,0.0,1.0,100.0
2018-06-30 12:00:00,4.18,4.013,1000.0,True,True,False,6,cap_reached,0.0,0.0,0.0,0.0,4.013,0.0,1.0,100.0
2018-06-30 13:00:00,4.095,3.931,974.0,True,True,False,6,cap_reached,0.0,0.0,0.0,0.0,3.931,0.0,1.0,100.0
2018-06-30 14:00:00,3.833,3.68,893.0,True,True,False,6,cap_reached,0.0,0.0,0.0,0.0,3.68,0.0,1.0,100.0
2018-06-30 15:00:00,3.374,3.239,756.0,True,True,False,6,cap_reached,0.0,0.0,0.0,0.0,3.239,0.0,1.0,100.0
2018-06-30 16:00:00,2.731,2.621,573.0,True,True,False,6,cap_reached,0.0,0.0,0.0,0.0,2.621,0.0,1.0,100.0
2018-06-30 17:00:00,1.914,1.838,363.0,True,True,False,6,cap_reached,0.0,0.0,0.0,0.0,1.838,0.0,1.0,100.0
2018-06-30 18:00:00,0.955,0.916,152.0,True,True,False,6,cap_reached,0.0,0.0,0.0,0.0,0.916,0.0,1.0,100.0
2018-06-30 19:00:00,0.0,0.0,0.0,False,True,False,6,cap_reached,0.0,0.0,0.0,0.0,0.0,0.0,1.0,100.0
2018-06-30 20:00:00,0.0,0.0,0.0,False,True,False,6,cap_reached,0.0,0.0,0.0,0.0,0.0,0.0,1.0,100.0
2018-06-30 21:00:00,0.0,0.0,0.0,False,True,False,6,cap_reached,0.0,0.0,0.0,0.0,0.0,0.0,1.0,100.0
2018-06-30 22:00:00,0.0,0.0,0.0,False,True,False,6,cap_reached,0.0,0.0,0.0,0.0,0.0,0.0,1.0,100.0
2018-06-30 23:00:00,0.0,0.0,0.0,False,True,False,6,cap_reached,0.0,0.0,0.0,0.0,0.0,0.0,1.0,100.0
2018-07-01 00:00:00,0.0,0.0,0.0,False,True,False,0,night,0.0,0.0,0.0,0.0,0.0,0.0,1.0,100.0
2018-07-01 01:00:00,0.0,0.0,0.0,False,True,False,0,night,0.0,0.0,0.0,0.0,0.0,0.0,1.0,100.0
2018-07-01 02:00:00,0.0,0.0,0.0,False,True,False,0,night,0.0,0.0,0.0,0.0,0.0,0.0,1.0,100.0
2018-07-01 03:00:00,0.0,0.0,0.0,False,True,False,0,night,0.0,0.0,0.0,0.0,0.0,0.0,1.0,100.0
2018-07-01 04:00:00,0.0,0.0,0.0,False,True,False,0,night,0.0,0.0,0.0,0.0,0.0,0.0,1.0,100.0
2018-07-01 05:00:00,0.0,0.0,0.0,False,True,False,0,night,0.0,0.0,0.0,0.0,0.0,0.0,1.0,100.0
2018-07-01 06:00:00,0.437,0.42,60.0,True,True,True,1,ok,0.42,0.843,1.263,0.0,0.0,-0.888,0.112,11.2
2018-07-01 07:00:00,1.46,1.401,252.0,True,True,True,2,ok,1.263,0.0,1.263,0.131,0.0,0.131,0.243,24.3
2018-07-01 08:00:00,2.348,2.254,468.0,True,True,True,3,ok,1.263,0.0,1.263,0.757,0.194,0.757,1.0,100.0
2018-07-01 09:00:00,1.247,1.197,262.0,True,True,True,4,ok,1.197,0.066,1.263,0.0,0.0,-0.069,0.931,93.1
2018-07-01 10:00:00,2.535,2.433,554.0,True,True,True,5,ok,1.263,0.0,1.263,0.069,1.098,0.069,1.0,100.0
2018-07-01 11:00:00,3.995,3.835,944.0,True,True,True,6,ok,1.263,0.0,1.263,0.0,2.572,0.0,1.0,100.0
2018-07-01 12:00:00,3.366,3.231,778.0,True,True,False,6,cap_reached,0.0,0.0,0.0,0.0,3.231,0.0,1.0,100.0
2018-07-01 13:00:00,4.098,3.934,979.0,True,True,False,6,cap_reached,0.0,0.0,0.0,0.0,3.934,0.0,1.0,100.0
2018-07-01 14:00:00,3.847,3.693,900.0,True,True,False,6,cap_reached,0.0,0.0,0.0,0.0,3.693,0.0,1.0,100.0
2018-07-01 15:00:00,2.793,2.682,614.0,True,True,False,6,cap_reached,0.0,0.0,0.0,0.0,2.682,0.0,1.0,100.0
2018-07-01 16:00:00,2.769,2.658,583.0,True,True,False,6,cap_reached,0.0,0.0,0.0,0.0,2.658,0.0,1.0,100.0
2018-07-01 17:00:00,1.981,1.902,373.0,True,True,False,6,cap_reached,0.0,0.0,0.0,0.0,1.902,0.0,1.0,100.0
2018-07-01 18:00:00,1.047,1.005,160.0,True,True,False,6,cap_reached,0.0,0.0,0.0,0.0,1.005,0.0,1.0,100.0
2018-07-01 19:00:00,0.0,0.0,0.0,False,True,False,6,cap_reached,0.0,0.0,0.0,0.0,0.0,0.0,1.0,100.0
2018-07-01 20:00:00,0.0,0.0,0.0,False,True,False,6,cap_reached,0.0,0.0,0.0,0.0,0.0,0.0,1.0,100.0
2018-07-01 21:00:00,0.0,0.0,0.0,False,True,False,6,cap_reached,0.0,0.0,0.0,0.0,0.0,0.0,1.0,100.0
2018-07-01 22:00:00,0.0,0.0,0.0,False,True,False,6,cap_reached,0.0,0.0,0.0,0.0,0.0,0.0,1.0,100.0
2018-07-01 23:00:00,0.0,0.0,0.0,False,True,False,6,cap_reached,0.0,0.0,0.0,0.0,0.0,0.0,1.0,100.0
2018-07-02 00:00:00,0.0,0.0,0.0,False,True,False,0,night,0.0,0.0,0.0,0.0,0.0,0.0,1.0,100.0
2018-07-02 01:00:00,0.0,0.0,0.0,False,True,False,0,night,0.0,0.0,0.0,0.0,0.0,0.0,1.0,100.0
2018-07-02 02:00:00,0.0,0.0,0.0,False,True,False,0,night,0.0,0.0,0.0,0.0,0.0,0.0,1.0,100.0
2018-07-02 03:00:00,0.0,0.0,0.0,False,True,False,0,night,0.0,0.0,0.0,0.0,0.0,0.0,1.0,100.0
2018-07-02 04:00:00,0.0,0.0,0.0,False,True,False,0,night,0.0,0.0,0.0,0.0,0.0,0.0,1.0,100.0
2018-07-02 05:00:00,0.0,0.0,0.0,False,True,False,0,night,0.0,0.0,0.0,0.0,0.0,0.0,1.0,100.0
2018-07-02 06:00:00,0.505,0.485,62.0,True,True,True,1,ok,0.485,0.778,1.263,0.0,0.0,-0.819,0.181,18.1
2018-07-02 07:00:00,1.51,1.45,258.0,True,True,True,2,ok,1.263,0.0,1.263,0.177,0.0,0.177,0.359,35.9
2018-07-02 08:00:00,2.386,2.291,474.0,True,True,True,3,ok,1.263,0.0,1.263,0.641,0.353,0.641,1.0,100.0
2018-07-02 09:00:00,3.114,2.989,675.0,True,True,True,4,ok,1.263,0.0,1.263,0.0,1.726,0.0,1.0,100.0
2018-07-02 10:00:00,3.638,3.493,831.0,True,True,True,5,ok,1.263,0.0,1.263,0.0,2.23,0.0,1.0,100.0
2018-07-02 11:00:00,3.998,3.838,943.0,True,True,True,6,ok,1.263,0.0,1.263,0.0,2.575,0.0,1.0,100.0
2018-07-02 12:00:00,3.482,3.342,807.0,True,True,False,6,cap_reached,0.0,0.0,0.0,0.0,3.342,0.0,1.0,100.0
2018-07-02 13:00:00,4.105,3.941,979.0,True,True,False,6,cap_reached,0.0,0.0,0.0,0.0,3.941,0.0,1.0,100.0
2018-07-02 14:00:00,3.844,3.69,899.0,True,True,False,6,cap_reached,0.0,0.0,0.0,0.0,3.69,0.0,1.0,100.0
2018-07-02 15:00:00,3.392,3.256,761.0,True,True,False,6,cap_reached,0.0,0.0,0.0,0.0,3.256,0.0,1.0,100.0
2018-07-02 16:00:00,2.442,2.344,511.0,True,True,False,6,cap_reached,0.0,0.0,0.0,0.0,2.344,0.0,1.0,100.0
2018-07-02 17:00:00,1.549,1.487,304.0,True,True,False,6,cap_reached,0.0,0.0,0.0,0.0,1.487,0.0,1.0,100.0
2018-07-02 18:00:00,0.562,0.539,110.0,True,True,False,6,cap_reached,0.0,0.0,0.0,0.0,0.539,0.0,1.0,100.0
2018-07-02 19:00:00,0.0,0.0,0.0,False,True,False,6,cap_reached,0.0,0.0,0.0,0.0,0.0,0.0,1.0,100.0
2018-07-02 20:00:00,0.0,0.0,0.0,False,True,False,6,cap_reached,0.0,0.0,0.0,0.0,0.0,0.0,1.0,100.0
2018-07-02 21:00:00,0.0,0.0,0.0,False,True,False,6,cap_reached,0.0,0.0,0.0,0.0,0.0,0.0,1.0,100.0
2018-07-02 22:00:00,0.0,0.0,0.0,False,True,False,6,cap_reached,0.0,0.0,0.0,0.0,0.0,0.0,1.0,100.0
2018-07-02 23:00:00,0.0,0.0,0.0,False,True,False,6,cap_reached,0.0,0.0,0.0,0.0,0.0,0.0,1.0,100.0
2018-07-03 00:00:00,0.0,0.0,0.0,False,True,False,0,night,0.0,0.0,0.0,0.0,0.0,0.0,1.0,100.0
2018-07-03 01:00:00,0.0,0.0,0.0,False,True,False,0,night,0.0,0.0,0.0,0.0,0.0,0.0,1.0,100.0
2018-07-03 02:00:00,0.0,0.0,0.0,False,True,False,0,night,0.0,0.0,0.0,0.0,0.0,0.0,1.0,100.0
2018-07-03 03:00:00,0.0,0.0,0.0,False,True,False,0,night,0.0,0.0,0.0,0.0,0.0,0.0,1.0,100.0
2018-07-03 04:00:00,0.0,0.0,0.0,False,True,False,0,night,0.0,0.0,0.0,0.0,0.0,0.0,1.0,100.0
2018-07-03 05:00:00,0.0,0.0,0.0,False,True,False,0,night,0.0,0.0,0.0,0.0,0.0,0.0,1.0,100.0
2018-07-03 06:00:00,0.437,0.419,58.0,True,True,True,1,ok,0.419,0.844,1.263,0.0,0.0,-0.888,0.112,11.2
2018-07-03 07:00:00,1.448,1.39,250.0,True,True,True,2,ok,1.263,0.0,1.263,0.121,0.0,0.121,0.233,23.3
2018-07-03 08:00:00,2.337,2.243,464.0,True,True,True,3,ok,1.263,0.0,1.263,0.767,0.173,0.767,1.0,100.0
2018-07-03 09:00:00,3.075,2.952,666.0,True,True,True,4,ok,1.263,0.0,1.263,0.0,1.689,0.0,1.0,100.0
2018-07-03 10:00:00,3.115,2.99,696.0,True,True,True,5,ok,1.263,0.0,1.263,0.0,1.727,0.0,1.0,100.0
2018-07-03 11:00:00,4.012,3.852,944.0,True,True,True,6,ok,1.263,0.0,1.263,0.0,2.589,0.0,1.0,100.0
2018-07-03 12:00:00,3.133,3.008,710.0,True,True,False,6,cap_reached,0.0,0.0,0.0,0.0,3.008,0.0,1.0,100.0
2018-07-03 13:00:00,2.912,2.796,650.0,True,True,False,6,cap_reached,0.0,0.0,0.0,0.0,2.796,0.0,1.0,100.0
2018-07-03 14:00:00,2.515,2.414,550.0,True,True,False,6,cap_reached,0.0,0.0,0.0,0.0,2.414,0.0,1.0,100.0
2018-07-03 15:00:00,0.841,0.807,174.0,True,True,False,6,cap_reached,0.0,0.0,0.0,0.0,0.807,0.0,1.0,100.0
2018-07-03 16:00:00,1.202,1.154,251.0,True,True,False,6,cap_reached,0.0,0.0,0.0,0.0,1.154,0.0,1.0,100.0
2018-07-03 17:00:00,1.957,1.879,370.0,True,True,False,6,cap_reached,0.0,0.0,0.0,0.0,1.879,0.0,1.0,100.0
2018-07-03 18:00:00,1.022,0.982,158.0,True,True,False,6,cap_reached,0.0,0.0,0.0,0.0,0.982,0.0,1.0,100.0
2018-07-03 19:00:00,0.0,0.0,0.0,False,True,False,6,cap_reached,0.0,0.0,0.0,0.0,0.0,0.0,1.0,100.0
2018-07-03 20:00:00,0.0,0.0,0.0,False,True,False,6,cap_reached,0.0,0.0,0.0,0.0,0.0,0.0,1.0,100.0
2018-07-03 21:00:00,0.0,0.0,0.0,False,True,False,6,cap_reached,0.0,0.0,0.0,0.0,0.0,0.0,1.0,100.0
2018-07-03 22:00:00,0.0,0.0,0.0,False,True,False,6,cap_reached,0.0,0.0,0.0,0.0,0.0,0.0,1.0,100.0
2018-07-03 23:00:00,0.0,0.0,0.0,False,True,False,6,cap_reached,0.0,0.0,0.0,0.0,0.0,0.0,1.0,100.0
2018-07-04 00:00:00,0.0,0.0,0.0,False,True,False,0,night,0.0,0.0,0.0,0.0,0.0,0.0,1.0,100.0
2018-07-04 01:00:00,0.0,0.0,0.0,False,True,False,0,night,0.0,0.0,0.0,0.0,0.0,0.0,1.0,100.0
2018-07-04 02:00:00,0.0,0.0,0.0,False,True,False,0,night,0.0,0.0,0.0,0.0,0.0,0.0,1.0,100.0
2018-07-04 03:00:00,0.0,0.0,0.0,False,True,False,0,night,0.0,0.0,0.0,0.0,0.0,0.0,1.0,100.0
2018-07-04 04:00:00,0.0,0.0,0.0,False,True,False,0,night,0.0,0.0,0.0,0.0,0.0,0.0,1.0,100.0
2018-07-04 05:00:00,0.0,0.0,0.0,False,True,False,0,night,0.0,0.0,0.0,0.0,0.0,0.0,1.0,100.0
2018-07-04 06:00:00,0.197,0.189,40.0,True,True,False,0,battery_empty,0.0,0.0,0.0,0.0,0.189,0.0,1.0,100.0
2018-07-04 07:00:00,1.45,1.392,249.0,True,True,True,1,ok,1.263,0.0,1.263,0.0,0.129,0.0,1.0,100.0
2018-07-04 08:00:00,2.329,2.236,464.0,True,True,True,2,ok,1.263,0.0,1.263,0.0,0.973,0.0,1.0,100.0
2018-07-04 09:00:00,3.067,2.944,664.0,True,True,True,3,ok,1.263,0.0,1.263,0.0,1.681,0.0,1.0,100.0
2018-07-04 10:00:00,3.627,3.482,828.0,True,True,True,4,ok,1.263,0.0,1.263,0.0,2.219,0.0,1.0,100.0
2018-07-04 11:00:00,3.987,3.827,939.0,True,True,True,5,ok,1.263,0.0,1.263,0.0,2.564,0.0,1.0,100.0
2018-07-04 12:00:00,4.148,3.982,991.0,True,True,True,6,ok,1.263,0.0,1.263,0.0,2.719,0.0,1.0,100.0
2018-07-04 13:00:00,4.099,3.935,975.0,True,True,False,6,cap_reached,0.0,0.0,0.0,0.0,3.935,0.0,1.0,100.0
2018-07-04 14:00:00,0.485,0.466,100.0,True,True,False,6,cap_reached,0.0,0.0,0.0,0.0,0.466,0.0,1.0,100.0
2018-07-04 15:00:00,0.524,0.503,108.0,True,True,False,6,cap_reached,0.0,0.0,0.0,0.0,0.503,0.0,1.0,100.0
2018-07-04 16:00:00,1.392,1.337,292.0,True,True,False,6,cap_reached,0.0,0.0,0.0,0.0,1.337,0.0,1.0,100.0
2018-07-04 17:00:00,1.946,1.868,367.0,True,True,False,6,cap_reached,0.0,0.0,0.0,0.0,1.868,0.0,1.0,100.0
2018-07-04 18:00:00,0.074,0.071,15.0,False,True,False,6,cap_reached,0.0,0.0,0.0,0.0,0.071,0.0,1.0,100.0
2018-07-04 19:00:00,0.0,0.0,0.0,False,True,False,6,cap_reached,0.0,0.0,0.0,0.0,0.0,0.0,1.0,100.0
2018-07-04 20:00:00,0.0,0.0,0.0,False,True,False,6,cap_reached,0.0,0.0,0.0,0.0,0.0,0.0,1.0,100.0
2018-07-04 21:00:00,0.0,0.0,0.0,False,True,False,6,cap_reached,0.0,0.0,0.0,0.0,0.0,0.0,1.0,100.0
2018-07-04 22:00:00,0.0,0.0,0.0,False,True,False,6,cap_reached,0.0,0.0,0.0,0.0,0.0,0.0,1.0,100.0
2018-07-04 23:00:00,0.0,0.0,0.0,False,True,False,6,cap_reached,0.0,0.0,0.0,0.0,0.0,0.0,1.0,100.0
2018-07-05 00:00:00,0.0,0.0,0.0,False,True,False,0,night,0.0,0.0,0.0,0.0,0.0,0.0,1.0,100.0
2018-07-05 01:00:00,0.0,0.0,0.0,False,True,False,0,night,0.0,0.0,0.0,0.0,0.0,0.0,1.0,100.0
2018-07-05 02:00:00,0.0,0.0,0.0,False,True,False,0,night,0.0,0.0,0.0,0.0,0.0,0.0,1.0,100.0
2018-07-05 03:00:00,0.0,0.0,0.0,False,True,False,0,night,0.0,0.0,0.0,0.0,0.0,0.0,1.0,100.0
2018-07-05 04:00:00,0.0,0.0,0.0,False,True,False,0,night,0.0,0.0,0.0,0.0,0.0,0.0,1.0,100.0
2018-07-05 05:00:00,0.0,0.0,0.0,False,True,False,0,night,0.0,0.0,0.0,0.0,0.0,0.0,1.0,100.0
2018-07-05 06:00:00,0.152,0.146,31.0,True,True,False,0,battery_empty,0.0,0.0,0.0,0.0,0.146,0.0,1.0,100.0
2018-07-05 07:00:00,1.289,1.238,231.0,True,True,True,1,ok,1.238,0.025,1.263,0.0,0.0,-0.027,0.973,97.3
2018-07-05 08:00:00,1.631,1.565,334.0,True,True,True,2,ok,1.263,0.0,1.263,0.027,0.274,0.027,1.0,100.0
2018-07-05 09:00:00,2.264,2.174,483.0,True,True,True,3,ok,1.263,0.0,1.263,0.0,0.911,0.0,1.0,100.0
2018-07-05 10:00:00,2.528,2.427,551.0,True,True,True,4,ok,1.263,0.0,1.263,0.0,1.164,0.0,1.0,100.0
2018-07-05 11:00:00,3.182,3.054,720.0,True,True,True,5,ok,1.263,0.0,1.263,0.0,1.791,0.0,1.0,100.0
2018-07-05 12:00:00,2.915,2.799,651.0,True,True,True,6,ok,1.263,0.0,1.263,0.0,1.536,0.0,1.0,100.0
2018-07-05 13:00:00,1.328,1.275,279.0,True,True,False,6,cap_reached,0.0,0.0,0.0,0.0,1.275,0.0,1.0,100.0
2018-07-05 14:00:00,1.239,1.19,259.0,True,True,False,6,cap_reached,0.0,0.0,0.0,0.0,1.19,0.0,1.0,100.0
2018-07-05 15:00:00,1.726,1.657,367.0,True,True,False,6,cap_reached,0.0,0.0,0.0,0.0,1.657,0.0,1.0,100.0
2018-07-05 16:00:00,1.281,1.23,268.0,True,True,False,6,cap_reached,0.0,0.0,0.0,0.0,1.23,0.0,1.0,100.0
2018-07-05 17:00:00,0.926,0.889,191.0,True,True,False,6,cap_reached,0.0,0.0,0.0,0.0,0.889,0.0,1.0,100.0
2018-07-05 18:00:00,0.572,0.549,115.0,True,True,False,6,cap_reached,0.0,0.0,0.0,0.0,0.549,0.0,1.0,100.0
2018-07-05 19:00:00,0.0,0.0,0.0,False,True,False,6,cap_reached,0.0,0.0,0.0,0.0,0.0,0.0,1.0,100.0
2018-07-05 20:00:00,0.0,0.0,0.0,False,True,False,6,cap_reached,0.0,0.0,0.0,0.0,0.0,0.0,1.0,100.0
2018-07-05 21:00:00,0.0,0.0,0.0,False,True,False,6,cap_reached,0.0,0.0,0.0,0.0,0.0,0.0,1.0,100.0
2018-07-05 22:00:00,0.0,0.0,0.0,False,True,False,6,cap_reached,0.0,0.0,0.0,0.0,0.0,0.0,1.0,100.0
2018-07-05 23:00:00,0.0,0.0,0.0,False,True,False,6,cap_reached,0.0,0.0,0.0,0.0,0.0,0.0,1.0,100.0
2018-07-06 00:00:00,0.0,0.0,0.0,False,True,False,0,night,0.0,0.0,0.0,0.0,0.0,0.0,1.0,100.0
2018-07-06 01:00:00,0.0,0.0,0.0,False,True,False,0,night,0.0,0.0,0.0,0.0,0.0,0.0,1.0,100.0
2018-07-06 02:00:00,0.0,0.0,0.0,False,True,False,0,night,0.0,0.0,0.0,0.0,0.0,0.0,1.0,100.0
2018-07-06 03:00:00,0.0,0.0,0.0,False,True,False,0,night,0.0,0.0,0.0,0.0,0.0,0.0,1.0,100.0
2018-07-06 04:00:00,0.0,0.0,0.0,False,True,False,0,night,0.0,0.0,0.0,0.0,0.0,0.0,1.0,100.0
2018-07-06 05:00:00,0.0,0.0,0.0,False,True,False,0,night,0.0,0.0,0.0,0.0,0.0,0.0,1.0,100.0
2018-07-06 06:00:00,0.167,0.16,34.0,True,True,False,0,battery_empty,0.0,0.0,0.0,0.0,0.16,0.0,1.0,100.0
2018-07-06 07:00:00,0.957,0.918,192.0,True,True,True,1,ok,0.918,0.345,1.263,0.0,0.0,-0.363,0.637,63.7
2018-07-06 08:00:00,1.223,1.174,254.0,True,True,True,2,ok,1.174,0.089,1.263,0.0,0.0,-0.094,0.543,54.3
2018-07-06 09:00:00,2.297,2.205,492.0,True,True,True,3,ok,1.263,0.0,1.263,0.457,0.461,0.457,1.0,100.0
2018-07-06 10:00:00,2.425,2.328,526.0,True,True,True,4,ok,1.263,0.0,1.263,0.0,1.065,0.0,1.0,100.0
2018-07-06 11:00:00,3.291,3.159,747.0,True,True,True,5,ok,1.263,0.0,1.263,0.0,1.896,0.0,1.0,100.0
2018-07-06 12:00:00,4.078,3.915,969.0,True,True,True,6,ok,1.263,0.0,1.263,0.0,2.652,0.0,1.0,100.0
2018-07-06 13:00:00,4.027,3.866,954.0,True,True,False,6,cap_reached,0.0,0.0,0.0,0.0,3.866,0.0,1.0,100.0
2018-07-06 14:00:00,3.767,3.616,875.0,True,True,False,6,cap_reached,0.0,0.0,0.0,0.0,3.616,0.0,1.0,100.0
2018-07-06 15:00:00,3.304,3.172,740.0,True,True,False,6,cap_reached,0.0,0.0,0.0,0.0,3.172,0.0,1.0,100.0
2018-07-06 16:00:00,2.652,2.546,559.0,True,True,False,6,cap_reached,0.0,0.0,0.0,0.0,2.546,0.0,1.0,100.0
2018-07-06 17:00:00,1.836,1.763,352.0,True,True,False,6,cap_reached,0.0,0.0,0.0,0.0,1.763,0.0,1.0,100.0
2018-07-06 18:00:00,0.882,0.847,147.0,True,True,False,6,cap_reached,0.0,0.0,0.0,0.0,0.847,0.0,1.0,100.0
2018-07-06 19:00:00,0.0,0.0,0.0,False,True,False,6,cap_reached,0.0,0.0,0.0,0.0,0.0,0.0,1.0,100.0
2018-07-06 20:00:00,0.0,0.0,0.0,False,True,False,6,cap_reached,0.0,0.0,0.0,0.0,0.0,0.0,1.0,100.0
2018-07-06 21:00:00,0.0,0.0,0.0,False,True,False,6,cap_reached,0.0,0.0,0.0,0.0,0.0,0.0,1.0,100.0
2018-07-06 22:00:00,0.0,0.0,0.0,False,True,False,6,cap_reached,0.0,0.0,0.0,0.0,0.0,0.0,1.0,100.0
2018-07-06 23:00:00,0.0,0.0,0.0,False,True,False,6,cap_reached,0.0,0.0,0.0,0.0,0.0,0.0,1.0,100.0
2018-07-07 00:00:00,0.0,0.0,0.0,False,True,False,0,night,0.0,0.0,0.0,0.0,0.0,0.0,1.0,100.0
2018-07-07 01:00:00,0.0,0.0,0.0,False,True,False,0,night,0.0,0.0,0.0,0.0,0.0,0.0,1.0,100.0
2018-07-07 02:00:00,0.0,0.0,0.0,False,True,False,0,night,0.0,0.0,0.0,0.0,0.0,0.0,1.0,100.0
2018-07-07 03:00:00,0.0,0.0,0.0,False,True,False,0,night,0.0,0.0,0.0,0.0,0.0,0.0,1.0,100.0
2018-07-07 04:00:00,0.0,0.0,0.0,False,True,False,0,night,0.0,0.0,0.0,0.0,0.0,0.0,1.0,100.0
2018-07-07 05:00:00,0.0,0.0,0.0,False,True,False,0,night,0.0,0.0,0.0,0.0,0.0,0.0,1.0,100.0
2018-07-07 06:00:00,0.172,0.165,35.0,True,True,False,0,battery_empty,0.0,0.0,0.0,0.0,0.165,0.0,1.0,100.0
2018-07-07 07:00:00,1.397,1.342,243.0,True,True,True,1,ok,1.263,0.0,1.263,0.0,0.079,0.0,1.0,100.0
2018-07-07 08:00:00,2.29,2.198,458.0,True,True,True,2,ok,1.263,0.0,1.263,0.0,0.935,0.0,1.0,100.0
2018-07-07 09:00:00,3.034,2.912,658.0,True,True,True,3,ok,1.263,0.0,1.263,0.0,1.649,0.0,1.0,100.0
2018-07-07 10:00:00,3.587,3.444,821.0,True,True,True,4,ok,1.263,0.0,1.263,0.0,2.181,0.0,1.0,100.0
2018-07-07 11:00:00,3.952,3.794,934.0,True,True,True,5,ok,1.263,0.0,1.263,0.0,2.531,0.0,1.0,100.0
2018-07-07 12:00:00,4.109,3.945,985.0,True,True,True,6,ok,1.263,0.0,1.263,0.0,2.682,0.0,1.0,100.0
2018-07-07 13:00:00,4.033,3.871,959.0,True,True,False,6,cap_reached,0.0,0.0,0.0,0.0,3.871,0.0,1.0,100.0
2018-07-07 14:00:00,3.773,3.622,881.0,True,True,False,6,cap_reached,0.0,0.0,0.0,0.0,3.622,0.0,1.0,100.0
2018-07-07 15:00:00,3.317,3.184,746.0,True,True,False,6,cap_reached,0.0,0.0,0.0,0.0,3.184,0.0,1.0,100.0
2018-07-07 16:00:00,2.668,2.561,565.0,True,True,False,6,cap_reached,0.0,0.0,0.0,0.0,2.561,0.0,1.0,100.0
2018-07-07 17:00:00,1.861,1.787,357.0,True,True,False,6,cap_reached,0.0,0.0,0.0,0.0,1.787,0.0,1.0,100.0
2018-07-07 18:00:00,0.561,0.539,114.0,True,True,False,6,cap_reached,0.0,0.0,0.0,0.0,0.539,0.0,1.0,100.0
2018-07-07 19:00:00,0.0,0.0,0.0,False,True,False,6,cap_reached,0.0,0.0,0.0,0.0,0.0,0.0,1.0,100.0
2018-07-07 20:00:00,0.0,0.0,0.0,False,True,False,6,cap_reached,0.0,0.0,0.0,0.0,0.0,0.0,1.0,100.0
2018-07-07 21:00:00,0.0,0.0,0.0,False,True,False,6,cap_reached,0.0,0.0,0.0,0.0,0.0,0.0,1.0,100.0
2018-07-07 22:00:00,0.0,0.0,0.0,False,True,False,6,cap_reached,0.0,0.0,0.0,0.0,0.0,0.0,1.0,100.0
2018-07-07 23:00:00,0.0,0.0,0.0,False,True,False,6,cap_reached,0.0,0.0,0.0,0.0,0.0,0.0,1.0,100.0
2018-07-08 00:00:00,0.0,0.0,0.0,False,True,False,0,night,0.0,0.0,0.0,0.0,0.0,0.0,1.0,100.0
2018-07-08 01:00:00,0.0,0.0,0.0,False,True,False,0,night,0.0,0.0,0.0,0.0,0.0,0.0,1.0,100.0
2018-07-08 02:00:00,0.0,0.0,0.0,False,True,False,0,night,0.0,0.0,0.0,0.0,0.0,0.0,1.0,100.0
2018-07-08 03:00:00,0.0,0.0,0.0,False,True,False,0,night,0.0,0.0,0.0,0.0,0.0,0.0,1.0,100.0
2018-07-08 04:00:00,0.0,0.0,0.0,False,True,False,0,night,0.0,0.0,0.0,0.0,0.0,0.0,1.0,100.0
2018-07-08 05:00:00,0.0,0.0,0.0,False,True,False,0,night,0.0,0.0,0.0,0.0,0.0,0.0,1.0,100.0
2018-07-08 06:00:00,0.188,0.18,38.0,True,True,False,0,battery_empty,0.0,0.0,0.0,0.0,0.18,0.0,1.0,100.0
2018-07-08 07:00:00,0.186,0.179,39.0,True,True,False,0,battery_empty,0.0,0.0,0.0,0.0,0.179,0.0,1.0,100.0
2018-07-08 08:00:00,2.329,2.236,464.0,True,True,True,1,ok,1.263,0.0,1.263,0.0,0.973,0.0,1.0,100.0
2018-07-08 09:00:00,3.058,2.936,665.0,True,True,True,2,ok,1.263,0.0,1.263,0.0,1.673,0.0,1.0,100.0
2018-07-08 10:00:00,3.627,3.482,832.0,True,True,True,3,ok,1.263,0.0,1.263,0.0,2.219,0.0,1.0,100.0
2018-07-08 11:00:00,3.997,3.837,945.0,True,True,True,4,ok,1.263,0.0,1.263,0.0,2.574,0.0,1.0,100.0
2018-07-08 12:00:00,4.158,3.991,997.0,True,True,True,5,ok,1.263,0.0,1.263,0.0,2.728,0.0,1.0,100.0
2018-07-08 13:00:00,4.066,3.904,968.0,True,True,True,6,ok,1.263,0.0,1.263,0.0,2.641,0.0,1.0,100.0
2018-07-08 14:00:00,3.807,3.655,889.0,True,True,False,6,cap_reached,0.0,0.0,0.0,0.0,3.655,0.0,1.0,100.0
2018-07-08 15:00:00,3.345,3.212,752.0,True,True,False,6,cap_reached,0.0,0.0,0.0,0.0,3.212,0.0,1.0,100.0
2018-07-08 16:00:00,2.688,2.581,568.0,True,True,False,6,cap_reached,0.0,0.0,0.0,0.0,2.581,0.0,1.0,100.0
2018-07-08 17:00:00,1.863,1.788,357.0,True,True,False,6,cap_reached,0.0,0.0,0.0,0.0,1.788,0.0,1.0,100.0
2018-07-08 18:00:00,0.891,0.855,147.0,True,True,False,6,cap_reached,0.0,0.0,0.0,0.0,0.855,0.0,1.0,100.0
2018-07-08 19:00:00,0.0,0.0,0.0,False,True,False,6,cap_reached,0.0,0.0,0.0,0.0,0.0,0.0,1.0,100.0
2018-07-08 20:00:00,0.0,0.0,0.0,False,True,False,6,cap_reached,0.0,0.0,0.0,0.0,0.0,0.0,1.0,100.0
2018-07-08 21:00:00,0.0,0.0,0.0,False,True,False,6,cap_reached,0.0,0.0,0.0,0.0,0.0,0.0,1.0,100.0
2018-07-08 22:00:00,0.0,0.0,0.0,False,True,False,6,cap_reached,0.0,0.0,0.0,0.0,0.0,0.0,1.0,100.0
2018-07-08 23:00:00,0.0,0.0,0.0,False,True,False,6,cap_reached,0.0,0.0,0.0,0.0,0.0,0.0,1.0,100.0
2018-07-09 00:00:00,0.0,0.0,0.0,False,True,False,0,night,0.0,0.0,0.0,0.0,0.0,0.0,1.0,100.0
2018-07-09 01:00:00,0.0,0.0,0.0,False,True,False,0,night,0.0,0.0,0.0,0.0,0.0,0.0,1.0,100.0
2018-07-09 02:00:00,0.0,0.0,0.0,False,True,False,0,night,0.0,0.0,0.0,0.0,0.0,0.0,1.0,100.0
2018-07-09 03:00:00,0.0,0.0,0.0,False,True,False,0,night,0.0,0.0,0.0,0.0,0.0,0.0,1.0,100.0
2018-07-09 04:00:00,0.0,0.0,0.0,False,True,False,0,night,0.0,0.0,0.0,0.0,0.0,0.0,1.0,100.0
2018-07-09 05:00:00,0.0,0.0,0.0,False,True,False,0,night,0.0,0.0,0.0,0.0,0.0,0.0,1.0,100.0
2018-07-09 06:00:00,0.252,0.242,43.0,True,True,False,0,battery_empty,0.0,0.0,0.0,0.0,0.242,0.0,1.0,100.0
2018-07-09 07:00:00,1.245,1.195,224.0,True,True,True,1,ok,1.195,0.068,1.263,0.0,0.0,-0.071,0.929,92.9
2018-07-09 08:00:00,2.161,2.075,435.0,True,True,True,2,ok,1.263,0.0,1.263,0.071,0.737,0.071,1.0,100.0
2018-07-09 09:00:00,2.927,2.81,634.0,True,True,True,3,ok,1.263,0.0,1.263,0.0,1.547,0.0,1.0,100.0
2018-07-09 10:00:00,3.508,3.368,799.0,True,True,True,4,ok,1.263,0.0,1.263,0.0,2.105,0.0,1.0,100.0
2018-07-09 11:00:00,3.884,3.728,912.0,True,True,True,5,ok,1.263,0.0,1.263,0.0,2.465,0.0,1.0,100.0
2018-07-09 12:00:00,4.053,3.891,966.0,True,True,True,6,ok,1.263,0.0,1.263,0.0,2.628,0.0,1.0,100.0
2018-07-09 13:00:00,4.014,3.854,953.0,True,True,False,6,cap_reached,0.0,0.0,0.0,0.0,3.854,0.0,1.0,100.0
2018-07-09 14:00:00,3.759,3.609,877.0,True,True,False,6,cap_reached,0.0,0.0,0.0,0.0,3.609,0.0,1.0,100.0
2018-07-09 15:00:00,3.304,3.171,743.0,True,True,False,6,cap_reached,0.0,0.0,0.0,0.0,3.171,0.0,1.0,100.0
2018-07-09 16:00:00,2.667,2.56,564.0,True,True,False,6,cap_reached,0.0,0.0,0.0,0.0,2.56,0.0,1.0,100.0
2018-07-09 17:00:00,1.869,1.794,358.0,True,True,False,6,cap_reached,0.0,0.0,0.0,0.0,1.794,0.0,1.0,100.0
2018-07-09 18:00:00,0.928,0.891,151.0,True,True,False,6,cap_reached,0.0,0.0,0.0,0.0,0.891,0.0,1.0,100.0
2018-07-09 19:00:00,0.0,0.0,0.0,False,True,False,6,cap_reached,0.0,0.0,0.0,0.0,0.0,0.0,1.0,100.0
2018-07-09 20:00:00,0.0,0.0,0.0,False,True,False,6,cap_reached,0.0,0.0,0.0,0.0,0.0,0.0,1.0,100.0
2018-07-09 21:00:00,0.0,0.0,0.0,False,True,False,6,cap_reached,0.0,0.0,0.0,0.0,0.0,0.0,1.0,100.0
2018-07-09 22:00:00,0.0,0.0,0.0,False,True,False,6,cap_reached,0.0,0.0,0.0,0.0,0.0,0.0,1.0,100.0
2018-07-09 23:00:00,0.0,0.0,0.0,False,True,False,6,cap_reached,0.0,0.0,0.0,0.0,0.0,0.0,1.0,100.0
2018-07-10 00:00:00,0.0,0.0,0.0,False,True,False,0,night,0.0,0.0,0.0,0.0,0.0,0.0,1.0,100.0
2018-07-10 01:00:00,0.0,0.0,0.0,False,True,False,0,night,0.0,0.0,0.0,0.0,0.0,0.0,1.0,100.0
2018-07-10 02:00:00,0.0,0.0,0.0,False,True,False,0,night,0.0,0.0,0.0,0.0,0.0,0.0,1.0,100.0
2018-07-10 03:00:00,0.0,0.0,0.0,False,True,False,0,night,0.0,0.0,0.0,0.0,0.0,0.0,1.0,100.0
2018-07-10 04:00:00,0.0,0.0,0.0,False,True,False,0,night,0.0,0.0,0.0,0.0,0.0,0.0,1.0,100.0
2018-07-10 05:00:00,0.0,0.0,0.0,False,True,False,0,night,0.0,0.0,0.0,0.0,0.0,0.0,1.0,100.0
2018-07-10 06:00:00,0.403,0.386,53.0,True,True,False,0,battery_empty,0.0,0.0,0.0,0.0,0.386,0.0,1.0,100.0
2018-07-10 07:00:00,1.425,1.368,245.0,True,True,True,1,ok,1.263,0.0,1.263,0.0,0.105,0.0,1.0,100.0
2018-07-10 08:00:00,2.32,2.227,464.0,True,True,True,2,ok,1.263,0.0,1.263,0.0,0.964,0.0,1.0,100.0
2018-07-10 09:00:00,3.061,2.938,667.0,True,True,True,3,ok,1.263,0.0,1.263,0.0,1.675,0.0,1.0,100.0
2018-07-10 10:00:00,3.619,3.475,832.0,True,True,True,4,ok,1.263,0.0,1.263,0.0,2.212,0.0,1.0,100.0
2018-07-10 11:00:00,3.983,3.823,945.0,True,True,True,5,ok,1.263,0.0,1.263,0.0,2.56,0.0,1.0,100.0
2018-07-10 12:00:00,4.141,3.975,997.0,True,True,True,6,ok,1.263,0.0,1.263,0.0,2.712,0.0,1.0,100.0
2018-07-10 13:00:00,4.049,3.887,968.0,True,True,False,6,cap_reached,0.0,0.0,0.0,0.0,3.887,0.0,1.0,100.0
2018-07-10 14:00:00,3.793,3.641,889.0,True,True,False,6,cap_reached,0.0,0.0,0.0,0.0,3.641,0.0,1.0,100.0
2018-07-10 15:00:00,3.324,3.191,750.0,True,True,False,6,cap_reached,0.0,0.0,0.0,0.0,3.191,0.0,1.0,100.0
2018-07-10 16:00:00,2.677,2.57,567.0,True,True,False,6,cap_reached,0.0,0.0,0.0,0.0,2.57,0.0,1.0,100.0
2018-07-10 17:00:00,1.601,1.537,319.0,True,True,False,6,cap_reached,0.0,0.0,0.0,0.0,1.537,0.0,1.0,100.0
2018-07-10 18:00:00,0.545,0.523,109.0,True,True,False,6,cap_reached,0.0,0.0,0.0,0.0,0.523,0.0,1.0,100.0
2018-07-10 19:00:00,0.0,0.0,0.0,False,True,False,6,cap_reached,0.0,0.0,0.0,0.0,0.0,0.0,1.0,100.0
2018-07-10 20:00:00,0.0,0.0,0.0,False,True,False,6,cap_reached,0.0,0.0,0.0,0.0,0.0,0.0,1.0,100.0
2018-07-10 21:00:00,0.0,0.0,0.0,False,True,False,6,cap_reached,0.0,0.0,0.0,0.0,0.0,0.0,1.0,100.0
2018-07-10 22:00:00,0.0,0.0,0.0,False,True,False,6,cap_reached,0.0,0.0,0.0,0.0,0.0,0.0,1.0,100.0
2018-07-10 23:00:00,0.0,0.0,0.0,False,True,False,6,cap_reached,0.0,0.0,0.0,0.0,0.0,0.0,1.0,100.0
2018-07-11 00:00:00,0.0,0.0,0.0,False,True,False,0,night,0.0,0.0,0.0,0.0,0.0,0.0,1.0,100.0
2018-07-11 01:00:00,0.0,0.0,0.0,False,True,False,0,night,0.0,0.0,0.0,0.0,0.0,0.0,1.0,100.0
2018-07-11 02:00:00,0.0,0.0,0.0,False,True,False,0,night,0.0,0.0,0.0,0.0,0.0,0.0,1.0,100.0
2018-07-11 03:00:00,0.0,0.0,0.0,False,True,False,0,night,0.0,0.0,0.0,0.0,0.0,0.0,1.0,100.0
2018-07-11 04:00:00,0.0,0.0,0.0,False,True,False,0,night,0.0,0.0,0.0,0.0,0.0,0.0,1.0,100.0
2018-07-11 05:00:00,0.0,0.0,0.0,False,True,False,0,night,0.0,0.0,0.0,0.0,0.0,0.0,1.0,100.0
2018-07-11 06:00:00,0.108,0.104,22.0,True,True,False,0,battery_empty,0.0,0.0,0.0,0.0,0.104,0.0,1.0,100.0
2018-07-11 07:00:00,0.796,0.765,156.0,True,True,True,1,ok,0.765,0.498,1.263,0.0,0.0,-0.525,0.475,47.5
2018-07-11 08:00:00,0.618,0.593,127.0,True,True,False,1,battery_empty,0.0,0.0,0.0,0.525,0.04,0.525,1.0,100.0
2018-07-11 09:00:00,0.497,0.477,102.0,True,True,True,2,ok,0.477,0.786,1.263,0.0,0.0,-0.828,0.172,17.2
2018-07-11 10:00:00,3.052,2.93,675.0,True,True,True,3,ok,1.263,0.0,1.263,0.828,0.796,0.828,1.0,100.0
2018-07-11 11:00:00,1.35,1.296,283.0,True,True,True,4,ok,1.263,0.0,1.263,0.0,0.033,0.0,1.0,100.0
2018-07-11 12:00:00,1.527,1.466,322.0,True,True,True,5,ok,1.263,0.0,1.263,0.0,0.203,0.0,1.0,100.0
2018-07-11 13:00:00,0.221,0.212,45.0,True,True,False,5,battery_empty,0.0,0.0,0.0,0.0,0.212,0.0,1.0,100.0
2018-07-11 14:00:00,0.187,0.179,38.0,True,True,False,5,battery_empty,0.0,0.0,0.0,0.0,0.179,0.0,1.0,100.0
2018-07-11 15:00:00,0.167,0.161,34.0,True,True,False,5,battery_empty,0.0,0.0,0.0,0.0,0.161,0.0,1.0,100.0
2018-07-11 16:00:00,0.275,0.264,56.0,True,True,False,5,battery_empty,0.0,0.0,0.0,0.0,0.264,0.0,1.0,100.0
2018-07-11 17:00:00,0.375,0.36,76.0,True,True,False,5,battery_empty,0.0,0.0,0.0,0.0,0.36,0.0,1.0,100.0
2018-07-11 18:00:00,0.326,0.313,66.0,True,True,False,5,battery_empty,0.0,0.0,0.0,0.0,0.313,0.0,1.0,100.0
2018-07-11 19:00:00,0.0,0.0,0.0,False,True,False,5,night,0.0,0.0,0.0,0.0,0.0,0.0,1.0,100.0
2018-07-11 20:00:00,0.0,0.0,0.0,False,True,False,5,night,0.0,0.0,0.0,0.0,0.0,0.0,1.0,100.0
2018-07-11 21:00:00,0.0,0.0,0.0,False,True,False,5,night,0.0,0.0,0.0,0.0,0.0,0.0,1.0,100.0
2018-07-11 22:00:00,0.0,0.0,0.0,False,True,False,5,night,0.0,0.0,0.0,0.0,0.0,0.0,1.0,100.0
2018-07-11 23:00:00,0.0,0.0,0.0,False,True,False,5,night,0.0,0.0,0.0,0.0,0.0,0.0,1.0,100.0
2018-07-12 00:00:00,0.0,0.0,0.0,False,True,False,0,night,0.0,0.0,0.0,0.0,0.0,0.0,1.0,100.0
2018-07-12 01:00:00,0.0,0.0,0.0,False,True,False,0,night,0.0,0.0,0.0,0.0,0.0,0.0,1.0,100.0
2018-07-12 02:00:00,0.0,0.0,0.0,False,True,False,0,night,0.0,0.0,0.0,0.0,0.0,0.0,1.0,100.0
2018-07-12 03:00:00,0.0,0.0,0.0,False,True,False,0,night,0.0,0.0,0.0,0.0,0.0,0.0,1.0,100.0
2018-07-12 04:00:00,0.0,0.0,0.0,False,True,False,0,night,0.0,0.0,0.0,0.0,0.0,0.0,1.0,100.0
2018-07-12 05:00:00,0.0,0.0,0.0,False,True,False,0,night,0.0,0.0,0.0,0.0,0.0,0.0,1.0,100.0
2018-07-12 06:00:00,0.182,0.175,36.0,True,True,False,0,battery_empty,0.0,0.0,0.0,0.0,0.175,0.0,1.0,100.0
2018-07-12 07:00:00,1.433,1.376,244.0,True,True,True,1,ok,1.263,0.0,1.263,0.0,0.113,0.0,1.0,100.0
2018-07-12 08:00:00,1.24,1.19,257.0,True,True,True,2,ok,1.19,0.073,1.263,0.0,0.0,-0.076,0.924,92.4
2018-07-12 09:00:00,2.395,2.299,514.0,True,True,True,3,ok,1.263,0.0,1.263,0.076,0.956,0.076,1.0,100.0
2018-07-12 10:00:00,3.106,2.982,691.0,True,True,True,4,ok,1.263,0.0,1.263,0.0,1.719,0.0,1.0,100.0
2018-07-12 11:00:00,3.962,3.804,937.0,True,True,True,5,ok,1.263,0.0,1.263,0.0,2.541,0.0,1.0,100.0
2018-07-12 12:00:00,4.121,3.956,988.0,True,True,True,6,ok,1.263,0.0,1.263,0.0,2.693,0.0,1.0,100.0
2018-07-12 13:00:00,2.632,2.527,578.0,True,True,False,6,cap_reached,0.0,0.0,0.0,0.0,2.527,0.0,1.0,100.0
2018-07-12 14:00:00,2.565,2.463,562.0,True,True,False,6,cap_reached,0.0,0.0,0.0,0.0,2.463,0.0,1.0,100.0
2018-07-12 15:00:00,2.77,2.659,608.0,True,True,False,6,cap_reached,0.0,0.0,0.0,0.0,2.659,0.0,1.0,100.0
2018-07-12 16:00:00,2.696,2.588,573.0,True,True,False,6,cap_reached,0.0,0.0,0.0,0.0,2.588,0.0,1.0,100.0
2018-07-12 17:00:00,1.9,1.824,364.0,True,True,False,6,cap_reached,0.0,0.0,0.0,0.0,1.824,0.0,1.0,100.0
2018-07-12 18:00:00,0.963,0.924,153.0,True,True,False,6,cap_reached,0.0,0.0,0.0,0.0,0.924,0.0,1.0,100.0
2018-07-12 19:00:00,0.0,0.0,0.0,False,True,False,6,cap_reached,0.0,0.0,0.0,0.0,0.0,0.0,1.0,100.0
2018-07-12 20:00:00,0.0,0.0,0.0,False,True,False,6,cap_reached,0.0,0.0,0.0,0.0,0.0,0.0,1.0,100.0
2018-07-12 21:00:00,0.0,0.0,0.0,False,True,False,6,cap_reached,0.0,0.0,0.0,0.0,0.0,0.0,1.0,100.0
2018-07-12 22:00:00,0.0,0.0,0.0,False,True,False,6,cap_reached,0.0,0.0,0.0,0.0,0.0,0.0,1.0,100.0
2018-07-12 23:00:00,0.0,0.0,0.0,False,True,False,6,cap_reached,0.0,0.0,0.0,0.0,0.0,0.0,1.0,100.0
2018-07-13 00:00:00,0.0,0.0,0.0,False,True,False,0,night,0.0,0.0,0.0,0.0,0.0,0.0,1.0,100.0
2018-07-13 01:00:00,0.0,0.0,0.0,False,True,False,0,night,0.0,0.0,0.0,0.0,0.0,0.0,1.0,100.0
2018-07-13 02:00:00,0.0,0.0,0.0,False,True,False,0,night,0.0,0.0,0.0,0.0,0.0,0.0,1.0,100.0
2018-07-13 03:00:00,0.0,0.0,0.0,False,True,False,0,night,0.0,0.0,0.0,0.0,0.0,0.0,1.0,100.0
2018-07-13 04:00:00,0.0,0.0,0.0,False,True,False,0,night,0.0,0.0,0.0,0.0,0.0,0.0,1.0,100.0
2018-07-13 05:00:00,0.0,0.0,0.0,False,True,False,0,night,0.0,0.0,0.0,0.0,0.0,0.0,1.0,100.0
2018-07-13 06:00:00,0.383,0.368,50.0,True,True,False,0,battery_empty,0.0,0.0,0.0,0.0,0.368,0.0,1.0,100.0
2018-07-13 07:00:00,1.397,1.342,240.0,True,True,True,1,ok,1.263,0.0,1.263,0.0,0.079,0.0,1.0,100.0
2018-07-13 08:00:00,2.278,2.187,457.0,True,True,True,2,ok,1.263,0.0,1.263,0.0,0.924,0.0,1.0,100.0
2018-07-13 09:00:00,3.013,2.892,659.0,True,True,True,3,ok,1.263,0.0,1.263,0.0,1.629,0.0,1.0,100.0
2018-07-13 10:00:00,3.562,3.419,820.0,True,True,True,4,ok,1.263,0.0,1.263,0.0,2.156,0.0,1.0,100.0
2018-07-13 11:00:00,1.911,1.835,409.0,True,True,True,5,ok,1.263,0.0,1.263,0.0,0.572,0.0,1.0,100.0
2018-07-13 12:00:00,2.453,2.355,539.0,True,True,True,6,ok,1.263,0.0,1.263,0.0,1.092,0.0,1.0,100.0
2018-07-13 13:00:00,3.419,3.282,792.0,True,True,False,6,cap_reached,0.0,0.0,0.0,0.0,3.282,0.0,1.0,100.0
2018-07-13 14:00:00,2.364,2.27,517.0,True,True,False,6,cap_reached,0.0,0.0,0.0,0.0,2.27,0.0,1.0,100.0
2018-07-13 15:00:00,1.823,1.75,390.0,True,True,False,6,cap_reached,0.0,0.0,0.0,0.0,1.75,0.0,1.0,100.0
2018-07-13 16:00:00,0.171,0.164,35.0,True,True,False,6,cap_reached,0.0,0.0,0.0,0.0,0.164,0.0,1.0,100.0
2018-07-13 17:00:00,0.671,0.644,138.0,True,True,False,6,cap_reached,0.0,0.0,0.0,0.0,0.644,0.0,1.0,100.0
2018-07-13 18:00:00,0.535,0.514,109.0,True,True,False,6,cap_reached,0.0,0.0,0.0,0.0,0.514,0.0,1.0,100.0
2018-07-13 19:00:00,0.0,0.0,0.0,False,True,False,6,cap_reached,0.0,0.0,0.0,0.0,0.0,0.0,1.0,100.0
2018-07-13 20:00:00,0.0,0.0,0.0,False,True,False,6,cap_reached,0.0,0.0,0.0,0.0,0.0,0.0,1.0,100.0
2018-07-13 21:00:00,0.0,0.0,0.0,False,True,False,6,cap_reached,0.0,0.0,0.0,0.0,0.0,0.0,1.0,100.0
2018-07-13 22:00:00,0.0,0.0,0.0,False,True,False,6,cap_reached,0.0,0.0,0.0,0.0,0.0,0.0,1.0,100.0
2018-07-13 23:00:00,0.0,0.0,0.0,False,True,False,6,cap_reached,0.0,0.0,0.0,0.0,0.0,0.0,1.0,100.0
2018-07-14 00:00:00,0.0,0.0,0.0,False,True,False,0,night,0.0,0.0,0.0,0.0,0.0,0.0,1.0,100.0
2018-07-14 01:00:00,0.0,0.0,0.0,False,True,False,0,night,0.0,0.0,0.0,0.0,0.0,0.0,1.0,100.0
2018-07-14 02:00:00,0.0,0.0,0.0,False,True,False,0,night,0.0,0.0,0.0,0.0,0.0,0.0,1.0,100.0
2018-07-14 03:00:00,0.0,0.0,0.0,False,True,False,0,night,0.0,0.0,0.0,0.0,0.0,0.0,1.0,100.0
2018-07-14 04:00:00,0.0,0.0,0.0,False,True,False,0,night,0.0,0.0,0.0,0.0,0.0,0.0,1.0,100.0
2018-07-14 05:00:00,0.0,0.0,0.0,False,True,False,0,night,0.0,0.0,0.0,0.0,0.0,0.0,1.0,100.0
2018-07-14 06:00:00,0.334,0.32,46.0,True,True,False,0,battery_empty,0.0,0.0,0.0,0.0,0.32,0.0,1.0,100.0
2018-07-14 07:00:00,1.331,1.278,232.0,True,True,True,1,ok,1.263,0.0,1.263,0.0,0.015,0.0,1.0,100.0
2018-07-14 08:00:00,2.223,2.134,447.0,True,True,True,2,ok,1.263,0.0,1.263,0.0,0.871,0.0,1.0,100.0
2018-07-14 09:00:00,2.964,2.845,647.0,True,True,True,3,ok,1.263,0.0,1.263,0.0,1.582,0.0,1.0,100.0
2018-07-14 10:00:00,2.629,2.524,582.0,True,True,True,4,ok,1.263,0.0,1.263,0.0,1.261,0.0,1.0,100.0
2018-07-14 11:00:00,2.626,2.521,581.0,True,True,True,5,ok,1.263,0.0,1.263,0.0,1.258,0.0,1.0,100.0
2018-07-14 12:00:00,0.741,0.711,155.0,True,True,True,6,ok,0.711,0.552,1.263,0.0,0.0,-0.581,0.419,41.9
2018-07-14 13:00:00,3.604,3.46,848.0,True,True,False,6,cap_reached,0.0,0.0,0.0,0.581,2.848,0.581,1.0,100.0
2018-07-14 14:00:00,3.761,3.611,887.0,True,True,False,6,cap_reached,0.0,0.0,0.0,0.0,3.611,0.0,1.0,100.0
2018-07-14 15:00:00,3.307,3.174,751.0,True,True,False,6,cap_reached,0.0,0.0,0.0,0.0,3.174,0.0,1.0,100.0
2018-07-14 16:00:00,2.08,1.997,442.0,True,True,False,6,cap_reached,0.0,0.0,0.0,0.0,1.997,0.0,1.0,100.0
2018-07-14 17:00:00,1.067,1.024,222.0,True,True,False,6,cap_reached,0.0,0.0,0.0,0.0,1.024,0.0,1.0,100.0
2018-07-14 18:00:00,0.932,0.895,150.0,True,True,False,6,cap_reached,0.0,0.0,0.0,0.0,0.895,0.0,1.0,100.0
2018-07-14 19:00:00,0.0,0.0,0.0,False,True,False,6,cap_reached,0.0,0.0,0.0,0.0,0.0,0.0,1.0,100.0
2018-07-14 20:00:00,0.0,0.0,0.0,False,True,False,6,cap_reached,0.0,0.0,0.0,0.0,0.0,0.0,1.0,100.0
2018-07-14 21:00:00,0.0,0.0,0.0,False,True,False,6,cap_reached,0.0,0.0,0.0,0.0,0.0,0.0,1.0,100.0
2018-07-14 22:00:00,0.0,0.0,0.0,False,True,False,6,cap_reached,0.0,0.0,0.0,0.0,0.0,0.0,1.0,100.0
2018-07-14 23:00:00,0.0,0.0,0.0,False,True,False,6,cap_reached,0.0,0.0,0.0,0.0,0.0,0.0,1.0,100.0
2018-07-15 00:00:00,0.0,0.0,0.0,False,True,False,0,night,0.0,0.0,0.0,0.0,0.0,0.0,1.0,100.0
2018-07-15 01:00:00,0.0,0.0,0.0,False,True,False,0,night,0.0,0.0,0.0,0.0,0.0,0.0,1.0,100.0
2018-07-15 02:00:00,0.0,0.0,0.0,False,True,False,0,night,0.0,0.0,0.0,0.0,0.0,0.0,1.0,100.0
2018-07-15 03:00:00,0.0,0.0,0.0,False,True,False,0,night,0.0,0.0,0.0,0.0,0.0,0.0,1.0,100.0
2018-07-15 04:00:00,0.0,0.0,0.0,False,True,False,0,night,0.0,0.0,0.0,0.0,0.0,0.0,1.0,100.0
2018-07-15 05:00:00,0.0,0.0,0.0,False,True,False,0,night,0.0,0.0,0.0,0.0,0.0,0.0,1.0,100.0
2018-07-15 06:00:00,0.341,0.327,46.0,True,True,False,0,battery_empty,0.0,0.0,0.0,0.0,0.327,0.0,1.0,100.0
2018-07-15 07:00:00,1.351,1.296,234.0,True,True,True,1,ok,1.263,0.0,1.263,0.0,0.033,0.0,1.0,100.0
2018-07-15 08:00:00,2.242,2.153,449.0,True,True,True,2,ok,1.263,0.0,1.263,0.0,0.89,0.0,1.0,100.0
2018-07-15 09:00:00,2.983,2.863,651.0,True,True,True,3,ok,1.263,0.0,1.263,0.0,1.6,0.0,1.0,100.0
2018-07-15 10:00:00,3.567,3.425,822.0,True,True,True,4,ok,1.263,0.0,1.263,0.0,2.162,0.0,1.0,100.0
2018-07-15 11:00:00,2.855,2.741,633.0,True,True,True,5,ok,1.263,0.0,1.263,0.0,1.478,0.0,1.0,100.0
2018-07-15 12:00:00,3.499,3.359,803.0,True,True,True,6,ok,1.263,0.0,1.263,0.0,2.096,0.0,1.0,100.0
2018-07-15 13:00:00,2.382,2.287,521.0,True,True,False,6,cap_reached,0.0,0.0,0.0,0.0,2.287,0.0,1.0,100.0
2018-07-15 14:00:00,0.641,0.616,133.0,True,True,False,6,cap_reached,0.0,0.0,0.0,0.0,0.616,0.0,1.0,100.0
2018-07-15 15:00:00,2.076,1.993,448.0,True,True,False,6,cap_reached,0.0,0.0,0.0,0.0,1.993,0.0,1.0,100.0
2018-07-15 16:00:00,1.523,1.462,322.0,True,True,False,6,cap_reached,0.0,0.0,0.0,0.0,1.462,0.0,1.0,100.0
2018-07-15 17:00:00,1.912,1.835,367.0,True,True,False,6,cap_reached,0.0,0.0,0.0,0.0,1.835,0.0,1.0,100.0
2018-07-15 18:00:00,0.974,0.935,154.0,True,True,False,6,cap_reached,0.0,0.0,0.0,0.0,0.935,0.0,1.0,100.0
2018-07-15 19:00:00,0.0,0.0,0.0,False,True,False,6,cap_reached,0.0,0.0,0.0,0.0,0.0,0.0,1.0,100.0
2018-07-15 20:00:00,0.0,0.0,0.0,False,True,False,6,cap_reached,0.0,0.0,0.0,0.0,0.0,0.0,1.0,100.0
2018-07-15 21:00:00,0.0,0.0,0.0,False,True,False,6,cap_reached,0.0,0.0,0.0,0.0,0.0,0.0,1.0,100.0
2018-07-15 22:00:00,0.0,0.0,0.0,False,True,False,6,cap_reached,0.0,0.0,0.0,0.0,0.0,0.0,1.0,100.0
2018-07-15 23:00:00,0.0,0.0,0.0,False,True,False,6,cap_reached,0.0,0.0,0.0,0.0,0.0,0.0,1.0,100.0
2018-07-16 00:00:00,0.0,0.0,0.0,False,True,False,0,night,0.0,0.0,0.0,0.0,0.0,0.0,1.0,100.0
2018-07-16 01:00:00,0.0,0.0,0.0,False,True,False,0,night,0.0,0.0,0.0,0.0,0.0,0.0,1.0,100.0
2018-07-16 02:00:00,0.0,0.0,0.0,False,True,False,0,night,0.0,0.0,0.0,0.0,0.0,0.0,1.0,100.0
2018-07-16 03:00:00,0.0,0.0,0.0,False,True,False,0,night,0.0,0.0,0.0,0.0,0.0,0.0,1.0,100.0
2018-07-16 04:00:00,0.0,0.0,0.0,False,True,False,0,night,0.0,0.0,0.0,0.0,0.0,0.0,1.0,100.0
2018-07-16 05:00:00,0.0,0.0,0.0,False,True,False,0,night,0.0,0.0,0.0,0.0,0.0,0.0,1.0,100.0
2018-07-16 06:00:00,0.31,0.298,44.0,True,True,False,0,battery_empty,0.0,0.0,0.0,0.0,0.298,0.0,1.0,100.0
2018-07-16 07:00:00,1.305,1.253,229.0,True,True,True,1,ok,1.253,0.01,1.263,0.0,0.0,-0.01,0.99,99.0
2018-07-16 08:00:00,2.205,2.117,444.0,True,True,True,2,ok,1.263,0.0,1.263,0.01,0.843,0.01,1.0,100.0
2018-07-16 09:00:00,2.951,2.833,646.0,True,True,True,3,ok,1.263,0.0,1.263,0.0,1.57,0.0,1.0,100.0
2018-07-16 10:00:00,3.507,3.367,809.0,True,True,True,4,ok,1.263,0.0,1.263,0.0,2.104,0.0,1.0,100.0
2018-07-16 11:00:00,3.88,3.725,924.0,True,True,True,5,ok,1.263,0.0,1.263,0.0,2.462,0.0,1.0,100.0
2018-07-16 12:00:00,4.051,3.889,978.0,True,True,True,6,ok,1.263,0.0,1.263,0.0,2.626,0.0,1.0,100.0
2018-07-16 13:00:00,3.992,3.832,960.0,True,True,False,6,cap_reached,0.0,0.0,0.0,0.0,3.832,0.0,1.0,100.0
2018-07-16 14:00:00,3.74,3.59,882.0,True,True,False,6,cap_reached,0.0,0.0,0.0,0.0,3.59,0.0,1.0,100.0
2018-07-16 15:00:00,3.281,3.15,746.0,True,True,False,6,cap_reached,0.0,0.0,0.0,0.0,3.15,0.0,1.0,100.0
2018-07-16 16:00:00,2.041,1.96,436.0,True,True,False,6,cap_reached,0.0,0.0,0.0,0.0,1.96,0.0,1.0,100.0
2018-07-16 17:00:00,1.19,1.142,247.0,True,True,False,6,cap_reached,0.0,0.0,0.0,0.0,1.142,0.0,1.0,100.0
2018-07-16 18:00:00,0.502,0.482,103.0,True,True,False,6,cap_reached,0.0,0.0,0.0,0.0,0.482,0.0,1.0,100.0
2018-07-16 19:00:00,0.0,0.0,0.0,False,True,False,6,cap_reached,0.0,0.0,0.0,0.0,0.0,0.0,1.0,100.0
2018-07-16 20:00:00,0.0,0.0,0.0,False,True,False,6,cap_reached,0.0,0.0,0.0,0.0,0.0,0.0,1.0,100.0
2018-07-16 21:00:00,0.0,0.0,0.0,False,True,False,6,cap_reached,0.0,0.0,0.0,0.0,0.0,0.0,1.0,100.0
2018-07-16 22:00:00,0.0,0.0,0.0,False,True,False,6,cap_reached,0.0,0.0,0.0,0.0,0.0,0.0,1.0,100.0
2018-07-16 23:00:00,0.0,0.0,0.0,False,True,False,6,cap_reached,0.0,0.0,0.0,0.0,0.0,0.0,1.0,100.0
2018-07-17 00:00:00,0.0,0.0,0.0,False,True,False,0,night,0.0,0.0,0.0,0.0,0.0,0.0,1.0,100.0
2018-07-17 01:00:00,0.0,0.0,0.0,False,True,False,0,night,0.0,0.0,0.0,0.0,0.0,0.0,1.0,100.0
2018-07-17 02:00:00,0.0,0.0,0.0,False,True,False,0,night,0.0,0.0,0.0,0.0,0.0,0.0,1.0,100.0
2018-07-17 03:00:00,0.0,0.0,0.0,False,True,False,0,night,0.0,0.0,0.0,0.0,0.0,0.0,1.0,100.0
2018-07-17 04:00:00,0.0,0.0,0.0,False,True,False,0,night,0.0,0.0,0.0,0.0,0.0,0.0,1.0,100.0
2018-07-17 05:00:00,0.0,0.0,0.0,False,True,False,0,night,0.0,0.0,0.0,0.0,0.0,0.0,1.0,100.0
2018-07-17 06:00:00,0.301,0.289,43.0,True,True,False,0,battery_empty,0.0,0.0,0.0,0.0,0.289,0.0,1.0,100.0
2018-07-17 07:00:00,1.308,1.255,229.0,True,True,True,1,ok,1.255,0.008,1.263,0.0,0.0,-0.008,0.992,99.2
2018-07-17 08:00:00,2.209,2.121,446.0,True,True,True,2,ok,1.263,0.0,1.263,0.008,0.849,0.008,1.0,100.0
2018-07-17 09:00:00,2.959,2.841,649.0,True,True,True,3,ok,1.263,0.0,1.263,0.0,1.578,0.0,1.0,100.0
2018-07-17 10:00:00,1.453,1.395,307.0,True,True,True,4,ok,1.263,0.0,1.263,0.0,0.132,0.0,1.0,100.0
2018-07-17 11:00:00,2.956,2.838,659.0,True,True,True,5,ok,1.263,0.0,1.263,0.0,1.575,0.0,1.0,100.0
2018-07-17 12:00:00,1.786,1.715,381.0,True,True,True,6,ok,1.263,0.0,1.263,0.0,0.452,0.0,1.0,100.0
2018-07-17 13:00:00,4.033,3.872,973.0,True,True,False,6,cap_reached,0.0,0.0,0.0,0.0,3.872,0.0,1.0,100.0
2018-07-17 14:00:00,3.788,3.637,897.0,True,True,False,6,cap_reached,0.0,0.0,0.0,0.0,3.637,0.0,1.0,100.0
2018-07-17 15:00:00,2.264,2.174,493.0,True,True,False,6,cap_reached,0.0,0.0,0.0,0.0,2.174,0.0,1.0,100.0
2018-07-17 16:00:00,2.701,2.593,578.0,True,True,False,6,cap_reached,0.0,0.0,0.0,0.0,2.593,0.0,1.0,100.0
2018-07-17 17:00:00,0.073,0.07,15.0,False,True,False,6,cap_reached,0.0,0.0,0.0,0.0,0.07,0.0,1.0,100.0
2018-07-17 18:00:00,0.452,0.434,93.0,True,True,False,6,cap_reached,0.0,0.0,0.0,0.0,0.434,0.0,1.0,100.0
2018-07-17 19:00:00,0.0,0.0,0.0,False,True,False,6,cap_reached,0.0,0.0,0.0,0.0,0.0,0.0,1.0,100.0
2018-07-17 20:00:00,0.0,0.0,0.0,False,True,False,6,cap_reached,0.0,0.0,0.0,0.0,0.0,0.0,1.0,100.0
2018-07-17 21:00:00,0.0,0.0,0.0,False,True,False,6,cap_reached,0.0,0.0,0.0,0.0,0.0,0.0,1.0,100.0
2018-07-17 22:00:00,0.0,0.0,0.0,False,True,False,6,cap_reached,0.0,0.0,0.0,0.0,0.0,0.0,1.0,100.0
2018-07-17 23:00:00,0.0,0.0,0.0,False,True,False,6,cap_reached,0.0,0.0,0.0,0.0,0.0,0.0,1.0,100.0
2018-07-18 00:00:00,0.0,0.0,0.0,False,True,False,0,night,0.0,0.0,0.0,0.0,0.0,0.0,1.0,100.0
2018-07-18 01:00:00,0.0,0.0,0.0,False,True,False,0,night,0.0,0.0,0.0,0.0,0.0,0.0,1.0,100.0
2018-07-18 02:00:00,0.0,0.0,0.0,False,True,False,0,night,0.0,0.0,0.0,0.0,0.0,0.0,1.0,100.0
2018-07-18 03:00:00,0.0,0.0,0.0,False,True,False,0,night,0.0,0.0,0.0,0.0,0.0,0.0,1.0,100.0
2018-07-18 04:00:00,0.0,0.0,0.0,False,True,False,0,night,0.0,0.0,0.0,0.0,0.0,0.0,1.0,100.0
2018-07-18 05:00:00,0.0,0.0,0.0,False,True,False,0,night,0.0,0.0,0.0,0.0,0.0,0.0,1.0,100.0
2018-07-18 06:00:00,0.374,0.359,47.0,True,True,False,0,battery_empty,0.0,0.0,0.0,0.0,0.359,0.0,1.0,100.0
2018-07-18 07:00:00,1.397,1.341,241.0,True,True,True,1,ok,1.263,0.0,1.263,0.0,0.078,0.0,1.0,100.0
2018-07-18 08:00:00,2.291,2.199,462.0,True,True,True,2,ok,1.263,0.0,1.263,0.0,0.936,0.0,1.0,100.0
2018-07-18 09:00:00,3.033,2.912,668.0,True,True,True,3,ok,1.263,0.0,1.263,0.0,1.649,0.0,1.0,100.0
2018-07-18 10:00:00,3.596,3.453,836.0,True,True,True,4,ok,1.263,0.0,1.263,0.0,2.19,0.0,1.0,100.0
2018-07-18 11:00:00,3.962,3.803,949.0,True,True,True,5,ok,1.263,0.0,1.263,0.0,2.54,0.0,1.0,100.0
2018-07-18 12:00:00,4.117,3.952,1001.0,True,True,True,6,ok,1.263,0.0,1.263,0.0,2.689,0.0,1.0,100.0
2018-07-18 13:00:00,4.062,3.899,985.0,True,True,False,6,cap_reached,0.0,0.0,0.0,0.0,3.899,0.0,1.0,100.0
2018-07-18 14:00:00,2.852,2.738,635.0,True,True,False,6,cap_reached,0.0,0.0,0.0,0.0,2.738,0.0,1.0,100.0
2018-07-18 15:00:00,1.83,1.757,392.0,True,True,False,6,cap_reached,0.0,0.0,0.0,0.0,1.757,0.0,1.0,100.0
2018-07-18 16:00:00,1.919,1.842,408.0,True,True,False,6,cap_reached,0.0,0.0,0.0,0.0,1.842,0.0,1.0,100.0
2018-07-18 17:00:00,1.442,1.385,295.0,True,True,False,6,cap_reached,0.0,0.0,0.0,0.0,1.385,0.0,1.0,100.0
2018-07-18 18:00:00,0.366,0.351,75.0,True,True,False,6,cap_reached,0.0,0.0,0.0,0.0,0.351,0.0,1.0,100.0
2018-07-18 19:00:00,0.0,0.0,0.0,False,True,False,6,cap_reached,0.0,0.0,0.0,0.0,0.0,0.0,1.0,100.0
2018-07-18 20:00:00,0.0,0.0,0.0,False,True,False,6,cap_reached,0.0,0.0,0.0,0.0,0.0,0.0,1.0,100.0
2018-07-18 21:00:00,0.0,0.0,0.0,False,True,False,6,cap_reached,0.0,0.0,0.0,0.0,0.0,0.0,1.0,100.0
2018-07-18 22:00:00,0.0,0.0,0.0,False,True,False,6,cap_reached,0.0,0.0,0.0,0.0,0.0,0.0,1.0,100.0
2018-07-18 23:00:00,0.0,0.0,0.0,False,True,False,6,cap_reached,0.0,0.0,0.0,0.0,0.0,0.0,1.0,100.0
2018-07-19 00:00:00,0.0,0.0,0.0,False,True,False,0,night,0.0,0.0,0.0,0.0,0.0,0.0,1.0,100.0
2018-07-19 01:00:00,0.0,0.0,0.0,False,True,False,0,night,0.0,0.0,0.0,0.0,0.0,0.0,1.0,100.0
2018-07-19 02:00:00,0.0,0.0,0.0,False,True,False,0,night,0.0,0.0,0.0,0.0,0.0,0.0,1.0,100.0
2018-07-19 03:00:00,0.0,0.0,0.0,False,True,False,0,night,0.0,0.0,0.0,0.0,0.0,0.0,1.0,100.0
2018-07-19 04:00:00,0.0,0.0,0.0,False,True,False,0,night,0.0,0.0,0.0,0.0,0.0,0.0,1.0,100.0
2018-07-19 05:00:00,0.0,0.0,0.0,False,True,False,0,night,0.0,0.0,0.0,0.0,0.0,0.0,1.0,100.0
2018-07-19 06:00:00,0.17,0.163,34.0,True,True,False,0,battery_empty,0.0,0.0,0.0,0.0,0.163,0.0,1.0,100.0
2018-07-19 07:00:00,1.316,1.263,231.0,True,True,True,1,ok,1.263,0.0,1.263,0.0,0.0,0.0,1.0,100.0
2018-07-19 08:00:00,1.639,1.573,338.0,True,True,True,2,ok,1.263,0.0,1.263,0.0,0.31,0.0,1.0,100.0
2018-07-19 09:00:00,2.961,2.842,652.0,True,True,True,3,ok,1.263,0.0,1.263,0.0,1.579,0.0,1.0,100.0
2018-07-19 10:00:00,3.522,3.381,817.0,True,True,True,4,ok,1.263,0.0,1.263,0.0,2.118,0.0,1.0,100.0
2018-07-19 11:00:00,3.897,3.741,932.0,True,True,True,5,ok,1.263,0.0,1.263,0.0,2.478,0.0,1.0,100.0
2018-07-19 12:00:00,3.036,2.915,682.0,True,True,True,6,ok,1.263,0.0,1.263,0.0,1.652,0.0,1.0,100.0
2018-07-19 13:00:00,1.985,1.906,425.0,True,True,False,6,cap_reached,0.0,0.0,0.0,0.0,1.906,0.0,1.0,100.0
2018-07-19 14:00:00,3.757,3.607,890.0,True,True,False,6,cap_reached,0.0,0.0,0.0,0.0,3.607,0.0,1.0,100.0
2018-07-19 15:00:00,2.452,2.354,538.0,True,True,False,6,cap_reached,0.0,0.0,0.0,0.0,2.354,0.0,1.0,100.0
2018-07-19 16:00:00,2.256,2.166,481.0,True,True,False,6,cap_reached,0.0,0.0,0.0,0.0,2.166,0.0,1.0,100.0
2018-07-19 17:00:00,0.073,0.07,15.0,False,True,False,6,cap_reached,0.0,0.0,0.0,0.0,0.07,0.0,1.0,100.0
2018-07-19 18:00:00,0.282,0.271,58.0,True,True,False,6,cap_reached,0.0,0.0,0.0,0.0,0.271,0.0,1.0,100.0
2018-07-19 19:00:00,0.0,0.0,0.0,False,True,False,6,cap_reached,0.0,0.0,0.0,0.0,0.0,0.0,1.0,100.0
2018-07-19 20:00:00,0.0,0.0,0.0,False,True,False,6,cap_reached,0.0,0.0,0.0,0.0,0.0,0.0,1.0,100.0
2018-07-19 21:00:00,0.0,0.0,0.0,False,True,False,6,cap_reached,0.0,0.0,0.0,0.0,0.0,0.0,1.0,100.0
2018-07-19 22:00:00,0.0,0.0,0.0,False,True,False,6,cap_reached,0.0,0.0,0.0,0.0,0.0,0.0,1.0,100.0
2018-07-19 23:00:00,0.0,0.0,0.0,False,True,False,6,cap_reached,0.0,0.0,0.0,0.0,0.0,0.0,1.0,100.0
2018-07-20 00:00:00,0.0,0.0,0.0,False,True,False,0,night,0.0,0.0,0.0,0.0,0.0,0.0,1.0,100.0
2018-07-20 01:00:00,0.0,0.0,0.0,False,True,False,0,night,0.0,0.0,0.0,0.0,0.0,0.0,1.0,100.0
2018-07-20 02:00:00,0.0,0.0,0.0,False,True,False,0,night,0.0,0.0,0.0,0.0,0.0,0.0,1.0,100.0
2018-07-20 03:00:00,0.0,0.0,0.0,False,True,False,0,night,0.0,0.0,0.0,0.0,0.0,0.0,1.0,100.0
2018-07-20 04:00:00,0.0,0.0,0.0,False,True,False,0,night,0.0,0.0,0.0,0.0,0.0,0.0,1.0,100.0
2018-07-20 05:00:00,0.0,0.0,0.0,False,True,False,0,night,0.0,0.0,0.0,0.0,0.0,0.0,1.0,100.0
2018-07-20 06:00:00,0.137,0.132,28.0,True,True,False,0,battery_empty,0.0,0.0,0.0,0.0,0.132,0.0,1.0,100.0
2018-07-20 07:00:00,1.047,1.005,200.0,True,True,True,1,ok,1.005,0.258,1.263,0.0,0.0,-0.271,0.729,72.9
2018-07-20 08:00:00,1.844,1.77,378.0,True,True,True,2,ok,1.263,0.0,1.263,0.271,0.222,0.271,1.0,100.0
2018-07-20 09:00:00,2.422,2.325,525.0,True,True,True,3,ok,1.263,0.0,1.263,0.0,1.062,0.0,1.0,100.0
2018-07-20 10:00:00,2.794,2.682,625.0,True,True,True,4,ok,1.263,0.0,1.263,0.0,1.419,0.0,1.0,100.0
2018-07-20 11:00:00,3.079,2.956,705.0,True,True,True,5,ok,1.263,0.0,1.263,0.0,1.693,0.0,1.0,100.0
2018-07-20 12:00:00,3.393,3.257,788.0,True,True,True,6,ok,1.263,0.0,1.263,0.0,1.994,0.0,1.0,100.0
2018-07-20 13:00:00,4.054,3.892,985.0,True,True,False,6,cap_reached,0.0,0.0,0.0,0.0,3.892,0.0,1.0,100.0
2018-07-20 14:00:00,3.025,2.904,690.0,True,True,False,6,cap_reached,0.0,0.0,0.0,0.0,2.904,0.0,1.0,100.0
2018-07-20 15:00:00,2.375,2.28,524.0,True,True,False,6,cap_reached,0.0,0.0,0.0,0.0,2.28,0.0,1.0,100.0
2018-07-20 16:00:00,1.946,1.868,415.0,True,True,False,6,cap_reached,0.0,0.0,0.0,0.0,1.868,0.0,1.0,100.0
2018-07-20 17:00:00,0.923,0.887,191.0,True,True,False,6,cap_reached,0.0,0.0,0.0,0.0,0.887,0.0,1.0,100.0
2018-07-20 18:00:00,0.516,0.496,103.0,True,True,False,6,cap_reached,0.0,0.0,0.0,0.0,0.496,0.0,1.0,100.0
2018-07-20 19:00:00,0.0,0.0,0.0,False,True,False,6,cap_reached,0.0,0.0,0.0,0.0,0.0,0.0,1.0,100.0
2018-07-20 20:00:00,0.0,0.0,0.0,False,True,False,6,cap_reached,0.0,0.0,0.0,0.0,0.0,0.0,1.0,100.0
2018-07-20 21:00:00,0.0,0.0,0.0,False,True,False,6,cap_reached,0.0,0.0,0.0,0.0,0.0,0.0,1.0,100.0
2018-07-20 22:00:00,0.0,0.0,0.0,False,True,False,6,cap_reached,0.0,0.0,0.0,0.0,0.0,0.0,1.0,100.0
2018-07-20 23:00:00,0.0,0.0,0.0,False,True,False,6,cap_reached,0.0,0.0,0.0,0.0,0.0,0.0,1.0,100.0
2018-07-21 00:00:00,0.0,0.0,0.0,False,True,False,0,night,0.0,0.0,0.0,0.0,0.0,0.0,1.0,100.0
2018-07-21 01:00:00,0.0,0.0,0.0,False,True,False,0,night,0.0,0.0,0.0,0.0,0.0,0.0,1.0,100.0
2018-07-21 02:00:00,0.0,0.0,0.0,False,True,False,0,night,0.0,0.0,0.0,0.0,0.0,0.0,1.0,100.0
2018-07-21 03:00:00,0.0,0.0,0.0,False,True,False,0,night,0.0,0.0,0.0,0.0,0.0,0.0,1.0,100.0
2018-07-21 04:00:00,0.0,0.0,0.0,False,True,False,0,night,0.0,0.0,0.0,0.0,0.0,0.0,1.0,100.0
2018-07-21 05:00:00,0.0,0.0,0.0,False,True,False,0,night,0.0,0.0,0.0,0.0,0.0,0.0,1.0,100.0
2018-07-21 06:00:00,0.342,0.329,43.0,True,True,False,0,battery_empty,0.0,0.0,0.0,0.0,0.329,0.0,1.0,100.0
2018-07-21 07:00:00,0.848,0.814,167.0,True,True,True,1,ok,0.814,0.449,1.263,0.0,0.0,-0.472,0.528,52.8
2018-07-21 08:00:00,1.777,1.706,363.0,True,True,True,2,ok,1.263,0.0,1.263,0.421,0.0,0.421,0.948,94.8
2018-07-21 09:00:00,2.997,2.877,661.0,True,True,True,3,ok,1.263,0.0,1.263,0.052,1.559,0.052,1.0,100.0
2018-07-21 10:00:00,3.555,3.413,828.0,True,True,True,4,ok,1.263,0.0,1.263,0.0,2.15,0.0,1.0,100.0
2018-07-21 11:00:00,3.933,3.775,945.0,True,True,True,5,ok,1.263,0.0,1.263,0.0,2.512,0.0,1.0,100.0
2018-07-21 12:00:00,4.097,3.933,999.0,True,True,True,6,ok,1.263,0.0,1.263,0.0,2.67,0.0,1.0,100.0
2018-07-21 13:00:00,4.039,3.878,983.0,True,True,False,6,cap_reached,0.0,0.0,0.0,0.0,3.878,0.0,1.0,100.0
2018-07-21 14:00:00,3.782,3.631,903.0,True,True,False,6,cap_reached,0.0,0.0,0.0,0.0,3.631,0.0,1.0,100.0
2018-07-21 15:00:00,0.917,0.88,192.0,True,True,False,6,cap_reached,0.0,0.0,0.0,0.0,0.88,0.0,1.0,100.0
2018-07-21 16:00:00,0.801,0.769,167.0,True,True,False,6,cap_reached,0.0,0.0,0.0,0.0,0.769,0.0,1.0,100.0
2018-07-21 17:00:00,1.403,1.347,283.0,True,True,False,6,cap_reached,0.0,0.0,0.0,0.0,1.347,0.0,1.0,100.0
2018-07-21 18:00:00,0.605,0.581,117.0,True,True,False,6,cap_reached,0.0,0.0,0.0,0.0,0.581,0.0,1.0,100.0
2018-07-21 19:00:00,0.0,0.0,0.0,False,True,False,6,cap_reached,0.0,0.0,0.0,0.0,0.0,0.0,1.0,100.0
2018-07-21 20:00:00,0.0,0.0,0.0,False,True,False,6,cap_reached,0.0,0.0,0.0,0.0,0.0,0.0,1.0,100.0
2018-07-21 21:00:00,0.0,0.0,0.0,False,True,False,6,cap_reached,0.0,0.0,0.0,0.0,0.0,0.0,1.0,100.0
2018-07-21 22:00:00,0.0,0.0,0.0,False,True,False,6,cap_reached,0.0,0.0,0.0,0.0,0.0,0.0,1.0,100.0
2018-07-21 23:00:00,0.0,0.0,0.0,False,True,False,6,cap_reached,0.0,0.0,0.0,0.0,0.0,0.0,1.0,100.0
2018-07-22 00:00:00,0.0,0.0,0.0,False,True,False,0,night,0.0,0.0,0.0,0.0,0.0,0.0,1.0,100.0
2018-07-22 01:00:00,0.0,0.0,0.0,False,True,False,0,night,0.0,0.0,0.0,0.0,0.0,0.0,1.0,100.0
2018-07-22 02:00:00,0.0,0.0,0.0,False,True,False,0,night,0.0,0.0,0.0,0.0,0.0,0.0,1.0,100.0
2018-07-22 03:00:00,0.0,0.0,0.0,False,True,False,0,night,0.0,0.0,0.0,0.0,0.0,0.0,1.0,100.0
2018-07-22 04:00:00,0.0,0.0,0.0,False,True,False,0,night,0.0,0.0,0.0,0.0,0.0,0.0,1.0,100.0
2018-07-22 05:00:00,0.0,0.0,0.0,False,True,False,0,night,0.0,0.0,0.0,0.0,0.0,0.0,1.0,100.0
2018-07-22 06:00:00,0.257,0.247,38.0,True,True,False,0,battery_empty,0.0,0.0,0.0,0.0,0.247,0.0,1.0,100.0
2018-07-22 07:00:00,1.253,1.203,222.0,True,True,True,1,ok,1.203,0.06,1.263,0.0,0.0,-0.063,0.937,93.7
2018-07-22 08:00:00,2.161,2.074,439.0,True,True,True,2,ok,1.263,0.0,1.263,0.063,0.745,0.063,1.0,100.0
2018-07-22 09:00:00,2.38,2.284,515.0,True,True,True,3,ok,1.263,0.0,1.263,0.0,1.021,0.0,1.0,100.0
2018-07-22 10:00:00,3.487,3.348,810.0,True,True,True,4,ok,1.263,0.0,1.263,0.0,2.085,0.0,1.0,100.0
2018-07-22 11:00:00,3.872,3.717,926.0,True,True,True,5,ok,1.263,0.0,1.263,0.0,2.454,0.0,1.0,100.0
2018-07-22 12:00:00,3.442,3.304,803.0,True,True,True,6,ok,1.263,0.0,1.263,0.0,2.041,0.0,1.0,100.0
2018-07-22 13:00:00,2.469,2.371,542.0,True,True,False,6,cap_reached,0.0,0.0,0.0,0.0,2.371,0.0,1.0,100.0
2018-07-22 14:00:00,0.491,0.471,101.0,True,True,False,6,cap_reached,0.0,0.0,0.0,0.0,0.471,0.0,1.0,100.0
2018-07-22 15:00:00,0.705,0.677,146.0,True,True,False,6,cap_reached,0.0,0.0,0.0,0.0,0.677,0.0,1.0,100.0
2018-07-22 16:00:00,1.002,0.962,209.0,True,True,False,6,cap_reached,0.0,0.0,0.0,0.0,0.962,0.0,1.0,100.0
2018-07-22 17:00:00,1.061,1.019,218.0,True,True,False,6,cap_reached,0.0,0.0,0.0,0.0,1.019,0.0,1.0,100.0
2018-07-22 18:00:00,0.485,0.466,96.0,True,True,False,6,cap_reached,0.0,0.0,0.0,0.0,0.466,0.0,1.0,100.0
2018-07-22 19:00:00,0.0,0.0,0.0,False,True,False,6,cap_reached,0.0,0.0,0.0,0.0,0.0,0.0,1.0,100.0
2018-07-22 20:00:00,0.0,0.0,0.0,False,True,False,6,cap_reached,0.0,0.0,0.0,0.0,0.0,0.0,1.0,100.0
2018-07-22 21:00:00,0.0,0.0,0.0,False,True,False,6,cap_reached,0.0,0.0,0.0,0.0,0.0,0.0,1.0,100.0
2018-07-22 22:00:00,0.0,0.0,0.0,False,True,False,6,cap_reached,0.0,0.0,0.0,0.0,0.0,0.0,1.0,100.0
2018-07-22 23:00:00,0.0,0.0,0.0,False,True,False,6,cap_reached,0.0,0.0,0.0,0.0,0.0,0.0,1.0,100.0
2018-07-23 00:00:00,0.0,0.0,0.0,False,True,False,0,night,0.0,0.0,0.0,0.0,0.0,0.0,1.0,100.0
2018-07-23 01:00:00,0.0,0.0,0.0,False,True,False,0,night,0.0,0.0,0.0,0.0,0.0,0.0,1.0,100.0
2018-07-23 02:00:00,0.0,0.0,0.0,False,True,False,0,night,0.0,0.0,0.0,0.0,0.0,0.0,1.0,100.0
2018-07-23 03:00:00,0.0,0.0,0.0,False,True,False,0,night,0.0,0.0,0.0,0.0,0.0,0.0,1.0,100.0
2018-07-23 04:00:00,0.0,0.0,0.0,False,True,False,0,night,0.0,0.0,0.0,0.0,0.0,0.0,1.0,100.0
2018-07-23 05:00:00,0.0,0.0,0.0,False,True,False,0,night,0.0,0.0,0.0,0.0,0.0,0.0,1.0,100.0
2018-07-23 06:00:00,0.088,0.085,18.0,False,True,False,0,night,0.0,0.0,0.0,0.0,0.085,0.0,1.0,100.0
2018-07-23 07:00:00,0.157,0.151,32.0,True,True,False,0,battery_empty,0.0,0.0,0.0,0.0,0.151,0.0,1.0,100.0
2018-07-23 08:00:00,1.179,1.132,245.0,True,True,True,1,ok,1.132,0.131,1.263,0.0,0.0,-0.138,0.862,86.2
2018-07-23 09:00:00,2.657,2.55,580.0,True,True,True,2,ok,1.263,0.0,1.263,0.138,1.142,0.138,1.0,100.0
2018-07-23 10:00:00,3.5,3.36,812.0,True,True,True,3,ok,1.263,0.0,1.263,0.0,2.097,0.0,1.0,100.0
2018-07-23 11:00:00,3.886,3.73,930.0,True,True,True,4,ok,1.263,0.0,1.263,0.0,2.467,0.0,1.0,100.0
2018-07-23 12:00:00,3.568,3.425,842.0,True,True,True,5,ok,1.263,0.0,1.263,0.0,2.162,0.0,1.0,100.0
2018-07-23 13:00:00,2.853,2.739,641.0,True,True,True,6,ok,1.263,0.0,1.263,0.0,1.476,0.0,1.0,100.0
2018-07-23 14:00:00,2.168,2.081,468.0,True,True,False,6,cap_reached,0.0,0.0,0.0,0.0,2.081,0.0,1.0,100.0
2018-07-23 15:00:00,1.9,1.824,408.0,True,True,False,6,cap_reached,0.0,0.0,0.0,0.0,1.824,0.0,1.0,100.0
2018-07-23 16:00:00,0.54,0.519,111.0,True,True,False,6,cap_reached,0.0,0.0,0.0,0.0,0.519,0.0,1.0,100.0
2018-07-23 17:00:00,0.034,0.033,7.0,False,True,False,6,cap_reached,0.0,0.0,0.0,0.0,0.033,0.0,1.0,100.0
2018-07-23 18:00:00,0.025,0.024,5.0,False,True,False,6,cap_reached,0.0,0.0,0.0,0.0,0.024,0.0,1.0,100.0
2018-07-23 19:00:00,0.0,0.0,0.0,False,True,False,6,cap_reached,0.0,0.0,0.0,0.0,0.0,0.0,1.0,100.0
2018-07-23 20:00:00,0.0,0.0,0.0,False,True,False,6,cap_reached,0.0,0.0,0.0,0.0,0.0,0.0,1.0,100.0
2018-07-23 21:00:00,0.0,0.0,0.0,False,True,False,6,cap_reached,0.0,0.0,0.0,0.0,0.0,0.0,1.0,100.0
2018-07-23 22:00:00,0.0,0.0,0.0,False,True,False,6,cap_reached,0.0,0.0,0.0,0.0,0.0,0.0,1.0,100.0
2018-07-23 23:00:00,0.0,0.0,0.0,False,True,False,6,cap_reached,0.0,0.0,0.0,0.0,0.0,0.0,1.0,100.0
2018-07-24 00:00:00,0.0,0.0,0.0,False,True,False,0,night,0.0,0.0,0.0,0.0,0.0,0.0,1.0,100.0
2018-07-24 01:00:00,0.0,0.0,0.0,False,True,False,0,night,0.0,0.0,0.0,0.0,0.0,0.0,1.0,100.0
2018-07-24 02:00:00,0.0,0.0,0.0,False,True,False,0,night,0.0,0.0,0.0,0.0,0.0,0.0,1.0,100.0
2018-07-24 03:00:00,0.0,0.0,0.0,False,True,False,0,night,0.0,0.0,0.0,0.0,0.0,0.0,1.0,100.0
2018-07-24 04:00:00,0.0,0.0,0.0,False,True,False,0,night,0.0,0.0,0.0,0.0,0.0,0.0,1.0,100.0
2018-07-24 05:00:00,0.0,0.0,0.0,False,True,False,0,night,0.0,0.0,0.0,0.0,0.0,0.0,1.0,100.0
2018-07-24 06:00:00,0.252,0.242,37.0,True,True,False,0,battery_empty,0.0,0.0,0.0,0.0,0.242,0.0,1.0,100.0
2018-07-24 07:00:00,1.244,1.194,220.0,True,True,True,1,ok,1.194,0.069,1.263,0.0,0.0,-0.072,0.928,92.8
2018-07-24 08:00:00,2.144,2.058,436.0,True,True,True,2,ok,1.263,0.0,1.263,0.072,0.719,0.072,1.0,100.0
2018-07-24 09:00:00,2.895,2.779,640.0,True,True,True,3,ok,1.263,0.0,1.263,0.0,1.516,0.0,1.0,100.0
2018-07-24 10:00:00,3.49,3.35,813.0,True,True,True,4,ok,1.263,0.0,1.263,0.0,2.087,0.0,1.0,100.0
2018-07-24 11:00:00,3.871,3.716,930.0,True,True,True,5,ok,1.263,0.0,1.263,0.0,2.453,0.0,1.0,100.0
2018-07-24 12:00:00,2.022,1.941,434.0,True,True,True,6,ok,1.263,0.0,1.263,0.0,0.678,0.0,1.0,100.0
2018-07-24 13:00:00,1.883,1.807,404.0,True,True,False,6,cap_reached,0.0,0.0,0.0,0.0,1.807,0.0,1.0,100.0
2018-07-24 14:00:00,0.224,0.215,46.0,True,True,False,6,cap_reached,0.0,0.0,0.0,0.0,0.215,0.0,1.0,100.0
2018-07-24 15:00:00,0.306,0.294,63.0,True,True,False,6,cap_reached,0.0,0.0,0.0,0.0,0.294,0.0,1.0,100.0
2018-07-24 16:00:00,1.08,1.037,226.0,True,True,False,6,cap_reached,0.0,0.0,0.0,0.0,1.037,0.0,1.0,100.0
2018-07-24 17:00:00,0.486,0.467,100.0,True,True,False,6,cap_reached,0.0,0.0,0.0,0.0,0.467,0.0,1.0,100.0
2018-07-24 18:00:00,0.407,0.391,82.0,True,True,False,6,cap_reached,0.0,0.0,0.0,0.0,0.391,0.0,1.0,100.0
2018-07-24 19:00:00,0.0,0.0,0.0,False,True,False,6,cap_reached,0.0,0.0,0.0,0.0,0.0,0.0,1.0,100.0
2018-07-24 20:00:00,0.0,0.0,0.0,False,True,False,6,cap_reached,0.0,0.0,0.0,0.0,0.0,0.0,1.0,100.0
2018-07-24 21:00:00,0.0,0.0,0.0,False,True,False,6,cap_reached,0.0,0.0,0.0,0.0,0.0,0.0,1.0,100.0
2018-07-24 22:00:00,0.0,0.0,0.0,False,True,False,6,cap_reached,0.0,0.0,0.0,0.0,0.0,0.0,1.0,100.0
2018-07-24 23:00:00,0.0,0.0,0.0,False,True,False,6,cap_reached,0.0,0.0,0.0,0.0,0.0,0.0,1.0,100.0
2018-07-25 00:00:00,0.0,0.0,0.0,False,True,False,0,night,0.0,0.0,0.0,0.0,0.0,0.0,1.0,100.0
2018-07-25 01:00:00,0.0,0.0,0.0,False,True,False,0,night,0.0,0.0,0.0,0.0,0.0,0.0,1.0,100.0
2018-07-25 02:00:00,0.0,0.0,0.0,False,True,False,0,night,0.0,0.0,0.0,0.0,0.0,0.0,1.0,100.0
2018-07-25 03:00:00,0.0,0.0,0.0,False,True,False,0,night,0.0,0.0,0.0,0.0,0.0,0.0,1.0,100.0
2018-07-25 04:00:00,0.0,0.0,0.0,False,True,False,0,night,0.0,0.0,0.0,0.0,0.0,0.0,1.0,100.0
2018-07-25 05:00:00,0.0,0.0,0.0,False,True,False,0,night,0.0,0.0,0.0,0.0,0.0,0.0,1.0,100.0
2018-07-25 06:00:00,0.143,0.138,29.0,True,True,False,0,battery_empty,0.0,0.0,0.0,0.0,0.138,0.0,1.0,100.0
2018-07-25 07:00:00,1.175,1.128,212.0,True,True,True,1,ok,1.128,0.135,1.263,0.0,0.0,-0.142,0.858,85.8
2018-07-25 08:00:00,2.079,1.996,425.0,True,True,True,2,ok,1.263,0.0,1.263,0.142,0.583,0.142,1.0,100.0
2018-07-25 09:00:00,2.836,2.722,627.0,True,True,True,3,ok,1.263,0.0,1.263,0.0,1.459,0.0,1.0,100.0
2018-07-25 10:00:00,3.41,3.274,793.0,True,True,True,4,ok,1.263,0.0,1.263,0.0,2.011,0.0,1.0,100.0
2018-07-25 11:00:00,3.797,3.645,908.0,True,True,True,5,ok,1.263,0.0,1.263,0.0,2.382,0.0,1.0,100.0
2018-07-25 12:00:00,2.913,2.797,657.0,True,True,True,6,ok,1.263,0.0,1.263,0.0,1.534,0.0,1.0,100.0
2018-07-25 13:00:00,2.913,2.797,663.0,True,True,False,6,cap_reached,0.0,0.0,0.0,0.0,2.797,0.0,1.0,100.0
2018-07-25 14:00:00,0.185,0.178,38.0,True,True,False,6,cap_reached,0.0,0.0,0.0,0.0,0.178,0.0,1.0,100.0
2018-07-25 15:00:00,0.214,0.206,44.0,True,True,False,6,cap_reached,0.0,0.0,0.0,0.0,0.206,0.0,1.0,100.0
2018-07-25 16:00:00,1.588,1.525,337.0,True,True,False,6,cap_reached,0.0,0.0,0.0,0.0,1.525,0.0,1.0,100.0
2018-07-25 17:00:00,0.634,0.609,131.0,True,True,False,6,cap_reached,0.0,0.0,0.0,0.0,0.609,0.0,1.0,100.0
2018-07-25 18:00:00,0.271,0.26,55.0,True,True,False,6,cap_reached,0.0,0.0,0.0,0.0,0.26,0.0,1.0,100.0
2018-07-25 19:00:00,0.0,0.0,0.0,False,True,False,6,cap_reached,0.0,0.0,0.0,0.0,0.0,0.0,1.0,100.0
2018-07-25 20:00:00,0.0,0.0,0.0,False,True,False,6,cap_reached,0.0,0.0,0.0,0.0,0.0,0.0,1.0,100.0
2018-07-25 21:00:00,0.0,0.0,0.0,False,True,False,6,cap_reached,0.0,0.0,0.0,0.0,0.0,0.0,1.0,100.0
2018-07-25 22:00:00,0.0,0.0,0.0,False,True,False,6,cap_reached,0.0,0.0,0.0,0.0,0.0,0.0,1.0,100.0
2018-07-25 23:00:00,0.0,0.0,0.0,False,True,False,6,cap_reached,0.0,0.0,0.0,0.0,0.0,0.0,1.0,100.0
2018-07-26 00:00:00,0.0,0.0,0.0,False,True,False,0,night,0.0,0.0,0.0,0.0,0.0,0.0,1.0,100.0
2018-07-26 01:00:00,0.0,0.0,0.0,False,True,False,0,night,0.0,0.0,0.0,0.0,0.0,0.0,1.0,100.0
2018-07-26 02:00:00,0.0,0.0,0.0,False,True,False,0,night,0.0,0.0,0.0,0.0,0.0,0.0,1.0,100.0
2018-07-26 03:00:00,0.0,0.0,0.0,False,True,False,0,night,0.0,0.0,0.0,0.0,0.0,0.0,1.0,100.0
2018-07-26 04:00:00,0.0,0.0,0.0,False,True,False,0,night,0.0,0.0,0.0,0.0,0.0,0.0,1.0,100.0
2018-07-26 05:00:00,0.0,0.0,0.0,False,True,False,0,night,0.0,0.0,0.0,0.0,0.0,0.0,1.0,100.0
2018-07-26 06:00:00,0.284,0.273,37.0,True,True,False,0,battery_empty,0.0,0.0,0.0,0.0,0.273,0.0,1.0,100.0
2018-07-26 07:00:00,1.281,1.23,224.0,True,True,True,1,ok,1.23,0.033,1.263,0.0,0.0,-0.035,0.965,96.5
2018-07-26 08:00:00,1.591,1.527,328.0,True,True,True,2,ok,1.263,0.0,1.263,0.035,0.228,0.035,1.0,100.0
2018-07-26 09:00:00,2.914,2.798,647.0,True,True,True,3,ok,1.263,0.0,1.263,0.0,1.535,0.0,1.0,100.0
2018-07-26 10:00:00,3.493,3.353,817.0,True,True,True,4,ok,1.263,0.0,1.263,0.0,2.09,0.0,1.0,100.0
2018-07-26 11:00:00,3.863,3.709,933.0,True,True,True,5,ok,1.263,0.0,1.263,0.0,2.446,0.0,1.0,100.0
2018-07-26 12:00:00,4.028,3.867,986.0,True,True,True,6,ok,1.263,0.0,1.263,0.0,2.604,0.0,1.0,100.0
2018-07-26 13:00:00,3.968,3.809,965.0,True,True,False,6,cap_reached,0.0,0.0,0.0,0.0,3.809,0.0,1.0,100.0
2018-07-26 14:00:00,3.712,3.564,886.0,True,True,False,6,cap_reached,0.0,0.0,0.0,0.0,3.564,0.0,1.0,100.0
2018-07-26 15:00:00,2.704,2.596,607.0,True,True,False,6,cap_reached,0.0,0.0,0.0,0.0,2.596,0.0,1.0,100.0
2018-07-26 16:00:00,0.792,0.76,165.0,True,True,False,6,cap_reached,0.0,0.0,0.0,0.0,0.76,0.0,1.0,100.0
2018-07-26 17:00:00,0.21,0.201,43.0,True,True,False,6,cap_reached,0.0,0.0,0.0,0.0,0.201,0.0,1.0,100.0
2018-07-26 18:00:00,0.098,0.094,20.0,False,True,False,6,cap_reached,0.0,0.0,0.0,0.0,0.094,0.0,1.0,100.0
2018-07-26 19:00:00,0.0,0.0,0.0,False,True,False,6,cap_reached,0.0,0.0,0.0,0.0,0.0,0.0,1.0,100.0
2018-07-26 20:00:00,0.0,0.0,0.0,False,True,False,6,cap_reached,0.0,0.0,0.0,0.0,0.0,0.0,1.0,100.0
2018-07-26 21:00:00,0.0,0.0,0.0,False,True,False,6,cap_reached,0.0,0.0,0.0,0.0,0.0,0.0,1.0,100.0
2018-07-26 22:00:00,0.0,0.0,0.0,False,True,False,6,cap_reached,0.0,0.0,0.0,0.0,0.0,0.0,1.0,100.0
2018-07-26 23:00:00,0.0,0.0,0.0,False,True,False,6,cap_reached,0.0,0.0,0.0,0.0,0.0,0.0,1.0,100.0
2018-07-27 00:00:00,0.0,0.0,0.0,False,True,False,0,night,0.0,0.0,0.0,0.0,0.0,0.0,1.0,100.0
2018-07-27 01:00:00,0.0,0.0,0.0,False,True,False,0,night,0.0,0.0,0.0,0.0,0.0,0.0,1.0,100.0
2018-07-27 02:00:00,0.0,0.0,0.0,False,True,False,0,night,0.0,0.0,0.0,0.0,0.0,0.0,1.0,100.0
2018-07-27 03:00:00,0.0,0.0,0.0,False,True,False,0,night,0.0,0.0,0.0,0.0,0.0,0.0,1.0,100.0
2018-07-27 04:00:00,0.0,0.0,0.0,False,True,False,0,night,0.0,0.0,0.0,0.0,0.0,0.0,1.0,100.0
2018-07-27 05:00:00,0.0,0.0,0.0,False,True,False,0,night,0.0,0.0,0.0,0.0,0.0,0.0,1.0,100.0
2018-07-27 06:00:00,0.108,0.104,22.0,True,True,False,0,battery_empty,0.0,0.0,0.0,0.0,0.104,0.0,1.0,100.0
2018-07-27 07:00:00,0.772,0.742,157.0,True,True,True,1,ok,0.742,0.521,1.263,0.0,0.0,-0.549,0.451,45.1
2018-07-27 08:00:00,2.089,2.006,428.0,True,True,True,2,ok,1.263,0.0,1.263,0.549,0.165,0.549,1.0,100.0
2018-07-27 09:00:00,1.295,1.243,272.0,True,True,True,3,ok,1.243,0.02,1.263,0.0,0.0,-0.021,0.979,97.9
2018-07-27 10:00:00,2.847,2.733,644.0,True,True,True,4,ok,1.263,0.0,1.263,0.021,1.448,0.021,1.0,100.0
2018-07-27 11:00:00,3.125,3.0,718.0,True,True,True,5,ok,1.263,0.0,1.263,0.0,1.737,0.0,1.0,100.0
2018-07-27 12:00:00,2.482,2.383,544.0,True,True,True,6,ok,1.263,0.0,1.263,0.0,1.12,0.0,1.0,100.0
2018-07-27 13:00:00,3.929,3.772,954.0,True,True,False,6,cap_reached,0.0,0.0,0.0,0.0,3.772,0.0,1.0,100.0
2018-07-27 14:00:00,3.676,3.529,877.0,True,True,False,6,cap_reached,0.0,0.0,0.0,0.0,3.529,0.0,1.0,100.0
2018-07-27 15:00:00,2.353,2.259,518.0,True,True,False,6,cap_reached,0.0,0.0,0.0,0.0,2.259,0.0,1.0,100.0
2018-07-27 16:00:00,1.727,1.658,367.0,True,True,False,6,cap_reached,0.0,0.0,0.0,0.0,1.658,0.0,1.0,100.0
2018-07-27 17:00:00,1.611,1.547,324.0,True,True,False,6,cap_reached,0.0,0.0,0.0,0.0,1.547,0.0,1.0,100.0
2018-07-27 18:00:00,0.459,0.441,94.0,True,True,False,6,cap_reached,0.0,0.0,0.0,0.0,0.441,0.0,1.0,100.0
2018-07-27 19:00:00,0.0,0.0,0.0,False,True,False,6,cap_reached,0.0,0.0,0.0,0.0,0.0,0.0,1.0,100.0
2018-07-27 20:00:00,0.0,0.0,0.0,False,True,False,6,cap_reached,0.0,0.0,0.0,0.0,0.0,0.0,1.0,100.0
2018-07-27 21:00:00,0.0,0.0,0.0,False,True,False,6,cap_reached,0.0,0.0,0.0,0.0,0.0,0.0,1.0,100.0
2018-07-27 22:00:00,0.0,0.0,0.0,False,True,False,6,cap_reached,0.0,0.0,0.0,0.0,0.0,0.0,1.0,100.0
2018-07-27 23:00:00,0.0,0.0,0.0,False,True,False,6,cap_reached,0.0,0.0,0.0,0.0,0.0,0.0,1.0,100.0
2018-07-28 00:00:00,0.0,0.0,0.0,False,True,False,0,night,0.0,0.0,0.0,0.0,0.0,0.0,1.0,100.0
2018-07-28 01:00:00,0.0,0.0,0.0,False,True,False,0,night,0.0,0.0,0.0,0.0,0.0,0.0,1.0,100.0
2018-07-28 02:00:00,0.0,0.0,0.0,False,True,False,0,night,0.0,0.0,0.0,0.0,0.0,0.0,1.0,100.0
2018-07-28 03:00:00,0.0,0.0,0.0,False,True,False,0,night,0.0,0.0,0.0,0.0,0.0,0.0,1.0,100.0
2018-07-28 04:00:00,0.0,0.0,0.0,False,True,False,0,night,0.0,0.0,0.0,0.0,0.0,0.0,1.0,100.0
2018-07-28 05:00:00,0.0,0.0,0.0,False,True,False,0,night,0.0,0.0,0.0,0.0,0.0,0.0,1.0,100.0
2018-07-28 06:00:00,0.103,0.099,21.0,True,True,False,0,battery_empty,0.0,0.0,0.0,0.0,0.099,0.0,1.0,100.0
2018-07-28 07:00:00,1.154,1.108,209.0,True,True,True,1,ok,1.108,0.155,1.263,0.0,0.0,-0.163,0.837,83.7
2018-07-28 08:00:00,2.055,1.973,421.0,True,True,True,2,ok,1.263,0.0,1.263,0.163,0.538,0.163,1.0,100.0
2018-07-28 09:00:00,2.805,2.693,621.0,True,True,True,3,ok,1.263,0.0,1.263,0.0,1.43,0.0,1.0,100.0
2018-07-28 10:00:00,3.382,3.247,786.0,True,True,True,4,ok,1.263,0.0,1.263,0.0,1.984,0.0,1.0,100.0
2018-07-28 11:00:00,1.727,1.658,366.0,True,True,True,5,ok,1.263,0.0,1.263,0.0,0.395,0.0,1.0,100.0
2018-07-28 12:00:00,2.229,2.14,481.0,True,True,True,6,ok,1.263,0.0,1.263,0.0,0.877,0.0,1.0,100.0
2018-07-28 13:00:00,0.245,0.235,50.0,True,True,False,6,cap_reached,0.0,0.0,0.0,0.0,0.235,0.0,1.0,100.0
2018-07-28 14:00:00,0.487,0.468,100.0,True,True,False,6,cap_reached,0.0,0.0,0.0,0.0,0.468,0.0,1.0,100.0
2018-07-28 15:00:00,0.636,0.611,131.0,True,True,False,6,cap_reached,0.0,0.0,0.0,0.0,0.611,0.0,1.0,100.0
2018-07-28 16:00:00,0.933,0.896,194.0,True,True,False,6,cap_reached,0.0,0.0,0.0,0.0,0.896,0.0,1.0,100.0
2018-07-28 17:00:00,0.943,0.905,194.0,True,True,False,6,cap_reached,0.0,0.0,0.0,0.0,0.905,0.0,1.0,100.0
2018-07-28 18:00:00,0.364,0.349,74.0,True,True,False,6,cap_reached,0.0,0.0,0.0,0.0,0.349,0.0,1.0,100.0
2018-07-28 19:00:00,0.0,0.0,0.0,False,True,False,6,cap_reached,0.0,0.0,0.0,0.0,0.0,0.0,1.0,100.0
2018-07-28 20:00:00,0.0,0.0,0.0,False,True,False,6,cap_reached,0.0,0.0,0.0,0.0,0.0,0.0,1.0,100.0
2018-07-28 21:00:00,0.0,0.0,0.0,False,True,False,6,cap_reached,0.0,0.0,0.0,0.0,0.0,0.0,1.0,100.0
2018-07-28 22:00:00,0.0,0.0,0.0,False,True,False,6,cap_reached,0.0,0.0,0.0,0.0,0.0,0.0,1.0,100.0
2018-07-28 23:00:00,0.0,0.0,0.0,False,True,False,6,cap_reached,0.0,0.0,0.0,0.0,0.0,0.0,1.0,100.0
2018-07-29 00:00:00,0.0,0.0,0.0,False,True,False,0,night,0.0,0.0,0.0,0.0,0.0,0.0,1.0,100.0
2018-07-29 01:00:00,0.0,0.0,0.0,False,True,False,0,night,0.0,0.0,0.0,0.0,0.0,0.0,1.0,100.0
2018-07-29 02:00:00,0.0,0.0,0.0,False,True,False,0,night,0.0,0.0,0.0,0.0,0.0,0.0,1.0,100.0
2018-07-29 03:00:00,0.0,0.0,0.0,False,True,False,0,night,0.0,0.0,0.0,0.0,0.0,0.0,1.0,100.0
2018-07-29 04:00:00,0.0,0.0,0.0,False,True,False,0,night,0.0,0.0,0.0,0.0,0.0,0.0,1.0,100.0
2018-07-29 05:00:00,0.0,0.0,0.0,False,True,False,0,night,0.0,0.0,0.0,0.0,0.0,0.0,1.0,100.0
2018-07-29 06:00:00,0.187,0.18,30.0,True,True,False,0,battery_empty,0.0,0.0,0.0,0.0,0.18,0.0,1.0,100.0
2018-07-29 07:00:00,1.16,1.114,209.0,True,True,True,1,ok,1.114,0.149,1.263,0.0,0.0,-0.157,0.843,84.3
2018-07-29 08:00:00,2.075,1.992,426.0,True,True,True,2,ok,1.263,0.0,1.263,0.157,0.563,0.157,1.0,100.0
2018-07-29 09:00:00,2.84,2.726,630.0,True,True,True,3,ok,1.263,0.0,1.263,0.0,1.463,0.0,1.0,100.0
2018-07-29 10:00:00,3.422,3.286,799.0,True,True,True,4,ok,1.263,0.0,1.263,0.0,2.023,0.0,1.0,100.0
2018-07-29 11:00:00,3.811,3.659,916.0,True,True,True,5,ok,1.263,0.0,1.263,0.0,2.396,0.0,1.0,100.0
2018-07-29 12:00:00,3.062,2.939,689.0,True,True,True,6,ok,1.263,0.0,1.263,0.0,1.676,0.0,1.0,100.0
2018-07-29 13:00:00,1.128,1.083,235.0,True,True,False,6,cap_reached,0.0,0.0,0.0,0.0,1.083,0.0,1.0,100.0
2018-07-29 14:00:00,0.423,0.406,87.0,True,True,False,6,cap_reached,0.0,0.0,0.0,0.0,0.406,0.0,1.0,100.0
2018-07-29 15:00:00,0.122,0.118,25.0,True,True,False,6,cap_reached,0.0,0.0,0.0,0.0,0.118,0.0,1.0,100.0
2018-07-29 16:00:00,0.784,0.753,163.0,True,True,False,6,cap_reached,0.0,0.0,0.0,0.0,0.753,0.0,1.0,100.0
2018-07-29 17:00:00,0.368,0.353,75.0,True,True,False,6,cap_reached,0.0,0.0,0.0,0.0,0.353,0.0,1.0,100.0
2018-07-29 18:00:00,0.202,0.194,41.0,True,True,False,6,cap_reached,0.0,0.0,0.0,0.0,0.194,0.0,1.0,100.0
2018-07-29 19:00:00,0.0,0.0,0.0,False,True,False,6,cap_reached,0.0,0.0,0.0,0.0,0.0,0.0,1.0,100.0
2018-07-29 20:00:00,0.0,0.0,0.0,False,True,False,6,cap_reached,0.0,0.0,0.0,0.0,0.0,0.0,1.0,100.0
2018-07-29 21:00:00,0.0,0.0,0.0,False,True,False,6,cap_reached,0.0,0.0,0.0,0.0,0.0,0.0,1.0,100.0
2018-07-29 22:00:00,0.0,0.0,0.0,False,True,False,6,cap_reached,0.0,0.0,0.0,0.0,0.0,0.0,1.0,100.0
2018-07-29 23:00:00,0.0,0.0,0.0,False,True,False,6,cap_reached,0.0,0.0,0.0,0.0,0.0,0.0,1.0,100.0
2018-07-30 00:00:00,0.0,0.0,0.0,False,True,False,0,night,0.0,0.0,0.0,0.0,0.0,0.0,1.0,100.0
2018-07-30 01:00:00,0.0,0.0,0.0,False,True,False,0,night,0.0,0.0,0.0,0.0,0.0,0.0,1.0,100.0
2018-07-30 02:00:00,0.0,0.0,0.0,False,True,False,0,night,0.0,0.0,0.0,0.0,0.0,0.0,1.0,100.0
2018-07-30 03:00:00,0.0,0.0,0.0,False,True,False,0,night,0.0,0.0,0.0,0.0,0.0,0.0,1.0,100.0
2018-07-30 04:00:00,0.0,0.0,0.0,False,True,False,0,night,0.0,0.0,0.0,0.0,0.0,0.0,1.0,100.0
2018-07-30 05:00:00,0.0,0.0,0.0,False,True,False,0,night,0.0,0.0,0.0,0.0,0.0,0.0,1.0,100.0
2018-07-30 06:00:00,0.093,0.09,19.0,False,True,False,0,night,0.0,0.0,0.0,0.0,0.09,0.0,1.0,100.0
2018-07-30 07:00:00,0.684,0.657,140.0,True,True,True,1,ok,0.657,0.606,1.263,0.0,0.0,-0.638,0.362,36.2
2018-07-30 08:00:00,2.073,1.99,426.0,True,True,True,2,ok,1.263,0.0,1.263,0.638,0.056,0.638,1.0,100.0
2018-07-30 09:00:00,2.363,2.268,515.0,True,True,True,3,ok,1.263,0.0,1.263,0.0,1.005,0.0,1.0,100.0
2018-07-30 10:00:00,0.815,0.782,169.0,True,True,True,4,ok,0.782,0.481,1.263,0.0,0.0,-0.506,0.494,49.4
2018-07-30 11:00:00,2.532,2.431,558.0,True,True,True,5,ok,1.263,0.0,1.263,0.506,0.635,0.506,1.0,100.0
2018-07-30 12:00:00,3.988,3.828,975.0,True,True,True,6,ok,1.263,0.0,1.263,0.0,2.565,0.0,1.0,100.0
2018-07-30 13:00:00,3.385,3.249,796.0,True,True,False,6,cap_reached,0.0,0.0,0.0,0.0,3.249,0.0,1.0,100.0
2018-07-30 14:00:00,3.7,3.552,887.0,True,True,False,6,cap_reached,0.0,0.0,0.0,0.0,3.552,0.0,1.0,100.0
2018-07-30 15:00:00,3.243,3.113,751.0,True,True,False,6,cap_reached,0.0,0.0,0.0,0.0,3.113,0.0,1.0,100.0
2018-07-30 16:00:00,2.596,2.493,566.0,True,True,False,6,cap_reached,0.0,0.0,0.0,0.0,2.493,0.0,1.0,100.0
2018-07-30 17:00:00,1.781,1.71,351.0,True,True,False,6,cap_reached,0.0,0.0,0.0,0.0,1.71,0.0,1.0,100.0
2018-07-30 18:00:00,0.829,0.795,136.0,True,True,False,6,cap_reached,0.0,0.0,0.0,0.0,0.795,0.0,1.0,100.0
2018-07-30 19:00:00,0.0,0.0,0.0,False,True,False,6,cap_reached,0.0,0.0,0.0,0.0,0.0,0.0,1.0,100.0
2018-07-30 20:00:00,0.0,0.0,0.0,False,True,False,6,cap_reached,0.0,0.0,0.0,0.0,0.0,0.0,1.0,100.0
2018-07-30 21:00:00,0.0,0.0,0.0,False,True,False,6,cap_reached,0.0,0.0,0.0,0.0,0.0,0.0,1.0,100.0
2018-07-30 22:00:00,0.0,0.0,0.0,False,True,False,6,cap_reached,0.0,0.0,0.0,0.0,0.0,0.0,1.0,100.0
2018-07-30 23:00:00,0.0,0.0,0.0,False,True,False,6,cap_reached,0.0,0.0,0.0,0.0,0.0,0.0,1.0,100.0
2018-07-31 00:00:00,0.0,0.0,0.0,False,True,False,0,night,0.0,0.0,0.0,0.0,0.0,0.0,1.0,100.0
2018-07-31 01:00:00,0.0,0.0,0.0,False,True,False,0,night,0.0,0.0,0.0,0.0,0.0,0.0,1.0,100.0
2018-07-31 02:00:00,0.0,0.0,0.0,False,True,False,0,night,0.0,0.0,0.0,0.0,0.0,0.0,1.0,100.0
2018-07-31 03:00:00,0.0,0.0,0.0,False,True,False,0,night,0.0,0.0,0.0,0.0,0.0,0.0,1.0,100.0
2018-07-31 04:00:00,0.0,0.0,0.0,False,True,False,0,night,0.0,0.0,0.0,0.0,0.0,0.0,1.0,100.0
2018-07-31 05:00:00,0.0,0.0,0.0,False,True,False,0,night,0.0,0.0,0.0,0.0,0.0,0.0,1.0,100.0
2018-07-31 06:00:00,0.232,0.223,32.0,True,True,False,0,battery_empty,0.0,0.0,0.0,0.0,0.223,0.0,1.0,100.0
2018-07-31 07:00:00,1.224,1.175,217.0,True,True,True,1,ok,1.175,0.088,1.263,0.0,0.0,-0.093,0.907,90.7
2018-07-31 08:00:00,2.118,2.033,437.0,True,True,True,2,ok,1.263,0.0,1.263,0.093,0.673,0.093,1.0,100.0
2018-07-31 09:00:00,2.861,2.747,641.0,True,True,True,3,ok,1.263,0.0,1.263,0.0,1.484,0.0,1.0,100.0
2018-07-31 10:00:00,3.452,3.314,814.0,True,True,True,4,ok,1.263,0.0,1.263,0.0,2.051,0.0,1.0,100.0
2018-07-31 11:00:00,3.83,3.677,931.0,True,True,True,5,ok,1.263,0.0,1.263,0.0,2.414,0.0,1.0,100.0
2018-07-31 12:00:00,3.999,3.839,983.0,True,True,True,6,ok,1.263,0.0,1.263,0.0,2.576,0.0,1.0,100.0
2018-07-31 13:00:00,3.935,3.778,962.0,True,True,False,6,cap_reached,0.0,0.0,0.0,0.0,3.778,0.0,1.0,100.0
2018-07-31 14:00:00,3.672,3.525,882.0,True,True,False,6,cap_reached,0.0,0.0,0.0,0.0,3.525,0.0,1.0,100.0
2018-07-31 15:00:00,3.21,3.081,742.0,True,True,False,6,cap_reached,0.0,0.0,0.0,0.0,3.081,0.0,1.0,100.0
2018-07-31 16:00:00,2.549,2.447,557.0,True,True,False,6,cap_reached,0.0,0.0,0.0,0.0,2.447,0.0,1.0,100.0
2018-07-31 17:00:00,1.724,1.655,342.0,True,True,False,6,cap_reached,0.0,0.0,0.0,0.0,1.655,0.0,1.0,100.0
2018-07-31 18:00:00,0.765,0.734,130.0,True,True,False,6,cap_reached,0.0,0.0,0.0,0.0,0.734,0.0,1.0,100.0
2018-07-31 19:00:00,0.0,0.0,0.0,False,True,False,6,cap_reached,0.0,0.0,0.0,0.0,0.0,0.0,1.0,100.0
2018-07-31 20:00:00,0.0,0.0,0.0,False,True,False,6,cap_reached,0.0,0.0,0.0,0.0,0.0,0.0,1.0,100.0
2018-07-31 21:00:00,0.0,0.0,0.0,False,True,False,6,cap_reached,0.0,0.0,0.0,0.0,0.0,0.0,1.0,100.0
2018-07-31 22:00:00,0.0,0.0,0.0,False,True,False,6,cap_reached,0.0,0.0,0.0,0.0,0.0,0.0,1.0,100.0
2018-07-31 23:00:00,0.0,0.0,0.0,False,True,False,6,cap_reached,0.0,0.0,0.0,0.0,0.0,0.0,1.0,100.0
2018-08-01 00:00:00,0.0,0.0,0.0,False,True,False,0,night,0.0,0.0,0.0,0.0,0.0,0.0,1.0,100.0
2018-08-01 01:00:00,0.0,0.0,0.0,False,True,False,0,night,0.0,0.0,0.0,0.0,0.0,0.0,1.0,100.0
2018-08-01 02:00:00,0.0,0.0,0.0,False,True,False,0,night,0.0,0.0,0.0,0.0,0.0,0.0,1.0,100.0
2018-08-01 03:00:00,0.0,0.0,0.0,False,True,False,0,night,0.0,0.0,0.0,0.0,0.0,0.0,1.0,100.0
2018-08-01 04:00:00,0.0,0.0,0.0,False,True,False,0,night,0.0,0.0,0.0,0.0,0.0,0.0,1.0,100.0
2018-08-01 05:00:00,0.0,0.0,0.0,False,True,False,0,night,0.0,0.0,0.0,0.0,0.0,0.0,1.0,100.0
2018-08-01 06:00:00,0.118,0.113,24.0,True,True,False,0,battery_empty,0.0,0.0,0.0,0.0,0.113,0.0,1.0,100.0
2018-08-01 07:00:00,1.15,1.104,208.0,True,True,True,1,ok,1.104,0.159,1.263,0.0,0.0,-0.168,0.832,83.2
2018-08-01 08:00:00,2.064,1.982,427.0,True,True,True,2,ok,1.263,0.0,1.263,0.168,0.542,0.168,1.0,100.0
2018-08-01 09:00:00,2.836,2.723,635.0,True,True,True,3,ok,1.263,0.0,1.263,0.0,1.46,0.0,1.0,100.0
2018-08-01 10:00:00,3.44,3.303,810.0,True,True,True,4,ok,1.263,0.0,1.263,0.0,2.04,0.0,1.0,100.0
2018-08-01 11:00:00,3.833,3.68,931.0,True,True,True,5,ok,1.263,0.0,1.263,0.0,2.417,0.0,1.0,100.0
2018-08-01 12:00:00,4.015,3.855,989.0,True,True,True,6,ok,1.263,0.0,1.263,0.0,2.592,0.0,1.0,100.0
2018-08-01 13:00:00,3.974,3.815,979.0,True,True,False,6,cap_reached,0.0,0.0,0.0,0.0,3.815,0.0,1.0,100.0
2018-08-01 14:00:00,3.72,3.571,899.0,True,True,False,6,cap_reached,0.0,0.0,0.0,0.0,3.571,0.0,1.0,100.0
2018-08-01 15:00:00,3.247,3.117,756.0,True,True,False,6,cap_reached,0.0,0.0,0.0,0.0,3.117,0.0,1.0,100.0
2018-08-01 16:00:00,2.594,2.49,568.0,True,True,False,6,cap_reached,0.0,0.0,0.0,0.0,2.49,0.0,1.0,100.0
2018-08-01 17:00:00,1.768,1.697,351.0,True,True,False,6,cap_reached,0.0,0.0,0.0,0.0,1.697,0.0,1.0,100.0
2018-08-01 18:00:00,0.806,0.774,134.0,True,True,False,6,cap_reached,0.0,0.0,0.0,0.0,0.774,0.0,1.0,100.0
2018-08-01 19:00:00,0.0,0.0,0.0,False,True,False,6,cap_reached,0.0,0.0,0.0,0.0,0.0,0.0,1.0,100.0
2018-08-01 20:00:00,0.0,0.0,0.0,False,True,False,6,cap_reached,0.0,0.0,0.0,0.0,0.0,0.0,1.0,100.0
2018-08-01 21:00:00,0.0,0.0,0.0,False,True,False,6,cap_reached,0.0,0.0,0.0,0.0,0.0,0.0,1.0,100.0
2018-08-01 22:00:00,0.0,0.0,0.0,False,True,False,6,cap_reached,0.0,0.0,0.0,0.0,0.0,0.0,1.0,100.0
2018-08-01 23:00:00,0.0,0.0,0.0,False,True,False,6,cap_reached,0.0,0.0,0.0,0.0,0.0,0.0,1.0,100.0
2018-08-02 00:00:00,0.0,0.0,0.0,False,True,False,0,night,0.0,0.0,0.0,0.0,0.0,0.0,1.0,100.0
2018-08-02 01:00:00,0.0,0.0,0.0,False,True,False,0,night,0.0,0.0,0.0,0.0,0.0,0.0,1.0,100.0
2018-08-02 02:00:00,0.0,0.0,0.0,False,True,False,0,night,0.0,0.0,0.0,0.0,0.0,0.0,1.0,100.0
2018-08-02 03:00:00,0.0,0.0,0.0,False,True,False,0,night,0.0,0.0,0.0,0.0,0.0,0.0,1.0,100.0
2018-08-02 04:00:00,0.0,0.0,0.0,False,True,False,0,night,0.0,0.0,0.0,0.0,0.0,0.0,1.0,100.0
2018-08-02 05:00:00,0.0,0.0,0.0,False,True,False,0,night,0.0,0.0,0.0,0.0,0.0,0.0,1.0,100.0
2018-08-02 06:00:00,0.221,0.212,31.0,True,True,False,0,battery_empty,0.0,0.0,0.0,0.0,0.212,0.0,1.0,100.0
2018-08-02 07:00:00,1.223,1.174,218.0,True,True,True,1,ok,1.174,0.089,1.263,0.0,0.0,-0.093,0.907,90.7
2018-08-02 08:00:00,2.129,2.044,441.0,True,True,True,2,ok,1.263,0.0,1.263,0.093,0.683,0.093,1.0,100.0
2018-08-02 09:00:00,2.89,2.775,651.0,True,True,True,3,ok,1.263,0.0,1.263,0.0,1.512,0.0,1.0,100.0
2018-08-02 10:00:00,3.489,3.349,828.0,True,True,True,4,ok,1.263,0.0,1.263,0.0,2.086,0.0,1.0,100.0
2018-08-02 11:00:00,3.865,3.71,946.0,True,True,True,5,ok,1.263,0.0,1.263,0.0,2.447,0.0,1.0,100.0
2018-08-02 12:00:00,4.039,3.877,1002.0,True,True,True,6,ok,1.263,0.0,1.263,0.0,2.614,0.0,1.0,100.0
2018-08-02 13:00:00,3.991,3.831,988.0,True,True,False,6,cap_reached,0.0,0.0,0.0,0.0,3.831,0.0,1.0,100.0
2018-08-02 14:00:00,3.727,3.578,906.0,True,True,False,6,cap_reached,0.0,0.0,0.0,0.0,3.578,0.0,1.0,100.0
2018-08-02 15:00:00,3.259,3.129,763.0,True,True,False,6,cap_reached,0.0,0.0,0.0,0.0,3.129,0.0,1.0,100.0
2018-08-02 16:00:00,2.608,2.504,573.0,True,True,False,6,cap_reached,0.0,0.0,0.0,0.0,2.504,0.0,1.0,100.0
2018-08-02 17:00:00,1.509,1.449,304.0,True,True,False,6,cap_reached,0.0,0.0,0.0,0.0,1.449,0.0,1.0,100.0
2018-08-02 18:00:00,0.478,0.459,97.0,True,True,False,6,cap_reached,0.0,0.0,0.0,0.0,0.459,0.0,1.0,100.0
2018-08-02 19:00:00,0.0,0.0,0.0,False,True,False,6,cap_reached,0.0,0.0,0.0,0.0,0.0,0.0,1.0,100.0
2018-08-02 20:00:00,0.0,0.0,0.0,False,True,False,6,cap_reached,0.0,0.0,0.0,0.0,0.0,0.0,1.0,100.0
2018-08-02 21:00:00,0.0,0.0,0.0,False,True,False,6,cap_reached,0.0,0.0,0.0,0.0,0.0,0.0,1.0,100.0
2018-08-02 22:00:00,0.0,0.0,0.0,False,True,False,6,cap_reached,0.0,0.0,0.0,0.0,0.0,0.0,1.0,100.0
2018-08-02 23:00:00,0.0,0.0,0.0,False,True,False,6,cap_reached,0.0,0.0,0.0,0.0,0.0,0.0,1.0,100.0
2018-08-03 00:00:00,0.0,0.0,0.0,False,True,False,0,night,0.0,0.0,0.0,0.0,0.0,0.0,1.0,100.0
2018-08-03 01:00:00,0.0,0.0,0.0,False,True,False,0,night,0.0,0.0,0.0,0.0,0.0,0.0,1.0,100.0
2018-08-03 02:00:00,0.0,0.0,0.0,False,True,False,0,night,0.0,0.0,0.0,0.0,0.0,0.0,1.0,100.0
2018-08-03 03:00:00,0.0,0.0,0.0,False,True,False,0,night,0.0,0.0,0.0,0.0,0.0,0.0,1.0,100.0
2018-08-03 04:00:00,0.0,0.0,0.0,False,True,False,0,night,0.0,0.0,0.0,0.0,0.0,0.0,1.0,100.0
2018-08-03 05:00:00,0.0,0.0,0.0,False,True,False,0,night,0.0,0.0,0.0,0.0,0.0,0.0,1.0,100.0
2018-08-03 06:00:00,0.176,0.169,28.0,True,True,False,0,battery_empty,0.0,0.0,0.0,0.0,0.169,0.0,1.0,100.0
2018-08-03 07:00:00,1.148,1.102,208.0,True,True,True,1,ok,1.102,0.161,1.263,0.0,0.0,-0.169,0.831,83.1
2018-08-03 08:00:00,2.06,1.977,428.0,True,True,True,2,ok,1.263,0.0,1.263,0.169,0.536,0.169,1.0,100.0
2018-08-03 09:00:00,2.824,2.711,635.0,True,True,True,3,ok,1.263,0.0,1.263,0.0,1.448,0.0,1.0,100.0
2018-08-03 10:00:00,2.656,2.549,588.0,True,True,True,4,ok,1.263,0.0,1.263,0.0,1.286,0.0,1.0,100.0
2018-08-03 11:00:00,2.873,2.758,643.0,True,True,True,5,ok,1.263,0.0,1.263,0.0,1.495,0.0,1.0,100.0
2018-08-03 12:00:00,3.314,3.181,759.0,True,True,True,6,ok,1.263,0.0,1.263,0.0,1.918,0.0,1.0,100.0
2018-08-03 13:00:00,3.561,3.418,836.0,True,True,False,6,cap_reached,0.0,0.0,0.0,0.0,3.418,0.0,1.0,100.0
2018-08-03 14:00:00,3.687,3.54,895.0,True,True,False,6,cap_reached,0.0,0.0,0.0,0.0,3.54,0.0,1.0,100.0
2018-08-03 15:00:00,2.789,2.678,635.0,True,True,False,6,cap_reached,0.0,0.0,0.0,0.0,2.678,0.0,1.0,100.0
2018-08-03 16:00:00,2.563,2.46,562.0,True,True,False,6,cap_reached,0.0,0.0,0.0,0.0,2.46,0.0,1.0,100.0
2018-08-03 17:00:00,1.731,1.662,344.0,True,True,False,6,cap_reached,0.0,0.0,0.0,0.0,1.662,0.0,1.0,100.0
2018-08-03 18:00:00,0.778,0.747,129.0,True,True,False,6,cap_reached,0.0,0.0,0.0,0.0,0.747,0.0,1.0,100.0
2018-08-03 19:00:00,0.0,0.0,0.0,False,True,False,6,cap_reached,0.0,0.0,0.0,0.0,0.0,0.0,1.0,100.0
2018-08-03 20:00:00,0.0,0.0,0.0,False,True,False,6,cap_reached,0.0,0.0,0.0,0.0,0.0,0.0,1.0,100.0
2018-08-03 21:00:00,0.0,0.0,0.0,False,True,False,6,cap_reached,0.0,0.0,0.0,0.0,0.0,0.0,1.0,100.0
2018-08-03 22:00:00,0.0,0.0,0.0,False,True,False,6,cap_reached,0.0,0.0,0.0,0.0,0.0,0.0,1.0,100.0
2018-08-03 23:00:00,0.0,0.0,0.0,False,True,False,6,cap_reached,0.0,0.0,0.0,0.0,0.0,0.0,1.0,100.0
2018-08-04 00:00:00,0.0,0.0,0.0,False,True,False,0,night,0.0,0.0,0.0,0.0,0.0,0.0,1.0,100.0
2018-08-04 01:00:00,0.0,0.0,0.0,False,True,False,0,night,0.0,0.0,0.0,0.0,0.0,0.0,1.0,100.0
2018-08-04 02:00:00,0.0,0.0,0.0,False,True,False,0,night,0.0,0.0,0.0,0.0,0.0,0.0,1.0,100.0
2018-08-04 03:00:00,0.0,0.0,0.0,False,True,False,0,night,0.0,0.0,0.0,0.0,0.0,0.0,1.0,100.0
2018-08-04 04:00:00,0.0,0.0,0.0,False,True,False,0,night,0.0,0.0,0.0,0.0,0.0,0.0,1.0,100.0
2018-08-04 05:00:00,0.0,0.0,0.0,False,True,False,0,night,0.0,0.0,0.0,0.0,0.0,0.0,1.0,100.0
2018-08-04 06:00:00,0.204,0.196,29.0,True,True,False,0,battery_empty,0.0,0.0,0.0,0.0,0.196,0.0,1.0,100.0
2018-08-04 07:00:00,0.748,0.718,152.0,True,True,True,1,ok,0.718,0.545,1.263,0.0,0.0,-0.574,0.426,42.6
2018-08-04 08:00:00,2.088,2.004,435.0,True,True,True,2,ok,1.263,0.0,1.263,0.574,0.137,0.574,1.0,100.0
2018-08-04 09:00:00,2.849,2.736,645.0,True,True,True,3,ok,1.263,0.0,1.263,0.0,1.473,0.0,1.0,100.0
2018-08-04 10:00:00,3.434,3.297,817.0,True,True,True,4,ok,1.263,0.0,1.263,0.0,2.034,0.0,1.0,100.0
2018-08-04 11:00:00,3.811,3.659,934.0,True,True,True,5,ok,1.263,0.0,1.263,0.0,2.396,0.0,1.0,100.0
2018-08-04 12:00:00,3.976,3.817,988.0,True,True,True,6,ok,1.263,0.0,1.263,0.0,2.554,0.0,1.0,100.0
2018-08-04 13:00:00,3.935,3.778,976.0,True,True,False,6,cap_reached,0.0,0.0,0.0,0.0,3.778,0.0,1.0,100.0
2018-08-04 14:00:00,3.676,3.529,895.0,True,True,False,6,cap_reached,0.0,0.0,0.0,0.0,3.529,0.0,1.0,100.0
2018-08-04 15:00:00,3.214,3.085,754.0,True,True,False,6,cap_reached,0.0,0.0,0.0,0.0,3.085,0.0,1.0,100.0
2018-08-04 16:00:00,2.559,2.456,564.0,True,True,False,6,cap_reached,0.0,0.0,0.0,0.0,2.456,0.0,1.0,100.0
2018-08-04 17:00:00,1.738,1.668,346.0,True,True,False,6,cap_reached,0.0,0.0,0.0,0.0,1.668,0.0,1.0,100.0
2018-08-04 18:00:00,0.432,0.415,88.0,True,True,False,6,cap_reached,0.0,0.0,0.0,0.0,0.415,0.0,1.0,100.0
2018-08-04 19:00:00,0.0,0.0,0.0,False,True,False,6,cap_reached,0.0,0.0,0.0,0.0,0.0,0.0,1.0,100.0
2018-08-04 20:00:00,0.0,0.0,0.0,False,True,False,6,cap_reached,0.0,0.0,0.0,0.0,0.0,0.0,1.0,100.0
2018-08-04 21:00:00,0.0,0.0,0.0,False,True,False,6,cap_reached,0.0,0.0,0.0,0.0,0.0,0.0,1.0,100.0
2018-08-04 22:00:00,0.0,0.0,0.0,False,True,False,6,cap_reached,0.0,0.0,0.0,0.0,0.0,0.0,1.0,100.0
2018-08-04 23:00:00,0.0,0.0,0.0,False,True,False,6,cap_reached,0.0,0.0,0.0,0.0,0.0,0.0,1.0,100.0
2018-08-05 00:00:00,0.0,0.0,0.0,False,True,False,0,night,0.0,0.0,0.0,0.0,0.0,0.0,1.0,100.0
2018-08-05 01:00:00,0.0,0.0,0.0,False,True,False,0,night,0.0,0.0,0.0,0.0,0.0,0.0,1.0,100.0
2018-08-05 02:00:00,0.0,0.0,0.0,False,True,False,0,night,0.0,0.0,0.0,0.0,0.0,0.0,1.0,100.0
2018-08-05 03:00:00,0.0,0.0,0.0,False,True,False,0,night,0.0,0.0,0.0,0.0,0.0,0.0,1.0,100.0
2018-08-05 04:00:00,0.0,0.0,0.0,False,True,False,0,night,0.0,0.0,0.0,0.0,0.0,0.0,1.0,100.0
2018-08-05 05:00:00,0.0,0.0,0.0,False,True,False,0,night,0.0,0.0,0.0,0.0,0.0,0.0,1.0,100.0
2018-08-05 06:00:00,0.189,0.181,28.0,True,True,False,0,battery_empty,0.0,0.0,0.0,0.0,0.181,0.0,1.0,100.0
2018-08-05 07:00:00,1.173,1.126,212.0,True,True,True,1,ok,1.126,0.137,1.263,0.0,0.0,-0.145,0.855,85.5
2018-08-05 08:00:00,2.079,1.995,434.0,True,True,True,2,ok,1.263,0.0,1.263,0.145,0.58,0.145,1.0,100.0
2018-08-05 09:00:00,2.841,2.727,644.0,True,True,True,3,ok,1.263,0.0,1.263,0.0,1.464,0.0,1.0,100.0
2018-08-05 10:00:00,3.437,3.299,820.0,True,True,True,4,ok,1.263,0.0,1.263,0.0,2.036,0.0,1.0,100.0
2018-08-05 11:00:00,3.822,3.669,940.0,True,True,True,5,ok,1.263,0.0,1.263,0.0,2.406,0.0,1.0,100.0
2018-08-05 12:00:00,3.996,3.836,995.0,True,True,True,6,ok,1.263,0.0,1.263,0.0,2.573,0.0,1.0,100.0
2018-08-05 13:00:00,3.951,3.793,982.0,True,True,False,6,cap_reached,0.0,0.0,0.0,0.0,3.793,0.0,1.0,100.0
2018-08-05 14:00:00,3.694,3.546,902.0,True,True,False,6,cap_reached,0.0,0.0,0.0,0.0,3.546,0.0,1.0,100.0
2018-08-05 15:00:00,3.232,3.103,760.0,True,True,False,6,cap_reached,0.0,0.0,0.0,0.0,3.103,0.0,1.0,100.0
2018-08-05 16:00:00,2.587,2.484,572.0,True,True,False,6,cap_reached,0.0,0.0,0.0,0.0,2.484,0.0,1.0,100.0
2018-08-05 17:00:00,1.778,1.707,354.0,True,True,False,6,cap_reached,0.0,0.0,0.0,0.0,1.707,0.0,1.0,100.0
2018-08-05 18:00:00,0.84,0.806,135.0,True,True,False,6,cap_reached,0.0,0.0,0.0,0.0,0.806,0.0,1.0,100.0
2018-08-05 19:00:00,0.0,0.0,0.0,False,True,False,6,cap_reached,0.0,0.0,0.0,0.0,0.0,0.0,1.0,100.0
2018-08-05 20:00:00,0.0,0.0,0.0,False,True,False,6,cap_reached,0.0,0.0,0.0,0.0,0.0,0.0,1.0,100.0
2018-08-05 21:00:00,0.0,0.0,0.0,False,True,False,6,cap_reached,0.0,0.0,0.0,0.0,0.0,0.0,1.0,100.0
2018-08-05 22:00:00,0.0,0.0,0.0,False,True,False,6,cap_reached,0.0,0.0,0.0,0.0,0.0,0.0,1.0,100.0
2018-08-05 23:00:00,0.0,0.0,0.0,False,True,False,6,cap_reached,0.0,0.0,0.0,0.0,0.0,0.0,1.0,100.0
2018-08-06 00:00:00,0.0,0.0,0.0,False,True,False,0,night,0.0,0.0,0.0,0.0,0.0,0.0,1.0,100.0
2018-08-06 01:00:00,0.0,0.0,0.0,False,True,False,0,night,0.0,0.0,0.0,0.0,0.0,0.0,1.0,100.0
2018-08-06 02:00:00,0.0,0.0,0.0,False,True,False,0,night,0.0,0.0,0.0,0.0,0.0,0.0,1.0,100.0
2018-08-06 03:00:00,0.0,0.0,0.0,False,True,False,0,night,0.0,0.0,0.0,0.0,0.0,0.0,1.0,100.0
2018-08-06 04:00:00,0.0,0.0,0.0,False,True,False,0,night,0.0,0.0,0.0,0.0,0.0,0.0,1.0,100.0
2018-08-06 05:00:00,0.0,0.0,0.0,False,True,False,0,night,0.0,0.0,0.0,0.0,0.0,0.0,1.0,100.0
2018-08-06 06:00:00,0.059,0.057,12.0,False,True,False,0,night,0.0,0.0,0.0,0.0,0.057,0.0,1.0,100.0
2018-08-06 07:00:00,0.02,0.019,4.0,False,True,False,0,night,0.0,0.0,0.0,0.0,0.019,0.0,1.0,100.0
2018-08-06 08:00:00,1.141,1.095,237.0,True,True,True,1,ok,1.095,0.168,1.263,0.0,0.0,-0.177,0.823,82.3
2018-08-06 09:00:00,2.882,2.767,654.0,True,True,True,2,ok,1.263,0.0,1.263,0.177,1.318,0.177,1.0,100.0
2018-08-06 10:00:00,3.459,3.32,826.0,True,True,True,3,ok,1.263,0.0,1.263,0.0,2.057,0.0,1.0,100.0
2018-08-06 11:00:00,3.845,3.691,946.0,True,True,True,4,ok,1.263,0.0,1.263,0.0,2.428,0.0,1.0,100.0
2018-08-06 12:00:00,3.12,2.995,722.0,True,True,True,5,ok,1.263,0.0,1.263,0.0,1.732,0.0,1.0,100.0
2018-08-06 13:00:00,3.966,3.808,987.0,True,True,True,6,ok,1.263,0.0,1.263,0.0,2.545,0.0,1.0,100.0
2018-08-06 14:00:00,3.712,3.564,907.0,True,True,False,6,cap_reached,0.0,0.0,0.0,0.0,3.564,0.0,1.0,100.0
2018-08-06 15:00:00,3.252,3.122,767.0,True,True,False,6,cap_reached,0.0,0.0,0.0,0.0,3.122,0.0,1.0,100.0
2018-08-06 16:00:00,2.6,2.496,577.0,True,True,False,6,cap_reached,0.0,0.0,0.0,0.0,2.496,0.0,1.0,100.0
2018-08-06 17:00:00,1.795,1.723,357.0,True,True,False,6,cap_reached,0.0,0.0,0.0,0.0,1.723,0.0,1.0,100.0
2018-08-06 18:00:00,0.863,0.828,136.0,True,True,False,6,cap_reached,0.0,0.0,0.0,0.0,0.828,0.0,1.0,100.0
2018-08-06 19:00:00,0.0,0.0,0.0,False,True,False,6,cap_reached,0.0,0.0,0.0,0.0,0.0,0.0,1.0,100.0
2018-08-06 20:00:00,0.0,0.0,0.0,False,True,False,6,cap_reached,0.0,0.0,0.0,0.0,0.0,0.0,1.0,100.0
2018-08-06 21:00:00,0.0,0.0,0.0,False,True,False,6,cap_reached,0.0,0.0,0.0,0.0,0.0,0.0,1.0,100.0
2018-08-06 22:00:00,0.0,0.0,0.0,False,True,False,6,cap_reached,0.0,0.0,0.0,0.0,0.0,0.0,1.0,100.0
2018-08-06 23:00:00,0.0,0.0,0.0,False,True,False,6,cap_reached,0.0,0.0,0.0,0.0,0.0,0.0,1.0,100.0
2018-08-07 00:00:00,0.0,0.0,0.0,False,True,False,0,night,0.0,0.0,0.0,0.0,0.0,0.0,1.0,100.0
2018-08-07 01:00:00,0.0,0.0,0.0,False,True,False,0,night,0.0,0.0,0.0,0.0,0.0,0.0,1.0,100.0
2018-08-07 02:00:00,0.0,0.0,0.0,False,True,False,0,night,0.0,0.0,0.0,0.0,0.0,0.0,1.0,100.0
2018-08-07 03:00:00,0.0,0.0,0.0,False,True,False,0,night,0.0,0.0,0.0,0.0,0.0,0.0,1.0,100.0
2018-08-07 04:00:00,0.0,0.0,0.0,False,True,False,0,night,0.0,0.0,0.0,0.0,0.0,0.0,1.0,100.0
2018-08-07 05:00:00,0.0,0.0,0.0,False,True,False,0,night,0.0,0.0,0.0,0.0,0.0,0.0,1.0,100.0
2018-08-07 06:00:00,0.136,0.131,23.0,True,True,False,0,battery_empty,0.0,0.0,0.0,0.0,0.131,0.0,1.0,100.0
2018-08-07 07:00:00,1.088,1.044,200.0,True,True,True,1,ok,1.044,0.219,1.263,0.0,0.0,-0.23,0.77,77.0
2018-08-07 08:00:00,2.003,1.923,419.0,True,True,True,2,ok,1.263,0.0,1.263,0.23,0.418,0.23,1.0,100.0
2018-08-07 09:00:00,2.775,2.664,628.0,True,True,True,3,ok,1.263,0.0,1.263,0.0,1.401,0.0,1.0,100.0
2018-08-07 10:00:00,3.366,3.232,798.0,True,True,True,4,ok,1.263,0.0,1.263,0.0,1.969,0.0,1.0,100.0
2018-08-07 11:00:00,3.753,3.603,915.0,True,True,True,5,ok,1.263,0.0,1.263,0.0,2.34,0.0,1.0,100.0
2018-08-07 12:00:00,3.923,3.766,968.0,True,True,True,6,ok,1.263,0.0,1.263,0.0,2.503,0.0,1.0,100.0
2018-08-07 13:00:00,3.821,3.668,930.0,True,True,False,6,cap_reached,0.0,0.0,0.0,0.0,3.668,0.0,1.0,100.0
2018-08-07 14:00:00,3.191,3.063,739.0,True,True,False,6,cap_reached,0.0,0.0,0.0,0.0,3.063,0.0,1.0,100.0
2018-08-07 15:00:00,2.603,2.499,582.0,True,True,False,6,cap_reached,0.0,0.0,0.0,0.0,2.499,0.0,1.0,100.0
2018-08-07 16:00:00,2.389,2.294,524.0,True,True,False,6,cap_reached,0.0,0.0,0.0,0.0,2.294,0.0,1.0,100.0
2018-08-07 17:00:00,1.544,1.482,313.0,True,True,False,6,cap_reached,0.0,0.0,0.0,0.0,1.482,0.0,1.0,100.0
2018-08-07 18:00:00,0.588,0.564,108.0,True,True,False,6,cap_reached,0.0,0.0,0.0,0.0,0.564,0.0,1.0,100.0
2018-08-07 19:00:00,0.0,0.0,0.0,False,True,False,6,cap_reached,0.0,0.0,0.0,0.0,0.0,0.0,1.0,100.0
2018-08-07 20:00:00,0.0,0.0,0.0,False,True,False,6,cap_reached,0.0,0.0,0.0,0.0,0.0,0.0,1.0,100.0
2018-08-07 21:00:00,0.0,0.0,0.0,False,True,False,6,cap_reached,0.0,0.0,0.0,0.0,0.0,0.0,1.0,100.0
2018-08-07 22:00:00,0.0,0.0,0.0,False,True,False,6,cap_reached,0.0,0.0,0.0,0.0,0.0,0.0,1.0,100.0
2018-08-07 23:00:00,0.0,0.0,0.0,False,True,False,6,cap_reached,0.0,0.0,0.0,0.0,0.0,0.0,1.0,100.0
2018-08-08 00:00:00,0.0,0.0,0.0,False,True,False,0,night,0.0,0.0,0.0,0.0,0.0,0.0,1.0,100.0
2018-08-08 01:00:00,0.0,0.0,0.0,False,True,False,0,night,0.0,0.0,0.0,0.0,0.0,0.0,1.0,100.0
2018-08-08 02:00:00,0.0,0.0,0.0,False,True,False,0,night,0.0,0.0,0.0,0.0,0.0,0.0,1.0,100.0
2018-08-08 03:00:00,0.0,0.0,0.0,False,True,False,0,night,0.0,0.0,0.0,0.0,0.0,0.0,1.0,100.0
2018-08-08 04:00:00,0.0,0.0,0.0,False,True,False,0,night,0.0,0.0,0.0,0.0,0.0,0.0,1.0,100.0
2018-08-08 05:00:00,0.0,0.0,0.0,False,True,False,0,night,0.0,0.0,0.0,0.0,0.0,0.0,1.0,100.0
2018-08-08 06:00:00,0.109,0.105,20.0,True,True,False,0,battery_empty,0.0,0.0,0.0,0.0,0.105,0.0,1.0,100.0
2018-08-08 07:00:00,1.043,1.001,195.0,True,True,True,1,ok,1.001,0.262,1.263,0.0,0.0,-0.275,0.725,72.5
2018-08-08 08:00:00,1.97,1.892,414.0,True,True,True,2,ok,1.263,0.0,1.263,0.275,0.339,0.275,1.0,100.0
2018-08-08 09:00:00,1.528,1.467,323.0,True,True,True,3,ok,1.263,0.0,1.263,0.0,0.204,0.0,1.0,100.0
2018-08-08 10:00:00,3.335,3.202,790.0,True,True,True,4,ok,1.263,0.0,1.263,0.0,1.939,0.0,1.0,100.0
2018-08-08 11:00:00,3.73,3.581,910.0,True,True,True,5,ok,1.263,0.0,1.263,0.0,2.318,0.0,1.0,100.0
2018-08-08 12:00:00,3.915,3.758,968.0,True,True,True,6,ok,1.263,0.0,1.263,0.0,2.495,0.0,1.0,100.0
2018-08-08 13:00:00,3.837,3.683,941.0,True,True,False,6,cap_reached,0.0,0.0,0.0,0.0,3.683,0.0,1.0,100.0
2018-08-08 14:00:00,3.251,3.12,760.0,True,True,False,6,cap_reached,0.0,0.0,0.0,0.0,3.12,0.0,1.0,100.0
2018-08-08 15:00:00,3.091,2.967,722.0,True,True,False,6,cap_reached,0.0,0.0,0.0,0.0,2.967,0.0,1.0,100.0
2018-08-08 16:00:00,2.25,2.16,492.0,True,True,False,6,cap_reached,0.0,0.0,0.0,0.0,2.16,0.0,1.0,100.0
2018-08-08 17:00:00,1.575,1.512,319.0,True,True,False,6,cap_reached,0.0,0.0,0.0,0.0,1.512,0.0,1.0,100.0
2018-08-08 18:00:00,0.61,0.586,110.0,True,True,False,6,cap_reached,0.0,0.0,0.0,0.0,0.586,0.0,1.0,100.0
2018-08-08 19:00:00,0.0,0.0,0.0,False,True,False,6,cap_reached,0.0,0.0,0.0,0.0,0.0,0.0,1.0,100.0
2018-08-08 20:00:00,0.0,0.0,0.0,False,True,False,6,cap_reached,0.0,0.0,0.0,0.0,0.0,0.0,1.0,100.0
2018-08-08 21:00:00,0.0,0.0,0.0,False,True,False,6,cap_reached,0.0,0.0,0.0,0.0,0.0,0.0,1.0,100.0
2018-08-08 22:00:00,0.0,0.0,0.0,False,True,False,6,cap_reached,0.0,0.0,0.0,0.0,0.0,0.0,1.0,100.0
2018-08-08 23:00:00,0.0,0.0,0.0,False,True,False,6,cap_reached,0.0,0.0,0.0,0.0,0.0,0.0,1.0,100.0
2018-08-09 00:00:00,0.0,0.0,0.0,False,True,False,0,night,0.0,0.0,0.0,0.0,0.0,0.0,1.0,100.0
2018-08-09 01:00:00,0.0,0.0,0.0,False,True,False,0,night,0.0,0.0,0.0,0.0,0.0,0.0,1.0,100.0
2018-08-09 02:00:00,0.0,0.0,0.0,False,True,False,0,night,0.0,0.0,0.0,0.0,0.0,0.0,1.0,100.0
2018-08-09 03:00:00,0.0,0.0,0.0,False,True,False,0,night,0.0,0.0,0.0,0.0,0.0,0.0,1.0,100.0
2018-08-09 04:00:00,0.0,0.0,0.0,False,True,False,0,night,0.0,0.0,0.0,0.0,0.0,0.0,1.0,100.0
2018-08-09 05:00:00,0.0,0.0,0.0,False,True,False,0,night,0.0,0.0,0.0,0.0,0.0,0.0,1.0,100.0
2018-08-09 06:00:00,0.112,0.108,21.0,True,True,False,0,battery_empty,0.0,0.0,0.0,0.0,0.108,0.0,1.0,100.0
2018-08-09 07:00:00,1.057,1.015,197.0,True,True,True,1,ok,1.015,0.248,1.263,0.0,0.0,-0.261,0.739,73.9
2018-08-09 08:00:00,1.99,1.91,418.0,True,True,True,2,ok,1.263,0.0,1.263,0.261,0.372,0.261,1.0,100.0
2018-08-09 09:00:00,2.767,2.657,630.0,True,True,True,3,ok,1.263,0.0,1.263,0.0,1.394,0.0,1.0,100.0
2018-08-09 10:00:00,3.364,3.23,803.0,True,True,True,4,ok,1.263,0.0,1.263,0.0,1.967,0.0,1.0,100.0
2018-08-09 11:00:00,3.752,3.602,923.0,True,True,True,5,ok,1.263,0.0,1.263,0.0,2.339,0.0,1.0,100.0
2018-08-09 12:00:00,3.924,3.767,977.0,True,True,True,6,ok,1.263,0.0,1.263,0.0,2.504,0.0,1.0,100.0
2018-08-09 13:00:00,3.807,3.654,935.0,True,True,False,6,cap_reached,0.0,0.0,0.0,0.0,3.654,0.0,1.0,100.0
2018-08-09 14:00:00,3.535,3.394,853.0,True,True,False,6,cap_reached,0.0,0.0,0.0,0.0,3.394,0.0,1.0,100.0
2018-08-09 15:00:00,3.043,2.921,710.0,True,True,False,6,cap_reached,0.0,0.0,0.0,0.0,2.921,0.0,1.0,100.0
2018-08-09 16:00:00,2.359,2.265,522.0,True,True,False,6,cap_reached,0.0,0.0,0.0,0.0,2.265,0.0,1.0,100.0
2018-08-09 17:00:00,1.504,1.444,308.0,True,True,False,6,cap_reached,0.0,0.0,0.0,0.0,1.444,0.0,1.0,100.0
2018-08-09 18:00:00,0.548,0.526,103.0,True,True,False,6,cap_reached,0.0,0.0,0.0,0.0,0.526,0.0,1.0,100.0
2018-08-09 19:00:00,0.0,0.0,0.0,False,True,False,6,cap_reached,0.0,0.0,0.0,0.0,0.0,0.0,1.0,100.0
2018-08-09 20:00:00,0.0,0.0,0.0,False,True,False,6,cap_reached,0.0,0.0,0.0,0.0,0.0,0.0,1.0,100.0
2018-08-09 21:00:00,0.0,0.0,0.0,False,True,False,6,cap_reached,0.0,0.0,0.0,0.0,0.0,0.0,1.0,100.0
2018-08-09 22:00:00,0.0,0.0,0.0,False,True,False,6,cap_reached,0.0,0.0,0.0,0.0,0.0,0.0,1.0,100.0
2018-08-09 23:00:00,0.0,0.0,0.0,False,True,False,6,cap_reached,0.0,0.0,0.0,0.0,0.0,0.0,1.0,100.0
2018-08-10 00:00:00,0.0,0.0,0.0,False,True,False,0,night,0.0,0.0,0.0,0.0,0.0,0.0,1.0,100.0
2018-08-10 01:00:00,0.0,0.0,0.0,False,True,False,0,night,0.0,0.0,0.0,0.0,0.0,0.0,1.0,100.0
2018-08-10 02:00:00,0.0,0.0,0.0,False,True,False,0,night,0.0,0.0,0.0,0.0,0.0,0.0,1.0,100.0
2018-08-10 03:00:00,0.0,0.0,0.0,False,True,False,0,night,0.0,0.0,0.0,0.0,0.0,0.0,1.0,100.0
2018-08-10 04:00:00,0.0,0.0,0.0,False,True,False,0,night,0.0,0.0,0.0,0.0,0.0,0.0,1.0,100.0
2018-08-10 05:00:00,0.0,0.0,0.0,False,True,False,0,night,0.0,0.0,0.0,0.0,0.0,0.0,1.0,100.0
2018-08-10 06:00:00,0.125,0.12,21.0,True,True,False,0,battery_empty,0.0,0.0,0.0,0.0,0.12,0.0,1.0,100.0
2018-08-10 07:00:00,1.07,1.028,198.0,True,True,True,1,ok,1.028,0.235,1.263,0.0,0.0,-0.248,0.752,75.2
2018-08-10 08:00:00,1.982,1.903,419.0,True,True,True,2,ok,1.263,0.0,1.263,0.248,0.379,0.248,1.0,100.0
2018-08-10 09:00:00,2.751,2.64,627.0,True,True,True,3,ok,1.263,0.0,1.263,0.0,1.377,0.0,1.0,100.0
2018-08-10 10:00:00,3.347,3.213,801.0,True,True,True,4,ok,1.263,0.0,1.263,0.0,1.95,0.0,1.0,100.0
2018-08-10 11:00:00,2.18,2.093,472.0,True,True,True,5,ok,1.263,0.0,1.263,0.0,0.83,0.0,1.0,100.0
2018-08-10 12:00:00,1.888,1.813,406.0,True,True,True,6,ok,1.263,0.0,1.263,0.0,0.55,0.0,1.0,100.0
2018-08-10 13:00:00,3.217,3.088,739.0,True,True,False,6,cap_reached,0.0,0.0,0.0,0.0,3.088,0.0,1.0,100.0
2018-08-10 14:00:00,2.483,2.384,551.0,True,True,False,6,cap_reached,0.0,0.0,0.0,0.0,2.384,0.0,1.0,100.0
2018-08-10 15:00:00,2.339,2.246,521.0,True,True,False,6,cap_reached,0.0,0.0,0.0,0.0,2.246,0.0,1.0,100.0
2018-08-10 16:00:00,2.053,1.971,449.0,True,True,False,6,cap_reached,0.0,0.0,0.0,0.0,1.971,0.0,1.0,100.0
2018-08-10 17:00:00,1.6,1.536,325.0,True,True,False,6,cap_reached,0.0,0.0,0.0,0.0,1.536,0.0,1.0,100.0
2018-08-10 18:00:00,0.648,0.622,112.0,True,True,False,6,cap_reached,0.0,0.0,0.0,0.0,0.622,0.0,1.0,100.0
2018-08-10 19:00:00,0.0,0.0,0.0,False,True,False,6,cap_reached,0.0,0.0,0.0,0.0,0.0,0.0,1.0,100.0
2018-08-10 20:00:00,0.0,0.0,0.0,False,True,False,6,cap_reached,0.0,0.0,0.0,0.0,0.0,0.0,1.0,100.0
2018-08-10 21:00:00,0.0,0.0,0.0,False,True,False,6,cap_reached,0.0,0.0,0.0,0.0,0.0,0.0,1.0,100.0
2018-08-10 22:00:00,0.0,0.0,0.0,False,True,False,6,cap_reached,0.0,0.0,0.0,0.0,0.0,0.0,1.0,100.0
2018-08-10 23:00:00,0.0,0.0,0.0,False,True,False,6,cap_reached,0.0,0.0,0.0,0.0,0.0,0.0,1.0,100.0
2018-08-11 00:00:00,0.0,0.0,0.0,False,True,False,0,night,0.0,0.0,0.0,0.0,0.0,0.0,1.0,100.0
2018-08-11 01:00:00,0.0,0.0,0.0,False,True,False,0,night,0.0,0.0,0.0,0.0,0.0,0.0,1.0,100.0
2018-08-11 02:00:00,0.0,0.0,0.0,False,True,False,0,night,0.0,0.0,0.0,0.0,0.0,0.0,1.0,100.0
2018-08-11 03:00:00,0.0,0.0,0.0,False,True,False,0,night,0.0,0.0,0.0,0.0,0.0,0.0,1.0,100.0
2018-08-11 04:00:00,0.0,0.0,0.0,False,True,False,0,night,0.0,0.0,0.0,0.0,0.0,0.0,1.0,100.0
2018-08-11 05:00:00,0.0,0.0,0.0,False,True,False,0,night,0.0,0.0,0.0,0.0,0.0,0.0,1.0,100.0
2018-08-11 06:00:00,0.127,0.122,21.0,True,True,False,0,battery_empty,0.0,0.0,0.0,0.0,0.122,0.0,1.0,100.0
2018-08-11 07:00:00,1.062,1.02,197.0,True,True,True,1,ok,1.02,0.243,1.263,0.0,0.0,-0.256,0.744,74.4
2018-08-11 08:00:00,1.966,1.887,417.0,True,True,True,2,ok,1.263,0.0,1.263,0.256,0.355,0.256,1.0,100.0
2018-08-11 09:00:00,2.729,2.62,625.0,True,True,True,3,ok,1.263,0.0,1.263,0.0,1.357,0.0,1.0,100.0
2018-08-11 10:00:00,2.891,2.775,668.0,True,True,True,4,ok,1.263,0.0,1.263,0.0,1.512,0.0,1.0,100.0
2018-08-11 11:00:00,2.564,2.462,571.0,True,True,True,5,ok,1.263,0.0,1.263,0.0,1.199,0.0,1.0,100.0
2018-08-11 12:00:00,2.675,2.568,598.0,True,True,True,6,ok,1.263,0.0,1.263,0.0,1.305,0.0,1.0,100.0
2018-08-11 13:00:00,1.732,1.663,369.0,True,True,False,6,cap_reached,0.0,0.0,0.0,0.0,1.663,0.0,1.0,100.0
2018-08-11 14:00:00,2.788,2.676,627.0,True,True,False,6,cap_reached,0.0,0.0,0.0,0.0,2.676,0.0,1.0,100.0
2018-08-11 15:00:00,2.488,2.389,553.0,True,True,False,6,cap_reached,0.0,0.0,0.0,0.0,2.389,0.0,1.0,100.0
2018-08-11 16:00:00,1.986,1.907,434.0,True,True,False,6,cap_reached,0.0,0.0,0.0,0.0,1.907,0.0,1.0,100.0
2018-08-11 17:00:00,1.645,1.579,333.0,True,True,False,6,cap_reached,0.0,0.0,0.0,0.0,1.579,0.0,1.0,100.0
2018-08-11 18:00:00,0.712,0.684,117.0,True,True,False,6,cap_reached,0.0,0.0,0.0,0.0,0.684,0.0,1.0,100.0
2018-08-11 19:00:00,0.0,0.0,0.0,False,True,False,6,cap_reached,0.0,0.0,0.0,0.0,0.0,0.0,1.0,100.0
2018-08-11 20:00:00,0.0,0.0,0.0,False,True,False,6,cap_reached,0.0,0.0,0.0,0.0,0.0,0.0,1.0,100.0
2018-08-11 21:00:00,0.0,0.0,0.0,False,True,False,6,cap_reached,0.0,0.0,0.0,0.0,0.0,0.0,1.0,100.0
2018-08-11 22:00:00,0.0,0.0,0.0,False,True,False,6,cap_reached,0.0,0.0,0.0,0.0,0.0,0.0,1.0,100.0
2018-08-11 23:00:00,0.0,0.0,0.0,False,True,False,6,cap_reached,0.0,0.0,0.0,0.0,0.0,0.0,1.0,100.0
2018-08-12 00:00:00,0.0,0.0,0.0,False,True,False,0,night,0.0,0.0,0.0,0.0,0.0,0.0,1.0,100.0
2018-08-12 01:00:00,0.0,0.0,0.0,False,True,False,0,night,0.0,0.0,0.0,0.0,0.0,0.0,1.0,100.0
2018-08-12 02:00:00,0.0,0.0,0.0,False,True,False,0,night,0.0,0.0,0.0,0.0,0.0,0.0,1.0,100.0
2018-08-12 03:00:00,0.0,0.0,0.0,False,True,False,0,night,0.0,0.0,0.0,0.0,0.0,0.0,1.0,100.0
2018-08-12 04:00:00,0.0,0.0,0.0,False,True,False,0,night,0.0,0.0,0.0,0.0,0.0,0.0,1.0,100.0
2018-08-12 05:00:00,0.0,0.0,0.0,False,True,False,0,night,0.0,0.0,0.0,0.0,0.0,0.0,1.0,100.0
2018-08-12 06:00:00,0.137,0.132,21.0,True,True,False,0,battery_empty,0.0,0.0,0.0,0.0,0.132,0.0,1.0,100.0
2018-08-12 07:00:00,1.075,1.032,199.0,True,True,True,1,ok,1.032,0.231,1.263,0.0,0.0,-0.244,0.756,75.6
2018-08-12 08:00:00,1.973,1.894,420.0,True,True,True,2,ok,1.263,0.0,1.263,0.244,0.375,0.244,1.0,100.0
2018-08-12 09:00:00,2.391,2.295,535.0,True,True,True,3,ok,1.263,0.0,1.263,0.0,1.032,0.0,1.0,100.0
2018-08-12 10:00:00,0.307,0.295,63.0,True,True,False,3,battery_empty,0.0,0.0,0.0,0.0,0.295,0.0,1.0,100.0
2018-08-12 11:00:00,1.243,1.193,261.0,True,True,True,4,ok,1.193,0.07,1.263,0.0,0.0,-0.074,0.926,92.6
2018-08-12 12:00:00,0.586,0.562,122.0,True,True,True,5,ok,0.562,0.701,1.263,0.0,0.0,-0.738,0.189,18.9
2018-08-12 13:00:00,1.761,1.691,375.0,True,True,True,6,ok,1.263,0.0,1.263,0.406,0.0,0.406,0.595,59.5
2018-08-12 14:00:00,1.775,1.704,379.0,True,True,False,6,cap_reached,0.0,0.0,0.0,0.405,1.278,0.405,1.0,100.0
2018-08-12 15:00:00,0.694,0.666,144.0,True,True,False,6,cap_reached,0.0,0.0,0.0,0.0,0.666,0.0,1.0,100.0
2018-08-12 16:00:00,1.323,1.271,279.0,True,True,False,6,cap_reached,0.0,0.0,0.0,0.0,1.271,0.0,1.0,100.0
2018-08-12 17:00:00,1.589,1.526,323.0,True,True,False,6,cap_reached,0.0,0.0,0.0,0.0,1.526,0.0,1.0,100.0
2018-08-12 18:00:00,0.375,0.36,76.0,True,True,False,6,cap_reached,0.0,0.0,0.0,0.0,0.36,0.0,1.0,100.0
2018-08-12 19:00:00,0.0,0.0,0.0,False,True,False,6,cap_reached,0.0,0.0,0.0,0.0,0.0,0.0,1.0,100.0
2018-08-12 20:00:00,0.0,0.0,0.0,False,True,False,6,cap_reached,0.0,0.0,0.0,0.0,0.0,0.0,1.0,100.0
2018-08-12 21:00:00,0.0,0.0,0.0,False,True,False,6,cap_reached,0.0,0.0,0.0,0.0,0.0,0.0,1.0,100.0
2018-08-12 22:00:00,0.0,0.0,0.0,False,True,False,6,cap_reached,0.0,0.0,0.0,0.0,0.0,0.0,1.0,100.0
2018-08-12 23:00:00,0.0,0.0,0.0,False,True,False,6,cap_reached,0.0,0.0,0.0,0.0,0.0,0.0,1.0,100.0
2018-08-13 00:00:00,0.0,0.0,0.0,False,True,False,0,night,0.0,0.0,0.0,0.0,0.0,0.0,1.0,100.0
2018-08-13 01:00:00,0.0,0.0,0.0,False,True,False,0,night,0.0,0.0,0.0,0.0,0.0,0.0,1.0,100.0
2018-08-13 02:00:00,0.0,0.0,0.0,False,True,False,0,night,0.0,0.0,0.0,0.0,0.0,0.0,1.0,100.0
2018-08-13 03:00:00,0.0,0.0,0.0,False,True,False,0,night,0.0,0.0,0.0,0.0,0.0,0.0,1.0,100.0
2018-08-13 04:00:00,0.0,0.0,0.0,False,True,False,0,night,0.0,0.0,0.0,0.0,0.0,0.0,1.0,100.0
2018-08-13 05:00:00,0.0,0.0,0.0,False,True,False,0,night,0.0,0.0,0.0,0.0,0.0,0.0,1.0,100.0
2018-08-13 06:00:00,0.059,0.057,12.0,False,True,False,0,night,0.0,0.0,0.0,0.0,0.057,0.0,1.0,100.0
2018-08-13 07:00:00,1.102,1.058,203.0,True,True,True,1,ok,1.058,0.205,1.263,0.0,0.0,-0.216,0.784,78.4
2018-08-13 08:00:00,1.999,1.919,427.0,True,True,True,2,ok,1.263,0.0,1.263,0.216,0.429,0.216,1.0,100.0
2018-08-13 09:00:00,2.422,2.325,546.0,True,True,True,3,ok,1.263,0.0,1.263,0.0,1.062,0.0,1.0,100.0
2018-08-13 10:00:00,3.348,3.214,809.0,True,True,True,4,ok,1.263,0.0,1.263,0.0,1.951,0.0,1.0,100.0
2018-08-13 11:00:00,2.813,2.7,642.0,True,True,True,5,ok,1.263,0.0,1.263,0.0,1.437,0.0,1.0,100.0
2018-08-13 12:00:00,1.652,1.586,351.0,True,True,True,6,ok,1.263,0.0,1.263,0.0,0.323,0.0,1.0,100.0
2018-08-13 13:00:00,2.808,2.696,642.0,True,True,False,6,cap_reached,0.0,0.0,0.0,0.0,2.696,0.0,1.0,100.0
2018-08-13 14:00:00,2.298,2.206,503.0,True,True,False,6,cap_reached,0.0,0.0,0.0,0.0,2.206,0.0,1.0,100.0
2018-08-13 15:00:00,2.15,2.064,474.0,True,True,False,6,cap_reached,0.0,0.0,0.0,0.0,2.064,0.0,1.0,100.0
2018-08-13 16:00:00,2.119,2.034,469.0,True,True,False,6,cap_reached,0.0,0.0,0.0,0.0,2.034,0.0,1.0,100.0
2018-08-13 17:00:00,1.631,1.565,332.0,True,True,False,6,cap_reached,0.0,0.0,0.0,0.0,1.565,0.0,1.0,100.0
2018-08-13 18:00:00,0.686,0.659,114.0,True,True,False,6,cap_reached,0.0,0.0,0.0,0.0,0.659,0.0,1.0,100.0
2018-08-13 19:00:00,0.0,0.0,0.0,False,True,False,6,cap_reached,0.0,0.0,0.0,0.0,0.0,0.0,1.0,100.0
2018-08-13 20:00:00,0.0,0.0,0.0,False,True,False,6,cap_reached,0.0,0.0,0.0,0.0,0.0,0.0,1.0,100.0
2018-08-13 21:00:00,0.0,0.0,0.0,False,True,False,6,cap_reached,0.0,0.0,0.0,0.0,0.0,0.0,1.0,100.0
2018-08-13 22:00:00,0.0,0.0,0.0,False,True,False,6,cap_reached,0.0,0.0,0.0,0.0,0.0,0.0,1.0,100.0
2018-08-13 23:00:00,0.0,0.0,0.0,False,True,False,6,cap_reached,0.0,0.0,0.0,0.0,0.0,0.0,1.0,100.0
2018-08-14 00:00:00,0.0,0.0,0.0,False,True,False,0,night,0.0,0.0,0.0,0.0,0.0,0.0,1.0,100.0
2018-08-14 01:00:00,0.0,0.0,0.0,False,True,False,0,night,0.0,0.0,0.0,0.0,0.0,0.0,1.0,100.0
2018-08-14 02:00:00,0.0,0.0,0.0,False,True,False,0,night,0.0,0.0,0.0,0.0,0.0,0.0,1.0,100.0
2018-08-14 03:00:00,0.0,0.0,0.0,False,True,False,0,night,0.0,0.0,0.0,0.0,0.0,0.0,1.0,100.0
2018-08-14 04:00:00,0.0,0.0,0.0,False,True,False,0,night,0.0,0.0,0.0,0.0,0.0,0.0,1.0,100.0
2018-08-14 05:00:00,0.0,0.0,0.0,False,True,False,0,night,0.0,0.0,0.0,0.0,0.0,0.0,1.0,100.0
2018-08-14 06:00:00,0.135,0.129,21.0,True,True,False,0,battery_empty,0.0,0.0,0.0,0.0,0.129,0.0,1.0,100.0
2018-08-14 07:00:00,1.086,1.043,202.0,True,True,True,1,ok,1.043,0.22,1.263,0.0,0.0,-0.232,0.768,76.8
2018-08-14 08:00:00,1.996,1.916,428.0,True,True,True,2,ok,1.263,0.0,1.263,0.232,0.409,0.232,1.0,100.0
2018-08-14 09:00:00,2.76,2.65,639.0,True,True,True,3,ok,1.263,0.0,1.263,0.0,1.387,0.0,1.0,100.0
2018-08-14 10:00:00,3.362,3.227,818.0,True,True,True,4,ok,1.263,0.0,1.263,0.0,1.964,0.0,1.0,100.0
2018-08-14 11:00:00,3.741,3.591,936.0,True,True,True,5,ok,1.263,0.0,1.263,0.0,2.328,0.0,1.0,100.0
2018-08-14 12:00:00,3.911,3.755,990.0,True,True,True,6,ok,1.263,0.0,1.263,0.0,2.492,0.0,1.0,100.0
2018-08-14 13:00:00,3.859,3.705,975.0,True,True,False,6,cap_reached,0.0,0.0,0.0,0.0,3.705,0.0,1.0,100.0
2018-08-14 14:00:00,3.597,3.453,892.0,True,True,False,6,cap_reached,0.0,0.0,0.0,0.0,3.453,0.0,1.0,100.0
2018-08-14 15:00:00,3.121,2.996,749.0,True,True,False,6,cap_reached,0.0,0.0,0.0,0.0,2.996,0.0,1.0,100.0
2018-08-14 16:00:00,2.457,2.358,555.0,True,True,False,6,cap_reached,0.0,0.0,0.0,0.0,2.358,0.0,1.0,100.0
2018-08-14 17:00:00,1.621,1.556,332.0,True,True,False,6,cap_reached,0.0,0.0,0.0,0.0,1.556,0.0,1.0,100.0
2018-08-14 18:00:00,0.669,0.643,112.0,True,True,False,6,cap_reached,0.0,0.0,0.0,0.0,0.643,0.0,1.0,100.0
2018-08-14 19:00:00,0.0,0.0,0.0,False,True,False,6,cap_reached,0.0,0.0,0.0,0.0,0.0,0.0,1.0,100.0
2018-08-14 20:00:00,0.0,0.0,0.0,False,True,False,6,cap_reached,0.0,0.0,0.0,0.0,0.0,0.0,1.0,100.0
2018-08-14 21:00:00,0.0,0.0,0.0,False,True,False,6,cap_reached,0.0,0.0,0.0,0.0,0.0,0.0,1.0,100.0
2018-08-14 22:00:00,0.0,0.0,0.0,False,True,False,6,cap_reached,0.0,0.0,0.0,0.0,0.0,0.0,1.0,100.0
2018-08-14 23:00:00,0.0,0.0,0.0,False,True,False,6,cap_reached,0.0,0.0,0.0,0.0,0.0,0.0,1.0,100.0
2018-08-15 00:00:00,0.0,0.0,0.0,False,True,False,0,night,0.0,0.0,0.0,0.0,0.0,0.0,1.0,100.0
2018-08-15 01:00:00,0.0,0.0,0.0,False,True,False,0,night,0.0,0.0,0.0,0.0,0.0,0.0,1.0,100.0
2018-08-15 02:00:00,0.0,0.0,0.0,False,True,False,0,night,0.0,0.0,0.0,0.0,0.0,0.0,1.0,100.0
2018-08-15 03:00:00,0.0,0.0,0.0,False,True,False,0,night,0.0,0.0,0.0,0.0,0.0,0.0,1.0,100.0
2018-08-15 04:00:00,0.0,0.0,0.0,False,True,False,0,night,0.0,0.0,0.0,0.0,0.0,0.0,1.0,100.0
2018-08-15 05:00:00,0.0,0.0,0.0,False,True,False,0,night,0.0,0.0,0.0,0.0,0.0,0.0,1.0,100.0
2018-08-15 06:00:00,0.123,0.118,20.0,True,True,False,0,battery_empty,0.0,0.0,0.0,0.0,0.118,0.0,1.0,100.0
2018-08-15 07:00:00,1.065,1.022,200.0,True,True,True,1,ok,1.022,0.241,1.263,0.0,0.0,-0.254,0.746,74.6
2018-08-15 08:00:00,1.965,1.886,424.0,True,True,True,2,ok,1.263,0.0,1.263,0.254,0.356,0.254,1.0,100.0
2018-08-15 09:00:00,2.738,2.628,636.0,True,True,True,3,ok,1.263,0.0,1.263,0.0,1.365,0.0,1.0,100.0
2018-08-15 10:00:00,3.338,3.205,815.0,True,True,True,4,ok,1.263,0.0,1.263,0.0,1.942,0.0,1.0,100.0
2018-08-15 11:00:00,3.732,3.582,938.0,True,True,True,5,ok,1.263,0.0,1.263,0.0,2.319,0.0,1.0,100.0
2018-08-15 12:00:00,3.906,3.75,992.0,True,True,True,6,ok,1.263,0.0,1.263,0.0,2.487,0.0,1.0,100.0
2018-08-15 13:00:00,3.854,3.699,977.0,True,True,False,6,cap_reached,0.0,0.0,0.0,0.0,3.699,0.0,1.0,100.0
2018-08-15 14:00:00,3.581,3.438,893.0,True,True,False,6,cap_reached,0.0,0.0,0.0,0.0,3.438,0.0,1.0,100.0
2018-08-15 15:00:00,3.099,2.975,746.0,True,True,False,6,cap_reached,0.0,0.0,0.0,0.0,2.975,0.0,1.0,100.0
2018-08-15 16:00:00,2.426,2.329,550.0,True,True,False,6,cap_reached,0.0,0.0,0.0,0.0,2.329,0.0,1.0,100.0
2018-08-15 17:00:00,1.583,1.519,325.0,True,True,False,6,cap_reached,0.0,0.0,0.0,0.0,1.519,0.0,1.0,100.0
2018-08-15 18:00:00,0.621,0.596,106.0,True,True,False,6,cap_reached,0.0,0.0,0.0,0.0,0.596,0.0,1.0,100.0
2018-08-15 19:00:00,0.0,0.0,0.0,False,True,False,6,cap_reached,0.0,0.0,0.0,0.0,0.0,0.0,1.0,100.0
2018-08-15 20:00:00,0.0,0.0,0.0,False,True,False,6,cap_reached,0.0,0.0,0.0,0.0,0.0,0.0,1.0,100.0
2018-08-15 21:00:00,0.0,0.0,0.0,False,True,False,6,cap_reached,0.0,0.0,0.0,0.0,0.0,0.0,1.0,100.0
2018-08-15 22:00:00,0.0,0.0,0.0,False,True,False,6,cap_reached,0.0,0.0,0.0,0.0,0.0,0.0,1.0,100.0
2018-08-15 23:00:00,0.0,0.0,0.0,False,True,False,6,cap_reached,0.0,0.0,0.0,0.0,0.0,0.0,1.0,100.0
2018-08-16 00:00:00,0.0,0.0,0.0,False,True,False,0,night,0.0,0.0,0.0,0.0,0.0,0.0,1.0,100.0
2018-08-16 01:00:00,0.0,0.0,0.0,False,True,False,0,night,0.0,0.0,0.0,0.0,0.0,0.0,1.0,100.0
2018-08-16 02:00:00,0.0,0.0,0.0,False,True,False,0,night,0.0,0.0,0.0,0.0,0.0,0.0,1.0,100.0
2018-08-16 03:00:00,0.0,0.0,0.0,False,True,False,0,night,0.0,0.0,0.0,0.0,0.0,0.0,1.0,100.0
2018-08-16 04:00:00,0.0,0.0,0.0,False,True,False,0,night,0.0,0.0,0.0,0.0,0.0,0.0,1.0,100.0
2018-08-16 05:00:00,0.0,0.0,0.0,False,True,False,0,night,0.0,0.0,0.0,0.0,0.0,0.0,1.0,100.0
2018-08-16 06:00:00,0.074,0.071,15.0,False,True,False,0,night,0.0,0.0,0.0,0.0,0.071,0.0,1.0,100.0
2018-08-16 07:00:00,0.479,0.46,98.0,True,True,True,1,ok,0.46,0.803,1.263,0.0,0.0,-0.845,0.155,15.5
2018-08-16 08:00:00,1.571,1.509,334.0,True,True,True,2,ok,1.263,0.0,1.263,0.233,0.0,0.233,0.388,38.8
2018-08-16 09:00:00,2.727,2.618,635.0,True,True,True,3,ok,1.263,0.0,1.263,0.612,0.711,0.612,1.0,100.0
2018-08-16 10:00:00,3.332,3.199,818.0,True,True,True,4,ok,1.263,0.0,1.263,0.0,1.936,0.0,1.0,100.0
2018-08-16 11:00:00,3.712,3.564,935.0,True,True,True,5,ok,1.263,0.0,1.263,0.0,2.301,0.0,1.0,100.0
2018-08-16 12:00:00,3.875,3.72,988.0,True,True,True,6,ok,1.263,0.0,1.263,0.0,2.457,0.0,1.0,100.0
2018-08-16 13:00:00,3.292,3.16,799.0,True,True,False,6,cap_reached,0.0,0.0,0.0,0.0,3.16,0.0,1.0,100.0
2018-08-16 14:00:00,2.784,2.672,642.0,True,True,False,6,cap_reached,0.0,0.0,0.0,0.0,2.672,0.0,1.0,100.0
2018-08-16 15:00:00,2.496,2.396,570.0,True,True,False,6,cap_reached,0.0,0.0,0.0,0.0,2.396,0.0,1.0,100.0
2018-08-16 16:00:00,2.396,2.301,545.0,True,True,False,6,cap_reached,0.0,0.0,0.0,0.0,2.301,0.0,1.0,100.0
2018-08-16 17:00:00,1.573,1.51,323.0,True,True,False,6,cap_reached,0.0,0.0,0.0,0.0,1.51,0.0,1.0,100.0
2018-08-16 18:00:00,0.628,0.603,106.0,True,True,False,6,cap_reached,0.0,0.0,0.0,0.0,0.603,0.0,1.0,100.0
2018-08-16 19:00:00,0.0,0.0,0.0,False,True,False,6,cap_reached,0.0,0.0,0.0,0.0,0.0,0.0,1.0,100.0
2018-08-16 20:00:00,0.0,0.0,0.0,False,True,False,6,cap_reached,0.0,0.0,0.0,0.0,0.0,0.0,1.0,100.0
2018-08-16 21:00:00,0.0,0.0,0.0,False,True,False,6,cap_reached,0.0,0.0,0.0,0.0,0.0,0.0,1.0,100.0
2018-08-16 22:00:00,0.0,0.0,0.0,False,True,False,6,cap_reached,0.0,0.0,0.0,0.0,0.0,0.0,1.0,100.0
2018-08-16 23:00:00,0.0,0.0,0.0,False,True,False,6,cap_reached,0.0,0.0,0.0,0.0,0.0,0.0,1.0,100.0
2018-08-17 00:00:00,0.0,0.0,0.0,False,True,False,0,night,0.0,0.0,0.0,0.0,0.0,0.0,1.0,100.0
2018-08-17 01:00:00,0.0,0.0,0.0,False,True,False,0,night,0.0,0.0,0.0,0.0,0.0,0.0,1.0,100.0
2018-08-17 02:00:00,0.0,0.0,0.0,False,True,False,0,night,0.0,0.0,0.0,0.0,0.0,0.0,1.0,100.0
2018-08-17 03:00:00,0.0,0.0,0.0,False,True,False,0,night,0.0,0.0,0.0,0.0,0.0,0.0,1.0,100.0
2018-08-17 04:00:00,0.0,0.0,0.0,False,True,False,0,night,0.0,0.0,0.0,0.0,0.0,0.0,1.0,100.0
2018-08-17 05:00:00,0.0,0.0,0.0,False,True,False,0,night,0.0,0.0,0.0,0.0,0.0,0.0,1.0,100.0
2018-08-17 06:00:00,0.126,0.121,19.0,True,True,False,0,battery_empty,0.0,0.0,0.0,0.0,0.121,0.0,1.0,100.0
2018-08-17 07:00:00,0.611,0.587,126.0,True,True,True,1,ok,0.587,0.676,1.263,0.0,0.0,-0.712,0.288,28.8
2018-08-17 08:00:00,1.946,1.868,421.0,True,True,True,2,ok,1.263,0.0,1.263,0.575,0.0,0.575,0.863,86.3
2018-08-17 09:00:00,2.116,2.031,469.0,True,True,True,3,ok,1.263,0.0,1.263,0.137,0.624,0.137,1.0,100.0
2018-08-17 10:00:00,2.741,2.631,640.0,True,True,True,4,ok,1.263,0.0,1.263,0.0,1.368,0.0,1.0,100.0
2018-08-17 11:00:00,3.674,3.527,924.0,True,True,True,5,ok,1.263,0.0,1.263,0.0,2.264,0.0,1.0,100.0
2018-08-17 12:00:00,3.841,3.687,977.0,True,True,True,6,ok,1.263,0.0,1.263,0.0,2.424,0.0,1.0,100.0
2018-08-17 13:00:00,3.786,3.634,960.0,True,True,False,6,cap_reached,0.0,0.0,0.0,0.0,3.634,0.0,1.0,100.0
2018-08-17 14:00:00,3.508,3.368,875.0,True,True,False,6,cap_reached,0.0,0.0,0.0,0.0,3.368,0.0,1.0,100.0
2018-08-17 15:00:00,3.022,2.901,728.0,True,True,False,6,cap_reached,0.0,0.0,0.0,0.0,2.901,0.0,1.0,100.0
2018-08-17 16:00:00,2.343,2.249,533.0,True,True,False,6,cap_reached,0.0,0.0,0.0,0.0,2.249,0.0,1.0,100.0
2018-08-17 17:00:00,1.516,1.456,313.0,True,True,False,6,cap_reached,0.0,0.0,0.0,0.0,1.456,0.0,1.0,100.0
2018-08-17 18:00:00,0.586,0.563,100.0,True,True,False,6,cap_reached,0.0,0.0,0.0,0.0,0.563,0.0,1.0,100.0
2018-08-17 19:00:00,0.0,0.0,0.0,False,True,False,6,cap_reached,0.0,0.0,0.0,0.0,0.0,0.0,1.0,100.0
2018-08-17 20:00:00,0.0,0.0,0.0,False,True,False,6,cap_reached,0.0,0.0,0.0,0.0,0.0,0.0,1.0,100.0
2018-08-17 21:00:00,0.0,0.0,0.0,False,True,False,6,cap_reached,0.0,0.0,0.0,0.0,0.0,0.0,1.0,100.0
2018-08-17 22:00:00,0.0,0.0,0.0,False,True,False,6,cap_reached,0.0,0.0,0.0,0.0,0.0,0.0,1.0,100.0
2018-08-17 23:00:00,0.0,0.0,0.0,False,True,False,6,cap_reached,0.0,0.0,0.0,0.0,0.0,0.0,1.0,100.0
2018-08-18 00:00:00,0.0,0.0,0.0,False,True,False,0,night,0.0,0.0,0.0,0.0,0.0,0.0,1.0,100.0
2018-08-18 01:00:00,0.0,0.0,0.0,False,True,False,0,night,0.0,0.0,0.0,0.0,0.0,0.0,1.0,100.0
2018-08-18 02:00:00,0.0,0.0,0.0,False,True,False,0,night,0.0,0.0,0.0,0.0,0.0,0.0,1.0,100.0
2018-08-18 03:00:00,0.0,0.0,0.0,False,True,False,0,night,0.0,0.0,0.0,0.0,0.0,0.0,1.0,100.0
2018-08-18 04:00:00,0.0,0.0,0.0,False,True,False,0,night,0.0,0.0,0.0,0.0,0.0,0.0,1.0,100.0
2018-08-18 05:00:00,0.0,0.0,0.0,False,True,False,0,night,0.0,0.0,0.0,0.0,0.0,0.0,1.0,100.0
2018-08-18 06:00:00,0.059,0.057,12.0,False,True,False,0,night,0.0,0.0,0.0,0.0,0.057,0.0,1.0,100.0
2018-08-18 07:00:00,0.054,0.052,11.0,False,True,False,0,night,0.0,0.0,0.0,0.0,0.052,0.0,1.0,100.0
2018-08-18 08:00:00,0.965,0.926,201.0,True,True,True,1,ok,0.926,0.337,1.263,0.0,0.0,-0.355,0.645,64.5
2018-08-18 09:00:00,1.92,1.843,421.0,True,True,True,2,ok,1.263,0.0,1.263,0.355,0.207,0.355,1.0,100.0
2018-08-18 10:00:00,2.636,2.531,613.0,True,True,True,3,ok,1.263,0.0,1.263,0.0,1.268,0.0,1.0,100.0
2018-08-18 11:00:00,3.108,2.983,740.0,True,True,True,4,ok,1.263,0.0,1.263,0.0,1.72,0.0,1.0,100.0
2018-08-18 12:00:00,3.828,3.674,975.0,True,True,True,5,ok,1.263,0.0,1.263,0.0,2.411,0.0,1.0,100.0
2018-08-18 13:00:00,3.321,3.189,809.0,True,True,True,6,ok,1.263,0.0,1.263,0.0,1.926,0.0,1.0,100.0
2018-08-18 14:00:00,3.498,3.358,874.0,True,True,False,6,cap_reached,0.0,0.0,0.0,0.0,3.358,0.0,1.0,100.0
2018-08-18 15:00:00,3.021,2.9,729.0,True,True,False,6,cap_reached,0.0,0.0,0.0,0.0,2.9,0.0,1.0,100.0
2018-08-18 16:00:00,2.352,2.258,537.0,True,True,False,6,cap_reached,0.0,0.0,0.0,0.0,2.258,0.0,1.0,100.0
2018-08-18 17:00:00,1.256,1.206,260.0,True,True,False,6,cap_reached,0.0,0.0,0.0,0.0,1.206,0.0,1.0,100.0
2018-08-18 18:00:00,0.32,0.307,65.0,True,True,False,6,cap_reached,0.0,0.0,0.0,0.0,0.307,0.0,1.0,100.0
2018-08-18 19:00:00,0.0,0.0,0.0,False,True,False,6,cap_reached,0.0,0.0,0.0,0.0,0.0,0.0,1.0,100.0
2018-08-18 20:00:00,0.0,0.0,0.0,False,True,False,6,cap_reached,0.0,0.0,0.0,0.0,0.0,0.0,1.0,100.0
2018-08-18 21:00:00,0.0,0.0,0.0,False,True,False,6,cap_reached,0.0,0.0,0.0,0.0,0.0,0.0,1.0,100.0
2018-08-18 22:00:00,0.0,0.0,0.0,False,True,False,6,cap_reached,0.0,0.0,0.0,0.0,0.0,0.0,1.0,100.0
2018-08-18 23:00:00,0.0,0.0,0.0,False,True,False,6,cap_reached,0.0,0.0,0.0,0.0,0.0,0.0,1.0,100.0
2018-08-19 00:00:00,0.0,0.0,0.0,False,True,False,0,night,0.0,0.0,0.0,0.0,0.0,0.0,1.0,100.0
2018-08-19 01:00:00,0.0,0.0,0.0,False,True,False,0,night,0.0,0.0,0.0,0.0,0.0,0.0,1.0,100.0
2018-08-19 02:00:00,0.0,0.0,0.0,False,True,False,0,night,0.0,0.0,0.0,0.0,0.0,0.0,1.0,100.0
2018-08-19 03:00:00,0.0,0.0,0.0,False,True,False,0,night,0.0,0.0,0.0,0.0,0.0,0.0,1.0,100.0
2018-08-19 04:00:00,0.0,0.0,0.0,False,True,False,0,night,0.0,0.0,0.0,0.0,0.0,0.0,1.0,100.0
2018-08-19 05:00:00,0.0,0.0,0.0,False,True,False,0,night,0.0,0.0,0.0,0.0,0.0,0.0,1.0,100.0
2018-08-19 06:00:00,0.138,0.133,18.0,True,True,False,0,battery_empty,0.0,0.0,0.0,0.0,0.133,0.0,1.0,100.0
2018-08-19 07:00:00,1.062,1.019,201.0,True,True,True,1,ok,1.019,0.244,1.263,0.0,0.0,-0.257,0.743,74.3
2018-08-19 08:00:00,1.951,1.873,427.0,True,True,True,2,ok,1.263,0.0,1.263,0.257,0.34,0.257,1.0,100.0
2018-08-19 09:00:00,2.703,2.595,637.0,True,True,True,3,ok,1.263,0.0,1.263,0.0,1.332,0.0,1.0,100.0
2018-08-19 10:00:00,3.291,3.159,812.0,True,True,True,4,ok,1.263,0.0,1.263,0.0,1.896,0.0,1.0,100.0
2018-08-19 11:00:00,3.664,3.518,929.0,True,True,True,5,ok,1.263,0.0,1.263,0.0,2.255,0.0,1.0,100.0
2018-08-19 12:00:00,3.83,3.676,981.0,True,True,True,6,ok,1.263,0.0,1.263,0.0,2.413,0.0,1.0,100.0
2018-08-19 13:00:00,2.135,2.049,466.0,True,True,False,6,cap_reached,0.0,0.0,0.0,0.0,2.049,0.0,1.0,100.0
2018-08-19 14:00:00,2.749,2.64,638.0,True,True,False,6,cap_reached,0.0,0.0,0.0,0.0,2.64,0.0,1.0,100.0
2018-08-19 15:00:00,1.883,1.807,412.0,True,True,False,6,cap_reached,0.0,0.0,0.0,0.0,1.807,0.0,1.0,100.0
2018-08-19 16:00:00,0.621,0.596,129.0,True,True,False,6,cap_reached,0.0,0.0,0.0,0.0,0.596,0.0,1.0,100.0
2018-08-19 17:00:00,0.523,0.503,108.0,True,True,False,6,cap_reached,0.0,0.0,0.0,0.0,0.503,0.0,1.0,100.0
2018-08-19 18:00:00,0.228,0.219,47.0,True,True,False,6,cap_reached,0.0,0.0,0.0,0.0,0.219,0.0,1.0,100.0
2018-08-19 19:00:00,0.0,0.0,0.0,False,True,False,6,cap_reached,0.0,0.0,0.0,0.0,0.0,0.0,1.0,100.0
2018-08-19 20:00:00,0.0,0.0,0.0,False,True,False,6,cap_reached,0.0,0.0,0.0,0.0,0.0,0.0,1.0,100.0
2018-08-19 21:00:00,0.0,0.0,0.0,False,True,False,6,cap_reached,0.0,0.0,0.0,0.0,0.0,0.0,1.0,100.0
2018-08-19 22:00:00,0.0,0.0,0.0,False,True,False,6,cap_reached,0.0,0.0,0.0,0.0,0.0,0.0,1.0,100.0
2018-08-19 23:00:00,0.0,0.0,0.0,False,True,False,6,cap_reached,0.0,0.0,0.0,0.0,0.0,0.0,1.0,100.0
2018-08-20 00:00:00,0.0,0.0,0.0,False,True,False,0,night,0.0,0.0,0.0,0.0,0.0,0.0,1.0,100.0
2018-08-20 01:00:00,0.0,0.0,0.0,False,True,False,0,night,0.0,0.0,0.0,0.0,0.0,0.0,1.0,100.0
2018-08-20 02:00:00,0.0,0.0,0.0,False,True,False,0,night,0.0,0.0,0.0,0.0,0.0,0.0,1.0,100.0
2018-08-20 03:00:00,0.0,0.0,0.0,False,True,False,0,night,0.0,0.0,0.0,0.0,0.0,0.0,1.0,100.0
2018-08-20 04:00:00,0.0,0.0,0.0,False,True,False,0,night,0.0,0.0,0.0,0.0,0.0,0.0,1.0,100.0
2018-08-20 05:00:00,0.0,0.0,0.0,False,True,False,0,night,0.0,0.0,0.0,0.0,0.0,0.0,1.0,100.0
2018-08-20 06:00:00,0.134,0.128,18.0,True,True,False,0,battery_empty,0.0,0.0,0.0,0.0,0.128,0.0,1.0,100.0
2018-08-20 07:00:00,1.063,1.02,202.0,True,True,True,1,ok,1.02,0.243,1.263,0.0,0.0,-0.255,0.745,74.5
2018-08-20 08:00:00,1.953,1.875,430.0,True,True,True,2,ok,1.263,0.0,1.263,0.255,0.343,0.255,1.0,100.0
2018-08-20 09:00:00,2.715,2.606,643.0,True,True,True,3,ok,1.263,0.0,1.263,0.0,1.343,0.0,1.0,100.0
2018-08-20 10:00:00,3.295,3.163,817.0,True,True,True,4,ok,1.263,0.0,1.263,0.0,1.9,0.0,1.0,100.0
2018-08-20 11:00:00,3.673,3.526,936.0,True,True,True,5,ok,1.263,0.0,1.263,0.0,2.263,0.0,1.0,100.0
2018-08-20 12:00:00,3.838,3.684,988.0,True,True,True,6,ok,1.263,0.0,1.263,0.0,2.421,0.0,1.0,100.0
2018-08-20 13:00:00,3.781,3.629,972.0,True,True,False,6,cap_reached,0.0,0.0,0.0,0.0,3.629,0.0,1.0,100.0
2018-08-20 14:00:00,3.504,3.364,886.0,True,True,False,6,cap_reached,0.0,0.0,0.0,0.0,3.364,0.0,1.0,100.0
2018-08-20 15:00:00,3.024,2.903,739.0,True,True,False,6,cap_reached,0.0,0.0,0.0,0.0,2.903,0.0,1.0,100.0
2018-08-20 16:00:00,2.356,2.262,544.0,True,True,False,6,cap_reached,0.0,0.0,0.0,0.0,2.262,0.0,1.0,100.0
2018-08-20 17:00:00,1.539,1.478,321.0,True,True,False,6,cap_reached,0.0,0.0,0.0,0.0,1.478,0.0,1.0,100.0
2018-08-20 18:00:00,0.614,0.59,101.0,True,True,False,6,cap_reached,0.0,0.0,0.0,0.0,0.59,0.0,1.0,100.0
2018-08-20 19:00:00,0.0,0.0,0.0,False,True,False,6,cap_reached,0.0,0.0,0.0,0.0,0.0,0.0,1.0,100.0
2018-08-20 20:00:00,0.0,0.0,0.0,False,True,False,6,cap_reached,0.0,0.0,0.0,0.0,0.0,0.0,1.0,100.0
2018-08-20 21:00:00,0.0,0.0,0.0,False,True,False,6,cap_reached,0.0,0.0,0.0,0.0,0.0,0.0,1.0,100.0
2018-08-20 22:00:00,0.0,0.0,0.0,False,True,False,6,cap_reached,0.0,0.0,0.0,0.0,0.0,0.0,1.0,100.0
2018-08-20 23:00:00,0.0,0.0,0.0,False,True,False,6,cap_reached,0.0,0.0,0.0,0.0,0.0,0.0,1.0,100.0
2018-08-21 00:00:00,0.0,0.0,0.0,False,True,False,0,night,0.0,0.0,0.0,0.0,0.0,0.0,1.0,100.0
2018-08-21 01:00:00,0.0,0.0,0.0,False,True,False,0,night,0.0,0.0,0.0,0.0,0.0,0.0,1.0,100.0
2018-08-21 02:00:00,0.0,0.0,0.0,False,True,False,0,night,0.0,0.0,0.0,0.0,0.0,0.0,1.0,100.0
2018-08-21 03:00:00,0.0,0.0,0.0,False,True,False,0,night,0.0,0.0,0.0,0.0,0.0,0.0,1.0,100.0
2018-08-21 04:00:00,0.0,0.0,0.0,False,True,False,0,night,0.0,0.0,0.0,0.0,0.0,0.0,1.0,100.0
2018-08-21 05:00:00,0.0,0.0,0.0,False,True,False,0,night,0.0,0.0,0.0,0.0,0.0,0.0,1.0,100.0
2018-08-21 06:00:00,0.054,0.052,11.0,False,True,False,0,night,0.0,0.0,0.0,0.0,0.052,0.0,1.0,100.0
2018-08-21 07:00:00,0.02,0.019,4.0,False,True,False,0,night,0.0,0.0,0.0,0.0,0.019,0.0,1.0,100.0
2018-08-21 08:00:00,0.044,0.042,9.0,False,True,False,0,night,0.0,0.0,0.0,0.0,0.042,0.0,1.0,100.0
2018-08-21 09:00:00,2.694,2.586,639.0,True,True,True,1,ok,1.263,0.0,1.263,0.0,1.323,0.0,1.0,100.0
2018-08-21 10:00:00,3.279,3.148,813.0,True,True,True,2,ok,1.263,0.0,1.263,0.0,1.885,0.0,1.0,100.0
2018-08-21 11:00:00,3.654,3.508,929.0,True,True,True,3,ok,1.263,0.0,1.263,0.0,2.245,0.0,1.0,100.0
2018-08-21 12:00:00,3.372,3.237,836.0,True,True,True,4,ok,1.263,0.0,1.263,0.0,1.974,0.0,1.0,100.0
2018-08-21 13:00:00,3.273,3.142,769.0,True,True,True,5,ok,1.263,0.0,1.263,0.0,1.879,0.0,1.0,100.0
2018-08-21 14:00:00,2.859,2.744,654.0,True,True,True,6,ok,1.263,0.0,1.263,0.0,1.481,0.0,1.0,100.0
2018-08-21 15:00:00,2.993,2.873,732.0,True,True,False,6,cap_reached,0.0,0.0,0.0,0.0,2.873,0.0,1.0,100.0
2018-08-21 16:00:00,2.32,2.227,537.0,True,True,False,6,cap_reached,0.0,0.0,0.0,0.0,2.227,0.0,1.0,100.0
2018-08-21 17:00:00,1.282,1.23,268.0,True,True,False,6,cap_reached,0.0,0.0,0.0,0.0,1.23,0.0,1.0,100.0
2018-08-21 18:00:00,0.571,0.548,95.0,True,True,False,6,cap_reached,0.0,0.0,0.0,0.0,0.548,0.0,1.0,100.0
2018-08-21 19:00:00,0.0,0.0,0.0,False,True,False,6,cap_reached,0.0,0.0,0.0,0.0,0.0,0.0,1.0,100.0
2018-08-21 20:00:00,0.0,0.0,0.0,False,True,False,6,cap_reached,0.0,0.0,0.0,0.0,0.0,0.0,1.0,100.0
2018-08-21 21:00:00,0.0,0.0,0.0,False,True,False,6,cap_reached,0.0,0.0,0.0,0.0,0.0,0.0,1.0,100.0
2018-08-21 22:00:00,0.0,0.0,0.0,False,True,False,6,cap_reached,0.0,0.0,0.0,0.0,0.0,0.0,1.0,100.0
2018-08-21 23:00:00,0.0,0.0,0.0,False,True,False,6,cap_reached,0.0,0.0,0.0,0.0,0.0,0.0,1.0,100.0
2018-08-22 00:00:00,0.0,0.0,0.0,False,True,False,0,night,0.0,0.0,0.0,0.0,0.0,0.0,1.0,100.0
2018-08-22 01:00:00,0.0,0.0,0.0,False,True,False,0,night,0.0,0.0,0.0,0.0,0.0,0.0,1.0,100.0
2018-08-22 02:00:00,0.0,0.0,0.0,False,True,False,0,night,0.0,0.0,0.0,0.0,0.0,0.0,1.0,100.0
2018-08-22 03:00:00,0.0,0.0,0.0,False,True,False,0,night,0.0,0.0,0.0,0.0,0.0,0.0,1.0,100.0
2018-08-22 04:00:00,0.0,0.0,0.0,False,True,False,0,night,0.0,0.0,0.0,0.0,0.0,0.0,1.0,100.0
2018-08-22 05:00:00,0.0,0.0,0.0,False,True,False,0,night,0.0,0.0,0.0,0.0,0.0,0.0,1.0,100.0
2018-08-22 06:00:00,0.117,0.112,17.0,True,True,False,0,battery_empty,0.0,0.0,0.0,0.0,0.112,0.0,1.0,100.0
2018-08-22 07:00:00,1.034,0.993,199.0,True,True,True,1,ok,0.993,0.27,1.263,0.0,0.0,-0.284,0.716,71.6
2018-08-22 08:00:00,1.92,1.843,426.0,True,True,True,2,ok,1.263,0.0,1.263,0.284,0.281,0.284,1.0,100.0
2018-08-22 09:00:00,2.682,2.575,639.0,True,True,True,3,ok,1.263,0.0,1.263,0.0,1.312,0.0,1.0,100.0
2018-08-22 10:00:00,3.262,3.131,812.0,True,True,True,4,ok,1.263,0.0,1.263,0.0,1.868,0.0,1.0,100.0
2018-08-22 11:00:00,3.639,3.493,930.0,True,True,True,5,ok,1.263,0.0,1.263,0.0,2.23,0.0,1.0,100.0
2018-08-22 12:00:00,3.079,2.955,745.0,True,True,True,6,ok,1.263,0.0,1.263,0.0,1.692,0.0,1.0,100.0
2018-08-22 13:00:00,2.244,2.154,495.0,True,True,False,6,cap_reached,0.0,0.0,0.0,0.0,2.154,0.0,1.0,100.0
2018-08-22 14:00:00,2.75,2.64,645.0,True,True,False,6,cap_reached,0.0,0.0,0.0,0.0,2.64,0.0,1.0,100.0
2018-08-22 15:00:00,2.437,2.34,567.0,True,True,False,6,cap_reached,0.0,0.0,0.0,0.0,2.34,0.0,1.0,100.0
2018-08-22 16:00:00,1.899,1.823,426.0,True,True,False,6,cap_reached,0.0,0.0,0.0,0.0,1.823,0.0,1.0,100.0
2018-08-22 17:00:00,1.015,0.975,212.0,True,True,False,6,cap_reached,0.0,0.0,0.0,0.0,0.975,0.0,1.0,100.0
2018-08-22 18:00:00,0.548,0.526,92.0,True,True,False,6,cap_reached,0.0,0.0,0.0,0.0,0.526,0.0,1.0,100.0
2018-08-22 19:00:00,0.0,0.0,0.0,False,True,False,6,cap_reached,0.0,0.0,0.0,0.0,0.0,0.0,1.0,100.0
2018-08-22 20:00:00,0.0,0.0,0.0,False,True,False,6,cap_reached,0.0,0.0,0.0,0.0,0.0,0.0,1.0,100.0
2018-08-22 21:00:00,0.0,0.0,0.0,False,True,False,6,cap_reached,0.0,0.0,0.0,0.0,0.0,0.0,1.0,100.0
2018-08-22 22:00:00,0.0,0.0,0.0,False,True,False,6,cap_reached,0.0,0.0,0.0,0.0,0.0,0.0,1.0,100.0
2018-08-22 23:00:00,0.0,0.0,0.0,False,True,False,6,cap_reached,0.0,0.0,0.0,0.0,0.0,0.0,1.0,100.0
2018-08-23 00:00:00,0.0,0.0,0.0,False,True,False,0,night,0.0,0.0,0.0,0.0,0.0,0.0,1.0,100.0
2018-08-23 01:00:00,0.0,0.0,0.0,False,True,False,0,night,0.0,0.0,0.0,0.0,0.0,0.0,1.0,100.0
2018-08-23 02:00:00,0.0,0.0,0.0,False,True,False,0,night,0.0,0.0,0.0,0.0,0.0,0.0,1.0,100.0
2018-08-23 03:00:00,0.0,0.0,0.0,False,True,False,0,night,0.0,0.0,0.0,0.0,0.0,0.0,1.0,100.0
2018-08-23 04:00:00,0.0,0.0,0.0,False,True,False,0,night,0.0,0.0,0.0,0.0,0.0,0.0,1.0,100.0
2018-08-23 05:00:00,0.0,0.0,0.0,False,True,False,0,night,0.0,0.0,0.0,0.0,0.0,0.0,1.0,100.0
2018-08-23 06:00:00,0.104,0.1,16.0,True,True,False,0,battery_empty,0.0,0.0,0.0,0.0,0.1,0.0,1.0,100.0
2018-08-23 07:00:00,1.012,0.971,196.0,True,True,True,1,ok,0.971,0.292,1.263,0.0,0.0,-0.307,0.693,69.3
2018-08-23 08:00:00,1.9,1.824,423.0,True,True,True,2,ok,1.263,0.0,1.263,0.307,0.238,0.307,1.0,100.0
2018-08-23 09:00:00,2.659,2.553,636.0,True,True,True,3,ok,1.263,0.0,1.263,0.0,1.29,0.0,1.0,100.0
2018-08-23 10:00:00,1.785,1.714,386.0,True,True,True,4,ok,1.263,0.0,1.263,0.0,0.451,0.0,1.0,100.0
2018-08-23 11:00:00,3.621,3.476,928.0,True,True,True,5,ok,1.263,0.0,1.263,0.0,2.213,0.0,1.0,100.0
2018-08-23 12:00:00,2.582,2.479,582.0,True,True,True,6,ok,1.263,0.0,1.263,0.0,1.216,0.0,1.0,100.0
2018-08-23 13:00:00,1.332,1.279,281.0,True,True,False,6,cap_reached,0.0,0.0,0.0,0.0,1.279,0.0,1.0,100.0
2018-08-23 14:00:00,1.498,1.438,317.0,True,True,False,6,cap_reached,0.0,0.0,0.0,0.0,1.438,0.0,1.0,100.0
2018-08-23 15:00:00,2.437,2.34,565.0,True,True,False,6,cap_reached,0.0,0.0,0.0,0.0,2.34,0.0,1.0,100.0
2018-08-23 16:00:00,0.576,0.553,119.0,True,True,False,6,cap_reached,0.0,0.0,0.0,0.0,0.553,0.0,1.0,100.0
2018-08-23 17:00:00,1.227,1.178,257.0,True,True,False,6,cap_reached,0.0,0.0,0.0,0.0,1.178,0.0,1.0,100.0
2018-08-23 18:00:00,0.296,0.285,60.0,True,True,False,6,cap_reached,0.0,0.0,0.0,0.0,0.285,0.0,1.0,100.0
2018-08-23 19:00:00,0.0,0.0,0.0,False,True,False,6,cap_reached,0.0,0.0,0.0,0.0,0.0,0.0,1.0,100.0
2018-08-23 20:00:00,0.0,0.0,0.0,False,True,False,6,cap_reached,0.0,0.0,0.0,0.0,0.0,0.0,1.0,100.0
2018-08-23 21:00:00,0.0,0.0,0.0,False,True,False,6,cap_reached,0.0,0.0,0.0,0.0,0.0,0.0,1.0,100.0
2018-08-23 22:00:00,0.0,0.0,0.0,False,True,False,6,cap_reached,0.0,0.0,0.0,0.0,0.0,0.0,1.0,100.0
2018-08-23 23:00:00,0.0,0.0,0.0,False,True,False,6,cap_reached,0.0,0.0,0.0,0.0,0.0,0.0,1.0,100.0
2018-08-24 00:00:00,0.0,0.0,0.0,False,True,False,0,night,0.0,0.0,0.0,0.0,0.0,0.0,1.0,100.0
2018-08-24 01:00:00,0.0,0.0,0.0,False,True,False,0,night,0.0,0.0,0.0,0.0,0.0,0.0,1.0,100.0
2018-08-24 02:00:00,0.0,0.0,0.0,False,True,False,0,night,0.0,0.0,0.0,0.0,0.0,0.0,1.0,100.0
2018-08-24 03:00:00,0.0,0.0,0.0,False,True,False,0,night,0.0,0.0,0.0,0.0,0.0,0.0,1.0,100.0
2018-08-24 04:00:00,0.0,0.0,0.0,False,True,False,0,night,0.0,0.0,0.0,0.0,0.0,0.0,1.0,100.0
2018-08-24 05:00:00,0.0,0.0,0.0,False,True,False,0,night,0.0,0.0,0.0,0.0,0.0,0.0,1.0,100.0
2018-08-24 06:00:00,0.035,0.033,7.0,False,True,False,0,night,0.0,0.0,0.0,0.0,0.033,0.0,1.0,100.0
2018-08-24 07:00:00,0.413,0.396,84.0,True,True,False,0,battery_empty,0.0,0.0,0.0,0.0,0.396,0.0,1.0,100.0
2018-08-24 08:00:00,1.657,1.591,362.0,True,True,True,1,ok,1.263,0.0,1.263,0.0,0.328,0.0,1.0,100.0
2018-08-24 09:00:00,2.079,1.996,458.0,True,True,True,2,ok,1.263,0.0,1.263,0.0,0.733,0.0,1.0,100.0
2018-08-24 10:00:00,1.724,1.655,369.0,True,True,True,3,ok,1.263,0.0,1.263,0.0,0.392,0.0,1.0,100.0
2018-08-24 11:00:00,3.622,3.477,926.0,True,True,True,4,ok,1.263,0.0,1.263,0.0,2.214,0.0,1.0,100.0
2018-08-24 12:00:00,3.784,3.633,977.0,True,True,True,5,ok,1.263,0.0,1.263,0.0,2.37,0.0,1.0,100.0
2018-08-24 13:00:00,3.711,3.562,955.0,True,True,True,6,ok,1.263,0.0,1.263,0.0,2.299,0.0,1.0,100.0
2018-08-24 14:00:00,3.425,3.288,866.0,True,True,False,6,cap_reached,0.0,0.0,0.0,0.0,3.288,0.0,1.0,100.0
2018-08-24 15:00:00,2.463,2.364,575.0,True,True,False,6,cap_reached,0.0,0.0,0.0,0.0,2.364,0.0,1.0,100.0
2018-08-24 16:00:00,2.239,2.149,519.0,True,True,False,6,cap_reached,0.0,0.0,0.0,0.0,2.149,0.0,1.0,100.0
2018-08-24 17:00:00,0.029,0.028,6.0,False,True,False,6,cap_reached,0.0,0.0,0.0,0.0,0.028,0.0,1.0,100.0
2018-08-24 18:00:00,0.132,0.127,27.0,True,True,False,6,cap_reached,0.0,0.0,0.0,0.0,0.127,0.0,1.0,100.0
2018-08-24 19:00:00,0.0,0.0,0.0,False,True,False,6,cap_reached,0.0,0.0,0.0,0.0,0.0,0.0,1.0,100.0
2018-08-24 20:00:00,0.0,0.0,0.0,False,True,False,6,cap_reached,0.0,0.0,0.0,0.0,0.0,0.0,1.0,100.0
2018-08-24 21:00:00,0.0,0.0,0.0,False,True,False,6,cap_reached,0.0,0.0,0.0,0.0,0.0,0.0,1.0,100.0
2018-08-24 22:00:00,0.0,0.0,0.0,False,True,False,6,cap_reached,0.0,0.0,0.0,0.0,0.0,0.0,1.0,100.0
2018-08-24 23:00:00,0.0,0.0,0.0,False,True,False,6,cap_reached,0.0,0.0,0.0,0.0,0.0,0.0,1.0,100.0
2018-08-25 00:00:00,0.0,0.0,0.0,False,True,False,0,night,0.0,0.0,0.0,0.0,0.0,0.0,1.0,100.0
2018-08-25 01:00:00,0.0,0.0,0.0,False,True,False,0,night,0.0,0.0,0.0,0.0,0.0,0.0,1.0,100.0
2018-08-25 02:00:00,0.0,0.0,0.0,False,True,False,0,night,0.0,0.0,0.0,0.0,0.0,0.0,1.0,100.0
2018-08-25 03:00:00,0.0,0.0,0.0,False,True,False,0,night,0.0,0.0,0.0,0.0,0.0,0.0,1.0,100.0
2018-08-25 04:00:00,0.0,0.0,0.0,False,True,False,0,night,0.0,0.0,0.0,0.0,0.0,0.0,1.0,100.0
2018-08-25 05:00:00,0.0,0.0,0.0,False,True,False,0,night,0.0,0.0,0.0,0.0,0.0,0.0,1.0,100.0
2018-08-25 06:00:00,0.039,0.038,8.0,False,True,False,0,night,0.0,0.0,0.0,0.0,0.038,0.0,1.0,100.0
2018-08-25 07:00:00,0.118,0.113,24.0,True,True,False,0,battery_empty,0.0,0.0,0.0,0.0,0.113,0.0,1.0,100.0
2018-08-25 08:00:00,1.69,1.622,370.0,True,True,True,1,ok,1.263,0.0,1.263,0.0,0.359,0.0,1.0,100.0
2018-08-25 09:00:00,1.96,1.882,437.0,True,True,True,2,ok,1.263,0.0,1.263,0.0,0.619,0.0,1.0,100.0
2018-08-25 10:00:00,2.421,2.325,554.0,True,True,True,3,ok,1.263,0.0,1.263,0.0,1.062,0.0,1.0,100.0
2018-08-25 11:00:00,3.038,2.917,727.0,True,True,True,4,ok,1.263,0.0,1.263,0.0,1.654,0.0,1.0,100.0
2018-08-25 12:00:00,3.042,2.921,733.0,True,True,True,5,ok,1.263,0.0,1.263,0.0,1.658,0.0,1.0,100.0
2018-08-25 13:00:00,3.706,3.558,958.0,True,True,True,6,ok,1.263,0.0,1.263,0.0,2.295,0.0,1.0,100.0
2018-08-25 14:00:00,2.582,2.479,594.0,True,True,False,6,cap_reached,0.0,0.0,0.0,0.0,2.479,0.0,1.0,100.0
2018-08-25 15:00:00,1.663,1.597,359.0,True,True,False,6,cap_reached,0.0,0.0,0.0,0.0,1.597,0.0,1.0,100.0
2018-08-25 16:00:00,2.251,2.161,526.0,True,True,False,6,cap_reached,0.0,0.0,0.0,0.0,2.161,0.0,1.0,100.0
2018-08-25 17:00:00,1.415,1.359,301.0,True,True,False,6,cap_reached,0.0,0.0,0.0,0.0,1.359,0.0,1.0,100.0
2018-08-25 18:00:00,0.485,0.466,83.0,True,True,False,6,cap_reached,0.0,0.0,0.0,0.0,0.466,0.0,1.0,100.0
2018-08-25 19:00:00,0.0,0.0,0.0,False,True,False,6,cap_reached,0.0,0.0,0.0,0.0,0.0,0.0,1.0,100.0
2018-08-25 20:00:00,0.0,0.0,0.0,False,True,False,6,cap_reached,0.0,0.0,0.0,0.0,0.0,0.0,1.0,100.0
2018-08-25 21:00:00,0.0,0.0,0.0,False,True,False,6,cap_reached,0.0,0.0,0.0,0.0,0.0,0.0,1.0,100.0
2018-08-25 22:00:00,0.0,0.0,0.0,False,True,False,6,cap_reached,0.0,0.0,0.0,0.0,0.0,0.0,1.0,100.0
2018-08-25 23:00:00,0.0,0.0,0.0,False,True,False,6,cap_reached,0.0,0.0,0.0,0.0,0.0,0.0,1.0,100.0
2018-08-26 00:00:00,0.0,0.0,0.0,False,True,False,0,night,0.0,0.0,0.0,0.0,0.0,0.0,1.0,100.0
2018-08-26 01:00:00,0.0,0.0,0.0,False,True,False,0,night,0.0,0.0,0.0,0.0,0.0,0.0,1.0,100.0
2018-08-26 02:00:00,0.0,0.0,0.0,False,True,False,0,night,0.0,0.0,0.0,0.0,0.0,0.0,1.0,100.0
2018-08-26 03:00:00,0.0,0.0,0.0,False,True,False,0,night,0.0,0.0,0.0,0.0,0.0,0.0,1.0,100.0
2018-08-26 04:00:00,0.0,0.0,0.0,False,True,False,0,night,0.0,0.0,0.0,0.0,0.0,0.0,1.0,100.0
2018-08-26 05:00:00,0.0,0.0,0.0,False,True,False,0,night,0.0,0.0,0.0,0.0,0.0,0.0,1.0,100.0
2018-08-26 06:00:00,0.098,0.094,14.0,False,True,False,0,night,0.0,0.0,0.0,0.0,0.094,0.0,1.0,100.0
2018-08-26 07:00:00,0.992,0.952,195.0,True,True,True,1,ok,0.952,0.311,1.263,0.0,0.0,-0.327,0.673,67.3
2018-08-26 08:00:00,1.886,1.811,424.0,True,True,True,2,ok,1.263,0.0,1.263,0.327,0.204,0.327,1.0,100.0
2018-08-26 09:00:00,2.646,2.54,639.0,True,True,True,3,ok,1.263,0.0,1.263,0.0,1.277,0.0,1.0,100.0
2018-08-26 10:00:00,2.697,2.59,615.0,True,True,True,4,ok,1.263,0.0,1.263,0.0,1.327,0.0,1.0,100.0
2018-08-26 11:00:00,1.508,1.448,319.0,True,True,True,5,ok,1.263,0.0,1.263,0.0,0.185,0.0,1.0,100.0
2018-08-26 12:00:00,3.759,3.609,979.0,True,True,True,6,ok,1.263,0.0,1.263,0.0,2.346,0.0,1.0,100.0
2018-08-26 13:00:00,3.24,3.11,765.0,True,True,False,6,cap_reached,0.0,0.0,0.0,0.0,3.11,0.0,1.0,100.0
2018-08-26 14:00:00,1.234,1.184,260.0,True,True,False,6,cap_reached,0.0,0.0,0.0,0.0,1.184,0.0,1.0,100.0
2018-08-26 15:00:00,2.274,2.183,522.0,True,True,False,6,cap_reached,0.0,0.0,0.0,0.0,2.183,0.0,1.0,100.0
2018-08-26 16:00:00,1.39,1.334,299.0,True,True,False,6,cap_reached,0.0,0.0,0.0,0.0,1.334,0.0,1.0,100.0
2018-08-26 17:00:00,1.382,1.327,295.0,True,True,False,6,cap_reached,0.0,0.0,0.0,0.0,1.327,0.0,1.0,100.0
2018-08-26 18:00:00,0.459,0.441,79.0,True,True,False,6,cap_reached,0.0,0.0,0.0,0.0,0.441,0.0,1.0,100.0
2018-08-26 19:00:00,0.0,0.0,0.0,False,True,False,6,cap_reached,0.0,0.0,0.0,0.0,0.0,0.0,1.0,100.0
2018-08-26 20:00:00,0.0,0.0,0.0,False,True,False,6,cap_reached,0.0,0.0,0.0,0.0,0.0,0.0,1.0,100.0
2018-08-26 21:00:00,0.0,0.0,0.0,False,True,False,6,cap_reached,0.0,0.0,0.0,0.0,0.0,0.0,1.0,100.0
2018-08-26 22:00:00,0.0,0.0,0.0,False,True,False,6,cap_reached,0.0,0.0,0.0,0.0,0.0,0.0,1.0,100.0
2018-08-26 23:00:00,0.0,0.0,0.0,False,True,False,6,cap_reached,0.0,0.0,0.0,0.0,0.0,0.0,1.0,100.0
2018-08-27 00:00:00,0.0,0.0,0.0,False,True,False,0,night,0.0,0.0,0.0,0.0,0.0,0.0,1.0,100.0
2018-08-27 01:00:00,0.0,0.0,0.0,False,True,False,0,night,0.0,0.0,0.0,0.0,0.0,0.0,1.0,100.0
2018-08-27 02:00:00,0.0,0.0,0.0,False,True,False,0,night,0.0,0.0,0.0,0.0,0.0,0.0,1.0,100.0
2018-08-27 03:00:00,0.0,0.0,0.0,False,True,False,0,night,0.0,0.0,0.0,0.0,0.0,0.0,1.0,100.0
2018-08-27 04:00:00,0.0,0.0,0.0,False,True,False,0,night,0.0,0.0,0.0,0.0,0.0,0.0,1.0,100.0
2018-08-27 05:00:00,0.0,0.0,0.0,False,True,False,0,night,0.0,0.0,0.0,0.0,0.0,0.0,1.0,100.0
2018-08-27 06:00:00,0.074,0.071,12.0,False,True,False,0,night,0.0,0.0,0.0,0.0,0.071,0.0,1.0,100.0
2018-08-27 07:00:00,0.936,0.899,186.0,True,True,True,1,ok,0.899,0.364,1.263,0.0,0.0,-0.383,0.617,61.7
2018-08-27 08:00:00,1.824,1.751,411.0,True,True,True,2,ok,1.263,0.0,1.263,0.383,0.085,0.383,1.0,100.0
2018-08-27 09:00:00,2.191,2.104,489.0,True,True,True,3,ok,1.263,0.0,1.263,0.0,0.841,0.0,1.0,100.0
2018-08-27 10:00:00,3.18,3.053,801.0,True,True,True,4,ok,1.263,0.0,1.263,0.0,1.79,0.0,1.0,100.0
2018-08-27 11:00:00,3.562,3.42,919.0,True,True,True,5,ok,1.263,0.0,1.263,0.0,2.157,0.0,1.0,100.0
2018-08-27 12:00:00,3.725,3.576,971.0,True,True,True,6,ok,1.263,0.0,1.263,0.0,2.313,0.0,1.0,100.0
2018-08-27 13:00:00,3.659,3.513,951.0,True,True,False,6,cap_reached,0.0,0.0,0.0,0.0,3.513,0.0,1.0,100.0
2018-08-27 14:00:00,3.375,3.24,863.0,True,True,False,6,cap_reached,0.0,0.0,0.0,0.0,3.24,0.0,1.0,100.0
2018-08-27 15:00:00,2.879,2.764,712.0,True,True,False,6,cap_reached,0.0,0.0,0.0,0.0,2.764,0.0,1.0,100.0
2018-08-27 16:00:00,2.191,2.103,515.0,True,True,False,6,cap_reached,0.0,0.0,0.0,0.0,2.103,0.0,1.0,100.0
2018-08-27 17:00:00,0.92,0.884,192.0,True,True,False,6,cap_reached,0.0,0.0,0.0,0.0,0.884,0.0,1.0,100.0
2018-08-27 18:00:00,0.256,0.246,52.0,True,True,False,6,cap_reached,0.0,0.0,0.0,0.0,0.246,0.0,1.0,100.0
2018-08-27 19:00:00,0.0,0.0,0.0,False,True,False,6,cap_reached,0.0,0.0,0.0,0.0,0.0,0.0,1.0,100.0
2018-08-27 20:00:00,0.0,0.0,0.0,False,True,False,6,cap_reached,0.0,0.0,0.0,0.0,0.0,0.0,1.0,100.0
2018-08-27 21:00:00,0.0,0.0,0.0,False,True,False,6,cap_reached,0.0,0.0,0.0,0.0,0.0,0.0,1.0,100.0
2018-08-27 22:00:00,0.0,0.0,0.0,False,True,False,6,cap_reached,0.0,0.0,0.0,0.0,0.0,0.0,1.0,100.0
2018-08-27 23:00:00,0.0,0.0,0.0,False,True,False,6,cap_reached,0.0,0.0,0.0,0.0,0.0,0.0,1.0,100.0
2018-08-28 00:00:00,0.0,0.0,0.0,False,True,False,0,night,0.0,0.0,0.0,0.0,0.0,0.0,1.0,100.0
2018-08-28 01:00:00,0.0,0.0,0.0,False,True,False,0,night,0.0,0.0,0.0,0.0,0.0,0.0,1.0,100.0
2018-08-28 02:00:00,0.0,0.0,0.0,False,True,False,0,night,0.0,0.0,0.0,0.0,0.0,0.0,1.0,100.0
2018-08-28 03:00:00,0.0,0.0,0.0,False,True,False,0,night,0.0,0.0,0.0,0.0,0.0,0.0,1.0,100.0
2018-08-28 04:00:00,0.0,0.0,0.0,False,True,False,0,night,0.0,0.0,0.0,0.0,0.0,0.0,1.0,100.0
2018-08-28 05:00:00,0.0,0.0,0.0,False,True,False,0,night,0.0,0.0,0.0,0.0,0.0,0.0,1.0,100.0
2018-08-28 06:00:00,0.081,0.078,13.0,False,True,False,0,night,0.0,0.0,0.0,0.0,0.078,0.0,1.0,100.0
2018-08-28 07:00:00,0.946,0.908,189.0,True,True,True,1,ok,0.908,0.355,1.263,0.0,0.0,-0.373,0.627,62.7
2018-08-28 08:00:00,1.834,1.761,416.0,True,True,True,2,ok,1.263,0.0,1.263,0.373,0.105,0.373,1.0,100.0
2018-08-28 09:00:00,2.591,2.487,627.0,True,True,True,3,ok,1.263,0.0,1.263,0.0,1.224,0.0,1.0,100.0
2018-08-28 10:00:00,3.186,3.059,806.0,True,True,True,4,ok,1.263,0.0,1.263,0.0,1.796,0.0,1.0,100.0
2018-08-28 11:00:00,3.559,3.417,923.0,True,True,True,5,ok,1.263,0.0,1.263,0.0,2.154,0.0,1.0,100.0
2018-08-28 12:00:00,3.724,3.575,973.0,True,True,True,6,ok,1.263,0.0,1.263,0.0,2.312,0.0,1.0,100.0
2018-08-28 13:00:00,3.657,3.511,956.0,True,True,False,6,cap_reached,0.0,0.0,0.0,0.0,3.511,0.0,1.0,100.0
2018-08-28 14:00:00,3.367,3.232,867.0,True,True,False,6,cap_reached,0.0,0.0,0.0,0.0,3.232,0.0,1.0,100.0
2018-08-28 15:00:00,2.591,2.487,623.0,True,True,False,6,cap_reached,0.0,0.0,0.0,0.0,2.487,0.0,1.0,100.0
2018-08-28 16:00:00,2.185,2.097,516.0,True,True,False,6,cap_reached,0.0,0.0,0.0,0.0,2.097,0.0,1.0,100.0
2018-08-28 17:00:00,1.346,1.292,289.0,True,True,False,6,cap_reached,0.0,0.0,0.0,0.0,1.292,0.0,1.0,100.0
2018-08-28 18:00:00,0.421,0.404,74.0,True,True,False,6,cap_reached,0.0,0.0,0.0,0.0,0.404,0.0,1.0,100.0
2018-08-28 19:00:00,0.0,0.0,0.0,False,True,False,6,cap_reached,0.0,0.0,0.0,0.0,0.0,0.0,1.0,100.0
2018-08-28 20:00:00,0.0,0.0,0.0,False,True,False,6,cap_reached,0.0,0.0,0.0,0.0,0.0,0.0,1.0,100.0
2018-08-28 21:00:00,0.0,0.0,0.0,False,True,False,6,cap_reached,0.0,0.0,0.0,0.0,0.0,0.0,1.0,100.0
2018-08-28 22:00:00,0.0,0.0,0.0,False,True,False,6,cap_reached,0.0,0.0,0.0,0.0,0.0,0.0,1.0,100.0
2018-08-28 23:00:00,0.0,0.0,0.0,False,True,False,6,cap_reached,0.0,0.0,0.0,0.0,0.0,0.0,1.0,100.0
2018-08-29 00:00:00,0.0,0.0,0.0,False,True,False,0,night,0.0,0.0,0.0,0.0,0.0,0.0,1.0,100.0
2018-08-29 01:00:00,0.0,0.0,0.0,False,True,False,0,night,0.0,0.0,0.0,0.0,0.0,0.0,1.0,100.0
2018-08-29 02:00:00,0.0,0.0,0.0,False,True,False,0,night,0.0,0.0,0.0,0.0,0.0,0.0,1.0,100.0
2018-08-29 03:00:00,0.0,0.0,0.0,False,True,False,0,night,0.0,0.0,0.0,0.0,0.0,0.0,1.0,100.0
2018-08-29 04:00:00,0.0,0.0,0.0,False,True,False,0,night,0.0,0.0,0.0,0.0,0.0,0.0,1.0,100.0
2018-08-29 05:00:00,0.0,0.0,0.0,False,True,False,0,night,0.0,0.0,0.0,0.0,0.0,0.0,1.0,100.0
2018-08-29 06:00:00,0.067,0.064,11.0,False,True,False,0,night,0.0,0.0,0.0,0.0,0.064,0.0,1.0,100.0
2018-08-29 07:00:00,0.913,0.876,184.0,True,True,True,1,ok,0.876,0.387,1.263,0.0,0.0,-0.407,0.593,59.3
2018-08-29 08:00:00,1.473,1.414,316.0,True,True,True,2,ok,1.263,0.0,1.263,0.143,0.0,0.143,0.736,73.6
2018-08-29 09:00:00,2.155,2.068,490.0,True,True,True,3,ok,1.263,0.0,1.263,0.264,0.528,0.264,1.0,100.0
2018-08-29 10:00:00,2.428,2.331,542.0,True,True,True,4,ok,1.263,0.0,1.263,0.0,1.068,0.0,1.0,100.0
2018-08-29 11:00:00,3.537,3.395,914.0,True,True,True,5,ok,1.263,0.0,1.263,0.0,2.132,0.0,1.0,100.0
2018-08-29 12:00:00,1.473,1.414,312.0,True,True,True,6,ok,1.263,0.0,1.263,0.0,0.151,0.0,1.0,100.0
2018-08-29 13:00:00,3.627,3.481,944.0,True,True,False,6,cap_reached,0.0,0.0,0.0,0.0,3.481,0.0,1.0,100.0
2018-08-29 14:00:00,3.336,3.202,854.0,True,True,False,6,cap_reached,0.0,0.0,0.0,0.0,3.202,0.0,1.0,100.0
2018-08-29 15:00:00,2.833,2.719,703.0,True,True,False,6,cap_reached,0.0,0.0,0.0,0.0,2.719,0.0,1.0,100.0
2018-08-29 16:00:00,1.565,1.503,337.0,True,True,False,6,cap_reached,0.0,0.0,0.0,0.0,1.503,0.0,1.0,100.0
2018-08-29 17:00:00,1.297,1.245,280.0,True,True,False,6,cap_reached,0.0,0.0,0.0,0.0,1.245,0.0,1.0,100.0
2018-08-29 18:00:00,0.205,0.197,42.0,True,True,False,6,cap_reached,0.0,0.0,0.0,0.0,0.197,0.0,1.0,100.0
2018-08-29 19:00:00,0.0,0.0,0.0,False,True,False,6,cap_reached,0.0,0.0,0.0,0.0,0.0,0.0,1.0,100.0
2018-08-29 20:00:00,0.0,0.0,0.0,False,True,False,6,cap_reached,0.0,0.0,0.0,0.0,0.0,0.0,1.0,100.0
2018-08-29 21:00:00,0.0,0.0,0.0,False,True,False,6,cap_reached,0.0,0.0,0.0,0.0,0.0,0.0,1.0,100.0
2018-08-29 22:00:00,0.0,0.0,0.0,False,True,False,6,cap_reached,0.0,0.0,0.0,0.0,0.0,0.0,1.0,100.0
2018-08-29 23:00:00,0.0,0.0,0.0,False,True,False,6,cap_reached,0.0,0.0,0.0,0.0,0.0,0.0,1.0,100.0
2018-08-30 00:00:00,0.0,0.0,0.0,False,True,False,0,night,0.0,0.0,0.0,0.0,0.0,0.0,1.0,100.0
2018-08-30 01:00:00,0.0,0.0,0.0,False,True,False,0,night,0.0,0.0,0.0,0.0,0.0,0.0,1.0,100.0
2018-08-30 02:00:00,0.0,0.0,0.0,False,True,False,0,night,0.0,0.0,0.0,0.0,0.0,0.0,1.0,100.0
2018-08-30 03:00:00,0.0,0.0,0.0,False,True,False,0,night,0.0,0.0,0.0,0.0,0.0,0.0,1.0,100.0
2018-08-30 04:00:00,0.0,0.0,0.0,False,True,False,0,night,0.0,0.0,0.0,0.0,0.0,0.0,1.0,100.0
2018-08-30 05:00:00,0.0,0.0,0.0,False,True,False,0,night,0.0,0.0,0.0,0.0,0.0,0.0,1.0,100.0
2018-08-30 06:00:00,0.025,0.024,5.0,False,True,False,0,night,0.0,0.0,0.0,0.0,0.024,0.0,1.0,100.0
2018-08-30 07:00:00,0.679,0.652,139.0,True,True,True,1,ok,0.652,0.611,1.263,0.0,0.0,-0.644,0.356,35.6
2018-08-30 08:00:00,1.545,1.483,341.0,True,True,True,2,ok,1.263,0.0,1.263,0.209,0.0,0.209,0.565,56.5
2018-08-30 09:00:00,0.858,0.824,179.0,True,True,True,3,ok,0.824,0.439,1.263,0.0,0.0,-0.462,0.103,10.3
2018-08-30 10:00:00,0.239,0.23,49.0,True,True,False,3,battery_empty,0.0,0.0,0.0,0.218,0.0,0.218,0.322,32.2
2018-08-30 11:00:00,1.978,1.898,432.0,True,True,True,4,ok,1.263,0.0,1.263,0.604,0.0,0.604,0.925,92.5
2018-08-30 12:00:00,3.681,3.534,965.0,True,True,True,5,ok,1.263,0.0,1.263,0.075,2.192,0.075,1.0,100.0
2018-08-30 13:00:00,3.597,3.453,934.0,True,True,True,6,ok,1.263,0.0,1.263,0.0,2.19,0.0,1.0,100.0
2018-08-30 14:00:00,1.552,1.49,330.0,True,True,False,6,cap_reached,0.0,0.0,0.0,0.0,1.49,0.0,1.0,100.0
2018-08-30 15:00:00,0.302,0.29,62.0,True,True,False,6,cap_reached,0.0,0.0,0.0,0.0,0.29,0.0,1.0,100.0
2018-08-30 16:00:00,0.65,0.624,135.0,True,True,False,6,cap_reached,0.0,0.0,0.0,0.0,0.624,0.0,1.0,100.0
2018-08-30 17:00:00,0.359,0.345,74.0,True,True,False,6,cap_reached,0.0,0.0,0.0,0.0,0.345,0.0,1.0,100.0
2018-08-30 18:00:00,0.234,0.225,48.0,True,True,False,6,cap_reached,0.0,0.0,0.0,0.0,0.225,0.0,1.0,100.0
2018-08-30 19:00:00,0.0,0.0,0.0,False,True,False,6,cap_reached,0.0,0.0,0.0,0.0,0.0,0.0,1.0,100.0
2018-08-30 20:00:00,0.0,0.0,0.0,False,True,False,6,cap_reached,0.0,0.0,0.0,0.0,0.0,0.0,1.0,100.0
2018-08-30 21:00:00,0.0,0.0,0.0,False,True,False,6,cap_reached,0.0,0.0,0.0,0.0,0.0,0.0,1.0,100.0
2018-08-30 22:00:00,0.0,0.0,0.0,False,True,False,6,cap_reached,0.0,0.0,0.0,0.0,0.0,0.0,1.0,100.0
2018-08-30 23:00:00,0.0,0.0,0.0,False,True,False,6,cap_reached,0.0,0.0,0.0,0.0,0.0,0.0,1.0,100.0
2018-08-31 00:00:00,0.0,0.0,0.0,False,True,False,0,night,0.0,0.0,0.0,0.0,0.0,0.0,1.0,100.0
2018-08-31 01:00:00,0.0,0.0,0.0,False,True,False,0,night,0.0,0.0,0.0,0.0,0.0,0.0,1.0,100.0
2018-08-31 02:00:00,0.0,0.0,0.0,False,True,False,0,night,0.0,0.0,0.0,0.0,0.0,0.0,1.0,100.0
2018-08-31 03:00:00,0.0,0.0,0.0,False,True,False,0,night,0.0,0.0,0.0,0.0,0.0,0.0,1.0,100.0
2018-08-31 04:00:00,0.0,0.0,0.0,False,True,False,0,night,0.0,0.0,0.0,0.0,0.0,0.0,1.0,100.0
2018-08-31 05:00:00,0.0,0.0,0.0,False,True,False,0,night,0.0,0.0,0.0,0.0,0.0,0.0,1.0,100.0
2018-08-31 06:00:00,0.02,0.019,4.0,False,True,False,0,night,0.0,0.0,0.0,0.0,0.019,0.0,1.0,100.0
2018-08-31 07:00:00,0.557,0.534,114.0,True,True,True,1,ok,0.534,0.729,1.263,0.0,0.0,-0.767,0.233,23.3
2018-08-31 08:00:00,1.757,1.687,401.0,True,True,True,2,ok,1.263,0.0,1.263,0.403,0.0,0.403,0.636,63.6
2018-08-31 09:00:00,2.518,2.417,612.0,True,True,True,3,ok,1.263,0.0,1.263,0.364,0.771,0.364,1.0,100.0
2018-08-31 10:00:00,3.108,2.983,784.0,True,True,True,4,ok,1.263,0.0,1.263,0.0,1.72,0.0,1.0,100.0
2018-08-31 11:00:00,3.491,3.351,900.0,True,True,True,5,ok,1.263,0.0,1.263,0.0,2.088,0.0,1.0,100.0
2018-08-31 12:00:00,3.651,3.505,950.0,True,True,True,6,ok,1.263,0.0,1.263,0.0,2.242,0.0,1.0,100.0
2018-08-31 13:00:00,3.571,3.428,925.0,True,True,False,6,cap_reached,0.0,0.0,0.0,0.0,3.428,0.0,1.0,100.0
2018-08-31 14:00:00,3.274,3.143,834.0,True,True,False,6,cap_reached,0.0,0.0,0.0,0.0,3.143,0.0,1.0,100.0
2018-08-31 15:00:00,2.76,2.65,682.0,True,True,False,6,cap_reached,0.0,0.0,0.0,0.0,2.65,0.0,1.0,100.0
2018-08-31 16:00:00,2.062,1.979,484.0,True,True,False,6,cap_reached,0.0,0.0,0.0,0.0,1.979,0.0,1.0,100.0
2018-08-31 17:00:00,1.214,1.166,262.0,True,True,False,6,cap_reached,0.0,0.0,0.0,0.0,1.166,0.0,1.0,100.0
2018-08-31 18:00:00,0.314,0.302,59.0,True,True,False,6,cap_reached,0.0,0.0,0.0,0.0,0.302,0.0,1.0,100.0
2018-08-31 19:00:00,0.0,0.0,0.0,False,True,False,6,cap_reached,0.0,0.0,0.0,0.0,0.0,0.0,1.0,100.0
2018-08-31 20:00:00,0.0,0.0,0.0,False,True,False,6,cap_reached,0.0,0.0,0.0,0.0,0.0,0.0,1.0,100.0
2018-08-31 21:00:00,0.0,0.0,0.0,False,True,False,6,cap_reached,0.0,0.0,0.0,0.0,0.0,0.0,1.0,100.0
2018-08-31 22:00:00,0.0,0.0,0.0,False,True,False,6,cap_reached,0.0,0.0,0.0,0.0,0.0,0.0,1.0,100.0
2018-08-31 23:00:00,0.0,0.0,0.0,False,True,False,6,cap_reached,0.0,0.0,0.0,0.0,0.0,0.0,1.0,100.0
2018-09-01 00:00:00,0.0,0.0,0.0,False,True,False,0,night,0.0,0.0,0.0,0.0,0.0,0.0,1.0,100.0
2018-09-01 01:00:00,0.0,0.0,0.0,False,True,False,0,night,0.0,0.0,0.0,0.0,0.0,0.0,1.0,100.0
2018-09-01 02:00:00,0.0,0.0,0.0,False,True,False,0,night,0.0,0.0,0.0,0.0,0.0,0.0,1.0,100.0
2018-09-01 03:00:00,0.0,0.0,0.0,False,True,False,0,night,0.0,0.0,0.0,0.0,0.0,0.0,1.0,100.0
2018-09-01 04:00:00,0.0,0.0,0.0,False,True,False,0,night,0.0,0.0,0.0,0.0,0.0,0.0,1.0,100.0
2018-09-01 05:00:00,0.0,0.0,0.0,False,True,False,0,night,0.0,0.0,0.0,0.0,0.0,0.0,1.0,100.0
2018-09-01 06:00:00,0.015,0.014,3.0,False,True,False,0,night,0.0,0.0,0.0,0.0,0.014,0.0,1.0,100.0
2018-09-01 07:00:00,0.523,0.502,108.0,True,True,True,1,ok,0.502,0.761,1.263,0.0,0.0,-0.801,0.199,19.9
2018-09-01 08:00:00,1.756,1.686,404.0,True,True,True,2,ok,1.263,0.0,1.263,0.402,0.0,0.402,0.601,60.1
2018-09-01 09:00:00,2.518,2.417,615.0,True,True,True,3,ok,1.263,0.0,1.263,0.399,0.734,0.399,1.0,100.0
2018-09-01 10:00:00,2.532,2.431,572.0,True,True,True,4,ok,1.263,0.0,1.263,0.0,1.168,0.0,1.0,100.0
2018-09-01 11:00:00,3.158,3.032,784.0,True,True,True,5,ok,1.263,0.0,1.263,0.0,1.769,0.0,1.0,100.0
2018-09-01 12:00:00,3.069,2.946,741.0,True,True,True,6,ok,1.263,0.0,1.263,0.0,1.683,0.0,1.0,100.0
2018-09-01 13:00:00,3.193,3.065,751.0,True,True,False,6,cap_reached,0.0,0.0,0.0,0.0,3.065,0.0,1.0,100.0
2018-09-01 14:00:00,2.424,2.327,541.0,True,True,False,6,cap_reached,0.0,0.0,0.0,0.0,2.327,0.0,1.0,100.0
2018-09-01 15:00:00,2.765,2.654,691.0,True,True,False,6,cap_reached,0.0,0.0,0.0,0.0,2.654,0.0,1.0,100.0
2018-09-01 16:00:00,0.059,0.057,12.0,False,True,False,6,cap_reached,0.0,0.0,0.0,0.0,0.057,0.0,1.0,100.0
2018-09-01 17:00:00,0.025,0.024,5.0,False,True,False,6,cap_reached,0.0,0.0,0.0,0.0,0.024,0.0,1.0,100.0
2018-09-01 18:00:00,0.213,0.205,44.0,True,True,False,6,cap_reached,0.0,0.0,0.0,0.0,0.205,0.0,1.0,100.0
2018-09-01 19:00:00,0.0,0.0,0.0,False,True,False,6,cap_reached,0.0,0.0,0.0,0.0,0.0,0.0,1.0,100.0
2018-09-01 20:00:00,0.0,0.0,0.0,False,True,False,6,cap_reached,0.0,0.0,0.0,0.0,0.0,0.0,1.0,100.0
2018-09-01 21:00:00,0.0,0.0,0.0,False,True,False,6,cap_reached,0.0,0.0,0.0,0.0,0.0,0.0,1.0,100.0
2018-09-01 22:00:00,0.0,0.0,0.0,False,True,False,6,cap_reached,0.0,0.0,0.0,0.0,0.0,0.0,1.0,100.0
2018-09-01 23:00:00,0.0,0.0,0.0,False,True,False,6,cap_reached,0.0,0.0,0.0,0.0,0.0,0.0,1.0,100.0
2018-09-02 00:00:00,0.0,0.0,0.0,False,True,False,0,night,0.0,0.0,0.0,0.0,0.0,0.0,1.0,100.0
2018-09-02 01:00:00,0.0,0.0,0.0,False,True,False,0,night,0.0,0.0,0.0,0.0,0.0,0.0,1.0,100.0
2018-09-02 02:00:00,0.0,0.0,0.0,False,True,False,0,night,0.0,0.0,0.0,0.0,0.0,0.0,1.0,100.0
2018-09-02 03:00:00,0.0,0.0,0.0,False,True,False,0,night,0.0,0.0,0.0,0.0,0.0,0.0,1.0,100.0
2018-09-02 04:00:00,0.0,0.0,0.0,False,True,False,0,night,0.0,0.0,0.0,0.0,0.0,0.0,1.0,100.0
2018-09-02 05:00:00,0.0,0.0,0.0,False,True,False,0,night,0.0,0.0,0.0,0.0,0.0,0.0,1.0,100.0
2018-09-02 06:00:00,0.041,0.04,8.0,False,True,False,0,night,0.0,0.0,0.0,0.0,0.04,0.0,1.0,100.0
2018-09-02 07:00:00,0.84,0.806,174.0,True,True,True,1,ok,0.806,0.457,1.263,0.0,0.0,-0.481,0.519,51.9
2018-09-02 08:00:00,1.727,1.658,397.0,True,True,True,2,ok,1.263,0.0,1.263,0.375,0.0,0.375,0.894,89.4
2018-09-02 09:00:00,1.912,1.835,416.0,True,True,True,3,ok,1.263,0.0,1.263,0.106,0.461,0.106,1.0,100.0
2018-09-02 10:00:00,2.528,2.427,595.0,True,True,True,4,ok,1.263,0.0,1.263,0.0,1.164,0.0,1.0,100.0
2018-09-02 11:00:00,2.709,2.601,632.0,True,True,True,5,ok,1.263,0.0,1.263,0.0,1.338,0.0,1.0,100.0
2018-09-02 12:00:00,2.719,2.611,635.0,True,True,True,6,ok,1.263,0.0,1.263,0.0,1.348,0.0,1.0,100.0
2018-09-02 13:00:00,2.249,2.159,492.0,True,True,False,6,cap_reached,0.0,0.0,0.0,0.0,2.159,0.0,1.0,100.0
2018-09-02 14:00:00,2.948,2.83,693.0,True,True,False,6,cap_reached,0.0,0.0,0.0,0.0,2.83,0.0,1.0,100.0
2018-09-02 15:00:00,2.429,2.332,555.0,True,True,False,6,cap_reached,0.0,0.0,0.0,0.0,2.332,0.0,1.0,100.0
2018-09-02 16:00:00,1.229,1.179,259.0,True,True,False,6,cap_reached,0.0,0.0,0.0,0.0,1.179,0.0,1.0,100.0
2018-09-02 17:00:00,0.201,0.193,41.0,True,True,False,6,cap_reached,0.0,0.0,0.0,0.0,0.193,0.0,1.0,100.0
2018-09-02 18:00:00,0.098,0.094,20.0,False,True,False,6,cap_reached,0.0,0.0,0.0,0.0,0.094,0.0,1.0,100.0
2018-09-02 19:00:00,0.0,0.0,0.0,False,True,False,6,cap_reached,0.0,0.0,0.0,0.0,0.0,0.0,1.0,100.0
2018-09-02 20:00:00,0.0,0.0,0.0,False,True,False,6,cap_reached,0.0,0.0,0.0,0.0,0.0,0.0,1.0,100.0
2018-09-02 21:00:00,0.0,0.0,0.0,False,True,False,6,cap_reached,0.0,0.0,0.0,0.0,0.0,0.0,1.0,100.0
2018-09-02 22:00:00,0.0,0.0,0.0,False,True,False,6,cap_reached,0.0,0.0,0.0,0.0,0.0,0.0,1.0,100.0
2018-09-02 23:00:00,0.0,0.0,0.0,False,True,False,6,cap_reached,0.0,0.0,0.0,0.0,0.0,0.0,1.0,100.0
2018-09-03 00:00:00,0.0,0.0,0.0,False,True,False,0,night,0.0,0.0,0.0,0.0,0.0,0.0,1.0,100.0
2018-09-03 01:00:00,0.0,0.0,0.0,False,True,False,0,night,0.0,0.0,0.0,0.0,0.0,0.0,1.0,100.0
2018-09-03 02:00:00,0.0,0.0,0.0,False,True,False,0,night,0.0,0.0,0.0,0.0,0.0,0.0,1.0,100.0
2018-09-03 03:00:00,0.0,0.0,0.0,False,True,False,0,night,0.0,0.0,0.0,0.0,0.0,0.0,1.0,100.0
2018-09-03 04:00:00,0.0,0.0,0.0,False,True,False,0,night,0.0,0.0,0.0,0.0,0.0,0.0,1.0,100.0
2018-09-03 05:00:00,0.0,0.0,0.0,False,True,False,0,night,0.0,0.0,0.0,0.0,0.0,0.0,1.0,100.0
2018-09-03 06:00:00,0.0,0.0,0.0,False,True,False,0,night,0.0,0.0,0.0,0.0,0.0,0.0,1.0,100.0
2018-09-03 07:00:00,0.074,0.071,15.0,False,True,False,0,night,0.0,0.0,0.0,0.0,0.071,0.0,1.0,100.0
2018-09-03 08:00:00,0.551,0.529,114.0,True,True,True,1,ok,0.529,0.734,1.263,0.0,0.0,-0.772,0.228,22.8
2018-09-03 09:00:00,1.292,1.241,272.0,True,True,True,2,ok,1.241,0.022,1.263,0.0,0.0,-0.024,0.204,20.4
2018-09-03 10:00:00,2.064,1.981,456.0,True,True,True,3,ok,1.263,0.0,1.263,0.682,0.0,0.682,0.886,88.6
2018-09-03 11:00:00,2.478,2.379,565.0,True,True,True,4,ok,1.263,0.0,1.263,0.114,0.996,0.114,1.0,100.0
2018-09-03 12:00:00,2.66,2.553,618.0,True,True,True,5,ok,1.263,0.0,1.263,0.0,1.29,0.0,1.0,100.0
2018-09-03 13:00:00,2.773,2.662,649.0,True,True,True,6,ok,1.263,0.0,1.263,0.0,1.399,0.0,1.0,100.0
2018-09-03 14:00:00,2.43,2.333,564.0,True,True,False,6,cap_reached,0.0,0.0,0.0,0.0,2.333,0.0,1.0,100.0
2018-09-03 15:00:00,2.067,1.985,470.0,True,True,False,6,cap_reached,0.0,0.0,0.0,0.0,1.985,0.0,1.0,100.0
2018-09-03 16:00:00,1.772,1.701,408.0,True,True,False,6,cap_reached,0.0,0.0,0.0,0.0,1.701,0.0,1.0,100.0
2018-09-03 17:00:00,1.099,1.055,237.0,True,True,False,6,cap_reached,0.0,0.0,0.0,0.0,1.055,0.0,1.0,100.0
2018-09-03 18:00:00,0.181,0.174,37.0,True,True,False,6,cap_reached,0.0,0.0,0.0,0.0,0.174,0.0,1.0,100.0
2018-09-03 19:00:00,0.0,0.0,0.0,False,True,False,6,cap_reached,0.0,0.0,0.0,0.0,0.0,0.0,1.0,100.0
2018-09-03 20:00:00,0.0,0.0,0.0,False,True,False,6,cap_reached,0.0,0.0,0.0,0.0,0.0,0.0,1.0,100.0
2018-09-03 21:00:00,0.0,0.0,0.0,False,True,False,6,cap_reached,0.0,0.0,0.0,0.0,0.0,0.0,1.0,100.0
2018-09-03 22:00:00,0.0,0.0,0.0,False,True,False,6,cap_reached,0.0,0.0,0.0,0.0,0.0,0.0,1.0,100.0
2018-09-03 23:00:00,0.0,0.0,0.0,False,True,False,6,cap_reached,0.0,0.0,0.0,0.0,0.0,0.0,1.0,100.0
2018-09-04 00:00:00,0.0,0.0,0.0,False,True,False,0,night,0.0,0.0,0.0,0.0,0.0,0.0,1.0,100.0
2018-09-04 01:00:00,0.0,0.0,0.0,False,True,False,0,night,0.0,0.0,0.0,0.0,0.0,0.0,1.0,100.0
2018-09-04 02:00:00,0.0,0.0,0.0,False,True,False,0,night,0.0,0.0,0.0,0.0,0.0,0.0,1.0,100.0
2018-09-04 03:00:00,0.0,0.0,0.0,False,True,False,0,night,0.0,0.0,0.0,0.0,0.0,0.0,1.0,100.0
2018-09-04 04:00:00,0.0,0.0,0.0,False,True,False,0,night,0.0,0.0,0.0,0.0,0.0,0.0,1.0,100.0
2018-09-04 05:00:00,0.0,0.0,0.0,False,True,False,0,night,0.0,0.0,0.0,0.0,0.0,0.0,1.0,100.0
2018-09-04 06:00:00,0.0,0.0,0.0,False,True,False,0,night,0.0,0.0,0.0,0.0,0.0,0.0,1.0,100.0
2018-09-04 07:00:00,0.837,0.804,175.0,True,True,True,1,ok,0.804,0.459,1.263,0.0,0.0,-0.483,0.517,51.7
2018-09-04 08:00:00,1.715,1.646,400.0,True,True,True,2,ok,1.263,0.0,1.263,0.364,0.0,0.364,0.88,88.0
2018-09-04 09:00:00,2.471,2.372,612.0,True,True,True,3,ok,1.263,0.0,1.263,0.12,0.983,0.12,1.0,100.0
2018-09-04 10:00:00,3.068,2.945,790.0,True,True,True,4,ok,1.263,0.0,1.263,0.0,1.682,0.0,1.0,100.0
2018-09-04 11:00:00,3.006,2.886,704.0,True,True,True,5,ok,1.263,0.0,1.263,0.0,1.623,0.0,1.0,100.0
2018-09-04 12:00:00,3.609,3.464,957.0,True,True,True,6,ok,1.263,0.0,1.263,0.0,2.201,0.0,1.0,100.0
2018-09-04 13:00:00,3.533,3.391,937.0,True,True,False,6,cap_reached,0.0,0.0,0.0,0.0,3.391,0.0,1.0,100.0
2018-09-04 14:00:00,3.231,3.102,845.0,True,True,False,6,cap_reached,0.0,0.0,0.0,0.0,3.102,0.0,1.0,100.0
2018-09-04 15:00:00,2.717,2.609,691.0,True,True,False,6,cap_reached,0.0,0.0,0.0,0.0,2.609,0.0,1.0,100.0
2018-09-04 16:00:00,2.021,1.94,489.0,True,True,False,6,cap_reached,0.0,0.0,0.0,0.0,1.94,0.0,1.0,100.0
2018-09-04 17:00:00,1.183,1.136,262.0,True,True,False,6,cap_reached,0.0,0.0,0.0,0.0,1.136,0.0,1.0,100.0
2018-09-04 18:00:00,0.297,0.285,54.0,True,True,False,6,cap_reached,0.0,0.0,0.0,0.0,0.285,0.0,1.0,100.0
2018-09-04 19:00:00,0.0,0.0,0.0,False,True,False,6,cap_reached,0.0,0.0,0.0,0.0,0.0,0.0,1.0,100.0
2018-09-04 20:00:00,0.0,0.0,0.0,False,True,False,6,cap_reached,0.0,0.0,0.0,0.0,0.0,0.0,1.0,100.0
2018-09-04 21:00:00,0.0,0.0,0.0,False,True,False,6,cap_reached,0.0,0.0,0.0,0.0,0.0,0.0,1.0,100.0
2018-09-04 22:00:00,0.0,0.0,0.0,False,True,False,6,cap_reached,0.0,0.0,0.0,0.0,0.0,0.0,1.0,100.0
2018-09-04 23:00:00,0.0,0.0,0.0,False,True,False,6,cap_reached,0.0,0.0,0.0,0.0,0.0,0.0,1.0,100.0
2018-09-05 00:00:00,0.0,0.0,0.0,False,True,False,0,night,0.0,0.0,0.0,0.0,0.0,0.0,1.0,100.0
2018-09-05 01:00:00,0.0,0.0,0.0,False,True,False,0,night,0.0,0.0,0.0,0.0,0.0,0.0,1.0,100.0
2018-09-05 02:00:00,0.0,0.0,0.0,False,True,False,0,night,0.0,0.0,0.0,0.0,0.0,0.0,1.0,100.0
2018-09-05 03:00:00,0.0,0.0,0.0,False,True,False,0,night,0.0,0.0,0.0,0.0,0.0,0.0,1.0,100.0
2018-09-05 04:00:00,0.0,0.0,0.0,False,True,False,0,night,0.0,0.0,0.0,0.0,0.0,0.0,1.0,100.0
2018-09-05 05:00:00,0.0,0.0,0.0,False,True,False,0,night,0.0,0.0,0.0,0.0,0.0,0.0,1.0,100.0
2018-09-05 06:00:00,0.0,0.0,0.0,False,True,False,0,night,0.0,0.0,0.0,0.0,0.0,0.0,1.0,100.0
2018-09-05 07:00:00,0.847,0.813,179.0,True,True,True,1,ok,0.813,0.45,1.263,0.0,0.0,-0.473,0.527,52.7
2018-09-05 08:00:00,1.723,1.654,406.0,True,True,True,2,ok,1.263,0.0,1.263,0.372,0.0,0.372,0.898,89.8
2018-09-05 09:00:00,2.48,2.381,620.0,True,True,True,3,ok,1.263,0.0,1.263,0.102,1.011,0.102,1.0,100.0
2018-09-05 10:00:00,3.066,2.944,794.0,True,True,True,4,ok,1.263,0.0,1.263,0.0,1.681,0.0,1.0,100.0
2018-09-05 11:00:00,3.443,3.306,910.0,True,True,True,5,ok,1.263,0.0,1.263,0.0,2.043,0.0,1.0,100.0
2018-09-05 12:00:00,3.598,3.454,959.0,True,True,True,6,ok,1.263,0.0,1.263,0.0,2.191,0.0,1.0,100.0
2018-09-05 13:00:00,3.515,3.375,936.0,True,True,False,6,cap_reached,0.0,0.0,0.0,0.0,3.375,0.0,1.0,100.0
2018-09-05 14:00:00,3.211,3.083,843.0,True,True,False,6,cap_reached,0.0,0.0,0.0,0.0,3.083,0.0,1.0,100.0
2018-09-05 15:00:00,2.702,2.594,689.0,True,True,False,6,cap_reached,0.0,0.0,0.0,0.0,2.594,0.0,1.0,100.0
2018-09-05 16:00:00,2.003,1.923,487.0,True,True,False,6,cap_reached,0.0,0.0,0.0,0.0,1.923,0.0,1.0,100.0
2018-09-05 17:00:00,1.167,1.12,260.0,True,True,False,6,cap_reached,0.0,0.0,0.0,0.0,1.12,0.0,1.0,100.0
2018-09-05 18:00:00,0.172,0.165,35.0,True,True,False,6,cap_reached,0.0,0.0,0.0,0.0,0.165,0.0,1.0,100.0
2018-09-05 19:00:00,0.0,0.0,0.0,False,True,False,6,cap_reached,0.0,0.0,0.0,0.0,0.0,0.0,1.0,100.0
2018-09-05 20:00:00,0.0,0.0,0.0,False,True,False,6,cap_reached,0.0,0.0,0.0,0.0,0.0,0.0,1.0,100.0
2018-09-05 21:00:00,0.0,0.0,0.0,False,True,False,6,cap_reached,0.0,0.0,0.0,0.0,0.0,0.0,1.0,100.0
2018-09-05 22:00:00,0.0,0.0,0.0,False,True,False,6,cap_reached,0.0,0.0,0.0,0.0,0.0,0.0,1.0,100.0
2018-09-05 23:00:00,0.0,0.0,0.0,False,True,False,6,cap_reached,0.0,0.0,0.0,0.0,0.0,0.0,1.0,100.0
2018-09-06 00:00:00,0.0,0.0,0.0,False,True,False,0,night,0.0,0.0,0.0,0.0,0.0,0.0,1.0,100.0
2018-09-06 01:00:00,0.0,0.0,0.0,False,True,False,0,night,0.0,0.0,0.0,0.0,0.0,0.0,1.0,100.0
2018-09-06 02:00:00,0.0,0.0,0.0,False,True,False,0,night,0.0,0.0,0.0,0.0,0.0,0.0,1.0,100.0
2018-09-06 03:00:00,0.0,0.0,0.0,False,True,False,0,night,0.0,0.0,0.0,0.0,0.0,0.0,1.0,100.0
2018-09-06 04:00:00,0.0,0.0,0.0,False,True,False,0,night,0.0,0.0,0.0,0.0,0.0,0.0,1.0,100.0
2018-09-06 05:00:00,0.0,0.0,0.0,False,True,False,0,night,0.0,0.0,0.0,0.0,0.0,0.0,1.0,100.0
2018-09-06 06:00:00,0.0,0.0,0.0,False,True,False,0,night,0.0,0.0,0.0,0.0,0.0,0.0,1.0,100.0
2018-09-06 07:00:00,0.623,0.598,128.0,True,True,True,1,ok,0.598,0.665,1.263,0.0,0.0,-0.7,0.3,30.0
2018-09-06 08:00:00,1.035,0.993,218.0,True,True,False,1,battery_empty,0.0,0.0,0.0,0.7,0.256,0.7,1.0,100.0
2018-09-06 09:00:00,1.379,1.324,293.0,True,True,True,2,ok,1.263,0.0,1.263,0.0,0.061,0.0,1.0,100.0
2018-09-06 10:00:00,0.265,0.254,54.0,True,True,False,2,battery_empty,0.0,0.0,0.0,0.0,0.254,0.0,1.0,100.0
2018-09-06 11:00:00,2.345,2.252,524.0,True,True,True,3,ok,1.263,0.0,1.263,0.0,0.989,0.0,1.0,100.0
2018-09-06 12:00:00,2.795,2.683,665.0,True,True,True,4,ok,1.263,0.0,1.263,0.0,1.42,0.0,1.0,100.0
2018-09-06 13:00:00,3.001,2.881,754.0,True,True,True,5,ok,1.263,0.0,1.263,0.0,1.618,0.0,1.0,100.0
2018-09-06 14:00:00,2.53,2.429,572.0,True,True,True,6,ok,1.263,0.0,1.263,0.0,1.166,0.0,1.0,100.0
2018-09-06 15:00:00,1.66,1.594,357.0,True,True,False,6,cap_reached,0.0,0.0,0.0,0.0,1.594,0.0,1.0,100.0
2018-09-06 16:00:00,1.457,1.399,323.0,True,True,False,6,cap_reached,0.0,0.0,0.0,0.0,1.399,0.0,1.0,100.0
2018-09-06 17:00:00,0.559,0.537,115.0,True,True,False,6,cap_reached,0.0,0.0,0.0,0.0,0.537,0.0,1.0,100.0
2018-09-06 18:00:00,0.18,0.173,36.0,True,True,False,6,cap_reached,0.0,0.0,0.0,0.0,0.173,0.0,1.0,100.0
2018-09-06 19:00:00,0.0,0.0,0.0,False,True,False,6,cap_reached,0.0,0.0,0.0,0.0,0.0,0.0,1.0,100.0
2018-09-06 20:00:00,0.0,0.0,0.0,False,True,False,6,cap_reached,0.0,0.0,0.0,0.0,0.0,0.0,1.0,100.0
2018-09-06 21:00:00,0.0,0.0,0.0,False,True,False,6,cap_reached,0.0,0.0,0.0,0.0,0.0,0.0,1.0,100.0
2018-09-06 22:00:00,0.0,0.0,0.0,False,True,False,6,cap_reached,0.0,0.0,0.0,0.0,0.0,0.0,1.0,100.0
2018-09-06 23:00:00,0.0,0.0,0.0,False,True,False,6,cap_reached,0.0,0.0,0.0,0.0,0.0,0.0,1.0,100.0
2018-09-07 00:00:00,0.0,0.0,0.0,False,True,False,0,night,0.0,0.0,0.0,0.0,0.0,0.0,1.0,100.0
2018-09-07 01:00:00,0.0,0.0,0.0,False,True,False,0,night,0.0,0.0,0.0,0.0,0.0,0.0,1.0,100.0
2018-09-07 02:00:00,0.0,0.0,0.0,False,True,False,0,night,0.0,0.0,0.0,0.0,0.0,0.0,1.0,100.0
2018-09-07 03:00:00,0.0,0.0,0.0,False,True,False,0,night,0.0,0.0,0.0,0.0,0.0,0.0,1.0,100.0
2018-09-07 04:00:00,0.0,0.0,0.0,False,True,False,0,night,0.0,0.0,0.0,0.0,0.0,0.0,1.0,100.0
2018-09-07 05:00:00,0.0,0.0,0.0,False,True,False,0,night,0.0,0.0,0.0,0.0,0.0,0.0,1.0,100.0
2018-09-07 06:00:00,0.0,0.0,0.0,False,True,False,0,night,0.0,0.0,0.0,0.0,0.0,0.0,1.0,100.0
2018-09-07 07:00:00,0.863,0.828,185.0,True,True,True,1,ok,0.828,0.435,1.263,0.0,0.0,-0.458,0.542,54.2
2018-09-07 08:00:00,1.732,1.663,413.0,True,True,True,2,ok,1.263,0.0,1.263,0.38,0.0,0.38,0.922,92.2
2018-09-07 09:00:00,2.482,2.382,626.0,True,True,True,3,ok,1.263,0.0,1.263,0.078,1.038,0.078,1.0,100.0
2018-09-07 10:00:00,3.057,2.934,793.0,True,True,True,4,ok,1.263,0.0,1.263,0.0,1.671,0.0,1.0,100.0
2018-09-07 11:00:00,3.432,3.295,908.0,True,True,True,5,ok,1.263,0.0,1.263,0.0,2.032,0.0,1.0,100.0
2018-09-07 12:00:00,3.586,3.442,955.0,True,True,True,6,ok,1.263,0.0,1.263,0.0,2.179,0.0,1.0,100.0
2018-09-07 13:00:00,3.495,3.355,925.0,True,True,False,6,cap_reached,0.0,0.0,0.0,0.0,3.355,0.0,1.0,100.0
2018-09-07 14:00:00,0.493,0.473,101.0,True,True,False,6,cap_reached,0.0,0.0,0.0,0.0,0.473,0.0,1.0,100.0
2018-09-07 15:00:00,0.099,0.095,20.0,False,True,False,6,cap_reached,0.0,0.0,0.0,0.0,0.095,0.0,1.0,100.0
2018-09-07 16:00:00,1.112,1.067,233.0,True,True,False,6,cap_reached,0.0,0.0,0.0,0.0,1.067,0.0,1.0,100.0
2018-09-07 17:00:00,0.989,0.949,213.0,True,True,False,6,cap_reached,0.0,0.0,0.0,0.0,0.949,0.0,1.0,100.0
2018-09-07 18:00:00,0.149,0.143,30.0,True,True,False,6,cap_reached,0.0,0.0,0.0,0.0,0.143,0.0,1.0,100.0
2018-09-07 19:00:00,0.0,0.0,0.0,False,True,False,6,cap_reached,0.0,0.0,0.0,0.0,0.0,0.0,1.0,100.0
2018-09-07 20:00:00,0.0,0.0,0.0,False,True,False,6,cap_reached,0.0,0.0,0.0,0.0,0.0,0.0,1.0,100.0
2018-09-07 21:00:00,0.0,0.0,0.0,False,True,False,6,cap_reached,0.0,0.0,0.0,0.0,0.0,0.0,1.0,100.0
2018-09-07 22:00:00,0.0,0.0,0.0,False,True,False,6,cap_reached,0.0,0.0,0.0,0.0,0.0,0.0,1.0,100.0
2018-09-07 23:00:00,0.0,0.0,0.0,False,True,False,6,cap_reached,0.0,0.0,0.0,0.0,0.0,0.0,1.0,100.0
2018-09-08 00:00:00,0.0,0.0,0.0,False,True,False,0,night,0.0,0.0,0.0,0.0,0.0,0.0,1.0,100.0
2018-09-08 01:00:00,0.0,0.0,0.0,False,True,False,0,night,0.0,0.0,0.0,0.0,0.0,0.0,1.0,100.0
2018-09-08 02:00:00,0.0,0.0,0.0,False,True,False,0,night,0.0,0.0,0.0,0.0,0.0,0.0,1.0,100.0
2018-09-08 03:00:00,0.0,0.0,0.0,False,True,False,0,night,0.0,0.0,0.0,0.0,0.0,0.0,1.0,100.0
2018-09-08 04:00:00,0.0,0.0,0.0,False,True,False,0,night,0.0,0.0,0.0,0.0,0.0,0.0,1.0,100.0
2018-09-08 05:00:00,0.0,0.0,0.0,False,True,False,0,night,0.0,0.0,0.0,0.0,0.0,0.0,1.0,100.0
2018-09-08 06:00:00,0.0,0.0,0.0,False,True,False,0,night,0.0,0.0,0.0,0.0,0.0,0.0,1.0,100.0
2018-09-08 07:00:00,0.153,0.147,31.0,True,True,False,0,battery_empty,0.0,0.0,0.0,0.0,0.147,0.0,1.0,100.0
2018-09-08 08:00:00,0.653,0.627,134.0,True,True,True,1,ok,0.627,0.636,1.263,0.0,0.0,-0.669,0.331,33.1
2018-09-08 09:00:00,2.0,1.92,440.0,True,True,True,2,ok,1.263,0.0,1.263,0.624,0.0,0.624,0.955,95.5
2018-09-08 10:00:00,3.025,2.904,786.0,True,True,True,3,ok,1.263,0.0,1.263,0.045,1.593,0.045,1.0,100.0
2018-09-08 11:00:00,1.122,1.077,233.0,True,True,True,4,ok,1.077,0.186,1.263,0.0,0.0,-0.196,0.804,80.4
2018-09-08 12:00:00,2.472,2.373,560.0,True,True,True,5,ok,1.263,0.0,1.263,0.196,0.904,0.196,1.0,100.0
2018-09-08 13:00:00,0.197,0.189,40.0,True,True,False,5,battery_empty,0.0,0.0,0.0,0.0,0.189,0.0,1.0,100.0
2018-09-08 14:00:00,0.899,0.863,186.0,True,True,True,6,ok,0.863,0.4,1.263,0.0,0.0,-0.421,0.579,57.9
2018-09-08 15:00:00,0.835,0.801,173.0,True,True,False,6,cap_reached,0.0,0.0,0.0,0.421,0.358,0.421,1.0,100.0
2018-09-08 16:00:00,1.713,1.645,397.0,True,True,False,6,cap_reached,0.0,0.0,0.0,0.0,1.645,0.0,1.0,100.0
2018-09-08 17:00:00,1.082,1.039,243.0,True,True,False,6,cap_reached,0.0,0.0,0.0,0.0,1.039,0.0,1.0,100.0
2018-09-08 18:00:00,0.225,0.216,42.0,True,True,False,6,cap_reached,0.0,0.0,0.0,0.0,0.216,0.0,1.0,100.0
2018-09-08 19:00:00,0.0,0.0,0.0,False,True,False,6,cap_reached,0.0,0.0,0.0,0.0,0.0,0.0,1.0,100.0
2018-09-08 20:00:00,0.0,0.0,0.0,False,True,False,6,cap_reached,0.0,0.0,0.0,0.0,0.0,0.0,1.0,100.0
2018-09-08 21:00:00,0.0,0.0,0.0,False,True,False,6,cap_reached,0.0,0.0,0.0,0.0,0.0,0.0,1.0,100.0
2018-09-08 22:00:00,0.0,0.0,0.0,False,True,False,6,cap_reached,0.0,0.0,0.0,0.0,0.0,0.0,1.0,100.0
2018-09-08 23:00:00,0.0,0.0,0.0,False,True,False,6,cap_reached,0.0,0.0,0.0,0.0,0.0,0.0,1.0,100.0
2018-09-09 00:00:00,0.0,0.0,0.0,False,True,False,0,night,0.0,0.0,0.0,0.0,0.0,0.0,1.0,100.0
2018-09-09 01:00:00,0.0,0.0,0.0,False,True,False,0,night,0.0,0.0,0.0,0.0,0.0,0.0,1.0,100.0
2018-09-09 02:00:00,0.0,0.0,0.0,False,True,False,0,night,0.0,0.0,0.0,0.0,0.0,0.0,1.0,100.0
2018-09-09 03:00:00,0.0,0.0,0.0,False,True,False,0,night,0.0,0.0,0.0,0.0,0.0,0.0,1.0,100.0
2018-09-09 04:00:00,0.0,0.0,0.0,False,True,False,0,night,0.0,0.0,0.0,0.0,0.0,0.0,1.0,100.0
2018-09-09 05:00:00,0.0,0.0,0.0,False,True,False,0,night,0.0,0.0,0.0,0.0,0.0,0.0,1.0,100.0
2018-09-09 06:00:00,0.0,0.0,0.0,False,True,False,0,night,0.0,0.0,0.0,0.0,0.0,0.0,1.0,100.0
2018-09-09 07:00:00,0.796,0.764,173.0,True,True,True,1,ok,0.764,0.499,1.263,0.0,0.0,-0.525,0.475,47.5
2018-09-09 08:00:00,1.665,1.598,399.0,True,True,True,2,ok,1.263,0.0,1.263,0.319,0.0,0.319,0.794,79.4
2018-09-09 09:00:00,2.419,2.322,612.0,True,True,True,3,ok,1.263,0.0,1.263,0.206,0.842,0.206,1.0,100.0
2018-09-09 10:00:00,2.096,2.012,461.0,True,True,True,4,ok,1.263,0.0,1.263,0.0,0.749,0.0,1.0,100.0
2018-09-09 11:00:00,3.364,3.229,893.0,True,True,True,5,ok,1.263,0.0,1.263,0.0,1.966,0.0,1.0,100.0
2018-09-09 12:00:00,2.459,2.361,550.0,True,True,True,6,ok,1.263,0.0,1.263,0.0,1.098,0.0,1.0,100.0
2018-09-09 13:00:00,3.44,3.302,923.0,True,True,False,6,cap_reached,0.0,0.0,0.0,0.0,3.302,0.0,1.0,100.0
2018-09-09 14:00:00,0.628,0.603,130.0,True,True,False,6,cap_reached,0.0,0.0,0.0,0.0,0.603,0.0,1.0,100.0
2018-09-09 15:00:00,0.151,0.145,31.0,True,True,False,6,cap_reached,0.0,0.0,0.0,0.0,0.145,0.0,1.0,100.0
2018-09-09 16:00:00,1.216,1.167,262.0,True,True,False,6,cap_reached,0.0,0.0,0.0,0.0,1.167,0.0,1.0,100.0
2018-09-09 17:00:00,0.931,0.894,202.0,True,True,False,6,cap_reached,0.0,0.0,0.0,0.0,0.894,0.0,1.0,100.0
2018-09-09 18:00:00,0.133,0.128,27.0,True,True,False,6,cap_reached,0.0,0.0,0.0,0.0,0.128,0.0,1.0,100.0
2018-09-09 19:00:00,0.0,0.0,0.0,False,True,False,6,cap_reached,0.0,0.0,0.0,0.0,0.0,0.0,1.0,100.0
2018-09-09 20:00:00,0.0,0.0,0.0,False,True,False,6,cap_reached,0.0,0.0,0.0,0.0,0.0,0.0,1.0,100.0
2018-09-09 21:00:00,0.0,0.0,0.0,False,True,False,6,cap_reached,0.0,0.0,0.0,0.0,0.0,0.0,1.0,100.0
2018-09-09 22:00:00,0.0,0.0,0.0,False,True,False,6,cap_reached,0.0,0.0,0.0,0.0,0.0,0.0,1.0,100.0
2018-09-09 23:00:00,0.0,0.0,0.0,False,True,False,6,cap_reached,0.0,0.0,0.0,0.0,0.0,0.0,1.0,100.0
2018-09-10 00:00:00,0.0,0.0,0.0,False,True,False,0,night,0.0,0.0,0.0,0.0,0.0,0.0,1.0,100.0
2018-09-10 01:00:00,0.0,0.0,0.0,False,True,False,0,night,0.0,0.0,0.0,0.0,0.0,0.0,1.0,100.0
2018-09-10 02:00:00,0.0,0.0,0.0,False,True,False,0,night,0.0,0.0,0.0,0.0,0.0,0.0,1.0,100.0
2018-09-10 03:00:00,0.0,0.0,0.0,False,True,False,0,night,0.0,0.0,0.0,0.0,0.0,0.0,1.0,100.0
2018-09-10 04:00:00,0.0,0.0,0.0,False,True,False,0,night,0.0,0.0,0.0,0.0,0.0,0.0,1.0,100.0
2018-09-10 05:00:00,0.0,0.0,0.0,False,True,False,0,night,0.0,0.0,0.0,0.0,0.0,0.0,1.0,100.0
2018-09-10 06:00:00,0.0,0.0,0.0,False,True,False,0,night,0.0,0.0,0.0,0.0,0.0,0.0,1.0,100.0
2018-09-10 07:00:00,0.794,0.762,174.0,True,True,True,1,ok,0.762,0.501,1.263,0.0,0.0,-0.527,0.473,47.3
2018-09-10 08:00:00,1.138,1.092,240.0,True,True,True,2,ok,1.092,0.171,1.263,0.0,0.0,-0.18,0.293,29.3
2018-09-10 09:00:00,2.406,2.31,614.0,True,True,True,3,ok,1.263,0.0,1.263,0.707,0.303,0.707,1.0,100.0
2018-09-10 10:00:00,2.481,2.381,591.0,True,True,True,4,ok,1.263,0.0,1.263,0.0,1.118,0.0,1.0,100.0
2018-09-10 11:00:00,2.852,2.738,698.0,True,True,True,5,ok,1.263,0.0,1.263,0.0,1.475,0.0,1.0,100.0
2018-09-10 12:00:00,3.0,2.88,703.0,True,True,True,6,ok,1.263,0.0,1.263,0.0,1.617,0.0,1.0,100.0
2018-09-10 13:00:00,3.085,2.962,737.0,True,True,False,6,cap_reached,0.0,0.0,0.0,0.0,2.962,0.0,1.0,100.0
2018-09-10 14:00:00,2.137,2.052,476.0,True,True,False,6,cap_reached,0.0,0.0,0.0,0.0,2.052,0.0,1.0,100.0
2018-09-10 15:00:00,2.355,2.261,577.0,True,True,False,6,cap_reached,0.0,0.0,0.0,0.0,2.261,0.0,1.0,100.0
2018-09-10 16:00:00,1.472,1.414,319.0,True,True,False,6,cap_reached,0.0,0.0,0.0,0.0,1.414,0.0,1.0,100.0
2018-09-10 17:00:00,0.608,0.583,126.0,True,True,False,6,cap_reached,0.0,0.0,0.0,0.0,0.583,0.0,1.0,100.0
2018-09-10 18:00:00,0.117,0.113,24.0,True,True,False,6,cap_reached,0.0,0.0,0.0,0.0,0.113,0.0,1.0,100.0
2018-09-10 19:00:00,0.0,0.0,0.0,False,True,False,6,cap_reached,0.0,0.0,0.0,0.0,0.0,0.0,1.0,100.0
2018-09-10 20:00:00,0.0,0.0,0.0,False,True,False,6,cap_reached,0.0,0.0,0.0,0.0,0.0,0.0,1.0,100.0
2018-09-10 21:00:00,0.0,0.0,0.0,False,True,False,6,cap_reached,0.0,0.0,0.0,0.0,0.0,0.0,1.0,100.0
2018-09-10 22:00:00,0.0,0.0,0.0,False,True,False,6,cap_reached,0.0,0.0,0.0,0.0,0.0,0.0,1.0,100.0
2018-09-10 23:00:00,0.0,0.0,0.0,False,True,False,6,cap_reached,0.0,0.0,0.0,0.0,0.0,0.0,1.0,100.0
2018-09-11 00:00:00,0.0,0.0,0.0,False,True,False,0,night,0.0,0.0,0.0,0.0,0.0,0.0,1.0,100.0
2018-09-11 01:00:00,0.0,0.0,0.0,False,True,False,0,night,0.0,0.0,0.0,0.0,0.0,0.0,1.0,100.0
2018-09-11 02:00:00,0.0,0.0,0.0,False,True,False,0,night,0.0,0.0,0.0,0.0,0.0,0.0,1.0,100.0
2018-09-11 03:00:00,0.0,0.0,0.0,False,True,False,0,night,0.0,0.0,0.0,0.0,0.0,0.0,1.0,100.0
2018-09-11 04:00:00,0.0,0.0,0.0,False,True,False,0,night,0.0,0.0,0.0,0.0,0.0,0.0,1.0,100.0
2018-09-11 05:00:00,0.0,0.0,0.0,False,True,False,0,night,0.0,0.0,0.0,0.0,0.0,0.0,1.0,100.0
2018-09-11 06:00:00,0.0,0.0,0.0,False,True,False,0,night,0.0,0.0,0.0,0.0,0.0,0.0,1.0,100.0
2018-09-11 07:00:00,0.79,0.758,176.0,True,True,True,1,ok,0.758,0.505,1.263,0.0,0.0,-0.531,0.469,46.9
2018-09-11 08:00:00,1.644,1.578,403.0,True,True,True,2,ok,1.263,0.0,1.263,0.299,0.0,0.299,0.768,76.8
2018-09-11 09:00:00,2.396,2.3,616.0,True,True,True,3,ok,1.263,0.0,1.263,0.232,0.793,0.232,1.0,100.0
2018-09-11 10:00:00,2.97,2.851,788.0,True,True,True,4,ok,1.263,0.0,1.263,0.0,1.588,0.0,1.0,100.0
2018-09-11 11:00:00,3.344,3.21,902.0,True,True,True,5,ok,1.263,0.0,1.263,0.0,1.947,0.0,1.0,100.0
2018-09-11 12:00:00,3.488,3.349,947.0,True,True,True,6,ok,1.263,0.0,1.263,0.0,2.086,0.0,1.0,100.0
2018-09-11 13:00:00,3.399,3.263,921.0,True,True,False,6,cap_reached,0.0,0.0,0.0,0.0,3.263,0.0,1.0,100.0
2018-09-11 14:00:00,3.083,2.96,825.0,True,True,False,6,cap_reached,0.0,0.0,0.0,0.0,2.96,0.0,1.0,100.0
2018-09-11 15:00:00,2.563,2.46,668.0,True,True,False,6,cap_reached,0.0,0.0,0.0,0.0,2.46,0.0,1.0,100.0
2018-09-11 16:00:00,1.858,1.783,464.0,True,True,False,6,cap_reached,0.0,0.0,0.0,0.0,1.783,0.0,1.0,100.0
2018-09-11 17:00:00,1.028,0.987,238.0,True,True,False,6,cap_reached,0.0,0.0,0.0,0.0,0.987,0.0,1.0,100.0
2018-09-11 18:00:00,0.195,0.187,37.0,True,True,False,6,cap_reached,0.0,0.0,0.0,0.0,0.187,0.0,1.0,100.0
2018-09-11 19:00:00,0.0,0.0,0.0,False,True,False,6,cap_reached,0.0,0.0,0.0,0.0,0.0,0.0,1.0,100.0
2018-09-11 20:00:00,0.0,0.0,0.0,False,True,False,6,cap_reached,0.0,0.0,0.0,0.0,0.0,0.0,1.0,100.0
2018-09-11 21:00:00,0.0,0.0,0.0,False,True,False,6,cap_reached,0.0,0.0,0.0,0.0,0.0,0.0,1.0,100.0
2018-09-11 22:00:00,0.0,0.0,0.0,False,True,False,6,cap_reached,0.0,0.0,0.0,0.0,0.0,0.0,1.0,100.0
2018-09-11 23:00:00,0.0,0.0,0.0,False,True,False,6,cap_reached,0.0,0.0,0.0,0.0,0.0,0.0,1.0,100.0
2018-09-12 00:00:00,0.0,0.0,0.0,False,True,False,0,night,0.0,0.0,0.0,0.0,0.0,0.0,1.0,100.0
2018-09-12 01:00:00,0.0,0.0,0.0,False,True,False,0,night,0.0,0.0,0.0,0.0,0.0,0.0,1.0,100.0
2018-09-12 02:00:00,0.0,0.0,0.0,False,True,False,0,night,0.0,0.0,0.0,0.0,0.0,0.0,1.0,100.0
2018-09-12 03:00:00,0.0,0.0,0.0,False,True,False,0,night,0.0,0.0,0.0,0.0,0.0,0.0,1.0,100.0
2018-09-12 04:00:00,0.0,0.0,0.0,False,True,False,0,night,0.0,0.0,0.0,0.0,0.0,0.0,1.0,100.0
2018-09-12 05:00:00,0.0,0.0,0.0,False,True,False,0,night,0.0,0.0,0.0,0.0,0.0,0.0,1.0,100.0
2018-09-12 06:00:00,0.0,0.0,0.0,False,True,False,0,night,0.0,0.0,0.0,0.0,0.0,0.0,1.0,100.0
2018-09-12 07:00:00,0.763,0.733,171.0,True,True,True,1,ok,0.733,0.53,1.263,0.0,0.0,-0.558,0.442,44.2
2018-09-12 08:00:00,1.62,1.555,398.0,True,True,True,2,ok,1.263,0.0,1.263,0.278,0.0,0.278,0.72,72.0
2018-09-12 09:00:00,2.374,2.279,610.0,True,True,True,3,ok,1.263,0.0,1.263,0.28,0.721,0.28,1.0,100.0
2018-09-12 10:00:00,2.958,2.839,787.0,True,True,True,4,ok,1.263,0.0,1.263,0.0,1.576,0.0,1.0,100.0
2018-09-12 11:00:00,3.329,3.196,899.0,True,True,True,5,ok,1.263,0.0,1.263,0.0,1.933,0.0,1.0,100.0
2018-09-12 12:00:00,3.004,2.883,756.0,True,True,True,6,ok,1.263,0.0,1.263,0.0,1.62,0.0,1.0,100.0
2018-09-12 13:00:00,3.389,3.254,919.0,True,True,False,6,cap_reached,0.0,0.0,0.0,0.0,3.254,0.0,1.0,100.0
2018-09-12 14:00:00,3.075,2.952,824.0,True,True,False,6,cap_reached,0.0,0.0,0.0,0.0,2.952,0.0,1.0,100.0
2018-09-12 15:00:00,2.55,2.448,667.0,True,True,False,6,cap_reached,0.0,0.0,0.0,0.0,2.448,0.0,1.0,100.0
2018-09-12 16:00:00,1.845,1.771,463.0,True,True,False,6,cap_reached,0.0,0.0,0.0,0.0,1.771,0.0,1.0,100.0
2018-09-12 17:00:00,1.012,0.971,236.0,True,True,False,6,cap_reached,0.0,0.0,0.0,0.0,0.971,0.0,1.0,100.0
2018-09-12 18:00:00,0.118,0.114,25.0,True,True,False,6,cap_reached,0.0,0.0,0.0,0.0,0.114,0.0,1.0,100.0
2018-09-12 19:00:00,0.0,0.0,0.0,False,True,False,6,cap_reached,0.0,0.0,0.0,0.0,0.0,0.0,1.0,100.0
2018-09-12 20:00:00,0.0,0.0,0.0,False,True,False,6,cap_reached,0.0,0.0,0.0,0.0,0.0,0.0,1.0,100.0
2018-09-12 21:00:00,0.0,0.0,0.0,False,True,False,6,cap_reached,0.0,0.0,0.0,0.0,0.0,0.0,1.0,100.0
2018-09-12 22:00:00,0.0,0.0,0.0,False,True,False,6,cap_reached,0.0,0.0,0.0,0.0,0.0,0.0,1.0,100.0
2018-09-12 23:00:00,0.0,0.0,0.0,False,True,False,6,cap_reached,0.0,0.0,0.0,0.0,0.0,0.0,1.0,100.0
2018-09-13 00:00:00,0.0,0.0,0.0,False,True,False,0,night,0.0,0.0,0.0,0.0,0.0,0.0,1.0,100.0
2018-09-13 01:00:00,0.0,0.0,0.0,False,True,False,0,night,0.0,0.0,0.0,0.0,0.0,0.0,1.0,100.0
2018-09-13 02:00:00,0.0,0.0,0.0,False,True,False,0,night,0.0,0.0,0.0,0.0,0.0,0.0,1.0,100.0
2018-09-13 03:00:00,0.0,0.0,0.0,False,True,False,0,night,0.0,0.0,0.0,0.0,0.0,0.0,1.0,100.0
2018-09-13 04:00:00,0.0,0.0,0.0,False,True,False,0,night,0.0,0.0,0.0,0.0,0.0,0.0,1.0,100.0
2018-09-13 05:00:00,0.0,0.0,0.0,False,True,False,0,night,0.0,0.0,0.0,0.0,0.0,0.0,1.0,100.0
2018-09-13 06:00:00,0.0,0.0,0.0,False,True,False,0,night,0.0,0.0,0.0,0.0,0.0,0.0,1.0,100.0
2018-09-13 07:00:00,0.771,0.741,176.0,True,True,True,1,ok,0.741,0.522,1.263,0.0,0.0,-0.55,0.45,45.0
2018-09-13 08:00:00,1.619,1.554,403.0,True,True,True,2,ok,1.263,0.0,1.263,0.276,0.0,0.276,0.726,72.6
2018-09-13 09:00:00,2.361,2.267,615.0,True,True,True,3,ok,1.263,0.0,1.263,0.274,0.715,0.274,1.0,100.0
2018-09-13 10:00:00,2.933,2.816,787.0,True,True,True,4,ok,1.263,0.0,1.263,0.0,1.553,0.0,1.0,100.0
2018-09-13 11:00:00,1.614,1.55,343.0,True,True,True,5,ok,1.263,0.0,1.263,0.0,0.287,0.0,1.0,100.0
2018-09-13 12:00:00,2.634,2.529,604.0,True,True,True,6,ok,1.263,0.0,1.263,0.0,1.266,0.0,1.0,100.0
2018-09-13 13:00:00,0.508,0.488,105.0,True,True,False,6,cap_reached,0.0,0.0,0.0,0.0,0.488,0.0,1.0,100.0
2018-09-13 14:00:00,1.521,1.46,326.0,True,True,False,6,cap_reached,0.0,0.0,0.0,0.0,1.46,0.0,1.0,100.0
2018-09-13 15:00:00,2.132,2.046,521.0,True,True,False,6,cap_reached,0.0,0.0,0.0,0.0,2.046,0.0,1.0,100.0
2018-09-13 16:00:00,1.577,1.514,355.0,True,True,False,6,cap_reached,0.0,0.0,0.0,0.0,1.514,0.0,1.0,100.0
2018-09-13 17:00:00,0.754,0.724,162.0,True,True,False,6,cap_reached,0.0,0.0,0.0,0.0,0.724,0.0,1.0,100.0
2018-09-13 18:00:00,0.172,0.165,33.0,True,True,False,6,cap_reached,0.0,0.0,0.0,0.0,0.165,0.0,1.0,100.0
2018-09-13 19:00:00,0.0,0.0,0.0,False,True,False,6,cap_reached,0.0,0.0,0.0,0.0,0.0,0.0,1.0,100.0
2018-09-13 20:00:00,0.0,0.0,0.0,False,True,False,6,cap_reached,0.0,0.0,0.0,0.0,0.0,0.0,1.0,100.0
2018-09-13 21:00:00,0.0,0.0,0.0,False,True,False,6,cap_reached,0.0,0.0,0.0,0.0,0.0,0.0,1.0,100.0
2018-09-13 22:00:00,0.0,0.0,0.0,False,True,False,6,cap_reached,0.0,0.0,0.0,0.0,0.0,0.0,1.0,100.0
2018-09-13 23:00:00,0.0,0.0,0.0,False,True,False,6,cap_reached,0.0,0.0,0.0,0.0,0.0,0.0,1.0,100.0
2018-09-14 00:00:00,0.0,0.0,0.0,False,True,False,0,night,0.0,0.0,0.0,0.0,0.0,0.0,1.0,100.0
2018-09-14 01:00:00,0.0,0.0,0.0,False,True,False,0,night,0.0,0.0,0.0,0.0,0.0,0.0,1.0,100.0
2018-09-14 02:00:00,0.0,0.0,0.0,False,True,False,0,night,0.0,0.0,0.0,0.0,0.0,0.0,1.0,100.0
2018-09-14 03:00:00,0.0,0.0,0.0,False,True,False,0,night,0.0,0.0,0.0,0.0,0.0,0.0,1.0,100.0
2018-09-14 04:00:00,0.0,0.0,0.0,False,True,False,0,night,0.0,0.0,0.0,0.0,0.0,0.0,1.0,100.0
2018-09-14 05:00:00,0.0,0.0,0.0,False,True,False,0,night,0.0,0.0,0.0,0.0,0.0,0.0,1.0,100.0
2018-09-14 06:00:00,0.0,0.0,0.0,False,True,False,0,night,0.0,0.0,0.0,0.0,0.0,0.0,1.0,100.0
2018-09-14 07:00:00,0.756,0.726,174.0,True,True,True,1,ok,0.726,0.537,1.263,0.0,0.0,-0.565,0.435,43.5
2018-09-14 08:00:00,1.606,1.541,402.0,True,True,True,2,ok,1.263,0.0,1.263,0.265,0.0,0.265,0.699,69.9
2018-09-14 09:00:00,2.355,2.261,615.0,True,True,True,3,ok,1.263,0.0,1.263,0.301,0.681,0.301,1.0,100.0
2018-09-14 10:00:00,2.932,2.815,788.0,True,True,True,4,ok,1.263,0.0,1.263,0.0,1.552,0.0,1.0,100.0
2018-09-14 11:00:00,3.299,3.167,902.0,True,True,True,5,ok,1.263,0.0,1.263,0.0,1.904,0.0,1.0,100.0
2018-09-14 12:00:00,3.439,3.302,946.0,True,True,True,6,ok,1.263,0.0,1.263,0.0,2.039,0.0,1.0,100.0
2018-09-14 13:00:00,1.073,1.03,225.0,True,True,False,6,cap_reached,0.0,0.0,0.0,0.0,1.03,0.0,1.0,100.0
2018-09-14 14:00:00,2.633,2.528,644.0,True,True,False,6,cap_reached,0.0,0.0,0.0,0.0,2.528,0.0,1.0,100.0
2018-09-14 15:00:00,0.687,0.66,143.0,True,True,False,6,cap_reached,0.0,0.0,0.0,0.0,0.66,0.0,1.0,100.0
2018-09-14 16:00:00,1.796,1.725,459.0,True,True,False,6,cap_reached,0.0,0.0,0.0,0.0,1.725,0.0,1.0,100.0
2018-09-14 17:00:00,0.02,0.019,4.0,False,True,False,6,cap_reached,0.0,0.0,0.0,0.0,0.019,0.0,1.0,100.0
2018-09-14 18:00:00,0.093,0.09,19.0,False,True,False,6,cap_reached,0.0,0.0,0.0,0.0,0.09,0.0,1.0,100.0
2018-09-14 19:00:00,0.0,0.0,0.0,False,True,False,6,cap_reached,0.0,0.0,0.0,0.0,0.0,0.0,1.0,100.0
2018-09-14 20:00:00,0.0,0.0,0.0,False,True,False,6,cap_reached,0.0,0.0,0.0,0.0,0.0,0.0,1.0,100.0
2018-09-14 21:00:00,0.0,0.0,0.0,False,True,False,6,cap_reached,0.0,0.0,0.0,0.0,0.0,0.0,1.0,100.0
2018-09-14 22:00:00,0.0,0.0,0.0,False,True,False,6,cap_reached,0.0,0.0,0.0,0.0,0.0,0.0,1.0,100.0
2018-09-14 23:00:00,0.0,0.0,0.0,False,True,False,6,cap_reached,0.0,0.0,0.0,0.0,0.0,0.0,1.0,100.0
2018-09-15 00:00:00,0.0,0.0,0.0,False,True,False,0,night,0.0,0.0,0.0,0.0,0.0,0.0,1.0,100.0
2018-09-15 01:00:00,0.0,0.0,0.0,False,True,False,0,night,0.0,0.0,0.0,0.0,0.0,0.0,1.0,100.0
2018-09-15 02:00:00,0.0,0.0,0.0,False,True,False,0,night,0.0,0.0,0.0,0.0,0.0,0.0,1.0,100.0
2018-09-15 03:00:00,0.0,0.0,0.0,False,True,False,0,night,0.0,0.0,0.0,0.0,0.0,0.0,1.0,100.0
2018-09-15 04:00:00,0.0,0.0,0.0,False,True,False,0,night,0.0,0.0,0.0,0.0,0.0,0.0,1.0,100.0
2018-09-15 05:00:00,0.0,0.0,0.0,False,True,False,0,night,0.0,0.0,0.0,0.0,0.0,0.0,1.0,100.0
2018-09-15 06:00:00,0.0,0.0,0.0,False,True,False,0,night,0.0,0.0,0.0,0.0,0.0,0.0,1.0,100.0
2018-09-15 07:00:00,0.755,0.725,176.0,True,True,True,1,ok,0.725,0.538,1.263,0.0,0.0,-0.567,0.433,43.3
2018-09-15 08:00:00,1.612,1.548,407.0,True,True,True,2,ok,1.263,0.0,1.263,0.27,0.0,0.27,0.704,70.4
2018-09-15 09:00:00,2.362,2.268,622.0,True,True,True,3,ok,1.263,0.0,1.263,0.296,0.693,0.296,1.0,100.0
2018-09-15 10:00:00,2.933,2.816,791.0,True,True,True,4,ok,1.263,0.0,1.263,0.0,1.553,0.0,1.0,100.0
2018-09-15 11:00:00,3.298,3.166,906.0,True,True,True,5,ok,1.263,0.0,1.263,0.0,1.903,0.0,1.0,100.0
2018-09-15 12:00:00,3.444,3.306,951.0,True,True,True,6,ok,1.263,0.0,1.263,0.0,2.043,0.0,1.0,100.0
2018-09-15 13:00:00,3.345,3.211,920.0,True,True,False,6,cap_reached,0.0,0.0,0.0,0.0,3.211,0.0,1.0,100.0
2018-09-15 14:00:00,3.017,2.896,820.0,True,True,False,6,cap_reached,0.0,0.0,0.0,0.0,2.896,0.0,1.0,100.0
2018-09-15 15:00:00,2.29,2.198,578.0,True,True,False,6,cap_reached,0.0,0.0,0.0,0.0,2.198,0.0,1.0,100.0
2018-09-15 16:00:00,1.566,1.504,365.0,True,True,False,6,cap_reached,0.0,0.0,0.0,0.0,1.504,0.0,1.0,100.0
2018-09-15 17:00:00,0.935,0.898,223.0,True,True,False,6,cap_reached,0.0,0.0,0.0,0.0,0.898,0.0,1.0,100.0
2018-09-15 18:00:00,0.134,0.128,26.0,True,True,False,6,cap_reached,0.0,0.0,0.0,0.0,0.128,0.0,1.0,100.0
2018-09-15 19:00:00,0.0,0.0,0.0,False,True,False,6,cap_reached,0.0,0.0,0.0,0.0,0.0,0.0,1.0,100.0
2018-09-15 20:00:00,0.0,0.0,0.0,False,True,False,6,cap_reached,0.0,0.0,0.0,0.0,0.0,0.0,1.0,100.0
2018-09-15 21:00:00,0.0,0.0,0.0,False,True,False,6,cap_reached,0.0,0.0,0.0,0.0,0.0,0.0,1.0,100.0
2018-09-15 22:00:00,0.0,0.0,0.0,False,True,False,6,cap_reached,0.0,0.0,0.0,0.0,0.0,0.0,1.0,100.0
2018-09-15 23:00:00,0.0,0.0,0.0,False,True,False,6,cap_reached,0.0,0.0,0.0,0.0,0.0,0.0,1.0,100.0
2018-09-16 00:00:00,0.0,0.0,0.0,False,True,False,0,night,0.0,0.0,0.0,0.0,0.0,0.0,1.0,100.0
2018-09-16 01:00:00,0.0,0.0,0.0,False,True,False,0,night,0.0,0.0,0.0,0.0,0.0,0.0,1.0,100.0
2018-09-16 02:00:00,0.0,0.0,0.0,False,True,False,0,night,0.0,0.0,0.0,0.0,0.0,0.0,1.0,100.0
2018-09-16 03:00:00,0.0,0.0,0.0,False,True,False,0,night,0.0,0.0,0.0,0.0,0.0,0.0,1.0,100.0
2018-09-16 04:00:00,0.0,0.0,0.0,False,True,False,0,night,0.0,0.0,0.0,0.0,0.0,0.0,1.0,100.0
2018-09-16 05:00:00,0.0,0.0,0.0,False,True,False,0,night,0.0,0.0,0.0,0.0,0.0,0.0,1.0,100.0
2018-09-16 06:00:00,0.0,0.0,0.0,False,True,False,0,night,0.0,0.0,0.0,0.0,0.0,0.0,1.0,100.0
2018-09-16 07:00:00,0.709,0.681,165.0,True,True,True,1,ok,0.681,0.582,1.263,0.0,0.0,-0.613,0.387,38.7
2018-09-16 08:00:00,1.401,1.344,331.0,True,True,True,2,ok,1.263,0.0,1.263,0.077,0.0,0.077,0.464,46.4
2018-09-16 09:00:00,2.306,2.213,607.0,True,True,True,3,ok,1.263,0.0,1.263,0.536,0.387,0.536,1.0,100.0
2018-09-16 10:00:00,2.879,2.763,779.0,True,True,True,4,ok,1.263,0.0,1.263,0.0,1.5,0.0,1.0,100.0
2018-09-16 11:00:00,3.245,3.115,893.0,True,True,True,5,ok,1.263,0.0,1.263,0.0,1.852,0.0,1.0,100.0
2018-09-16 12:00:00,3.391,3.255,937.0,True,True,True,6,ok,1.263,0.0,1.263,0.0,1.992,0.0,1.0,100.0
2018-09-16 13:00:00,3.287,3.155,907.0,True,True,False,6,cap_reached,0.0,0.0,0.0,0.0,3.155,0.0,1.0,100.0
2018-09-16 14:00:00,2.964,2.845,808.0,True,True,False,6,cap_reached,0.0,0.0,0.0,0.0,2.845,0.0,1.0,100.0
2018-09-16 15:00:00,2.298,2.206,586.0,True,True,False,6,cap_reached,0.0,0.0,0.0,0.0,2.206,0.0,1.0,100.0
2018-09-16 16:00:00,1.578,1.515,382.0,True,True,False,6,cap_reached,0.0,0.0,0.0,0.0,1.515,0.0,1.0,100.0
2018-09-16 17:00:00,0.905,0.869,217.0,True,True,False,6,cap_reached,0.0,0.0,0.0,0.0,0.869,0.0,1.0,100.0
2018-09-16 18:00:00,0.12,0.115,24.0,True,True,False,6,cap_reached,0.0,0.0,0.0,0.0,0.115,0.0,1.0,100.0
2018-09-16 19:00:00,0.0,0.0,0.0,False,True,False,6,cap_reached,0.0,0.0,0.0,0.0,0.0,0.0,1.0,100.0
2018-09-16 20:00:00,0.0,0.0,0.0,False,True,False,6,cap_reached,0.0,0.0,0.0,0.0,0.0,0.0,1.0,100.0
2018-09-16 21:00:00,0.0,0.0,0.0,False,True,False,6,cap_reached,0.0,0.0,0.0,0.0,0.0,0.0,1.0,100.0
2018-09-16 22:00:00,0.0,0.0,0.0,False,True,False,6,cap_reached,0.0,0.0,0.0,0.0,0.0,0.0,1.0,100.0
2018-09-16 23:00:00,0.0,0.0,0.0,False,True,False,6,cap_reached,0.0,0.0,0.0,0.0,0.0,0.0,1.0,100.0
2018-09-17 00:00:00,0.0,0.0,0.0,False,True,False,0,night,0.0,0.0,0.0,0.0,0.0,0.0,1.0,100.0
2018-09-17 01:00:00,0.0,0.0,0.0,False,True,False,0,night,0.0,0.0,0.0,0.0,0.0,0.0,1.0,100.0
2018-09-17 02:00:00,0.0,0.0,0.0,False,True,False,0,night,0.0,0.0,0.0,0.0,0.0,0.0,1.0,100.0
2018-09-17 03:00:00,0.0,0.0,0.0,False,True,False,0,night,0.0,0.0,0.0,0.0,0.0,0.0,1.0,100.0
2018-09-17 04:00:00,0.0,0.0,0.0,False,True,False,0,night,0.0,0.0,0.0,0.0,0.0,0.0,1.0,100.0
2018-09-17 05:00:00,0.0,0.0,0.0,False,True,False,0,night,0.0,0.0,0.0,0.0,0.0,0.0,1.0,100.0
2018-09-17 06:00:00,0.0,0.0,0.0,False,True,False,0,night,0.0,0.0,0.0,0.0,0.0,0.0,1.0,100.0
2018-09-17 07:00:00,0.708,0.68,165.0,True,True,True,1,ok,0.68,0.583,1.263,0.0,0.0,-0.614,0.386,38.6
2018-09-17 08:00:00,0.543,0.521,112.0,True,True,False,1,battery_empty,0.0,0.0,0.0,0.495,0.0,0.495,0.881,88.1
2018-09-17 09:00:00,2.103,2.019,491.0,True,True,True,2,ok,1.263,0.0,1.263,0.119,0.631,0.119,1.0,100.0
2018-09-17 10:00:00,1.893,1.817,414.0,True,True,True,3,ok,1.263,0.0,1.263,0.0,0.554,0.0,1.0,100.0
2018-09-17 11:00:00,2.792,2.68,695.0,True,True,True,4,ok,1.263,0.0,1.263,0.0,1.417,0.0,1.0,100.0
2018-09-17 12:00:00,2.724,2.615,656.0,True,True,True,5,ok,1.263,0.0,1.263,0.0,1.352,0.0,1.0,100.0
2018-09-17 13:00:00,2.954,2.836,706.0,True,True,True,6,ok,1.263,0.0,1.263,0.0,1.573,0.0,1.0,100.0
2018-09-17 14:00:00,2.963,2.845,810.0,True,True,False,6,cap_reached,0.0,0.0,0.0,0.0,2.845,0.0,1.0,100.0
2018-09-17 15:00:00,2.437,2.34,652.0,True,True,False,6,cap_reached,0.0,0.0,0.0,0.0,2.34,0.0,1.0,100.0
2018-09-17 16:00:00,1.728,1.659,446.0,True,True,False,6,cap_reached,0.0,0.0,0.0,0.0,1.659,0.0,1.0,100.0
2018-09-17 17:00:00,0.898,0.863,218.0,True,True,False,6,cap_reached,0.0,0.0,0.0,0.0,0.863,0.0,1.0,100.0
2018-09-17 18:00:00,0.115,0.11,23.0,True,True,False,6,cap_reached,0.0,0.0,0.0,0.0,0.11,0.0,1.0,100.0
2018-09-17 19:00:00,0.0,0.0,0.0,False,True,False,6,cap_reached,0.0,0.0,0.0,0.0,0.0,0.0,1.0,100.0
2018-09-17 20:00:00,0.0,0.0,0.0,False,True,False,6,cap_reached,0.0,0.0,0.0,0.0,0.0,0.0,1.0,100.0
2018-09-17 21:00:00,0.0,0.0,0.0,False,True,False,6,cap_reached,0.0,0.0,0.0,0.0,0.0,0.0,1.0,100.0
2018-09-17 22:00:00,0.0,0.0,0.0,False,True,False,6,cap_reached,0.0,0.0,0.0,0.0,0.0,0.0,1.0,100.0
2018-09-17 23:00:00,0.0,0.0,0.0,False,True,False,6,cap_reached,0.0,0.0,0.0,0.0,0.0,0.0,1.0,100.0
2018-09-18 00:00:00,0.0,0.0,0.0,False,True,False,0,night,0.0,0.0,0.0,0.0,0.0,0.0,1.0,100.0
2018-09-18 01:00:00,0.0,0.0,0.0,False,True,False,0,night,0.0,0.0,0.0,0.0,0.0,0.0,1.0,100.0
2018-09-18 02:00:00,0.0,0.0,0.0,False,True,False,0,night,0.0,0.0,0.0,0.0,0.0,0.0,1.0,100.0
2018-09-18 03:00:00,0.0,0.0,0.0,False,True,False,0,night,0.0,0.0,0.0,0.0,0.0,0.0,1.0,100.0
2018-09-18 04:00:00,0.0,0.0,0.0,False,True,False,0,night,0.0,0.0,0.0,0.0,0.0,0.0,1.0,100.0
2018-09-18 05:00:00,0.0,0.0,0.0,False,True,False,0,night,0.0,0.0,0.0,0.0,0.0,0.0,1.0,100.0
2018-09-18 06:00:00,0.0,0.0,0.0,False,True,False,0,night,0.0,0.0,0.0,0.0,0.0,0.0,1.0,100.0
2018-09-18 07:00:00,0.714,0.685,172.0,True,True,True,1,ok,0.685,0.578,1.263,0.0,0.0,-0.608,0.392,39.2
2018-09-18 08:00:00,1.563,1.5,402.0,True,True,True,2,ok,1.263,0.0,1.263,0.226,0.0,0.226,0.618,61.8
2018-09-18 09:00:00,2.312,2.22,618.0,True,True,True,3,ok,1.263,0.0,1.263,0.382,0.554,0.382,1.0,100.0
2018-09-18 10:00:00,2.269,2.179,534.0,True,True,True,4,ok,1.263,0.0,1.263,0.0,0.916,0.0,1.0,100.0
2018-09-18 11:00:00,3.252,3.122,901.0,True,True,True,5,ok,1.263,0.0,1.263,0.0,1.859,0.0,1.0,100.0
2018-09-18 12:00:00,3.389,3.253,944.0,True,True,True,6,ok,1.263,0.0,1.263,0.0,1.99,0.0,1.0,100.0
2018-09-18 13:00:00,2.975,2.856,765.0,True,True,False,6,cap_reached,0.0,0.0,0.0,0.0,2.856,0.0,1.0,100.0
2018-09-18 14:00:00,2.595,2.491,608.0,True,True,False,6,cap_reached,0.0,0.0,0.0,0.0,2.491,0.0,1.0,100.0
2018-09-18 15:00:00,2.061,1.978,498.0,True,True,False,6,cap_reached,0.0,0.0,0.0,0.0,1.978,0.0,1.0,100.0
2018-09-18 16:00:00,1.052,1.01,223.0,True,True,False,6,cap_reached,0.0,0.0,0.0,0.0,1.01,0.0,1.0,100.0
2018-09-18 17:00:00,0.879,0.844,217.0,True,True,False,6,cap_reached,0.0,0.0,0.0,0.0,0.844,0.0,1.0,100.0
2018-09-18 18:00:00,0.059,0.057,12.0,False,True,False,6,cap_reached,0.0,0.0,0.0,0.0,0.057,0.0,1.0,100.0
2018-09-18 19:00:00,0.0,0.0,0.0,False,True,False,6,cap_reached,0.0,0.0,0.0,0.0,0.0,0.0,1.0,100.0
2018-09-18 20:00:00,0.0,0.0,0.0,False,True,False,6,cap_reached,0.0,0.0,0.0,0.0,0.0,0.0,1.0,100.0
2018-09-18 21:00:00,0.0,0.0,0.0,False,True,False,6,cap_reached,0.0,0.0,0.0,0.0,0.0,0.0,1.0,100.0
2018-09-18 22:00:00,0.0,0.0,0.0,False,True,False,6,cap_reached,0.0,0.0,0.0,0.0,0.0,0.0,1.0,100.0
2018-09-18 23:00:00,0.0,0.0,0.0,False,True,False,6,cap_reached,0.0,0.0,0.0,0.0,0.0,0.0,1.0,100.0
2018-09-19 00:00:00,0.0,0.0,0.0,False,True,False,0,night,0.0,0.0,0.0,0.0,0.0,0.0,1.0,100.0
2018-09-19 01:00:00,0.0,0.0,0.0,False,True,False,0,night,0.0,0.0,0.0,0.0,0.0,0.0,1.0,100.0
2018-09-19 02:00:00,0.0,0.0,0.0,False,True,False,0,night,0.0,0.0,0.0,0.0,0.0,0.0,1.0,100.0
2018-09-19 03:00:00,0.0,0.0,0.0,False,True,False,0,night,0.0,0.0,0.0,0.0,0.0,0.0,1.0,100.0
2018-09-19 04:00:00,0.0,0.0,0.0,False,True,False,0,night,0.0,0.0,0.0,0.0,0.0,0.0,1.0,100.0
2018-09-19 05:00:00,0.0,0.0,0.0,False,True,False,0,night,0.0,0.0,0.0,0.0,0.0,0.0,1.0,100.0
2018-09-19 06:00:00,0.0,0.0,0.0,False,True,False,0,night,0.0,0.0,0.0,0.0,0.0,0.0,1.0,100.0
2018-09-19 07:00:00,0.691,0.663,167.0,True,True,True,1,ok,0.663,0.6,1.263,0.0,0.0,-0.631,0.369,36.9
2018-09-19 08:00:00,1.53,1.468,394.0,True,True,True,2,ok,1.263,0.0,1.263,0.195,0.0,0.195,0.564,56.4
2018-09-19 09:00:00,2.268,2.177,605.0,True,True,True,3,ok,1.263,0.0,1.263,0.436,0.455,0.436,1.0,100.0
2018-09-19 10:00:00,1.824,1.751,395.0,True,True,True,4,ok,1.263,0.0,1.263,0.0,0.488,0.0,1.0,100.0
2018-09-19 11:00:00,3.199,3.071,885.0,True,True,True,5,ok,1.263,0.0,1.263,0.0,1.808,0.0,1.0,100.0
2018-09-19 12:00:00,3.337,3.203,927.0,True,True,True,6,ok,1.263,0.0,1.263,0.0,1.94,0.0,1.0,100.0
2018-09-19 13:00:00,1.415,1.359,300.0,True,True,False,6,cap_reached,0.0,0.0,0.0,0.0,1.359,0.0,1.0,100.0
2018-09-19 14:00:00,2.908,2.791,799.0,True,True,False,6,cap_reached,0.0,0.0,0.0,0.0,2.791,0.0,1.0,100.0
2018-09-19 15:00:00,1.967,1.888,442.0,True,True,False,6,cap_reached,0.0,0.0,0.0,0.0,1.888,0.0,1.0,100.0
2018-09-19 16:00:00,1.173,1.126,314.0,True,True,False,6,cap_reached,0.0,0.0,0.0,0.0,1.126,0.0,1.0,100.0
2018-09-19 17:00:00,0.117,0.113,24.0,True,True,False,6,cap_reached,0.0,0.0,0.0,0.0,0.113,0.0,1.0,100.0
2018-09-19 18:00:00,0.049,0.047,10.0,False,True,False,6,cap_reached,0.0,0.0,0.0,0.0,0.047,0.0,1.0,100.0
2018-09-19 19:00:00,0.0,0.0,0.0,False,True,False,6,cap_reached,0.0,0.0,0.0,0.0,0.0,0.0,1.0,100.0
2018-09-19 20:00:00,0.0,0.0,0.0,False,True,False,6,cap_reached,0.0,0.0,0.0,0.0,0.0,0.0,1.0,100.0
2018-09-19 21:00:00,0.0,0.0,0.0,False,True,False,6,cap_reached,0.0,0.0,0.0,0.0,0.0,0.0,1.0,100.0
2018-09-19 22:00:00,0.0,0.0,0.0,False,True,False,6,cap_reached,0.0,0.0,0.0,0.0,0.0,0.0,1.0,100.0
2018-09-19 23:00:00,0.0,0.0,0.0,False,True,False,6,cap_reached,0.0,0.0,0.0,0.0,0.0,0.0,1.0,100.0
2018-09-20 00:00:00,0.0,0.0,0.0,False,True,False,0,night,0.0,0.0,0.0,0.0,0.0,0.0,1.0,100.0
2018-09-20 01:00:00,0.0,0.0,0.0,False,True,False,0,night,0.0,0.0,0.0,0.0,0.0,0.0,1.0,100.0
2018-09-20 02:00:00,0.0,0.0,0.0,False,True,False,0,night,0.0,0.0,0.0,0.0,0.0,0.0,1.0,100.0
2018-09-20 03:00:00,0.0,0.0,0.0,False,True,False,0,night,0.0,0.0,0.0,0.0,0.0,0.0,1.0,100.0
2018-09-20 04:00:00,0.0,0.0,0.0,False,True,False,0,night,0.0,0.0,0.0,0.0,0.0,0.0,1.0,100.0
2018-09-20 05:00:00,0.0,0.0,0.0,False,True,False,0,night,0.0,0.0,0.0,0.0,0.0,0.0,1.0,100.0
2018-09-20 06:00:00,0.0,0.0,0.0,False,True,False,0,night,0.0,0.0,0.0,0.0,0.0,0.0,1.0,100.0
2018-09-20 07:00:00,0.678,0.651,168.0,True,True,True,1,ok,0.651,0.612,1.263,0.0,0.0,-0.644,0.356,35.6
2018-09-20 08:00:00,1.513,1.453,395.0,True,True,True,2,ok,1.263,0.0,1.263,0.18,0.0,0.18,0.536,53.6
2018-09-20 09:00:00,2.249,2.159,607.0,True,True,True,3,ok,1.263,0.0,1.263,0.464,0.407,0.464,1.0,100.0
2018-09-20 10:00:00,2.811,2.699,775.0,True,True,True,4,ok,1.263,0.0,1.263,0.0,1.436,0.0,1.0,100.0
2018-09-20 11:00:00,3.174,3.047,885.0,True,True,True,5,ok,1.263,0.0,1.263,0.0,1.784,0.0,1.0,100.0
2018-09-20 12:00:00,1.749,1.679,376.0,True,True,True,6,ok,1.263,0.0,1.263,0.0,0.416,0.0,1.0,100.0
2018-09-20 13:00:00,0.82,0.787,171.0,True,True,False,6,cap_reached,0.0,0.0,0.0,0.0,0.787,0.0,1.0,100.0
2018-09-20 14:00:00,2.12,2.035,493.0,True,True,False,6,cap_reached,0.0,0.0,0.0,0.0,2.035,0.0,1.0,100.0
2018-09-20 15:00:00,1.974,1.895,446.0,True,True,False,6,cap_reached,0.0,0.0,0.0,0.0,1.895,0.0,1.0,100.0
2018-09-20 16:00:00,1.448,1.39,324.0,True,True,False,6,cap_reached,0.0,0.0,0.0,0.0,1.39,0.0,1.0,100.0
2018-09-20 17:00:00,0.575,0.552,119.0,True,True,False,6,cap_reached,0.0,0.0,0.0,0.0,0.552,0.0,1.0,100.0
2018-09-20 18:00:00,0.039,0.038,8.0,False,True,False,6,cap_reached,0.0,0.0,0.0,0.0,0.038,0.0,1.0,100.0
2018-09-20 19:00:00,0.0,0.0,0.0,False,True,False,6,cap_reached,0.0,0.0,0.0,0.0,0.0,0.0,1.0,100.0
2018-09-20 20:00:00,0.0,0.0,0.0,False,True,False,6,cap_reached,0.0,0.0,0.0,0.0,0.0,0.0,1.0,100.0
2018-09-20 21:00:00,0.0,0.0,0.0,False,True,False,6,cap_reached,0.0,0.0,0.0,0.0,0.0,0.0,1.0,100.0
2018-09-20 22:00:00,0.0,0.0,0.0,False,True,False,6,cap_reached,0.0,0.0,0.0,0.0,0.0,0.0,1.0,100.0
2018-09-20 23:00:00,0.0,0.0,0.0,False,True,False,6,cap_reached,0.0,0.0,0.0,0.0,0.0,0.0,1.0,100.0
2018-09-21 00:00:00,0.0,0.0,0.0,False,True,False,0,night,0.0,0.0,0.0,0.0,0.0,0.0,1.0,100.0
2018-09-21 01:00:00,0.0,0.0,0.0,False,True,False,0,night,0.0,0.0,0.0,0.0,0.0,0.0,1.0,100.0
2018-09-21 02:00:00,0.0,0.0,0.0,False,True,False,0,night,0.0,0.0,0.0,0.0,0.0,0.0,1.0,100.0
2018-09-21 03:00:00,0.0,0.0,0.0,False,True,False,0,night,0.0,0.0,0.0,0.0,0.0,0.0,1.0,100.0
2018-09-21 04:00:00,0.0,0.0,0.0,False,True,False,0,night,0.0,0.0,0.0,0.0,0.0,0.0,1.0,100.0
2018-09-21 05:00:00,0.0,0.0,0.0,False,True,False,0,night,0.0,0.0,0.0,0.0,0.0,0.0,1.0,100.0
2018-09-21 06:00:00,0.0,0.0,0.0,False,True,False,0,night,0.0,0.0,0.0,0.0,0.0,0.0,1.0,100.0
2018-09-21 07:00:00,0.66,0.633,162.0,True,True,True,1,ok,0.633,0.63,1.263,0.0,0.0,-0.663,0.337,33.7
2018-09-21 08:00:00,1.493,1.433,389.0,True,True,True,2,ok,1.263,0.0,1.263,0.162,0.0,0.162,0.499,49.9
2018-09-21 09:00:00,2.233,2.143,602.0,True,True,True,3,ok,1.263,0.0,1.263,0.501,0.353,0.501,1.0,100.0
2018-09-21 10:00:00,2.8,2.688,773.0,True,True,True,4,ok,1.263,0.0,1.263,0.0,1.425,0.0,1.0,100.0
2018-09-21 11:00:00,3.169,3.042,884.0,True,True,True,5,ok,1.263,0.0,1.263,0.0,1.779,0.0,1.0,100.0
2018-09-21 12:00:00,3.307,3.174,925.0,True,True,True,6,ok,1.263,0.0,1.263,0.0,1.911,0.0,1.0,100.0
2018-09-21 13:00:00,3.205,3.077,896.0,True,True,False,6,cap_reached,0.0,0.0,0.0,0.0,3.077,0.0,1.0,100.0
2018-09-21 14:00:00,2.874,2.759,796.0,True,True,False,6,cap_reached,0.0,0.0,0.0,0.0,2.759,0.0,1.0,100.0
2018-09-21 15:00:00,1.479,1.42,317.0,True,True,False,6,cap_reached,0.0,0.0,0.0,0.0,1.42,0.0,1.0,100.0
2018-09-21 16:00:00,0.899,0.863,192.0,True,True,False,6,cap_reached,0.0,0.0,0.0,0.0,0.863,0.0,1.0,100.0
2018-09-21 17:00:00,0.639,0.614,134.0,True,True,False,6,cap_reached,0.0,0.0,0.0,0.0,0.614,0.0,1.0,100.0
2018-09-21 18:00:00,0.077,0.074,16.0,False,True,False,6,cap_reached,0.0,0.0,0.0,0.0,0.074,0.0,1.0,100.0
2018-09-21 19:00:00,0.0,0.0,0.0,False,True,False,6,cap_reached,0.0,0.0,0.0,0.0,0.0,0.0,1.0,100.0
2018-09-21 20:00:00,0.0,0.0,0.0,False,True,False,6,cap_reached,0.0,0.0,0.0,0.0,0.0,0.0,1.0,100.0
2018-09-21 21:00:00,0.0,0.0,0.0,False,True,False,6,cap_reached,0.0,0.0,0.0,0.0,0.0,0.0,1.0,100.0
2018-09-21 22:00:00,0.0,0.0,0.0,False,True,False,6,cap_reached,0.0,0.0,0.0,0.0,0.0,0.0,1.0,100.0
2018-09-21 23:00:00,0.0,0.0,0.0,False,True,False,6,cap_reached,0.0,0.0,0.0,0.0,0.0,0.0,1.0,100.0
2018-09-22 00:00:00,0.0,0.0,0.0,False,True,False,0,night,0.0,0.0,0.0,0.0,0.0,0.0,1.0,100.0
2018-09-22 01:00:00,0.0,0.0,0.0,False,True,False,0,night,0.0,0.0,0.0,0.0,0.0,0.0,1.0,100.0
2018-09-22 02:00:00,0.0,0.0,0.0,False,True,False,0,night,0.0,0.0,0.0,0.0,0.0,0.0,1.0,100.0
2018-09-22 03:00:00,0.0,0.0,0.0,False,True,False,0,night,0.0,0.0,0.0,0.0,0.0,0.0,1.0,100.0
2018-09-22 04:00:00,0.0,0.0,0.0,False,True,False,0,night,0.0,0.0,0.0,0.0,0.0,0.0,1.0,100.0
2018-09-22 05:00:00,0.0,0.0,0.0,False,True,False,0,night,0.0,0.0,0.0,0.0,0.0,0.0,1.0,100.0
2018-09-22 06:00:00,0.0,0.0,0.0,False,True,False,0,night,0.0,0.0,0.0,0.0,0.0,0.0,1.0,100.0
2018-09-22 07:00:00,0.66,0.634,166.0,True,True,True,1,ok,0.634,0.629,1.263,0.0,0.0,-0.662,0.338,33.8
2018-09-22 08:00:00,1.496,1.436,394.0,True,True,True,2,ok,1.263,0.0,1.263,0.165,0.0,0.165,0.502,50.2
2018-09-22 09:00:00,2.237,2.148,607.0,True,True,True,3,ok,1.263,0.0,1.263,0.498,0.361,0.498,1.0,100.0
2018-09-22 10:00:00,1.732,1.663,382.0,True,True,True,4,ok,1.263,0.0,1.263,0.0,0.4,0.0,1.0,100.0
2018-09-22 11:00:00,2.742,2.633,690.0,True,True,True,5,ok,1.263,0.0,1.263,0.0,1.37,0.0,1.0,100.0
2018-09-22 12:00:00,2.835,2.721,711.0,True,True,True,6,ok,1.263,0.0,1.263,0.0,1.458,0.0,1.0,100.0
2018-09-22 13:00:00,3.211,3.083,904.0,True,True,False,6,cap_reached,0.0,0.0,0.0,0.0,3.083,0.0,1.0,100.0
2018-09-22 14:00:00,2.877,2.762,803.0,True,True,False,6,cap_reached,0.0,0.0,0.0,0.0,2.762,0.0,1.0,100.0
2018-09-22 15:00:00,2.335,2.241,641.0,True,True,False,6,cap_reached,0.0,0.0,0.0,0.0,2.241,0.0,1.0,100.0
2018-09-22 16:00:00,1.448,1.39,358.0,True,True,False,6,cap_reached,0.0,0.0,0.0,0.0,1.39,0.0,1.0,100.0
2018-09-22 17:00:00,0.793,0.762,203.0,True,True,False,6,cap_reached,0.0,0.0,0.0,0.0,0.762,0.0,1.0,100.0
2018-09-22 18:00:00,0.044,0.042,9.0,False,True,False,6,cap_reached,0.0,0.0,0.0,0.0,0.042,0.0,1.0,100.0
2018-09-22 19:00:00,0.0,0.0,0.0,False,True,False,6,cap_reached,0.0,0.0,0.0,0.0,0.0,0.0,1.0,100.0
2018-09-22 20:00:00,0.0,0.0,0.0,False,True,False,6,cap_reached,0.0,0.0,0.0,0.0,0.0,0.0,1.0,100.0
2018-09-22 21:00:00,0.0,0.0,0.0,False,True,False,6,cap_reached,0.0,0.0,0.0,0.0,0.0,0.0,1.0,100.0
2018-09-22 22:00:00,0.0,0.0,0.0,False,True,False,6,cap_reached,0.0,0.0,0.0,0.0,0.0,0.0,1.0,100.0
2018-09-22 23:00:00,0.0,0.0,0.0,False,True,False,6,cap_reached,0.0,0.0,0.0,0.0,0.0,0.0,1.0,100.0
2018-09-23 00:00:00,0.0,0.0,0.0,False,True,False,0,night,0.0,0.0,0.0,0.0,0.0,0.0,1.0,100.0
2018-09-23 01:00:00,0.0,0.0,0.0,False,True,False,0,night,0.0,0.0,0.0,0.0,0.0,0.0,1.0,100.0
2018-09-23 02:00:00,0.0,0.0,0.0,False,True,False,0,night,0.0,0.0,0.0,0.0,0.0,0.0,1.0,100.0
2018-09-23 03:00:00,0.0,0.0,0.0,False,True,False,0,night,0.0,0.0,0.0,0.0,0.0,0.0,1.0,100.0
2018-09-23 04:00:00,0.0,0.0,0.0,False,True,False,0,night,0.0,0.0,0.0,0.0,0.0,0.0,1.0,100.0
2018-09-23 05:00:00,0.0,0.0,0.0,False,True,False,0,night,0.0,0.0,0.0,0.0,0.0,0.0,1.0,100.0
2018-09-23 06:00:00,0.0,0.0,0.0,False,True,False,0,night,0.0,0.0,0.0,0.0,0.0,0.0,1.0,100.0
2018-09-23 07:00:00,0.638,0.612,161.0,True,True,True,1,ok,0.612,0.651,1.263,0.0,0.0,-0.685,0.315,31.5
2018-09-23 08:00:00,1.464,1.406,387.0,True,True,True,2,ok,1.263,0.0,1.263,0.136,0.0,0.136,0.451,45.1
2018-09-23 09:00:00,2.204,2.116,598.0,True,True,True,3,ok,1.263,0.0,1.263,0.549,0.275,0.549,1.0,100.0
2018-09-23 10:00:00,2.775,2.664,771.0,True,True,True,4,ok,1.263,0.0,1.263,0.0,1.401,0.0,1.0,100.0
2018-09-23 11:00:00,3.139,3.013,882.0,True,True,True,5,ok,1.263,0.0,1.263,0.0,1.75,0.0,1.0,100.0
2018-09-23 12:00:00,3.273,3.142,924.0,True,True,True,6,ok,1.263,0.0,1.263,0.0,1.879,0.0,1.0,100.0
2018-09-23 13:00:00,3.17,3.043,893.0,True,True,False,6,cap_reached,0.0,0.0,0.0,0.0,3.043,0.0,1.0,100.0
2018-09-23 14:00:00,2.836,2.723,793.0,True,True,False,6,cap_reached,0.0,0.0,0.0,0.0,2.723,0.0,1.0,100.0
2018-09-23 15:00:00,2.296,2.204,632.0,True,True,False,6,cap_reached,0.0,0.0,0.0,0.0,2.204,0.0,1.0,100.0
2018-09-23 16:00:00,1.582,1.518,424.0,True,True,False,6,cap_reached,0.0,0.0,0.0,0.0,1.518,0.0,1.0,100.0
2018-09-23 17:00:00,0.664,0.637,141.0,True,True,False,6,cap_reached,0.0,0.0,0.0,0.0,0.637,0.0,1.0,100.0
2018-09-23 18:00:00,0.029,0.028,6.0,False,True,False,6,cap_reached,0.0,0.0,0.0,0.0,0.028,0.0,1.0,100.0
2018-09-23 19:00:00,0.0,0.0,0.0,False,True,False,6,cap_reached,0.0,0.0,0.0,0.0,0.0,0.0,1.0,100.0
2018-09-23 20:00:00,0.0,0.0,0.0,False,True,False,6,cap_reached,0.0,0.0,0.0,0.0,0.0,0.0,1.0,100.0
2018-09-23 21:00:00,0.0,0.0,0.0,False,True,False,6,cap_reached,0.0,0.0,0.0,0.0,0.0,0.0,1.0,100.0
2018-09-23 22:00:00,0.0,0.0,0.0,False,True,False,6,cap_reached,0.0,0.0,0.0,0.0,0.0,0.0,1.0,100.0
2018-09-23 23:00:00,0.0,0.0,0.0,False,True,False,6,cap_reached,0.0,0.0,0.0,0.0,0.0,0.0,1.0,100.0
2018-09-24 00:00:00,0.0,0.0,0.0,False,True,False,0,night,0.0,0.0,0.0,0.0,0.0,0.0,1.0,100.0
2018-09-24 01:00:00,0.0,0.0,0.0,False,True,False,0,night,0.0,0.0,0.0,0.0,0.0,0.0,1.0,100.0
2018-09-24 02:00:00,0.0,0.0,0.0,False,True,False,0,night,0.0,0.0,0.0,0.0,0.0,0.0,1.0,100.0
2018-09-24 03:00:00,0.0,0.0,0.0,False,True,False,0,night,0.0,0.0,0.0,0.0,0.0,0.0,1.0,100.0
2018-09-24 04:00:00,0.0,0.0,0.0,False,True,False,0,night,0.0,0.0,0.0,0.0,0.0,0.0,1.0,100.0
2018-09-24 05:00:00,0.0,0.0,0.0,False,True,False,0,night,0.0,0.0,0.0,0.0,0.0,0.0,1.0,100.0
2018-09-24 06:00:00,0.0,0.0,0.0,False,True,False,0,night,0.0,0.0,0.0,0.0,0.0,0.0,1.0,100.0
2018-09-24 07:00:00,0.626,0.601,161.0,True,True,True,1,ok,0.601,0.662,1.263,0.0,0.0,-0.697,0.303,30.3
2018-09-24 08:00:00,1.45,1.392,388.0,True,True,True,2,ok,1.263,0.0,1.263,0.123,0.0,0.123,0.425,42.5
2018-09-24 09:00:00,2.181,2.093,598.0,True,True,True,3,ok,1.263,0.0,1.263,0.575,0.226,0.575,1.0,100.0
2018-09-24 10:00:00,2.744,2.635,768.0,True,True,True,4,ok,1.263,0.0,1.263,0.0,1.372,0.0,1.0,100.0
2018-09-24 11:00:00,3.107,2.982,877.0,True,True,True,5,ok,1.263,0.0,1.263,0.0,1.719,0.0,1.0,100.0
2018-09-24 12:00:00,3.235,3.105,917.0,True,True,True,6,ok,1.263,0.0,1.263,0.0,1.842,0.0,1.0,100.0
2018-09-24 13:00:00,3.129,3.004,885.0,True,True,False,6,cap_reached,0.0,0.0,0.0,0.0,3.004,0.0,1.0,100.0
2018-09-24 14:00:00,2.796,2.684,785.0,True,True,False,6,cap_reached,0.0,0.0,0.0,0.0,2.684,0.0,1.0,100.0
2018-09-24 15:00:00,2.258,2.168,624.0,True,True,False,6,cap_reached,0.0,0.0,0.0,0.0,2.168,0.0,1.0,100.0
2018-09-24 16:00:00,1.546,1.484,418.0,True,True,False,6,cap_reached,0.0,0.0,0.0,0.0,1.484,0.0,1.0,100.0
2018-09-24 17:00:00,0.73,0.701,192.0,True,True,False,6,cap_reached,0.0,0.0,0.0,0.0,0.701,0.0,1.0,100.0
2018-09-24 18:00:00,0.0,0.0,0.0,False,True,False,6,cap_reached,0.0,0.0,0.0,0.0,0.0,0.0,1.0,100.0
2018-09-24 19:00:00,0.0,0.0,0.0,False,True,False,6,cap_reached,0.0,0.0,0.0,0.0,0.0,0.0,1.0,100.0
2018-09-24 20:00:00,0.0,0.0,0.0,False,True,False,6,cap_reached,0.0,0.0,0.0,0.0,0.0,0.0,1.0,100.0
2018-09-24 21:00:00,0.0,0.0,0.0,False,True,False,6,cap_reached,0.0,0.0,0.0,0.0,0.0,0.0,1.0,100.0
2018-09-24 22:00:00,0.0,0.0,0.0,False,True,False,6,cap_reached,0.0,0.0,0.0,0.0,0.0,0.0,1.0,100.0
2018-09-24 23:00:00,0.0,0.0,0.0,False,True,False,6,cap_reached,0.0,0.0,0.0,0.0,0.0,0.0,1.0,100.0
2018-09-25 00:00:00,0.0,0.0,0.0,False,True,False,0,night,0.0,0.0,0.0,0.0,0.0,0.0,1.0,100.0
2018-09-25 01:00:00,0.0,0.0,0.0,False,True,False,0,night,0.0,0.0,0.0,0.0,0.0,0.0,1.0,100.0
2018-09-25 02:00:00,0.0,0.0,0.0,False,True,False,0,night,0.0,0.0,0.0,0.0,0.0,0.0,1.0,100.0
2018-09-25 03:00:00,0.0,0.0,0.0,False,True,False,0,night,0.0,0.0,0.0,0.0,0.0,0.0,1.0,100.0
2018-09-25 04:00:00,0.0,0.0,0.0,False,True,False,0,night,0.0,0.0,0.0,0.0,0.0,0.0,1.0,100.0
2018-09-25 05:00:00,0.0,0.0,0.0,False,True,False,0,night,0.0,0.0,0.0,0.0,0.0,0.0,1.0,100.0
2018-09-25 06:00:00,0.0,0.0,0.0,False,True,False,0,night,0.0,0.0,0.0,0.0,0.0,0.0,1.0,100.0
2018-09-25 07:00:00,0.612,0.587,158.0,True,True,True,1,ok,0.587,0.676,1.263,0.0,0.0,-0.711,0.289,28.9
2018-09-25 08:00:00,1.428,1.371,382.0,True,True,True,2,ok,1.263,0.0,1.263,0.103,0.0,0.103,0.392,39.2
2018-09-25 09:00:00,2.161,2.074,593.0,True,True,True,3,ok,1.263,0.0,1.263,0.608,0.171,0.608,1.0,100.0
2018-09-25 10:00:00,2.731,2.622,762.0,True,True,True,4,ok,1.263,0.0,1.263,0.0,1.359,0.0,1.0,100.0
2018-09-25 11:00:00,3.09,2.966,873.0,True,True,True,5,ok,1.263,0.0,1.263,0.0,1.703,0.0,1.0,100.0
2018-09-25 12:00:00,3.231,3.101,917.0,True,True,True,6,ok,1.263,0.0,1.263,0.0,1.838,0.0,1.0,100.0
2018-09-25 13:00:00,3.127,3.002,888.0,True,True,False,6,cap_reached,0.0,0.0,0.0,0.0,3.002,0.0,1.0,100.0
2018-09-25 14:00:00,2.787,2.676,786.0,True,True,False,6,cap_reached,0.0,0.0,0.0,0.0,2.676,0.0,1.0,100.0
2018-09-25 15:00:00,2.246,2.156,623.0,True,True,False,6,cap_reached,0.0,0.0,0.0,0.0,2.156,0.0,1.0,100.0
2018-09-25 16:00:00,1.529,1.468,414.0,True,True,False,6,cap_reached,0.0,0.0,0.0,0.0,1.468,0.0,1.0,100.0
2018-09-25 17:00:00,0.71,0.682,184.0,True,True,False,6,cap_reached,0.0,0.0,0.0,0.0,0.682,0.0,1.0,100.0
2018-09-25 18:00:00,0.0,0.0,0.0,False,True,False,6,cap_reached,0.0,0.0,0.0,0.0,0.0,0.0,1.0,100.0
2018-09-25 19:00:00,0.0,0.0,0.0,False,True,False,6,cap_reached,0.0,0.0,0.0,0.0,0.0,0.0,1.0,100.0
2018-09-25 20:00:00,0.0,0.0,0.0,False,True,False,6,cap_reached,0.0,0.0,0.0,0.0,0.0,0.0,1.0,100.0
2018-09-25 21:00:00,0.0,0.0,0.0,False,True,False,6,cap_reached,0.0,0.0,0.0,0.0,0.0,0.0,1.0,100.0
2018-09-25 22:00:00,0.0,0.0,0.0,False,True,False,6,cap_reached,0.0,0.0,0.0,0.0,0.0,0.0,1.0,100.0
2018-09-25 23:00:00,0.0,0.0,0.0,False,True,False,6,cap_reached,0.0,0.0,0.0,0.0,0.0,0.0,1.0,100.0
2018-09-26 00:00:00,0.0,0.0,0.0,False,True,False,0,night,0.0,0.0,0.0,0.0,0.0,0.0,1.0,100.0
2018-09-26 01:00:00,0.0,0.0,0.0,False,True,False,0,night,0.0,0.0,0.0,0.0,0.0,0.0,1.0,100.0
2018-09-26 02:00:00,0.0,0.0,0.0,False,True,False,0,night,0.0,0.0,0.0,0.0,0.0,0.0,1.0,100.0
2018-09-26 03:00:00,0.0,0.0,0.0,False,True,False,0,night,0.0,0.0,0.0,0.0,0.0,0.0,1.0,100.0
2018-09-26 04:00:00,0.0,0.0,0.0,False,True,False,0,night,0.0,0.0,0.0,0.0,0.0,0.0,1.0,100.0
2018-09-26 05:00:00,0.0,0.0,0.0,False,True,False,0,night,0.0,0.0,0.0,0.0,0.0,0.0,1.0,100.0
2018-09-26 06:00:00,0.0,0.0,0.0,False,True,False,0,night,0.0,0.0,0.0,0.0,0.0,0.0,1.0,100.0
2018-09-26 07:00:00,0.6,0.576,152.0,True,True,True,1,ok,0.576,0.687,1.263,0.0,0.0,-0.723,0.277,27.7
2018-09-26 08:00:00,1.418,1.361,376.0,True,True,True,2,ok,1.263,0.0,1.263,0.093,0.0,0.093,0.37,37.0
2018-09-26 09:00:00,2.152,2.066,586.0,True,True,True,3,ok,1.263,0.0,1.263,0.63,0.14,0.63,1.0,100.0
2018-09-26 10:00:00,2.731,2.622,768.0,True,True,True,4,ok,1.263,0.0,1.263,0.0,1.359,0.0,1.0,100.0
2018-09-26 11:00:00,3.092,2.968,879.0,True,True,True,5,ok,1.263,0.0,1.263,0.0,1.705,0.0,1.0,100.0
2018-09-26 12:00:00,3.224,3.095,920.0,True,True,True,6,ok,1.263,0.0,1.263,0.0,1.832,0.0,1.0,100.0
2018-09-26 13:00:00,3.112,2.987,884.0,True,True,False,6,cap_reached,0.0,0.0,0.0,0.0,2.987,0.0,1.0,100.0
2018-09-26 14:00:00,2.775,2.664,780.0,True,True,False,6,cap_reached,0.0,0.0,0.0,0.0,2.664,0.0,1.0,100.0
2018-09-26 15:00:00,2.225,2.136,614.0,True,True,False,6,cap_reached,0.0,0.0,0.0,0.0,2.136,0.0,1.0,100.0
2018-09-26 16:00:00,1.501,1.441,404.0,True,True,False,6,cap_reached,0.0,0.0,0.0,0.0,1.441,0.0,1.0,100.0
2018-09-26 17:00:00,0.688,0.661,178.0,True,True,False,6,cap_reached,0.0,0.0,0.0,0.0,0.661,0.0,1.0,100.0
2018-09-26 18:00:00,0.0,0.0,0.0,False,True,False,6,cap_reached,0.0,0.0,0.0,0.0,0.0,0.0,1.0,100.0
2018-09-26 19:00:00,0.0,0.0,0.0,False,True,False,6,cap_reached,0.0,0.0,0.0,0.0,0.0,0.0,1.0,100.0
2018-09-26 20:00:00,0.0,0.0,0.0,False,True,False,6,cap_reached,0.0,0.0,0.0,0.0,0.0,0.0,1.0,100.0
2018-09-26 21:00:00,0.0,0.0,0.0,False,True,False,6,cap_reached,0.0,0.0,0.0,0.0,0.0,0.0,1.0,100.0
2018-09-26 22:00:00,0.0,0.0,0.0,False,True,False,6,cap_reached,0.0,0.0,0.0,0.0,0.0,0.0,1.0,100.0
2018-09-26 23:00:00,0.0,0.0,0.0,False,True,False,6,cap_reached,0.0,0.0,0.0,0.0,0.0,0.0,1.0,100.0
2018-09-27 00:00:00,0.0,0.0,0.0,False,True,False,0,night,0.0,0.0,0.0,0.0,0.0,0.0,1.0,100.0
2018-09-27 01:00:00,0.0,0.0,0.0,False,True,False,0,night,0.0,0.0,0.0,0.0,0.0,0.0,1.0,100.0
2018-09-27 02:00:00,0.0,0.0,0.0,False,True,False,0,night,0.0,0.0,0.0,0.0,0.0,0.0,1.0,100.0
2018-09-27 03:00:00,0.0,0.0,0.0,False,True,False,0,night,0.0,0.0,0.0,0.0,0.0,0.0,1.0,100.0
2018-09-27 04:00:00,0.0,0.0,0.0,False,True,False,0,night,0.0,0.0,0.0,0.0,0.0,0.0,1.0,100.0
2018-09-27 05:00:00,0.0,0.0,0.0,False,True,False,0,night,0.0,0.0,0.0,0.0,0.0,0.0,1.0,100.0
2018-09-27 06:00:00,0.0,0.0,0.0,False,True,False,0,night,0.0,0.0,0.0,0.0,0.0,0.0,1.0,100.0
2018-09-27 07:00:00,0.599,0.575,155.0,True,True,True,1,ok,0.575,0.688,1.263,0.0,0.0,-0.725,0.275,27.5
2018-09-27 08:00:00,1.418,1.361,381.0,True,True,True,2,ok,1.263,0.0,1.263,0.094,0.0,0.094,0.369,36.9
2018-09-27 09:00:00,2.152,2.066,591.0,True,True,True,3,ok,1.263,0.0,1.263,0.631,0.139,0.631,1.0,100.0
2018-09-27 10:00:00,2.717,2.609,762.0,True,True,True,4,ok,1.263,0.0,1.263,0.0,1.346,0.0,1.0,100.0
2018-09-27 11:00:00,3.083,2.96,874.0,True,True,True,5,ok,1.263,0.0,1.263,0.0,1.697,0.0,1.0,100.0
2018-09-27 12:00:00,3.212,3.084,916.0,True,True,True,6,ok,1.263,0.0,1.263,0.0,1.821,0.0,1.0,100.0
2018-09-27 13:00:00,3.104,2.98,890.0,True,True,False,6,cap_reached,0.0,0.0,0.0,0.0,2.98,0.0,1.0,100.0
2018-09-27 14:00:00,2.764,2.653,786.0,True,True,False,6,cap_reached,0.0,0.0,0.0,0.0,2.653,0.0,1.0,100.0
2018-09-27 15:00:00,2.216,2.128,621.0,True,True,False,6,cap_reached,0.0,0.0,0.0,0.0,2.128,0.0,1.0,100.0
2018-09-27 16:00:00,1.496,1.436,410.0,True,True,False,6,cap_reached,0.0,0.0,0.0,0.0,1.436,0.0,1.0,100.0
2018-09-27 17:00:00,0.672,0.645,179.0,True,True,False,6,cap_reached,0.0,0.0,0.0,0.0,0.645,0.0,1.0,100.0
2018-09-27 18:00:00,0.0,0.0,0.0,False,True,False,6,cap_reached,0.0,0.0,0.0,0.0,0.0,0.0,1.0,100.0
2018-09-27 19:00:00,0.0,0.0,0.0,False,True,False,6,cap_reached,0.0,0.0,0.0,0.0,0.0,0.0,1.0,100.0
2018-09-27 20:00:00,0.0,0.0,0.0,False,True,False,6,cap_reached,0.0,0.0,0.0,0.0,0.0,0.0,1.0,100.0
2018-09-27 21:00:00,0.0,0.0,0.0,False,True,False,6,cap_reached,0.0,0.0,0.0,0.0,0.0,0.0,1.0,100.0
2018-09-27 22:00:00,0.0,0.0,0.0,False,True,False,6,cap_reached,0.0,0.0,0.0,0.0,0.0,0.0,1.0,100.0
2018-09-27 23:00:00,0.0,0.0,0.0,False,True,False,6,cap_reached,0.0,0.0,0.0,0.0,0.0,0.0,1.0,100.0
2018-09-28 00:00:00,0.0,0.0,0.0,False,True,False,0,night,0.0,0.0,0.0,0.0,0.0,0.0,1.0,100.0
2018-09-28 01:00:00,0.0,0.0,0.0,False,True,False,0,night,0.0,0.0,0.0,0.0,0.0,0.0,1.0,100.0
2018-09-28 02:00:00,0.0,0.0,0.0,False,True,False,0,night,0.0,0.0,0.0,0.0,0.0,0.0,1.0,100.0
2018-09-28 03:00:00,0.0,0.0,0.0,False,True,False,0,night,0.0,0.0,0.0,0.0,0.0,0.0,1.0,100.0
2018-09-28 04:00:00,0.0,0.0,0.0,False,True,False,0,night,0.0,0.0,0.0,0.0,0.0,0.0,1.0,100.0
2018-09-28 05:00:00,0.0,0.0,0.0,False,True,False,0,night,0.0,0.0,0.0,0.0,0.0,0.0,1.0,100.0
2018-09-28 06:00:00,0.0,0.0,0.0,False,True,False,0,night,0.0,0.0,0.0,0.0,0.0,0.0,1.0,100.0
2018-09-28 07:00:00,0.579,0.556,153.0,True,True,True,1,ok,0.556,0.707,1.263,0.0,0.0,-0.744,0.256,25.6
2018-09-28 08:00:00,1.39,1.334,378.0,True,True,True,2,ok,1.263,0.0,1.263,0.067,0.0,0.067,0.323,32.3
2018-09-28 09:00:00,2.123,2.038,590.0,True,True,True,3,ok,1.263,0.0,1.263,0.677,0.062,0.677,1.0,100.0
2018-09-28 10:00:00,2.685,2.578,763.0,True,True,True,4,ok,1.263,0.0,1.263,0.0,1.315,0.0,1.0,100.0
2018-09-28 11:00:00,3.044,2.922,872.0,True,True,True,5,ok,1.263,0.0,1.263,0.0,1.659,0.0,1.0,100.0
2018-09-28 12:00:00,2.867,2.753,686.0,True,True,True,6,ok,1.263,0.0,1.263,0.0,1.49,0.0,1.0,100.0
2018-09-28 13:00:00,3.068,2.945,878.0,True,True,False,6,cap_reached,0.0,0.0,0.0,0.0,2.945,0.0,1.0,100.0
2018-09-28 14:00:00,2.726,2.617,773.0,True,True,False,6,cap_reached,0.0,0.0,0.0,0.0,2.617,0.0,1.0,100.0
2018-09-28 15:00:00,2.176,2.089,607.0,True,True,False,6,cap_reached,0.0,0.0,0.0,0.0,2.089,0.0,1.0,100.0
2018-09-28 16:00:00,1.452,1.394,394.0,True,True,False,6,cap_reached,0.0,0.0,0.0,0.0,1.394,0.0,1.0,100.0
2018-09-28 17:00:00,0.553,0.531,118.0,True,True,False,6,cap_reached,0.0,0.0,0.0,0.0,0.531,0.0,1.0,100.0
2018-09-28 18:00:00,0.0,0.0,0.0,False,True,False,6,cap_reached,0.0,0.0,0.0,0.0,0.0,0.0,1.0,100.0
2018-09-28 19:00:00,0.0,0.0,0.0,False,True,False,6,cap_reached,0.0,0.0,0.0,0.0,0.0,0.0,1.0,100.0
2018-09-28 20:00:00,0.0,0.0,0.0,False,True,False,6,cap_reached,0.0,0.0,0.0,0.0,0.0,0.0,1.0,100.0
2018-09-28 21:00:00,0.0,0.0,0.0,False,True,False,6,cap_reached,0.0,0.0,0.0,0.0,0.0,0.0,1.0,100.0
2018-09-28 22:00:00,0.0,0.0,0.0,False,True,False,6,cap_reached,0.0,0.0,0.0,0.0,0.0,0.0,1.0,100.0
2018-09-28 23:00:00,0.0,0.0,0.0,False,True,False,6,cap_reached,0.0,0.0,0.0,0.0,0.0,0.0,1.0,100.0
2018-09-29 00:00:00,0.0,0.0,0.0,False,True,False,0,night,0.0,0.0,0.0,0.0,0.0,0.0,1.0,100.0
2018-09-29 01:00:00,0.0,0.0,0.0,False,True,False,0,night,0.0,0.0,0.0,0.0,0.0,0.0,1.0,100.0
2018-09-29 02:00:00,0.0,0.0,0.0,False,True,False,0,night,0.0,0.0,0.0,0.0,0.0,0.0,1.0,100.0
2018-09-29 03:00:00,0.0,0.0,0.0,False,True,False,0,night,0.0,0.0,0.0,0.0,0.0,0.0,1.0,100.0
2018-09-29 04:00:00,0.0,0.0,0.0,False,True,False,0,night,0.0,0.0,0.0,0.0,0.0,0.0,1.0,100.0
2018-09-29 05:00:00,0.0,0.0,0.0,False,True,False,0,night,0.0,0.0,0.0,0.0,0.0,0.0,1.0,100.0
2018-09-29 06:00:00,0.0,0.0,0.0,False,True,False,0,night,0.0,0.0,0.0,0.0,0.0,0.0,1.0,100.0
2018-09-29 07:00:00,0.36,0.345,74.0,True,True,False,0,battery_empty,0.0,0.0,0.0,0.0,0.345,0.0,1.0,100.0
2018-09-29 08:00:00,1.354,1.3,321.0,True,True,True,1,ok,1.263,0.0,1.263,0.0,0.037,0.0,1.0,100.0
2018-09-29 09:00:00,1.921,1.845,475.0,True,True,True,2,ok,1.263,0.0,1.263,0.0,0.582,0.0,1.0,100.0
2018-09-29 10:00:00,2.272,2.182,569.0,True,True,True,3,ok,1.263,0.0,1.263,0.0,0.919,0.0,1.0,100.0
2018-09-29 11:00:00,1.306,1.253,275.0,True,True,True,4,ok,1.253,0.01,1.263,0.0,0.0,-0.01,0.99,99.0
2018-09-29 12:00:00,3.134,3.009,892.0,True,True,True,5,ok,1.263,0.0,1.263,0.01,1.735,0.01,1.0,100.0
2018-09-29 13:00:00,3.031,2.91,865.0,True,True,True,6,ok,1.263,0.0,1.263,0.0,1.647,0.0,1.0,100.0
2018-09-29 14:00:00,2.689,2.582,761.0,True,True,False,6,cap_reached,0.0,0.0,0.0,0.0,2.582,0.0,1.0,100.0
2018-09-29 15:00:00,2.141,2.056,596.0,True,True,False,6,cap_reached,0.0,0.0,0.0,0.0,2.056,0.0,1.0,100.0
2018-09-29 16:00:00,1.425,1.368,386.0,True,True,False,6,cap_reached,0.0,0.0,0.0,0.0,1.368,0.0,1.0,100.0
2018-09-29 17:00:00,0.62,0.595,163.0,True,True,False,6,cap_reached,0.0,0.0,0.0,0.0,0.595,0.0,1.0,100.0
2018-09-29 18:00:00,0.0,0.0,0.0,False,True,False,6,cap_reached,0.0,0.0,0.0,0.0,0.0,0.0,1.0,100.0
2018-09-29 19:00:00,0.0,0.0,0.0,False,True,False,6,cap_reached,0.0,0.0,0.0,0.0,0.0,0.0,1.0,100.0
2018-09-29 20:00:00,0.0,0.0,0.0,False,True,False,6,cap_reached,0.0,0.0,0.0,0.0,0.0,0.0,1.0,100.0
2018-09-29 21:00:00,0.0,0.0,0.0,False,True,False,6,cap_reached,0.0,0.0,0.0,0.0,0.0,0.0,1.0,100.0
2018-09-29 22:00:00,0.0,0.0,0.0,False,True,False,6,cap_reached,0.0,0.0,0.0,0.0,0.0,0.0,1.0,100.0
2018-09-29 23:00:00,0.0,0.0,0.0,False,True,False,6,cap_reached,0.0,0.0,0.0,0.0,0.0,0.0,1.0,100.0
2018-09-30 00:00:00,0.0,0.0,0.0,False,True,False,0,night,0.0,0.0,0.0,0.0,0.0,0.0,1.0,100.0
2018-09-30 01:00:00,0.0,0.0,0.0,False,True,False,0,night,0.0,0.0,0.0,0.0,0.0,0.0,1.0,100.0
2018-09-30 02:00:00,0.0,0.0,0.0,False,True,False,0,night,0.0,0.0,0.0,0.0,0.0,0.0,1.0,100.0
2018-09-30 03:00:00,0.0,0.0,0.0,False,True,False,0,night,0.0,0.0,0.0,0.0,0.0,0.0,1.0,100.0
2018-09-30 04:00:00,0.0,0.0,0.0,False,True,False,0,night,0.0,0.0,0.0,0.0,0.0,0.0,1.0,100.0
2018-09-30 05:00:00,0.0,0.0,0.0,False,True,False,0,night,0.0,0.0,0.0,0.0,0.0,0.0,1.0,100.0
2018-09-30 06:00:00,0.0,0.0,0.0,False,True,False,0,night,0.0,0.0,0.0,0.0,0.0,0.0,1.0,100.0
2018-09-30 07:00:00,0.241,0.232,49.0,True,True,False,0,battery_empty,0.0,0.0,0.0,0.0,0.232,0.0,1.0,100.0
2018-09-30 08:00:00,1.282,1.231,315.0,True,True,True,1,ok,1.231,0.032,1.263,0.0,0.0,-0.034,0.966,96.6
2018-09-30 09:00:00,2.07,1.987,578.0,True,True,True,2,ok,1.263,0.0,1.263,0.034,0.688,0.034,1.0,100.0
2018-09-30 10:00:00,2.636,2.531,747.0,True,True,True,3,ok,1.263,0.0,1.263,0.0,1.268,0.0,1.0,100.0
2018-09-30 11:00:00,2.781,2.67,669.0,True,True,True,4,ok,1.263,0.0,1.263,0.0,1.407,0.0,1.0,100.0
2018-09-30 12:00:00,3.137,3.012,901.0,True,True,True,5,ok,1.263,0.0,1.263,0.0,1.749,0.0,1.0,100.0
2018-09-30 13:00:00,3.028,2.907,869.0,True,True,True,6,ok,1.263,0.0,1.263,0.0,1.644,0.0,1.0,100.0
2018-09-30 14:00:00,2.366,2.271,548.0,True,True,False,6,cap_reached,0.0,0.0,0.0,0.0,2.271,0.0,1.0,100.0
2018-09-30 15:00:00,2.131,2.046,603.0,True,True,False,6,cap_reached,0.0,0.0,0.0,0.0,2.046,0.0,1.0,100.0
2018-09-30 16:00:00,1.41,1.353,394.0,True,True,False,6,cap_reached,0.0,0.0,0.0,0.0,1.353,0.0,1.0,100.0
2018-09-30 17:00:00,0.602,0.578,168.0,True,True,False,6,cap_reached,0.0,0.0,0.0,0.0,0.578,0.0,1.0,100.0
2018-09-30 18:00:00,0.0,0.0,0.0,False,True,False,6,cap_reached,0.0,0.0,0.0,0.0,0.0,0.0,1.0,100.0
2018-09-30 19:00:00,0.0,0.0,0.0,False,True,False,6,cap_reached,0.0,0.0,0.0,0.0,0.0,0.0,1.0,100.0
2018-09-30 20:00:00,0.0,0.0,0.0,False,True,False,6,cap_reached,0.0,0.0,0.0,0.0,0.0,0.0,1.0,100.0
2018-09-30 21:00:00,0.0,0.0,0.0,False,True,False,6,cap_reached,0.0,0.0,0.0,0.0,0.0,0.0,1.0,100.0
2018-09-30 22:00:00,0.0,0.0,0.0,False,True,False,6,cap_reached,0.0,0.0,0.0,0.0,0.0,0.0,1.0,100.0
2018-09-30 23:00:00,0.0,0.0,0.0,False,True,False,6,cap_reached,0.0,0.0,0.0,0.0,0.0,0.0,1.0,100.0
2018-10-01 00:00:00,0.0,0.0,0.0,False,True,False,0,night,0.0,0.0,0.0,0.0,0.0,0.0,1.0,100.0
2018-10-01 01:00:00,0.0,0.0,0.0,False,True,False,0,night,0.0,0.0,0.0,0.0,0.0,0.0,1.0,100.0
2018-10-01 02:00:00,0.0,0.0,0.0,False,True,False,0,night,0.0,0.0,0.0,0.0,0.0,0.0,1.0,100.0
2018-10-01 03:00:00,0.0,0.0,0.0,False,True,False,0,night,0.0,0.0,0.0,0.0,0.0,0.0,1.0,100.0
2018-10-01 04:00:00,0.0,0.0,0.0,False,True,False,0,night,0.0,0.0,0.0,0.0,0.0,0.0,1.0,100.0
2018-10-01 05:00:00,0.0,0.0,0.0,False,True,False,0,night,0.0,0.0,0.0,0.0,0.0,0.0,1.0,100.0
2018-10-01 06:00:00,0.0,0.0,0.0,False,True,False,0,night,0.0,0.0,0.0,0.0,0.0,0.0,1.0,100.0
2018-10-01 07:00:00,0.542,0.52,155.0,True,True,True,1,ok,0.52,0.743,1.263,0.0,0.0,-0.782,0.218,21.8
2018-10-01 08:00:00,1.347,1.293,382.0,True,True,True,2,ok,1.263,0.0,1.263,0.029,0.0,0.029,0.246,24.6
2018-10-01 09:00:00,2.08,1.997,593.0,True,True,True,3,ok,1.263,0.0,1.263,0.697,0.0,0.697,0.943,94.3
2018-10-01 10:00:00,2.638,2.532,762.0,True,True,True,4,ok,1.263,0.0,1.263,0.057,1.21,0.057,1.0,100.0
2018-10-01 11:00:00,2.998,2.878,869.0,True,True,True,5,ok,1.263,0.0,1.263,0.0,1.615,0.0,1.0,100.0
2018-10-01 12:00:00,3.121,2.996,907.0,True,True,True,6,ok,1.263,0.0,1.263,0.0,1.733,0.0,1.0,100.0
2018-10-01 13:00:00,3.002,2.882,873.0,True,True,False,6,cap_reached,0.0,0.0,0.0,0.0,2.882,0.0,1.0,100.0
2018-10-01 14:00:00,1.697,1.629,365.0,True,True,False,6,cap_reached,0.0,0.0,0.0,0.0,1.629,0.0,1.0,100.0
2018-10-01 15:00:00,2.101,2.017,602.0,True,True,False,6,cap_reached,0.0,0.0,0.0,0.0,2.017,0.0,1.0,100.0
2018-10-01 16:00:00,1.383,1.327,392.0,True,True,False,6,cap_reached,0.0,0.0,0.0,0.0,1.327,0.0,1.0,100.0
2018-10-01 17:00:00,0.583,0.56,164.0,True,True,False,6,cap_reached,0.0,0.0,0.0,0.0,0.56,0.0,1.0,100.0
2018-10-01 18:00:00,0.0,0.0,0.0,False,True,False,6,cap_reached,0.0,0.0,0.0,0.0,0.0,0.0,1.0,100.0
2018-10-01 19:00:00,0.0,0.0,0.0,False,True,False,6,cap_reached,0.0,0.0,0.0,0.0,0.0,0.0,1.0,100.0
2018-10-01 20:00:00,0.0,0.0,0.0,False,True,False,6,cap_reached,0.0,0.0,0.0,0.0,0.0,0.0,1.0,100.0
2018-10-01 21:00:00,0.0,0.0,0.0,False,True,False,6,cap_reached,0.0,0.0,0.0,0.0,0.0,0.0,1.0,100.0
2018-10-01 22:00:00,0.0,0.0,0.0,False,True,False,6,cap_reached,0.0,0.0,0.0,0.0,0.0,0.0,1.0,100.0
2018-10-01 23:00:00,0.0,0.0,0.0,False,True,False,6,cap_reached,0.0,0.0,0.0,0.0,0.0,0.0,1.0,100.0
2018-10-02 00:00:00,0.0,0.0,0.0,False,True,False,0,night,0.0,0.0,0.0,0.0,0.0,0.0,1.0,100.0
2018-10-02 01:00:00,0.0,0.0,0.0,False,True,False,0,night,0.0,0.0,0.0,0.0,0.0,0.0,1.0,100.0
2018-10-02 02:00:00,0.0,0.0,0.0,False,True,False,0,night,0.0,0.0,0.0,0.0,0.0,0.0,1.0,100.0
2018-10-02 03:00:00,0.0,0.0,0.0,False,True,False,0,night,0.0,0.0,0.0,0.0,0.0,0.0,1.0,100.0
2018-10-02 04:00:00,0.0,0.0,0.0,False,True,False,0,night,0.0,0.0,0.0,0.0,0.0,0.0,1.0,100.0
2018-10-02 05:00:00,0.0,0.0,0.0,False,True,False,0,night,0.0,0.0,0.0,0.0,0.0,0.0,1.0,100.0
2018-10-02 06:00:00,0.0,0.0,0.0,False,True,False,0,night,0.0,0.0,0.0,0.0,0.0,0.0,1.0,100.0
2018-10-02 07:00:00,0.521,0.5,144.0,True,True,True,1,ok,0.5,0.763,1.263,0.0,0.0,-0.803,0.197,19.7
2018-10-02 08:00:00,1.314,1.261,368.0,True,True,True,2,ok,1.261,0.002,1.263,0.0,0.0,-0.002,0.195,19.5
2018-10-02 09:00:00,2.039,1.958,578.0,True,True,True,3,ok,1.263,0.0,1.263,0.66,0.0,0.66,0.855,85.5
2018-10-02 10:00:00,2.594,2.49,742.0,True,True,True,4,ok,1.263,0.0,1.263,0.145,1.074,0.145,1.0,100.0
2018-10-02 11:00:00,2.954,2.836,849.0,True,True,True,5,ok,1.263,0.0,1.263,0.0,1.573,0.0,1.0,100.0
2018-10-02 12:00:00,1.698,1.63,365.0,True,True,True,6,ok,1.263,0.0,1.263,0.0,0.367,0.0,1.0,100.0
2018-10-02 13:00:00,2.26,2.17,531.0,True,True,False,6,cap_reached,0.0,0.0,0.0,0.0,2.17,0.0,1.0,100.0
2018-10-02 14:00:00,2.24,2.151,511.0,True,True,False,6,cap_reached,0.0,0.0,0.0,0.0,2.151,0.0,1.0,100.0
2018-10-02 15:00:00,2.067,1.984,580.0,True,True,False,6,cap_reached,0.0,0.0,0.0,0.0,1.984,0.0,1.0,100.0
2018-10-02 16:00:00,1.349,1.295,372.0,True,True,False,6,cap_reached,0.0,0.0,0.0,0.0,1.295,0.0,1.0,100.0
2018-10-02 17:00:00,0.559,0.537,150.0,True,True,False,6,cap_reached,0.0,0.0,0.0,0.0,0.537,0.0,1.0,100.0
2018-10-02 18:00:00,0.0,0.0,0.0,False,True,False,6,cap_reached,0.0,0.0,0.0,0.0,0.0,0.0,1.0,100.0
2018-10-02 19:00:00,0.0,0.0,0.0,False,True,False,6,cap_reached,0.0,0.0,0.0,0.0,0.0,0.0,1.0,100.0
2018-10-02 20:00:00,0.0,0.0,0.0,False,True,False,6,cap_reached,0.0,0.0,0.0,0.0,0.0,0.0,1.0,100.0
2018-10-02 21:00:00,0.0,0.0,0.0,False,True,False,6,cap_reached,0.0,0.0,0.0,0.0,0.0,0.0,1.0,100.0
2018-10-02 22:00:00,0.0,0.0,0.0,False,True,False,6,cap_reached,0.0,0.0,0.0,0.0,0.0,0.0,1.0,100.0
2018-10-02 23:00:00,0.0,0.0,0.0,False,True,False,6,cap_reached,0.0,0.0,0.0,0.0,0.0,0.0,1.0,100.0
2018-10-03 00:00:00,0.0,0.0,0.0,False,True,False,0,night,0.0,0.0,0.0,0.0,0.0,0.0,1.0,100.0
2018-10-03 01:00:00,0.0,0.0,0.0,False,True,False,0,night,0.0,0.0,0.0,0.0,0.0,0.0,1.0,100.0
2018-10-03 02:00:00,0.0,0.0,0.0,False,True,False,0,night,0.0,0.0,0.0,0.0,0.0,0.0,1.0,100.0
2018-10-03 03:00:00,0.0,0.0,0.0,False,True,False,0,night,0.0,0.0,0.0,0.0,0.0,0.0,1.0,100.0
2018-10-03 04:00:00,0.0,0.0,0.0,False,True,False,0,night,0.0,0.0,0.0,0.0,0.0,0.0,1.0,100.0
2018-10-03 05:00:00,0.0,0.0,0.0,False,True,False,0,night,0.0,0.0,0.0,0.0,0.0,0.0,1.0,100.0
2018-10-03 06:00:00,0.0,0.0,0.0,False,True,False,0,night,0.0,0.0,0.0,0.0,0.0,0.0,1.0,100.0
2018-10-03 07:00:00,0.529,0.508,147.0,True,True,True,1,ok,0.508,0.755,1.263,0.0,0.0,-0.794,0.206,20.6
2018-10-03 08:00:00,1.331,1.278,373.0,True,True,True,2,ok,1.263,0.0,1.263,0.014,0.0,0.014,0.22,22.0
2018-10-03 09:00:00,2.065,1.982,587.0,True,True,True,3,ok,1.263,0.0,1.263,0.683,0.0,0.683,0.903,90.3
2018-10-03 10:00:00,2.631,2.526,762.0,True,True,True,4,ok,1.263,0.0,1.263,0.097,1.161,0.097,1.0,100.0
2018-10-03 11:00:00,2.986,2.866,868.0,True,True,True,5,ok,1.263,0.0,1.263,0.0,1.603,0.0,1.0,100.0
2018-10-03 12:00:00,3.115,2.99,905.0,True,True,True,6,ok,1.263,0.0,1.263,0.0,1.727,0.0,1.0,100.0
2018-10-03 13:00:00,2.986,2.867,866.0,True,True,False,6,cap_reached,0.0,0.0,0.0,0.0,2.867,0.0,1.0,100.0
2018-10-03 14:00:00,2.635,2.53,761.0,True,True,False,6,cap_reached,0.0,0.0,0.0,0.0,2.53,0.0,1.0,100.0
2018-10-03 15:00:00,2.071,1.988,594.0,True,True,False,6,cap_reached,0.0,0.0,0.0,0.0,1.988,0.0,1.0,100.0
2018-10-03 16:00:00,1.34,1.287,383.0,True,True,False,6,cap_reached,0.0,0.0,0.0,0.0,1.287,0.0,1.0,100.0
2018-10-03 17:00:00,0.54,0.519,155.0,True,True,False,6,cap_reached,0.0,0.0,0.0,0.0,0.519,0.0,1.0,100.0
2018-10-03 18:00:00,0.0,0.0,0.0,False,True,False,6,cap_reached,0.0,0.0,0.0,0.0,0.0,0.0,1.0,100.0
2018-10-03 19:00:00,0.0,0.0,0.0,False,True,False,6,cap_reached,0.0,0.0,0.0,0.0,0.0,0.0,1.0,100.0
2018-10-03 20:00:00,0.0,0.0,0.0,False,True,False,6,cap_reached,0.0,0.0,0.0,0.0,0.0,0.0,1.0,100.0
2018-10-03 21:00:00,0.0,0.0,0.0,False,True,False,6,cap_reached,0.0,0.0,0.0,0.0,0.0,0.0,1.0,100.0
2018-10-03 22:00:00,0.0,0.0,0.0,False,True,False,6,cap_reached,0.0,0.0,0.0,0.0,0.0,0.0,1.0,100.0
2018-10-03 23:00:00,0.0,0.0,0.0,False,True,False,6,cap_reached,0.0,0.0,0.0,0.0,0.0,0.0,1.0,100.0
2018-10-04 00:00:00,0.0,0.0,0.0,False,True,False,0,night,0.0,0.0,0.0,0.0,0.0,0.0,1.0,100.0
2018-10-04 01:00:00,0.0,0.0,0.0,False,True,False,0,night,0.0,0.0,0.0,0.0,0.0,0.0,1.0,100.0
2018-10-04 02:00:00,0.0,0.0,0.0,False,True,False,0,night,0.0,0.0,0.0,0.0,0.0,0.0,1.0,100.0
2018-10-04 03:00:00,0.0,0.0,0.0,False,True,False,0,night,0.0,0.0,0.0,0.0,0.0,0.0,1.0,100.0
2018-10-04 04:00:00,0.0,0.0,0.0,False,True,False,0,night,0.0,0.0,0.0,0.0,0.0,0.0,1.0,100.0
2018-10-04 05:00:00,0.0,0.0,0.0,False,True,False,0,night,0.0,0.0,0.0,0.0,0.0,0.0,1.0,100.0
2018-10-04 06:00:00,0.0,0.0,0.0,False,True,False,0,night,0.0,0.0,0.0,0.0,0.0,0.0,1.0,100.0
2018-10-04 07:00:00,0.216,0.208,44.0,True,True,False,0,battery_empty,0.0,0.0,0.0,0.0,0.208,0.0,1.0,100.0
2018-10-04 08:00:00,0.348,0.335,71.0,True,True,False,0,battery_empty,0.0,0.0,0.0,0.0,0.335,0.0,1.0,100.0
2018-10-04 09:00:00,1.453,1.395,323.0,True,True,True,1,ok,1.263,0.0,1.263,0.0,0.132,0.0,1.0,100.0
2018-10-04 10:00:00,2.234,2.144,576.0,True,True,True,2,ok,1.263,0.0,1.263,0.0,0.881,0.0,1.0,100.0
2018-10-04 11:00:00,2.625,2.52,693.0,True,True,True,3,ok,1.263,0.0,1.263,0.0,1.257,0.0,1.0,100.0
2018-10-04 12:00:00,2.433,2.335,581.0,True,True,True,4,ok,1.263,0.0,1.263,0.0,1.072,0.0,1.0,100.0
2018-10-04 13:00:00,2.921,2.804,854.0,True,True,True,5,ok,1.263,0.0,1.263,0.0,1.541,0.0,1.0,100.0
2018-10-04 14:00:00,1.496,1.436,326.0,True,True,True,6,ok,1.263,0.0,1.263,0.0,0.173,0.0,1.0,100.0
2018-10-04 15:00:00,1.865,1.79,494.0,True,True,False,6,cap_reached,0.0,0.0,0.0,0.0,1.79,0.0,1.0,100.0
2018-10-04 16:00:00,1.208,1.16,303.0,True,True,False,6,cap_reached,0.0,0.0,0.0,0.0,1.16,0.0,1.0,100.0
2018-10-04 17:00:00,0.51,0.49,108.0,True,True,False,6,cap_reached,0.0,0.0,0.0,0.0,0.49,0.0,1.0,100.0
2018-10-04 18:00:00,0.0,0.0,0.0,False,True,False,6,cap_reached,0.0,0.0,0.0,0.0,0.0,0.0,1.0,100.0
2018-10-04 19:00:00,0.0,0.0,0.0,False,True,False,6,cap_reached,0.0,0.0,0.0,0.0,0.0,0.0,1.0,100.0
2018-10-04 20:00:00,0.0,0.0,0.0,False,True,False,6,cap_reached,0.0,0.0,0.0,0.0,0.0,0.0,1.0,100.0
2018-10-04 21:00:00,0.0,0.0,0.0,False,True,False,6,cap_reached,0.0,0.0,0.0,0.0,0.0,0.0,1.0,100.0
2018-10-04 22:00:00,0.0,0.0,0.0,False,True,False,6,cap_reached,0.0,0.0,0.0,0.0,0.0,0.0,1.0,100.0
2018-10-04 23:00:00,0.0,0.0,0.0,False,True,False,6,cap_reached,0.0,0.0,0.0,0.0,0.0,0.0,1.0,100.0
2018-10-05 00:00:00,0.0,0.0,0.0,False,True,False,0,night,0.0,0.0,0.0,0.0,0.0,0.0,1.0,100.0
2018-10-05 01:00:00,0.0,0.0,0.0,False,True,False,0,night,0.0,0.0,0.0,0.0,0.0,0.0,1.0,100.0
2018-10-05 02:00:00,0.0,0.0,0.0,False,True,False,0,night,0.0,0.0,0.0,0.0,0.0,0.0,1.0,100.0
2018-10-05 03:00:00,0.0,0.0,0.0,False,True,False,0,night,0.0,0.0,0.0,0.0,0.0,0.0,1.0,100.0
2018-10-05 04:00:00,0.0,0.0,0.0,False,True,False,0,night,0.0,0.0,0.0,0.0,0.0,0.0,1.0,100.0
2018-10-05 05:00:00,0.0,0.0,0.0,False,True,False,0,night,0.0,0.0,0.0,0.0,0.0,0.0,1.0,100.0
2018-10-05 06:00:00,0.0,0.0,0.0,False,True,False,0,night,0.0,0.0,0.0,0.0,0.0,0.0,1.0,100.0
2018-10-05 07:00:00,0.506,0.485,150.0,True,True,True,1,ok,0.485,0.778,1.263,0.0,0.0,-0.819,0.181,18.1
2018-10-05 08:00:00,1.314,1.261,380.0,True,True,True,2,ok,1.261,0.002,1.263,0.0,0.0,-0.002,0.18,18.0
2018-10-05 09:00:00,2.051,1.969,595.0,True,True,True,3,ok,1.263,0.0,1.263,0.671,0.0,0.671,0.85,85.0
2018-10-05 10:00:00,2.617,2.513,767.0,True,True,True,4,ok,1.263,0.0,1.263,0.15,1.092,0.15,1.0,100.0
2018-10-05 11:00:00,2.97,2.851,874.0,True,True,True,5,ok,1.263,0.0,1.263,0.0,1.588,0.0,1.0,100.0
2018-10-05 12:00:00,3.095,2.971,912.0,True,True,True,6,ok,1.263,0.0,1.263,0.0,1.708,0.0,1.0,100.0
2018-10-05 13:00:00,2.974,2.855,872.0,True,True,False,6,cap_reached,0.0,0.0,0.0,0.0,2.855,0.0,1.0,100.0
2018-10-05 14:00:00,2.616,2.511,765.0,True,True,False,6,cap_reached,0.0,0.0,0.0,0.0,2.511,0.0,1.0,100.0
2018-10-05 15:00:00,2.052,1.97,597.0,True,True,False,6,cap_reached,0.0,0.0,0.0,0.0,1.97,0.0,1.0,100.0
2018-10-05 16:00:00,1.316,1.264,384.0,True,True,False,6,cap_reached,0.0,0.0,0.0,0.0,1.264,0.0,1.0,100.0
2018-10-05 17:00:00,0.515,0.494,154.0,True,True,False,6,cap_reached,0.0,0.0,0.0,0.0,0.494,0.0,1.0,100.0
2018-10-05 18:00:00,0.0,0.0,0.0,False,True,False,6,cap_reached,0.0,0.0,0.0,0.0,0.0,0.0,1.0,100.0
2018-10-05 19:00:00,0.0,0.0,0.0,False,True,False,6,cap_reached,0.0,0.0,0.0,0.0,0.0,0.0,1.0,100.0
2018-10-05 20:00:00,0.0,0.0,0.0,False,True,False,6,cap_reached,0.0,0.0,0.0,0.0,0.0,0.0,1.0,100.0
2018-10-05 21:00:00,0.0,0.0,0.0,False,True,False,6,cap_reached,0.0,0.0,0.0,0.0,0.0,0.0,1.0,100.0
2018-10-05 22:00:00,0.0,0.0,0.0,False,True,False,6,cap_reached,0.0,0.0,0.0,0.0,0.0,0.0,1.0,100.0
2018-10-05 23:00:00,0.0,0.0,0.0,False,True,False,6,cap_reached,0.0,0.0,0.0,0.0,0.0,0.0,1.0,100.0
2018-10-06 00:00:00,0.0,0.0,0.0,False,True,False,0,night,0.0,0.0,0.0,0.0,0.0,0.0,1.0,100.0
2018-10-06 01:00:00,0.0,0.0,0.0,False,True,False,0,night,0.0,0.0,0.0,0.0,0.0,0.0,1.0,100.0
2018-10-06 02:00:00,0.0,0.0,0.0,False,True,False,0,night,0.0,0.0,0.0,0.0,0.0,0.0,1.0,100.0
2018-10-06 03:00:00,0.0,0.0,0.0,False,True,False,0,night,0.0,0.0,0.0,0.0,0.0,0.0,1.0,100.0
2018-10-06 04:00:00,0.0,0.0,0.0,False,True,False,0,night,0.0,0.0,0.0,0.0,0.0,0.0,1.0,100.0
2018-10-06 05:00:00,0.0,0.0,0.0,False,True,False,0,night,0.0,0.0,0.0,0.0,0.0,0.0,1.0,100.0
2018-10-06 06:00:00,0.0,0.0,0.0,False,True,False,0,night,0.0,0.0,0.0,0.0,0.0,0.0,1.0,100.0
2018-10-06 07:00:00,0.487,0.467,148.0,True,True,True,1,ok,0.467,0.796,1.263,0.0,0.0,-0.838,0.162,16.2
2018-10-06 08:00:00,1.284,1.233,375.0,True,True,True,2,ok,1.233,0.03,1.263,0.0,0.0,-0.032,0.131,13.1
2018-10-06 09:00:00,2.017,1.936,589.0,True,True,True,3,ok,1.263,0.0,1.263,0.639,0.0,0.639,0.77,77.0
2018-10-06 10:00:00,2.583,2.48,761.0,True,True,True,4,ok,1.263,0.0,1.263,0.23,0.975,0.23,1.0,100.0
2018-10-06 11:00:00,2.337,2.244,533.0,True,True,True,5,ok,1.263,0.0,1.263,0.0,0.981,0.0,1.0,100.0
2018-10-06 12:00:00,3.066,2.944,905.0,True,True,True,6,ok,1.263,0.0,1.263,0.0,1.681,0.0,1.0,100.0
2018-10-06 13:00:00,2.942,2.824,870.0,True,True,False,6,cap_reached,0.0,0.0,0.0,0.0,2.824,0.0,1.0,100.0
2018-10-06 14:00:00,2.584,2.481,763.0,True,True,False,6,cap_reached,0.0,0.0,0.0,0.0,2.481,0.0,1.0,100.0
2018-10-06 15:00:00,2.024,1.943,595.0,True,True,False,6,cap_reached,0.0,0.0,0.0,0.0,1.943,0.0,1.0,100.0
2018-10-06 16:00:00,1.181,1.134,282.0,True,True,False,6,cap_reached,0.0,0.0,0.0,0.0,1.134,0.0,1.0,100.0
2018-10-06 17:00:00,0.526,0.505,114.0,True,True,False,6,cap_reached,0.0,0.0,0.0,0.0,0.505,0.0,1.0,100.0
2018-10-06 18:00:00,0.0,0.0,0.0,False,True,False,6,cap_reached,0.0,0.0,0.0,0.0,0.0,0.0,1.0,100.0
2018-10-06 19:00:00,0.0,0.0,0.0,False,True,False,6,cap_reached,0.0,0.0,0.0,0.0,0.0,0.0,1.0,100.0
2018-10-06 20:00:00,0.0,0.0,0.0,False,True,False,6,cap_reached,0.0,0.0,0.0,0.0,0.0,0.0,1.0,100.0
2018-10-06 21:00:00,0.0,0.0,0.0,False,True,False,6,cap_reached,0.0,0.0,0.0,0.0,0.0,0.0,1.0,100.0
2018-10-06 22:00:00,0.0,0.0,0.0,False,True,False,6,cap_reached,0.0,0.0,0.0,0.0,0.0,0.0,1.0,100.0
2018-10-06 23:00:00,0.0,0.0,0.0,False,True,False,6,cap_reached,0.0,0.0,0.0,0.0,0.0,0.0,1.0,100.0
2018-10-07 00:00:00,0.0,0.0,0.0,False,True,False,0,night,0.0,0.0,0.0,0.0,0.0,0.0,1.0,100.0
2018-10-07 01:00:00,0.0,0.0,0.0,False,True,False,0,night,0.0,0.0,0.0,0.0,0.0,0.0,1.0,100.0
2018-10-07 02:00:00,0.0,0.0,0.0,False,True,False,0,night,0.0,0.0,0.0,0.0,0.0,0.0,1.0,100.0
2018-10-07 03:00:00,0.0,0.0,0.0,False,True,False,0,night,0.0,0.0,0.0,0.0,0.0,0.0,1.0,100.0
2018-10-07 04:00:00,0.0,0.0,0.0,False,True,False,0,night,0.0,0.0,0.0,0.0,0.0,0.0,1.0,100.0
2018-10-07 05:00:00,0.0,0.0,0.0,False,True,False,0,night,0.0,0.0,0.0,0.0,0.0,0.0,1.0,100.0
2018-10-07 06:00:00,0.0,0.0,0.0,False,True,False,0,night,0.0,0.0,0.0,0.0,0.0,0.0,1.0,100.0
2018-10-07 07:00:00,0.504,0.484,106.0,True,True,True,1,ok,0.484,0.779,1.263,0.0,0.0,-0.82,0.18,18.0
2018-10-07 08:00:00,1.219,1.17,315.0,True,True,False,1,battery_empty,0.0,0.0,0.0,0.82,0.307,0.82,1.0,100.0
2018-10-07 09:00:00,1.818,1.745,489.0,True,True,True,2,ok,1.263,0.0,1.263,0.0,0.482,0.0,1.0,100.0
2018-10-07 10:00:00,1.988,1.909,463.0,True,True,True,3,ok,1.263,0.0,1.263,0.0,0.646,0.0,1.0,100.0
2018-10-07 11:00:00,2.634,2.529,697.0,True,True,True,4,ok,1.263,0.0,1.263,0.0,1.266,0.0,1.0,100.0
2018-10-07 12:00:00,2.666,2.559,685.0,True,True,True,5,ok,1.263,0.0,1.263,0.0,1.296,0.0,1.0,100.0
2018-10-07 13:00:00,2.276,2.185,559.0,True,True,True,6,ok,1.263,0.0,1.263,0.0,0.922,0.0,1.0,100.0
2018-10-07 14:00:00,2.51,2.41,740.0,True,True,False,6,cap_reached,0.0,0.0,0.0,0.0,2.41,0.0,1.0,100.0
2018-10-07 15:00:00,1.947,1.869,571.0,True,True,False,6,cap_reached,0.0,0.0,0.0,0.0,1.869,0.0,1.0,100.0
2018-10-07 16:00:00,1.232,1.182,361.0,True,True,False,6,cap_reached,0.0,0.0,0.0,0.0,1.182,0.0,1.0,100.0
2018-10-07 17:00:00,0.427,0.41,88.0,True,True,False,6,cap_reached,0.0,0.0,0.0,0.0,0.41,0.0,1.0,100.0
2018-10-07 18:00:00,0.0,0.0,0.0,False,True,False,6,cap_reached,0.0,0.0,0.0,0.0,0.0,0.0,1.0,100.0
2018-10-07 19:00:00,0.0,0.0,0.0,False,True,False,6,cap_reached,0.0,0.0,0.0,0.0,0.0,0.0,1.0,100.0
2018-10-07 20:00:00,0.0,0.0,0.0,False,True,False,6,cap_reached,0.0,0.0,0.0,0.0,0.0,0.0,1.0,100.0
2018-10-07 21:00:00,0.0,0.0,0.0,False,True,False,6,cap_reached,0.0,0.0,0.0,0.0,0.0,0.0,1.0,100.0
2018-10-07 22:00:00,0.0,0.0,0.0,False,True,False,6,cap_reached,0.0,0.0,0.0,0.0,0.0,0.0,1.0,100.0
2018-10-07 23:00:00,0.0,0.0,0.0,False,True,False,6,cap_reached,0.0,0.0,0.0,0.0,0.0,0.0,1.0,100.0
2018-10-08 00:00:00,0.0,0.0,0.0,False,True,False,0,night,0.0,0.0,0.0,0.0,0.0,0.0,1.0,100.0
2018-10-08 01:00:00,0.0,0.0,0.0,False,True,False,0,night,0.0,0.0,0.0,0.0,0.0,0.0,1.0,100.0
2018-10-08 02:00:00,0.0,0.0,0.0,False,True,False,0,night,0.0,0.0,0.0,0.0,0.0,0.0,1.0,100.0
2018-10-08 03:00:00,0.0,0.0,0.0,False,True,False,0,night,0.0,0.0,0.0,0.0,0.0,0.0,1.0,100.0
2018-10-08 04:00:00,0.0,0.0,0.0,False,True,False,0,night,0.0,0.0,0.0,0.0,0.0,0.0,1.0,100.0
2018-10-08 05:00:00,0.0,0.0,0.0,False,True,False,0,night,0.0,0.0,0.0,0.0,0.0,0.0,1.0,100.0
2018-10-08 06:00:00,0.0,0.0,0.0,False,True,False,0,night,0.0,0.0,0.0,0.0,0.0,0.0,1.0,100.0
2018-10-08 07:00:00,0.443,0.425,92.0,True,True,True,1,ok,0.425,0.838,1.263,0.0,0.0,-0.882,0.118,11.8
2018-10-08 08:00:00,1.147,1.102,271.0,True,True,False,1,battery_empty,0.0,0.0,0.0,0.882,0.173,0.882,1.0,100.0
2018-10-08 09:00:00,1.929,1.852,461.0,True,True,True,2,ok,1.263,0.0,1.263,0.0,0.589,0.0,1.0,100.0
2018-10-08 10:00:00,2.315,2.222,597.0,True,True,True,3,ok,1.263,0.0,1.263,0.0,0.959,0.0,1.0,100.0
2018-10-08 11:00:00,2.257,2.167,513.0,True,True,True,4,ok,1.263,0.0,1.263,0.0,0.904,0.0,1.0,100.0
2018-10-08 12:00:00,2.598,2.494,668.0,True,True,True,5,ok,1.263,0.0,1.263,0.0,1.231,0.0,1.0,100.0
2018-10-08 13:00:00,2.461,2.363,631.0,True,True,True,6,ok,1.263,0.0,1.263,0.0,1.1,0.0,1.0,100.0
2018-10-08 14:00:00,2.476,2.377,719.0,True,True,False,6,cap_reached,0.0,0.0,0.0,0.0,2.377,0.0,1.0,100.0
2018-10-08 15:00:00,1.917,1.84,551.0,True,True,False,6,cap_reached,0.0,0.0,0.0,0.0,1.84,0.0,1.0,100.0
2018-10-08 16:00:00,1.207,1.159,344.0,True,True,False,6,cap_reached,0.0,0.0,0.0,0.0,1.159,0.0,1.0,100.0
2018-10-08 17:00:00,0.362,0.347,74.0,True,True,False,6,cap_reached,0.0,0.0,0.0,0.0,0.347,0.0,1.0,100.0
2018-10-08 18:00:00,0.0,0.0,0.0,False,True,False,6,cap_reached,0.0,0.0,0.0,0.0,0.0,0.0,1.0,100.0
2018-10-08 19:00:00,0.0,0.0,0.0,False,True,False,6,cap_reached,0.0,0.0,0.0,0.0,0.0,0.0,1.0,100.0
2018-10-08 20:00:00,0.0,0.0,0.0,False,True,False,6,cap_reached,0.0,0.0,0.0,0.0,0.0,0.0,1.0,100.0
2018-10-08 21:00:00,0.0,0.0,0.0,False,True,False,6,cap_reached,0.0,0.0,0.0,0.0,0.0,0.0,1.0,100.0
2018-10-08 22:00:00,0.0,0.0,0.0,False,True,False,6,cap_reached,0.0,0.0,0.0,0.0,0.0,0.0,1.0,100.0
2018-10-08 23:00:00,0.0,0.0,0.0,False,True,False,6,cap_reached,0.0,0.0,0.0,0.0,0.0,0.0,1.0,100.0
2018-10-09 00:00:00,0.0,0.0,0.0,False,True,False,0,night,0.0,0.0,0.0,0.0,0.0,0.0,1.0,100.0
2018-10-09 01:00:00,0.0,0.0,0.0,False,True,False,0,night,0.0,0.0,0.0,0.0,0.0,0.0,1.0,100.0
2018-10-09 02:00:00,0.0,0.0,0.0,False,True,False,0,night,0.0,0.0,0.0,0.0,0.0,0.0,1.0,100.0
2018-10-09 03:00:00,0.0,0.0,0.0,False,True,False,0,night,0.0,0.0,0.0,0.0,0.0,0.0,1.0,100.0
2018-10-09 04:00:00,0.0,0.0,0.0,False,True,False,0,night,0.0,0.0,0.0,0.0,0.0,0.0,1.0,100.0
2018-10-09 05:00:00,0.0,0.0,0.0,False,True,False,0,night,0.0,0.0,0.0,0.0,0.0,0.0,1.0,100.0
2018-10-09 06:00:00,0.0,0.0,0.0,False,True,False,0,night,0.0,0.0,0.0,0.0,0.0,0.0,1.0,100.0
2018-10-09 07:00:00,0.481,0.462,103.0,True,True,True,1,ok,0.462,0.801,1.263,0.0,0.0,-0.844,0.156,15.6
2018-10-09 08:00:00,1.194,1.146,358.0,True,True,False,1,battery_empty,0.0,0.0,0.0,0.844,0.258,0.844,1.0,100.0
2018-10-09 09:00:00,1.809,1.736,495.0,True,True,True,2,ok,1.263,0.0,1.263,0.0,0.473,0.0,1.0,100.0
2018-10-09 10:00:00,2.122,2.037,531.0,True,True,True,3,ok,1.263,0.0,1.263,0.0,0.774,0.0,1.0,100.0
2018-10-09 11:00:00,2.788,2.676,834.0,True,True,True,4,ok,1.263,0.0,1.263,0.0,1.413,0.0,1.0,100.0
2018-10-09 12:00:00,2.909,2.792,869.0,True,True,True,5,ok,1.263,0.0,1.263,0.0,1.529,0.0,1.0,100.0
2018-10-09 13:00:00,2.607,2.502,629.0,True,True,True,6,ok,1.263,0.0,1.263,0.0,1.239,0.0,1.0,100.0
2018-10-09 14:00:00,2.412,2.315,612.0,True,True,False,6,cap_reached,0.0,0.0,0.0,0.0,2.315,0.0,1.0,100.0
2018-10-09 15:00:00,1.429,1.371,311.0,True,True,False,6,cap_reached,0.0,0.0,0.0,0.0,1.371,0.0,1.0,100.0
2018-10-09 16:00:00,1.063,1.021,231.0,True,True,False,6,cap_reached,0.0,0.0,0.0,0.0,1.021,0.0,1.0,100.0
2018-10-09 17:00:00,0.407,0.391,84.0,True,True,False,6,cap_reached,0.0,0.0,0.0,0.0,0.391,0.0,1.0,100.0
2018-10-09 18:00:00,0.0,0.0,0.0,False,True,False,6,cap_reached,0.0,0.0,0.0,0.0,0.0,0.0,1.0,100.0
2018-10-09 19:00:00,0.0,0.0,0.0,False,True,False,6,cap_reached,0.0,0.0,0.0,0.0,0.0,0.0,1.0,100.0
2018-10-09 20:00:00,0.0,0.0,0.0,False,True,False,6,cap_reached,0.0,0.0,0.0,0.0,0.0,0.0,1.0,100.0
2018-10-09 21:00:00,0.0,0.0,0.0,False,True,False,6,cap_reached,0.0,0.0,0.0,0.0,0.0,0.0,1.0,100.0
2018-10-09 22:00:00,0.0,0.0,0.0,False,True,False,6,cap_reached,0.0,0.0,0.0,0.0,0.0,0.0,1.0,100.0
2018-10-09 23:00:00,0.0,0.0,0.0,False,True,False,6,cap_reached,0.0,0.0,0.0,0.0,0.0,0.0,1.0,100.0
2018-10-10 00:00:00,0.0,0.0,0.0,False,True,False,0,night,0.0,0.0,0.0,0.0,0.0,0.0,1.0,100.0
2018-10-10 01:00:00,0.0,0.0,0.0,False,True,False,0,night,0.0,0.0,0.0,0.0,0.0,0.0,1.0,100.0
2018-10-10 02:00:00,0.0,0.0,0.0,False,True,False,0,night,0.0,0.0,0.0,0.0,0.0,0.0,1.0,100.0
2018-10-10 03:00:00,0.0,0.0,0.0,False,True,False,0,night,0.0,0.0,0.0,0.0,0.0,0.0,1.0,100.0
2018-10-10 04:00:00,0.0,0.0,0.0,False,True,False,0,night,0.0,0.0,0.0,0.0,0.0,0.0,1.0,100.0
2018-10-10 05:00:00,0.0,0.0,0.0,False,True,False,0,night,0.0,0.0,0.0,0.0,0.0,0.0,1.0,100.0
2018-10-10 06:00:00,0.0,0.0,0.0,False,True,False,0,night,0.0,0.0,0.0,0.0,0.0,0.0,1.0,100.0
2018-10-10 07:00:00,0.415,0.399,137.0,True,True,False,0,battery_empty,0.0,0.0,0.0,0.0,0.399,0.0,1.0,100.0
2018-10-10 08:00:00,1.171,1.125,357.0,True,True,True,1,ok,1.125,0.138,1.263,0.0,0.0,-0.146,0.854,85.4
2018-10-10 09:00:00,1.878,1.803,563.0,True,True,True,2,ok,1.263,0.0,1.263,0.146,0.387,0.146,1.0,100.0
2018-10-10 10:00:00,2.423,2.326,724.0,True,True,True,3,ok,1.263,0.0,1.263,0.0,1.063,0.0,1.0,100.0
2018-10-10 11:00:00,2.269,2.178,519.0,True,True,True,4,ok,1.263,0.0,1.263,0.0,0.915,0.0,1.0,100.0
2018-10-10 12:00:00,2.883,2.768,863.0,True,True,True,5,ok,1.263,0.0,1.263,0.0,1.505,0.0,1.0,100.0
2018-10-10 13:00:00,2.471,2.373,663.0,True,True,True,6,ok,1.263,0.0,1.263,0.0,1.11,0.0,1.0,100.0
2018-10-10 14:00:00,1.692,1.624,374.0,True,True,False,6,cap_reached,0.0,0.0,0.0,0.0,1.624,0.0,1.0,100.0
2018-10-10 15:00:00,1.85,1.776,553.0,True,True,False,6,cap_reached,0.0,0.0,0.0,0.0,1.776,0.0,1.0,100.0
2018-10-10 16:00:00,1.143,1.097,346.0,True,True,False,6,cap_reached,0.0,0.0,0.0,0.0,1.097,0.0,1.0,100.0
2018-10-10 17:00:00,0.393,0.377,128.0,True,True,False,6,cap_reached,0.0,0.0,0.0,0.0,0.377,0.0,1.0,100.0
2018-10-10 18:00:00,0.0,0.0,0.0,False,True,False,6,cap_reached,0.0,0.0,0.0,0.0,0.0,0.0,1.0,100.0
2018-10-10 19:00:00,0.0,0.0,0.0,False,True,False,6,cap_reached,0.0,0.0,0.0,0.0,0.0,0.0,1.0,100.0
2018-10-10 20:00:00,0.0,0.0,0.0,False,True,False,6,cap_reached,0.0,0.0,0.0,0.0,0.0,0.0,1.0,100.0
2018-10-10 21:00:00,0.0,0.0,0.0,False,True,False,6,cap_reached,0.0,0.0,0.0,0.0,0.0,0.0,1.0,100.0
2018-10-10 22:00:00,0.0,0.0,0.0,False,True,False,6,cap_reached,0.0,0.0,0.0,0.0,0.0,0.0,1.0,100.0
2018-10-10 23:00:00,0.0,0.0,0.0,False,True,False,6,cap_reached,0.0,0.0,0.0,0.0,0.0,0.0,1.0,100.0
2018-10-11 00:00:00,0.0,0.0,0.0,False,True,False,0,night,0.0,0.0,0.0,0.0,0.0,0.0,1.0,100.0
2018-10-11 01:00:00,0.0,0.0,0.0,False,True,False,0,night,0.0,0.0,0.0,0.0,0.0,0.0,1.0,100.0
2018-10-11 02:00:00,0.0,0.0,0.0,False,True,False,0,night,0.0,0.0,0.0,0.0,0.0,0.0,1.0,100.0
2018-10-11 03:00:00,0.0,0.0,0.0,False,True,False,0,night,0.0,0.0,0.0,0.0,0.0,0.0,1.0,100.0
2018-10-11 04:00:00,0.0,0.0,0.0,False,True,False,0,night,0.0,0.0,0.0,0.0,0.0,0.0,1.0,100.0
2018-10-11 05:00:00,0.0,0.0,0.0,False,True,False,0,night,0.0,0.0,0.0,0.0,0.0,0.0,1.0,100.0
2018-10-11 06:00:00,0.0,0.0,0.0,False,True,False,0,night,0.0,0.0,0.0,0.0,0.0,0.0,1.0,100.0
2018-10-11 07:00:00,0.401,0.385,135.0,True,True,False,0,battery_empty,0.0,0.0,0.0,0.0,0.385,0.0,1.0,100.0
2018-10-11 08:00:00,1.155,1.108,356.0,True,True,True,1,ok,1.108,0.155,1.263,0.0,0.0,-0.163,0.837,83.7
2018-10-11 09:00:00,1.859,1.785,562.0,True,True,True,2,ok,1.263,0.0,1.263,0.163,0.351,0.163,1.0,100.0
2018-10-11 10:00:00,1.18,1.133,246.0,True,True,True,3,ok,1.133,0.13,1.263,0.0,0.0,-0.137,0.863,86.3
2018-10-11 11:00:00,1.578,1.515,334.0,True,True,True,4,ok,1.263,0.0,1.263,0.137,0.108,0.137,1.0,100.0
2018-10-11 12:00:00,2.047,1.965,454.0,True,True,True,5,ok,1.263,0.0,1.263,0.0,0.702,0.0,1.0,100.0
2018-10-11 13:00:00,2.048,1.966,459.0,True,True,True,6,ok,1.263,0.0,1.263,0.0,0.703,0.0,1.0,100.0
2018-10-11 14:00:00,2.379,2.284,720.0,True,True,False,6,cap_reached,0.0,0.0,0.0,0.0,2.284,0.0,1.0,100.0
2018-10-11 15:00:00,1.823,1.75,555.0,True,True,False,6,cap_reached,0.0,0.0,0.0,0.0,1.75,0.0,1.0,100.0
2018-10-11 16:00:00,1.116,1.072,348.0,True,True,False,6,cap_reached,0.0,0.0,0.0,0.0,1.072,0.0,1.0,100.0
2018-10-11 17:00:00,0.407,0.391,85.0,True,True,False,6,cap_reached,0.0,0.0,0.0,0.0,0.391,0.0,1.0,100.0
2018-10-11 18:00:00,0.0,0.0,0.0,False,True,False,6,cap_reached,0.0,0.0,0.0,0.0,0.0,0.0,1.0,100.0
2018-10-11 19:00:00,0.0,0.0,0.0,False,True,False,6,cap_reached,0.0,0.0,0.0,0.0,0.0,0.0,1.0,100.0
2018-10-11 20:00:00,0.0,0.0,0.0,False,True,False,6,cap_reached,0.0,0.0,0.0,0.0,0.0,0.0,1.0,100.0
2018-10-11 21:00:00,0.0,0.0,0.0,False,True,False,6,cap_reached,0.0,0.0,0.0,0.0,0.0,0.0,1.0,100.0
2018-10-11 22:00:00,0.0,0.0,0.0,False,True,False,6,cap_reached,0.0,0.0,0.0,0.0,0.0,0.0,1.0,100.0
2018-10-11 23:00:00,0.0,0.0,0.0,False,True,False,6,cap_reached,0.0,0.0,0.0,0.0,0.0,0.0,1.0,100.0
2018-10-12 00:00:00,0.0,0.0,0.0,False,True,False,0,night,0.0,0.0,0.0,0.0,0.0,0.0,1.0,100.0
2018-10-12 01:00:00,0.0,0.0,0.0,False,True,False,0,night,0.0,0.0,0.0,0.0,0.0,0.0,1.0,100.0
2018-10-12 02:00:00,0.0,0.0,0.0,False,True,False,0,night,0.0,0.0,0.0,0.0,0.0,0.0,1.0,100.0
2018-10-12 03:00:00,0.0,0.0,0.0,False,True,False,0,night,0.0,0.0,0.0,0.0,0.0,0.0,1.0,100.0
2018-10-12 04:00:00,0.0,0.0,0.0,False,True,False,0,night,0.0,0.0,0.0,0.0,0.0,0.0,1.0,100.0
2018-10-12 05:00:00,0.0,0.0,0.0,False,True,False,0,night,0.0,0.0,0.0,0.0,0.0,0.0,1.0,100.0
2018-10-12 06:00:00,0.0,0.0,0.0,False,True,False,0,night,0.0,0.0,0.0,0.0,0.0,0.0,1.0,100.0
2018-10-12 07:00:00,0.418,0.402,89.0,True,True,False,0,battery_empty,0.0,0.0,0.0,0.0,0.402,0.0,1.0,100.0
2018-10-12 08:00:00,1.134,1.089,307.0,True,True,True,1,ok,1.089,0.174,1.263,0.0,0.0,-0.183,0.817,81.7
2018-10-12 09:00:00,1.839,1.766,555.0,True,True,True,2,ok,1.263,0.0,1.263,0.183,0.31,0.183,1.0,100.0
2018-10-12 10:00:00,2.386,2.29,712.0,True,True,True,3,ok,1.263,0.0,1.263,0.0,1.027,0.0,1.0,100.0
2018-10-12 11:00:00,2.368,2.273,592.0,True,True,True,4,ok,1.263,0.0,1.263,0.0,1.01,0.0,1.0,100.0
2018-10-12 12:00:00,2.241,2.151,534.0,True,True,True,5,ok,1.263,0.0,1.263,0.0,0.888,0.0,1.0,100.0
2018-10-12 13:00:00,2.387,2.292,554.0,True,True,True,6,ok,1.263,0.0,1.263,0.0,1.029,0.0,1.0,100.0
2018-10-12 14:00:00,0.108,0.103,22.0,True,True,False,6,cap_reached,0.0,0.0,0.0,0.0,0.103,0.0,1.0,100.0
2018-10-12 15:00:00,0.132,0.127,27.0,True,True,False,6,cap_reached,0.0,0.0,0.0,0.0,0.127,0.0,1.0,100.0
2018-10-12 16:00:00,0.069,0.066,14.0,False,True,False,6,cap_reached,0.0,0.0,0.0,0.0,0.066,0.0,1.0,100.0
2018-10-12 17:00:00,0.034,0.033,7.0,False,True,False,6,cap_reached,0.0,0.0,0.0,0.0,0.033,0.0,1.0,100.0
2018-10-12 18:00:00,0.0,0.0,0.0,False,True,False,6,cap_reached,0.0,0.0,0.0,0.0,0.0,0.0,1.0,100.0
2018-10-12 19:00:00,0.0,0.0,0.0,False,True,False,6,cap_reached,0.0,0.0,0.0,0.0,0.0,0.0,1.0,100.0
2018-10-12 20:00:00,0.0,0.0,0.0,False,True,False,6,cap_reached,0.0,0.0,0.0,0.0,0.0,0.0,1.0,100.0
2018-10-12 21:00:00,0.0,0.0,0.0,False,True,False,6,cap_reached,0.0,0.0,0.0,0.0,0.0,0.0,1.0,100.0
2018-10-12 22:00:00,0.0,0.0,0.0,False,True,False,6,cap_reached,0.0,0.0,0.0,0.0,0.0,0.0,1.0,100.0
2018-10-12 23:00:00,0.0,0.0,0.0,False,True,False,6,cap_reached,0.0,0.0,0.0,0.0,0.0,0.0,1.0,100.0
2018-10-13 00:00:00,0.0,0.0,0.0,False,True,False,0,night,0.0,0.0,0.0,0.0,0.0,0.0,1.0,100.0
2018-10-13 01:00:00,0.0,0.0,0.0,False,True,False,0,night,0.0,0.0,0.0,0.0,0.0,0.0,1.0,100.0
2018-10-13 02:00:00,0.0,0.0,0.0,False,True,False,0,night,0.0,0.0,0.0,0.0,0.0,0.0,1.0,100.0
2018-10-13 03:00:00,0.0,0.0,0.0,False,True,False,0,night,0.0,0.0,0.0,0.0,0.0,0.0,1.0,100.0
2018-10-13 04:00:00,0.0,0.0,0.0,False,True,False,0,night,0.0,0.0,0.0,0.0,0.0,0.0,1.0,100.0
2018-10-13 05:00:00,0.0,0.0,0.0,False,True,False,0,night,0.0,0.0,0.0,0.0,0.0,0.0,1.0,100.0
2018-10-13 06:00:00,0.0,0.0,0.0,False,True,False,0,night,0.0,0.0,0.0,0.0,0.0,0.0,1.0,100.0
2018-10-13 07:00:00,0.384,0.369,132.0,True,True,False,0,battery_empty,0.0,0.0,0.0,0.0,0.369,0.0,1.0,100.0
2018-10-13 08:00:00,1.132,1.087,353.0,True,True,True,1,ok,1.087,0.176,1.263,0.0,0.0,-0.185,0.815,81.5
2018-10-13 09:00:00,1.834,1.761,560.0,True,True,True,2,ok,1.263,0.0,1.263,0.185,0.303,0.185,1.0,100.0
2018-10-13 10:00:00,2.38,2.285,724.0,True,True,True,3,ok,1.263,0.0,1.263,0.0,1.022,0.0,1.0,100.0
2018-10-13 11:00:00,2.287,2.195,527.0,True,True,True,4,ok,1.263,0.0,1.263,0.0,0.932,0.0,1.0,100.0
2018-10-13 12:00:00,2.0,1.92,442.0,True,True,True,5,ok,1.263,0.0,1.263,0.0,0.657,0.0,1.0,100.0
2018-10-13 13:00:00,0.146,0.141,30.0,True,True,False,5,battery_empty,0.0,0.0,0.0,0.0,0.141,0.0,1.0,100.0
2018-10-13 14:00:00,0.103,0.098,21.0,True,True,False,5,battery_empty,0.0,0.0,0.0,0.0,0.098,0.0,1.0,100.0
2018-10-13 15:00:00,0.098,0.094,20.0,False,True,False,5,night,0.0,0.0,0.0,0.0,0.094,0.0,1.0,100.0
2018-10-13 16:00:00,1.0,0.96,226.0,True,True,True,6,ok,0.96,0.303,1.263,0.0,0.0,-0.319,0.681,68.1
2018-10-13 17:00:00,0.293,0.281,60.0,True,True,False,6,cap_reached,0.0,0.0,0.0,0.267,0.0,0.267,0.948,94.8
2018-10-13 18:00:00,0.0,0.0,0.0,False,True,False,6,cap_reached,0.0,0.0,0.0,0.0,0.0,0.0,0.948,94.8
2018-10-13 19:00:00,0.0,0.0,0.0,False,True,False,6,cap_reached,0.0,0.0,0.0,0.0,0.0,0.0,0.948,94.8
2018-10-13 20:00:00,0.0,0.0,0.0,False,True,False,6,cap_reached,0.0,0.0,0.0,0.0,0.0,0.0,0.948,94.8
2018-10-13 21:00:00,0.0,0.0,0.0,False,True,False,6,cap_reached,0.0,0.0,0.0,0.0,0.0,0.0,0.948,94.8
2018-10-13 22:00:00,0.0,0.0,0.0,False,True,False,6,cap_reached,0.0,0.0,0.0,0.0,0.0,0.0,0.948,94.8
2018-10-13 23:00:00,0.0,0.0,0.0,False,True,False,6,cap_reached,0.0,0.0,0.0,0.0,0.0,0.0,0.948,94.8
2018-10-14 00:00:00,0.0,0.0,0.0,False,True,False,0,night,0.0,0.0,0.0,0.0,0.0,0.0,0.948,94.8
2018-10-14 01:00:00,0.0,0.0,0.0,False,True,False,0,night,0.0,0.0,0.0,0.0,0.0,0.0,0.948,94.8
2018-10-14 02:00:00,0.0,0.0,0.0,False,True,False,0,night,0.0,0.0,0.0,0.0,0.0,0.0,0.948,94.8
2018-10-14 03:00:00,0.0,0.0,0.0,False,True,False,0,night,0.0,0.0,0.0,0.0,0.0,0.0,0.948,94.8
2018-10-14 04:00:00,0.0,0.0,0.0,False,True,False,0,night,0.0,0.0,0.0,0.0,0.0,0.0,0.948,94.8
2018-10-14 05:00:00,0.0,0.0,0.0,False,True,False,0,night,0.0,0.0,0.0,0.0,0.0,0.0,0.948,94.8
2018-10-14 06:00:00,0.0,0.0,0.0,False,True,False,0,night,0.0,0.0,0.0,0.0,0.0,0.0,0.948,94.8
2018-10-14 07:00:00,0.365,0.35,135.0,True,True,False,0,battery_empty,0.0,0.0,0.0,0.052,0.295,0.052,1.0,100.0
2018-10-14 08:00:00,1.113,1.068,357.0,True,True,True,1,ok,1.068,0.195,1.263,0.0,0.0,-0.205,0.795,79.5
2018-10-14 09:00:00,1.817,1.744,565.0,True,True,True,2,ok,1.263,0.0,1.263,0.205,0.266,0.205,1.0,100.0
2018-10-14 10:00:00,2.356,2.262,727.0,True,True,True,3,ok,1.263,0.0,1.263,0.0,0.999,0.0,1.0,100.0
2018-10-14 11:00:00,2.691,2.584,829.0,True,True,True,4,ok,1.263,0.0,1.263,0.0,1.321,0.0,1.0,100.0
2018-10-14 12:00:00,2.801,2.689,862.0,True,True,True,5,ok,1.263,0.0,1.263,0.0,1.426,0.0,1.0,100.0
2018-10-14 13:00:00,2.678,2.571,819.0,True,True,True,6,ok,1.263,0.0,1.263,0.0,1.308,0.0,1.0,100.0
2018-10-14 14:00:00,2.322,2.229,711.0,True,True,False,6,cap_reached,0.0,0.0,0.0,0.0,2.229,0.0,1.0,100.0
2018-10-14 15:00:00,1.765,1.695,545.0,True,True,False,6,cap_reached,0.0,0.0,0.0,0.0,1.695,0.0,1.0,100.0
2018-10-14 16:00:00,1.06,1.018,337.0,True,True,False,6,cap_reached,0.0,0.0,0.0,0.0,1.018,0.0,1.0,100.0
2018-10-14 17:00:00,0.325,0.312,117.0,True,True,False,6,cap_reached,0.0,0.0,0.0,0.0,0.312,0.0,1.0,100.0
2018-10-14 18:00:00,0.0,0.0,0.0,False,True,False,6,cap_reached,0.0,0.0,0.0,0.0,0.0,0.0,1.0,100.0
2018-10-14 19:00:00,0.0,0.0,0.0,False,True,False,6,cap_reached,0.0,0.0,0.0,0.0,0.0,0.0,1.0,100.0
2018-10-14 20:00:00,0.0,0.0,0.0,False,True,False,6,cap_reached,0.0,0.0,0.0,0.0,0.0,0.0,1.0,100.0
2018-10-14 21:00:00,0.0,0.0,0.0,False,True,False,6,cap_reached,0.0,0.0,0.0,0.0,0.0,0.0,1.0,100.0
2018-10-14 22:00:00,0.0,0.0,0.0,False,True,False,6,cap_reached,0.0,0.0,0.0,0.0,0.0,0.0,1.0,100.0
2018-10-14 23:00:00,0.0,0.0,0.0,False,True,False,6,cap_reached,0.0,0.0,0.0,0.0,0.0,0.0,1.0,100.0
2018-10-15 00:00:00,0.0,0.0,0.0,False,True,False,0,night,0.0,0.0,0.0,0.0,0.0,0.0,1.0,100.0
2018-10-15 01:00:00,0.0,0.0,0.0,False,True,False,0,night,0.0,0.0,0.0,0.0,0.0,0.0,1.0,100.0
2018-10-15 02:00:00,0.0,0.0,0.0,False,True,False,0,night,0.0,0.0,0.0,0.0,0.0,0.0,1.0,100.0
2018-10-15 03:00:00,0.0,0.0,0.0,False,True,False,0,night,0.0,0.0,0.0,0.0,0.0,0.0,1.0,100.0
2018-10-15 04:00:00,0.0,0.0,0.0,False,True,False,0,night,0.0,0.0,0.0,0.0,0.0,0.0,1.0,100.0
2018-10-15 05:00:00,0.0,0.0,0.0,False,True,False,0,night,0.0,0.0,0.0,0.0,0.0,0.0,1.0,100.0
2018-10-15 06:00:00,0.0,0.0,0.0,False,True,False,0,night,0.0,0.0,0.0,0.0,0.0,0.0,1.0,100.0
2018-10-15 07:00:00,0.371,0.356,124.0,True,True,False,0,battery_empty,0.0,0.0,0.0,0.0,0.356,0.0,1.0,100.0
2018-10-15 08:00:00,1.103,1.058,342.0,True,True,True,1,ok,1.058,0.205,1.263,0.0,0.0,-0.215,0.785,78.5
2018-10-15 09:00:00,1.801,1.729,547.0,True,True,True,2,ok,1.263,0.0,1.263,0.215,0.239,0.215,1.0,100.0
2018-10-15 10:00:00,2.333,2.239,719.0,True,True,True,3,ok,1.263,0.0,1.263,0.0,0.976,0.0,1.0,100.0
2018-10-15 11:00:00,2.677,2.57,820.0,True,True,True,4,ok,1.263,0.0,1.263,0.0,1.307,0.0,1.0,100.0
2018-10-15 12:00:00,2.787,2.676,851.0,True,True,True,5,ok,1.263,0.0,1.263,0.0,1.413,0.0,1.0,100.0
2018-10-15 13:00:00,2.651,2.545,818.0,True,True,True,6,ok,1.263,0.0,1.263,0.0,1.282,0.0,1.0,100.0
2018-10-15 14:00:00,2.297,2.205,711.0,True,True,False,6,cap_reached,0.0,0.0,0.0,0.0,2.205,0.0,1.0,100.0
2018-10-15 15:00:00,1.744,1.674,544.0,True,True,False,6,cap_reached,0.0,0.0,0.0,0.0,1.674,0.0,1.0,100.0
2018-10-15 16:00:00,1.04,0.999,333.0,True,True,False,6,cap_reached,0.0,0.0,0.0,0.0,0.999,0.0,1.0,100.0
2018-10-15 17:00:00,0.317,0.304,111.0,True,True,False,6,cap_reached,0.0,0.0,0.0,0.0,0.304,0.0,1.0,100.0
2018-10-15 18:00:00,0.0,0.0,0.0,False,True,False,6,cap_reached,0.0,0.0,0.0,0.0,0.0,0.0,1.0,100.0
2018-10-15 19:00:00,0.0,0.0,0.0,False,True,False,6,cap_reached,0.0,0.0,0.0,0.0,0.0,0.0,1.0,100.0
2018-10-15 20:00:00,0.0,0.0,0.0,False,True,False,6,cap_reached,0.0,0.0,0.0,0.0,0.0,0.0,1.0,100.0
2018-10-15 21:00:00,0.0,0.0,0.0,False,True,False,6,cap_reached,0.0,0.0,0.0,0.0,0.0,0.0,1.0,100.0
2018-10-15 22:00:00,0.0,0.0,0.0,False,True,False,6,cap_reached,0.0,0.0,0.0,0.0,0.0,0.0,1.0,100.0
2018-10-15 23:00:00,0.0,0.0,0.0,False,True,False,6,cap_reached,0.0,0.0,0.0,0.0,0.0,0.0,1.0,100.0
2018-10-16 00:00:00,0.0,0.0,0.0,False,True,False,0,night,0.0,0.0,0.0,0.0,0.0,0.0,1.0,100.0
2018-10-16 01:00:00,0.0,0.0,0.0,False,True,False,0,night,0.0,0.0,0.0,0.0,0.0,0.0,1.0,100.0
2018-10-16 02:00:00,0.0,0.0,0.0,False,True,False,0,night,0.0,0.0,0.0,0.0,0.0,0.0,1.0,100.0
2018-10-16 03:00:00,0.0,0.0,0.0,False,True,False,0,night,0.0,0.0,0.0,0.0,0.0,0.0,1.0,100.0
2018-10-16 04:00:00,0.0,0.0,0.0,False,True,False,0,night,0.0,0.0,0.0,0.0,0.0,0.0,1.0,100.0
2018-10-16 05:00:00,0.0,0.0,0.0,False,True,False,0,night,0.0,0.0,0.0,0.0,0.0,0.0,1.0,100.0
2018-10-16 06:00:00,0.0,0.0,0.0,False,True,False,0,night,0.0,0.0,0.0,0.0,0.0,0.0,1.0,100.0
2018-10-16 07:00:00,0.363,0.348,123.0,True,True,False,0,battery_empty,0.0,0.0,0.0,0.0,0.348,0.0,1.0,100.0
2018-10-16 08:00:00,1.084,1.04,341.0,True,True,True,1,ok,1.04,0.223,1.263,0.0,0.0,-0.234,0.766,76.6
2018-10-16 09:00:00,1.774,1.703,545.0,True,True,True,2,ok,1.263,0.0,1.263,0.234,0.193,0.234,1.0,100.0
2018-10-16 10:00:00,2.311,2.219,703.0,True,True,True,3,ok,1.263,0.0,1.263,0.0,0.956,0.0,1.0,100.0
2018-10-16 11:00:00,2.652,2.546,803.0,True,True,True,4,ok,1.263,0.0,1.263,0.0,1.283,0.0,1.0,100.0
2018-10-16 12:00:00,2.757,2.646,835.0,True,True,True,5,ok,1.263,0.0,1.263,0.0,1.383,0.0,1.0,100.0
2018-10-16 13:00:00,2.622,2.517,806.0,True,True,True,6,ok,1.263,0.0,1.263,0.0,1.254,0.0,1.0,100.0
2018-10-16 14:00:00,2.27,2.179,698.0,True,True,False,6,cap_reached,0.0,0.0,0.0,0.0,2.179,0.0,1.0,100.0
2018-10-16 15:00:00,1.151,1.104,244.0,True,True,False,6,cap_reached,0.0,0.0,0.0,0.0,1.104,0.0,1.0,100.0
2018-10-16 16:00:00,1.019,0.978,323.0,True,True,False,6,cap_reached,0.0,0.0,0.0,0.0,0.978,0.0,1.0,100.0
2018-10-16 17:00:00,0.308,0.296,106.0,True,True,False,6,cap_reached,0.0,0.0,0.0,0.0,0.296,0.0,1.0,100.0
2018-10-16 18:00:00,0.0,0.0,0.0,False,True,False,6,cap_reached,0.0,0.0,0.0,0.0,0.0,0.0,1.0,100.0
2018-10-16 19:00:00,0.0,0.0,0.0,False,True,False,6,cap_reached,0.0,0.0,0.0,0.0,0.0,0.0,1.0,100.0
2018-10-16 20:00:00,0.0,0.0,0.0,False,True,False,6,cap_reached,0.0,0.0,0.0,0.0,0.0,0.0,1.0,100.0
2018-10-16 21:00:00,0.0,0.0,0.0,False,True,False,6,cap_reached,0.0,0.0,0.0,0.0,0.0,0.0,1.0,100.0
2018-10-16 22:00:00,0.0,0.0,0.0,False,True,False,6,cap_reached,0.0,0.0,0.0,0.0,0.0,0.0,1.0,100.0
2018-10-16 23:00:00,0.0,0.0,0.0,False,True,False,6,cap_reached,0.0,0.0,0.0,0.0,0.0,0.0,1.0,100.0
2018-10-17 00:00:00,0.0,0.0,0.0,False,True,False,0,night,0.0,0.0,0.0,0.0,0.0,0.0,1.0,100.0
2018-10-17 01:00:00,0.0,0.0,0.0,False,True,False,0,night,0.0,0.0,0.0,0.0,0.0,0.0,1.0,100.0
2018-10-17 02:00:00,0.0,0.0,0.0,False,True,False,0,night,0.0,0.0,0.0,0.0,0.0,0.0,1.0,100.0
2018-10-17 03:00:00,0.0,0.0,0.0,False,True,False,0,night,0.0,0.0,0.0,0.0,0.0,0.0,1.0,100.0
2018-10-17 04:00:00,0.0,0.0,0.0,False,True,False,0,night,0.0,0.0,0.0,0.0,0.0,0.0,1.0,100.0
2018-10-17 05:00:00,0.0,0.0,0.0,False,True,False,0,night,0.0,0.0,0.0,0.0,0.0,0.0,1.0,100.0
2018-10-17 06:00:00,0.0,0.0,0.0,False,True,False,0,night,0.0,0.0,0.0,0.0,0.0,0.0,1.0,100.0
2018-10-17 07:00:00,0.345,0.331,125.0,True,True,False,0,battery_empty,0.0,0.0,0.0,0.0,0.331,0.0,1.0,100.0
2018-10-17 08:00:00,1.075,1.032,347.0,True,True,True,1,ok,1.032,0.231,1.263,0.0,0.0,-0.244,0.756,75.6
2018-10-17 09:00:00,1.779,1.707,556.0,True,True,True,2,ok,1.263,0.0,1.263,0.244,0.188,0.244,1.0,100.0
2018-10-17 10:00:00,2.325,2.232,725.0,True,True,True,3,ok,1.263,0.0,1.263,0.0,0.969,0.0,1.0,100.0
2018-10-17 11:00:00,2.665,2.558,829.0,True,True,True,4,ok,1.263,0.0,1.263,0.0,1.295,0.0,1.0,100.0
2018-10-17 12:00:00,2.782,2.67,864.0,True,True,True,5,ok,1.263,0.0,1.263,0.0,1.407,0.0,1.0,100.0
2018-10-17 13:00:00,2.647,2.541,825.0,True,True,True,6,ok,1.263,0.0,1.263,0.0,1.278,0.0,1.0,100.0
2018-10-17 14:00:00,2.279,2.188,714.0,True,True,False,6,cap_reached,0.0,0.0,0.0,0.0,2.188,0.0,1.0,100.0
2018-10-17 15:00:00,1.716,1.647,545.0,True,True,False,6,cap_reached,0.0,0.0,0.0,0.0,1.647,0.0,1.0,100.0
2018-10-17 16:00:00,1.004,0.964,332.0,True,True,False,6,cap_reached,0.0,0.0,0.0,0.0,0.964,0.0,1.0,100.0
2018-10-17 17:00:00,0.278,0.266,110.0,True,True,False,6,cap_reached,0.0,0.0,0.0,0.0,0.266,0.0,1.0,100.0
2018-10-17 18:00:00,0.0,0.0,0.0,False,True,False,6,cap_reached,0.0,0.0,0.0,0.0,0.0,0.0,1.0,100.0
2018-10-17 19:00:00,0.0,0.0,0.0,False,True,False,6,cap_reached,0.0,0.0,0.0,0.0,0.0,0.0,1.0,100.0
2018-10-17 20:00:00,0.0,0.0,0.0,False,True,False,6,cap_reached,0.0,0.0,0.0,0.0,0.0,0.0,1.0,100.0
2018-10-17 21:00:00,0.0,0.0,0.0,False,True,False,6,cap_reached,0.0,0.0,0.0,0.0,0.0,0.0,1.0,100.0
2018-10-17 22:00:00,0.0,0.0,0.0,False,True,False,6,cap_reached,0.0,0.0,0.0,0.0,0.0,0.0,1.0,100.0
2018-10-17 23:00:00,0.0,0.0,0.0,False,True,False,6,cap_reached,0.0,0.0,0.0,0.0,0.0,0.0,1.0,100.0
2018-10-18 00:00:00,0.0,0.0,0.0,False,True,False,0,night,0.0,0.0,0.0,0.0,0.0,0.0,1.0,100.0
2018-10-18 01:00:00,0.0,0.0,0.0,False,True,False,0,night,0.0,0.0,0.0,0.0,0.0,0.0,1.0,100.0
2018-10-18 02:00:00,0.0,0.0,0.0,False,True,False,0,night,0.0,0.0,0.0,0.0,0.0,0.0,1.0,100.0
2018-10-18 03:00:00,0.0,0.0,0.0,False,True,False,0,night,0.0,0.0,0.0,0.0,0.0,0.0,1.0,100.0
2018-10-18 04:00:00,0.0,0.0,0.0,False,True,False,0,night,0.0,0.0,0.0,0.0,0.0,0.0,1.0,100.0
2018-10-18 05:00:00,0.0,0.0,0.0,False,True,False,0,night,0.0,0.0,0.0,0.0,0.0,0.0,1.0,100.0
2018-10-18 06:00:00,0.0,0.0,0.0,False,True,False,0,night,0.0,0.0,0.0,0.0,0.0,0.0,1.0,100.0
2018-10-18 07:00:00,0.326,0.313,128.0,True,True,False,0,battery_empty,0.0,0.0,0.0,0.0,0.313,0.0,1.0,100.0
2018-10-18 08:00:00,1.063,1.021,351.0,True,True,True,1,ok,1.021,0.242,1.263,0.0,0.0,-0.255,0.745,74.5
2018-10-18 09:00:00,1.767,1.696,560.0,True,True,True,2,ok,1.263,0.0,1.263,0.255,0.165,0.255,1.0,100.0
2018-10-18 10:00:00,2.317,2.224,724.0,True,True,True,3,ok,1.263,0.0,1.263,0.0,0.961,0.0,1.0,100.0
2018-10-18 11:00:00,2.662,2.556,828.0,True,True,True,4,ok,1.263,0.0,1.263,0.0,1.293,0.0,1.0,100.0
2018-10-18 12:00:00,2.776,2.665,863.0,True,True,True,5,ok,1.263,0.0,1.263,0.0,1.402,0.0,1.0,100.0
2018-10-18 13:00:00,2.64,2.535,824.0,True,True,True,6,ok,1.263,0.0,1.263,0.0,1.272,0.0,1.0,100.0
2018-10-18 14:00:00,2.271,2.18,714.0,True,True,False,6,cap_reached,0.0,0.0,0.0,0.0,2.18,0.0,1.0,100.0
2018-10-18 15:00:00,1.704,1.635,543.0,True,True,False,6,cap_reached,0.0,0.0,0.0,0.0,1.635,0.0,1.0,100.0
2018-10-18 16:00:00,0.991,0.951,331.0,True,True,False,6,cap_reached,0.0,0.0,0.0,0.0,0.951,0.0,1.0,100.0
2018-10-18 17:00:00,0.262,0.251,108.0,True,True,False,6,cap_reached,0.0,0.0,0.0,0.0,0.251,0.0,1.0,100.0
2018-10-18 18:00:00,0.0,0.0,0.0,False,True,False,6,cap_reached,0.0,0.0,0.0,0.0,0.0,0.0,1.0,100.0
2018-10-18 19:00:00,0.0,0.0,0.0,False,True,False,6,cap_reached,0.0,0.0,0.0,0.0,0.0,0.0,1.0,100.0
2018-10-18 20:00:00,0.0,0.0,0.0,False,True,False,6,cap_reached,0.0,0.0,0.0,0.0,0.0,0.0,1.0,100.0
2018-10-18 21:00:00,0.0,0.0,0.0,False,True,False,6,cap_reached,0.0,0.0,0.0,0.0,0.0,0.0,1.0,100.0
2018-10-18 22:00:00,0.0,0.0,0.0,False,True,False,6,cap_reached,0.0,0.0,0.0,0.0,0.0,0.0,1.0,100.0
2018-10-18 23:00:00,0.0,0.0,0.0,False,True,False,6,cap_reached,0.0,0.0,0.0,0.0,0.0,0.0,1.0,100.0
2018-10-19 00:00:00,0.0,0.0,0.0,False,True,False,0,night,0.0,0.0,0.0,0.0,0.0,0.0,1.0,100.0
2018-10-19 01:00:00,0.0,0.0,0.0,False,True,False,0,night,0.0,0.0,0.0,0.0,0.0,0.0,1.0,100.0
2018-10-19 02:00:00,0.0,0.0,0.0,False,True,False,0,night,0.0,0.0,0.0,0.0,0.0,0.0,1.0,100.0
2018-10-19 03:00:00,0.0,0.0,0.0,False,True,False,0,night,0.0,0.0,0.0,0.0,0.0,0.0,1.0,100.0
2018-10-19 04:00:00,0.0,0.0,0.0,False,True,False,0,night,0.0,0.0,0.0,0.0,0.0,0.0,1.0,100.0
2018-10-19 05:00:00,0.0,0.0,0.0,False,True,False,0,night,0.0,0.0,0.0,0.0,0.0,0.0,1.0,100.0
2018-10-19 06:00:00,0.0,0.0,0.0,False,True,False,0,night,0.0,0.0,0.0,0.0,0.0,0.0,1.0,100.0
2018-10-19 07:00:00,0.319,0.306,126.0,True,True,False,0,battery_empty,0.0,0.0,0.0,0.0,0.306,0.0,1.0,100.0
2018-10-19 08:00:00,1.054,1.012,350.0,True,True,True,1,ok,1.012,0.251,1.263,0.0,0.0,-0.264,0.736,73.6
2018-10-19 09:00:00,1.756,1.686,559.0,True,True,True,2,ok,1.263,0.0,1.263,0.264,0.145,0.264,1.0,100.0
2018-10-19 10:00:00,2.306,2.214,726.0,True,True,True,3,ok,1.263,0.0,1.263,0.0,0.951,0.0,1.0,100.0
2018-10-19 11:00:00,2.649,2.543,830.0,True,True,True,4,ok,1.263,0.0,1.263,0.0,1.28,0.0,1.0,100.0
2018-10-19 12:00:00,2.755,2.644,863.0,True,True,True,5,ok,1.263,0.0,1.263,0.0,1.381,0.0,1.0,100.0
2018-10-19 13:00:00,2.618,2.513,823.0,True,True,True,6,ok,1.263,0.0,1.263,0.0,1.25,0.0,1.0,100.0
2018-10-19 14:00:00,2.249,2.159,712.0,True,True,False,6,cap_reached,0.0,0.0,0.0,0.0,2.159,0.0,1.0,100.0
2018-10-19 15:00:00,1.675,1.608,541.0,True,True,False,6,cap_reached,0.0,0.0,0.0,0.0,1.608,0.0,1.0,100.0
2018-10-19 16:00:00,0.962,0.924,329.0,True,True,False,6,cap_reached,0.0,0.0,0.0,0.0,0.924,0.0,1.0,100.0
2018-10-19 17:00:00,0.242,0.232,106.0,True,True,False,6,cap_reached,0.0,0.0,0.0,0.0,0.232,0.0,1.0,100.0
2018-10-19 18:00:00,0.0,0.0,0.0,False,True,False,6,cap_reached,0.0,0.0,0.0,0.0,0.0,0.0,1.0,100.0
2018-10-19 19:00:00,0.0,0.0,0.0,False,True,False,6,cap_reached,0.0,0.0,0.0,0.0,0.0,0.0,1.0,100.0
2018-10-19 20:00:00,0.0,0.0,0.0,False,True,False,6,cap_reached,0.0,0.0,0.0,0.0,0.0,0.0,1.0,100.0
2018-10-19 21:00:00,0.0,0.0,0.0,False,True,False,6,cap_reached,0.0,0.0,0.0,0.0,0.0,0.0,1.0,100.0
2018-10-19 22:00:00,0.0,0.0,0.0,False,True,False,6,cap_reached,0.0,0.0,0.0,0.0,0.0,0.0,1.0,100.0
2018-10-19 23:00:00,0.0,0.0,0.0,False,True,False,6,cap_reached,0.0,0.0,0.0,0.0,0.0,0.0,1.0,100.0
2018-10-20 00:00:00,0.0,0.0,0.0,False,True,False,0,night,0.0,0.0,0.0,0.0,0.0,0.0,1.0,100.0
2018-10-20 01:00:00,0.0,0.0,0.0,False,True,False,0,night,0.0,0.0,0.0,0.0,0.0,0.0,1.0,100.0
2018-10-20 02:00:00,0.0,0.0,0.0,False,True,False,0,night,0.0,0.0,0.0,0.0,0.0,0.0,1.0,100.0
2018-10-20 03:00:00,0.0,0.0,0.0,False,True,False,0,night,0.0,0.0,0.0,0.0,0.0,0.0,1.0,100.0
2018-10-20 04:00:00,0.0,0.0,0.0,False,True,False,0,night,0.0,0.0,0.0,0.0,0.0,0.0,1.0,100.0
2018-10-20 05:00:00,0.0,0.0,0.0,False,True,False,0,night,0.0,0.0,0.0,0.0,0.0,0.0,1.0,100.0
2018-10-20 06:00:00,0.0,0.0,0.0,False,True,False,0,night,0.0,0.0,0.0,0.0,0.0,0.0,1.0,100.0
2018-10-20 07:00:00,0.269,0.259,125.0,True,True,False,0,battery_empty,0.0,0.0,0.0,0.0,0.259,0.0,1.0,100.0
2018-10-20 08:00:00,0.993,0.953,343.0,True,True,True,1,ok,0.953,0.31,1.263,0.0,0.0,-0.326,0.674,67.4
2018-10-20 09:00:00,1.676,1.609,546.0,True,True,True,2,ok,1.263,0.0,1.263,0.326,0.003,0.326,1.0,100.0
2018-10-20 10:00:00,1.489,1.429,317.0,True,True,True,3,ok,1.263,0.0,1.263,0.0,0.166,0.0,1.0,100.0
2018-10-20 11:00:00,1.059,1.017,220.0,True,True,True,4,ok,1.017,0.246,1.263,0.0,0.0,-0.259,0.741,74.1
2018-10-20 12:00:00,2.66,2.553,839.0,True,True,True,5,ok,1.263,0.0,1.263,0.259,1.017,0.259,1.0,100.0
2018-10-20 13:00:00,1.454,1.396,307.0,True,True,True,6,ok,1.263,0.0,1.263,0.0,0.133,0.0,1.0,100.0
2018-10-20 14:00:00,1.178,1.13,246.0,True,True,False,6,cap_reached,0.0,0.0,0.0,0.0,1.13,0.0,1.0,100.0
2018-10-20 15:00:00,1.585,1.522,525.0,True,True,False,6,cap_reached,0.0,0.0,0.0,0.0,1.522,0.0,1.0,100.0
2018-10-20 16:00:00,0.896,0.86,319.0,True,True,False,6,cap_reached,0.0,0.0,0.0,0.0,0.86,0.0,1.0,100.0
2018-10-20 17:00:00,0.195,0.187,104.0,True,True,False,6,cap_reached,0.0,0.0,0.0,0.0,0.187,0.0,1.0,100.0
2018-10-20 18:00:00,0.0,0.0,0.0,False,True,False,6,cap_reached,0.0,0.0,0.0,0.0,0.0,0.0,1.0,100.0
2018-10-20 19:00:00,0.0,0.0,0.0,False,True,False,6,cap_reached,0.0,0.0,0.0,0.0,0.0,0.0,1.0,100.0
2018-10-20 20:00:00,0.0,0.0,0.0,False,True,False,6,cap_reached,0.0,0.0,0.0,0.0,0.0,0.0,1.0,100.0
2018-10-20 21:00:00,0.0,0.0,0.0,False,True,False,6,cap_reached,0.0,0.0,0.0,0.0,0.0,0.0,1.0,100.0
2018-10-20 22:00:00,0.0,0.0,0.0,False,True,False,6,cap_reached,0.0,0.0,0.0,0.0,0.0,0.0,1.0,100.0
2018-10-20 23:00:00,0.0,0.0,0.0,False,True,False,6,cap_reached,0.0,0.0,0.0,0.0,0.0,0.0,1.0,100.0
2018-10-21 00:00:00,0.0,0.0,0.0,False,True,False,0,night,0.0,0.0,0.0,0.0,0.0,0.0,1.0,100.0
2018-10-21 01:00:00,0.0,0.0,0.0,False,True,False,0,night,0.0,0.0,0.0,0.0,0.0,0.0,1.0,100.0
2018-10-21 02:00:00,0.0,0.0,0.0,False,True,False,0,night,0.0,0.0,0.0,0.0,0.0,0.0,1.0,100.0
2018-10-21 03:00:00,0.0,0.0,0.0,False,True,False,0,night,0.0,0.0,0.0,0.0,0.0,0.0,1.0,100.0
2018-10-21 04:00:00,0.0,0.0,0.0,False,True,False,0,night,0.0,0.0,0.0,0.0,0.0,0.0,1.0,100.0
2018-10-21 05:00:00,0.0,0.0,0.0,False,True,False,0,night,0.0,0.0,0.0,0.0,0.0,0.0,1.0,100.0
2018-10-21 06:00:00,0.0,0.0,0.0,False,True,False,0,night,0.0,0.0,0.0,0.0,0.0,0.0,1.0,100.0
2018-10-21 07:00:00,0.259,0.249,125.0,True,True,False,0,battery_empty,0.0,0.0,0.0,0.0,0.249,0.0,1.0,100.0
2018-10-21 08:00:00,0.978,0.938,344.0,True,True,True,1,ok,0.938,0.325,1.263,0.0,0.0,-0.342,0.658,65.8
2018-10-21 09:00:00,1.669,1.603,547.0,True,True,True,2,ok,1.263,0.0,1.263,0.323,0.0,0.323,0.981,98.1
2018-10-21 10:00:00,2.206,2.118,708.0,True,True,True,3,ok,1.263,0.0,1.263,0.019,0.835,0.019,1.0,100.0
2018-10-21 11:00:00,2.54,2.438,809.0,True,True,True,4,ok,1.263,0.0,1.263,0.0,1.175,0.0,1.0,100.0
2018-10-21 12:00:00,2.646,2.54,842.0,True,True,True,5,ok,1.263,0.0,1.263,0.0,1.277,0.0,1.0,100.0
2018-10-21 13:00:00,1.918,1.841,427.0,True,True,True,6,ok,1.263,0.0,1.263,0.0,0.578,0.0,1.0,100.0
2018-10-21 14:00:00,2.141,2.056,691.0,True,True,False,6,cap_reached,0.0,0.0,0.0,0.0,2.056,0.0,1.0,100.0
2018-10-21 15:00:00,1.585,1.521,524.0,True,True,False,6,cap_reached,0.0,0.0,0.0,0.0,1.521,0.0,1.0,100.0
2018-10-21 16:00:00,0.89,0.855,317.0,True,True,False,6,cap_reached,0.0,0.0,0.0,0.0,0.855,0.0,1.0,100.0
2018-10-21 17:00:00,0.193,0.185,100.0,True,True,False,6,cap_reached,0.0,0.0,0.0,0.0,0.185,0.0,1.0,100.0
2018-10-21 18:00:00,0.0,0.0,0.0,False,True,False,6,cap_reached,0.0,0.0,0.0,0.0,0.0,0.0,1.0,100.0
2018-10-21 19:00:00,0.0,0.0,0.0,False,True,False,6,cap_reached,0.0,0.0,0.0,0.0,0.0,0.0,1.0,100.0
2018-10-21 20:00:00,0.0,0.0,0.0,False,True,False,6,cap_reached,0.0,0.0,0.0,0.0,0.0,0.0,1.0,100.0
2018-10-21 21:00:00,0.0,0.0,0.0,False,True,False,6,cap_reached,0.0,0.0,0.0,0.0,0.0,0.0,1.0,100.0
2018-10-21 22:00:00,0.0,0.0,0.0,False,True,False,6,cap_reached,0.0,0.0,0.0,0.0,0.0,0.0,1.0,100.0
2018-10-21 23:00:00,0.0,0.0,0.0,False,True,False,6,cap_reached,0.0,0.0,0.0,0.0,0.0,0.0,1.0,100.0
2018-10-22 00:00:00,0.0,0.0,0.0,False,True,False,0,night,0.0,0.0,0.0,0.0,0.0,0.0,1.0,100.0
2018-10-22 01:00:00,0.0,0.0,0.0,False,True,False,0,night,0.0,0.0,0.0,0.0,0.0,0.0,1.0,100.0
2018-10-22 02:00:00,0.0,0.0,0.0,False,True,False,0,night,0.0,0.0,0.0,0.0,0.0,0.0,1.0,100.0
2018-10-22 03:00:00,0.0,0.0,0.0,False,True,False,0,night,0.0,0.0,0.0,0.0,0.0,0.0,1.0,100.0
2018-10-22 04:00:00,0.0,0.0,0.0,False,True,False,0,night,0.0,0.0,0.0,0.0,0.0,0.0,1.0,100.0
2018-10-22 05:00:00,0.0,0.0,0.0,False,True,False,0,night,0.0,0.0,0.0,0.0,0.0,0.0,1.0,100.0
2018-10-22 06:00:00,0.0,0.0,0.0,False,True,False,0,night,0.0,0.0,0.0,0.0,0.0,0.0,1.0,100.0
2018-10-22 07:00:00,0.287,0.276,114.0,True,True,False,0,battery_empty,0.0,0.0,0.0,0.0,0.276,0.0,1.0,100.0
2018-10-22 08:00:00,0.207,0.198,42.0,True,True,False,0,battery_empty,0.0,0.0,0.0,0.0,0.198,0.0,1.0,100.0
2018-10-22 09:00:00,1.671,1.604,530.0,True,True,True,1,ok,1.263,0.0,1.263,0.0,0.341,0.0,1.0,100.0
2018-10-22 10:00:00,2.209,2.12,691.0,True,True,True,2,ok,1.263,0.0,1.263,0.0,0.857,0.0,1.0,100.0
2018-10-22 11:00:00,2.54,2.439,790.0,True,True,True,3,ok,1.263,0.0,1.263,0.0,1.176,0.0,1.0,100.0
2018-10-22 12:00:00,2.644,2.538,818.0,True,True,True,4,ok,1.263,0.0,1.263,0.0,1.275,0.0,1.0,100.0
2018-10-22 13:00:00,2.51,2.41,771.0,True,True,True,5,ok,1.263,0.0,1.263,0.0,1.147,0.0,1.0,100.0
2018-10-22 14:00:00,1.291,1.239,271.0,True,True,True,6,ok,1.239,0.024,1.263,0.0,0.0,-0.025,0.975,97.5
2018-10-22 15:00:00,1.201,1.153,257.0,True,True,False,6,cap_reached,0.0,0.0,0.0,0.025,1.126,0.025,1.0,100.0
2018-10-22 16:00:00,0.627,0.602,129.0,True,True,False,6,cap_reached,0.0,0.0,0.0,0.0,0.602,0.0,1.0,100.0
2018-10-22 17:00:00,0.285,0.274,58.0,True,True,False,6,cap_reached,0.0,0.0,0.0,0.0,0.274,0.0,1.0,100.0
2018-10-22 18:00:00,0.0,0.0,0.0,False,True,False,6,cap_reached,0.0,0.0,0.0,0.0,0.0,0.0,1.0,100.0
2018-10-22 19:00:00,0.0,0.0,0.0,False,True,False,6,cap_reached,0.0,0.0,0.0,0.0,0.0,0.0,1.0,100.0
2018-10-22 20:00:00,0.0,0.0,0.0,False,True,False,6,cap_reached,0.0,0.0,0.0,0.0,0.0,0.0,1.0,100.0
2018-10-22 21:00:00,0.0,0.0,0.0,False,True,False,6,cap_reached,0.0,0.0,0.0,0.0,0.0,0.0,1.0,100.0
2018-10-22 22:00:00,0.0,0.0,0.0,False,True,False,6,cap_reached,0.0,0.0,0.0,0.0,0.0,0.0,1.0,100.0
2018-10-22 23:00:00,0.0,0.0,0.0,False,True,False,6,cap_reached,0.0,0.0,0.0,0.0,0.0,0.0,1.0,100.0
2018-10-23 00:00:00,0.0,0.0,0.0,False,True,False,0,night,0.0,0.0,0.0,0.0,0.0,0.0,1.0,100.0
2018-10-23 01:00:00,0.0,0.0,0.0,False,True,False,0,night,0.0,0.0,0.0,0.0,0.0,0.0,1.0,100.0
2018-10-23 02:00:00,0.0,0.0,0.0,False,True,False,0,night,0.0,0.0,0.0,0.0,0.0,0.0,1.0,100.0
2018-10-23 03:00:00,0.0,0.0,0.0,False,True,False,0,night,0.0,0.0,0.0,0.0,0.0,0.0,1.0,100.0
2018-10-23 04:00:00,0.0,0.0,0.0,False,True,False,0,night,0.0,0.0,0.0,0.0,0.0,0.0,1.0,100.0
2018-10-23 05:00:00,0.0,0.0,0.0,False,True,False,0,night,0.0,0.0,0.0,0.0,0.0,0.0,1.0,100.0
2018-10-23 06:00:00,0.0,0.0,0.0,False,True,False,0,night,0.0,0.0,0.0,0.0,0.0,0.0,1.0,100.0
2018-10-23 07:00:00,0.274,0.263,110.0,True,True,False,0,battery_empty,0.0,0.0,0.0,0.0,0.263,0.0,1.0,100.0
2018-10-23 08:00:00,0.952,0.914,323.0,True,True,True,1,ok,0.914,0.349,1.263,0.0,0.0,-0.367,0.633,63.3
2018-10-23 09:00:00,1.631,1.566,374.0,True,True,True,2,ok,1.263,0.0,1.263,0.288,0.0,0.288,0.921,92.1
2018-10-23 10:00:00,1.796,1.724,400.0,True,True,True,3,ok,1.263,0.0,1.263,0.079,0.377,0.079,1.0,100.0
2018-10-23 11:00:00,2.104,2.02,478.0,True,True,True,4,ok,1.263,0.0,1.263,0.0,0.757,0.0,1.0,100.0
2018-10-23 12:00:00,2.042,1.96,463.0,True,True,True,5,ok,1.263,0.0,1.263,0.0,0.697,0.0,1.0,100.0
2018-10-23 13:00:00,2.025,1.944,458.0,True,True,True,6,ok,1.263,0.0,1.263,0.0,0.681,0.0,1.0,100.0
2018-10-23 14:00:00,1.816,1.743,406.0,True,True,False,6,cap_reached,0.0,0.0,0.0,0.0,1.743,0.0,1.0,100.0
2018-10-23 15:00:00,1.037,0.995,217.0,True,True,False,6,cap_reached,0.0,0.0,0.0,0.0,0.995,0.0,1.0,100.0
2018-10-23 16:00:00,0.299,0.287,61.0,True,True,False,6,cap_reached,0.0,0.0,0.0,0.0,0.287,0.0,1.0,100.0
2018-10-23 17:00:00,0.108,0.104,22.0,True,True,False,6,cap_reached,0.0,0.0,0.0,0.0,0.104,0.0,1.0,100.0
2018-10-23 18:00:00,0.0,0.0,0.0,False,True,False,6,cap_reached,0.0,0.0,0.0,0.0,0.0,0.0,1.0,100.0
2018-10-23 19:00:00,0.0,0.0,0.0,False,True,False,6,cap_reached,0.0,0.0,0.0,0.0,0.0,0.0,1.0,100.0
2018-10-23 20:00:00,0.0,0.0,0.0,False,True,False,6,cap_reached,0.0,0.0,0.0,0.0,0.0,0.0,1.0,100.0
2018-10-23 21:00:00,0.0,0.0,0.0,False,True,False,6,cap_reached,0.0,0.0,0.0,0.0,0.0,0.0,1.0,100.0
2018-10-23 22:00:00,0.0,0.0,0.0,False,True,False,6,cap_reached,0.0,0.0,0.0,0.0,0.0,0.0,1.0,100.0
2018-10-23 23:00:00,0.0,0.0,0.0,False,True,False,6,cap_reached,0.0,0.0,0.0,0.0,0.0,0.0,1.0,100.0
2018-10-24 00:00:00,0.0,0.0,0.0,False,True,False,0,night,0.0,0.0,0.0,0.0,0.0,0.0,1.0,100.0
2018-10-24 01:00:00,0.0,0.0,0.0,False,True,False,0,night,0.0,0.0,0.0,0.0,0.0,0.0,1.0,100.0
2018-10-24 02:00:00,0.0,0.0,0.0,False,True,False,0,night,0.0,0.0,0.0,0.0,0.0,0.0,1.0,100.0
2018-10-24 03:00:00,0.0,0.0,0.0,False,True,False,0,night,0.0,0.0,0.0,0.0,0.0,0.0,1.0,100.0
2018-10-24 04:00:00,0.0,0.0,0.0,False,True,False,0,night,0.0,0.0,0.0,0.0,0.0,0.0,1.0,100.0
2018-10-24 05:00:00,0.0,0.0,0.0,False,True,False,0,night,0.0,0.0,0.0,0.0,0.0,0.0,1.0,100.0
2018-10-24 06:00:00,0.0,0.0,0.0,False,True,False,0,night,0.0,0.0,0.0,0.0,0.0,0.0,1.0,100.0
2018-10-24 07:00:00,0.255,0.245,108.0,True,True,False,0,battery_empty,0.0,0.0,0.0,0.0,0.245,0.0,1.0,100.0
2018-10-24 08:00:00,0.934,0.896,321.0,True,True,True,1,ok,0.896,0.367,1.263,0.0,0.0,-0.386,0.614,61.4
2018-10-24 09:00:00,1.614,1.55,522.0,True,True,True,2,ok,1.263,0.0,1.263,0.272,0.0,0.272,0.886,88.6
2018-10-24 10:00:00,2.14,2.055,680.0,True,True,True,3,ok,1.263,0.0,1.263,0.114,0.672,0.114,1.0,100.0
2018-10-24 11:00:00,2.478,2.379,780.0,True,True,True,4,ok,1.263,0.0,1.263,0.0,1.116,0.0,1.0,100.0
2018-10-24 12:00:00,2.582,2.478,811.0,True,True,True,5,ok,1.263,0.0,1.263,0.0,1.215,0.0,1.0,100.0
2018-10-24 13:00:00,2.447,2.349,770.0,True,True,True,6,ok,1.263,0.0,1.263,0.0,1.086,0.0,1.0,100.0
2018-10-24 14:00:00,1.546,1.484,346.0,True,True,False,6,cap_reached,0.0,0.0,0.0,0.0,1.484,0.0,1.0,100.0
2018-10-24 15:00:00,1.48,1.421,395.0,True,True,False,6,cap_reached,0.0,0.0,0.0,0.0,1.421,0.0,1.0,100.0
2018-10-24 16:00:00,0.764,0.734,160.0,True,True,False,6,cap_reached,0.0,0.0,0.0,0.0,0.734,0.0,1.0,100.0
2018-10-24 17:00:00,0.276,0.265,56.0,True,True,False,6,cap_reached,0.0,0.0,0.0,0.0,0.265,0.0,1.0,100.0
2018-10-24 18:00:00,0.0,0.0,0.0,False,True,False,6,cap_reached,0.0,0.0,0.0,0.0,0.0,0.0,1.0,100.0
2018-10-24 19:00:00,0.0,0.0,0.0,False,True,False,6,cap_reached,0.0,0.0,0.0,0.0,0.0,0.0,1.0,100.0
2018-10-24 20:00:00,0.0,0.0,0.0,False,True,False,6,cap_reached,0.0,0.0,0.0,0.0,0.0,0.0,1.0,100.0
2018-10-24 21:00:00,0.0,0.0,0.0,False,True,False,6,cap_reached,0.0,0.0,0.0,0.0,0.0,0.0,1.0,100.0
2018-10-24 22:00:00,0.0,0.0,0.0,False,True,False,6,cap_reached,0.0,0.0,0.0,0.0,0.0,0.0,1.0,100.0
2018-10-24 23:00:00,0.0,0.0,0.0,False,True,False,6,cap_reached,0.0,0.0,0.0,0.0,0.0,0.0,1.0,100.0
2018-10-25 00:00:00,0.0,0.0,0.0,False,True,False,0,night,0.0,0.0,0.0,0.0,0.0,0.0,1.0,100.0
2018-10-25 01:00:00,0.0,0.0,0.0,False,True,False,0,night,0.0,0.0,0.0,0.0,0.0,0.0,1.0,100.0
2018-10-25 02:00:00,0.0,0.0,0.0,False,True,False,0,night,0.0,0.0,0.0,0.0,0.0,0.0,1.0,100.0
2018-10-25 03:00:00,0.0,0.0,0.0,False,True,False,0,night,0.0,0.0,0.0,0.0,0.0,0.0,1.0,100.0
2018-10-25 04:00:00,0.0,0.0,0.0,False,True,False,0,night,0.0,0.0,0.0,0.0,0.0,0.0,1.0,100.0
2018-10-25 05:00:00,0.0,0.0,0.0,False,True,False,0,night,0.0,0.0,0.0,0.0,0.0,0.0,1.0,100.0
2018-10-25 06:00:00,0.0,0.0,0.0,False,True,False,0,night,0.0,0.0,0.0,0.0,0.0,0.0,1.0,100.0
2018-10-25 07:00:00,0.226,0.217,111.0,True,True,False,0,battery_empty,0.0,0.0,0.0,0.0,0.217,0.0,1.0,100.0
2018-10-25 08:00:00,0.908,0.872,326.0,True,True,True,1,ok,0.872,0.391,1.263,0.0,0.0,-0.412,0.588,58.8
2018-10-25 09:00:00,1.591,1.528,527.0,True,True,True,2,ok,1.263,0.0,1.263,0.252,0.0,0.252,0.84,84.0
2018-10-25 10:00:00,2.117,2.032,687.0,True,True,True,3,ok,1.263,0.0,1.263,0.16,0.6,0.16,1.0,100.0
2018-10-25 11:00:00,2.449,2.351,785.0,True,True,True,4,ok,1.263,0.0,1.263,0.0,1.088,0.0,1.0,100.0
2018-10-25 12:00:00,2.555,2.453,815.0,True,True,True,5,ok,1.263,0.0,1.263,0.0,1.19,0.0,1.0,100.0
2018-10-25 13:00:00,2.421,2.324,775.0,True,True,True,6,ok,1.263,0.0,1.263,0.0,1.061,0.0,1.0,100.0
2018-10-25 14:00:00,2.06,1.977,665.0,True,True,False,6,cap_reached,0.0,0.0,0.0,0.0,1.977,0.0,1.0,100.0
2018-10-25 15:00:00,1.505,1.444,498.0,True,True,False,6,cap_reached,0.0,0.0,0.0,0.0,1.444,0.0,1.0,100.0
2018-10-25 16:00:00,0.819,0.787,292.0,True,True,False,6,cap_reached,0.0,0.0,0.0,0.0,0.787,0.0,1.0,100.0
2018-10-25 17:00:00,0.184,0.177,83.0,True,True,False,6,cap_reached,0.0,0.0,0.0,0.0,0.177,0.0,1.0,100.0
2018-10-25 18:00:00,0.0,0.0,0.0,False,True,False,6,cap_reached,0.0,0.0,0.0,0.0,0.0,0.0,1.0,100.0
2018-10-25 19:00:00,0.0,0.0,0.0,False,True,False,6,cap_reached,0.0,0.0,0.0,0.0,0.0,0.0,1.0,100.0
2018-10-25 20:00:00,0.0,0.0,0.0,False,True,False,6,cap_reached,0.0,0.0,0.0,0.0,0.0,0.0,1.0,100.0
2018-10-25 21:00:00,0.0,0.0,0.0,False,True,False,6,cap_reached,0.0,0.0,0.0,0.0,0.0,0.0,1.0,100.0
2018-10-25 22:00:00,0.0,0.0,0.0,False,True,False,6,cap_reached,0.0,0.0,0.0,0.0,0.0,0.0,1.0,100.0
2018-10-25 23:00:00,0.0,0.0,0.0,False,True,False,6,cap_reached,0.0,0.0,0.0,0.0,0.0,0.0,1.0,100.0
2018-10-26 00:00:00,0.0,0.0,0.0,False,True,False,0,night,0.0,0.0,0.0,0.0,0.0,0.0,1.0,100.0
2018-10-26 01:00:00,0.0,0.0,0.0,False,True,False,0,night,0.0,0.0,0.0,0.0,0.0,0.0,1.0,100.0
2018-10-26 02:00:00,0.0,0.0,0.0,False,True,False,0,night,0.0,0.0,0.0,0.0,0.0,0.0,1.0,100.0
2018-10-26 03:00:00,0.0,0.0,0.0,False,True,False,0,night,0.0,0.0,0.0,0.0,0.0,0.0,1.0,100.0
2018-10-26 04:00:00,0.0,0.0,0.0,False,True,False,0,night,0.0,0.0,0.0,0.0,0.0,0.0,1.0,100.0
2018-10-26 05:00:00,0.0,0.0,0.0,False,True,False,0,night,0.0,0.0,0.0,0.0,0.0,0.0,1.0,100.0
2018-10-26 06:00:00,0.0,0.0,0.0,False,True,False,0,night,0.0,0.0,0.0,0.0,0.0,0.0,1.0,100.0
2018-10-26 07:00:00,0.206,0.198,110.0,True,True,False,0,battery_empty,0.0,0.0,0.0,0.0,0.198,0.0,1.0,100.0
2018-10-26 08:00:00,0.888,0.852,324.0,True,True,True,1,ok,0.852,0.411,1.263,0.0,0.0,-0.432,0.568,56.8
2018-10-26 09:00:00,1.56,1.498,525.0,True,True,True,2,ok,1.263,0.0,1.263,0.223,0.0,0.223,0.791,79.1
2018-10-26 10:00:00,2.083,2.0,684.0,True,True,True,3,ok,1.263,0.0,1.263,0.209,0.516,0.209,1.0,100.0
2018-10-26 11:00:00,2.41,2.314,783.0,True,True,True,4,ok,1.263,0.0,1.263,0.0,1.051,0.0,1.0,100.0
2018-10-26 12:00:00,2.511,2.411,813.0,True,True,True,5,ok,1.263,0.0,1.263,0.0,1.148,0.0,1.0,100.0
2018-10-26 13:00:00,2.379,2.284,773.0,True,True,True,6,ok,1.263,0.0,1.263,0.0,1.021,0.0,1.0,100.0
2018-10-26 14:00:00,2.018,1.937,666.0,True,True,False,6,cap_reached,0.0,0.0,0.0,0.0,1.937,0.0,1.0,100.0
2018-10-26 15:00:00,1.464,1.406,501.0,True,True,False,6,cap_reached,0.0,0.0,0.0,0.0,1.406,0.0,1.0,100.0
2018-10-26 16:00:00,0.781,0.75,297.0,True,True,False,6,cap_reached,0.0,0.0,0.0,0.0,0.75,0.0,1.0,100.0
2018-10-26 17:00:00,0.15,0.144,86.0,True,True,False,6,cap_reached,0.0,0.0,0.0,0.0,0.144,0.0,1.0,100.0
2018-10-26 18:00:00,0.0,0.0,0.0,False,True,False,6,cap_reached,0.0,0.0,0.0,0.0,0.0,0.0,1.0,100.0
2018-10-26 19:00:00,0.0,0.0,0.0,False,True,False,6,cap_reached,0.0,0.0,0.0,0.0,0.0,0.0,1.0,100.0
2018-10-26 20:00:00,0.0,0.0,0.0,False,True,False,6,cap_reached,0.0,0.0,0.0,0.0,0.0,0.0,1.0,100.0
2018-10-26 21:00:00,0.0,0.0,0.0,False,True,False,6,cap_reached,0.0,0.0,0.0,0.0,0.0,0.0,1.0,100.0
2018-10-26 22:00:00,0.0,0.0,0.0,False,True,False,6,cap_reached,0.0,0.0,0.0,0.0,0.0,0.0,1.0,100.0
2018-10-26 23:00:00,0.0,0.0,0.0,False,True,False,6,cap_reached,0.0,0.0,0.0,0.0,0.0,0.0,1.0,100.0
2018-10-27 00:00:00,0.0,0.0,0.0,False,True,False,0,night,0.0,0.0,0.0,0.0,0.0,0.0,1.0,100.0
2018-10-27 01:00:00,0.0,0.0,0.0,False,True,False,0,night,0.0,0.0,0.0,0.0,0.0,0.0,1.0,100.0
2018-10-27 02:00:00,0.0,0.0,0.0,False,True,False,0,night,0.0,0.0,0.0,0.0,0.0,0.0,1.0,100.0
2018-10-27 03:00:00,0.0,0.0,0.0,False,True,False,0,night,0.0,0.0,0.0,0.0,0.0,0.0,1.0,100.0
2018-10-27 04:00:00,0.0,0.0,0.0,False,True,False,0,night,0.0,0.0,0.0,0.0,0.0,0.0,1.0,100.0
2018-10-27 05:00:00,0.0,0.0,0.0,False,True,False,0,night,0.0,0.0,0.0,0.0,0.0,0.0,1.0,100.0
2018-10-27 06:00:00,0.0,0.0,0.0,False,True,False,0,night,0.0,0.0,0.0,0.0,0.0,0.0,1.0,100.0
2018-10-27 07:00:00,0.205,0.197,108.0,True,True,False,0,battery_empty,0.0,0.0,0.0,0.0,0.197,0.0,1.0,100.0
2018-10-27 08:00:00,0.882,0.846,323.0,True,True,True,1,ok,0.846,0.417,1.263,0.0,0.0,-0.438,0.562,56.2
2018-10-27 09:00:00,1.563,1.5,528.0,True,True,True,2,ok,1.263,0.0,1.263,0.226,0.0,0.226,0.787,78.7
2018-10-27 10:00:00,2.105,2.021,684.0,True,True,True,3,ok,1.263,0.0,1.263,0.213,0.534,0.213,1.0,100.0
2018-10-27 11:00:00,2.445,2.347,788.0,True,True,True,4,ok,1.263,0.0,1.263,0.0,1.084,0.0,1.0,100.0
2018-10-27 12:00:00,2.55,2.448,823.0,True,True,True,5,ok,1.263,0.0,1.263,0.0,1.185,0.0,1.0,100.0
2018-10-27 13:00:00,2.416,2.319,784.0,True,True,True,6,ok,1.263,0.0,1.263,0.0,1.056,0.0,1.0,100.0
2018-10-27 14:00:00,2.053,1.971,677.0,True,True,False,6,cap_reached,0.0,0.0,0.0,0.0,1.971,0.0,1.0,100.0
2018-10-27 15:00:00,1.49,1.43,509.0,True,True,False,6,cap_reached,0.0,0.0,0.0,0.0,1.43,0.0,1.0,100.0
2018-10-27 16:00:00,0.793,0.761,300.0,True,True,False,6,cap_reached,0.0,0.0,0.0,0.0,0.761,0.0,1.0,100.0
2018-10-27 17:00:00,0.164,0.158,84.0,True,True,False,6,cap_reached,0.0,0.0,0.0,0.0,0.158,0.0,1.0,100.0
2018-10-27 18:00:00,0.0,0.0,0.0,False,True,False,6,cap_reached,0.0,0.0,0.0,0.0,0.0,0.0,1.0,100.0
2018-10-27 19:00:00,0.0,0.0,0.0,False,True,False,6,cap_reached,0.0,0.0,0.0,0.0,0.0,0.0,1.0,100.0
2018-10-27 20:00:00,0.0,0.0,0.0,False,True,False,6,cap_reached,0.0,0.0,0.0,0.0,0.0,0.0,1.0,100.0
2018-10-27 21:00:00,0.0,0.0,0.0,False,True,False,6,cap_reached,0.0,0.0,0.0,0.0,0.0,0.0,1.0,100.0
2018-10-27 22:00:00,0.0,0.0,0.0,False,True,False,6,cap_reached,0.0,0.0,0.0,0.0,0.0,0.0,1.0,100.0
2018-10-27 23:00:00,0.0,0.0,0.0,False,True,False,6,cap_reached,0.0,0.0,0.0,0.0,0.0,0.0,1.0,100.0
2018-10-28 00:00:00,0.0,0.0,0.0,False,True,False,0,night,0.0,0.0,0.0,0.0,0.0,0.0,1.0,100.0
2018-10-28 01:00:00,0.0,0.0,0.0,False,True,False,0,night,0.0,0.0,0.0,0.0,0.0,0.0,1.0,100.0
2018-10-28 02:00:00,0.0,0.0,0.0,False,True,False,0,night,0.0,0.0,0.0,0.0,0.0,0.0,1.0,100.0
2018-10-28 03:00:00,0.0,0.0,0.0,False,True,False,0,night,0.0,0.0,0.0,0.0,0.0,0.0,1.0,100.0
2018-10-28 04:00:00,0.0,0.0,0.0,False,True,False,0,night,0.0,0.0,0.0,0.0,0.0,0.0,1.0,100.0
2018-10-28 05:00:00,0.0,0.0,0.0,False,True,False,0,night,0.0,0.0,0.0,0.0,0.0,0.0,1.0,100.0
2018-10-28 06:00:00,0.0,0.0,0.0,False,True,False,0,night,0.0,0.0,0.0,0.0,0.0,0.0,1.0,100.0
2018-10-28 07:00:00,0.206,0.197,103.0,True,True,False,0,battery_empty,0.0,0.0,0.0,0.0,0.197,0.0,1.0,100.0
2018-10-28 08:00:00,0.866,0.832,315.0,True,True,True,1,ok,0.832,0.431,1.263,0.0,0.0,-0.454,0.546,54.6
2018-10-28 09:00:00,1.541,1.479,516.0,True,True,True,2,ok,1.263,0.0,1.263,0.205,0.0,0.205,0.751,75.1
2018-10-28 10:00:00,1.601,1.537,348.0,True,True,True,3,ok,1.263,0.0,1.263,0.249,0.012,0.249,1.0,100.0
2018-10-28 11:00:00,1.792,1.72,390.0,True,True,True,4,ok,1.263,0.0,1.263,0.0,0.457,0.0,1.0,100.0
2018-10-28 12:00:00,2.509,2.409,802.0,True,True,True,5,ok,1.263,0.0,1.263,0.0,1.146,0.0,1.0,100.0
2018-10-28 13:00:00,2.38,2.285,756.0,True,True,True,6,ok,1.263,0.0,1.263,0.0,1.022,0.0,1.0,100.0
2018-10-28 14:00:00,1.344,1.29,282.0,True,True,False,6,cap_reached,0.0,0.0,0.0,0.0,1.29,0.0,1.0,100.0
2018-10-28 15:00:00,1.471,1.412,482.0,True,True,False,6,cap_reached,0.0,0.0,0.0,0.0,1.412,0.0,1.0,100.0
2018-10-28 16:00:00,0.578,0.555,119.0,True,True,False,6,cap_reached,0.0,0.0,0.0,0.0,0.555,0.0,1.0,100.0
2018-10-28 17:00:00,0.204,0.196,73.0,True,True,False,6,cap_reached,0.0,0.0,0.0,0.0,0.196,0.0,1.0,100.0
2018-10-28 18:00:00,0.0,0.0,0.0,False,True,False,6,cap_reached,0.0,0.0,0.0,0.0,0.0,0.0,1.0,100.0
2018-10-28 19:00:00,0.0,0.0,0.0,False,True,False,6,cap_reached,0.0,0.0,0.0,0.0,0.0,0.0,1.0,100.0
2018-10-28 20:00:00,0.0,0.0,0.0,False,True,False,6,cap_reached,0.0,0.0,0.0,0.0,0.0,0.0,1.0,100.0
2018-10-28 21:00:00,0.0,0.0,0.0,False,True,False,6,cap_reached,0.0,0.0,0.0,0.0,0.0,0.0,1.0,100.0
2018-10-28 22:00:00,0.0,0.0,0.0,False,True,False,6,cap_reached,0.0,0.0,0.0,0.0,0.0,0.0,1.0,100.0
2018-10-28 23:00:00,0.0,0.0,0.0,False,True,False,6,cap_reached,0.0,0.0,0.0,0.0,0.0,0.0,1.0,100.0
2018-10-29 00:00:00,0.0,0.0,0.0,False,True,False,0,night,0.0,0.0,0.0,0.0,0.0,0.0,1.0,100.0
2018-10-29 01:00:00,0.0,0.0,0.0,False,True,False,0,night,0.0,0.0,0.0,0.0,0.0,0.0,1.0,100.0
2018-10-29 02:00:00,0.0,0.0,0.0,False,True,False,0,night,0.0,0.0,0.0,0.0,0.0,0.0,1.0,100.0
2018-10-29 03:00:00,0.0,0.0,0.0,False,True,False,0,night,0.0,0.0,0.0,0.0,0.0,0.0,1.0,100.0
2018-10-29 04:00:00,0.0,0.0,0.0,False,True,False,0,night,0.0,0.0,0.0,0.0,0.0,0.0,1.0,100.0
2018-10-29 05:00:00,0.0,0.0,0.0,False,True,False,0,night,0.0,0.0,0.0,0.0,0.0,0.0,1.0,100.0
2018-10-29 06:00:00,0.0,0.0,0.0,False,True,False,0,night,0.0,0.0,0.0,0.0,0.0,0.0,1.0,100.0
2018-10-29 07:00:00,0.215,0.207,104.0,True,True,False,0,battery_empty,0.0,0.0,0.0,0.0,0.207,0.0,1.0,100.0
2018-10-29 08:00:00,0.882,0.847,320.0,True,True,True,1,ok,0.847,0.416,1.263,0.0,0.0,-0.438,0.562,56.2
2018-10-29 09:00:00,1.57,1.507,527.0,True,True,True,2,ok,1.263,0.0,1.263,0.232,0.0,0.232,0.794,79.4
2018-10-29 10:00:00,2.107,2.023,691.0,True,True,True,3,ok,1.263,0.0,1.263,0.206,0.543,0.206,1.0,100.0
2018-10-29 11:00:00,2.448,2.35,794.0,True,True,True,4,ok,1.263,0.0,1.263,0.0,1.087,0.0,1.0,100.0
2018-10-29 12:00:00,2.557,2.455,827.0,True,True,True,5,ok,1.263,0.0,1.263,0.0,1.192,0.0,1.0,100.0
2018-10-29 13:00:00,2.417,2.32,790.0,True,True,True,6,ok,1.263,0.0,1.263,0.0,1.057,0.0,1.0,100.0
2018-10-29 14:00:00,1.708,1.64,377.0,True,True,False,6,cap_reached,0.0,0.0,0.0,0.0,1.64,0.0,1.0,100.0
2018-10-29 15:00:00,1.481,1.421,510.0,True,True,False,6,cap_reached,0.0,0.0,0.0,0.0,1.421,0.0,1.0,100.0
2018-10-29 16:00:00,0.779,0.748,299.0,True,True,False,6,cap_reached,0.0,0.0,0.0,0.0,0.748,0.0,1.0,100.0
2018-10-29 17:00:00,0.17,0.164,81.0,True,True,False,6,cap_reached,0.0,0.0,0.0,0.0,0.164,0.0,1.0,100.0
2018-10-29 18:00:00,0.0,0.0,0.0,False,True,False,6,cap_reached,0.0,0.0,0.0,0.0,0.0,0.0,1.0,100.0
2018-10-29 19:00:00,0.0,0.0,0.0,False,True,False,6,cap_reached,0.0,0.0,0.0,0.0,0.0,0.0,1.0,100.0
2018-10-29 20:00:00,0.0,0.0,0.0,False,True,False,6,cap_reached,0.0,0.0,0.0,0.0,0.0,0.0,1.0,100.0
2018-10-29 21:00:00,0.0,0.0,0.0,False,True,False,6,cap_reached,0.0,0.0,0.0,0.0,0.0,0.0,1.0,100.0
2018-10-29 22:00:00,0.0,0.0,0.0,False,True,False,6,cap_reached,0.0,0.0,0.0,0.0,0.0,0.0,1.0,100.0
2018-10-29 23:00:00,0.0,0.0,0.0,False,True,False,6,cap_reached,0.0,0.0,0.0,0.0,0.0,0.0,1.0,100.0
2018-10-30 00:00:00,0.0,0.0,0.0,False,True,False,0,night,0.0,0.0,0.0,0.0,0.0,0.0,1.0,100.0
2018-10-30 01:00:00,0.0,0.0,0.0,False,True,False,0,night,0.0,0.0,0.0,0.0,0.0,0.0,1.0,100.0
2018-10-30 02:00:00,0.0,0.0,0.0,False,True,False,0,night,0.0,0.0,0.0,0.0,0.0,0.0,1.0,100.0
2018-10-30 03:00:00,0.0,0.0,0.0,False,True,False,0,night,0.0,0.0,0.0,0.0,0.0,0.0,1.0,100.0
2018-10-30 04:00:00,0.0,0.0,0.0,False,True,False,0,night,0.0,0.0,0.0,0.0,0.0,0.0,1.0,100.0
2018-10-30 05:00:00,0.0,0.0,0.0,False,True,False,0,night,0.0,0.0,0.0,0.0,0.0,0.0,1.0,100.0
2018-10-30 06:00:00,0.0,0.0,0.0,False,True,False,0,night,0.0,0.0,0.0,0.0,0.0,0.0,1.0,100.0
2018-10-30 07:00:00,0.192,0.184,108.0,True,True,False,0,battery_empty,0.0,0.0,0.0,0.0,0.184,0.0,1.0,100.0
2018-10-30 08:00:00,0.857,0.822,326.0,True,True,True,1,ok,0.822,0.441,1.263,0.0,0.0,-0.464,0.536,53.6
2018-10-30 09:00:00,1.55,1.488,532.0,True,True,True,2,ok,1.263,0.0,1.263,0.213,0.0,0.213,0.749,74.9
2018-10-30 10:00:00,2.09,2.007,693.0,True,True,True,3,ok,1.263,0.0,1.263,0.251,0.48,0.251,1.0,100.0
2018-10-30 11:00:00,2.431,2.334,794.0,True,True,True,4,ok,1.263,0.0,1.263,0.0,1.071,0.0,1.0,100.0
2018-10-30 12:00:00,2.531,2.43,825.0,True,True,True,5,ok,1.263,0.0,1.263,0.0,1.167,0.0,1.0,100.0
2018-10-30 13:00:00,2.386,2.291,781.0,True,True,True,6,ok,1.263,0.0,1.263,0.0,1.028,0.0,1.0,100.0
2018-10-30 14:00:00,2.017,1.936,670.0,True,True,False,6,cap_reached,0.0,0.0,0.0,0.0,1.936,0.0,1.0,100.0
2018-10-30 15:00:00,1.453,1.395,501.0,True,True,False,6,cap_reached,0.0,0.0,0.0,0.0,1.395,0.0,1.0,100.0
2018-10-30 16:00:00,0.754,0.723,290.0,True,True,False,6,cap_reached,0.0,0.0,0.0,0.0,0.723,0.0,1.0,100.0
2018-10-30 17:00:00,0.17,0.163,77.0,True,True,False,6,cap_reached,0.0,0.0,0.0,0.0,0.163,0.0,1.0,100.0
2018-10-30 18:00:00,0.0,0.0,0.0,False,True,False,6,cap_reached,0.0,0.0,0.0,0.0,0.0,0.0,1.0,100.0
2018-10-30 19:00:00,0.0,0.0,0.0,False,True,False,6,cap_reached,0.0,0.0,0.0,0.0,0.0,0.0,1.0,100.0
2018-10-30 20:00:00,0.0,0.0,0.0,False,True,False,6,cap_reached,0.0,0.0,0.0,0.0,0.0,0.0,1.0,100.0
2018-10-30 21:00:00,0.0,0.0,0.0,False,True,False,6,cap_reached,0.0,0.0,0.0,0.0,0.0,0.0,1.0,100.0
2018-10-30 22:00:00,0.0,0.0,0.0,False,True,False,6,cap_reached,0.0,0.0,0.0,0.0,0.0,0.0,1.0,100.0
2018-10-30 23:00:00,0.0,0.0,0.0,False,True,False,6,cap_reached,0.0,0.0,0.0,0.0,0.0,0.0,1.0,100.0
2018-10-31 00:00:00,0.0,0.0,0.0,False,True,False,0,night,0.0,0.0,0.0,0.0,0.0,0.0,1.0,100.0
2018-10-31 01:00:00,0.0,0.0,0.0,False,True,False,0,night,0.0,0.0,0.0,0.0,0.0,0.0,1.0,100.0
2018-10-31 02:00:00,0.0,0.0,0.0,False,True,False,0,night,0.0,0.0,0.0,0.0,0.0,0.0,1.0,100.0
2018-10-31 03:00:00,0.0,0.0,0.0,False,True,False,0,night,0.0,0.0,0.0,0.0,0.0,0.0,1.0,100.0
2018-10-31 04:00:00,0.0,0.0,0.0,False,True,False,0,night,0.0,0.0,0.0,0.0,0.0,0.0,1.0,100.0
2018-10-31 05:00:00,0.0,0.0,0.0,False,True,False,0,night,0.0,0.0,0.0,0.0,0.0,0.0,1.0,100.0
2018-10-31 06:00:00,0.0,0.0,0.0,False,True,False,0,night,0.0,0.0,0.0,0.0,0.0,0.0,1.0,100.0
2018-10-31 07:00:00,0.225,0.216,100.0,True,True,False,0,battery_empty,0.0,0.0,0.0,0.0,0.216,0.0,1.0,100.0
2018-10-31 08:00:00,0.865,0.83,316.0,True,True,True,1,ok,0.83,0.433,1.263,0.0,0.0,-0.456,0.544,54.4
2018-10-31 09:00:00,1.545,1.483,520.0,True,True,True,2,ok,1.263,0.0,1.263,0.209,0.0,0.209,0.753,75.3
2018-10-31 10:00:00,2.06,1.978,693.0,True,True,True,3,ok,1.263,0.0,1.263,0.247,0.455,0.247,1.0,100.0
2018-10-31 11:00:00,2.395,2.299,792.0,True,True,True,4,ok,1.263,0.0,1.263,0.0,1.036,0.0,1.0,100.0
2018-10-31 12:00:00,2.5,2.4,822.0,True,True,True,5,ok,1.263,0.0,1.263,0.0,1.137,0.0,1.0,100.0
2018-10-31 13:00:00,2.355,2.261,779.0,True,True,True,6,ok,1.263,0.0,1.263,0.0,0.998,0.0,1.0,100.0
2018-10-31 14:00:00,1.989,1.909,667.0,True,True,False,6,cap_reached,0.0,0.0,0.0,0.0,1.909,0.0,1.0,100.0
2018-10-31 15:00:00,1.425,1.368,498.0,True,True,False,6,cap_reached,0.0,0.0,0.0,0.0,1.368,0.0,1.0,100.0
2018-10-31 16:00:00,0.731,0.701,288.0,True,True,False,6,cap_reached,0.0,0.0,0.0,0.0,0.701,0.0,1.0,100.0
2018-10-31 17:00:00,0.183,0.175,37.0,True,True,False,6,cap_reached,0.0,0.0,0.0,0.0,0.175,0.0,1.0,100.0
2018-10-31 18:00:00,0.0,0.0,0.0,False,True,False,6,cap_reached,0.0,0.0,0.0,0.0,0.0,0.0,1.0,100.0
2018-10-31 19:00:00,0.0,0.0,0.0,False,True,False,6,cap_reached,0.0,0.0,0.0,0.0,0.0,0.0,1.0,100.0
2018-10-31 20:00:00,0.0,0.0,0.0,False,True,False,6,cap_reached,0.0,0.0,0.0,0.0,0.0,0.0,1.0,100.0
2018-10-31 21:00:00,0.0,0.0,0.0,False,True,False,6,cap_reached,0.0,0.0,0.0,0.0,0.0,0.0,1.0,100.0
2018-10-31 22:00:00,0.0,0.0,0.0,False,True,False,6,cap_reached,0.0,0.0,0.0,0.0,0.0,0.0,1.0,100.0
2018-10-31 23:00:00,0.0,0.0,0.0,False,True,False,6,cap_reached,0.0,0.0,0.0,0.0,0.0,0.0,1.0,100.0
2018-11-01 00:00:00,0.0,0.0,0.0,False,True,False,0,night,0.0,0.0,0.0,0.0,0.0,0.0,1.0,100.0
2018-11-01 01:00:00,0.0,0.0,0.0,False,True,False,0,night,0.0,0.0,0.0,0.0,0.0,0.0,1.0,100.0
2018-11-01 02:00:00,0.0,0.0,0.0,False,True,False,0,night,0.0,0.0,0.0,0.0,0.0,0.0,1.0,100.0
2018-11-01 03:00:00,0.0,0.0,0.0,False,True,False,0,night,0.0,0.0,0.0,0.0,0.0,0.0,1.0,100.0
2018-11-01 04:00:00,0.0,0.0,0.0,False,True,False,0,night,0.0,0.0,0.0,0.0,0.0,0.0,1.0,100.0
2018-11-01 05:00:00,0.0,0.0,0.0,False,True,False,0,night,0.0,0.0,0.0,0.0,0.0,0.0,1.0,100.0
2018-11-01 06:00:00,0.0,0.0,0.0,False,True,False,0,night,0.0,0.0,0.0,0.0,0.0,0.0,1.0,100.0
2018-11-01 07:00:00,0.195,0.187,100.0,True,True,False,0,battery_empty,0.0,0.0,0.0,0.0,0.187,0.0,1.0,100.0
2018-11-01 08:00:00,0.816,0.783,315.0,True,True,True,1,ok,0.783,0.48,1.263,0.0,0.0,-0.505,0.495,49.5
2018-11-01 09:00:00,1.49,1.43,520.0,True,True,True,2,ok,1.263,0.0,1.263,0.159,0.0,0.159,0.654,65.4
2018-11-01 10:00:00,2.017,1.936,683.0,True,True,True,3,ok,1.263,0.0,1.263,0.346,0.309,0.346,1.0,100.0
2018-11-01 11:00:00,2.35,2.256,784.0,True,True,True,4,ok,1.263,0.0,1.263,0.0,0.993,0.0,1.0,100.0
2018-11-01 12:00:00,2.446,2.348,813.0,True,True,True,5,ok,1.263,0.0,1.263,0.0,1.085,0.0,1.0,100.0
2018-11-01 13:00:00,2.312,2.22,771.0,True,True,True,6,ok,1.263,0.0,1.263,0.0,0.957,0.0,1.0,100.0
2018-11-01 14:00:00,1.947,1.869,661.0,True,True,False,6,cap_reached,0.0,0.0,0.0,0.0,1.869,0.0,1.0,100.0
2018-11-01 15:00:00,1.382,1.327,492.0,True,True,False,6,cap_reached,0.0,0.0,0.0,0.0,1.327,0.0,1.0,100.0
2018-11-01 16:00:00,0.692,0.665,285.0,True,True,False,6,cap_reached,0.0,0.0,0.0,0.0,0.665,0.0,1.0,100.0
2018-11-01 17:00:00,0.15,0.144,73.0,True,True,False,6,cap_reached,0.0,0.0,0.0,0.0,0.144,0.0,1.0,100.0
2018-11-01 18:00:00,0.0,0.0,0.0,False,True,False,6,cap_reached,0.0,0.0,0.0,0.0,0.0,0.0,1.0,100.0
2018-11-01 19:00:00,0.0,0.0,0.0,False,True,False,6,cap_reached,0.0,0.0,0.0,0.0,0.0,0.0,1.0,100.0
2018-11-01 20:00:00,0.0,0.0,0.0,False,True,False,6,cap_reached,0.0,0.0,0.0,0.0,0.0,0.0,1.0,100.0
2018-11-01 21:00:00,0.0,0.0,0.0,False,True,False,6,cap_reached,0.0,0.0,0.0,0.0,0.0,0.0,1.0,100.0
2018-11-01 22:00:00,0.0,0.0,0.0,False,True,False,6,cap_reached,0.0,0.0,0.0,0.0,0.0,0.0,1.0,100.0
2018-11-01 23:00:00,0.0,0.0,0.0,False,True,False,6,cap_reached,0.0,0.0,0.0,0.0,0.0,0.0,1.0,100.0
2018-11-02 00:00:00,0.0,0.0,0.0,False,True,False,0,night,0.0,0.0,0.0,0.0,0.0,0.0,1.0,100.0
2018-11-02 01:00:00,0.0,0.0,0.0,False,True,False,0,night,0.0,0.0,0.0,0.0,0.0,0.0,1.0,100.0
2018-11-02 02:00:00,0.0,0.0,0.0,False,True,False,0,night,0.0,0.0,0.0,0.0,0.0,0.0,1.0,100.0
2018-11-02 03:00:00,0.0,0.0,0.0,False,True,False,0,night,0.0,0.0,0.0,0.0,0.0,0.0,1.0,100.0
2018-11-02 04:00:00,0.0,0.0,0.0,False,True,False,0,night,0.0,0.0,0.0,0.0,0.0,0.0,1.0,100.0
2018-11-02 05:00:00,0.0,0.0,0.0,False,True,False,0,night,0.0,0.0,0.0,0.0,0.0,0.0,1.0,100.0
2018-11-02 06:00:00,0.0,0.0,0.0,False,True,False,0,night,0.0,0.0,0.0,0.0,0.0,0.0,1.0,100.0
2018-11-02 07:00:00,0.271,0.26,56.0,True,True,False,0,battery_empty,0.0,0.0,0.0,0.0,0.26,0.0,1.0,100.0
2018-11-02 08:00:00,0.775,0.744,303.0,True,True,True,1,ok,0.744,0.519,1.263,0.0,0.0,-0.546,0.454,45.4
2018-11-02 09:00:00,1.376,1.321,302.0,True,True,True,2,ok,1.263,0.0,1.263,0.055,0.0,0.055,0.509,50.9
2018-11-02 10:00:00,2.033,1.952,502.0,True,True,True,3,ok,1.263,0.0,1.263,0.491,0.172,0.491,1.0,100.0
2018-11-02 11:00:00,2.278,2.186,757.0,True,True,True,4,ok,1.263,0.0,1.263,0.0,0.923,0.0,1.0,100.0
2018-11-02 12:00:00,1.957,1.878,446.0,True,True,True,5,ok,1.263,0.0,1.263,0.0,0.615,0.0,1.0,100.0
2018-11-02 13:00:00,2.239,2.149,745.0,True,True,True,6,ok,1.263,0.0,1.263,0.0,0.886,0.0,1.0,100.0
2018-11-02 14:00:00,1.883,1.807,637.0,True,True,False,6,cap_reached,0.0,0.0,0.0,0.0,1.807,0.0,1.0,100.0
2018-11-02 15:00:00,1.335,1.282,471.0,True,True,False,6,cap_reached,0.0,0.0,0.0,0.0,1.282,0.0,1.0,100.0
2018-11-02 16:00:00,0.079,0.075,16.0,False,True,False,6,cap_reached,0.0,0.0,0.0,0.0,0.075,0.0,1.0,100.0
2018-11-02 17:00:00,0.196,0.188,40.0,True,True,False,6,cap_reached,0.0,0.0,0.0,0.0,0.188,0.0,1.0,100.0
2018-11-02 18:00:00,0.0,0.0,0.0,False,True,False,6,cap_reached,0.0,0.0,0.0,0.0,0.0,0.0,1.0,100.0
2018-11-02 19:00:00,0.0,0.0,0.0,False,True,False,6,cap_reached,0.0,0.0,0.0,0.0,0.0,0.0,1.0,100.0
2018-11-02 20:00:00,0.0,0.0,0.0,False,True,False,6,cap_reached,0.0,0.0,0.0,0.0,0.0,0.0,1.0,100.0
2018-11-02 21:00:00,0.0,0.0,0.0,False,True,False,6,cap_reached,0.0,0.0,0.0,0.0,0.0,0.0,1.0,100.0
2018-11-02 22:00:00,0.0,0.0,0.0,False,True,False,6,cap_reached,0.0,0.0,0.0,0.0,0.0,0.0,1.0,100.0
2018-11-02 23:00:00,0.0,0.0,0.0,False,True,False,6,cap_reached,0.0,0.0,0.0,0.0,0.0,0.0,1.0,100.0
2018-11-03 00:00:00,0.0,0.0,0.0,False,True,False,0,night,0.0,0.0,0.0,0.0,0.0,0.0,1.0,100.0
2018-11-03 01:00:00,0.0,0.0,0.0,False,True,False,0,night,0.0,0.0,0.0,0.0,0.0,0.0,1.0,100.0
2018-11-03 02:00:00,0.0,0.0,0.0,False,True,False,0,night,0.0,0.0,0.0,0.0,0.0,0.0,1.0,100.0
2018-11-03 03:00:00,0.0,0.0,0.0,False,True,False,0,night,0.0,0.0,0.0,0.0,0.0,0.0,1.0,100.0
2018-11-03 04:00:00,0.0,0.0,0.0,False,True,False,0,night,0.0,0.0,0.0,0.0,0.0,0.0,1.0,100.0
2018-11-03 05:00:00,0.0,0.0,0.0,False,True,False,0,night,0.0,0.0,0.0,0.0,0.0,0.0,1.0,100.0
2018-11-03 06:00:00,0.0,0.0,0.0,False,True,False,0,night,0.0,0.0,0.0,0.0,0.0,0.0,1.0,100.0
2018-11-03 07:00:00,0.18,0.173,91.0,True,True,False,0,battery_empty,0.0,0.0,0.0,0.0,0.173,0.0,1.0,100.0
2018-11-03 08:00:00,0.754,0.724,296.0,True,True,True,1,ok,0.724,0.539,1.263,0.0,0.0,-0.567,0.433,43.3
2018-11-03 09:00:00,1.408,1.351,492.0,True,True,True,2,ok,1.263,0.0,1.263,0.084,0.0,0.084,0.517,51.7
2018-11-03 10:00:00,1.925,1.848,649.0,True,True,True,3,ok,1.263,0.0,1.263,0.483,0.076,0.483,1.0,100.0
2018-11-03 11:00:00,2.249,2.159,746.0,True,True,True,4,ok,1.263,0.0,1.263,0.0,0.896,0.0,1.0,100.0
2018-11-03 12:00:00,2.227,2.138,521.0,True,True,True,5,ok,1.263,0.0,1.263,0.0,0.875,0.0,1.0,100.0
2018-11-03 13:00:00,1.679,1.612,364.0,True,True,True,6,ok,1.263,0.0,1.263,0.0,0.349,0.0,1.0,100.0
2018-11-03 14:00:00,0.079,0.076,16.0,False,True,False,6,cap_reached,0.0,0.0,0.0,0.0,0.076,0.0,1.0,100.0
2018-11-03 15:00:00,0.996,0.956,215.0,True,True,False,6,cap_reached,0.0,0.0,0.0,0.0,0.956,0.0,1.0,100.0
2018-11-03 16:00:00,0.553,0.531,115.0,True,True,False,6,cap_reached,0.0,0.0,0.0,0.0,0.531,0.0,1.0,100.0
2018-11-03 17:00:00,0.167,0.161,34.0,True,True,False,6,cap_reached,0.0,0.0,0.0,0.0,0.161,0.0,1.0,100.0
2018-11-03 18:00:00,0.0,0.0,0.0,False,True,False,6,cap_reached,0.0,0.0,0.0,0.0,0.0,0.0,1.0,100.0
2018-11-03 19:00:00,0.0,0.0,0.0,False,True,False,6,cap_reached,0.0,0.0,0.0,0.0,0.0,0.0,1.0,100.0
2018-11-03 20:00:00,0.0,0.0,0.0,False,True,False,6,cap_reached,0.0,0.0,0.0,0.0,0.0,0.0,1.0,100.0
2018-11-03 21:00:00,0.0,0.0,0.0,False,True,False,6,cap_reached,0.0,0.0,0.0,0.0,0.0,0.0,1.0,100.0
2018-11-03 22:00:00,0.0,0.0,0.0,False,True,False,6,cap_reached,0.0,0.0,0.0,0.0,0.0,0.0,1.0,100.0
2018-11-03 23:00:00,0.0,0.0,0.0,False,True,False,6,cap_reached,0.0,0.0,0.0,0.0,0.0,0.0,1.0,100.0
2018-11-04 00:00:00,0.0,0.0,0.0,False,True,False,0,night,0.0,0.0,0.0,0.0,0.0,0.0,1.0,100.0
2018-11-04 01:00:00,0.0,0.0,0.0,False,True,False,0,night,0.0,0.0,0.0,0.0,0.0,0.0,1.0,100.0
2018-11-04 02:00:00,0.0,0.0,0.0,False,True,False,0,night,0.0,0.0,0.0,0.0,0.0,0.0,1.0,100.0
2018-11-04 03:00:00,0.0,0.0,0.0,False,True,False,0,night,0.0,0.0,0.0,0.0,0.0,0.0,1.0,100.0
2018-11-04 04:00:00,0.0,0.0,0.0,False,True,False,0,night,0.0,0.0,0.0,0.0,0.0,0.0,1.0,100.0
2018-11-04 05:00:00,0.0,0.0,0.0,False,True,False,0,night,0.0,0.0,0.0,0.0,0.0,0.0,1.0,100.0
2018-11-04 06:00:00,0.0,0.0,0.0,False,True,False,0,night,0.0,0.0,0.0,0.0,0.0,0.0,1.0,100.0
2018-11-04 07:00:00,0.223,0.214,82.0,True,True,False,0,battery_empty,0.0,0.0,0.0,0.0,0.214,0.0,1.0,100.0
2018-11-04 08:00:00,0.777,0.746,284.0,True,True,True,1,ok,0.746,0.517,1.263,0.0,0.0,-0.544,0.456,45.6
2018-11-04 09:00:00,1.425,1.368,484.0,True,True,True,2,ok,1.263,0.0,1.263,0.099,0.0,0.099,0.555,55.5
2018-11-04 10:00:00,1.934,1.857,652.0,True,True,True,3,ok,1.263,0.0,1.263,0.445,0.125,0.445,1.0,100.0
2018-11-04 11:00:00,2.275,2.184,756.0,True,True,True,4,ok,1.263,0.0,1.263,0.0,0.921,0.0,1.0,100.0
2018-11-04 12:00:00,2.384,2.288,789.0,True,True,True,5,ok,1.263,0.0,1.263,0.0,1.025,0.0,1.0,100.0
2018-11-04 13:00:00,2.253,2.162,751.0,True,True,True,6,ok,1.263,0.0,1.263,0.0,0.899,0.0,1.0,100.0
2018-11-04 14:00:00,1.891,1.816,533.0,True,True,False,6,cap_reached,0.0,0.0,0.0,0.0,1.816,0.0,1.0,100.0
2018-11-04 15:00:00,1.313,1.26,329.0,True,True,False,6,cap_reached,0.0,0.0,0.0,0.0,1.26,0.0,1.0,100.0
2018-11-04 16:00:00,0.68,0.653,269.0,True,True,False,6,cap_reached,0.0,0.0,0.0,0.0,0.653,0.0,1.0,100.0
2018-11-04 17:00:00,0.173,0.166,63.0,True,True,False,6,cap_reached,0.0,0.0,0.0,0.0,0.166,0.0,1.0,100.0
2018-11-04 18:00:00,0.0,0.0,0.0,False,True,False,6,cap_reached,0.0,0.0,0.0,0.0,0.0,0.0,1.0,100.0
2018-11-04 19:00:00,0.0,0.0,0.0,False,True,False,6,cap_reached,0.0,0.0,0.0,0.0,0.0,0.0,1.0,100.0
2018-11-04 20:00:00,0.0,0.0,0.0,False,True,False,6,cap_reached,0.0,0.0,0.0,0.0,0.0,0.0,1.0,100.0
2018-11-04 21:00:00,0.0,0.0,0.0,False,True,False,6,cap_reached,0.0,0.0,0.0,0.0,0.0,0.0,1.0,100.0
2018-11-04 22:00:00,0.0,0.0,0.0,False,True,False,6,cap_reached,0.0,0.0,0.0,0.0,0.0,0.0,1.0,100.0
2018-11-04 23:00:00,0.0,0.0,0.0,False,True,False,6,cap_reached,0.0,0.0,0.0,0.0,0.0,0.0,1.0,100.0
2018-11-05 00:00:00,0.0,0.0,0.0,False,True,False,0,night,0.0,0.0,0.0,0.0,0.0,0.0,1.0,100.0
2018-11-05 01:00:00,0.0,0.0,0.0,False,True,False,0,night,0.0,0.0,0.0,0.0,0.0,0.0,1.0,100.0
2018-11-05 02:00:00,0.0,0.0,0.0,False,True,False,0,night,0.0,0.0,0.0,0.0,0.0,0.0,1.0,100.0
2018-11-05 03:00:00,0.0,0.0,0.0,False,True,False,0,night,0.0,0.0,0.0,0.0,0.0,0.0,1.0,100.0
2018-11-05 04:00:00,0.0,0.0,0.0,False,True,False,0,night,0.0,0.0,0.0,0.0,0.0,0.0,1.0,100.0
2018-11-05 05:00:00,0.0,0.0,0.0,False,True,False,0,night,0.0,0.0,0.0,0.0,0.0,0.0,1.0,100.0
2018-11-05 06:00:00,0.0,0.0,0.0,False,True,False,0,night,0.0,0.0,0.0,0.0,0.0,0.0,1.0,100.0
2018-11-05 07:00:00,0.194,0.187,88.0,True,True,False,0,battery_empty,0.0,0.0,0.0,0.0,0.187,0.0,1.0,100.0
2018-11-05 08:00:00,0.743,0.713,299.0,True,True,True,1,ok,0.713,0.55,1.263,0.0,0.0,-0.579,0.421,42.1
2018-11-05 09:00:00,1.4,1.344,503.0,True,True,True,2,ok,1.263,0.0,1.263,0.077,0.0,0.077,0.498,49.8
2018-11-05 10:00:00,1.93,1.853,664.0,True,True,True,3,ok,1.263,0.0,1.263,0.502,0.061,0.502,1.0,100.0
2018-11-05 11:00:00,2.25,2.16,763.0,True,True,True,4,ok,1.263,0.0,1.263,0.0,0.897,0.0,1.0,100.0
2018-11-05 12:00:00,2.343,2.249,793.0,True,True,True,5,ok,1.263,0.0,1.263,0.0,0.986,0.0,1.0,100.0
2018-11-05 13:00:00,2.199,2.111,751.0,True,True,True,6,ok,1.263,0.0,1.263,0.0,0.848,0.0,1.0,100.0
2018-11-05 14:00:00,1.838,1.764,641.0,True,True,False,6,cap_reached,0.0,0.0,0.0,0.0,1.764,0.0,1.0,100.0
2018-11-05 15:00:00,1.29,1.239,475.0,True,True,False,6,cap_reached,0.0,0.0,0.0,0.0,1.239,0.0,1.0,100.0
2018-11-05 16:00:00,0.624,0.599,268.0,True,True,False,6,cap_reached,0.0,0.0,0.0,0.0,0.599,0.0,1.0,100.0
2018-11-05 17:00:00,0.149,0.143,62.0,True,True,False,6,cap_reached,0.0,0.0,0.0,0.0,0.143,0.0,1.0,100.0
2018-11-05 18:00:00,0.0,0.0,0.0,False,True,False,6,cap_reached,0.0,0.0,0.0,0.0,0.0,0.0,1.0,100.0
2018-11-05 19:00:00,0.0,0.0,0.0,False,True,False,6,cap_reached,0.0,0.0,0.0,0.0,0.0,0.0,1.0,100.0
2018-11-05 20:00:00,0.0,0.0,0.0,False,True,False,6,cap_reached,0.0,0.0,0.0,0.0,0.0,0.0,1.0,100.0
2018-11-05 21:00:00,0.0,0.0,0.0,False,True,False,6,cap_reached,0.0,0.0,0.0,0.0,0.0,0.0,1.0,100.0
2018-11-05 22:00:00,0.0,0.0,0.0,False,True,False,6,cap_reached,0.0,0.0,0.0,0.0,0.0,0.0,1.0,100.0
2018-11-05 23:00:00,0.0,0.0,0.0,False,True,False,6,cap_reached,0.0,0.0,0.0,0.0,0.0,0.0,1.0,100.0
2018-11-06 00:00:00,0.0,0.0,0.0,False,True,False,0,night,0.0,0.0,0.0,0.0,0.0,0.0,1.0,100.0
2018-11-06 01:00:00,0.0,0.0,0.0,False,True,False,0,night,0.0,0.0,0.0,0.0,0.0,0.0,1.0,100.0
2018-11-06 02:00:00,0.0,0.0,0.0,False,True,False,0,night,0.0,0.0,0.0,0.0,0.0,0.0,1.0,100.0
2018-11-06 03:00:00,0.0,0.0,0.0,False,True,False,0,night,0.0,0.0,0.0,0.0,0.0,0.0,1.0,100.0
2018-11-06 04:00:00,0.0,0.0,0.0,False,True,False,0,night,0.0,0.0,0.0,0.0,0.0,0.0,1.0,100.0
2018-11-06 05:00:00,0.0,0.0,0.0,False,True,False,0,night,0.0,0.0,0.0,0.0,0.0,0.0,1.0,100.0
2018-11-06 06:00:00,0.0,0.0,0.0,False,True,False,0,night,0.0,0.0,0.0,0.0,0.0,0.0,1.0,100.0
2018-11-06 07:00:00,0.184,0.177,84.0,True,True,False,0,battery_empty,0.0,0.0,0.0,0.0,0.177,0.0,1.0,100.0
2018-11-06 08:00:00,0.714,0.685,289.0,True,True,True,1,ok,0.685,0.578,1.263,0.0,0.0,-0.608,0.392,39.2
2018-11-06 09:00:00,1.366,1.311,360.0,True,True,True,2,ok,1.263,0.0,1.263,0.046,0.0,0.046,0.438,43.8
2018-11-06 10:00:00,1.773,1.702,483.0,True,True,True,3,ok,1.263,0.0,1.263,0.417,0.0,0.417,0.854,85.4
2018-11-06 11:00:00,2.204,2.116,742.0,True,True,True,4,ok,1.263,0.0,1.263,0.146,0.699,0.146,1.0,100.0
2018-11-06 12:00:00,2.296,2.204,773.0,True,True,True,5,ok,1.263,0.0,1.263,0.0,0.941,0.0,1.0,100.0
2018-11-06 13:00:00,2.164,2.077,733.0,True,True,True,6,ok,1.263,0.0,1.263,0.0,0.814,0.0,1.0,100.0
2018-11-06 14:00:00,1.809,1.736,625.0,True,True,False,6,cap_reached,0.0,0.0,0.0,0.0,1.736,0.0,1.0,100.0
2018-11-06 15:00:00,1.382,1.327,315.0,True,True,False,6,cap_reached,0.0,0.0,0.0,0.0,1.327,0.0,1.0,100.0
2018-11-06 16:00:00,0.613,0.589,258.0,True,True,False,6,cap_reached,0.0,0.0,0.0,0.0,0.589,0.0,1.0,100.0
2018-11-06 17:00:00,0.154,0.148,58.0,True,True,False,6,cap_reached,0.0,0.0,0.0,0.0,0.148,0.0,1.0,100.0
2018-11-06 18:00:00,0.0,0.0,0.0,False,True,False,6,cap_reached,0.0,0.0,0.0,0.0,0.0,0.0,1.0,100.0
2018-11-06 19:00:00,0.0,0.0,0.0,False,True,False,6,cap_reached,0.0,0.0,0.0,0.0,0.0,0.0,1.0,100.0
2018-11-06 20:00:00,0.0,0.0,0.0,False,True,False,6,cap_reached,0.0,0.0,0.0,0.0,0.0,0.0,1.0,100.0
2018-11-06 21:00:00,0.0,0.0,0.0,False,True,False,6,cap_reached,0.0,0.0,0.0,0.0,0.0,0.0,1.0,100.0
2018-11-06 22:00:00,0.0,0.0,0.0,False,True,False,6,cap_reached,0.0,0.0,0.0,0.0,0.0,0.0,1.0,100.0
2018-11-06 23:00:00,0.0,0.0,0.0,False,True,False,6,cap_reached,0.0,0.0,0.0,0.0,0.0,0.0,1.0,100.0
2018-11-07 00:00:00,0.0,0.0,0.0,False,True,False,0,night,0.0,0.0,0.0,0.0,0.0,0.0,1.0,100.0
2018-11-07 01:00:00,0.0,0.0,0.0,False,True,False,0,night,0.0,0.0,0.0,0.0,0.0,0.0,1.0,100.0
2018-11-07 02:00:00,0.0,0.0,0.0,False,True,False,0,night,0.0,0.0,0.0,0.0,0.0,0.0,1.0,100.0
2018-11-07 03:00:00,0.0,0.0,0.0,False,True,False,0,night,0.0,0.0,0.0,0.0,0.0,0.0,1.0,100.0
2018-11-07 04:00:00,0.0,0.0,0.0,False,True,False,0,night,0.0,0.0,0.0,0.0,0.0,0.0,1.0,100.0
2018-11-07 05:00:00,0.0,0.0,0.0,False,True,False,0,night,0.0,0.0,0.0,0.0,0.0,0.0,1.0,100.0
2018-11-07 06:00:00,0.0,0.0,0.0,False,True,False,0,night,0.0,0.0,0.0,0.0,0.0,0.0,1.0,100.0
2018-11-07 07:00:00,0.19,0.182,82.0,True,True,False,0,battery_empty,0.0,0.0,0.0,0.0,0.182,0.0,1.0,100.0
2018-11-07 08:00:00,0.712,0.683,286.0,True,True,True,1,ok,0.683,0.58,1.263,0.0,0.0,-0.61,0.39,39.0
2018-11-07 09:00:00,1.357,1.303,483.0,True,True,True,2,ok,1.263,0.0,1.263,0.038,0.0,0.038,0.428,42.8
2018-11-07 10:00:00,1.866,1.791,643.0,True,True,True,3,ok,1.263,0.0,1.263,0.502,0.0,0.502,0.93,93.0
2018-11-07 11:00:00,2.187,2.1,739.0,True,True,True,4,ok,1.263,0.0,1.263,0.07,0.763,0.07,1.0,100.0
2018-11-07 12:00:00,2.282,2.191,769.0,True,True,True,5,ok,1.263,0.0,1.263,0.0,0.928,0.0,1.0,100.0
2018-11-07 13:00:00,2.143,2.057,729.0,True,True,True,6,ok,1.263,0.0,1.263,0.0,0.794,0.0,1.0,100.0
2018-11-07 14:00:00,1.377,1.322,294.0,True,True,False,6,cap_reached,0.0,0.0,0.0,0.0,1.322,0.0,1.0,100.0
2018-11-07 15:00:00,1.242,1.192,459.0,True,True,False,6,cap_reached,0.0,0.0,0.0,0.0,1.192,0.0,1.0,100.0
2018-11-07 16:00:00,0.044,0.043,9.0,False,True,False,6,cap_reached,0.0,0.0,0.0,0.0,0.043,0.0,1.0,100.0
2018-11-07 17:00:00,0.144,0.138,58.0,True,True,False,6,cap_reached,0.0,0.0,0.0,0.0,0.138,0.0,1.0,100.0
2018-11-07 18:00:00,0.0,0.0,0.0,False,True,False,6,cap_reached,0.0,0.0,0.0,0.0,0.0,0.0,1.0,100.0
2018-11-07 19:00:00,0.0,0.0,0.0,False,True,False,6,cap_reached,0.0,0.0,0.0,0.0,0.0,0.0,1.0,100.0
2018-11-07 20:00:00,0.0,0.0,0.0,False,True,False,6,cap_reached,0.0,0.0,0.0,0.0,0.0,0.0,1.0,100.0
2018-11-07 21:00:00,0.0,0.0,0.0,False,True,False,6,cap_reached,0.0,0.0,0.0,0.0,0.0,0.0,1.0,100.0
2018-11-07 22:00:00,0.0,0.0,0.0,False,True,False,6,cap_reached,0.0,0.0,0.0,0.0,0.0,0.0,1.0,100.0
2018-11-07 23:00:00,0.0,0.0,0.0,False,True,False,6,cap_reached,0.0,0.0,0.0,0.0,0.0,0.0,1.0,100.0
2018-11-08 00:00:00,0.0,0.0,0.0,False,True,False,0,night,0.0,0.0,0.0,0.0,0.0,0.0,1.0,100.0
2018-11-08 01:00:00,0.0,0.0,0.0,False,True,False,0,night,0.0,0.0,0.0,0.0,0.0,0.0,1.0,100.0
2018-11-08 02:00:00,0.0,0.0,0.0,False,True,False,0,night,0.0,0.0,0.0,0.0,0.0,0.0,1.0,100.0
2018-11-08 03:00:00,0.0,0.0,0.0,False,True,False,0,night,0.0,0.0,0.0,0.0,0.0,0.0,1.0,100.0
2018-11-08 04:00:00,0.0,0.0,0.0,False,True,False,0,night,0.0,0.0,0.0,0.0,0.0,0.0,1.0,100.0
2018-11-08 05:00:00,0.0,0.0,0.0,False,True,False,0,night,0.0,0.0,0.0,0.0,0.0,0.0,1.0,100.0
2018-11-08 06:00:00,0.0,0.0,0.0,False,True,False,0,night,0.0,0.0,0.0,0.0,0.0,0.0,1.0,100.0
2018-11-08 07:00:00,0.189,0.182,79.0,True,True,False,0,battery_empty,0.0,0.0,0.0,0.0,0.182,0.0,1.0,100.0
2018-11-08 08:00:00,0.686,0.659,282.0,True,True,True,1,ok,0.659,0.604,1.263,0.0,0.0,-0.636,0.364,36.4
2018-11-08 09:00:00,1.33,1.277,479.0,True,True,True,2,ok,1.263,0.0,1.263,0.013,0.0,0.013,0.377,37.7
2018-11-08 10:00:00,1.357,1.303,287.0,True,True,True,3,ok,1.263,0.0,1.263,0.038,0.0,0.038,0.415,41.5
2018-11-08 11:00:00,2.168,2.081,732.0,True,True,True,4,ok,1.263,0.0,1.263,0.585,0.202,0.585,1.0,100.0
2018-11-08 12:00:00,2.269,2.178,763.0,True,True,True,5,ok,1.263,0.0,1.263,0.0,0.915,0.0,1.0,100.0
2018-11-08 13:00:00,2.131,2.046,724.0,True,True,True,6,ok,1.263,0.0,1.263,0.0,0.783,0.0,1.0,100.0
2018-11-08 14:00:00,1.777,1.706,618.0,True,True,False,6,cap_reached,0.0,0.0,0.0,0.0,1.706,0.0,1.0,100.0
2018-11-08 15:00:00,1.238,1.188,455.0,True,True,False,6,cap_reached,0.0,0.0,0.0,0.0,1.188,0.0,1.0,100.0
2018-11-08 16:00:00,0.586,0.562,255.0,True,True,False,6,cap_reached,0.0,0.0,0.0,0.0,0.562,0.0,1.0,100.0
2018-11-08 17:00:00,0.149,0.143,56.0,True,True,False,6,cap_reached,0.0,0.0,0.0,0.0,0.143,0.0,1.0,100.0
2018-11-08 18:00:00,0.0,0.0,0.0,False,True,False,6,cap_reached,0.0,0.0,0.0,0.0,0.0,0.0,1.0,100.0
2018-11-08 19:00:00,0.0,0.0,0.0,False,True,False,6,cap_reached,0.0,0.0,0.0,0.0,0.0,0.0,1.0,100.0
2018-11-08 20:00:00,0.0,0.0,0.0,False,True,False,6,cap_reached,0.0,0.0,0.0,0.0,0.0,0.0,1.0,100.0
2018-11-08 21:00:00,0.0,0.0,0.0,False,True,False,6,cap_reached,0.0,0.0,0.0,0.0,0.0,0.0,1.0,100.0
2018-11-08 22:00:00,0.0,0.0,0.0,False,True,False,6,cap_reached,0.0,0.0,0.0,0.0,0.0,0.0,1.0,100.0
2018-11-08 23:00:00,0.0,0.0,0.0,False,True,False,6,cap_reached,0.0,0.0,0.0,0.0,0.0,0.0,1.0,100.0
2018-11-09 00:00:00,0.0,0.0,0.0,False,True,False,0,night,0.0,0.0,0.0,0.0,0.0,0.0,1.0,100.0
2018-11-09 01:00:00,0.0,0.0,0.0,False,True,False,0,night,0.0,0.0,0.0,0.0,0.0,0.0,1.0,100.0
2018-11-09 02:00:00,0.0,0.0,0.0,False,True,False,0,night,0.0,0.0,0.0,0.0,0.0,0.0,1.0,100.0
2018-11-09 03:00:00,0.0,0.0,0.0,False,True,False,0,night,0.0,0.0,0.0,0.0,0.0,0.0,1.0,100.0
2018-11-09 04:00:00,0.0,0.0,0.0,False,True,False,0,night,0.0,0.0,0.0,0.0,0.0,0.0,1.0,100.0
2018-11-09 05:00:00,0.0,0.0,0.0,False,True,False,0,night,0.0,0.0,0.0,0.0,0.0,0.0,1.0,100.0
2018-11-09 06:00:00,0.0,0.0,0.0,False,True,False,0,night,0.0,0.0,0.0,0.0,0.0,0.0,1.0,100.0
2018-11-09 07:00:00,0.17,0.163,81.0,True,True,False,0,battery_empty,0.0,0.0,0.0,0.0,0.163,0.0,1.0,100.0
2018-11-09 08:00:00,0.661,0.635,288.0,True,True,True,1,ok,0.635,0.628,1.263,0.0,0.0,-0.662,0.338,33.8
2018-11-09 09:00:00,1.319,1.266,488.0,True,True,True,2,ok,1.263,0.0,1.263,0.003,0.0,0.003,0.341,34.1
2018-11-09 10:00:00,1.839,1.765,647.0,True,True,True,3,ok,1.263,0.0,1.263,0.477,0.0,0.477,0.818,81.8
2018-11-09 11:00:00,2.163,2.077,746.0,True,True,True,4,ok,1.263,0.0,1.263,0.182,0.622,0.182,1.0,100.0
2018-11-09 12:00:00,2.263,2.172,777.0,True,True,True,5,ok,1.263,0.0,1.263,0.0,0.909,0.0,1.0,100.0
2018-11-09 13:00:00,2.124,2.04,737.0,True,True,True,6,ok,1.263,0.0,1.263,0.0,0.777,0.0,1.0,100.0
2018-11-09 14:00:00,1.764,1.693,630.0,True,True,False,6,cap_reached,0.0,0.0,0.0,0.0,1.693,0.0,1.0,100.0
2018-11-09 15:00:00,1.214,1.166,464.0,True,True,False,6,cap_reached,0.0,0.0,0.0,0.0,1.166,0.0,1.0,100.0
2018-11-09 16:00:00,0.554,0.532,261.0,True,True,False,6,cap_reached,0.0,0.0,0.0,0.0,0.532,0.0,1.0,100.0
2018-11-09 17:00:00,0.13,0.125,58.0,True,True,False,6,cap_reached,0.0,0.0,0.0,0.0,0.125,0.0,1.0,100.0
2018-11-09 18:00:00,0.0,0.0,0.0,False,True,False,6,cap_reached,0.0,0.0,0.0,0.0,0.0,0.0,1.0,100.0
2018-11-09 19:00:00,0.0,0.0,0.0,False,True,False,6,cap_reached,0.0,0.0,0.0,0.0,0.0,0.0,1.0,100.0
2018-11-09 20:00:00,0.0,0.0,0.0,False,True,False,6,cap_reached,0.0,0.0,0.0,0.0,0.0,0.0,1.0,100.0
2018-11-09 21:00:00,0.0,0.0,0.0,False,True,False,6,cap_reached,0.0,0.0,0.0,0.0,0.0,0.0,1.0,100.0
2018-11-09 22:00:00,0.0,0.0,0.0,False,True,False,6,cap_reached,0.0,0.0,0.0,0.0,0.0,0.0,1.0,100.0
2018-11-09 23:00:00,0.0,0.0,0.0,False,True,False,6,cap_reached,0.0,0.0,0.0,0.0,0.0,0.0,1.0,100.0
2018-11-10 00:00:00,0.0,0.0,0.0,False,True,False,0,night,0.0,0.0,0.0,0.0,0.0,0.0,1.0,100.0
2018-11-10 01:00:00,0.0,0.0,0.0,False,True,False,0,night,0.0,0.0,0.0,0.0,0.0,0.0,1.0,100.0
2018-11-10 02:00:00,0.0,0.0,0.0,False,True,False,0,night,0.0,0.0,0.0,0.0,0.0,0.0,1.0,100.0
2018-11-10 03:00:00,0.0,0.0,0.0,False,True,False,0,night,0.0,0.0,0.0,0.0,0.0,0.0,1.0,100.0
2018-11-10 04:00:00,0.0,0.0,0.0,False,True,False,0,night,0.0,0.0,0.0,0.0,0.0,0.0,1.0,100.0
2018-11-10 05:00:00,0.0,0.0,0.0,False,True,False,0,night,0.0,0.0,0.0,0.0,0.0,0.0,1.0,100.0
2018-11-10 06:00:00,0.0,0.0,0.0,False,True,False,0,night,0.0,0.0,0.0,0.0,0.0,0.0,1.0,100.0
2018-11-10 07:00:00,0.146,0.14,81.0,True,True,False,0,battery_empty,0.0,0.0,0.0,0.0,0.14,0.0,1.0,100.0
2018-11-10 08:00:00,0.62,0.595,287.0,True,True,True,1,ok,0.595,0.668,1.263,0.0,0.0,-0.703,0.297,29.7
2018-11-10 09:00:00,1.267,1.217,484.0,True,True,True,2,ok,1.217,0.046,1.263,0.0,0.0,-0.049,0.248,24.8
2018-11-10 10:00:00,1.791,1.719,640.0,True,True,True,3,ok,1.263,0.0,1.263,0.433,0.0,0.433,0.682,68.2
2018-11-10 11:00:00,2.114,2.029,737.0,True,True,True,4,ok,1.263,0.0,1.263,0.318,0.431,0.318,1.0,100.0
2018-11-10 12:00:00,2.21,2.122,767.0,True,True,True,5,ok,1.263,0.0,1.263,0.0,0.859,0.0,1.0,100.0
2018-11-10 13:00:00,1.462,1.403,308.0,True,True,True,6,ok,1.263,0.0,1.263,0.0,0.14,0.0,1.0,100.0
2018-11-10 14:00:00,1.724,1.656,620.0,True,True,False,6,cap_reached,0.0,0.0,0.0,0.0,1.656,0.0,1.0,100.0
2018-11-10 15:00:00,1.18,1.133,457.0,True,True,False,6,cap_reached,0.0,0.0,0.0,0.0,1.133,0.0,1.0,100.0
2018-11-10 16:00:00,0.531,0.51,257.0,True,True,False,6,cap_reached,0.0,0.0,0.0,0.0,0.51,0.0,1.0,100.0
2018-11-10 17:00:00,0.125,0.12,57.0,True,True,False,6,cap_reached,0.0,0.0,0.0,0.0,0.12,0.0,1.0,100.0
2018-11-10 18:00:00,0.0,0.0,0.0,False,True,False,6,cap_reached,0.0,0.0,0.0,0.0,0.0,0.0,1.0,100.0
2018-11-10 19:00:00,0.0,0.0,0.0,False,True,False,6,cap_reached,0.0,0.0,0.0,0.0,0.0,0.0,1.0,100.0
2018-11-10 20:00:00,0.0,0.0,0.0,False,True,False,6,cap_reached,0.0,0.0,0.0,0.0,0.0,0.0,1.0,100.0
2018-11-10 21:00:00,0.0,0.0,0.0,False,True,False,6,cap_reached,0.0,0.0,0.0,0.0,0.0,0.0,1.0,100.0
2018-11-10 22:00:00,0.0,0.0,0.0,False,True,False,6,cap_reached,0.0,0.0,0.0,0.0,0.0,0.0,1.0,100.0
2018-11-10 23:00:00,0.0,0.0,0.0,False,True,False,6,cap_reached,0.0,0.0,0.0,0.0,0.0,0.0,1.0,100.0
2018-11-11 00:00:00,0.0,0.0,0.0,False,True,False,0,night,0.0,0.0,0.0,0.0,0.0,0.0,1.0,100.0
2018-11-11 01:00:00,0.0,0.0,0.0,False,True,False,0,night,0.0,0.0,0.0,0.0,0.0,0.0,1.0,100.0
2018-11-11 02:00:00,0.0,0.0,0.0,False,True,False,0,night,0.0,0.0,0.0,0.0,0.0,0.0,1.0,100.0
2018-11-11 03:00:00,0.0,0.0,0.0,False,True,False,0,night,0.0,0.0,0.0,0.0,0.0,0.0,1.0,100.0
2018-11-11 04:00:00,0.0,0.0,0.0,False,True,False,0,night,0.0,0.0,0.0,0.0,0.0,0.0,1.0,100.0
2018-11-11 05:00:00,0.0,0.0,0.0,False,True,False,0,night,0.0,0.0,0.0,0.0,0.0,0.0,1.0,100.0
2018-11-11 06:00:00,0.0,0.0,0.0,False,True,False,0,night,0.0,0.0,0.0,0.0,0.0,0.0,1.0,100.0
2018-11-11 07:00:00,0.145,0.14,78.0,True,True,False,0,battery_empty,0.0,0.0,0.0,0.0,0.14,0.0,1.0,100.0
2018-11-11 08:00:00,0.148,0.142,30.0,True,True,False,0,battery_empty,0.0,0.0,0.0,0.0,0.142,0.0,1.0,100.0
2018-11-11 09:00:00,1.248,1.198,478.0,True,True,True,1,ok,1.198,0.065,1.263,0.0,0.0,-0.069,0.931,93.1
2018-11-11 10:00:00,1.764,1.693,632.0,True,True,True,2,ok,1.263,0.0,1.263,0.069,0.358,0.069,1.0,100.0
2018-11-11 11:00:00,2.086,2.002,730.0,True,True,True,3,ok,1.263,0.0,1.263,0.0,0.739,0.0,1.0,100.0
2018-11-11 12:00:00,2.184,2.097,759.0,True,True,True,4,ok,1.263,0.0,1.263,0.0,0.834,0.0,1.0,100.0
2018-11-11 13:00:00,2.059,1.976,719.0,True,True,True,5,ok,1.263,0.0,1.263,0.0,0.713,0.0,1.0,100.0
2018-11-11 14:00:00,1.706,1.638,612.0,True,True,True,6,ok,1.263,0.0,1.263,0.0,0.375,0.0,1.0,100.0
2018-11-11 15:00:00,1.173,1.126,450.0,True,True,False,6,cap_reached,0.0,0.0,0.0,0.0,1.126,0.0,1.0,100.0
2018-11-11 16:00:00,0.532,0.511,250.0,True,True,False,6,cap_reached,0.0,0.0,0.0,0.0,0.511,0.0,1.0,100.0
2018-11-11 17:00:00,0.134,0.129,53.0,True,True,False,6,cap_reached,0.0,0.0,0.0,0.0,0.129,0.0,1.0,100.0
2018-11-11 18:00:00,0.0,0.0,0.0,False,True,False,6,cap_reached,0.0,0.0,0.0,0.0,0.0,0.0,1.0,100.0
2018-11-11 19:00:00,0.0,0.0,0.0,False,True,False,6,cap_reached,0.0,0.0,0.0,0.0,0.0,0.0,1.0,100.0
2018-11-11 20:00:00,0.0,0.0,0.0,False,True,False,6,cap_reached,0.0,0.0,0.0,0.0,0.0,0.0,1.0,100.0
2018-11-11 21:00:00,0.0,0.0,0.0,False,True,False,6,cap_reached,0.0,0.0,0.0,0.0,0.0,0.0,1.0,100.0
2018-11-11 22:00:00,0.0,0.0,0.0,False,True,False,6,cap_reached,0.0,0.0,0.0,0.0,0.0,0.0,1.0,100.0
2018-11-11 23:00:00,0.0,0.0,0.0,False,True,False,6,cap_reached,0.0,0.0,0.0,0.0,0.0,0.0,1.0,100.0
2018-11-12 00:00:00,0.0,0.0,0.0,False,True,False,0,night,0.0,0.0,0.0,0.0,0.0,0.0,1.0,100.0
2018-11-12 01:00:00,0.0,0.0,0.0,False,True,False,0,night,0.0,0.0,0.0,0.0,0.0,0.0,1.0,100.0
2018-11-12 02:00:00,0.0,0.0,0.0,False,True,False,0,night,0.0,0.0,0.0,0.0,0.0,0.0,1.0,100.0
2018-11-12 03:00:00,0.0,0.0,0.0,False,True,False,0,night,0.0,0.0,0.0,0.0,0.0,0.0,1.0,100.0
2018-11-12 04:00:00,0.0,0.0,0.0,False,True,False,0,night,0.0,0.0,0.0,0.0,0.0,0.0,1.0,100.0
2018-11-12 05:00:00,0.0,0.0,0.0,False,True,False,0,night,0.0,0.0,0.0,0.0,0.0,0.0,1.0,100.0
2018-11-12 06:00:00,0.0,0.0,0.0,False,True,False,0,night,0.0,0.0,0.0,0.0,0.0,0.0,1.0,100.0
2018-11-12 07:00:00,0.165,0.158,73.0,True,True,False,0,battery_empty,0.0,0.0,0.0,0.0,0.158,0.0,1.0,100.0
2018-11-12 08:00:00,0.614,0.589,275.0,True,True,True,1,ok,0.589,0.674,1.263,0.0,0.0,-0.709,0.291,29.1
2018-11-12 09:00:00,1.257,1.207,472.0,True,True,True,2,ok,1.207,0.056,1.263,0.0,0.0,-0.059,0.231,23.1
2018-11-12 10:00:00,1.769,1.698,629.0,True,True,True,3,ok,1.263,0.0,1.263,0.414,0.0,0.414,0.645,64.5
2018-11-12 11:00:00,2.095,2.012,729.0,True,True,True,4,ok,1.263,0.0,1.263,0.355,0.375,0.355,1.0,100.0
2018-11-12 12:00:00,2.193,2.106,759.0,True,True,True,5,ok,1.263,0.0,1.263,0.0,0.843,0.0,1.0,100.0
2018-11-12 13:00:00,2.06,1.978,718.0,True,True,True,6,ok,1.263,0.0,1.263,0.0,0.715,0.0,1.0,100.0
2018-11-12 14:00:00,1.704,1.636,611.0,True,True,False,6,cap_reached,0.0,0.0,0.0,0.0,1.636,0.0,1.0,100.0
2018-11-12 15:00:00,1.166,1.12,448.0,True,True,False,6,cap_reached,0.0,0.0,0.0,0.0,1.12,0.0,1.0,100.0
2018-11-12 16:00:00,0.521,0.5,249.0,True,True,False,6,cap_reached,0.0,0.0,0.0,0.0,0.5,0.0,1.0,100.0
2018-11-12 17:00:00,0.129,0.124,52.0,True,True,False,6,cap_reached,0.0,0.0,0.0,0.0,0.124,0.0,1.0,100.0
2018-11-12 18:00:00,0.0,0.0,0.0,False,True,False,6,cap_reached,0.0,0.0,0.0,0.0,0.0,0.0,1.0,100.0
2018-11-12 19:00:00,0.0,0.0,0.0,False,True,False,6,cap_reached,0.0,0.0,0.0,0.0,0.0,0.0,1.0,100.0
2018-11-12 20:00:00,0.0,0.0,0.0,False,True,False,6,cap_reached,0.0,0.0,0.0,0.0,0.0,0.0,1.0,100.0
2018-11-12 21:00:00,0.0,0.0,0.0,False,True,False,6,cap_reached,0.0,0.0,0.0,0.0,0.0,0.0,1.0,100.0
2018-11-12 22:00:00,0.0,0.0,0.0,False,True,False,6,cap_reached,0.0,0.0,0.0,0.0,0.0,0.0,1.0,100.0
2018-11-12 23:00:00,0.0,0.0,0.0,False,True,False,6,cap_reached,0.0,0.0,0.0,0.0,0.0,0.0,1.0,100.0
2018-11-13 00:00:00,0.0,0.0,0.0,False,True,False,0,night,0.0,0.0,0.0,0.0,0.0,0.0,1.0,100.0
2018-11-13 01:00:00,0.0,0.0,0.0,False,True,False,0,night,0.0,0.0,0.0,0.0,0.0,0.0,1.0,100.0
2018-11-13 02:00:00,0.0,0.0,0.0,False,True,False,0,night,0.0,0.0,0.0,0.0,0.0,0.0,1.0,100.0
2018-11-13 03:00:00,0.0,0.0,0.0,False,True,False,0,night,0.0,0.0,0.0,0.0,0.0,0.0,1.0,100.0
2018-11-13 04:00:00,0.0,0.0,0.0,False,True,False,0,night,0.0,0.0,0.0,0.0,0.0,0.0,1.0,100.0
2018-11-13 05:00:00,0.0,0.0,0.0,False,True,False,0,night,0.0,0.0,0.0,0.0,0.0,0.0,1.0,100.0
2018-11-13 06:00:00,0.0,0.0,0.0,False,True,False,0,night,0.0,0.0,0.0,0.0,0.0,0.0,1.0,100.0
2018-11-13 07:00:00,0.164,0.158,70.0,True,True,False,0,battery_empty,0.0,0.0,0.0,0.0,0.158,0.0,1.0,100.0
2018-11-13 08:00:00,0.593,0.57,270.0,True,True,True,1,ok,0.57,0.693,1.263,0.0,0.0,-0.73,0.27,27.0
2018-11-13 09:00:00,1.227,1.178,466.0,True,True,True,2,ok,1.178,0.085,1.263,0.0,0.0,-0.089,0.181,18.1
2018-11-13 10:00:00,1.73,1.661,624.0,True,True,True,3,ok,1.263,0.0,1.263,0.378,0.0,0.378,0.559,55.9
2018-11-13 11:00:00,2.049,1.967,722.0,True,True,True,4,ok,1.263,0.0,1.263,0.441,0.239,0.441,1.0,100.0
2018-11-13 12:00:00,2.143,2.057,752.0,True,True,True,5,ok,1.263,0.0,1.263,0.0,0.794,0.0,1.0,100.0
2018-11-13 13:00:00,2.02,1.94,712.0,True,True,True,6,ok,1.263,0.0,1.263,0.0,0.677,0.0,1.0,100.0
2018-11-13 14:00:00,1.674,1.607,607.0,True,True,False,6,cap_reached,0.0,0.0,0.0,0.0,1.607,0.0,1.0,100.0
2018-11-13 15:00:00,1.143,1.097,446.0,True,True,False,6,cap_reached,0.0,0.0,0.0,0.0,1.097,0.0,1.0,100.0
2018-11-13 16:00:00,0.505,0.485,247.0,True,True,False,6,cap_reached,0.0,0.0,0.0,0.0,0.485,0.0,1.0,100.0
2018-11-13 17:00:00,0.129,0.124,51.0,True,True,False,6,cap_reached,0.0,0.0,0.0,0.0,0.124,0.0,1.0,100.0
2018-11-13 18:00:00,0.0,0.0,0.0,False,True,False,6,cap_reached,0.0,0.0,0.0,0.0,0.0,0.0,1.0,100.0
2018-11-13 19:00:00,0.0,0.0,0.0,False,True,False,6,cap_reached,0.0,0.0,0.0,0.0,0.0,0.0,1.0,100.0
2018-11-13 20:00:00,0.0,0.0,0.0,False,True,False,6,cap_reached,0.0,0.0,0.0,0.0,0.0,0.0,1.0,100.0
2018-11-13 21:00:00,0.0,0.0,0.0,False,True,False,6,cap_reached,0.0,0.0,0.0,0.0,0.0,0.0,1.0,100.0
2018-11-13 22:00:00,0.0,0.0,0.0,False,True,False,6,cap_reached,0.0,0.0,0.0,0.0,0.0,0.0,1.0,100.0
2018-11-13 23:00:00,0.0,0.0,0.0,False,True,False,6,cap_reached,0.0,0.0,0.0,0.0,0.0,0.0,1.0,100.0
2018-11-14 00:00:00,0.0,0.0,0.0,False,True,False,0,night,0.0,0.0,0.0,0.0,0.0,0.0,1.0,100.0
2018-11-14 01:00:00,0.0,0.0,0.0,False,True,False,0,night,0.0,0.0,0.0,0.0,0.0,0.0,1.0,100.0
2018-11-14 02:00:00,0.0,0.0,0.0,False,True,False,0,night,0.0,0.0,0.0,0.0,0.0,0.0,1.0,100.0
2018-11-14 03:00:00,0.0,0.0,0.0,False,True,False,0,night,0.0,0.0,0.0,0.0,0.0,0.0,1.0,100.0
2018-11-14 04:00:00,0.0,0.0,0.0,False,True,False,0,night,0.0,0.0,0.0,0.0,0.0,0.0,1.0,100.0
2018-11-14 05:00:00,0.0,0.0,0.0,False,True,False,0,night,0.0,0.0,0.0,0.0,0.0,0.0,1.0,100.0
2018-11-14 06:00:00,0.0,0.0,0.0,False,True,False,0,night,0.0,0.0,0.0,0.0,0.0,0.0,1.0,100.0
2018-11-14 07:00:00,0.159,0.153,67.0,True,True,False,0,battery_empty,0.0,0.0,0.0,0.0,0.153,0.0,1.0,100.0
2018-11-14 08:00:00,0.578,0.555,264.0,True,True,True,1,ok,0.555,0.708,1.263,0.0,0.0,-0.746,0.254,25.4
2018-11-14 09:00:00,1.206,1.158,458.0,True,True,True,2,ok,1.158,0.105,1.263,0.0,0.0,-0.11,0.144,14.4
2018-11-14 10:00:00,1.714,1.646,614.0,True,True,True,3,ok,1.263,0.0,1.263,0.364,0.0,0.364,0.507,50.7
2018-11-14 11:00:00,2.035,1.954,712.0,True,True,True,4,ok,1.263,0.0,1.263,0.493,0.172,0.493,1.0,100.0
2018-11-14 12:00:00,2.133,2.047,745.0,True,True,True,5,ok,1.263,0.0,1.263,0.0,0.784,0.0,1.0,100.0
2018-11-14 13:00:00,2.001,1.921,708.0,True,True,True,6,ok,1.263,0.0,1.263,0.0,0.658,0.0,1.0,100.0
2018-11-14 14:00:00,1.655,1.589,605.0,True,True,False,6,cap_reached,0.0,0.0,0.0,0.0,1.589,0.0,1.0,100.0
2018-11-14 15:00:00,1.124,1.079,444.0,True,True,False,6,cap_reached,0.0,0.0,0.0,0.0,1.079,0.0,1.0,100.0
2018-11-14 16:00:00,0.494,0.474,245.0,True,True,False,6,cap_reached,0.0,0.0,0.0,0.0,0.474,0.0,1.0,100.0
2018-11-14 17:00:00,0.129,0.124,49.0,True,True,False,6,cap_reached,0.0,0.0,0.0,0.0,0.124,0.0,1.0,100.0
2018-11-14 18:00:00,0.0,0.0,0.0,False,True,False,6,cap_reached,0.0,0.0,0.0,0.0,0.0,0.0,1.0,100.0
2018-11-14 19:00:00,0.0,0.0,0.0,False,True,False,6,cap_reached,0.0,0.0,0.0,0.0,0.0,0.0,1.0,100.0
2018-11-14 20:00:00,0.0,0.0,0.0,False,True,False,6,cap_reached,0.0,0.0,0.0,0.0,0.0,0.0,1.0,100.0
2018-11-14 21:00:00,0.0,0.0,0.0,False,True,False,6,cap_reached,0.0,0.0,0.0,0.0,0.0,0.0,1.0,100.0
2018-11-14 22:00:00,0.0,0.0,0.0,False,True,False,6,cap_reached,0.0,0.0,0.0,0.0,0.0,0.0,1.0,100.0
2018-11-14 23:00:00,0.0,0.0,0.0,False,True,False,6,cap_reached,0.0,0.0,0.0,0.0,0.0,0.0,1.0,100.0
2018-11-15 00:00:00,0.0,0.0,0.0,False,True,False,0,night,0.0,0.0,0.0,0.0,0.0,0.0,1.0,100.0
2018-11-15 01:00:00,0.0,0.0,0.0,False,True,False,0,night,0.0,0.0,0.0,0.0,0.0,0.0,1.0,100.0
2018-11-15 02:00:00,0.0,0.0,0.0,False,True,False,0,night,0.0,0.0,0.0,0.0,0.0,0.0,1.0,100.0
2018-11-15 03:00:00,0.0,0.0,0.0,False,True,False,0,night,0.0,0.0,0.0,0.0,0.0,0.0,1.0,100.0
2018-11-15 04:00:00,0.0,0.0,0.0,False,True,False,0,night,0.0,0.0,0.0,0.0,0.0,0.0,1.0,100.0
2018-11-15 05:00:00,0.0,0.0,0.0,False,True,False,0,night,0.0,0.0,0.0,0.0,0.0,0.0,1.0,100.0
2018-11-15 06:00:00,0.0,0.0,0.0,False,True,False,0,night,0.0,0.0,0.0,0.0,0.0,0.0,1.0,100.0
2018-11-15 07:00:00,0.14,0.134,68.0,True,True,False,0,battery_empty,0.0,0.0,0.0,0.0,0.134,0.0,1.0,100.0
2018-11-15 08:00:00,0.538,0.517,269.0,True,True,True,1,ok,0.517,0.746,1.263,0.0,0.0,-0.786,0.214,21.4
2018-11-15 09:00:00,0.994,0.954,209.0,True,True,False,1,battery_empty,0.0,0.0,0.0,0.786,0.127,0.786,1.0,100.0
2018-11-15 10:00:00,1.677,1.61,618.0,True,True,True,2,ok,1.263,0.0,1.263,0.0,0.347,0.0,1.0,100.0
2018-11-15 11:00:00,1.994,1.914,715.0,True,True,True,3,ok,1.263,0.0,1.263,0.0,0.651,0.0,1.0,100.0
2018-11-15 12:00:00,1.812,1.74,411.0,True,True,True,4,ok,1.263,0.0,1.263,0.0,0.477,0.0,1.0,100.0
2018-11-15 13:00:00,2.03,1.949,480.0,True,True,True,5,ok,1.263,0.0,1.263,0.0,0.686,0.0,1.0,100.0
2018-11-15 14:00:00,0.645,0.619,133.0,True,True,True,6,ok,0.619,0.644,1.263,0.0,0.0,-0.678,0.322,32.2
2018-11-15 15:00:00,1.094,1.05,444.0,True,True,False,6,cap_reached,0.0,0.0,0.0,0.678,0.337,0.678,1.0,100.0
2018-11-15 16:00:00,0.084,0.08,17.0,False,True,False,6,cap_reached,0.0,0.0,0.0,0.0,0.08,0.0,1.0,100.0
2018-11-15 17:00:00,0.114,0.11,51.0,True,True,False,6,cap_reached,0.0,0.0,0.0,0.0,0.11,0.0,1.0,100.0
2018-11-15 18:00:00,0.0,0.0,0.0,False,True,False,6,cap_reached,0.0,0.0,0.0,0.0,0.0,0.0,1.0,100.0
2018-11-15 19:00:00,0.0,0.0,0.0,False,True,False,6,cap_reached,0.0,0.0,0.0,0.0,0.0,0.0,1.0,100.0
2018-11-15 20:00:00,0.0,0.0,0.0,False,True,False,6,cap_reached,0.0,0.0,0.0,0.0,0.0,0.0,1.0,100.0
2018-11-15 21:00:00,0.0,0.0,0.0,False,True,False,6,cap_reached,0.0,0.0,0.0,0.0,0.0,0.0,1.0,100.0
2018-11-15 22:00:00,0.0,0.0,0.0,False,True,False,6,cap_reached,0.0,0.0,0.0,0.0,0.0,0.0,1.0,100.0
2018-11-15 23:00:00,0.0,0.0,0.0,False,True,False,6,cap_reached,0.0,0.0,0.0,0.0,0.0,0.0,1.0,100.0
2018-11-16 00:00:00,0.0,0.0,0.0,False,True,False,0,night,0.0,0.0,0.0,0.0,0.0,0.0,1.0,100.0
2018-11-16 01:00:00,0.0,0.0,0.0,False,True,False,0,night,0.0,0.0,0.0,0.0,0.0,0.0,1.0,100.0
2018-11-16 02:00:00,0.0,0.0,0.0,False,True,False,0,night,0.0,0.0,0.0,0.0,0.0,0.0,1.0,100.0
2018-11-16 03:00:00,0.0,0.0,0.0,False,True,False,0,night,0.0,0.0,0.0,0.0,0.0,0.0,1.0,100.0
2018-11-16 04:00:00,0.0,0.0,0.0,False,True,False,0,night,0.0,0.0,0.0,0.0,0.0,0.0,1.0,100.0
2018-11-16 05:00:00,0.0,0.0,0.0,False,True,False,0,night,0.0,0.0,0.0,0.0,0.0,0.0,1.0,100.0
2018-11-16 06:00:00,0.0,0.0,0.0,False,True,False,0,night,0.0,0.0,0.0,0.0,0.0,0.0,1.0,100.0
2018-11-16 07:00:00,0.16,0.153,61.0,True,True,False,0,battery_empty,0.0,0.0,0.0,0.0,0.153,0.0,1.0,100.0
2018-11-16 08:00:00,0.555,0.533,255.0,True,True,True,1,ok,0.533,0.73,1.263,0.0,0.0,-0.768,0.232,23.2
2018-11-16 09:00:00,1.177,1.129,448.0,True,True,False,1,battery_empty,0.0,0.0,0.0,0.768,0.321,0.768,1.0,100.0
2018-11-16 10:00:00,0.128,0.123,26.0,True,True,False,1,battery_empty,0.0,0.0,0.0,0.0,0.123,0.0,1.0,100.0
2018-11-16 11:00:00,0.153,0.147,31.0,True,True,False,1,battery_empty,0.0,0.0,0.0,0.0,0.147,0.0,1.0,100.0
2018-11-16 12:00:00,2.103,2.018,731.0,True,True,True,2,ok,1.263,0.0,1.263,0.0,0.755,0.0,1.0,100.0
2018-11-16 13:00:00,0.422,0.405,86.0,True,True,False,2,battery_empty,0.0,0.0,0.0,0.0,0.405,0.0,1.0,100.0
2018-11-16 14:00:00,1.414,1.357,308.0,True,True,True,3,ok,1.263,0.0,1.263,0.0,0.094,0.0,1.0,100.0
2018-11-16 15:00:00,1.116,1.072,428.0,True,True,True,4,ok,1.072,0.191,1.263,0.0,0.0,-0.202,0.798,79.8
2018-11-16 16:00:00,0.489,0.469,233.0,True,True,False,4,battery_empty,0.0,0.0,0.0,0.202,0.257,0.202,1.0,100.0
2018-11-16 17:00:00,0.135,0.129,45.0,True,True,False,4,battery_empty,0.0,0.0,0.0,0.0,0.129,0.0,1.0,100.0
2018-11-16 18:00:00,0.0,0.0,0.0,False,True,False,4,night,0.0,0.0,0.0,0.0,0.0,0.0,1.0,100.0
2018-11-16 19:00:00,0.0,0.0,0.0,False,True,False,4,night,0.0,0.0,0.0,0.0,0.0,0.0,1.0,100.0
2018-11-16 20:00:00,0.0,0.0,0.0,False,True,False,4,night,0.0,0.0,0.0,0.0,0.0,0.0,1.0,100.0
2018-11-16 21:00:00,0.0,0.0,0.0,False,True,False,4,night,0.0,0.0,0.0,0.0,0.0,0.0,1.0,100.0
2018-11-16 22:00:00,0.0,0.0,0.0,False,True,False,4,night,0.0,0.0,0.0,0.0,0.0,0.0,1.0,100.0
2018-11-16 23:00:00,0.0,0.0,0.0,False,True,False,4,night,0.0,0.0,0.0,0.0,0.0,0.0,1.0,100.0
2018-11-17 00:00:00,0.0,0.0,0.0,False,True,False,0,night,0.0,0.0,0.0,0.0,0.0,0.0,1.0,100.0
2018-11-17 01:00:00,0.0,0.0,0.0,False,True,False,0,night,0.0,0.0,0.0,0.0,0.0,0.0,1.0,100.0
2018-11-17 02:00:00,0.0,0.0,0.0,False,True,False,0,night,0.0,0.0,0.0,0.0,0.0,0.0,1.0,100.0
2018-11-17 03:00:00,0.0,0.0,0.0,False,True,False,0,night,0.0,0.0,0.0,0.0,0.0,0.0,1.0,100.0
2018-11-17 04:00:00,0.0,0.0,0.0,False,True,False,0,night,0.0,0.0,0.0,0.0,0.0,0.0,1.0,100.0
2018-11-17 05:00:00,0.0,0.0,0.0,False,True,False,0,night,0.0,0.0,0.0,0.0,0.0,0.0,1.0,100.0
2018-11-17 06:00:00,0.0,0.0,0.0,False,True,False,0,night,0.0,0.0,0.0,0.0,0.0,0.0,1.0,100.0
2018-11-17 07:00:00,0.16,0.154,60.0,True,True,False,0,battery_empty,0.0,0.0,0.0,0.0,0.154,0.0,1.0,100.0
2018-11-17 08:00:00,0.551,0.529,256.0,True,True,True,1,ok,0.529,0.734,1.263,0.0,0.0,-0.772,0.228,22.8
2018-11-17 09:00:00,1.172,1.125,450.0,True,True,False,1,battery_empty,0.0,0.0,0.0,0.772,0.312,0.772,1.0,100.0
2018-11-17 10:00:00,1.684,1.617,606.0,True,True,True,2,ok,1.263,0.0,1.263,0.0,0.354,0.0,1.0,100.0
2018-11-17 11:00:00,2.009,1.929,704.0,True,True,True,3,ok,1.263,0.0,1.263,0.0,0.666,0.0,1.0,100.0
2018-11-17 12:00:00,2.114,2.029,735.0,True,True,True,4,ok,1.263,0.0,1.263,0.0,0.766,0.0,1.0,100.0
2018-11-17 13:00:00,1.98,1.901,699.0,True,True,True,5,ok,1.263,0.0,1.263,0.0,0.638,0.0,1.0,100.0
2018-11-17 14:00:00,1.635,1.569,596.0,True,True,True,6,ok,1.263,0.0,1.263,0.0,0.306,0.0,1.0,100.0
2018-11-17 15:00:00,1.106,1.062,436.0,True,True,False,6,cap_reached,0.0,0.0,0.0,0.0,1.062,0.0,1.0,100.0
2018-11-17 16:00:00,0.475,0.456,238.0,True,True,False,6,cap_reached,0.0,0.0,0.0,0.0,0.456,0.0,1.0,100.0
2018-11-17 17:00:00,0.13,0.125,46.0,True,True,False,6,cap_reached,0.0,0.0,0.0,0.0,0.125,0.0,1.0,100.0
2018-11-17 18:00:00,0.0,0.0,0.0,False,True,False,6,cap_reached,0.0,0.0,0.0,0.0,0.0,0.0,1.0,100.0
2018-11-17 19:00:00,0.0,0.0,0.0,False,True,False,6,cap_reached,0.0,0.0,0.0,0.0,0.0,0.0,1.0,100.0
2018-11-17 20:00:00,0.0,0.0,0.0,False,True,False,6,cap_reached,0.0,0.0,0.0,0.0,0.0,0.0,1.0,100.0
2018-11-17 21:00:00,0.0,0.0,0.0,False,True,False,6,cap_reached,0.0,0.0,0.0,0.0,0.0,0.0,1.0,100.0
2018-11-17 22:00:00,0.0,0.0,0.0,False,True,False,6,cap_reached,0.0,0.0,0.0,0.0,0.0,0.0,1.0,100.0
2018-11-17 23:00:00,0.0,0.0,0.0,False,True,False,6,cap_reached,0.0,0.0,0.0,0.0,0.0,0.0,1.0,100.0
2018-11-18 00:00:00,0.0,0.0,0.0,False,True,False,0,night,0.0,0.0,0.0,0.0,0.0,0.0,1.0,100.0
2018-11-18 01:00:00,0.0,0.0,0.0,False,True,False,0,night,0.0,0.0,0.0,0.0,0.0,0.0,1.0,100.0
2018-11-18 02:00:00,0.0,0.0,0.0,False,True,False,0,night,0.0,0.0,0.0,0.0,0.0,0.0,1.0,100.0
2018-11-18 03:00:00,0.0,0.0,0.0,False,True,False,0,night,0.0,0.0,0.0,0.0,0.0,0.0,1.0,100.0
2018-11-18 04:00:00,0.0,0.0,0.0,False,True,False,0,night,0.0,0.0,0.0,0.0,0.0,0.0,1.0,100.0
2018-11-18 05:00:00,0.0,0.0,0.0,False,True,False,0,night,0.0,0.0,0.0,0.0,0.0,0.0,1.0,100.0
2018-11-18 06:00:00,0.0,0.0,0.0,False,True,False,0,night,0.0,0.0,0.0,0.0,0.0,0.0,1.0,100.0
2018-11-18 07:00:00,0.14,0.135,61.0,True,True,False,0,battery_empty,0.0,0.0,0.0,0.0,0.135,0.0,1.0,100.0
2018-11-18 08:00:00,0.513,0.493,258.0,True,True,True,1,ok,0.493,0.77,1.263,0.0,0.0,-0.811,0.189,18.9
2018-11-18 09:00:00,1.14,1.094,452.0,True,True,False,1,battery_empty,0.0,0.0,0.0,0.811,0.241,0.811,1.0,100.0
2018-11-18 10:00:00,1.637,1.572,608.0,True,True,True,2,ok,1.263,0.0,1.263,0.0,0.309,0.0,1.0,100.0
2018-11-18 11:00:00,1.961,1.883,706.0,True,True,True,3,ok,1.263,0.0,1.263,0.0,0.62,0.0,1.0,100.0
2018-11-18 12:00:00,2.064,1.981,736.0,True,True,True,4,ok,1.263,0.0,1.263,0.0,0.718,0.0,1.0,100.0
2018-11-18 13:00:00,1.947,1.87,696.0,True,True,True,5,ok,1.263,0.0,1.263,0.0,0.607,0.0,1.0,100.0
2018-11-18 14:00:00,1.603,1.539,593.0,True,True,True,6,ok,1.263,0.0,1.263,0.0,0.276,0.0,1.0,100.0
2018-11-18 15:00:00,1.081,1.037,434.0,True,True,False,6,cap_reached,0.0,0.0,0.0,0.0,1.037,0.0,1.0,100.0
2018-11-18 16:00:00,0.453,0.435,237.0,True,True,False,6,cap_reached,0.0,0.0,0.0,0.0,0.435,0.0,1.0,100.0
2018-11-18 17:00:00,0.124,0.119,45.0,True,True,False,6,cap_reached,0.0,0.0,0.0,0.0,0.119,0.0,1.0,100.0
2018-11-18 18:00:00,0.0,0.0,0.0,False,True,False,6,cap_reached,0.0,0.0,0.0,0.0,0.0,0.0,1.0,100.0
2018-11-18 19:00:00,0.0,0.0,0.0,False,True,False,6,cap_reached,0.0,0.0,0.0,0.0,0.0,0.0,1.0,100.0
2018-11-18 20:00:00,0.0,0.0,0.0,False,True,False,6,cap_reached,0.0,0.0,0.0,0.0,0.0,0.0,1.0,100.0
2018-11-18 21:00:00,0.0,0.0,0.0,False,True,False,6,cap_reached,0.0,0.0,0.0,0.0,0.0,0.0,1.0,100.0
2018-11-18 22:00:00,0.0,0.0,0.0,False,True,False,6,cap_reached,0.0,0.0,0.0,0.0,0.0,0.0,1.0,100.0
2018-11-18 23:00:00,0.0,0.0,0.0,False,True,False,6,cap_reached,0.0,0.0,0.0,0.0,0.0,0.0,1.0,100.0
2018-11-19 00:00:00,0.0,0.0,0.0,False,True,False,0,night,0.0,0.0,0.0,0.0,0.0,0.0,1.0,100.0
2018-11-19 01:00:00,0.0,0.0,0.0,False,True,False,0,night,0.0,0.0,0.0,0.0,0.0,0.0,1.0,100.0
2018-11-19 02:00:00,0.0,0.0,0.0,False,True,False,0,night,0.0,0.0,0.0,0.0,0.0,0.0,1.0,100.0
2018-11-19 03:00:00,0.0,0.0,0.0,False,True,False,0,night,0.0,0.0,0.0,0.0,0.0,0.0,1.0,100.0
2018-11-19 04:00:00,0.0,0.0,0.0,False,True,False,0,night,0.0,0.0,0.0,0.0,0.0,0.0,1.0,100.0
2018-11-19 05:00:00,0.0,0.0,0.0,False,True,False,0,night,0.0,0.0,0.0,0.0,0.0,0.0,1.0,100.0
2018-11-19 06:00:00,0.0,0.0,0.0,False,True,False,0,night,0.0,0.0,0.0,0.0,0.0,0.0,1.0,100.0
2018-11-19 07:00:00,0.164,0.157,33.0,True,True,False,0,battery_empty,0.0,0.0,0.0,0.0,0.157,0.0,1.0,100.0
2018-11-19 08:00:00,0.581,0.558,124.0,True,True,True,1,ok,0.558,0.705,1.263,0.0,0.0,-0.742,0.258,25.8
2018-11-19 09:00:00,1.227,1.178,322.0,True,True,True,2,ok,1.178,0.085,1.263,0.0,0.0,-0.089,0.168,16.8
2018-11-19 10:00:00,1.57,1.507,376.0,True,True,True,3,ok,1.263,0.0,1.263,0.232,0.0,0.232,0.4,40.0
2018-11-19 11:00:00,1.872,1.797,487.0,True,True,True,4,ok,1.263,0.0,1.263,0.507,0.0,0.507,0.907,90.7
2018-11-19 12:00:00,2.056,1.974,736.0,True,True,True,5,ok,1.263,0.0,1.263,0.093,0.614,0.093,1.0,100.0
2018-11-19 13:00:00,1.937,1.86,699.0,True,True,True,6,ok,1.263,0.0,1.263,0.0,0.597,0.0,1.0,100.0
2018-11-19 14:00:00,1.594,1.531,595.0,True,True,False,6,cap_reached,0.0,0.0,0.0,0.0,1.531,0.0,1.0,100.0
2018-11-19 15:00:00,1.071,1.029,436.0,True,True,False,6,cap_reached,0.0,0.0,0.0,0.0,1.029,0.0,1.0,100.0
2018-11-19 16:00:00,0.447,0.429,240.0,True,True,False,6,cap_reached,0.0,0.0,0.0,0.0,0.429,0.0,1.0,100.0
2018-11-19 17:00:00,0.119,0.115,46.0,True,True,False,6,cap_reached,0.0,0.0,0.0,0.0,0.115,0.0,1.0,100.0
2018-11-19 18:00:00,0.0,0.0,0.0,False,True,False,6,cap_reached,0.0,0.0,0.0,0.0,0.0,0.0,1.0,100.0
2018-11-19 19:00:00,0.0,0.0,0.0,False,True,False,6,cap_reached,0.0,0.0,0.0,0.0,0.0,0.0,1.0,100.0
2018-11-19 20:00:00,0.0,0.0,0.0,False,True,False,6,cap_reached,0.0,0.0,0.0,0.0,0.0,0.0,1.0,100.0
2018-11-19 21:00:00,0.0,0.0,0.0,False,True,False,6,cap_reached,0.0,0.0,0.0,0.0,0.0,0.0,1.0,100.0
2018-11-19 22:00:00,0.0,0.0,0.0,False,True,False,6,cap_reached,0.0,0.0,0.0,0.0,0.0,0.0,1.0,100.0
2018-11-19 23:00:00,0.0,0.0,0.0,False,True,False,6,cap_reached,0.0,0.0,0.0,0.0,0.0,0.0,1.0,100.0
2018-11-20 00:00:00,0.0,0.0,0.0,False,True,False,0,night,0.0,0.0,0.0,0.0,0.0,0.0,1.0,100.0
2018-11-20 01:00:00,0.0,0.0,0.0,False,True,False,0,night,0.0,0.0,0.0,0.0,0.0,0.0,1.0,100.0
2018-11-20 02:00:00,0.0,0.0,0.0,False,True,False,0,night,0.0,0.0,0.0,0.0,0.0,0.0,1.0,100.0
2018-11-20 03:00:00,0.0,0.0,0.0,False,True,False,0,night,0.0,0.0,0.0,0.0,0.0,0.0,1.0,100.0
2018-11-20 04:00:00,0.0,0.0,0.0,False,True,False,0,night,0.0,0.0,0.0,0.0,0.0,0.0,1.0,100.0
2018-11-20 05:00:00,0.0,0.0,0.0,False,True,False,0,night,0.0,0.0,0.0,0.0,0.0,0.0,1.0,100.0
2018-11-20 06:00:00,0.0,0.0,0.0,False,True,False,0,night,0.0,0.0,0.0,0.0,0.0,0.0,1.0,100.0
2018-11-20 07:00:00,0.135,0.13,58.0,True,True,False,0,battery_empty,0.0,0.0,0.0,0.0,0.13,0.0,1.0,100.0
2018-11-20 08:00:00,0.483,0.464,255.0,True,True,True,1,ok,0.464,0.799,1.263,0.0,0.0,-0.841,0.159,15.9
2018-11-20 09:00:00,1.106,1.062,451.0,True,True,False,1,battery_empty,0.0,0.0,0.0,0.841,0.177,0.841,1.0,100.0
2018-11-20 10:00:00,1.606,1.541,608.0,True,True,True,2,ok,1.263,0.0,1.263,0.0,0.278,0.0,1.0,100.0
2018-11-20 11:00:00,1.93,1.853,707.0,True,True,True,3,ok,1.263,0.0,1.263,0.0,0.59,0.0,1.0,100.0
2018-11-20 12:00:00,2.037,1.956,739.0,True,True,True,4,ok,1.263,0.0,1.263,0.0,0.693,0.0,1.0,100.0
2018-11-20 13:00:00,1.92,1.843,701.0,True,True,True,5,ok,1.263,0.0,1.263,0.0,0.58,0.0,1.0,100.0
2018-11-20 14:00:00,1.573,1.511,596.0,True,True,True,6,ok,1.263,0.0,1.263,0.0,0.248,0.0,1.0,100.0
2018-11-20 15:00:00,1.05,1.008,437.0,True,True,False,6,cap_reached,0.0,0.0,0.0,0.0,1.008,0.0,1.0,100.0
2018-11-20 16:00:00,0.426,0.409,239.0,True,True,False,6,cap_reached,0.0,0.0,0.0,0.0,0.409,0.0,1.0,100.0
2018-11-20 17:00:00,0.114,0.11,46.0,True,True,False,6,cap_reached,0.0,0.0,0.0,0.0,0.11,0.0,1.0,100.0
2018-11-20 18:00:00,0.0,0.0,0.0,False,True,False,6,cap_reached,0.0,0.0,0.0,0.0,0.0,0.0,1.0,100.0
2018-11-20 19:00:00,0.0,0.0,0.0,False,True,False,6,cap_reached,0.0,0.0,0.0,0.0,0.0,0.0,1.0,100.0
2018-11-20 20:00:00,0.0,0.0,0.0,False,True,False,6,cap_reached,0.0,0.0,0.0,0.0,0.0,0.0,1.0,100.0
2018-11-20 21:00:00,0.0,0.0,0.0,False,True,False,6,cap_reached,0.0,0.0,0.0,0.0,0.0,0.0,1.0,100.0
2018-11-20 22:00:00,0.0,0.0,0.0,False,True,False,6,cap_reached,0.0,0.0,0.0,0.0,0.0,0.0,1.0,100.0
2018-11-20 23:00:00,0.0,0.0,0.0,False,True,False,6,cap_reached,0.0,0.0,0.0,0.0,0.0,0.0,1.0,100.0
2018-11-21 00:00:00,0.0,0.0,0.0,False,True,False,0,night,0.0,0.0,0.0,0.0,0.0,0.0,1.0,100.0
2018-11-21 01:00:00,0.0,0.0,0.0,False,True,False,0,night,0.0,0.0,0.0,0.0,0.0,0.0,1.0,100.0
2018-11-21 02:00:00,0.0,0.0,0.0,False,True,False,0,night,0.0,0.0,0.0,0.0,0.0,0.0,1.0,100.0
2018-11-21 03:00:00,0.0,0.0,0.0,False,True,False,0,night,0.0,0.0,0.0,0.0,0.0,0.0,1.0,100.0
2018-11-21 04:00:00,0.0,0.0,0.0,False,True,False,0,night,0.0,0.0,0.0,0.0,0.0,0.0,1.0,100.0
2018-11-21 05:00:00,0.0,0.0,0.0,False,True,False,0,night,0.0,0.0,0.0,0.0,0.0,0.0,1.0,100.0
2018-11-21 06:00:00,0.0,0.0,0.0,False,True,False,0,night,0.0,0.0,0.0,0.0,0.0,0.0,1.0,100.0
2018-11-21 07:00:00,0.14,0.134,53.0,True,True,False,0,battery_empty,0.0,0.0,0.0,0.0,0.134,0.0,1.0,100.0
2018-11-21 08:00:00,0.475,0.456,245.0,True,True,True,1,ok,0.456,0.807,1.263,0.0,0.0,-0.849,0.151,15.1
2018-11-21 09:00:00,1.087,1.043,439.0,True,True,False,1,battery_empty,0.0,0.0,0.0,0.849,0.149,0.849,1.0,100.0
2018-11-21 10:00:00,1.589,1.525,595.0,True,True,True,2,ok,1.263,0.0,1.263,0.0,0.262,0.0,1.0,100.0
2018-11-21 11:00:00,1.907,1.831,693.0,True,True,True,3,ok,1.263,0.0,1.263,0.0,0.568,0.0,1.0,100.0
2018-11-21 12:00:00,0.542,0.52,111.0,True,True,True,4,ok,0.52,0.743,1.263,0.0,0.0,-0.782,0.218,21.8
2018-11-21 13:00:00,1.499,1.439,321.0,True,True,True,5,ok,1.263,0.0,1.263,0.167,0.0,0.167,0.385,38.5
2018-11-21 14:00:00,1.55,1.488,587.0,True,True,True,6,ok,1.263,0.0,1.263,0.214,0.0,0.214,0.599,59.9
2018-11-21 15:00:00,1.032,0.99,428.0,True,True,False,6,cap_reached,0.0,0.0,0.0,0.401,0.568,0.401,1.0,100.0
2018-11-21 16:00:00,0.638,0.613,144.0,True,True,False,6,cap_reached,0.0,0.0,0.0,0.0,0.613,0.0,1.0,100.0
2018-11-21 17:00:00,0.115,0.11,44.0,True,True,False,6,cap_reached,0.0,0.0,0.0,0.0,0.11,0.0,1.0,100.0
2018-11-21 18:00:00,0.0,0.0,0.0,False,True,False,6,cap_reached,0.0,0.0,0.0,0.0,0.0,0.0,1.0,100.0
2018-11-21 19:00:00,0.0,0.0,0.0,False,True,False,6,cap_reached,0.0,0.0,0.0,0.0,0.0,0.0,1.0,100.0
2018-11-21 20:00:00,0.0,0.0,0.0,False,True,False,6,cap_reached,0.0,0.0,0.0,0.0,0.0,0.0,1.0,100.0
2018-11-21 21:00:00,0.0,0.0,0.0,False,True,False,6,cap_reached,0.0,0.0,0.0,0.0,0.0,0.0,1.0,100.0
2018-11-21 22:00:00,0.0,0.0,0.0,False,True,False,6,cap_reached,0.0,0.0,0.0,0.0,0.0,0.0,1.0,100.0
2018-11-21 23:00:00,0.0,0.0,0.0,False,True,False,6,cap_reached,0.0,0.0,0.0,0.0,0.0,0.0,1.0,100.0
2018-11-22 00:00:00,0.0,0.0,0.0,False,True,False,0,night,0.0,0.0,0.0,0.0,0.0,0.0,1.0,100.0
2018-11-22 01:00:00,0.0,0.0,0.0,False,True,False,0,night,0.0,0.0,0.0,0.0,0.0,0.0,1.0,100.0
2018-11-22 02:00:00,0.0,0.0,0.0,False,True,False,0,night,0.0,0.0,0.0,0.0,0.0,0.0,1.0,100.0
2018-11-22 03:00:00,0.0,0.0,0.0,False,True,False,0,night,0.0,0.0,0.0,0.0,0.0,0.0,1.0,100.0
2018-11-22 04:00:00,0.0,0.0,0.0,False,True,False,0,night,0.0,0.0,0.0,0.0,0.0,0.0,1.0,100.0
2018-11-22 05:00:00,0.0,0.0,0.0,False,True,False,0,night,0.0,0.0,0.0,0.0,0.0,0.0,1.0,100.0
2018-11-22 06:00:00,0.0,0.0,0.0,False,True,False,0,night,0.0,0.0,0.0,0.0,0.0,0.0,1.0,100.0
2018-11-22 07:00:00,0.135,0.13,52.0,True,True,False,0,battery_empty,0.0,0.0,0.0,0.0,0.13,0.0,1.0,100.0
2018-11-22 08:00:00,0.644,0.618,134.0,True,True,True,1,ok,0.618,0.645,1.263,0.0,0.0,-0.679,0.321,32.1
2018-11-22 09:00:00,1.188,1.14,336.0,True,True,True,2,ok,1.14,0.123,1.263,0.0,0.0,-0.129,0.192,19.2
2018-11-22 10:00:00,1.582,1.519,486.0,True,True,True,3,ok,1.263,0.0,1.263,0.243,0.0,0.243,0.435,43.5
2018-11-22 11:00:00,1.867,1.792,499.0,True,True,True,4,ok,1.263,0.0,1.263,0.502,0.0,0.502,0.938,93.8
2018-11-22 12:00:00,1.666,1.6,376.0,True,True,True,5,ok,1.263,0.0,1.263,0.062,0.271,0.062,1.0,100.0
2018-11-22 13:00:00,1.206,1.158,255.0,True,True,True,6,ok,1.158,0.105,1.263,0.0,0.0,-0.11,0.89,89.0
2018-11-22 14:00:00,0.869,0.834,181.0,True,True,False,6,cap_reached,0.0,0.0,0.0,0.11,0.717,0.11,1.0,100.0
2018-11-22 15:00:00,1.103,1.059,251.0,True,True,False,6,cap_reached,0.0,0.0,0.0,0.0,1.059,0.0,1.0,100.0
2018-11-22 16:00:00,0.673,0.646,151.0,True,True,False,6,cap_reached,0.0,0.0,0.0,0.0,0.646,0.0,1.0,100.0
2018-11-22 17:00:00,0.129,0.124,26.0,True,True,False,6,cap_reached,0.0,0.0,0.0,0.0,0.124,0.0,1.0,100.0
2018-11-22 18:00:00,0.0,0.0,0.0,False,True,False,6,cap_reached,0.0,0.0,0.0,0.0,0.0,0.0,1.0,100.0
2018-11-22 19:00:00,0.0,0.0,0.0,False,True,False,6,cap_reached,0.0,0.0,0.0,0.0,0.0,0.0,1.0,100.0
2018-11-22 20:00:00,0.0,0.0,0.0,False,True,False,6,cap_reached,0.0,0.0,0.0,0.0,0.0,0.0,1.0,100.0
2018-11-22 21:00:00,0.0,0.0,0.0,False,True,False,6,cap_reached,0.0,0.0,0.0,0.0,0.0,0.0,1.0,100.0
2018-11-22 22:00:00,0.0,0.0,0.0,False,True,False,6,cap_reached,0.0,0.0,0.0,0.0,0.0,0.0,1.0,100.0
2018-11-22 23:00:00,0.0,0.0,0.0,False,True,False,6,cap_reached,0.0,0.0,0.0,0.0,0.0,0.0,1.0,100.0
2018-11-23 00:00:00,0.0,0.0,0.0,False,True,False,0,night,0.0,0.0,0.0,0.0,0.0,0.0,1.0,100.0
2018-11-23 01:00:00,0.0,0.0,0.0,False,True,False,0,night,0.0,0.0,0.0,0.0,0.0,0.0,1.0,100.0
2018-11-23 02:00:00,0.0,0.0,0.0,False,True,False,0,night,0.0,0.0,0.0,0.0,0.0,0.0,1.0,100.0
2018-11-23 03:00:00,0.0,0.0,0.0,False,True,False,0,night,0.0,0.0,0.0,0.0,0.0,0.0,1.0,100.0
2018-11-23 04:00:00,0.0,0.0,0.0,False,True,False,0,night,0.0,0.0,0.0,0.0,0.0,0.0,1.0,100.0
2018-11-23 05:00:00,0.0,0.0,0.0,False,True,False,0,night,0.0,0.0,0.0,0.0,0.0,0.0,1.0,100.0
2018-11-23 06:00:00,0.0,0.0,0.0,False,True,False,0,night,0.0,0.0,0.0,0.0,0.0,0.0,1.0,100.0
2018-11-23 07:00:00,0.09,0.086,18.0,False,True,False,0,night,0.0,0.0,0.0,0.0,0.086,0.0,1.0,100.0
2018-11-23 08:00:00,0.474,0.455,236.0,True,True,True,1,ok,0.455,0.808,1.263,0.0,0.0,-0.851,0.149,14.9
2018-11-23 09:00:00,1.073,1.03,430.0,True,True,False,1,battery_empty,0.0,0.0,0.0,0.851,0.135,0.851,1.0,100.0
2018-11-23 10:00:00,1.579,1.516,589.0,True,True,True,2,ok,1.263,0.0,1.263,0.0,0.253,0.0,1.0,100.0
2018-11-23 11:00:00,1.905,1.828,689.0,True,True,True,3,ok,1.263,0.0,1.263,0.0,0.565,0.0,1.0,100.0
2018-11-23 12:00:00,2.011,1.93,725.0,True,True,True,4,ok,1.263,0.0,1.263,0.0,0.667,0.0,1.0,100.0
2018-11-23 13:00:00,1.258,1.208,261.0,True,True,True,5,ok,1.208,0.055,1.263,0.0,0.0,-0.058,0.942,94.2
2018-11-23 14:00:00,1.544,1.483,589.0,True,True,True,6,ok,1.263,0.0,1.263,0.058,0.158,0.058,1.0,100.0
2018-11-23 15:00:00,1.02,0.979,431.0,True,True,False,6,cap_reached,0.0,0.0,0.0,0.0,0.979,0.0,1.0,100.0
2018-11-23 16:00:00,0.4,0.384,236.0,True,True,False,6,cap_reached,0.0,0.0,0.0,0.0,0.384,0.0,1.0,100.0
2018-11-23 17:00:00,0.11,0.106,45.0,True,True,False,6,cap_reached,0.0,0.0,0.0,0.0,0.106,0.0,1.0,100.0
2018-11-23 18:00:00,0.0,0.0,0.0,False,True,False,6,cap_reached,0.0,0.0,0.0,0.0,0.0,0.0,1.0,100.0
2018-11-23 19:00:00,0.0,0.0,0.0,False,True,False,6,cap_reached,0.0,0.0,0.0,0.0,0.0,0.0,1.0,100.0
2018-11-23 20:00:00,0.0,0.0,0.0,False,True,False,6,cap_reached,0.0,0.0,0.0,0.0,0.0,0.0,1.0,100.0
2018-11-23 21:00:00,0.0,0.0,0.0,False,True,False,6,cap_reached,0.0,0.0,0.0,0.0,0.0,0.0,1.0,100.0
2018-11-23 22:00:00,0.0,0.0,0.0,False,True,False,6,cap_reached,0.0,0.0,0.0,0.0,0.0,0.0,1.0,100.0
2018-11-23 23:00:00,0.0,0.0,0.0,False,True,False,6,cap_reached,0.0,0.0,0.0,0.0,0.0,0.0,1.0,100.0
2018-11-24 00:00:00,0.0,0.0,0.0,False,True,False,0,night,0.0,0.0,0.0,0.0,0.0,0.0,1.0,100.0
2018-11-24 01:00:00,0.0,0.0,0.0,False,True,False,0,night,0.0,0.0,0.0,0.0,0.0,0.0,1.0,100.0
2018-11-24 02:00:00,0.0,0.0,0.0,False,True,False,0,night,0.0,0.0,0.0,0.0,0.0,0.0,1.0,100.0
2018-11-24 03:00:00,0.0,0.0,0.0,False,True,False,0,night,0.0,0.0,0.0,0.0,0.0,0.0,1.0,100.0
2018-11-24 04:00:00,0.0,0.0,0.0,False,True,False,0,night,0.0,0.0,0.0,0.0,0.0,0.0,1.0,100.0
2018-11-24 05:00:00,0.0,0.0,0.0,False,True,False,0,night,0.0,0.0,0.0,0.0,0.0,0.0,1.0,100.0
2018-11-24 06:00:00,0.0,0.0,0.0,False,True,False,0,night,0.0,0.0,0.0,0.0,0.0,0.0,1.0,100.0
2018-11-24 07:00:00,0.116,0.111,51.0,True,True,False,0,battery_empty,0.0,0.0,0.0,0.0,0.111,0.0,1.0,100.0
2018-11-24 08:00:00,0.409,0.393,244.0,True,True,False,0,battery_empty,0.0,0.0,0.0,0.0,0.393,0.0,1.0,100.0
2018-11-24 09:00:00,1.026,0.985,437.0,True,True,True,1,ok,0.985,0.278,1.263,0.0,0.0,-0.292,0.708,70.8
2018-11-24 10:00:00,1.531,1.469,591.0,True,True,True,2,ok,1.263,0.0,1.263,0.196,0.0,0.196,0.904,90.4
2018-11-24 11:00:00,1.844,1.77,687.0,True,True,True,3,ok,1.263,0.0,1.263,0.096,0.406,0.096,1.0,100.0
2018-11-24 12:00:00,1.946,1.868,718.0,True,True,True,4,ok,1.263,0.0,1.263,0.0,0.605,0.0,1.0,100.0
2018-11-24 13:00:00,1.832,1.759,680.0,True,True,True,5,ok,1.263,0.0,1.263,0.0,0.496,0.0,1.0,100.0
2018-11-24 14:00:00,1.5,1.44,578.0,True,True,True,6,ok,1.263,0.0,1.263,0.0,0.177,0.0,1.0,100.0
2018-11-24 15:00:00,0.994,0.954,421.0,True,True,False,6,cap_reached,0.0,0.0,0.0,0.0,0.954,0.0,1.0,100.0
2018-11-24 16:00:00,0.391,0.375,229.0,True,True,False,6,cap_reached,0.0,0.0,0.0,0.0,0.375,0.0,1.0,100.0
2018-11-24 17:00:00,0.089,0.086,18.0,False,True,False,6,cap_reached,0.0,0.0,0.0,0.0,0.086,0.0,1.0,100.0
2018-11-24 18:00:00,0.0,0.0,0.0,False,True,False,6,cap_reached,0.0,0.0,0.0,0.0,0.0,0.0,1.0,100.0
2018-11-24 19:00:00,0.0,0.0,0.0,False,True,False,6,cap_reached,0.0,0.0,0.0,0.0,0.0,0.0,1.0,100.0
2018-11-24 20:00:00,0.0,0.0,0.0,False,True,False,6,cap_reached,0.0,0.0,0.0,0.0,0.0,0.0,1.0,100.0
2018-11-24 21:00:00,0.0,0.0,0.0,False,True,False,6,cap_reached,0.0,0.0,0.0,0.0,0.0,0.0,1.0,100.0
2018-11-24 22:00:00,0.0,0.0,0.0,False,True,False,6,cap_reached,0.0,0.0,0.0,0.0,0.0,0.0,1.0,100.0
2018-11-24 23:00:00,0.0,0.0,0.0,False,True,False,6,cap_reached,0.0,0.0,0.0,0.0,0.0,0.0,1.0,100.0
2018-11-25 00:00:00,0.0,0.0,0.0,False,True,False,0,night,0.0,0.0,0.0,0.0,0.0,0.0,1.0,100.0
2018-11-25 01:00:00,0.0,0.0,0.0,False,True,False,0,night,0.0,0.0,0.0,0.0,0.0,0.0,1.0,100.0
2018-11-25 02:00:00,0.0,0.0,0.0,False,True,False,0,night,0.0,0.0,0.0,0.0,0.0,0.0,1.0,100.0
2018-11-25 03:00:00,0.0,0.0,0.0,False,True,False,0,night,0.0,0.0,0.0,0.0,0.0,0.0,1.0,100.0
2018-11-25 04:00:00,0.0,0.0,0.0,False,True,False,0,night,0.0,0.0,0.0,0.0,0.0,0.0,1.0,100.0
2018-11-25 05:00:00,0.0,0.0,0.0,False,True,False,0,night,0.0,0.0,0.0,0.0,0.0,0.0,1.0,100.0
2018-11-25 06:00:00,0.0,0.0,0.0,False,True,False,0,night,0.0,0.0,0.0,0.0,0.0,0.0,1.0,100.0
2018-11-25 07:00:00,0.129,0.124,26.0,True,True,False,0,battery_empty,0.0,0.0,0.0,0.0,0.124,0.0,1.0,100.0
2018-11-25 08:00:00,0.444,0.426,230.0,True,True,True,1,ok,0.426,0.837,1.263,0.0,0.0,-0.881,0.119,11.9
2018-11-25 09:00:00,1.04,0.998,421.0,True,True,False,1,battery_empty,0.0,0.0,0.0,0.881,0.071,0.881,1.0,100.0
2018-11-25 10:00:00,1.614,1.55,363.0,True,True,True,2,ok,1.263,0.0,1.263,0.0,0.287,0.0,1.0,100.0
2018-11-25 11:00:00,1.823,1.75,522.0,True,True,True,3,ok,1.263,0.0,1.263,0.0,0.487,0.0,1.0,100.0
2018-11-25 12:00:00,1.933,1.856,579.0,True,True,True,4,ok,1.263,0.0,1.263,0.0,0.593,0.0,1.0,100.0
2018-11-25 13:00:00,1.867,1.792,541.0,True,True,True,5,ok,1.263,0.0,1.263,0.0,0.529,0.0,1.0,100.0
2018-11-25 14:00:00,1.097,1.053,229.0,True,True,True,6,ok,1.053,0.21,1.263,0.0,0.0,-0.221,0.779,77.9
2018-11-25 15:00:00,0.079,0.076,16.0,False,True,False,6,cap_reached,0.0,0.0,0.0,0.072,0.0,0.072,0.851,85.1
2018-11-25 16:00:00,0.533,0.512,110.0,True,True,False,6,cap_reached,0.0,0.0,0.0,0.149,0.355,0.149,1.0,100.0
2018-11-25 17:00:00,0.124,0.119,40.0,True,True,False,6,cap_reached,0.0,0.0,0.0,0.0,0.119,0.0,1.0,100.0
2018-11-25 18:00:00,0.0,0.0,0.0,False,True,False,6,cap_reached,0.0,0.0,0.0,0.0,0.0,0.0,1.0,100.0
2018-11-25 19:00:00,0.0,0.0,0.0,False,True,False,6,cap_reached,0.0,0.0,0.0,0.0,0.0,0.0,1.0,100.0
2018-11-25 20:00:00,0.0,0.0,0.0,False,True,False,6,cap_reached,0.0,0.0,0.0,0.0,0.0,0.0,1.0,100.0
2018-11-25 21:00:00,0.0,0.0,0.0,False,True,False,6,cap_reached,0.0,0.0,0.0,0.0,0.0,0.0,1.0,100.0
2018-11-25 22:00:00,0.0,0.0,0.0,False,True,False,6,cap_reached,0.0,0.0,0.0,0.0,0.0,0.0,1.0,100.0
2018-11-25 23:00:00,0.0,0.0,0.0,False,True,False,6,cap_reached,0.0,0.0,0.0,0.0,0.0,0.0,1.0,100.0
2018-11-26 00:00:00,0.0,0.0,0.0,False,True,False,0,night,0.0,0.0,0.0,0.0,0.0,0.0,1.0,100.0
2018-11-26 01:00:00,0.0,0.0,0.0,False,True,False,0,night,0.0,0.0,0.0,0.0,0.0,0.0,1.0,100.0
2018-11-26 02:00:00,0.0,0.0,0.0,False,True,False,0,night,0.0,0.0,0.0,0.0,0.0,0.0,1.0,100.0
2018-11-26 03:00:00,0.0,0.0,0.0,False,True,False,0,night,0.0,0.0,0.0,0.0,0.0,0.0,1.0,100.0
2018-11-26 04:00:00,0.0,0.0,0.0,False,True,False,0,night,0.0,0.0,0.0,0.0,0.0,0.0,1.0,100.0
2018-11-26 05:00:00,0.0,0.0,0.0,False,True,False,0,night,0.0,0.0,0.0,0.0,0.0,0.0,1.0,100.0
2018-11-26 06:00:00,0.0,0.0,0.0,False,True,False,0,night,0.0,0.0,0.0,0.0,0.0,0.0,1.0,100.0
2018-11-26 07:00:00,0.13,0.125,44.0,True,True,False,0,battery_empty,0.0,0.0,0.0,0.0,0.125,0.0,1.0,100.0
2018-11-26 08:00:00,0.43,0.413,233.0,True,True,True,1,ok,0.413,0.85,1.263,0.0,0.0,-0.895,0.105,10.5
2018-11-26 09:00:00,1.04,0.998,427.0,True,True,False,1,battery_empty,0.0,0.0,0.0,0.895,0.056,0.895,1.0,100.0
2018-11-26 10:00:00,1.546,1.484,584.0,True,True,True,2,ok,1.263,0.0,1.263,0.0,0.221,0.0,1.0,100.0
2018-11-26 11:00:00,1.825,1.752,461.0,True,True,True,3,ok,1.263,0.0,1.263,0.0,0.489,0.0,1.0,100.0
2018-11-26 12:00:00,1.98,1.901,720.0,True,True,True,4,ok,1.263,0.0,1.263,0.0,0.638,0.0,1.0,100.0
2018-11-26 13:00:00,1.862,1.788,684.0,True,True,True,5,ok,1.263,0.0,1.263,0.0,0.525,0.0,1.0,100.0
2018-11-26 14:00:00,1.523,1.462,582.0,True,True,True,6,ok,1.263,0.0,1.263,0.0,0.199,0.0,1.0,100.0
2018-11-26 15:00:00,1.017,0.976,425.0,True,True,False,6,cap_reached,0.0,0.0,0.0,0.0,0.976,0.0,1.0,100.0
2018-11-26 16:00:00,0.409,0.392,230.0,True,True,False,6,cap_reached,0.0,0.0,0.0,0.0,0.392,0.0,1.0,100.0
2018-11-26 17:00:00,0.124,0.119,42.0,True,True,False,6,cap_reached,0.0,0.0,0.0,0.0,0.119,0.0,1.0,100.0
2018-11-26 18:00:00,0.0,0.0,0.0,False,True,False,6,cap_reached,0.0,0.0,0.0,0.0,0.0,0.0,1.0,100.0
2018-11-26 19:00:00,0.0,0.0,0.0,False,True,False,6,cap_reached,0.0,0.0,0.0,0.0,0.0,0.0,1.0,100.0
2018-11-26 20:00:00,0.0,0.0,0.0,False,True,False,6,cap_reached,0.0,0.0,0.0,0.0,0.0,0.0,1.0,100.0
2018-11-26 21:00:00,0.0,0.0,0.0,False,True,False,6,cap_reached,0.0,0.0,0.0,0.0,0.0,0.0,1.0,100.0
2018-11-26 22:00:00,0.0,0.0,0.0,False,True,False,6,cap_reached,0.0,0.0,0.0,0.0,0.0,0.0,1.0,100.0
2018-11-26 23:00:00,0.0,0.0,0.0,False,True,False,6,cap_reached,0.0,0.0,0.0,0.0,0.0,0.0,1.0,100.0
2018-11-27 00:00:00,0.0,0.0,0.0,False,True,False,0,night,0.0,0.0,0.0,0.0,0.0,0.0,1.0,100.0
2018-11-27 01:00:00,0.0,0.0,0.0,False,True,False,0,night,0.0,0.0,0.0,0.0,0.0,0.0,1.0,100.0
2018-11-27 02:00:00,0.0,0.0,0.0,False,True,False,0,night,0.0,0.0,0.0,0.0,0.0,0.0,1.0,100.0
2018-11-27 03:00:00,0.0,0.0,0.0,False,True,False,0,night,0.0,0.0,0.0,0.0,0.0,0.0,1.0,100.0
2018-11-27 04:00:00,0.0,0.0,0.0,False,True,False,0,night,0.0,0.0,0.0,0.0,0.0,0.0,1.0,100.0
2018-11-27 05:00:00,0.0,0.0,0.0,False,True,False,0,night,0.0,0.0,0.0,0.0,0.0,0.0,1.0,100.0
2018-11-27 06:00:00,0.0,0.0,0.0,False,True,False,0,night,0.0,0.0,0.0,0.0,0.0,0.0,1.0,100.0
2018-11-27 07:00:00,0.06,0.057,12.0,False,True,False,0,night,0.0,0.0,0.0,0.0,0.057,0.0,1.0,100.0
2018-11-27 08:00:00,0.53,0.509,109.0,True,True,True,1,ok,0.509,0.754,1.263,0.0,0.0,-0.793,0.207,20.7
2018-11-27 09:00:00,1.009,0.969,418.0,True,True,False,1,battery_empty,0.0,0.0,0.0,0.793,0.134,0.793,1.0,100.0
2018-11-27 10:00:00,1.501,1.441,574.0,True,True,True,2,ok,1.263,0.0,1.263,0.0,0.178,0.0,1.0,100.0
2018-11-27 11:00:00,1.815,1.743,673.0,True,True,True,3,ok,1.263,0.0,1.263,0.0,0.48,0.0,1.0,100.0
2018-11-27 12:00:00,1.922,1.845,705.0,True,True,True,4,ok,1.263,0.0,1.263,0.0,0.582,0.0,1.0,100.0
2018-11-27 13:00:00,2.052,1.97,539.0,True,True,True,5,ok,1.263,0.0,1.263,0.0,0.707,0.0,1.0,100.0
2018-11-27 14:00:00,1.397,1.341,305.0,True,True,True,6,ok,1.263,0.0,1.263,0.0,0.078,0.0,1.0,100.0
2018-11-27 15:00:00,1.172,1.125,317.0,True,True,False,6,cap_reached,0.0,0.0,0.0,0.0,1.125,0.0,1.0,100.0
2018-11-27 16:00:00,0.365,0.35,75.0,True,True,False,6,cap_reached,0.0,0.0,0.0,0.0,0.35,0.0,1.0,100.0
2018-11-27 17:00:00,0.055,0.052,11.0,False,True,False,6,cap_reached,0.0,0.0,0.0,0.0,0.052,0.0,1.0,100.0
2018-11-27 18:00:00,0.0,0.0,0.0,False,True,False,6,cap_reached,0.0,0.0,0.0,0.0,0.0,0.0,1.0,100.0
2018-11-27 19:00:00,0.0,0.0,0.0,False,True,False,6,cap_reached,0.0,0.0,0.0,0.0,0.0,0.0,1.0,100.0
2018-11-27 20:00:00,0.0,0.0,0.0,False,True,False,6,cap_reached,0.0,0.0,0.0,0.0,0.0,0.0,1.0,100.0
2018-11-27 21:00:00,0.0,0.0,0.0,False,True,False,6,cap_reached,0.0,0.0,0.0,0.0,0.0,0.0,1.0,100.0
2018-11-27 22:00:00,0.0,0.0,0.0,False,True,False,6,cap_reached,0.0,0.0,0.0,0.0,0.0,0.0,1.0,100.0
2018-11-27 23:00:00,0.0,0.0,0.0,False,True,False,6,cap_reached,0.0,0.0,0.0,0.0,0.0,0.0,1.0,100.0
2018-11-28 00:00:00,0.0,0.0,0.0,False,True,False,0,night,0.0,0.0,0.0,0.0,0.0,0.0,1.0,100.0
2018-11-28 01:00:00,0.0,0.0,0.0,False,True,False,0,night,0.0,0.0,0.0,0.0,0.0,0.0,1.0,100.0
2018-11-28 02:00:00,0.0,0.0,0.0,False,True,False,0,night,0.0,0.0,0.0,0.0,0.0,0.0,1.0,100.0
2018-11-28 03:00:00,0.0,0.0,0.0,False,True,False,0,night,0.0,0.0,0.0,0.0,0.0,0.0,1.0,100.0
2018-11-28 04:00:00,0.0,0.0,0.0,False,True,False,0,night,0.0,0.0,0.0,0.0,0.0,0.0,1.0,100.0
2018-11-28 05:00:00,0.0,0.0,0.0,False,True,False,0,night,0.0,0.0,0.0,0.0,0.0,0.0,1.0,100.0
2018-11-28 06:00:00,0.0,0.0,0.0,False,True,False,0,night,0.0,0.0,0.0,0.0,0.0,0.0,1.0,100.0
2018-11-28 07:00:00,0.132,0.127,43.0,True,True,False,0,battery_empty,0.0,0.0,0.0,0.0,0.127,0.0,1.0,100.0
2018-11-28 08:00:00,0.43,0.413,237.0,True,True,True,1,ok,0.413,0.85,1.263,0.0,0.0,-0.895,0.105,10.5
2018-11-28 09:00:00,1.066,1.023,439.0,True,True,False,1,battery_empty,0.0,0.0,0.0,0.895,0.081,0.895,1.0,100.0
2018-11-28 10:00:00,1.604,1.54,600.0,True,True,True,2,ok,1.263,0.0,1.263,0.0,0.277,0.0,1.0,100.0
2018-11-28 11:00:00,1.948,1.87,703.0,True,True,True,3,ok,1.263,0.0,1.263,0.0,0.607,0.0,1.0,100.0
2018-11-28 12:00:00,2.068,1.985,738.0,True,True,True,4,ok,1.263,0.0,1.263,0.0,0.722,0.0,1.0,100.0
2018-11-28 13:00:00,1.92,1.843,575.0,True,True,True,5,ok,1.263,0.0,1.263,0.0,0.58,0.0,1.0,100.0
2018-11-28 14:00:00,1.578,1.515,491.0,True,True,True,6,ok,1.263,0.0,1.263,0.0,0.252,0.0,1.0,100.0
2018-11-28 15:00:00,1.203,1.155,356.0,True,True,False,6,cap_reached,0.0,0.0,0.0,0.0,1.155,0.0,1.0,100.0
2018-11-28 16:00:00,0.441,0.424,237.0,True,True,False,6,cap_reached,0.0,0.0,0.0,0.0,0.424,0.0,1.0,100.0
2018-11-28 17:00:00,0.141,0.136,42.0,True,True,False,6,cap_reached,0.0,0.0,0.0,0.0,0.136,0.0,1.0,100.0
2018-11-28 18:00:00,0.0,0.0,0.0,False,True,False,6,cap_reached,0.0,0.0,0.0,0.0,0.0,0.0,1.0,100.0
2018-11-28 19:00:00,0.0,0.0,0.0,False,True,False,6,cap_reached,0.0,0.0,0.0,0.0,0.0,0.0,1.0,100.0
2018-11-28 20:00:00,0.0,0.0,0.0,False,True,False,6,cap_reached,0.0,0.0,0.0,0.0,0.0,0.0,1.0,100.0
2018-11-28 21:00:00,0.0,0.0,0.0,False,True,False,6,cap_reached,0.0,0.0,0.0,0.0,0.0,0.0,1.0,100.0
2018-11-28 22:00:00,0.0,0.0,0.0,False,True,False,6,cap_reached,0.0,0.0,0.0,0.0,0.0,0.0,1.0,100.0
2018-11-28 23:00:00,0.0,0.0,0.0,False,True,False,6,cap_reached,0.0,0.0,0.0,0.0,0.0,0.0,1.0,100.0
2018-11-29 00:00:00,0.0,0.0,0.0,False,True,False,0,night,0.0,0.0,0.0,0.0,0.0,0.0,1.0,100.0
2018-11-29 01:00:00,0.0,0.0,0.0,False,True,False,0,night,0.0,0.0,0.0,0.0,0.0,0.0,1.0,100.0
2018-11-29 02:00:00,0.0,0.0,0.0,False,True,False,0,night,0.0,0.0,0.0,0.0,0.0,0.0,1.0,100.0
2018-11-29 03:00:00,0.0,0.0,0.0,False,True,False,0,night,0.0,0.0,0.0,0.0,0.0,0.0,1.0,100.0
2018-11-29 04:00:00,0.0,0.0,0.0,False,True,False,0,night,0.0,0.0,0.0,0.0,0.0,0.0,1.0,100.0
2018-11-29 05:00:00,0.0,0.0,0.0,False,True,False,0,night,0.0,0.0,0.0,0.0,0.0,0.0,1.0,100.0
2018-11-29 06:00:00,0.0,0.0,0.0,False,True,False,0,night,0.0,0.0,0.0,0.0,0.0,0.0,1.0,100.0
2018-11-29 07:00:00,0.132,0.126,40.0,True,True,False,0,battery_empty,0.0,0.0,0.0,0.0,0.126,0.0,1.0,100.0
2018-11-29 08:00:00,0.417,0.401,232.0,True,True,False,0,battery_empty,0.0,0.0,0.0,0.0,0.401,0.0,1.0,100.0
2018-11-29 09:00:00,1.04,0.998,429.0,True,True,True,1,ok,0.998,0.265,1.263,0.0,0.0,-0.279,0.721,72.1
2018-11-29 10:00:00,1.546,1.485,595.0,True,True,True,2,ok,1.263,0.0,1.263,0.211,0.0,0.211,0.932,93.2
2018-11-29 11:00:00,1.885,1.81,696.0,True,True,True,3,ok,1.263,0.0,1.263,0.068,0.475,0.068,1.0,100.0
2018-11-29 12:00:00,1.997,1.917,730.0,True,True,True,4,ok,1.263,0.0,1.263,0.0,0.654,0.0,1.0,100.0
2018-11-29 13:00:00,1.865,1.79,695.0,True,True,True,5,ok,1.263,0.0,1.263,0.0,0.527,0.0,1.0,100.0
2018-11-29 14:00:00,1.526,1.465,476.0,True,True,True,6,ok,1.263,0.0,1.263,0.0,0.202,0.0,1.0,100.0
2018-11-29 15:00:00,1.182,1.135,309.0,True,True,False,6,cap_reached,0.0,0.0,0.0,0.0,1.135,0.0,1.0,100.0
2018-11-29 16:00:00,0.615,0.59,190.0,True,True,False,6,cap_reached,0.0,0.0,0.0,0.0,0.59,0.0,1.0,100.0
2018-11-29 17:00:00,0.155,0.149,31.0,True,True,False,6,cap_reached,0.0,0.0,0.0,0.0,0.149,0.0,1.0,100.0
2018-11-29 18:00:00,0.0,0.0,0.0,False,True,False,6,cap_reached,0.0,0.0,0.0,0.0,0.0,0.0,1.0,100.0
2018-11-29 19:00:00,0.0,0.0,0.0,False,True,False,6,cap_reached,0.0,0.0,0.0,0.0,0.0,0.0,1.0,100.0
2018-11-29 20:00:00,0.0,0.0,0.0,False,True,False,6,cap_reached,0.0,0.0,0.0,0.0,0.0,0.0,1.0,100.0
2018-11-29 21:00:00,0.0,0.0,0.0,False,True,False,6,cap_reached,0.0,0.0,0.0,0.0,0.0,0.0,1.0,100.0
2018-11-29 22:00:00,0.0,0.0,0.0,False,True,False,6,cap_reached,0.0,0.0,0.0,0.0,0.0,0.0,1.0,100.0
2018-11-29 23:00:00,0.0,0.0,0.0,False,True,False,6,cap_reached,0.0,0.0,0.0,0.0,0.0,0.0,1.0,100.0
2018-11-30 00:00:00,0.0,0.0,0.0,False,True,False,0,night,0.0,0.0,0.0,0.0,0.0,0.0,1.0,100.0
2018-11-30 01:00:00,0.0,0.0,0.0,False,True,False,0,night,0.0,0.0,0.0,0.0,0.0,0.0,1.0,100.0
2018-11-30 02:00:00,0.0,0.0,0.0,False,True,False,0,night,0.0,0.0,0.0,0.0,0.0,0.0,1.0,100.0
2018-11-30 03:00:00,0.0,0.0,0.0,False,True,False,0,night,0.0,0.0,0.0,0.0,0.0,0.0,1.0,100.0
2018-11-30 04:00:00,0.0,0.0,0.0,False,True,False,0,night,0.0,0.0,0.0,0.0,0.0,0.0,1.0,100.0
2018-11-30 05:00:00,0.0,0.0,0.0,False,True,False,0,night,0.0,0.0,0.0,0.0,0.0,0.0,1.0,100.0
2018-11-30 06:00:00,0.0,0.0,0.0,False,True,False,0,night,0.0,0.0,0.0,0.0,0.0,0.0,1.0,100.0
2018-11-30 07:00:00,0.075,0.072,15.0,False,True,False,0,night,0.0,0.0,0.0,0.0,0.072,0.0,1.0,100.0
2018-11-30 08:00:00,0.59,0.566,121.0,True,True,True,1,ok,0.566,0.697,1.263,0.0,0.0,-0.733,0.267,26.7
2018-11-30 09:00:00,1.037,0.996,218.0,True,True,False,1,battery_empty,0.0,0.0,0.0,0.733,0.224,0.733,1.0,100.0
2018-11-30 10:00:00,1.472,1.413,573.0,True,True,True,2,ok,1.263,0.0,1.263,0.0,0.15,0.0,1.0,100.0
2018-11-30 11:00:00,1.8,1.728,672.0,True,True,True,3,ok,1.263,0.0,1.263,0.0,0.465,0.0,1.0,100.0
2018-11-30 12:00:00,2.102,2.018,509.0,True,True,True,4,ok,1.263,0.0,1.263,0.0,0.755,0.0,1.0,100.0
2018-11-30 13:00:00,1.817,1.745,439.0,True,True,True,5,ok,1.263,0.0,1.263,0.0,0.482,0.0,1.0,100.0
2018-11-30 14:00:00,1.416,1.36,308.0,True,True,True,6,ok,1.263,0.0,1.263,0.0,0.097,0.0,1.0,100.0
2018-11-30 15:00:00,1.266,1.216,304.0,True,True,False,6,cap_reached,0.0,0.0,0.0,0.0,1.216,0.0,1.0,100.0
2018-11-30 16:00:00,0.694,0.666,149.0,True,True,False,6,cap_reached,0.0,0.0,0.0,0.0,0.666,0.0,1.0,100.0
2018-11-30 17:00:00,0.11,0.105,22.0,True,True,False,6,cap_reached,0.0,0.0,0.0,0.0,0.105,0.0,1.0,100.0
2018-11-30 18:00:00,0.0,0.0,0.0,False,True,False,6,cap_reached,0.0,0.0,0.0,0.0,0.0,0.0,1.0,100.0
2018-11-30 19:00:00,0.0,0.0,0.0,False,True,False,6,cap_reached,0.0,0.0,0.0,0.0,0.0,0.0,1.0,100.0
2018-11-30 20:00:00,0.0,0.0,0.0,False,True,False,6,cap_reached,0.0,0.0,0.0,0.0,0.0,0.0,1.0,100.0
2018-11-30 21:00:00,0.0,0.0,0.0,False,True,False,6,cap_reached,0.0,0.0,0.0,0.0,0.0,0.0,1.0,100.0
2018-11-30 22:00:00,0.0,0.0,0.0,False,True,False,6,cap_reached,0.0,0.0,0.0,0.0,0.0,0.0,1.0,100.0
2018-11-30 23:00:00,0.0,0.0,0.0,False,True,False,6,cap_reached,0.0,0.0,0.0,0.0,0.0,0.0,1.0,100.0
2018-12-01 00:00:00,0.0,0.0,0.0,False,True,False,0,night,0.0,0.0,0.0,0.0,0.0,0.0,1.0,100.0
2018-12-01 01:00:00,0.0,0.0,0.0,False,True,False,0,night,0.0,0.0,0.0,0.0,0.0,0.0,1.0,100.0
2018-12-01 02:00:00,0.0,0.0,0.0,False,True,False,0,night,0.0,0.0,0.0,0.0,0.0,0.0,1.0,100.0
2018-12-01 03:00:00,0.0,0.0,0.0,False,True,False,0,night,0.0,0.0,0.0,0.0,0.0,0.0,1.0,100.0
2018-12-01 04:00:00,0.0,0.0,0.0,False,True,False,0,night,0.0,0.0,0.0,0.0,0.0,0.0,1.0,100.0
2018-12-01 05:00:00,0.0,0.0,0.0,False,True,False,0,night,0.0,0.0,0.0,0.0,0.0,0.0,1.0,100.0
2018-12-01 06:00:00,0.0,0.0,0.0,False,True,False,0,night,0.0,0.0,0.0,0.0,0.0,0.0,1.0,100.0
2018-12-01 07:00:00,0.06,0.057,12.0,False,True,False,0,night,0.0,0.0,0.0,0.0,0.057,0.0,1.0,100.0
2018-12-01 08:00:00,0.277,0.266,56.0,True,True,False,0,battery_empty,0.0,0.0,0.0,0.0,0.266,0.0,1.0,100.0
2018-12-01 09:00:00,0.947,0.91,402.0,True,True,True,1,ok,0.91,0.353,1.263,0.0,0.0,-0.372,0.628,62.8
2018-12-01 10:00:00,1.351,1.297,294.0,True,True,True,2,ok,1.263,0.0,1.263,0.033,0.0,0.033,0.661,66.1
2018-12-01 11:00:00,1.684,1.616,377.0,True,True,True,3,ok,1.263,0.0,1.263,0.336,0.0,0.336,0.996,99.6
2018-12-01 12:00:00,2.068,1.986,504.0,True,True,True,4,ok,1.263,0.0,1.263,0.004,0.719,0.004,1.0,100.0
2018-12-01 13:00:00,1.49,1.43,320.0,True,True,True,5,ok,1.263,0.0,1.263,0.0,0.167,0.0,1.0,100.0
2018-12-01 14:00:00,1.462,1.403,565.0,True,True,True,6,ok,1.263,0.0,1.263,0.0,0.14,0.0,1.0,100.0
2018-12-01 15:00:00,0.995,0.955,211.0,True,True,False,6,cap_reached,0.0,0.0,0.0,0.0,0.955,0.0,1.0,100.0
2018-12-01 16:00:00,0.383,0.368,223.0,True,True,False,6,cap_reached,0.0,0.0,0.0,0.0,0.368,0.0,1.0,100.0
2018-12-01 17:00:00,0.124,0.12,40.0,True,True,False,6,cap_reached,0.0,0.0,0.0,0.0,0.12,0.0,1.0,100.0
2018-12-01 18:00:00,0.0,0.0,0.0,False,True,False,6,cap_reached,0.0,0.0,0.0,0.0,0.0,0.0,1.0,100.0
2018-12-01 19:00:00,0.0,0.0,0.0,False,True,False,6,cap_reached,0.0,0.0,0.0,0.0,0.0,0.0,1.0,100.0
2018-12-01 20:00:00,0.0,0.0,0.0,False,True,False,6,cap_reached,0.0,0.0,0.0,0.0,0.0,0.0,1.0,100.0
2018-12-01 21:00:00,0.0,0.0,0.0,False,True,False,6,cap_reached,0.0,0.0,0.0,0.0,0.0,0.0,1.0,100.0
2018-12-01 22:00:00,0.0,0.0,0.0,False,True,False,6,cap_reached,0.0,0.0,0.0,0.0,0.0,0.0,1.0,100.0
2018-12-01 23:00:00,0.0,0.0,0.0,False,True,False,6,cap_reached,0.0,0.0,0.0,0.0,0.0,0.0,1.0,100.0
2018-12-02 00:00:00,0.0,0.0,0.0,False,True,False,0,night,0.0,0.0,0.0,0.0,0.0,0.0,1.0,100.0
2018-12-02 01:00:00,0.0,0.0,0.0,False,True,False,0,night,0.0,0.0,0.0,0.0,0.0,0.0,1.0,100.0
2018-12-02 02:00:00,0.0,0.0,0.0,False,True,False,0,night,0.0,0.0,0.0,0.0,0.0,0.0,1.0,100.0
2018-12-02 03:00:00,0.0,0.0,0.0,False,True,False,0,night,0.0,0.0,0.0,0.0,0.0,0.0,1.0,100.0
2018-12-02 04:00:00,0.0,0.0,0.0,False,True,False,0,night,0.0,0.0,0.0,0.0,0.0,0.0,1.0,100.0
2018-12-02 05:00:00,0.0,0.0,0.0,False,True,False,0,night,0.0,0.0,0.0,0.0,0.0,0.0,1.0,100.0
2018-12-02 06:00:00,0.0,0.0,0.0,False,True,False,0,night,0.0,0.0,0.0,0.0,0.0,0.0,1.0,100.0
2018-12-02 07:00:00,0.11,0.105,33.0,True,True,False,0,battery_empty,0.0,0.0,0.0,0.0,0.105,0.0,1.0,100.0
2018-12-02 08:00:00,0.343,0.33,212.0,True,True,False,0,battery_empty,0.0,0.0,0.0,0.0,0.33,0.0,1.0,100.0
2018-12-02 09:00:00,0.921,0.884,400.0,True,True,True,1,ok,0.884,0.379,1.263,0.0,0.0,-0.399,0.601,60.1
2018-12-02 10:00:00,1.403,1.347,559.0,True,True,True,2,ok,1.263,0.0,1.263,0.08,0.0,0.08,0.681,68.1
2018-12-02 11:00:00,1.729,1.66,658.0,True,True,True,3,ok,1.263,0.0,1.263,0.319,0.061,0.319,1.0,100.0
2018-12-02 12:00:00,1.846,1.772,694.0,True,True,True,4,ok,1.263,0.0,1.263,0.0,0.509,0.0,1.0,100.0
2018-12-02 13:00:00,1.744,1.674,662.0,True,True,True,5,ok,1.263,0.0,1.263,0.0,0.411,0.0,1.0,100.0
2018-12-02 14:00:00,1.429,1.372,566.0,True,True,True,6,ok,1.263,0.0,1.263,0.0,0.109,0.0,1.0,100.0
2018-12-02 15:00:00,0.937,0.899,415.0,True,True,False,6,cap_reached,0.0,0.0,0.0,0.0,0.899,0.0,1.0,100.0
2018-12-02 16:00:00,0.346,0.332,227.0,True,True,False,6,cap_reached,0.0,0.0,0.0,0.0,0.332,0.0,1.0,100.0
2018-12-02 17:00:00,0.11,0.105,42.0,True,True,False,6,cap_reached,0.0,0.0,0.0,0.0,0.105,0.0,1.0,100.0
2018-12-02 18:00:00,0.0,0.0,0.0,False,True,False,6,cap_reached,0.0,0.0,0.0,0.0,0.0,0.0,1.0,100.0
2018-12-02 19:00:00,0.0,0.0,0.0,False,True,False,6,cap_reached,0.0,0.0,0.0,0.0,0.0,0.0,1.0,100.0
2018-12-02 20:00:00,0.0,0.0,0.0,False,True,False,6,cap_reached,0.0,0.0,0.0,0.0,0.0,0.0,1.0,100.0
2018-12-02 21:00:00,0.0,0.0,0.0,False,True,False,6,cap_reached,0.0,0.0,0.0,0.0,0.0,0.0,1.0,100.0
2018-12-02 22:00:00,0.0,0.0,0.0,False,True,False,6,cap_reached,0.0,0.0,0.0,0.0,0.0,0.0,1.0,100.0
2018-12-02 23:00:00,0.0,0.0,0.0,False,True,False,6,cap_reached,0.0,0.0,0.0,0.0,0.0,0.0,1.0,100.0
2018-12-03 00:00:00,0.0,0.0,0.0,False,True,False,0,night,0.0,0.0,0.0,0.0,0.0,0.0,1.0,100.0
2018-12-03 01:00:00,0.0,0.0,0.0,False,True,False,0,night,0.0,0.0,0.0,0.0,0.0,0.0,1.0,100.0
2018-12-03 02:00:00,0.0,0.0,0.0,False,True,False,0,night,0.0,0.0,0.0,0.0,0.0,0.0,1.0,100.0
2018-12-03 03:00:00,0.0,0.0,0.0,False,True,False,0,night,0.0,0.0,0.0,0.0,0.0,0.0,1.0,100.0
2018-12-03 04:00:00,0.0,0.0,0.0,False,True,False,0,night,0.0,0.0,0.0,0.0,0.0,0.0,1.0,100.0
2018-12-03 05:00:00,0.0,0.0,0.0,False,True,False,0,night,0.0,0.0,0.0,0.0,0.0,0.0,1.0,100.0
2018-12-03 06:00:00,0.0,0.0,0.0,False,True,False,0,night,0.0,0.0,0.0,0.0,0.0,0.0,1.0,100.0
2018-12-03 07:00:00,0.105,0.101,33.0,True,True,False,0,battery_empty,0.0,0.0,0.0,0.0,0.101,0.0,1.0,100.0
2018-12-03 08:00:00,0.329,0.316,218.0,True,True,False,0,battery_empty,0.0,0.0,0.0,0.0,0.316,0.0,1.0,100.0
2018-12-03 09:00:00,0.925,0.888,412.0,True,True,True,1,ok,0.888,0.375,1.263,0.0,0.0,-0.394,0.606,60.6
2018-12-03 10:00:00,1.432,1.374,568.0,True,True,True,2,ok,1.263,0.0,1.263,0.106,0.0,0.106,0.711,71.1
2018-12-03 11:00:00,1.759,1.689,670.0,True,True,True,3,ok,1.263,0.0,1.263,0.289,0.122,0.289,1.0,100.0
2018-12-03 12:00:00,1.618,1.554,353.0,True,True,True,4,ok,1.263,0.0,1.263,0.0,0.291,0.0,1.0,100.0
2018-12-03 13:00:00,1.761,1.69,674.0,True,True,True,5,ok,1.263,0.0,1.263,0.0,0.427,0.0,1.0,100.0
2018-12-03 14:00:00,1.44,1.382,576.0,True,True,True,6,ok,1.263,0.0,1.263,0.0,0.119,0.0,1.0,100.0
2018-12-03 15:00:00,0.934,0.897,422.0,True,True,False,6,cap_reached,0.0,0.0,0.0,0.0,0.897,0.0,1.0,100.0
2018-12-03 16:00:00,0.34,0.327,231.0,True,True,False,6,cap_reached,0.0,0.0,0.0,0.0,0.327,0.0,1.0,100.0
2018-12-03 17:00:00,0.11,0.105,43.0,True,True,False,6,cap_reached,0.0,0.0,0.0,0.0,0.105,0.0,1.0,100.0
2018-12-03 18:00:00,0.0,0.0,0.0,False,True,False,6,cap_reached,0.0,0.0,0.0,0.0,0.0,0.0,1.0,100.0
2018-12-03 19:00:00,0.0,0.0,0.0,False,True,False,6,cap_reached,0.0,0.0,0.0,0.0,0.0,0.0,1.0,100.0
2018-12-03 20:00:00,0.0,0.0,0.0,False,True,False,6,cap_reached,0.0,0.0,0.0,0.0,0.0,0.0,1.0,100.0
2018-12-03 21:00:00,0.0,0.0,0.0,False,True,False,6,cap_reached,0.0,0.0,0.0,0.0,0.0,0.0,1.0,100.0
2018-12-03 22:00:00,0.0,0.0,0.0,False,True,False,6,cap_reached,0.0,0.0,0.0,0.0,0.0,0.0,1.0,100.0
2018-12-03 23:00:00,0.0,0.0,0.0,False,True,False,6,cap_reached,0.0,0.0,0.0,0.0,0.0,0.0,1.0,100.0
2018-12-04 00:00:00,0.0,0.0,0.0,False,True,False,0,night,0.0,0.0,0.0,0.0,0.0,0.0,1.0,100.0
2018-12-04 01:00:00,0.0,0.0,0.0,False,True,False,0,night,0.0,0.0,0.0,0.0,0.0,0.0,1.0,100.0
2018-12-04 02:00:00,0.0,0.0,0.0,False,True,False,0,night,0.0,0.0,0.0,0.0,0.0,0.0,1.0,100.0
2018-12-04 03:00:00,0.0,0.0,0.0,False,True,False,0,night,0.0,0.0,0.0,0.0,0.0,0.0,1.0,100.0
2018-12-04 04:00:00,0.0,0.0,0.0,False,True,False,0,night,0.0,0.0,0.0,0.0,0.0,0.0,1.0,100.0
2018-12-04 05:00:00,0.0,0.0,0.0,False,True,False,0,night,0.0,0.0,0.0,0.0,0.0,0.0,1.0,100.0
2018-12-04 06:00:00,0.0,0.0,0.0,False,True,False,0,night,0.0,0.0,0.0,0.0,0.0,0.0,1.0,100.0
2018-12-04 07:00:00,0.09,0.087,34.0,False,True,False,0,night,0.0,0.0,0.0,0.0,0.087,0.0,1.0,100.0
2018-12-04 08:00:00,0.28,0.269,220.0,True,True,False,0,battery_empty,0.0,0.0,0.0,0.0,0.269,0.0,1.0,100.0
2018-12-04 09:00:00,0.888,0.853,415.0,True,True,True,1,ok,0.853,0.41,1.263,0.0,0.0,-0.432,0.568,56.8
2018-12-04 10:00:00,1.406,1.35,573.0,True,True,True,2,ok,1.263,0.0,1.263,0.082,0.0,0.082,0.651,65.1
2018-12-04 11:00:00,1.737,1.668,674.0,True,True,True,3,ok,1.263,0.0,1.263,0.349,0.037,0.349,1.0,100.0
2018-12-04 12:00:00,1.85,1.776,709.0,True,True,True,4,ok,1.263,0.0,1.263,0.0,0.513,0.0,1.0,100.0
2018-12-04 13:00:00,1.751,1.681,676.0,True,True,True,5,ok,1.263,0.0,1.263,0.0,0.418,0.0,1.0,100.0
2018-12-04 14:00:00,1.431,1.373,577.0,True,True,True,6,ok,1.263,0.0,1.263,0.0,0.11,0.0,1.0,100.0
2018-12-04 15:00:00,0.929,0.892,422.0,True,True,False,6,cap_reached,0.0,0.0,0.0,0.0,0.892,0.0,1.0,100.0
2018-12-04 16:00:00,0.342,0.328,231.0,True,True,False,6,cap_reached,0.0,0.0,0.0,0.0,0.328,0.0,1.0,100.0
2018-12-04 17:00:00,0.11,0.105,43.0,True,True,False,6,cap_reached,0.0,0.0,0.0,0.0,0.105,0.0,1.0,100.0
2018-12-04 18:00:00,0.0,0.0,0.0,False,True,False,6,cap_reached,0.0,0.0,0.0,0.0,0.0,0.0,1.0,100.0
2018-12-04 19:00:00,0.0,0.0,0.0,False,True,False,6,cap_reached,0.0,0.0,0.0,0.0,0.0,0.0,1.0,100.0
2018-12-04 20:00:00,0.0,0.0,0.0,False,True,False,6,cap_reached,0.0,0.0,0.0,0.0,0.0,0.0,1.0,100.0
2018-12-04 21:00:00,0.0,0.0,0.0,False,True,False,6,cap_reached,0.0,0.0,0.0,0.0,0.0,0.0,1.0,100.0
2018-12-04 22:00:00,0.0,0.0,0.0,False,True,False,6,cap_reached,0.0,0.0,0.0,0.0,0.0,0.0,1.0,100.0
2018-12-04 23:00:00,0.0,0.0,0.0,False,True,False,6,cap_reached,0.0,0.0,0.0,0.0,0.0,0.0,1.0,100.0
2018-12-05 00:00:00,0.0,0.0,0.0,False,True,False,0,night,0.0,0.0,0.0,0.0,0.0,0.0,1.0,100.0
2018-12-05 01:00:00,0.0,0.0,0.0,False,True,False,0,night,0.0,0.0,0.0,0.0,0.0,0.0,1.0,100.0
2018-12-05 02:00:00,0.0,0.0,0.0,False,True,False,0,night,0.0,0.0,0.0,0.0,0.0,0.0,1.0,100.0
2018-12-05 03:00:00,0.0,0.0,0.0,False,True,False,0,night,0.0,0.0,0.0,0.0,0.0,0.0,1.0,100.0
2018-12-05 04:00:00,0.0,0.0,0.0,False,True,False,0,night,0.0,0.0,0.0,0.0,0.0,0.0,1.0,100.0
2018-12-05 05:00:00,0.0,0.0,0.0,False,True,False,0,night,0.0,0.0,0.0,0.0,0.0,0.0,1.0,100.0
2018-12-05 06:00:00,0.0,0.0,0.0,False,True,False,0,night,0.0,0.0,0.0,0.0,0.0,0.0,1.0,100.0
2018-12-05 07:00:00,0.1,0.096,28.0,False,True,False,0,night,0.0,0.0,0.0,0.0,0.096,0.0,1.0,100.0
2018-12-05 08:00:00,0.327,0.314,202.0,True,True,False,0,battery_empty,0.0,0.0,0.0,0.0,0.314,0.0,1.0,100.0
2018-12-05 09:00:00,0.904,0.868,391.0,True,True,True,1,ok,0.868,0.395,1.263,0.0,0.0,-0.416,0.584,58.4
2018-12-05 10:00:00,1.391,1.335,548.0,True,True,True,2,ok,1.263,0.0,1.263,0.069,0.0,0.069,0.653,65.3
2018-12-05 11:00:00,1.725,1.656,646.0,True,True,True,3,ok,1.263,0.0,1.263,0.347,0.027,0.347,1.0,100.0
2018-12-05 12:00:00,1.851,1.777,681.0,True,True,True,4,ok,1.263,0.0,1.263,0.0,0.514,0.0,1.0,100.0
2018-12-05 13:00:00,1.752,1.682,649.0,True,True,True,5,ok,1.263,0.0,1.263,0.0,0.419,0.0,1.0,100.0
2018-12-05 14:00:00,1.448,1.39,552.0,True,True,True,6,ok,1.263,0.0,1.263,0.0,0.127,0.0,1.0,100.0
2018-12-05 15:00:00,0.893,0.857,186.0,True,True,False,6,cap_reached,0.0,0.0,0.0,0.0,0.857,0.0,1.0,100.0
2018-12-05 16:00:00,0.427,0.41,214.0,True,True,False,6,cap_reached,0.0,0.0,0.0,0.0,0.41,0.0,1.0,100.0
2018-12-05 17:00:00,0.09,0.086,18.0,False,True,False,6,cap_reached,0.0,0.0,0.0,0.0,0.086,0.0,1.0,100.0
2018-12-05 18:00:00,0.0,0.0,0.0,False,True,False,6,cap_reached,0.0,0.0,0.0,0.0,0.0,0.0,1.0,100.0
2018-12-05 19:00:00,0.0,0.0,0.0,False,True,False,6,cap_reached,0.0,0.0,0.0,0.0,0.0,0.0,1.0,100.0
2018-12-05 20:00:00,0.0,0.0,0.0,False,True,False,6,cap_reached,0.0,0.0,0.0,0.0,0.0,0.0,1.0,100.0
2018-12-05 21:00:00,0.0,0.0,0.0,False,True,False,6,cap_reached,0.0,0.0,0.0,0.0,0.0,0.0,1.0,100.0
2018-12-05 22:00:00,0.0,0.0,0.0,False,True,False,6,cap_reached,0.0,0.0,0.0,0.0,0.0,0.0,1.0,100.0
2018-12-05 23:00:00,0.0,0.0,0.0,False,True,False,6,cap_reached,0.0,0.0,0.0,0.0,0.0,0.0,1.0,100.0
2018-12-06 00:00:00,0.0,0.0,0.0,False,True,False,0,night,0.0,0.0,0.0,0.0,0.0,0.0,1.0,100.0
2018-12-06 01:00:00,0.0,0.0,0.0,False,True,False,0,night,0.0,0.0,0.0,0.0,0.0,0.0,1.0,100.0
2018-12-06 02:00:00,0.0,0.0,0.0,False,True,False,0,night,0.0,0.0,0.0,0.0,0.0,0.0,1.0,100.0
2018-12-06 03:00:00,0.0,0.0,0.0,False,True,False,0,night,0.0,0.0,0.0,0.0,0.0,0.0,1.0,100.0
2018-12-06 04:00:00,0.0,0.0,0.0,False,True,False,0,night,0.0,0.0,0.0,0.0,0.0,0.0,1.0,100.0
2018-12-06 05:00:00,0.0,0.0,0.0,False,True,False,0,night,0.0,0.0,0.0,0.0,0.0,0.0,1.0,100.0
2018-12-06 06:00:00,0.0,0.0,0.0,False,True,False,0,night,0.0,0.0,0.0,0.0,0.0,0.0,1.0,100.0
2018-12-06 07:00:00,0.106,0.102,28.0,True,True,False,0,battery_empty,0.0,0.0,0.0,0.0,0.102,0.0,1.0,100.0
2018-12-06 08:00:00,0.353,0.339,211.0,True,True,False,0,battery_empty,0.0,0.0,0.0,0.0,0.339,0.0,1.0,100.0
2018-12-06 09:00:00,0.958,0.92,406.0,True,True,True,1,ok,0.92,0.343,1.263,0.0,0.0,-0.361,0.639,63.9
2018-12-06 10:00:00,1.651,1.585,370.0,True,True,True,2,ok,1.263,0.0,1.263,0.306,0.0,0.306,0.945,94.5
2018-12-06 11:00:00,1.802,1.73,680.0,True,True,True,3,ok,1.263,0.0,1.263,0.055,0.409,0.055,1.0,100.0
2018-12-06 12:00:00,1.925,1.848,719.0,True,True,True,4,ok,1.263,0.0,1.263,0.0,0.585,0.0,1.0,100.0
2018-12-06 13:00:00,1.817,1.745,686.0,True,True,True,5,ok,1.263,0.0,1.263,0.0,0.482,0.0,1.0,100.0
2018-12-06 14:00:00,1.489,1.429,588.0,True,True,True,6,ok,1.263,0.0,1.263,0.0,0.166,0.0,1.0,100.0
2018-12-06 15:00:00,0.98,0.941,433.0,True,True,False,6,cap_reached,0.0,0.0,0.0,0.0,0.941,0.0,1.0,100.0
2018-12-06 16:00:00,0.366,0.352,238.0,True,True,False,6,cap_reached,0.0,0.0,0.0,0.0,0.352,0.0,1.0,100.0
2018-12-06 17:00:00,0.126,0.121,45.0,True,True,False,6,cap_reached,0.0,0.0,0.0,0.0,0.121,0.0,1.0,100.0
2018-12-06 18:00:00,0.0,0.0,0.0,False,True,False,6,cap_reached,0.0,0.0,0.0,0.0,0.0,0.0,1.0,100.0
2018-12-06 19:00:00,0.0,0.0,0.0,False,True,False,6,cap_reached,0.0,0.0,0.0,0.0,0.0,0.0,1.0,100.0
2018-12-06 20:00:00,0.0,0.0,0.0,False,True,False,6,cap_reached,0.0,0.0,0.0,0.0,0.0,0.0,1.0,100.0
2018-12-06 21:00:00,0.0,0.0,0.0,False,True,False,6,cap_reached,0.0,0.0,0.0,0.0,0.0,0.0,1.0,100.0
2018-12-06 22:00:00,0.0,0.0,0.0,False,True,False,6,cap_reached,0.0,0.0,0.0,0.0,0.0,0.0,1.0,100.0
2018-12-06 23:00:00,0.0,0.0,0.0,False,True,False,6,cap_reached,0.0,0.0,0.0,0.0,0.0,0.0,1.0,100.0
2018-12-07 00:00:00,0.0,0.0,0.0,False,True,False,0,night,0.0,0.0,0.0,0.0,0.0,0.0,1.0,100.0
2018-12-07 01:00:00,0.0,0.0,0.0,False,True,False,0,night,0.0,0.0,0.0,0.0,0.0,0.0,1.0,100.0
2018-12-07 02:00:00,0.0,0.0,0.0,False,True,False,0,night,0.0,0.0,0.0,0.0,0.0,0.0,1.0,100.0
2018-12-07 03:00:00,0.0,0.0,0.0,False,True,False,0,night,0.0,0.0,0.0,0.0,0.0,0.0,1.0,100.0
2018-12-07 04:00:00,0.0,0.0,0.0,False,True,False,0,night,0.0,0.0,0.0,0.0,0.0,0.0,1.0,100.0
2018-12-07 05:00:00,0.0,0.0,0.0,False,True,False,0,night,0.0,0.0,0.0,0.0,0.0,0.0,1.0,100.0
2018-12-07 06:00:00,0.0,0.0,0.0,False,True,False,0,night,0.0,0.0,0.0,0.0,0.0,0.0,1.0,100.0
2018-12-07 07:00:00,0.096,0.092,28.0,False,True,False,0,night,0.0,0.0,0.0,0.0,0.092,0.0,1.0,100.0
2018-12-07 08:00:00,0.291,0.279,211.0,True,True,False,0,battery_empty,0.0,0.0,0.0,0.0,0.279,0.0,1.0,100.0
2018-12-07 09:00:00,0.981,0.942,207.0,True,True,True,1,ok,0.942,0.321,1.263,0.0,0.0,-0.338,0.662,66.2
2018-12-07 10:00:00,1.42,1.364,567.0,True,True,True,2,ok,1.263,0.0,1.263,0.096,0.0,0.096,0.758,75.8
2018-12-07 11:00:00,1.756,1.686,670.0,True,True,True,3,ok,1.263,0.0,1.263,0.242,0.168,0.242,1.0,100.0
2018-12-07 12:00:00,1.887,1.812,709.0,True,True,True,4,ok,1.263,0.0,1.263,0.0,0.549,0.0,1.0,100.0
2018-12-07 13:00:00,1.778,1.707,681.0,True,True,True,5,ok,1.263,0.0,1.263,0.0,0.444,0.0,1.0,100.0
2018-12-07 14:00:00,1.454,1.396,584.0,True,True,True,6,ok,1.263,0.0,1.263,0.0,0.133,0.0,1.0,100.0
2018-12-07 15:00:00,0.955,0.917,431.0,True,True,False,6,cap_reached,0.0,0.0,0.0,0.0,0.917,0.0,1.0,100.0
2018-12-07 16:00:00,0.345,0.331,238.0,True,True,False,6,cap_reached,0.0,0.0,0.0,0.0,0.331,0.0,1.0,100.0
2018-12-07 17:00:00,0.121,0.116,46.0,True,True,False,6,cap_reached,0.0,0.0,0.0,0.0,0.116,0.0,1.0,100.0
2018-12-07 18:00:00,0.0,0.0,0.0,False,True,False,6,cap_reached,0.0,0.0,0.0,0.0,0.0,0.0,1.0,100.0
2018-12-07 19:00:00,0.0,0.0,0.0,False,True,False,6,cap_reached,0.0,0.0,0.0,0.0,0.0,0.0,1.0,100.0
2018-12-07 20:00:00,0.0,0.0,0.0,False,True,False,6,cap_reached,0.0,0.0,0.0,0.0,0.0,0.0,1.0,100.0
2018-12-07 21:00:00,0.0,0.0,0.0,False,True,False,6,cap_reached,0.0,0.0,0.0,0.0,0.0,0.0,1.0,100.0
2018-12-07 22:00:00,0.0,0.0,0.0,False,True,False,6,cap_reached,0.0,0.0,0.0,0.0,0.0,0.0,1.0,100.0
2018-12-07 23:00:00,0.0,0.0,0.0,False,True,False,6,cap_reached,0.0,0.0,0.0,0.0,0.0,0.0,1.0,100.0
2018-12-08 00:00:00,0.0,0.0,0.0,False,True,False,0,night,0.0,0.0,0.0,0.0,0.0,0.0,1.0,100.0
2018-12-08 01:00:00,0.0,0.0,0.0,False,True,False,0,night,0.0,0.0,0.0,0.0,0.0,0.0,1.0,100.0
2018-12-08 02:00:00,0.0,0.0,0.0,False,True,False,0,night,0.0,0.0,0.0,0.0,0.0,0.0,1.0,100.0
2018-12-08 03:00:00,0.0,0.0,0.0,False,True,False,0,night,0.0,0.0,0.0,0.0,0.0,0.0,1.0,100.0
2018-12-08 04:00:00,0.0,0.0,0.0,False,True,False,0,night,0.0,0.0,0.0,0.0,0.0,0.0,1.0,100.0
2018-12-08 05:00:00,0.0,0.0,0.0,False,True,False,0,night,0.0,0.0,0.0,0.0,0.0,0.0,1.0,100.0
2018-12-08 06:00:00,0.0,0.0,0.0,False,True,False,0,night,0.0,0.0,0.0,0.0,0.0,0.0,1.0,100.0
2018-12-08 07:00:00,0.095,0.091,24.0,False,True,False,0,night,0.0,0.0,0.0,0.0,0.091,0.0,1.0,100.0
2018-12-08 08:00:00,0.324,0.311,197.0,True,True,False,0,battery_empty,0.0,0.0,0.0,0.0,0.311,0.0,1.0,100.0
2018-12-08 09:00:00,0.897,0.862,387.0,True,True,True,1,ok,0.862,0.401,1.263,0.0,0.0,-0.423,0.577,57.7
2018-12-08 10:00:00,1.388,1.333,547.0,True,True,True,2,ok,1.263,0.0,1.263,0.066,0.0,0.066,0.644,64.4
2018-12-08 11:00:00,1.722,1.653,647.0,True,True,True,3,ok,1.263,0.0,1.263,0.356,0.015,0.356,1.0,100.0
2018-12-08 12:00:00,0.822,0.789,168.0,True,True,True,4,ok,0.789,0.474,1.263,0.0,0.0,-0.499,0.501,50.1
2018-12-08 13:00:00,1.124,1.079,232.0,True,True,True,5,ok,1.079,0.184,1.263,0.0,0.0,-0.194,0.307,30.7
2018-12-08 14:00:00,0.522,0.501,106.0,True,True,False,5,battery_empty,0.0,0.0,0.0,0.476,0.0,0.476,0.783,78.3
2018-12-08 15:00:00,0.947,0.909,408.0,True,True,True,6,ok,0.909,0.354,1.263,0.0,0.0,-0.373,0.41,41.0
2018-12-08 16:00:00,0.385,0.369,220.0,True,True,False,6,cap_reached,0.0,0.0,0.0,0.351,0.0,0.351,0.761,76.1
2018-12-08 17:00:00,0.135,0.129,40.0,True,True,False,6,cap_reached,0.0,0.0,0.0,0.123,0.0,0.123,0.884,88.4
2018-12-08 18:00:00,0.0,0.0,0.0,False,True,False,6,cap_reached,0.0,0.0,0.0,0.0,0.0,0.0,0.884,88.4
2018-12-08 19:00:00,0.0,0.0,0.0,False,True,False,6,cap_reached,0.0,0.0,0.0,0.0,0.0,0.0,0.884,88.4
2018-12-08 20:00:00,0.0,0.0,0.0,False,True,False,6,cap_reached,0.0,0.0,0.0,0.0,0.0,0.0,0.884,88.4
2018-12-08 21:00:00,0.0,0.0,0.0,False,True,False,6,cap_reached,0.0,0.0,0.0,0.0,0.0,0.0,0.884,88.4
2018-12-08 22:00:00,0.0,0.0,0.0,False,True,False,6,cap_reached,0.0,0.0,0.0,0.0,0.0,0.0,0.884,88.4
2018-12-08 23:00:00,0.0,0.0,0.0,False,True,False,6,cap_reached,0.0,0.0,0.0,0.0,0.0,0.0,0.884,88.4
2018-12-09 00:00:00,0.0,0.0,0.0,False,True,False,0,night,0.0,0.0,0.0,0.0,0.0,0.0,0.884,88.4
2018-12-09 01:00:00,0.0,0.0,0.0,False,True,False,0,night,0.0,0.0,0.0,0.0,0.0,0.0,0.884,88.4
2018-12-09 02:00:00,0.0,0.0,0.0,False,True,False,0,night,0.0,0.0,0.0,0.0,0.0,0.0,0.884,88.4
2018-12-09 03:00:00,0.0,0.0,0.0,False,True,False,0,night,0.0,0.0,0.0,0.0,0.0,0.0,0.884,88.4
2018-12-09 04:00:00,0.0,0.0,0.0,False,True,False,0,night,0.0,0.0,0.0,0.0,0.0,0.0,0.884,88.4
2018-12-09 05:00:00,0.0,0.0,0.0,False,True,False,0,night,0.0,0.0,0.0,0.0,0.0,0.0,0.884,88.4
2018-12-09 06:00:00,0.0,0.0,0.0,False,True,False,0,night,0.0,0.0,0.0,0.0,0.0,0.0,0.884,88.4
2018-12-09 07:00:00,0.085,0.082,25.0,False,True,False,0,night,0.0,0.0,0.0,0.078,0.0,0.078,0.962,96.2
2018-12-09 08:00:00,0.254,0.244,201.0,True,True,False,0,battery_empty,0.0,0.0,0.0,0.038,0.204,0.038,1.0,100.0
2018-12-09 09:00:00,0.844,0.81,392.0,True,True,True,1,ok,0.81,0.453,1.263,0.0,0.0,-0.477,0.523,52.3
2018-12-09 10:00:00,1.346,1.292,550.0,True,True,True,2,ok,1.263,0.0,1.263,0.027,0.0,0.027,0.551,55.1
2018-12-09 11:00:00,1.684,1.617,652.0,True,True,True,3,ok,1.263,0.0,1.263,0.336,0.0,0.336,0.886,88.6
2018-12-09 12:00:00,1.805,1.733,690.0,True,True,True,4,ok,1.263,0.0,1.263,0.114,0.351,0.114,1.0,100.0
2018-12-09 13:00:00,1.705,1.637,662.0,True,True,True,5,ok,1.263,0.0,1.263,0.0,0.374,0.0,1.0,100.0
2018-12-09 14:00:00,1.682,1.615,426.0,True,True,True,6,ok,1.263,0.0,1.263,0.0,0.352,0.0,1.0,100.0
2018-12-09 15:00:00,1.052,1.01,284.0,True,True,False,6,cap_reached,0.0,0.0,0.0,0.0,1.01,0.0,1.0,100.0
2018-12-09 16:00:00,0.607,0.583,135.0,True,True,False,6,cap_reached,0.0,0.0,0.0,0.0,0.583,0.0,1.0,100.0
2018-12-09 17:00:00,0.153,0.147,31.0,True,True,False,6,cap_reached,0.0,0.0,0.0,0.0,0.147,0.0,1.0,100.0
2018-12-09 18:00:00,0.0,0.0,0.0,False,True,False,6,cap_reached,0.0,0.0,0.0,0.0,0.0,0.0,1.0,100.0
2018-12-09 19:00:00,0.0,0.0,0.0,False,True,False,6,cap_reached,0.0,0.0,0.0,0.0,0.0,0.0,1.0,100.0
2018-12-09 20:00:00,0.0,0.0,0.0,False,True,False,6,cap_reached,0.0,0.0,0.0,0.0,0.0,0.0,1.0,100.0
2018-12-09 21:00:00,0.0,0.0,0.0,False,True,False,6,cap_reached,0.0,0.0,0.0,0.0,0.0,0.0,1.0,100.0
2018-12-09 22:00:00,0.0,0.0,0.0,False,True,False,6,cap_reached,0.0,0.0,0.0,0.0,0.0,0.0,1.0,100.0
2018-12-09 23:00:00,0.0,0.0,0.0,False,True,False,6,cap_reached,0.0,0.0,0.0,0.0,0.0,0.0,1.0,100.0
2018-12-10 00:00:00,0.0,0.0,0.0,False,True,False,0,night,0.0,0.0,0.0,0.0,0.0,0.0,1.0,100.0
2018-12-10 01:00:00,0.0,0.0,0.0,False,True,False,0,night,0.0,0.0,0.0,0.0,0.0,0.0,1.0,100.0
2018-12-10 02:00:00,0.0,0.0,0.0,False,True,False,0,night,0.0,0.0,0.0,0.0,0.0,0.0,1.0,100.0
2018-12-10 03:00:00,0.0,0.0,0.0,False,True,False,0,night,0.0,0.0,0.0,0.0,0.0,0.0,1.0,100.0
2018-12-10 04:00:00,0.0,0.0,0.0,False,True,False,0,night,0.0,0.0,0.0,0.0,0.0,0.0,1.0,100.0
2018-12-10 05:00:00,0.0,0.0,0.0,False,True,False,0,night,0.0,0.0,0.0,0.0,0.0,0.0,1.0,100.0
2018-12-10 06:00:00,0.0,0.0,0.0,False,True,False,0,night,0.0,0.0,0.0,0.0,0.0,0.0,1.0,100.0
2018-12-10 07:00:00,0.08,0.077,23.0,False,True,False,0,night,0.0,0.0,0.0,0.0,0.077,0.0,1.0,100.0
2018-12-10 08:00:00,0.245,0.235,200.0,True,True,False,0,battery_empty,0.0,0.0,0.0,0.0,0.235,0.0,1.0,100.0
2018-12-10 09:00:00,0.818,0.785,390.0,True,True,True,1,ok,0.785,0.478,1.263,0.0,0.0,-0.503,0.497,49.7
2018-12-10 10:00:00,0.939,0.901,193.0,True,True,True,2,ok,0.901,0.362,1.263,0.0,0.0,-0.381,0.116,11.6
2018-12-10 11:00:00,1.679,1.611,646.0,True,True,True,3,ok,1.263,0.0,1.263,0.331,0.0,0.331,0.447,44.7
2018-12-10 12:00:00,1.619,1.555,351.0,True,True,True,4,ok,1.263,0.0,1.263,0.277,0.0,0.277,0.724,72.4
2018-12-10 13:00:00,1.691,1.623,374.0,True,True,True,5,ok,1.263,0.0,1.263,0.276,0.07,0.276,1.0,100.0
2018-12-10 14:00:00,1.461,1.403,551.0,True,True,True,6,ok,1.263,0.0,1.263,0.0,0.14,0.0,1.0,100.0
2018-12-10 15:00:00,0.869,0.834,179.0,True,True,False,6,cap_reached,0.0,0.0,0.0,0.0,0.834,0.0,1.0,100.0
2018-12-10 16:00:00,0.429,0.412,217.0,True,True,False,6,cap_reached,0.0,0.0,0.0,0.0,0.412,0.0,1.0,100.0
2018-12-10 17:00:00,0.105,0.101,21.0,True,True,False,6,cap_reached,0.0,0.0,0.0,0.0,0.101,0.0,1.0,100.0
2018-12-10 18:00:00,0.0,0.0,0.0,False,True,False,6,cap_reached,0.0,0.0,0.0,0.0,0.0,0.0,1.0,100.0
2018-12-10 19:00:00,0.0,0.0,0.0,False,True,False,6,cap_reached,0.0,0.0,0.0,0.0,0.0,0.0,1.0,100.0
2018-12-10 20:00:00,0.0,0.0,0.0,False,True,False,6,cap_reached,0.0,0.0,0.0,0.0,0.0,0.0,1.0,100.0
2018-12-10 21:00:00,0.0,0.0,0.0,False,True,False,6,cap_reached,0.0,0.0,0.0,0.0,0.0,0.0,1.0,100.0
2018-12-10 22:00:00,0.0,0.0,0.0,False,True,False,6,cap_reached,0.0,0.0,0.0,0.0,0.0,0.0,1.0,100.0
2018-12-10 23:00:00,0.0,0.0,0.0,False,True,False,6,cap_reached,0.0,0.0,0.0,0.0,0.0,0.0,1.0,100.0
2018-12-11 00:00:00,0.0,0.0,0.0,False,True,False,0,night,0.0,0.0,0.0,0.0,0.0,0.0,1.0,100.0
2018-12-11 01:00:00,0.0,0.0,0.0,False,True,False,0,night,0.0,0.0,0.0,0.0,0.0,0.0,1.0,100.0
2018-12-11 02:00:00,0.0,0.0,0.0,False,True,False,0,night,0.0,0.0,0.0,0.0,0.0,0.0,1.0,100.0
2018-12-11 03:00:00,0.0,0.0,0.0,False,True,False,0,night,0.0,0.0,0.0,0.0,0.0,0.0,1.0,100.0
2018-12-11 04:00:00,0.0,0.0,0.0,False,True,False,0,night,0.0,0.0,0.0,0.0,0.0,0.0,1.0,100.0
2018-12-11 05:00:00,0.0,0.0,0.0,False,True,False,0,night,0.0,0.0,0.0,0.0,0.0,0.0,1.0,100.0
2018-12-11 06:00:00,0.0,0.0,0.0,False,True,False,0,night,0.0,0.0,0.0,0.0,0.0,0.0,1.0,100.0
2018-12-11 07:00:00,0.086,0.083,19.0,False,True,False,0,night,0.0,0.0,0.0,0.0,0.083,0.0,1.0,100.0
2018-12-11 08:00:00,0.347,0.333,185.0,True,True,False,0,battery_empty,0.0,0.0,0.0,0.0,0.333,0.0,1.0,100.0
2018-12-11 09:00:00,1.053,1.01,296.0,True,True,True,1,ok,1.01,0.253,1.263,0.0,0.0,-0.266,0.734,73.4
2018-12-11 10:00:00,0.639,0.613,129.0,True,True,False,1,battery_empty,0.0,0.0,0.0,0.266,0.334,0.266,1.0,100.0
2018-12-11 11:00:00,1.933,1.856,442.0,True,True,True,2,ok,1.263,0.0,1.263,0.0,0.593,0.0,1.0,100.0
2018-12-11 12:00:00,1.849,1.775,408.0,True,True,True,3,ok,1.263,0.0,1.263,0.0,0.512,0.0,1.0,100.0
2018-12-11 13:00:00,1.555,1.493,328.0,True,True,True,4,ok,1.263,0.0,1.263,0.0,0.23,0.0,1.0,100.0
2018-12-11 14:00:00,1.153,1.107,234.0,True,True,True,5,ok,1.107,0.156,1.263,0.0,0.0,-0.164,0.836,83.6
2018-12-11 15:00:00,1.173,1.126,281.0,True,True,True,6,ok,1.126,0.137,1.263,0.0,0.0,-0.145,0.691,69.1
2018-12-11 16:00:00,0.386,0.371,243.0,True,True,False,6,cap_reached,0.0,0.0,0.0,0.309,0.046,0.309,1.0,100.0
2018-12-11 17:00:00,0.138,0.132,49.0,True,True,False,6,cap_reached,0.0,0.0,0.0,0.0,0.132,0.0,1.0,100.0
2018-12-11 18:00:00,0.0,0.0,0.0,False,True,False,6,cap_reached,0.0,0.0,0.0,0.0,0.0,0.0,1.0,100.0
2018-12-11 19:00:00,0.0,0.0,0.0,False,True,False,6,cap_reached,0.0,0.0,0.0,0.0,0.0,0.0,1.0,100.0
2018-12-11 20:00:00,0.0,0.0,0.0,False,True,False,6,cap_reached,0.0,0.0,0.0,0.0,0.0,0.0,1.0,100.0
2018-12-11 21:00:00,0.0,0.0,0.0,False,True,False,6,cap_reached,0.0,0.0,0.0,0.0,0.0,0.0,1.0,100.0
2018-12-11 22:00:00,0.0,0.0,0.0,False,True,False,6,cap_reached,0.0,0.0,0.0,0.0,0.0,0.0,1.0,100.0
2018-12-11 23:00:00,0.0,0.0,0.0,False,True,False,6,cap_reached,0.0,0.0,0.0,0.0,0.0,0.0,1.0,100.0
2018-12-12 00:00:00,0.0,0.0,0.0,False,True,False,0,night,0.0,0.0,0.0,0.0,0.0,0.0,1.0,100.0
2018-12-12 01:00:00,0.0,0.0,0.0,False,True,False,0,night,0.0,0.0,0.0,0.0,0.0,0.0,1.0,100.0
2018-12-12 02:00:00,0.0,0.0,0.0,False,True,False,0,night,0.0,0.0,0.0,0.0,0.0,0.0,1.0,100.0
2018-12-12 03:00:00,0.0,0.0,0.0,False,True,False,0,night,0.0,0.0,0.0,0.0,0.0,0.0,1.0,100.0
2018-12-12 04:00:00,0.0,0.0,0.0,False,True,False,0,night,0.0,0.0,0.0,0.0,0.0,0.0,1.0,100.0
2018-12-12 05:00:00,0.0,0.0,0.0,False,True,False,0,night,0.0,0.0,0.0,0.0,0.0,0.0,1.0,100.0
2018-12-12 06:00:00,0.0,0.0,0.0,False,True,False,0,night,0.0,0.0,0.0,0.0,0.0,0.0,1.0,100.0
2018-12-12 07:00:00,0.086,0.082,22.0,False,True,False,0,night,0.0,0.0,0.0,0.0,0.082,0.0,1.0,100.0
2018-12-12 08:00:00,0.282,0.271,202.0,True,True,False,0,battery_empty,0.0,0.0,0.0,0.0,0.271,0.0,1.0,100.0
2018-12-12 09:00:00,0.871,0.836,401.0,True,True,True,1,ok,0.836,0.427,1.263,0.0,0.0,-0.449,0.551,55.1
2018-12-12 10:00:00,1.394,1.339,566.0,True,True,True,2,ok,1.263,0.0,1.263,0.072,0.0,0.072,0.623,62.3
2018-12-12 11:00:00,1.75,1.68,674.0,True,True,True,3,ok,1.263,0.0,1.263,0.377,0.02,0.377,1.0,100.0
2018-12-12 12:00:00,1.127,1.082,230.0,True,True,True,4,ok,1.082,0.181,1.263,0.0,0.0,-0.191,0.809,80.9
2018-12-12 13:00:00,2.069,1.986,509.0,True,True,True,5,ok,1.263,0.0,1.263,0.191,0.522,0.191,1.0,100.0
2018-12-12 14:00:00,1.477,1.418,593.0,True,True,True,6,ok,1.263,0.0,1.263,0.0,0.155,0.0,1.0,100.0
2018-12-12 15:00:00,1.134,1.088,241.0,True,True,False,6,cap_reached,0.0,0.0,0.0,0.0,1.088,0.0,1.0,100.0
2018-12-12 16:00:00,0.368,0.353,243.0,True,True,False,6,cap_reached,0.0,0.0,0.0,0.0,0.353,0.0,1.0,100.0
2018-12-12 17:00:00,0.175,0.168,36.0,True,True,False,6,cap_reached,0.0,0.0,0.0,0.0,0.168,0.0,1.0,100.0
2018-12-12 18:00:00,0.0,0.0,0.0,False,True,False,6,cap_reached,0.0,0.0,0.0,0.0,0.0,0.0,1.0,100.0
2018-12-12 19:00:00,0.0,0.0,0.0,False,True,False,6,cap_reached,0.0,0.0,0.0,0.0,0.0,0.0,1.0,100.0
2018-12-12 20:00:00,0.0,0.0,0.0,False,True,False,6,cap_reached,0.0,0.0,0.0,0.0,0.0,0.0,1.0,100.0
2018-12-12 21:00:00,0.0,0.0,0.0,False,True,False,6,cap_reached,0.0,0.0,0.0,0.0,0.0,0.0,1.0,100.0
2018-12-12 22:00:00,0.0,0.0,0.0,False,True,False,6,cap_reached,0.0,0.0,0.0,0.0,0.0,0.0,1.0,100.0
2018-12-12 23:00:00,0.0,0.0,0.0,False,True,False,6,cap_reached,0.0,0.0,0.0,0.0,0.0,0.0,1.0,100.0
2018-12-13 00:00:00,0.0,0.0,0.0,False,True,False,0,night,0.0,0.0,0.0,0.0,0.0,0.0,1.0,100.0
2018-12-13 01:00:00,0.0,0.0,0.0,False,True,False,0,night,0.0,0.0,0.0,0.0,0.0,0.0,1.0,100.0
2018-12-13 02:00:00,0.0,0.0,0.0,False,True,False,0,night,0.0,0.0,0.0,0.0,0.0,0.0,1.0,100.0
2018-12-13 03:00:00,0.0,0.0,0.0,False,True,False,0,night,0.0,0.0,0.0,0.0,0.0,0.0,1.0,100.0
2018-12-13 04:00:00,0.0,0.0,0.0,False,True,False,0,night,0.0,0.0,0.0,0.0,0.0,0.0,1.0,100.0
2018-12-13 05:00:00,0.0,0.0,0.0,False,True,False,0,night,0.0,0.0,0.0,0.0,0.0,0.0,1.0,100.0
2018-12-13 06:00:00,0.0,0.0,0.0,False,True,False,0,night,0.0,0.0,0.0,0.0,0.0,0.0,1.0,100.0
2018-12-13 07:00:00,0.076,0.073,21.0,False,True,False,0,night,0.0,0.0,0.0,0.0,0.073,0.0,1.0,100.0
2018-12-13 08:00:00,0.571,0.548,152.0,True,True,True,1,ok,0.548,0.715,1.263,0.0,0.0,-0.752,0.248,24.8
2018-12-13 09:00:00,0.841,0.808,390.0,True,True,False,1,battery_empty,0.0,0.0,0.0,0.752,0.016,0.752,1.0,100.0
2018-12-13 10:00:00,1.45,1.392,432.0,True,True,True,2,ok,1.263,0.0,1.263,0.0,0.129,0.0,1.0,100.0
2018-12-13 11:00:00,1.708,1.64,655.0,True,True,True,3,ok,1.263,0.0,1.263,0.0,0.377,0.0,1.0,100.0
2018-12-13 12:00:00,1.839,1.765,695.0,True,True,True,4,ok,1.263,0.0,1.263,0.0,0.502,0.0,1.0,100.0
2018-12-13 13:00:00,1.991,1.911,476.0,True,True,True,5,ok,1.263,0.0,1.263,0.0,0.648,0.0,1.0,100.0
2018-12-13 14:00:00,1.736,1.666,456.0,True,True,True,6,ok,1.263,0.0,1.263,0.0,0.403,0.0,1.0,100.0
2018-12-13 15:00:00,1.09,1.047,232.0,True,True,False,6,cap_reached,0.0,0.0,0.0,0.0,1.047,0.0,1.0,100.0
2018-12-13 16:00:00,0.363,0.348,235.0,True,True,False,6,cap_reached,0.0,0.0,0.0,0.0,0.348,0.0,1.0,100.0
2018-12-13 17:00:00,0.13,0.125,47.0,True,True,False,6,cap_reached,0.0,0.0,0.0,0.0,0.125,0.0,1.0,100.0
2018-12-13 18:00:00,0.0,0.0,0.0,False,True,False,6,cap_reached,0.0,0.0,0.0,0.0,0.0,0.0,1.0,100.0
2018-12-13 19:00:00,0.0,0.0,0.0,False,True,False,6,cap_reached,0.0,0.0,0.0,0.0,0.0,0.0,1.0,100.0
2018-12-13 20:00:00,0.0,0.0,0.0,False,True,False,6,cap_reached,0.0,0.0,0.0,0.0,0.0,0.0,1.0,100.0
2018-12-13 21:00:00,0.0,0.0,0.0,False,True,False,6,cap_reached,0.0,0.0,0.0,0.0,0.0,0.0,1.0,100.0
2018-12-13 22:00:00,0.0,0.0,0.0,False,True,False,6,cap_reached,0.0,0.0,0.0,0.0,0.0,0.0,1.0,100.0
2018-12-13 23:00:00,0.0,0.0,0.0,False,True,False,6,cap_reached,0.0,0.0,0.0,0.0,0.0,0.0,1.0,100.0
2018-12-14 00:00:00,0.0,0.0,0.0,False,True,False,0,night,0.0,0.0,0.0,0.0,0.0,0.0,1.0,100.0
2018-12-14 01:00:00,0.0,0.0,0.0,False,True,False,0,night,0.0,0.0,0.0,0.0,0.0,0.0,1.0,100.0
2018-12-14 02:00:00,0.0,0.0,0.0,False,True,False,0,night,0.0,0.0,0.0,0.0,0.0,0.0,1.0,100.0
2018-12-14 03:00:00,0.0,0.0,0.0,False,True,False,0,night,0.0,0.0,0.0,0.0,0.0,0.0,1.0,100.0
2018-12-14 04:00:00,0.0,0.0,0.0,False,True,False,0,night,0.0,0.0,0.0,0.0,0.0,0.0,1.0,100.0
2018-12-14 05:00:00,0.0,0.0,0.0,False,True,False,0,night,0.0,0.0,0.0,0.0,0.0,0.0,1.0,100.0
2018-12-14 06:00:00,0.0,0.0,0.0,False,True,False,0,night,0.0,0.0,0.0,0.0,0.0,0.0,1.0,100.0
2018-12-14 07:00:00,0.06,0.057,12.0,False,True,False,0,night,0.0,0.0,0.0,0.0,0.057,0.0,1.0,100.0
2018-12-14 08:00:00,0.298,0.286,186.0,True,True,False,0,battery_empty,0.0,0.0,0.0,0.0,0.286,0.0,1.0,100.0
2018-12-14 09:00:00,0.838,0.805,374.0,True,True,True,1,ok,0.805,0.458,1.263,0.0,0.0,-0.482,0.518,51.8
2018-12-14 10:00:00,1.329,1.275,536.0,True,True,True,2,ok,1.263,0.0,1.263,0.012,0.0,0.012,0.529,52.9
2018-12-14 11:00:00,1.656,1.589,642.0,True,True,True,3,ok,1.263,0.0,1.263,0.31,0.0,0.31,0.84,84.0
2018-12-14 12:00:00,1.786,1.714,686.0,True,True,True,4,ok,1.263,0.0,1.263,0.16,0.282,0.16,1.0,100.0
2018-12-14 13:00:00,1.704,1.635,659.0,True,True,True,5,ok,1.263,0.0,1.263,0.0,0.372,0.0,1.0,100.0
2018-12-14 14:00:00,1.402,1.346,568.0,True,True,True,6,ok,1.263,0.0,1.263,0.0,0.083,0.0,1.0,100.0
2018-12-14 15:00:00,0.928,0.89,420.0,True,True,False,6,cap_reached,0.0,0.0,0.0,0.0,0.89,0.0,1.0,100.0
2018-12-14 16:00:00,0.356,0.342,232.0,True,True,False,6,cap_reached,0.0,0.0,0.0,0.0,0.342,0.0,1.0,100.0
2018-12-14 17:00:00,0.13,0.125,47.0,True,True,False,6,cap_reached,0.0,0.0,0.0,0.0,0.125,0.0,1.0,100.0
2018-12-14 18:00:00,0.0,0.0,0.0,False,True,False,6,cap_reached,0.0,0.0,0.0,0.0,0.0,0.0,1.0,100.0
2018-12-14 19:00:00,0.0,0.0,0.0,False,True,False,6,cap_reached,0.0,0.0,0.0,0.0,0.0,0.0,1.0,100.0
2018-12-14 20:00:00,0.0,0.0,0.0,False,True,False,6,cap_reached,0.0,0.0,0.0,0.0,0.0,0.0,1.0,100.0
2018-12-14 21:00:00,0.0,0.0,0.0,False,True,False,6,cap_reached,0.0,0.0,0.0,0.0,0.0,0.0,1.0,100.0
2018-12-14 22:00:00,0.0,0.0,0.0,False,True,False,6,cap_reached,0.0,0.0,0.0,0.0,0.0,0.0,1.0,100.0
2018-12-14 23:00:00,0.0,0.0,0.0,False,True,False,6,cap_reached,0.0,0.0,0.0,0.0,0.0,0.0,1.0,100.0
2018-12-15 00:00:00,0.0,0.0,0.0,False,True,False,0,night,0.0,0.0,0.0,0.0,0.0,0.0,1.0,100.0
2018-12-15 01:00:00,0.0,0.0,0.0,False,True,False,0,night,0.0,0.0,0.0,0.0,0.0,0.0,1.0,100.0
2018-12-15 02:00:00,0.0,0.0,0.0,False,True,False,0,night,0.0,0.0,0.0,0.0,0.0,0.0,1.0,100.0
2018-12-15 03:00:00,0.0,0.0,0.0,False,True,False,0,night,0.0,0.0,0.0,0.0,0.0,0.0,1.0,100.0
2018-12-15 04:00:00,0.0,0.0,0.0,False,True,False,0,night,0.0,0.0,0.0,0.0,0.0,0.0,1.0,100.0
2018-12-15 05:00:00,0.0,0.0,0.0,False,True,False,0,night,0.0,0.0,0.0,0.0,0.0,0.0,1.0,100.0
2018-12-15 06:00:00,0.0,0.0,0.0,False,True,False,0,night,0.0,0.0,0.0,0.0,0.0,0.0,1.0,100.0
2018-12-15 07:00:00,0.04,0.038,8.0,False,True,False,0,night,0.0,0.0,0.0,0.0,0.038,0.0,1.0,100.0
2018-12-15 08:00:00,0.302,0.29,180.0,True,True,False,0,battery_empty,0.0,0.0,0.0,0.0,0.29,0.0,1.0,100.0
2018-12-15 09:00:00,0.83,0.797,371.0,True,True,True,1,ok,0.797,0.466,1.263,0.0,0.0,-0.491,0.509,50.9
2018-12-15 10:00:00,1.325,1.272,532.0,True,True,True,2,ok,1.263,0.0,1.263,0.008,0.0,0.008,0.517,51.7
2018-12-15 11:00:00,1.671,1.604,638.0,True,True,True,3,ok,1.263,0.0,1.263,0.324,0.0,0.324,0.841,84.1
2018-12-15 12:00:00,1.982,1.903,468.0,True,True,True,4,ok,1.263,0.0,1.263,0.159,0.473,0.159,1.0,100.0
2018-12-15 13:00:00,1.821,1.748,416.0,True,True,True,5,ok,1.263,0.0,1.263,0.0,0.485,0.0,1.0,100.0
2018-12-15 14:00:00,1.418,1.361,451.0,True,True,True,6,ok,1.263,0.0,1.263,0.0,0.098,0.0,1.0,100.0
2018-12-15 15:00:00,0.713,0.684,147.0,True,True,False,6,cap_reached,0.0,0.0,0.0,0.0,0.684,0.0,1.0,100.0
2018-12-15 16:00:00,0.371,0.356,233.0,True,True,False,6,cap_reached,0.0,0.0,0.0,0.0,0.356,0.0,1.0,100.0
2018-12-15 17:00:00,0.144,0.138,29.0,True,True,False,6,cap_reached,0.0,0.0,0.0,0.0,0.138,0.0,1.0,100.0
2018-12-15 18:00:00,0.0,0.0,0.0,False,True,False,6,cap_reached,0.0,0.0,0.0,0.0,0.0,0.0,1.0,100.0
2018-12-15 19:00:00,0.0,0.0,0.0,False,True,False,6,cap_reached,0.0,0.0,0.0,0.0,0.0,0.0,1.0,100.0
2018-12-15 20:00:00,0.0,0.0,0.0,False,True,False,6,cap_reached,0.0,0.0,0.0,0.0,0.0,0.0,1.0,100.0
2018-12-15 21:00:00,0.0,0.0,0.0,False,True,False,6,cap_reached,0.0,0.0,0.0,0.0,0.0,0.0,1.0,100.0
2018-12-15 22:00:00,0.0,0.0,0.0,False,True,False,6,cap_reached,0.0,0.0,0.0,0.0,0.0,0.0,1.0,100.0
2018-12-15 23:00:00,0.0,0.0,0.0,False,True,False,6,cap_reached,0.0,0.0,0.0,0.0,0.0,0.0,1.0,100.0
2018-12-16 00:00:00,0.0,0.0,0.0,False,True,False,0,night,0.0,0.0,0.0,0.0,0.0,0.0,1.0,100.0
2018-12-16 01:00:00,0.0,0.0,0.0,False,True,False,0,night,0.0,0.0,0.0,0.0,0.0,0.0,1.0,100.0
2018-12-16 02:00:00,0.0,0.0,0.0,False,True,False,0,night,0.0,0.0,0.0,0.0,0.0,0.0,1.0,100.0
2018-12-16 03:00:00,0.0,0.0,0.0,False,True,False,0,night,0.0,0.0,0.0,0.0,0.0,0.0,1.0,100.0
2018-12-16 04:00:00,0.0,0.0,0.0,False,True,False,0,night,0.0,0.0,0.0,0.0,0.0,0.0,1.0,100.0
2018-12-16 05:00:00,0.0,0.0,0.0,False,True,False,0,night,0.0,0.0,0.0,0.0,0.0,0.0,1.0,100.0
2018-12-16 06:00:00,0.0,0.0,0.0,False,True,False,0,night,0.0,0.0,0.0,0.0,0.0,0.0,1.0,100.0
2018-12-16 07:00:00,0.065,0.062,16.0,False,True,False,0,night,0.0,0.0,0.0,0.0,0.062,0.0,1.0,100.0
2018-12-16 08:00:00,0.249,0.239,182.0,True,True,False,0,battery_empty,0.0,0.0,0.0,0.0,0.239,0.0,1.0,100.0
2018-12-16 09:00:00,0.774,0.744,370.0,True,True,True,1,ok,0.744,0.519,1.263,0.0,0.0,-0.547,0.453,45.3
2018-12-16 10:00:00,1.291,1.24,525.0,True,True,True,2,ok,1.24,0.023,1.263,0.0,0.0,-0.024,0.429,42.9
2018-12-16 11:00:00,1.64,1.574,630.0,True,True,True,3,ok,1.263,0.0,1.263,0.296,0.0,0.296,0.725,72.5
2018-12-16 12:00:00,1.781,1.71,672.0,True,True,True,4,ok,1.263,0.0,1.263,0.275,0.157,0.275,1.0,100.0
2018-12-16 13:00:00,1.697,1.629,649.0,True,True,True,5,ok,1.263,0.0,1.263,0.0,0.366,0.0,1.0,100.0
2018-12-16 14:00:00,1.408,1.352,559.0,True,True,True,6,ok,1.263,0.0,1.263,0.0,0.089,0.0,1.0,100.0
2018-12-16 15:00:00,0.941,0.903,413.0,True,True,False,6,cap_reached,0.0,0.0,0.0,0.0,0.903,0.0,1.0,100.0
2018-12-16 16:00:00,0.382,0.367,229.0,True,True,False,6,cap_reached,0.0,0.0,0.0,0.0,0.367,0.0,1.0,100.0
2018-12-16 17:00:00,0.141,0.135,47.0,True,True,False,6,cap_reached,0.0,0.0,0.0,0.0,0.135,0.0,1.0,100.0
2018-12-16 18:00:00,0.0,0.0,0.0,False,True,False,6,cap_reached,0.0,0.0,0.0,0.0,0.0,0.0,1.0,100.0
2018-12-16 19:00:00,0.0,0.0,0.0,False,True,False,6,cap_reached,0.0,0.0,0.0,0.0,0.0,0.0,1.0,100.0
2018-12-16 20:00:00,0.0,0.0,0.0,False,True,False,6,cap_reached,0.0,0.0,0.0,0.0,0.0,0.0,1.0,100.0
2018-12-16 21:00:00,0.0,0.0,0.0,False,True,False,6,cap_reached,0.0,0.0,0.0,0.0,0.0,0.0,1.0,100.0
2018-12-16 22:00:00,0.0,0.0,0.0,False,True,False,6,cap_reached,0.0,0.0,0.0,0.0,0.0,0.0,1.0,100.0
2018-12-16 23:00:00,0.0,0.0,0.0,False,True,False,6,cap_reached,0.0,0.0,0.0,0.0,0.0,0.0,1.0,100.0
2018-12-17 00:00:00,0.0,0.0,0.0,False,True,False,0,night,0.0,0.0,0.0,0.0,0.0,0.0,1.0,100.0
2018-12-17 01:00:00,0.0,0.0,0.0,False,True,False,0,night,0.0,0.0,0.0,0.0,0.0,0.0,1.0,100.0
2018-12-17 02:00:00,0.0,0.0,0.0,False,True,False,0,night,0.0,0.0,0.0,0.0,0.0,0.0,1.0,100.0
2018-12-17 03:00:00,0.0,0.0,0.0,False,True,False,0,night,0.0,0.0,0.0,0.0,0.0,0.0,1.0,100.0
2018-12-17 04:00:00,0.0,0.0,0.0,False,True,False,0,night,0.0,0.0,0.0,0.0,0.0,0.0,1.0,100.0
2018-12-17 05:00:00,0.0,0.0,0.0,False,True,False,0,night,0.0,0.0,0.0,0.0,0.0,0.0,1.0,100.0
2018-12-17 06:00:00,0.0,0.0,0.0,False,True,False,0,night,0.0,0.0,0.0,0.0,0.0,0.0,1.0,100.0
2018-12-17 07:00:00,0.065,0.063,15.0,False,True,False,0,night,0.0,0.0,0.0,0.0,0.063,0.0,1.0,100.0
2018-12-17 08:00:00,0.28,0.269,178.0,True,True,False,0,battery_empty,0.0,0.0,0.0,0.0,0.269,0.0,1.0,100.0
2018-12-17 09:00:00,0.805,0.773,370.0,True,True,True,1,ok,0.773,0.49,1.263,0.0,0.0,-0.516,0.484,48.4
2018-12-17 10:00:00,1.329,1.276,526.0,True,True,True,2,ok,1.263,0.0,1.263,0.013,0.0,0.013,0.496,49.6
2018-12-17 11:00:00,1.679,1.612,633.0,True,True,True,3,ok,1.263,0.0,1.263,0.332,0.0,0.332,0.828,82.8
2018-12-17 12:00:00,0.957,0.919,195.0,True,True,True,4,ok,0.919,0.344,1.263,0.0,0.0,-0.362,0.466,46.6
2018-12-17 13:00:00,1.73,1.66,659.0,True,True,True,5,ok,1.263,0.0,1.263,0.378,0.0,0.378,0.843,84.3
2018-12-17 14:00:00,1.433,1.375,571.0,True,True,True,6,ok,1.263,0.0,1.263,0.107,0.0,0.107,0.95,95.0
2018-12-17 15:00:00,0.949,0.911,426.0,True,True,False,6,cap_reached,0.0,0.0,0.0,0.05,0.858,0.05,1.0,100.0
2018-12-17 16:00:00,0.36,0.346,241.0,True,True,False,6,cap_reached,0.0,0.0,0.0,0.0,0.346,0.0,1.0,100.0
2018-12-17 17:00:00,0.127,0.122,53.0,True,True,False,6,cap_reached,0.0,0.0,0.0,0.0,0.122,0.0,1.0,100.0
2018-12-17 18:00:00,0.0,0.0,0.0,False,True,False,6,cap_reached,0.0,0.0,0.0,0.0,0.0,0.0,1.0,100.0
2018-12-17 19:00:00,0.0,0.0,0.0,False,True,False,6,cap_reached,0.0,0.0,0.0,0.0,0.0,0.0,1.0,100.0
2018-12-17 20:00:00,0.0,0.0,0.0,False,True,False,6,cap_reached,0.0,0.0,0.0,0.0,0.0,0.0,1.0,100.0
2018-12-17 21:00:00,0.0,0.0,0.0,False,True,False,6,cap_reached,0.0,0.0,0.0,0.0,0.0,0.0,1.0,100.0
2018-12-17 22:00:00,0.0,0.0,0.0,False,True,False,6,cap_reached,0.0,0.0,0.0,0.0,0.0,0.0,1.0,100.0
2018-12-17 23:00:00,0.0,0.0,0.0,False,True,False,6,cap_reached,0.0,0.0,0.0,0.0,0.0,0.0,1.0,100.0
2018-12-18 00:00:00,0.0,0.0,0.0,False,True,False,0,night,0.0,0.0,0.0,0.0,0.0,0.0,1.0,100.0
2018-12-18 01:00:00,0.0,0.0,0.0,False,True,False,0,night,0.0,0.0,0.0,0.0,0.0,0.0,1.0,100.0
2018-12-18 02:00:00,0.0,0.0,0.0,False,True,False,0,night,0.0,0.0,0.0,0.0,0.0,0.0,1.0,100.0
2018-12-18 03:00:00,0.0,0.0,0.0,False,True,False,0,night,0.0,0.0,0.0,0.0,0.0,0.0,1.0,100.0
2018-12-18 04:00:00,0.0,0.0,0.0,False,True,False,0,night,0.0,0.0,0.0,0.0,0.0,0.0,1.0,100.0
2018-12-18 05:00:00,0.0,0.0,0.0,False,True,False,0,night,0.0,0.0,0.0,0.0,0.0,0.0,1.0,100.0
2018-12-18 06:00:00,0.0,0.0,0.0,False,True,False,0,night,0.0,0.0,0.0,0.0,0.0,0.0,1.0,100.0
2018-12-18 07:00:00,0.061,0.058,16.0,False,True,False,0,night,0.0,0.0,0.0,0.0,0.058,0.0,1.0,100.0
2018-12-18 08:00:00,0.242,0.232,191.0,True,True,False,0,battery_empty,0.0,0.0,0.0,0.0,0.232,0.0,1.0,100.0
2018-12-18 09:00:00,0.788,0.757,389.0,True,True,True,1,ok,0.757,0.506,1.263,0.0,0.0,-0.533,0.467,46.7
2018-12-18 10:00:00,1.325,1.272,553.0,True,True,True,2,ok,1.263,0.0,1.263,0.009,0.0,0.009,0.476,47.6
2018-12-18 11:00:00,1.689,1.621,663.0,True,True,True,3,ok,1.263,0.0,1.263,0.34,0.0,0.34,0.817,81.7
2018-12-18 12:00:00,1.835,1.762,708.0,True,True,True,4,ok,1.263,0.0,1.263,0.183,0.306,0.183,1.0,100.0
2018-12-18 13:00:00,1.753,1.683,685.0,True,True,True,5,ok,1.263,0.0,1.263,0.0,0.42,0.0,1.0,100.0
2018-12-18 14:00:00,1.667,1.6,376.0,True,True,True,6,ok,1.263,0.0,1.263,0.0,0.337,0.0,1.0,100.0
2018-12-18 15:00:00,0.958,0.919,445.0,True,True,False,6,cap_reached,0.0,0.0,0.0,0.0,0.919,0.0,1.0,100.0
2018-12-18 16:00:00,0.349,0.335,254.0,True,True,False,6,cap_reached,0.0,0.0,0.0,0.0,0.335,0.0,1.0,100.0
2018-12-18 17:00:00,0.122,0.117,58.0,True,True,False,6,cap_reached,0.0,0.0,0.0,0.0,0.117,0.0,1.0,100.0
2018-12-18 18:00:00,0.0,0.0,0.0,False,True,False,6,cap_reached,0.0,0.0,0.0,0.0,0.0,0.0,1.0,100.0
2018-12-18 19:00:00,0.0,0.0,0.0,False,True,False,6,cap_reached,0.0,0.0,0.0,0.0,0.0,0.0,1.0,100.0
2018-12-18 20:00:00,0.0,0.0,0.0,False,True,False,6,cap_reached,0.0,0.0,0.0,0.0,0.0,0.0,1.0,100.0
2018-12-18 21:00:00,0.0,0.0,0.0,False,True,False,6,cap_reached,0.0,0.0,0.0,0.0,0.0,0.0,1.0,100.0
2018-12-18 22:00:00,0.0,0.0,0.0,False,True,False,6,cap_reached,0.0,0.0,0.0,0.0,0.0,0.0,1.0,100.0
2018-12-18 23:00:00,0.0,0.0,0.0,False,True,False,6,cap_reached,0.0,0.0,0.0,0.0,0.0,0.0,1.0,100.0
2018-12-19 00:00:00,0.0,0.0,0.0,False,True,False,0,night,0.0,0.0,0.0,0.0,0.0,0.0,1.0,100.0
2018-12-19 01:00:00,0.0,0.0,0.0,False,True,False,0,night,0.0,0.0,0.0,0.0,0.0,0.0,1.0,100.0
2018-12-19 02:00:00,0.0,0.0,0.0,False,True,False,0,night,0.0,0.0,0.0,0.0,0.0,0.0,1.0,100.0
2018-12-19 03:00:00,0.0,0.0,0.0,False,True,False,0,night,0.0,0.0,0.0,0.0,0.0,0.0,1.0,100.0
2018-12-19 04:00:00,0.0,0.0,0.0,False,True,False,0,night,0.0,0.0,0.0,0.0,0.0,0.0,1.0,100.0
2018-12-19 05:00:00,0.0,0.0,0.0,False,True,False,0,night,0.0,0.0,0.0,0.0,0.0,0.0,1.0,100.0
2018-12-19 06:00:00,0.0,0.0,0.0,False,True,False,0,night,0.0,0.0,0.0,0.0,0.0,0.0,1.0,100.0
2018-12-19 07:00:00,0.055,0.053,15.0,False,True,False,0,night,0.0,0.0,0.0,0.0,0.053,0.0,1.0,100.0
2018-12-19 08:00:00,0.231,0.222,186.0,True,True,False,0,battery_empty,0.0,0.0,0.0,0.0,0.222,0.0,1.0,100.0
2018-12-19 09:00:00,0.765,0.734,381.0,True,True,True,1,ok,0.734,0.529,1.263,0.0,0.0,-0.557,0.443,44.3
2018-12-19 10:00:00,1.565,1.503,356.0,True,True,True,2,ok,1.263,0.0,1.263,0.228,0.0,0.228,0.671,67.1
2018-12-19 11:00:00,1.478,1.419,315.0,True,True,True,3,ok,1.263,0.0,1.263,0.148,0.0,0.148,0.819,81.9
2018-12-19 12:00:00,2.05,1.968,491.0,True,True,True,4,ok,1.263,0.0,1.263,0.181,0.515,0.181,1.0,100.0
2018-12-19 13:00:00,1.722,1.653,678.0,True,True,True,5,ok,1.263,0.0,1.263,0.0,0.39,0.0,1.0,100.0
2018-12-19 14:00:00,1.422,1.365,589.0,True,True,True,6,ok,1.263,0.0,1.263,0.0,0.102,0.0,1.0,100.0
2018-12-19 15:00:00,0.935,0.898,440.0,True,True,False,6,cap_reached,0.0,0.0,0.0,0.0,0.898,0.0,1.0,100.0
2018-12-19 16:00:00,0.344,0.33,250.0,True,True,False,6,cap_reached,0.0,0.0,0.0,0.0,0.33,0.0,1.0,100.0
2018-12-19 17:00:00,0.121,0.116,57.0,True,True,False,6,cap_reached,0.0,0.0,0.0,0.0,0.116,0.0,1.0,100.0
2018-12-19 18:00:00,0.0,0.0,0.0,False,True,False,6,cap_reached,0.0,0.0,0.0,0.0,0.0,0.0,1.0,100.0
2018-12-19 19:00:00,0.0,0.0,0.0,False,True,False,6,cap_reached,0.0,0.0,0.0,0.0,0.0,0.0,1.0,100.0
2018-12-19 20:00:00,0.0,0.0,0.0,False,True,False,6,cap_reached,0.0,0.0,0.0,0.0,0.0,0.0,1.0,100.0
2018-12-19 21:00:00,0.0,0.0,0.0,False,True,False,6,cap_reached,0.0,0.0,0.0,0.0,0.0,0.0,1.0,100.0
2018-12-19 22:00:00,0.0,0.0,0.0,False,True,False,6,cap_reached,0.0,0.0,0.0,0.0,0.0,0.0,1.0,100.0
2018-12-19 23:00:00,0.0,0.0,0.0,False,True,False,6,cap_reached,0.0,0.0,0.0,0.0,0.0,0.0,1.0,100.0
2018-12-20 00:00:00,0.0,0.0,0.0,False,True,False,0,night,0.0,0.0,0.0,0.0,0.0,0.0,1.0,100.0
2018-12-20 01:00:00,0.0,0.0,0.0,False,True,False,0,night,0.0,0.0,0.0,0.0,0.0,0.0,1.0,100.0
2018-12-20 02:00:00,0.0,0.0,0.0,False,True,False,0,night,0.0,0.0,0.0,0.0,0.0,0.0,1.0,100.0
2018-12-20 03:00:00,0.0,0.0,0.0,False,True,False,0,night,0.0,0.0,0.0,0.0,0.0,0.0,1.0,100.0
2018-12-20 04:00:00,0.0,0.0,0.0,False,True,False,0,night,0.0,0.0,0.0,0.0,0.0,0.0,1.0,100.0
2018-12-20 05:00:00,0.0,0.0,0.0,False,True,False,0,night,0.0,0.0,0.0,0.0,0.0,0.0,1.0,100.0
2018-12-20 06:00:00,0.0,0.0,0.0,False,True,False,0,night,0.0,0.0,0.0,0.0,0.0,0.0,1.0,100.0
2018-12-20 07:00:00,0.055,0.053,13.0,False,True,False,0,night,0.0,0.0,0.0,0.0,0.053,0.0,1.0,100.0
2018-12-20 08:00:00,0.268,0.257,174.0,True,True,False,0,battery_empty,0.0,0.0,0.0,0.0,0.257,0.0,1.0,100.0
2018-12-20 09:00:00,0.784,0.753,363.0,True,True,True,1,ok,0.753,0.51,1.263,0.0,0.0,-0.537,0.463,46.3
2018-12-20 10:00:00,1.284,1.232,525.0,True,True,True,2,ok,1.232,0.031,1.263,0.0,0.0,-0.032,0.431,43.1
2018-12-20 11:00:00,1.634,1.568,633.0,True,True,True,3,ok,1.263,0.0,1.263,0.29,0.0,0.29,0.721,72.1
2018-12-20 12:00:00,1.786,1.715,679.0,True,True,True,4,ok,1.263,0.0,1.263,0.279,0.158,0.279,1.0,100.0
2018-12-20 13:00:00,1.713,1.644,658.0,True,True,True,5,ok,1.263,0.0,1.263,0.0,0.381,0.0,1.0,100.0
2018-12-20 14:00:00,1.424,1.367,571.0,True,True,True,6,ok,1.263,0.0,1.263,0.0,0.104,0.0,1.0,100.0
2018-12-20 15:00:00,0.925,0.888,194.0,True,True,False,6,cap_reached,0.0,0.0,0.0,0.0,0.888,0.0,1.0,100.0
2018-12-20 16:00:00,0.401,0.384,237.0,True,True,False,6,cap_reached,0.0,0.0,0.0,0.0,0.384,0.0,1.0,100.0
2018-12-20 17:00:00,0.15,0.144,51.0,True,True,False,6,cap_reached,0.0,0.0,0.0,0.0,0.144,0.0,1.0,100.0
2018-12-20 18:00:00,0.0,0.0,0.0,False,True,False,6,cap_reached,0.0,0.0,0.0,0.0,0.0,0.0,1.0,100.0
2018-12-20 19:00:00,0.0,0.0,0.0,False,True,False,6,cap_reached,0.0,0.0,0.0,0.0,0.0,0.0,1.0,100.0
2018-12-20 20:00:00,0.0,0.0,0.0,False,True,False,6,cap_reached,0.0,0.0,0.0,0.0,0.0,0.0,1.0,100.0
2018-12-20 21:00:00,0.0,0.0,0.0,False,True,False,6,cap_reached,0.0,0.0,0.0,0.0,0.0,0.0,1.0,100.0
2018-12-20 22:00:00,0.0,0.0,0.0,False,True,False,6,cap_reached,0.0,0.0,0.0,0.0,0.0,0.0,1.0,100.0
2018-12-20 23:00:00,0.0,0.0,0.0,False,True,False,6,cap_reached,0.0,0.0,0.0,0.0,0.0,0.0,1.0,100.0
2018-12-21 00:00:00,0.0,0.0,0.0,False,True,False,0,night,0.0,0.0,0.0,0.0,0.0,0.0,1.0,100.0
2018-12-21 01:00:00,0.0,0.0,0.0,False,True,False,0,night,0.0,0.0,0.0,0.0,0.0,0.0,1.0,100.0
2018-12-21 02:00:00,0.0,0.0,0.0,False,True,False,0,night,0.0,0.0,0.0,0.0,0.0,0.0,1.0,100.0
2018-12-21 03:00:00,0.0,0.0,0.0,False,True,False,0,night,0.0,0.0,0.0,0.0,0.0,0.0,1.0,100.0
2018-12-21 04:00:00,0.0,0.0,0.0,False,True,False,0,night,0.0,0.0,0.0,0.0,0.0,0.0,1.0,100.0
2018-12-21 05:00:00,0.0,0.0,0.0,False,True,False,0,night,0.0,0.0,0.0,0.0,0.0,0.0,1.0,100.0
2018-12-21 06:00:00,0.0,0.0,0.0,False,True,False,0,night,0.0,0.0,0.0,0.0,0.0,0.0,1.0,100.0
2018-12-21 07:00:00,0.015,0.014,3.0,False,True,False,0,night,0.0,0.0,0.0,0.0,0.014,0.0,1.0,100.0
2018-12-21 08:00:00,0.404,0.388,153.0,True,True,False,0,battery_empty,0.0,0.0,0.0,0.0,0.388,0.0,1.0,100.0
2018-12-21 09:00:00,0.263,0.252,53.0,True,True,False,0,battery_empty,0.0,0.0,0.0,0.0,0.252,0.0,1.0,100.0
2018-12-21 10:00:00,1.329,1.276,517.0,True,True,True,1,ok,1.263,0.0,1.263,0.0,0.013,0.0,1.0,100.0
2018-12-21 11:00:00,1.276,1.225,265.0,True,True,True,2,ok,1.225,0.038,1.263,0.0,0.0,-0.04,0.96,96.0
2018-12-21 12:00:00,1.799,1.727,400.0,True,True,True,3,ok,1.263,0.0,1.263,0.04,0.422,0.04,1.0,100.0
2018-12-21 13:00:00,1.989,1.91,462.0,True,True,True,4,ok,1.263,0.0,1.263,0.0,0.647,0.0,1.0,100.0
2018-12-21 14:00:00,1.527,1.466,573.0,True,True,True,5,ok,1.263,0.0,1.263,0.0,0.203,0.0,1.0,100.0
2018-12-21 15:00:00,1.068,1.025,424.0,True,True,True,6,ok,1.025,0.238,1.263,0.0,0.0,-0.25,0.75,75.0
2018-12-21 16:00:00,0.52,0.5,236.0,True,True,False,6,cap_reached,0.0,0.0,0.0,0.25,0.236,0.25,1.0,100.0
2018-12-21 17:00:00,0.195,0.187,50.0,True,True,False,6,cap_reached,0.0,0.0,0.0,0.0,0.187,0.0,1.0,100.0
2018-12-21 18:00:00,0.0,0.0,0.0,False,True,False,6,cap_reached,0.0,0.0,0.0,0.0,0.0,0.0,1.0,100.0
2018-12-21 19:00:00,0.0,0.0,0.0,False,True,False,6,cap_reached,0.0,0.0,0.0,0.0,0.0,0.0,1.0,100.0
2018-12-21 20:00:00,0.0,0.0,0.0,False,True,False,6,cap_reached,0.0,0.0,0.0,0.0,0.0,0.0,1.0,100.0
2018-12-21 21:00:00,0.0,0.0,0.0,False,True,False,6,cap_reached,0.0,0.0,0.0,0.0,0.0,0.0,1.0,100.0
2018-12-21 22:00:00,0.0,0.0,0.0,False,True,False,6,cap_reached,0.0,0.0,0.0,0.0,0.0,0.0,1.0,100.0
2018-12-21 23:00:00,0.0,0.0,0.0,False,True,False,6,cap_reached,0.0,0.0,0.0,0.0,0.0,0.0,1.0,100.0
2018-12-22 00:00:00,0.0,0.0,0.0,False,True,False,0,night,0.0,0.0,0.0,0.0,0.0,0.0,1.0,100.0
2018-12-22 01:00:00,0.0,0.0,0.0,False,True,False,0,night,0.0,0.0,0.0,0.0,0.0,0.0,1.0,100.0
2018-12-22 02:00:00,0.0,0.0,0.0,False,True,False,0,night,0.0,0.0,0.0,0.0,0.0,0.0,1.0,100.0
2018-12-22 03:00:00,0.0,0.0,0.0,False,True,False,0,night,0.0,0.0,0.0,0.0,0.0,0.0,1.0,100.0
2018-12-22 04:00:00,0.0,0.0,0.0,False,True,False,0,night,0.0,0.0,0.0,0.0,0.0,0.0,1.0,100.0
2018-12-22 05:00:00,0.0,0.0,0.0,False,True,False,0,night,0.0,0.0,0.0,0.0,0.0,0.0,1.0,100.0
2018-12-22 06:00:00,0.0,0.0,0.0,False,True,False,0,night,0.0,0.0,0.0,0.0,0.0,0.0,1.0,100.0
2018-12-22 07:00:00,0.0,0.0,0.0,False,True,False,0,night,0.0,0.0,0.0,0.0,0.0,0.0,1.0,100.0
2018-12-22 08:00:00,0.302,0.29,181.0,True,True,False,0,battery_empty,0.0,0.0,0.0,0.0,0.29,0.0,1.0,100.0
2018-12-22 09:00:00,0.823,0.79,385.0,True,True,True,1,ok,0.79,0.473,1.263,0.0,0.0,-0.498,0.502,50.2
2018-12-22 10:00:00,1.374,1.319,292.0,True,True,True,2,ok,1.263,0.0,1.263,0.053,0.0,0.053,0.556,55.6
2018-12-22 11:00:00,1.579,1.516,335.0,True,True,True,3,ok,1.263,0.0,1.263,0.241,0.0,0.241,0.796,79.6
2018-12-22 12:00:00,1.895,1.819,720.0,True,True,True,4,ok,1.263,0.0,1.263,0.204,0.342,0.204,1.0,100.0
2018-12-22 13:00:00,1.823,1.75,697.0,True,True,True,5,ok,1.263,0.0,1.263,0.0,0.487,0.0,1.0,100.0
2018-12-22 14:00:00,1.519,1.458,607.0,True,True,True,6,ok,1.263,0.0,1.263,0.0,0.195,0.0,1.0,100.0
2018-12-22 15:00:00,1.015,0.974,454.0,True,True,False,6,cap_reached,0.0,0.0,0.0,0.0,0.974,0.0,1.0,100.0
2018-12-22 16:00:00,0.4,0.384,261.0,True,True,False,6,cap_reached,0.0,0.0,0.0,0.0,0.384,0.0,1.0,100.0
2018-12-22 17:00:00,0.148,0.142,62.0,True,True,False,6,cap_reached,0.0,0.0,0.0,0.0,0.142,0.0,1.0,100.0
2018-12-22 18:00:00,0.0,0.0,0.0,False,True,False,6,cap_reached,0.0,0.0,0.0,0.0,0.0,0.0,1.0,100.0
2018-12-22 19:00:00,0.0,0.0,0.0,False,True,False,6,cap_reached,0.0,0.0,0.0,0.0,0.0,0.0,1.0,100.0
2018-12-22 20:00:00,0.0,0.0,0.0,False,True,False,6,cap_reached,0.0,0.0,0.0,0.0,0.0,0.0,1.0,100.0
2018-12-22 21:00:00,0.0,0.0,0.0,False,True,False,6,cap_reached,0.0,0.0,0.0,0.0,0.0,0.0,1.0,100.0
2018-12-22 22:00:00,0.0,0.0,0.0,False,True,False,6,cap_reached,0.0,0.0,0.0,0.0,0.0,0.0,1.0,100.0
2018-12-22 23:00:00,0.0,0.0,0.0,False,True,False,6,cap_reached,0.0,0.0,0.0,0.0,0.0,0.0,1.0,100.0
2018-12-23 00:00:00,0.0,0.0,0.0,False,True,False,0,night,0.0,0.0,0.0,0.0,0.0,0.0,1.0,100.0
2018-12-23 01:00:00,0.0,0.0,0.0,False,True,False,0,night,0.0,0.0,0.0,0.0,0.0,0.0,1.0,100.0
2018-12-23 02:00:00,0.0,0.0,0.0,False,True,False,0,night,0.0,0.0,0.0,0.0,0.0,0.0,1.0,100.0
2018-12-23 03:00:00,0.0,0.0,0.0,False,True,False,0,night,0.0,0.0,0.0,0.0,0.0,0.0,1.0,100.0
2018-12-23 04:00:00,0.0,0.0,0.0,False,True,False,0,night,0.0,0.0,0.0,0.0,0.0,0.0,1.0,100.0
2018-12-23 05:00:00,0.0,0.0,0.0,False,True,False,0,night,0.0,0.0,0.0,0.0,0.0,0.0,1.0,100.0
2018-12-23 06:00:00,0.0,0.0,0.0,False,True,False,0,night,0.0,0.0,0.0,0.0,0.0,0.0,1.0,100.0
2018-12-23 07:00:00,0.0,0.0,0.0,False,True,False,0,night,0.0,0.0,0.0,0.0,0.0,0.0,1.0,100.0
2018-12-23 08:00:00,0.252,0.242,185.0,True,True,False,0,battery_empty,0.0,0.0,0.0,0.0,0.242,0.0,1.0,100.0
2018-12-23 09:00:00,0.786,0.755,386.0,True,True,True,1,ok,0.755,0.508,1.263,0.0,0.0,-0.535,0.465,46.5
2018-12-23 10:00:00,1.486,1.427,323.0,True,True,True,2,ok,1.263,0.0,1.263,0.156,0.0,0.156,0.621,62.1
2018-12-23 11:00:00,1.982,1.903,465.0,True,True,True,3,ok,1.263,0.0,1.263,0.379,0.241,0.379,1.0,100.0
2018-12-23 12:00:00,1.875,1.8,717.0,True,True,True,4,ok,1.263,0.0,1.263,0.0,0.537,0.0,1.0,100.0
2018-12-23 13:00:00,2.027,1.946,468.0,True,True,True,5,ok,1.263,0.0,1.263,0.0,0.683,0.0,1.0,100.0
2018-12-23 14:00:00,1.717,1.649,385.0,True,True,True,6,ok,1.263,0.0,1.263,0.0,0.386,0.0,1.0,100.0
2018-12-23 15:00:00,0.968,0.929,199.0,True,True,False,6,cap_reached,0.0,0.0,0.0,0.0,0.929,0.0,1.0,100.0
2018-12-23 16:00:00,0.464,0.445,94.0,True,True,False,6,cap_reached,0.0,0.0,0.0,0.0,0.445,0.0,1.0,100.0
2018-12-23 17:00:00,0.181,0.174,36.0,True,True,False,6,cap_reached,0.0,0.0,0.0,0.0,0.174,0.0,1.0,100.0
2018-12-23 18:00:00,0.0,0.0,0.0,False,True,False,6,cap_reached,0.0,0.0,0.0,0.0,0.0,0.0,1.0,100.0
2018-12-23 19:00:00,0.0,0.0,0.0,False,True,False,6,cap_reached,0.0,0.0,0.0,0.0,0.0,0.0,1.0,100.0
2018-12-23 20:00:00,0.0,0.0,0.0,False,True,False,6,cap_reached,0.0,0.0,0.0,0.0,0.0,0.0,1.0,100.0
2018-12-23 21:00:00,0.0,0.0,0.0,False,True,False,6,cap_reached,0.0,0.0,0.0,0.0,0.0,0.0,1.0,100.0
2018-12-23 22:00:00,0.0,0.0,0.0,False,True,False,6,cap_reached,0.0,0.0,0.0,0.0,0.0,0.0,1.0,100.0
2018-12-23 23:00:00,0.0,0.0,0.0,False,True,False,6,cap_reached,0.0,0.0,0.0,0.0,0.0,0.0,1.0,100.0
2018-12-24 00:00:00,0.0,0.0,0.0,False,True,False,0,night,0.0,0.0,0.0,0.0,0.0,0.0,1.0,100.0
2018-12-24 01:00:00,0.0,0.0,0.0,False,True,False,0,night,0.0,0.0,0.0,0.0,0.0,0.0,1.0,100.0
2018-12-24 02:00:00,0.0,0.0,0.0,False,True,False,0,night,0.0,0.0,0.0,0.0,0.0,0.0,1.0,100.0
2018-12-24 03:00:00,0.0,0.0,0.0,False,True,False,0,night,0.0,0.0,0.0,0.0,0.0,0.0,1.0,100.0
2018-12-24 04:00:00,0.0,0.0,0.0,False,True,False,0,night,0.0,0.0,0.0,0.0,0.0,0.0,1.0,100.0
2018-12-24 05:00:00,0.0,0.0,0.0,False,True,False,0,night,0.0,0.0,0.0,0.0,0.0,0.0,1.0,100.0
2018-12-24 06:00:00,0.0,0.0,0.0,False,True,False,0,night,0.0,0.0,0.0,0.0,0.0,0.0,1.0,100.0
2018-12-24 07:00:00,0.0,0.0,0.0,False,True,False,0,night,0.0,0.0,0.0,0.0,0.0,0.0,1.0,100.0
2018-12-24 08:00:00,0.241,0.232,181.0,True,True,False,0,battery_empty,0.0,0.0,0.0,0.0,0.232,0.0,1.0,100.0
2018-12-24 09:00:00,0.758,0.728,379.0,True,True,True,1,ok,0.728,0.535,1.263,0.0,0.0,-0.563,0.437,43.7
2018-12-24 10:00:00,1.299,1.247,546.0,True,True,True,2,ok,1.247,0.016,1.263,0.0,0.0,-0.017,0.419,41.9
2018-12-24 11:00:00,1.672,1.605,659.0,True,True,True,3,ok,1.263,0.0,1.263,0.325,0.0,0.325,0.744,74.4
2018-12-24 12:00:00,1.829,1.756,707.0,True,True,True,4,ok,1.263,0.0,1.263,0.256,0.224,0.256,1.0,100.0
2018-12-24 13:00:00,1.799,1.727,561.0,True,True,True,5,ok,1.263,0.0,1.263,0.0,0.464,0.0,1.0,100.0
2018-12-24 14:00:00,1.476,1.417,597.0,True,True,True,6,ok,1.263,0.0,1.263,0.0,0.154,0.0,1.0,100.0
2018-12-24 15:00:00,0.989,0.949,448.0,True,True,False,6,cap_reached,0.0,0.0,0.0,0.0,0.949,0.0,1.0,100.0
2018-12-24 16:00:00,0.397,0.381,259.0,True,True,False,6,cap_reached,0.0,0.0,0.0,0.0,0.381,0.0,1.0,100.0
2018-12-24 17:00:00,0.21,0.202,43.0,True,True,False,6,cap_reached,0.0,0.0,0.0,0.0,0.202,0.0,1.0,100.0
2018-12-24 18:00:00,0.0,0.0,0.0,False,True,False,6,cap_reached,0.0,0.0,0.0,0.0,0.0,0.0,1.0,100.0
2018-12-24 19:00:00,0.0,0.0,0.0,False,True,False,6,cap_reached,0.0,0.0,0.0,0.0,0.0,0.0,1.0,100.0
2018-12-24 20:00:00,0.0,0.0,0.0,False,True,False,6,cap_reached,0.0,0.0,0.0,0.0,0.0,0.0,1.0,100.0
2018-12-24 21:00:00,0.0,0.0,0.0,False,True,False,6,cap_reached,0.0,0.0,0.0,0.0,0.0,0.0,1.0,100.0
2018-12-24 22:00:00,0.0,0.0,0.0,False,True,False,6,cap_reached,0.0,0.0,0.0,0.0,0.0,0.0,1.0,100.0
2018-12-24 23:00:00,0.0,0.0,0.0,False,True,False,6,cap_reached,0.0,0.0,0.0,0.0,0.0,0.0,1.0,100.0
2018-12-25 00:00:00,0.0,0.0,0.0,False,True,False,0,night,0.0,0.0,0.0,0.0,0.0,0.0,1.0,100.0
2018-12-25 01:00:00,0.0,0.0,0.0,False,True,False,0,night,0.0,0.0,0.0,0.0,0.0,0.0,1.0,100.0
2018-12-25 02:00:00,0.0,0.0,0.0,False,True,False,0,night,0.0,0.0,0.0,0.0,0.0,0.0,1.0,100.0
2018-12-25 03:00:00,0.0,0.0,0.0,False,True,False,0,night,0.0,0.0,0.0,0.0,0.0,0.0,1.0,100.0
2018-12-25 04:00:00,0.0,0.0,0.0,False,True,False,0,night,0.0,0.0,0.0,0.0,0.0,0.0,1.0,100.0
2018-12-25 05:00:00,0.0,0.0,0.0,False,True,False,0,night,0.0,0.0,0.0,0.0,0.0,0.0,1.0,100.0
2018-12-25 06:00:00,0.0,0.0,0.0,False,True,False,0,night,0.0,0.0,0.0,0.0,0.0,0.0,1.0,100.0
2018-12-25 07:00:00,0.0,0.0,0.0,False,True,False,0,night,0.0,0.0,0.0,0.0,0.0,0.0,1.0,100.0
2018-12-25 08:00:00,0.27,0.259,167.0,True,True,False,0,battery_empty,0.0,0.0,0.0,0.0,0.259,0.0,1.0,100.0
2018-12-25 09:00:00,0.254,0.244,51.0,True,True,False,0,battery_empty,0.0,0.0,0.0,0.0,0.244,0.0,1.0,100.0
2018-12-25 10:00:00,0.686,0.658,139.0,True,True,True,1,ok,0.658,0.605,1.263,0.0,0.0,-0.637,0.363,36.3
2018-12-25 11:00:00,1.203,1.155,247.0,True,True,True,2,ok,1.155,0.108,1.263,0.0,0.0,-0.114,0.25,25.0
2018-12-25 12:00:00,0.714,0.686,145.0,True,True,False,2,battery_empty,0.0,0.0,0.0,0.651,0.0,0.651,0.901,90.1
2018-12-25 13:00:00,0.456,0.438,92.0,True,True,False,2,battery_empty,0.0,0.0,0.0,0.099,0.334,0.099,1.0,100.0
2018-12-25 14:00:00,0.637,0.611,129.0,True,True,True,3,ok,0.611,0.652,1.263,0.0,0.0,-0.686,0.314,31.4
2018-12-25 15:00:00,0.135,0.129,27.0,True,True,False,3,battery_empty,0.0,0.0,0.0,0.123,0.0,0.123,0.437,43.7
2018-12-25 16:00:00,0.095,0.091,19.0,False,True,False,3,night,0.0,0.0,0.0,0.087,0.0,0.087,0.523,52.3
2018-12-25 17:00:00,0.161,0.155,59.0,True,True,False,3,battery_empty,0.0,0.0,0.0,0.147,0.0,0.147,0.67,67.0
2018-12-25 18:00:00,0.0,0.0,0.0,False,True,False,3,night,0.0,0.0,0.0,0.0,0.0,0.0,0.67,67.0
2018-12-25 19:00:00,0.0,0.0,0.0,False,True,False,3,night,0.0,0.0,0.0,0.0,0.0,0.0,0.67,67.0
2018-12-25 20:00:00,0.0,0.0,0.0,False,True,False,3,night,0.0,0.0,0.0,0.0,0.0,0.0,0.67,67.0
2018-12-25 21:00:00,0.0,0.0,0.0,False,True,False,3,night,0.0,0.0,0.0,0.0,0.0,0.0,0.67,67.0
2018-12-25 22:00:00,0.0,0.0,0.0,False,True,False,3,night,0.0,0.0,0.0,0.0,0.0,0.0,0.67,67.0
2018-12-25 23:00:00,0.0,0.0,0.0,False,True,False,3,night,0.0,0.0,0.0,0.0,0.0,0.0,0.67,67.0
2018-12-26 00:00:00,0.0,0.0,0.0,False,True,False,0,night,0.0,0.0,0.0,0.0,0.0,0.0,0.67,67.0
2018-12-26 01:00:00,0.0,0.0,0.0,False,True,False,0,night,0.0,0.0,0.0,0.0,0.0,0.0,0.67,67.0
2018-12-26 02:00:00,0.0,0.0,0.0,False,True,False,0,night,0.0,0.0,0.0,0.0,0.0,0.0,0.67,67.0
2018-12-26 03:00:00,0.0,0.0,0.0,False,True,False,0,night,0.0,0.0,0.0,0.0,0.0,0.0,0.67,67.0
2018-12-26 04:00:00,0.0,0.0,0.0,False,True,False,0,night,0.0,0.0,0.0,0.0,0.0,0.0,0.67,67.0
2018-12-26 05:00:00,0.0,0.0,0.0,False,True,False,0,night,0.0,0.0,0.0,0.0,0.0,0.0,0.67,67.0
2018-12-26 06:00:00,0.0,0.0,0.0,False,True,False,0,night,0.0,0.0,0.0,0.0,0.0,0.0,0.67,67.0
2018-12-26 07:00:00,0.0,0.0,0.0,False,True,False,0,night,0.0,0.0,0.0,0.0,0.0,0.0,0.67,67.0
2018-12-26 08:00:00,0.283,0.272,163.0,True,True,False,0,battery_empty,0.0,0.0,0.0,0.258,0.0,0.258,0.928,92.8
2018-12-26 09:00:00,0.534,0.512,108.0,True,True,True,1,ok,0.512,0.751,1.263,0.0,0.0,-0.79,0.138,13.8
2018-12-26 10:00:00,1.218,1.169,258.0,True,True,False,1,battery_empty,0.0,0.0,0.0,0.862,0.262,0.862,1.0,100.0
2018-12-26 11:00:00,1.673,1.606,372.0,True,True,True,2,ok,1.263,0.0,1.263,0.0,0.343,0.0,1.0,100.0
2018-12-26 12:00:00,1.813,1.741,407.0,True,True,True,3,ok,1.263,0.0,1.263,0.0,0.478,0.0,1.0,100.0
2018-12-26 13:00:00,1.746,1.676,660.0,True,True,True,4,ok,1.263,0.0,1.263,0.0,0.413,0.0,1.0,100.0
2018-12-26 14:00:00,1.473,1.414,574.0,True,True,True,5,ok,1.263,0.0,1.263,0.0,0.151,0.0,1.0,100.0
2018-12-26 15:00:00,1.012,0.972,432.0,True,True,True,6,ok,0.972,0.291,1.263,0.0,0.0,-0.307,0.693,69.3
2018-12-26 16:00:00,0.445,0.427,248.0,True,True,False,6,cap_reached,0.0,0.0,0.0,0.307,0.104,0.307,1.0,100.0
2018-12-26 17:00:00,0.171,0.164,60.0,True,True,False,6,cap_reached,0.0,0.0,0.0,0.0,0.164,0.0,1.0,100.0
2018-12-26 18:00:00,0.0,0.0,0.0,False,True,False,6,cap_reached,0.0,0.0,0.0,0.0,0.0,0.0,1.0,100.0
2018-12-26 19:00:00,0.0,0.0,0.0,False,True,False,6,cap_reached,0.0,0.0,0.0,0.0,0.0,0.0,1.0,100.0
2018-12-26 20:00:00,0.0,0.0,0.0,False,True,False,6,cap_reached,0.0,0.0,0.0,0.0,0.0,0.0,1.0,100.0
2018-12-26 21:00:00,0.0,0.0,0.0,False,True,False,6,cap_reached,0.0,0.0,0.0,0.0,0.0,0.0,1.0,100.0
2018-12-26 22:00:00,0.0,0.0,0.0,False,True,False,6,cap_reached,0.0,0.0,0.0,0.0,0.0,0.0,1.0,100.0
2018-12-26 23:00:00,0.0,0.0,0.0,False,True,False,6,cap_reached,0.0,0.0,0.0,0.0,0.0,0.0,1.0,100.0
2018-12-27 00:00:00,0.0,0.0,0.0,False,True,False,0,night,0.0,0.0,0.0,0.0,0.0,0.0,1.0,100.0
2018-12-27 01:00:00,0.0,0.0,0.0,False,True,False,0,night,0.0,0.0,0.0,0.0,0.0,0.0,1.0,100.0
2018-12-27 02:00:00,0.0,0.0,0.0,False,True,False,0,night,0.0,0.0,0.0,0.0,0.0,0.0,1.0,100.0
2018-12-27 03:00:00,0.0,0.0,0.0,False,True,False,0,night,0.0,0.0,0.0,0.0,0.0,0.0,1.0,100.0
2018-12-27 04:00:00,0.0,0.0,0.0,False,True,False,0,night,0.0,0.0,0.0,0.0,0.0,0.0,1.0,100.0
2018-12-27 05:00:00,0.0,0.0,0.0,False,True,False,0,night,0.0,0.0,0.0,0.0,0.0,0.0,1.0,100.0
2018-12-27 06:00:00,0.0,0.0,0.0,False,True,False,0,night,0.0,0.0,0.0,0.0,0.0,0.0,1.0,100.0
2018-12-27 07:00:00,0.0,0.0,0.0,False,True,False,0,night,0.0,0.0,0.0,0.0,0.0,0.0,1.0,100.0
2018-12-27 08:00:00,0.346,0.332,152.0,True,True,False,0,battery_empty,0.0,0.0,0.0,0.0,0.332,0.0,1.0,100.0
2018-12-27 09:00:00,0.845,0.811,335.0,True,True,True,1,ok,0.811,0.452,1.263,0.0,0.0,-0.475,0.525,52.5
2018-12-27 10:00:00,0.455,0.437,92.0,True,True,False,1,battery_empty,0.0,0.0,0.0,0.415,0.0,0.415,0.94,94.0
2018-12-27 11:00:00,1.845,1.771,428.0,True,True,True,2,ok,1.263,0.0,1.263,0.06,0.445,0.06,1.0,100.0
2018-12-27 12:00:00,1.322,1.269,285.0,True,True,True,3,ok,1.263,0.0,1.263,0.0,0.006,0.0,1.0,100.0
2018-12-27 13:00:00,1.595,1.531,346.0,True,True,True,4,ok,1.263,0.0,1.263,0.0,0.268,0.0,1.0,100.0
2018-12-27 14:00:00,1.476,1.417,564.0,True,True,True,5,ok,1.263,0.0,1.263,0.0,0.154,0.0,1.0,100.0
2018-12-27 15:00:00,0.193,0.186,39.0,True,True,False,5,battery_empty,0.0,0.0,0.0,0.0,0.186,0.0,1.0,100.0
2018-12-27 16:00:00,0.547,0.525,112.0,True,True,True,6,ok,0.525,0.738,1.263,0.0,0.0,-0.776,0.224,22.4
2018-12-27 17:00:00,0.195,0.187,56.0,True,True,False,6,cap_reached,0.0,0.0,0.0,0.177,0.0,0.177,0.401,40.1
2018-12-27 18:00:00,0.0,0.0,0.0,False,True,False,6,cap_reached,0.0,0.0,0.0,0.0,0.0,0.0,0.401,40.1
2018-12-27 19:00:00,0.0,0.0,0.0,False,True,False,6,cap_reached,0.0,0.0,0.0,0.0,0.0,0.0,0.401,40.1
2018-12-27 20:00:00,0.0,0.0,0.0,False,True,False,6,cap_reached,0.0,0.0,0.0,0.0,0.0,0.0,0.401,40.1
2018-12-27 21:00:00,0.0,0.0,0.0,False,True,False,6,cap_reached,0.0,0.0,0.0,0.0,0.0,0.0,0.401,40.1
2018-12-27 22:00:00,0.0,0.0,0.0,False,True,False,6,cap_reached,0.0,0.0,0.0,0.0,0.0,0.0,0.401,40.1
2018-12-27 23:00:00,0.0,0.0,0.0,False,True,False,6,cap_reached,0.0,0.0,0.0,0.0,0.0,0.0,0.401,40.1
2018-12-28 00:00:00,0.0,0.0,0.0,False,True,False,0,night,0.0,0.0,0.0,0.0,0.0,0.0,0.401,40.1
2018-12-28 01:00:00,0.0,0.0,0.0,False,True,False,0,night,0.0,0.0,0.0,0.0,0.0,0.0,0.401,40.1
2018-12-28 02:00:00,0.0,0.0,0.0,False,True,False,0,night,0.0,0.0,0.0,0.0,0.0,0.0,0.401,40.1
2018-12-28 03:00:00,0.0,0.0,0.0,False,True,False,0,night,0.0,0.0,0.0,0.0,0.0,0.0,0.401,40.1
2018-12-28 04:00:00,0.0,0.0,0.0,False,True,False,0,night,0.0,0.0,0.0,0.0,0.0,0.0,0.401,40.1
2018-12-28 05:00:00,0.0,0.0,0.0,False,True,False,0,night,0.0,0.0,0.0,0.0,0.0,0.0,0.401,40.1
2018-12-28 06:00:00,0.0,0.0,0.0,False,True,False,0,night,0.0,0.0,0.0,0.0,0.0,0.0,0.401,40.1
2018-12-28 07:00:00,0.0,0.0,0.0,False,True,False,0,night,0.0,0.0,0.0,0.0,0.0,0.0,0.401,40.1
2018-12-28 08:00:00,0.36,0.345,150.0,True,True,False,0,battery_empty,0.0,0.0,0.0,0.328,0.0,0.328,0.729,72.9
2018-12-28 09:00:00,0.832,0.799,338.0,True,True,True,1,ok,0.799,0.464,1.263,0.0,0.0,-0.488,0.241,24.1
2018-12-28 10:00:00,1.286,1.234,511.0,True,True,True,2,ok,1.234,0.029,1.263,0.0,0.0,-0.03,0.21,21.0
2018-12-28 11:00:00,1.645,1.579,625.0,True,True,True,3,ok,1.263,0.0,1.263,0.3,0.0,0.3,0.51,51.0
2018-12-28 12:00:00,0.897,0.861,184.0,True,True,False,3,battery_empty,0.0,0.0,0.0,0.49,0.345,0.49,1.0,100.0
2018-12-28 13:00:00,1.544,1.483,334.0,True,True,True,4,ok,1.263,0.0,1.263,0.0,0.22,0.0,1.0,100.0
2018-12-28 14:00:00,1.484,1.425,567.0,True,True,True,5,ok,1.263,0.0,1.263,0.0,0.162,0.0,1.0,100.0
2018-12-28 15:00:00,1.031,0.99,426.0,True,True,True,6,ok,0.99,0.273,1.263,0.0,0.0,-0.288,0.712,71.2
2018-12-28 16:00:00,0.48,0.46,245.0,True,True,False,6,cap_reached,0.0,0.0,0.0,0.288,0.158,0.288,1.0,100.0
2018-12-28 17:00:00,0.185,0.177,60.0,True,True,False,6,cap_reached,0.0,0.0,0.0,0.0,0.177,0.0,1.0,100.0
2018-12-28 18:00:00,0.0,0.0,0.0,False,True,False,6,cap_reached,0.0,0.0,0.0,0.0,0.0,0.0,1.0,100.0
2018-12-28 19:00:00,0.0,0.0,0.0,False,True,False,6,cap_reached,0.0,0.0,0.0,0.0,0.0,0.0,1.0,100.0
2018-12-28 20:00:00,0.0,0.0,0.0,False,True,False,6,cap_reached,0.0,0.0,0.0,0.0,0.0,0.0,1.0,100.0
2018-12-28 21:00:00,0.0,0.0,0.0,False,True,False,6,cap_reached,0.0,0.0,0.0,0.0,0.0,0.0,1.0,100.0
2018-12-28 22:00:00,0.0,0.0,0.0,False,True,False,6,cap_reached,0.0,0.0,0.0,0.0,0.0,0.0,1.0,100.0
2018-12-28 23:00:00,0.0,0.0,0.0,False,True,False,6,cap_reached,0.0,0.0,0.0,0.0,0.0,0.0,1.0,100.0
2018-12-29 00:00:00,0.0,0.0,0.0,False,True,False,0,night,0.0,0.0,0.0,0.0,0.0,0.0,1.0,100.0
2018-12-29 01:00:00,0.0,0.0,0.0,False,True,False,0,night,0.0,0.0,0.0,0.0,0.0,0.0,1.0,100.0
2018-12-29 02:00:00,0.0,0.0,0.0,False,True,False,0,night,0.0,0.0,0.0,0.0,0.0,0.0,1.0,100.0
2018-12-29 03:00:00,0.0,0.0,0.0,False,True,False,0,night,0.0,0.0,0.0,0.0,0.0,0.0,1.0,100.0
2018-12-29 04:00:00,0.0,0.0,0.0,False,True,False,0,night,0.0,0.0,0.0,0.0,0.0,0.0,1.0,100.0
2018-12-29 05:00:00,0.0,0.0,0.0,False,True,False,0,night,0.0,0.0,0.0,0.0,0.0,0.0,1.0,100.0
2018-12-29 06:00:00,0.0,0.0,0.0,False,True,False,0,night,0.0,0.0,0.0,0.0,0.0,0.0,1.0,100.0
2018-12-29 07:00:00,0.0,0.0,0.0,False,True,False,0,night,0.0,0.0,0.0,0.0,0.0,0.0,1.0,100.0
2018-12-29 08:00:00,0.277,0.266,158.0,True,True,False,0,battery_empty,0.0,0.0,0.0,0.0,0.266,0.0,1.0,100.0
2018-12-29 09:00:00,0.761,0.73,349.0,True,True,True,1,ok,0.73,0.533,1.263,0.0,0.0,-0.561,0.439,43.9
2018-12-29 10:00:00,1.288,1.236,512.0,True,True,True,2,ok,1.236,0.027,1.263,0.0,0.0,-0.028,0.411,41.1
2018-12-29 11:00:00,1.653,1.587,629.0,True,True,True,3,ok,1.263,0.0,1.263,0.308,0.0,0.308,0.719,71.9
2018-12-29 12:00:00,1.838,1.764,579.0,True,True,True,4,ok,1.263,0.0,1.263,0.281,0.205,0.281,1.0,100.0
2018-12-29 13:00:00,1.764,1.693,669.0,True,True,True,5,ok,1.263,0.0,1.263,0.0,0.43,0.0,1.0,100.0
2018-12-29 14:00:00,1.486,1.427,586.0,True,True,True,6,ok,1.263,0.0,1.263,0.0,0.164,0.0,1.0,100.0
2018-12-29 15:00:00,1.032,0.99,444.0,True,True,False,6,cap_reached,0.0,0.0,0.0,0.0,0.99,0.0,1.0,100.0
2018-12-29 16:00:00,0.456,0.438,260.0,True,True,False,6,cap_reached,0.0,0.0,0.0,0.0,0.438,0.0,1.0,100.0
2018-12-29 17:00:00,0.17,0.163,68.0,True,True,False,6,cap_reached,0.0,0.0,0.0,0.0,0.163,0.0,1.0,100.0
2018-12-29 18:00:00,0.0,0.0,0.0,False,True,False,6,cap_reached,0.0,0.0,0.0,0.0,0.0,0.0,1.0,100.0
2018-12-29 19:00:00,0.0,0.0,0.0,False,True,False,6,cap_reached,0.0,0.0,0.0,0.0,0.0,0.0,1.0,100.0
2018-12-29 20:00:00,0.0,0.0,0.0,False,True,False,6,cap_reached,0.0,0.0,0.0,0.0,0.0,0.0,1.0,100.0
2018-12-29 21:00:00,0.0,0.0,0.0,False,True,False,6,cap_reached,0.0,0.0,0.0,0.0,0.0,0.0,1.0,100.0
2018-12-29 22:00:00,0.0,0.0,0.0,False,True,False,6,cap_reached,0.0,0.0,0.0,0.0,0.0,0.0,1.0,100.0
2018-12-29 23:00:00,0.0,0.0,0.0,False,True,False,6,cap_reached,0.0,0.0,0.0,0.0,0.0,0.0,1.0,100.0
2018-12-30 00:00:00,0.0,0.0,0.0,False,True,False,0,night,0.0,0.0,0.0,0.0,0.0,0.0,1.0,100.0
2018-12-30 01:00:00,0.0,0.0,0.0,False,True,False,0,night,0.0,0.0,0.0,0.0,0.0,0.0,1.0,100.0
2018-12-30 02:00:00,0.0,0.0,0.0,False,True,False,0,night,0.0,0.0,0.0,0.0,0.0,0.0,1.0,100.0
2018-12-30 03:00:00,0.0,0.0,0.0,False,True,False,0,night,0.0,0.0,0.0,0.0,0.0,0.0,1.0,100.0
2018-12-30 04:00:00,0.0,0.0,0.0,False,True,False,0,night,0.0,0.0,0.0,0.0,0.0,0.0,1.0,100.0
2018-12-30 05:00:00,0.0,0.0,0.0,False,True,False,0,night,0.0,0.0,0.0,0.0,0.0,0.0,1.0,100.0
2018-12-30 06:00:00,0.0,0.0,0.0,False,True,False,0,night,0.0,0.0,0.0,0.0,0.0,0.0,1.0,100.0
2018-12-30 07:00:00,0.0,0.0,0.0,False,True,False,0,night,0.0,0.0,0.0,0.0,0.0,0.0,1.0,100.0
2018-12-30 08:00:00,0.253,0.243,171.0,True,True,False,0,battery_empty,0.0,0.0,0.0,0.0,0.243,0.0,1.0,100.0
2018-12-30 09:00:00,0.758,0.728,372.0,True,True,True,1,ok,0.728,0.535,1.263,0.0,0.0,-0.563,0.437,43.7
2018-12-30 10:00:00,1.294,1.242,543.0,True,True,True,2,ok,1.242,0.021,1.263,0.0,0.0,-0.022,0.415,41.5
2018-12-30 11:00:00,1.676,1.609,660.0,True,True,True,3,ok,1.263,0.0,1.263,0.328,0.0,0.328,0.743,74.3
2018-12-30 12:00:00,1.849,1.775,712.0,True,True,True,4,ok,1.263,0.0,1.263,0.257,0.241,0.257,1.0,100.0
2018-12-30 13:00:00,1.791,1.719,695.0,True,True,True,5,ok,1.263,0.0,1.263,0.0,0.456,0.0,1.0,100.0
2018-12-30 14:00:00,1.511,1.45,609.0,True,True,True,6,ok,1.263,0.0,1.263,0.0,0.187,0.0,1.0,100.0
2018-12-30 15:00:00,1.035,0.993,464.0,True,True,False,6,cap_reached,0.0,0.0,0.0,0.0,0.993,0.0,1.0,100.0
2018-12-30 16:00:00,0.436,0.419,275.0,True,True,False,6,cap_reached,0.0,0.0,0.0,0.0,0.419,0.0,1.0,100.0
2018-12-30 17:00:00,0.151,0.145,75.0,True,True,False,6,cap_reached,0.0,0.0,0.0,0.0,0.145,0.0,1.0,100.0
2018-12-30 18:00:00,0.0,0.0,0.0,False,True,False,6,cap_reached,0.0,0.0,0.0,0.0,0.0,0.0,1.0,100.0
2018-12-30 19:00:00,0.0,0.0,0.0,False,True,False,6,cap_reached,0.0,0.0,0.0,0.0,0.0,0.0,1.0,100.0
2018-12-30 20:00:00,0.0,0.0,0.0,False,True,False,6,cap_reached,0.0,0.0,0.0,0.0,0.0,0.0,1.0,100.0
2018-12-30 21:00:00,0.0,0.0,0.0,False,True,False,6,cap_reached,0.0,0.0,0.0,0.0,0.0,0.0,1.0,100.0
2018-12-30 22:00:00,0.0,0.0,0.0,False,True,False,6,cap_reached,0.0,0.0,0.0,0.0,0.0,0.0,1.0,100.0
2018-12-30 23:00:00,0.0,0.0,0.0,False,True,False,6,cap_reached,0.0,0.0,0.0,0.0,0.0,0.0,1.0,100.0
2018-12-31 00:00:00,0.0,0.0,0.0,False,True,False,0,night,0.0,0.0,0.0,0.0,0.0,0.0,1.0,100.0
2018-12-31 01:00:00,0.0,0.0,0.0,False,True,False,0,night,0.0,0.0,0.0,0.0,0.0,0.0,1.0,100.0
2018-12-31 02:00:00,0.0,0.0,0.0,False,True,False,0,night,0.0,0.0,0.0,0.0,0.0,0.0,1.0,100.0
2018-12-31 03:00:00,0.0,0.0,0.0,False,True,False,0,night,0.0,0.0,0.0,0.0,0.0,0.0,1.0,100.0
2018-12-31 04:00:00,0.0,0.0,0.0,False,True,False,0,night,0.0,0.0,0.0,0.0,0.0,0.0,1.0,100.0
2018-12-31 05:00:00,0.0,0.0,0.0,False,True,False,0,night,0.0,0.0,0.0,0.0,0.0,0.0,1.0,100.0
2018-12-31 06:00:00,0.0,0.0,0.0,False,True,False,0,night,0.0,0.0,0.0,0.0,0.0,0.0,1.0,100.0
2018-12-31 07:00:00,0.0,0.0,0.0,False,True,False,0,night,0.0,0.0,0.0,0.0,0.0,0.0,1.0,100.0
2018-12-31 08:00:00,0.238,0.229,168.0,True,True,False,0,battery_empty,0.0,0.0,0.0,0.0,0.229,0.0,1.0,100.0
2018-12-31 09:00:00,0.739,0.71,367.0,True,True,True,1,ok,0.71,0.553,1.263,0.0,0.0,-0.583,0.417,41.7
2018-12-31 10:00:00,1.402,1.346,307.0,True,True,True,2,ok,1.263,0.0,1.263,0.078,0.0,0.078,0.496,49.6
2018-12-31 11:00:00,1.392,1.336,294.0,True,True,True,3,ok,1.263,0.0,1.263,0.07,0.0,0.07,0.566,56.6
2018-12-31 12:00:00,1.731,1.662,420.0,True,True,True,4,ok,1.263,0.0,1.263,0.379,0.0,0.379,0.944,94.4
2018-12-31 13:00:00,2.03,1.949,493.0,True,True,True,5,ok,1.263,0.0,1.263,0.056,0.627,0.056,1.0,100.0
2018-12-31 14:00:00,1.51,1.45,598.0,True,True,True,6,ok,1.263,0.0,1.263,0.0,0.187,0.0,1.0,100.0
2018-12-31 15:00:00,1.048,1.006,454.0,True,True,False,6,cap_reached,0.0,0.0,0.0,0.0,1.006,0.0,1.0,100.0
2018-12-31 16:00:00,0.469,0.45,267.0,True,True,False,6,cap_reached,0.0,0.0,0.0,0.0,0.45,0.0,1.0,100.0
2018-12-31 17:00:00,0.175,0.168,72.0,True,True,False,6,cap_reached,0.0,0.0,0.0,0.0,0.168,0.0,1.0,100.0
2018-12-31 18:00:00,0.0,0.0,0.0,False,True,False,6,cap_reached,0.0,0.0,0.0,0.0,0.0,0.0,1.0,100.0
2018-12-31 19:00:00,0.0,0.0,0.0,False,True,False,6,cap_reached,0.0,0.0,0.0,0.0,0.0,0.0,1.0,100.0
2018-12-31 20:00:00,0.0,0.0,0.0,False,True,False,6,cap_reached,0.0,0.0,0.0,0.0,0.0,0.0,1.0,100.0
2018-12-31 21:00:00,0.0,0.0,0.0,False,True,False,6,cap_reached,0.0,0.0,0.0,0.0,0.0,0.0,1.0,100.0
2018-12-31 22:00:00,0.0,0.0,0.0,False,True,False,6,cap_reached,0.0,0.0,0.0,0.0,0.0,0.0,1.0,100.0
2018-12-31 23:00:00,0.0,0.0,0.0,False,True,False,6,cap_reached,0.0,0.0,0.0,0.0,0.0,0.0,1.0,100.0
