datetime_local,P_dc_kW,P_solar_ac_kW,GHI_W_m2,is_daytime,pump_scheduled_day,pump_on,pump_hours_today,failure_reason,P_solar_to_pump_kW,P_battery_to_pump_kW,P_total_to_pump_kW,P_solar_to_battery_kW,P_curtailed_kW,battery_delta_kWh,battery_soc_kWh,battery_soc_pct
2024-01-01 00:00:00,0.0,0.0,0.0,False,True,False,0,no_power,0.0,0.0,0.0,0.0,0.0,0.0,0.0,0.0
2024-01-01 01:00:00,0.0,0.0,0.0,False,True,False,0,no_power,0.0,0.0,0.0,0.0,0.0,0.0,0.0,0.0
2024-01-01 02:00:00,0.0,0.0,0.0,False,True,False,0,no_power,0.0,0.0,0.0,0.0,0.0,0.0,0.0,0.0
2024-01-01 03:00:00,0.0,0.0,0.0,False,True,False,0,no_power,0.0,0.0,0.0,0.0,0.0,0.0,0.0,0.0
2024-01-01 04:00:00,0.0,0.0,0.0,False,True,False,0,no_power,0.0,0.0,0.0,0.0,0.0,0.0,0.0,0.0
2024-01-01 05:00:00,0.0,0.0,0.0,False,True,False,0,no_power,0.0,0.0,0.0,0.0,0.0,0.0,0.0,0.0
2024-01-01 06:00:00,0.0,0.0,0.0,False,True,False,0,no_power,0.0,0.0,0.0,0.0,0.0,0.0,0.0,0.0
2024-01-01 07:00:00,0.0,0.0,0.0,False,True,False,0,no_power,0.0,0.0,0.0,0.0,0.0,0.0,0.0,0.0
2024-01-01 08:00:00,0.213,0.205,180.0,True,True,False,0,no_power,0.0,0.0,0.0,0.0,0.0,0.0,0.0,0.0
2024-01-01 09:00:00,0.754,0.724,386.0,True,True,False,0,no_power,0.0,0.0,0.0,0.0,0.0,0.0,0.0,0.0
2024-01-01 10:00:00,1.328,1.275,560.0,True,True,True,1,ok,1.263,0.0,1.263,0.0,0.012,0.0,0.0,0.0
2024-01-01 11:00:00,1.727,1.658,680.0,True,True,True,2,ok,1.263,0.0,1.263,0.0,0.395,0.0,0.0,0.0
2024-01-01 12:00:00,1.902,1.826,731.0,True,True,True,3,ok,1.263,0.0,1.263,0.0,0.563,0.0,0.0,0.0
2024-01-01 13:00:00,1.838,1.765,714.0,True,True,True,4,ok,1.263,0.0,1.263,0.0,0.502,0.0,0.0,0.0
2024-01-01 14:00:00,1.554,1.492,628.0,True,True,True,5,ok,1.263,0.0,1.263,0.0,0.229,0.0,0.0,0.0
2024-01-01 15:00:00,1.061,1.019,481.0,True,True,False,5,no_power,0.0,0.0,0.0,0.0,0.0,0.0,0.0,0.0
2024-01-01 16:00:00,0.442,0.424,289.0,True,True,False,5,no_power,0.0,0.0,0.0,0.0,0.0,0.0,0.0,0.0
2024-01-01 17:00:00,0.144,0.138,83.0,True,True,False,5,no_power,0.0,0.0,0.0,0.0,0.0,0.0,0.0,0.0
2024-01-01 18:00:00,0.0,0.0,0.0,False,True,False,5,no_power,0.0,0.0,0.0,0.0,0.0,0.0,0.0,0.0
2024-01-01 19:00:00,0.0,0.0,0.0,False,True,False,5,no_power,0.0,0.0,0.0,0.0,0.0,0.0,0.0,0.0
2024-01-01 20:00:00,0.0,0.0,0.0,False,True,False,5,no_power,0.0,0.0,0.0,0.0,0.0,0.0,0.0,0.0
2024-01-01 21:00:00,0.0,0.0,0.0,False,True,False,5,no_power,0.0,0.0,0.0,0.0,0.0,0.0,0.0,0.0
2024-01-01 22:00:00,0.0,0.0,0.0,False,True,False,5,no_power,0.0,0.0,0.0,0.0,0.0,0.0,0.0,0.0
2024-01-01 23:00:00,0.0,0.0,0.0,False,True,False,5,no_power,0.0,0.0,0.0,0.0,0.0,0.0,0.0,0.0
2024-01-02 00:00:00,0.0,0.0,0.0,False,True,False,0,no_power,0.0,0.0,0.0,0.0,0.0,0.0,0.0,0.0
2024-01-02 01:00:00,0.0,0.0,0.0,False,True,False,0,no_power,0.0,0.0,0.0,0.0,0.0,0.0,0.0,0.0
2024-01-02 02:00:00,0.0,0.0,0.0,False,True,False,0,no_power,0.0,0.0,0.0,0.0,0.0,0.0,0.0,0.0
2024-01-02 03:00:00,0.0,0.0,0.0,False,True,False,0,no_power,0.0,0.0,0.0,0.0,0.0,0.0,0.0,0.0
2024-01-02 04:00:00,0.0,0.0,0.0,False,True,False,0,no_power,0.0,0.0,0.0,0.0,0.0,0.0,0.0,0.0
2024-01-02 05:00:00,0.0,0.0,0.0,False,True,False,0,no_power,0.0,0.0,0.0,0.0,0.0,0.0,0.0,0.0
2024-01-02 06:00:00,0.0,0.0,0.0,False,True,False,0,no_power,0.0,0.0,0.0,0.0,0.0,0.0,0.0,0.0
2024-01-02 07:00:00,0.0,0.0,0.0,False,True,False,0,no_power,0.0,0.0,0.0,0.0,0.0,0.0,0.0,0.0
2024-01-02 08:00:00,0.528,0.506,136.0,True,True,False,0,no_power,0.0,0.0,0.0,0.0,0.0,0.0,0.0,0.0
2024-01-02 09:00:00,1.001,0.961,262.0,True,True,False,0,no_power,0.0,0.0,0.0,0.0,0.0,0.0,0.0,0.0
2024-01-02 10:00:00,1.312,1.259,540.0,True,True,False,0,no_power,0.0,0.0,0.0,0.0,0.0,0.0,0.0,0.0
2024-01-02 11:00:00,1.799,1.727,543.0,True,True,True,1,ok,1.263,0.0,1.263,0.0,0.464,0.0,0.0,0.0
2024-01-02 12:00:00,2.05,1.968,498.0,True,True,True,2,ok,1.263,0.0,1.263,0.0,0.705,0.0,0.0,0.0
2024-01-02 13:00:00,1.804,1.732,574.0,True,True,True,3,ok,1.263,0.0,1.263,0.0,0.469,0.0,0.0,0.0
2024-01-02 14:00:00,1.526,1.465,374.0,True,True,True,4,ok,1.263,0.0,1.263,0.0,0.202,0.0,0.0,0.0
2024-01-02 15:00:00,1.062,1.02,240.0,True,True,False,4,no_power,0.0,0.0,0.0,0.0,0.0,0.0,0.0,0.0
2024-01-02 16:00:00,0.759,0.728,176.0,True,True,False,4,no_power,0.0,0.0,0.0,0.0,0.0,0.0,0.0,0.0
2024-01-02 17:00:00,0.292,0.281,70.0,True,True,False,4,no_power,0.0,0.0,0.0,0.0,0.0,0.0,0.0,0.0
2024-01-02 18:00:00,0.0,0.0,0.0,False,True,False,4,no_power,0.0,0.0,0.0,0.0,0.0,0.0,0.0,0.0
2024-01-02 19:00:00,0.0,0.0,0.0,False,True,False,4,no_power,0.0,0.0,0.0,0.0,0.0,0.0,0.0,0.0
2024-01-02 20:00:00,0.0,0.0,0.0,False,True,False,4,no_power,0.0,0.0,0.0,0.0,0.0,0.0,0.0,0.0
2024-01-02 21:00:00,0.0,0.0,0.0,False,True,False,4,no_power,0.0,0.0,0.0,0.0,0.0,0.0,0.0,0.0
2024-01-02 22:00:00,0.0,0.0,0.0,False,True,False,4,no_power,0.0,0.0,0.0,0.0,0.0,0.0,0.0,0.0
2024-01-02 23:00:00,0.0,0.0,0.0,False,True,False,4,no_power,0.0,0.0,0.0,0.0,0.0,0.0,0.0,0.0
2024-01-03 00:00:00,0.0,0.0,0.0,False,True,False,0,no_power,0.0,0.0,0.0,0.0,0.0,0.0,0.0,0.0
2024-01-03 01:00:00,0.0,0.0,0.0,False,True,False,0,no_power,0.0,0.0,0.0,0.0,0.0,0.0,0.0,0.0
2024-01-03 02:00:00,0.0,0.0,0.0,False,True,False,0,no_power,0.0,0.0,0.0,0.0,0.0,0.0,0.0,0.0
2024-01-03 03:00:00,0.0,0.0,0.0,False,True,False,0,no_power,0.0,0.0,0.0,0.0,0.0,0.0,0.0,0.0
2024-01-03 04:00:00,0.0,0.0,0.0,False,True,False,0,no_power,0.0,0.0,0.0,0.0,0.0,0.0,0.0,0.0
2024-01-03 05:00:00,0.0,0.0,0.0,False,True,False,0,no_power,0.0,0.0,0.0,0.0,0.0,0.0,0.0,0.0
2024-01-03 06:00:00,0.0,0.0,0.0,False,True,False,0,no_power,0.0,0.0,0.0,0.0,0.0,0.0,0.0,0.0
2024-01-03 07:00:00,0.0,0.0,0.0,False,True,False,0,no_power,0.0,0.0,0.0,0.0,0.0,0.0,0.0,0.0
2024-01-03 08:00:00,0.267,0.257,169.0,True,True,False,0,no_power,0.0,0.0,0.0,0.0,0.0,0.0,0.0,0.0
2024-01-03 09:00:00,0.787,0.756,371.0,True,True,False,0,no_power,0.0,0.0,0.0,0.0,0.0,0.0,0.0,0.0
2024-01-03 10:00:00,1.338,1.284,545.0,True,True,True,1,ok,1.263,0.0,1.263,0.0,0.021,0.0,0.0,0.0
2024-01-03 11:00:00,1.784,1.712,518.0,True,True,True,2,ok,1.263,0.0,1.263,0.0,0.449,0.0,0.0,0.0
2024-01-03 12:00:00,1.765,1.694,405.0,True,True,True,3,ok,1.263,0.0,1.263,0.0,0.431,0.0,0.0,0.0
2024-01-03 13:00:00,1.853,1.779,699.0,True,True,True,4,ok,1.263,0.0,1.263,0.0,0.516,0.0,0.0,0.0
2024-01-03 14:00:00,1.726,1.657,484.0,True,True,True,5,ok,1.263,0.0,1.263,0.0,0.394,0.0,0.0,0.0
2024-01-03 15:00:00,1.198,1.151,391.0,True,True,False,5,no_power,0.0,0.0,0.0,0.0,0.0,0.0,0.0,0.0
2024-01-03 16:00:00,0.191,0.183,38.0,True,True,False,5,no_power,0.0,0.0,0.0,0.0,0.0,0.0,0.0,0.0
2024-01-03 17:00:00,0.291,0.279,66.0,True,True,False,5,no_power,0.0,0.0,0.0,0.0,0.0,0.0,0.0,0.0
2024-01-03 18:00:00,0.0,0.0,0.0,False,True,False,5,no_power,0.0,0.0,0.0,0.0,0.0,0.0,0.0,0.0
2024-01-03 19:00:00,0.0,0.0,0.0,False,True,False,5,no_power,0.0,0.0,0.0,0.0,0.0,0.0,0.0,0.0
2024-01-03 20:00:00,0.0,0.0,0.0,False,True,False,5,no_power,0.0,0.0,0.0,0.0,0.0,0.0,0.0,0.0
2024-01-03 21:00:00,0.0,0.0,0.0,False,True,False,5,no_power,0.0,0.0,0.0,0.0,0.0,0.0,0.0,0.0
2024-01-03 22:00:00,0.0,0.0,0.0,False,True,False,5,no_power,0.0,0.0,0.0,0.0,0.0,0.0,0.0,0.0
2024-01-03 23:00:00,0.0,0.0,0.0,False,True,False,5,no_power,0.0,0.0,0.0,0.0,0.0,0.0,0.0,0.0
2024-01-04 00:00:00,0.0,0.0,0.0,False,True,False,0,no_power,0.0,0.0,0.0,0.0,0.0,0.0,0.0,0.0
2024-01-04 01:00:00,0.0,0.0,0.0,False,True,False,0,no_power,0.0,0.0,0.0,0.0,0.0,0.0,0.0,0.0
2024-01-04 02:00:00,0.0,0.0,0.0,False,True,False,0,no_power,0.0,0.0,0.0,0.0,0.0,0.0,0.0,0.0
2024-01-04 03:00:00,0.0,0.0,0.0,False,True,False,0,no_power,0.0,0.0,0.0,0.0,0.0,0.0,0.0,0.0
2024-01-04 04:00:00,0.0,0.0,0.0,False,True,False,0,no_power,0.0,0.0,0.0,0.0,0.0,0.0,0.0,0.0
2024-01-04 05:00:00,0.0,0.0,0.0,False,True,False,0,no_power,0.0,0.0,0.0,0.0,0.0,0.0,0.0,0.0
2024-01-04 06:00:00,0.0,0.0,0.0,False,True,False,0,no_power,0.0,0.0,0.0,0.0,0.0,0.0,0.0,0.0
2024-01-04 07:00:00,0.0,0.0,0.0,False,True,False,0,no_power,0.0,0.0,0.0,0.0,0.0,0.0,0.0,0.0
2024-01-04 08:00:00,0.166,0.159,33.0,True,True,False,0,no_power,0.0,0.0,0.0,0.0,0.0,0.0,0.0,0.0
2024-01-04 09:00:00,1.123,1.078,252.0,True,True,False,0,no_power,0.0,0.0,0.0,0.0,0.0,0.0,0.0,0.0
2024-01-04 10:00:00,1.303,1.251,533.0,True,True,False,0,no_power,0.0,0.0,0.0,0.0,0.0,0.0,0.0,0.0
2024-01-04 11:00:00,1.691,1.623,649.0,True,True,True,1,ok,1.263,0.0,1.263,0.0,0.36,0.0,0.0,0.0
2024-01-04 12:00:00,1.869,1.794,702.0,True,True,True,2,ok,1.263,0.0,1.263,0.0,0.531,0.0,0.0,0.0
2024-01-04 13:00:00,1.818,1.745,686.0,True,True,True,3,ok,1.263,0.0,1.263,0.0,0.482,0.0,0.0,0.0
2024-01-04 14:00:00,1.546,1.484,602.0,True,True,True,4,ok,1.263,0.0,1.263,0.0,0.221,0.0,0.0,0.0
2024-01-04 15:00:00,1.08,1.037,460.0,True,True,False,4,no_power,0.0,0.0,0.0,0.0,0.0,0.0,0.0,0.0
2024-01-04 16:00:00,0.493,0.473,275.0,True,True,False,4,no_power,0.0,0.0,0.0,0.0,0.0,0.0,0.0,0.0
2024-01-04 17:00:00,0.172,0.165,80.0,True,True,False,4,no_power,0.0,0.0,0.0,0.0,0.0,0.0,0.0,0.0
2024-01-04 18:00:00,0.0,0.0,0.0,False,True,False,4,no_power,0.0,0.0,0.0,0.0,0.0,0.0,0.0,0.0
2024-01-04 19:00:00,0.0,0.0,0.0,False,True,False,4,no_power,0.0,0.0,0.0,0.0,0.0,0.0,0.0,0.0
2024-01-04 20:00:00,0.0,0.0,0.0,False,True,False,4,no_power,0.0,0.0,0.0,0.0,0.0,0.0,0.0,0.0
2024-01-04 21:00:00,0.0,0.0,0.0,False,True,False,4,no_power,0.0,0.0,0.0,0.0,0.0,0.0,0.0,0.0
2024-01-04 22:00:00,0.0,0.0,0.0,False,True,False,4,no_power,0.0,0.0,0.0,0.0,0.0,0.0,0.0,0.0
2024-01-04 23:00:00,0.0,0.0,0.0,False,True,False,4,no_power,0.0,0.0,0.0,0.0,0.0,0.0,0.0,0.0
2024-01-05 00:00:00,0.0,0.0,0.0,False,True,False,0,no_power,0.0,0.0,0.0,0.0,0.0,0.0,0.0,0.0
2024-01-05 01:00:00,0.0,0.0,0.0,False,True,False,0,no_power,0.0,0.0,0.0,0.0,0.0,0.0,0.0,0.0
2024-01-05 02:00:00,0.0,0.0,0.0,False,True,False,0,no_power,0.0,0.0,0.0,0.0,0.0,0.0,0.0,0.0
2024-01-05 03:00:00,0.0,0.0,0.0,False,True,False,0,no_power,0.0,0.0,0.0,0.0,0.0,0.0,0.0,0.0
2024-01-05 04:00:00,0.0,0.0,0.0,False,True,False,0,no_power,0.0,0.0,0.0,0.0,0.0,0.0,0.0,0.0
2024-01-05 05:00:00,0.0,0.0,0.0,False,True,False,0,no_power,0.0,0.0,0.0,0.0,0.0,0.0,0.0,0.0
2024-01-05 06:00:00,0.0,0.0,0.0,False,True,False,0,no_power,0.0,0.0,0.0,0.0,0.0,0.0,0.0,0.0
2024-01-05 07:00:00,0.0,0.0,0.0,False,True,False,0,no_power,0.0,0.0,0.0,0.0,0.0,0.0,0.0,0.0
2024-01-05 08:00:00,0.264,0.254,158.0,True,True,False,0,no_power,0.0,0.0,0.0,0.0,0.0,0.0,0.0,0.0
2024-01-05 09:00:00,0.767,0.736,355.0,True,True,False,0,no_power,0.0,0.0,0.0,0.0,0.0,0.0,0.0,0.0
2024-01-05 10:00:00,1.101,1.057,228.0,True,True,False,0,no_power,0.0,0.0,0.0,0.0,0.0,0.0,0.0,0.0
2024-01-05 11:00:00,0.569,0.547,115.0,True,True,False,0,no_power,0.0,0.0,0.0,0.0,0.0,0.0,0.0,0.0
2024-01-05 12:00:00,0.981,0.942,200.0,True,True,False,0,no_power,0.0,0.0,0.0,0.0,0.0,0.0,0.0,0.0
2024-01-05 13:00:00,0.613,0.589,124.0,True,True,False,0,no_power,0.0,0.0,0.0,0.0,0.0,0.0,0.0,0.0
2024-01-05 14:00:00,1.671,1.604,373.0,True,True,True,1,ok,1.263,0.0,1.263,0.0,0.341,0.0,0.0,0.0
2024-01-05 15:00:00,1.083,1.04,461.0,True,True,False,1,no_power,0.0,0.0,0.0,0.0,0.0,0.0,0.0,0.0
2024-01-05 16:00:00,0.503,0.483,277.0,True,True,False,1,no_power,0.0,0.0,0.0,0.0,0.0,0.0,0.0,0.0
2024-01-05 17:00:00,0.177,0.17,81.0,True,True,False,1,no_power,0.0,0.0,0.0,0.0,0.0,0.0,0.0,0.0
2024-01-05 18:00:00,0.0,0.0,0.0,False,True,False,1,no_power,0.0,0.0,0.0,0.0,0.0,0.0,0.0,0.0
2024-01-05 19:00:00,0.0,0.0,0.0,False,True,False,1,no_power,0.0,0.0,0.0,0.0,0.0,0.0,0.0,0.0
2024-01-05 20:00:00,0.0,0.0,0.0,False,True,False,1,no_power,0.0,0.0,0.0,0.0,0.0,0.0,0.0,0.0
2024-01-05 21:00:00,0.0,0.0,0.0,False,True,False,1,no_power,0.0,0.0,0.0,0.0,0.0,0.0,0.0,0.0
2024-01-05 22:00:00,0.0,0.0,0.0,False,True,False,1,no_power,0.0,0.0,0.0,0.0,0.0,0.0,0.0,0.0
2024-01-05 23:00:00,0.0,0.0,0.0,False,True,False,1,no_power,0.0,0.0,0.0,0.0,0.0,0.0,0.0,0.0
2024-01-06 00:00:00,0.0,0.0,0.0,False,True,False,0,no_power,0.0,0.0,0.0,0.0,0.0,0.0,0.0,0.0
2024-01-06 01:00:00,0.0,0.0,0.0,False,True,False,0,no_power,0.0,0.0,0.0,0.0,0.0,0.0,0.0,0.0
2024-01-06 02:00:00,0.0,0.0,0.0,False,True,False,0,no_power,0.0,0.0,0.0,0.0,0.0,0.0,0.0,0.0
2024-01-06 03:00:00,0.0,0.0,0.0,False,True,False,0,no_power,0.0,0.0,0.0,0.0,0.0,0.0,0.0,0.0
2024-01-06 04:00:00,0.0,0.0,0.0,False,True,False,0,no_power,0.0,0.0,0.0,0.0,0.0,0.0,0.0,0.0
2024-01-06 05:00:00,0.0,0.0,0.0,False,True,False,0,no_power,0.0,0.0,0.0,0.0,0.0,0.0,0.0,0.0
2024-01-06 06:00:00,0.0,0.0,0.0,False,True,False,0,no_power,0.0,0.0,0.0,0.0,0.0,0.0,0.0,0.0
2024-01-06 07:00:00,0.0,0.0,0.0,False,True,False,0,no_power,0.0,0.0,0.0,0.0,0.0,0.0,0.0,0.0
2024-01-06 08:00:00,0.239,0.23,160.0,True,True,False,0,no_power,0.0,0.0,0.0,0.0,0.0,0.0,0.0,0.0
2024-01-06 09:00:00,0.949,0.911,200.0,True,True,False,0,no_power,0.0,0.0,0.0,0.0,0.0,0.0,0.0,0.0
2024-01-06 10:00:00,1.506,1.446,339.0,True,True,True,1,ok,1.263,0.0,1.263,0.0,0.183,0.0,0.0,0.0
2024-01-06 11:00:00,1.445,1.387,308.0,True,True,True,2,ok,1.263,0.0,1.263,0.0,0.124,0.0,0.0,0.0
2024-01-06 12:00:00,1.852,1.778,696.0,True,True,True,3,ok,1.263,0.0,1.263,0.0,0.515,0.0,0.0,0.0
2024-01-06 13:00:00,1.726,1.657,414.0,True,True,True,4,ok,1.263,0.0,1.263,0.0,0.394,0.0,0.0,0.0
2024-01-06 14:00:00,1.445,1.387,332.0,True,True,True,5,ok,1.263,0.0,1.263,0.0,0.124,0.0,0.0,0.0
2024-01-06 15:00:00,1.214,1.166,295.0,True,True,False,5,no_power,0.0,0.0,0.0,0.0,0.0,0.0,0.0,0.0
2024-01-06 16:00:00,0.338,0.324,69.0,True,True,False,5,no_power,0.0,0.0,0.0,0.0,0.0,0.0,0.0,0.0
2024-01-06 17:00:00,0.155,0.148,32.0,True,True,False,5,no_power,0.0,0.0,0.0,0.0,0.0,0.0,0.0,0.0
2024-01-06 18:00:00,0.0,0.0,0.0,False,True,False,5,no_power,0.0,0.0,0.0,0.0,0.0,0.0,0.0,0.0
2024-01-06 19:00:00,0.0,0.0,0.0,False,True,False,5,no_power,0.0,0.0,0.0,0.0,0.0,0.0,0.0,0.0
2024-01-06 20:00:00,0.0,0.0,0.0,False,True,False,5,no_power,0.0,0.0,0.0,0.0,0.0,0.0,0.0,0.0
2024-01-06 21:00:00,0.0,0.0,0.0,False,True,False,5,no_power,0.0,0.0,0.0,0.0,0.0,0.0,0.0,0.0
2024-01-06 22:00:00,0.0,0.0,0.0,False,True,False,5,no_power,0.0,0.0,0.0,0.0,0.0,0.0,0.0,0.0
2024-01-06 23:00:00,0.0,0.0,0.0,False,True,False,5,no_power,0.0,0.0,0.0,0.0,0.0,0.0,0.0,0.0
2024-01-07 00:00:00,0.0,0.0,0.0,False,True,False,0,no_power,0.0,0.0,0.0,0.0,0.0,0.0,0.0,0.0
2024-01-07 01:00:00,0.0,0.0,0.0,False,True,False,0,no_power,0.0,0.0,0.0,0.0,0.0,0.0,0.0,0.0
2024-01-07 02:00:00,0.0,0.0,0.0,False,True,False,0,no_power,0.0,0.0,0.0,0.0,0.0,0.0,0.0,0.0
2024-01-07 03:00:00,0.0,0.0,0.0,False,True,False,0,no_power,0.0,0.0,0.0,0.0,0.0,0.0,0.0,0.0
2024-01-07 04:00:00,0.0,0.0,0.0,False,True,False,0,no_power,0.0,0.0,0.0,0.0,0.0,0.0,0.0,0.0
2024-01-07 05:00:00,0.0,0.0,0.0,False,True,False,0,no_power,0.0,0.0,0.0,0.0,0.0,0.0,0.0,0.0
2024-01-07 06:00:00,0.0,0.0,0.0,False,True,False,0,no_power,0.0,0.0,0.0,0.0,0.0,0.0,0.0,0.0
2024-01-07 07:00:00,0.0,0.0,0.0,False,True,False,0,no_power,0.0,0.0,0.0,0.0,0.0,0.0,0.0,0.0
2024-01-07 08:00:00,0.253,0.243,154.0,True,True,False,0,no_power,0.0,0.0,0.0,0.0,0.0,0.0,0.0,0.0
2024-01-07 09:00:00,0.752,0.722,348.0,True,True,False,0,no_power,0.0,0.0,0.0,0.0,0.0,0.0,0.0,0.0
2024-01-07 10:00:00,1.279,1.228,517.0,True,True,False,0,no_power,0.0,0.0,0.0,0.0,0.0,0.0,0.0,0.0
2024-01-07 11:00:00,1.655,1.589,634.0,True,True,True,1,ok,1.263,0.0,1.263,0.0,0.326,0.0,0.0,0.0
2024-01-07 12:00:00,1.834,1.761,689.0,True,True,True,2,ok,1.263,0.0,1.263,0.0,0.498,0.0,0.0,0.0
2024-01-07 13:00:00,1.8,1.728,674.0,True,True,True,3,ok,1.263,0.0,1.263,0.0,0.465,0.0,0.0,0.0
2024-01-07 14:00:00,1.541,1.48,594.0,True,True,True,4,ok,1.263,0.0,1.263,0.0,0.217,0.0,0.0,0.0
2024-01-07 15:00:00,1.266,1.216,334.0,True,True,False,4,no_power,0.0,0.0,0.0,0.0,0.0,0.0,0.0,0.0
2024-01-07 16:00:00,0.789,0.757,182.0,True,True,False,4,no_power,0.0,0.0,0.0,0.0,0.0,0.0,0.0,0.0
2024-01-07 17:00:00,0.244,0.234,49.0,True,True,False,4,no_power,0.0,0.0,0.0,0.0,0.0,0.0,0.0,0.0
2024-01-07 18:00:00,0.0,0.0,0.0,False,True,False,4,no_power,0.0,0.0,0.0,0.0,0.0,0.0,0.0,0.0
2024-01-07 19:00:00,0.0,0.0,0.0,False,True,False,4,no_power,0.0,0.0,0.0,0.0,0.0,0.0,0.0,0.0
2024-01-07 20:00:00,0.0,0.0,0.0,False,True,False,4,no_power,0.0,0.0,0.0,0.0,0.0,0.0,0.0,0.0
2024-01-07 21:00:00,0.0,0.0,0.0,False,True,False,4,no_power,0.0,0.0,0.0,0.0,0.0,0.0,0.0,0.0
2024-01-07 22:00:00,0.0,0.0,0.0,False,True,False,4,no_power,0.0,0.0,0.0,0.0,0.0,0.0,0.0,0.0
2024-01-07 23:00:00,0.0,0.0,0.0,False,True,False,4,no_power,0.0,0.0,0.0,0.0,0.0,0.0,0.0,0.0
2024-01-08 00:00:00,0.0,0.0,0.0,False,True,False,0,no_power,0.0,0.0,0.0,0.0,0.0,0.0,0.0,0.0
2024-01-08 01:00:00,0.0,0.0,0.0,False,True,False,0,no_power,0.0,0.0,0.0,0.0,0.0,0.0,0.0,0.0
2024-01-08 02:00:00,0.0,0.0,0.0,False,True,False,0,no_power,0.0,0.0,0.0,0.0,0.0,0.0,0.0,0.0
2024-01-08 03:00:00,0.0,0.0,0.0,False,True,False,0,no_power,0.0,0.0,0.0,0.0,0.0,0.0,0.0,0.0
2024-01-08 04:00:00,0.0,0.0,0.0,False,True,False,0,no_power,0.0,0.0,0.0,0.0,0.0,0.0,0.0,0.0
2024-01-08 05:00:00,0.0,0.0,0.0,False,True,False,0,no_power,0.0,0.0,0.0,0.0,0.0,0.0,0.0,0.0
2024-01-08 06:00:00,0.0,0.0,0.0,False,True,False,0,no_power,0.0,0.0,0.0,0.0,0.0,0.0,0.0,0.0
2024-01-08 07:00:00,0.0,0.0,0.0,False,True,False,0,no_power,0.0,0.0,0.0,0.0,0.0,0.0,0.0,0.0
2024-01-08 08:00:00,0.259,0.249,53.0,True,True,False,0,no_power,0.0,0.0,0.0,0.0,0.0,0.0,0.0,0.0
2024-01-08 09:00:00,0.629,0.603,130.0,True,True,False,0,no_power,0.0,0.0,0.0,0.0,0.0,0.0,0.0,0.0
2024-01-08 10:00:00,0.921,0.884,193.0,True,True,False,0,no_power,0.0,0.0,0.0,0.0,0.0,0.0,0.0,0.0
2024-01-08 11:00:00,1.712,1.644,513.0,True,True,True,1,ok,1.263,0.0,1.263,0.0,0.381,0.0,0.0,0.0
2024-01-08 12:00:00,0.499,0.479,101.0,True,True,False,1,no_power,0.0,0.0,0.0,0.0,0.0,0.0,0.0,0.0
2024-01-08 13:00:00,0.662,0.635,135.0,True,True,False,1,no_power,0.0,0.0,0.0,0.0,0.0,0.0,0.0,0.0
2024-01-08 14:00:00,0.496,0.476,101.0,True,True,False,1,no_power,0.0,0.0,0.0,0.0,0.0,0.0,0.0,0.0
2024-01-08 15:00:00,0.347,0.334,70.0,True,True,False,1,no_power,0.0,0.0,0.0,0.0,0.0,0.0,0.0,0.0
2024-01-08 16:00:00,0.04,0.038,8.0,False,True,False,1,no_power,0.0,0.0,0.0,0.0,0.0,0.0,0.0,0.0
2024-01-08 17:00:00,0.313,0.301,66.0,True,True,False,1,no_power,0.0,0.0,0.0,0.0,0.0,0.0,0.0,0.0
2024-01-08 18:00:00,0.0,0.0,0.0,False,True,False,1,no_power,0.0,0.0,0.0,0.0,0.0,0.0,0.0,0.0
2024-01-08 19:00:00,0.0,0.0,0.0,False,True,False,1,no_power,0.0,0.0,0.0,0.0,0.0,0.0,0.0,0.0
2024-01-08 20:00:00,0.0,0.0,0.0,False,True,False,1,no_power,0.0,0.0,0.0,0.0,0.0,0.0,0.0,0.0
2024-01-08 21:00:00,0.0,0.0,0.0,False,True,False,1,no_power,0.0,0.0,0.0,0.0,0.0,0.0,0.0,0.0
2024-01-08 22:00:00,0.0,0.0,0.0,False,True,False,1,no_power,0.0,0.0,0.0,0.0,0.0,0.0,0.0,0.0
2024-01-08 23:00:00,0.0,0.0,0.0,False,True,False,1,no_power,0.0,0.0,0.0,0.0,0.0,0.0,0.0,0.0
2024-01-09 00:00:00,0.0,0.0,0.0,False,True,False,0,no_power,0.0,0.0,0.0,0.0,0.0,0.0,0.0,0.0
2024-01-09 01:00:00,0.0,0.0,0.0,False,True,False,0,no_power,0.0,0.0,0.0,0.0,0.0,0.0,0.0,0.0
2024-01-09 02:00:00,0.0,0.0,0.0,False,True,False,0,no_power,0.0,0.0,0.0,0.0,0.0,0.0,0.0,0.0
2024-01-09 03:00:00,0.0,0.0,0.0,False,True,False,0,no_power,0.0,0.0,0.0,0.0,0.0,0.0,0.0,0.0
2024-01-09 04:00:00,0.0,0.0,0.0,False,True,False,0,no_power,0.0,0.0,0.0,0.0,0.0,0.0,0.0,0.0
2024-01-09 05:00:00,0.0,0.0,0.0,False,True,False,0,no_power,0.0,0.0,0.0,0.0,0.0,0.0,0.0,0.0
2024-01-09 06:00:00,0.0,0.0,0.0,False,True,False,0,no_power,0.0,0.0,0.0,0.0,0.0,0.0,0.0,0.0
2024-01-09 07:00:00,0.0,0.0,0.0,False,True,False,0,no_power,0.0,0.0,0.0,0.0,0.0,0.0,0.0,0.0
2024-01-09 08:00:00,0.485,0.465,110.0,True,True,False,0,no_power,0.0,0.0,0.0,0.0,0.0,0.0,0.0,0.0
2024-01-09 09:00:00,0.881,0.846,197.0,True,True,False,0,no_power,0.0,0.0,0.0,0.0,0.0,0.0,0.0,0.0
2024-01-09 10:00:00,1.391,1.335,335.0,True,True,True,1,ok,1.263,0.0,1.263,0.0,0.072,0.0,0.0,0.0
2024-01-09 11:00:00,1.622,1.557,398.0,True,True,True,2,ok,1.263,0.0,1.263,0.0,0.294,0.0,0.0,0.0
2024-01-09 12:00:00,1.905,1.829,520.0,True,True,True,3,ok,1.263,0.0,1.263,0.0,0.566,0.0,0.0,0.0
2024-01-09 13:00:00,1.92,1.843,529.0,True,True,True,4,ok,1.263,0.0,1.263,0.0,0.58,0.0,0.0,0.0
2024-01-09 14:00:00,1.687,1.619,452.0,True,True,True,5,ok,1.263,0.0,1.263,0.0,0.356,0.0,0.0,0.0
2024-01-09 15:00:00,1.261,1.211,305.0,True,True,False,5,no_power,0.0,0.0,0.0,0.0,0.0,0.0,0.0,0.0
2024-01-09 16:00:00,0.7,0.672,152.0,True,True,False,5,no_power,0.0,0.0,0.0,0.0,0.0,0.0,0.0,0.0
2024-01-09 17:00:00,0.201,0.193,88.0,True,True,False,5,no_power,0.0,0.0,0.0,0.0,0.0,0.0,0.0,0.0
2024-01-09 18:00:00,0.0,0.0,0.0,False,True,False,5,no_power,0.0,0.0,0.0,0.0,0.0,0.0,0.0,0.0
2024-01-09 19:00:00,0.0,0.0,0.0,False,True,False,5,no_power,0.0,0.0,0.0,0.0,0.0,0.0,0.0,0.0
2024-01-09 20:00:00,0.0,0.0,0.0,False,True,False,5,no_power,0.0,0.0,0.0,0.0,0.0,0.0,0.0,0.0
2024-01-09 21:00:00,0.0,0.0,0.0,False,True,False,5,no_power,0.0,0.0,0.0,0.0,0.0,0.0,0.0,0.0
2024-01-09 22:00:00,0.0,0.0,0.0,False,True,False,5,no_power,0.0,0.0,0.0,0.0,0.0,0.0,0.0,0.0
2024-01-09 23:00:00,0.0,0.0,0.0,False,True,False,5,no_power,0.0,0.0,0.0,0.0,0.0,0.0,0.0,0.0
2024-01-10 00:00:00,0.0,0.0,0.0,False,True,False,0,no_power,0.0,0.0,0.0,0.0,0.0,0.0,0.0,0.0
2024-01-10 01:00:00,0.0,0.0,0.0,False,True,False,0,no_power,0.0,0.0,0.0,0.0,0.0,0.0,0.0,0.0
2024-01-10 02:00:00,0.0,0.0,0.0,False,True,False,0,no_power,0.0,0.0,0.0,0.0,0.0,0.0,0.0,0.0
2024-01-10 03:00:00,0.0,0.0,0.0,False,True,False,0,no_power,0.0,0.0,0.0,0.0,0.0,0.0,0.0,0.0
2024-01-10 04:00:00,0.0,0.0,0.0,False,True,False,0,no_power,0.0,0.0,0.0,0.0,0.0,0.0,0.0,0.0
2024-01-10 05:00:00,0.0,0.0,0.0,False,True,False,0,no_power,0.0,0.0,0.0,0.0,0.0,0.0,0.0,0.0
2024-01-10 06:00:00,0.0,0.0,0.0,False,True,False,0,no_power,0.0,0.0,0.0,0.0,0.0,0.0,0.0,0.0
2024-01-10 07:00:00,0.0,0.0,0.0,False,True,False,0,no_power,0.0,0.0,0.0,0.0,0.0,0.0,0.0,0.0
2024-01-10 08:00:00,0.435,0.418,92.0,True,True,False,0,no_power,0.0,0.0,0.0,0.0,0.0,0.0,0.0,0.0
2024-01-10 09:00:00,0.834,0.801,183.0,True,True,False,0,no_power,0.0,0.0,0.0,0.0,0.0,0.0,0.0,0.0
2024-01-10 10:00:00,1.268,1.217,301.0,True,True,False,0,no_power,0.0,0.0,0.0,0.0,0.0,0.0,0.0,0.0
2024-01-10 11:00:00,1.216,1.167,262.0,True,True,False,0,no_power,0.0,0.0,0.0,0.0,0.0,0.0,0.0,0.0
2024-01-10 12:00:00,1.435,1.378,312.0,True,True,True,1,ok,1.263,0.0,1.263,0.0,0.115,0.0,0.0,0.0
2024-01-10 13:00:00,1.476,1.417,325.0,True,True,True,2,ok,1.263,0.0,1.263,0.0,0.154,0.0,0.0,0.0
2024-01-10 14:00:00,1.613,1.548,464.0,True,True,True,3,ok,1.263,0.0,1.263,0.0,0.285,0.0,0.0,0.0
2024-01-10 15:00:00,1.295,1.243,354.0,True,True,False,3,no_power,0.0,0.0,0.0,0.0,0.0,0.0,0.0,0.0
2024-01-10 16:00:00,0.752,0.722,167.0,True,True,False,3,no_power,0.0,0.0,0.0,0.0,0.0,0.0,0.0,0.0
2024-01-10 17:00:00,0.179,0.172,36.0,True,True,False,3,no_power,0.0,0.0,0.0,0.0,0.0,0.0,0.0,0.0
2024-01-10 18:00:00,0.0,0.0,0.0,False,True,False,3,no_power,0.0,0.0,0.0,0.0,0.0,0.0,0.0,0.0
2024-01-10 19:00:00,0.0,0.0,0.0,False,True,False,3,no_power,0.0,0.0,0.0,0.0,0.0,0.0,0.0,0.0
2024-01-10 20:00:00,0.0,0.0,0.0,False,True,False,3,no_power,0.0,0.0,0.0,0.0,0.0,0.0,0.0,0.0
2024-01-10 21:00:00,0.0,0.0,0.0,False,True,False,3,no_power,0.0,0.0,0.0,0.0,0.0,0.0,0.0,0.0
2024-01-10 22:00:00,0.0,0.0,0.0,False,True,False,3,no_power,0.0,0.0,0.0,0.0,0.0,0.0,0.0,0.0
2024-01-10 23:00:00,0.0,0.0,0.0,False,True,False,3,no_power,0.0,0.0,0.0,0.0,0.0,0.0,0.0,0.0
2024-01-11 00:00:00,0.0,0.0,0.0,False,True,False,0,no_power,0.0,0.0,0.0,0.0,0.0,0.0,0.0,0.0
2024-01-11 01:00:00,0.0,0.0,0.0,False,True,False,0,no_power,0.0,0.0,0.0,0.0,0.0,0.0,0.0,0.0
2024-01-11 02:00:00,0.0,0.0,0.0,False,True,False,0,no_power,0.0,0.0,0.0,0.0,0.0,0.0,0.0,0.0
2024-01-11 03:00:00,0.0,0.0,0.0,False,True,False,0,no_power,0.0,0.0,0.0,0.0,0.0,0.0,0.0,0.0
2024-01-11 04:00:00,0.0,0.0,0.0,False,True,False,0,no_power,0.0,0.0,0.0,0.0,0.0,0.0,0.0,0.0
2024-01-11 05:00:00,0.0,0.0,0.0,False,True,False,0,no_power,0.0,0.0,0.0,0.0,0.0,0.0,0.0,0.0
2024-01-11 06:00:00,0.0,0.0,0.0,False,True,False,0,no_power,0.0,0.0,0.0,0.0,0.0,0.0,0.0,0.0
2024-01-11 07:00:00,0.0,0.0,0.0,False,True,False,0,no_power,0.0,0.0,0.0,0.0,0.0,0.0,0.0,0.0
2024-01-11 08:00:00,0.259,0.248,152.0,True,True,False,0,no_power,0.0,0.0,0.0,0.0,0.0,0.0,0.0,0.0
2024-01-11 09:00:00,0.894,0.858,187.0,True,True,False,0,no_power,0.0,0.0,0.0,0.0,0.0,0.0,0.0,0.0
2024-01-11 10:00:00,1.008,0.967,207.0,True,True,False,0,no_power,0.0,0.0,0.0,0.0,0.0,0.0,0.0,0.0
2024-01-11 11:00:00,0.273,0.262,55.0,True,True,False,0,no_power,0.0,0.0,0.0,0.0,0.0,0.0,0.0,0.0
2024-01-11 12:00:00,1.88,1.805,504.0,True,True,True,1,ok,1.263,0.0,1.263,0.0,0.542,0.0,0.0,0.0
2024-01-11 13:00:00,0.435,0.418,88.0,True,True,False,1,no_power,0.0,0.0,0.0,0.0,0.0,0.0,0.0,0.0
2024-01-11 14:00:00,1.08,1.037,222.0,True,True,False,1,no_power,0.0,0.0,0.0,0.0,0.0,0.0,0.0,0.0
2024-01-11 15:00:00,1.11,1.066,235.0,True,True,False,1,no_power,0.0,0.0,0.0,0.0,0.0,0.0,0.0,0.0
2024-01-11 16:00:00,0.229,0.219,46.0,True,True,False,1,no_power,0.0,0.0,0.0,0.0,0.0,0.0,0.0,0.0
2024-01-11 17:00:00,0.02,0.019,4.0,False,True,False,1,no_power,0.0,0.0,0.0,0.0,0.0,0.0,0.0,0.0
2024-01-11 18:00:00,0.0,0.0,0.0,False,True,False,1,no_power,0.0,0.0,0.0,0.0,0.0,0.0,0.0,0.0
2024-01-11 19:00:00,0.0,0.0,0.0,False,True,False,1,no_power,0.0,0.0,0.0,0.0,0.0,0.0,0.0,0.0
2024-01-11 20:00:00,0.0,0.0,0.0,False,True,False,1,no_power,0.0,0.0,0.0,0.0,0.0,0.0,0.0,0.0
2024-01-11 21:00:00,0.0,0.0,0.0,False,True,False,1,no_power,0.0,0.0,0.0,0.0,0.0,0.0,0.0,0.0
2024-01-11 22:00:00,0.0,0.0,0.0,False,True,False,1,no_power,0.0,0.0,0.0,0.0,0.0,0.0,0.0,0.0
2024-01-11 23:00:00,0.0,0.0,0.0,False,True,False,1,no_power,0.0,0.0,0.0,0.0,0.0,0.0,0.0,0.0
2024-01-12 00:00:00,0.0,0.0,0.0,False,True,False,0,no_power,0.0,0.0,0.0,0.0,0.0,0.0,0.0,0.0
2024-01-12 01:00:00,0.0,0.0,0.0,False,True,False,0,no_power,0.0,0.0,0.0,0.0,0.0,0.0,0.0,0.0
2024-01-12 02:00:00,0.0,0.0,0.0,False,True,False,0,no_power,0.0,0.0,0.0,0.0,0.0,0.0,0.0,0.0
2024-01-12 03:00:00,0.0,0.0,0.0,False,True,False,0,no_power,0.0,0.0,0.0,0.0,0.0,0.0,0.0,0.0
2024-01-12 04:00:00,0.0,0.0,0.0,False,True,False,0,no_power,0.0,0.0,0.0,0.0,0.0,0.0,0.0,0.0
2024-01-12 05:00:00,0.0,0.0,0.0,False,True,False,0,no_power,0.0,0.0,0.0,0.0,0.0,0.0,0.0,0.0
2024-01-12 06:00:00,0.0,0.0,0.0,False,True,False,0,no_power,0.0,0.0,0.0,0.0,0.0,0.0,0.0,0.0
2024-01-12 07:00:00,0.0,0.0,0.0,False,True,False,0,no_power,0.0,0.0,0.0,0.0,0.0,0.0,0.0,0.0
2024-01-12 08:00:00,0.273,0.262,55.0,True,True,False,0,no_power,0.0,0.0,0.0,0.0,0.0,0.0,0.0,0.0
2024-01-12 09:00:00,0.789,0.757,347.0,True,True,False,0,no_power,0.0,0.0,0.0,0.0,0.0,0.0,0.0,0.0
2024-01-12 10:00:00,1.32,1.267,520.0,True,True,True,1,ok,1.263,0.0,1.263,0.0,0.004,0.0,0.0,0.0
2024-01-12 11:00:00,1.711,1.642,641.0,True,True,True,2,ok,1.263,0.0,1.263,0.0,0.379,0.0,0.0,0.0
2024-01-12 12:00:00,1.896,1.82,699.0,True,True,True,3,ok,1.263,0.0,1.263,0.0,0.557,0.0,0.0,0.0
2024-01-12 13:00:00,1.858,1.784,688.0,True,True,True,4,ok,1.263,0.0,1.263,0.0,0.521,0.0,0.0,0.0
2024-01-12 14:00:00,1.603,1.539,612.0,True,True,True,5,ok,1.263,0.0,1.263,0.0,0.276,0.0,0.0,0.0
2024-01-12 15:00:00,1.157,1.111,474.0,True,True,False,5,no_power,0.0,0.0,0.0,0.0,0.0,0.0,0.0,0.0
2024-01-12 16:00:00,0.577,0.553,293.0,True,True,False,5,no_power,0.0,0.0,0.0,0.0,0.0,0.0,0.0,0.0
2024-01-12 17:00:00,0.186,0.179,96.0,True,True,False,5,no_power,0.0,0.0,0.0,0.0,0.0,0.0,0.0,0.0
2024-01-12 18:00:00,0.0,0.0,0.0,False,True,False,5,no_power,0.0,0.0,0.0,0.0,0.0,0.0,0.0,0.0
2024-01-12 19:00:00,0.0,0.0,0.0,False,True,False,5,no_power,0.0,0.0,0.0,0.0,0.0,0.0,0.0,0.0
2024-01-12 20:00:00,0.0,0.0,0.0,False,True,False,5,no_power,0.0,0.0,0.0,0.0,0.0,0.0,0.0,0.0
2024-01-12 21:00:00,0.0,0.0,0.0,False,True,False,5,no_power,0.0,0.0,0.0,0.0,0.0,0.0,0.0,0.0
2024-01-12 22:00:00,0.0,0.0,0.0,False,True,False,5,no_power,0.0,0.0,0.0,0.0,0.0,0.0,0.0,0.0
2024-01-12 23:00:00,0.0,0.0,0.0,False,True,False,5,no_power,0.0,0.0,0.0,0.0,0.0,0.0,0.0,0.0
2024-01-13 00:00:00,0.0,0.0,0.0,False,True,False,0,no_power,0.0,0.0,0.0,0.0,0.0,0.0,0.0,0.0
2024-01-13 01:00:00,0.0,0.0,0.0,False,True,False,0,no_power,0.0,0.0,0.0,0.0,0.0,0.0,0.0,0.0
2024-01-13 02:00:00,0.0,0.0,0.0,False,True,False,0,no_power,0.0,0.0,0.0,0.0,0.0,0.0,0.0,0.0
2024-01-13 03:00:00,0.0,0.0,0.0,False,True,False,0,no_power,0.0,0.0,0.0,0.0,0.0,0.0,0.0,0.0
2024-01-13 04:00:00,0.0,0.0,0.0,False,True,False,0,no_power,0.0,0.0,0.0,0.0,0.0,0.0,0.0,0.0
2024-01-13 05:00:00,0.0,0.0,0.0,False,True,False,0,no_power,0.0,0.0,0.0,0.0,0.0,0.0,0.0,0.0
2024-01-13 06:00:00,0.0,0.0,0.0,False,True,False,0,no_power,0.0,0.0,0.0,0.0,0.0,0.0,0.0,0.0
2024-01-13 07:00:00,0.0,0.0,0.0,False,True,False,0,no_power,0.0,0.0,0.0,0.0,0.0,0.0,0.0,0.0
2024-01-13 08:00:00,0.228,0.219,161.0,True,True,False,0,no_power,0.0,0.0,0.0,0.0,0.0,0.0,0.0,0.0
2024-01-13 09:00:00,0.776,0.745,361.0,True,True,False,0,no_power,0.0,0.0,0.0,0.0,0.0,0.0,0.0,0.0
2024-01-13 10:00:00,1.327,1.273,535.0,True,True,True,1,ok,1.263,0.0,1.263,0.0,0.01,0.0,0.0,0.0
2024-01-13 11:00:00,1.722,1.653,657.0,True,True,True,2,ok,1.263,0.0,1.263,0.0,0.39,0.0,0.0,0.0
2024-01-13 12:00:00,1.916,1.84,716.0,True,True,True,3,ok,1.263,0.0,1.263,0.0,0.577,0.0,0.0,0.0
2024-01-13 13:00:00,1.894,1.818,706.0,True,True,True,4,ok,1.263,0.0,1.263,0.0,0.555,0.0,0.0,0.0
2024-01-13 14:00:00,1.642,1.576,629.0,True,True,True,5,ok,1.263,0.0,1.263,0.0,0.313,0.0,0.0,0.0
2024-01-13 15:00:00,1.183,1.136,489.0,True,True,False,5,no_power,0.0,0.0,0.0,0.0,0.0,0.0,0.0,0.0
2024-01-13 16:00:00,0.592,0.568,304.0,True,True,False,5,no_power,0.0,0.0,0.0,0.0,0.0,0.0,0.0,0.0
2024-01-13 17:00:00,0.186,0.179,102.0,True,True,False,5,no_power,0.0,0.0,0.0,0.0,0.0,0.0,0.0,0.0
2024-01-13 18:00:00,0.0,0.0,0.0,False,True,False,5,no_power,0.0,0.0,0.0,0.0,0.0,0.0,0.0,0.0
2024-01-13 19:00:00,0.0,0.0,0.0,False,True,False,5,no_power,0.0,0.0,0.0,0.0,0.0,0.0,0.0,0.0
2024-01-13 20:00:00,0.0,0.0,0.0,False,True,False,5,no_power,0.0,0.0,0.0,0.0,0.0,0.0,0.0,0.0
2024-01-13 21:00:00,0.0,0.0,0.0,False,True,False,5,no_power,0.0,0.0,0.0,0.0,0.0,0.0,0.0,0.0
2024-01-13 22:00:00,0.0,0.0,0.0,False,True,False,5,no_power,0.0,0.0,0.0,0.0,0.0,0.0,0.0,0.0
2024-01-13 23:00:00,0.0,0.0,0.0,False,True,False,5,no_power,0.0,0.0,0.0,0.0,0.0,0.0,0.0,0.0
2024-01-14 00:00:00,0.0,0.0,0.0,False,True,False,0,no_power,0.0,0.0,0.0,0.0,0.0,0.0,0.0,0.0
2024-01-14 01:00:00,0.0,0.0,0.0,False,True,False,0,no_power,0.0,0.0,0.0,0.0,0.0,0.0,0.0,0.0
2024-01-14 02:00:00,0.0,0.0,0.0,False,True,False,0,no_power,0.0,0.0,0.0,0.0,0.0,0.0,0.0,0.0
2024-01-14 03:00:00,0.0,0.0,0.0,False,True,False,0,no_power,0.0,0.0,0.0,0.0,0.0,0.0,0.0,0.0
2024-01-14 04:00:00,0.0,0.0,0.0,False,True,False,0,no_power,0.0,0.0,0.0,0.0,0.0,0.0,0.0,0.0
2024-01-14 05:00:00,0.0,0.0,0.0,False,True,False,0,no_power,0.0,0.0,0.0,0.0,0.0,0.0,0.0,0.0
2024-01-14 06:00:00,0.0,0.0,0.0,False,True,False,0,no_power,0.0,0.0,0.0,0.0,0.0,0.0,0.0,0.0
2024-01-14 07:00:00,0.0,0.0,0.0,False,True,False,0,no_power,0.0,0.0,0.0,0.0,0.0,0.0,0.0,0.0
2024-01-14 08:00:00,0.258,0.248,155.0,True,True,False,0,no_power,0.0,0.0,0.0,0.0,0.0,0.0,0.0,0.0
2024-01-14 09:00:00,0.791,0.76,353.0,True,True,False,0,no_power,0.0,0.0,0.0,0.0,0.0,0.0,0.0,0.0
2024-01-14 10:00:00,0.346,0.333,70.0,True,True,False,0,no_power,0.0,0.0,0.0,0.0,0.0,0.0,0.0,0.0
2024-01-14 11:00:00,0.74,0.71,152.0,True,True,False,0,no_power,0.0,0.0,0.0,0.0,0.0,0.0,0.0,0.0
2024-01-14 12:00:00,2.16,2.074,534.0,True,True,True,1,ok,1.263,0.0,1.263,0.0,0.811,0.0,0.0,0.0
2024-01-14 13:00:00,0.7,0.672,143.0,True,True,False,1,no_power,0.0,0.0,0.0,0.0,0.0,0.0,0.0,0.0
2024-01-14 14:00:00,1.894,1.819,459.0,True,True,True,2,ok,1.263,0.0,1.263,0.0,0.556,0.0,0.0,0.0
2024-01-14 15:00:00,0.748,0.718,156.0,True,True,False,2,no_power,0.0,0.0,0.0,0.0,0.0,0.0,0.0,0.0
2024-01-14 16:00:00,0.576,0.553,120.0,True,True,False,2,no_power,0.0,0.0,0.0,0.0,0.0,0.0,0.0,0.0
2024-01-14 17:00:00,0.164,0.158,33.0,True,True,False,2,no_power,0.0,0.0,0.0,0.0,0.0,0.0,0.0,0.0
2024-01-14 18:00:00,0.0,0.0,0.0,False,True,False,2,no_power,0.0,0.0,0.0,0.0,0.0,0.0,0.0,0.0
2024-01-14 19:00:00,0.0,0.0,0.0,False,True,False,2,no_power,0.0,0.0,0.0,0.0,0.0,0.0,0.0,0.0
2024-01-14 20:00:00,0.0,0.0,0.0,False,True,False,2,no_power,0.0,0.0,0.0,0.0,0.0,0.0,0.0,0.0
2024-01-14 21:00:00,0.0,0.0,0.0,False,True,False,2,no_power,0.0,0.0,0.0,0.0,0.0,0.0,0.0,0.0
2024-01-14 22:00:00,0.0,0.0,0.0,False,True,False,2,no_power,0.0,0.0,0.0,0.0,0.0,0.0,0.0,0.0
2024-01-14 23:00:00,0.0,0.0,0.0,False,True,False,2,no_power,0.0,0.0,0.0,0.0,0.0,0.0,0.0,0.0
2024-01-15 00:00:00,0.0,0.0,0.0,False,True,False,0,no_power,0.0,0.0,0.0,0.0,0.0,0.0,0.0,0.0
2024-01-15 01:00:00,0.0,0.0,0.0,False,True,False,0,no_power,0.0,0.0,0.0,0.0,0.0,0.0,0.0,0.0
2024-01-15 02:00:00,0.0,0.0,0.0,False,True,False,0,no_power,0.0,0.0,0.0,0.0,0.0,0.0,0.0,0.0
2024-01-15 03:00:00,0.0,0.0,0.0,False,True,False,0,no_power,0.0,0.0,0.0,0.0,0.0,0.0,0.0,0.0
2024-01-15 04:00:00,0.0,0.0,0.0,False,True,False,0,no_power,0.0,0.0,0.0,0.0,0.0,0.0,0.0,0.0
2024-01-15 05:00:00,0.0,0.0,0.0,False,True,False,0,no_power,0.0,0.0,0.0,0.0,0.0,0.0,0.0,0.0
2024-01-15 06:00:00,0.0,0.0,0.0,False,True,False,0,no_power,0.0,0.0,0.0,0.0,0.0,0.0,0.0,0.0
2024-01-15 07:00:00,0.0,0.0,0.0,False,True,False,0,no_power,0.0,0.0,0.0,0.0,0.0,0.0,0.0,0.0
2024-01-15 08:00:00,0.273,0.262,56.0,True,True,False,0,no_power,0.0,0.0,0.0,0.0,0.0,0.0,0.0,0.0
2024-01-15 09:00:00,0.787,0.756,359.0,True,True,False,0,no_power,0.0,0.0,0.0,0.0,0.0,0.0,0.0,0.0
2024-01-15 10:00:00,1.218,1.169,277.0,True,True,False,0,no_power,0.0,0.0,0.0,0.0,0.0,0.0,0.0,0.0
2024-01-15 11:00:00,1.719,1.65,437.0,True,True,True,1,ok,1.263,0.0,1.263,0.0,0.387,0.0,0.0,0.0
2024-01-15 12:00:00,1.886,1.811,519.0,True,True,True,2,ok,1.263,0.0,1.263,0.0,0.548,0.0,0.0,0.0
2024-01-15 13:00:00,1.879,1.804,516.0,True,True,True,3,ok,1.263,0.0,1.263,0.0,0.541,0.0,0.0,0.0
2024-01-15 14:00:00,1.644,1.578,496.0,True,True,True,4,ok,1.263,0.0,1.263,0.0,0.315,0.0,0.0,0.0
2024-01-15 15:00:00,1.311,1.258,336.0,True,True,False,4,no_power,0.0,0.0,0.0,0.0,0.0,0.0,0.0,0.0
2024-01-15 16:00:00,0.919,0.882,204.0,True,True,False,4,no_power,0.0,0.0,0.0,0.0,0.0,0.0,0.0,0.0
2024-01-15 17:00:00,0.186,0.179,106.0,True,True,False,4,no_power,0.0,0.0,0.0,0.0,0.0,0.0,0.0,0.0
2024-01-15 18:00:00,0.0,0.0,0.0,False,True,False,4,no_power,0.0,0.0,0.0,0.0,0.0,0.0,0.0,0.0
2024-01-15 19:00:00,0.0,0.0,0.0,False,True,False,4,no_power,0.0,0.0,0.0,0.0,0.0,0.0,0.0,0.0
2024-01-15 20:00:00,0.0,0.0,0.0,False,True,False,4,no_power,0.0,0.0,0.0,0.0,0.0,0.0,0.0,0.0
2024-01-15 21:00:00,0.0,0.0,0.0,False,True,False,4,no_power,0.0,0.0,0.0,0.0,0.0,0.0,0.0,0.0
2024-01-15 22:00:00,0.0,0.0,0.0,False,True,False,4,no_power,0.0,0.0,0.0,0.0,0.0,0.0,0.0,0.0
2024-01-15 23:00:00,0.0,0.0,0.0,False,True,False,4,no_power,0.0,0.0,0.0,0.0,0.0,0.0,0.0,0.0
2024-01-16 00:00:00,0.0,0.0,0.0,False,True,False,0,no_power,0.0,0.0,0.0,0.0,0.0,0.0,0.0,0.0
2024-01-16 01:00:00,0.0,0.0,0.0,False,True,False,0,no_power,0.0,0.0,0.0,0.0,0.0,0.0,0.0,0.0
2024-01-16 02:00:00,0.0,0.0,0.0,False,True,False,0,no_power,0.0,0.0,0.0,0.0,0.0,0.0,0.0,0.0
2024-01-16 03:00:00,0.0,0.0,0.0,False,True,False,0,no_power,0.0,0.0,0.0,0.0,0.0,0.0,0.0,0.0
2024-01-16 04:00:00,0.0,0.0,0.0,False,True,False,0,no_power,0.0,0.0,0.0,0.0,0.0,0.0,0.0,0.0
2024-01-16 05:00:00,0.0,0.0,0.0,False,True,False,0,no_power,0.0,0.0,0.0,0.0,0.0,0.0,0.0,0.0
2024-01-16 06:00:00,0.0,0.0,0.0,False,True,False,0,no_power,0.0,0.0,0.0,0.0,0.0,0.0,0.0,0.0
2024-01-16 07:00:00,0.0,0.0,0.0,False,True,False,0,no_power,0.0,0.0,0.0,0.0,0.0,0.0,0.0,0.0
2024-01-16 08:00:00,0.223,0.214,165.0,True,True,False,0,no_power,0.0,0.0,0.0,0.0,0.0,0.0,0.0,0.0
2024-01-16 09:00:00,0.794,0.762,367.0,True,True,False,0,no_power,0.0,0.0,0.0,0.0,0.0,0.0,0.0,0.0
2024-01-16 10:00:00,1.356,1.302,540.0,True,True,True,1,ok,1.263,0.0,1.263,0.0,0.039,0.0,0.0,0.0
2024-01-16 11:00:00,1.756,1.686,661.0,True,True,True,2,ok,1.263,0.0,1.263,0.0,0.423,0.0,0.0,0.0
2024-01-16 12:00:00,1.948,1.87,718.0,True,True,True,3,ok,1.263,0.0,1.263,0.0,0.607,0.0,0.0,0.0
2024-01-16 13:00:00,1.914,1.837,705.0,True,True,True,4,ok,1.263,0.0,1.263,0.0,0.574,0.0,0.0,0.0
2024-01-16 14:00:00,1.657,1.591,625.0,True,True,True,5,ok,1.263,0.0,1.263,0.0,0.328,0.0,0.0,0.0
2024-01-16 15:00:00,1.205,1.157,486.0,True,True,False,5,no_power,0.0,0.0,0.0,0.0,0.0,0.0,0.0,0.0
2024-01-16 16:00:00,0.62,0.595,304.0,True,True,False,5,no_power,0.0,0.0,0.0,0.0,0.0,0.0,0.0,0.0
2024-01-16 17:00:00,0.191,0.183,106.0,True,True,False,5,no_power,0.0,0.0,0.0,0.0,0.0,0.0,0.0,0.0
2024-01-16 18:00:00,0.0,0.0,0.0,False,True,False,5,no_power,0.0,0.0,0.0,0.0,0.0,0.0,0.0,0.0
2024-01-16 19:00:00,0.0,0.0,0.0,False,True,False,5,no_power,0.0,0.0,0.0,0.0,0.0,0.0,0.0,0.0
2024-01-16 20:00:00,0.0,0.0,0.0,False,True,False,5,no_power,0.0,0.0,0.0,0.0,0.0,0.0,0.0,0.0
2024-01-16 21:00:00,0.0,0.0,0.0,False,True,False,5,no_power,0.0,0.0,0.0,0.0,0.0,0.0,0.0,0.0
2024-01-16 22:00:00,0.0,0.0,0.0,False,True,False,5,no_power,0.0,0.0,0.0,0.0,0.0,0.0,0.0,0.0
2024-01-16 23:00:00,0.0,0.0,0.0,False,True,False,5,no_power,0.0,0.0,0.0,0.0,0.0,0.0,0.0,0.0
2024-01-17 00:00:00,0.0,0.0,0.0,False,True,False,0,no_power,0.0,0.0,0.0,0.0,0.0,0.0,0.0,0.0
2024-01-17 01:00:00,0.0,0.0,0.0,False,True,False,0,no_power,0.0,0.0,0.0,0.0,0.0,0.0,0.0,0.0
2024-01-17 02:00:00,0.0,0.0,0.0,False,True,False,0,no_power,0.0,0.0,0.0,0.0,0.0,0.0,0.0,0.0
2024-01-17 03:00:00,0.0,0.0,0.0,False,True,False,0,no_power,0.0,0.0,0.0,0.0,0.0,0.0,0.0,0.0
2024-01-17 04:00:00,0.0,0.0,0.0,False,True,False,0,no_power,0.0,0.0,0.0,0.0,0.0,0.0,0.0,0.0
2024-01-17 05:00:00,0.0,0.0,0.0,False,True,False,0,no_power,0.0,0.0,0.0,0.0,0.0,0.0,0.0,0.0
2024-01-17 06:00:00,0.0,0.0,0.0,False,True,False,0,no_power,0.0,0.0,0.0,0.0,0.0,0.0,0.0,0.0
2024-01-17 07:00:00,0.0,0.0,0.0,False,True,False,0,no_power,0.0,0.0,0.0,0.0,0.0,0.0,0.0,0.0
2024-01-17 08:00:00,0.297,0.286,61.0,True,True,False,0,no_power,0.0,0.0,0.0,0.0,0.0,0.0,0.0,0.0
2024-01-17 09:00:00,0.94,0.902,274.0,True,True,False,0,no_power,0.0,0.0,0.0,0.0,0.0,0.0,0.0,0.0
2024-01-17 10:00:00,0.109,0.105,22.0,True,True,False,0,no_power,0.0,0.0,0.0,0.0,0.0,0.0,0.0,0.0
2024-01-17 11:00:00,0.385,0.37,78.0,True,True,False,0,no_power,0.0,0.0,0.0,0.0,0.0,0.0,0.0,0.0
2024-01-17 12:00:00,0.159,0.153,32.0,True,True,False,0,no_power,0.0,0.0,0.0,0.0,0.0,0.0,0.0,0.0
2024-01-17 13:00:00,2.06,1.978,486.0,True,True,True,1,ok,1.263,0.0,1.263,0.0,0.715,0.0,0.0,0.0
2024-01-17 14:00:00,1.448,1.39,326.0,True,True,True,2,ok,1.263,0.0,1.263,0.0,0.127,0.0,0.0,0.0
2024-01-17 15:00:00,0.189,0.181,38.0,True,True,False,2,no_power,0.0,0.0,0.0,0.0,0.0,0.0,0.0,0.0
2024-01-17 16:00:00,0.179,0.172,36.0,True,True,False,2,no_power,0.0,0.0,0.0,0.0,0.0,0.0,0.0,0.0
2024-01-17 17:00:00,0.387,0.372,86.0,True,True,False,2,no_power,0.0,0.0,0.0,0.0,0.0,0.0,0.0,0.0
2024-01-17 18:00:00,0.0,0.0,0.0,False,True,False,2,no_power,0.0,0.0,0.0,0.0,0.0,0.0,0.0,0.0
2024-01-17 19:00:00,0.0,0.0,0.0,False,True,False,2,no_power,0.0,0.0,0.0,0.0,0.0,0.0,0.0,0.0
2024-01-17 20:00:00,0.0,0.0,0.0,False,True,False,2,no_power,0.0,0.0,0.0,0.0,0.0,0.0,0.0,0.0
2024-01-17 21:00:00,0.0,0.0,0.0,False,True,False,2,no_power,0.0,0.0,0.0,0.0,0.0,0.0,0.0,0.0
2024-01-17 22:00:00,0.0,0.0,0.0,False,True,False,2,no_power,0.0,0.0,0.0,0.0,0.0,0.0,0.0,0.0
2024-01-17 23:00:00,0.0,0.0,0.0,False,True,False,2,no_power,0.0,0.0,0.0,0.0,0.0,0.0,0.0,0.0
2024-01-18 00:00:00,0.0,0.0,0.0,False,True,False,0,no_power,0.0,0.0,0.0,0.0,0.0,0.0,0.0,0.0
2024-01-18 01:00:00,0.0,0.0,0.0,False,True,False,0,no_power,0.0,0.0,0.0,0.0,0.0,0.0,0.0,0.0
2024-01-18 02:00:00,0.0,0.0,0.0,False,True,False,0,no_power,0.0,0.0,0.0,0.0,0.0,0.0,0.0,0.0
2024-01-18 03:00:00,0.0,0.0,0.0,False,True,False,0,no_power,0.0,0.0,0.0,0.0,0.0,0.0,0.0,0.0
2024-01-18 04:00:00,0.0,0.0,0.0,False,True,False,0,no_power,0.0,0.0,0.0,0.0,0.0,0.0,0.0,0.0
2024-01-18 05:00:00,0.0,0.0,0.0,False,True,False,0,no_power,0.0,0.0,0.0,0.0,0.0,0.0,0.0,0.0
2024-01-18 06:00:00,0.0,0.0,0.0,False,True,False,0,no_power,0.0,0.0,0.0,0.0,0.0,0.0,0.0,0.0
2024-01-18 07:00:00,0.0,0.0,0.0,False,True,False,0,no_power,0.0,0.0,0.0,0.0,0.0,0.0,0.0,0.0
2024-01-18 08:00:00,0.234,0.224,160.0,True,True,False,0,no_power,0.0,0.0,0.0,0.0,0.0,0.0,0.0,0.0
2024-01-18 09:00:00,0.804,0.772,362.0,True,True,False,0,no_power,0.0,0.0,0.0,0.0,0.0,0.0,0.0,0.0
2024-01-18 10:00:00,1.371,1.316,535.0,True,True,True,1,ok,1.263,0.0,1.263,0.0,0.053,0.0,0.0,0.0
2024-01-18 11:00:00,1.77,1.7,660.0,True,True,True,2,ok,1.263,0.0,1.263,0.0,0.437,0.0,0.0,0.0
2024-01-18 12:00:00,1.97,1.891,720.0,True,True,True,3,ok,1.263,0.0,1.263,0.0,0.628,0.0,0.0,0.0
2024-01-18 13:00:00,1.963,1.884,709.0,True,True,True,4,ok,1.263,0.0,1.263,0.0,0.621,0.0,0.0,0.0
2024-01-18 14:00:00,1.736,1.666,525.0,True,True,True,5,ok,1.263,0.0,1.263,0.0,0.403,0.0,0.0,0.0
2024-01-18 15:00:00,1.26,1.21,495.0,True,True,False,5,no_power,0.0,0.0,0.0,0.0,0.0,0.0,0.0,0.0
2024-01-18 16:00:00,0.67,0.643,313.0,True,True,False,5,no_power,0.0,0.0,0.0,0.0,0.0,0.0,0.0,0.0
2024-01-18 17:00:00,0.154,0.148,31.0,True,True,False,5,no_power,0.0,0.0,0.0,0.0,0.0,0.0,0.0,0.0
2024-01-18 18:00:00,0.0,0.0,0.0,False,True,False,5,no_power,0.0,0.0,0.0,0.0,0.0,0.0,0.0,0.0
2024-01-18 19:00:00,0.0,0.0,0.0,False,True,False,5,no_power,0.0,0.0,0.0,0.0,0.0,0.0,0.0,0.0
2024-01-18 20:00:00,0.0,0.0,0.0,False,True,False,5,no_power,0.0,0.0,0.0,0.0,0.0,0.0,0.0,0.0
2024-01-18 21:00:00,0.0,0.0,0.0,False,True,False,5,no_power,0.0,0.0,0.0,0.0,0.0,0.0,0.0,0.0
2024-01-18 22:00:00,0.0,0.0,0.0,False,True,False,5,no_power,0.0,0.0,0.0,0.0,0.0,0.0,0.0,0.0
2024-01-18 23:00:00,0.0,0.0,0.0,False,True,False,5,no_power,0.0,0.0,0.0,0.0,0.0,0.0,0.0,0.0
2024-01-19 00:00:00,0.0,0.0,0.0,False,True,False,0,no_power,0.0,0.0,0.0,0.0,0.0,0.0,0.0,0.0
2024-01-19 01:00:00,0.0,0.0,0.0,False,True,False,0,no_power,0.0,0.0,0.0,0.0,0.0,0.0,0.0,0.0
2024-01-19 02:00:00,0.0,0.0,0.0,False,True,False,0,no_power,0.0,0.0,0.0,0.0,0.0,0.0,0.0,0.0
2024-01-19 03:00:00,0.0,0.0,0.0,False,True,False,0,no_power,0.0,0.0,0.0,0.0,0.0,0.0,0.0,0.0
2024-01-19 04:00:00,0.0,0.0,0.0,False,True,False,0,no_power,0.0,0.0,0.0,0.0,0.0,0.0,0.0,0.0
2024-01-19 05:00:00,0.0,0.0,0.0,False,True,False,0,no_power,0.0,0.0,0.0,0.0,0.0,0.0,0.0,0.0
2024-01-19 06:00:00,0.0,0.0,0.0,False,True,False,0,no_power,0.0,0.0,0.0,0.0,0.0,0.0,0.0,0.0
2024-01-19 07:00:00,0.0,0.0,0.0,False,True,False,0,no_power,0.0,0.0,0.0,0.0,0.0,0.0,0.0,0.0
2024-01-19 08:00:00,0.44,0.422,95.0,True,True,False,0,no_power,0.0,0.0,0.0,0.0,0.0,0.0,0.0,0.0
2024-01-19 09:00:00,0.82,0.787,371.0,True,True,False,0,no_power,0.0,0.0,0.0,0.0,0.0,0.0,0.0,0.0
2024-01-19 10:00:00,1.485,1.425,392.0,True,True,True,1,ok,1.263,0.0,1.263,0.0,0.162,0.0,0.0,0.0
2024-01-19 11:00:00,1.995,1.915,479.0,True,True,True,2,ok,1.263,0.0,1.263,0.0,0.652,0.0,0.0,0.0
2024-01-19 12:00:00,1.97,1.891,531.0,True,True,True,3,ok,1.263,0.0,1.263,0.0,0.628,0.0,0.0,0.0
2024-01-19 13:00:00,1.954,1.876,544.0,True,True,True,4,ok,1.263,0.0,1.263,0.0,0.613,0.0,0.0,0.0
2024-01-19 14:00:00,1.647,1.581,428.0,True,True,True,5,ok,1.263,0.0,1.263,0.0,0.318,0.0,0.0,0.0
2024-01-19 15:00:00,1.357,1.303,351.0,True,True,True,6,ok,1.263,0.0,1.263,0.0,0.04,0.0,0.0,0.0
2024-01-19 16:00:00,0.893,0.857,241.0,True,True,False,6,cap_reached,0.0,0.0,0.0,0.0,0.857,0.0,0.0,0.0
2024-01-19 17:00:00,0.207,0.199,114.0,True,True,False,6,cap_reached,0.0,0.0,0.0,0.0,0.199,0.0,0.0,0.0
2024-01-19 18:00:00,0.0,0.0,0.0,False,True,False,6,cap_reached,0.0,0.0,0.0,0.0,0.0,0.0,0.0,0.0
2024-01-19 19:00:00,0.0,0.0,0.0,False,True,False,6,cap_reached,0.0,0.0,0.0,0.0,0.0,0.0,0.0,0.0
2024-01-19 20:00:00,0.0,0.0,0.0,False,True,False,6,cap_reached,0.0,0.0,0.0,0.0,0.0,0.0,0.0,0.0
2024-01-19 21:00:00,0.0,0.0,0.0,False,True,False,6,cap_reached,0.0,0.0,0.0,0.0,0.0,0.0,0.0,0.0
2024-01-19 22:00:00,0.0,0.0,0.0,False,True,False,6,cap_reached,0.0,0.0,0.0,0.0,0.0,0.0,0.0,0.0
2024-01-19 23:00:00,0.0,0.0,0.0,False,True,False,6,cap_reached,0.0,0.0,0.0,0.0,0.0,0.0,0.0,0.0
2024-01-20 00:00:00,0.0,0.0,0.0,False,True,False,0,no_power,0.0,0.0,0.0,0.0,0.0,0.0,0.0,0.0
2024-01-20 01:00:00,0.0,0.0,0.0,False,True,False,0,no_power,0.0,0.0,0.0,0.0,0.0,0.0,0.0,0.0
2024-01-20 02:00:00,0.0,0.0,0.0,False,True,False,0,no_power,0.0,0.0,0.0,0.0,0.0,0.0,0.0,0.0
2024-01-20 03:00:00,0.0,0.0,0.0,False,True,False,0,no_power,0.0,0.0,0.0,0.0,0.0,0.0,0.0,0.0
2024-01-20 04:00:00,0.0,0.0,0.0,False,True,False,0,no_power,0.0,0.0,0.0,0.0,0.0,0.0,0.0,0.0
2024-01-20 05:00:00,0.0,0.0,0.0,False,True,False,0,no_power,0.0,0.0,0.0,0.0,0.0,0.0,0.0,0.0
2024-01-20 06:00:00,0.0,0.0,0.0,False,True,False,0,no_power,0.0,0.0,0.0,0.0,0.0,0.0,0.0,0.0
2024-01-20 07:00:00,0.0,0.0,0.0,False,True,False,0,no_power,0.0,0.0,0.0,0.0,0.0,0.0,0.0,0.0
2024-01-20 08:00:00,0.372,0.358,76.0,True,True,False,0,no_power,0.0,0.0,0.0,0.0,0.0,0.0,0.0,0.0
2024-01-20 09:00:00,0.608,0.584,123.0,True,True,False,0,no_power,0.0,0.0,0.0,0.0,0.0,0.0,0.0,0.0
2024-01-20 10:00:00,0.967,0.929,198.0,True,True,False,0,no_power,0.0,0.0,0.0,0.0,0.0,0.0,0.0,0.0
2024-01-20 11:00:00,0.825,0.792,169.0,True,True,False,0,no_power,0.0,0.0,0.0,0.0,0.0,0.0,0.0,0.0
2024-01-20 12:00:00,1.605,1.541,340.0,True,True,True,1,ok,1.263,0.0,1.263,0.0,0.278,0.0,0.0,0.0
2024-01-20 13:00:00,0.49,0.47,99.0,True,True,False,1,no_power,0.0,0.0,0.0,0.0,0.0,0.0,0.0,0.0
2024-01-20 14:00:00,0.913,0.877,186.0,True,True,False,1,no_power,0.0,0.0,0.0,0.0,0.0,0.0,0.0,0.0
2024-01-20 15:00:00,0.299,0.287,60.0,True,True,False,1,no_power,0.0,0.0,0.0,0.0,0.0,0.0,0.0,0.0
2024-01-20 16:00:00,0.055,0.053,11.0,False,True,False,1,no_power,0.0,0.0,0.0,0.0,0.0,0.0,0.0,0.0
2024-01-20 17:00:00,0.272,0.262,107.0,True,True,False,1,no_power,0.0,0.0,0.0,0.0,0.0,0.0,0.0,0.0
2024-01-20 18:00:00,0.0,0.0,0.0,False,True,False,1,no_power,0.0,0.0,0.0,0.0,0.0,0.0,0.0,0.0
2024-01-20 19:00:00,0.0,0.0,0.0,False,True,False,1,no_power,0.0,0.0,0.0,0.0,0.0,0.0,0.0,0.0
2024-01-20 20:00:00,0.0,0.0,0.0,False,True,False,1,no_power,0.0,0.0,0.0,0.0,0.0,0.0,0.0,0.0
2024-01-20 21:00:00,0.0,0.0,0.0,False,True,False,1,no_power,0.0,0.0,0.0,0.0,0.0,0.0,0.0,0.0
2024-01-20 22:00:00,0.0,0.0,0.0,False,True,False,1,no_power,0.0,0.0,0.0,0.0,0.0,0.0,0.0,0.0
2024-01-20 23:00:00,0.0,0.0,0.0,False,True,False,1,no_power,0.0,0.0,0.0,0.0,0.0,0.0,0.0,0.0
2024-01-21 00:00:00,0.0,0.0,0.0,False,True,False,0,no_power,0.0,0.0,0.0,0.0,0.0,0.0,0.0,0.0
2024-01-21 01:00:00,0.0,0.0,0.0,False,True,False,0,no_power,0.0,0.0,0.0,0.0,0.0,0.0,0.0,0.0
2024-01-21 02:00:00,0.0,0.0,0.0,False,True,False,0,no_power,0.0,0.0,0.0,0.0,0.0,0.0,0.0,0.0
2024-01-21 03:00:00,0.0,0.0,0.0,False,True,False,0,no_power,0.0,0.0,0.0,0.0,0.0,0.0,0.0,0.0
2024-01-21 04:00:00,0.0,0.0,0.0,False,True,False,0,no_power,0.0,0.0,0.0,0.0,0.0,0.0,0.0,0.0
2024-01-21 05:00:00,0.0,0.0,0.0,False,True,False,0,no_power,0.0,0.0,0.0,0.0,0.0,0.0,0.0,0.0
2024-01-21 06:00:00,0.0,0.0,0.0,False,True,False,0,no_power,0.0,0.0,0.0,0.0,0.0,0.0,0.0,0.0
2024-01-21 07:00:00,0.0,0.0,0.0,False,True,False,0,no_power,0.0,0.0,0.0,0.0,0.0,0.0,0.0,0.0
2024-01-21 08:00:00,0.552,0.53,136.0,True,True,False,0,no_power,0.0,0.0,0.0,0.0,0.0,0.0,0.0,0.0
2024-01-21 09:00:00,1.13,1.085,240.0,True,True,False,0,no_power,0.0,0.0,0.0,0.0,0.0,0.0,0.0,0.0
2024-01-21 10:00:00,1.735,1.666,401.0,True,True,True,1,ok,1.263,0.0,1.263,0.0,0.403,0.0,0.0,0.0
2024-01-21 11:00:00,2.169,2.082,530.0,True,True,True,2,ok,1.263,0.0,1.263,0.0,0.819,0.0,0.0,0.0
2024-01-21 12:00:00,2.263,2.173,526.0,True,True,True,3,ok,1.263,0.0,1.263,0.0,0.91,0.0,0.0,0.0
2024-01-21 13:00:00,1.821,1.748,421.0,True,True,True,4,ok,1.263,0.0,1.263,0.0,0.485,0.0,0.0,0.0
2024-01-21 14:00:00,1.828,1.755,550.0,True,True,True,5,ok,1.263,0.0,1.263,0.0,0.492,0.0,0.0,0.0
2024-01-21 15:00:00,1.436,1.379,378.0,True,True,True,6,ok,1.263,0.0,1.263,0.0,0.116,0.0,0.0,0.0
2024-01-21 16:00:00,0.903,0.867,186.0,True,True,False,6,cap_reached,0.0,0.0,0.0,0.0,0.867,0.0,0.0,0.0
2024-01-21 17:00:00,0.106,0.102,21.0,True,True,False,6,cap_reached,0.0,0.0,0.0,0.0,0.102,0.0,0.0,0.0
2024-01-21 18:00:00,0.0,0.0,0.0,False,True,False,6,cap_reached,0.0,0.0,0.0,0.0,0.0,0.0,0.0,0.0
2024-01-21 19:00:00,0.0,0.0,0.0,False,True,False,6,cap_reached,0.0,0.0,0.0,0.0,0.0,0.0,0.0,0.0
2024-01-21 20:00:00,0.0,0.0,0.0,False,True,False,6,cap_reached,0.0,0.0,0.0,0.0,0.0,0.0,0.0,0.0
2024-01-21 21:00:00,0.0,0.0,0.0,False,True,False,6,cap_reached,0.0,0.0,0.0,0.0,0.0,0.0,0.0,0.0
2024-01-21 22:00:00,0.0,0.0,0.0,False,True,False,6,cap_reached,0.0,0.0,0.0,0.0,0.0,0.0,0.0,0.0
2024-01-21 23:00:00,0.0,0.0,0.0,False,True,False,6,cap_reached,0.0,0.0,0.0,0.0,0.0,0.0,0.0,0.0
2024-01-22 00:00:00,0.0,0.0,0.0,False,True,False,0,no_power,0.0,0.0,0.0,0.0,0.0,0.0,0.0,0.0
2024-01-22 01:00:00,0.0,0.0,0.0,False,True,False,0,no_power,0.0,0.0,0.0,0.0,0.0,0.0,0.0,0.0
2024-01-22 02:00:00,0.0,0.0,0.0,False,True,False,0,no_power,0.0,0.0,0.0,0.0,0.0,0.0,0.0,0.0
2024-01-22 03:00:00,0.0,0.0,0.0,False,True,False,0,no_power,0.0,0.0,0.0,0.0,0.0,0.0,0.0,0.0
2024-01-22 04:00:00,0.0,0.0,0.0,False,True,False,0,no_power,0.0,0.0,0.0,0.0,0.0,0.0,0.0,0.0
2024-01-22 05:00:00,0.0,0.0,0.0,False,True,False,0,no_power,0.0,0.0,0.0,0.0,0.0,0.0,0.0,0.0
2024-01-22 06:00:00,0.0,0.0,0.0,False,True,False,0,no_power,0.0,0.0,0.0,0.0,0.0,0.0,0.0,0.0
2024-01-22 07:00:00,0.0,0.0,0.0,False,True,False,0,no_power,0.0,0.0,0.0,0.0,0.0,0.0,0.0,0.0
2024-01-22 08:00:00,0.111,0.106,22.0,True,True,False,0,no_power,0.0,0.0,0.0,0.0,0.0,0.0,0.0,0.0
2024-01-22 09:00:00,1.166,1.119,257.0,True,True,False,0,no_power,0.0,0.0,0.0,0.0,0.0,0.0,0.0,0.0
2024-01-22 10:00:00,1.522,1.461,446.0,True,True,True,1,ok,1.263,0.0,1.263,0.0,0.198,0.0,0.0,0.0
2024-01-22 11:00:00,1.89,1.815,551.0,True,True,True,2,ok,1.263,0.0,1.263,0.0,0.552,0.0,0.0,0.0
2024-01-22 12:00:00,2.007,1.927,545.0,True,True,True,3,ok,1.263,0.0,1.263,0.0,0.664,0.0,0.0,0.0
2024-01-22 13:00:00,1.783,1.712,405.0,True,True,True,4,ok,1.263,0.0,1.263,0.0,0.449,0.0,0.0,0.0
2024-01-22 14:00:00,1.829,1.756,532.0,True,True,True,5,ok,1.263,0.0,1.263,0.0,0.493,0.0,0.0,0.0
2024-01-22 15:00:00,1.429,1.372,385.0,True,True,True,6,ok,1.263,0.0,1.263,0.0,0.109,0.0,0.0,0.0
2024-01-22 16:00:00,1.011,0.97,216.0,True,True,False,6,cap_reached,0.0,0.0,0.0,0.0,0.97,0.0,0.0,0.0
2024-01-22 17:00:00,0.259,0.248,121.0,True,True,False,6,cap_reached,0.0,0.0,0.0,0.0,0.248,0.0,0.0,0.0
2024-01-22 18:00:00,0.0,0.0,0.0,False,True,False,6,cap_reached,0.0,0.0,0.0,0.0,0.0,0.0,0.0,0.0
2024-01-22 19:00:00,0.0,0.0,0.0,False,True,False,6,cap_reached,0.0,0.0,0.0,0.0,0.0,0.0,0.0,0.0
2024-01-22 20:00:00,0.0,0.0,0.0,False,True,False,6,cap_reached,0.0,0.0,0.0,0.0,0.0,0.0,0.0,0.0
2024-01-22 21:00:00,0.0,0.0,0.0,False,True,False,6,cap_reached,0.0,0.0,0.0,0.0,0.0,0.0,0.0,0.0
2024-01-22 22:00:00,0.0,0.0,0.0,False,True,False,6,cap_reached,0.0,0.0,0.0,0.0,0.0,0.0,0.0,0.0
2024-01-22 23:00:00,0.0,0.0,0.0,False,True,False,6,cap_reached,0.0,0.0,0.0,0.0,0.0,0.0,0.0,0.0
2024-01-23 00:00:00,0.0,0.0,0.0,False,True,False,0,no_power,0.0,0.0,0.0,0.0,0.0,0.0,0.0,0.0
2024-01-23 01:00:00,0.0,0.0,0.0,False,True,False,0,no_power,0.0,0.0,0.0,0.0,0.0,0.0,0.0,0.0
2024-01-23 02:00:00,0.0,0.0,0.0,False,True,False,0,no_power,0.0,0.0,0.0,0.0,0.0,0.0,0.0,0.0
2024-01-23 03:00:00,0.0,0.0,0.0,False,True,False,0,no_power,0.0,0.0,0.0,0.0,0.0,0.0,0.0,0.0
2024-01-23 04:00:00,0.0,0.0,0.0,False,True,False,0,no_power,0.0,0.0,0.0,0.0,0.0,0.0,0.0,0.0
2024-01-23 05:00:00,0.0,0.0,0.0,False,True,False,0,no_power,0.0,0.0,0.0,0.0,0.0,0.0,0.0,0.0
2024-01-23 06:00:00,0.0,0.0,0.0,False,True,False,0,no_power,0.0,0.0,0.0,0.0,0.0,0.0,0.0,0.0
2024-01-23 07:00:00,0.0,0.0,0.0,False,True,False,0,no_power,0.0,0.0,0.0,0.0,0.0,0.0,0.0,0.0
2024-01-23 08:00:00,0.323,0.31,158.0,True,True,False,0,no_power,0.0,0.0,0.0,0.0,0.0,0.0,0.0,0.0
2024-01-23 09:00:00,0.929,0.892,363.0,True,True,False,0,no_power,0.0,0.0,0.0,0.0,0.0,0.0,0.0,0.0
2024-01-23 10:00:00,1.494,1.434,481.0,True,True,True,1,ok,1.263,0.0,1.263,0.0,0.171,0.0,0.0,0.0
2024-01-23 11:00:00,1.916,1.839,673.0,True,True,True,2,ok,1.263,0.0,1.263,0.0,0.576,0.0,0.0,0.0
2024-01-23 12:00:00,2.124,2.039,737.0,True,True,True,3,ok,1.263,0.0,1.263,0.0,0.776,0.0,0.0,0.0
2024-01-23 13:00:00,2.099,2.015,732.0,True,True,True,4,ok,1.263,0.0,1.263,0.0,0.752,0.0,0.0,0.0
2024-01-23 14:00:00,1.845,1.771,655.0,True,True,True,5,ok,1.263,0.0,1.263,0.0,0.508,0.0,0.0,0.0
2024-01-23 15:00:00,1.387,1.332,516.0,True,True,True,6,ok,1.263,0.0,1.263,0.0,0.069,0.0,0.0,0.0
2024-01-23 16:00:00,0.779,0.748,329.0,True,True,False,6,cap_reached,0.0,0.0,0.0,0.0,0.748,0.0,0.0,0.0
2024-01-23 17:00:00,0.242,0.233,124.0,True,True,False,6,cap_reached,0.0,0.0,0.0,0.0,0.233,0.0,0.0,0.0
2024-01-23 18:00:00,0.0,0.0,0.0,False,True,False,6,cap_reached,0.0,0.0,0.0,0.0,0.0,0.0,0.0,0.0
2024-01-23 19:00:00,0.0,0.0,0.0,False,True,False,6,cap_reached,0.0,0.0,0.0,0.0,0.0,0.0,0.0,0.0
2024-01-23 20:00:00,0.0,0.0,0.0,False,True,False,6,cap_reached,0.0,0.0,0.0,0.0,0.0,0.0,0.0,0.0
2024-01-23 21:00:00,0.0,0.0,0.0,False,True,False,6,cap_reached,0.0,0.0,0.0,0.0,0.0,0.0,0.0,0.0
2024-01-23 22:00:00,0.0,0.0,0.0,False,True,False,6,cap_reached,0.0,0.0,0.0,0.0,0.0,0.0,0.0,0.0
2024-01-23 23:00:00,0.0,0.0,0.0,False,True,False,6,cap_reached,0.0,0.0,0.0,0.0,0.0,0.0,0.0,0.0
2024-01-24 00:00:00,0.0,0.0,0.0,False,True,False,0,no_power,0.0,0.0,0.0,0.0,0.0,0.0,0.0,0.0
2024-01-24 01:00:00,0.0,0.0,0.0,False,True,False,0,no_power,0.0,0.0,0.0,0.0,0.0,0.0,0.0,0.0
2024-01-24 02:00:00,0.0,0.0,0.0,False,True,False,0,no_power,0.0,0.0,0.0,0.0,0.0,0.0,0.0,0.0
2024-01-24 03:00:00,0.0,0.0,0.0,False,True,False,0,no_power,0.0,0.0,0.0,0.0,0.0,0.0,0.0,0.0
2024-01-24 04:00:00,0.0,0.0,0.0,False,True,False,0,no_power,0.0,0.0,0.0,0.0,0.0,0.0,0.0,0.0
2024-01-24 05:00:00,0.0,0.0,0.0,False,True,False,0,no_power,0.0,0.0,0.0,0.0,0.0,0.0,0.0,0.0
2024-01-24 06:00:00,0.0,0.0,0.0,False,True,False,0,no_power,0.0,0.0,0.0,0.0,0.0,0.0,0.0,0.0
2024-01-24 07:00:00,0.0,0.0,0.0,False,True,False,0,no_power,0.0,0.0,0.0,0.0,0.0,0.0,0.0,0.0
2024-01-24 08:00:00,0.299,0.287,162.0,True,True,False,0,no_power,0.0,0.0,0.0,0.0,0.0,0.0,0.0,0.0
2024-01-24 09:00:00,0.927,0.89,365.0,True,True,False,0,no_power,0.0,0.0,0.0,0.0,0.0,0.0,0.0,0.0
2024-01-24 10:00:00,1.49,1.43,550.0,True,True,True,1,ok,1.263,0.0,1.263,0.0,0.167,0.0,0.0,0.0
2024-01-24 11:00:00,1.917,1.841,678.0,True,True,True,2,ok,1.263,0.0,1.263,0.0,0.578,0.0,0.0,0.0
2024-01-24 12:00:00,2.13,2.044,741.0,True,True,True,3,ok,1.263,0.0,1.263,0.0,0.781,0.0,0.0,0.0
2024-01-24 13:00:00,2.11,2.025,737.0,True,True,True,4,ok,1.263,0.0,1.263,0.0,0.762,0.0,0.0,0.0
2024-01-24 14:00:00,1.859,1.784,660.0,True,True,True,5,ok,1.263,0.0,1.263,0.0,0.521,0.0,0.0,0.0
2024-01-24 15:00:00,1.402,1.346,522.0,True,True,True,6,ok,1.263,0.0,1.263,0.0,0.083,0.0,0.0,0.0
2024-01-24 16:00:00,0.792,0.76,335.0,True,True,False,6,cap_reached,0.0,0.0,0.0,0.0,0.76,0.0,0.0,0.0
2024-01-24 17:00:00,0.237,0.228,128.0,True,True,False,6,cap_reached,0.0,0.0,0.0,0.0,0.228,0.0,0.0,0.0
2024-01-24 18:00:00,0.0,0.0,0.0,False,True,False,6,cap_reached,0.0,0.0,0.0,0.0,0.0,0.0,0.0,0.0
2024-01-24 19:00:00,0.0,0.0,0.0,False,True,False,6,cap_reached,0.0,0.0,0.0,0.0,0.0,0.0,0.0,0.0
2024-01-24 20:00:00,0.0,0.0,0.0,False,True,False,6,cap_reached,0.0,0.0,0.0,0.0,0.0,0.0,0.0,0.0
2024-01-24 21:00:00,0.0,0.0,0.0,False,True,False,6,cap_reached,0.0,0.0,0.0,0.0,0.0,0.0,0.0,0.0
2024-01-24 22:00:00,0.0,0.0,0.0,False,True,False,6,cap_reached,0.0,0.0,0.0,0.0,0.0,0.0,0.0,0.0
2024-01-24 23:00:00,0.0,0.0,0.0,False,True,False,6,cap_reached,0.0,0.0,0.0,0.0,0.0,0.0,0.0,0.0
2024-01-25 00:00:00,0.0,0.0,0.0,False,True,False,0,no_power,0.0,0.0,0.0,0.0,0.0,0.0,0.0,0.0
2024-01-25 01:00:00,0.0,0.0,0.0,False,True,False,0,no_power,0.0,0.0,0.0,0.0,0.0,0.0,0.0,0.0
2024-01-25 02:00:00,0.0,0.0,0.0,False,True,False,0,no_power,0.0,0.0,0.0,0.0,0.0,0.0,0.0,0.0
2024-01-25 03:00:00,0.0,0.0,0.0,False,True,False,0,no_power,0.0,0.0,0.0,0.0,0.0,0.0,0.0,0.0
2024-01-25 04:00:00,0.0,0.0,0.0,False,True,False,0,no_power,0.0,0.0,0.0,0.0,0.0,0.0,0.0,0.0
2024-01-25 05:00:00,0.0,0.0,0.0,False,True,False,0,no_power,0.0,0.0,0.0,0.0,0.0,0.0,0.0,0.0
2024-01-25 06:00:00,0.0,0.0,0.0,False,True,False,0,no_power,0.0,0.0,0.0,0.0,0.0,0.0,0.0,0.0
2024-01-25 07:00:00,0.0,0.0,0.0,False,True,False,0,no_power,0.0,0.0,0.0,0.0,0.0,0.0,0.0,0.0
2024-01-25 08:00:00,0.289,0.277,172.0,True,True,False,0,no_power,0.0,0.0,0.0,0.0,0.0,0.0,0.0,0.0
2024-01-25 09:00:00,0.941,0.903,381.0,True,True,False,0,no_power,0.0,0.0,0.0,0.0,0.0,0.0,0.0,0.0
2024-01-25 10:00:00,1.531,1.47,565.0,True,True,True,1,ok,1.263,0.0,1.263,0.0,0.207,0.0,0.0,0.0
2024-01-25 11:00:00,1.969,1.89,697.0,True,True,True,2,ok,1.263,0.0,1.263,0.0,0.627,0.0,0.0,0.0
2024-01-25 12:00:00,2.056,1.974,467.0,True,True,True,3,ok,1.263,0.0,1.263,0.0,0.711,0.0,0.0,0.0
2024-01-25 13:00:00,2.103,2.019,591.0,True,True,True,4,ok,1.263,0.0,1.263,0.0,0.756,0.0,0.0,0.0
2024-01-25 14:00:00,1.9,1.824,678.0,True,True,True,5,ok,1.263,0.0,1.263,0.0,0.561,0.0,0.0,0.0
2024-01-25 15:00:00,1.453,1.395,444.0,True,True,True,6,ok,1.263,0.0,1.263,0.0,0.132,0.0,0.0,0.0
2024-01-25 16:00:00,0.879,0.844,200.0,True,True,False,6,cap_reached,0.0,0.0,0.0,0.0,0.844,0.0,0.0,0.0
2024-01-25 17:00:00,0.318,0.305,65.0,True,True,False,6,cap_reached,0.0,0.0,0.0,0.0,0.305,0.0,0.0,0.0
2024-01-25 18:00:00,0.0,0.0,0.0,False,True,False,6,cap_reached,0.0,0.0,0.0,0.0,0.0,0.0,0.0,0.0
2024-01-25 19:00:00,0.0,0.0,0.0,False,True,False,6,cap_reached,0.0,0.0,0.0,0.0,0.0,0.0,0.0,0.0
2024-01-25 20:00:00,0.0,0.0,0.0,False,True,False,6,cap_reached,0.0,0.0,0.0,0.0,0.0,0.0,0.0,0.0
2024-01-25 21:00:00,0.0,0.0,0.0,False,True,False,6,cap_reached,0.0,0.0,0.0,0.0,0.0,0.0,0.0,0.0
2024-01-25 22:00:00,0.0,0.0,0.0,False,True,False,6,cap_reached,0.0,0.0,0.0,0.0,0.0,0.0,0.0,0.0
2024-01-25 23:00:00,0.0,0.0,0.0,False,True,False,6,cap_reached,0.0,0.0,0.0,0.0,0.0,0.0,0.0,0.0
2024-01-26 00:00:00,0.0,0.0,0.0,False,True,False,0,no_power,0.0,0.0,0.0,0.0,0.0,0.0,0.0,0.0
2024-01-26 01:00:00,0.0,0.0,0.0,False,True,False,0,no_power,0.0,0.0,0.0,0.0,0.0,0.0,0.0,0.0
2024-01-26 02:00:00,0.0,0.0,0.0,False,True,False,0,no_power,0.0,0.0,0.0,0.0,0.0,0.0,0.0,0.0
2024-01-26 03:00:00,0.0,0.0,0.0,False,True,False,0,no_power,0.0,0.0,0.0,0.0,0.0,0.0,0.0,0.0
2024-01-26 04:00:00,0.0,0.0,0.0,False,True,False,0,no_power,0.0,0.0,0.0,0.0,0.0,0.0,0.0,0.0
2024-01-26 05:00:00,0.0,0.0,0.0,False,True,False,0,no_power,0.0,0.0,0.0,0.0,0.0,0.0,0.0,0.0
2024-01-26 06:00:00,0.0,0.0,0.0,False,True,False,0,no_power,0.0,0.0,0.0,0.0,0.0,0.0,0.0,0.0
2024-01-26 07:00:00,0.0,0.0,0.0,False,True,False,0,no_power,0.0,0.0,0.0,0.0,0.0,0.0,0.0,0.0
2024-01-26 08:00:00,0.26,0.25,176.0,True,True,False,0,no_power,0.0,0.0,0.0,0.0,0.0,0.0,0.0,0.0
2024-01-26 09:00:00,1.022,0.982,217.0,True,True,False,0,no_power,0.0,0.0,0.0,0.0,0.0,0.0,0.0,0.0
2024-01-26 10:00:00,1.518,1.457,560.0,True,True,True,1,ok,1.263,0.0,1.263,0.0,0.194,0.0,0.0,0.0
2024-01-26 11:00:00,1.947,1.869,689.0,True,True,True,2,ok,1.263,0.0,1.263,0.0,0.606,0.0,0.0,0.0
2024-01-26 12:00:00,2.16,2.074,754.0,True,True,True,3,ok,1.263,0.0,1.263,0.0,0.811,0.0,0.0,0.0
2024-01-26 13:00:00,2.142,2.056,743.0,True,True,True,4,ok,1.263,0.0,1.263,0.0,0.793,0.0,0.0,0.0
2024-01-26 14:00:00,2.077,1.994,543.0,True,True,True,5,ok,1.263,0.0,1.263,0.0,0.731,0.0,0.0,0.0
2024-01-26 15:00:00,1.427,1.37,529.0,True,True,True,6,ok,1.263,0.0,1.263,0.0,0.107,0.0,0.0,0.0
2024-01-26 16:00:00,0.814,0.782,344.0,True,True,False,6,cap_reached,0.0,0.0,0.0,0.0,0.782,0.0,0.0,0.0
2024-01-26 17:00:00,0.376,0.361,77.0,True,True,False,6,cap_reached,0.0,0.0,0.0,0.0,0.361,0.0,0.0,0.0
2024-01-26 18:00:00,0.0,0.0,0.0,False,True,False,6,cap_reached,0.0,0.0,0.0,0.0,0.0,0.0,0.0,0.0
2024-01-26 19:00:00,0.0,0.0,0.0,False,True,False,6,cap_reached,0.0,0.0,0.0,0.0,0.0,0.0,0.0,0.0
2024-01-26 20:00:00,0.0,0.0,0.0,False,True,False,6,cap_reached,0.0,0.0,0.0,0.0,0.0,0.0,0.0,0.0
2024-01-26 21:00:00,0.0,0.0,0.0,False,True,False,6,cap_reached,0.0,0.0,0.0,0.0,0.0,0.0,0.0,0.0
2024-01-26 22:00:00,0.0,0.0,0.0,False,True,False,6,cap_reached,0.0,0.0,0.0,0.0,0.0,0.0,0.0,0.0
2024-01-26 23:00:00,0.0,0.0,0.0,False,True,False,6,cap_reached,0.0,0.0,0.0,0.0,0.0,0.0,0.0,0.0
2024-01-27 00:00:00,0.0,0.0,0.0,False,True,False,0,no_power,0.0,0.0,0.0,0.0,0.0,0.0,0.0,0.0
2024-01-27 01:00:00,0.0,0.0,0.0,False,True,False,0,no_power,0.0,0.0,0.0,0.0,0.0,0.0,0.0,0.0
2024-01-27 02:00:00,0.0,0.0,0.0,False,True,False,0,no_power,0.0,0.0,0.0,0.0,0.0,0.0,0.0,0.0
2024-01-27 03:00:00,0.0,0.0,0.0,False,True,False,0,no_power,0.0,0.0,0.0,0.0,0.0,0.0,0.0,0.0
2024-01-27 04:00:00,0.0,0.0,0.0,False,True,False,0,no_power,0.0,0.0,0.0,0.0,0.0,0.0,0.0,0.0
2024-01-27 05:00:00,0.0,0.0,0.0,False,True,False,0,no_power,0.0,0.0,0.0,0.0,0.0,0.0,0.0,0.0
2024-01-27 06:00:00,0.0,0.0,0.0,False,True,False,0,no_power,0.0,0.0,0.0,0.0,0.0,0.0,0.0,0.0
2024-01-27 07:00:00,0.0,0.0,0.0,False,True,False,0,no_power,0.0,0.0,0.0,0.0,0.0,0.0,0.0,0.0
2024-01-27 08:00:00,0.264,0.254,179.0,True,True,False,0,no_power,0.0,0.0,0.0,0.0,0.0,0.0,0.0,0.0
2024-01-27 09:00:00,0.93,0.893,389.0,True,True,False,0,no_power,0.0,0.0,0.0,0.0,0.0,0.0,0.0,0.0
2024-01-27 10:00:00,0.865,0.831,177.0,True,True,False,0,no_power,0.0,0.0,0.0,0.0,0.0,0.0,0.0,0.0
2024-01-27 11:00:00,1.999,1.919,461.0,True,True,True,1,ok,1.263,0.0,1.263,0.0,0.656,0.0,0.0,0.0
2024-01-27 12:00:00,2.187,2.1,764.0,True,True,True,2,ok,1.263,0.0,1.263,0.0,0.837,0.0,0.0,0.0
2024-01-27 13:00:00,2.156,2.07,760.0,True,True,True,3,ok,1.263,0.0,1.263,0.0,0.807,0.0,0.0,0.0
2024-01-27 14:00:00,1.902,1.826,684.0,True,True,True,4,ok,1.263,0.0,1.263,0.0,0.563,0.0,0.0,0.0
2024-01-27 15:00:00,1.435,1.378,543.0,True,True,True,5,ok,1.263,0.0,1.263,0.0,0.115,0.0,0.0,0.0
2024-01-27 16:00:00,0.784,0.753,355.0,True,True,False,5,no_power,0.0,0.0,0.0,0.0,0.0,0.0,0.0,0.0
2024-01-27 17:00:00,0.178,0.171,144.0,True,True,False,5,no_power,0.0,0.0,0.0,0.0,0.0,0.0,0.0,0.0
2024-01-27 18:00:00,0.0,0.0,0.0,False,True,False,5,no_power,0.0,0.0,0.0,0.0,0.0,0.0,0.0,0.0
2024-01-27 19:00:00,0.0,0.0,0.0,False,True,False,5,no_power,0.0,0.0,0.0,0.0,0.0,0.0,0.0,0.0
2024-01-27 20:00:00,0.0,0.0,0.0,False,True,False,5,no_power,0.0,0.0,0.0,0.0,0.0,0.0,0.0,0.0
2024-01-27 21:00:00,0.0,0.0,0.0,False,True,False,5,no_power,0.0,0.0,0.0,0.0,0.0,0.0,0.0,0.0
2024-01-27 22:00:00,0.0,0.0,0.0,False,True,False,5,no_power,0.0,0.0,0.0,0.0,0.0,0.0,0.0,0.0
2024-01-27 23:00:00,0.0,0.0,0.0,False,True,False,5,no_power,0.0,0.0,0.0,0.0,0.0,0.0,0.0,0.0
2024-01-28 00:00:00,0.0,0.0,0.0,False,True,False,0,no_power,0.0,0.0,0.0,0.0,0.0,0.0,0.0,0.0
2024-01-28 01:00:00,0.0,0.0,0.0,False,True,False,0,no_power,0.0,0.0,0.0,0.0,0.0,0.0,0.0,0.0
2024-01-28 02:00:00,0.0,0.0,0.0,False,True,False,0,no_power,0.0,0.0,0.0,0.0,0.0,0.0,0.0,0.0
2024-01-28 03:00:00,0.0,0.0,0.0,False,True,False,0,no_power,0.0,0.0,0.0,0.0,0.0,0.0,0.0,0.0
2024-01-28 04:00:00,0.0,0.0,0.0,False,True,False,0,no_power,0.0,0.0,0.0,0.0,0.0,0.0,0.0,0.0
2024-01-28 05:00:00,0.0,0.0,0.0,False,True,False,0,no_power,0.0,0.0,0.0,0.0,0.0,0.0,0.0,0.0
2024-01-28 06:00:00,0.0,0.0,0.0,False,True,False,0,no_power,0.0,0.0,0.0,0.0,0.0,0.0,0.0,0.0
2024-01-28 07:00:00,0.0,0.0,0.0,False,True,False,0,no_power,0.0,0.0,0.0,0.0,0.0,0.0,0.0,0.0
2024-01-28 08:00:00,0.267,0.256,183.0,True,True,False,0,no_power,0.0,0.0,0.0,0.0,0.0,0.0,0.0,0.0
2024-01-28 09:00:00,0.938,0.901,395.0,True,True,False,0,no_power,0.0,0.0,0.0,0.0,0.0,0.0,0.0,0.0
2024-01-28 10:00:00,1.531,1.47,574.0,True,True,True,1,ok,1.263,0.0,1.263,0.0,0.207,0.0,0.0,0.0
2024-01-28 11:00:00,1.957,1.879,703.0,True,True,True,2,ok,1.263,0.0,1.263,0.0,0.616,0.0,0.0,0.0
2024-01-28 12:00:00,2.16,2.074,764.0,True,True,True,3,ok,1.263,0.0,1.263,0.0,0.811,0.0,0.0,0.0
2024-01-28 13:00:00,2.169,2.082,753.0,True,True,True,4,ok,1.263,0.0,1.263,0.0,0.819,0.0,0.0,0.0
2024-01-28 14:00:00,1.809,1.736,406.0,True,True,True,5,ok,1.263,0.0,1.263,0.0,0.473,0.0,0.0,0.0
2024-01-28 15:00:00,1.448,1.391,534.0,True,True,True,6,ok,1.263,0.0,1.263,0.0,0.128,0.0,0.0,0.0
2024-01-28 16:00:00,0.841,0.807,347.0,True,True,False,6,cap_reached,0.0,0.0,0.0,0.0,0.807,0.0,0.0,0.0
2024-01-28 17:00:00,0.232,0.223,139.0,True,True,False,6,cap_reached,0.0,0.0,0.0,0.0,0.223,0.0,0.0,0.0
2024-01-28 18:00:00,0.0,0.0,0.0,False,True,False,6,cap_reached,0.0,0.0,0.0,0.0,0.0,0.0,0.0,0.0
2024-01-28 19:00:00,0.0,0.0,0.0,False,True,False,6,cap_reached,0.0,0.0,0.0,0.0,0.0,0.0,0.0,0.0
2024-01-28 20:00:00,0.0,0.0,0.0,False,True,False,6,cap_reached,0.0,0.0,0.0,0.0,0.0,0.0,0.0,0.0
2024-01-28 21:00:00,0.0,0.0,0.0,False,True,False,6,cap_reached,0.0,0.0,0.0,0.0,0.0,0.0,0.0,0.0
2024-01-28 22:00:00,0.0,0.0,0.0,False,True,False,6,cap_reached,0.0,0.0,0.0,0.0,0.0,0.0,0.0,0.0
2024-01-28 23:00:00,0.0,0.0,0.0,False,True,False,6,cap_reached,0.0,0.0,0.0,0.0,0.0,0.0,0.0,0.0
2024-01-29 00:00:00,0.0,0.0,0.0,False,True,False,0,no_power,0.0,0.0,0.0,0.0,0.0,0.0,0.0,0.0
2024-01-29 01:00:00,0.0,0.0,0.0,False,True,False,0,no_power,0.0,0.0,0.0,0.0,0.0,0.0,0.0,0.0
2024-01-29 02:00:00,0.0,0.0,0.0,False,True,False,0,no_power,0.0,0.0,0.0,0.0,0.0,0.0,0.0,0.0
2024-01-29 03:00:00,0.0,0.0,0.0,False,True,False,0,no_power,0.0,0.0,0.0,0.0,0.0,0.0,0.0,0.0
2024-01-29 04:00:00,0.0,0.0,0.0,False,True,False,0,no_power,0.0,0.0,0.0,0.0,0.0,0.0,0.0,0.0
2024-01-29 05:00:00,0.0,0.0,0.0,False,True,False,0,no_power,0.0,0.0,0.0,0.0,0.0,0.0,0.0,0.0
2024-01-29 06:00:00,0.0,0.0,0.0,False,True,False,0,no_power,0.0,0.0,0.0,0.0,0.0,0.0,0.0,0.0
2024-01-29 07:00:00,0.0,0.0,0.0,False,True,False,0,no_power,0.0,0.0,0.0,0.0,0.0,0.0,0.0,0.0
2024-01-29 08:00:00,0.319,0.307,188.0,True,True,False,0,no_power,0.0,0.0,0.0,0.0,0.0,0.0,0.0,0.0
2024-01-29 09:00:00,1.029,0.988,411.0,True,True,False,0,no_power,0.0,0.0,0.0,0.0,0.0,0.0,0.0,0.0
2024-01-29 10:00:00,1.671,1.604,601.0,True,True,True,1,ok,1.263,0.0,1.263,0.0,0.341,0.0,0.0,0.0
2024-01-29 11:00:00,2.137,2.052,739.0,True,True,True,2,ok,1.263,0.0,1.263,0.0,0.789,0.0,0.0,0.0
2024-01-29 12:00:00,2.523,2.422,624.0,True,True,True,3,ok,1.263,0.0,1.263,0.0,1.159,0.0,0.0,0.0
2024-01-29 13:00:00,1.84,1.766,389.0,True,True,True,4,ok,1.263,0.0,1.263,0.0,0.503,0.0,0.0,0.0
2024-01-29 14:00:00,2.082,1.999,718.0,True,True,True,5,ok,1.263,0.0,1.263,0.0,0.736,0.0,0.0,0.0
2024-01-29 15:00:00,1.704,1.636,378.0,True,True,True,6,ok,1.263,0.0,1.263,0.0,0.373,0.0,0.0,0.0
2024-01-29 16:00:00,0.927,0.89,376.0,True,True,False,6,cap_reached,0.0,0.0,0.0,0.0,0.89,0.0,0.0,0.0
2024-01-29 17:00:00,0.453,0.435,92.0,True,True,False,6,cap_reached,0.0,0.0,0.0,0.0,0.435,0.0,0.0,0.0
2024-01-29 18:00:00,0.0,0.0,0.0,False,True,False,6,cap_reached,0.0,0.0,0.0,0.0,0.0,0.0,0.0,0.0
2024-01-29 19:00:00,0.0,0.0,0.0,False,True,False,6,cap_reached,0.0,0.0,0.0,0.0,0.0,0.0,0.0,0.0
2024-01-29 20:00:00,0.0,0.0,0.0,False,True,False,6,cap_reached,0.0,0.0,0.0,0.0,0.0,0.0,0.0,0.0
2024-01-29 21:00:00,0.0,0.0,0.0,False,True,False,6,cap_reached,0.0,0.0,0.0,0.0,0.0,0.0,0.0,0.0
2024-01-29 22:00:00,0.0,0.0,0.0,False,True,False,6,cap_reached,0.0,0.0,0.0,0.0,0.0,0.0,0.0,0.0
2024-01-29 23:00:00,0.0,0.0,0.0,False,True,False,6,cap_reached,0.0,0.0,0.0,0.0,0.0,0.0,0.0,0.0
2024-01-30 00:00:00,0.0,0.0,0.0,False,True,False,0,no_power,0.0,0.0,0.0,0.0,0.0,0.0,0.0,0.0
2024-01-30 01:00:00,0.0,0.0,0.0,False,True,False,0,no_power,0.0,0.0,0.0,0.0,0.0,0.0,0.0,0.0
2024-01-30 02:00:00,0.0,0.0,0.0,False,True,False,0,no_power,0.0,0.0,0.0,0.0,0.0,0.0,0.0,0.0
2024-01-30 03:00:00,0.0,0.0,0.0,False,True,False,0,no_power,0.0,0.0,0.0,0.0,0.0,0.0,0.0,0.0
2024-01-30 04:00:00,0.0,0.0,0.0,False,True,False,0,no_power,0.0,0.0,0.0,0.0,0.0,0.0,0.0,0.0
2024-01-30 05:00:00,0.0,0.0,0.0,False,True,False,0,no_power,0.0,0.0,0.0,0.0,0.0,0.0,0.0,0.0
2024-01-30 06:00:00,0.0,0.0,0.0,False,True,False,0,no_power,0.0,0.0,0.0,0.0,0.0,0.0,0.0,0.0
2024-01-30 07:00:00,0.0,0.0,0.0,False,True,False,0,no_power,0.0,0.0,0.0,0.0,0.0,0.0,0.0,0.0
2024-01-30 08:00:00,0.317,0.304,63.0,True,True,False,0,no_power,0.0,0.0,0.0,0.0,0.0,0.0,0.0,0.0
2024-01-30 09:00:00,0.465,0.447,93.0,True,True,False,0,no_power,0.0,0.0,0.0,0.0,0.0,0.0,0.0,0.0
2024-01-30 10:00:00,0.559,0.536,112.0,True,True,False,0,no_power,0.0,0.0,0.0,0.0,0.0,0.0,0.0,0.0
2024-01-30 11:00:00,1.002,0.962,204.0,True,True,False,0,no_power,0.0,0.0,0.0,0.0,0.0,0.0,0.0,0.0
2024-01-30 12:00:00,1.508,1.448,311.0,True,True,True,1,ok,1.263,0.0,1.263,0.0,0.185,0.0,0.0,0.0
2024-01-30 13:00:00,1.947,1.869,424.0,True,True,True,2,ok,1.263,0.0,1.263,0.0,0.606,0.0,0.0,0.0
2024-01-30 14:00:00,0.934,0.896,189.0,True,True,False,2,no_power,0.0,0.0,0.0,0.0,0.0,0.0,0.0,0.0
2024-01-30 15:00:00,1.092,1.048,222.0,True,True,False,2,no_power,0.0,0.0,0.0,0.0,0.0,0.0,0.0,0.0
2024-01-30 16:00:00,0.891,0.856,378.0,True,True,False,2,no_power,0.0,0.0,0.0,0.0,0.0,0.0,0.0,0.0
2024-01-30 17:00:00,0.197,0.189,159.0,True,True,False,2,no_power,0.0,0.0,0.0,0.0,0.0,0.0,0.0,0.0
2024-01-30 18:00:00,0.0,0.0,0.0,False,True,False,2,no_power,0.0,0.0,0.0,0.0,0.0,0.0,0.0,0.0
2024-01-30 19:00:00,0.0,0.0,0.0,False,True,False,2,no_power,0.0,0.0,0.0,0.0,0.0,0.0,0.0,0.0
2024-01-30 20:00:00,0.0,0.0,0.0,False,True,False,2,no_power,0.0,0.0,0.0,0.0,0.0,0.0,0.0,0.0
2024-01-30 21:00:00,0.0,0.0,0.0,False,True,False,2,no_power,0.0,0.0,0.0,0.0,0.0,0.0,0.0,0.0
2024-01-30 22:00:00,0.0,0.0,0.0,False,True,False,2,no_power,0.0,0.0,0.0,0.0,0.0,0.0,0.0,0.0
2024-01-30 23:00:00,0.0,0.0,0.0,False,True,False,2,no_power,0.0,0.0,0.0,0.0,0.0,0.0,0.0,0.0
2024-01-31 00:00:00,0.0,0.0,0.0,False,True,False,0,no_power,0.0,0.0,0.0,0.0,0.0,0.0,0.0,0.0
2024-01-31 01:00:00,0.0,0.0,0.0,False,True,False,0,no_power,0.0,0.0,0.0,0.0,0.0,0.0,0.0,0.0
2024-01-31 02:00:00,0.0,0.0,0.0,False,True,False,0,no_power,0.0,0.0,0.0,0.0,0.0,0.0,0.0,0.0
2024-01-31 03:00:00,0.0,0.0,0.0,False,True,False,0,no_power,0.0,0.0,0.0,0.0,0.0,0.0,0.0,0.0
2024-01-31 04:00:00,0.0,0.0,0.0,False,True,False,0,no_power,0.0,0.0,0.0,0.0,0.0,0.0,0.0,0.0
2024-01-31 05:00:00,0.0,0.0,0.0,False,True,False,0,no_power,0.0,0.0,0.0,0.0,0.0,0.0,0.0,0.0
2024-01-31 06:00:00,0.0,0.0,0.0,False,True,False,0,no_power,0.0,0.0,0.0,0.0,0.0,0.0,0.0,0.0
2024-01-31 07:00:00,0.0,0.0,0.0,False,True,False,0,no_power,0.0,0.0,0.0,0.0,0.0,0.0,0.0,0.0
2024-01-31 08:00:00,0.297,0.285,193.0,True,True,False,0,no_power,0.0,0.0,0.0,0.0,0.0,0.0,0.0,0.0
2024-01-31 09:00:00,1.002,0.961,408.0,True,True,False,0,no_power,0.0,0.0,0.0,0.0,0.0,0.0,0.0,0.0
2024-01-31 10:00:00,1.174,1.127,241.0,True,True,False,0,no_power,0.0,0.0,0.0,0.0,0.0,0.0,0.0,0.0
2024-01-31 11:00:00,2.03,1.949,458.0,True,True,True,1,ok,1.263,0.0,1.263,0.0,0.686,0.0,0.0,0.0
2024-01-31 12:00:00,2.315,2.222,783.0,True,True,True,2,ok,1.263,0.0,1.263,0.0,0.959,0.0,0.0,0.0
2024-01-31 13:00:00,1.807,1.735,385.0,True,True,True,3,ok,1.263,0.0,1.263,0.0,0.472,0.0,0.0,0.0
2024-01-31 14:00:00,1.322,1.27,270.0,True,True,True,4,ok,1.263,0.0,1.263,0.0,0.007,0.0,0.0,0.0
2024-01-31 15:00:00,1.599,1.535,564.0,True,True,True,5,ok,1.263,0.0,1.263,0.0,0.272,0.0,0.0,0.0
2024-01-31 16:00:00,0.952,0.913,378.0,True,True,False,5,no_power,0.0,0.0,0.0,0.0,0.0,0.0,0.0,0.0
2024-01-31 17:00:00,0.242,0.232,162.0,True,True,False,5,no_power,0.0,0.0,0.0,0.0,0.0,0.0,0.0,0.0
2024-01-31 18:00:00,0.0,0.0,0.0,False,True,False,5,no_power,0.0,0.0,0.0,0.0,0.0,0.0,0.0,0.0
2024-01-31 19:00:00,0.0,0.0,0.0,False,True,False,5,no_power,0.0,0.0,0.0,0.0,0.0,0.0,0.0,0.0
2024-01-31 20:00:00,0.0,0.0,0.0,False,True,False,5,no_power,0.0,0.0,0.0,0.0,0.0,0.0,0.0,0.0
2024-01-31 21:00:00,0.0,0.0,0.0,False,True,False,5,no_power,0.0,0.0,0.0,0.0,0.0,0.0,0.0,0.0
2024-01-31 22:00:00,0.0,0.0,0.0,False,True,False,5,no_power,0.0,0.0,0.0,0.0,0.0,0.0,0.0,0.0
2024-01-31 23:00:00,0.0,0.0,0.0,False,True,False,5,no_power,0.0,0.0,0.0,0.0,0.0,0.0,0.0,0.0
2024-02-01 00:00:00,0.0,0.0,0.0,False,True,False,0,no_power,0.0,0.0,0.0,0.0,0.0,0.0,0.0,0.0
2024-02-01 01:00:00,0.0,0.0,0.0,False,True,False,0,no_power,0.0,0.0,0.0,0.0,0.0,0.0,0.0,0.0
2024-02-01 02:00:00,0.0,0.0,0.0,False,True,False,0,no_power,0.0,0.0,0.0,0.0,0.0,0.0,0.0,0.0
2024-02-01 03:00:00,0.0,0.0,0.0,False,True,False,0,no_power,0.0,0.0,0.0,0.0,0.0,0.0,0.0,0.0
2024-02-01 04:00:00,0.0,0.0,0.0,False,True,False,0,no_power,0.0,0.0,0.0,0.0,0.0,0.0,0.0,0.0
2024-02-01 05:00:00,0.0,0.0,0.0,False,True,False,0,no_power,0.0,0.0,0.0,0.0,0.0,0.0,0.0,0.0
2024-02-01 06:00:00,0.0,0.0,0.0,False,True,False,0,no_power,0.0,0.0,0.0,0.0,0.0,0.0,0.0,0.0
2024-02-01 07:00:00,0.0,0.0,0.0,False,True,False,0,no_power,0.0,0.0,0.0,0.0,0.0,0.0,0.0,0.0
2024-02-01 08:00:00,0.381,0.366,189.0,True,True,False,0,no_power,0.0,0.0,0.0,0.0,0.0,0.0,0.0,0.0
2024-02-01 09:00:00,1.177,1.13,337.0,True,True,False,0,no_power,0.0,0.0,0.0,0.0,0.0,0.0,0.0,0.0
2024-02-01 10:00:00,0.917,0.88,185.0,True,True,False,0,no_power,0.0,0.0,0.0,0.0,0.0,0.0,0.0,0.0
2024-02-01 11:00:00,2.069,1.986,593.0,True,True,True,1,ok,1.263,0.0,1.263,0.0,0.723,0.0,0.0,0.0
2024-02-01 12:00:00,2.009,1.928,485.0,True,True,True,2,ok,1.263,0.0,1.263,0.0,0.665,0.0,0.0,0.0
2024-02-01 13:00:00,2.45,2.352,580.0,True,True,True,3,ok,1.263,0.0,1.263,0.0,1.089,0.0,0.0,0.0
2024-02-01 14:00:00,2.023,1.943,596.0,True,True,True,4,ok,1.263,0.0,1.263,0.0,0.68,0.0,0.0,0.0
2024-02-01 15:00:00,1.635,1.57,573.0,True,True,True,5,ok,1.263,0.0,1.263,0.0,0.307,0.0,0.0,0.0
2024-02-01 16:00:00,1.077,1.034,311.0,True,True,False,5,no_power,0.0,0.0,0.0,0.0,0.0,0.0,0.0,0.0
2024-02-01 17:00:00,0.331,0.318,67.0,True,True,False,5,no_power,0.0,0.0,0.0,0.0,0.0,0.0,0.0,0.0
2024-02-01 18:00:00,0.0,0.0,0.0,False,True,False,5,no_power,0.0,0.0,0.0,0.0,0.0,0.0,0.0,0.0
2024-02-01 19:00:00,0.0,0.0,0.0,False,True,False,5,no_power,0.0,0.0,0.0,0.0,0.0,0.0,0.0,0.0
2024-02-01 20:00:00,0.0,0.0,0.0,False,True,False,5,no_power,0.0,0.0,0.0,0.0,0.0,0.0,0.0,0.0
2024-02-01 21:00:00,0.0,0.0,0.0,False,True,False,5,no_power,0.0,0.0,0.0,0.0,0.0,0.0,0.0,0.0
2024-02-01 22:00:00,0.0,0.0,0.0,False,True,False,5,no_power,0.0,0.0,0.0,0.0,0.0,0.0,0.0,0.0
2024-02-01 23:00:00,0.0,0.0,0.0,False,True,False,5,no_power,0.0,0.0,0.0,0.0,0.0,0.0,0.0,0.0
2024-02-02 00:00:00,0.0,0.0,0.0,False,True,False,0,no_power,0.0,0.0,0.0,0.0,0.0,0.0,0.0,0.0
2024-02-02 01:00:00,0.0,0.0,0.0,False,True,False,0,no_power,0.0,0.0,0.0,0.0,0.0,0.0,0.0,0.0
2024-02-02 02:00:00,0.0,0.0,0.0,False,True,False,0,no_power,0.0,0.0,0.0,0.0,0.0,0.0,0.0,0.0
2024-02-02 03:00:00,0.0,0.0,0.0,False,True,False,0,no_power,0.0,0.0,0.0,0.0,0.0,0.0,0.0,0.0
2024-02-02 04:00:00,0.0,0.0,0.0,False,True,False,0,no_power,0.0,0.0,0.0,0.0,0.0,0.0,0.0,0.0
2024-02-02 05:00:00,0.0,0.0,0.0,False,True,False,0,no_power,0.0,0.0,0.0,0.0,0.0,0.0,0.0,0.0
2024-02-02 06:00:00,0.0,0.0,0.0,False,True,False,0,no_power,0.0,0.0,0.0,0.0,0.0,0.0,0.0,0.0
2024-02-02 07:00:00,0.0,0.0,0.0,False,True,False,0,no_power,0.0,0.0,0.0,0.0,0.0,0.0,0.0,0.0
2024-02-02 08:00:00,0.568,0.545,122.0,True,True,False,0,no_power,0.0,0.0,0.0,0.0,0.0,0.0,0.0,0.0
2024-02-02 09:00:00,1.068,1.025,402.0,True,True,False,0,no_power,0.0,0.0,0.0,0.0,0.0,0.0,0.0,0.0
2024-02-02 10:00:00,1.708,1.639,584.0,True,True,True,1,ok,1.263,0.0,1.263,0.0,0.376,0.0,0.0,0.0
2024-02-02 11:00:00,1.891,1.815,440.0,True,True,True,2,ok,1.263,0.0,1.263,0.0,0.552,0.0,0.0,0.0
2024-02-02 12:00:00,2.163,2.077,527.0,True,True,True,3,ok,1.263,0.0,1.263,0.0,0.814,0.0,0.0,0.0
2024-02-02 13:00:00,2.391,2.295,564.0,True,True,True,4,ok,1.263,0.0,1.263,0.0,1.032,0.0,0.0,0.0
2024-02-02 14:00:00,1.651,1.584,350.0,True,True,True,5,ok,1.263,0.0,1.263,0.0,0.321,0.0,0.0,0.0
2024-02-02 15:00:00,0.739,0.709,149.0,True,True,False,5,no_power,0.0,0.0,0.0,0.0,0.0,0.0,0.0,0.0
2024-02-02 16:00:00,1.155,1.109,253.0,True,True,False,5,no_power,0.0,0.0,0.0,0.0,0.0,0.0,0.0,0.0
2024-02-02 17:00:00,0.254,0.244,167.0,True,True,False,5,no_power,0.0,0.0,0.0,0.0,0.0,0.0,0.0,0.0
2024-02-02 18:00:00,0.0,0.0,0.0,False,True,False,5,no_power,0.0,0.0,0.0,0.0,0.0,0.0,0.0,0.0
2024-02-02 19:00:00,0.0,0.0,0.0,False,True,False,5,no_power,0.0,0.0,0.0,0.0,0.0,0.0,0.0,0.0
2024-02-02 20:00:00,0.0,0.0,0.0,False,True,False,5,no_power,0.0,0.0,0.0,0.0,0.0,0.0,0.0,0.0
2024-02-02 21:00:00,0.0,0.0,0.0,False,True,False,5,no_power,0.0,0.0,0.0,0.0,0.0,0.0,0.0,0.0
2024-02-02 22:00:00,0.0,0.0,0.0,False,True,False,5,no_power,0.0,0.0,0.0,0.0,0.0,0.0,0.0,0.0
2024-02-02 23:00:00,0.0,0.0,0.0,False,True,False,5,no_power,0.0,0.0,0.0,0.0,0.0,0.0,0.0,0.0
2024-02-03 00:00:00,0.0,0.0,0.0,False,True,False,0,no_power,0.0,0.0,0.0,0.0,0.0,0.0,0.0,0.0
2024-02-03 01:00:00,0.0,0.0,0.0,False,True,False,0,no_power,0.0,0.0,0.0,0.0,0.0,0.0,0.0,0.0
2024-02-03 02:00:00,0.0,0.0,0.0,False,True,False,0,no_power,0.0,0.0,0.0,0.0,0.0,0.0,0.0,0.0
2024-02-03 03:00:00,0.0,0.0,0.0,False,True,False,0,no_power,0.0,0.0,0.0,0.0,0.0,0.0,0.0,0.0
2024-02-03 04:00:00,0.0,0.0,0.0,False,True,False,0,no_power,0.0,0.0,0.0,0.0,0.0,0.0,0.0,0.0
2024-02-03 05:00:00,0.0,0.0,0.0,False,True,False,0,no_power,0.0,0.0,0.0,0.0,0.0,0.0,0.0,0.0
2024-02-03 06:00:00,0.0,0.0,0.0,False,True,False,0,no_power,0.0,0.0,0.0,0.0,0.0,0.0,0.0,0.0
2024-02-03 07:00:00,0.0,0.0,0.0,False,True,False,0,no_power,0.0,0.0,0.0,0.0,0.0,0.0,0.0,0.0
2024-02-03 08:00:00,0.352,0.338,200.0,True,True,False,0,no_power,0.0,0.0,0.0,0.0,0.0,0.0,0.0,0.0
2024-02-03 09:00:00,1.073,1.03,419.0,True,True,False,0,no_power,0.0,0.0,0.0,0.0,0.0,0.0,0.0,0.0
2024-02-03 10:00:00,1.708,1.64,608.0,True,True,True,1,ok,1.263,0.0,1.263,0.0,0.377,0.0,0.0,0.0
2024-02-03 11:00:00,2.155,2.069,740.0,True,True,True,2,ok,1.263,0.0,1.263,0.0,0.806,0.0,0.0,0.0
2024-02-03 12:00:00,2.278,2.187,520.0,True,True,True,3,ok,1.263,0.0,1.263,0.0,0.924,0.0,0.0,0.0
2024-02-03 13:00:00,2.387,2.292,560.0,True,True,True,4,ok,1.263,0.0,1.263,0.0,1.029,0.0,0.0,0.0
2024-02-03 14:00:00,1.04,0.999,213.0,True,True,False,4,no_power,0.0,0.0,0.0,0.0,0.0,0.0,0.0,0.0
2024-02-03 15:00:00,1.745,1.676,399.0,True,True,True,5,ok,1.263,0.0,1.263,0.0,0.413,0.0,0.0,0.0
2024-02-03 16:00:00,0.975,0.936,389.0,True,True,False,5,no_power,0.0,0.0,0.0,0.0,0.0,0.0,0.0,0.0
2024-02-03 17:00:00,0.345,0.331,70.0,True,True,False,5,no_power,0.0,0.0,0.0,0.0,0.0,0.0,0.0,0.0
2024-02-03 18:00:00,0.0,0.0,0.0,False,True,False,5,no_power,0.0,0.0,0.0,0.0,0.0,0.0,0.0,0.0
2024-02-03 19:00:00,0.0,0.0,0.0,False,True,False,5,no_power,0.0,0.0,0.0,0.0,0.0,0.0,0.0,0.0
2024-02-03 20:00:00,0.0,0.0,0.0,False,True,False,5,no_power,0.0,0.0,0.0,0.0,0.0,0.0,0.0,0.0
2024-02-03 21:00:00,0.0,0.0,0.0,False,True,False,5,no_power,0.0,0.0,0.0,0.0,0.0,0.0,0.0,0.0
2024-02-03 22:00:00,0.0,0.0,0.0,False,True,False,5,no_power,0.0,0.0,0.0,0.0,0.0,0.0,0.0,0.0
2024-02-03 23:00:00,0.0,0.0,0.0,False,True,False,5,no_power,0.0,0.0,0.0,0.0,0.0,0.0,0.0,0.0
2024-02-04 00:00:00,0.0,0.0,0.0,False,True,False,0,no_power,0.0,0.0,0.0,0.0,0.0,0.0,0.0,0.0
2024-02-04 01:00:00,0.0,0.0,0.0,False,True,False,0,no_power,0.0,0.0,0.0,0.0,0.0,0.0,0.0,0.0
2024-02-04 02:00:00,0.0,0.0,0.0,False,True,False,0,no_power,0.0,0.0,0.0,0.0,0.0,0.0,0.0,0.0
2024-02-04 03:00:00,0.0,0.0,0.0,False,True,False,0,no_power,0.0,0.0,0.0,0.0,0.0,0.0,0.0,0.0
2024-02-04 04:00:00,0.0,0.0,0.0,False,True,False,0,no_power,0.0,0.0,0.0,0.0,0.0,0.0,0.0,0.0
2024-02-04 05:00:00,0.0,0.0,0.0,False,True,False,0,no_power,0.0,0.0,0.0,0.0,0.0,0.0,0.0,0.0
2024-02-04 06:00:00,0.0,0.0,0.0,False,True,False,0,no_power,0.0,0.0,0.0,0.0,0.0,0.0,0.0,0.0
2024-02-04 07:00:00,0.0,0.0,0.0,False,True,False,0,no_power,0.0,0.0,0.0,0.0,0.0,0.0,0.0,0.0
2024-02-04 08:00:00,0.401,0.385,82.0,True,True,False,0,no_power,0.0,0.0,0.0,0.0,0.0,0.0,0.0,0.0
2024-02-04 09:00:00,0.27,0.259,54.0,True,True,False,0,no_power,0.0,0.0,0.0,0.0,0.0,0.0,0.0,0.0
2024-02-04 10:00:00,1.696,1.628,572.0,True,True,True,1,ok,1.263,0.0,1.263,0.0,0.365,0.0,0.0,0.0
2024-02-04 11:00:00,2.266,2.175,575.0,True,True,True,2,ok,1.263,0.0,1.263,0.0,0.912,0.0,0.0,0.0
2024-02-04 12:00:00,2.291,2.199,656.0,True,True,True,3,ok,1.263,0.0,1.263,0.0,0.936,0.0,0.0,0.0
2024-02-04 13:00:00,1.747,1.677,371.0,True,True,True,4,ok,1.263,0.0,1.263,0.0,0.414,0.0,0.0,0.0
2024-02-04 14:00:00,1.012,0.971,209.0,True,True,False,4,no_power,0.0,0.0,0.0,0.0,0.0,0.0,0.0,0.0
2024-02-04 15:00:00,0.105,0.101,21.0,True,True,False,4,no_power,0.0,0.0,0.0,0.0,0.0,0.0,0.0,0.0
2024-02-04 16:00:00,0.1,0.096,20.0,True,True,False,4,no_power,0.0,0.0,0.0,0.0,0.0,0.0,0.0,0.0
2024-02-04 17:00:00,0.136,0.13,27.0,True,True,False,4,no_power,0.0,0.0,0.0,0.0,0.0,0.0,0.0,0.0
2024-02-04 18:00:00,0.0,0.0,0.0,False,True,False,4,no_power,0.0,0.0,0.0,0.0,0.0,0.0,0.0,0.0
2024-02-04 19:00:00,0.0,0.0,0.0,False,True,False,4,no_power,0.0,0.0,0.0,0.0,0.0,0.0,0.0,0.0
2024-02-04 20:00:00,0.0,0.0,0.0,False,True,False,4,no_power,0.0,0.0,0.0,0.0,0.0,0.0,0.0,0.0
2024-02-04 21:00:00,0.0,0.0,0.0,False,True,False,4,no_power,0.0,0.0,0.0,0.0,0.0,0.0,0.0,0.0
2024-02-04 22:00:00,0.0,0.0,0.0,False,True,False,4,no_power,0.0,0.0,0.0,0.0,0.0,0.0,0.0,0.0
2024-02-04 23:00:00,0.0,0.0,0.0,False,True,False,4,no_power,0.0,0.0,0.0,0.0,0.0,0.0,0.0,0.0
2024-02-05 00:00:00,0.0,0.0,0.0,False,True,False,0,no_power,0.0,0.0,0.0,0.0,0.0,0.0,0.0,0.0
2024-02-05 01:00:00,0.0,0.0,0.0,False,True,False,0,no_power,0.0,0.0,0.0,0.0,0.0,0.0,0.0,0.0
2024-02-05 02:00:00,0.0,0.0,0.0,False,True,False,0,no_power,0.0,0.0,0.0,0.0,0.0,0.0,0.0,0.0
2024-02-05 03:00:00,0.0,0.0,0.0,False,True,False,0,no_power,0.0,0.0,0.0,0.0,0.0,0.0,0.0,0.0
2024-02-05 04:00:00,0.0,0.0,0.0,False,True,False,0,no_power,0.0,0.0,0.0,0.0,0.0,0.0,0.0,0.0
2024-02-05 05:00:00,0.0,0.0,0.0,False,True,False,0,no_power,0.0,0.0,0.0,0.0,0.0,0.0,0.0,0.0
2024-02-05 06:00:00,0.0,0.0,0.0,False,True,False,0,no_power,0.0,0.0,0.0,0.0,0.0,0.0,0.0,0.0
2024-02-05 07:00:00,0.056,0.053,13.0,False,True,False,0,no_power,0.0,0.0,0.0,0.0,0.0,0.0,0.0,0.0
2024-02-05 08:00:00,0.4,0.384,197.0,True,True,False,0,no_power,0.0,0.0,0.0,0.0,0.0,0.0,0.0,0.0
2024-02-05 09:00:00,0.957,0.919,199.0,True,True,False,0,no_power,0.0,0.0,0.0,0.0,0.0,0.0,0.0,0.0
2024-02-05 10:00:00,1.738,1.668,598.0,True,True,True,1,ok,1.263,0.0,1.263,0.0,0.405,0.0,0.0,0.0
2024-02-05 11:00:00,2.186,2.098,732.0,True,True,True,2,ok,1.263,0.0,1.263,0.0,0.835,0.0,0.0,0.0
2024-02-05 12:00:00,2.295,2.203,526.0,True,True,True,3,ok,1.263,0.0,1.263,0.0,0.94,0.0,0.0,0.0
2024-02-05 13:00:00,2.329,2.236,682.0,True,True,True,4,ok,1.263,0.0,1.263,0.0,0.973,0.0,0.0,0.0
2024-02-05 14:00:00,0.873,0.838,178.0,True,True,False,4,no_power,0.0,0.0,0.0,0.0,0.0,0.0,0.0,0.0
2024-02-05 15:00:00,1.659,1.592,568.0,True,True,True,5,ok,1.263,0.0,1.263,0.0,0.329,0.0,0.0,0.0
2024-02-05 16:00:00,1.024,0.983,374.0,True,True,False,5,no_power,0.0,0.0,0.0,0.0,0.0,0.0,0.0,0.0
2024-02-05 17:00:00,0.086,0.082,17.0,False,True,False,5,no_power,0.0,0.0,0.0,0.0,0.0,0.0,0.0,0.0
2024-02-05 18:00:00,0.0,0.0,0.0,False,True,False,5,no_power,0.0,0.0,0.0,0.0,0.0,0.0,0.0,0.0
2024-02-05 19:00:00,0.0,0.0,0.0,False,True,False,5,no_power,0.0,0.0,0.0,0.0,0.0,0.0,0.0,0.0
2024-02-05 20:00:00,0.0,0.0,0.0,False,True,False,5,no_power,0.0,0.0,0.0,0.0,0.0,0.0,0.0,0.0
2024-02-05 21:00:00,0.0,0.0,0.0,False,True,False,5,no_power,0.0,0.0,0.0,0.0,0.0,0.0,0.0,0.0
2024-02-05 22:00:00,0.0,0.0,0.0,False,True,False,5,no_power,0.0,0.0,0.0,0.0,0.0,0.0,0.0,0.0
2024-02-05 23:00:00,0.0,0.0,0.0,False,True,False,5,no_power,0.0,0.0,0.0,0.0,0.0,0.0,0.0,0.0
2024-02-06 00:00:00,0.0,0.0,0.0,False,True,False,0,no_power,0.0,0.0,0.0,0.0,0.0,0.0,0.0,0.0
2024-02-06 01:00:00,0.0,0.0,0.0,False,True,False,0,no_power,0.0,0.0,0.0,0.0,0.0,0.0,0.0,0.0
2024-02-06 02:00:00,0.0,0.0,0.0,False,True,False,0,no_power,0.0,0.0,0.0,0.0,0.0,0.0,0.0,0.0
2024-02-06 03:00:00,0.0,0.0,0.0,False,True,False,0,no_power,0.0,0.0,0.0,0.0,0.0,0.0,0.0,0.0
2024-02-06 04:00:00,0.0,0.0,0.0,False,True,False,0,no_power,0.0,0.0,0.0,0.0,0.0,0.0,0.0,0.0
2024-02-06 05:00:00,0.0,0.0,0.0,False,True,False,0,no_power,0.0,0.0,0.0,0.0,0.0,0.0,0.0,0.0
2024-02-06 06:00:00,0.0,0.0,0.0,False,True,False,0,no_power,0.0,0.0,0.0,0.0,0.0,0.0,0.0,0.0
2024-02-06 07:00:00,0.02,0.019,4.0,False,True,False,0,no_power,0.0,0.0,0.0,0.0,0.0,0.0,0.0,0.0
2024-02-06 08:00:00,0.167,0.16,33.0,True,True,False,0,no_power,0.0,0.0,0.0,0.0,0.0,0.0,0.0,0.0
2024-02-06 09:00:00,0.041,0.039,8.0,False,True,False,0,no_power,0.0,0.0,0.0,0.0,0.0,0.0,0.0,0.0
2024-02-06 10:00:00,0.513,0.493,102.0,True,True,False,0,no_power,0.0,0.0,0.0,0.0,0.0,0.0,0.0,0.0
2024-02-06 11:00:00,1.529,1.468,324.0,True,True,True,1,ok,1.263,0.0,1.263,0.0,0.205,0.0,0.0,0.0
2024-02-06 12:00:00,2.251,2.161,500.0,True,True,True,2,ok,1.263,0.0,1.263,0.0,0.898,0.0,0.0,0.0
2024-02-06 13:00:00,2.474,2.375,791.0,True,True,True,3,ok,1.263,0.0,1.263,0.0,1.112,0.0,0.0,0.0
2024-02-06 14:00:00,1.659,1.592,346.0,True,True,True,4,ok,1.263,0.0,1.263,0.0,0.329,0.0,0.0,0.0
2024-02-06 15:00:00,1.458,1.399,306.0,True,True,True,5,ok,1.263,0.0,1.263,0.0,0.136,0.0,0.0,0.0
2024-02-06 16:00:00,0.373,0.358,74.0,True,True,False,5,no_power,0.0,0.0,0.0,0.0,0.0,0.0,0.0,0.0
2024-02-06 17:00:00,0.563,0.54,115.0,True,True,False,5,no_power,0.0,0.0,0.0,0.0,0.0,0.0,0.0,0.0
2024-02-06 18:00:00,0.0,0.0,0.0,False,True,False,5,no_power,0.0,0.0,0.0,0.0,0.0,0.0,0.0,0.0
2024-02-06 19:00:00,0.0,0.0,0.0,False,True,False,5,no_power,0.0,0.0,0.0,0.0,0.0,0.0,0.0,0.0
2024-02-06 20:00:00,0.0,0.0,0.0,False,True,False,5,no_power,0.0,0.0,0.0,0.0,0.0,0.0,0.0,0.0
2024-02-06 21:00:00,0.0,0.0,0.0,False,True,False,5,no_power,0.0,0.0,0.0,0.0,0.0,0.0,0.0,0.0
2024-02-06 22:00:00,0.0,0.0,0.0,False,True,False,5,no_power,0.0,0.0,0.0,0.0,0.0,0.0,0.0,0.0
2024-02-06 23:00:00,0.0,0.0,0.0,False,True,False,5,no_power,0.0,0.0,0.0,0.0,0.0,0.0,0.0,0.0
2024-02-07 00:00:00,0.0,0.0,0.0,False,True,False,0,no_power,0.0,0.0,0.0,0.0,0.0,0.0,0.0,0.0
2024-02-07 01:00:00,0.0,0.0,0.0,False,True,False,0,no_power,0.0,0.0,0.0,0.0,0.0,0.0,0.0,0.0
2024-02-07 02:00:00,0.0,0.0,0.0,False,True,False,0,no_power,0.0,0.0,0.0,0.0,0.0,0.0,0.0,0.0
2024-02-07 03:00:00,0.0,0.0,0.0,False,True,False,0,no_power,0.0,0.0,0.0,0.0,0.0,0.0,0.0,0.0
2024-02-07 04:00:00,0.0,0.0,0.0,False,True,False,0,no_power,0.0,0.0,0.0,0.0,0.0,0.0,0.0,0.0
2024-02-07 05:00:00,0.0,0.0,0.0,False,True,False,0,no_power,0.0,0.0,0.0,0.0,0.0,0.0,0.0,0.0
2024-02-07 06:00:00,0.0,0.0,0.0,False,True,False,0,no_power,0.0,0.0,0.0,0.0,0.0,0.0,0.0,0.0
2024-02-07 07:00:00,0.066,0.063,13.0,False,True,False,0,no_power,0.0,0.0,0.0,0.0,0.0,0.0,0.0,0.0
2024-02-07 08:00:00,0.478,0.459,192.0,True,True,False,0,no_power,0.0,0.0,0.0,0.0,0.0,0.0,0.0,0.0
2024-02-07 09:00:00,1.185,1.138,408.0,True,True,False,0,no_power,0.0,0.0,0.0,0.0,0.0,0.0,0.0,0.0
2024-02-07 10:00:00,1.813,1.74,605.0,True,True,True,1,ok,1.263,0.0,1.263,0.0,0.477,0.0,0.0,0.0
2024-02-07 11:00:00,2.268,2.177,744.0,True,True,True,2,ok,1.263,0.0,1.263,0.0,0.914,0.0,0.0,0.0
2024-02-07 12:00:00,2.405,2.308,554.0,True,True,True,3,ok,1.263,0.0,1.263,0.0,1.045,0.0,0.0,0.0
2024-02-07 13:00:00,2.49,2.39,812.0,True,True,True,4,ok,1.263,0.0,1.263,0.0,1.127,0.0,0.0,0.0
2024-02-07 14:00:00,2.232,2.143,735.0,True,True,True,5,ok,1.263,0.0,1.263,0.0,0.88,0.0,0.0,0.0
2024-02-07 15:00:00,1.59,1.526,343.0,True,True,True,6,ok,1.263,0.0,1.263,0.0,0.263,0.0,0.0,0.0
2024-02-07 16:00:00,0.504,0.484,101.0,True,True,False,6,cap_reached,0.0,0.0,0.0,0.0,0.484,0.0,0.0,0.0
2024-02-07 17:00:00,0.366,0.351,176.0,True,True,False,6,cap_reached,0.0,0.0,0.0,0.0,0.351,0.0,0.0,0.0
2024-02-07 18:00:00,0.0,0.0,0.0,False,True,False,6,cap_reached,0.0,0.0,0.0,0.0,0.0,0.0,0.0,0.0
2024-02-07 19:00:00,0.0,0.0,0.0,False,True,False,6,cap_reached,0.0,0.0,0.0,0.0,0.0,0.0,0.0,0.0
2024-02-07 20:00:00,0.0,0.0,0.0,False,True,False,6,cap_reached,0.0,0.0,0.0,0.0,0.0,0.0,0.0,0.0
2024-02-07 21:00:00,0.0,0.0,0.0,False,True,False,6,cap_reached,0.0,0.0,0.0,0.0,0.0,0.0,0.0,0.0
2024-02-07 22:00:00,0.0,0.0,0.0,False,True,False,6,cap_reached,0.0,0.0,0.0,0.0,0.0,0.0,0.0,0.0
2024-02-07 23:00:00,0.0,0.0,0.0,False,True,False,6,cap_reached,0.0,0.0,0.0,0.0,0.0,0.0,0.0,0.0
2024-02-08 00:00:00,0.0,0.0,0.0,False,True,False,0,no_power,0.0,0.0,0.0,0.0,0.0,0.0,0.0,0.0
2024-02-08 01:00:00,0.0,0.0,0.0,False,True,False,0,no_power,0.0,0.0,0.0,0.0,0.0,0.0,0.0,0.0
2024-02-08 02:00:00,0.0,0.0,0.0,False,True,False,0,no_power,0.0,0.0,0.0,0.0,0.0,0.0,0.0,0.0
2024-02-08 03:00:00,0.0,0.0,0.0,False,True,False,0,no_power,0.0,0.0,0.0,0.0,0.0,0.0,0.0,0.0
2024-02-08 04:00:00,0.0,0.0,0.0,False,True,False,0,no_power,0.0,0.0,0.0,0.0,0.0,0.0,0.0,0.0
2024-02-08 05:00:00,0.0,0.0,0.0,False,True,False,0,no_power,0.0,0.0,0.0,0.0,0.0,0.0,0.0,0.0
2024-02-08 06:00:00,0.0,0.0,0.0,False,True,False,0,no_power,0.0,0.0,0.0,0.0,0.0,0.0,0.0,0.0
2024-02-08 07:00:00,0.071,0.068,16.0,False,True,False,0,no_power,0.0,0.0,0.0,0.0,0.0,0.0,0.0,0.0
2024-02-08 08:00:00,0.216,0.207,43.0,True,True,False,0,no_power,0.0,0.0,0.0,0.0,0.0,0.0,0.0,0.0
2024-02-08 09:00:00,1.187,1.14,428.0,True,True,False,0,no_power,0.0,0.0,0.0,0.0,0.0,0.0,0.0,0.0
2024-02-08 10:00:00,1.835,1.762,619.0,True,True,True,1,ok,1.263,0.0,1.263,0.0,0.499,0.0,0.0,0.0
2024-02-08 11:00:00,2.295,2.203,755.0,True,True,True,2,ok,1.263,0.0,1.263,0.0,0.94,0.0,0.0,0.0
2024-02-08 12:00:00,2.519,2.419,822.0,True,True,True,3,ok,1.263,0.0,1.263,0.0,1.156,0.0,0.0,0.0
2024-02-08 13:00:00,2.508,2.407,818.0,True,True,True,4,ok,1.263,0.0,1.263,0.0,1.144,0.0,0.0,0.0
2024-02-08 14:00:00,2.249,2.159,740.0,True,True,True,5,ok,1.263,0.0,1.263,0.0,0.896,0.0,0.0,0.0
2024-02-08 15:00:00,1.62,1.555,417.0,True,True,True,6,ok,1.263,0.0,1.263,0.0,0.292,0.0,0.0,0.0
2024-02-08 16:00:00,1.104,1.06,399.0,True,True,False,6,cap_reached,0.0,0.0,0.0,0.0,1.06,0.0,0.0,0.0
2024-02-08 17:00:00,0.553,0.53,128.0,True,True,False,6,cap_reached,0.0,0.0,0.0,0.0,0.53,0.0,0.0,0.0
2024-02-08 18:00:00,0.0,0.0,0.0,False,True,False,6,cap_reached,0.0,0.0,0.0,0.0,0.0,0.0,0.0,0.0
2024-02-08 19:00:00,0.0,0.0,0.0,False,True,False,6,cap_reached,0.0,0.0,0.0,0.0,0.0,0.0,0.0,0.0
2024-02-08 20:00:00,0.0,0.0,0.0,False,True,False,6,cap_reached,0.0,0.0,0.0,0.0,0.0,0.0,0.0,0.0
2024-02-08 21:00:00,0.0,0.0,0.0,False,True,False,6,cap_reached,0.0,0.0,0.0,0.0,0.0,0.0,0.0,0.0
2024-02-08 22:00:00,0.0,0.0,0.0,False,True,False,6,cap_reached,0.0,0.0,0.0,0.0,0.0,0.0,0.0,0.0
2024-02-08 23:00:00,0.0,0.0,0.0,False,True,False,6,cap_reached,0.0,0.0,0.0,0.0,0.0,0.0,0.0,0.0
2024-02-09 00:00:00,0.0,0.0,0.0,False,True,False,0,no_power,0.0,0.0,0.0,0.0,0.0,0.0,0.0,0.0
2024-02-09 01:00:00,0.0,0.0,0.0,False,True,False,0,no_power,0.0,0.0,0.0,0.0,0.0,0.0,0.0,0.0
2024-02-09 02:00:00,0.0,0.0,0.0,False,True,False,0,no_power,0.0,0.0,0.0,0.0,0.0,0.0,0.0,0.0
2024-02-09 03:00:00,0.0,0.0,0.0,False,True,False,0,no_power,0.0,0.0,0.0,0.0,0.0,0.0,0.0,0.0
2024-02-09 04:00:00,0.0,0.0,0.0,False,True,False,0,no_power,0.0,0.0,0.0,0.0,0.0,0.0,0.0,0.0
2024-02-09 05:00:00,0.0,0.0,0.0,False,True,False,0,no_power,0.0,0.0,0.0,0.0,0.0,0.0,0.0,0.0
2024-02-09 06:00:00,0.0,0.0,0.0,False,True,False,0,no_power,0.0,0.0,0.0,0.0,0.0,0.0,0.0,0.0
2024-02-09 07:00:00,0.04,0.039,8.0,False,True,False,0,no_power,0.0,0.0,0.0,0.0,0.0,0.0,0.0,0.0
2024-02-09 08:00:00,0.601,0.577,123.0,True,True,False,0,no_power,0.0,0.0,0.0,0.0,0.0,0.0,0.0,0.0
2024-02-09 09:00:00,1.309,1.257,287.0,True,True,False,0,no_power,0.0,0.0,0.0,0.0,0.0,0.0,0.0,0.0
2024-02-09 10:00:00,1.818,1.745,405.0,True,True,True,1,ok,1.263,0.0,1.263,0.0,0.482,0.0,0.0,0.0
2024-02-09 11:00:00,2.314,2.221,758.0,True,True,True,2,ok,1.263,0.0,1.263,0.0,0.958,0.0,0.0,0.0
2024-02-09 12:00:00,2.322,2.229,691.0,True,True,True,3,ok,1.263,0.0,1.263,0.0,0.966,0.0,0.0,0.0
2024-02-09 13:00:00,2.531,2.43,821.0,True,True,True,4,ok,1.263,0.0,1.263,0.0,1.167,0.0,0.0,0.0
2024-02-09 14:00:00,2.276,2.185,747.0,True,True,True,5,ok,1.263,0.0,1.263,0.0,0.922,0.0,0.0,0.0
2024-02-09 15:00:00,1.789,1.718,603.0,True,True,True,6,ok,1.263,0.0,1.263,0.0,0.455,0.0,0.0,0.0
2024-02-09 16:00:00,0.8,0.768,163.0,True,True,False,6,cap_reached,0.0,0.0,0.0,0.0,0.768,0.0,0.0,0.0
2024-02-09 17:00:00,0.391,0.375,183.0,True,True,False,6,cap_reached,0.0,0.0,0.0,0.0,0.375,0.0,0.0,0.0
2024-02-09 18:00:00,0.0,0.0,0.0,False,True,False,6,cap_reached,0.0,0.0,0.0,0.0,0.0,0.0,0.0,0.0
2024-02-09 19:00:00,0.0,0.0,0.0,False,True,False,6,cap_reached,0.0,0.0,0.0,0.0,0.0,0.0,0.0,0.0
2024-02-09 20:00:00,0.0,0.0,0.0,False,True,False,6,cap_reached,0.0,0.0,0.0,0.0,0.0,0.0,0.0,0.0
2024-02-09 21:00:00,0.0,0.0,0.0,False,True,False,6,cap_reached,0.0,0.0,0.0,0.0,0.0,0.0,0.0,0.0
2024-02-09 22:00:00,0.0,0.0,0.0,False,True,False,6,cap_reached,0.0,0.0,0.0,0.0,0.0,0.0,0.0,0.0
2024-02-09 23:00:00,0.0,0.0,0.0,False,True,False,6,cap_reached,0.0,0.0,0.0,0.0,0.0,0.0,0.0,0.0
2024-02-10 00:00:00,0.0,0.0,0.0,False,True,False,0,no_power,0.0,0.0,0.0,0.0,0.0,0.0,0.0,0.0
2024-02-10 01:00:00,0.0,0.0,0.0,False,True,False,0,no_power,0.0,0.0,0.0,0.0,0.0,0.0,0.0,0.0
2024-02-10 02:00:00,0.0,0.0,0.0,False,True,False,0,no_power,0.0,0.0,0.0,0.0,0.0,0.0,0.0,0.0
2024-02-10 03:00:00,0.0,0.0,0.0,False,True,False,0,no_power,0.0,0.0,0.0,0.0,0.0,0.0,0.0,0.0
2024-02-10 04:00:00,0.0,0.0,0.0,False,True,False,0,no_power,0.0,0.0,0.0,0.0,0.0,0.0,0.0,0.0
2024-02-10 05:00:00,0.0,0.0,0.0,False,True,False,0,no_power,0.0,0.0,0.0,0.0,0.0,0.0,0.0,0.0
2024-02-10 06:00:00,0.0,0.0,0.0,False,True,False,0,no_power,0.0,0.0,0.0,0.0,0.0,0.0,0.0,0.0
2024-02-10 07:00:00,0.066,0.063,13.0,False,True,False,0,no_power,0.0,0.0,0.0,0.0,0.0,0.0,0.0,0.0
2024-02-10 08:00:00,0.54,0.519,113.0,True,True,False,0,no_power,0.0,0.0,0.0,0.0,0.0,0.0,0.0,0.0
2024-02-10 09:00:00,1.34,1.286,301.0,True,True,True,1,ok,1.263,0.0,1.263,0.0,0.023,0.0,0.0,0.0
2024-02-10 10:00:00,1.954,1.875,468.0,True,True,True,2,ok,1.263,0.0,1.263,0.0,0.612,0.0,0.0,0.0
2024-02-10 11:00:00,2.067,1.984,462.0,True,True,True,3,ok,1.263,0.0,1.263,0.0,0.721,0.0,0.0,0.0
2024-02-10 12:00:00,2.549,2.447,824.0,True,True,True,4,ok,1.263,0.0,1.263,0.0,1.184,0.0,0.0,0.0
2024-02-10 13:00:00,2.533,2.432,820.0,True,True,True,5,ok,1.263,0.0,1.263,0.0,1.169,0.0,0.0,0.0
2024-02-10 14:00:00,2.022,1.942,451.0,True,True,True,6,ok,1.263,0.0,1.263,0.0,0.679,0.0,0.0,0.0
2024-02-10 15:00:00,1.797,1.725,599.0,True,True,False,6,cap_reached,0.0,0.0,0.0,0.0,1.725,0.0,0.0,0.0
2024-02-10 16:00:00,1.127,1.082,406.0,True,True,False,6,cap_reached,0.0,0.0,0.0,0.0,1.082,0.0,0.0,0.0
2024-02-10 17:00:00,0.399,0.383,184.0,True,True,False,6,cap_reached,0.0,0.0,0.0,0.0,0.383,0.0,0.0,0.0
2024-02-10 18:00:00,0.0,0.0,0.0,False,True,False,6,cap_reached,0.0,0.0,0.0,0.0,0.0,0.0,0.0,0.0
2024-02-10 19:00:00,0.0,0.0,0.0,False,True,False,6,cap_reached,0.0,0.0,0.0,0.0,0.0,0.0,0.0,0.0
2024-02-10 20:00:00,0.0,0.0,0.0,False,True,False,6,cap_reached,0.0,0.0,0.0,0.0,0.0,0.0,0.0,0.0
2024-02-10 21:00:00,0.0,0.0,0.0,False,True,False,6,cap_reached,0.0,0.0,0.0,0.0,0.0,0.0,0.0,0.0
2024-02-10 22:00:00,0.0,0.0,0.0,False,True,False,6,cap_reached,0.0,0.0,0.0,0.0,0.0,0.0,0.0,0.0
2024-02-10 23:00:00,0.0,0.0,0.0,False,True,False,6,cap_reached,0.0,0.0,0.0,0.0,0.0,0.0,0.0,0.0
2024-02-11 00:00:00,0.0,0.0,0.0,False,True,False,0,no_power,0.0,0.0,0.0,0.0,0.0,0.0,0.0,0.0
2024-02-11 01:00:00,0.0,0.0,0.0,False,True,False,0,no_power,0.0,0.0,0.0,0.0,0.0,0.0,0.0,0.0
2024-02-11 02:00:00,0.0,0.0,0.0,False,True,False,0,no_power,0.0,0.0,0.0,0.0,0.0,0.0,0.0,0.0
2024-02-11 03:00:00,0.0,0.0,0.0,False,True,False,0,no_power,0.0,0.0,0.0,0.0,0.0,0.0,0.0,0.0
2024-02-11 04:00:00,0.0,0.0,0.0,False,True,False,0,no_power,0.0,0.0,0.0,0.0,0.0,0.0,0.0,0.0
2024-02-11 05:00:00,0.0,0.0,0.0,False,True,False,0,no_power,0.0,0.0,0.0,0.0,0.0,0.0,0.0,0.0
2024-02-11 06:00:00,0.0,0.0,0.0,False,True,False,0,no_power,0.0,0.0,0.0,0.0,0.0,0.0,0.0,0.0
2024-02-11 07:00:00,0.07,0.068,20.0,False,True,False,0,no_power,0.0,0.0,0.0,0.0,0.0,0.0,0.0,0.0
2024-02-11 08:00:00,0.493,0.473,212.0,True,True,False,0,no_power,0.0,0.0,0.0,0.0,0.0,0.0,0.0,0.0
2024-02-11 09:00:00,1.231,1.182,432.0,True,True,False,0,no_power,0.0,0.0,0.0,0.0,0.0,0.0,0.0,0.0
2024-02-11 10:00:00,1.863,1.788,622.0,True,True,True,1,ok,1.263,0.0,1.263,0.0,0.525,0.0,0.0,0.0
2024-02-11 11:00:00,2.312,2.22,757.0,True,True,True,2,ok,1.263,0.0,1.263,0.0,0.957,0.0,0.0,0.0
2024-02-11 12:00:00,2.543,2.441,825.0,True,True,True,3,ok,1.263,0.0,1.263,0.0,1.178,0.0,0.0,0.0
2024-02-11 13:00:00,2.529,2.428,820.0,True,True,True,4,ok,1.263,0.0,1.263,0.0,1.165,0.0,0.0,0.0
2024-02-11 14:00:00,1.909,1.832,423.0,True,True,True,5,ok,1.263,0.0,1.263,0.0,0.569,0.0,0.0,0.0
2024-02-11 15:00:00,1.796,1.724,603.0,True,True,True,6,ok,1.263,0.0,1.263,0.0,0.461,0.0,0.0,0.0
2024-02-11 16:00:00,1.143,1.097,408.0,True,True,False,6,cap_reached,0.0,0.0,0.0,0.0,1.097,0.0,0.0,0.0
2024-02-11 17:00:00,0.411,0.395,186.0,True,True,False,6,cap_reached,0.0,0.0,0.0,0.0,0.395,0.0,0.0,0.0
2024-02-11 18:00:00,0.0,0.0,0.0,False,True,False,6,cap_reached,0.0,0.0,0.0,0.0,0.0,0.0,0.0,0.0
2024-02-11 19:00:00,0.0,0.0,0.0,False,True,False,6,cap_reached,0.0,0.0,0.0,0.0,0.0,0.0,0.0,0.0
2024-02-11 20:00:00,0.0,0.0,0.0,False,True,False,6,cap_reached,0.0,0.0,0.0,0.0,0.0,0.0,0.0,0.0
2024-02-11 21:00:00,0.0,0.0,0.0,False,True,False,6,cap_reached,0.0,0.0,0.0,0.0,0.0,0.0,0.0,0.0
2024-02-11 22:00:00,0.0,0.0,0.0,False,True,False,6,cap_reached,0.0,0.0,0.0,0.0,0.0,0.0,0.0,0.0
2024-02-11 23:00:00,0.0,0.0,0.0,False,True,False,6,cap_reached,0.0,0.0,0.0,0.0,0.0,0.0,0.0,0.0
2024-02-12 00:00:00,0.0,0.0,0.0,False,True,False,0,no_power,0.0,0.0,0.0,0.0,0.0,0.0,0.0,0.0
2024-02-12 01:00:00,0.0,0.0,0.0,False,True,False,0,no_power,0.0,0.0,0.0,0.0,0.0,0.0,0.0,0.0
2024-02-12 02:00:00,0.0,0.0,0.0,False,True,False,0,no_power,0.0,0.0,0.0,0.0,0.0,0.0,0.0,0.0
2024-02-12 03:00:00,0.0,0.0,0.0,False,True,False,0,no_power,0.0,0.0,0.0,0.0,0.0,0.0,0.0,0.0
2024-02-12 04:00:00,0.0,0.0,0.0,False,True,False,0,no_power,0.0,0.0,0.0,0.0,0.0,0.0,0.0,0.0
2024-02-12 05:00:00,0.0,0.0,0.0,False,True,False,0,no_power,0.0,0.0,0.0,0.0,0.0,0.0,0.0,0.0
2024-02-12 06:00:00,0.0,0.0,0.0,False,True,False,0,no_power,0.0,0.0,0.0,0.0,0.0,0.0,0.0,0.0
2024-02-12 07:00:00,0.08,0.077,19.0,False,True,False,0,no_power,0.0,0.0,0.0,0.0,0.0,0.0,0.0,0.0
2024-02-12 08:00:00,0.522,0.501,208.0,True,True,False,0,no_power,0.0,0.0,0.0,0.0,0.0,0.0,0.0,0.0
2024-02-12 09:00:00,1.243,1.193,429.0,True,True,False,0,no_power,0.0,0.0,0.0,0.0,0.0,0.0,0.0,0.0
2024-02-12 10:00:00,1.876,1.801,617.0,True,True,True,1,ok,1.263,0.0,1.263,0.0,0.538,0.0,0.0,0.0
2024-02-12 11:00:00,1.088,1.044,223.0,True,True,False,1,no_power,0.0,0.0,0.0,0.0,0.0,0.0,0.0,0.0
2024-02-12 12:00:00,1.375,1.32,285.0,True,True,True,2,ok,1.263,0.0,1.263,0.0,0.057,0.0,0.0,0.0
2024-02-12 13:00:00,2.528,2.427,818.0,True,True,True,3,ok,1.263,0.0,1.263,0.0,1.164,0.0,0.0,0.0
2024-02-12 14:00:00,2.187,2.099,507.0,True,True,True,4,ok,1.263,0.0,1.263,0.0,0.836,0.0,0.0,0.0
2024-02-12 15:00:00,1.716,1.648,384.0,True,True,True,5,ok,1.263,0.0,1.263,0.0,0.385,0.0,0.0,0.0
2024-02-12 16:00:00,1.14,1.094,413.0,True,True,False,5,no_power,0.0,0.0,0.0,0.0,0.0,0.0,0.0,0.0
2024-02-12 17:00:00,0.408,0.391,192.0,True,True,False,5,no_power,0.0,0.0,0.0,0.0,0.0,0.0,0.0,0.0
2024-02-12 18:00:00,0.0,0.0,0.0,False,True,False,5,no_power,0.0,0.0,0.0,0.0,0.0,0.0,0.0,0.0
2024-02-12 19:00:00,0.0,0.0,0.0,False,True,False,5,no_power,0.0,0.0,0.0,0.0,0.0,0.0,0.0,0.0
2024-02-12 20:00:00,0.0,0.0,0.0,False,True,False,5,no_power,0.0,0.0,0.0,0.0,0.0,0.0,0.0,0.0
2024-02-12 21:00:00,0.0,0.0,0.0,False,True,False,5,no_power,0.0,0.0,0.0,0.0,0.0,0.0,0.0,0.0
2024-02-12 22:00:00,0.0,0.0,0.0,False,True,False,5,no_power,0.0,0.0,0.0,0.0,0.0,0.0,0.0,0.0
2024-02-12 23:00:00,0.0,0.0,0.0,False,True,False,5,no_power,0.0,0.0,0.0,0.0,0.0,0.0,0.0,0.0
2024-02-13 00:00:00,0.0,0.0,0.0,False,True,False,0,no_power,0.0,0.0,0.0,0.0,0.0,0.0,0.0,0.0
2024-02-13 01:00:00,0.0,0.0,0.0,False,True,False,0,no_power,0.0,0.0,0.0,0.0,0.0,0.0,0.0,0.0
2024-02-13 02:00:00,0.0,0.0,0.0,False,True,False,0,no_power,0.0,0.0,0.0,0.0,0.0,0.0,0.0,0.0
2024-02-13 03:00:00,0.0,0.0,0.0,False,True,False,0,no_power,0.0,0.0,0.0,0.0,0.0,0.0,0.0,0.0
2024-02-13 04:00:00,0.0,0.0,0.0,False,True,False,0,no_power,0.0,0.0,0.0,0.0,0.0,0.0,0.0,0.0
2024-02-13 05:00:00,0.0,0.0,0.0,False,True,False,0,no_power,0.0,0.0,0.0,0.0,0.0,0.0,0.0,0.0
2024-02-13 06:00:00,0.0,0.0,0.0,False,True,False,0,no_power,0.0,0.0,0.0,0.0,0.0,0.0,0.0,0.0
2024-02-13 07:00:00,0.075,0.072,21.0,False,True,False,0,no_power,0.0,0.0,0.0,0.0,0.0,0.0,0.0,0.0
2024-02-13 08:00:00,0.517,0.497,213.0,True,True,False,0,no_power,0.0,0.0,0.0,0.0,0.0,0.0,0.0,0.0
2024-02-13 09:00:00,1.246,1.196,430.0,True,True,False,0,no_power,0.0,0.0,0.0,0.0,0.0,0.0,0.0,0.0
2024-02-13 10:00:00,1.864,1.789,616.0,True,True,True,1,ok,1.263,0.0,1.263,0.0,0.526,0.0,0.0,0.0
2024-02-13 11:00:00,2.303,2.211,745.0,True,True,True,2,ok,1.263,0.0,1.263,0.0,0.948,0.0,0.0,0.0
2024-02-13 12:00:00,2.329,2.236,538.0,True,True,True,3,ok,1.263,0.0,1.263,0.0,0.973,0.0,0.0,0.0
2024-02-13 13:00:00,2.439,2.342,577.0,True,True,True,4,ok,1.263,0.0,1.263,0.0,1.079,0.0,0.0,0.0
2024-02-13 14:00:00,2.263,2.172,715.0,True,True,True,5,ok,1.263,0.0,1.263,0.0,0.909,0.0,0.0,0.0
2024-02-13 15:00:00,1.021,0.98,210.0,True,True,False,5,no_power,0.0,0.0,0.0,0.0,0.0,0.0,0.0,0.0
2024-02-13 16:00:00,0.243,0.234,49.0,True,True,False,5,no_power,0.0,0.0,0.0,0.0,0.0,0.0,0.0,0.0
2024-02-13 17:00:00,0.174,0.168,35.0,True,True,False,5,no_power,0.0,0.0,0.0,0.0,0.0,0.0,0.0,0.0
2024-02-13 18:00:00,0.0,0.0,0.0,False,True,False,5,no_power,0.0,0.0,0.0,0.0,0.0,0.0,0.0,0.0
2024-02-13 19:00:00,0.0,0.0,0.0,False,True,False,5,no_power,0.0,0.0,0.0,0.0,0.0,0.0,0.0,0.0
2024-02-13 20:00:00,0.0,0.0,0.0,False,True,False,5,no_power,0.0,0.0,0.0,0.0,0.0,0.0,0.0,0.0
2024-02-13 21:00:00,0.0,0.0,0.0,False,True,False,5,no_power,0.0,0.0,0.0,0.0,0.0,0.0,0.0,0.0
2024-02-13 22:00:00,0.0,0.0,0.0,False,True,False,5,no_power,0.0,0.0,0.0,0.0,0.0,0.0,0.0,0.0
2024-02-13 23:00:00,0.0,0.0,0.0,False,True,False,5,no_power,0.0,0.0,0.0,0.0,0.0,0.0,0.0,0.0
2024-02-14 00:00:00,0.0,0.0,0.0,False,True,False,0,no_power,0.0,0.0,0.0,0.0,0.0,0.0,0.0,0.0
2024-02-14 01:00:00,0.0,0.0,0.0,False,True,False,0,no_power,0.0,0.0,0.0,0.0,0.0,0.0,0.0,0.0
2024-02-14 02:00:00,0.0,0.0,0.0,False,True,False,0,no_power,0.0,0.0,0.0,0.0,0.0,0.0,0.0,0.0
2024-02-14 03:00:00,0.0,0.0,0.0,False,True,False,0,no_power,0.0,0.0,0.0,0.0,0.0,0.0,0.0,0.0
2024-02-14 04:00:00,0.0,0.0,0.0,False,True,False,0,no_power,0.0,0.0,0.0,0.0,0.0,0.0,0.0,0.0
2024-02-14 05:00:00,0.0,0.0,0.0,False,True,False,0,no_power,0.0,0.0,0.0,0.0,0.0,0.0,0.0,0.0
2024-02-14 06:00:00,0.0,0.0,0.0,False,True,False,0,no_power,0.0,0.0,0.0,0.0,0.0,0.0,0.0,0.0
2024-02-14 07:00:00,0.081,0.077,19.0,False,True,False,0,no_power,0.0,0.0,0.0,0.0,0.0,0.0,0.0,0.0
2024-02-14 08:00:00,0.574,0.551,204.0,True,True,False,0,no_power,0.0,0.0,0.0,0.0,0.0,0.0,0.0,0.0
2024-02-14 09:00:00,1.293,1.241,422.0,True,True,False,0,no_power,0.0,0.0,0.0,0.0,0.0,0.0,0.0,0.0
2024-02-14 10:00:00,1.924,1.847,614.0,True,True,True,1,ok,1.263,0.0,1.263,0.0,0.584,0.0,0.0,0.0
2024-02-14 11:00:00,2.373,2.278,747.0,True,True,True,2,ok,1.263,0.0,1.263,0.0,1.015,0.0,0.0,0.0
2024-02-14 12:00:00,2.606,2.502,815.0,True,True,True,3,ok,1.263,0.0,1.263,0.0,1.239,0.0,0.0,0.0
2024-02-14 13:00:00,2.58,2.477,817.0,True,True,True,4,ok,1.263,0.0,1.263,0.0,1.214,0.0,0.0,0.0
2024-02-14 14:00:00,2.321,2.228,739.0,True,True,True,5,ok,1.263,0.0,1.263,0.0,0.965,0.0,0.0,0.0
2024-02-14 15:00:00,1.85,1.776,599.0,True,True,True,6,ok,1.263,0.0,1.263,0.0,0.513,0.0,0.0,0.0
2024-02-14 16:00:00,1.196,1.148,407.0,True,True,False,6,cap_reached,0.0,0.0,0.0,0.0,1.148,0.0,0.0,0.0
2024-02-14 17:00:00,0.467,0.448,189.0,True,True,False,6,cap_reached,0.0,0.0,0.0,0.0,0.448,0.0,0.0,0.0
2024-02-14 18:00:00,0.0,0.0,0.0,False,True,False,6,cap_reached,0.0,0.0,0.0,0.0,0.0,0.0,0.0,0.0
2024-02-14 19:00:00,0.0,0.0,0.0,False,True,False,6,cap_reached,0.0,0.0,0.0,0.0,0.0,0.0,0.0,0.0
2024-02-14 20:00:00,0.0,0.0,0.0,False,True,False,6,cap_reached,0.0,0.0,0.0,0.0,0.0,0.0,0.0,0.0
2024-02-14 21:00:00,0.0,0.0,0.0,False,True,False,6,cap_reached,0.0,0.0,0.0,0.0,0.0,0.0,0.0,0.0
2024-02-14 22:00:00,0.0,0.0,0.0,False,True,False,6,cap_reached,0.0,0.0,0.0,0.0,0.0,0.0,0.0,0.0
2024-02-14 23:00:00,0.0,0.0,0.0,False,True,False,6,cap_reached,0.0,0.0,0.0,0.0,0.0,0.0,0.0,0.0
2024-02-15 00:00:00,0.0,0.0,0.0,False,True,False,0,no_power,0.0,0.0,0.0,0.0,0.0,0.0,0.0,0.0
2024-02-15 01:00:00,0.0,0.0,0.0,False,True,False,0,no_power,0.0,0.0,0.0,0.0,0.0,0.0,0.0,0.0
2024-02-15 02:00:00,0.0,0.0,0.0,False,True,False,0,no_power,0.0,0.0,0.0,0.0,0.0,0.0,0.0,0.0
2024-02-15 03:00:00,0.0,0.0,0.0,False,True,False,0,no_power,0.0,0.0,0.0,0.0,0.0,0.0,0.0,0.0
2024-02-15 04:00:00,0.0,0.0,0.0,False,True,False,0,no_power,0.0,0.0,0.0,0.0,0.0,0.0,0.0,0.0
2024-02-15 05:00:00,0.0,0.0,0.0,False,True,False,0,no_power,0.0,0.0,0.0,0.0,0.0,0.0,0.0,0.0
2024-02-15 06:00:00,0.0,0.0,0.0,False,True,False,0,no_power,0.0,0.0,0.0,0.0,0.0,0.0,0.0,0.0
2024-02-15 07:00:00,0.081,0.078,26.0,False,True,False,0,no_power,0.0,0.0,0.0,0.0,0.0,0.0,0.0,0.0
2024-02-15 08:00:00,0.561,0.538,228.0,True,True,False,0,no_power,0.0,0.0,0.0,0.0,0.0,0.0,0.0,0.0
2024-02-15 09:00:00,1.318,1.266,451.0,True,True,True,1,ok,1.263,0.0,1.263,0.0,0.003,0.0,0.0,0.0
2024-02-15 10:00:00,1.97,1.891,641.0,True,True,True,2,ok,1.263,0.0,1.263,0.0,0.628,0.0,0.0,0.0
2024-02-15 11:00:00,2.433,2.335,777.0,True,True,True,3,ok,1.263,0.0,1.263,0.0,1.072,0.0,0.0,0.0
2024-02-15 12:00:00,2.667,2.56,846.0,True,True,True,4,ok,1.263,0.0,1.263,0.0,1.297,0.0,0.0,0.0
2024-02-15 13:00:00,2.382,2.287,544.0,True,True,True,5,ok,1.263,0.0,1.263,0.0,1.024,0.0,0.0,0.0
2024-02-15 14:00:00,2.382,2.287,760.0,True,True,True,6,ok,1.263,0.0,1.263,0.0,1.024,0.0,0.0,0.0
2024-02-15 15:00:00,1.895,1.82,617.0,True,True,False,6,cap_reached,0.0,0.0,0.0,0.0,1.82,0.0,0.0,0.0
2024-02-15 16:00:00,1.226,1.177,422.0,True,True,False,6,cap_reached,0.0,0.0,0.0,0.0,1.177,0.0,0.0,0.0
2024-02-15 17:00:00,0.473,0.454,197.0,True,True,False,6,cap_reached,0.0,0.0,0.0,0.0,0.454,0.0,0.0,0.0
2024-02-15 18:00:00,0.0,0.0,0.0,False,True,False,6,cap_reached,0.0,0.0,0.0,0.0,0.0,0.0,0.0,0.0
2024-02-15 19:00:00,0.0,0.0,0.0,False,True,False,6,cap_reached,0.0,0.0,0.0,0.0,0.0,0.0,0.0,0.0
2024-02-15 20:00:00,0.0,0.0,0.0,False,True,False,6,cap_reached,0.0,0.0,0.0,0.0,0.0,0.0,0.0,0.0
2024-02-15 21:00:00,0.0,0.0,0.0,False,True,False,6,cap_reached,0.0,0.0,0.0,0.0,0.0,0.0,0.0,0.0
2024-02-15 22:00:00,0.0,0.0,0.0,False,True,False,6,cap_reached,0.0,0.0,0.0,0.0,0.0,0.0,0.0,0.0
2024-02-15 23:00:00,0.0,0.0,0.0,False,True,False,6,cap_reached,0.0,0.0,0.0,0.0,0.0,0.0,0.0,0.0
2024-02-16 00:00:00,0.0,0.0,0.0,False,True,False,0,no_power,0.0,0.0,0.0,0.0,0.0,0.0,0.0,0.0
2024-02-16 01:00:00,0.0,0.0,0.0,False,True,False,0,no_power,0.0,0.0,0.0,0.0,0.0,0.0,0.0,0.0
2024-02-16 02:00:00,0.0,0.0,0.0,False,True,False,0,no_power,0.0,0.0,0.0,0.0,0.0,0.0,0.0,0.0
2024-02-16 03:00:00,0.0,0.0,0.0,False,True,False,0,no_power,0.0,0.0,0.0,0.0,0.0,0.0,0.0,0.0
2024-02-16 04:00:00,0.0,0.0,0.0,False,True,False,0,no_power,0.0,0.0,0.0,0.0,0.0,0.0,0.0,0.0
2024-02-16 05:00:00,0.0,0.0,0.0,False,True,False,0,no_power,0.0,0.0,0.0,0.0,0.0,0.0,0.0,0.0
2024-02-16 06:00:00,0.0,0.0,0.0,False,True,False,0,no_power,0.0,0.0,0.0,0.0,0.0,0.0,0.0,0.0
2024-02-16 07:00:00,0.086,0.082,26.0,False,True,False,0,no_power,0.0,0.0,0.0,0.0,0.0,0.0,0.0,0.0
2024-02-16 08:00:00,0.576,0.553,223.0,True,True,False,0,no_power,0.0,0.0,0.0,0.0,0.0,0.0,0.0,0.0
2024-02-16 09:00:00,1.318,1.265,442.0,True,True,True,1,ok,1.263,0.0,1.263,0.0,0.002,0.0,0.0,0.0
2024-02-16 10:00:00,1.787,1.716,396.0,True,True,True,2,ok,1.263,0.0,1.263,0.0,0.453,0.0,0.0,0.0
2024-02-16 11:00:00,2.407,2.311,765.0,True,True,True,3,ok,1.263,0.0,1.263,0.0,1.048,0.0,0.0,0.0
2024-02-16 12:00:00,2.631,2.526,833.0,True,True,True,4,ok,1.263,0.0,1.263,0.0,1.263,0.0,0.0,0.0
2024-02-16 13:00:00,2.615,2.511,825.0,True,True,True,5,ok,1.263,0.0,1.263,0.0,1.248,0.0,0.0,0.0
2024-02-16 14:00:00,1.962,1.884,463.0,True,True,True,6,ok,1.263,0.0,1.263,0.0,0.621,0.0,0.0,0.0
2024-02-16 15:00:00,1.636,1.571,357.0,True,True,False,6,cap_reached,0.0,0.0,0.0,0.0,1.571,0.0,0.0,0.0
2024-02-16 16:00:00,0.883,0.847,182.0,True,True,False,6,cap_reached,0.0,0.0,0.0,0.0,0.847,0.0,0.0,0.0
2024-02-16 17:00:00,0.03,0.029,6.0,False,True,False,6,cap_reached,0.0,0.0,0.0,0.0,0.029,0.0,0.0,0.0
2024-02-16 18:00:00,0.02,0.019,4.0,False,True,False,6,cap_reached,0.0,0.0,0.0,0.0,0.019,0.0,0.0,0.0
2024-02-16 19:00:00,0.0,0.0,0.0,False,True,False,6,cap_reached,0.0,0.0,0.0,0.0,0.0,0.0,0.0,0.0
2024-02-16 20:00:00,0.0,0.0,0.0,False,True,False,6,cap_reached,0.0,0.0,0.0,0.0,0.0,0.0,0.0,0.0
2024-02-16 21:00:00,0.0,0.0,0.0,False,True,False,6,cap_reached,0.0,0.0,0.0,0.0,0.0,0.0,0.0,0.0
2024-02-16 22:00:00,0.0,0.0,0.0,False,True,False,6,cap_reached,0.0,0.0,0.0,0.0,0.0,0.0,0.0,0.0
2024-02-16 23:00:00,0.0,0.0,0.0,False,True,False,6,cap_reached,0.0,0.0,0.0,0.0,0.0,0.0,0.0,0.0
2024-02-17 00:00:00,0.0,0.0,0.0,False,True,False,0,no_power,0.0,0.0,0.0,0.0,0.0,0.0,0.0,0.0
2024-02-17 01:00:00,0.0,0.0,0.0,False,True,False,0,no_power,0.0,0.0,0.0,0.0,0.0,0.0,0.0,0.0
2024-02-17 02:00:00,0.0,0.0,0.0,False,True,False,0,no_power,0.0,0.0,0.0,0.0,0.0,0.0,0.0,0.0
2024-02-17 03:00:00,0.0,0.0,0.0,False,True,False,0,no_power,0.0,0.0,0.0,0.0,0.0,0.0,0.0,0.0
2024-02-17 04:00:00,0.0,0.0,0.0,False,True,False,0,no_power,0.0,0.0,0.0,0.0,0.0,0.0,0.0,0.0
2024-02-17 05:00:00,0.0,0.0,0.0,False,True,False,0,no_power,0.0,0.0,0.0,0.0,0.0,0.0,0.0,0.0
2024-02-17 06:00:00,0.0,0.0,0.0,False,True,False,0,no_power,0.0,0.0,0.0,0.0,0.0,0.0,0.0,0.0
2024-02-17 07:00:00,0.086,0.082,28.0,False,True,False,0,no_power,0.0,0.0,0.0,0.0,0.0,0.0,0.0,0.0
2024-02-17 08:00:00,0.679,0.652,151.0,True,True,False,0,no_power,0.0,0.0,0.0,0.0,0.0,0.0,0.0,0.0
2024-02-17 09:00:00,1.342,1.289,446.0,True,True,True,1,ok,1.263,0.0,1.263,0.0,0.026,0.0,0.0,0.0
2024-02-17 10:00:00,1.837,1.764,530.0,True,True,True,2,ok,1.263,0.0,1.263,0.0,0.501,0.0,0.0,0.0
2024-02-17 11:00:00,2.431,2.333,769.0,True,True,True,3,ok,1.263,0.0,1.263,0.0,1.07,0.0,0.0,0.0
2024-02-17 12:00:00,2.658,2.552,837.0,True,True,True,4,ok,1.263,0.0,1.263,0.0,1.289,0.0,0.0,0.0
2024-02-17 13:00:00,2.635,2.53,831.0,True,True,True,5,ok,1.263,0.0,1.263,0.0,1.267,0.0,0.0,0.0
2024-02-17 14:00:00,2.377,2.282,754.0,True,True,True,6,ok,1.263,0.0,1.263,0.0,1.019,0.0,0.0,0.0
2024-02-17 15:00:00,1.953,1.875,478.0,True,True,False,6,cap_reached,0.0,0.0,0.0,0.0,1.875,0.0,0.0,0.0
2024-02-17 16:00:00,1.278,1.227,374.0,True,True,False,6,cap_reached,0.0,0.0,0.0,0.0,1.227,0.0,0.0,0.0
2024-02-17 17:00:00,0.504,0.484,198.0,True,True,False,6,cap_reached,0.0,0.0,0.0,0.0,0.484,0.0,0.0,0.0
2024-02-17 18:00:00,0.055,0.053,13.0,False,True,False,6,cap_reached,0.0,0.0,0.0,0.0,0.053,0.0,0.0,0.0
2024-02-17 19:00:00,0.0,0.0,0.0,False,True,False,6,cap_reached,0.0,0.0,0.0,0.0,0.0,0.0,0.0,0.0
2024-02-17 20:00:00,0.0,0.0,0.0,False,True,False,6,cap_reached,0.0,0.0,0.0,0.0,0.0,0.0,0.0,0.0
2024-02-17 21:00:00,0.0,0.0,0.0,False,True,False,6,cap_reached,0.0,0.0,0.0,0.0,0.0,0.0,0.0,0.0
2024-02-17 22:00:00,0.0,0.0,0.0,False,True,False,6,cap_reached,0.0,0.0,0.0,0.0,0.0,0.0,0.0,0.0
2024-02-17 23:00:00,0.0,0.0,0.0,False,True,False,6,cap_reached,0.0,0.0,0.0,0.0,0.0,0.0,0.0,0.0
2024-02-18 00:00:00,0.0,0.0,0.0,False,True,False,0,no_power,0.0,0.0,0.0,0.0,0.0,0.0,0.0,0.0
2024-02-18 01:00:00,0.0,0.0,0.0,False,True,False,0,no_power,0.0,0.0,0.0,0.0,0.0,0.0,0.0,0.0
2024-02-18 02:00:00,0.0,0.0,0.0,False,True,False,0,no_power,0.0,0.0,0.0,0.0,0.0,0.0,0.0,0.0
2024-02-18 03:00:00,0.0,0.0,0.0,False,True,False,0,no_power,0.0,0.0,0.0,0.0,0.0,0.0,0.0,0.0
2024-02-18 04:00:00,0.0,0.0,0.0,False,True,False,0,no_power,0.0,0.0,0.0,0.0,0.0,0.0,0.0,0.0
2024-02-18 05:00:00,0.0,0.0,0.0,False,True,False,0,no_power,0.0,0.0,0.0,0.0,0.0,0.0,0.0,0.0
2024-02-18 06:00:00,0.0,0.0,0.0,False,True,False,0,no_power,0.0,0.0,0.0,0.0,0.0,0.0,0.0,0.0
2024-02-18 07:00:00,0.1,0.096,27.0,True,True,False,0,no_power,0.0,0.0,0.0,0.0,0.0,0.0,0.0,0.0
2024-02-18 08:00:00,0.68,0.653,141.0,True,True,False,0,no_power,0.0,0.0,0.0,0.0,0.0,0.0,0.0,0.0
2024-02-18 09:00:00,1.36,1.305,443.0,True,True,True,1,ok,1.263,0.0,1.263,0.0,0.042,0.0,0.0,0.0
2024-02-18 10:00:00,2.004,1.924,470.0,True,True,True,2,ok,1.263,0.0,1.263,0.0,0.661,0.0,0.0,0.0
2024-02-18 11:00:00,2.353,2.259,551.0,True,True,True,3,ok,1.263,0.0,1.263,0.0,0.996,0.0,0.0,0.0
2024-02-18 12:00:00,2.208,2.12,538.0,True,True,True,4,ok,1.263,0.0,1.263,0.0,0.857,0.0,0.0,0.0
2024-02-18 13:00:00,2.319,2.226,582.0,True,True,True,5,ok,1.263,0.0,1.263,0.0,0.963,0.0,0.0,0.0
2024-02-18 14:00:00,2.277,2.186,619.0,True,True,True,6,ok,1.263,0.0,1.263,0.0,0.923,0.0,0.0,0.0
2024-02-18 15:00:00,1.659,1.592,404.0,True,True,False,6,cap_reached,0.0,0.0,0.0,0.0,1.592,0.0,0.0,0.0
2024-02-18 16:00:00,1.24,1.191,300.0,True,True,False,6,cap_reached,0.0,0.0,0.0,0.0,1.191,0.0,0.0,0.0
2024-02-18 17:00:00,0.548,0.526,115.0,True,True,False,6,cap_reached,0.0,0.0,0.0,0.0,0.526,0.0,0.0,0.0
2024-02-18 18:00:00,0.045,0.043,9.0,False,True,False,6,cap_reached,0.0,0.0,0.0,0.0,0.043,0.0,0.0,0.0
2024-02-18 19:00:00,0.0,0.0,0.0,False,True,False,6,cap_reached,0.0,0.0,0.0,0.0,0.0,0.0,0.0,0.0
2024-02-18 20:00:00,0.0,0.0,0.0,False,True,False,6,cap_reached,0.0,0.0,0.0,0.0,0.0,0.0,0.0,0.0
2024-02-18 21:00:00,0.0,0.0,0.0,False,True,False,6,cap_reached,0.0,0.0,0.0,0.0,0.0,0.0,0.0,0.0
2024-02-18 22:00:00,0.0,0.0,0.0,False,True,False,6,cap_reached,0.0,0.0,0.0,0.0,0.0,0.0,0.0,0.0
2024-02-18 23:00:00,0.0,0.0,0.0,False,True,False,6,cap_reached,0.0,0.0,0.0,0.0,0.0,0.0,0.0,0.0
2024-02-19 00:00:00,0.0,0.0,0.0,False,True,False,0,no_power,0.0,0.0,0.0,0.0,0.0,0.0,0.0,0.0
2024-02-19 01:00:00,0.0,0.0,0.0,False,True,False,0,no_power,0.0,0.0,0.0,0.0,0.0,0.0,0.0,0.0
2024-02-19 02:00:00,0.0,0.0,0.0,False,True,False,0,no_power,0.0,0.0,0.0,0.0,0.0,0.0,0.0,0.0
2024-02-19 03:00:00,0.0,0.0,0.0,False,True,False,0,no_power,0.0,0.0,0.0,0.0,0.0,0.0,0.0,0.0
2024-02-19 04:00:00,0.0,0.0,0.0,False,True,False,0,no_power,0.0,0.0,0.0,0.0,0.0,0.0,0.0,0.0
2024-02-19 05:00:00,0.0,0.0,0.0,False,True,False,0,no_power,0.0,0.0,0.0,0.0,0.0,0.0,0.0,0.0
2024-02-19 06:00:00,0.0,0.0,0.0,False,True,False,0,no_power,0.0,0.0,0.0,0.0,0.0,0.0,0.0,0.0
2024-02-19 07:00:00,0.07,0.067,14.0,False,True,False,0,no_power,0.0,0.0,0.0,0.0,0.0,0.0,0.0,0.0
2024-02-19 08:00:00,0.02,0.019,4.0,False,True,False,0,no_power,0.0,0.0,0.0,0.0,0.0,0.0,0.0,0.0
2024-02-19 09:00:00,0.723,0.694,149.0,True,True,False,0,no_power,0.0,0.0,0.0,0.0,0.0,0.0,0.0,0.0
2024-02-19 10:00:00,1.016,0.976,210.0,True,True,False,0,no_power,0.0,0.0,0.0,0.0,0.0,0.0,0.0,0.0
2024-02-19 11:00:00,1.142,1.096,236.0,True,True,False,0,no_power,0.0,0.0,0.0,0.0,0.0,0.0,0.0,0.0
2024-02-19 12:00:00,0.686,0.658,138.0,True,True,False,0,no_power,0.0,0.0,0.0,0.0,0.0,0.0,0.0,0.0
2024-02-19 13:00:00,2.19,2.103,506.0,True,True,True,1,ok,1.263,0.0,1.263,0.0,0.84,0.0,0.0,0.0
2024-02-19 14:00:00,1.044,1.002,214.0,True,True,False,1,no_power,0.0,0.0,0.0,0.0,0.0,0.0,0.0,0.0
2024-02-19 15:00:00,0.825,0.792,168.0,True,True,False,1,no_power,0.0,0.0,0.0,0.0,0.0,0.0,0.0,0.0
2024-02-19 16:00:00,0.536,0.514,109.0,True,True,False,1,no_power,0.0,0.0,0.0,0.0,0.0,0.0,0.0,0.0
2024-02-19 17:00:00,0.418,0.402,86.0,True,True,False,1,no_power,0.0,0.0,0.0,0.0,0.0,0.0,0.0,0.0
2024-02-19 18:00:00,0.065,0.063,14.0,False,True,False,1,no_power,0.0,0.0,0.0,0.0,0.0,0.0,0.0,0.0
2024-02-19 19:00:00,0.0,0.0,0.0,False,True,False,1,no_power,0.0,0.0,0.0,0.0,0.0,0.0,0.0,0.0
2024-02-19 20:00:00,0.0,0.0,0.0,False,True,False,1,no_power,0.0,0.0,0.0,0.0,0.0,0.0,0.0,0.0
2024-02-19 21:00:00,0.0,0.0,0.0,False,True,False,1,no_power,0.0,0.0,0.0,0.0,0.0,0.0,0.0,0.0
2024-02-19 22:00:00,0.0,0.0,0.0,False,True,False,1,no_power,0.0,0.0,0.0,0.0,0.0,0.0,0.0,0.0
2024-02-19 23:00:00,0.0,0.0,0.0,False,True,False,1,no_power,0.0,0.0,0.0,0.0,0.0,0.0,0.0,0.0
2024-02-20 00:00:00,0.0,0.0,0.0,False,True,False,0,no_power,0.0,0.0,0.0,0.0,0.0,0.0,0.0,0.0
2024-02-20 01:00:00,0.0,0.0,0.0,False,True,False,0,no_power,0.0,0.0,0.0,0.0,0.0,0.0,0.0,0.0
2024-02-20 02:00:00,0.0,0.0,0.0,False,True,False,0,no_power,0.0,0.0,0.0,0.0,0.0,0.0,0.0,0.0
2024-02-20 03:00:00,0.0,0.0,0.0,False,True,False,0,no_power,0.0,0.0,0.0,0.0,0.0,0.0,0.0,0.0
2024-02-20 04:00:00,0.0,0.0,0.0,False,True,False,0,no_power,0.0,0.0,0.0,0.0,0.0,0.0,0.0,0.0
2024-02-20 05:00:00,0.0,0.0,0.0,False,True,False,0,no_power,0.0,0.0,0.0,0.0,0.0,0.0,0.0,0.0
2024-02-20 06:00:00,0.0,0.0,0.0,False,True,False,0,no_power,0.0,0.0,0.0,0.0,0.0,0.0,0.0,0.0
2024-02-20 07:00:00,0.116,0.111,23.0,True,True,False,0,no_power,0.0,0.0,0.0,0.0,0.0,0.0,0.0,0.0
2024-02-20 08:00:00,0.699,0.671,143.0,True,True,False,0,no_power,0.0,0.0,0.0,0.0,0.0,0.0,0.0,0.0
2024-02-20 09:00:00,1.481,1.422,479.0,True,True,True,1,ok,1.263,0.0,1.263,0.0,0.159,0.0,0.0,0.0
2024-02-20 10:00:00,2.151,2.065,675.0,True,True,True,2,ok,1.263,0.0,1.263,0.0,0.802,0.0,0.0,0.0
2024-02-20 11:00:00,2.626,2.521,814.0,True,True,True,3,ok,1.263,0.0,1.263,0.0,1.258,0.0,0.0,0.0
2024-02-20 12:00:00,2.868,2.753,887.0,True,True,True,4,ok,1.263,0.0,1.263,0.0,1.49,0.0,0.0,0.0
2024-02-20 13:00:00,2.853,2.739,882.0,True,True,True,5,ok,1.263,0.0,1.263,0.0,1.476,0.0,0.0,0.0
2024-02-20 14:00:00,2.59,2.486,805.0,True,True,True,6,ok,1.263,0.0,1.263,0.0,1.223,0.0,0.0,0.0
2024-02-20 15:00:00,2.097,2.013,659.0,True,True,False,6,cap_reached,0.0,0.0,0.0,0.0,2.013,0.0,0.0,0.0
2024-02-20 16:00:00,1.396,1.34,455.0,True,True,False,6,cap_reached,0.0,0.0,0.0,0.0,1.34,0.0,0.0,0.0
2024-02-20 17:00:00,0.591,0.567,220.0,True,True,False,6,cap_reached,0.0,0.0,0.0,0.0,0.567,0.0,0.0,0.0
2024-02-20 18:00:00,0.066,0.063,18.0,False,True,False,6,cap_reached,0.0,0.0,0.0,0.0,0.063,0.0,0.0,0.0
2024-02-20 19:00:00,0.0,0.0,0.0,False,True,False,6,cap_reached,0.0,0.0,0.0,0.0,0.0,0.0,0.0,0.0
2024-02-20 20:00:00,0.0,0.0,0.0,False,True,False,6,cap_reached,0.0,0.0,0.0,0.0,0.0,0.0,0.0,0.0
2024-02-20 21:00:00,0.0,0.0,0.0,False,True,False,6,cap_reached,0.0,0.0,0.0,0.0,0.0,0.0,0.0,0.0
2024-02-20 22:00:00,0.0,0.0,0.0,False,True,False,6,cap_reached,0.0,0.0,0.0,0.0,0.0,0.0,0.0,0.0
2024-02-20 23:00:00,0.0,0.0,0.0,False,True,False,6,cap_reached,0.0,0.0,0.0,0.0,0.0,0.0,0.0,0.0
2024-02-21 00:00:00,0.0,0.0,0.0,False,True,False,0,no_power,0.0,0.0,0.0,0.0,0.0,0.0,0.0,0.0
2024-02-21 01:00:00,0.0,0.0,0.0,False,True,False,0,no_power,0.0,0.0,0.0,0.0,0.0,0.0,0.0,0.0
2024-02-21 02:00:00,0.0,0.0,0.0,False,True,False,0,no_power,0.0,0.0,0.0,0.0,0.0,0.0,0.0,0.0
2024-02-21 03:00:00,0.0,0.0,0.0,False,True,False,0,no_power,0.0,0.0,0.0,0.0,0.0,0.0,0.0,0.0
2024-02-21 04:00:00,0.0,0.0,0.0,False,True,False,0,no_power,0.0,0.0,0.0,0.0,0.0,0.0,0.0,0.0
2024-02-21 05:00:00,0.0,0.0,0.0,False,True,False,0,no_power,0.0,0.0,0.0,0.0,0.0,0.0,0.0,0.0
2024-02-21 06:00:00,0.0,0.0,0.0,False,True,False,0,no_power,0.0,0.0,0.0,0.0,0.0,0.0,0.0,0.0
2024-02-21 07:00:00,0.117,0.112,36.0,True,True,False,0,no_power,0.0,0.0,0.0,0.0,0.0,0.0,0.0,0.0
2024-02-21 08:00:00,0.718,0.689,249.0,True,True,False,0,no_power,0.0,0.0,0.0,0.0,0.0,0.0,0.0,0.0
2024-02-21 09:00:00,1.51,1.45,479.0,True,True,True,1,ok,1.263,0.0,1.263,0.0,0.187,0.0,0.0,0.0
2024-02-21 10:00:00,2.183,2.095,674.0,True,True,True,2,ok,1.263,0.0,1.263,0.0,0.832,0.0,0.0,0.0
2024-02-21 11:00:00,2.646,2.54,811.0,True,True,True,3,ok,1.263,0.0,1.263,0.0,1.277,0.0,0.0,0.0
2024-02-21 12:00:00,2.881,2.766,881.0,True,True,True,4,ok,1.263,0.0,1.263,0.0,1.503,0.0,0.0,0.0
2024-02-21 13:00:00,0.831,0.798,168.0,True,True,False,4,no_power,0.0,0.0,0.0,0.0,0.0,0.0,0.0,0.0
2024-02-21 14:00:00,2.6,2.496,799.0,True,True,True,5,ok,1.263,0.0,1.263,0.0,1.233,0.0,0.0,0.0
2024-02-21 15:00:00,2.1,2.016,651.0,True,True,True,6,ok,1.263,0.0,1.263,0.0,0.753,0.0,0.0,0.0
2024-02-21 16:00:00,1.405,1.349,449.0,True,True,False,6,cap_reached,0.0,0.0,0.0,0.0,1.349,0.0,0.0,0.0
2024-02-21 17:00:00,0.609,0.584,217.0,True,True,False,6,cap_reached,0.0,0.0,0.0,0.0,0.584,0.0,0.0,0.0
2024-02-21 18:00:00,0.076,0.073,18.0,False,True,False,6,cap_reached,0.0,0.0,0.0,0.0,0.073,0.0,0.0,0.0
2024-02-21 19:00:00,0.0,0.0,0.0,False,True,False,6,cap_reached,0.0,0.0,0.0,0.0,0.0,0.0,0.0,0.0
2024-02-21 20:00:00,0.0,0.0,0.0,False,True,False,6,cap_reached,0.0,0.0,0.0,0.0,0.0,0.0,0.0,0.0
2024-02-21 21:00:00,0.0,0.0,0.0,False,True,False,6,cap_reached,0.0,0.0,0.0,0.0,0.0,0.0,0.0,0.0
2024-02-21 22:00:00,0.0,0.0,0.0,False,True,False,6,cap_reached,0.0,0.0,0.0,0.0,0.0,0.0,0.0,0.0
2024-02-21 23:00:00,0.0,0.0,0.0,False,True,False,6,cap_reached,0.0,0.0,0.0,0.0,0.0,0.0,0.0,0.0
2024-02-22 00:00:00,0.0,0.0,0.0,False,True,False,0,no_power,0.0,0.0,0.0,0.0,0.0,0.0,0.0,0.0
2024-02-22 01:00:00,0.0,0.0,0.0,False,True,False,0,no_power,0.0,0.0,0.0,0.0,0.0,0.0,0.0,0.0
2024-02-22 02:00:00,0.0,0.0,0.0,False,True,False,0,no_power,0.0,0.0,0.0,0.0,0.0,0.0,0.0,0.0
2024-02-22 03:00:00,0.0,0.0,0.0,False,True,False,0,no_power,0.0,0.0,0.0,0.0,0.0,0.0,0.0,0.0
2024-02-22 04:00:00,0.0,0.0,0.0,False,True,False,0,no_power,0.0,0.0,0.0,0.0,0.0,0.0,0.0,0.0
2024-02-22 05:00:00,0.0,0.0,0.0,False,True,False,0,no_power,0.0,0.0,0.0,0.0,0.0,0.0,0.0,0.0
2024-02-22 06:00:00,0.0,0.0,0.0,False,True,False,0,no_power,0.0,0.0,0.0,0.0,0.0,0.0,0.0,0.0
2024-02-22 07:00:00,0.112,0.107,39.0,True,True,False,0,no_power,0.0,0.0,0.0,0.0,0.0,0.0,0.0,0.0
2024-02-22 08:00:00,0.72,0.691,254.0,True,True,False,0,no_power,0.0,0.0,0.0,0.0,0.0,0.0,0.0,0.0
2024-02-22 09:00:00,1.509,1.448,482.0,True,True,True,1,ok,1.263,0.0,1.263,0.0,0.185,0.0,0.0,0.0
2024-02-22 10:00:00,2.171,2.084,677.0,True,True,True,2,ok,1.263,0.0,1.263,0.0,0.821,0.0,0.0,0.0
2024-02-22 11:00:00,2.635,2.53,815.0,True,True,True,3,ok,1.263,0.0,1.263,0.0,1.267,0.0,0.0,0.0
2024-02-22 12:00:00,2.87,2.755,884.0,True,True,True,4,ok,1.263,0.0,1.263,0.0,1.492,0.0,0.0,0.0
2024-02-22 13:00:00,2.851,2.737,879.0,True,True,True,5,ok,1.263,0.0,1.263,0.0,1.474,0.0,0.0,0.0
2024-02-22 14:00:00,2.583,2.48,800.0,True,True,True,6,ok,1.263,0.0,1.263,0.0,1.217,0.0,0.0,0.0
2024-02-22 15:00:00,2.086,2.003,653.0,True,True,False,6,cap_reached,0.0,0.0,0.0,0.0,2.003,0.0,0.0,0.0
2024-02-22 16:00:00,1.395,1.339,454.0,True,True,False,6,cap_reached,0.0,0.0,0.0,0.0,1.339,0.0,0.0,0.0
2024-02-22 17:00:00,0.603,0.579,223.0,True,True,False,6,cap_reached,0.0,0.0,0.0,0.0,0.579,0.0,0.0,0.0
2024-02-22 18:00:00,0.071,0.068,20.0,False,True,False,6,cap_reached,0.0,0.0,0.0,0.0,0.068,0.0,0.0,0.0
2024-02-22 19:00:00,0.0,0.0,0.0,False,True,False,6,cap_reached,0.0,0.0,0.0,0.0,0.0,0.0,0.0,0.0
2024-02-22 20:00:00,0.0,0.0,0.0,False,True,False,6,cap_reached,0.0,0.0,0.0,0.0,0.0,0.0,0.0,0.0
2024-02-22 21:00:00,0.0,0.0,0.0,False,True,False,6,cap_reached,0.0,0.0,0.0,0.0,0.0,0.0,0.0,0.0
2024-02-22 22:00:00,0.0,0.0,0.0,False,True,False,6,cap_reached,0.0,0.0,0.0,0.0,0.0,0.0,0.0,0.0
2024-02-22 23:00:00,0.0,0.0,0.0,False,True,False,6,cap_reached,0.0,0.0,0.0,0.0,0.0,0.0,0.0,0.0
2024-02-23 00:00:00,0.0,0.0,0.0,False,True,False,0,no_power,0.0,0.0,0.0,0.0,0.0,0.0,0.0,0.0
2024-02-23 01:00:00,0.0,0.0,0.0,False,True,False,0,no_power,0.0,0.0,0.0,0.0,0.0,0.0,0.0,0.0
2024-02-23 02:00:00,0.0,0.0,0.0,False,True,False,0,no_power,0.0,0.0,0.0,0.0,0.0,0.0,0.0,0.0
2024-02-23 03:00:00,0.0,0.0,0.0,False,True,False,0,no_power,0.0,0.0,0.0,0.0,0.0,0.0,0.0,0.0
2024-02-23 04:00:00,0.0,0.0,0.0,False,True,False,0,no_power,0.0,0.0,0.0,0.0,0.0,0.0,0.0,0.0
2024-02-23 05:00:00,0.0,0.0,0.0,False,True,False,0,no_power,0.0,0.0,0.0,0.0,0.0,0.0,0.0,0.0
2024-02-23 06:00:00,0.0,0.0,0.0,False,True,False,0,no_power,0.0,0.0,0.0,0.0,0.0,0.0,0.0,0.0
2024-02-23 07:00:00,0.112,0.107,42.0,True,True,False,0,no_power,0.0,0.0,0.0,0.0,0.0,0.0,0.0,0.0
2024-02-23 08:00:00,0.742,0.712,260.0,True,True,False,0,no_power,0.0,0.0,0.0,0.0,0.0,0.0,0.0,0.0
2024-02-23 09:00:00,1.533,1.472,488.0,True,True,True,1,ok,1.263,0.0,1.263,0.0,0.209,0.0,0.0,0.0
2024-02-23 10:00:00,2.19,2.103,680.0,True,True,True,2,ok,1.263,0.0,1.263,0.0,0.84,0.0,0.0,0.0
2024-02-23 11:00:00,2.212,2.124,493.0,True,True,True,3,ok,1.263,0.0,1.263,0.0,0.861,0.0,0.0,0.0
2024-02-23 12:00:00,2.31,2.218,519.0,True,True,True,4,ok,1.263,0.0,1.263,0.0,0.955,0.0,0.0,0.0
2024-02-23 13:00:00,2.73,2.621,645.0,True,True,True,5,ok,1.263,0.0,1.263,0.0,1.358,0.0,0.0,0.0
2024-02-23 14:00:00,2.383,2.288,545.0,True,True,True,6,ok,1.263,0.0,1.263,0.0,1.025,0.0,0.0,0.0
2024-02-23 15:00:00,2.096,2.013,654.0,True,True,False,6,cap_reached,0.0,0.0,0.0,0.0,2.013,0.0,0.0,0.0
2024-02-23 16:00:00,1.409,1.352,454.0,True,True,False,6,cap_reached,0.0,0.0,0.0,0.0,1.352,0.0,0.0,0.0
2024-02-23 17:00:00,0.619,0.594,224.0,True,True,False,6,cap_reached,0.0,0.0,0.0,0.0,0.594,0.0,0.0,0.0
2024-02-23 18:00:00,0.071,0.068,21.0,False,True,False,6,cap_reached,0.0,0.0,0.0,0.0,0.068,0.0,0.0,0.0
2024-02-23 19:00:00,0.0,0.0,0.0,False,True,False,6,cap_reached,0.0,0.0,0.0,0.0,0.0,0.0,0.0,0.0
2024-02-23 20:00:00,0.0,0.0,0.0,False,True,False,6,cap_reached,0.0,0.0,0.0,0.0,0.0,0.0,0.0,0.0
2024-02-23 21:00:00,0.0,0.0,0.0,False,True,False,6,cap_reached,0.0,0.0,0.0,0.0,0.0,0.0,0.0,0.0
2024-02-23 22:00:00,0.0,0.0,0.0,False,True,False,6,cap_reached,0.0,0.0,0.0,0.0,0.0,0.0,0.0,0.0
2024-02-23 23:00:00,0.0,0.0,0.0,False,True,False,6,cap_reached,0.0,0.0,0.0,0.0,0.0,0.0,0.0,0.0
2024-02-24 00:00:00,0.0,0.0,0.0,False,True,False,0,no_power,0.0,0.0,0.0,0.0,0.0,0.0,0.0,0.0
2024-02-24 01:00:00,0.0,0.0,0.0,False,True,False,0,no_power,0.0,0.0,0.0,0.0,0.0,0.0,0.0,0.0
2024-02-24 02:00:00,0.0,0.0,0.0,False,True,False,0,no_power,0.0,0.0,0.0,0.0,0.0,0.0,0.0,0.0
2024-02-24 03:00:00,0.0,0.0,0.0,False,True,False,0,no_power,0.0,0.0,0.0,0.0,0.0,0.0,0.0,0.0
2024-02-24 04:00:00,0.0,0.0,0.0,False,True,False,0,no_power,0.0,0.0,0.0,0.0,0.0,0.0,0.0,0.0
2024-02-24 05:00:00,0.0,0.0,0.0,False,True,False,0,no_power,0.0,0.0,0.0,0.0,0.0,0.0,0.0,0.0
2024-02-24 06:00:00,0.0,0.0,0.0,False,True,False,0,no_power,0.0,0.0,0.0,0.0,0.0,0.0,0.0,0.0
2024-02-24 07:00:00,0.121,0.116,41.0,True,True,False,0,no_power,0.0,0.0,0.0,0.0,0.0,0.0,0.0,0.0
2024-02-24 08:00:00,0.536,0.514,110.0,True,True,False,0,no_power,0.0,0.0,0.0,0.0,0.0,0.0,0.0,0.0
2024-02-24 09:00:00,1.367,1.312,319.0,True,True,True,1,ok,1.263,0.0,1.263,0.0,0.049,0.0,0.0,0.0
2024-02-24 10:00:00,0.299,0.287,60.0,True,True,False,1,no_power,0.0,0.0,0.0,0.0,0.0,0.0,0.0,0.0
2024-02-24 11:00:00,0.59,0.566,119.0,True,True,False,1,no_power,0.0,0.0,0.0,0.0,0.0,0.0,0.0,0.0
2024-02-24 12:00:00,0.536,0.515,109.0,True,True,False,1,no_power,0.0,0.0,0.0,0.0,0.0,0.0,0.0,0.0
2024-02-24 13:00:00,1.657,1.59,349.0,True,True,True,2,ok,1.263,0.0,1.263,0.0,0.327,0.0,0.0,0.0
2024-02-24 14:00:00,1.613,1.548,343.0,True,True,True,3,ok,1.263,0.0,1.263,0.0,0.285,0.0,0.0,0.0
2024-02-24 15:00:00,1.187,1.14,248.0,True,True,False,3,no_power,0.0,0.0,0.0,0.0,0.0,0.0,0.0,0.0
2024-02-24 16:00:00,1.417,1.361,438.0,True,True,True,4,ok,1.263,0.0,1.263,0.0,0.098,0.0,0.0,0.0
2024-02-24 17:00:00,0.644,0.618,216.0,True,True,False,4,no_power,0.0,0.0,0.0,0.0,0.0,0.0,0.0,0.0
2024-02-24 18:00:00,0.081,0.078,21.0,False,True,False,4,no_power,0.0,0.0,0.0,0.0,0.0,0.0,0.0,0.0
2024-02-24 19:00:00,0.0,0.0,0.0,False,True,False,4,no_power,0.0,0.0,0.0,0.0,0.0,0.0,0.0,0.0
2024-02-24 20:00:00,0.0,0.0,0.0,False,True,False,4,no_power,0.0,0.0,0.0,0.0,0.0,0.0,0.0,0.0
2024-02-24 21:00:00,0.0,0.0,0.0,False,True,False,4,no_power,0.0,0.0,0.0,0.0,0.0,0.0,0.0,0.0
2024-02-24 22:00:00,0.0,0.0,0.0,False,True,False,4,no_power,0.0,0.0,0.0,0.0,0.0,0.0,0.0,0.0
2024-02-24 23:00:00,0.0,0.0,0.0,False,True,False,4,no_power,0.0,0.0,0.0,0.0,0.0,0.0,0.0,0.0
2024-02-25 00:00:00,0.0,0.0,0.0,False,True,False,0,no_power,0.0,0.0,0.0,0.0,0.0,0.0,0.0,0.0
2024-02-25 01:00:00,0.0,0.0,0.0,False,True,False,0,no_power,0.0,0.0,0.0,0.0,0.0,0.0,0.0,0.0
2024-02-25 02:00:00,0.0,0.0,0.0,False,True,False,0,no_power,0.0,0.0,0.0,0.0,0.0,0.0,0.0,0.0
2024-02-25 03:00:00,0.0,0.0,0.0,False,True,False,0,no_power,0.0,0.0,0.0,0.0,0.0,0.0,0.0,0.0
2024-02-25 04:00:00,0.0,0.0,0.0,False,True,False,0,no_power,0.0,0.0,0.0,0.0,0.0,0.0,0.0,0.0
2024-02-25 05:00:00,0.0,0.0,0.0,False,True,False,0,no_power,0.0,0.0,0.0,0.0,0.0,0.0,0.0,0.0
2024-02-25 06:00:00,0.0,0.0,0.0,False,True,False,0,no_power,0.0,0.0,0.0,0.0,0.0,0.0,0.0,0.0
2024-02-25 07:00:00,0.132,0.127,45.0,True,True,False,0,no_power,0.0,0.0,0.0,0.0,0.0,0.0,0.0,0.0
2024-02-25 08:00:00,0.819,0.786,265.0,True,True,False,0,no_power,0.0,0.0,0.0,0.0,0.0,0.0,0.0,0.0
2024-02-25 09:00:00,1.63,1.565,500.0,True,True,True,1,ok,1.263,0.0,1.263,0.0,0.302,0.0,0.0,0.0
2024-02-25 10:00:00,2.313,2.22,700.0,True,True,True,2,ok,1.263,0.0,1.263,0.0,0.957,0.0,0.0,0.0
2024-02-25 11:00:00,2.781,2.67,837.0,True,True,True,3,ok,1.263,0.0,1.263,0.0,1.407,0.0,0.0,0.0
2024-02-25 12:00:00,3.012,2.891,907.0,True,True,True,4,ok,1.263,0.0,1.263,0.0,1.628,0.0,0.0,0.0
2024-02-25 13:00:00,2.99,2.87,902.0,True,True,True,5,ok,1.263,0.0,1.263,0.0,1.607,0.0,0.0,0.0
2024-02-25 14:00:00,2.702,2.594,817.0,True,True,True,6,ok,1.263,0.0,1.263,0.0,1.331,0.0,0.0,0.0
2024-02-25 15:00:00,2.193,2.106,667.0,True,True,False,6,cap_reached,0.0,0.0,0.0,0.0,2.106,0.0,0.0,0.0
2024-02-25 16:00:00,1.493,1.433,463.0,True,True,False,6,cap_reached,0.0,0.0,0.0,0.0,1.433,0.0,0.0,0.0
2024-02-25 17:00:00,0.679,0.652,228.0,True,True,False,6,cap_reached,0.0,0.0,0.0,0.0,0.652,0.0,0.0,0.0
2024-02-25 18:00:00,0.081,0.078,22.0,False,True,False,6,cap_reached,0.0,0.0,0.0,0.0,0.078,0.0,0.0,0.0
2024-02-25 19:00:00,0.0,0.0,0.0,False,True,False,6,cap_reached,0.0,0.0,0.0,0.0,0.0,0.0,0.0,0.0
2024-02-25 20:00:00,0.0,0.0,0.0,False,True,False,6,cap_reached,0.0,0.0,0.0,0.0,0.0,0.0,0.0,0.0
2024-02-25 21:00:00,0.0,0.0,0.0,False,True,False,6,cap_reached,0.0,0.0,0.0,0.0,0.0,0.0,0.0,0.0
2024-02-25 22:00:00,0.0,0.0,0.0,False,True,False,6,cap_reached,0.0,0.0,0.0,0.0,0.0,0.0,0.0,0.0
2024-02-25 23:00:00,0.0,0.0,0.0,False,True,False,6,cap_reached,0.0,0.0,0.0,0.0,0.0,0.0,0.0,0.0
2024-02-26 00:00:00,0.0,0.0,0.0,False,True,False,0,no_power,0.0,0.0,0.0,0.0,0.0,0.0,0.0,0.0
2024-02-26 01:00:00,0.0,0.0,0.0,False,True,False,0,no_power,0.0,0.0,0.0,0.0,0.0,0.0,0.0,0.0
2024-02-26 02:00:00,0.0,0.0,0.0,False,True,False,0,no_power,0.0,0.0,0.0,0.0,0.0,0.0,0.0,0.0
2024-02-26 03:00:00,0.0,0.0,0.0,False,True,False,0,no_power,0.0,0.0,0.0,0.0,0.0,0.0,0.0,0.0
2024-02-26 04:00:00,0.0,0.0,0.0,False,True,False,0,no_power,0.0,0.0,0.0,0.0,0.0,0.0,0.0,0.0
2024-02-26 05:00:00,0.0,0.0,0.0,False,True,False,0,no_power,0.0,0.0,0.0,0.0,0.0,0.0,0.0,0.0
2024-02-26 06:00:00,0.0,0.0,0.0,False,True,False,0,no_power,0.0,0.0,0.0,0.0,0.0,0.0,0.0,0.0
2024-02-26 07:00:00,0.132,0.127,46.0,True,True,False,0,no_power,0.0,0.0,0.0,0.0,0.0,0.0,0.0,0.0
2024-02-26 08:00:00,0.827,0.794,264.0,True,True,False,0,no_power,0.0,0.0,0.0,0.0,0.0,0.0,0.0,0.0
2024-02-26 09:00:00,1.628,1.563,494.0,True,True,True,1,ok,1.263,0.0,1.263,0.0,0.3,0.0,0.0,0.0
2024-02-26 10:00:00,2.306,2.214,694.0,True,True,True,2,ok,1.263,0.0,1.263,0.0,0.951,0.0,0.0,0.0
2024-02-26 11:00:00,2.487,2.387,564.0,True,True,True,3,ok,1.263,0.0,1.263,0.0,1.124,0.0,0.0,0.0
2024-02-26 12:00:00,3.007,2.887,904.0,True,True,True,4,ok,1.263,0.0,1.263,0.0,1.624,0.0,0.0,0.0
2024-02-26 13:00:00,2.982,2.863,900.0,True,True,True,5,ok,1.263,0.0,1.263,0.0,1.6,0.0,0.0,0.0
2024-02-26 14:00:00,2.707,2.599,819.0,True,True,True,6,ok,1.263,0.0,1.263,0.0,1.336,0.0,0.0,0.0
2024-02-26 15:00:00,2.196,2.109,667.0,True,True,False,6,cap_reached,0.0,0.0,0.0,0.0,2.109,0.0,0.0,0.0
2024-02-26 16:00:00,1.497,1.438,463.0,True,True,False,6,cap_reached,0.0,0.0,0.0,0.0,1.438,0.0,0.0,0.0
2024-02-26 17:00:00,0.688,0.66,229.0,True,True,False,6,cap_reached,0.0,0.0,0.0,0.0,0.66,0.0,0.0,0.0
2024-02-26 18:00:00,0.081,0.078,23.0,False,True,False,6,cap_reached,0.0,0.0,0.0,0.0,0.078,0.0,0.0,0.0
2024-02-26 19:00:00,0.0,0.0,0.0,False,True,False,6,cap_reached,0.0,0.0,0.0,0.0,0.0,0.0,0.0,0.0
2024-02-26 20:00:00,0.0,0.0,0.0,False,True,False,6,cap_reached,0.0,0.0,0.0,0.0,0.0,0.0,0.0,0.0
2024-02-26 21:00:00,0.0,0.0,0.0,False,True,False,6,cap_reached,0.0,0.0,0.0,0.0,0.0,0.0,0.0,0.0
2024-02-26 22:00:00,0.0,0.0,0.0,False,True,False,6,cap_reached,0.0,0.0,0.0,0.0,0.0,0.0,0.0,0.0
2024-02-26 23:00:00,0.0,0.0,0.0,False,True,False,6,cap_reached,0.0,0.0,0.0,0.0,0.0,0.0,0.0,0.0
2024-02-27 00:00:00,0.0,0.0,0.0,False,True,False,0,no_power,0.0,0.0,0.0,0.0,0.0,0.0,0.0,0.0
2024-02-27 01:00:00,0.0,0.0,0.0,False,True,False,0,no_power,0.0,0.0,0.0,0.0,0.0,0.0,0.0,0.0
2024-02-27 02:00:00,0.0,0.0,0.0,False,True,False,0,no_power,0.0,0.0,0.0,0.0,0.0,0.0,0.0,0.0
2024-02-27 03:00:00,0.0,0.0,0.0,False,True,False,0,no_power,0.0,0.0,0.0,0.0,0.0,0.0,0.0,0.0
2024-02-27 04:00:00,0.0,0.0,0.0,False,True,False,0,no_power,0.0,0.0,0.0,0.0,0.0,0.0,0.0,0.0
2024-02-27 05:00:00,0.0,0.0,0.0,False,True,False,0,no_power,0.0,0.0,0.0,0.0,0.0,0.0,0.0,0.0
2024-02-27 06:00:00,0.0,0.0,0.0,False,True,False,0,no_power,0.0,0.0,0.0,0.0,0.0,0.0,0.0,0.0
2024-02-27 07:00:00,0.121,0.116,24.0,True,True,False,0,no_power,0.0,0.0,0.0,0.0,0.0,0.0,0.0,0.0
2024-02-27 08:00:00,0.838,0.805,269.0,True,True,False,0,no_power,0.0,0.0,0.0,0.0,0.0,0.0,0.0,0.0
2024-02-27 09:00:00,1.637,1.572,500.0,True,True,True,1,ok,1.263,0.0,1.263,0.0,0.309,0.0,0.0,0.0
2024-02-27 10:00:00,2.307,2.215,694.0,True,True,True,2,ok,1.263,0.0,1.263,0.0,0.952,0.0,0.0,0.0
2024-02-27 11:00:00,2.771,2.661,833.0,True,True,True,3,ok,1.263,0.0,1.263,0.0,1.398,0.0,0.0,0.0
2024-02-27 12:00:00,2.994,2.874,900.0,True,True,True,4,ok,1.263,0.0,1.263,0.0,1.611,0.0,0.0,0.0
2024-02-27 13:00:00,2.969,2.851,895.0,True,True,True,5,ok,1.263,0.0,1.263,0.0,1.588,0.0,0.0,0.0
2024-02-27 14:00:00,2.697,2.589,814.0,True,True,True,6,ok,1.263,0.0,1.263,0.0,1.326,0.0,0.0,0.0
2024-02-27 15:00:00,2.195,2.107,666.0,True,True,False,6,cap_reached,0.0,0.0,0.0,0.0,2.107,0.0,0.0,0.0
2024-02-27 16:00:00,1.494,1.434,465.0,True,True,False,6,cap_reached,0.0,0.0,0.0,0.0,1.434,0.0,0.0,0.0
2024-02-27 17:00:00,0.69,0.662,232.0,True,True,False,6,cap_reached,0.0,0.0,0.0,0.0,0.662,0.0,0.0,0.0
2024-02-27 18:00:00,0.081,0.077,25.0,False,True,False,6,cap_reached,0.0,0.0,0.0,0.0,0.077,0.0,0.0,0.0
2024-02-27 19:00:00,0.0,0.0,0.0,False,True,False,6,cap_reached,0.0,0.0,0.0,0.0,0.0,0.0,0.0,0.0
2024-02-27 20:00:00,0.0,0.0,0.0,False,True,False,6,cap_reached,0.0,0.0,0.0,0.0,0.0,0.0,0.0,0.0
2024-02-27 21:00:00,0.0,0.0,0.0,False,True,False,6,cap_reached,0.0,0.0,0.0,0.0,0.0,0.0,0.0,0.0
2024-02-27 22:00:00,0.0,0.0,0.0,False,True,False,6,cap_reached,0.0,0.0,0.0,0.0,0.0,0.0,0.0,0.0
2024-02-27 23:00:00,0.0,0.0,0.0,False,True,False,6,cap_reached,0.0,0.0,0.0,0.0,0.0,0.0,0.0,0.0
2024-02-28 00:00:00,0.0,0.0,0.0,False,True,False,0,no_power,0.0,0.0,0.0,0.0,0.0,0.0,0.0,0.0
2024-02-28 01:00:00,0.0,0.0,0.0,False,True,False,0,no_power,0.0,0.0,0.0,0.0,0.0,0.0,0.0,0.0
2024-02-28 02:00:00,0.0,0.0,0.0,False,True,False,0,no_power,0.0,0.0,0.0,0.0,0.0,0.0,0.0,0.0
2024-02-28 03:00:00,0.0,0.0,0.0,False,True,False,0,no_power,0.0,0.0,0.0,0.0,0.0,0.0,0.0,0.0
2024-02-28 04:00:00,0.0,0.0,0.0,False,True,False,0,no_power,0.0,0.0,0.0,0.0,0.0,0.0,0.0,0.0
2024-02-28 05:00:00,0.0,0.0,0.0,False,True,False,0,no_power,0.0,0.0,0.0,0.0,0.0,0.0,0.0,0.0
2024-02-28 06:00:00,0.0,0.0,0.0,False,True,False,0,no_power,0.0,0.0,0.0,0.0,0.0,0.0,0.0,0.0
2024-02-28 07:00:00,0.137,0.131,52.0,True,True,False,0,no_power,0.0,0.0,0.0,0.0,0.0,0.0,0.0,0.0
2024-02-28 08:00:00,0.853,0.819,271.0,True,True,False,0,no_power,0.0,0.0,0.0,0.0,0.0,0.0,0.0,0.0
2024-02-28 09:00:00,1.645,1.58,498.0,True,True,True,1,ok,1.263,0.0,1.263,0.0,0.317,0.0,0.0,0.0
2024-02-28 10:00:00,2.305,2.212,694.0,True,True,True,2,ok,1.263,0.0,1.263,0.0,0.949,0.0,0.0,0.0
2024-02-28 11:00:00,2.76,2.649,829.0,True,True,True,3,ok,1.263,0.0,1.263,0.0,1.386,0.0,0.0,0.0
2024-02-28 12:00:00,2.986,2.867,897.0,True,True,True,4,ok,1.263,0.0,1.263,0.0,1.604,0.0,0.0,0.0
2024-02-28 13:00:00,2.956,2.838,886.0,True,True,True,5,ok,1.263,0.0,1.263,0.0,1.575,0.0,0.0,0.0
2024-02-28 14:00:00,2.685,2.577,806.0,True,True,True,6,ok,1.263,0.0,1.263,0.0,1.314,0.0,0.0,0.0
2024-02-28 15:00:00,2.186,2.099,659.0,True,True,False,6,cap_reached,0.0,0.0,0.0,0.0,2.099,0.0,0.0,0.0
2024-02-28 16:00:00,1.497,1.437,457.0,True,True,False,6,cap_reached,0.0,0.0,0.0,0.0,1.437,0.0,0.0,0.0
2024-02-28 17:00:00,0.706,0.677,228.0,True,True,False,6,cap_reached,0.0,0.0,0.0,0.0,0.677,0.0,0.0,0.0
2024-02-28 18:00:00,0.09,0.087,25.0,False,True,False,6,cap_reached,0.0,0.0,0.0,0.0,0.087,0.0,0.0,0.0
2024-02-28 19:00:00,0.0,0.0,0.0,False,True,False,6,cap_reached,0.0,0.0,0.0,0.0,0.0,0.0,0.0,0.0
2024-02-28 20:00:00,0.0,0.0,0.0,False,True,False,6,cap_reached,0.0,0.0,0.0,0.0,0.0,0.0,0.0,0.0
2024-02-28 21:00:00,0.0,0.0,0.0,False,True,False,6,cap_reached,0.0,0.0,0.0,0.0,0.0,0.0,0.0,0.0
2024-02-28 22:00:00,0.0,0.0,0.0,False,True,False,6,cap_reached,0.0,0.0,0.0,0.0,0.0,0.0,0.0,0.0
2024-02-28 23:00:00,0.0,0.0,0.0,False,True,False,6,cap_reached,0.0,0.0,0.0,0.0,0.0,0.0,0.0,0.0
2024-03-01 00:00:00,0.0,0.0,0.0,False,True,False,0,no_power,0.0,0.0,0.0,0.0,0.0,0.0,0.0,0.0
2024-03-01 01:00:00,0.0,0.0,0.0,False,True,False,0,no_power,0.0,0.0,0.0,0.0,0.0,0.0,0.0,0.0
2024-03-01 02:00:00,0.0,0.0,0.0,False,True,False,0,no_power,0.0,0.0,0.0,0.0,0.0,0.0,0.0,0.0
2024-03-01 03:00:00,0.0,0.0,0.0,False,True,False,0,no_power,0.0,0.0,0.0,0.0,0.0,0.0,0.0,0.0
2024-03-01 04:00:00,0.0,0.0,0.0,False,True,False,0,no_power,0.0,0.0,0.0,0.0,0.0,0.0,0.0,0.0
2024-03-01 05:00:00,0.0,0.0,0.0,False,True,False,0,no_power,0.0,0.0,0.0,0.0,0.0,0.0,0.0,0.0
2024-03-01 06:00:00,0.0,0.0,0.0,False,True,False,0,no_power,0.0,0.0,0.0,0.0,0.0,0.0,0.0,0.0
2024-03-01 07:00:00,0.145,0.139,29.0,True,True,False,0,no_power,0.0,0.0,0.0,0.0,0.0,0.0,0.0,0.0
2024-03-01 08:00:00,0.752,0.722,154.0,True,True,False,0,no_power,0.0,0.0,0.0,0.0,0.0,0.0,0.0,0.0
2024-03-01 09:00:00,0.982,0.942,201.0,True,True,False,0,no_power,0.0,0.0,0.0,0.0,0.0,0.0,0.0,0.0
2024-03-01 10:00:00,2.037,1.955,454.0,True,True,True,1,ok,1.263,0.0,1.263,0.0,0.692,0.0,0.0,0.0
2024-03-01 11:00:00,2.374,2.28,574.0,True,True,True,2,ok,1.263,0.0,1.263,0.0,1.017,0.0,0.0,0.0
2024-03-01 12:00:00,3.088,2.964,819.0,True,True,True,3,ok,1.263,0.0,1.263,0.0,1.701,0.0,0.0,0.0
2024-03-01 13:00:00,2.613,2.508,666.0,True,True,True,4,ok,1.263,0.0,1.263,0.0,1.245,0.0,0.0,0.0
2024-03-01 14:00:00,2.183,2.095,509.0,True,True,True,5,ok,1.263,0.0,1.263,0.0,0.832,0.0,0.0,0.0
2024-03-01 15:00:00,1.513,1.452,333.0,True,True,True,6,ok,1.263,0.0,1.263,0.0,0.189,0.0,0.0,0.0
2024-03-01 16:00:00,0.65,0.624,133.0,True,True,False,6,cap_reached,0.0,0.0,0.0,0.0,0.624,0.0,0.0,0.0
2024-03-01 17:00:00,0.759,0.729,169.0,True,True,False,6,cap_reached,0.0,0.0,0.0,0.0,0.729,0.0,0.0,0.0
2024-03-01 18:00:00,0.09,0.086,18.0,False,True,False,6,cap_reached,0.0,0.0,0.0,0.0,0.086,0.0,0.0,0.0
2024-03-01 19:00:00,0.0,0.0,0.0,False,True,False,6,cap_reached,0.0,0.0,0.0,0.0,0.0,0.0,0.0,0.0
2024-03-01 20:00:00,0.0,0.0,0.0,False,True,False,6,cap_reached,0.0,0.0,0.0,0.0,0.0,0.0,0.0,0.0
2024-03-01 21:00:00,0.0,0.0,0.0,False,True,False,6,cap_reached,0.0,0.0,0.0,0.0,0.0,0.0,0.0,0.0
2024-03-01 22:00:00,0.0,0.0,0.0,False,True,False,6,cap_reached,0.0,0.0,0.0,0.0,0.0,0.0,0.0,0.0
2024-03-01 23:00:00,0.0,0.0,0.0,False,True,False,6,cap_reached,0.0,0.0,0.0,0.0,0.0,0.0,0.0,0.0
2024-03-02 00:00:00,0.0,0.0,0.0,False,True,False,0,no_power,0.0,0.0,0.0,0.0,0.0,0.0,0.0,0.0
2024-03-02 01:00:00,0.0,0.0,0.0,False,True,False,0,no_power,0.0,0.0,0.0,0.0,0.0,0.0,0.0,0.0
2024-03-02 02:00:00,0.0,0.0,0.0,False,True,False,0,no_power,0.0,0.0,0.0,0.0,0.0,0.0,0.0,0.0
2024-03-02 03:00:00,0.0,0.0,0.0,False,True,False,0,no_power,0.0,0.0,0.0,0.0,0.0,0.0,0.0,0.0
2024-03-02 04:00:00,0.0,0.0,0.0,False,True,False,0,no_power,0.0,0.0,0.0,0.0,0.0,0.0,0.0,0.0
2024-03-02 05:00:00,0.0,0.0,0.0,False,True,False,0,no_power,0.0,0.0,0.0,0.0,0.0,0.0,0.0,0.0
2024-03-02 06:00:00,0.0,0.0,0.0,False,True,False,0,no_power,0.0,0.0,0.0,0.0,0.0,0.0,0.0,0.0
2024-03-02 07:00:00,0.221,0.212,46.0,True,True,False,0,no_power,0.0,0.0,0.0,0.0,0.0,0.0,0.0,0.0
2024-03-02 08:00:00,0.927,0.89,238.0,True,True,False,0,no_power,0.0,0.0,0.0,0.0,0.0,0.0,0.0,0.0
2024-03-02 09:00:00,1.577,1.514,410.0,True,True,True,1,ok,1.263,0.0,1.263,0.0,0.251,0.0,0.0,0.0
2024-03-02 10:00:00,1.62,1.555,349.0,True,True,True,2,ok,1.263,0.0,1.263,0.0,0.292,0.0,0.0,0.0
2024-03-02 11:00:00,2.245,2.155,544.0,True,True,True,3,ok,1.263,0.0,1.263,0.0,0.892,0.0,0.0,0.0
2024-03-02 12:00:00,2.786,2.675,800.0,True,True,True,4,ok,1.263,0.0,1.263,0.0,1.412,0.0,0.0,0.0
2024-03-02 13:00:00,2.538,2.436,639.0,True,True,True,5,ok,1.263,0.0,1.263,0.0,1.173,0.0,0.0,0.0
2024-03-02 14:00:00,2.41,2.313,619.0,True,True,True,6,ok,1.263,0.0,1.263,0.0,1.05,0.0,0.0,0.0
2024-03-02 15:00:00,1.903,1.826,467.0,True,True,False,6,cap_reached,0.0,0.0,0.0,0.0,1.826,0.0,0.0,0.0
2024-03-02 16:00:00,1.062,1.02,227.0,True,True,False,6,cap_reached,0.0,0.0,0.0,0.0,1.02,0.0,0.0,0.0
2024-03-02 17:00:00,0.696,0.668,153.0,True,True,False,6,cap_reached,0.0,0.0,0.0,0.0,0.668,0.0,0.0,0.0
2024-03-02 18:00:00,0.1,0.096,20.0,False,True,False,6,cap_reached,0.0,0.0,0.0,0.0,0.096,0.0,0.0,0.0
2024-03-02 19:00:00,0.0,0.0,0.0,False,True,False,6,cap_reached,0.0,0.0,0.0,0.0,0.0,0.0,0.0,0.0
2024-03-02 20:00:00,0.0,0.0,0.0,False,True,False,6,cap_reached,0.0,0.0,0.0,0.0,0.0,0.0,0.0,0.0
2024-03-02 21:00:00,0.0,0.0,0.0,False,True,False,6,cap_reached,0.0,0.0,0.0,0.0,0.0,0.0,0.0,0.0
2024-03-02 22:00:00,0.0,0.0,0.0,False,True,False,6,cap_reached,0.0,0.0,0.0,0.0,0.0,0.0,0.0,0.0
2024-03-02 23:00:00,0.0,0.0,0.0,False,True,False,6,cap_reached,0.0,0.0,0.0,0.0,0.0,0.0,0.0,0.0
2024-03-03 00:00:00,0.0,0.0,0.0,False,True,False,0,no_power,0.0,0.0,0.0,0.0,0.0,0.0,0.0,0.0
2024-03-03 01:00:00,0.0,0.0,0.0,False,True,False,0,no_power,0.0,0.0,0.0,0.0,0.0,0.0,0.0,0.0
2024-03-03 02:00:00,0.0,0.0,0.0,False,True,False,0,no_power,0.0,0.0,0.0,0.0,0.0,0.0,0.0,0.0
2024-03-03 03:00:00,0.0,0.0,0.0,False,True,False,0,no_power,0.0,0.0,0.0,0.0,0.0,0.0,0.0,0.0
2024-03-03 04:00:00,0.0,0.0,0.0,False,True,False,0,no_power,0.0,0.0,0.0,0.0,0.0,0.0,0.0,0.0
2024-03-03 05:00:00,0.0,0.0,0.0,False,True,False,0,no_power,0.0,0.0,0.0,0.0,0.0,0.0,0.0,0.0
2024-03-03 06:00:00,0.0,0.0,0.0,False,True,False,0,no_power,0.0,0.0,0.0,0.0,0.0,0.0,0.0,0.0
2024-03-03 07:00:00,0.186,0.178,58.0,True,True,False,0,no_power,0.0,0.0,0.0,0.0,0.0,0.0,0.0,0.0
2024-03-03 08:00:00,0.665,0.639,138.0,True,True,False,0,no_power,0.0,0.0,0.0,0.0,0.0,0.0,0.0,0.0
2024-03-03 09:00:00,0.799,0.768,164.0,True,True,False,0,no_power,0.0,0.0,0.0,0.0,0.0,0.0,0.0,0.0
2024-03-03 10:00:00,1.504,1.444,322.0,True,True,True,1,ok,1.263,0.0,1.263,0.0,0.181,0.0,0.0,0.0
2024-03-03 11:00:00,2.468,2.369,644.0,True,True,True,2,ok,1.263,0.0,1.263,0.0,1.106,0.0,0.0,0.0
2024-03-03 12:00:00,2.182,2.095,477.0,True,True,True,3,ok,1.263,0.0,1.263,0.0,0.832,0.0,0.0,0.0
2024-03-03 13:00:00,2.642,2.537,704.0,True,True,True,4,ok,1.263,0.0,1.263,0.0,1.274,0.0,0.0,0.0
2024-03-03 14:00:00,1.88,1.805,412.0,True,True,True,5,ok,1.263,0.0,1.263,0.0,0.542,0.0,0.0,0.0
2024-03-03 15:00:00,0.09,0.086,18.0,False,True,False,5,no_power,0.0,0.0,0.0,0.0,0.0,0.0,0.0,0.0
2024-03-03 16:00:00,0.583,0.559,119.0,True,True,False,5,no_power,0.0,0.0,0.0,0.0,0.0,0.0,0.0,0.0
2024-03-03 17:00:00,0.732,0.703,159.0,True,True,False,5,no_power,0.0,0.0,0.0,0.0,0.0,0.0,0.0,0.0
2024-03-03 18:00:00,0.1,0.096,27.0,True,True,False,5,no_power,0.0,0.0,0.0,0.0,0.0,0.0,0.0,0.0
2024-03-03 19:00:00,0.0,0.0,0.0,False,True,False,5,no_power,0.0,0.0,0.0,0.0,0.0,0.0,0.0,0.0
2024-03-03 20:00:00,0.0,0.0,0.0,False,True,False,5,no_power,0.0,0.0,0.0,0.0,0.0,0.0,0.0,0.0
2024-03-03 21:00:00,0.0,0.0,0.0,False,True,False,5,no_power,0.0,0.0,0.0,0.0,0.0,0.0,0.0,0.0
2024-03-03 22:00:00,0.0,0.0,0.0,False,True,False,5,no_power,0.0,0.0,0.0,0.0,0.0,0.0,0.0,0.0
2024-03-03 23:00:00,0.0,0.0,0.0,False,True,False,5,no_power,0.0,0.0,0.0,0.0,0.0,0.0,0.0,0.0
2024-03-04 00:00:00,0.0,0.0,0.0,False,True,False,0,no_power,0.0,0.0,0.0,0.0,0.0,0.0,0.0,0.0
2024-03-04 01:00:00,0.0,0.0,0.0,False,True,False,0,no_power,0.0,0.0,0.0,0.0,0.0,0.0,0.0,0.0
2024-03-04 02:00:00,0.0,0.0,0.0,False,True,False,0,no_power,0.0,0.0,0.0,0.0,0.0,0.0,0.0,0.0
2024-03-04 03:00:00,0.0,0.0,0.0,False,True,False,0,no_power,0.0,0.0,0.0,0.0,0.0,0.0,0.0,0.0
2024-03-04 04:00:00,0.0,0.0,0.0,False,True,False,0,no_power,0.0,0.0,0.0,0.0,0.0,0.0,0.0,0.0
2024-03-04 05:00:00,0.0,0.0,0.0,False,True,False,0,no_power,0.0,0.0,0.0,0.0,0.0,0.0,0.0,0.0
2024-03-04 06:00:00,0.0,0.0,0.0,False,True,False,0,no_power,0.0,0.0,0.0,0.0,0.0,0.0,0.0,0.0
2024-03-04 07:00:00,0.203,0.195,58.0,True,True,False,0,no_power,0.0,0.0,0.0,0.0,0.0,0.0,0.0,0.0
2024-03-04 08:00:00,0.881,0.846,185.0,True,True,False,0,no_power,0.0,0.0,0.0,0.0,0.0,0.0,0.0,0.0
2024-03-04 09:00:00,1.72,1.652,493.0,True,True,True,1,ok,1.263,0.0,1.263,0.0,0.389,0.0,0.0,0.0
2024-03-04 10:00:00,2.119,2.034,537.0,True,True,True,2,ok,1.263,0.0,1.263,0.0,0.771,0.0,0.0,0.0
2024-03-04 11:00:00,2.81,2.698,822.0,True,True,True,3,ok,1.263,0.0,1.263,0.0,1.435,0.0,0.0,0.0
2024-03-04 12:00:00,2.634,2.529,676.0,True,True,True,4,ok,1.263,0.0,1.263,0.0,1.266,0.0,0.0,0.0
2024-03-04 13:00:00,0.134,0.129,27.0,True,True,False,4,no_power,0.0,0.0,0.0,0.0,0.0,0.0,0.0,0.0
2024-03-04 14:00:00,0.292,0.28,59.0,True,True,False,4,no_power,0.0,0.0,0.0,0.0,0.0,0.0,0.0,0.0
2024-03-04 15:00:00,0.458,0.439,93.0,True,True,False,4,no_power,0.0,0.0,0.0,0.0,0.0,0.0,0.0,0.0
2024-03-04 16:00:00,1.562,1.5,449.0,True,True,True,5,ok,1.263,0.0,1.263,0.0,0.237,0.0,0.0,0.0
2024-03-04 17:00:00,0.773,0.742,224.0,True,True,False,5,no_power,0.0,0.0,0.0,0.0,0.0,0.0,0.0,0.0
2024-03-04 18:00:00,0.105,0.101,27.0,True,True,False,5,no_power,0.0,0.0,0.0,0.0,0.0,0.0,0.0,0.0
2024-03-04 19:00:00,0.0,0.0,0.0,False,True,False,5,no_power,0.0,0.0,0.0,0.0,0.0,0.0,0.0,0.0
2024-03-04 20:00:00,0.0,0.0,0.0,False,True,False,5,no_power,0.0,0.0,0.0,0.0,0.0,0.0,0.0,0.0
2024-03-04 21:00:00,0.0,0.0,0.0,False,True,False,5,no_power,0.0,0.0,0.0,0.0,0.0,0.0,0.0,0.0
2024-03-04 22:00:00,0.0,0.0,0.0,False,True,False,5,no_power,0.0,0.0,0.0,0.0,0.0,0.0,0.0,0.0
2024-03-04 23:00:00,0.0,0.0,0.0,False,True,False,5,no_power,0.0,0.0,0.0,0.0,0.0,0.0,0.0,0.0
2024-03-05 00:00:00,0.0,0.0,0.0,False,True,False,0,no_power,0.0,0.0,0.0,0.0,0.0,0.0,0.0,0.0
2024-03-05 01:00:00,0.0,0.0,0.0,False,True,False,0,no_power,0.0,0.0,0.0,0.0,0.0,0.0,0.0,0.0
2024-03-05 02:00:00,0.0,0.0,0.0,False,True,False,0,no_power,0.0,0.0,0.0,0.0,0.0,0.0,0.0,0.0
2024-03-05 03:00:00,0.0,0.0,0.0,False,True,False,0,no_power,0.0,0.0,0.0,0.0,0.0,0.0,0.0,0.0
2024-03-05 04:00:00,0.0,0.0,0.0,False,True,False,0,no_power,0.0,0.0,0.0,0.0,0.0,0.0,0.0,0.0
2024-03-05 05:00:00,0.0,0.0,0.0,False,True,False,0,no_power,0.0,0.0,0.0,0.0,0.0,0.0,0.0,0.0
2024-03-05 06:00:00,0.0,0.0,0.0,False,True,False,0,no_power,0.0,0.0,0.0,0.0,0.0,0.0,0.0,0.0
2024-03-05 07:00:00,0.272,0.261,59.0,True,True,False,0,no_power,0.0,0.0,0.0,0.0,0.0,0.0,0.0,0.0
2024-03-05 08:00:00,0.962,0.923,244.0,True,True,False,0,no_power,0.0,0.0,0.0,0.0,0.0,0.0,0.0,0.0
2024-03-05 09:00:00,1.617,1.553,413.0,True,True,True,1,ok,1.263,0.0,1.263,0.0,0.29,0.0,0.0,0.0
2024-03-05 10:00:00,2.379,2.284,688.0,True,True,True,2,ok,1.263,0.0,1.263,0.0,1.021,0.0,0.0,0.0
2024-03-05 11:00:00,2.452,2.354,562.0,True,True,True,3,ok,1.263,0.0,1.263,0.0,1.091,0.0,0.0,0.0
2024-03-05 12:00:00,2.456,2.357,558.0,True,True,True,4,ok,1.263,0.0,1.263,0.0,1.094,0.0,0.0,0.0
2024-03-05 13:00:00,2.786,2.675,662.0,True,True,True,5,ok,1.263,0.0,1.263,0.0,1.412,0.0,0.0,0.0
2024-03-05 14:00:00,2.742,2.632,797.0,True,True,True,6,ok,1.263,0.0,1.263,0.0,1.369,0.0,0.0,0.0
2024-03-05 15:00:00,2.246,2.156,557.0,True,True,False,6,cap_reached,0.0,0.0,0.0,0.0,2.156,0.0,0.0,0.0
2024-03-05 16:00:00,0.355,0.341,72.0,True,True,False,6,cap_reached,0.0,0.0,0.0,0.0,0.341,0.0,0.0,0.0
2024-03-05 17:00:00,0.783,0.751,228.0,True,True,False,6,cap_reached,0.0,0.0,0.0,0.0,0.751,0.0,0.0,0.0
2024-03-05 18:00:00,0.105,0.101,30.0,True,True,False,6,cap_reached,0.0,0.0,0.0,0.0,0.101,0.0,0.0,0.0
2024-03-05 19:00:00,0.0,0.0,0.0,False,True,False,6,cap_reached,0.0,0.0,0.0,0.0,0.0,0.0,0.0,0.0
2024-03-05 20:00:00,0.0,0.0,0.0,False,True,False,6,cap_reached,0.0,0.0,0.0,0.0,0.0,0.0,0.0,0.0
2024-03-05 21:00:00,0.0,0.0,0.0,False,True,False,6,cap_reached,0.0,0.0,0.0,0.0,0.0,0.0,0.0,0.0
2024-03-05 22:00:00,0.0,0.0,0.0,False,True,False,6,cap_reached,0.0,0.0,0.0,0.0,0.0,0.0,0.0,0.0
2024-03-05 23:00:00,0.0,0.0,0.0,False,True,False,6,cap_reached,0.0,0.0,0.0,0.0,0.0,0.0,0.0,0.0
2024-03-06 00:00:00,0.0,0.0,0.0,False,True,False,0,no_power,0.0,0.0,0.0,0.0,0.0,0.0,0.0,0.0
2024-03-06 01:00:00,0.0,0.0,0.0,False,True,False,0,no_power,0.0,0.0,0.0,0.0,0.0,0.0,0.0,0.0
2024-03-06 02:00:00,0.0,0.0,0.0,False,True,False,0,no_power,0.0,0.0,0.0,0.0,0.0,0.0,0.0,0.0
2024-03-06 03:00:00,0.0,0.0,0.0,False,True,False,0,no_power,0.0,0.0,0.0,0.0,0.0,0.0,0.0,0.0
2024-03-06 04:00:00,0.0,0.0,0.0,False,True,False,0,no_power,0.0,0.0,0.0,0.0,0.0,0.0,0.0,0.0
2024-03-06 05:00:00,0.0,0.0,0.0,False,True,False,0,no_power,0.0,0.0,0.0,0.0,0.0,0.0,0.0,0.0
2024-03-06 06:00:00,0.0,0.0,0.0,False,True,False,0,no_power,0.0,0.0,0.0,0.0,0.0,0.0,0.0,0.0
2024-03-06 07:00:00,0.07,0.067,14.0,False,True,False,0,no_power,0.0,0.0,0.0,0.0,0.0,0.0,0.0,0.0
2024-03-06 08:00:00,0.368,0.354,74.0,True,True,False,0,no_power,0.0,0.0,0.0,0.0,0.0,0.0,0.0,0.0
2024-03-06 09:00:00,0.68,0.653,139.0,True,True,False,0,no_power,0.0,0.0,0.0,0.0,0.0,0.0,0.0,0.0
2024-03-06 10:00:00,1.192,1.144,249.0,True,True,False,0,no_power,0.0,0.0,0.0,0.0,0.0,0.0,0.0,0.0
2024-03-06 11:00:00,2.575,2.472,598.0,True,True,True,1,ok,1.263,0.0,1.263,0.0,1.209,0.0,0.0,0.0
2024-03-06 12:00:00,2.598,2.494,595.0,True,True,True,2,ok,1.263,0.0,1.263,0.0,1.231,0.0,0.0,0.0
2024-03-06 13:00:00,2.229,2.14,509.0,True,True,True,3,ok,1.263,0.0,1.263,0.0,0.877,0.0,0.0,0.0
2024-03-06 14:00:00,0.237,0.228,48.0,True,True,False,3,no_power,0.0,0.0,0.0,0.0,0.0,0.0,0.0,0.0
2024-03-06 15:00:00,1.334,1.281,284.0,True,True,True,4,ok,1.263,0.0,1.263,0.0,0.018,0.0,0.0,0.0
2024-03-06 16:00:00,1.124,1.079,241.0,True,True,False,4,no_power,0.0,0.0,0.0,0.0,0.0,0.0,0.0,0.0
2024-03-06 17:00:00,0.075,0.072,15.0,False,True,False,4,no_power,0.0,0.0,0.0,0.0,0.0,0.0,0.0,0.0
2024-03-06 18:00:00,0.07,0.067,14.0,False,True,False,4,no_power,0.0,0.0,0.0,0.0,0.0,0.0,0.0,0.0
2024-03-06 19:00:00,0.0,0.0,0.0,False,True,False,4,no_power,0.0,0.0,0.0,0.0,0.0,0.0,0.0,0.0
2024-03-06 20:00:00,0.0,0.0,0.0,False,True,False,4,no_power,0.0,0.0,0.0,0.0,0.0,0.0,0.0,0.0
2024-03-06 21:00:00,0.0,0.0,0.0,False,True,False,4,no_power,0.0,0.0,0.0,0.0,0.0,0.0,0.0,0.0
2024-03-06 22:00:00,0.0,0.0,0.0,False,True,False,4,no_power,0.0,0.0,0.0,0.0,0.0,0.0,0.0,0.0
2024-03-06 23:00:00,0.0,0.0,0.0,False,True,False,4,no_power,0.0,0.0,0.0,0.0,0.0,0.0,0.0,0.0
2024-03-07 00:00:00,0.0,0.0,0.0,False,True,False,0,no_power,0.0,0.0,0.0,0.0,0.0,0.0,0.0,0.0
2024-03-07 01:00:00,0.0,0.0,0.0,False,True,False,0,no_power,0.0,0.0,0.0,0.0,0.0,0.0,0.0,0.0
2024-03-07 02:00:00,0.0,0.0,0.0,False,True,False,0,no_power,0.0,0.0,0.0,0.0,0.0,0.0,0.0,0.0
2024-03-07 03:00:00,0.0,0.0,0.0,False,True,False,0,no_power,0.0,0.0,0.0,0.0,0.0,0.0,0.0,0.0
2024-03-07 04:00:00,0.0,0.0,0.0,False,True,False,0,no_power,0.0,0.0,0.0,0.0,0.0,0.0,0.0,0.0
2024-03-07 05:00:00,0.0,0.0,0.0,False,True,False,0,no_power,0.0,0.0,0.0,0.0,0.0,0.0,0.0,0.0
2024-03-07 06:00:00,0.0,0.0,0.0,False,True,False,0,no_power,0.0,0.0,0.0,0.0,0.0,0.0,0.0,0.0
2024-03-07 07:00:00,0.243,0.233,64.0,True,True,False,0,no_power,0.0,0.0,0.0,0.0,0.0,0.0,0.0,0.0
2024-03-07 08:00:00,0.615,0.591,173.0,True,True,False,0,no_power,0.0,0.0,0.0,0.0,0.0,0.0,0.0,0.0
2024-03-07 09:00:00,1.053,1.011,217.0,True,True,False,0,no_power,0.0,0.0,0.0,0.0,0.0,0.0,0.0,0.0
2024-03-07 10:00:00,2.418,2.322,681.0,True,True,True,1,ok,1.263,0.0,1.263,0.0,1.059,0.0,0.0,0.0
2024-03-07 11:00:00,2.861,2.746,816.0,True,True,True,2,ok,1.263,0.0,1.263,0.0,1.483,0.0,0.0,0.0
2024-03-07 12:00:00,3.069,2.946,882.0,True,True,True,3,ok,1.263,0.0,1.263,0.0,1.683,0.0,0.0,0.0
2024-03-07 13:00:00,3.035,2.913,887.0,True,True,True,4,ok,1.263,0.0,1.263,0.0,1.65,0.0,0.0,0.0
2024-03-07 14:00:00,2.535,2.434,600.0,True,True,True,5,ok,1.263,0.0,1.263,0.0,1.171,0.0,0.0,0.0
2024-03-07 15:00:00,2.034,1.953,525.0,True,True,True,6,ok,1.263,0.0,1.263,0.0,0.69,0.0,0.0,0.0
2024-03-07 16:00:00,0.487,0.468,100.0,True,True,False,6,cap_reached,0.0,0.0,0.0,0.0,0.468,0.0,0.0,0.0
2024-03-07 17:00:00,0.035,0.033,7.0,False,True,False,6,cap_reached,0.0,0.0,0.0,0.0,0.033,0.0,0.0,0.0
2024-03-07 18:00:00,0.1,0.096,33.0,False,True,False,6,cap_reached,0.0,0.0,0.0,0.0,0.096,0.0,0.0,0.0
2024-03-07 19:00:00,0.0,0.0,0.0,False,True,False,6,cap_reached,0.0,0.0,0.0,0.0,0.0,0.0,0.0,0.0
2024-03-07 20:00:00,0.0,0.0,0.0,False,True,False,6,cap_reached,0.0,0.0,0.0,0.0,0.0,0.0,0.0,0.0
2024-03-07 21:00:00,0.0,0.0,0.0,False,True,False,6,cap_reached,0.0,0.0,0.0,0.0,0.0,0.0,0.0,0.0
2024-03-07 22:00:00,0.0,0.0,0.0,False,True,False,6,cap_reached,0.0,0.0,0.0,0.0,0.0,0.0,0.0,0.0
2024-03-07 23:00:00,0.0,0.0,0.0,False,True,False,6,cap_reached,0.0,0.0,0.0,0.0,0.0,0.0,0.0,0.0
2024-03-08 00:00:00,0.0,0.0,0.0,False,True,False,0,no_power,0.0,0.0,0.0,0.0,0.0,0.0,0.0,0.0
2024-03-08 01:00:00,0.0,0.0,0.0,False,True,False,0,no_power,0.0,0.0,0.0,0.0,0.0,0.0,0.0,0.0
2024-03-08 02:00:00,0.0,0.0,0.0,False,True,False,0,no_power,0.0,0.0,0.0,0.0,0.0,0.0,0.0,0.0
2024-03-08 03:00:00,0.0,0.0,0.0,False,True,False,0,no_power,0.0,0.0,0.0,0.0,0.0,0.0,0.0,0.0
2024-03-08 04:00:00,0.0,0.0,0.0,False,True,False,0,no_power,0.0,0.0,0.0,0.0,0.0,0.0,0.0,0.0
2024-03-08 05:00:00,0.0,0.0,0.0,False,True,False,0,no_power,0.0,0.0,0.0,0.0,0.0,0.0,0.0,0.0
2024-03-08 06:00:00,0.0,0.0,0.0,False,True,False,0,no_power,0.0,0.0,0.0,0.0,0.0,0.0,0.0,0.0
2024-03-08 07:00:00,0.305,0.293,67.0,True,True,False,0,no_power,0.0,0.0,0.0,0.0,0.0,0.0,0.0,0.0
2024-03-08 08:00:00,0.424,0.407,87.0,True,True,False,0,no_power,0.0,0.0,0.0,0.0,0.0,0.0,0.0,0.0
2024-03-08 09:00:00,0.296,0.284,60.0,True,True,False,0,no_power,0.0,0.0,0.0,0.0,0.0,0.0,0.0,0.0
2024-03-08 10:00:00,1.805,1.733,395.0,True,True,True,1,ok,1.263,0.0,1.263,0.0,0.47,0.0,0.0,0.0
2024-03-08 11:00:00,1.627,1.562,342.0,True,True,True,2,ok,1.263,0.0,1.263,0.0,0.299,0.0,0.0,0.0
2024-03-08 12:00:00,2.268,2.177,504.0,True,True,True,3,ok,1.263,0.0,1.263,0.0,0.914,0.0,0.0,0.0
2024-03-08 13:00:00,2.478,2.379,565.0,True,True,True,4,ok,1.263,0.0,1.263,0.0,1.116,0.0,0.0,0.0
2024-03-08 14:00:00,1.914,1.837,428.0,True,True,True,5,ok,1.263,0.0,1.263,0.0,0.574,0.0,0.0,0.0
2024-03-08 15:00:00,1.633,1.568,368.0,True,True,True,6,ok,1.263,0.0,1.263,0.0,0.305,0.0,0.0,0.0
2024-03-08 16:00:00,0.334,0.321,68.0,True,True,False,6,cap_reached,0.0,0.0,0.0,0.0,0.321,0.0,0.0,0.0
2024-03-08 17:00:00,0.307,0.295,63.0,True,True,False,6,cap_reached,0.0,0.0,0.0,0.0,0.295,0.0,0.0,0.0
2024-03-08 18:00:00,0.149,0.143,31.0,True,True,False,6,cap_reached,0.0,0.0,0.0,0.0,0.143,0.0,0.0,0.0
2024-03-08 19:00:00,0.0,0.0,0.0,False,True,False,6,cap_reached,0.0,0.0,0.0,0.0,0.0,0.0,0.0,0.0
2024-03-08 20:00:00,0.0,0.0,0.0,False,True,False,6,cap_reached,0.0,0.0,0.0,0.0,0.0,0.0,0.0,0.0
2024-03-08 21:00:00,0.0,0.0,0.0,False,True,False,6,cap_reached,0.0,0.0,0.0,0.0,0.0,0.0,0.0,0.0
2024-03-08 22:00:00,0.0,0.0,0.0,False,True,False,6,cap_reached,0.0,0.0,0.0,0.0,0.0,0.0,0.0,0.0
2024-03-08 23:00:00,0.0,0.0,0.0,False,True,False,6,cap_reached,0.0,0.0,0.0,0.0,0.0,0.0,0.0,0.0
2024-03-09 00:00:00,0.0,0.0,0.0,False,True,False,0,no_power,0.0,0.0,0.0,0.0,0.0,0.0,0.0,0.0
2024-03-09 01:00:00,0.0,0.0,0.0,False,True,False,0,no_power,0.0,0.0,0.0,0.0,0.0,0.0,0.0,0.0
2024-03-09 02:00:00,0.0,0.0,0.0,False,True,False,0,no_power,0.0,0.0,0.0,0.0,0.0,0.0,0.0,0.0
2024-03-09 03:00:00,0.0,0.0,0.0,False,True,False,0,no_power,0.0,0.0,0.0,0.0,0.0,0.0,0.0,0.0
2024-03-09 04:00:00,0.0,0.0,0.0,False,True,False,0,no_power,0.0,0.0,0.0,0.0,0.0,0.0,0.0,0.0
2024-03-09 05:00:00,0.0,0.0,0.0,False,True,False,0,no_power,0.0,0.0,0.0,0.0,0.0,0.0,0.0,0.0
2024-03-09 06:00:00,0.0,0.0,0.0,False,True,False,0,no_power,0.0,0.0,0.0,0.0,0.0,0.0,0.0,0.0
2024-03-09 07:00:00,0.244,0.235,50.0,True,True,False,0,no_power,0.0,0.0,0.0,0.0,0.0,0.0,0.0,0.0
2024-03-09 08:00:00,1.06,1.018,291.0,True,True,False,0,no_power,0.0,0.0,0.0,0.0,0.0,0.0,0.0,0.0
2024-03-09 09:00:00,1.661,1.595,366.0,True,True,True,1,ok,1.263,0.0,1.263,0.0,0.332,0.0,0.0,0.0
2024-03-09 10:00:00,2.49,2.391,704.0,True,True,True,2,ok,1.263,0.0,1.263,0.0,1.128,0.0,0.0,0.0
2024-03-09 11:00:00,2.929,2.812,836.0,True,True,True,3,ok,1.263,0.0,1.263,0.0,1.549,0.0,0.0,0.0
2024-03-09 12:00:00,3.142,3.016,901.0,True,True,True,4,ok,1.263,0.0,1.263,0.0,1.753,0.0,0.0,0.0
2024-03-09 13:00:00,3.104,2.98,898.0,True,True,True,5,ok,1.263,0.0,1.263,0.0,1.717,0.0,0.0,0.0
2024-03-09 14:00:00,2.827,2.714,817.0,True,True,True,6,ok,1.263,0.0,1.263,0.0,1.451,0.0,0.0,0.0
2024-03-09 15:00:00,2.33,2.237,669.0,True,True,False,6,cap_reached,0.0,0.0,0.0,0.0,2.237,0.0,0.0,0.0
2024-03-09 16:00:00,1.102,1.058,233.0,True,True,False,6,cap_reached,0.0,0.0,0.0,0.0,1.058,0.0,0.0,0.0
2024-03-09 17:00:00,0.811,0.779,174.0,True,True,False,6,cap_reached,0.0,0.0,0.0,0.0,0.779,0.0,0.0,0.0
2024-03-09 18:00:00,0.115,0.111,36.0,True,True,False,6,cap_reached,0.0,0.0,0.0,0.0,0.111,0.0,0.0,0.0
2024-03-09 19:00:00,0.0,0.0,0.0,False,True,False,6,cap_reached,0.0,0.0,0.0,0.0,0.0,0.0,0.0,0.0
2024-03-09 20:00:00,0.0,0.0,0.0,False,True,False,6,cap_reached,0.0,0.0,0.0,0.0,0.0,0.0,0.0,0.0
2024-03-09 21:00:00,0.0,0.0,0.0,False,True,False,6,cap_reached,0.0,0.0,0.0,0.0,0.0,0.0,0.0,0.0
2024-03-09 22:00:00,0.0,0.0,0.0,False,True,False,6,cap_reached,0.0,0.0,0.0,0.0,0.0,0.0,0.0,0.0
2024-03-09 23:00:00,0.0,0.0,0.0,False,True,False,6,cap_reached,0.0,0.0,0.0,0.0,0.0,0.0,0.0,0.0
2024-03-10 00:00:00,0.0,0.0,0.0,False,True,False,0,no_power,0.0,0.0,0.0,0.0,0.0,0.0,0.0,0.0
2024-03-10 01:00:00,0.0,0.0,0.0,False,True,False,0,no_power,0.0,0.0,0.0,0.0,0.0,0.0,0.0,0.0
2024-03-10 02:00:00,0.0,0.0,0.0,False,True,False,0,no_power,0.0,0.0,0.0,0.0,0.0,0.0,0.0,0.0
2024-03-10 03:00:00,0.0,0.0,0.0,False,True,False,0,no_power,0.0,0.0,0.0,0.0,0.0,0.0,0.0,0.0
2024-03-10 04:00:00,0.0,0.0,0.0,False,True,False,0,no_power,0.0,0.0,0.0,0.0,0.0,0.0,0.0,0.0
2024-03-10 05:00:00,0.0,0.0,0.0,False,True,False,0,no_power,0.0,0.0,0.0,0.0,0.0,0.0,0.0,0.0
2024-03-10 06:00:00,0.0,0.0,0.0,False,True,False,0,no_power,0.0,0.0,0.0,0.0,0.0,0.0,0.0,0.0
2024-03-10 07:00:00,0.281,0.27,78.0,True,True,False,0,no_power,0.0,0.0,0.0,0.0,0.0,0.0,0.0,0.0
2024-03-10 08:00:00,1.079,1.036,300.0,True,True,False,0,no_power,0.0,0.0,0.0,0.0,0.0,0.0,0.0,0.0
2024-03-10 09:00:00,1.864,1.79,526.0,True,True,True,1,ok,1.263,0.0,1.263,0.0,0.527,0.0,0.0,0.0
2024-03-10 10:00:00,2.508,2.408,710.0,True,True,True,2,ok,1.263,0.0,1.263,0.0,1.145,0.0,0.0,0.0
2024-03-10 11:00:00,2.946,2.828,842.0,True,True,True,3,ok,1.263,0.0,1.263,0.0,1.565,0.0,0.0,0.0
2024-03-10 12:00:00,3.154,3.028,906.0,True,True,True,4,ok,1.263,0.0,1.263,0.0,1.765,0.0,0.0,0.0
2024-03-10 13:00:00,3.118,2.993,891.0,True,True,True,5,ok,1.263,0.0,1.263,0.0,1.73,0.0,0.0,0.0
2024-03-10 14:00:00,2.841,2.728,810.0,True,True,True,6,ok,1.263,0.0,1.263,0.0,1.465,0.0,0.0,0.0
2024-03-10 15:00:00,2.348,2.254,664.0,True,True,False,6,cap_reached,0.0,0.0,0.0,0.0,2.254,0.0,0.0,0.0
2024-03-10 16:00:00,1.108,1.064,234.0,True,True,False,6,cap_reached,0.0,0.0,0.0,0.0,1.064,0.0,0.0,0.0
2024-03-10 17:00:00,0.865,0.83,237.0,True,True,False,6,cap_reached,0.0,0.0,0.0,0.0,0.83,0.0,0.0,0.0
2024-03-10 18:00:00,0.129,0.124,33.0,True,True,False,6,cap_reached,0.0,0.0,0.0,0.0,0.124,0.0,0.0,0.0
2024-03-10 19:00:00,0.0,0.0,0.0,False,True,False,6,cap_reached,0.0,0.0,0.0,0.0,0.0,0.0,0.0,0.0
2024-03-10 20:00:00,0.0,0.0,0.0,False,True,False,6,cap_reached,0.0,0.0,0.0,0.0,0.0,0.0,0.0,0.0
2024-03-10 21:00:00,0.0,0.0,0.0,False,True,False,6,cap_reached,0.0,0.0,0.0,0.0,0.0,0.0,0.0,0.0
2024-03-10 22:00:00,0.0,0.0,0.0,False,True,False,6,cap_reached,0.0,0.0,0.0,0.0,0.0,0.0,0.0,0.0
2024-03-10 23:00:00,0.0,0.0,0.0,False,True,False,6,cap_reached,0.0,0.0,0.0,0.0,0.0,0.0,0.0,0.0
2024-03-11 00:00:00,0.0,0.0,0.0,False,True,False,0,no_power,0.0,0.0,0.0,0.0,0.0,0.0,0.0,0.0
2024-03-11 01:00:00,0.0,0.0,0.0,False,True,False,0,no_power,0.0,0.0,0.0,0.0,0.0,0.0,0.0,0.0
2024-03-11 02:00:00,0.0,0.0,0.0,False,True,False,0,no_power,0.0,0.0,0.0,0.0,0.0,0.0,0.0,0.0
2024-03-11 03:00:00,0.0,0.0,0.0,False,True,False,0,no_power,0.0,0.0,0.0,0.0,0.0,0.0,0.0,0.0
2024-03-11 04:00:00,0.0,0.0,0.0,False,True,False,0,no_power,0.0,0.0,0.0,0.0,0.0,0.0,0.0,0.0
2024-03-11 05:00:00,0.0,0.0,0.0,False,True,False,0,no_power,0.0,0.0,0.0,0.0,0.0,0.0,0.0,0.0
2024-03-11 06:00:00,0.0,0.0,0.0,False,True,False,0,no_power,0.0,0.0,0.0,0.0,0.0,0.0,0.0,0.0
2024-03-11 07:00:00,0.313,0.301,82.0,True,True,False,0,no_power,0.0,0.0,0.0,0.0,0.0,0.0,0.0,0.0
2024-03-11 08:00:00,1.141,1.096,307.0,True,True,False,0,no_power,0.0,0.0,0.0,0.0,0.0,0.0,0.0,0.0
2024-03-11 09:00:00,1.95,1.872,536.0,True,True,True,1,ok,1.263,0.0,1.263,0.0,0.609,0.0,0.0,0.0
2024-03-11 10:00:00,2.614,2.51,738.0,True,True,True,2,ok,1.263,0.0,1.263,0.0,1.247,0.0,0.0,0.0
2024-03-11 11:00:00,3.074,2.951,874.0,True,True,True,3,ok,1.263,0.0,1.263,0.0,1.688,0.0,0.0,0.0
2024-03-11 12:00:00,3.294,3.163,941.0,True,True,True,4,ok,1.263,0.0,1.263,0.0,1.9,0.0,0.0,0.0
2024-03-11 13:00:00,3.259,3.128,931.0,True,True,True,5,ok,1.263,0.0,1.263,0.0,1.865,0.0,0.0,0.0
2024-03-11 14:00:00,2.979,2.86,848.0,True,True,True,6,ok,1.263,0.0,1.263,0.0,1.597,0.0,0.0,0.0
2024-03-11 15:00:00,2.47,2.371,695.0,True,True,False,6,cap_reached,0.0,0.0,0.0,0.0,2.371,0.0,0.0,0.0
2024-03-11 16:00:00,1.761,1.691,490.0,True,True,False,6,cap_reached,0.0,0.0,0.0,0.0,1.691,0.0,0.0,0.0
2024-03-11 17:00:00,0.924,0.887,254.0,True,True,False,6,cap_reached,0.0,0.0,0.0,0.0,0.887,0.0,0.0,0.0
2024-03-11 18:00:00,0.144,0.138,38.0,True,True,False,6,cap_reached,0.0,0.0,0.0,0.0,0.138,0.0,0.0,0.0
2024-03-11 19:00:00,0.0,0.0,0.0,False,True,False,6,cap_reached,0.0,0.0,0.0,0.0,0.0,0.0,0.0,0.0
2024-03-11 20:00:00,0.0,0.0,0.0,False,True,False,6,cap_reached,0.0,0.0,0.0,0.0,0.0,0.0,0.0,0.0
2024-03-11 21:00:00,0.0,0.0,0.0,False,True,False,6,cap_reached,0.0,0.0,0.0,0.0,0.0,0.0,0.0,0.0
2024-03-11 22:00:00,0.0,0.0,0.0,False,True,False,6,cap_reached,0.0,0.0,0.0,0.0,0.0,0.0,0.0,0.0
2024-03-11 23:00:00,0.0,0.0,0.0,False,True,False,6,cap_reached,0.0,0.0,0.0,0.0,0.0,0.0,0.0,0.0
2024-03-12 00:00:00,0.0,0.0,0.0,False,True,False,0,no_power,0.0,0.0,0.0,0.0,0.0,0.0,0.0,0.0
2024-03-12 01:00:00,0.0,0.0,0.0,False,True,False,0,no_power,0.0,0.0,0.0,0.0,0.0,0.0,0.0,0.0
2024-03-12 02:00:00,0.0,0.0,0.0,False,True,False,0,no_power,0.0,0.0,0.0,0.0,0.0,0.0,0.0,0.0
2024-03-12 03:00:00,0.0,0.0,0.0,False,True,False,0,no_power,0.0,0.0,0.0,0.0,0.0,0.0,0.0,0.0
2024-03-12 04:00:00,0.0,0.0,0.0,False,True,False,0,no_power,0.0,0.0,0.0,0.0,0.0,0.0,0.0,0.0
2024-03-12 05:00:00,0.0,0.0,0.0,False,True,False,0,no_power,0.0,0.0,0.0,0.0,0.0,0.0,0.0,0.0
2024-03-12 06:00:00,0.0,0.0,0.0,False,True,False,0,no_power,0.0,0.0,0.0,0.0,0.0,0.0,0.0,0.0
2024-03-12 07:00:00,0.338,0.324,87.0,True,True,False,0,no_power,0.0,0.0,0.0,0.0,0.0,0.0,0.0,0.0
2024-03-12 08:00:00,1.179,1.132,314.0,True,True,False,0,no_power,0.0,0.0,0.0,0.0,0.0,0.0,0.0,0.0
2024-03-12 09:00:00,1.995,1.915,542.0,True,True,True,1,ok,1.263,0.0,1.263,0.0,0.652,0.0,0.0,0.0
2024-03-12 10:00:00,2.658,2.551,733.0,True,True,True,2,ok,1.263,0.0,1.263,0.0,1.288,0.0,0.0,0.0
2024-03-12 11:00:00,3.104,2.979,866.0,True,True,True,3,ok,1.263,0.0,1.263,0.0,1.716,0.0,0.0,0.0
2024-03-12 12:00:00,2.72,2.611,616.0,True,True,True,4,ok,1.263,0.0,1.263,0.0,1.348,0.0,0.0,0.0
2024-03-12 13:00:00,3.271,3.141,919.0,True,True,True,5,ok,1.263,0.0,1.263,0.0,1.878,0.0,0.0,0.0
2024-03-12 14:00:00,2.981,2.862,832.0,True,True,True,6,ok,1.263,0.0,1.263,0.0,1.599,0.0,0.0,0.0
2024-03-12 15:00:00,2.105,2.021,465.0,True,True,False,6,cap_reached,0.0,0.0,0.0,0.0,2.021,0.0,0.0,0.0
2024-03-12 16:00:00,1.754,1.684,484.0,True,True,False,6,cap_reached,0.0,0.0,0.0,0.0,1.684,0.0,0.0,0.0
2024-03-12 17:00:00,0.923,0.886,252.0,True,True,False,6,cap_reached,0.0,0.0,0.0,0.0,0.886,0.0,0.0,0.0
2024-03-12 18:00:00,0.145,0.139,39.0,True,True,False,6,cap_reached,0.0,0.0,0.0,0.0,0.139,0.0,0.0,0.0
2024-03-12 19:00:00,0.0,0.0,0.0,False,True,False,6,cap_reached,0.0,0.0,0.0,0.0,0.0,0.0,0.0,0.0
2024-03-12 20:00:00,0.0,0.0,0.0,False,True,False,6,cap_reached,0.0,0.0,0.0,0.0,0.0,0.0,0.0,0.0
2024-03-12 21:00:00,0.0,0.0,0.0,False,True,False,6,cap_reached,0.0,0.0,0.0,0.0,0.0,0.0,0.0,0.0
2024-03-12 22:00:00,0.0,0.0,0.0,False,True,False,6,cap_reached,0.0,0.0,0.0,0.0,0.0,0.0,0.0,0.0
2024-03-12 23:00:00,0.0,0.0,0.0,False,True,False,6,cap_reached,0.0,0.0,0.0,0.0,0.0,0.0,0.0,0.0
2024-03-13 00:00:00,0.0,0.0,0.0,False,True,False,0,no_power,0.0,0.0,0.0,0.0,0.0,0.0,0.0,0.0
2024-03-13 01:00:00,0.0,0.0,0.0,False,True,False,0,no_power,0.0,0.0,0.0,0.0,0.0,0.0,0.0,0.0
2024-03-13 02:00:00,0.0,0.0,0.0,False,True,False,0,no_power,0.0,0.0,0.0,0.0,0.0,0.0,0.0,0.0
2024-03-13 03:00:00,0.0,0.0,0.0,False,True,False,0,no_power,0.0,0.0,0.0,0.0,0.0,0.0,0.0,0.0
2024-03-13 04:00:00,0.0,0.0,0.0,False,True,False,0,no_power,0.0,0.0,0.0,0.0,0.0,0.0,0.0,0.0
2024-03-13 05:00:00,0.0,0.0,0.0,False,True,False,0,no_power,0.0,0.0,0.0,0.0,0.0,0.0,0.0,0.0
2024-03-13 06:00:00,0.0,0.0,0.0,False,True,False,0,no_power,0.0,0.0,0.0,0.0,0.0,0.0,0.0,0.0
2024-03-13 07:00:00,0.349,0.335,89.0,True,True,False,0,no_power,0.0,0.0,0.0,0.0,0.0,0.0,0.0,0.0
2024-03-13 08:00:00,1.185,1.138,316.0,True,True,False,0,no_power,0.0,0.0,0.0,0.0,0.0,0.0,0.0,0.0
2024-03-13 09:00:00,1.994,1.914,544.0,True,True,True,1,ok,1.263,0.0,1.263,0.0,0.651,0.0,0.0,0.0
2024-03-13 10:00:00,2.644,2.539,738.0,True,True,True,2,ok,1.263,0.0,1.263,0.0,1.276,0.0,0.0,0.0
2024-03-13 11:00:00,2.432,2.335,546.0,True,True,True,3,ok,1.263,0.0,1.263,0.0,1.072,0.0,0.0,0.0
2024-03-13 12:00:00,3.292,3.161,934.0,True,True,True,4,ok,1.263,0.0,1.263,0.0,1.898,0.0,0.0,0.0
2024-03-13 13:00:00,3.244,3.115,921.0,True,True,True,5,ok,1.263,0.0,1.263,0.0,1.852,0.0,0.0,0.0
2024-03-13 14:00:00,2.958,2.84,835.0,True,True,True,6,ok,1.263,0.0,1.263,0.0,1.577,0.0,0.0,0.0
2024-03-13 15:00:00,2.452,2.354,685.0,True,True,False,6,cap_reached,0.0,0.0,0.0,0.0,2.354,0.0,0.0,0.0
2024-03-13 16:00:00,1.753,1.683,481.0,True,True,False,6,cap_reached,0.0,0.0,0.0,0.0,1.683,0.0,0.0,0.0
2024-03-13 17:00:00,0.932,0.895,250.0,True,True,False,6,cap_reached,0.0,0.0,0.0,0.0,0.895,0.0,0.0,0.0
2024-03-13 18:00:00,0.154,0.148,40.0,True,True,False,6,cap_reached,0.0,0.0,0.0,0.0,0.148,0.0,0.0,0.0
2024-03-13 19:00:00,0.0,0.0,0.0,False,True,False,6,cap_reached,0.0,0.0,0.0,0.0,0.0,0.0,0.0,0.0
2024-03-13 20:00:00,0.0,0.0,0.0,False,True,False,6,cap_reached,0.0,0.0,0.0,0.0,0.0,0.0,0.0,0.0
2024-03-13 21:00:00,0.0,0.0,0.0,False,True,False,6,cap_reached,0.0,0.0,0.0,0.0,0.0,0.0,0.0,0.0
2024-03-13 22:00:00,0.0,0.0,0.0,False,True,False,6,cap_reached,0.0,0.0,0.0,0.0,0.0,0.0,0.0,0.0
2024-03-13 23:00:00,0.0,0.0,0.0,False,True,False,6,cap_reached,0.0,0.0,0.0,0.0,0.0,0.0,0.0,0.0
2024-03-14 00:00:00,0.0,0.0,0.0,False,True,False,0,no_power,0.0,0.0,0.0,0.0,0.0,0.0,0.0,0.0
2024-03-14 01:00:00,0.0,0.0,0.0,False,True,False,0,no_power,0.0,0.0,0.0,0.0,0.0,0.0,0.0,0.0
2024-03-14 02:00:00,0.0,0.0,0.0,False,True,False,0,no_power,0.0,0.0,0.0,0.0,0.0,0.0,0.0,0.0
2024-03-14 03:00:00,0.0,0.0,0.0,False,True,False,0,no_power,0.0,0.0,0.0,0.0,0.0,0.0,0.0,0.0
2024-03-14 04:00:00,0.0,0.0,0.0,False,True,False,0,no_power,0.0,0.0,0.0,0.0,0.0,0.0,0.0,0.0
2024-03-14 05:00:00,0.0,0.0,0.0,False,True,False,0,no_power,0.0,0.0,0.0,0.0,0.0,0.0,0.0,0.0
2024-03-14 06:00:00,0.0,0.0,0.0,False,True,False,0,no_power,0.0,0.0,0.0,0.0,0.0,0.0,0.0,0.0
2024-03-14 07:00:00,0.366,0.352,95.0,True,True,False,0,no_power,0.0,0.0,0.0,0.0,0.0,0.0,0.0,0.0
2024-03-14 08:00:00,1.219,1.17,324.0,True,True,False,0,no_power,0.0,0.0,0.0,0.0,0.0,0.0,0.0,0.0
2024-03-14 09:00:00,2.027,1.946,551.0,True,True,True,1,ok,1.263,0.0,1.263,0.0,0.683,0.0,0.0,0.0
2024-03-14 10:00:00,2.672,2.565,741.0,True,True,True,2,ok,1.263,0.0,1.263,0.0,1.302,0.0,0.0,0.0
2024-03-14 11:00:00,3.112,2.988,872.0,True,True,True,3,ok,1.263,0.0,1.263,0.0,1.725,0.0,0.0,0.0
2024-03-14 12:00:00,3.316,3.183,935.0,True,True,True,4,ok,1.263,0.0,1.263,0.0,1.92,0.0,0.0,0.0
2024-03-14 13:00:00,3.271,3.14,927.0,True,True,True,5,ok,1.263,0.0,1.263,0.0,1.877,0.0,0.0,0.0
2024-03-14 14:00:00,2.984,2.865,842.0,True,True,True,6,ok,1.263,0.0,1.263,0.0,1.602,0.0,0.0,0.0
2024-03-14 15:00:00,2.48,2.381,690.0,True,True,False,6,cap_reached,0.0,0.0,0.0,0.0,2.381,0.0,0.0,0.0
2024-03-14 16:00:00,1.781,1.71,488.0,True,True,False,6,cap_reached,0.0,0.0,0.0,0.0,1.71,0.0,0.0,0.0
2024-03-14 17:00:00,0.949,0.911,255.0,True,True,False,6,cap_reached,0.0,0.0,0.0,0.0,0.911,0.0,0.0,0.0
2024-03-14 18:00:00,0.162,0.156,42.0,True,True,False,6,cap_reached,0.0,0.0,0.0,0.0,0.156,0.0,0.0,0.0
2024-03-14 19:00:00,0.0,0.0,0.0,False,True,False,6,cap_reached,0.0,0.0,0.0,0.0,0.0,0.0,0.0,0.0
2024-03-14 20:00:00,0.0,0.0,0.0,False,True,False,6,cap_reached,0.0,0.0,0.0,0.0,0.0,0.0,0.0,0.0
2024-03-14 21:00:00,0.0,0.0,0.0,False,True,False,6,cap_reached,0.0,0.0,0.0,0.0,0.0,0.0,0.0,0.0
2024-03-14 22:00:00,0.0,0.0,0.0,False,True,False,6,cap_reached,0.0,0.0,0.0,0.0,0.0,0.0,0.0,0.0
2024-03-14 23:00:00,0.0,0.0,0.0,False,True,False,6,cap_reached,0.0,0.0,0.0,0.0,0.0,0.0,0.0,0.0
2024-03-15 00:00:00,0.0,0.0,0.0,False,True,False,0,no_power,0.0,0.0,0.0,0.0,0.0,0.0,0.0,0.0
2024-03-15 01:00:00,0.0,0.0,0.0,False,True,False,0,no_power,0.0,0.0,0.0,0.0,0.0,0.0,0.0,0.0
2024-03-15 02:00:00,0.0,0.0,0.0,False,True,False,0,no_power,0.0,0.0,0.0,0.0,0.0,0.0,0.0,0.0
2024-03-15 03:00:00,0.0,0.0,0.0,False,True,False,0,no_power,0.0,0.0,0.0,0.0,0.0,0.0,0.0,0.0
2024-03-15 04:00:00,0.0,0.0,0.0,False,True,False,0,no_power,0.0,0.0,0.0,0.0,0.0,0.0,0.0,0.0
2024-03-15 05:00:00,0.0,0.0,0.0,False,True,False,0,no_power,0.0,0.0,0.0,0.0,0.0,0.0,0.0,0.0
2024-03-15 06:00:00,0.0,0.0,0.0,False,True,False,0,no_power,0.0,0.0,0.0,0.0,0.0,0.0,0.0,0.0
2024-03-15 07:00:00,0.388,0.372,97.0,True,True,False,0,no_power,0.0,0.0,0.0,0.0,0.0,0.0,0.0,0.0
2024-03-15 08:00:00,1.242,1.193,327.0,True,True,False,0,no_power,0.0,0.0,0.0,0.0,0.0,0.0,0.0,0.0
2024-03-15 09:00:00,2.051,1.969,554.0,True,True,True,1,ok,1.263,0.0,1.263,0.0,0.706,0.0,0.0,0.0
2024-03-15 10:00:00,2.702,2.594,746.0,True,True,True,2,ok,1.263,0.0,1.263,0.0,1.331,0.0,0.0,0.0
2024-03-15 11:00:00,3.144,3.019,879.0,True,True,True,3,ok,1.263,0.0,1.263,0.0,1.756,0.0,0.0,0.0
2024-03-15 12:00:00,3.353,3.219,942.0,True,True,True,4,ok,1.263,0.0,1.263,0.0,1.956,0.0,0.0,0.0
2024-03-15 13:00:00,3.312,3.18,934.0,True,True,True,5,ok,1.263,0.0,1.263,0.0,1.917,0.0,0.0,0.0
2024-03-15 14:00:00,3.018,2.897,846.0,True,True,True,6,ok,1.263,0.0,1.263,0.0,1.634,0.0,0.0,0.0
2024-03-15 15:00:00,2.506,2.406,695.0,True,True,False,6,cap_reached,0.0,0.0,0.0,0.0,2.406,0.0,0.0,0.0
2024-03-15 16:00:00,1.804,1.732,489.0,True,True,False,6,cap_reached,0.0,0.0,0.0,0.0,1.732,0.0,0.0,0.0
2024-03-15 17:00:00,0.969,0.93,256.0,True,True,False,6,cap_reached,0.0,0.0,0.0,0.0,0.93,0.0,0.0,0.0
2024-03-15 18:00:00,0.17,0.163,42.0,True,True,False,6,cap_reached,0.0,0.0,0.0,0.0,0.163,0.0,0.0,0.0
2024-03-15 19:00:00,0.0,0.0,0.0,False,True,False,6,cap_reached,0.0,0.0,0.0,0.0,0.0,0.0,0.0,0.0
2024-03-15 20:00:00,0.0,0.0,0.0,False,True,False,6,cap_reached,0.0,0.0,0.0,0.0,0.0,0.0,0.0,0.0
2024-03-15 21:00:00,0.0,0.0,0.0,False,True,False,6,cap_reached,0.0,0.0,0.0,0.0,0.0,0.0,0.0,0.0
2024-03-15 22:00:00,0.0,0.0,0.0,False,True,False,6,cap_reached,0.0,0.0,0.0,0.0,0.0,0.0,0.0,0.0
2024-03-15 23:00:00,0.0,0.0,0.0,False,True,False,6,cap_reached,0.0,0.0,0.0,0.0,0.0,0.0,0.0,0.0
2024-03-16 00:00:00,0.0,0.0,0.0,False,True,False,0,no_power,0.0,0.0,0.0,0.0,0.0,0.0,0.0,0.0
2024-03-16 01:00:00,0.0,0.0,0.0,False,True,False,0,no_power,0.0,0.0,0.0,0.0,0.0,0.0,0.0,0.0
2024-03-16 02:00:00,0.0,0.0,0.0,False,True,False,0,no_power,0.0,0.0,0.0,0.0,0.0,0.0,0.0,0.0
2024-03-16 03:00:00,0.0,0.0,0.0,False,True,False,0,no_power,0.0,0.0,0.0,0.0,0.0,0.0,0.0,0.0
2024-03-16 04:00:00,0.0,0.0,0.0,False,True,False,0,no_power,0.0,0.0,0.0,0.0,0.0,0.0,0.0,0.0
2024-03-16 05:00:00,0.0,0.0,0.0,False,True,False,0,no_power,0.0,0.0,0.0,0.0,0.0,0.0,0.0,0.0
2024-03-16 06:00:00,0.0,0.0,0.0,False,True,False,0,no_power,0.0,0.0,0.0,0.0,0.0,0.0,0.0,0.0
2024-03-16 07:00:00,0.391,0.375,82.0,True,True,False,0,no_power,0.0,0.0,0.0,0.0,0.0,0.0,0.0,0.0
2024-03-16 08:00:00,1.196,1.148,288.0,True,True,False,0,no_power,0.0,0.0,0.0,0.0,0.0,0.0,0.0,0.0
2024-03-16 09:00:00,2.059,1.976,560.0,True,True,True,1,ok,1.263,0.0,1.263,0.0,0.713,0.0,0.0,0.0
2024-03-16 10:00:00,2.695,2.587,748.0,True,True,True,2,ok,1.263,0.0,1.263,0.0,1.324,0.0,0.0,0.0
2024-03-16 11:00:00,2.621,2.516,598.0,True,True,True,3,ok,1.263,0.0,1.263,0.0,1.253,0.0,0.0,0.0
2024-03-16 12:00:00,2.705,2.597,648.0,True,True,True,4,ok,1.263,0.0,1.263,0.0,1.334,0.0,0.0,0.0
2024-03-16 13:00:00,2.876,2.761,730.0,True,True,True,5,ok,1.263,0.0,1.263,0.0,1.498,0.0,0.0,0.0
2024-03-16 14:00:00,1.129,1.084,235.0,True,True,False,5,no_power,0.0,0.0,0.0,0.0,0.0,0.0,0.0,0.0
2024-03-16 15:00:00,1.206,1.157,253.0,True,True,False,5,no_power,0.0,0.0,0.0,0.0,0.0,0.0,0.0,0.0
2024-03-16 16:00:00,0.236,0.227,48.0,True,True,False,5,no_power,0.0,0.0,0.0,0.0,0.0,0.0,0.0,0.0
2024-03-16 17:00:00,0.044,0.043,9.0,False,True,False,5,no_power,0.0,0.0,0.0,0.0,0.0,0.0,0.0,0.0
2024-03-16 18:00:00,0.173,0.166,42.0,True,True,False,5,no_power,0.0,0.0,0.0,0.0,0.0,0.0,0.0,0.0
2024-03-16 19:00:00,0.0,0.0,0.0,False,True,False,5,no_power,0.0,0.0,0.0,0.0,0.0,0.0,0.0,0.0
2024-03-16 20:00:00,0.0,0.0,0.0,False,True,False,5,no_power,0.0,0.0,0.0,0.0,0.0,0.0,0.0,0.0
2024-03-16 21:00:00,0.0,0.0,0.0,False,True,False,5,no_power,0.0,0.0,0.0,0.0,0.0,0.0,0.0,0.0
2024-03-16 22:00:00,0.0,0.0,0.0,False,True,False,5,no_power,0.0,0.0,0.0,0.0,0.0,0.0,0.0,0.0
2024-03-16 23:00:00,0.0,0.0,0.0,False,True,False,5,no_power,0.0,0.0,0.0,0.0,0.0,0.0,0.0,0.0
2024-03-17 00:00:00,0.0,0.0,0.0,False,True,False,0,no_power,0.0,0.0,0.0,0.0,0.0,0.0,0.0,0.0
2024-03-17 01:00:00,0.0,0.0,0.0,False,True,False,0,no_power,0.0,0.0,0.0,0.0,0.0,0.0,0.0,0.0
2024-03-17 02:00:00,0.0,0.0,0.0,False,True,False,0,no_power,0.0,0.0,0.0,0.0,0.0,0.0,0.0,0.0
2024-03-17 03:00:00,0.0,0.0,0.0,False,True,False,0,no_power,0.0,0.0,0.0,0.0,0.0,0.0,0.0,0.0
2024-03-17 04:00:00,0.0,0.0,0.0,False,True,False,0,no_power,0.0,0.0,0.0,0.0,0.0,0.0,0.0,0.0
2024-03-17 05:00:00,0.0,0.0,0.0,False,True,False,0,no_power,0.0,0.0,0.0,0.0,0.0,0.0,0.0,0.0
2024-03-17 06:00:00,0.0,0.0,0.0,False,True,False,0,no_power,0.0,0.0,0.0,0.0,0.0,0.0,0.0,0.0
2024-03-17 07:00:00,0.423,0.406,106.0,True,True,False,0,no_power,0.0,0.0,0.0,0.0,0.0,0.0,0.0,0.0
2024-03-17 08:00:00,1.29,1.239,339.0,True,True,False,0,no_power,0.0,0.0,0.0,0.0,0.0,0.0,0.0,0.0
2024-03-17 09:00:00,2.096,2.013,568.0,True,True,True,1,ok,1.263,0.0,1.263,0.0,0.75,0.0,0.0,0.0
2024-03-17 10:00:00,2.743,2.633,760.0,True,True,True,2,ok,1.263,0.0,1.263,0.0,1.37,0.0,0.0,0.0
2024-03-17 11:00:00,3.172,3.046,891.0,True,True,True,3,ok,1.263,0.0,1.263,0.0,1.783,0.0,0.0,0.0
2024-03-17 12:00:00,3.373,3.238,955.0,True,True,True,4,ok,1.263,0.0,1.263,0.0,1.975,0.0,0.0,0.0
2024-03-17 13:00:00,3.324,3.191,941.0,True,True,True,5,ok,1.263,0.0,1.263,0.0,1.928,0.0,0.0,0.0
2024-03-17 14:00:00,3.033,2.911,854.0,True,True,True,6,ok,1.263,0.0,1.263,0.0,1.648,0.0,0.0,0.0
2024-03-17 15:00:00,2.524,2.423,700.0,True,True,False,6,cap_reached,0.0,0.0,0.0,0.0,2.423,0.0,0.0,0.0
2024-03-17 16:00:00,1.824,1.751,498.0,True,True,False,6,cap_reached,0.0,0.0,0.0,0.0,1.751,0.0,0.0,0.0
2024-03-17 17:00:00,0.994,0.954,264.0,True,True,False,6,cap_reached,0.0,0.0,0.0,0.0,0.954,0.0,0.0,0.0
2024-03-17 18:00:00,0.187,0.18,47.0,True,True,False,6,cap_reached,0.0,0.0,0.0,0.0,0.18,0.0,0.0,0.0
2024-03-17 19:00:00,0.0,0.0,0.0,False,True,False,6,cap_reached,0.0,0.0,0.0,0.0,0.0,0.0,0.0,0.0
2024-03-17 20:00:00,0.0,0.0,0.0,False,True,False,6,cap_reached,0.0,0.0,0.0,0.0,0.0,0.0,0.0,0.0
2024-03-17 21:00:00,0.0,0.0,0.0,False,True,False,6,cap_reached,0.0,0.0,0.0,0.0,0.0,0.0,0.0,0.0
2024-03-17 22:00:00,0.0,0.0,0.0,False,True,False,6,cap_reached,0.0,0.0,0.0,0.0,0.0,0.0,0.0,0.0
2024-03-17 23:00:00,0.0,0.0,0.0,False,True,False,6,cap_reached,0.0,0.0,0.0,0.0,0.0,0.0,0.0,0.0
2024-03-18 00:00:00,0.0,0.0,0.0,False,True,False,0,no_power,0.0,0.0,0.0,0.0,0.0,0.0,0.0,0.0
2024-03-18 01:00:00,0.0,0.0,0.0,False,True,False,0,no_power,0.0,0.0,0.0,0.0,0.0,0.0,0.0,0.0
2024-03-18 02:00:00,0.0,0.0,0.0,False,True,False,0,no_power,0.0,0.0,0.0,0.0,0.0,0.0,0.0,0.0
2024-03-18 03:00:00,0.0,0.0,0.0,False,True,False,0,no_power,0.0,0.0,0.0,0.0,0.0,0.0,0.0,0.0
2024-03-18 04:00:00,0.0,0.0,0.0,False,True,False,0,no_power,0.0,0.0,0.0,0.0,0.0,0.0,0.0,0.0
2024-03-18 05:00:00,0.0,0.0,0.0,False,True,False,0,no_power,0.0,0.0,0.0,0.0,0.0,0.0,0.0,0.0
2024-03-18 06:00:00,0.0,0.0,0.0,False,True,False,0,no_power,0.0,0.0,0.0,0.0,0.0,0.0,0.0,0.0
2024-03-18 07:00:00,0.44,0.422,109.0,True,True,False,0,no_power,0.0,0.0,0.0,0.0,0.0,0.0,0.0,0.0
2024-03-18 08:00:00,1.291,1.239,337.0,True,True,False,0,no_power,0.0,0.0,0.0,0.0,0.0,0.0,0.0,0.0
2024-03-18 09:00:00,2.089,2.005,561.0,True,True,True,1,ok,1.263,0.0,1.263,0.0,0.742,0.0,0.0,0.0
2024-03-18 10:00:00,2.719,2.61,747.0,True,True,True,2,ok,1.263,0.0,1.263,0.0,1.347,0.0,0.0,0.0
2024-03-18 11:00:00,3.137,3.012,875.0,True,True,True,3,ok,1.263,0.0,1.263,0.0,1.749,0.0,0.0,0.0
2024-03-18 12:00:00,3.111,2.987,755.0,True,True,True,4,ok,1.263,0.0,1.263,0.0,1.724,0.0,0.0,0.0
2024-03-18 13:00:00,3.278,3.147,914.0,True,True,True,5,ok,1.263,0.0,1.263,0.0,1.884,0.0,0.0,0.0
2024-03-18 14:00:00,2.992,2.873,825.0,True,True,True,6,ok,1.263,0.0,1.263,0.0,1.61,0.0,0.0,0.0
2024-03-18 15:00:00,2.491,2.391,674.0,True,True,False,6,cap_reached,0.0,0.0,0.0,0.0,2.391,0.0,0.0,0.0
2024-03-18 16:00:00,1.801,1.729,474.0,True,True,False,6,cap_reached,0.0,0.0,0.0,0.0,1.729,0.0,0.0,0.0
2024-03-18 17:00:00,0.978,0.939,246.0,True,True,False,6,cap_reached,0.0,0.0,0.0,0.0,0.939,0.0,0.0,0.0
2024-03-18 18:00:00,0.183,0.176,42.0,True,True,False,6,cap_reached,0.0,0.0,0.0,0.0,0.176,0.0,0.0,0.0
2024-03-18 19:00:00,0.0,0.0,0.0,False,True,False,6,cap_reached,0.0,0.0,0.0,0.0,0.0,0.0,0.0,0.0
2024-03-18 20:00:00,0.0,0.0,0.0,False,True,False,6,cap_reached,0.0,0.0,0.0,0.0,0.0,0.0,0.0,0.0
2024-03-18 21:00:00,0.0,0.0,0.0,False,True,False,6,cap_reached,0.0,0.0,0.0,0.0,0.0,0.0,0.0,0.0
2024-03-18 22:00:00,0.0,0.0,0.0,False,True,False,6,cap_reached,0.0,0.0,0.0,0.0,0.0,0.0,0.0,0.0
2024-03-18 23:00:00,0.0,0.0,0.0,False,True,False,6,cap_reached,0.0,0.0,0.0,0.0,0.0,0.0,0.0,0.0
2024-03-19 00:00:00,0.0,0.0,0.0,False,True,False,0,no_power,0.0,0.0,0.0,0.0,0.0,0.0,0.0,0.0
2024-03-19 01:00:00,0.0,0.0,0.0,False,True,False,0,no_power,0.0,0.0,0.0,0.0,0.0,0.0,0.0,0.0
2024-03-19 02:00:00,0.0,0.0,0.0,False,True,False,0,no_power,0.0,0.0,0.0,0.0,0.0,0.0,0.0,0.0
2024-03-19 03:00:00,0.0,0.0,0.0,False,True,False,0,no_power,0.0,0.0,0.0,0.0,0.0,0.0,0.0,0.0
2024-03-19 04:00:00,0.0,0.0,0.0,False,True,False,0,no_power,0.0,0.0,0.0,0.0,0.0,0.0,0.0,0.0
2024-03-19 05:00:00,0.0,0.0,0.0,False,True,False,0,no_power,0.0,0.0,0.0,0.0,0.0,0.0,0.0,0.0
2024-03-19 06:00:00,0.0,0.0,0.0,False,True,False,0,no_power,0.0,0.0,0.0,0.0,0.0,0.0,0.0,0.0
2024-03-19 07:00:00,0.153,0.147,31.0,True,True,False,0,no_power,0.0,0.0,0.0,0.0,0.0,0.0,0.0,0.0
2024-03-19 08:00:00,1.275,1.224,310.0,True,True,False,0,no_power,0.0,0.0,0.0,0.0,0.0,0.0,0.0,0.0
2024-03-19 09:00:00,2.075,1.992,528.0,True,True,True,1,ok,1.263,0.0,1.263,0.0,0.729,0.0,0.0,0.0
2024-03-19 10:00:00,2.728,2.619,711.0,True,True,True,2,ok,1.263,0.0,1.263,0.0,1.356,0.0,0.0,0.0
2024-03-19 11:00:00,3.164,3.037,839.0,True,True,True,3,ok,1.263,0.0,1.263,0.0,1.774,0.0,0.0,0.0
2024-03-19 12:00:00,1.456,1.397,302.0,True,True,True,4,ok,1.263,0.0,1.263,0.0,0.134,0.0,0.0,0.0
2024-03-19 13:00:00,1.658,1.592,345.0,True,True,True,5,ok,1.263,0.0,1.263,0.0,0.329,0.0,0.0,0.0
2024-03-19 14:00:00,2.601,2.497,586.0,True,True,True,6,ok,1.263,0.0,1.263,0.0,1.234,0.0,0.0,0.0
2024-03-19 15:00:00,1.784,1.712,382.0,True,True,False,6,cap_reached,0.0,0.0,0.0,0.0,1.712,0.0,0.0,0.0
2024-03-19 16:00:00,0.372,0.358,75.0,True,True,False,6,cap_reached,0.0,0.0,0.0,0.0,0.358,0.0,0.0,0.0
2024-03-19 17:00:00,0.368,0.354,74.0,True,True,False,6,cap_reached,0.0,0.0,0.0,0.0,0.354,0.0,0.0,0.0
2024-03-19 18:00:00,0.194,0.186,42.0,True,True,False,6,cap_reached,0.0,0.0,0.0,0.0,0.186,0.0,0.0,0.0
2024-03-19 19:00:00,0.0,0.0,0.0,False,True,False,6,cap_reached,0.0,0.0,0.0,0.0,0.0,0.0,0.0,0.0
2024-03-19 20:00:00,0.0,0.0,0.0,False,True,False,6,cap_reached,0.0,0.0,0.0,0.0,0.0,0.0,0.0,0.0
2024-03-19 21:00:00,0.0,0.0,0.0,False,True,False,6,cap_reached,0.0,0.0,0.0,0.0,0.0,0.0,0.0,0.0
2024-03-19 22:00:00,0.0,0.0,0.0,False,True,False,6,cap_reached,0.0,0.0,0.0,0.0,0.0,0.0,0.0,0.0
2024-03-19 23:00:00,0.0,0.0,0.0,False,True,False,6,cap_reached,0.0,0.0,0.0,0.0,0.0,0.0,0.0,0.0
2024-03-20 00:00:00,0.0,0.0,0.0,False,True,False,0,no_power,0.0,0.0,0.0,0.0,0.0,0.0,0.0,0.0
2024-03-20 01:00:00,0.0,0.0,0.0,False,True,False,0,no_power,0.0,0.0,0.0,0.0,0.0,0.0,0.0,0.0
2024-03-20 02:00:00,0.0,0.0,0.0,False,True,False,0,no_power,0.0,0.0,0.0,0.0,0.0,0.0,0.0,0.0
2024-03-20 03:00:00,0.0,0.0,0.0,False,True,False,0,no_power,0.0,0.0,0.0,0.0,0.0,0.0,0.0,0.0
2024-03-20 04:00:00,0.0,0.0,0.0,False,True,False,0,no_power,0.0,0.0,0.0,0.0,0.0,0.0,0.0,0.0
2024-03-20 05:00:00,0.0,0.0,0.0,False,True,False,0,no_power,0.0,0.0,0.0,0.0,0.0,0.0,0.0,0.0
2024-03-20 06:00:00,0.0,0.0,0.0,False,True,False,0,no_power,0.0,0.0,0.0,0.0,0.0,0.0,0.0,0.0
2024-03-20 07:00:00,0.489,0.47,114.0,True,True,False,0,no_power,0.0,0.0,0.0,0.0,0.0,0.0,0.0,0.0
2024-03-20 08:00:00,1.385,1.329,348.0,True,True,True,1,ok,1.263,0.0,1.263,0.0,0.066,0.0,0.0,0.0
2024-03-20 09:00:00,2.213,2.125,580.0,True,True,True,2,ok,1.263,0.0,1.263,0.0,0.862,0.0,0.0,0.0
2024-03-20 10:00:00,2.874,2.759,776.0,True,True,True,3,ok,1.263,0.0,1.263,0.0,1.496,0.0,0.0,0.0
2024-03-20 11:00:00,3.318,3.186,909.0,True,True,True,4,ok,1.263,0.0,1.263,0.0,1.923,0.0,0.0,0.0
2024-03-20 12:00:00,3.522,3.381,972.0,True,True,True,5,ok,1.263,0.0,1.263,0.0,2.118,0.0,0.0,0.0
2024-03-20 13:00:00,3.481,3.341,959.0,True,True,True,6,ok,1.263,0.0,1.263,0.0,2.078,0.0,0.0,0.0
2024-03-20 14:00:00,3.183,3.055,872.0,True,True,False,6,cap_reached,0.0,0.0,0.0,0.0,3.055,0.0,0.0,0.0
2024-03-20 15:00:00,2.664,2.557,717.0,True,True,False,6,cap_reached,0.0,0.0,0.0,0.0,2.557,0.0,0.0,0.0
2024-03-20 16:00:00,1.944,1.866,511.0,True,True,False,6,cap_reached,0.0,0.0,0.0,0.0,1.866,0.0,0.0,0.0
2024-03-20 17:00:00,1.08,1.037,273.0,True,True,False,6,cap_reached,0.0,0.0,0.0,0.0,1.037,0.0,0.0,0.0
2024-03-20 18:00:00,0.224,0.215,51.0,True,True,False,6,cap_reached,0.0,0.0,0.0,0.0,0.215,0.0,0.0,0.0
2024-03-20 19:00:00,0.0,0.0,0.0,False,True,False,6,cap_reached,0.0,0.0,0.0,0.0,0.0,0.0,0.0,0.0
2024-03-20 20:00:00,0.0,0.0,0.0,False,True,False,6,cap_reached,0.0,0.0,0.0,0.0,0.0,0.0,0.0,0.0
2024-03-20 21:00:00,0.0,0.0,0.0,False,True,False,6,cap_reached,0.0,0.0,0.0,0.0,0.0,0.0,0.0,0.0
2024-03-20 22:00:00,0.0,0.0,0.0,False,True,False,6,cap_reached,0.0,0.0,0.0,0.0,0.0,0.0,0.0,0.0
2024-03-20 23:00:00,0.0,0.0,0.0,False,True,False,6,cap_reached,0.0,0.0,0.0,0.0,0.0,0.0,0.0,0.0
2024-03-21 00:00:00,0.0,0.0,0.0,False,True,False,0,no_power,0.0,0.0,0.0,0.0,0.0,0.0,0.0,0.0
2024-03-21 01:00:00,0.0,0.0,0.0,False,True,False,0,no_power,0.0,0.0,0.0,0.0,0.0,0.0,0.0,0.0
2024-03-21 02:00:00,0.0,0.0,0.0,False,True,False,0,no_power,0.0,0.0,0.0,0.0,0.0,0.0,0.0,0.0
2024-03-21 03:00:00,0.0,0.0,0.0,False,True,False,0,no_power,0.0,0.0,0.0,0.0,0.0,0.0,0.0,0.0
2024-03-21 04:00:00,0.0,0.0,0.0,False,True,False,0,no_power,0.0,0.0,0.0,0.0,0.0,0.0,0.0,0.0
2024-03-21 05:00:00,0.0,0.0,0.0,False,True,False,0,no_power,0.0,0.0,0.0,0.0,0.0,0.0,0.0,0.0
2024-03-21 06:00:00,0.0,0.0,0.0,False,True,False,0,no_power,0.0,0.0,0.0,0.0,0.0,0.0,0.0,0.0
2024-03-21 07:00:00,0.519,0.499,123.0,True,True,False,0,no_power,0.0,0.0,0.0,0.0,0.0,0.0,0.0,0.0
2024-03-21 08:00:00,1.414,1.357,359.0,True,True,True,1,ok,1.263,0.0,1.263,0.0,0.094,0.0,0.0,0.0
2024-03-21 09:00:00,2.234,2.145,587.0,True,True,True,2,ok,1.263,0.0,1.263,0.0,0.882,0.0,0.0,0.0
2024-03-21 10:00:00,2.881,2.766,778.0,True,True,True,3,ok,1.263,0.0,1.263,0.0,1.503,0.0,0.0,0.0
2024-03-21 11:00:00,3.318,3.186,909.0,True,True,True,4,ok,1.263,0.0,1.263,0.0,1.923,0.0,0.0,0.0
2024-03-21 12:00:00,3.522,3.382,970.0,True,True,True,5,ok,1.263,0.0,1.263,0.0,2.119,0.0,0.0,0.0
2024-03-21 13:00:00,3.475,3.336,958.0,True,True,True,6,ok,1.263,0.0,1.263,0.0,2.073,0.0,0.0,0.0
2024-03-21 14:00:00,3.178,3.051,869.0,True,True,False,6,cap_reached,0.0,0.0,0.0,0.0,3.051,0.0,0.0,0.0
2024-03-21 15:00:00,2.663,2.557,715.0,True,True,False,6,cap_reached,0.0,0.0,0.0,0.0,2.557,0.0,0.0,0.0
2024-03-21 16:00:00,1.953,1.875,510.0,True,True,False,6,cap_reached,0.0,0.0,0.0,0.0,1.875,0.0,0.0,0.0
2024-03-21 17:00:00,1.092,1.048,273.0,True,True,False,6,cap_reached,0.0,0.0,0.0,0.0,1.048,0.0,0.0,0.0
2024-03-21 18:00:00,0.231,0.222,51.0,True,True,False,6,cap_reached,0.0,0.0,0.0,0.0,0.222,0.0,0.0,0.0
2024-03-21 19:00:00,0.0,0.0,0.0,False,True,False,6,cap_reached,0.0,0.0,0.0,0.0,0.0,0.0,0.0,0.0
2024-03-21 20:00:00,0.0,0.0,0.0,False,True,False,6,cap_reached,0.0,0.0,0.0,0.0,0.0,0.0,0.0,0.0
2024-03-21 21:00:00,0.0,0.0,0.0,False,True,False,6,cap_reached,0.0,0.0,0.0,0.0,0.0,0.0,0.0,0.0
2024-03-21 22:00:00,0.0,0.0,0.0,False,True,False,6,cap_reached,0.0,0.0,0.0,0.0,0.0,0.0,0.0,0.0
2024-03-21 23:00:00,0.0,0.0,0.0,False,True,False,6,cap_reached,0.0,0.0,0.0,0.0,0.0,0.0,0.0,0.0
2024-03-22 00:00:00,0.0,0.0,0.0,False,True,False,0,no_power,0.0,0.0,0.0,0.0,0.0,0.0,0.0,0.0
2024-03-22 01:00:00,0.0,0.0,0.0,False,True,False,0,no_power,0.0,0.0,0.0,0.0,0.0,0.0,0.0,0.0
2024-03-22 02:00:00,0.0,0.0,0.0,False,True,False,0,no_power,0.0,0.0,0.0,0.0,0.0,0.0,0.0,0.0
2024-03-22 03:00:00,0.0,0.0,0.0,False,True,False,0,no_power,0.0,0.0,0.0,0.0,0.0,0.0,0.0,0.0
2024-03-22 04:00:00,0.0,0.0,0.0,False,True,False,0,no_power,0.0,0.0,0.0,0.0,0.0,0.0,0.0,0.0
2024-03-22 05:00:00,0.0,0.0,0.0,False,True,False,0,no_power,0.0,0.0,0.0,0.0,0.0,0.0,0.0,0.0
2024-03-22 06:00:00,0.0,0.0,0.0,False,True,False,0,no_power,0.0,0.0,0.0,0.0,0.0,0.0,0.0,0.0
2024-03-22 07:00:00,0.281,0.269,56.0,True,True,False,0,no_power,0.0,0.0,0.0,0.0,0.0,0.0,0.0,0.0
2024-03-22 08:00:00,1.292,1.24,303.0,True,True,False,0,no_power,0.0,0.0,0.0,0.0,0.0,0.0,0.0,0.0
2024-03-22 09:00:00,1.961,1.883,474.0,True,True,True,1,ok,1.263,0.0,1.263,0.0,0.62,0.0,0.0,0.0
2024-03-22 10:00:00,2.606,2.502,606.0,True,True,True,2,ok,1.263,0.0,1.263,0.0,1.239,0.0,0.0,0.0
2024-03-22 11:00:00,1.097,1.053,226.0,True,True,False,2,no_power,0.0,0.0,0.0,0.0,0.0,0.0,0.0,0.0
2024-03-22 12:00:00,2.554,2.452,586.0,True,True,True,3,ok,1.263,0.0,1.263,0.0,1.189,0.0,0.0,0.0
2024-03-22 13:00:00,2.51,2.409,563.0,True,True,True,4,ok,1.263,0.0,1.263,0.0,1.146,0.0,0.0,0.0
2024-03-22 14:00:00,2.003,1.923,436.0,True,True,True,5,ok,1.263,0.0,1.263,0.0,0.66,0.0,0.0,0.0
2024-03-22 15:00:00,2.505,2.405,627.0,True,True,True,6,ok,1.263,0.0,1.263,0.0,1.142,0.0,0.0,0.0
2024-03-22 16:00:00,1.569,1.507,352.0,True,True,False,6,cap_reached,0.0,0.0,0.0,0.0,1.507,0.0,0.0,0.0
2024-03-22 17:00:00,0.213,0.205,44.0,True,True,False,6,cap_reached,0.0,0.0,0.0,0.0,0.205,0.0,0.0,0.0
2024-03-22 18:00:00,0.207,0.198,42.0,True,True,False,6,cap_reached,0.0,0.0,0.0,0.0,0.198,0.0,0.0,0.0
2024-03-22 19:00:00,0.0,0.0,0.0,False,True,False,6,cap_reached,0.0,0.0,0.0,0.0,0.0,0.0,0.0,0.0
2024-03-22 20:00:00,0.0,0.0,0.0,False,True,False,6,cap_reached,0.0,0.0,0.0,0.0,0.0,0.0,0.0,0.0
2024-03-22 21:00:00,0.0,0.0,0.0,False,True,False,6,cap_reached,0.0,0.0,0.0,0.0,0.0,0.0,0.0,0.0
2024-03-22 22:00:00,0.0,0.0,0.0,False,True,False,6,cap_reached,0.0,0.0,0.0,0.0,0.0,0.0,0.0,0.0
2024-03-22 23:00:00,0.0,0.0,0.0,False,True,False,6,cap_reached,0.0,0.0,0.0,0.0,0.0,0.0,0.0,0.0
2024-03-23 00:00:00,0.0,0.0,0.0,False,True,False,0,no_power,0.0,0.0,0.0,0.0,0.0,0.0,0.0,0.0
2024-03-23 01:00:00,0.0,0.0,0.0,False,True,False,0,no_power,0.0,0.0,0.0,0.0,0.0,0.0,0.0,0.0
2024-03-23 02:00:00,0.0,0.0,0.0,False,True,False,0,no_power,0.0,0.0,0.0,0.0,0.0,0.0,0.0,0.0
2024-03-23 03:00:00,0.0,0.0,0.0,False,True,False,0,no_power,0.0,0.0,0.0,0.0,0.0,0.0,0.0,0.0
2024-03-23 04:00:00,0.0,0.0,0.0,False,True,False,0,no_power,0.0,0.0,0.0,0.0,0.0,0.0,0.0,0.0
2024-03-23 05:00:00,0.0,0.0,0.0,False,True,False,0,no_power,0.0,0.0,0.0,0.0,0.0,0.0,0.0,0.0
2024-03-23 06:00:00,0.0,0.0,0.0,False,True,False,0,no_power,0.0,0.0,0.0,0.0,0.0,0.0,0.0,0.0
2024-03-23 07:00:00,0.174,0.167,36.0,True,True,False,0,no_power,0.0,0.0,0.0,0.0,0.0,0.0,0.0,0.0
2024-03-23 08:00:00,0.583,0.559,119.0,True,True,False,0,no_power,0.0,0.0,0.0,0.0,0.0,0.0,0.0,0.0
2024-03-23 09:00:00,1.979,1.9,479.0,True,True,True,1,ok,1.263,0.0,1.263,0.0,0.637,0.0,0.0,0.0
2024-03-23 10:00:00,0.129,0.124,26.0,True,True,False,1,no_power,0.0,0.0,0.0,0.0,0.0,0.0,0.0,0.0
2024-03-23 11:00:00,0.282,0.271,57.0,True,True,False,1,no_power,0.0,0.0,0.0,0.0,0.0,0.0,0.0,0.0
2024-03-23 12:00:00,1.279,1.227,265.0,True,True,False,1,no_power,0.0,0.0,0.0,0.0,0.0,0.0,0.0,0.0
2024-03-23 13:00:00,0.576,0.553,117.0,True,True,False,1,no_power,0.0,0.0,0.0,0.0,0.0,0.0,0.0,0.0
2024-03-23 14:00:00,0.61,0.586,124.0,True,True,False,1,no_power,0.0,0.0,0.0,0.0,0.0,0.0,0.0,0.0
2024-03-23 15:00:00,1.103,1.058,227.0,True,True,False,1,no_power,0.0,0.0,0.0,0.0,0.0,0.0,0.0,0.0
2024-03-23 16:00:00,0.204,0.196,41.0,True,True,False,1,no_power,0.0,0.0,0.0,0.0,0.0,0.0,0.0,0.0
2024-03-23 17:00:00,0.025,0.024,5.0,False,True,False,1,no_power,0.0,0.0,0.0,0.0,0.0,0.0,0.0,0.0
2024-03-23 18:00:00,0.212,0.203,45.0,True,True,False,1,no_power,0.0,0.0,0.0,0.0,0.0,0.0,0.0,0.0
2024-03-23 19:00:00,0.0,0.0,0.0,False,True,False,1,no_power,0.0,0.0,0.0,0.0,0.0,0.0,0.0,0.0
2024-03-23 20:00:00,0.0,0.0,0.0,False,True,False,1,no_power,0.0,0.0,0.0,0.0,0.0,0.0,0.0,0.0
2024-03-23 21:00:00,0.0,0.0,0.0,False,True,False,1,no_power,0.0,0.0,0.0,0.0,0.0,0.0,0.0,0.0
2024-03-23 22:00:00,0.0,0.0,0.0,False,True,False,1,no_power,0.0,0.0,0.0,0.0,0.0,0.0,0.0,0.0
2024-03-23 23:00:00,0.0,0.0,0.0,False,True,False,1,no_power,0.0,0.0,0.0,0.0,0.0,0.0,0.0,0.0
2024-03-24 00:00:00,0.0,0.0,0.0,False,True,False,0,no_power,0.0,0.0,0.0,0.0,0.0,0.0,0.0,0.0
2024-03-24 01:00:00,0.0,0.0,0.0,False,True,False,0,no_power,0.0,0.0,0.0,0.0,0.0,0.0,0.0,0.0
2024-03-24 02:00:00,0.0,0.0,0.0,False,True,False,0,no_power,0.0,0.0,0.0,0.0,0.0,0.0,0.0,0.0
2024-03-24 03:00:00,0.0,0.0,0.0,False,True,False,0,no_power,0.0,0.0,0.0,0.0,0.0,0.0,0.0,0.0
2024-03-24 04:00:00,0.0,0.0,0.0,False,True,False,0,no_power,0.0,0.0,0.0,0.0,0.0,0.0,0.0,0.0
2024-03-24 05:00:00,0.0,0.0,0.0,False,True,False,0,no_power,0.0,0.0,0.0,0.0,0.0,0.0,0.0,0.0
2024-03-24 06:00:00,0.0,0.0,0.0,False,True,False,0,no_power,0.0,0.0,0.0,0.0,0.0,0.0,0.0,0.0
2024-03-24 07:00:00,0.585,0.562,134.0,True,True,False,0,no_power,0.0,0.0,0.0,0.0,0.0,0.0,0.0,0.0
2024-03-24 08:00:00,1.508,1.448,375.0,True,True,True,1,ok,1.263,0.0,1.263,0.0,0.185,0.0,0.0,0.0
2024-03-24 09:00:00,2.338,2.244,607.0,True,True,True,2,ok,1.263,0.0,1.263,0.0,0.981,0.0,0.0,0.0
2024-03-24 10:00:00,2.983,2.864,797.0,True,True,True,3,ok,1.263,0.0,1.263,0.0,1.601,0.0,0.0,0.0
2024-03-24 11:00:00,3.42,3.283,928.0,True,True,True,4,ok,1.263,0.0,1.263,0.0,2.02,0.0,0.0,0.0
2024-03-24 12:00:00,3.609,3.465,987.0,True,True,True,5,ok,1.263,0.0,1.263,0.0,2.202,0.0,0.0,0.0
2024-03-24 13:00:00,2.901,2.785,660.0,True,True,True,6,ok,1.263,0.0,1.263,0.0,1.522,0.0,0.0,0.0
2024-03-24 14:00:00,2.24,2.151,487.0,True,True,False,6,cap_reached,0.0,0.0,0.0,0.0,2.151,0.0,0.0,0.0
2024-03-24 15:00:00,2.704,2.596,719.0,True,True,False,6,cap_reached,0.0,0.0,0.0,0.0,2.596,0.0,0.0,0.0
2024-03-24 16:00:00,0.674,0.647,137.0,True,True,False,6,cap_reached,0.0,0.0,0.0,0.0,0.647,0.0,0.0,0.0
2024-03-24 17:00:00,1.132,1.087,278.0,True,True,False,6,cap_reached,0.0,0.0,0.0,0.0,1.087,0.0,0.0,0.0
2024-03-24 18:00:00,0.261,0.251,55.0,True,True,False,6,cap_reached,0.0,0.0,0.0,0.0,0.251,0.0,0.0,0.0
2024-03-24 19:00:00,0.0,0.0,0.0,False,True,False,6,cap_reached,0.0,0.0,0.0,0.0,0.0,0.0,0.0,0.0
2024-03-24 20:00:00,0.0,0.0,0.0,False,True,False,6,cap_reached,0.0,0.0,0.0,0.0,0.0,0.0,0.0,0.0
2024-03-24 21:00:00,0.0,0.0,0.0,False,True,False,6,cap_reached,0.0,0.0,0.0,0.0,0.0,0.0,0.0,0.0
2024-03-24 22:00:00,0.0,0.0,0.0,False,True,False,6,cap_reached,0.0,0.0,0.0,0.0,0.0,0.0,0.0,0.0
2024-03-24 23:00:00,0.0,0.0,0.0,False,True,False,6,cap_reached,0.0,0.0,0.0,0.0,0.0,0.0,0.0,0.0
2024-03-25 00:00:00,0.0,0.0,0.0,False,True,False,0,no_power,0.0,0.0,0.0,0.0,0.0,0.0,0.0,0.0
2024-03-25 01:00:00,0.0,0.0,0.0,False,True,False,0,no_power,0.0,0.0,0.0,0.0,0.0,0.0,0.0,0.0
2024-03-25 02:00:00,0.0,0.0,0.0,False,True,False,0,no_power,0.0,0.0,0.0,0.0,0.0,0.0,0.0,0.0
2024-03-25 03:00:00,0.0,0.0,0.0,False,True,False,0,no_power,0.0,0.0,0.0,0.0,0.0,0.0,0.0,0.0
2024-03-25 04:00:00,0.0,0.0,0.0,False,True,False,0,no_power,0.0,0.0,0.0,0.0,0.0,0.0,0.0,0.0
2024-03-25 05:00:00,0.0,0.0,0.0,False,True,False,0,no_power,0.0,0.0,0.0,0.0,0.0,0.0,0.0,0.0
2024-03-25 06:00:00,0.0,0.0,0.0,False,True,False,0,no_power,0.0,0.0,0.0,0.0,0.0,0.0,0.0,0.0
2024-03-25 07:00:00,0.607,0.583,137.0,True,True,False,0,no_power,0.0,0.0,0.0,0.0,0.0,0.0,0.0,0.0
2024-03-25 08:00:00,1.519,1.459,375.0,True,True,True,1,ok,1.263,0.0,1.263,0.0,0.196,0.0,0.0,0.0
2024-03-25 09:00:00,2.338,2.244,605.0,True,True,True,2,ok,1.263,0.0,1.263,0.0,0.981,0.0,0.0,0.0
2024-03-25 10:00:00,2.517,2.416,614.0,True,True,True,3,ok,1.263,0.0,1.263,0.0,1.153,0.0,0.0,0.0
2024-03-25 11:00:00,3.41,3.274,924.0,True,True,True,4,ok,1.263,0.0,1.263,0.0,2.011,0.0,0.0,0.0
2024-03-25 12:00:00,3.609,3.465,985.0,True,True,True,5,ok,1.263,0.0,1.263,0.0,2.202,0.0,0.0,0.0
2024-03-25 13:00:00,3.555,3.413,969.0,True,True,True,6,ok,1.263,0.0,1.263,0.0,2.15,0.0,0.0,0.0
2024-03-25 14:00:00,3.264,3.133,882.0,True,True,False,6,cap_reached,0.0,0.0,0.0,0.0,3.133,0.0,0.0,0.0
2024-03-25 15:00:00,2.274,2.183,506.0,True,True,False,6,cap_reached,0.0,0.0,0.0,0.0,2.183,0.0,0.0,0.0
2024-03-25 16:00:00,1.464,1.405,309.0,True,True,False,6,cap_reached,0.0,0.0,0.0,0.0,1.405,0.0,0.0,0.0
2024-03-25 17:00:00,0.491,0.472,99.0,True,True,False,6,cap_reached,0.0,0.0,0.0,0.0,0.472,0.0,0.0,0.0
2024-03-25 18:00:00,0.06,0.058,12.0,False,True,False,6,cap_reached,0.0,0.0,0.0,0.0,0.058,0.0,0.0,0.0
2024-03-25 19:00:00,0.0,0.0,0.0,False,True,False,6,cap_reached,0.0,0.0,0.0,0.0,0.0,0.0,0.0,0.0
2024-03-25 20:00:00,0.0,0.0,0.0,False,True,False,6,cap_reached,0.0,0.0,0.0,0.0,0.0,0.0,0.0,0.0
2024-03-25 21:00:00,0.0,0.0,0.0,False,True,False,6,cap_reached,0.0,0.0,0.0,0.0,0.0,0.0,0.0,0.0
2024-03-25 22:00:00,0.0,0.0,0.0,False,True,False,6,cap_reached,0.0,0.0,0.0,0.0,0.0,0.0,0.0,0.0
2024-03-25 23:00:00,0.0,0.0,0.0,False,True,False,6,cap_reached,0.0,0.0,0.0,0.0,0.0,0.0,0.0,0.0
2024-03-26 00:00:00,0.0,0.0,0.0,False,True,False,0,no_power,0.0,0.0,0.0,0.0,0.0,0.0,0.0,0.0
2024-03-26 01:00:00,0.0,0.0,0.0,False,True,False,0,no_power,0.0,0.0,0.0,0.0,0.0,0.0,0.0,0.0
2024-03-26 02:00:00,0.0,0.0,0.0,False,True,False,0,no_power,0.0,0.0,0.0,0.0,0.0,0.0,0.0,0.0
2024-03-26 03:00:00,0.0,0.0,0.0,False,True,False,0,no_power,0.0,0.0,0.0,0.0,0.0,0.0,0.0,0.0
2024-03-26 04:00:00,0.0,0.0,0.0,False,True,False,0,no_power,0.0,0.0,0.0,0.0,0.0,0.0,0.0,0.0
2024-03-26 05:00:00,0.0,0.0,0.0,False,True,False,0,no_power,0.0,0.0,0.0,0.0,0.0,0.0,0.0,0.0
2024-03-26 06:00:00,0.0,0.0,0.0,False,True,False,0,no_power,0.0,0.0,0.0,0.0,0.0,0.0,0.0,0.0
2024-03-26 07:00:00,0.609,0.585,130.0,True,True,False,0,no_power,0.0,0.0,0.0,0.0,0.0,0.0,0.0,0.0
2024-03-26 08:00:00,1.565,1.502,388.0,True,True,True,1,ok,1.263,0.0,1.263,0.0,0.239,0.0,0.0,0.0
2024-03-26 09:00:00,2.383,2.288,618.0,True,True,True,2,ok,1.263,0.0,1.263,0.0,1.025,0.0,0.0,0.0
2024-03-26 10:00:00,3.025,2.904,807.0,True,True,True,3,ok,1.263,0.0,1.263,0.0,1.641,0.0,0.0,0.0
2024-03-26 11:00:00,2.793,2.681,631.0,True,True,True,4,ok,1.263,0.0,1.263,0.0,1.418,0.0,0.0,0.0
2024-03-26 12:00:00,2.75,2.64,620.0,True,True,True,5,ok,1.263,0.0,1.263,0.0,1.377,0.0,0.0,0.0
2024-03-26 13:00:00,3.583,3.44,979.0,True,True,True,6,ok,1.263,0.0,1.263,0.0,2.177,0.0,0.0,0.0
2024-03-26 14:00:00,3.286,3.155,889.0,True,True,False,6,cap_reached,0.0,0.0,0.0,0.0,3.155,0.0,0.0,0.0
2024-03-26 15:00:00,2.76,2.649,732.0,True,True,False,6,cap_reached,0.0,0.0,0.0,0.0,2.649,0.0,0.0,0.0
2024-03-26 16:00:00,2.043,1.961,524.0,True,True,False,6,cap_reached,0.0,0.0,0.0,0.0,1.961,0.0,0.0,0.0
2024-03-26 17:00:00,1.184,1.137,287.0,True,True,False,6,cap_reached,0.0,0.0,0.0,0.0,1.137,0.0,0.0,0.0
2024-03-26 18:00:00,0.287,0.275,60.0,True,True,False,6,cap_reached,0.0,0.0,0.0,0.0,0.275,0.0,0.0,0.0
2024-03-26 19:00:00,0.0,0.0,0.0,False,True,False,6,cap_reached,0.0,0.0,0.0,0.0,0.0,0.0,0.0,0.0
2024-03-26 20:00:00,0.0,0.0,0.0,False,True,False,6,cap_reached,0.0,0.0,0.0,0.0,0.0,0.0,0.0,0.0
2024-03-26 21:00:00,0.0,0.0,0.0,False,True,False,6,cap_reached,0.0,0.0,0.0,0.0,0.0,0.0,0.0,0.0
2024-03-26 22:00:00,0.0,0.0,0.0,False,True,False,6,cap_reached,0.0,0.0,0.0,0.0,0.0,0.0,0.0,0.0
2024-03-26 23:00:00,0.0,0.0,0.0,False,True,False,6,cap_reached,0.0,0.0,0.0,0.0,0.0,0.0,0.0,0.0
2024-03-27 00:00:00,0.0,0.0,0.0,False,True,False,0,no_power,0.0,0.0,0.0,0.0,0.0,0.0,0.0,0.0
2024-03-27 01:00:00,0.0,0.0,0.0,False,True,False,0,no_power,0.0,0.0,0.0,0.0,0.0,0.0,0.0,0.0
2024-03-27 02:00:00,0.0,0.0,0.0,False,True,False,0,no_power,0.0,0.0,0.0,0.0,0.0,0.0,0.0,0.0
2024-03-27 03:00:00,0.0,0.0,0.0,False,True,False,0,no_power,0.0,0.0,0.0,0.0,0.0,0.0,0.0,0.0
2024-03-27 04:00:00,0.0,0.0,0.0,False,True,False,0,no_power,0.0,0.0,0.0,0.0,0.0,0.0,0.0,0.0
2024-03-27 05:00:00,0.0,0.0,0.0,False,True,False,0,no_power,0.0,0.0,0.0,0.0,0.0,0.0,0.0,0.0
2024-03-27 06:00:00,0.0,0.0,0.0,False,True,False,0,no_power,0.0,0.0,0.0,0.0,0.0,0.0,0.0,0.0
2024-03-27 07:00:00,0.661,0.635,148.0,True,True,False,0,no_power,0.0,0.0,0.0,0.0,0.0,0.0,0.0,0.0
2024-03-27 08:00:00,1.577,1.514,386.0,True,True,True,1,ok,1.263,0.0,1.263,0.0,0.251,0.0,0.0,0.0
2024-03-27 09:00:00,2.39,2.295,615.0,True,True,True,2,ok,1.263,0.0,1.263,0.0,1.032,0.0,0.0,0.0
2024-03-27 10:00:00,2.606,2.502,592.0,True,True,True,3,ok,1.263,0.0,1.263,0.0,1.239,0.0,0.0,0.0
2024-03-27 11:00:00,2.184,2.097,470.0,True,True,True,4,ok,1.263,0.0,1.263,0.0,0.834,0.0,0.0,0.0
2024-03-27 12:00:00,2.417,2.321,529.0,True,True,True,5,ok,1.263,0.0,1.263,0.0,1.058,0.0,0.0,0.0
2024-03-27 13:00:00,1.394,1.338,289.0,True,True,True,6,ok,1.263,0.0,1.263,0.0,0.075,0.0,0.0,0.0
2024-03-27 14:00:00,2.968,2.849,697.0,True,True,False,6,cap_reached,0.0,0.0,0.0,0.0,2.849,0.0,0.0,0.0
2024-03-27 15:00:00,2.775,2.664,733.0,True,True,False,6,cap_reached,0.0,0.0,0.0,0.0,2.664,0.0,0.0,0.0
2024-03-27 16:00:00,2.059,1.977,525.0,True,True,False,6,cap_reached,0.0,0.0,0.0,0.0,1.977,0.0,0.0,0.0
2024-03-27 17:00:00,0.543,0.521,111.0,True,True,False,6,cap_reached,0.0,0.0,0.0,0.0,0.521,0.0,0.0,0.0
2024-03-27 18:00:00,0.294,0.282,61.0,True,True,False,6,cap_reached,0.0,0.0,0.0,0.0,0.282,0.0,0.0,0.0
2024-03-27 19:00:00,0.0,0.0,0.0,False,True,False,6,cap_reached,0.0,0.0,0.0,0.0,0.0,0.0,0.0,0.0
2024-03-27 20:00:00,0.0,0.0,0.0,False,True,False,6,cap_reached,0.0,0.0,0.0,0.0,0.0,0.0,0.0,0.0
2024-03-27 21:00:00,0.0,0.0,0.0,False,True,False,6,cap_reached,0.0,0.0,0.0,0.0,0.0,0.0,0.0,0.0
2024-03-27 22:00:00,0.0,0.0,0.0,False,True,False,6,cap_reached,0.0,0.0,0.0,0.0,0.0,0.0,0.0,0.0
2024-03-27 23:00:00,0.0,0.0,0.0,False,True,False,6,cap_reached,0.0,0.0,0.0,0.0,0.0,0.0,0.0,0.0
2024-03-28 00:00:00,0.0,0.0,0.0,False,True,False,0,no_power,0.0,0.0,0.0,0.0,0.0,0.0,0.0,0.0
2024-03-28 01:00:00,0.0,0.0,0.0,False,True,False,0,no_power,0.0,0.0,0.0,0.0,0.0,0.0,0.0,0.0
2024-03-28 02:00:00,0.0,0.0,0.0,False,True,False,0,no_power,0.0,0.0,0.0,0.0,0.0,0.0,0.0,0.0
2024-03-28 03:00:00,0.0,0.0,0.0,False,True,False,0,no_power,0.0,0.0,0.0,0.0,0.0,0.0,0.0,0.0
2024-03-28 04:00:00,0.0,0.0,0.0,False,True,False,0,no_power,0.0,0.0,0.0,0.0,0.0,0.0,0.0,0.0
2024-03-28 05:00:00,0.0,0.0,0.0,False,True,False,0,no_power,0.0,0.0,0.0,0.0,0.0,0.0,0.0,0.0
2024-03-28 06:00:00,0.0,0.0,0.0,False,True,False,0,no_power,0.0,0.0,0.0,0.0,0.0,0.0,0.0,0.0
2024-03-28 07:00:00,0.302,0.29,61.0,True,True,False,0,no_power,0.0,0.0,0.0,0.0,0.0,0.0,0.0,0.0
2024-03-28 08:00:00,1.024,0.984,214.0,True,True,False,0,no_power,0.0,0.0,0.0,0.0,0.0,0.0,0.0,0.0
2024-03-28 09:00:00,1.974,1.895,456.0,True,True,True,1,ok,1.263,0.0,1.263,0.0,0.632,0.0,0.0,0.0
2024-03-28 10:00:00,2.433,2.336,570.0,True,True,True,2,ok,1.263,0.0,1.263,0.0,1.073,0.0,0.0,0.0
2024-03-28 11:00:00,2.682,2.575,630.0,True,True,True,3,ok,1.263,0.0,1.263,0.0,1.312,0.0,0.0,0.0
2024-03-28 12:00:00,2.768,2.658,645.0,True,True,True,4,ok,1.263,0.0,1.263,0.0,1.395,0.0,0.0,0.0
2024-03-28 13:00:00,2.144,2.058,463.0,True,True,True,5,ok,1.263,0.0,1.263,0.0,0.795,0.0,0.0,0.0
2024-03-28 14:00:00,1.047,1.005,217.0,True,True,False,5,no_power,0.0,0.0,0.0,0.0,0.0,0.0,0.0,0.0
2024-03-28 15:00:00,2.281,2.19,529.0,True,True,True,6,ok,1.263,0.0,1.263,0.0,0.927,0.0,0.0,0.0
2024-03-28 16:00:00,1.419,1.363,310.0,True,True,False,6,cap_reached,0.0,0.0,0.0,0.0,1.363,0.0,0.0,0.0
2024-03-28 17:00:00,0.604,0.58,124.0,True,True,False,6,cap_reached,0.0,0.0,0.0,0.0,0.58,0.0,0.0,0.0
2024-03-28 18:00:00,0.04,0.038,8.0,False,True,False,6,cap_reached,0.0,0.0,0.0,0.0,0.038,0.0,0.0,0.0
2024-03-28 19:00:00,0.0,0.0,0.0,False,True,False,6,cap_reached,0.0,0.0,0.0,0.0,0.0,0.0,0.0,0.0
2024-03-28 20:00:00,0.0,0.0,0.0,False,True,False,6,cap_reached,0.0,0.0,0.0,0.0,0.0,0.0,0.0,0.0
2024-03-28 21:00:00,0.0,0.0,0.0,False,True,False,6,cap_reached,0.0,0.0,0.0,0.0,0.0,0.0,0.0,0.0
2024-03-28 22:00:00,0.0,0.0,0.0,False,True,False,6,cap_reached,0.0,0.0,0.0,0.0,0.0,0.0,0.0,0.0
2024-03-28 23:00:00,0.0,0.0,0.0,False,True,False,6,cap_reached,0.0,0.0,0.0,0.0,0.0,0.0,0.0,0.0
2024-03-29 00:00:00,0.0,0.0,0.0,False,True,False,0,no_power,0.0,0.0,0.0,0.0,0.0,0.0,0.0,0.0
2024-03-29 01:00:00,0.0,0.0,0.0,False,True,False,0,no_power,0.0,0.0,0.0,0.0,0.0,0.0,0.0,0.0
2024-03-29 02:00:00,0.0,0.0,0.0,False,True,False,0,no_power,0.0,0.0,0.0,0.0,0.0,0.0,0.0,0.0
2024-03-29 03:00:00,0.0,0.0,0.0,False,True,False,0,no_power,0.0,0.0,0.0,0.0,0.0,0.0,0.0,0.0
2024-03-29 04:00:00,0.0,0.0,0.0,False,True,False,0,no_power,0.0,0.0,0.0,0.0,0.0,0.0,0.0,0.0
2024-03-29 05:00:00,0.0,0.0,0.0,False,True,False,0,no_power,0.0,0.0,0.0,0.0,0.0,0.0,0.0,0.0
2024-03-29 06:00:00,0.0,0.0,0.0,False,True,False,0,no_power,0.0,0.0,0.0,0.0,0.0,0.0,0.0,0.0
2024-03-29 07:00:00,0.716,0.687,156.0,True,True,False,0,no_power,0.0,0.0,0.0,0.0,0.0,0.0,0.0,0.0
2024-03-29 08:00:00,1.643,1.577,396.0,True,True,True,1,ok,1.263,0.0,1.263,0.0,0.314,0.0,0.0,0.0
2024-03-29 09:00:00,2.473,2.374,625.0,True,True,True,2,ok,1.263,0.0,1.263,0.0,1.111,0.0,0.0,0.0
2024-03-29 10:00:00,2.83,2.717,650.0,True,True,True,3,ok,1.263,0.0,1.263,0.0,1.454,0.0,0.0,0.0
2024-03-29 11:00:00,2.689,2.582,598.0,True,True,True,4,ok,1.263,0.0,1.263,0.0,1.319,0.0,0.0,0.0
2024-03-29 12:00:00,2.776,2.665,620.0,True,True,True,5,ok,1.263,0.0,1.263,0.0,1.402,0.0,0.0,0.0
2024-03-29 13:00:00,2.929,2.812,659.0,True,True,True,6,ok,1.263,0.0,1.263,0.0,1.549,0.0,0.0,0.0
2024-03-29 14:00:00,3.399,3.263,898.0,True,True,False,6,cap_reached,0.0,0.0,0.0,0.0,3.263,0.0,0.0,0.0
2024-03-29 15:00:00,2.866,2.751,740.0,True,True,False,6,cap_reached,0.0,0.0,0.0,0.0,2.751,0.0,0.0,0.0
2024-03-29 16:00:00,2.136,2.051,532.0,True,True,False,6,cap_reached,0.0,0.0,0.0,0.0,2.051,0.0,0.0,0.0
2024-03-29 17:00:00,1.249,1.199,291.0,True,True,False,6,cap_reached,0.0,0.0,0.0,0.0,1.199,0.0,0.0,0.0
2024-03-29 18:00:00,0.317,0.304,62.0,True,True,False,6,cap_reached,0.0,0.0,0.0,0.0,0.304,0.0,0.0,0.0
2024-03-29 19:00:00,0.0,0.0,0.0,False,True,False,6,cap_reached,0.0,0.0,0.0,0.0,0.0,0.0,0.0,0.0
2024-03-29 20:00:00,0.0,0.0,0.0,False,True,False,6,cap_reached,0.0,0.0,0.0,0.0,0.0,0.0,0.0,0.0
2024-03-29 21:00:00,0.0,0.0,0.0,False,True,False,6,cap_reached,0.0,0.0,0.0,0.0,0.0,0.0,0.0,0.0
2024-03-29 22:00:00,0.0,0.0,0.0,False,True,False,6,cap_reached,0.0,0.0,0.0,0.0,0.0,0.0,0.0,0.0
2024-03-29 23:00:00,0.0,0.0,0.0,False,True,False,6,cap_reached,0.0,0.0,0.0,0.0,0.0,0.0,0.0,0.0
2024-03-30 00:00:00,0.0,0.0,0.0,False,True,False,0,no_power,0.0,0.0,0.0,0.0,0.0,0.0,0.0,0.0
2024-03-30 01:00:00,0.0,0.0,0.0,False,True,False,0,no_power,0.0,0.0,0.0,0.0,0.0,0.0,0.0,0.0
2024-03-30 02:00:00,0.0,0.0,0.0,False,True,False,0,no_power,0.0,0.0,0.0,0.0,0.0,0.0,0.0,0.0
2024-03-30 03:00:00,0.0,0.0,0.0,False,True,False,0,no_power,0.0,0.0,0.0,0.0,0.0,0.0,0.0,0.0
2024-03-30 04:00:00,0.0,0.0,0.0,False,True,False,0,no_power,0.0,0.0,0.0,0.0,0.0,0.0,0.0,0.0
2024-03-30 05:00:00,0.0,0.0,0.0,False,True,False,0,no_power,0.0,0.0,0.0,0.0,0.0,0.0,0.0,0.0
2024-03-30 06:00:00,0.0,0.0,0.0,False,True,False,0,no_power,0.0,0.0,0.0,0.0,0.0,0.0,0.0,0.0
2024-03-30 07:00:00,0.739,0.709,158.0,True,True,False,0,no_power,0.0,0.0,0.0,0.0,0.0,0.0,0.0,0.0
2024-03-30 08:00:00,1.203,1.155,248.0,True,True,False,0,no_power,0.0,0.0,0.0,0.0,0.0,0.0,0.0,0.0
2024-03-30 09:00:00,2.217,2.128,492.0,True,True,True,1,ok,1.263,0.0,1.263,0.0,0.865,0.0,0.0,0.0
2024-03-30 10:00:00,1.573,1.51,324.0,True,True,True,2,ok,1.263,0.0,1.263,0.0,0.247,0.0,0.0,0.0
2024-03-30 11:00:00,3.293,3.161,772.0,True,True,True,3,ok,1.263,0.0,1.263,0.0,1.898,0.0,0.0,0.0
2024-03-30 12:00:00,3.788,3.637,1012.0,True,True,True,4,ok,1.263,0.0,1.263,0.0,2.374,0.0,0.0,0.0
2024-03-30 13:00:00,3.722,3.574,994.0,True,True,True,5,ok,1.263,0.0,1.263,0.0,2.311,0.0,0.0,0.0
2024-03-30 14:00:00,3.418,3.282,903.0,True,True,True,6,ok,1.263,0.0,1.263,0.0,2.019,0.0,0.0,0.0
2024-03-30 15:00:00,2.428,2.331,540.0,True,True,False,6,cap_reached,0.0,0.0,0.0,0.0,2.331,0.0,0.0,0.0
2024-03-30 16:00:00,2.149,2.063,533.0,True,True,False,6,cap_reached,0.0,0.0,0.0,0.0,2.063,0.0,0.0,0.0
2024-03-30 17:00:00,0.865,0.831,178.0,True,True,False,6,cap_reached,0.0,0.0,0.0,0.0,0.831,0.0,0.0,0.0
2024-03-30 18:00:00,0.015,0.014,3.0,False,True,False,6,cap_reached,0.0,0.0,0.0,0.0,0.014,0.0,0.0,0.0
2024-03-30 19:00:00,0.0,0.0,0.0,False,True,False,6,cap_reached,0.0,0.0,0.0,0.0,0.0,0.0,0.0,0.0
2024-03-30 20:00:00,0.0,0.0,0.0,False,True,False,6,cap_reached,0.0,0.0,0.0,0.0,0.0,0.0,0.0,0.0
2024-03-30 21:00:00,0.0,0.0,0.0,False,True,False,6,cap_reached,0.0,0.0,0.0,0.0,0.0,0.0,0.0,0.0
2024-03-30 22:00:00,0.0,0.0,0.0,False,True,False,6,cap_reached,0.0,0.0,0.0,0.0,0.0,0.0,0.0,0.0
2024-03-30 23:00:00,0.0,0.0,0.0,False,True,False,6,cap_reached,0.0,0.0,0.0,0.0,0.0,0.0,0.0,0.0
2024-03-31 00:00:00,0.0,0.0,0.0,False,True,False,0,no_power,0.0,0.0,0.0,0.0,0.0,0.0,0.0,0.0
2024-03-31 01:00:00,0.0,0.0,0.0,False,True,False,0,no_power,0.0,0.0,0.0,0.0,0.0,0.0,0.0,0.0
2024-03-31 02:00:00,0.0,0.0,0.0,False,True,False,0,no_power,0.0,0.0,0.0,0.0,0.0,0.0,0.0,0.0
2024-03-31 03:00:00,0.0,0.0,0.0,False,True,False,0,no_power,0.0,0.0,0.0,0.0,0.0,0.0,0.0,0.0
2024-03-31 04:00:00,0.0,0.0,0.0,False,True,False,0,no_power,0.0,0.0,0.0,0.0,0.0,0.0,0.0,0.0
2024-03-31 05:00:00,0.0,0.0,0.0,False,True,False,0,no_power,0.0,0.0,0.0,0.0,0.0,0.0,0.0,0.0
2024-03-31 06:00:00,0.0,0.0,0.0,False,True,False,0,no_power,0.0,0.0,0.0,0.0,0.0,0.0,0.0,0.0
2024-03-31 07:00:00,0.769,0.738,165.0,True,True,False,0,no_power,0.0,0.0,0.0,0.0,0.0,0.0,0.0,0.0
2024-03-31 08:00:00,0.93,0.893,190.0,True,True,False,0,no_power,0.0,0.0,0.0,0.0,0.0,0.0,0.0,0.0
2024-03-31 09:00:00,2.521,2.42,636.0,True,True,True,1,ok,1.263,0.0,1.263,0.0,1.157,0.0,0.0,0.0
2024-03-31 10:00:00,3.164,3.037,824.0,True,True,True,2,ok,1.263,0.0,1.263,0.0,1.774,0.0,0.0,0.0
2024-03-31 11:00:00,3.577,3.434,950.0,True,True,True,3,ok,1.263,0.0,1.263,0.0,2.171,0.0,0.0,0.0
2024-03-31 12:00:00,3.764,3.613,1008.0,True,True,True,4,ok,1.263,0.0,1.263,0.0,2.35,0.0,0.0,0.0
2024-03-31 13:00:00,3.221,3.092,747.0,True,True,True,5,ok,1.263,0.0,1.263,0.0,1.829,0.0,0.0,0.0
2024-03-31 14:00:00,3.39,3.255,898.0,True,True,True,6,ok,1.263,0.0,1.263,0.0,1.992,0.0,0.0,0.0
2024-03-31 15:00:00,2.875,2.76,743.0,True,True,False,6,cap_reached,0.0,0.0,0.0,0.0,2.76,0.0,0.0,0.0
2024-03-31 16:00:00,2.144,2.059,533.0,True,True,False,6,cap_reached,0.0,0.0,0.0,0.0,2.059,0.0,0.0,0.0
2024-03-31 17:00:00,1.271,1.22,294.0,True,True,False,6,cap_reached,0.0,0.0,0.0,0.0,1.22,0.0,0.0,0.0
2024-03-31 18:00:00,0.344,0.331,66.0,True,True,False,6,cap_reached,0.0,0.0,0.0,0.0,0.331,0.0,0.0,0.0
2024-03-31 19:00:00,0.0,0.0,0.0,False,True,False,6,cap_reached,0.0,0.0,0.0,0.0,0.0,0.0,0.0,0.0
2024-03-31 20:00:00,0.0,0.0,0.0,False,True,False,6,cap_reached,0.0,0.0,0.0,0.0,0.0,0.0,0.0,0.0
2024-03-31 21:00:00,0.0,0.0,0.0,False,True,False,6,cap_reached,0.0,0.0,0.0,0.0,0.0,0.0,0.0,0.0
2024-03-31 22:00:00,0.0,0.0,0.0,False,True,False,6,cap_reached,0.0,0.0,0.0,0.0,0.0,0.0,0.0,0.0
2024-03-31 23:00:00,0.0,0.0,0.0,False,True,False,6,cap_reached,0.0,0.0,0.0,0.0,0.0,0.0,0.0,0.0
2024-04-01 00:00:00,0.0,0.0,0.0,False,True,False,0,no_power,0.0,0.0,0.0,0.0,0.0,0.0,0.0,0.0
2024-04-01 01:00:00,0.0,0.0,0.0,False,True,False,0,no_power,0.0,0.0,0.0,0.0,0.0,0.0,0.0,0.0
2024-04-01 02:00:00,0.0,0.0,0.0,False,True,False,0,no_power,0.0,0.0,0.0,0.0,0.0,0.0,0.0,0.0
2024-04-01 03:00:00,0.0,0.0,0.0,False,True,False,0,no_power,0.0,0.0,0.0,0.0,0.0,0.0,0.0,0.0
2024-04-01 04:00:00,0.0,0.0,0.0,False,True,False,0,no_power,0.0,0.0,0.0,0.0,0.0,0.0,0.0,0.0
2024-04-01 05:00:00,0.0,0.0,0.0,False,True,False,0,no_power,0.0,0.0,0.0,0.0,0.0,0.0,0.0,0.0
2024-04-01 06:00:00,0.0,0.0,0.0,False,True,False,0,no_power,0.0,0.0,0.0,0.0,0.0,0.0,0.0,0.0
2024-04-01 07:00:00,0.209,0.201,42.0,True,True,False,0,no_power,0.0,0.0,0.0,0.0,0.0,0.0,0.0,0.0
2024-04-01 08:00:00,1.706,1.638,405.0,True,True,True,1,ok,1.263,0.0,1.263,0.0,0.375,0.0,0.0,0.0
2024-04-01 09:00:00,1.531,1.47,321.0,True,True,True,2,ok,1.263,0.0,1.263,0.0,0.207,0.0,0.0,0.0
2024-04-01 10:00:00,2.144,2.058,466.0,True,True,True,3,ok,1.263,0.0,1.263,0.0,0.795,0.0,0.0,0.0
2024-04-01 11:00:00,3.575,3.432,950.0,True,True,True,4,ok,1.263,0.0,1.263,0.0,2.169,0.0,0.0,0.0
2024-04-01 12:00:00,3.749,3.6,1005.0,True,True,True,5,ok,1.263,0.0,1.263,0.0,2.337,0.0,0.0,0.0
2024-04-01 13:00:00,3.688,3.541,987.0,True,True,True,6,ok,1.263,0.0,1.263,0.0,2.278,0.0,0.0,0.0
2024-04-01 14:00:00,3.387,3.251,896.0,True,True,False,6,cap_reached,0.0,0.0,0.0,0.0,3.251,0.0,0.0,0.0
2024-04-01 15:00:00,2.862,2.748,739.0,True,True,False,6,cap_reached,0.0,0.0,0.0,0.0,2.748,0.0,0.0,0.0
2024-04-01 16:00:00,1.687,1.619,363.0,True,True,False,6,cap_reached,0.0,0.0,0.0,0.0,1.619,0.0,0.0,0.0
2024-04-01 17:00:00,1.27,1.22,292.0,True,True,False,6,cap_reached,0.0,0.0,0.0,0.0,1.22,0.0,0.0,0.0
2024-04-01 18:00:00,0.344,0.33,66.0,True,True,False,6,cap_reached,0.0,0.0,0.0,0.0,0.33,0.0,0.0,0.0
2024-04-01 19:00:00,0.0,0.0,0.0,False,True,False,6,cap_reached,0.0,0.0,0.0,0.0,0.0,0.0,0.0,0.0
2024-04-01 20:00:00,0.0,0.0,0.0,False,True,False,6,cap_reached,0.0,0.0,0.0,0.0,0.0,0.0,0.0,0.0
2024-04-01 21:00:00,0.0,0.0,0.0,False,True,False,6,cap_reached,0.0,0.0,0.0,0.0,0.0,0.0,0.0,0.0
2024-04-01 22:00:00,0.0,0.0,0.0,False,True,False,6,cap_reached,0.0,0.0,0.0,0.0,0.0,0.0,0.0,0.0
2024-04-01 23:00:00,0.0,0.0,0.0,False,True,False,6,cap_reached,0.0,0.0,0.0,0.0,0.0,0.0,0.0,0.0
2024-04-02 00:00:00,0.0,0.0,0.0,False,True,False,0,no_power,0.0,0.0,0.0,0.0,0.0,0.0,0.0,0.0
2024-04-02 01:00:00,0.0,0.0,0.0,False,True,False,0,no_power,0.0,0.0,0.0,0.0,0.0,0.0,0.0,0.0
2024-04-02 02:00:00,0.0,0.0,0.0,False,True,False,0,no_power,0.0,0.0,0.0,0.0,0.0,0.0,0.0,0.0
2024-04-02 03:00:00,0.0,0.0,0.0,False,True,False,0,no_power,0.0,0.0,0.0,0.0,0.0,0.0,0.0,0.0
2024-04-02 04:00:00,0.0,0.0,0.0,False,True,False,0,no_power,0.0,0.0,0.0,0.0,0.0,0.0,0.0,0.0
2024-04-02 05:00:00,0.0,0.0,0.0,False,True,False,0,no_power,0.0,0.0,0.0,0.0,0.0,0.0,0.0,0.0
2024-04-02 06:00:00,0.0,0.0,0.0,False,True,False,0,no_power,0.0,0.0,0.0,0.0,0.0,0.0,0.0,0.0
2024-04-02 07:00:00,0.797,0.765,168.0,True,True,False,0,no_power,0.0,0.0,0.0,0.0,0.0,0.0,0.0,0.0
2024-04-02 08:00:00,1.454,1.395,312.0,True,True,True,1,ok,1.263,0.0,1.263,0.0,0.132,0.0,0.0,0.0
2024-04-02 09:00:00,2.543,2.442,638.0,True,True,True,2,ok,1.263,0.0,1.263,0.0,1.179,0.0,0.0,0.0
2024-04-02 10:00:00,3.176,3.049,830.0,True,True,True,3,ok,1.263,0.0,1.263,0.0,1.786,0.0,0.0,0.0
2024-04-02 11:00:00,3.591,3.447,957.0,True,True,True,4,ok,1.263,0.0,1.263,0.0,2.184,0.0,0.0,0.0
2024-04-02 12:00:00,1.579,1.515,331.0,True,True,True,5,ok,1.263,0.0,1.263,0.0,0.252,0.0,0.0,0.0
2024-04-02 13:00:00,2.888,2.773,655.0,True,True,True,6,ok,1.263,0.0,1.263,0.0,1.51,0.0,0.0,0.0
2024-04-02 14:00:00,3.383,3.248,892.0,True,True,False,6,cap_reached,0.0,0.0,0.0,0.0,3.248,0.0,0.0,0.0
2024-04-02 15:00:00,1.687,1.619,357.0,True,True,False,6,cap_reached,0.0,0.0,0.0,0.0,1.619,0.0,0.0,0.0
2024-04-02 16:00:00,0.408,0.392,83.0,True,True,False,6,cap_reached,0.0,0.0,0.0,0.0,0.392,0.0,0.0,0.0
2024-04-02 17:00:00,0.203,0.194,41.0,True,True,False,6,cap_reached,0.0,0.0,0.0,0.0,0.194,0.0,0.0,0.0
2024-04-02 18:00:00,0.213,0.205,43.0,True,True,False,6,cap_reached,0.0,0.0,0.0,0.0,0.205,0.0,0.0,0.0
2024-04-02 19:00:00,0.0,0.0,0.0,False,True,False,6,cap_reached,0.0,0.0,0.0,0.0,0.0,0.0,0.0,0.0
2024-04-02 20:00:00,0.0,0.0,0.0,False,True,False,6,cap_reached,0.0,0.0,0.0,0.0,0.0,0.0,0.0,0.0
2024-04-02 21:00:00,0.0,0.0,0.0,False,True,False,6,cap_reached,0.0,0.0,0.0,0.0,0.0,0.0,0.0,0.0
2024-04-02 22:00:00,0.0,0.0,0.0,False,True,False,6,cap_reached,0.0,0.0,0.0,0.0,0.0,0.0,0.0,0.0
2024-04-02 23:00:00,0.0,0.0,0.0,False,True,False,6,cap_reached,0.0,0.0,0.0,0.0,0.0,0.0,0.0,0.0
2024-04-03 00:00:00,0.0,0.0,0.0,False,True,False,0,no_power,0.0,0.0,0.0,0.0,0.0,0.0,0.0,0.0
2024-04-03 01:00:00,0.0,0.0,0.0,False,True,False,0,no_power,0.0,0.0,0.0,0.0,0.0,0.0,0.0,0.0
2024-04-03 02:00:00,0.0,0.0,0.0,False,True,False,0,no_power,0.0,0.0,0.0,0.0,0.0,0.0,0.0,0.0
2024-04-03 03:00:00,0.0,0.0,0.0,False,True,False,0,no_power,0.0,0.0,0.0,0.0,0.0,0.0,0.0,0.0
2024-04-03 04:00:00,0.0,0.0,0.0,False,True,False,0,no_power,0.0,0.0,0.0,0.0,0.0,0.0,0.0,0.0
2024-04-03 05:00:00,0.0,0.0,0.0,False,True,False,0,no_power,0.0,0.0,0.0,0.0,0.0,0.0,0.0,0.0
2024-04-03 06:00:00,0.0,0.0,0.0,False,True,False,0,no_power,0.0,0.0,0.0,0.0,0.0,0.0,0.0,0.0
2024-04-03 07:00:00,0.76,0.729,158.0,True,True,False,0,no_power,0.0,0.0,0.0,0.0,0.0,0.0,0.0,0.0
2024-04-03 08:00:00,1.677,1.61,390.0,True,True,True,1,ok,1.263,0.0,1.263,0.0,0.347,0.0,0.0,0.0
2024-04-03 09:00:00,1.794,1.722,384.0,True,True,True,2,ok,1.263,0.0,1.263,0.0,0.459,0.0,0.0,0.0
2024-04-03 10:00:00,3.1,2.976,795.0,True,True,True,3,ok,1.263,0.0,1.263,0.0,1.713,0.0,0.0,0.0
2024-04-03 11:00:00,3.515,3.374,924.0,True,True,True,4,ok,1.263,0.0,1.263,0.0,2.111,0.0,0.0,0.0
2024-04-03 12:00:00,3.157,3.031,768.0,True,True,True,5,ok,1.263,0.0,1.263,0.0,1.768,0.0,0.0,0.0
2024-04-03 13:00:00,3.399,3.263,819.0,True,True,True,6,ok,1.263,0.0,1.263,0.0,2.0,0.0,0.0,0.0
2024-04-03 14:00:00,3.358,3.224,881.0,True,True,False,6,cap_reached,0.0,0.0,0.0,0.0,3.224,0.0,0.0,0.0
2024-04-03 15:00:00,2.845,2.731,728.0,True,True,False,6,cap_reached,0.0,0.0,0.0,0.0,2.731,0.0,0.0,0.0
2024-04-03 16:00:00,2.126,2.041,522.0,True,True,False,6,cap_reached,0.0,0.0,0.0,0.0,2.041,0.0,0.0,0.0
2024-04-03 17:00:00,1.262,1.211,287.0,True,True,False,6,cap_reached,0.0,0.0,0.0,0.0,1.211,0.0,0.0,0.0
2024-04-03 18:00:00,0.34,0.327,64.0,True,True,False,6,cap_reached,0.0,0.0,0.0,0.0,0.327,0.0,0.0,0.0
2024-04-03 19:00:00,0.0,0.0,0.0,False,True,False,6,cap_reached,0.0,0.0,0.0,0.0,0.0,0.0,0.0,0.0
2024-04-03 20:00:00,0.0,0.0,0.0,False,True,False,6,cap_reached,0.0,0.0,0.0,0.0,0.0,0.0,0.0,0.0
2024-04-03 21:00:00,0.0,0.0,0.0,False,True,False,6,cap_reached,0.0,0.0,0.0,0.0,0.0,0.0,0.0,0.0
2024-04-03 22:00:00,0.0,0.0,0.0,False,True,False,6,cap_reached,0.0,0.0,0.0,0.0,0.0,0.0,0.0,0.0
2024-04-03 23:00:00,0.0,0.0,0.0,False,True,False,6,cap_reached,0.0,0.0,0.0,0.0,0.0,0.0,0.0,0.0
2024-04-04 00:00:00,0.0,0.0,0.0,False,True,False,0,no_power,0.0,0.0,0.0,0.0,0.0,0.0,0.0,0.0
2024-04-04 01:00:00,0.0,0.0,0.0,False,True,False,0,no_power,0.0,0.0,0.0,0.0,0.0,0.0,0.0,0.0
2024-04-04 02:00:00,0.0,0.0,0.0,False,True,False,0,no_power,0.0,0.0,0.0,0.0,0.0,0.0,0.0,0.0
2024-04-04 03:00:00,0.0,0.0,0.0,False,True,False,0,no_power,0.0,0.0,0.0,0.0,0.0,0.0,0.0,0.0
2024-04-04 04:00:00,0.0,0.0,0.0,False,True,False,0,no_power,0.0,0.0,0.0,0.0,0.0,0.0,0.0,0.0
2024-04-04 05:00:00,0.0,0.0,0.0,False,True,False,0,no_power,0.0,0.0,0.0,0.0,0.0,0.0,0.0,0.0
2024-04-04 06:00:00,0.0,0.0,0.0,False,True,False,0,no_power,0.0,0.0,0.0,0.0,0.0,0.0,0.0,0.0
2024-04-04 07:00:00,0.708,0.679,146.0,True,True,False,0,no_power,0.0,0.0,0.0,0.0,0.0,0.0,0.0,0.0
2024-04-04 08:00:00,1.306,1.254,279.0,True,True,False,0,no_power,0.0,0.0,0.0,0.0,0.0,0.0,0.0,0.0
2024-04-04 09:00:00,2.105,2.021,486.0,True,True,True,1,ok,1.263,0.0,1.263,0.0,0.758,0.0,0.0,0.0
2024-04-04 10:00:00,2.447,2.349,563.0,True,True,True,2,ok,1.263,0.0,1.263,0.0,1.086,0.0,0.0,0.0
2024-04-04 11:00:00,2.568,2.465,576.0,True,True,True,3,ok,1.263,0.0,1.263,0.0,1.202,0.0,0.0,0.0
2024-04-04 12:00:00,2.671,2.564,605.0,True,True,True,4,ok,1.263,0.0,1.263,0.0,1.301,0.0,0.0,0.0
2024-04-04 13:00:00,1.764,1.693,372.0,True,True,True,5,ok,1.263,0.0,1.263,0.0,0.43,0.0,0.0,0.0
2024-04-04 14:00:00,2.542,2.441,565.0,True,True,True,6,ok,1.263,0.0,1.263,0.0,1.178,0.0,0.0,0.0
2024-04-04 15:00:00,2.747,2.637,679.0,True,True,False,6,cap_reached,0.0,0.0,0.0,0.0,2.637,0.0,0.0,0.0
2024-04-04 16:00:00,1.155,1.109,238.0,True,True,False,6,cap_reached,0.0,0.0,0.0,0.0,1.109,0.0,0.0,0.0
2024-04-04 17:00:00,1.175,1.128,255.0,True,True,False,6,cap_reached,0.0,0.0,0.0,0.0,1.128,0.0,0.0,0.0
2024-04-04 18:00:00,0.269,0.258,52.0,True,True,False,6,cap_reached,0.0,0.0,0.0,0.0,0.258,0.0,0.0,0.0
2024-04-04 19:00:00,0.0,0.0,0.0,False,True,False,6,cap_reached,0.0,0.0,0.0,0.0,0.0,0.0,0.0,0.0
2024-04-04 20:00:00,0.0,0.0,0.0,False,True,False,6,cap_reached,0.0,0.0,0.0,0.0,0.0,0.0,0.0,0.0
2024-04-04 21:00:00,0.0,0.0,0.0,False,True,False,6,cap_reached,0.0,0.0,0.0,0.0,0.0,0.0,0.0,0.0
2024-04-04 22:00:00,0.0,0.0,0.0,False,True,False,6,cap_reached,0.0,0.0,0.0,0.0,0.0,0.0,0.0,0.0
2024-04-04 23:00:00,0.0,0.0,0.0,False,True,False,6,cap_reached,0.0,0.0,0.0,0.0,0.0,0.0,0.0,0.0
2024-04-05 00:00:00,0.0,0.0,0.0,False,True,False,0,no_power,0.0,0.0,0.0,0.0,0.0,0.0,0.0,0.0
2024-04-05 01:00:00,0.0,0.0,0.0,False,True,False,0,no_power,0.0,0.0,0.0,0.0,0.0,0.0,0.0,0.0
2024-04-05 02:00:00,0.0,0.0,0.0,False,True,False,0,no_power,0.0,0.0,0.0,0.0,0.0,0.0,0.0,0.0
2024-04-05 03:00:00,0.0,0.0,0.0,False,True,False,0,no_power,0.0,0.0,0.0,0.0,0.0,0.0,0.0,0.0
2024-04-05 04:00:00,0.0,0.0,0.0,False,True,False,0,no_power,0.0,0.0,0.0,0.0,0.0,0.0,0.0,0.0
2024-04-05 05:00:00,0.0,0.0,0.0,False,True,False,0,no_power,0.0,0.0,0.0,0.0,0.0,0.0,0.0,0.0
2024-04-05 06:00:00,0.0,0.0,0.0,False,True,False,0,no_power,0.0,0.0,0.0,0.0,0.0,0.0,0.0,0.0
2024-04-05 07:00:00,0.404,0.387,81.0,True,True,False,0,no_power,0.0,0.0,0.0,0.0,0.0,0.0,0.0,0.0
2024-04-05 08:00:00,1.727,1.658,395.0,True,True,True,1,ok,1.263,0.0,1.263,0.0,0.395,0.0,0.0,0.0
2024-04-05 09:00:00,2.577,2.474,628.0,True,True,True,2,ok,1.263,0.0,1.263,0.0,1.211,0.0,0.0,0.0
2024-04-05 10:00:00,3.23,3.101,819.0,True,True,True,3,ok,1.263,0.0,1.263,0.0,1.838,0.0,0.0,0.0
2024-04-05 11:00:00,3.651,3.505,947.0,True,True,True,4,ok,1.263,0.0,1.263,0.0,2.242,0.0,0.0,0.0
2024-04-05 12:00:00,3.836,3.682,1004.0,True,True,True,5,ok,1.263,0.0,1.263,0.0,2.419,0.0,0.0,0.0
2024-04-05 13:00:00,3.765,3.614,983.0,True,True,True,6,ok,1.263,0.0,1.263,0.0,2.351,0.0,0.0,0.0
2024-04-05 14:00:00,3.464,3.325,892.0,True,True,False,6,cap_reached,0.0,0.0,0.0,0.0,3.325,0.0,0.0,0.0
2024-04-05 15:00:00,2.94,2.822,738.0,True,True,False,6,cap_reached,0.0,0.0,0.0,0.0,2.822,0.0,0.0,0.0
2024-04-05 16:00:00,2.233,2.144,536.0,True,True,False,6,cap_reached,0.0,0.0,0.0,0.0,2.144,0.0,0.0,0.0
2024-04-05 17:00:00,1.35,1.296,299.0,True,True,False,6,cap_reached,0.0,0.0,0.0,0.0,1.296,0.0,0.0,0.0
2024-04-05 18:00:00,0.395,0.379,71.0,True,True,False,6,cap_reached,0.0,0.0,0.0,0.0,0.379,0.0,0.0,0.0
2024-04-05 19:00:00,0.0,0.0,0.0,False,True,False,6,cap_reached,0.0,0.0,0.0,0.0,0.0,0.0,0.0,0.0
2024-04-05 20:00:00,0.0,0.0,0.0,False,True,False,6,cap_reached,0.0,0.0,0.0,0.0,0.0,0.0,0.0,0.0
2024-04-05 21:00:00,0.0,0.0,0.0,False,True,False,6,cap_reached,0.0,0.0,0.0,0.0,0.0,0.0,0.0,0.0
2024-04-05 22:00:00,0.0,0.0,0.0,False,True,False,6,cap_reached,0.0,0.0,0.0,0.0,0.0,0.0,0.0,0.0
2024-04-05 23:00:00,0.0,0.0,0.0,False,True,False,6,cap_reached,0.0,0.0,0.0,0.0,0.0,0.0,0.0,0.0
2024-04-06 00:00:00,0.0,0.0,0.0,False,True,False,0,no_power,0.0,0.0,0.0,0.0,0.0,0.0,0.0,0.0
2024-04-06 01:00:00,0.0,0.0,0.0,False,True,False,0,no_power,0.0,0.0,0.0,0.0,0.0,0.0,0.0,0.0
2024-04-06 02:00:00,0.0,0.0,0.0,False,True,False,0,no_power,0.0,0.0,0.0,0.0,0.0,0.0,0.0,0.0
2024-04-06 03:00:00,0.0,0.0,0.0,False,True,False,0,no_power,0.0,0.0,0.0,0.0,0.0,0.0,0.0,0.0
2024-04-06 04:00:00,0.0,0.0,0.0,False,True,False,0,no_power,0.0,0.0,0.0,0.0,0.0,0.0,0.0,0.0
2024-04-06 05:00:00,0.0,0.0,0.0,False,True,False,0,no_power,0.0,0.0,0.0,0.0,0.0,0.0,0.0,0.0
2024-04-06 06:00:00,0.0,0.0,0.0,False,True,False,0,no_power,0.0,0.0,0.0,0.0,0.0,0.0,0.0,0.0
2024-04-06 07:00:00,0.894,0.858,183.0,True,True,False,0,no_power,0.0,0.0,0.0,0.0,0.0,0.0,0.0,0.0
2024-04-06 08:00:00,1.845,1.771,426.0,True,True,True,1,ok,1.263,0.0,1.263,0.0,0.508,0.0,0.0,0.0
2024-04-06 09:00:00,2.677,2.57,659.0,True,True,True,2,ok,1.263,0.0,1.263,0.0,1.307,0.0,0.0,0.0
2024-04-06 10:00:00,3.322,3.189,851.0,True,True,True,3,ok,1.263,0.0,1.263,0.0,1.926,0.0,0.0,0.0
2024-04-06 11:00:00,3.757,3.606,982.0,True,True,True,4,ok,1.263,0.0,1.263,0.0,2.343,0.0,0.0,0.0
2024-04-06 12:00:00,3.948,3.79,1042.0,True,True,True,5,ok,1.263,0.0,1.263,0.0,2.527,0.0,0.0,0.0
2024-04-06 13:00:00,3.878,3.723,1020.0,True,True,True,6,ok,1.263,0.0,1.263,0.0,2.46,0.0,0.0,0.0
2024-04-06 14:00:00,3.567,3.425,926.0,True,True,False,6,cap_reached,0.0,0.0,0.0,0.0,3.425,0.0,0.0,0.0
2024-04-06 15:00:00,3.023,2.902,761.0,True,True,False,6,cap_reached,0.0,0.0,0.0,0.0,2.902,0.0,0.0,0.0
2024-04-06 16:00:00,2.277,2.186,545.0,True,True,False,6,cap_reached,0.0,0.0,0.0,0.0,2.186,0.0,0.0,0.0
2024-04-06 17:00:00,1.374,1.319,302.0,True,True,False,6,cap_reached,0.0,0.0,0.0,0.0,1.319,0.0,0.0,0.0
2024-04-06 18:00:00,0.391,0.375,71.0,True,True,False,6,cap_reached,0.0,0.0,0.0,0.0,0.375,0.0,0.0,0.0
2024-04-06 19:00:00,0.0,0.0,0.0,False,True,False,6,cap_reached,0.0,0.0,0.0,0.0,0.0,0.0,0.0,0.0
2024-04-06 20:00:00,0.0,0.0,0.0,False,True,False,6,cap_reached,0.0,0.0,0.0,0.0,0.0,0.0,0.0,0.0
2024-04-06 21:00:00,0.0,0.0,0.0,False,True,False,6,cap_reached,0.0,0.0,0.0,0.0,0.0,0.0,0.0,0.0
2024-04-06 22:00:00,0.0,0.0,0.0,False,True,False,6,cap_reached,0.0,0.0,0.0,0.0,0.0,0.0,0.0,0.0
2024-04-06 23:00:00,0.0,0.0,0.0,False,True,False,6,cap_reached,0.0,0.0,0.0,0.0,0.0,0.0,0.0,0.0
2024-04-07 00:00:00,0.0,0.0,0.0,False,True,False,0,no_power,0.0,0.0,0.0,0.0,0.0,0.0,0.0,0.0
2024-04-07 01:00:00,0.0,0.0,0.0,False,True,False,0,no_power,0.0,0.0,0.0,0.0,0.0,0.0,0.0,0.0
2024-04-07 02:00:00,0.0,0.0,0.0,False,True,False,0,no_power,0.0,0.0,0.0,0.0,0.0,0.0,0.0,0.0
2024-04-07 03:00:00,0.0,0.0,0.0,False,True,False,0,no_power,0.0,0.0,0.0,0.0,0.0,0.0,0.0,0.0
2024-04-07 04:00:00,0.0,0.0,0.0,False,True,False,0,no_power,0.0,0.0,0.0,0.0,0.0,0.0,0.0,0.0
2024-04-07 05:00:00,0.0,0.0,0.0,False,True,False,0,no_power,0.0,0.0,0.0,0.0,0.0,0.0,0.0,0.0
2024-04-07 06:00:00,0.0,0.0,0.0,False,True,False,0,no_power,0.0,0.0,0.0,0.0,0.0,0.0,0.0,0.0
2024-04-07 07:00:00,0.91,0.874,186.0,True,True,False,0,no_power,0.0,0.0,0.0,0.0,0.0,0.0,0.0,0.0
2024-04-07 08:00:00,1.867,1.792,427.0,True,True,True,1,ok,1.263,0.0,1.263,0.0,0.529,0.0,0.0,0.0
2024-04-07 09:00:00,2.287,2.195,523.0,True,True,True,2,ok,1.263,0.0,1.263,0.0,0.932,0.0,0.0,0.0
2024-04-07 10:00:00,2.467,2.368,539.0,True,True,True,3,ok,1.263,0.0,1.263,0.0,1.105,0.0,0.0,0.0
2024-04-07 11:00:00,3.736,3.586,971.0,True,True,True,4,ok,1.263,0.0,1.263,0.0,2.323,0.0,0.0,0.0
2024-04-07 12:00:00,3.917,3.76,1027.0,True,True,True,5,ok,1.263,0.0,1.263,0.0,2.497,0.0,0.0,0.0
2024-04-07 13:00:00,3.85,3.696,1008.0,True,True,True,6,ok,1.263,0.0,1.263,0.0,2.433,0.0,0.0,0.0
2024-04-07 14:00:00,3.542,3.401,914.0,True,True,False,6,cap_reached,0.0,0.0,0.0,0.0,3.401,0.0,0.0,0.0
2024-04-07 15:00:00,3.001,2.881,752.0,True,True,False,6,cap_reached,0.0,0.0,0.0,0.0,2.881,0.0,0.0,0.0
2024-04-07 16:00:00,1.852,1.778,399.0,True,True,False,6,cap_reached,0.0,0.0,0.0,0.0,1.778,0.0,0.0,0.0
2024-04-07 17:00:00,1.378,1.322,302.0,True,True,False,6,cap_reached,0.0,0.0,0.0,0.0,1.322,0.0,0.0,0.0
2024-04-07 18:00:00,0.41,0.394,73.0,True,True,False,6,cap_reached,0.0,0.0,0.0,0.0,0.394,0.0,0.0,0.0
2024-04-07 19:00:00,0.0,0.0,0.0,False,True,False,6,cap_reached,0.0,0.0,0.0,0.0,0.0,0.0,0.0,0.0
2024-04-07 20:00:00,0.0,0.0,0.0,False,True,False,6,cap_reached,0.0,0.0,0.0,0.0,0.0,0.0,0.0,0.0
2024-04-07 21:00:00,0.0,0.0,0.0,False,True,False,6,cap_reached,0.0,0.0,0.0,0.0,0.0,0.0,0.0,0.0
2024-04-07 22:00:00,0.0,0.0,0.0,False,True,False,6,cap_reached,0.0,0.0,0.0,0.0,0.0,0.0,0.0,0.0
2024-04-07 23:00:00,0.0,0.0,0.0,False,True,False,6,cap_reached,0.0,0.0,0.0,0.0,0.0,0.0,0.0,0.0
2024-04-08 00:00:00,0.0,0.0,0.0,False,True,False,0,no_power,0.0,0.0,0.0,0.0,0.0,0.0,0.0,0.0
2024-04-08 01:00:00,0.0,0.0,0.0,False,True,False,0,no_power,0.0,0.0,0.0,0.0,0.0,0.0,0.0,0.0
2024-04-08 02:00:00,0.0,0.0,0.0,False,True,False,0,no_power,0.0,0.0,0.0,0.0,0.0,0.0,0.0,0.0
2024-04-08 03:00:00,0.0,0.0,0.0,False,True,False,0,no_power,0.0,0.0,0.0,0.0,0.0,0.0,0.0,0.0
2024-04-08 04:00:00,0.0,0.0,0.0,False,True,False,0,no_power,0.0,0.0,0.0,0.0,0.0,0.0,0.0,0.0
2024-04-08 05:00:00,0.0,0.0,0.0,False,True,False,0,no_power,0.0,0.0,0.0,0.0,0.0,0.0,0.0,0.0
2024-04-08 06:00:00,0.0,0.0,0.0,False,True,False,0,no_power,0.0,0.0,0.0,0.0,0.0,0.0,0.0,0.0
2024-04-08 07:00:00,0.533,0.512,107.0,True,True,False,0,no_power,0.0,0.0,0.0,0.0,0.0,0.0,0.0,0.0
2024-04-08 08:00:00,1.909,1.833,438.0,True,True,True,1,ok,1.263,0.0,1.263,0.0,0.57,0.0,0.0,0.0
2024-04-08 09:00:00,2.723,2.614,666.0,True,True,True,2,ok,1.263,0.0,1.263,0.0,1.351,0.0,0.0,0.0
2024-04-08 10:00:00,3.346,3.212,849.0,True,True,True,3,ok,1.263,0.0,1.263,0.0,1.949,0.0,0.0,0.0
2024-04-08 11:00:00,3.754,3.604,974.0,True,True,True,4,ok,1.263,0.0,1.263,0.0,2.341,0.0,0.0,0.0
2024-04-08 12:00:00,3.934,3.776,1028.0,True,True,True,5,ok,1.263,0.0,1.263,0.0,2.513,0.0,0.0,0.0
2024-04-08 13:00:00,3.869,3.714,1009.0,True,True,True,6,ok,1.263,0.0,1.263,0.0,2.451,0.0,0.0,0.0
2024-04-08 14:00:00,3.559,3.416,915.0,True,True,False,6,cap_reached,0.0,0.0,0.0,0.0,3.416,0.0,0.0,0.0
2024-04-08 15:00:00,2.677,2.57,632.0,True,True,False,6,cap_reached,0.0,0.0,0.0,0.0,2.57,0.0,0.0,0.0
2024-04-08 16:00:00,1.76,1.69,374.0,True,True,False,6,cap_reached,0.0,0.0,0.0,0.0,1.69,0.0,0.0,0.0
2024-04-08 17:00:00,1.177,1.13,248.0,True,True,False,6,cap_reached,0.0,0.0,0.0,0.0,1.13,0.0,0.0,0.0
2024-04-08 18:00:00,0.262,0.252,52.0,True,True,False,6,cap_reached,0.0,0.0,0.0,0.0,0.252,0.0,0.0,0.0
2024-04-08 19:00:00,0.0,0.0,0.0,False,True,False,6,cap_reached,0.0,0.0,0.0,0.0,0.0,0.0,0.0,0.0
2024-04-08 20:00:00,0.0,0.0,0.0,False,True,False,6,cap_reached,0.0,0.0,0.0,0.0,0.0,0.0,0.0,0.0
2024-04-08 21:00:00,0.0,0.0,0.0,False,True,False,6,cap_reached,0.0,0.0,0.0,0.0,0.0,0.0,0.0,0.0
2024-04-08 22:00:00,0.0,0.0,0.0,False,True,False,6,cap_reached,0.0,0.0,0.0,0.0,0.0,0.0,0.0,0.0
2024-04-08 23:00:00,0.0,0.0,0.0,False,True,False,6,cap_reached,0.0,0.0,0.0,0.0,0.0,0.0,0.0,0.0
2024-04-09 00:00:00,0.0,0.0,0.0,False,True,False,0,no_power,0.0,0.0,0.0,0.0,0.0,0.0,0.0,0.0
2024-04-09 01:00:00,0.0,0.0,0.0,False,True,False,0,no_power,0.0,0.0,0.0,0.0,0.0,0.0,0.0,0.0
2024-04-09 02:00:00,0.0,0.0,0.0,False,True,False,0,no_power,0.0,0.0,0.0,0.0,0.0,0.0,0.0,0.0
2024-04-09 03:00:00,0.0,0.0,0.0,False,True,False,0,no_power,0.0,0.0,0.0,0.0,0.0,0.0,0.0,0.0
2024-04-09 04:00:00,0.0,0.0,0.0,False,True,False,0,no_power,0.0,0.0,0.0,0.0,0.0,0.0,0.0,0.0
2024-04-09 05:00:00,0.0,0.0,0.0,False,True,False,0,no_power,0.0,0.0,0.0,0.0,0.0,0.0,0.0,0.0
2024-04-09 06:00:00,0.0,0.0,0.0,False,True,False,0,no_power,0.0,0.0,0.0,0.0,0.0,0.0,0.0,0.0
2024-04-09 07:00:00,0.46,0.441,93.0,True,True,False,0,no_power,0.0,0.0,0.0,0.0,0.0,0.0,0.0,0.0
2024-04-09 08:00:00,0.732,0.703,149.0,True,True,False,0,no_power,0.0,0.0,0.0,0.0,0.0,0.0,0.0,0.0
2024-04-09 09:00:00,1.983,1.904,424.0,True,True,True,1,ok,1.263,0.0,1.263,0.0,0.641,0.0,0.0,0.0
2024-04-09 10:00:00,2.597,2.493,573.0,True,True,True,2,ok,1.263,0.0,1.263,0.0,1.23,0.0,0.0,0.0
2024-04-09 11:00:00,3.274,3.143,755.0,True,True,True,3,ok,1.263,0.0,1.263,0.0,1.88,0.0,0.0,0.0
2024-04-09 12:00:00,3.225,3.096,736.0,True,True,True,4,ok,1.263,0.0,1.263,0.0,1.833,0.0,0.0,0.0
2024-04-09 13:00:00,3.235,3.105,741.0,True,True,True,5,ok,1.263,0.0,1.263,0.0,1.842,0.0,0.0,0.0
2024-04-09 14:00:00,3.517,3.376,902.0,True,True,True,6,ok,1.263,0.0,1.263,0.0,2.113,0.0,0.0,0.0
2024-04-09 15:00:00,2.989,2.869,743.0,True,True,False,6,cap_reached,0.0,0.0,0.0,0.0,2.869,0.0,0.0,0.0
2024-04-09 16:00:00,2.266,2.176,536.0,True,True,False,6,cap_reached,0.0,0.0,0.0,0.0,2.176,0.0,0.0,0.0
2024-04-09 17:00:00,1.375,1.32,298.0,True,True,False,6,cap_reached,0.0,0.0,0.0,0.0,1.32,0.0,0.0,0.0
2024-04-09 18:00:00,0.23,0.221,46.0,True,True,False,6,cap_reached,0.0,0.0,0.0,0.0,0.221,0.0,0.0,0.0
2024-04-09 19:00:00,0.0,0.0,0.0,False,True,False,6,cap_reached,0.0,0.0,0.0,0.0,0.0,0.0,0.0,0.0
2024-04-09 20:00:00,0.0,0.0,0.0,False,True,False,6,cap_reached,0.0,0.0,0.0,0.0,0.0,0.0,0.0,0.0
2024-04-09 21:00:00,0.0,0.0,0.0,False,True,False,6,cap_reached,0.0,0.0,0.0,0.0,0.0,0.0,0.0,0.0
2024-04-09 22:00:00,0.0,0.0,0.0,False,True,False,6,cap_reached,0.0,0.0,0.0,0.0,0.0,0.0,0.0,0.0
2024-04-09 23:00:00,0.0,0.0,0.0,False,True,False,6,cap_reached,0.0,0.0,0.0,0.0,0.0,0.0,0.0,0.0
2024-04-10 00:00:00,0.0,0.0,0.0,False,True,False,0,no_power,0.0,0.0,0.0,0.0,0.0,0.0,0.0,0.0
2024-04-10 01:00:00,0.0,0.0,0.0,False,True,False,0,no_power,0.0,0.0,0.0,0.0,0.0,0.0,0.0,0.0
2024-04-10 02:00:00,0.0,0.0,0.0,False,True,False,0,no_power,0.0,0.0,0.0,0.0,0.0,0.0,0.0,0.0
2024-04-10 03:00:00,0.0,0.0,0.0,False,True,False,0,no_power,0.0,0.0,0.0,0.0,0.0,0.0,0.0,0.0
2024-04-10 04:00:00,0.0,0.0,0.0,False,True,False,0,no_power,0.0,0.0,0.0,0.0,0.0,0.0,0.0,0.0
2024-04-10 05:00:00,0.0,0.0,0.0,False,True,False,0,no_power,0.0,0.0,0.0,0.0,0.0,0.0,0.0,0.0
2024-04-10 06:00:00,0.0,0.0,0.0,False,True,False,0,no_power,0.0,0.0,0.0,0.0,0.0,0.0,0.0,0.0
2024-04-10 07:00:00,0.968,0.929,194.0,True,True,False,0,no_power,0.0,0.0,0.0,0.0,0.0,0.0,0.0,0.0
2024-04-10 08:00:00,1.695,1.627,375.0,True,True,True,1,ok,1.263,0.0,1.263,0.0,0.364,0.0,0.0,0.0
2024-04-10 09:00:00,2.699,2.591,656.0,True,True,True,2,ok,1.263,0.0,1.263,0.0,1.328,0.0,0.0,0.0
2024-04-10 10:00:00,2.732,2.622,611.0,True,True,True,3,ok,1.263,0.0,1.263,0.0,1.359,0.0,0.0,0.0
2024-04-10 11:00:00,1.733,1.664,363.0,True,True,True,4,ok,1.263,0.0,1.263,0.0,0.401,0.0,0.0,0.0
2024-04-10 12:00:00,3.884,3.729,1011.0,True,True,True,5,ok,1.263,0.0,1.263,0.0,2.466,0.0,0.0,0.0
2024-04-10 13:00:00,3.805,3.653,987.0,True,True,True,6,ok,1.263,0.0,1.263,0.0,2.39,0.0,0.0,0.0
2024-04-10 14:00:00,3.485,3.346,890.0,True,True,False,6,cap_reached,0.0,0.0,0.0,0.0,3.346,0.0,0.0,0.0
2024-04-10 15:00:00,2.961,2.842,734.0,True,True,False,6,cap_reached,0.0,0.0,0.0,0.0,2.842,0.0,0.0,0.0
2024-04-10 16:00:00,2.251,2.161,532.0,True,True,False,6,cap_reached,0.0,0.0,0.0,0.0,2.161,0.0,0.0,0.0
2024-04-10 17:00:00,1.373,1.318,297.0,True,True,False,6,cap_reached,0.0,0.0,0.0,0.0,1.318,0.0,0.0,0.0
2024-04-10 18:00:00,0.422,0.405,74.0,True,True,False,6,cap_reached,0.0,0.0,0.0,0.0,0.405,0.0,0.0,0.0
2024-04-10 19:00:00,0.0,0.0,0.0,False,True,False,6,cap_reached,0.0,0.0,0.0,0.0,0.0,0.0,0.0,0.0
2024-04-10 20:00:00,0.0,0.0,0.0,False,True,False,6,cap_reached,0.0,0.0,0.0,0.0,0.0,0.0,0.0,0.0
2024-04-10 21:00:00,0.0,0.0,0.0,False,True,False,6,cap_reached,0.0,0.0,0.0,0.0,0.0,0.0,0.0,0.0
2024-04-10 22:00:00,0.0,0.0,0.0,False,True,False,6,cap_reached,0.0,0.0,0.0,0.0,0.0,0.0,0.0,0.0
2024-04-10 23:00:00,0.0,0.0,0.0,False,True,False,6,cap_reached,0.0,0.0,0.0,0.0,0.0,0.0,0.0,0.0
2024-04-11 00:00:00,0.0,0.0,0.0,False,True,False,0,no_power,0.0,0.0,0.0,0.0,0.0,0.0,0.0,0.0
2024-04-11 01:00:00,0.0,0.0,0.0,False,True,False,0,no_power,0.0,0.0,0.0,0.0,0.0,0.0,0.0,0.0
2024-04-11 02:00:00,0.0,0.0,0.0,False,True,False,0,no_power,0.0,0.0,0.0,0.0,0.0,0.0,0.0,0.0
2024-04-11 03:00:00,0.0,0.0,0.0,False,True,False,0,no_power,0.0,0.0,0.0,0.0,0.0,0.0,0.0,0.0
2024-04-11 04:00:00,0.0,0.0,0.0,False,True,False,0,no_power,0.0,0.0,0.0,0.0,0.0,0.0,0.0,0.0
2024-04-11 05:00:00,0.0,0.0,0.0,False,True,False,0,no_power,0.0,0.0,0.0,0.0,0.0,0.0,0.0,0.0
2024-04-11 06:00:00,0.058,0.056,9.0,False,True,False,0,no_power,0.0,0.0,0.0,0.0,0.0,0.0,0.0,0.0
2024-04-11 07:00:00,0.297,0.285,60.0,True,True,False,0,no_power,0.0,0.0,0.0,0.0,0.0,0.0,0.0,0.0
2024-04-11 08:00:00,1.815,1.743,409.0,True,True,True,1,ok,1.263,0.0,1.263,0.0,0.48,0.0,0.0,0.0
2024-04-11 09:00:00,2.6,2.496,625.0,True,True,True,2,ok,1.263,0.0,1.263,0.0,1.233,0.0,0.0,0.0
2024-04-11 10:00:00,3.218,3.089,806.0,True,True,True,3,ok,1.263,0.0,1.263,0.0,1.826,0.0,0.0,0.0
2024-04-11 11:00:00,3.62,3.475,929.0,True,True,True,4,ok,1.263,0.0,1.263,0.0,2.212,0.0,0.0,0.0
2024-04-11 12:00:00,3.063,2.941,698.0,True,True,True,5,ok,1.263,0.0,1.263,0.0,1.678,0.0,0.0,0.0
2024-04-11 13:00:00,3.723,3.574,965.0,True,True,True,6,ok,1.263,0.0,1.263,0.0,2.311,0.0,0.0,0.0
2024-04-11 14:00:00,3.324,3.191,848.0,True,True,False,6,cap_reached,0.0,0.0,0.0,0.0,3.191,0.0,0.0,0.0
2024-04-11 15:00:00,2.891,2.775,708.0,True,True,False,6,cap_reached,0.0,0.0,0.0,0.0,2.775,0.0,0.0,0.0
2024-04-11 16:00:00,1.816,1.743,402.0,True,True,False,6,cap_reached,0.0,0.0,0.0,0.0,1.743,0.0,0.0,0.0
2024-04-11 17:00:00,1.266,1.216,268.0,True,True,False,6,cap_reached,0.0,0.0,0.0,0.0,1.216,0.0,0.0,0.0
2024-04-11 18:00:00,0.214,0.205,44.0,True,True,False,6,cap_reached,0.0,0.0,0.0,0.0,0.205,0.0,0.0,0.0
2024-04-11 19:00:00,0.0,0.0,0.0,False,True,False,6,cap_reached,0.0,0.0,0.0,0.0,0.0,0.0,0.0,0.0
2024-04-11 20:00:00,0.0,0.0,0.0,False,True,False,6,cap_reached,0.0,0.0,0.0,0.0,0.0,0.0,0.0,0.0
2024-04-11 21:00:00,0.0,0.0,0.0,False,True,False,6,cap_reached,0.0,0.0,0.0,0.0,0.0,0.0,0.0,0.0
2024-04-11 22:00:00,0.0,0.0,0.0,False,True,False,6,cap_reached,0.0,0.0,0.0,0.0,0.0,0.0,0.0,0.0
2024-04-11 23:00:00,0.0,0.0,0.0,False,True,False,6,cap_reached,0.0,0.0,0.0,0.0,0.0,0.0,0.0,0.0
2024-04-12 00:00:00,0.0,0.0,0.0,False,True,False,0,no_power,0.0,0.0,0.0,0.0,0.0,0.0,0.0,0.0
2024-04-12 01:00:00,0.0,0.0,0.0,False,True,False,0,no_power,0.0,0.0,0.0,0.0,0.0,0.0,0.0,0.0
2024-04-12 02:00:00,0.0,0.0,0.0,False,True,False,0,no_power,0.0,0.0,0.0,0.0,0.0,0.0,0.0,0.0
2024-04-12 03:00:00,0.0,0.0,0.0,False,True,False,0,no_power,0.0,0.0,0.0,0.0,0.0,0.0,0.0,0.0
2024-04-12 04:00:00,0.0,0.0,0.0,False,True,False,0,no_power,0.0,0.0,0.0,0.0,0.0,0.0,0.0,0.0
2024-04-12 05:00:00,0.0,0.0,0.0,False,True,False,0,no_power,0.0,0.0,0.0,0.0,0.0,0.0,0.0,0.0
2024-04-12 06:00:00,0.044,0.042,9.0,False,True,False,0,no_power,0.0,0.0,0.0,0.0,0.0,0.0,0.0,0.0
2024-04-12 07:00:00,0.888,0.853,178.0,True,True,False,0,no_power,0.0,0.0,0.0,0.0,0.0,0.0,0.0,0.0
2024-04-12 08:00:00,1.812,1.739,407.0,True,True,True,1,ok,1.263,0.0,1.263,0.0,0.476,0.0,0.0,0.0
2024-04-12 09:00:00,2.594,2.491,622.0,True,True,True,2,ok,1.263,0.0,1.263,0.0,1.228,0.0,0.0,0.0
2024-04-12 10:00:00,3.186,3.058,792.0,True,True,True,3,ok,1.263,0.0,1.263,0.0,1.795,0.0,0.0,0.0
2024-04-12 11:00:00,2.298,2.206,499.0,True,True,True,4,ok,1.263,0.0,1.263,0.0,0.943,0.0,0.0,0.0
2024-04-12 12:00:00,1.544,1.482,323.0,True,True,True,5,ok,1.263,0.0,1.263,0.0,0.219,0.0,0.0,0.0
2024-04-12 13:00:00,2.773,2.662,618.0,True,True,True,6,ok,1.263,0.0,1.263,0.0,1.399,0.0,0.0,0.0
2024-04-12 14:00:00,2.189,2.102,472.0,True,True,False,6,cap_reached,0.0,0.0,0.0,0.0,2.102,0.0,0.0,0.0
2024-04-12 15:00:00,2.861,2.747,689.0,True,True,False,6,cap_reached,0.0,0.0,0.0,0.0,2.747,0.0,0.0,0.0
2024-04-12 16:00:00,2.169,2.082,499.0,True,True,False,6,cap_reached,0.0,0.0,0.0,0.0,2.082,0.0,0.0,0.0
2024-04-12 17:00:00,1.304,1.252,276.0,True,True,False,6,cap_reached,0.0,0.0,0.0,0.0,1.252,0.0,0.0,0.0
2024-04-12 18:00:00,0.38,0.365,68.0,True,True,False,6,cap_reached,0.0,0.0,0.0,0.0,0.365,0.0,0.0,0.0
2024-04-12 19:00:00,0.0,0.0,0.0,False,True,False,6,cap_reached,0.0,0.0,0.0,0.0,0.0,0.0,0.0,0.0
2024-04-12 20:00:00,0.0,0.0,0.0,False,True,False,6,cap_reached,0.0,0.0,0.0,0.0,0.0,0.0,0.0,0.0
2024-04-12 21:00:00,0.0,0.0,0.0,False,True,False,6,cap_reached,0.0,0.0,0.0,0.0,0.0,0.0,0.0,0.0
2024-04-12 22:00:00,0.0,0.0,0.0,False,True,False,6,cap_reached,0.0,0.0,0.0,0.0,0.0,0.0,0.0,0.0
2024-04-12 23:00:00,0.0,0.0,0.0,False,True,False,6,cap_reached,0.0,0.0,0.0,0.0,0.0,0.0,0.0,0.0
2024-04-13 00:00:00,0.0,0.0,0.0,False,True,False,0,no_power,0.0,0.0,0.0,0.0,0.0,0.0,0.0,0.0
2024-04-13 01:00:00,0.0,0.0,0.0,False,True,False,0,no_power,0.0,0.0,0.0,0.0,0.0,0.0,0.0,0.0
2024-04-13 02:00:00,0.0,0.0,0.0,False,True,False,0,no_power,0.0,0.0,0.0,0.0,0.0,0.0,0.0,0.0
2024-04-13 03:00:00,0.0,0.0,0.0,False,True,False,0,no_power,0.0,0.0,0.0,0.0,0.0,0.0,0.0,0.0
2024-04-13 04:00:00,0.0,0.0,0.0,False,True,False,0,no_power,0.0,0.0,0.0,0.0,0.0,0.0,0.0,0.0
2024-04-13 05:00:00,0.0,0.0,0.0,False,True,False,0,no_power,0.0,0.0,0.0,0.0,0.0,0.0,0.0,0.0
2024-04-13 06:00:00,0.095,0.091,14.0,False,True,False,0,no_power,0.0,0.0,0.0,0.0,0.0,0.0,0.0,0.0
2024-04-13 07:00:00,1.044,1.002,206.0,True,True,False,0,no_power,0.0,0.0,0.0,0.0,0.0,0.0,0.0,0.0
2024-04-13 08:00:00,1.986,1.907,446.0,True,True,True,1,ok,1.263,0.0,1.263,0.0,0.644,0.0,0.0,0.0
2024-04-13 09:00:00,1.569,1.507,328.0,True,True,True,2,ok,1.263,0.0,1.263,0.0,0.244,0.0,0.0,0.0
2024-04-13 10:00:00,2.829,2.716,634.0,True,True,True,3,ok,1.263,0.0,1.263,0.0,1.453,0.0,0.0,0.0
2024-04-13 11:00:00,3.815,3.662,977.0,True,True,True,4,ok,1.263,0.0,1.263,0.0,2.399,0.0,0.0,0.0
2024-04-13 12:00:00,3.979,3.82,1027.0,True,True,True,5,ok,1.263,0.0,1.263,0.0,2.557,0.0,0.0,0.0
2024-04-13 13:00:00,3.895,3.739,1003.0,True,True,True,6,ok,1.263,0.0,1.263,0.0,2.476,0.0,0.0,0.0
2024-04-13 14:00:00,3.586,3.442,907.0,True,True,False,6,cap_reached,0.0,0.0,0.0,0.0,3.442,0.0,0.0,0.0
2024-04-13 15:00:00,3.059,2.937,749.0,True,True,False,6,cap_reached,0.0,0.0,0.0,0.0,2.937,0.0,0.0,0.0
2024-04-13 16:00:00,2.326,2.233,540.0,True,True,False,6,cap_reached,0.0,0.0,0.0,0.0,2.233,0.0,0.0,0.0
2024-04-13 17:00:00,1.432,1.375,303.0,True,True,False,6,cap_reached,0.0,0.0,0.0,0.0,1.375,0.0,0.0,0.0
2024-04-13 18:00:00,0.447,0.429,77.0,True,True,False,6,cap_reached,0.0,0.0,0.0,0.0,0.429,0.0,0.0,0.0
2024-04-13 19:00:00,0.0,0.0,0.0,False,True,False,6,cap_reached,0.0,0.0,0.0,0.0,0.0,0.0,0.0,0.0
2024-04-13 20:00:00,0.0,0.0,0.0,False,True,False,6,cap_reached,0.0,0.0,0.0,0.0,0.0,0.0,0.0,0.0
2024-04-13 21:00:00,0.0,0.0,0.0,False,True,False,6,cap_reached,0.0,0.0,0.0,0.0,0.0,0.0,0.0,0.0
2024-04-13 22:00:00,0.0,0.0,0.0,False,True,False,6,cap_reached,0.0,0.0,0.0,0.0,0.0,0.0,0.0,0.0
2024-04-13 23:00:00,0.0,0.0,0.0,False,True,False,6,cap_reached,0.0,0.0,0.0,0.0,0.0,0.0,0.0,0.0
2024-04-14 00:00:00,0.0,0.0,0.0,False,True,False,0,no_power,0.0,0.0,0.0,0.0,0.0,0.0,0.0,0.0
2024-04-14 01:00:00,0.0,0.0,0.0,False,True,False,0,no_power,0.0,0.0,0.0,0.0,0.0,0.0,0.0,0.0
2024-04-14 02:00:00,0.0,0.0,0.0,False,True,False,0,no_power,0.0,0.0,0.0,0.0,0.0,0.0,0.0,0.0
2024-04-14 03:00:00,0.0,0.0,0.0,False,True,False,0,no_power,0.0,0.0,0.0,0.0,0.0,0.0,0.0,0.0
2024-04-14 04:00:00,0.0,0.0,0.0,False,True,False,0,no_power,0.0,0.0,0.0,0.0,0.0,0.0,0.0,0.0
2024-04-14 05:00:00,0.0,0.0,0.0,False,True,False,0,no_power,0.0,0.0,0.0,0.0,0.0,0.0,0.0,0.0
2024-04-14 06:00:00,0.11,0.105,16.0,True,True,False,0,no_power,0.0,0.0,0.0,0.0,0.0,0.0,0.0,0.0
2024-04-14 07:00:00,0.41,0.394,82.0,True,True,False,0,no_power,0.0,0.0,0.0,0.0,0.0,0.0,0.0,0.0
2024-04-14 08:00:00,2.044,1.962,456.0,True,True,True,1,ok,1.263,0.0,1.263,0.0,0.699,0.0,0.0,0.0
2024-04-14 09:00:00,2.195,2.107,472.0,True,True,True,2,ok,1.263,0.0,1.263,0.0,0.844,0.0,0.0,0.0
2024-04-14 10:00:00,3.477,3.338,867.0,True,True,True,3,ok,1.263,0.0,1.263,0.0,2.075,0.0,0.0,0.0
2024-04-14 11:00:00,3.876,3.721,989.0,True,True,True,4,ok,1.263,0.0,1.263,0.0,2.458,0.0,0.0,0.0
2024-04-14 12:00:00,4.045,3.883,1041.0,True,True,True,5,ok,1.263,0.0,1.263,0.0,2.62,0.0,0.0,0.0
2024-04-14 13:00:00,3.972,3.813,1020.0,True,True,True,6,ok,1.263,0.0,1.263,0.0,2.55,0.0,0.0,0.0
2024-04-14 14:00:00,3.659,3.512,925.0,True,True,False,6,cap_reached,0.0,0.0,0.0,0.0,3.512,0.0,0.0,0.0
2024-04-14 15:00:00,3.127,3.002,765.0,True,True,False,6,cap_reached,0.0,0.0,0.0,0.0,3.002,0.0,0.0,0.0
2024-04-14 16:00:00,2.392,2.296,554.0,True,True,False,6,cap_reached,0.0,0.0,0.0,0.0,2.296,0.0,0.0,0.0
2024-04-14 17:00:00,1.494,1.435,313.0,True,True,False,6,cap_reached,0.0,0.0,0.0,0.0,1.435,0.0,0.0,0.0
2024-04-14 18:00:00,0.494,0.475,82.0,True,True,False,6,cap_reached,0.0,0.0,0.0,0.0,0.475,0.0,0.0,0.0
2024-04-14 19:00:00,0.0,0.0,0.0,False,True,False,6,cap_reached,0.0,0.0,0.0,0.0,0.0,0.0,0.0,0.0
2024-04-14 20:00:00,0.0,0.0,0.0,False,True,False,6,cap_reached,0.0,0.0,0.0,0.0,0.0,0.0,0.0,0.0
2024-04-14 21:00:00,0.0,0.0,0.0,False,True,False,6,cap_reached,0.0,0.0,0.0,0.0,0.0,0.0,0.0,0.0
2024-04-14 22:00:00,0.0,0.0,0.0,False,True,False,6,cap_reached,0.0,0.0,0.0,0.0,0.0,0.0,0.0,0.0
2024-04-14 23:00:00,0.0,0.0,0.0,False,True,False,6,cap_reached,0.0,0.0,0.0,0.0,0.0,0.0,0.0,0.0
2024-04-15 00:00:00,0.0,0.0,0.0,False,True,False,0,no_power,0.0,0.0,0.0,0.0,0.0,0.0,0.0,0.0
2024-04-15 01:00:00,0.0,0.0,0.0,False,True,False,0,no_power,0.0,0.0,0.0,0.0,0.0,0.0,0.0,0.0
2024-04-15 02:00:00,0.0,0.0,0.0,False,True,False,0,no_power,0.0,0.0,0.0,0.0,0.0,0.0,0.0,0.0
2024-04-15 03:00:00,0.0,0.0,0.0,False,True,False,0,no_power,0.0,0.0,0.0,0.0,0.0,0.0,0.0,0.0
2024-04-15 04:00:00,0.0,0.0,0.0,False,True,False,0,no_power,0.0,0.0,0.0,0.0,0.0,0.0,0.0,0.0
2024-04-15 05:00:00,0.0,0.0,0.0,False,True,False,0,no_power,0.0,0.0,0.0,0.0,0.0,0.0,0.0,0.0
2024-04-15 06:00:00,0.125,0.12,17.0,True,True,False,0,no_power,0.0,0.0,0.0,0.0,0.0,0.0,0.0,0.0
2024-04-15 07:00:00,1.104,1.06,215.0,True,True,False,0,no_power,0.0,0.0,0.0,0.0,0.0,0.0,0.0,0.0
2024-04-15 08:00:00,2.052,1.97,456.0,True,True,True,1,ok,1.263,0.0,1.263,0.0,0.707,0.0,0.0,0.0
2024-04-15 09:00:00,2.861,2.746,681.0,True,True,True,2,ok,1.263,0.0,1.263,0.0,1.483,0.0,0.0,0.0
2024-04-15 10:00:00,3.471,3.333,863.0,True,True,True,3,ok,1.263,0.0,1.263,0.0,2.07,0.0,0.0,0.0
2024-04-15 11:00:00,3.862,3.708,983.0,True,True,True,4,ok,1.263,0.0,1.263,0.0,2.445,0.0,0.0,0.0
2024-04-15 12:00:00,4.029,3.868,1035.0,True,True,True,5,ok,1.263,0.0,1.263,0.0,2.605,0.0,0.0,0.0
2024-04-15 13:00:00,3.943,3.785,1009.0,True,True,True,6,ok,1.263,0.0,1.263,0.0,2.522,0.0,0.0,0.0
2024-04-15 14:00:00,3.632,3.487,915.0,True,True,False,6,cap_reached,0.0,0.0,0.0,0.0,3.487,0.0,0.0,0.0
2024-04-15 15:00:00,3.096,2.972,753.0,True,True,False,6,cap_reached,0.0,0.0,0.0,0.0,2.972,0.0,0.0,0.0
2024-04-15 16:00:00,2.362,2.267,543.0,True,True,False,6,cap_reached,0.0,0.0,0.0,0.0,2.267,0.0,0.0,0.0
2024-04-15 17:00:00,1.463,1.404,306.0,True,True,False,6,cap_reached,0.0,0.0,0.0,0.0,1.404,0.0,0.0,0.0
2024-04-15 18:00:00,0.474,0.456,80.0,True,True,False,6,cap_reached,0.0,0.0,0.0,0.0,0.456,0.0,0.0,0.0
2024-04-15 19:00:00,0.0,0.0,0.0,False,True,False,6,cap_reached,0.0,0.0,0.0,0.0,0.0,0.0,0.0,0.0
2024-04-15 20:00:00,0.0,0.0,0.0,False,True,False,6,cap_reached,0.0,0.0,0.0,0.0,0.0,0.0,0.0,0.0
2024-04-15 21:00:00,0.0,0.0,0.0,False,True,False,6,cap_reached,0.0,0.0,0.0,0.0,0.0,0.0,0.0,0.0
2024-04-15 22:00:00,0.0,0.0,0.0,False,True,False,6,cap_reached,0.0,0.0,0.0,0.0,0.0,0.0,0.0,0.0
2024-04-15 23:00:00,0.0,0.0,0.0,False,True,False,6,cap_reached,0.0,0.0,0.0,0.0,0.0,0.0,0.0,0.0
2024-04-16 00:00:00,0.0,0.0,0.0,False,True,False,0,no_power,0.0,0.0,0.0,0.0,0.0,0.0,0.0,0.0
2024-04-16 01:00:00,0.0,0.0,0.0,False,True,False,0,no_power,0.0,0.0,0.0,0.0,0.0,0.0,0.0,0.0
2024-04-16 02:00:00,0.0,0.0,0.0,False,True,False,0,no_power,0.0,0.0,0.0,0.0,0.0,0.0,0.0,0.0
2024-04-16 03:00:00,0.0,0.0,0.0,False,True,False,0,no_power,0.0,0.0,0.0,0.0,0.0,0.0,0.0,0.0
2024-04-16 04:00:00,0.0,0.0,0.0,False,True,False,0,no_power,0.0,0.0,0.0,0.0,0.0,0.0,0.0,0.0
2024-04-16 05:00:00,0.0,0.0,0.0,False,True,False,0,no_power,0.0,0.0,0.0,0.0,0.0,0.0,0.0,0.0
2024-04-16 06:00:00,0.15,0.144,19.0,True,True,False,0,no_power,0.0,0.0,0.0,0.0,0.0,0.0,0.0,0.0
2024-04-16 07:00:00,1.13,1.084,219.0,True,True,False,0,no_power,0.0,0.0,0.0,0.0,0.0,0.0,0.0,0.0
2024-04-16 08:00:00,2.053,1.971,458.0,True,True,True,1,ok,1.263,0.0,1.263,0.0,0.708,0.0,0.0,0.0
2024-04-16 09:00:00,2.84,2.726,679.0,True,True,True,2,ok,1.263,0.0,1.263,0.0,1.463,0.0,0.0,0.0
2024-04-16 10:00:00,3.426,3.289,851.0,True,True,True,3,ok,1.263,0.0,1.263,0.0,2.026,0.0,0.0,0.0
2024-04-16 11:00:00,3.817,3.665,971.0,True,True,True,4,ok,1.263,0.0,1.263,0.0,2.402,0.0,0.0,0.0
2024-04-16 12:00:00,2.382,2.286,513.0,True,True,True,5,ok,1.263,0.0,1.263,0.0,1.023,0.0,0.0,0.0
2024-04-16 13:00:00,2.155,2.069,458.0,True,True,True,6,ok,1.263,0.0,1.263,0.0,0.806,0.0,0.0,0.0
2024-04-16 14:00:00,3.577,3.434,900.0,True,True,False,6,cap_reached,0.0,0.0,0.0,0.0,3.434,0.0,0.0,0.0
2024-04-16 15:00:00,3.056,2.934,744.0,True,True,False,6,cap_reached,0.0,0.0,0.0,0.0,2.934,0.0,0.0,0.0
2024-04-16 16:00:00,2.342,2.248,539.0,True,True,False,6,cap_reached,0.0,0.0,0.0,0.0,2.248,0.0,0.0,0.0
2024-04-16 17:00:00,1.462,1.404,305.0,True,True,False,6,cap_reached,0.0,0.0,0.0,0.0,1.404,0.0,0.0,0.0
2024-04-16 18:00:00,0.49,0.47,82.0,True,True,False,6,cap_reached,0.0,0.0,0.0,0.0,0.47,0.0,0.0,0.0
2024-04-16 19:00:00,0.0,0.0,0.0,False,True,False,6,cap_reached,0.0,0.0,0.0,0.0,0.0,0.0,0.0,0.0
2024-04-16 20:00:00,0.0,0.0,0.0,False,True,False,6,cap_reached,0.0,0.0,0.0,0.0,0.0,0.0,0.0,0.0
2024-04-16 21:00:00,0.0,0.0,0.0,False,True,False,6,cap_reached,0.0,0.0,0.0,0.0,0.0,0.0,0.0,0.0
2024-04-16 22:00:00,0.0,0.0,0.0,False,True,False,6,cap_reached,0.0,0.0,0.0,0.0,0.0,0.0,0.0,0.0
2024-04-16 23:00:00,0.0,0.0,0.0,False,True,False,6,cap_reached,0.0,0.0,0.0,0.0,0.0,0.0,0.0,0.0
2024-04-17 00:00:00,0.0,0.0,0.0,False,True,False,0,no_power,0.0,0.0,0.0,0.0,0.0,0.0,0.0,0.0
2024-04-17 01:00:00,0.0,0.0,0.0,False,True,False,0,no_power,0.0,0.0,0.0,0.0,0.0,0.0,0.0,0.0
2024-04-17 02:00:00,0.0,0.0,0.0,False,True,False,0,no_power,0.0,0.0,0.0,0.0,0.0,0.0,0.0,0.0
2024-04-17 03:00:00,0.0,0.0,0.0,False,True,False,0,no_power,0.0,0.0,0.0,0.0,0.0,0.0,0.0,0.0
2024-04-17 04:00:00,0.0,0.0,0.0,False,True,False,0,no_power,0.0,0.0,0.0,0.0,0.0,0.0,0.0,0.0
2024-04-17 05:00:00,0.0,0.0,0.0,False,True,False,0,no_power,0.0,0.0,0.0,0.0,0.0,0.0,0.0,0.0
2024-04-17 06:00:00,0.158,0.152,21.0,True,True,False,0,no_power,0.0,0.0,0.0,0.0,0.0,0.0,0.0,0.0
2024-04-17 07:00:00,1.138,1.093,221.0,True,True,False,0,no_power,0.0,0.0,0.0,0.0,0.0,0.0,0.0,0.0
2024-04-17 08:00:00,2.076,1.993,460.0,True,True,True,1,ok,1.263,0.0,1.263,0.0,0.73,0.0,0.0,0.0
2024-04-17 09:00:00,2.874,2.759,685.0,True,True,True,2,ok,1.263,0.0,1.263,0.0,1.496,0.0,0.0,0.0
2024-04-17 10:00:00,3.482,3.343,865.0,True,True,True,3,ok,1.263,0.0,1.263,0.0,2.08,0.0,0.0,0.0
2024-04-17 11:00:00,3.871,3.716,986.0,True,True,True,4,ok,1.263,0.0,1.263,0.0,2.453,0.0,0.0,0.0
2024-04-17 12:00:00,4.043,3.881,1040.0,True,True,True,5,ok,1.263,0.0,1.263,0.0,2.618,0.0,0.0,0.0
2024-04-17 13:00:00,3.967,3.808,1017.0,True,True,True,6,ok,1.263,0.0,1.263,0.0,2.545,0.0,0.0,0.0
2024-04-17 14:00:00,2.837,2.723,633.0,True,True,False,6,cap_reached,0.0,0.0,0.0,0.0,2.723,0.0,0.0,0.0
2024-04-17 15:00:00,3.13,3.005,762.0,True,True,False,6,cap_reached,0.0,0.0,0.0,0.0,3.005,0.0,0.0,0.0
2024-04-17 16:00:00,2.407,2.311,555.0,True,True,False,6,cap_reached,0.0,0.0,0.0,0.0,2.311,0.0,0.0,0.0
2024-04-17 17:00:00,1.52,1.46,316.0,True,True,False,6,cap_reached,0.0,0.0,0.0,0.0,1.46,0.0,0.0,0.0
2024-04-17 18:00:00,0.523,0.503,85.0,True,True,False,6,cap_reached,0.0,0.0,0.0,0.0,0.503,0.0,0.0,0.0
2024-04-17 19:00:00,0.0,0.0,0.0,False,True,False,6,cap_reached,0.0,0.0,0.0,0.0,0.0,0.0,0.0,0.0
2024-04-17 20:00:00,0.0,0.0,0.0,False,True,False,6,cap_reached,0.0,0.0,0.0,0.0,0.0,0.0,0.0,0.0
2024-04-17 21:00:00,0.0,0.0,0.0,False,True,False,6,cap_reached,0.0,0.0,0.0,0.0,0.0,0.0,0.0,0.0
2024-04-17 22:00:00,0.0,0.0,0.0,False,True,False,6,cap_reached,0.0,0.0,0.0,0.0,0.0,0.0,0.0,0.0
2024-04-17 23:00:00,0.0,0.0,0.0,False,True,False,6,cap_reached,0.0,0.0,0.0,0.0,0.0,0.0,0.0,0.0
2024-04-18 00:00:00,0.0,0.0,0.0,False,True,False,0,no_power,0.0,0.0,0.0,0.0,0.0,0.0,0.0,0.0
2024-04-18 01:00:00,0.0,0.0,0.0,False,True,False,0,no_power,0.0,0.0,0.0,0.0,0.0,0.0,0.0,0.0
2024-04-18 02:00:00,0.0,0.0,0.0,False,True,False,0,no_power,0.0,0.0,0.0,0.0,0.0,0.0,0.0,0.0
2024-04-18 03:00:00,0.0,0.0,0.0,False,True,False,0,no_power,0.0,0.0,0.0,0.0,0.0,0.0,0.0,0.0
2024-04-18 04:00:00,0.0,0.0,0.0,False,True,False,0,no_power,0.0,0.0,0.0,0.0,0.0,0.0,0.0,0.0
2024-04-18 05:00:00,0.0,0.0,0.0,False,True,False,0,no_power,0.0,0.0,0.0,0.0,0.0,0.0,0.0,0.0
2024-04-18 06:00:00,0.16,0.153,22.0,True,True,False,0,no_power,0.0,0.0,0.0,0.0,0.0,0.0,0.0,0.0
2024-04-18 07:00:00,1.12,1.075,217.0,True,True,False,0,no_power,0.0,0.0,0.0,0.0,0.0,0.0,0.0,0.0
2024-04-18 08:00:00,2.046,1.964,452.0,True,True,True,1,ok,1.263,0.0,1.263,0.0,0.701,0.0,0.0,0.0
2024-04-18 09:00:00,2.82,2.707,670.0,True,True,True,2,ok,1.263,0.0,1.263,0.0,1.444,0.0,0.0,0.0
2024-04-18 10:00:00,2.405,2.309,526.0,True,True,True,3,ok,1.263,0.0,1.263,0.0,1.046,0.0,0.0,0.0
2024-04-18 11:00:00,2.726,2.617,606.0,True,True,True,4,ok,1.263,0.0,1.263,0.0,1.354,0.0,0.0,0.0
2024-04-18 12:00:00,3.946,3.788,1010.0,True,True,True,5,ok,1.263,0.0,1.263,0.0,2.525,0.0,0.0,0.0
2024-04-18 13:00:00,3.009,2.888,679.0,True,True,True,6,ok,1.263,0.0,1.263,0.0,1.625,0.0,0.0,0.0
2024-04-18 14:00:00,2.619,2.515,579.0,True,True,False,6,cap_reached,0.0,0.0,0.0,0.0,2.515,0.0,0.0,0.0
2024-04-18 15:00:00,3.024,2.903,731.0,True,True,False,6,cap_reached,0.0,0.0,0.0,0.0,2.903,0.0,0.0,0.0
2024-04-18 16:00:00,2.142,2.056,479.0,True,True,False,6,cap_reached,0.0,0.0,0.0,0.0,2.056,0.0,0.0,0.0
2024-04-18 17:00:00,1.295,1.244,267.0,True,True,False,6,cap_reached,0.0,0.0,0.0,0.0,1.244,0.0,0.0,0.0
2024-04-18 18:00:00,0.508,0.488,82.0,True,True,False,6,cap_reached,0.0,0.0,0.0,0.0,0.488,0.0,0.0,0.0
2024-04-18 19:00:00,0.0,0.0,0.0,False,True,False,6,cap_reached,0.0,0.0,0.0,0.0,0.0,0.0,0.0,0.0
2024-04-18 20:00:00,0.0,0.0,0.0,False,True,False,6,cap_reached,0.0,0.0,0.0,0.0,0.0,0.0,0.0,0.0
2024-04-18 21:00:00,0.0,0.0,0.0,False,True,False,6,cap_reached,0.0,0.0,0.0,0.0,0.0,0.0,0.0,0.0
2024-04-18 22:00:00,0.0,0.0,0.0,False,True,False,6,cap_reached,0.0,0.0,0.0,0.0,0.0,0.0,0.0,0.0
2024-04-18 23:00:00,0.0,0.0,0.0,False,True,False,6,cap_reached,0.0,0.0,0.0,0.0,0.0,0.0,0.0,0.0
2024-04-19 00:00:00,0.0,0.0,0.0,False,True,False,0,no_power,0.0,0.0,0.0,0.0,0.0,0.0,0.0,0.0
2024-04-19 01:00:00,0.0,0.0,0.0,False,True,False,0,no_power,0.0,0.0,0.0,0.0,0.0,0.0,0.0,0.0
2024-04-19 02:00:00,0.0,0.0,0.0,False,True,False,0,no_power,0.0,0.0,0.0,0.0,0.0,0.0,0.0,0.0
2024-04-19 03:00:00,0.0,0.0,0.0,False,True,False,0,no_power,0.0,0.0,0.0,0.0,0.0,0.0,0.0,0.0
2024-04-19 04:00:00,0.0,0.0,0.0,False,True,False,0,no_power,0.0,0.0,0.0,0.0,0.0,0.0,0.0,0.0
2024-04-19 05:00:00,0.0,0.0,0.0,False,True,False,0,no_power,0.0,0.0,0.0,0.0,0.0,0.0,0.0,0.0
2024-04-19 06:00:00,0.162,0.155,23.0,True,True,False,0,no_power,0.0,0.0,0.0,0.0,0.0,0.0,0.0,0.0
2024-04-19 07:00:00,1.133,1.087,218.0,True,True,False,0,no_power,0.0,0.0,0.0,0.0,0.0,0.0,0.0,0.0
2024-04-19 08:00:00,2.072,1.989,455.0,True,True,True,1,ok,1.263,0.0,1.263,0.0,0.726,0.0,0.0,0.0
2024-04-19 09:00:00,2.861,2.746,676.0,True,True,True,2,ok,1.263,0.0,1.263,0.0,1.483,0.0,0.0,0.0
2024-04-19 10:00:00,3.46,3.322,854.0,True,True,True,3,ok,1.263,0.0,1.263,0.0,2.059,0.0,0.0,0.0
2024-04-19 11:00:00,3.847,3.693,973.0,True,True,True,4,ok,1.263,0.0,1.263,0.0,2.43,0.0,0.0,0.0
2024-04-19 12:00:00,3.995,3.835,1021.0,True,True,True,5,ok,1.263,0.0,1.263,0.0,2.572,0.0,0.0,0.0
2024-04-19 13:00:00,3.921,3.764,1002.0,True,True,True,6,ok,1.263,0.0,1.263,0.0,2.501,0.0,0.0,0.0
2024-04-19 14:00:00,3.615,3.47,908.0,True,True,False,6,cap_reached,0.0,0.0,0.0,0.0,3.47,0.0,0.0,0.0
2024-04-19 15:00:00,3.095,2.971,750.0,True,True,False,6,cap_reached,0.0,0.0,0.0,0.0,2.971,0.0,0.0,0.0
2024-04-19 16:00:00,2.379,2.283,544.0,True,True,False,6,cap_reached,0.0,0.0,0.0,0.0,2.283,0.0,0.0,0.0
2024-04-19 17:00:00,1.508,1.447,311.0,True,True,False,6,cap_reached,0.0,0.0,0.0,0.0,1.447,0.0,0.0,0.0
2024-04-19 18:00:00,0.534,0.512,86.0,True,True,False,6,cap_reached,0.0,0.0,0.0,0.0,0.512,0.0,0.0,0.0
2024-04-19 19:00:00,0.0,0.0,0.0,False,True,False,6,cap_reached,0.0,0.0,0.0,0.0,0.0,0.0,0.0,0.0
2024-04-19 20:00:00,0.0,0.0,0.0,False,True,False,6,cap_reached,0.0,0.0,0.0,0.0,0.0,0.0,0.0,0.0
2024-04-19 21:00:00,0.0,0.0,0.0,False,True,False,6,cap_reached,0.0,0.0,0.0,0.0,0.0,0.0,0.0,0.0
2024-04-19 22:00:00,0.0,0.0,0.0,False,True,False,6,cap_reached,0.0,0.0,0.0,0.0,0.0,0.0,0.0,0.0
2024-04-19 23:00:00,0.0,0.0,0.0,False,True,False,6,cap_reached,0.0,0.0,0.0,0.0,0.0,0.0,0.0,0.0
2024-04-20 00:00:00,0.0,0.0,0.0,False,True,False,0,no_power,0.0,0.0,0.0,0.0,0.0,0.0,0.0,0.0
2024-04-20 01:00:00,0.0,0.0,0.0,False,True,False,0,no_power,0.0,0.0,0.0,0.0,0.0,0.0,0.0,0.0
2024-04-20 02:00:00,0.0,0.0,0.0,False,True,False,0,no_power,0.0,0.0,0.0,0.0,0.0,0.0,0.0,0.0
2024-04-20 03:00:00,0.0,0.0,0.0,False,True,False,0,no_power,0.0,0.0,0.0,0.0,0.0,0.0,0.0,0.0
2024-04-20 04:00:00,0.0,0.0,0.0,False,True,False,0,no_power,0.0,0.0,0.0,0.0,0.0,0.0,0.0,0.0
2024-04-20 05:00:00,0.0,0.0,0.0,False,True,False,0,no_power,0.0,0.0,0.0,0.0,0.0,0.0,0.0,0.0
2024-04-20 06:00:00,0.185,0.178,25.0,True,True,False,0,no_power,0.0,0.0,0.0,0.0,0.0,0.0,0.0,0.0
2024-04-20 07:00:00,1.151,1.105,220.0,True,True,False,0,no_power,0.0,0.0,0.0,0.0,0.0,0.0,0.0,0.0
2024-04-20 08:00:00,2.073,1.99,455.0,True,True,True,1,ok,1.263,0.0,1.263,0.0,0.727,0.0,0.0,0.0
2024-04-20 09:00:00,2.852,2.738,671.0,True,True,True,2,ok,1.263,0.0,1.263,0.0,1.475,0.0,0.0,0.0
2024-04-20 10:00:00,3.447,3.309,850.0,True,True,True,3,ok,1.263,0.0,1.263,0.0,2.046,0.0,0.0,0.0
2024-04-20 11:00:00,3.833,3.68,970.0,True,True,True,4,ok,1.263,0.0,1.263,0.0,2.417,0.0,0.0,0.0
2024-04-20 12:00:00,3.991,3.832,1019.0,True,True,True,5,ok,1.263,0.0,1.263,0.0,2.569,0.0,0.0,0.0
2024-04-20 13:00:00,3.908,3.752,997.0,True,True,True,6,ok,1.263,0.0,1.263,0.0,2.489,0.0,0.0,0.0
2024-04-20 14:00:00,3.606,3.462,903.0,True,True,False,6,cap_reached,0.0,0.0,0.0,0.0,3.462,0.0,0.0,0.0
2024-04-20 15:00:00,3.094,2.971,749.0,True,True,False,6,cap_reached,0.0,0.0,0.0,0.0,2.971,0.0,0.0,0.0
2024-04-20 16:00:00,2.386,2.291,544.0,True,True,False,6,cap_reached,0.0,0.0,0.0,0.0,2.291,0.0,0.0,0.0
2024-04-20 17:00:00,1.524,1.463,313.0,True,True,False,6,cap_reached,0.0,0.0,0.0,0.0,1.463,0.0,0.0,0.0
2024-04-20 18:00:00,0.551,0.529,88.0,True,True,False,6,cap_reached,0.0,0.0,0.0,0.0,0.529,0.0,0.0,0.0
2024-04-20 19:00:00,0.0,0.0,0.0,False,True,False,6,cap_reached,0.0,0.0,0.0,0.0,0.0,0.0,0.0,0.0
2024-04-20 20:00:00,0.0,0.0,0.0,False,True,False,6,cap_reached,0.0,0.0,0.0,0.0,0.0,0.0,0.0,0.0
2024-04-20 21:00:00,0.0,0.0,0.0,False,True,False,6,cap_reached,0.0,0.0,0.0,0.0,0.0,0.0,0.0,0.0
2024-04-20 22:00:00,0.0,0.0,0.0,False,True,False,6,cap_reached,0.0,0.0,0.0,0.0,0.0,0.0,0.0,0.0
2024-04-20 23:00:00,0.0,0.0,0.0,False,True,False,6,cap_reached,0.0,0.0,0.0,0.0,0.0,0.0,0.0,0.0
2024-04-21 00:00:00,0.0,0.0,0.0,False,True,False,0,no_power,0.0,0.0,0.0,0.0,0.0,0.0,0.0,0.0
2024-04-21 01:00:00,0.0,0.0,0.0,False,True,False,0,no_power,0.0,0.0,0.0,0.0,0.0,0.0,0.0,0.0
2024-04-21 02:00:00,0.0,0.0,0.0,False,True,False,0,no_power,0.0,0.0,0.0,0.0,0.0,0.0,0.0,0.0
2024-04-21 03:00:00,0.0,0.0,0.0,False,True,False,0,no_power,0.0,0.0,0.0,0.0,0.0,0.0,0.0,0.0
2024-04-21 04:00:00,0.0,0.0,0.0,False,True,False,0,no_power,0.0,0.0,0.0,0.0,0.0,0.0,0.0,0.0
2024-04-21 05:00:00,0.0,0.0,0.0,False,True,False,0,no_power,0.0,0.0,0.0,0.0,0.0,0.0,0.0,0.0
2024-04-21 06:00:00,0.213,0.205,28.0,True,True,False,0,no_power,0.0,0.0,0.0,0.0,0.0,0.0,0.0,0.0
2024-04-21 07:00:00,1.213,1.164,232.0,True,True,False,0,no_power,0.0,0.0,0.0,0.0,0.0,0.0,0.0,0.0
2024-04-21 08:00:00,2.134,2.049,468.0,True,True,True,1,ok,1.263,0.0,1.263,0.0,0.786,0.0,0.0,0.0
2024-04-21 09:00:00,2.912,2.796,686.0,True,True,True,2,ok,1.263,0.0,1.263,0.0,1.533,0.0,0.0,0.0
2024-04-21 10:00:00,3.499,3.359,863.0,True,True,True,3,ok,1.263,0.0,1.263,0.0,2.096,0.0,0.0,0.0
2024-04-21 11:00:00,3.865,3.71,978.0,True,True,True,4,ok,1.263,0.0,1.263,0.0,2.447,0.0,0.0,0.0
2024-04-21 12:00:00,4.009,3.849,1025.0,True,True,True,5,ok,1.263,0.0,1.263,0.0,2.586,0.0,0.0,0.0
2024-04-21 13:00:00,3.916,3.76,999.0,True,True,True,6,ok,1.263,0.0,1.263,0.0,2.497,0.0,0.0,0.0
2024-04-21 14:00:00,1.708,1.64,360.0,True,True,False,6,cap_reached,0.0,0.0,0.0,0.0,1.64,0.0,0.0,0.0
2024-04-21 15:00:00,3.088,2.964,746.0,True,True,False,6,cap_reached,0.0,0.0,0.0,0.0,2.964,0.0,0.0,0.0
2024-04-21 16:00:00,1.821,1.749,391.0,True,True,False,6,cap_reached,0.0,0.0,0.0,0.0,1.749,0.0,0.0,0.0
2024-04-21 17:00:00,0.054,0.052,11.0,False,True,False,6,cap_reached,0.0,0.0,0.0,0.0,0.052,0.0,0.0,0.0
2024-04-21 18:00:00,0.553,0.531,88.0,True,True,False,6,cap_reached,0.0,0.0,0.0,0.0,0.531,0.0,0.0,0.0
2024-04-21 19:00:00,0.0,0.0,0.0,False,True,False,6,cap_reached,0.0,0.0,0.0,0.0,0.0,0.0,0.0,0.0
2024-04-21 20:00:00,0.0,0.0,0.0,False,True,False,6,cap_reached,0.0,0.0,0.0,0.0,0.0,0.0,0.0,0.0
2024-04-21 21:00:00,0.0,0.0,0.0,False,True,False,6,cap_reached,0.0,0.0,0.0,0.0,0.0,0.0,0.0,0.0
2024-04-21 22:00:00,0.0,0.0,0.0,False,True,False,6,cap_reached,0.0,0.0,0.0,0.0,0.0,0.0,0.0,0.0
2024-04-21 23:00:00,0.0,0.0,0.0,False,True,False,6,cap_reached,0.0,0.0,0.0,0.0,0.0,0.0,0.0,0.0
2024-04-22 00:00:00,0.0,0.0,0.0,False,True,False,0,no_power,0.0,0.0,0.0,0.0,0.0,0.0,0.0,0.0
2024-04-22 01:00:00,0.0,0.0,0.0,False,True,False,0,no_power,0.0,0.0,0.0,0.0,0.0,0.0,0.0,0.0
2024-04-22 02:00:00,0.0,0.0,0.0,False,True,False,0,no_power,0.0,0.0,0.0,0.0,0.0,0.0,0.0,0.0
2024-04-22 03:00:00,0.0,0.0,0.0,False,True,False,0,no_power,0.0,0.0,0.0,0.0,0.0,0.0,0.0,0.0
2024-04-22 04:00:00,0.0,0.0,0.0,False,True,False,0,no_power,0.0,0.0,0.0,0.0,0.0,0.0,0.0,0.0
2024-04-22 05:00:00,0.0,0.0,0.0,False,True,False,0,no_power,0.0,0.0,0.0,0.0,0.0,0.0,0.0,0.0
2024-04-22 06:00:00,0.193,0.185,27.0,True,True,False,0,no_power,0.0,0.0,0.0,0.0,0.0,0.0,0.0,0.0
2024-04-22 07:00:00,1.149,1.103,221.0,True,True,False,0,no_power,0.0,0.0,0.0,0.0,0.0,0.0,0.0,0.0
2024-04-22 08:00:00,2.071,1.989,452.0,True,True,True,1,ok,1.263,0.0,1.263,0.0,0.726,0.0,0.0,0.0
2024-04-22 09:00:00,2.839,2.725,666.0,True,True,True,2,ok,1.263,0.0,1.263,0.0,1.462,0.0,0.0,0.0
2024-04-22 10:00:00,3.42,3.283,839.0,True,True,True,3,ok,1.263,0.0,1.263,0.0,2.02,0.0,0.0,0.0
2024-04-22 11:00:00,3.788,3.637,952.0,True,True,True,4,ok,1.263,0.0,1.263,0.0,2.374,0.0,0.0,0.0
2024-04-22 12:00:00,3.933,3.776,997.0,True,True,True,5,ok,1.263,0.0,1.263,0.0,2.513,0.0,0.0,0.0
2024-04-22 13:00:00,3.844,3.69,971.0,True,True,True,6,ok,1.263,0.0,1.263,0.0,2.427,0.0,0.0,0.0
2024-04-22 14:00:00,3.539,3.397,877.0,True,True,False,6,cap_reached,0.0,0.0,0.0,0.0,3.397,0.0,0.0,0.0
2024-04-22 15:00:00,3.014,2.894,721.0,True,True,False,6,cap_reached,0.0,0.0,0.0,0.0,2.894,0.0,0.0,0.0
2024-04-22 16:00:00,2.335,2.241,528.0,True,True,False,6,cap_reached,0.0,0.0,0.0,0.0,2.241,0.0,0.0,0.0
2024-04-22 17:00:00,1.47,1.411,300.0,True,True,False,6,cap_reached,0.0,0.0,0.0,0.0,1.411,0.0,0.0,0.0
2024-04-22 18:00:00,0.498,0.478,82.0,True,True,False,6,cap_reached,0.0,0.0,0.0,0.0,0.478,0.0,0.0,0.0
2024-04-22 19:00:00,0.0,0.0,0.0,False,True,False,6,cap_reached,0.0,0.0,0.0,0.0,0.0,0.0,0.0,0.0
2024-04-22 20:00:00,0.0,0.0,0.0,False,True,False,6,cap_reached,0.0,0.0,0.0,0.0,0.0,0.0,0.0,0.0
2024-04-22 21:00:00,0.0,0.0,0.0,False,True,False,6,cap_reached,0.0,0.0,0.0,0.0,0.0,0.0,0.0,0.0
2024-04-22 22:00:00,0.0,0.0,0.0,False,True,False,6,cap_reached,0.0,0.0,0.0,0.0,0.0,0.0,0.0,0.0
2024-04-22 23:00:00,0.0,0.0,0.0,False,True,False,6,cap_reached,0.0,0.0,0.0,0.0,0.0,0.0,0.0,0.0
2024-04-23 00:00:00,0.0,0.0,0.0,False,True,False,0,no_power,0.0,0.0,0.0,0.0,0.0,0.0,0.0,0.0
2024-04-23 01:00:00,0.0,0.0,0.0,False,True,False,0,no_power,0.0,0.0,0.0,0.0,0.0,0.0,0.0,0.0
2024-04-23 02:00:00,0.0,0.0,0.0,False,True,False,0,no_power,0.0,0.0,0.0,0.0,0.0,0.0,0.0,0.0
2024-04-23 03:00:00,0.0,0.0,0.0,False,True,False,0,no_power,0.0,0.0,0.0,0.0,0.0,0.0,0.0,0.0
2024-04-23 04:00:00,0.0,0.0,0.0,False,True,False,0,no_power,0.0,0.0,0.0,0.0,0.0,0.0,0.0,0.0
2024-04-23 05:00:00,0.0,0.0,0.0,False,True,False,0,no_power,0.0,0.0,0.0,0.0,0.0,0.0,0.0,0.0
2024-04-23 06:00:00,0.156,0.15,26.0,True,True,False,0,no_power,0.0,0.0,0.0,0.0,0.0,0.0,0.0,0.0
2024-04-23 07:00:00,1.127,1.082,216.0,True,True,False,0,no_power,0.0,0.0,0.0,0.0,0.0,0.0,0.0,0.0
2024-04-23 08:00:00,2.072,1.989,447.0,True,True,True,1,ok,1.263,0.0,1.263,0.0,0.726,0.0,0.0,0.0
2024-04-23 09:00:00,2.277,2.186,491.0,True,True,True,2,ok,1.263,0.0,1.263,0.0,0.923,0.0,0.0,0.0
2024-04-23 10:00:00,3.479,3.34,843.0,True,True,True,3,ok,1.263,0.0,1.263,0.0,2.077,0.0,0.0,0.0
2024-04-23 11:00:00,2.432,2.334,524.0,True,True,True,4,ok,1.263,0.0,1.263,0.0,1.071,0.0,0.0,0.0
2024-04-23 12:00:00,1.674,1.607,349.0,True,True,True,5,ok,1.263,0.0,1.263,0.0,0.344,0.0,0.0,0.0
2024-04-23 13:00:00,3.959,3.801,987.0,True,True,True,6,ok,1.263,0.0,1.263,0.0,2.538,0.0,0.0,0.0
2024-04-23 14:00:00,2.735,2.626,600.0,True,True,False,6,cap_reached,0.0,0.0,0.0,0.0,2.626,0.0,0.0,0.0
2024-04-23 15:00:00,1.804,1.732,379.0,True,True,False,6,cap_reached,0.0,0.0,0.0,0.0,1.732,0.0,0.0,0.0
2024-04-23 16:00:00,2.431,2.334,541.0,True,True,False,6,cap_reached,0.0,0.0,0.0,0.0,2.334,0.0,0.0,0.0
2024-04-23 17:00:00,0.725,0.696,147.0,True,True,False,6,cap_reached,0.0,0.0,0.0,0.0,0.696,0.0,0.0,0.0
2024-04-23 18:00:00,0.546,0.524,89.0,True,True,False,6,cap_reached,0.0,0.0,0.0,0.0,0.524,0.0,0.0,0.0
2024-04-23 19:00:00,0.0,0.0,0.0,False,True,False,6,cap_reached,0.0,0.0,0.0,0.0,0.0,0.0,0.0,0.0
2024-04-23 20:00:00,0.0,0.0,0.0,False,True,False,6,cap_reached,0.0,0.0,0.0,0.0,0.0,0.0,0.0,0.0
2024-04-23 21:00:00,0.0,0.0,0.0,False,True,False,6,cap_reached,0.0,0.0,0.0,0.0,0.0,0.0,0.0,0.0
2024-04-23 22:00:00,0.0,0.0,0.0,False,True,False,6,cap_reached,0.0,0.0,0.0,0.0,0.0,0.0,0.0,0.0
2024-04-23 23:00:00,0.0,0.0,0.0,False,True,False,6,cap_reached,0.0,0.0,0.0,0.0,0.0,0.0,0.0,0.0
2024-04-24 00:00:00,0.0,0.0,0.0,False,True,False,0,no_power,0.0,0.0,0.0,0.0,0.0,0.0,0.0,0.0
2024-04-24 01:00:00,0.0,0.0,0.0,False,True,False,0,no_power,0.0,0.0,0.0,0.0,0.0,0.0,0.0,0.0
2024-04-24 02:00:00,0.0,0.0,0.0,False,True,False,0,no_power,0.0,0.0,0.0,0.0,0.0,0.0,0.0,0.0
2024-04-24 03:00:00,0.0,0.0,0.0,False,True,False,0,no_power,0.0,0.0,0.0,0.0,0.0,0.0,0.0,0.0
2024-04-24 04:00:00,0.0,0.0,0.0,False,True,False,0,no_power,0.0,0.0,0.0,0.0,0.0,0.0,0.0,0.0
2024-04-24 05:00:00,0.0,0.0,0.0,False,True,False,0,no_power,0.0,0.0,0.0,0.0,0.0,0.0,0.0,0.0
2024-04-24 06:00:00,0.228,0.219,32.0,True,True,False,0,no_power,0.0,0.0,0.0,0.0,0.0,0.0,0.0,0.0
2024-04-24 07:00:00,1.25,1.2,235.0,True,True,False,0,no_power,0.0,0.0,0.0,0.0,0.0,0.0,0.0,0.0
2024-04-24 08:00:00,2.198,2.11,473.0,True,True,True,1,ok,1.263,0.0,1.263,0.0,0.847,0.0,0.0,0.0
2024-04-24 09:00:00,2.99,2.871,692.0,True,True,True,2,ok,1.263,0.0,1.263,0.0,1.608,0.0,0.0,0.0
2024-04-24 10:00:00,3.579,3.436,866.0,True,True,True,3,ok,1.263,0.0,1.263,0.0,2.173,0.0,0.0,0.0
2024-04-24 11:00:00,3.962,3.804,984.0,True,True,True,4,ok,1.263,0.0,1.263,0.0,2.541,0.0,0.0,0.0
2024-04-24 12:00:00,3.4,3.264,770.0,True,True,True,5,ok,1.263,0.0,1.263,0.0,2.001,0.0,0.0,0.0
2024-04-24 13:00:00,4.037,3.875,1009.0,True,True,True,6,ok,1.263,0.0,1.263,0.0,2.612,0.0,0.0,0.0
2024-04-24 14:00:00,3.724,3.576,915.0,True,True,False,6,cap_reached,0.0,0.0,0.0,0.0,3.576,0.0,0.0,0.0
2024-04-24 15:00:00,3.192,3.064,755.0,True,True,False,6,cap_reached,0.0,0.0,0.0,0.0,3.064,0.0,0.0,0.0
2024-04-24 16:00:00,2.485,2.386,554.0,True,True,False,6,cap_reached,0.0,0.0,0.0,0.0,2.386,0.0,0.0,0.0
2024-04-24 17:00:00,1.597,1.533,320.0,True,True,False,6,cap_reached,0.0,0.0,0.0,0.0,1.533,0.0,0.0,0.0
2024-04-24 18:00:00,0.599,0.575,93.0,True,True,False,6,cap_reached,0.0,0.0,0.0,0.0,0.575,0.0,0.0,0.0
2024-04-24 19:00:00,0.0,0.0,0.0,False,True,False,6,cap_reached,0.0,0.0,0.0,0.0,0.0,0.0,0.0,0.0
2024-04-24 20:00:00,0.0,0.0,0.0,False,True,False,6,cap_reached,0.0,0.0,0.0,0.0,0.0,0.0,0.0,0.0
2024-04-24 21:00:00,0.0,0.0,0.0,False,True,False,6,cap_reached,0.0,0.0,0.0,0.0,0.0,0.0,0.0,0.0
2024-04-24 22:00:00,0.0,0.0,0.0,False,True,False,6,cap_reached,0.0,0.0,0.0,0.0,0.0,0.0,0.0,0.0
2024-04-24 23:00:00,0.0,0.0,0.0,False,True,False,6,cap_reached,0.0,0.0,0.0,0.0,0.0,0.0,0.0,0.0
2024-04-25 00:00:00,0.0,0.0,0.0,False,True,False,0,no_power,0.0,0.0,0.0,0.0,0.0,0.0,0.0,0.0
2024-04-25 01:00:00,0.0,0.0,0.0,False,True,False,0,no_power,0.0,0.0,0.0,0.0,0.0,0.0,0.0,0.0
2024-04-25 02:00:00,0.0,0.0,0.0,False,True,False,0,no_power,0.0,0.0,0.0,0.0,0.0,0.0,0.0,0.0
2024-04-25 03:00:00,0.0,0.0,0.0,False,True,False,0,no_power,0.0,0.0,0.0,0.0,0.0,0.0,0.0,0.0
2024-04-25 04:00:00,0.0,0.0,0.0,False,True,False,0,no_power,0.0,0.0,0.0,0.0,0.0,0.0,0.0,0.0
2024-04-25 05:00:00,0.0,0.0,0.0,False,True,False,0,no_power,0.0,0.0,0.0,0.0,0.0,0.0,0.0,0.0
2024-04-25 06:00:00,0.256,0.246,34.0,True,True,False,0,no_power,0.0,0.0,0.0,0.0,0.0,0.0,0.0,0.0
2024-04-25 07:00:00,1.278,1.227,240.0,True,True,False,0,no_power,0.0,0.0,0.0,0.0,0.0,0.0,0.0,0.0
2024-04-25 08:00:00,2.216,2.127,477.0,True,True,True,1,ok,1.263,0.0,1.263,0.0,0.864,0.0,0.0,0.0
2024-04-25 09:00:00,3.008,2.887,697.0,True,True,True,2,ok,1.263,0.0,1.263,0.0,1.624,0.0,0.0,0.0
2024-04-25 10:00:00,3.606,3.462,875.0,True,True,True,3,ok,1.263,0.0,1.263,0.0,2.199,0.0,0.0,0.0
2024-04-25 11:00:00,3.983,3.824,993.0,True,True,True,4,ok,1.263,0.0,1.263,0.0,2.561,0.0,0.0,0.0
2024-04-25 12:00:00,4.136,3.97,1042.0,True,True,True,5,ok,1.263,0.0,1.263,0.0,2.707,0.0,0.0,0.0
2024-04-25 13:00:00,4.049,3.887,1015.0,True,True,True,6,ok,1.263,0.0,1.263,0.0,2.624,0.0,0.0,0.0
2024-04-25 14:00:00,3.738,3.588,920.0,True,True,False,6,cap_reached,0.0,0.0,0.0,0.0,3.588,0.0,0.0,0.0
2024-04-25 15:00:00,3.215,3.086,763.0,True,True,False,6,cap_reached,0.0,0.0,0.0,0.0,3.086,0.0,0.0,0.0
2024-04-25 16:00:00,2.489,2.39,555.0,True,True,False,6,cap_reached,0.0,0.0,0.0,0.0,2.39,0.0,0.0,0.0
2024-04-25 17:00:00,1.611,1.546,322.0,True,True,False,6,cap_reached,0.0,0.0,0.0,0.0,1.546,0.0,0.0,0.0
2024-04-25 18:00:00,0.61,0.585,95.0,True,True,False,6,cap_reached,0.0,0.0,0.0,0.0,0.585,0.0,0.0,0.0
2024-04-25 19:00:00,0.0,0.0,0.0,False,True,False,6,cap_reached,0.0,0.0,0.0,0.0,0.0,0.0,0.0,0.0
2024-04-25 20:00:00,0.0,0.0,0.0,False,True,False,6,cap_reached,0.0,0.0,0.0,0.0,0.0,0.0,0.0,0.0
2024-04-25 21:00:00,0.0,0.0,0.0,False,True,False,6,cap_reached,0.0,0.0,0.0,0.0,0.0,0.0,0.0,0.0
2024-04-25 22:00:00,0.0,0.0,0.0,False,True,False,6,cap_reached,0.0,0.0,0.0,0.0,0.0,0.0,0.0,0.0
2024-04-25 23:00:00,0.0,0.0,0.0,False,True,False,6,cap_reached,0.0,0.0,0.0,0.0,0.0,0.0,0.0,0.0
2024-04-26 00:00:00,0.0,0.0,0.0,False,True,False,0,no_power,0.0,0.0,0.0,0.0,0.0,0.0,0.0,0.0
2024-04-26 01:00:00,0.0,0.0,0.0,False,True,False,0,no_power,0.0,0.0,0.0,0.0,0.0,0.0,0.0,0.0
2024-04-26 02:00:00,0.0,0.0,0.0,False,True,False,0,no_power,0.0,0.0,0.0,0.0,0.0,0.0,0.0,0.0
2024-04-26 03:00:00,0.0,0.0,0.0,False,True,False,0,no_power,0.0,0.0,0.0,0.0,0.0,0.0,0.0,0.0
2024-04-26 04:00:00,0.0,0.0,0.0,False,True,False,0,no_power,0.0,0.0,0.0,0.0,0.0,0.0,0.0,0.0
2024-04-26 05:00:00,0.0,0.0,0.0,False,True,False,0,no_power,0.0,0.0,0.0,0.0,0.0,0.0,0.0,0.0
2024-04-26 06:00:00,0.288,0.276,37.0,True,True,False,0,no_power,0.0,0.0,0.0,0.0,0.0,0.0,0.0,0.0
2024-04-26 07:00:00,1.32,1.267,247.0,True,True,True,1,ok,1.263,0.0,1.263,0.0,0.004,0.0,0.0,0.0
2024-04-26 08:00:00,2.249,2.159,485.0,True,True,True,2,ok,1.263,0.0,1.263,0.0,0.896,0.0,0.0,0.0
2024-04-26 09:00:00,3.033,2.912,704.0,True,True,True,3,ok,1.263,0.0,1.263,0.0,1.649,0.0,0.0,0.0
2024-04-26 10:00:00,3.617,3.472,879.0,True,True,True,4,ok,1.263,0.0,1.263,0.0,2.209,0.0,0.0,0.0
2024-04-26 11:00:00,3.987,3.828,995.0,True,True,True,5,ok,1.263,0.0,1.263,0.0,2.565,0.0,0.0,0.0
2024-04-26 12:00:00,4.131,3.965,1041.0,True,True,True,6,ok,1.263,0.0,1.263,0.0,2.702,0.0,0.0,0.0
2024-04-26 13:00:00,4.039,3.877,1013.0,True,True,False,6,cap_reached,0.0,0.0,0.0,0.0,3.877,0.0,0.0,0.0
2024-04-26 14:00:00,3.726,3.577,916.0,True,True,False,6,cap_reached,0.0,0.0,0.0,0.0,3.577,0.0,0.0,0.0
2024-04-26 15:00:00,2.11,2.026,453.0,True,True,False,6,cap_reached,0.0,0.0,0.0,0.0,2.026,0.0,0.0,0.0
2024-04-26 16:00:00,1.227,1.178,254.0,True,True,False,6,cap_reached,0.0,0.0,0.0,0.0,1.178,0.0,0.0,0.0
2024-04-26 17:00:00,1.574,1.511,314.0,True,True,False,6,cap_reached,0.0,0.0,0.0,0.0,1.511,0.0,0.0,0.0
2024-04-26 18:00:00,0.566,0.543,91.0,True,True,False,6,cap_reached,0.0,0.0,0.0,0.0,0.543,0.0,0.0,0.0
2024-04-26 19:00:00,0.0,0.0,0.0,False,True,False,6,cap_reached,0.0,0.0,0.0,0.0,0.0,0.0,0.0,0.0
2024-04-26 20:00:00,0.0,0.0,0.0,False,True,False,6,cap_reached,0.0,0.0,0.0,0.0,0.0,0.0,0.0,0.0
2024-04-26 21:00:00,0.0,0.0,0.0,False,True,False,6,cap_reached,0.0,0.0,0.0,0.0,0.0,0.0,0.0,0.0
2024-04-26 22:00:00,0.0,0.0,0.0,False,True,False,6,cap_reached,0.0,0.0,0.0,0.0,0.0,0.0,0.0,0.0
2024-04-26 23:00:00,0.0,0.0,0.0,False,True,False,6,cap_reached,0.0,0.0,0.0,0.0,0.0,0.0,0.0,0.0
2024-04-27 00:00:00,0.0,0.0,0.0,False,True,False,0,no_power,0.0,0.0,0.0,0.0,0.0,0.0,0.0,0.0
2024-04-27 01:00:00,0.0,0.0,0.0,False,True,False,0,no_power,0.0,0.0,0.0,0.0,0.0,0.0,0.0,0.0
2024-04-27 02:00:00,0.0,0.0,0.0,False,True,False,0,no_power,0.0,0.0,0.0,0.0,0.0,0.0,0.0,0.0
2024-04-27 03:00:00,0.0,0.0,0.0,False,True,False,0,no_power,0.0,0.0,0.0,0.0,0.0,0.0,0.0,0.0
2024-04-27 04:00:00,0.0,0.0,0.0,False,True,False,0,no_power,0.0,0.0,0.0,0.0,0.0,0.0,0.0,0.0
2024-04-27 05:00:00,0.0,0.0,0.0,False,True,False,0,no_power,0.0,0.0,0.0,0.0,0.0,0.0,0.0,0.0
2024-04-27 06:00:00,0.28,0.269,38.0,True,True,False,0,no_power,0.0,0.0,0.0,0.0,0.0,0.0,0.0,0.0
2024-04-27 07:00:00,1.301,1.249,243.0,True,True,False,0,no_power,0.0,0.0,0.0,0.0,0.0,0.0,0.0,0.0
2024-04-27 08:00:00,1.435,1.378,298.0,True,True,True,1,ok,1.263,0.0,1.263,0.0,0.115,0.0,0.0,0.0
2024-04-27 09:00:00,0.556,0.534,113.0,True,True,False,1,no_power,0.0,0.0,0.0,0.0,0.0,0.0,0.0,0.0
2024-04-27 10:00:00,2.544,2.442,555.0,True,True,True,2,ok,1.263,0.0,1.263,0.0,1.179,0.0,0.0,0.0
2024-04-27 11:00:00,3.265,3.135,739.0,True,True,True,3,ok,1.263,0.0,1.263,0.0,1.872,0.0,0.0,0.0
2024-04-27 12:00:00,3.49,3.35,800.0,True,True,True,4,ok,1.263,0.0,1.263,0.0,2.087,0.0,0.0,0.0
2024-04-27 13:00:00,4.023,3.862,1004.0,True,True,True,5,ok,1.263,0.0,1.263,0.0,2.599,0.0,0.0,0.0
2024-04-27 14:00:00,3.722,3.573,909.0,True,True,True,6,ok,1.263,0.0,1.263,0.0,2.31,0.0,0.0,0.0
2024-04-27 15:00:00,2.553,2.451,558.0,True,True,False,6,cap_reached,0.0,0.0,0.0,0.0,2.451,0.0,0.0,0.0
2024-04-27 16:00:00,2.47,2.371,544.0,True,True,False,6,cap_reached,0.0,0.0,0.0,0.0,2.371,0.0,0.0,0.0
2024-04-27 17:00:00,1.339,1.286,270.0,True,True,False,6,cap_reached,0.0,0.0,0.0,0.0,1.286,0.0,0.0,0.0
2024-04-27 18:00:00,0.378,0.363,74.0,True,True,False,6,cap_reached,0.0,0.0,0.0,0.0,0.363,0.0,0.0,0.0
2024-04-27 19:00:00,0.0,0.0,0.0,False,True,False,6,cap_reached,0.0,0.0,0.0,0.0,0.0,0.0,0.0,0.0
2024-04-27 20:00:00,0.0,0.0,0.0,False,True,False,6,cap_reached,0.0,0.0,0.0,0.0,0.0,0.0,0.0,0.0
2024-04-27 21:00:00,0.0,0.0,0.0,False,True,False,6,cap_reached,0.0,0.0,0.0,0.0,0.0,0.0,0.0,0.0
2024-04-27 22:00:00,0.0,0.0,0.0,False,True,False,6,cap_reached,0.0,0.0,0.0,0.0,0.0,0.0,0.0,0.0
2024-04-27 23:00:00,0.0,0.0,0.0,False,True,False,6,cap_reached,0.0,0.0,0.0,0.0,0.0,0.0,0.0,0.0
2024-04-28 00:00:00,0.0,0.0,0.0,False,True,False,0,no_power,0.0,0.0,0.0,0.0,0.0,0.0,0.0,0.0
2024-04-28 01:00:00,0.0,0.0,0.0,False,True,False,0,no_power,0.0,0.0,0.0,0.0,0.0,0.0,0.0,0.0
2024-04-28 02:00:00,0.0,0.0,0.0,False,True,False,0,no_power,0.0,0.0,0.0,0.0,0.0,0.0,0.0,0.0
2024-04-28 03:00:00,0.0,0.0,0.0,False,True,False,0,no_power,0.0,0.0,0.0,0.0,0.0,0.0,0.0,0.0
2024-04-28 04:00:00,0.0,0.0,0.0,False,True,False,0,no_power,0.0,0.0,0.0,0.0,0.0,0.0,0.0,0.0
2024-04-28 05:00:00,0.0,0.0,0.0,False,True,False,0,no_power,0.0,0.0,0.0,0.0,0.0,0.0,0.0,0.0
2024-04-28 06:00:00,0.157,0.15,31.0,True,True,False,0,no_power,0.0,0.0,0.0,0.0,0.0,0.0,0.0,0.0
2024-04-28 07:00:00,1.29,1.238,241.0,True,True,False,0,no_power,0.0,0.0,0.0,0.0,0.0,0.0,0.0,0.0
2024-04-28 08:00:00,2.223,2.134,474.0,True,True,True,1,ok,1.263,0.0,1.263,0.0,0.871,0.0,0.0,0.0
2024-04-28 09:00:00,2.997,2.877,688.0,True,True,True,2,ok,1.263,0.0,1.263,0.0,1.614,0.0,0.0,0.0
2024-04-28 10:00:00,3.575,3.432,856.0,True,True,True,3,ok,1.263,0.0,1.263,0.0,2.169,0.0,0.0,0.0
2024-04-28 11:00:00,3.243,3.113,727.0,True,True,True,4,ok,1.263,0.0,1.263,0.0,1.85,0.0,0.0,0.0
2024-04-28 12:00:00,3.363,3.228,775.0,True,True,True,5,ok,1.263,0.0,1.263,0.0,1.965,0.0,0.0,0.0
2024-04-28 13:00:00,2.605,2.501,575.0,True,True,True,6,ok,1.263,0.0,1.263,0.0,1.238,0.0,0.0,0.0
2024-04-28 14:00:00,1.854,1.78,389.0,True,True,False,6,cap_reached,0.0,0.0,0.0,0.0,1.78,0.0,0.0,0.0
2024-04-28 15:00:00,1.707,1.639,359.0,True,True,False,6,cap_reached,0.0,0.0,0.0,0.0,1.639,0.0,0.0,0.0
2024-04-28 16:00:00,2.065,1.983,444.0,True,True,False,6,cap_reached,0.0,0.0,0.0,0.0,1.983,0.0,0.0,0.0
2024-04-28 17:00:00,1.103,1.059,223.0,True,True,False,6,cap_reached,0.0,0.0,0.0,0.0,1.059,0.0,0.0,0.0
2024-04-28 18:00:00,0.455,0.437,85.0,True,True,False,6,cap_reached,0.0,0.0,0.0,0.0,0.437,0.0,0.0,0.0
2024-04-28 19:00:00,0.0,0.0,0.0,False,True,False,6,cap_reached,0.0,0.0,0.0,0.0,0.0,0.0,0.0,0.0
2024-04-28 20:00:00,0.0,0.0,0.0,False,True,False,6,cap_reached,0.0,0.0,0.0,0.0,0.0,0.0,0.0,0.0
2024-04-28 21:00:00,0.0,0.0,0.0,False,True,False,6,cap_reached,0.0,0.0,0.0,0.0,0.0,0.0,0.0,0.0
2024-04-28 22:00:00,0.0,0.0,0.0,False,True,False,6,cap_reached,0.0,0.0,0.0,0.0,0.0,0.0,0.0,0.0
2024-04-28 23:00:00,0.0,0.0,0.0,False,True,False,6,cap_reached,0.0,0.0,0.0,0.0,0.0,0.0,0.0,0.0
2024-04-29 00:00:00,0.0,0.0,0.0,False,True,False,0,no_power,0.0,0.0,0.0,0.0,0.0,0.0,0.0,0.0
2024-04-29 01:00:00,0.0,0.0,0.0,False,True,False,0,no_power,0.0,0.0,0.0,0.0,0.0,0.0,0.0,0.0
2024-04-29 02:00:00,0.0,0.0,0.0,False,True,False,0,no_power,0.0,0.0,0.0,0.0,0.0,0.0,0.0,0.0
2024-04-29 03:00:00,0.0,0.0,0.0,False,True,False,0,no_power,0.0,0.0,0.0,0.0,0.0,0.0,0.0,0.0
2024-04-29 04:00:00,0.0,0.0,0.0,False,True,False,0,no_power,0.0,0.0,0.0,0.0,0.0,0.0,0.0,0.0
2024-04-29 05:00:00,0.0,0.0,0.0,False,True,False,0,no_power,0.0,0.0,0.0,0.0,0.0,0.0,0.0,0.0
2024-04-29 06:00:00,0.296,0.284,41.0,True,True,False,0,no_power,0.0,0.0,0.0,0.0,0.0,0.0,0.0,0.0
2024-04-29 07:00:00,1.312,1.26,245.0,True,True,False,0,no_power,0.0,0.0,0.0,0.0,0.0,0.0,0.0,0.0
2024-04-29 08:00:00,2.239,2.149,477.0,True,True,True,1,ok,1.263,0.0,1.263,0.0,0.886,0.0,0.0,0.0
2024-04-29 09:00:00,3.011,2.89,692.0,True,True,True,2,ok,1.263,0.0,1.263,0.0,1.627,0.0,0.0,0.0
2024-04-29 10:00:00,3.591,3.447,864.0,True,True,True,3,ok,1.263,0.0,1.263,0.0,2.184,0.0,0.0,0.0
2024-04-29 11:00:00,3.965,3.807,979.0,True,True,True,4,ok,1.263,0.0,1.263,0.0,2.544,0.0,0.0,0.0
2024-04-29 12:00:00,4.116,3.952,1026.0,True,True,True,5,ok,1.263,0.0,1.263,0.0,2.689,0.0,0.0,0.0
2024-04-29 13:00:00,4.033,3.872,1002.0,True,True,True,6,ok,1.263,0.0,1.263,0.0,2.609,0.0,0.0,0.0
2024-04-29 14:00:00,3.724,3.575,907.0,True,True,False,6,cap_reached,0.0,0.0,0.0,0.0,3.575,0.0,0.0,0.0
2024-04-29 15:00:00,3.205,3.077,751.0,True,True,False,6,cap_reached,0.0,0.0,0.0,0.0,3.077,0.0,0.0,0.0
2024-04-29 16:00:00,2.493,2.393,550.0,True,True,False,6,cap_reached,0.0,0.0,0.0,0.0,2.393,0.0,0.0,0.0
2024-04-29 17:00:00,1.623,1.558,320.0,True,True,False,6,cap_reached,0.0,0.0,0.0,0.0,1.558,0.0,0.0,0.0
2024-04-29 18:00:00,0.623,0.598,96.0,True,True,False,6,cap_reached,0.0,0.0,0.0,0.0,0.598,0.0,0.0,0.0
2024-04-29 19:00:00,0.0,0.0,0.0,False,True,False,6,cap_reached,0.0,0.0,0.0,0.0,0.0,0.0,0.0,0.0
2024-04-29 20:00:00,0.0,0.0,0.0,False,True,False,6,cap_reached,0.0,0.0,0.0,0.0,0.0,0.0,0.0,0.0
2024-04-29 21:00:00,0.0,0.0,0.0,False,True,False,6,cap_reached,0.0,0.0,0.0,0.0,0.0,0.0,0.0,0.0
2024-04-29 22:00:00,0.0,0.0,0.0,False,True,False,6,cap_reached,0.0,0.0,0.0,0.0,0.0,0.0,0.0,0.0
2024-04-29 23:00:00,0.0,0.0,0.0,False,True,False,6,cap_reached,0.0,0.0,0.0,0.0,0.0,0.0,0.0,0.0
2024-04-30 00:00:00,0.0,0.0,0.0,False,True,False,0,no_power,0.0,0.0,0.0,0.0,0.0,0.0,0.0,0.0
2024-04-30 01:00:00,0.0,0.0,0.0,False,True,False,0,no_power,0.0,0.0,0.0,0.0,0.0,0.0,0.0,0.0
2024-04-30 02:00:00,0.0,0.0,0.0,False,True,False,0,no_power,0.0,0.0,0.0,0.0,0.0,0.0,0.0,0.0
2024-04-30 03:00:00,0.0,0.0,0.0,False,True,False,0,no_power,0.0,0.0,0.0,0.0,0.0,0.0,0.0,0.0
2024-04-30 04:00:00,0.0,0.0,0.0,False,True,False,0,no_power,0.0,0.0,0.0,0.0,0.0,0.0,0.0,0.0
2024-04-30 05:00:00,0.0,0.0,0.0,False,True,False,0,no_power,0.0,0.0,0.0,0.0,0.0,0.0,0.0,0.0
2024-04-30 06:00:00,0.1,0.096,20.0,False,True,False,0,no_power,0.0,0.0,0.0,0.0,0.0,0.0,0.0,0.0
2024-04-30 07:00:00,1.34,1.286,248.0,True,True,True,1,ok,1.263,0.0,1.263,0.0,0.023,0.0,0.0,0.0
2024-04-30 08:00:00,2.252,2.161,480.0,True,True,True,2,ok,1.263,0.0,1.263,0.0,0.898,0.0,0.0,0.0
2024-04-30 09:00:00,1.491,1.431,311.0,True,True,True,3,ok,1.263,0.0,1.263,0.0,0.168,0.0,0.0,0.0
2024-04-30 10:00:00,2.105,2.021,449.0,True,True,True,4,ok,1.263,0.0,1.263,0.0,0.758,0.0,0.0,0.0
2024-04-30 11:00:00,3.936,3.778,972.0,True,True,True,5,ok,1.263,0.0,1.263,0.0,2.515,0.0,0.0,0.0
2024-04-30 12:00:00,4.078,3.915,1016.0,True,True,True,6,ok,1.263,0.0,1.263,0.0,2.652,0.0,0.0,0.0
2024-04-30 13:00:00,1.622,1.557,341.0,True,True,False,6,cap_reached,0.0,0.0,0.0,0.0,1.557,0.0,0.0,0.0
2024-04-30 14:00:00,3.675,3.528,893.0,True,True,False,6,cap_reached,0.0,0.0,0.0,0.0,3.528,0.0,0.0,0.0
2024-04-30 15:00:00,3.155,3.029,738.0,True,True,False,6,cap_reached,0.0,0.0,0.0,0.0,3.029,0.0,0.0,0.0
2024-04-30 16:00:00,2.446,2.348,537.0,True,True,False,6,cap_reached,0.0,0.0,0.0,0.0,2.348,0.0,0.0,0.0
2024-04-30 17:00:00,1.573,1.51,310.0,True,True,False,6,cap_reached,0.0,0.0,0.0,0.0,1.51,0.0,0.0,0.0
2024-04-30 18:00:00,0.591,0.567,93.0,True,True,False,6,cap_reached,0.0,0.0,0.0,0.0,0.567,0.0,0.0,0.0
2024-04-30 19:00:00,0.0,0.0,0.0,False,True,False,6,cap_reached,0.0,0.0,0.0,0.0,0.0,0.0,0.0,0.0
2024-04-30 20:00:00,0.0,0.0,0.0,False,True,False,6,cap_reached,0.0,0.0,0.0,0.0,0.0,0.0,0.0,0.0
2024-04-30 21:00:00,0.0,0.0,0.0,False,True,False,6,cap_reached,0.0,0.0,0.0,0.0,0.0,0.0,0.0,0.0
2024-04-30 22:00:00,0.0,0.0,0.0,False,True,False,6,cap_reached,0.0,0.0,0.0,0.0,0.0,0.0,0.0,0.0
2024-04-30 23:00:00,0.0,0.0,0.0,False,True,False,6,cap_reached,0.0,0.0,0.0,0.0,0.0,0.0,0.0,0.0
2024-05-01 00:00:00,0.0,0.0,0.0,False,True,False,0,no_power,0.0,0.0,0.0,0.0,0.0,0.0,0.0,0.0
2024-05-01 01:00:00,0.0,0.0,0.0,False,True,False,0,no_power,0.0,0.0,0.0,0.0,0.0,0.0,0.0,0.0
2024-05-01 02:00:00,0.0,0.0,0.0,False,True,False,0,no_power,0.0,0.0,0.0,0.0,0.0,0.0,0.0,0.0
2024-05-01 03:00:00,0.0,0.0,0.0,False,True,False,0,no_power,0.0,0.0,0.0,0.0,0.0,0.0,0.0,0.0
2024-05-01 04:00:00,0.0,0.0,0.0,False,True,False,0,no_power,0.0,0.0,0.0,0.0,0.0,0.0,0.0,0.0
2024-05-01 05:00:00,0.0,0.0,0.0,False,True,False,0,no_power,0.0,0.0,0.0,0.0,0.0,0.0,0.0,0.0
2024-05-01 06:00:00,0.085,0.081,17.0,False,True,False,0,no_power,0.0,0.0,0.0,0.0,0.0,0.0,0.0,0.0
2024-05-01 07:00:00,0.958,0.92,189.0,True,True,False,0,no_power,0.0,0.0,0.0,0.0,0.0,0.0,0.0,0.0
2024-05-01 08:00:00,0.464,0.445,94.0,True,True,False,0,no_power,0.0,0.0,0.0,0.0,0.0,0.0,0.0,0.0
2024-05-01 09:00:00,2.969,2.85,678.0,True,True,True,1,ok,1.263,0.0,1.263,0.0,1.587,0.0,0.0,0.0
2024-05-01 10:00:00,2.501,2.401,550.0,True,True,True,2,ok,1.263,0.0,1.263,0.0,1.138,0.0,0.0,0.0
2024-05-01 11:00:00,2.189,2.102,470.0,True,True,True,3,ok,1.263,0.0,1.263,0.0,0.839,0.0,0.0,0.0
2024-05-01 12:00:00,3.226,3.097,751.0,True,True,True,4,ok,1.263,0.0,1.263,0.0,1.834,0.0,0.0,0.0
2024-05-01 13:00:00,3.994,3.834,989.0,True,True,True,5,ok,1.263,0.0,1.263,0.0,2.571,0.0,0.0,0.0
2024-05-01 14:00:00,3.686,3.538,896.0,True,True,True,6,ok,1.263,0.0,1.263,0.0,2.275,0.0,0.0,0.0
2024-05-01 15:00:00,3.177,3.05,744.0,True,True,False,6,cap_reached,0.0,0.0,0.0,0.0,3.05,0.0,0.0,0.0
2024-05-01 16:00:00,1.83,1.757,388.0,True,True,False,6,cap_reached,0.0,0.0,0.0,0.0,1.757,0.0,0.0,0.0
2024-05-01 17:00:00,1.625,1.56,318.0,True,True,False,6,cap_reached,0.0,0.0,0.0,0.0,1.56,0.0,0.0,0.0
2024-05-01 18:00:00,0.655,0.629,99.0,True,True,False,6,cap_reached,0.0,0.0,0.0,0.0,0.629,0.0,0.0,0.0
2024-05-01 19:00:00,0.0,0.0,0.0,False,True,False,6,cap_reached,0.0,0.0,0.0,0.0,0.0,0.0,0.0,0.0
2024-05-01 20:00:00,0.0,0.0,0.0,False,True,False,6,cap_reached,0.0,0.0,0.0,0.0,0.0,0.0,0.0,0.0
2024-05-01 21:00:00,0.0,0.0,0.0,False,True,False,6,cap_reached,0.0,0.0,0.0,0.0,0.0,0.0,0.0,0.0
2024-05-01 22:00:00,0.0,0.0,0.0,False,True,False,6,cap_reached,0.0,0.0,0.0,0.0,0.0,0.0,0.0,0.0
2024-05-01 23:00:00,0.0,0.0,0.0,False,True,False,6,cap_reached,0.0,0.0,0.0,0.0,0.0,0.0,0.0,0.0
2024-05-02 00:00:00,0.0,0.0,0.0,False,True,False,0,no_power,0.0,0.0,0.0,0.0,0.0,0.0,0.0,0.0
2024-05-02 01:00:00,0.0,0.0,0.0,False,True,False,0,no_power,0.0,0.0,0.0,0.0,0.0,0.0,0.0,0.0
2024-05-02 02:00:00,0.0,0.0,0.0,False,True,False,0,no_power,0.0,0.0,0.0,0.0,0.0,0.0,0.0,0.0
2024-05-02 03:00:00,0.0,0.0,0.0,False,True,False,0,no_power,0.0,0.0,0.0,0.0,0.0,0.0,0.0,0.0
2024-05-02 04:00:00,0.0,0.0,0.0,False,True,False,0,no_power,0.0,0.0,0.0,0.0,0.0,0.0,0.0,0.0
2024-05-02 05:00:00,0.0,0.0,0.0,False,True,False,0,no_power,0.0,0.0,0.0,0.0,0.0,0.0,0.0,0.0
2024-05-02 06:00:00,0.336,0.323,45.0,True,True,False,0,no_power,0.0,0.0,0.0,0.0,0.0,0.0,0.0,0.0
2024-05-02 07:00:00,0.124,0.119,25.0,True,True,False,0,no_power,0.0,0.0,0.0,0.0,0.0,0.0,0.0,0.0
2024-05-02 08:00:00,2.264,2.173,479.0,True,True,True,1,ok,1.263,0.0,1.263,0.0,0.91,0.0,0.0,0.0
2024-05-02 09:00:00,3.024,2.903,692.0,True,True,True,2,ok,1.263,0.0,1.263,0.0,1.64,0.0,0.0,0.0
2024-05-02 10:00:00,3.595,3.451,862.0,True,True,True,3,ok,1.263,0.0,1.263,0.0,2.188,0.0,0.0,0.0
2024-05-02 11:00:00,3.957,3.799,975.0,True,True,True,4,ok,1.263,0.0,1.263,0.0,2.536,0.0,0.0,0.0
2024-05-02 12:00:00,2.216,2.127,473.0,True,True,True,5,ok,1.263,0.0,1.263,0.0,0.864,0.0,0.0,0.0
2024-05-02 13:00:00,1.365,1.311,284.0,True,True,True,6,ok,1.263,0.0,1.263,0.0,0.048,0.0,0.0,0.0
2024-05-02 14:00:00,2.343,2.249,507.0,True,True,False,6,cap_reached,0.0,0.0,0.0,0.0,2.249,0.0,0.0,0.0
2024-05-02 15:00:00,1.693,1.625,357.0,True,True,False,6,cap_reached,0.0,0.0,0.0,0.0,1.625,0.0,0.0,0.0
2024-05-02 16:00:00,2.514,2.413,550.0,True,True,False,6,cap_reached,0.0,0.0,0.0,0.0,2.413,0.0,0.0,0.0
2024-05-02 17:00:00,1.658,1.592,323.0,True,True,False,6,cap_reached,0.0,0.0,0.0,0.0,1.592,0.0,0.0,0.0
2024-05-02 18:00:00,0.685,0.658,102.0,True,True,False,6,cap_reached,0.0,0.0,0.0,0.0,0.658,0.0,0.0,0.0
2024-05-02 19:00:00,0.0,0.0,0.0,False,True,False,6,cap_reached,0.0,0.0,0.0,0.0,0.0,0.0,0.0,0.0
2024-05-02 20:00:00,0.0,0.0,0.0,False,True,False,6,cap_reached,0.0,0.0,0.0,0.0,0.0,0.0,0.0,0.0
2024-05-02 21:00:00,0.0,0.0,0.0,False,True,False,6,cap_reached,0.0,0.0,0.0,0.0,0.0,0.0,0.0,0.0
2024-05-02 22:00:00,0.0,0.0,0.0,False,True,False,6,cap_reached,0.0,0.0,0.0,0.0,0.0,0.0,0.0,0.0
2024-05-02 23:00:00,0.0,0.0,0.0,False,True,False,6,cap_reached,0.0,0.0,0.0,0.0,0.0,0.0,0.0,0.0
2024-05-03 00:00:00,0.0,0.0,0.0,False,True,False,0,no_power,0.0,0.0,0.0,0.0,0.0,0.0,0.0,0.0
2024-05-03 01:00:00,0.0,0.0,0.0,False,True,False,0,no_power,0.0,0.0,0.0,0.0,0.0,0.0,0.0,0.0
2024-05-03 02:00:00,0.0,0.0,0.0,False,True,False,0,no_power,0.0,0.0,0.0,0.0,0.0,0.0,0.0,0.0
2024-05-03 03:00:00,0.0,0.0,0.0,False,True,False,0,no_power,0.0,0.0,0.0,0.0,0.0,0.0,0.0,0.0
2024-05-03 04:00:00,0.0,0.0,0.0,False,True,False,0,no_power,0.0,0.0,0.0,0.0,0.0,0.0,0.0,0.0
2024-05-03 05:00:00,0.0,0.0,0.0,False,True,False,0,no_power,0.0,0.0,0.0,0.0,0.0,0.0,0.0,0.0
2024-05-03 06:00:00,0.376,0.361,48.0,True,True,False,0,no_power,0.0,0.0,0.0,0.0,0.0,0.0,0.0,0.0
2024-05-03 07:00:00,1.397,1.341,256.0,True,True,True,1,ok,1.263,0.0,1.263,0.0,0.078,0.0,0.0,0.0
2024-05-03 08:00:00,2.305,2.213,489.0,True,True,True,2,ok,1.263,0.0,1.263,0.0,0.95,0.0,0.0,0.0
2024-05-03 09:00:00,3.053,2.931,700.0,True,True,True,3,ok,1.263,0.0,1.263,0.0,1.668,0.0,0.0,0.0
2024-05-03 10:00:00,2.866,2.752,637.0,True,True,True,4,ok,1.263,0.0,1.263,0.0,1.489,0.0,0.0,0.0
2024-05-03 11:00:00,3.98,3.821,982.0,True,True,True,5,ok,1.263,0.0,1.263,0.0,2.558,0.0,0.0,0.0
2024-05-03 12:00:00,4.121,3.956,1027.0,True,True,True,6,ok,1.263,0.0,1.263,0.0,2.693,0.0,0.0,0.0
2024-05-03 13:00:00,2.755,2.645,611.0,True,True,False,6,cap_reached,0.0,0.0,0.0,0.0,2.645,0.0,0.0,0.0
2024-05-03 14:00:00,1.586,1.522,332.0,True,True,False,6,cap_reached,0.0,0.0,0.0,0.0,1.522,0.0,0.0,0.0
2024-05-03 15:00:00,2.342,2.248,508.0,True,True,False,6,cap_reached,0.0,0.0,0.0,0.0,2.248,0.0,0.0,0.0
2024-05-03 16:00:00,2.531,2.429,554.0,True,True,False,6,cap_reached,0.0,0.0,0.0,0.0,2.429,0.0,0.0,0.0
2024-05-03 17:00:00,1.677,1.61,326.0,True,True,False,6,cap_reached,0.0,0.0,0.0,0.0,1.61,0.0,0.0,0.0
2024-05-03 18:00:00,0.693,0.665,104.0,True,True,False,6,cap_reached,0.0,0.0,0.0,0.0,0.665,0.0,0.0,0.0
2024-05-03 19:00:00,0.0,0.0,0.0,False,True,False,6,cap_reached,0.0,0.0,0.0,0.0,0.0,0.0,0.0,0.0
2024-05-03 20:00:00,0.0,0.0,0.0,False,True,False,6,cap_reached,0.0,0.0,0.0,0.0,0.0,0.0,0.0,0.0
2024-05-03 21:00:00,0.0,0.0,0.0,False,True,False,6,cap_reached,0.0,0.0,0.0,0.0,0.0,0.0,0.0,0.0
2024-05-03 22:00:00,0.0,0.0,0.0,False,True,False,6,cap_reached,0.0,0.0,0.0,0.0,0.0,0.0,0.0,0.0
2024-05-03 23:00:00,0.0,0.0,0.0,False,True,False,6,cap_reached,0.0,0.0,0.0,0.0,0.0,0.0,0.0,0.0
2024-05-04 00:00:00,0.0,0.0,0.0,False,True,False,0,no_power,0.0,0.0,0.0,0.0,0.0,0.0,0.0,0.0
2024-05-04 01:00:00,0.0,0.0,0.0,False,True,False,0,no_power,0.0,0.0,0.0,0.0,0.0,0.0,0.0,0.0
2024-05-04 02:00:00,0.0,0.0,0.0,False,True,False,0,no_power,0.0,0.0,0.0,0.0,0.0,0.0,0.0,0.0
2024-05-04 03:00:00,0.0,0.0,0.0,False,True,False,0,no_power,0.0,0.0,0.0,0.0,0.0,0.0,0.0,0.0
2024-05-04 04:00:00,0.0,0.0,0.0,False,True,False,0,no_power,0.0,0.0,0.0,0.0,0.0,0.0,0.0,0.0
2024-05-04 05:00:00,0.0,0.0,0.0,False,True,False,0,no_power,0.0,0.0,0.0,0.0,0.0,0.0,0.0,0.0
2024-05-04 06:00:00,0.362,0.348,49.0,True,True,False,0,no_power,0.0,0.0,0.0,0.0,0.0,0.0,0.0,0.0
2024-05-04 07:00:00,1.396,1.341,256.0,True,True,True,1,ok,1.263,0.0,1.263,0.0,0.078,0.0,0.0,0.0
2024-05-04 08:00:00,2.317,2.224,490.0,True,True,True,2,ok,1.263,0.0,1.263,0.0,0.961,0.0,0.0,0.0
2024-05-04 09:00:00,3.074,2.951,702.0,True,True,True,3,ok,1.263,0.0,1.263,0.0,1.688,0.0,0.0,0.0
2024-05-04 10:00:00,3.651,3.505,875.0,True,True,True,4,ok,1.263,0.0,1.263,0.0,2.242,0.0,0.0,0.0
2024-05-04 11:00:00,4.009,3.849,988.0,True,True,True,5,ok,1.263,0.0,1.263,0.0,2.586,0.0,0.0,0.0
2024-05-04 12:00:00,4.156,3.99,1033.0,True,True,True,6,ok,1.263,0.0,1.263,0.0,2.727,0.0,0.0,0.0
2024-05-04 13:00:00,4.062,3.9,1005.0,True,True,False,6,cap_reached,0.0,0.0,0.0,0.0,3.9,0.0,0.0,0.0
2024-05-04 14:00:00,3.762,3.612,911.0,True,True,False,6,cap_reached,0.0,0.0,0.0,0.0,3.612,0.0,0.0,0.0
2024-05-04 15:00:00,3.252,3.122,756.0,True,True,False,6,cap_reached,0.0,0.0,0.0,0.0,3.122,0.0,0.0,0.0
2024-05-04 16:00:00,2.564,2.461,558.0,True,True,False,6,cap_reached,0.0,0.0,0.0,0.0,2.461,0.0,0.0,0.0
2024-05-04 17:00:00,0.64,0.615,130.0,True,True,False,6,cap_reached,0.0,0.0,0.0,0.0,0.615,0.0,0.0,0.0
2024-05-04 18:00:00,0.711,0.683,106.0,True,True,False,6,cap_reached,0.0,0.0,0.0,0.0,0.683,0.0,0.0,0.0
2024-05-04 19:00:00,0.0,0.0,0.0,False,True,False,6,cap_reached,0.0,0.0,0.0,0.0,0.0,0.0,0.0,0.0
2024-05-04 20:00:00,0.0,0.0,0.0,False,True,False,6,cap_reached,0.0,0.0,0.0,0.0,0.0,0.0,0.0,0.0
2024-05-04 21:00:00,0.0,0.0,0.0,False,True,False,6,cap_reached,0.0,0.0,0.0,0.0,0.0,0.0,0.0,0.0
2024-05-04 22:00:00,0.0,0.0,0.0,False,True,False,6,cap_reached,0.0,0.0,0.0,0.0,0.0,0.0,0.0,0.0
2024-05-04 23:00:00,0.0,0.0,0.0,False,True,False,6,cap_reached,0.0,0.0,0.0,0.0,0.0,0.0,0.0,0.0
2024-05-05 00:00:00,0.0,0.0,0.0,False,True,False,0,no_power,0.0,0.0,0.0,0.0,0.0,0.0,0.0,0.0
2024-05-05 01:00:00,0.0,0.0,0.0,False,True,False,0,no_power,0.0,0.0,0.0,0.0,0.0,0.0,0.0,0.0
2024-05-05 02:00:00,0.0,0.0,0.0,False,True,False,0,no_power,0.0,0.0,0.0,0.0,0.0,0.0,0.0,0.0
2024-05-05 03:00:00,0.0,0.0,0.0,False,True,False,0,no_power,0.0,0.0,0.0,0.0,0.0,0.0,0.0,0.0
2024-05-05 04:00:00,0.0,0.0,0.0,False,True,False,0,no_power,0.0,0.0,0.0,0.0,0.0,0.0,0.0,0.0
2024-05-05 05:00:00,0.0,0.0,0.0,False,True,False,0,no_power,0.0,0.0,0.0,0.0,0.0,0.0,0.0,0.0
2024-05-05 06:00:00,0.39,0.375,52.0,True,True,False,0,no_power,0.0,0.0,0.0,0.0,0.0,0.0,0.0,0.0
2024-05-05 07:00:00,1.418,1.361,260.0,True,True,True,1,ok,1.263,0.0,1.263,0.0,0.098,0.0,0.0,0.0
2024-05-05 08:00:00,0.804,0.771,164.0,True,True,False,1,no_power,0.0,0.0,0.0,0.0,0.0,0.0,0.0,0.0
2024-05-05 09:00:00,3.097,2.973,706.0,True,True,True,2,ok,1.263,0.0,1.263,0.0,1.71,0.0,0.0,0.0
2024-05-05 10:00:00,3.665,3.518,876.0,True,True,True,3,ok,1.263,0.0,1.263,0.0,2.255,0.0,0.0,0.0
2024-05-05 11:00:00,4.014,3.854,987.0,True,True,True,4,ok,1.263,0.0,1.263,0.0,2.591,0.0,0.0,0.0
2024-05-05 12:00:00,4.153,3.987,1031.0,True,True,True,5,ok,1.263,0.0,1.263,0.0,2.724,0.0,0.0,0.0
2024-05-05 13:00:00,4.063,3.901,1005.0,True,True,True,6,ok,1.263,0.0,1.263,0.0,2.638,0.0,0.0,0.0
2024-05-05 14:00:00,3.756,3.606,909.0,True,True,False,6,cap_reached,0.0,0.0,0.0,0.0,3.606,0.0,0.0,0.0
2024-05-05 15:00:00,2.353,2.259,510.0,True,True,False,6,cap_reached,0.0,0.0,0.0,0.0,2.259,0.0,0.0,0.0
2024-05-05 16:00:00,2.539,2.438,552.0,True,True,False,6,cap_reached,0.0,0.0,0.0,0.0,2.438,0.0,0.0,0.0
2024-05-05 17:00:00,1.68,1.613,326.0,True,True,False,6,cap_reached,0.0,0.0,0.0,0.0,1.613,0.0,0.0,0.0
2024-05-05 18:00:00,0.693,0.665,104.0,True,True,False,6,cap_reached,0.0,0.0,0.0,0.0,0.665,0.0,0.0,0.0
2024-05-05 19:00:00,0.0,0.0,0.0,False,True,False,6,cap_reached,0.0,0.0,0.0,0.0,0.0,0.0,0.0,0.0
2024-05-05 20:00:00,0.0,0.0,0.0,False,True,False,6,cap_reached,0.0,0.0,0.0,0.0,0.0,0.0,0.0,0.0
2024-05-05 21:00:00,0.0,0.0,0.0,False,True,False,6,cap_reached,0.0,0.0,0.0,0.0,0.0,0.0,0.0,0.0
2024-05-05 22:00:00,0.0,0.0,0.0,False,True,False,6,cap_reached,0.0,0.0,0.0,0.0,0.0,0.0,0.0,0.0
2024-05-05 23:00:00,0.0,0.0,0.0,False,True,False,6,cap_reached,0.0,0.0,0.0,0.0,0.0,0.0,0.0,0.0
2024-05-06 00:00:00,0.0,0.0,0.0,False,True,False,0,no_power,0.0,0.0,0.0,0.0,0.0,0.0,0.0,0.0
2024-05-06 01:00:00,0.0,0.0,0.0,False,True,False,0,no_power,0.0,0.0,0.0,0.0,0.0,0.0,0.0,0.0
2024-05-06 02:00:00,0.0,0.0,0.0,False,True,False,0,no_power,0.0,0.0,0.0,0.0,0.0,0.0,0.0,0.0
2024-05-06 03:00:00,0.0,0.0,0.0,False,True,False,0,no_power,0.0,0.0,0.0,0.0,0.0,0.0,0.0,0.0
2024-05-06 04:00:00,0.0,0.0,0.0,False,True,False,0,no_power,0.0,0.0,0.0,0.0,0.0,0.0,0.0,0.0
2024-05-06 05:00:00,0.0,0.0,0.0,False,True,False,0,no_power,0.0,0.0,0.0,0.0,0.0,0.0,0.0,0.0
2024-05-06 06:00:00,0.085,0.081,17.0,False,True,False,0,no_power,0.0,0.0,0.0,0.0,0.0,0.0,0.0,0.0
2024-05-06 07:00:00,1.407,1.351,257.0,True,True,True,1,ok,1.263,0.0,1.263,0.0,0.088,0.0,0.0,0.0
2024-05-06 08:00:00,2.305,2.212,484.0,True,True,True,2,ok,1.263,0.0,1.263,0.0,0.949,0.0,0.0,0.0
2024-05-06 09:00:00,2.001,1.921,426.0,True,True,True,3,ok,1.263,0.0,1.263,0.0,0.658,0.0,0.0,0.0
2024-05-06 10:00:00,3.605,3.461,858.0,True,True,True,4,ok,1.263,0.0,1.263,0.0,2.198,0.0,0.0,0.0
2024-05-06 11:00:00,3.965,3.806,970.0,True,True,True,5,ok,1.263,0.0,1.263,0.0,2.543,0.0,0.0,0.0
2024-05-06 12:00:00,4.104,3.94,1014.0,True,True,True,6,ok,1.263,0.0,1.263,0.0,2.677,0.0,0.0,0.0
2024-05-06 13:00:00,4.022,3.861,989.0,True,True,False,6,cap_reached,0.0,0.0,0.0,0.0,3.861,0.0,0.0,0.0
2024-05-06 14:00:00,3.724,3.575,897.0,True,True,False,6,cap_reached,0.0,0.0,0.0,0.0,3.575,0.0,0.0,0.0
2024-05-06 15:00:00,3.211,3.082,743.0,True,True,False,6,cap_reached,0.0,0.0,0.0,0.0,3.082,0.0,0.0,0.0
2024-05-06 16:00:00,2.521,2.42,547.0,True,True,False,6,cap_reached,0.0,0.0,0.0,0.0,2.42,0.0,0.0,0.0
2024-05-06 17:00:00,1.665,1.598,322.0,True,True,False,6,cap_reached,0.0,0.0,0.0,0.0,1.598,0.0,0.0,0.0
2024-05-06 18:00:00,0.688,0.66,104.0,True,True,False,6,cap_reached,0.0,0.0,0.0,0.0,0.66,0.0,0.0,0.0
2024-05-06 19:00:00,0.0,0.0,0.0,False,True,False,6,cap_reached,0.0,0.0,0.0,0.0,0.0,0.0,0.0,0.0
2024-05-06 20:00:00,0.0,0.0,0.0,False,True,False,6,cap_reached,0.0,0.0,0.0,0.0,0.0,0.0,0.0,0.0
2024-05-06 21:00:00,0.0,0.0,0.0,False,True,False,6,cap_reached,0.0,0.0,0.0,0.0,0.0,0.0,0.0,0.0
2024-05-06 22:00:00,0.0,0.0,0.0,False,True,False,6,cap_reached,0.0,0.0,0.0,0.0,0.0,0.0,0.0,0.0
2024-05-06 23:00:00,0.0,0.0,0.0,False,True,False,6,cap_reached,0.0,0.0,0.0,0.0,0.0,0.0,0.0,0.0
2024-05-07 00:00:00,0.0,0.0,0.0,False,True,False,0,no_power,0.0,0.0,0.0,0.0,0.0,0.0,0.0,0.0
2024-05-07 01:00:00,0.0,0.0,0.0,False,True,False,0,no_power,0.0,0.0,0.0,0.0,0.0,0.0,0.0,0.0
2024-05-07 02:00:00,0.0,0.0,0.0,False,True,False,0,no_power,0.0,0.0,0.0,0.0,0.0,0.0,0.0,0.0
2024-05-07 03:00:00,0.0,0.0,0.0,False,True,False,0,no_power,0.0,0.0,0.0,0.0,0.0,0.0,0.0,0.0
2024-05-07 04:00:00,0.0,0.0,0.0,False,True,False,0,no_power,0.0,0.0,0.0,0.0,0.0,0.0,0.0,0.0
2024-05-07 05:00:00,0.0,0.0,0.0,False,True,False,0,no_power,0.0,0.0,0.0,0.0,0.0,0.0,0.0,0.0
2024-05-07 06:00:00,0.395,0.379,52.0,True,True,False,0,no_power,0.0,0.0,0.0,0.0,0.0,0.0,0.0,0.0
2024-05-07 07:00:00,1.404,1.348,256.0,True,True,True,1,ok,1.263,0.0,1.263,0.0,0.085,0.0,0.0,0.0
2024-05-07 08:00:00,2.305,2.212,483.0,True,True,True,2,ok,1.263,0.0,1.263,0.0,0.949,0.0,0.0,0.0
2024-05-07 09:00:00,3.048,2.926,692.0,True,True,True,3,ok,1.263,0.0,1.263,0.0,1.663,0.0,0.0,0.0
2024-05-07 10:00:00,3.596,3.452,856.0,True,True,True,4,ok,1.263,0.0,1.263,0.0,2.189,0.0,0.0,0.0
2024-05-07 11:00:00,3.947,3.789,967.0,True,True,True,5,ok,1.263,0.0,1.263,0.0,2.526,0.0,0.0,0.0
2024-05-07 12:00:00,4.095,3.931,1013.0,True,True,True,6,ok,1.263,0.0,1.263,0.0,2.668,0.0,0.0,0.0
2024-05-07 13:00:00,4.013,3.852,988.0,True,True,False,6,cap_reached,0.0,0.0,0.0,0.0,3.852,0.0,0.0,0.0
2024-05-07 14:00:00,3.716,3.568,896.0,True,True,False,6,cap_reached,0.0,0.0,0.0,0.0,3.568,0.0,0.0,0.0
2024-05-07 15:00:00,1.327,1.274,277.0,True,True,False,6,cap_reached,0.0,0.0,0.0,0.0,1.274,0.0,0.0,0.0
2024-05-07 16:00:00,1.148,1.102,239.0,True,True,False,6,cap_reached,0.0,0.0,0.0,0.0,1.102,0.0,0.0,0.0
2024-05-07 17:00:00,0.694,0.666,143.0,True,True,False,6,cap_reached,0.0,0.0,0.0,0.0,0.666,0.0,0.0,0.0
2024-05-07 18:00:00,0.694,0.666,105.0,True,True,False,6,cap_reached,0.0,0.0,0.0,0.0,0.666,0.0,0.0,0.0
2024-05-07 19:00:00,0.0,0.0,0.0,False,True,False,6,cap_reached,0.0,0.0,0.0,0.0,0.0,0.0,0.0,0.0
2024-05-07 20:00:00,0.0,0.0,0.0,False,True,False,6,cap_reached,0.0,0.0,0.0,0.0,0.0,0.0,0.0,0.0
2024-05-07 21:00:00,0.0,0.0,0.0,False,True,False,6,cap_reached,0.0,0.0,0.0,0.0,0.0,0.0,0.0,0.0
2024-05-07 22:00:00,0.0,0.0,0.0,False,True,False,6,cap_reached,0.0,0.0,0.0,0.0,0.0,0.0,0.0,0.0
2024-05-07 23:00:00,0.0,0.0,0.0,False,True,False,6,cap_reached,0.0,0.0,0.0,0.0,0.0,0.0,0.0,0.0
2024-05-08 00:00:00,0.0,0.0,0.0,False,True,False,0,no_power,0.0,0.0,0.0,0.0,0.0,0.0,0.0,0.0
2024-05-08 01:00:00,0.0,0.0,0.0,False,True,False,0,no_power,0.0,0.0,0.0,0.0,0.0,0.0,0.0,0.0
2024-05-08 02:00:00,0.0,0.0,0.0,False,True,False,0,no_power,0.0,0.0,0.0,0.0,0.0,0.0,0.0,0.0
2024-05-08 03:00:00,0.0,0.0,0.0,False,True,False,0,no_power,0.0,0.0,0.0,0.0,0.0,0.0,0.0,0.0
2024-05-08 04:00:00,0.0,0.0,0.0,False,True,False,0,no_power,0.0,0.0,0.0,0.0,0.0,0.0,0.0,0.0
2024-05-08 05:00:00,0.0,0.0,0.0,False,True,False,0,no_power,0.0,0.0,0.0,0.0,0.0,0.0,0.0,0.0
2024-05-08 06:00:00,0.465,0.447,58.0,True,True,False,0,no_power,0.0,0.0,0.0,0.0,0.0,0.0,0.0,0.0
2024-05-08 07:00:00,1.483,1.424,269.0,True,True,True,1,ok,1.263,0.0,1.263,0.0,0.161,0.0,0.0,0.0
2024-05-08 08:00:00,2.384,2.288,500.0,True,True,True,2,ok,1.263,0.0,1.263,0.0,1.025,0.0,0.0,0.0
2024-05-08 09:00:00,3.127,3.002,711.0,True,True,True,3,ok,1.263,0.0,1.263,0.0,1.739,0.0,0.0,0.0
2024-05-08 10:00:00,3.694,3.546,883.0,True,True,True,4,ok,1.263,0.0,1.263,0.0,2.283,0.0,0.0,0.0
2024-05-08 11:00:00,4.045,3.883,994.0,True,True,True,5,ok,1.263,0.0,1.263,0.0,2.62,0.0,0.0,0.0
2024-05-08 12:00:00,4.188,4.02,1040.0,True,True,True,6,ok,1.263,0.0,1.263,0.0,2.757,0.0,0.0,0.0
2024-05-08 13:00:00,4.106,3.942,1015.0,True,True,False,6,cap_reached,0.0,0.0,0.0,0.0,3.942,0.0,0.0,0.0
2024-05-08 14:00:00,3.808,3.655,921.0,True,True,False,6,cap_reached,0.0,0.0,0.0,0.0,3.655,0.0,0.0,0.0
2024-05-08 15:00:00,3.295,3.163,765.0,True,True,False,6,cap_reached,0.0,0.0,0.0,0.0,3.163,0.0,0.0,0.0
2024-05-08 16:00:00,2.601,2.497,564.0,True,True,False,6,cap_reached,0.0,0.0,0.0,0.0,2.497,0.0,0.0,0.0
2024-05-08 17:00:00,1.747,1.677,336.0,True,True,False,6,cap_reached,0.0,0.0,0.0,0.0,1.677,0.0,0.0,0.0
2024-05-08 18:00:00,0.764,0.734,113.0,True,True,False,6,cap_reached,0.0,0.0,0.0,0.0,0.734,0.0,0.0,0.0
2024-05-08 19:00:00,0.0,0.0,0.0,False,True,False,6,cap_reached,0.0,0.0,0.0,0.0,0.0,0.0,0.0,0.0
2024-05-08 20:00:00,0.0,0.0,0.0,False,True,False,6,cap_reached,0.0,0.0,0.0,0.0,0.0,0.0,0.0,0.0
2024-05-08 21:00:00,0.0,0.0,0.0,False,True,False,6,cap_reached,0.0,0.0,0.0,0.0,0.0,0.0,0.0,0.0
2024-05-08 22:00:00,0.0,0.0,0.0,False,True,False,6,cap_reached,0.0,0.0,0.0,0.0,0.0,0.0,0.0,0.0
2024-05-08 23:00:00,0.0,0.0,0.0,False,True,False,6,cap_reached,0.0,0.0,0.0,0.0,0.0,0.0,0.0,0.0
2024-05-09 00:00:00,0.0,0.0,0.0,False,True,False,0,no_power,0.0,0.0,0.0,0.0,0.0,0.0,0.0,0.0
2024-05-09 01:00:00,0.0,0.0,0.0,False,True,False,0,no_power,0.0,0.0,0.0,0.0,0.0,0.0,0.0,0.0
2024-05-09 02:00:00,0.0,0.0,0.0,False,True,False,0,no_power,0.0,0.0,0.0,0.0,0.0,0.0,0.0,0.0
2024-05-09 03:00:00,0.0,0.0,0.0,False,True,False,0,no_power,0.0,0.0,0.0,0.0,0.0,0.0,0.0,0.0
2024-05-09 04:00:00,0.0,0.0,0.0,False,True,False,0,no_power,0.0,0.0,0.0,0.0,0.0,0.0,0.0,0.0
2024-05-09 05:00:00,0.0,0.0,0.0,False,True,False,0,no_power,0.0,0.0,0.0,0.0,0.0,0.0,0.0,0.0
2024-05-09 06:00:00,0.473,0.454,60.0,True,True,False,0,no_power,0.0,0.0,0.0,0.0,0.0,0.0,0.0,0.0
2024-05-09 07:00:00,1.501,1.441,271.0,True,True,True,1,ok,1.263,0.0,1.263,0.0,0.178,0.0,0.0,0.0
2024-05-09 08:00:00,2.4,2.304,502.0,True,True,True,2,ok,1.263,0.0,1.263,0.0,1.041,0.0,0.0,0.0
2024-05-09 09:00:00,3.148,3.022,713.0,True,True,True,3,ok,1.263,0.0,1.263,0.0,1.759,0.0,0.0,0.0
2024-05-09 10:00:00,3.705,3.556,881.0,True,True,True,4,ok,1.263,0.0,1.263,0.0,2.293,0.0,0.0,0.0
2024-05-09 11:00:00,4.049,3.887,991.0,True,True,True,5,ok,1.263,0.0,1.263,0.0,2.624,0.0,0.0,0.0
2024-05-09 12:00:00,4.184,4.017,1036.0,True,True,True,6,ok,1.263,0.0,1.263,0.0,2.754,0.0,0.0,0.0
2024-05-09 13:00:00,4.091,3.927,1009.0,True,True,False,6,cap_reached,0.0,0.0,0.0,0.0,3.927,0.0,0.0,0.0
2024-05-09 14:00:00,3.783,3.632,914.0,True,True,False,6,cap_reached,0.0,0.0,0.0,0.0,3.632,0.0,0.0,0.0
2024-05-09 15:00:00,3.27,3.139,759.0,True,True,False,6,cap_reached,0.0,0.0,0.0,0.0,3.139,0.0,0.0,0.0
2024-05-09 16:00:00,2.58,2.477,560.0,True,True,False,6,cap_reached,0.0,0.0,0.0,0.0,2.477,0.0,0.0,0.0
2024-05-09 17:00:00,1.733,1.663,333.0,True,True,False,6,cap_reached,0.0,0.0,0.0,0.0,1.663,0.0,0.0,0.0
2024-05-09 18:00:00,0.751,0.721,112.0,True,True,False,6,cap_reached,0.0,0.0,0.0,0.0,0.721,0.0,0.0,0.0
2024-05-09 19:00:00,0.0,0.0,0.0,False,True,False,6,cap_reached,0.0,0.0,0.0,0.0,0.0,0.0,0.0,0.0
2024-05-09 20:00:00,0.0,0.0,0.0,False,True,False,6,cap_reached,0.0,0.0,0.0,0.0,0.0,0.0,0.0,0.0
2024-05-09 21:00:00,0.0,0.0,0.0,False,True,False,6,cap_reached,0.0,0.0,0.0,0.0,0.0,0.0,0.0,0.0
2024-05-09 22:00:00,0.0,0.0,0.0,False,True,False,6,cap_reached,0.0,0.0,0.0,0.0,0.0,0.0,0.0,0.0
2024-05-09 23:00:00,0.0,0.0,0.0,False,True,False,6,cap_reached,0.0,0.0,0.0,0.0,0.0,0.0,0.0,0.0
2024-05-10 00:00:00,0.0,0.0,0.0,False,True,False,0,no_power,0.0,0.0,0.0,0.0,0.0,0.0,0.0,0.0
2024-05-10 01:00:00,0.0,0.0,0.0,False,True,False,0,no_power,0.0,0.0,0.0,0.0,0.0,0.0,0.0,0.0
2024-05-10 02:00:00,0.0,0.0,0.0,False,True,False,0,no_power,0.0,0.0,0.0,0.0,0.0,0.0,0.0,0.0
2024-05-10 03:00:00,0.0,0.0,0.0,False,True,False,0,no_power,0.0,0.0,0.0,0.0,0.0,0.0,0.0,0.0
2024-05-10 04:00:00,0.0,0.0,0.0,False,True,False,0,no_power,0.0,0.0,0.0,0.0,0.0,0.0,0.0,0.0
2024-05-10 05:00:00,0.0,0.0,0.0,False,True,False,0,no_power,0.0,0.0,0.0,0.0,0.0,0.0,0.0,0.0
2024-05-10 06:00:00,0.439,0.422,58.0,True,True,False,0,no_power,0.0,0.0,0.0,0.0,0.0,0.0,0.0,0.0
2024-05-10 07:00:00,1.437,1.38,262.0,True,True,True,1,ok,1.263,0.0,1.263,0.0,0.117,0.0,0.0,0.0
2024-05-10 08:00:00,2.323,2.23,486.0,True,True,True,2,ok,1.263,0.0,1.263,0.0,0.967,0.0,0.0,0.0
2024-05-10 09:00:00,3.064,2.941,693.0,True,True,True,3,ok,1.263,0.0,1.263,0.0,1.678,0.0,0.0,0.0
2024-05-10 10:00:00,3.627,3.482,862.0,True,True,True,4,ok,1.263,0.0,1.263,0.0,2.219,0.0,0.0,0.0
2024-05-10 11:00:00,3.967,3.809,970.0,True,True,True,5,ok,1.263,0.0,1.263,0.0,2.546,0.0,0.0,0.0
2024-05-10 12:00:00,3.008,2.888,676.0,True,True,True,6,ok,1.263,0.0,1.263,0.0,1.625,0.0,0.0,0.0
2024-05-10 13:00:00,3.142,3.016,710.0,True,True,False,6,cap_reached,0.0,0.0,0.0,0.0,3.016,0.0,0.0,0.0
2024-05-10 14:00:00,2.094,2.01,452.0,True,True,False,6,cap_reached,0.0,0.0,0.0,0.0,2.01,0.0,0.0,0.0
2024-05-10 15:00:00,1.723,1.654,366.0,True,True,False,6,cap_reached,0.0,0.0,0.0,0.0,1.654,0.0,0.0,0.0
2024-05-10 16:00:00,2.514,2.414,543.0,True,True,False,6,cap_reached,0.0,0.0,0.0,0.0,2.414,0.0,0.0,0.0
2024-05-10 17:00:00,1.651,1.584,320.0,True,True,False,6,cap_reached,0.0,0.0,0.0,0.0,1.584,0.0,0.0,0.0
2024-05-10 18:00:00,0.671,0.644,104.0,True,True,False,6,cap_reached,0.0,0.0,0.0,0.0,0.644,0.0,0.0,0.0
2024-05-10 19:00:00,0.0,0.0,0.0,False,True,False,6,cap_reached,0.0,0.0,0.0,0.0,0.0,0.0,0.0,0.0
2024-05-10 20:00:00,0.0,0.0,0.0,False,True,False,6,cap_reached,0.0,0.0,0.0,0.0,0.0,0.0,0.0,0.0
2024-05-10 21:00:00,0.0,0.0,0.0,False,True,False,6,cap_reached,0.0,0.0,0.0,0.0,0.0,0.0,0.0,0.0
2024-05-10 22:00:00,0.0,0.0,0.0,False,True,False,6,cap_reached,0.0,0.0,0.0,0.0,0.0,0.0,0.0,0.0
2024-05-10 23:00:00,0.0,0.0,0.0,False,True,False,6,cap_reached,0.0,0.0,0.0,0.0,0.0,0.0,0.0,0.0
2024-05-11 00:00:00,0.0,0.0,0.0,False,True,False,0,no_power,0.0,0.0,0.0,0.0,0.0,0.0,0.0,0.0
2024-05-11 01:00:00,0.0,0.0,0.0,False,True,False,0,no_power,0.0,0.0,0.0,0.0,0.0,0.0,0.0,0.0
2024-05-11 02:00:00,0.0,0.0,0.0,False,True,False,0,no_power,0.0,0.0,0.0,0.0,0.0,0.0,0.0,0.0
2024-05-11 03:00:00,0.0,0.0,0.0,False,True,False,0,no_power,0.0,0.0,0.0,0.0,0.0,0.0,0.0,0.0
2024-05-11 04:00:00,0.0,0.0,0.0,False,True,False,0,no_power,0.0,0.0,0.0,0.0,0.0,0.0,0.0,0.0
2024-05-11 05:00:00,0.0,0.0,0.0,False,True,False,0,no_power,0.0,0.0,0.0,0.0,0.0,0.0,0.0,0.0
2024-05-11 06:00:00,0.411,0.395,56.0,True,True,False,0,no_power,0.0,0.0,0.0,0.0,0.0,0.0,0.0,0.0
2024-05-11 07:00:00,1.427,1.37,261.0,True,True,True,1,ok,1.263,0.0,1.263,0.0,0.107,0.0,0.0,0.0
2024-05-11 08:00:00,2.345,2.251,490.0,True,True,True,2,ok,1.263,0.0,1.263,0.0,0.988,0.0,0.0,0.0
2024-05-11 09:00:00,3.081,2.958,697.0,True,True,True,3,ok,1.263,0.0,1.263,0.0,1.695,0.0,0.0,0.0
2024-05-11 10:00:00,3.614,3.47,857.0,True,True,True,4,ok,1.263,0.0,1.263,0.0,2.207,0.0,0.0,0.0
2024-05-11 11:00:00,3.954,3.796,963.0,True,True,True,5,ok,1.263,0.0,1.263,0.0,2.533,0.0,0.0,0.0
2024-05-11 12:00:00,4.082,3.919,1003.0,True,True,True,6,ok,1.263,0.0,1.263,0.0,2.656,0.0,0.0,0.0
2024-05-11 13:00:00,3.983,3.824,974.0,True,True,False,6,cap_reached,0.0,0.0,0.0,0.0,3.824,0.0,0.0,0.0
2024-05-11 14:00:00,3.685,3.538,882.0,True,True,False,6,cap_reached,0.0,0.0,0.0,0.0,3.538,0.0,0.0,0.0
2024-05-11 15:00:00,3.172,3.045,729.0,True,True,False,6,cap_reached,0.0,0.0,0.0,0.0,3.045,0.0,0.0,0.0
2024-05-11 16:00:00,2.536,2.434,547.0,True,True,False,6,cap_reached,0.0,0.0,0.0,0.0,2.434,0.0,0.0,0.0
2024-05-11 17:00:00,1.663,1.596,321.0,True,True,False,6,cap_reached,0.0,0.0,0.0,0.0,1.596,0.0,0.0,0.0
2024-05-11 18:00:00,0.674,0.647,105.0,True,True,False,6,cap_reached,0.0,0.0,0.0,0.0,0.647,0.0,0.0,0.0
2024-05-11 19:00:00,0.0,0.0,0.0,False,True,False,6,cap_reached,0.0,0.0,0.0,0.0,0.0,0.0,0.0,0.0
2024-05-11 20:00:00,0.0,0.0,0.0,False,True,False,6,cap_reached,0.0,0.0,0.0,0.0,0.0,0.0,0.0,0.0
2024-05-11 21:00:00,0.0,0.0,0.0,False,True,False,6,cap_reached,0.0,0.0,0.0,0.0,0.0,0.0,0.0,0.0
2024-05-11 22:00:00,0.0,0.0,0.0,False,True,False,6,cap_reached,0.0,0.0,0.0,0.0,0.0,0.0,0.0,0.0
2024-05-11 23:00:00,0.0,0.0,0.0,False,True,False,6,cap_reached,0.0,0.0,0.0,0.0,0.0,0.0,0.0,0.0
2024-05-12 00:00:00,0.0,0.0,0.0,False,True,False,0,no_power,0.0,0.0,0.0,0.0,0.0,0.0,0.0,0.0
2024-05-12 01:00:00,0.0,0.0,0.0,False,True,False,0,no_power,0.0,0.0,0.0,0.0,0.0,0.0,0.0,0.0
2024-05-12 02:00:00,0.0,0.0,0.0,False,True,False,0,no_power,0.0,0.0,0.0,0.0,0.0,0.0,0.0,0.0
2024-05-12 03:00:00,0.0,0.0,0.0,False,True,False,0,no_power,0.0,0.0,0.0,0.0,0.0,0.0,0.0,0.0
2024-05-12 04:00:00,0.0,0.0,0.0,False,True,False,0,no_power,0.0,0.0,0.0,0.0,0.0,0.0,0.0,0.0
2024-05-12 05:00:00,0.0,0.0,0.0,False,True,False,0,no_power,0.0,0.0,0.0,0.0,0.0,0.0,0.0,0.0
2024-05-12 06:00:00,0.354,0.34,53.0,True,True,False,0,no_power,0.0,0.0,0.0,0.0,0.0,0.0,0.0,0.0
2024-05-12 07:00:00,1.348,1.294,249.0,True,True,True,1,ok,1.263,0.0,1.263,0.0,0.031,0.0,0.0,0.0
2024-05-12 08:00:00,2.248,2.158,470.0,True,True,True,2,ok,1.263,0.0,1.263,0.0,0.895,0.0,0.0,0.0
2024-05-12 09:00:00,3.003,2.883,676.0,True,True,True,3,ok,1.263,0.0,1.263,0.0,1.62,0.0,0.0,0.0
2024-05-12 10:00:00,3.56,3.417,840.0,True,True,True,4,ok,1.263,0.0,1.263,0.0,2.154,0.0,0.0,0.0
2024-05-12 11:00:00,3.901,3.745,946.0,True,True,True,5,ok,1.263,0.0,1.263,0.0,2.482,0.0,0.0,0.0
2024-05-12 12:00:00,4.021,3.86,984.0,True,True,True,6,ok,1.263,0.0,1.263,0.0,2.597,0.0,0.0,0.0
2024-05-12 13:00:00,2.73,2.621,607.0,True,True,False,6,cap_reached,0.0,0.0,0.0,0.0,2.621,0.0,0.0,0.0
2024-05-12 14:00:00,1.144,1.098,240.0,True,True,False,6,cap_reached,0.0,0.0,0.0,0.0,1.098,0.0,0.0,0.0
2024-05-12 15:00:00,0.755,0.725,157.0,True,True,False,6,cap_reached,0.0,0.0,0.0,0.0,0.725,0.0,0.0,0.0
2024-05-12 16:00:00,0.292,0.28,60.0,True,True,False,6,cap_reached,0.0,0.0,0.0,0.0,0.28,0.0,0.0,0.0
2024-05-12 17:00:00,1.54,1.479,301.0,True,True,False,6,cap_reached,0.0,0.0,0.0,0.0,1.479,0.0,0.0,0.0
2024-05-12 18:00:00,0.581,0.558,97.0,True,True,False,6,cap_reached,0.0,0.0,0.0,0.0,0.558,0.0,0.0,0.0
2024-05-12 19:00:00,0.0,0.0,0.0,False,True,False,6,cap_reached,0.0,0.0,0.0,0.0,0.0,0.0,0.0,0.0
2024-05-12 20:00:00,0.0,0.0,0.0,False,True,False,6,cap_reached,0.0,0.0,0.0,0.0,0.0,0.0,0.0,0.0
2024-05-12 21:00:00,0.0,0.0,0.0,False,True,False,6,cap_reached,0.0,0.0,0.0,0.0,0.0,0.0,0.0,0.0
2024-05-12 22:00:00,0.0,0.0,0.0,False,True,False,6,cap_reached,0.0,0.0,0.0,0.0,0.0,0.0,0.0,0.0
2024-05-12 23:00:00,0.0,0.0,0.0,False,True,False,6,cap_reached,0.0,0.0,0.0,0.0,0.0,0.0,0.0,0.0
2024-05-13 00:00:00,0.0,0.0,0.0,False,True,False,0,no_power,0.0,0.0,0.0,0.0,0.0,0.0,0.0,0.0
2024-05-13 01:00:00,0.0,0.0,0.0,False,True,False,0,no_power,0.0,0.0,0.0,0.0,0.0,0.0,0.0,0.0
2024-05-13 02:00:00,0.0,0.0,0.0,False,True,False,0,no_power,0.0,0.0,0.0,0.0,0.0,0.0,0.0,0.0
2024-05-13 03:00:00,0.0,0.0,0.0,False,True,False,0,no_power,0.0,0.0,0.0,0.0,0.0,0.0,0.0,0.0
2024-05-13 04:00:00,0.0,0.0,0.0,False,True,False,0,no_power,0.0,0.0,0.0,0.0,0.0,0.0,0.0,0.0
2024-05-13 05:00:00,0.0,0.0,0.0,False,True,False,0,no_power,0.0,0.0,0.0,0.0,0.0,0.0,0.0,0.0
2024-05-13 06:00:00,0.322,0.309,50.0,True,True,False,0,no_power,0.0,0.0,0.0,0.0,0.0,0.0,0.0,0.0
2024-05-13 07:00:00,1.265,1.214,238.0,True,True,False,0,no_power,0.0,0.0,0.0,0.0,0.0,0.0,0.0,0.0
2024-05-13 08:00:00,2.143,2.057,447.0,True,True,True,1,ok,1.263,0.0,1.263,0.0,0.794,0.0,0.0,0.0
2024-05-13 09:00:00,2.904,2.787,646.0,True,True,True,2,ok,1.263,0.0,1.263,0.0,1.524,0.0,0.0,0.0
2024-05-13 10:00:00,2.254,2.164,487.0,True,True,True,3,ok,1.263,0.0,1.263,0.0,0.901,0.0,0.0,0.0
2024-05-13 11:00:00,3.893,3.737,939.0,True,True,True,4,ok,1.263,0.0,1.263,0.0,2.474,0.0,0.0,0.0
2024-05-13 12:00:00,4.019,3.858,981.0,True,True,True,5,ok,1.263,0.0,1.263,0.0,2.595,0.0,0.0,0.0
2024-05-13 13:00:00,3.941,3.783,961.0,True,True,True,6,ok,1.263,0.0,1.263,0.0,2.52,0.0,0.0,0.0
2024-05-13 14:00:00,3.639,3.494,869.0,True,True,False,6,cap_reached,0.0,0.0,0.0,0.0,3.494,0.0,0.0,0.0
2024-05-13 15:00:00,2.396,2.3,524.0,True,True,False,6,cap_reached,0.0,0.0,0.0,0.0,2.3,0.0,0.0,0.0
2024-05-13 16:00:00,1.659,1.593,352.0,True,True,False,6,cap_reached,0.0,0.0,0.0,0.0,1.593,0.0,0.0,0.0
2024-05-13 17:00:00,0.709,0.68,146.0,True,True,False,6,cap_reached,0.0,0.0,0.0,0.0,0.68,0.0,0.0,0.0
2024-05-13 18:00:00,0.02,0.019,4.0,False,True,False,6,cap_reached,0.0,0.0,0.0,0.0,0.019,0.0,0.0,0.0
2024-05-13 19:00:00,0.0,0.0,0.0,False,True,False,6,cap_reached,0.0,0.0,0.0,0.0,0.0,0.0,0.0,0.0
2024-05-13 20:00:00,0.0,0.0,0.0,False,True,False,6,cap_reached,0.0,0.0,0.0,0.0,0.0,0.0,0.0,0.0
2024-05-13 21:00:00,0.0,0.0,0.0,False,True,False,6,cap_reached,0.0,0.0,0.0,0.0,0.0,0.0,0.0,0.0
2024-05-13 22:00:00,0.0,0.0,0.0,False,True,False,6,cap_reached,0.0,0.0,0.0,0.0,0.0,0.0,0.0,0.0
2024-05-13 23:00:00,0.0,0.0,0.0,False,True,False,6,cap_reached,0.0,0.0,0.0,0.0,0.0,0.0,0.0,0.0
2024-05-14 00:00:00,0.0,0.0,0.0,False,True,False,0,no_power,0.0,0.0,0.0,0.0,0.0,0.0,0.0,0.0
2024-05-14 01:00:00,0.0,0.0,0.0,False,True,False,0,no_power,0.0,0.0,0.0,0.0,0.0,0.0,0.0,0.0
2024-05-14 02:00:00,0.0,0.0,0.0,False,True,False,0,no_power,0.0,0.0,0.0,0.0,0.0,0.0,0.0,0.0
2024-05-14 03:00:00,0.0,0.0,0.0,False,True,False,0,no_power,0.0,0.0,0.0,0.0,0.0,0.0,0.0,0.0
2024-05-14 04:00:00,0.0,0.0,0.0,False,True,False,0,no_power,0.0,0.0,0.0,0.0,0.0,0.0,0.0,0.0
2024-05-14 05:00:00,0.0,0.0,0.0,False,True,False,0,no_power,0.0,0.0,0.0,0.0,0.0,0.0,0.0,0.0
2024-05-14 06:00:00,0.349,0.335,54.0,True,True,False,0,no_power,0.0,0.0,0.0,0.0,0.0,0.0,0.0,0.0
2024-05-14 07:00:00,1.32,1.267,246.0,True,True,True,1,ok,1.263,0.0,1.263,0.0,0.004,0.0,0.0,0.0
2024-05-14 08:00:00,2.208,2.12,461.0,True,True,True,2,ok,1.263,0.0,1.263,0.0,0.857,0.0,0.0,0.0
2024-05-14 09:00:00,2.952,2.834,659.0,True,True,True,3,ok,1.263,0.0,1.263,0.0,1.571,0.0,0.0,0.0
2024-05-14 10:00:00,3.51,3.37,823.0,True,True,True,4,ok,1.263,0.0,1.263,0.0,2.107,0.0,0.0,0.0
2024-05-14 11:00:00,3.866,3.711,931.0,True,True,True,5,ok,1.263,0.0,1.263,0.0,2.448,0.0,0.0,0.0
2024-05-14 12:00:00,4.005,3.845,975.0,True,True,True,6,ok,1.263,0.0,1.263,0.0,2.582,0.0,0.0,0.0
2024-05-14 13:00:00,3.935,3.778,956.0,True,True,False,6,cap_reached,0.0,0.0,0.0,0.0,3.778,0.0,0.0,0.0
2024-05-14 14:00:00,3.642,3.497,867.0,True,True,False,6,cap_reached,0.0,0.0,0.0,0.0,3.497,0.0,0.0,0.0
2024-05-14 15:00:00,2.242,2.152,487.0,True,True,False,6,cap_reached,0.0,0.0,0.0,0.0,2.152,0.0,0.0,0.0
2024-05-14 16:00:00,0.723,0.694,150.0,True,True,False,6,cap_reached,0.0,0.0,0.0,0.0,0.694,0.0,0.0,0.0
2024-05-14 17:00:00,0.886,0.851,184.0,True,True,False,6,cap_reached,0.0,0.0,0.0,0.0,0.851,0.0,0.0,0.0
2024-05-14 18:00:00,0.064,0.061,13.0,False,True,False,6,cap_reached,0.0,0.0,0.0,0.0,0.061,0.0,0.0,0.0
2024-05-14 19:00:00,0.0,0.0,0.0,False,True,False,6,cap_reached,0.0,0.0,0.0,0.0,0.0,0.0,0.0,0.0
2024-05-14 20:00:00,0.0,0.0,0.0,False,True,False,6,cap_reached,0.0,0.0,0.0,0.0,0.0,0.0,0.0,0.0
2024-05-14 21:00:00,0.0,0.0,0.0,False,True,False,6,cap_reached,0.0,0.0,0.0,0.0,0.0,0.0,0.0,0.0
2024-05-14 22:00:00,0.0,0.0,0.0,False,True,False,6,cap_reached,0.0,0.0,0.0,0.0,0.0,0.0,0.0,0.0
2024-05-14 23:00:00,0.0,0.0,0.0,False,True,False,6,cap_reached,0.0,0.0,0.0,0.0,0.0,0.0,0.0,0.0
2024-05-15 00:00:00,0.0,0.0,0.0,False,True,False,0,no_power,0.0,0.0,0.0,0.0,0.0,0.0,0.0,0.0
2024-05-15 01:00:00,0.0,0.0,0.0,False,True,False,0,no_power,0.0,0.0,0.0,0.0,0.0,0.0,0.0,0.0
2024-05-15 02:00:00,0.0,0.0,0.0,False,True,False,0,no_power,0.0,0.0,0.0,0.0,0.0,0.0,0.0,0.0
2024-05-15 03:00:00,0.0,0.0,0.0,False,True,False,0,no_power,0.0,0.0,0.0,0.0,0.0,0.0,0.0,0.0
2024-05-15 04:00:00,0.0,0.0,0.0,False,True,False,0,no_power,0.0,0.0,0.0,0.0,0.0,0.0,0.0,0.0
2024-05-15 05:00:00,0.0,0.0,0.0,False,True,False,0,no_power,0.0,0.0,0.0,0.0,0.0,0.0,0.0,0.0
2024-05-15 06:00:00,0.354,0.34,54.0,True,True,False,0,no_power,0.0,0.0,0.0,0.0,0.0,0.0,0.0,0.0
2024-05-15 07:00:00,1.325,1.272,246.0,True,True,True,1,ok,1.263,0.0,1.263,0.0,0.009,0.0,0.0,0.0
2024-05-15 08:00:00,2.215,2.126,461.0,True,True,True,2,ok,1.263,0.0,1.263,0.0,0.863,0.0,0.0,0.0
2024-05-15 09:00:00,2.956,2.837,661.0,True,True,True,3,ok,1.263,0.0,1.263,0.0,1.574,0.0,0.0,0.0
2024-05-15 10:00:00,3.515,3.375,825.0,True,True,True,4,ok,1.263,0.0,1.263,0.0,2.112,0.0,0.0,0.0
2024-05-15 11:00:00,3.866,3.711,932.0,True,True,True,5,ok,1.263,0.0,1.263,0.0,2.448,0.0,0.0,0.0
2024-05-15 12:00:00,4.003,3.843,976.0,True,True,True,6,ok,1.263,0.0,1.263,0.0,2.58,0.0,0.0,0.0
2024-05-15 13:00:00,3.909,3.753,947.0,True,True,False,6,cap_reached,0.0,0.0,0.0,0.0,3.753,0.0,0.0,0.0
2024-05-15 14:00:00,3.612,3.468,858.0,True,True,False,6,cap_reached,0.0,0.0,0.0,0.0,3.468,0.0,0.0,0.0
2024-05-15 15:00:00,3.115,2.99,712.0,True,True,False,6,cap_reached,0.0,0.0,0.0,0.0,2.99,0.0,0.0,0.0
2024-05-15 16:00:00,2.429,2.332,522.0,True,True,False,6,cap_reached,0.0,0.0,0.0,0.0,2.332,0.0,0.0,0.0
2024-05-15 17:00:00,1.582,1.519,308.0,True,True,False,6,cap_reached,0.0,0.0,0.0,0.0,1.519,0.0,0.0,0.0
2024-05-15 18:00:00,0.628,0.603,103.0,True,True,False,6,cap_reached,0.0,0.0,0.0,0.0,0.603,0.0,0.0,0.0
2024-05-15 19:00:00,0.0,0.0,0.0,False,True,False,6,cap_reached,0.0,0.0,0.0,0.0,0.0,0.0,0.0,0.0
2024-05-15 20:00:00,0.0,0.0,0.0,False,True,False,6,cap_reached,0.0,0.0,0.0,0.0,0.0,0.0,0.0,0.0
2024-05-15 21:00:00,0.0,0.0,0.0,False,True,False,6,cap_reached,0.0,0.0,0.0,0.0,0.0,0.0,0.0,0.0
2024-05-15 22:00:00,0.0,0.0,0.0,False,True,False,6,cap_reached,0.0,0.0,0.0,0.0,0.0,0.0,0.0,0.0
2024-05-15 23:00:00,0.0,0.0,0.0,False,True,False,6,cap_reached,0.0,0.0,0.0,0.0,0.0,0.0,0.0,0.0
2024-05-16 00:00:00,0.0,0.0,0.0,False,True,False,0,no_power,0.0,0.0,0.0,0.0,0.0,0.0,0.0,0.0
2024-05-16 01:00:00,0.0,0.0,0.0,False,True,False,0,no_power,0.0,0.0,0.0,0.0,0.0,0.0,0.0,0.0
2024-05-16 02:00:00,0.0,0.0,0.0,False,True,False,0,no_power,0.0,0.0,0.0,0.0,0.0,0.0,0.0,0.0
2024-05-16 03:00:00,0.0,0.0,0.0,False,True,False,0,no_power,0.0,0.0,0.0,0.0,0.0,0.0,0.0,0.0
2024-05-16 04:00:00,0.0,0.0,0.0,False,True,False,0,no_power,0.0,0.0,0.0,0.0,0.0,0.0,0.0,0.0
2024-05-16 05:00:00,0.0,0.0,0.0,False,True,False,0,no_power,0.0,0.0,0.0,0.0,0.0,0.0,0.0,0.0
2024-05-16 06:00:00,0.201,0.193,41.0,True,True,False,0,no_power,0.0,0.0,0.0,0.0,0.0,0.0,0.0,0.0
2024-05-16 07:00:00,1.354,1.3,250.0,True,True,True,1,ok,1.263,0.0,1.263,0.0,0.037,0.0,0.0,0.0
2024-05-16 08:00:00,1.118,1.073,234.0,True,True,False,1,no_power,0.0,0.0,0.0,0.0,0.0,0.0,0.0,0.0
2024-05-16 09:00:00,2.105,2.021,452.0,True,True,True,2,ok,1.263,0.0,1.263,0.0,0.758,0.0,0.0,0.0
2024-05-16 10:00:00,2.364,2.27,516.0,True,True,True,3,ok,1.263,0.0,1.263,0.0,1.007,0.0,0.0,0.0
2024-05-16 11:00:00,3.876,3.72,934.0,True,True,True,4,ok,1.263,0.0,1.263,0.0,2.457,0.0,0.0,0.0
2024-05-16 12:00:00,4.018,3.857,979.0,True,True,True,5,ok,1.263,0.0,1.263,0.0,2.594,0.0,0.0,0.0
2024-05-16 13:00:00,3.934,3.776,953.0,True,True,True,6,ok,1.263,0.0,1.263,0.0,2.513,0.0,0.0,0.0
2024-05-16 14:00:00,3.643,3.497,867.0,True,True,False,6,cap_reached,0.0,0.0,0.0,0.0,3.497,0.0,0.0,0.0
2024-05-16 15:00:00,2.635,2.53,588.0,True,True,False,6,cap_reached,0.0,0.0,0.0,0.0,2.53,0.0,0.0,0.0
2024-05-16 16:00:00,2.064,1.982,440.0,True,True,False,6,cap_reached,0.0,0.0,0.0,0.0,1.982,0.0,0.0,0.0
2024-05-16 17:00:00,1.413,1.356,282.0,True,True,False,6,cap_reached,0.0,0.0,0.0,0.0,1.356,0.0,0.0,0.0
2024-05-16 18:00:00,0.701,0.673,110.0,True,True,False,6,cap_reached,0.0,0.0,0.0,0.0,0.673,0.0,0.0,0.0
2024-05-16 19:00:00,0.0,0.0,0.0,False,True,False,6,cap_reached,0.0,0.0,0.0,0.0,0.0,0.0,0.0,0.0
2024-05-16 20:00:00,0.0,0.0,0.0,False,True,False,6,cap_reached,0.0,0.0,0.0,0.0,0.0,0.0,0.0,0.0
2024-05-16 21:00:00,0.0,0.0,0.0,False,True,False,6,cap_reached,0.0,0.0,0.0,0.0,0.0,0.0,0.0,0.0
2024-05-16 22:00:00,0.0,0.0,0.0,False,True,False,6,cap_reached,0.0,0.0,0.0,0.0,0.0,0.0,0.0,0.0
2024-05-16 23:00:00,0.0,0.0,0.0,False,True,False,6,cap_reached,0.0,0.0,0.0,0.0,0.0,0.0,0.0,0.0
2024-05-17 00:00:00,0.0,0.0,0.0,False,True,False,0,no_power,0.0,0.0,0.0,0.0,0.0,0.0,0.0,0.0
2024-05-17 01:00:00,0.0,0.0,0.0,False,True,False,0,no_power,0.0,0.0,0.0,0.0,0.0,0.0,0.0,0.0
2024-05-17 02:00:00,0.0,0.0,0.0,False,True,False,0,no_power,0.0,0.0,0.0,0.0,0.0,0.0,0.0,0.0
2024-05-17 03:00:00,0.0,0.0,0.0,False,True,False,0,no_power,0.0,0.0,0.0,0.0,0.0,0.0,0.0,0.0
2024-05-17 04:00:00,0.0,0.0,0.0,False,True,False,0,no_power,0.0,0.0,0.0,0.0,0.0,0.0,0.0,0.0
2024-05-17 05:00:00,0.0,0.0,0.0,False,True,False,0,no_power,0.0,0.0,0.0,0.0,0.0,0.0,0.0,0.0
2024-05-17 06:00:00,0.386,0.37,58.0,True,True,False,0,no_power,0.0,0.0,0.0,0.0,0.0,0.0,0.0,0.0
2024-05-17 07:00:00,1.383,1.328,255.0,True,True,True,1,ok,1.263,0.0,1.263,0.0,0.065,0.0,0.0,0.0
2024-05-17 08:00:00,2.288,2.197,476.0,True,True,True,2,ok,1.263,0.0,1.263,0.0,0.934,0.0,0.0,0.0
2024-05-17 09:00:00,3.032,2.911,680.0,True,True,True,3,ok,1.263,0.0,1.263,0.0,1.648,0.0,0.0,0.0
2024-05-17 10:00:00,3.546,3.405,833.0,True,True,True,4,ok,1.263,0.0,1.263,0.0,2.142,0.0,0.0,0.0
2024-05-17 11:00:00,3.9,3.744,943.0,True,True,True,5,ok,1.263,0.0,1.263,0.0,2.481,0.0,0.0,0.0
2024-05-17 12:00:00,4.038,3.877,987.0,True,True,True,6,ok,1.263,0.0,1.263,0.0,2.614,0.0,0.0,0.0
2024-05-17 13:00:00,3.569,3.427,830.0,True,True,False,6,cap_reached,0.0,0.0,0.0,0.0,3.427,0.0,0.0,0.0
2024-05-17 14:00:00,3.206,3.077,731.0,True,True,False,6,cap_reached,0.0,0.0,0.0,0.0,3.077,0.0,0.0,0.0
2024-05-17 15:00:00,3.155,3.028,721.0,True,True,False,6,cap_reached,0.0,0.0,0.0,0.0,3.028,0.0,0.0,0.0
2024-05-17 16:00:00,1.759,1.689,374.0,True,True,False,6,cap_reached,0.0,0.0,0.0,0.0,1.689,0.0,0.0,0.0
2024-05-17 17:00:00,1.642,1.577,317.0,True,True,False,6,cap_reached,0.0,0.0,0.0,0.0,1.577,0.0,0.0,0.0
2024-05-17 18:00:00,0.689,0.661,110.0,True,True,False,6,cap_reached,0.0,0.0,0.0,0.0,0.661,0.0,0.0,0.0
2024-05-17 19:00:00,0.0,0.0,0.0,False,True,False,6,cap_reached,0.0,0.0,0.0,0.0,0.0,0.0,0.0,0.0
2024-05-17 20:00:00,0.0,0.0,0.0,False,True,False,6,cap_reached,0.0,0.0,0.0,0.0,0.0,0.0,0.0,0.0
2024-05-17 21:00:00,0.0,0.0,0.0,False,True,False,6,cap_reached,0.0,0.0,0.0,0.0,0.0,0.0,0.0,0.0
2024-05-17 22:00:00,0.0,0.0,0.0,False,True,False,6,cap_reached,0.0,0.0,0.0,0.0,0.0,0.0,0.0,0.0
2024-05-17 23:00:00,0.0,0.0,0.0,False,True,False,6,cap_reached,0.0,0.0,0.0,0.0,0.0,0.0,0.0,0.0
2024-05-18 00:00:00,0.0,0.0,0.0,False,True,False,0,no_power,0.0,0.0,0.0,0.0,0.0,0.0,0.0,0.0
2024-05-18 01:00:00,0.0,0.0,0.0,False,True,False,0,no_power,0.0,0.0,0.0,0.0,0.0,0.0,0.0,0.0
2024-05-18 02:00:00,0.0,0.0,0.0,False,True,False,0,no_power,0.0,0.0,0.0,0.0,0.0,0.0,0.0,0.0
2024-05-18 03:00:00,0.0,0.0,0.0,False,True,False,0,no_power,0.0,0.0,0.0,0.0,0.0,0.0,0.0,0.0
2024-05-18 04:00:00,0.0,0.0,0.0,False,True,False,0,no_power,0.0,0.0,0.0,0.0,0.0,0.0,0.0,0.0
2024-05-18 05:00:00,0.0,0.0,0.0,False,True,False,0,no_power,0.0,0.0,0.0,0.0,0.0,0.0,0.0,0.0
2024-05-18 06:00:00,0.448,0.43,63.0,True,True,False,0,no_power,0.0,0.0,0.0,0.0,0.0,0.0,0.0,0.0
2024-05-18 07:00:00,1.44,1.383,263.0,True,True,True,1,ok,1.263,0.0,1.263,0.0,0.12,0.0,0.0,0.0
2024-05-18 08:00:00,2.331,2.238,485.0,True,True,True,2,ok,1.263,0.0,1.263,0.0,0.975,0.0,0.0,0.0
2024-05-18 09:00:00,3.068,2.945,690.0,True,True,True,3,ok,1.263,0.0,1.263,0.0,1.682,0.0,0.0,0.0
2024-05-18 10:00:00,3.629,3.484,859.0,True,True,True,4,ok,1.263,0.0,1.263,0.0,2.221,0.0,0.0,0.0
2024-05-18 11:00:00,3.967,3.809,967.0,True,True,True,5,ok,1.263,0.0,1.263,0.0,2.546,0.0,0.0,0.0
2024-05-18 12:00:00,4.097,3.933,1010.0,True,True,True,6,ok,1.263,0.0,1.263,0.0,2.67,0.0,0.0,0.0
2024-05-18 13:00:00,2.698,2.59,606.0,True,True,False,6,cap_reached,0.0,0.0,0.0,0.0,2.59,0.0,0.0,0.0
2024-05-18 14:00:00,1.276,1.225,270.0,True,True,False,6,cap_reached,0.0,0.0,0.0,0.0,1.225,0.0,0.0,0.0
2024-05-18 15:00:00,2.151,2.065,470.0,True,True,False,6,cap_reached,0.0,0.0,0.0,0.0,2.065,0.0,0.0,0.0
2024-05-18 16:00:00,2.55,2.448,549.0,True,True,False,6,cap_reached,0.0,0.0,0.0,0.0,2.448,0.0,0.0,0.0
2024-05-18 17:00:00,1.719,1.65,330.0,True,True,False,6,cap_reached,0.0,0.0,0.0,0.0,1.65,0.0,0.0,0.0
2024-05-18 18:00:00,0.759,0.729,116.0,True,True,False,6,cap_reached,0.0,0.0,0.0,0.0,0.729,0.0,0.0,0.0
2024-05-18 19:00:00,0.0,0.0,0.0,False,True,False,6,cap_reached,0.0,0.0,0.0,0.0,0.0,0.0,0.0,0.0
2024-05-18 20:00:00,0.0,0.0,0.0,False,True,False,6,cap_reached,0.0,0.0,0.0,0.0,0.0,0.0,0.0,0.0
2024-05-18 21:00:00,0.0,0.0,0.0,False,True,False,6,cap_reached,0.0,0.0,0.0,0.0,0.0,0.0,0.0,0.0
2024-05-18 22:00:00,0.0,0.0,0.0,False,True,False,6,cap_reached,0.0,0.0,0.0,0.0,0.0,0.0,0.0,0.0
2024-05-18 23:00:00,0.0,0.0,0.0,False,True,False,6,cap_reached,0.0,0.0,0.0,0.0,0.0,0.0,0.0,0.0
2024-05-19 00:00:00,0.0,0.0,0.0,False,True,False,0,no_power,0.0,0.0,0.0,0.0,0.0,0.0,0.0,0.0
2024-05-19 01:00:00,0.0,0.0,0.0,False,True,False,0,no_power,0.0,0.0,0.0,0.0,0.0,0.0,0.0,0.0
2024-05-19 02:00:00,0.0,0.0,0.0,False,True,False,0,no_power,0.0,0.0,0.0,0.0,0.0,0.0,0.0,0.0
2024-05-19 03:00:00,0.0,0.0,0.0,False,True,False,0,no_power,0.0,0.0,0.0,0.0,0.0,0.0,0.0,0.0
2024-05-19 04:00:00,0.0,0.0,0.0,False,True,False,0,no_power,0.0,0.0,0.0,0.0,0.0,0.0,0.0,0.0
2024-05-19 05:00:00,0.0,0.0,0.0,False,True,False,0,no_power,0.0,0.0,0.0,0.0,0.0,0.0,0.0,0.0
2024-05-19 06:00:00,0.466,0.447,64.0,True,True,False,0,no_power,0.0,0.0,0.0,0.0,0.0,0.0,0.0,0.0
2024-05-19 07:00:00,1.442,1.385,262.0,True,True,True,1,ok,1.263,0.0,1.263,0.0,0.122,0.0,0.0,0.0
2024-05-19 08:00:00,2.315,2.222,480.0,True,True,True,2,ok,1.263,0.0,1.263,0.0,0.959,0.0,0.0,0.0
2024-05-19 09:00:00,3.036,2.914,679.0,True,True,True,3,ok,1.263,0.0,1.263,0.0,1.651,0.0,0.0,0.0
2024-05-19 10:00:00,3.578,3.434,839.0,True,True,True,4,ok,1.263,0.0,1.263,0.0,2.171,0.0,0.0,0.0
2024-05-19 11:00:00,3.927,3.77,948.0,True,True,True,5,ok,1.263,0.0,1.263,0.0,2.507,0.0,0.0,0.0
2024-05-19 12:00:00,4.069,3.906,992.0,True,True,True,6,ok,1.263,0.0,1.263,0.0,2.643,0.0,0.0,0.0
2024-05-19 13:00:00,3.98,3.821,966.0,True,True,False,6,cap_reached,0.0,0.0,0.0,0.0,3.821,0.0,0.0,0.0
2024-05-19 14:00:00,3.691,3.543,876.0,True,True,False,6,cap_reached,0.0,0.0,0.0,0.0,3.543,0.0,0.0,0.0
2024-05-19 15:00:00,3.194,3.066,728.0,True,True,False,6,cap_reached,0.0,0.0,0.0,0.0,3.066,0.0,0.0,0.0
2024-05-19 16:00:00,0.64,0.614,133.0,True,True,False,6,cap_reached,0.0,0.0,0.0,0.0,0.614,0.0,0.0,0.0
2024-05-19 17:00:00,1.29,1.238,259.0,True,True,False,6,cap_reached,0.0,0.0,0.0,0.0,1.238,0.0,0.0,0.0
2024-05-19 18:00:00,0.312,0.3,64.0,True,True,False,6,cap_reached,0.0,0.0,0.0,0.0,0.3,0.0,0.0,0.0
2024-05-19 19:00:00,0.0,0.0,0.0,False,True,False,6,cap_reached,0.0,0.0,0.0,0.0,0.0,0.0,0.0,0.0
2024-05-19 20:00:00,0.0,0.0,0.0,False,True,False,6,cap_reached,0.0,0.0,0.0,0.0,0.0,0.0,0.0,0.0
2024-05-19 21:00:00,0.0,0.0,0.0,False,True,False,6,cap_reached,0.0,0.0,0.0,0.0,0.0,0.0,0.0,0.0
2024-05-19 22:00:00,0.0,0.0,0.0,False,True,False,6,cap_reached,0.0,0.0,0.0,0.0,0.0,0.0,0.0,0.0
2024-05-19 23:00:00,0.0,0.0,0.0,False,True,False,6,cap_reached,0.0,0.0,0.0,0.0,0.0,0.0,0.0,0.0
2024-05-20 00:00:00,0.0,0.0,0.0,False,True,False,0,no_power,0.0,0.0,0.0,0.0,0.0,0.0,0.0,0.0
2024-05-20 01:00:00,0.0,0.0,0.0,False,True,False,0,no_power,0.0,0.0,0.0,0.0,0.0,0.0,0.0,0.0
2024-05-20 02:00:00,0.0,0.0,0.0,False,True,False,0,no_power,0.0,0.0,0.0,0.0,0.0,0.0,0.0,0.0
2024-05-20 03:00:00,0.0,0.0,0.0,False,True,False,0,no_power,0.0,0.0,0.0,0.0,0.0,0.0,0.0,0.0
2024-05-20 04:00:00,0.0,0.0,0.0,False,True,False,0,no_power,0.0,0.0,0.0,0.0,0.0,0.0,0.0,0.0
2024-05-20 05:00:00,0.0,0.0,0.0,False,True,False,0,no_power,0.0,0.0,0.0,0.0,0.0,0.0,0.0,0.0
2024-05-20 06:00:00,0.415,0.399,61.0,True,True,False,0,no_power,0.0,0.0,0.0,0.0,0.0,0.0,0.0,0.0
2024-05-20 07:00:00,0.226,0.217,46.0,True,True,False,0,no_power,0.0,0.0,0.0,0.0,0.0,0.0,0.0,0.0
2024-05-20 08:00:00,1.685,1.617,351.0,True,True,True,1,ok,1.263,0.0,1.263,0.0,0.354,0.0,0.0,0.0
2024-05-20 09:00:00,1.028,0.986,214.0,True,True,False,1,no_power,0.0,0.0,0.0,0.0,0.0,0.0,0.0,0.0
2024-05-20 10:00:00,1.874,1.799,401.0,True,True,True,2,ok,1.263,0.0,1.263,0.0,0.536,0.0,0.0,0.0
2024-05-20 11:00:00,1.417,1.36,299.0,True,True,True,3,ok,1.263,0.0,1.263,0.0,0.097,0.0,0.0,0.0
2024-05-20 12:00:00,2.499,2.399,551.0,True,True,True,4,ok,1.263,0.0,1.263,0.0,1.136,0.0,0.0,0.0
2024-05-20 13:00:00,2.578,2.475,568.0,True,True,True,5,ok,1.263,0.0,1.263,0.0,1.212,0.0,0.0,0.0
2024-05-20 14:00:00,2.731,2.621,606.0,True,True,True,6,ok,1.263,0.0,1.263,0.0,1.358,0.0,0.0,0.0
2024-05-20 15:00:00,2.572,2.469,568.0,True,True,False,6,cap_reached,0.0,0.0,0.0,0.0,2.469,0.0,0.0,0.0
2024-05-20 16:00:00,1.772,1.701,374.0,True,True,False,6,cap_reached,0.0,0.0,0.0,0.0,1.701,0.0,0.0,0.0
2024-05-20 17:00:00,1.459,1.401,286.0,True,True,False,6,cap_reached,0.0,0.0,0.0,0.0,1.401,0.0,0.0,0.0
2024-05-20 18:00:00,0.349,0.335,71.0,True,True,False,6,cap_reached,0.0,0.0,0.0,0.0,0.335,0.0,0.0,0.0
2024-05-20 19:00:00,0.0,0.0,0.0,False,True,False,6,cap_reached,0.0,0.0,0.0,0.0,0.0,0.0,0.0,0.0
2024-05-20 20:00:00,0.0,0.0,0.0,False,True,False,6,cap_reached,0.0,0.0,0.0,0.0,0.0,0.0,0.0,0.0
2024-05-20 21:00:00,0.0,0.0,0.0,False,True,False,6,cap_reached,0.0,0.0,0.0,0.0,0.0,0.0,0.0,0.0
2024-05-20 22:00:00,0.0,0.0,0.0,False,True,False,6,cap_reached,0.0,0.0,0.0,0.0,0.0,0.0,0.0,0.0
2024-05-20 23:00:00,0.0,0.0,0.0,False,True,False,6,cap_reached,0.0,0.0,0.0,0.0,0.0,0.0,0.0,0.0
2024-05-21 00:00:00,0.0,0.0,0.0,False,True,False,0,no_power,0.0,0.0,0.0,0.0,0.0,0.0,0.0,0.0
2024-05-21 01:00:00,0.0,0.0,0.0,False,True,False,0,no_power,0.0,0.0,0.0,0.0,0.0,0.0,0.0,0.0
2024-05-21 02:00:00,0.0,0.0,0.0,False,True,False,0,no_power,0.0,0.0,0.0,0.0,0.0,0.0,0.0,0.0
2024-05-21 03:00:00,0.0,0.0,0.0,False,True,False,0,no_power,0.0,0.0,0.0,0.0,0.0,0.0,0.0,0.0
2024-05-21 04:00:00,0.0,0.0,0.0,False,True,False,0,no_power,0.0,0.0,0.0,0.0,0.0,0.0,0.0,0.0
2024-05-21 05:00:00,0.0,0.0,0.0,False,True,False,0,no_power,0.0,0.0,0.0,0.0,0.0,0.0,0.0,0.0
2024-05-21 06:00:00,0.02,0.019,4.0,False,True,False,0,no_power,0.0,0.0,0.0,0.0,0.0,0.0,0.0,0.0
2024-05-21 07:00:00,1.4,1.344,256.0,True,True,True,1,ok,1.263,0.0,1.263,0.0,0.081,0.0,0.0,0.0
2024-05-21 08:00:00,2.299,2.207,474.0,True,True,True,2,ok,1.263,0.0,1.263,0.0,0.944,0.0,0.0,0.0
2024-05-21 09:00:00,3.051,2.929,678.0,True,True,True,3,ok,1.263,0.0,1.263,0.0,1.666,0.0,0.0,0.0
2024-05-21 10:00:00,3.607,3.462,839.0,True,True,True,4,ok,1.263,0.0,1.263,0.0,2.199,0.0,0.0,0.0
2024-05-21 11:00:00,3.454,3.315,787.0,True,True,True,5,ok,1.263,0.0,1.263,0.0,2.052,0.0,0.0,0.0
2024-05-21 12:00:00,3.46,3.321,805.0,True,True,True,6,ok,1.263,0.0,1.263,0.0,2.058,0.0,0.0,0.0
2024-05-21 13:00:00,1.982,1.903,425.0,True,True,False,6,cap_reached,0.0,0.0,0.0,0.0,1.903,0.0,0.0,0.0
2024-05-21 14:00:00,1.05,1.008,220.0,True,True,False,6,cap_reached,0.0,0.0,0.0,0.0,1.008,0.0,0.0,0.0
2024-05-21 15:00:00,2.662,2.555,586.0,True,True,False,6,cap_reached,0.0,0.0,0.0,0.0,2.555,0.0,0.0,0.0
2024-05-21 16:00:00,1.694,1.626,355.0,True,True,False,6,cap_reached,0.0,0.0,0.0,0.0,1.626,0.0,0.0,0.0
2024-05-21 17:00:00,1.416,1.359,281.0,True,True,False,6,cap_reached,0.0,0.0,0.0,0.0,1.359,0.0,0.0,0.0
2024-05-21 18:00:00,0.715,0.686,114.0,True,True,False,6,cap_reached,0.0,0.0,0.0,0.0,0.686,0.0,0.0,0.0
2024-05-21 19:00:00,0.0,0.0,0.0,False,True,False,6,cap_reached,0.0,0.0,0.0,0.0,0.0,0.0,0.0,0.0
2024-05-21 20:00:00,0.0,0.0,0.0,False,True,False,6,cap_reached,0.0,0.0,0.0,0.0,0.0,0.0,0.0,0.0
2024-05-21 21:00:00,0.0,0.0,0.0,False,True,False,6,cap_reached,0.0,0.0,0.0,0.0,0.0,0.0,0.0,0.0
2024-05-21 22:00:00,0.0,0.0,0.0,False,True,False,6,cap_reached,0.0,0.0,0.0,0.0,0.0,0.0,0.0,0.0
2024-05-21 23:00:00,0.0,0.0,0.0,False,True,False,6,cap_reached,0.0,0.0,0.0,0.0,0.0,0.0,0.0,0.0
2024-05-22 00:00:00,0.0,0.0,0.0,False,True,False,0,no_power,0.0,0.0,0.0,0.0,0.0,0.0,0.0,0.0
2024-05-22 01:00:00,0.0,0.0,0.0,False,True,False,0,no_power,0.0,0.0,0.0,0.0,0.0,0.0,0.0,0.0
2024-05-22 02:00:00,0.0,0.0,0.0,False,True,False,0,no_power,0.0,0.0,0.0,0.0,0.0,0.0,0.0,0.0
2024-05-22 03:00:00,0.0,0.0,0.0,False,True,False,0,no_power,0.0,0.0,0.0,0.0,0.0,0.0,0.0,0.0
2024-05-22 04:00:00,0.0,0.0,0.0,False,True,False,0,no_power,0.0,0.0,0.0,0.0,0.0,0.0,0.0,0.0
2024-05-22 05:00:00,0.0,0.0,0.0,False,True,False,0,no_power,0.0,0.0,0.0,0.0,0.0,0.0,0.0,0.0
2024-05-22 06:00:00,0.457,0.439,65.0,True,True,False,0,no_power,0.0,0.0,0.0,0.0,0.0,0.0,0.0,0.0
2024-05-22 07:00:00,1.472,1.414,265.0,True,True,True,1,ok,1.263,0.0,1.263,0.0,0.151,0.0,0.0,0.0
2024-05-22 08:00:00,2.378,2.283,487.0,True,True,True,2,ok,1.263,0.0,1.263,0.0,1.02,0.0,0.0,0.0
2024-05-22 09:00:00,3.117,2.993,692.0,True,True,True,3,ok,1.263,0.0,1.263,0.0,1.73,0.0,0.0,0.0
2024-05-22 10:00:00,3.686,3.539,862.0,True,True,True,4,ok,1.263,0.0,1.263,0.0,2.276,0.0,0.0,0.0
2024-05-22 11:00:00,2.215,2.126,478.0,True,True,True,5,ok,1.263,0.0,1.263,0.0,0.863,0.0,0.0,0.0
2024-05-22 12:00:00,4.172,4.005,1016.0,True,True,True,6,ok,1.263,0.0,1.263,0.0,2.742,0.0,0.0,0.0
2024-05-22 13:00:00,4.09,3.926,990.0,True,True,False,6,cap_reached,0.0,0.0,0.0,0.0,3.926,0.0,0.0,0.0
2024-05-22 14:00:00,3.796,3.644,900.0,True,True,False,6,cap_reached,0.0,0.0,0.0,0.0,3.644,0.0,0.0,0.0
2024-05-22 15:00:00,3.307,3.175,751.0,True,True,False,6,cap_reached,0.0,0.0,0.0,0.0,3.175,0.0,0.0,0.0
2024-05-22 16:00:00,2.624,2.52,556.0,True,True,False,6,cap_reached,0.0,0.0,0.0,0.0,2.52,0.0,0.0,0.0
2024-05-22 17:00:00,1.782,1.711,337.0,True,True,False,6,cap_reached,0.0,0.0,0.0,0.0,1.711,0.0,0.0,0.0
2024-05-22 18:00:00,0.817,0.784,123.0,True,True,False,6,cap_reached,0.0,0.0,0.0,0.0,0.784,0.0,0.0,0.0
2024-05-22 19:00:00,0.0,0.0,0.0,False,True,False,6,cap_reached,0.0,0.0,0.0,0.0,0.0,0.0,0.0,0.0
2024-05-22 20:00:00,0.0,0.0,0.0,False,True,False,6,cap_reached,0.0,0.0,0.0,0.0,0.0,0.0,0.0,0.0
2024-05-22 21:00:00,0.0,0.0,0.0,False,True,False,6,cap_reached,0.0,0.0,0.0,0.0,0.0,0.0,0.0,0.0
2024-05-22 22:00:00,0.0,0.0,0.0,False,True,False,6,cap_reached,0.0,0.0,0.0,0.0,0.0,0.0,0.0,0.0
2024-05-22 23:00:00,0.0,0.0,0.0,False,True,False,6,cap_reached,0.0,0.0,0.0,0.0,0.0,0.0,0.0,0.0
2024-05-23 00:00:00,0.0,0.0,0.0,False,True,False,0,no_power,0.0,0.0,0.0,0.0,0.0,0.0,0.0,0.0
2024-05-23 01:00:00,0.0,0.0,0.0,False,True,False,0,no_power,0.0,0.0,0.0,0.0,0.0,0.0,0.0,0.0
2024-05-23 02:00:00,0.0,0.0,0.0,False,True,False,0,no_power,0.0,0.0,0.0,0.0,0.0,0.0,0.0,0.0
2024-05-23 03:00:00,0.0,0.0,0.0,False,True,False,0,no_power,0.0,0.0,0.0,0.0,0.0,0.0,0.0,0.0
2024-05-23 04:00:00,0.0,0.0,0.0,False,True,False,0,no_power,0.0,0.0,0.0,0.0,0.0,0.0,0.0,0.0
2024-05-23 05:00:00,0.0,0.0,0.0,False,True,False,0,no_power,0.0,0.0,0.0,0.0,0.0,0.0,0.0,0.0
2024-05-23 06:00:00,0.561,0.539,73.0,True,True,False,0,no_power,0.0,0.0,0.0,0.0,0.0,0.0,0.0,0.0
2024-05-23 07:00:00,1.59,1.526,281.0,True,True,True,1,ok,1.263,0.0,1.263,0.0,0.263,0.0,0.0,0.0
2024-05-23 08:00:00,2.481,2.382,507.0,True,True,True,2,ok,1.263,0.0,1.263,0.0,1.119,0.0,0.0,0.0
2024-05-23 09:00:00,3.209,3.081,712.0,True,True,True,3,ok,1.263,0.0,1.263,0.0,1.818,0.0,0.0,0.0
2024-05-23 10:00:00,3.751,3.601,876.0,True,True,True,4,ok,1.263,0.0,1.263,0.0,2.338,0.0,0.0,0.0
2024-05-23 11:00:00,3.453,3.315,788.0,True,True,True,5,ok,1.263,0.0,1.263,0.0,2.052,0.0,0.0,0.0
2024-05-23 12:00:00,4.225,4.056,1030.0,True,True,True,6,ok,1.263,0.0,1.263,0.0,2.793,0.0,0.0,0.0
2024-05-23 13:00:00,4.146,3.98,1006.0,True,True,False,6,cap_reached,0.0,0.0,0.0,0.0,3.98,0.0,0.0,0.0
2024-05-23 14:00:00,3.857,3.703,915.0,True,True,False,6,cap_reached,0.0,0.0,0.0,0.0,3.703,0.0,0.0,0.0
2024-05-23 15:00:00,3.373,3.238,767.0,True,True,False,6,cap_reached,0.0,0.0,0.0,0.0,3.238,0.0,0.0,0.0
2024-05-23 16:00:00,2.703,2.594,573.0,True,True,False,6,cap_reached,0.0,0.0,0.0,0.0,2.594,0.0,0.0,0.0
2024-05-23 17:00:00,1.86,1.786,350.0,True,True,False,6,cap_reached,0.0,0.0,0.0,0.0,1.786,0.0,0.0,0.0
2024-05-23 18:00:00,0.885,0.85,130.0,True,True,False,6,cap_reached,0.0,0.0,0.0,0.0,0.85,0.0,0.0,0.0
2024-05-23 19:00:00,0.0,0.0,0.0,False,True,False,6,cap_reached,0.0,0.0,0.0,0.0,0.0,0.0,0.0,0.0
2024-05-23 20:00:00,0.0,0.0,0.0,False,True,False,6,cap_reached,0.0,0.0,0.0,0.0,0.0,0.0,0.0,0.0
2024-05-23 21:00:00,0.0,0.0,0.0,False,True,False,6,cap_reached,0.0,0.0,0.0,0.0,0.0,0.0,0.0,0.0
2024-05-23 22:00:00,0.0,0.0,0.0,False,True,False,6,cap_reached,0.0,0.0,0.0,0.0,0.0,0.0,0.0,0.0
2024-05-23 23:00:00,0.0,0.0,0.0,False,True,False,6,cap_reached,0.0,0.0,0.0,0.0,0.0,0.0,0.0,0.0
2024-05-24 00:00:00,0.0,0.0,0.0,False,True,False,0,no_power,0.0,0.0,0.0,0.0,0.0,0.0,0.0,0.0
2024-05-24 01:00:00,0.0,0.0,0.0,False,True,False,0,no_power,0.0,0.0,0.0,0.0,0.0,0.0,0.0,0.0
2024-05-24 02:00:00,0.0,0.0,0.0,False,True,False,0,no_power,0.0,0.0,0.0,0.0,0.0,0.0,0.0,0.0
2024-05-24 03:00:00,0.0,0.0,0.0,False,True,False,0,no_power,0.0,0.0,0.0,0.0,0.0,0.0,0.0,0.0
2024-05-24 04:00:00,0.0,0.0,0.0,False,True,False,0,no_power,0.0,0.0,0.0,0.0,0.0,0.0,0.0,0.0
2024-05-24 05:00:00,0.0,0.0,0.0,False,True,False,0,no_power,0.0,0.0,0.0,0.0,0.0,0.0,0.0,0.0
2024-05-24 06:00:00,0.543,0.521,73.0,True,True,False,0,no_power,0.0,0.0,0.0,0.0,0.0,0.0,0.0,0.0
2024-05-24 07:00:00,1.571,1.508,279.0,True,True,True,1,ok,1.263,0.0,1.263,0.0,0.245,0.0,0.0,0.0
2024-05-24 08:00:00,2.454,2.356,503.0,True,True,True,2,ok,1.263,0.0,1.263,0.0,1.093,0.0,0.0,0.0
2024-05-24 09:00:00,3.196,3.068,710.0,True,True,True,3,ok,1.263,0.0,1.263,0.0,1.805,0.0,0.0,0.0
2024-05-24 10:00:00,2.513,2.413,549.0,True,True,True,4,ok,1.263,0.0,1.263,0.0,1.15,0.0,0.0,0.0
2024-05-24 11:00:00,2.794,2.682,620.0,True,True,True,5,ok,1.263,0.0,1.263,0.0,1.419,0.0,0.0,0.0
2024-05-24 12:00:00,2.462,2.364,537.0,True,True,True,6,ok,1.263,0.0,1.263,0.0,1.101,0.0,0.0,0.0
2024-05-24 13:00:00,3.253,3.123,737.0,True,True,False,6,cap_reached,0.0,0.0,0.0,0.0,3.123,0.0,0.0,0.0
2024-05-24 14:00:00,3.842,3.689,912.0,True,True,False,6,cap_reached,0.0,0.0,0.0,0.0,3.689,0.0,0.0,0.0
2024-05-24 15:00:00,3.341,3.207,760.0,True,True,False,6,cap_reached,0.0,0.0,0.0,0.0,3.207,0.0,0.0,0.0
2024-05-24 16:00:00,2.668,2.562,566.0,True,True,False,6,cap_reached,0.0,0.0,0.0,0.0,2.562,0.0,0.0,0.0
2024-05-24 17:00:00,1.841,1.767,346.0,True,True,False,6,cap_reached,0.0,0.0,0.0,0.0,1.767,0.0,0.0,0.0
2024-05-24 18:00:00,0.875,0.84,130.0,True,True,False,6,cap_reached,0.0,0.0,0.0,0.0,0.84,0.0,0.0,0.0
2024-05-24 19:00:00,0.0,0.0,0.0,False,True,False,6,cap_reached,0.0,0.0,0.0,0.0,0.0,0.0,0.0,0.0
2024-05-24 20:00:00,0.0,0.0,0.0,False,True,False,6,cap_reached,0.0,0.0,0.0,0.0,0.0,0.0,0.0,0.0
2024-05-24 21:00:00,0.0,0.0,0.0,False,True,False,6,cap_reached,0.0,0.0,0.0,0.0,0.0,0.0,0.0,0.0
2024-05-24 22:00:00,0.0,0.0,0.0,False,True,False,6,cap_reached,0.0,0.0,0.0,0.0,0.0,0.0,0.0,0.0
2024-05-24 23:00:00,0.0,0.0,0.0,False,True,False,6,cap_reached,0.0,0.0,0.0,0.0,0.0,0.0,0.0,0.0
2024-05-25 00:00:00,0.0,0.0,0.0,False,True,False,0,no_power,0.0,0.0,0.0,0.0,0.0,0.0,0.0,0.0
2024-05-25 01:00:00,0.0,0.0,0.0,False,True,False,0,no_power,0.0,0.0,0.0,0.0,0.0,0.0,0.0,0.0
2024-05-25 02:00:00,0.0,0.0,0.0,False,True,False,0,no_power,0.0,0.0,0.0,0.0,0.0,0.0,0.0,0.0
2024-05-25 03:00:00,0.0,0.0,0.0,False,True,False,0,no_power,0.0,0.0,0.0,0.0,0.0,0.0,0.0,0.0
2024-05-25 04:00:00,0.0,0.0,0.0,False,True,False,0,no_power,0.0,0.0,0.0,0.0,0.0,0.0,0.0,0.0
2024-05-25 05:00:00,0.0,0.0,0.0,False,True,False,0,no_power,0.0,0.0,0.0,0.0,0.0,0.0,0.0,0.0
2024-05-25 06:00:00,0.604,0.58,75.0,True,True,False,0,no_power,0.0,0.0,0.0,0.0,0.0,0.0,0.0,0.0
2024-05-25 07:00:00,1.606,1.542,283.0,True,True,True,1,ok,1.263,0.0,1.263,0.0,0.279,0.0,0.0,0.0
2024-05-25 08:00:00,2.481,2.382,507.0,True,True,True,2,ok,1.263,0.0,1.263,0.0,1.119,0.0,0.0,0.0
2024-05-25 09:00:00,3.193,3.066,709.0,True,True,True,3,ok,1.263,0.0,1.263,0.0,1.803,0.0,0.0,0.0
2024-05-25 10:00:00,3.734,3.584,873.0,True,True,True,4,ok,1.263,0.0,1.263,0.0,2.321,0.0,0.0,0.0
2024-05-25 11:00:00,2.636,2.531,581.0,True,True,True,5,ok,1.263,0.0,1.263,0.0,1.268,0.0,0.0,0.0
2024-05-25 12:00:00,2.229,2.14,483.0,True,True,True,6,ok,1.263,0.0,1.263,0.0,0.877,0.0,0.0,0.0
2024-05-25 13:00:00,4.093,3.929,994.0,True,True,False,6,cap_reached,0.0,0.0,0.0,0.0,3.929,0.0,0.0,0.0
2024-05-25 14:00:00,3.81,3.657,905.0,True,True,False,6,cap_reached,0.0,0.0,0.0,0.0,3.657,0.0,0.0,0.0
2024-05-25 15:00:00,1.963,1.885,423.0,True,True,False,6,cap_reached,0.0,0.0,0.0,0.0,1.885,0.0,0.0,0.0
2024-05-25 16:00:00,2.659,2.553,565.0,True,True,False,6,cap_reached,0.0,0.0,0.0,0.0,2.553,0.0,0.0,0.0
2024-05-25 17:00:00,1.836,1.762,346.0,True,True,False,6,cap_reached,0.0,0.0,0.0,0.0,1.762,0.0,0.0,0.0
2024-05-25 18:00:00,0.029,0.028,6.0,False,True,False,6,cap_reached,0.0,0.0,0.0,0.0,0.028,0.0,0.0,0.0
2024-05-25 19:00:00,0.0,0.0,0.0,False,True,False,6,cap_reached,0.0,0.0,0.0,0.0,0.0,0.0,0.0,0.0
2024-05-25 20:00:00,0.0,0.0,0.0,False,True,False,6,cap_reached,0.0,0.0,0.0,0.0,0.0,0.0,0.0,0.0
2024-05-25 21:00:00,0.0,0.0,0.0,False,True,False,6,cap_reached,0.0,0.0,0.0,0.0,0.0,0.0,0.0,0.0
2024-05-25 22:00:00,0.0,0.0,0.0,False,True,False,6,cap_reached,0.0,0.0,0.0,0.0,0.0,0.0,0.0,0.0
2024-05-25 23:00:00,0.0,0.0,0.0,False,True,False,6,cap_reached,0.0,0.0,0.0,0.0,0.0,0.0,0.0,0.0
2024-05-26 00:00:00,0.0,0.0,0.0,False,True,False,0,no_power,0.0,0.0,0.0,0.0,0.0,0.0,0.0,0.0
2024-05-26 01:00:00,0.0,0.0,0.0,False,True,False,0,no_power,0.0,0.0,0.0,0.0,0.0,0.0,0.0,0.0
2024-05-26 02:00:00,0.0,0.0,0.0,False,True,False,0,no_power,0.0,0.0,0.0,0.0,0.0,0.0,0.0,0.0
2024-05-26 03:00:00,0.0,0.0,0.0,False,True,False,0,no_power,0.0,0.0,0.0,0.0,0.0,0.0,0.0,0.0
2024-05-26 04:00:00,0.0,0.0,0.0,False,True,False,0,no_power,0.0,0.0,0.0,0.0,0.0,0.0,0.0,0.0
2024-05-26 05:00:00,0.0,0.0,0.0,False,True,False,0,no_power,0.0,0.0,0.0,0.0,0.0,0.0,0.0,0.0
2024-05-26 06:00:00,0.588,0.564,74.0,True,True,False,0,no_power,0.0,0.0,0.0,0.0,0.0,0.0,0.0,0.0
2024-05-26 07:00:00,1.577,1.514,277.0,True,True,True,1,ok,1.263,0.0,1.263,0.0,0.251,0.0,0.0,0.0
2024-05-26 08:00:00,2.438,2.341,497.0,True,True,True,2,ok,1.263,0.0,1.263,0.0,1.078,0.0,0.0,0.0
2024-05-26 09:00:00,3.146,3.02,696.0,True,True,True,3,ok,1.263,0.0,1.263,0.0,1.757,0.0,0.0,0.0
2024-05-26 10:00:00,3.667,3.521,854.0,True,True,True,4,ok,1.263,0.0,1.263,0.0,2.258,0.0,0.0,0.0
2024-05-26 11:00:00,2.514,2.414,552.0,True,True,True,5,ok,1.263,0.0,1.263,0.0,1.151,0.0,0.0,0.0
2024-05-26 12:00:00,2.157,2.071,467.0,True,True,True,6,ok,1.263,0.0,1.263,0.0,0.808,0.0,0.0,0.0
2024-05-26 13:00:00,3.528,3.387,827.0,True,True,False,6,cap_reached,0.0,0.0,0.0,0.0,3.387,0.0,0.0,0.0
2024-05-26 14:00:00,1.952,1.874,420.0,True,True,False,6,cap_reached,0.0,0.0,0.0,0.0,1.874,0.0,0.0,0.0
2024-05-26 15:00:00,2.615,2.511,575.0,True,True,False,6,cap_reached,0.0,0.0,0.0,0.0,2.511,0.0,0.0,0.0
2024-05-26 16:00:00,2.453,2.355,519.0,True,True,False,6,cap_reached,0.0,0.0,0.0,0.0,2.355,0.0,0.0,0.0
2024-05-26 17:00:00,1.825,1.752,344.0,True,True,False,6,cap_reached,0.0,0.0,0.0,0.0,1.752,0.0,0.0,0.0
2024-05-26 18:00:00,0.864,0.83,130.0,True,True,False,6,cap_reached,0.0,0.0,0.0,0.0,0.83,0.0,0.0,0.0
2024-05-26 19:00:00,0.0,0.0,0.0,False,True,False,6,cap_reached,0.0,0.0,0.0,0.0,0.0,0.0,0.0,0.0
2024-05-26 20:00:00,0.0,0.0,0.0,False,True,False,6,cap_reached,0.0,0.0,0.0,0.0,0.0,0.0,0.0,0.0
2024-05-26 21:00:00,0.0,0.0,0.0,False,True,False,6,cap_reached,0.0,0.0,0.0,0.0,0.0,0.0,0.0,0.0
2024-05-26 22:00:00,0.0,0.0,0.0,False,True,False,6,cap_reached,0.0,0.0,0.0,0.0,0.0,0.0,0.0,0.0
2024-05-26 23:00:00,0.0,0.0,0.0,False,True,False,6,cap_reached,0.0,0.0,0.0,0.0,0.0,0.0,0.0,0.0
2024-05-27 00:00:00,0.0,0.0,0.0,False,True,False,0,no_power,0.0,0.0,0.0,0.0,0.0,0.0,0.0,0.0
2024-05-27 01:00:00,0.0,0.0,0.0,False,True,False,0,no_power,0.0,0.0,0.0,0.0,0.0,0.0,0.0,0.0
2024-05-27 02:00:00,0.0,0.0,0.0,False,True,False,0,no_power,0.0,0.0,0.0,0.0,0.0,0.0,0.0,0.0
2024-05-27 03:00:00,0.0,0.0,0.0,False,True,False,0,no_power,0.0,0.0,0.0,0.0,0.0,0.0,0.0,0.0
2024-05-27 04:00:00,0.0,0.0,0.0,False,True,False,0,no_power,0.0,0.0,0.0,0.0,0.0,0.0,0.0,0.0
2024-05-27 05:00:00,0.0,0.0,0.0,False,True,False,0,no_power,0.0,0.0,0.0,0.0,0.0,0.0,0.0,0.0
2024-05-27 06:00:00,0.573,0.55,74.0,True,True,False,0,no_power,0.0,0.0,0.0,0.0,0.0,0.0,0.0,0.0
2024-05-27 07:00:00,1.573,1.51,278.0,True,True,True,1,ok,1.263,0.0,1.263,0.0,0.247,0.0,0.0,0.0
2024-05-27 08:00:00,2.442,2.345,498.0,True,True,True,2,ok,1.263,0.0,1.263,0.0,1.082,0.0,0.0,0.0
2024-05-27 09:00:00,3.158,3.032,699.0,True,True,True,3,ok,1.263,0.0,1.263,0.0,1.769,0.0,0.0,0.0
2024-05-27 10:00:00,2.285,2.193,496.0,True,True,True,4,ok,1.263,0.0,1.263,0.0,0.93,0.0,0.0,0.0
2024-05-27 11:00:00,2.344,2.251,512.0,True,True,True,5,ok,1.263,0.0,1.263,0.0,0.988,0.0,0.0,0.0
2024-05-27 12:00:00,1.131,1.086,238.0,True,True,False,5,no_power,0.0,0.0,0.0,0.0,0.0,0.0,0.0,0.0
2024-05-27 13:00:00,1.395,1.34,295.0,True,True,True,6,ok,1.263,0.0,1.263,0.0,0.077,0.0,0.0,0.0
2024-05-27 14:00:00,1.411,1.354,300.0,True,True,False,6,cap_reached,0.0,0.0,0.0,0.0,1.354,0.0,0.0,0.0
2024-05-27 15:00:00,1.587,1.523,339.0,True,True,False,6,cap_reached,0.0,0.0,0.0,0.0,1.523,0.0,0.0,0.0
2024-05-27 16:00:00,2.062,1.979,437.0,True,True,False,6,cap_reached,0.0,0.0,0.0,0.0,1.979,0.0,0.0,0.0
2024-05-27 17:00:00,1.165,1.118,240.0,True,True,False,6,cap_reached,0.0,0.0,0.0,0.0,1.118,0.0,0.0,0.0
2024-05-27 18:00:00,0.302,0.29,62.0,True,True,False,6,cap_reached,0.0,0.0,0.0,0.0,0.29,0.0,0.0,0.0
2024-05-27 19:00:00,0.0,0.0,0.0,False,True,False,6,cap_reached,0.0,0.0,0.0,0.0,0.0,0.0,0.0,0.0
2024-05-27 20:00:00,0.0,0.0,0.0,False,True,False,6,cap_reached,0.0,0.0,0.0,0.0,0.0,0.0,0.0,0.0
2024-05-27 21:00:00,0.0,0.0,0.0,False,True,False,6,cap_reached,0.0,0.0,0.0,0.0,0.0,0.0,0.0,0.0
2024-05-27 22:00:00,0.0,0.0,0.0,False,True,False,6,cap_reached,0.0,0.0,0.0,0.0,0.0,0.0,0.0,0.0
2024-05-27 23:00:00,0.0,0.0,0.0,False,True,False,6,cap_reached,0.0,0.0,0.0,0.0,0.0,0.0,0.0,0.0
2024-05-28 00:00:00,0.0,0.0,0.0,False,True,False,0,no_power,0.0,0.0,0.0,0.0,0.0,0.0,0.0,0.0
2024-05-28 01:00:00,0.0,0.0,0.0,False,True,False,0,no_power,0.0,0.0,0.0,0.0,0.0,0.0,0.0,0.0
2024-05-28 02:00:00,0.0,0.0,0.0,False,True,False,0,no_power,0.0,0.0,0.0,0.0,0.0,0.0,0.0,0.0
2024-05-28 03:00:00,0.0,0.0,0.0,False,True,False,0,no_power,0.0,0.0,0.0,0.0,0.0,0.0,0.0,0.0
2024-05-28 04:00:00,0.0,0.0,0.0,False,True,False,0,no_power,0.0,0.0,0.0,0.0,0.0,0.0,0.0,0.0
2024-05-28 05:00:00,0.0,0.0,0.0,False,True,False,0,no_power,0.0,0.0,0.0,0.0,0.0,0.0,0.0,0.0
2024-05-28 06:00:00,0.606,0.582,76.0,True,True,False,0,no_power,0.0,0.0,0.0,0.0,0.0,0.0,0.0,0.0
2024-05-28 07:00:00,1.599,1.535,281.0,True,True,True,1,ok,1.263,0.0,1.263,0.0,0.272,0.0,0.0,0.0
2024-05-28 08:00:00,2.463,2.364,502.0,True,True,True,2,ok,1.263,0.0,1.263,0.0,1.101,0.0,0.0,0.0
2024-05-28 09:00:00,3.173,3.046,703.0,True,True,True,3,ok,1.263,0.0,1.263,0.0,1.783,0.0,0.0,0.0
2024-05-28 10:00:00,3.696,3.548,862.0,True,True,True,4,ok,1.263,0.0,1.263,0.0,2.285,0.0,0.0,0.0
2024-05-28 11:00:00,2.459,2.361,539.0,True,True,True,5,ok,1.263,0.0,1.263,0.0,1.098,0.0,0.0,0.0
2024-05-28 12:00:00,1.58,1.517,337.0,True,True,True,6,ok,1.263,0.0,1.263,0.0,0.254,0.0,0.0,0.0
2024-05-28 13:00:00,4.067,3.905,985.0,True,True,False,6,cap_reached,0.0,0.0,0.0,0.0,3.905,0.0,0.0,0.0
2024-05-28 14:00:00,3.786,3.635,896.0,True,True,False,6,cap_reached,0.0,0.0,0.0,0.0,3.635,0.0,0.0,0.0
2024-05-28 15:00:00,3.303,3.171,749.0,True,True,False,6,cap_reached,0.0,0.0,0.0,0.0,3.171,0.0,0.0,0.0
2024-05-28 16:00:00,2.671,2.564,565.0,True,True,False,6,cap_reached,0.0,0.0,0.0,0.0,2.564,0.0,0.0,0.0
2024-05-28 17:00:00,1.862,1.788,349.0,True,True,False,6,cap_reached,0.0,0.0,0.0,0.0,1.788,0.0,0.0,0.0
2024-05-28 18:00:00,0.92,0.883,135.0,True,True,False,6,cap_reached,0.0,0.0,0.0,0.0,0.883,0.0,0.0,0.0
2024-05-28 19:00:00,0.0,0.0,0.0,False,True,False,6,cap_reached,0.0,0.0,0.0,0.0,0.0,0.0,0.0,0.0
2024-05-28 20:00:00,0.0,0.0,0.0,False,True,False,6,cap_reached,0.0,0.0,0.0,0.0,0.0,0.0,0.0,0.0
2024-05-28 21:00:00,0.0,0.0,0.0,False,True,False,6,cap_reached,0.0,0.0,0.0,0.0,0.0,0.0,0.0,0.0
2024-05-28 22:00:00,0.0,0.0,0.0,False,True,False,6,cap_reached,0.0,0.0,0.0,0.0,0.0,0.0,0.0,0.0
2024-05-28 23:00:00,0.0,0.0,0.0,False,True,False,6,cap_reached,0.0,0.0,0.0,0.0,0.0,0.0,0.0,0.0
2024-05-29 00:00:00,0.0,0.0,0.0,False,True,False,0,no_power,0.0,0.0,0.0,0.0,0.0,0.0,0.0,0.0
2024-05-29 01:00:00,0.0,0.0,0.0,False,True,False,0,no_power,0.0,0.0,0.0,0.0,0.0,0.0,0.0,0.0
2024-05-29 02:00:00,0.0,0.0,0.0,False,True,False,0,no_power,0.0,0.0,0.0,0.0,0.0,0.0,0.0,0.0
2024-05-29 03:00:00,0.0,0.0,0.0,False,True,False,0,no_power,0.0,0.0,0.0,0.0,0.0,0.0,0.0,0.0
2024-05-29 04:00:00,0.0,0.0,0.0,False,True,False,0,no_power,0.0,0.0,0.0,0.0,0.0,0.0,0.0,0.0
2024-05-29 05:00:00,0.0,0.0,0.0,False,True,False,0,no_power,0.0,0.0,0.0,0.0,0.0,0.0,0.0,0.0
2024-05-29 06:00:00,0.573,0.55,74.0,True,True,False,0,no_power,0.0,0.0,0.0,0.0,0.0,0.0,0.0,0.0
2024-05-29 07:00:00,1.563,1.501,276.0,True,True,True,1,ok,1.263,0.0,1.263,0.0,0.238,0.0,0.0,0.0
2024-05-29 08:00:00,2.431,2.334,495.0,True,True,True,2,ok,1.263,0.0,1.263,0.0,1.071,0.0,0.0,0.0
2024-05-29 09:00:00,3.147,3.021,695.0,True,True,True,3,ok,1.263,0.0,1.263,0.0,1.758,0.0,0.0,0.0
2024-05-29 10:00:00,3.684,3.537,859.0,True,True,True,4,ok,1.263,0.0,1.263,0.0,2.274,0.0,0.0,0.0
2024-05-29 11:00:00,3.484,3.345,800.0,True,True,True,5,ok,1.263,0.0,1.263,0.0,2.082,0.0,0.0,0.0
2024-05-29 12:00:00,4.15,3.984,1011.0,True,True,True,6,ok,1.263,0.0,1.263,0.0,2.721,0.0,0.0,0.0
2024-05-29 13:00:00,4.072,3.909,987.0,True,True,False,6,cap_reached,0.0,0.0,0.0,0.0,3.909,0.0,0.0,0.0
2024-05-29 14:00:00,3.785,3.634,897.0,True,True,False,6,cap_reached,0.0,0.0,0.0,0.0,3.634,0.0,0.0,0.0
2024-05-29 15:00:00,1.984,1.905,430.0,True,True,False,6,cap_reached,0.0,0.0,0.0,0.0,1.905,0.0,0.0,0.0
2024-05-29 16:00:00,2.393,2.297,510.0,True,True,False,6,cap_reached,0.0,0.0,0.0,0.0,2.297,0.0,0.0,0.0
2024-05-29 17:00:00,1.524,1.463,302.0,True,True,False,6,cap_reached,0.0,0.0,0.0,0.0,1.463,0.0,0.0,0.0
2024-05-29 18:00:00,0.024,0.023,5.0,False,True,False,6,cap_reached,0.0,0.0,0.0,0.0,0.023,0.0,0.0,0.0
2024-05-29 19:00:00,0.0,0.0,0.0,False,True,False,6,cap_reached,0.0,0.0,0.0,0.0,0.0,0.0,0.0,0.0
2024-05-29 20:00:00,0.0,0.0,0.0,False,True,False,6,cap_reached,0.0,0.0,0.0,0.0,0.0,0.0,0.0,0.0
2024-05-29 21:00:00,0.0,0.0,0.0,False,True,False,6,cap_reached,0.0,0.0,0.0,0.0,0.0,0.0,0.0,0.0
2024-05-29 22:00:00,0.0,0.0,0.0,False,True,False,6,cap_reached,0.0,0.0,0.0,0.0,0.0,0.0,0.0,0.0
2024-05-29 23:00:00,0.0,0.0,0.0,False,True,False,6,cap_reached,0.0,0.0,0.0,0.0,0.0,0.0,0.0,0.0
2024-05-30 00:00:00,0.0,0.0,0.0,False,True,False,0,no_power,0.0,0.0,0.0,0.0,0.0,0.0,0.0,0.0
2024-05-30 01:00:00,0.0,0.0,0.0,False,True,False,0,no_power,0.0,0.0,0.0,0.0,0.0,0.0,0.0,0.0
2024-05-30 02:00:00,0.0,0.0,0.0,False,True,False,0,no_power,0.0,0.0,0.0,0.0,0.0,0.0,0.0,0.0
2024-05-30 03:00:00,0.0,0.0,0.0,False,True,False,0,no_power,0.0,0.0,0.0,0.0,0.0,0.0,0.0,0.0
2024-05-30 04:00:00,0.0,0.0,0.0,False,True,False,0,no_power,0.0,0.0,0.0,0.0,0.0,0.0,0.0,0.0
2024-05-30 05:00:00,0.0,0.0,0.0,False,True,False,0,no_power,0.0,0.0,0.0,0.0,0.0,0.0,0.0,0.0
2024-05-30 06:00:00,0.576,0.553,75.0,True,True,False,0,no_power,0.0,0.0,0.0,0.0,0.0,0.0,0.0,0.0
2024-05-30 07:00:00,1.578,1.515,278.0,True,True,True,1,ok,1.263,0.0,1.263,0.0,0.252,0.0,0.0,0.0
2024-05-30 08:00:00,2.45,2.352,499.0,True,True,True,2,ok,1.263,0.0,1.263,0.0,1.089,0.0,0.0,0.0
2024-05-30 09:00:00,3.168,3.041,701.0,True,True,True,3,ok,1.263,0.0,1.263,0.0,1.778,0.0,0.0,0.0
2024-05-30 10:00:00,3.708,3.56,865.0,True,True,True,4,ok,1.263,0.0,1.263,0.0,2.297,0.0,0.0,0.0
2024-05-30 11:00:00,4.046,3.885,972.0,True,True,True,5,ok,1.263,0.0,1.263,0.0,2.622,0.0,0.0,0.0
2024-05-30 12:00:00,2.455,2.357,539.0,True,True,True,6,ok,1.263,0.0,1.263,0.0,1.094,0.0,0.0,0.0
2024-05-30 13:00:00,3.254,3.124,748.0,True,True,False,6,cap_reached,0.0,0.0,0.0,0.0,3.124,0.0,0.0,0.0
2024-05-30 14:00:00,3.82,3.667,903.0,True,True,False,6,cap_reached,0.0,0.0,0.0,0.0,3.667,0.0,0.0,0.0
2024-05-30 15:00:00,3.344,3.21,757.0,True,True,False,6,cap_reached,0.0,0.0,0.0,0.0,3.21,0.0,0.0,0.0
2024-05-30 16:00:00,2.69,2.582,568.0,True,True,False,6,cap_reached,0.0,0.0,0.0,0.0,2.582,0.0,0.0,0.0
2024-05-30 17:00:00,1.875,1.8,352.0,True,True,False,6,cap_reached,0.0,0.0,0.0,0.0,1.8,0.0,0.0,0.0
2024-05-30 18:00:00,0.928,0.891,138.0,True,True,False,6,cap_reached,0.0,0.0,0.0,0.0,0.891,0.0,0.0,0.0
2024-05-30 19:00:00,0.0,0.0,0.0,False,True,False,6,cap_reached,0.0,0.0,0.0,0.0,0.0,0.0,0.0,0.0
2024-05-30 20:00:00,0.0,0.0,0.0,False,True,False,6,cap_reached,0.0,0.0,0.0,0.0,0.0,0.0,0.0,0.0
2024-05-30 21:00:00,0.0,0.0,0.0,False,True,False,6,cap_reached,0.0,0.0,0.0,0.0,0.0,0.0,0.0,0.0
2024-05-30 22:00:00,0.0,0.0,0.0,False,True,False,6,cap_reached,0.0,0.0,0.0,0.0,0.0,0.0,0.0,0.0
2024-05-30 23:00:00,0.0,0.0,0.0,False,True,False,6,cap_reached,0.0,0.0,0.0,0.0,0.0,0.0,0.0,0.0
2024-05-31 00:00:00,0.0,0.0,0.0,False,True,False,0,no_power,0.0,0.0,0.0,0.0,0.0,0.0,0.0,0.0
2024-05-31 01:00:00,0.0,0.0,0.0,False,True,False,0,no_power,0.0,0.0,0.0,0.0,0.0,0.0,0.0,0.0
2024-05-31 02:00:00,0.0,0.0,0.0,False,True,False,0,no_power,0.0,0.0,0.0,0.0,0.0,0.0,0.0,0.0
2024-05-31 03:00:00,0.0,0.0,0.0,False,True,False,0,no_power,0.0,0.0,0.0,0.0,0.0,0.0,0.0,0.0
2024-05-31 04:00:00,0.0,0.0,0.0,False,True,False,0,no_power,0.0,0.0,0.0,0.0,0.0,0.0,0.0,0.0
2024-05-31 05:00:00,0.0,0.0,0.0,False,True,False,0,no_power,0.0,0.0,0.0,0.0,0.0,0.0,0.0,0.0
2024-05-31 06:00:00,0.576,0.553,76.0,True,True,False,0,no_power,0.0,0.0,0.0,0.0,0.0,0.0,0.0,0.0
2024-05-31 07:00:00,1.591,1.527,280.0,True,True,True,1,ok,1.263,0.0,1.263,0.0,0.264,0.0,0.0,0.0
2024-05-31 08:00:00,2.481,2.382,503.0,True,True,True,2,ok,1.263,0.0,1.263,0.0,1.119,0.0,0.0,0.0
2024-05-31 09:00:00,3.21,3.082,707.0,True,True,True,3,ok,1.263,0.0,1.263,0.0,1.819,0.0,0.0,0.0
2024-05-31 10:00:00,3.751,3.601,869.0,True,True,True,4,ok,1.263,0.0,1.263,0.0,2.338,0.0,0.0,0.0
2024-05-31 11:00:00,4.09,3.926,976.0,True,True,True,5,ok,1.263,0.0,1.263,0.0,2.663,0.0,0.0,0.0
2024-05-31 12:00:00,4.224,4.055,1020.0,True,True,True,6,ok,1.263,0.0,1.263,0.0,2.792,0.0,0.0,0.0
2024-05-31 13:00:00,4.148,3.982,996.0,True,True,False,6,cap_reached,0.0,0.0,0.0,0.0,3.982,0.0,0.0,0.0
2024-05-31 14:00:00,3.854,3.7,905.0,True,True,False,6,cap_reached,0.0,0.0,0.0,0.0,3.7,0.0,0.0,0.0
2024-05-31 15:00:00,3.369,3.234,757.0,True,True,False,6,cap_reached,0.0,0.0,0.0,0.0,3.234,0.0,0.0,0.0
2024-05-31 16:00:00,2.694,2.586,565.0,True,True,False,6,cap_reached,0.0,0.0,0.0,0.0,2.586,0.0,0.0,0.0
2024-05-31 17:00:00,1.856,1.781,348.0,True,True,False,6,cap_reached,0.0,0.0,0.0,0.0,1.781,0.0,0.0,0.0
2024-05-31 18:00:00,0.873,0.838,133.0,True,True,False,6,cap_reached,0.0,0.0,0.0,0.0,0.838,0.0,0.0,0.0
2024-05-31 19:00:00,0.0,0.0,0.0,False,True,False,6,cap_reached,0.0,0.0,0.0,0.0,0.0,0.0,0.0,0.0
2024-05-31 20:00:00,0.0,0.0,0.0,False,True,False,6,cap_reached,0.0,0.0,0.0,0.0,0.0,0.0,0.0,0.0
2024-05-31 21:00:00,0.0,0.0,0.0,False,True,False,6,cap_reached,0.0,0.0,0.0,0.0,0.0,0.0,0.0,0.0
2024-05-31 22:00:00,0.0,0.0,0.0,False,True,False,6,cap_reached,0.0,0.0,0.0,0.0,0.0,0.0,0.0,0.0
2024-05-31 23:00:00,0.0,0.0,0.0,False,True,False,6,cap_reached,0.0,0.0,0.0,0.0,0.0,0.0,0.0,0.0
2024-06-01 00:00:00,0.0,0.0,0.0,False,True,False,0,no_power,0.0,0.0,0.0,0.0,0.0,0.0,0.0,0.0
2024-06-01 01:00:00,0.0,0.0,0.0,False,True,False,0,no_power,0.0,0.0,0.0,0.0,0.0,0.0,0.0,0.0
2024-06-01 02:00:00,0.0,0.0,0.0,False,True,False,0,no_power,0.0,0.0,0.0,0.0,0.0,0.0,0.0,0.0
2024-06-01 03:00:00,0.0,0.0,0.0,False,True,False,0,no_power,0.0,0.0,0.0,0.0,0.0,0.0,0.0,0.0
2024-06-01 04:00:00,0.0,0.0,0.0,False,True,False,0,no_power,0.0,0.0,0.0,0.0,0.0,0.0,0.0,0.0
2024-06-01 05:00:00,0.0,0.0,0.0,False,True,False,0,no_power,0.0,0.0,0.0,0.0,0.0,0.0,0.0,0.0
2024-06-01 06:00:00,0.541,0.519,73.0,True,True,False,0,no_power,0.0,0.0,0.0,0.0,0.0,0.0,0.0,0.0
2024-06-01 07:00:00,1.575,1.512,277.0,True,True,True,1,ok,1.263,0.0,1.263,0.0,0.249,0.0,0.0,0.0
2024-06-01 08:00:00,2.47,2.371,499.0,True,True,True,2,ok,1.263,0.0,1.263,0.0,1.108,0.0,0.0,0.0
2024-06-01 09:00:00,3.193,3.065,702.0,True,True,True,3,ok,1.263,0.0,1.263,0.0,1.802,0.0,0.0,0.0
2024-06-01 10:00:00,3.736,3.587,864.0,True,True,True,4,ok,1.263,0.0,1.263,0.0,2.324,0.0,0.0,0.0
2024-06-01 11:00:00,4.076,3.913,971.0,True,True,True,5,ok,1.263,0.0,1.263,0.0,2.65,0.0,0.0,0.0
2024-06-01 12:00:00,4.205,4.037,1014.0,True,True,True,6,ok,1.263,0.0,1.263,0.0,2.774,0.0,0.0,0.0
2024-06-01 13:00:00,4.126,3.961,988.0,True,True,False,6,cap_reached,0.0,0.0,0.0,0.0,3.961,0.0,0.0,0.0
2024-06-01 14:00:00,3.843,3.689,899.0,True,True,False,6,cap_reached,0.0,0.0,0.0,0.0,3.689,0.0,0.0,0.0
2024-06-01 15:00:00,3.35,3.216,751.0,True,True,False,6,cap_reached,0.0,0.0,0.0,0.0,3.216,0.0,0.0,0.0
2024-06-01 16:00:00,1.497,1.437,314.0,True,True,False,6,cap_reached,0.0,0.0,0.0,0.0,1.437,0.0,0.0,0.0
2024-06-01 17:00:00,0.472,0.453,97.0,True,True,False,6,cap_reached,0.0,0.0,0.0,0.0,0.453,0.0,0.0,0.0
2024-06-01 18:00:00,0.87,0.835,133.0,True,True,False,6,cap_reached,0.0,0.0,0.0,0.0,0.835,0.0,0.0,0.0
2024-06-01 19:00:00,0.0,0.0,0.0,False,True,False,6,cap_reached,0.0,0.0,0.0,0.0,0.0,0.0,0.0,0.0
2024-06-01 20:00:00,0.0,0.0,0.0,False,True,False,6,cap_reached,0.0,0.0,0.0,0.0,0.0,0.0,0.0,0.0
2024-06-01 21:00:00,0.0,0.0,0.0,False,True,False,6,cap_reached,0.0,0.0,0.0,0.0,0.0,0.0,0.0,0.0
2024-06-01 22:00:00,0.0,0.0,0.0,False,True,False,6,cap_reached,0.0,0.0,0.0,0.0,0.0,0.0,0.0,0.0
2024-06-01 23:00:00,0.0,0.0,0.0,False,True,False,6,cap_reached,0.0,0.0,0.0,0.0,0.0,0.0,0.0,0.0
2024-06-02 00:00:00,0.0,0.0,0.0,False,True,False,0,no_power,0.0,0.0,0.0,0.0,0.0,0.0,0.0,0.0
2024-06-02 01:00:00,0.0,0.0,0.0,False,True,False,0,no_power,0.0,0.0,0.0,0.0,0.0,0.0,0.0,0.0
2024-06-02 02:00:00,0.0,0.0,0.0,False,True,False,0,no_power,0.0,0.0,0.0,0.0,0.0,0.0,0.0,0.0
2024-06-02 03:00:00,0.0,0.0,0.0,False,True,False,0,no_power,0.0,0.0,0.0,0.0,0.0,0.0,0.0,0.0
2024-06-02 04:00:00,0.0,0.0,0.0,False,True,False,0,no_power,0.0,0.0,0.0,0.0,0.0,0.0,0.0,0.0
2024-06-02 05:00:00,0.0,0.0,0.0,False,True,False,0,no_power,0.0,0.0,0.0,0.0,0.0,0.0,0.0,0.0
2024-06-02 06:00:00,0.015,0.014,3.0,False,True,False,0,no_power,0.0,0.0,0.0,0.0,0.0,0.0,0.0,0.0
2024-06-02 07:00:00,0.049,0.047,10.0,False,True,False,0,no_power,0.0,0.0,0.0,0.0,0.0,0.0,0.0,0.0
2024-06-02 08:00:00,2.459,2.361,497.0,True,True,True,1,ok,1.263,0.0,1.263,0.0,1.098,0.0,0.0,0.0
2024-06-02 09:00:00,1.758,1.688,371.0,True,True,True,2,ok,1.263,0.0,1.263,0.0,0.425,0.0,0.0,0.0
2024-06-02 10:00:00,3.712,3.564,855.0,True,True,True,3,ok,1.263,0.0,1.263,0.0,2.301,0.0,0.0,0.0
2024-06-02 11:00:00,4.052,3.89,963.0,True,True,True,4,ok,1.263,0.0,1.263,0.0,2.627,0.0,0.0,0.0
2024-06-02 12:00:00,2.853,2.739,632.0,True,True,True,5,ok,1.263,0.0,1.263,0.0,1.476,0.0,0.0,0.0
2024-06-02 13:00:00,2.019,1.938,432.0,True,True,True,6,ok,1.263,0.0,1.263,0.0,0.675,0.0,0.0,0.0
2024-06-02 14:00:00,1.72,1.651,365.0,True,True,False,6,cap_reached,0.0,0.0,0.0,0.0,1.651,0.0,0.0,0.0
2024-06-02 15:00:00,1.079,1.035,226.0,True,True,False,6,cap_reached,0.0,0.0,0.0,0.0,1.035,0.0,0.0,0.0
2024-06-02 16:00:00,0.778,0.747,161.0,True,True,False,6,cap_reached,0.0,0.0,0.0,0.0,0.747,0.0,0.0,0.0
2024-06-02 17:00:00,1.194,1.146,239.0,True,True,False,6,cap_reached,0.0,0.0,0.0,0.0,1.146,0.0,0.0,0.0
2024-06-02 18:00:00,0.157,0.151,32.0,True,True,False,6,cap_reached,0.0,0.0,0.0,0.0,0.151,0.0,0.0,0.0
2024-06-02 19:00:00,0.0,0.0,0.0,False,True,False,6,cap_reached,0.0,0.0,0.0,0.0,0.0,0.0,0.0,0.0
2024-06-02 20:00:00,0.0,0.0,0.0,False,True,False,6,cap_reached,0.0,0.0,0.0,0.0,0.0,0.0,0.0,0.0
2024-06-02 21:00:00,0.0,0.0,0.0,False,True,False,6,cap_reached,0.0,0.0,0.0,0.0,0.0,0.0,0.0,0.0
2024-06-02 22:00:00,0.0,0.0,0.0,False,True,False,6,cap_reached,0.0,0.0,0.0,0.0,0.0,0.0,0.0,0.0
2024-06-02 23:00:00,0.0,0.0,0.0,False,True,False,6,cap_reached,0.0,0.0,0.0,0.0,0.0,0.0,0.0,0.0
2024-06-03 00:00:00,0.0,0.0,0.0,False,True,False,0,no_power,0.0,0.0,0.0,0.0,0.0,0.0,0.0,0.0
2024-06-03 01:00:00,0.0,0.0,0.0,False,True,False,0,no_power,0.0,0.0,0.0,0.0,0.0,0.0,0.0,0.0
2024-06-03 02:00:00,0.0,0.0,0.0,False,True,False,0,no_power,0.0,0.0,0.0,0.0,0.0,0.0,0.0,0.0
2024-06-03 03:00:00,0.0,0.0,0.0,False,True,False,0,no_power,0.0,0.0,0.0,0.0,0.0,0.0,0.0,0.0
2024-06-03 04:00:00,0.0,0.0,0.0,False,True,False,0,no_power,0.0,0.0,0.0,0.0,0.0,0.0,0.0,0.0
2024-06-03 05:00:00,0.0,0.0,0.0,False,True,False,0,no_power,0.0,0.0,0.0,0.0,0.0,0.0,0.0,0.0
2024-06-03 06:00:00,0.561,0.539,74.0,True,True,False,0,no_power,0.0,0.0,0.0,0.0,0.0,0.0,0.0,0.0
2024-06-03 07:00:00,1.049,1.007,208.0,True,True,False,0,no_power,0.0,0.0,0.0,0.0,0.0,0.0,0.0,0.0
2024-06-03 08:00:00,2.449,2.351,492.0,True,True,True,1,ok,1.263,0.0,1.263,0.0,1.088,0.0,0.0,0.0
2024-06-03 09:00:00,3.166,3.039,691.0,True,True,True,2,ok,1.263,0.0,1.263,0.0,1.776,0.0,0.0,0.0
2024-06-03 10:00:00,3.701,3.553,850.0,True,True,True,3,ok,1.263,0.0,1.263,0.0,2.29,0.0,0.0,0.0
2024-06-03 11:00:00,4.044,3.882,957.0,True,True,True,4,ok,1.263,0.0,1.263,0.0,2.619,0.0,0.0,0.0
2024-06-03 12:00:00,3.4,3.264,781.0,True,True,True,5,ok,1.263,0.0,1.263,0.0,2.001,0.0,0.0,0.0
2024-06-03 13:00:00,2.494,2.394,544.0,True,True,True,6,ok,1.263,0.0,1.263,0.0,1.131,0.0,0.0,0.0
2024-06-03 14:00:00,3.143,3.018,711.0,True,True,False,6,cap_reached,0.0,0.0,0.0,0.0,3.018,0.0,0.0,0.0
2024-06-03 15:00:00,2.647,2.541,577.0,True,True,False,6,cap_reached,0.0,0.0,0.0,0.0,2.541,0.0,0.0,0.0
2024-06-03 16:00:00,2.712,2.603,565.0,True,True,False,6,cap_reached,0.0,0.0,0.0,0.0,2.603,0.0,0.0,0.0
2024-06-03 17:00:00,1.906,1.83,353.0,True,True,False,6,cap_reached,0.0,0.0,0.0,0.0,1.83,0.0,0.0,0.0
2024-06-03 18:00:00,0.956,0.918,140.0,True,True,False,6,cap_reached,0.0,0.0,0.0,0.0,0.918,0.0,0.0,0.0
2024-06-03 19:00:00,0.0,0.0,0.0,False,True,False,6,cap_reached,0.0,0.0,0.0,0.0,0.0,0.0,0.0,0.0
2024-06-03 20:00:00,0.0,0.0,0.0,False,True,False,6,cap_reached,0.0,0.0,0.0,0.0,0.0,0.0,0.0,0.0
2024-06-03 21:00:00,0.0,0.0,0.0,False,True,False,6,cap_reached,0.0,0.0,0.0,0.0,0.0,0.0,0.0,0.0
2024-06-03 22:00:00,0.0,0.0,0.0,False,True,False,6,cap_reached,0.0,0.0,0.0,0.0,0.0,0.0,0.0,0.0
2024-06-03 23:00:00,0.0,0.0,0.0,False,True,False,6,cap_reached,0.0,0.0,0.0,0.0,0.0,0.0,0.0,0.0
2024-06-04 00:00:00,0.0,0.0,0.0,False,True,False,0,no_power,0.0,0.0,0.0,0.0,0.0,0.0,0.0,0.0
2024-06-04 01:00:00,0.0,0.0,0.0,False,True,False,0,no_power,0.0,0.0,0.0,0.0,0.0,0.0,0.0,0.0
2024-06-04 02:00:00,0.0,0.0,0.0,False,True,False,0,no_power,0.0,0.0,0.0,0.0,0.0,0.0,0.0,0.0
2024-06-04 03:00:00,0.0,0.0,0.0,False,True,False,0,no_power,0.0,0.0,0.0,0.0,0.0,0.0,0.0,0.0
2024-06-04 04:00:00,0.0,0.0,0.0,False,True,False,0,no_power,0.0,0.0,0.0,0.0,0.0,0.0,0.0,0.0
2024-06-04 05:00:00,0.0,0.0,0.0,False,True,False,0,no_power,0.0,0.0,0.0,0.0,0.0,0.0,0.0,0.0
2024-06-04 06:00:00,0.253,0.243,51.0,True,True,False,0,no_power,0.0,0.0,0.0,0.0,0.0,0.0,0.0,0.0
2024-06-04 07:00:00,1.582,1.519,275.0,True,True,True,1,ok,1.263,0.0,1.263,0.0,0.256,0.0,0.0,0.0
2024-06-04 08:00:00,2.441,2.344,491.0,True,True,True,2,ok,1.263,0.0,1.263,0.0,1.081,0.0,0.0,0.0
2024-06-04 09:00:00,3.153,3.027,689.0,True,True,True,3,ok,1.263,0.0,1.263,0.0,1.764,0.0,0.0,0.0
2024-06-04 10:00:00,3.702,3.554,853.0,True,True,True,4,ok,1.263,0.0,1.263,0.0,2.291,0.0,0.0,0.0
2024-06-04 11:00:00,4.045,3.883,961.0,True,True,True,5,ok,1.263,0.0,1.263,0.0,2.62,0.0,0.0,0.0
2024-06-04 12:00:00,3.39,3.254,769.0,True,True,True,6,ok,1.263,0.0,1.263,0.0,1.991,0.0,0.0,0.0
2024-06-04 13:00:00,3.37,3.236,777.0,True,True,False,6,cap_reached,0.0,0.0,0.0,0.0,3.236,0.0,0.0,0.0
2024-06-04 14:00:00,2.018,1.937,434.0,True,True,False,6,cap_reached,0.0,0.0,0.0,0.0,1.937,0.0,0.0,0.0
2024-06-04 15:00:00,2.467,2.368,536.0,True,True,False,6,cap_reached,0.0,0.0,0.0,0.0,2.368,0.0,0.0,0.0
2024-06-04 16:00:00,2.725,2.616,570.0,True,True,False,6,cap_reached,0.0,0.0,0.0,0.0,2.616,0.0,0.0,0.0
2024-06-04 17:00:00,1.919,1.842,356.0,True,True,False,6,cap_reached,0.0,0.0,0.0,0.0,1.842,0.0,0.0,0.0
2024-06-04 18:00:00,0.362,0.348,75.0,True,True,False,6,cap_reached,0.0,0.0,0.0,0.0,0.348,0.0,0.0,0.0
2024-06-04 19:00:00,0.0,0.0,0.0,False,True,False,6,cap_reached,0.0,0.0,0.0,0.0,0.0,0.0,0.0,0.0
2024-06-04 20:00:00,0.0,0.0,0.0,False,True,False,6,cap_reached,0.0,0.0,0.0,0.0,0.0,0.0,0.0,0.0
2024-06-04 21:00:00,0.0,0.0,0.0,False,True,False,6,cap_reached,0.0,0.0,0.0,0.0,0.0,0.0,0.0,0.0
2024-06-04 22:00:00,0.0,0.0,0.0,False,True,False,6,cap_reached,0.0,0.0,0.0,0.0,0.0,0.0,0.0,0.0
2024-06-04 23:00:00,0.0,0.0,0.0,False,True,False,6,cap_reached,0.0,0.0,0.0,0.0,0.0,0.0,0.0,0.0
2024-06-05 00:00:00,0.0,0.0,0.0,False,True,False,0,no_power,0.0,0.0,0.0,0.0,0.0,0.0,0.0,0.0
2024-06-05 01:00:00,0.0,0.0,0.0,False,True,False,0,no_power,0.0,0.0,0.0,0.0,0.0,0.0,0.0,0.0
2024-06-05 02:00:00,0.0,0.0,0.0,False,True,False,0,no_power,0.0,0.0,0.0,0.0,0.0,0.0,0.0,0.0
2024-06-05 03:00:00,0.0,0.0,0.0,False,True,False,0,no_power,0.0,0.0,0.0,0.0,0.0,0.0,0.0,0.0
2024-06-05 04:00:00,0.0,0.0,0.0,False,True,False,0,no_power,0.0,0.0,0.0,0.0,0.0,0.0,0.0,0.0
2024-06-05 05:00:00,0.0,0.0,0.0,False,True,False,0,no_power,0.0,0.0,0.0,0.0,0.0,0.0,0.0,0.0
2024-06-05 06:00:00,0.576,0.553,74.0,True,True,False,0,no_power,0.0,0.0,0.0,0.0,0.0,0.0,0.0,0.0
2024-06-05 07:00:00,1.576,1.513,274.0,True,True,True,1,ok,1.263,0.0,1.263,0.0,0.25,0.0,0.0,0.0
2024-06-05 08:00:00,1.123,1.078,233.0,True,True,False,1,no_power,0.0,0.0,0.0,0.0,0.0,0.0,0.0,0.0
2024-06-05 09:00:00,2.001,1.921,427.0,True,True,True,2,ok,1.263,0.0,1.263,0.0,0.658,0.0,0.0,0.0
2024-06-05 10:00:00,3.657,3.51,843.0,True,True,True,3,ok,1.263,0.0,1.263,0.0,2.247,0.0,0.0,0.0
2024-06-05 11:00:00,3.995,3.835,949.0,True,True,True,4,ok,1.263,0.0,1.263,0.0,2.572,0.0,0.0,0.0
2024-06-05 12:00:00,3.407,3.271,791.0,True,True,True,5,ok,1.263,0.0,1.263,0.0,2.008,0.0,0.0,0.0
2024-06-05 13:00:00,2.346,2.252,514.0,True,True,True,6,ok,1.263,0.0,1.263,0.0,0.989,0.0,0.0,0.0
2024-06-05 14:00:00,3.113,2.989,697.0,True,True,False,6,cap_reached,0.0,0.0,0.0,0.0,2.989,0.0,0.0,0.0
2024-06-05 15:00:00,2.03,1.949,436.0,True,True,False,6,cap_reached,0.0,0.0,0.0,0.0,1.949,0.0,0.0,0.0
2024-06-05 16:00:00,1.164,1.117,244.0,True,True,False,6,cap_reached,0.0,0.0,0.0,0.0,1.117,0.0,0.0,0.0
2024-06-05 17:00:00,0.034,0.033,7.0,False,True,False,6,cap_reached,0.0,0.0,0.0,0.0,0.033,0.0,0.0,0.0
2024-06-05 18:00:00,0.186,0.179,38.0,True,True,False,6,cap_reached,0.0,0.0,0.0,0.0,0.179,0.0,0.0,0.0
2024-06-05 19:00:00,0.0,0.0,0.0,False,True,False,6,cap_reached,0.0,0.0,0.0,0.0,0.0,0.0,0.0,0.0
2024-06-05 20:00:00,0.0,0.0,0.0,False,True,False,6,cap_reached,0.0,0.0,0.0,0.0,0.0,0.0,0.0,0.0
2024-06-05 21:00:00,0.0,0.0,0.0,False,True,False,6,cap_reached,0.0,0.0,0.0,0.0,0.0,0.0,0.0,0.0
2024-06-05 22:00:00,0.0,0.0,0.0,False,True,False,6,cap_reached,0.0,0.0,0.0,0.0,0.0,0.0,0.0,0.0
2024-06-05 23:00:00,0.0,0.0,0.0,False,True,False,6,cap_reached,0.0,0.0,0.0,0.0,0.0,0.0,0.0,0.0
2024-06-06 00:00:00,0.0,0.0,0.0,False,True,False,0,no_power,0.0,0.0,0.0,0.0,0.0,0.0,0.0,0.0
2024-06-06 01:00:00,0.0,0.0,0.0,False,True,False,0,no_power,0.0,0.0,0.0,0.0,0.0,0.0,0.0,0.0
2024-06-06 02:00:00,0.0,0.0,0.0,False,True,False,0,no_power,0.0,0.0,0.0,0.0,0.0,0.0,0.0,0.0
2024-06-06 03:00:00,0.0,0.0,0.0,False,True,False,0,no_power,0.0,0.0,0.0,0.0,0.0,0.0,0.0,0.0
2024-06-06 04:00:00,0.0,0.0,0.0,False,True,False,0,no_power,0.0,0.0,0.0,0.0,0.0,0.0,0.0,0.0
2024-06-06 05:00:00,0.0,0.0,0.0,False,True,False,0,no_power,0.0,0.0,0.0,0.0,0.0,0.0,0.0,0.0
2024-06-06 06:00:00,0.329,0.316,63.0,True,True,False,0,no_power,0.0,0.0,0.0,0.0,0.0,0.0,0.0,0.0
2024-06-06 07:00:00,0.952,0.914,188.0,True,True,False,0,no_power,0.0,0.0,0.0,0.0,0.0,0.0,0.0,0.0
2024-06-06 08:00:00,2.443,2.345,491.0,True,True,True,1,ok,1.263,0.0,1.263,0.0,1.082,0.0,0.0,0.0
2024-06-06 09:00:00,3.153,3.027,689.0,True,True,True,2,ok,1.263,0.0,1.263,0.0,1.764,0.0,0.0,0.0
2024-06-06 10:00:00,3.386,3.25,765.0,True,True,True,3,ok,1.263,0.0,1.263,0.0,1.987,0.0,0.0,0.0
2024-06-06 11:00:00,2.916,2.8,648.0,True,True,True,4,ok,1.263,0.0,1.263,0.0,1.537,0.0,0.0,0.0
2024-06-06 12:00:00,1.963,1.884,419.0,True,True,True,5,ok,1.263,0.0,1.263,0.0,0.621,0.0,0.0,0.0
2024-06-06 13:00:00,1.433,1.376,302.0,True,True,True,6,ok,1.263,0.0,1.263,0.0,0.113,0.0,0.0,0.0
2024-06-06 14:00:00,2.179,2.092,472.0,True,True,False,6,cap_reached,0.0,0.0,0.0,0.0,2.092,0.0,0.0,0.0
2024-06-06 15:00:00,1.852,1.778,396.0,True,True,False,6,cap_reached,0.0,0.0,0.0,0.0,1.778,0.0,0.0,0.0
2024-06-06 16:00:00,1.35,1.296,283.0,True,True,False,6,cap_reached,0.0,0.0,0.0,0.0,1.296,0.0,0.0,0.0
2024-06-06 17:00:00,1.734,1.665,331.0,True,True,False,6,cap_reached,0.0,0.0,0.0,0.0,1.665,0.0,0.0,0.0
2024-06-06 18:00:00,0.223,0.214,45.0,True,True,False,6,cap_reached,0.0,0.0,0.0,0.0,0.214,0.0,0.0,0.0
2024-06-06 19:00:00,0.0,0.0,0.0,False,True,False,6,cap_reached,0.0,0.0,0.0,0.0,0.0,0.0,0.0,0.0
2024-06-06 20:00:00,0.0,0.0,0.0,False,True,False,6,cap_reached,0.0,0.0,0.0,0.0,0.0,0.0,0.0,0.0
2024-06-06 21:00:00,0.0,0.0,0.0,False,True,False,6,cap_reached,0.0,0.0,0.0,0.0,0.0,0.0,0.0,0.0
2024-06-06 22:00:00,0.0,0.0,0.0,False,True,False,6,cap_reached,0.0,0.0,0.0,0.0,0.0,0.0,0.0,0.0
2024-06-06 23:00:00,0.0,0.0,0.0,False,True,False,6,cap_reached,0.0,0.0,0.0,0.0,0.0,0.0,0.0,0.0
2024-06-07 00:00:00,0.0,0.0,0.0,False,True,False,0,no_power,0.0,0.0,0.0,0.0,0.0,0.0,0.0,0.0
2024-06-07 01:00:00,0.0,0.0,0.0,False,True,False,0,no_power,0.0,0.0,0.0,0.0,0.0,0.0,0.0,0.0
2024-06-07 02:00:00,0.0,0.0,0.0,False,True,False,0,no_power,0.0,0.0,0.0,0.0,0.0,0.0,0.0,0.0
2024-06-07 03:00:00,0.0,0.0,0.0,False,True,False,0,no_power,0.0,0.0,0.0,0.0,0.0,0.0,0.0,0.0
2024-06-07 04:00:00,0.0,0.0,0.0,False,True,False,0,no_power,0.0,0.0,0.0,0.0,0.0,0.0,0.0,0.0
2024-06-07 05:00:00,0.0,0.0,0.0,False,True,False,0,no_power,0.0,0.0,0.0,0.0,0.0,0.0,0.0,0.0
2024-06-07 06:00:00,0.558,0.536,73.0,True,True,False,0,no_power,0.0,0.0,0.0,0.0,0.0,0.0,0.0,0.0
2024-06-07 07:00:00,1.545,1.484,270.0,True,True,True,1,ok,1.263,0.0,1.263,0.0,0.221,0.0,0.0,0.0
2024-06-07 08:00:00,2.115,2.031,428.0,True,True,True,2,ok,1.263,0.0,1.263,0.0,0.768,0.0,0.0,0.0
2024-06-07 09:00:00,3.117,2.992,681.0,True,True,True,3,ok,1.263,0.0,1.263,0.0,1.729,0.0,0.0,0.0
2024-06-07 10:00:00,3.661,3.515,842.0,True,True,True,4,ok,1.263,0.0,1.263,0.0,2.252,0.0,0.0,0.0
2024-06-07 11:00:00,3.139,3.014,704.0,True,True,True,5,ok,1.263,0.0,1.263,0.0,1.751,0.0,0.0,0.0
2024-06-07 12:00:00,1.752,1.682,373.0,True,True,True,6,ok,1.263,0.0,1.263,0.0,0.419,0.0,0.0,0.0
2024-06-07 13:00:00,2.865,2.75,641.0,True,True,False,6,cap_reached,0.0,0.0,0.0,0.0,2.75,0.0,0.0,0.0
2024-06-07 14:00:00,3.811,3.658,890.0,True,True,False,6,cap_reached,0.0,0.0,0.0,0.0,3.658,0.0,0.0,0.0
2024-06-07 15:00:00,3.339,3.205,748.0,True,True,False,6,cap_reached,0.0,0.0,0.0,0.0,3.205,0.0,0.0,0.0
2024-06-07 16:00:00,2.691,2.584,563.0,True,True,False,6,cap_reached,0.0,0.0,0.0,0.0,2.584,0.0,0.0,0.0
2024-06-07 17:00:00,1.888,1.812,352.0,True,True,False,6,cap_reached,0.0,0.0,0.0,0.0,1.812,0.0,0.0,0.0
2024-06-07 18:00:00,0.946,0.908,142.0,True,True,False,6,cap_reached,0.0,0.0,0.0,0.0,0.908,0.0,0.0,0.0
2024-06-07 19:00:00,0.0,0.0,0.0,False,True,False,6,cap_reached,0.0,0.0,0.0,0.0,0.0,0.0,0.0,0.0
2024-06-07 20:00:00,0.0,0.0,0.0,False,True,False,6,cap_reached,0.0,0.0,0.0,0.0,0.0,0.0,0.0,0.0
2024-06-07 21:00:00,0.0,0.0,0.0,False,True,False,6,cap_reached,0.0,0.0,0.0,0.0,0.0,0.0,0.0,0.0
2024-06-07 22:00:00,0.0,0.0,0.0,False,True,False,6,cap_reached,0.0,0.0,0.0,0.0,0.0,0.0,0.0,0.0
2024-06-07 23:00:00,0.0,0.0,0.0,False,True,False,6,cap_reached,0.0,0.0,0.0,0.0,0.0,0.0,0.0,0.0
2024-06-08 00:00:00,0.0,0.0,0.0,False,True,False,0,no_power,0.0,0.0,0.0,0.0,0.0,0.0,0.0,0.0
2024-06-08 01:00:00,0.0,0.0,0.0,False,True,False,0,no_power,0.0,0.0,0.0,0.0,0.0,0.0,0.0,0.0
2024-06-08 02:00:00,0.0,0.0,0.0,False,True,False,0,no_power,0.0,0.0,0.0,0.0,0.0,0.0,0.0,0.0
2024-06-08 03:00:00,0.0,0.0,0.0,False,True,False,0,no_power,0.0,0.0,0.0,0.0,0.0,0.0,0.0,0.0
2024-06-08 04:00:00,0.0,0.0,0.0,False,True,False,0,no_power,0.0,0.0,0.0,0.0,0.0,0.0,0.0,0.0
2024-06-08 05:00:00,0.0,0.0,0.0,False,True,False,0,no_power,0.0,0.0,0.0,0.0,0.0,0.0,0.0,0.0
2024-06-08 06:00:00,0.179,0.172,36.0,True,True,False,0,no_power,0.0,0.0,0.0,0.0,0.0,0.0,0.0,0.0
2024-06-08 07:00:00,0.542,0.52,111.0,True,True,False,0,no_power,0.0,0.0,0.0,0.0,0.0,0.0,0.0,0.0
2024-06-08 08:00:00,1.318,1.265,272.0,True,True,True,1,ok,1.263,0.0,1.263,0.0,0.002,0.0,0.0,0.0
2024-06-08 09:00:00,0.557,0.535,114.0,True,True,False,1,no_power,0.0,0.0,0.0,0.0,0.0,0.0,0.0,0.0
2024-06-08 10:00:00,1.904,1.828,407.0,True,True,True,2,ok,1.263,0.0,1.263,0.0,0.565,0.0,0.0,0.0
2024-06-08 11:00:00,3.57,3.427,825.0,True,True,True,3,ok,1.263,0.0,1.263,0.0,2.164,0.0,0.0,0.0
2024-06-08 12:00:00,3.435,3.298,794.0,True,True,True,4,ok,1.263,0.0,1.263,0.0,2.035,0.0,0.0,0.0
2024-06-08 13:00:00,1.372,1.317,289.0,True,True,True,5,ok,1.263,0.0,1.263,0.0,0.054,0.0,0.0,0.0
2024-06-08 14:00:00,1.015,0.974,212.0,True,True,False,5,no_power,0.0,0.0,0.0,0.0,0.0,0.0,0.0,0.0
2024-06-08 15:00:00,0.229,0.22,47.0,True,True,False,5,no_power,0.0,0.0,0.0,0.0,0.0,0.0,0.0,0.0
2024-06-08 16:00:00,0.064,0.061,13.0,False,True,False,5,no_power,0.0,0.0,0.0,0.0,0.0,0.0,0.0,0.0
2024-06-08 17:00:00,0.137,0.132,28.0,True,True,False,5,no_power,0.0,0.0,0.0,0.0,0.0,0.0,0.0,0.0
2024-06-08 18:00:00,0.324,0.311,66.0,True,True,False,5,no_power,0.0,0.0,0.0,0.0,0.0,0.0,0.0,0.0
2024-06-08 19:00:00,0.0,0.0,0.0,False,True,False,5,no_power,0.0,0.0,0.0,0.0,0.0,0.0,0.0,0.0
2024-06-08 20:00:00,0.0,0.0,0.0,False,True,False,5,no_power,0.0,0.0,0.0,0.0,0.0,0.0,0.0,0.0
2024-06-08 21:00:00,0.0,0.0,0.0,False,True,False,5,no_power,0.0,0.0,0.0,0.0,0.0,0.0,0.0,0.0
2024-06-08 22:00:00,0.0,0.0,0.0,False,True,False,5,no_power,0.0,0.0,0.0,0.0,0.0,0.0,0.0,0.0
2024-06-08 23:00:00,0.0,0.0,0.0,False,True,False,5,no_power,0.0,0.0,0.0,0.0,0.0,0.0,0.0,0.0
2024-06-09 00:00:00,0.0,0.0,0.0,False,True,False,0,no_power,0.0,0.0,0.0,0.0,0.0,0.0,0.0,0.0
2024-06-09 01:00:00,0.0,0.0,0.0,False,True,False,0,no_power,0.0,0.0,0.0,0.0,0.0,0.0,0.0,0.0
2024-06-09 02:00:00,0.0,0.0,0.0,False,True,False,0,no_power,0.0,0.0,0.0,0.0,0.0,0.0,0.0,0.0
2024-06-09 03:00:00,0.0,0.0,0.0,False,True,False,0,no_power,0.0,0.0,0.0,0.0,0.0,0.0,0.0,0.0
2024-06-09 04:00:00,0.0,0.0,0.0,False,True,False,0,no_power,0.0,0.0,0.0,0.0,0.0,0.0,0.0,0.0
2024-06-09 05:00:00,0.0,0.0,0.0,False,True,False,0,no_power,0.0,0.0,0.0,0.0,0.0,0.0,0.0,0.0
2024-06-09 06:00:00,0.015,0.014,3.0,False,True,False,0,no_power,0.0,0.0,0.0,0.0,0.0,0.0,0.0,0.0
2024-06-09 07:00:00,0.782,0.751,158.0,True,True,False,0,no_power,0.0,0.0,0.0,0.0,0.0,0.0,0.0,0.0
2024-06-09 08:00:00,0.332,0.318,68.0,True,True,False,0,no_power,0.0,0.0,0.0,0.0,0.0,0.0,0.0,0.0
2024-06-09 09:00:00,0.905,0.869,189.0,True,True,False,0,no_power,0.0,0.0,0.0,0.0,0.0,0.0,0.0,0.0
2024-06-09 10:00:00,1.78,1.709,379.0,True,True,True,1,ok,1.263,0.0,1.263,0.0,0.446,0.0,0.0,0.0
2024-06-09 11:00:00,1.771,1.7,377.0,True,True,True,2,ok,1.263,0.0,1.263,0.0,0.437,0.0,0.0,0.0
2024-06-09 12:00:00,2.886,2.77,648.0,True,True,True,3,ok,1.263,0.0,1.263,0.0,1.507,0.0,0.0,0.0
2024-06-09 13:00:00,3.062,2.94,693.0,True,True,True,4,ok,1.263,0.0,1.263,0.0,1.677,0.0,0.0,0.0
2024-06-09 14:00:00,2.861,2.746,640.0,True,True,True,5,ok,1.263,0.0,1.263,0.0,1.483,0.0,0.0,0.0
2024-06-09 15:00:00,2.905,2.788,643.0,True,True,True,6,ok,1.263,0.0,1.263,0.0,1.525,0.0,0.0,0.0
2024-06-09 16:00:00,2.737,2.628,572.0,True,True,False,6,cap_reached,0.0,0.0,0.0,0.0,2.628,0.0,0.0,0.0
2024-06-09 17:00:00,1.941,1.863,360.0,True,True,False,6,cap_reached,0.0,0.0,0.0,0.0,1.863,0.0,0.0,0.0
2024-06-09 18:00:00,1.011,0.971,148.0,True,True,False,6,cap_reached,0.0,0.0,0.0,0.0,0.971,0.0,0.0,0.0
2024-06-09 19:00:00,0.0,0.0,0.0,False,True,False,6,cap_reached,0.0,0.0,0.0,0.0,0.0,0.0,0.0,0.0
2024-06-09 20:00:00,0.0,0.0,0.0,False,True,False,6,cap_reached,0.0,0.0,0.0,0.0,0.0,0.0,0.0,0.0
2024-06-09 21:00:00,0.0,0.0,0.0,False,True,False,6,cap_reached,0.0,0.0,0.0,0.0,0.0,0.0,0.0,0.0
2024-06-09 22:00:00,0.0,0.0,0.0,False,True,False,6,cap_reached,0.0,0.0,0.0,0.0,0.0,0.0,0.0,0.0
2024-06-09 23:00:00,0.0,0.0,0.0,False,True,False,6,cap_reached,0.0,0.0,0.0,0.0,0.0,0.0,0.0,0.0
2024-06-10 00:00:00,0.0,0.0,0.0,False,True,False,0,no_power,0.0,0.0,0.0,0.0,0.0,0.0,0.0,0.0
2024-06-10 01:00:00,0.0,0.0,0.0,False,True,False,0,no_power,0.0,0.0,0.0,0.0,0.0,0.0,0.0,0.0
2024-06-10 02:00:00,0.0,0.0,0.0,False,True,False,0,no_power,0.0,0.0,0.0,0.0,0.0,0.0,0.0,0.0
2024-06-10 03:00:00,0.0,0.0,0.0,False,True,False,0,no_power,0.0,0.0,0.0,0.0,0.0,0.0,0.0,0.0
2024-06-10 04:00:00,0.0,0.0,0.0,False,True,False,0,no_power,0.0,0.0,0.0,0.0,0.0,0.0,0.0,0.0
2024-06-10 05:00:00,0.0,0.0,0.0,False,True,False,0,no_power,0.0,0.0,0.0,0.0,0.0,0.0,0.0,0.0
2024-06-10 06:00:00,0.074,0.071,15.0,False,True,False,0,no_power,0.0,0.0,0.0,0.0,0.0,0.0,0.0,0.0
2024-06-10 07:00:00,0.746,0.716,150.0,True,True,False,0,no_power,0.0,0.0,0.0,0.0,0.0,0.0,0.0,0.0
2024-06-10 08:00:00,1.126,1.081,233.0,True,True,False,0,no_power,0.0,0.0,0.0,0.0,0.0,0.0,0.0,0.0
2024-06-10 09:00:00,2.463,2.365,531.0,True,True,True,1,ok,1.263,0.0,1.263,0.0,1.102,0.0,0.0,0.0
2024-06-10 10:00:00,2.232,2.143,484.0,True,True,True,2,ok,1.263,0.0,1.263,0.0,0.88,0.0,0.0,0.0
2024-06-10 11:00:00,1.464,1.405,310.0,True,True,True,3,ok,1.263,0.0,1.263,0.0,0.142,0.0,0.0,0.0
2024-06-10 12:00:00,3.293,3.162,747.0,True,True,True,4,ok,1.263,0.0,1.263,0.0,1.899,0.0,0.0,0.0
2024-06-10 13:00:00,4.059,3.896,971.0,True,True,True,5,ok,1.263,0.0,1.263,0.0,2.633,0.0,0.0,0.0
2024-06-10 14:00:00,3.797,3.645,889.0,True,True,True,6,ok,1.263,0.0,1.263,0.0,2.382,0.0,0.0,0.0
2024-06-10 15:00:00,2.554,2.452,561.0,True,True,False,6,cap_reached,0.0,0.0,0.0,0.0,2.452,0.0,0.0,0.0
2024-06-10 16:00:00,1.884,1.809,397.0,True,True,False,6,cap_reached,0.0,0.0,0.0,0.0,1.809,0.0,0.0,0.0
2024-06-10 17:00:00,1.761,1.691,340.0,True,True,False,6,cap_reached,0.0,0.0,0.0,0.0,1.691,0.0,0.0,0.0
2024-06-10 18:00:00,0.711,0.683,129.0,True,True,False,6,cap_reached,0.0,0.0,0.0,0.0,0.683,0.0,0.0,0.0
2024-06-10 19:00:00,0.0,0.0,0.0,False,True,False,6,cap_reached,0.0,0.0,0.0,0.0,0.0,0.0,0.0,0.0
2024-06-10 20:00:00,0.0,0.0,0.0,False,True,False,6,cap_reached,0.0,0.0,0.0,0.0,0.0,0.0,0.0,0.0
2024-06-10 21:00:00,0.0,0.0,0.0,False,True,False,6,cap_reached,0.0,0.0,0.0,0.0,0.0,0.0,0.0,0.0
2024-06-10 22:00:00,0.0,0.0,0.0,False,True,False,6,cap_reached,0.0,0.0,0.0,0.0,0.0,0.0,0.0,0.0
2024-06-10 23:00:00,0.0,0.0,0.0,False,True,False,6,cap_reached,0.0,0.0,0.0,0.0,0.0,0.0,0.0,0.0
2024-06-11 00:00:00,0.0,0.0,0.0,False,True,False,0,no_power,0.0,0.0,0.0,0.0,0.0,0.0,0.0,0.0
2024-06-11 01:00:00,0.0,0.0,0.0,False,True,False,0,no_power,0.0,0.0,0.0,0.0,0.0,0.0,0.0,0.0
2024-06-11 02:00:00,0.0,0.0,0.0,False,True,False,0,no_power,0.0,0.0,0.0,0.0,0.0,0.0,0.0,0.0
2024-06-11 03:00:00,0.0,0.0,0.0,False,True,False,0,no_power,0.0,0.0,0.0,0.0,0.0,0.0,0.0,0.0
2024-06-11 04:00:00,0.0,0.0,0.0,False,True,False,0,no_power,0.0,0.0,0.0,0.0,0.0,0.0,0.0,0.0
2024-06-11 05:00:00,0.0,0.0,0.0,False,True,False,0,no_power,0.0,0.0,0.0,0.0,0.0,0.0,0.0,0.0
2024-06-11 06:00:00,0.025,0.024,5.0,False,True,False,0,no_power,0.0,0.0,0.0,0.0,0.0,0.0,0.0,0.0
2024-06-11 07:00:00,0.22,0.211,45.0,True,True,False,0,no_power,0.0,0.0,0.0,0.0,0.0,0.0,0.0,0.0
2024-06-11 08:00:00,0.137,0.132,28.0,True,True,False,0,no_power,0.0,0.0,0.0,0.0,0.0,0.0,0.0,0.0
2024-06-11 09:00:00,0.215,0.206,44.0,True,True,False,0,no_power,0.0,0.0,0.0,0.0,0.0,0.0,0.0,0.0
2024-06-11 10:00:00,2.204,2.115,475.0,True,True,True,1,ok,1.263,0.0,1.263,0.0,0.852,0.0,0.0,0.0
2024-06-11 11:00:00,0.385,0.37,79.0,True,True,False,1,no_power,0.0,0.0,0.0,0.0,0.0,0.0,0.0,0.0
2024-06-11 12:00:00,0.74,0.71,153.0,True,True,False,1,no_power,0.0,0.0,0.0,0.0,0.0,0.0,0.0,0.0
2024-06-11 13:00:00,0.82,0.787,170.0,True,True,False,1,no_power,0.0,0.0,0.0,0.0,0.0,0.0,0.0,0.0
2024-06-11 14:00:00,1.082,1.039,225.0,True,True,False,1,no_power,0.0,0.0,0.0,0.0,0.0,0.0,0.0,0.0
2024-06-11 15:00:00,1.056,1.014,220.0,True,True,False,1,no_power,0.0,0.0,0.0,0.0,0.0,0.0,0.0,0.0
2024-06-11 16:00:00,0.249,0.239,51.0,True,True,False,1,no_power,0.0,0.0,0.0,0.0,0.0,0.0,0.0,0.0
2024-06-11 17:00:00,0.113,0.108,23.0,True,True,False,1,no_power,0.0,0.0,0.0,0.0,0.0,0.0,0.0,0.0
2024-06-11 18:00:00,0.258,0.247,52.0,True,True,False,1,no_power,0.0,0.0,0.0,0.0,0.0,0.0,0.0,0.0
2024-06-11 19:00:00,0.0,0.0,0.0,False,True,False,1,no_power,0.0,0.0,0.0,0.0,0.0,0.0,0.0,0.0
2024-06-11 20:00:00,0.0,0.0,0.0,False,True,False,1,no_power,0.0,0.0,0.0,0.0,0.0,0.0,0.0,0.0
2024-06-11 21:00:00,0.0,0.0,0.0,False,True,False,1,no_power,0.0,0.0,0.0,0.0,0.0,0.0,0.0,0.0
2024-06-11 22:00:00,0.0,0.0,0.0,False,True,False,1,no_power,0.0,0.0,0.0,0.0,0.0,0.0,0.0,0.0
2024-06-11 23:00:00,0.0,0.0,0.0,False,True,False,1,no_power,0.0,0.0,0.0,0.0,0.0,0.0,0.0,0.0
2024-06-12 00:00:00,0.0,0.0,0.0,False,True,False,0,no_power,0.0,0.0,0.0,0.0,0.0,0.0,0.0,0.0
2024-06-12 01:00:00,0.0,0.0,0.0,False,True,False,0,no_power,0.0,0.0,0.0,0.0,0.0,0.0,0.0,0.0
2024-06-12 02:00:00,0.0,0.0,0.0,False,True,False,0,no_power,0.0,0.0,0.0,0.0,0.0,0.0,0.0,0.0
2024-06-12 03:00:00,0.0,0.0,0.0,False,True,False,0,no_power,0.0,0.0,0.0,0.0,0.0,0.0,0.0,0.0
2024-06-12 04:00:00,0.0,0.0,0.0,False,True,False,0,no_power,0.0,0.0,0.0,0.0,0.0,0.0,0.0,0.0
2024-06-12 05:00:00,0.0,0.0,0.0,False,True,False,0,no_power,0.0,0.0,0.0,0.0,0.0,0.0,0.0,0.0
2024-06-12 06:00:00,0.02,0.019,4.0,False,True,False,0,no_power,0.0,0.0,0.0,0.0,0.0,0.0,0.0,0.0
2024-06-12 07:00:00,0.565,0.543,115.0,True,True,False,0,no_power,0.0,0.0,0.0,0.0,0.0,0.0,0.0,0.0
2024-06-12 08:00:00,1.018,0.977,210.0,True,True,False,0,no_power,0.0,0.0,0.0,0.0,0.0,0.0,0.0,0.0
2024-06-12 09:00:00,1.888,1.813,401.0,True,True,True,1,ok,1.263,0.0,1.263,0.0,0.55,0.0,0.0,0.0
2024-06-12 10:00:00,2.574,2.471,564.0,True,True,True,2,ok,1.263,0.0,1.263,0.0,1.208,0.0,0.0,0.0
2024-06-12 11:00:00,2.858,2.744,638.0,True,True,True,3,ok,1.263,0.0,1.263,0.0,1.481,0.0,0.0,0.0
2024-06-12 12:00:00,1.855,1.781,397.0,True,True,True,4,ok,1.263,0.0,1.263,0.0,0.518,0.0,0.0,0.0
2024-06-12 13:00:00,1.577,1.513,335.0,True,True,True,5,ok,1.263,0.0,1.263,0.0,0.25,0.0,0.0,0.0
2024-06-12 14:00:00,0.839,0.805,175.0,True,True,False,5,no_power,0.0,0.0,0.0,0.0,0.0,0.0,0.0,0.0
2024-06-12 15:00:00,1.051,1.009,220.0,True,True,False,5,no_power,0.0,0.0,0.0,0.0,0.0,0.0,0.0,0.0
2024-06-12 16:00:00,0.331,0.317,68.0,True,True,False,5,no_power,0.0,0.0,0.0,0.0,0.0,0.0,0.0,0.0
2024-06-12 17:00:00,0.423,0.406,87.0,True,True,False,5,no_power,0.0,0.0,0.0,0.0,0.0,0.0,0.0,0.0
2024-06-12 18:00:00,0.059,0.057,12.0,False,True,False,5,no_power,0.0,0.0,0.0,0.0,0.0,0.0,0.0,0.0
2024-06-12 19:00:00,0.0,0.0,0.0,False,True,False,5,no_power,0.0,0.0,0.0,0.0,0.0,0.0,0.0,0.0
2024-06-12 20:00:00,0.0,0.0,0.0,False,True,False,5,no_power,0.0,0.0,0.0,0.0,0.0,0.0,0.0,0.0
2024-06-12 21:00:00,0.0,0.0,0.0,False,True,False,5,no_power,0.0,0.0,0.0,0.0,0.0,0.0,0.0,0.0
2024-06-12 22:00:00,0.0,0.0,0.0,False,True,False,5,no_power,0.0,0.0,0.0,0.0,0.0,0.0,0.0,0.0
2024-06-12 23:00:00,0.0,0.0,0.0,False,True,False,5,no_power,0.0,0.0,0.0,0.0,0.0,0.0,0.0,0.0
2024-06-13 00:00:00,0.0,0.0,0.0,False,True,False,0,no_power,0.0,0.0,0.0,0.0,0.0,0.0,0.0,0.0
2024-06-13 01:00:00,0.0,0.0,0.0,False,True,False,0,no_power,0.0,0.0,0.0,0.0,0.0,0.0,0.0,0.0
2024-06-13 02:00:00,0.0,0.0,0.0,False,True,False,0,no_power,0.0,0.0,0.0,0.0,0.0,0.0,0.0,0.0
2024-06-13 03:00:00,0.0,0.0,0.0,False,True,False,0,no_power,0.0,0.0,0.0,0.0,0.0,0.0,0.0,0.0
2024-06-13 04:00:00,0.0,0.0,0.0,False,True,False,0,no_power,0.0,0.0,0.0,0.0,0.0,0.0,0.0,0.0
2024-06-13 05:00:00,0.0,0.0,0.0,False,True,False,0,no_power,0.0,0.0,0.0,0.0,0.0,0.0,0.0,0.0
2024-06-13 06:00:00,0.015,0.014,3.0,False,True,False,0,no_power,0.0,0.0,0.0,0.0,0.0,0.0,0.0,0.0
2024-06-13 07:00:00,0.509,0.488,104.0,True,True,False,0,no_power,0.0,0.0,0.0,0.0,0.0,0.0,0.0,0.0
2024-06-13 08:00:00,1.619,1.554,332.0,True,True,True,1,ok,1.263,0.0,1.263,0.0,0.291,0.0,0.0,0.0
2024-06-13 09:00:00,1.282,1.23,269.0,True,True,False,1,no_power,0.0,0.0,0.0,0.0,0.0,0.0,0.0,0.0
2024-06-13 10:00:00,1.58,1.517,334.0,True,True,True,2,ok,1.263,0.0,1.263,0.0,0.254,0.0,0.0,0.0
2024-06-13 11:00:00,2.788,2.676,618.0,True,True,True,3,ok,1.263,0.0,1.263,0.0,1.413,0.0,0.0,0.0
2024-06-13 12:00:00,2.837,2.724,635.0,True,True,True,4,ok,1.263,0.0,1.263,0.0,1.461,0.0,0.0,0.0
2024-06-13 13:00:00,1.42,1.363,300.0,True,True,True,5,ok,1.263,0.0,1.263,0.0,0.1,0.0,0.0,0.0
2024-06-13 14:00:00,0.19,0.183,39.0,True,True,False,5,no_power,0.0,0.0,0.0,0.0,0.0,0.0,0.0,0.0
2024-06-13 15:00:00,0.127,0.122,26.0,True,True,False,5,no_power,0.0,0.0,0.0,0.0,0.0,0.0,0.0,0.0
2024-06-13 16:00:00,0.195,0.187,40.0,True,True,False,5,no_power,0.0,0.0,0.0,0.0,0.0,0.0,0.0,0.0
2024-06-13 17:00:00,0.034,0.033,7.0,False,True,False,5,no_power,0.0,0.0,0.0,0.0,0.0,0.0,0.0,0.0
2024-06-13 18:00:00,0.015,0.014,3.0,False,True,False,5,no_power,0.0,0.0,0.0,0.0,0.0,0.0,0.0,0.0
2024-06-13 19:00:00,0.0,0.0,0.0,False,True,False,5,no_power,0.0,0.0,0.0,0.0,0.0,0.0,0.0,0.0
2024-06-13 20:00:00,0.0,0.0,0.0,False,True,False,5,no_power,0.0,0.0,0.0,0.0,0.0,0.0,0.0,0.0
2024-06-13 21:00:00,0.0,0.0,0.0,False,True,False,5,no_power,0.0,0.0,0.0,0.0,0.0,0.0,0.0,0.0
2024-06-13 22:00:00,0.0,0.0,0.0,False,True,False,5,no_power,0.0,0.0,0.0,0.0,0.0,0.0,0.0,0.0
2024-06-13 23:00:00,0.0,0.0,0.0,False,True,False,5,no_power,0.0,0.0,0.0,0.0,0.0,0.0,0.0,0.0
2024-06-14 00:00:00,0.0,0.0,0.0,False,True,False,0,no_power,0.0,0.0,0.0,0.0,0.0,0.0,0.0,0.0
2024-06-14 01:00:00,0.0,0.0,0.0,False,True,False,0,no_power,0.0,0.0,0.0,0.0,0.0,0.0,0.0,0.0
2024-06-14 02:00:00,0.0,0.0,0.0,False,True,False,0,no_power,0.0,0.0,0.0,0.0,0.0,0.0,0.0,0.0
2024-06-14 03:00:00,0.0,0.0,0.0,False,True,False,0,no_power,0.0,0.0,0.0,0.0,0.0,0.0,0.0,0.0
2024-06-14 04:00:00,0.0,0.0,0.0,False,True,False,0,no_power,0.0,0.0,0.0,0.0,0.0,0.0,0.0,0.0
2024-06-14 05:00:00,0.0,0.0,0.0,False,True,False,0,no_power,0.0,0.0,0.0,0.0,0.0,0.0,0.0,0.0
2024-06-14 06:00:00,0.159,0.152,32.0,True,True,False,0,no_power,0.0,0.0,0.0,0.0,0.0,0.0,0.0,0.0
2024-06-14 07:00:00,0.824,0.791,166.0,True,True,False,0,no_power,0.0,0.0,0.0,0.0,0.0,0.0,0.0,0.0
2024-06-14 08:00:00,0.788,0.756,162.0,True,True,False,0,no_power,0.0,0.0,0.0,0.0,0.0,0.0,0.0,0.0
2024-06-14 09:00:00,0.825,0.792,170.0,True,True,False,0,no_power,0.0,0.0,0.0,0.0,0.0,0.0,0.0,0.0
2024-06-14 10:00:00,1.388,1.333,291.0,True,True,True,1,ok,1.263,0.0,1.263,0.0,0.07,0.0,0.0,0.0
2024-06-14 11:00:00,1.165,1.118,243.0,True,True,False,1,no_power,0.0,0.0,0.0,0.0,0.0,0.0,0.0,0.0
2024-06-14 12:00:00,1.137,1.091,237.0,True,True,False,1,no_power,0.0,0.0,0.0,0.0,0.0,0.0,0.0,0.0
2024-06-14 13:00:00,1.387,1.331,291.0,True,True,True,2,ok,1.263,0.0,1.263,0.0,0.068,0.0,0.0,0.0
2024-06-14 14:00:00,1.028,0.987,213.0,True,True,False,2,no_power,0.0,0.0,0.0,0.0,0.0,0.0,0.0,0.0
2024-06-14 15:00:00,0.191,0.184,39.0,True,True,False,2,no_power,0.0,0.0,0.0,0.0,0.0,0.0,0.0,0.0
2024-06-14 16:00:00,0.069,0.066,14.0,False,True,False,2,no_power,0.0,0.0,0.0,0.0,0.0,0.0,0.0,0.0
2024-06-14 17:00:00,0.142,0.137,29.0,True,True,False,2,no_power,0.0,0.0,0.0,0.0,0.0,0.0,0.0,0.0
2024-06-14 18:00:00,0.234,0.225,47.0,True,True,False,2,no_power,0.0,0.0,0.0,0.0,0.0,0.0,0.0,0.0
2024-06-14 19:00:00,0.0,0.0,0.0,False,True,False,2,no_power,0.0,0.0,0.0,0.0,0.0,0.0,0.0,0.0
2024-06-14 20:00:00,0.0,0.0,0.0,False,True,False,2,no_power,0.0,0.0,0.0,0.0,0.0,0.0,0.0,0.0
2024-06-14 21:00:00,0.0,0.0,0.0,False,True,False,2,no_power,0.0,0.0,0.0,0.0,0.0,0.0,0.0,0.0
2024-06-14 22:00:00,0.0,0.0,0.0,False,True,False,2,no_power,0.0,0.0,0.0,0.0,0.0,0.0,0.0,0.0
2024-06-14 23:00:00,0.0,0.0,0.0,False,True,False,2,no_power,0.0,0.0,0.0,0.0,0.0,0.0,0.0,0.0
2024-06-15 00:00:00,0.0,0.0,0.0,False,True,False,0,no_power,0.0,0.0,0.0,0.0,0.0,0.0,0.0,0.0
2024-06-15 01:00:00,0.0,0.0,0.0,False,True,False,0,no_power,0.0,0.0,0.0,0.0,0.0,0.0,0.0,0.0
2024-06-15 02:00:00,0.0,0.0,0.0,False,True,False,0,no_power,0.0,0.0,0.0,0.0,0.0,0.0,0.0,0.0
2024-06-15 03:00:00,0.0,0.0,0.0,False,True,False,0,no_power,0.0,0.0,0.0,0.0,0.0,0.0,0.0,0.0
2024-06-15 04:00:00,0.0,0.0,0.0,False,True,False,0,no_power,0.0,0.0,0.0,0.0,0.0,0.0,0.0,0.0
2024-06-15 05:00:00,0.0,0.0,0.0,False,True,False,0,no_power,0.0,0.0,0.0,0.0,0.0,0.0,0.0,0.0
2024-06-15 06:00:00,0.084,0.08,17.0,False,True,False,0,no_power,0.0,0.0,0.0,0.0,0.0,0.0,0.0,0.0
2024-06-15 07:00:00,0.602,0.577,122.0,True,True,False,0,no_power,0.0,0.0,0.0,0.0,0.0,0.0,0.0,0.0
2024-06-15 08:00:00,0.054,0.052,11.0,False,True,False,0,no_power,0.0,0.0,0.0,0.0,0.0,0.0,0.0,0.0
2024-06-15 09:00:00,2.184,2.096,464.0,True,True,True,1,ok,1.263,0.0,1.263,0.0,0.833,0.0,0.0,0.0
2024-06-15 10:00:00,2.213,2.124,477.0,True,True,True,2,ok,1.263,0.0,1.263,0.0,0.861,0.0,0.0,0.0
2024-06-15 11:00:00,2.723,2.614,602.0,True,True,True,3,ok,1.263,0.0,1.263,0.0,1.351,0.0,0.0,0.0
2024-06-15 12:00:00,1.537,1.475,325.0,True,True,True,4,ok,1.263,0.0,1.263,0.0,0.212,0.0,0.0,0.0
2024-06-15 13:00:00,2.204,2.116,476.0,True,True,True,5,ok,1.263,0.0,1.263,0.0,0.853,0.0,0.0,0.0
2024-06-15 14:00:00,1.814,1.741,387.0,True,True,True,6,ok,1.263,0.0,1.263,0.0,0.478,0.0,0.0,0.0
2024-06-15 15:00:00,0.858,0.824,179.0,True,True,False,6,cap_reached,0.0,0.0,0.0,0.0,0.824,0.0,0.0,0.0
2024-06-15 16:00:00,0.97,0.931,202.0,True,True,False,6,cap_reached,0.0,0.0,0.0,0.0,0.931,0.0,0.0,0.0
2024-06-15 17:00:00,0.517,0.496,106.0,True,True,False,6,cap_reached,0.0,0.0,0.0,0.0,0.496,0.0,0.0,0.0
2024-06-15 18:00:00,0.395,0.379,80.0,True,True,False,6,cap_reached,0.0,0.0,0.0,0.0,0.379,0.0,0.0,0.0
2024-06-15 19:00:00,0.0,0.0,0.0,False,True,False,6,cap_reached,0.0,0.0,0.0,0.0,0.0,0.0,0.0,0.0
2024-06-15 20:00:00,0.0,0.0,0.0,False,True,False,6,cap_reached,0.0,0.0,0.0,0.0,0.0,0.0,0.0,0.0
2024-06-15 21:00:00,0.0,0.0,0.0,False,True,False,6,cap_reached,0.0,0.0,0.0,0.0,0.0,0.0,0.0,0.0
2024-06-15 22:00:00,0.0,0.0,0.0,False,True,False,6,cap_reached,0.0,0.0,0.0,0.0,0.0,0.0,0.0,0.0
2024-06-15 23:00:00,0.0,0.0,0.0,False,True,False,6,cap_reached,0.0,0.0,0.0,0.0,0.0,0.0,0.0,0.0
2024-06-16 00:00:00,0.0,0.0,0.0,False,True,False,0,no_power,0.0,0.0,0.0,0.0,0.0,0.0,0.0,0.0
2024-06-16 01:00:00,0.0,0.0,0.0,False,True,False,0,no_power,0.0,0.0,0.0,0.0,0.0,0.0,0.0,0.0
2024-06-16 02:00:00,0.0,0.0,0.0,False,True,False,0,no_power,0.0,0.0,0.0,0.0,0.0,0.0,0.0,0.0
2024-06-16 03:00:00,0.0,0.0,0.0,False,True,False,0,no_power,0.0,0.0,0.0,0.0,0.0,0.0,0.0,0.0
2024-06-16 04:00:00,0.0,0.0,0.0,False,True,False,0,no_power,0.0,0.0,0.0,0.0,0.0,0.0,0.0,0.0
2024-06-16 05:00:00,0.0,0.0,0.0,False,True,False,0,no_power,0.0,0.0,0.0,0.0,0.0,0.0,0.0,0.0
2024-06-16 06:00:00,0.21,0.202,43.0,True,True,False,0,no_power,0.0,0.0,0.0,0.0,0.0,0.0,0.0,0.0
2024-06-16 07:00:00,1.217,1.168,227.0,True,True,False,0,no_power,0.0,0.0,0.0,0.0,0.0,0.0,0.0,0.0
2024-06-16 08:00:00,1.38,1.325,286.0,True,True,True,1,ok,1.263,0.0,1.263,0.0,0.062,0.0,0.0,0.0
2024-06-16 09:00:00,2.108,2.024,448.0,True,True,True,2,ok,1.263,0.0,1.263,0.0,0.761,0.0,0.0,0.0
2024-06-16 10:00:00,2.701,2.593,595.0,True,True,True,3,ok,1.263,0.0,1.263,0.0,1.33,0.0,0.0,0.0
2024-06-16 11:00:00,2.976,2.857,667.0,True,True,True,4,ok,1.263,0.0,1.263,0.0,1.594,0.0,0.0,0.0
2024-06-16 12:00:00,2.953,2.835,664.0,True,True,True,5,ok,1.263,0.0,1.263,0.0,1.572,0.0,0.0,0.0
2024-06-16 13:00:00,3.354,3.22,773.0,True,True,True,6,ok,1.263,0.0,1.263,0.0,1.957,0.0,0.0,0.0
2024-06-16 14:00:00,2.717,2.609,601.0,True,True,False,6,cap_reached,0.0,0.0,0.0,0.0,2.609,0.0,0.0,0.0
2024-06-16 15:00:00,2.214,2.126,477.0,True,True,False,6,cap_reached,0.0,0.0,0.0,0.0,2.126,0.0,0.0,0.0
2024-06-16 16:00:00,0.963,0.924,201.0,True,True,False,6,cap_reached,0.0,0.0,0.0,0.0,0.924,0.0,0.0,0.0
2024-06-16 17:00:00,1.111,1.066,228.0,True,True,False,6,cap_reached,0.0,0.0,0.0,0.0,1.066,0.0,0.0,0.0
2024-06-16 18:00:00,0.309,0.297,63.0,True,True,False,6,cap_reached,0.0,0.0,0.0,0.0,0.297,0.0,0.0,0.0
2024-06-16 19:00:00,0.0,0.0,0.0,False,True,False,6,cap_reached,0.0,0.0,0.0,0.0,0.0,0.0,0.0,0.0
2024-06-16 20:00:00,0.0,0.0,0.0,False,True,False,6,cap_reached,0.0,0.0,0.0,0.0,0.0,0.0,0.0,0.0
2024-06-16 21:00:00,0.0,0.0,0.0,False,True,False,6,cap_reached,0.0,0.0,0.0,0.0,0.0,0.0,0.0,0.0
2024-06-16 22:00:00,0.0,0.0,0.0,False,True,False,6,cap_reached,0.0,0.0,0.0,0.0,0.0,0.0,0.0,0.0
2024-06-16 23:00:00,0.0,0.0,0.0,False,True,False,6,cap_reached,0.0,0.0,0.0,0.0,0.0,0.0,0.0,0.0
2024-06-17 00:00:00,0.0,0.0,0.0,False,True,False,0,no_power,0.0,0.0,0.0,0.0,0.0,0.0,0.0,0.0
2024-06-17 01:00:00,0.0,0.0,0.0,False,True,False,0,no_power,0.0,0.0,0.0,0.0,0.0,0.0,0.0,0.0
2024-06-17 02:00:00,0.0,0.0,0.0,False,True,False,0,no_power,0.0,0.0,0.0,0.0,0.0,0.0,0.0,0.0
2024-06-17 03:00:00,0.0,0.0,0.0,False,True,False,0,no_power,0.0,0.0,0.0,0.0,0.0,0.0,0.0,0.0
2024-06-17 04:00:00,0.0,0.0,0.0,False,True,False,0,no_power,0.0,0.0,0.0,0.0,0.0,0.0,0.0,0.0
2024-06-17 05:00:00,0.0,0.0,0.0,False,True,False,0,no_power,0.0,0.0,0.0,0.0,0.0,0.0,0.0,0.0
2024-06-17 06:00:00,0.04,0.038,8.0,False,True,False,0,no_power,0.0,0.0,0.0,0.0,0.0,0.0,0.0,0.0
2024-06-17 07:00:00,1.265,1.214,231.0,True,True,False,0,no_power,0.0,0.0,0.0,0.0,0.0,0.0,0.0,0.0
2024-06-17 08:00:00,2.451,2.353,487.0,True,True,True,1,ok,1.263,0.0,1.263,0.0,1.09,0.0,0.0,0.0
2024-06-17 09:00:00,2.425,2.328,518.0,True,True,True,2,ok,1.263,0.0,1.263,0.0,1.065,0.0,0.0,0.0
2024-06-17 10:00:00,2.751,2.641,602.0,True,True,True,3,ok,1.263,0.0,1.263,0.0,1.378,0.0,0.0,0.0
2024-06-17 11:00:00,3.52,3.379,800.0,True,True,True,4,ok,1.263,0.0,1.263,0.0,2.116,0.0,0.0,0.0
2024-06-17 12:00:00,3.396,3.26,768.0,True,True,True,5,ok,1.263,0.0,1.263,0.0,1.997,0.0,0.0,0.0
2024-06-17 13:00:00,3.418,3.281,774.0,True,True,True,6,ok,1.263,0.0,1.263,0.0,2.018,0.0,0.0,0.0
2024-06-17 14:00:00,3.234,3.105,725.0,True,True,False,6,cap_reached,0.0,0.0,0.0,0.0,3.105,0.0,0.0,0.0
2024-06-17 15:00:00,2.844,2.73,624.0,True,True,False,6,cap_reached,0.0,0.0,0.0,0.0,2.73,0.0,0.0,0.0
2024-06-17 16:00:00,2.383,2.288,497.0,True,True,False,6,cap_reached,0.0,0.0,0.0,0.0,2.288,0.0,0.0,0.0
2024-06-17 17:00:00,1.295,1.243,257.0,True,True,False,6,cap_reached,0.0,0.0,0.0,0.0,1.243,0.0,0.0,0.0
2024-06-17 18:00:00,0.513,0.493,101.0,True,True,False,6,cap_reached,0.0,0.0,0.0,0.0,0.493,0.0,0.0,0.0
2024-06-17 19:00:00,0.0,0.0,0.0,False,True,False,6,cap_reached,0.0,0.0,0.0,0.0,0.0,0.0,0.0,0.0
2024-06-17 20:00:00,0.0,0.0,0.0,False,True,False,6,cap_reached,0.0,0.0,0.0,0.0,0.0,0.0,0.0,0.0
2024-06-17 21:00:00,0.0,0.0,0.0,False,True,False,6,cap_reached,0.0,0.0,0.0,0.0,0.0,0.0,0.0,0.0
2024-06-17 22:00:00,0.0,0.0,0.0,False,True,False,6,cap_reached,0.0,0.0,0.0,0.0,0.0,0.0,0.0,0.0
2024-06-17 23:00:00,0.0,0.0,0.0,False,True,False,6,cap_reached,0.0,0.0,0.0,0.0,0.0,0.0,0.0,0.0
2024-06-18 00:00:00,0.0,0.0,0.0,False,True,False,0,no_power,0.0,0.0,0.0,0.0,0.0,0.0,0.0,0.0
2024-06-18 01:00:00,0.0,0.0,0.0,False,True,False,0,no_power,0.0,0.0,0.0,0.0,0.0,0.0,0.0,0.0
2024-06-18 02:00:00,0.0,0.0,0.0,False,True,False,0,no_power,0.0,0.0,0.0,0.0,0.0,0.0,0.0,0.0
2024-06-18 03:00:00,0.0,0.0,0.0,False,True,False,0,no_power,0.0,0.0,0.0,0.0,0.0,0.0,0.0,0.0
2024-06-18 04:00:00,0.0,0.0,0.0,False,True,False,0,no_power,0.0,0.0,0.0,0.0,0.0,0.0,0.0,0.0
2024-06-18 05:00:00,0.0,0.0,0.0,False,True,False,0,no_power,0.0,0.0,0.0,0.0,0.0,0.0,0.0,0.0
2024-06-18 06:00:00,0.218,0.209,44.0,True,True,False,0,no_power,0.0,0.0,0.0,0.0,0.0,0.0,0.0,0.0
2024-06-18 07:00:00,1.607,1.543,274.0,True,True,True,1,ok,1.263,0.0,1.263,0.0,0.28,0.0,0.0,0.0
2024-06-18 08:00:00,2.475,2.376,492.0,True,True,True,2,ok,1.263,0.0,1.263,0.0,1.113,0.0,0.0,0.0
2024-06-18 09:00:00,1.567,1.505,330.0,True,True,True,3,ok,1.263,0.0,1.263,0.0,0.242,0.0,0.0,0.0
2024-06-18 10:00:00,1.873,1.798,399.0,True,True,True,4,ok,1.263,0.0,1.263,0.0,0.535,0.0,0.0,0.0
2024-06-18 11:00:00,4.08,3.917,965.0,True,True,True,5,ok,1.263,0.0,1.263,0.0,2.654,0.0,0.0,0.0
2024-06-18 12:00:00,4.22,4.051,1012.0,True,True,True,6,ok,1.263,0.0,1.263,0.0,2.788,0.0,0.0,0.0
2024-06-18 13:00:00,4.165,3.998,994.0,True,True,False,6,cap_reached,0.0,0.0,0.0,0.0,3.998,0.0,0.0,0.0
2024-06-18 14:00:00,3.903,3.747,911.0,True,True,False,6,cap_reached,0.0,0.0,0.0,0.0,3.747,0.0,0.0,0.0
2024-06-18 15:00:00,3.437,3.299,769.0,True,True,False,6,cap_reached,0.0,0.0,0.0,0.0,3.299,0.0,0.0,0.0
2024-06-18 16:00:00,2.796,2.684,584.0,True,True,False,6,cap_reached,0.0,0.0,0.0,0.0,2.684,0.0,0.0,0.0
2024-06-18 17:00:00,1.992,1.912,370.0,True,True,False,6,cap_reached,0.0,0.0,0.0,0.0,1.912,0.0,0.0,0.0
2024-06-18 18:00:00,1.043,1.001,156.0,True,True,False,6,cap_reached,0.0,0.0,0.0,0.0,1.001,0.0,0.0,0.0
2024-06-18 19:00:00,0.0,0.0,0.0,False,True,False,6,cap_reached,0.0,0.0,0.0,0.0,0.0,0.0,0.0,0.0
2024-06-18 20:00:00,0.0,0.0,0.0,False,True,False,6,cap_reached,0.0,0.0,0.0,0.0,0.0,0.0,0.0,0.0
2024-06-18 21:00:00,0.0,0.0,0.0,False,True,False,6,cap_reached,0.0,0.0,0.0,0.0,0.0,0.0,0.0,0.0
2024-06-18 22:00:00,0.0,0.0,0.0,False,True,False,6,cap_reached,0.0,0.0,0.0,0.0,0.0,0.0,0.0,0.0
2024-06-18 23:00:00,0.0,0.0,0.0,False,True,False,6,cap_reached,0.0,0.0,0.0,0.0,0.0,0.0,0.0,0.0
2024-06-19 00:00:00,0.0,0.0,0.0,False,True,False,0,no_power,0.0,0.0,0.0,0.0,0.0,0.0,0.0,0.0
2024-06-19 01:00:00,0.0,0.0,0.0,False,True,False,0,no_power,0.0,0.0,0.0,0.0,0.0,0.0,0.0,0.0
2024-06-19 02:00:00,0.0,0.0,0.0,False,True,False,0,no_power,0.0,0.0,0.0,0.0,0.0,0.0,0.0,0.0
2024-06-19 03:00:00,0.0,0.0,0.0,False,True,False,0,no_power,0.0,0.0,0.0,0.0,0.0,0.0,0.0,0.0
2024-06-19 04:00:00,0.0,0.0,0.0,False,True,False,0,no_power,0.0,0.0,0.0,0.0,0.0,0.0,0.0,0.0
2024-06-19 05:00:00,0.0,0.0,0.0,False,True,False,0,no_power,0.0,0.0,0.0,0.0,0.0,0.0,0.0,0.0
2024-06-19 06:00:00,0.525,0.504,69.0,True,True,False,0,no_power,0.0,0.0,0.0,0.0,0.0,0.0,0.0,0.0
2024-06-19 07:00:00,1.551,1.489,267.0,True,True,True,1,ok,1.263,0.0,1.263,0.0,0.226,0.0,0.0,0.0
2024-06-19 08:00:00,2.43,2.333,484.0,True,True,True,2,ok,1.263,0.0,1.263,0.0,1.07,0.0,0.0,0.0
2024-06-19 09:00:00,3.153,3.027,684.0,True,True,True,3,ok,1.263,0.0,1.263,0.0,1.764,0.0,0.0,0.0
2024-06-19 10:00:00,3.704,3.556,846.0,True,True,True,4,ok,1.263,0.0,1.263,0.0,2.293,0.0,0.0,0.0
2024-06-19 11:00:00,4.05,3.888,955.0,True,True,True,5,ok,1.263,0.0,1.263,0.0,2.625,0.0,0.0,0.0
2024-06-19 12:00:00,4.195,4.027,1001.0,True,True,True,6,ok,1.263,0.0,1.263,0.0,2.764,0.0,0.0,0.0
2024-06-19 13:00:00,4.135,3.97,984.0,True,True,False,6,cap_reached,0.0,0.0,0.0,0.0,3.97,0.0,0.0,0.0
2024-06-19 14:00:00,1.061,1.019,222.0,True,True,False,6,cap_reached,0.0,0.0,0.0,0.0,1.019,0.0,0.0,0.0
2024-06-19 15:00:00,3.401,3.265,759.0,True,True,False,6,cap_reached,0.0,0.0,0.0,0.0,3.265,0.0,0.0,0.0
2024-06-19 16:00:00,2.755,2.645,575.0,True,True,False,6,cap_reached,0.0,0.0,0.0,0.0,2.645,0.0,0.0,0.0
2024-06-19 17:00:00,1.943,1.866,363.0,True,True,False,6,cap_reached,0.0,0.0,0.0,0.0,1.866,0.0,0.0,0.0
2024-06-19 18:00:00,0.988,0.948,151.0,True,True,False,6,cap_reached,0.0,0.0,0.0,0.0,0.948,0.0,0.0,0.0
2024-06-19 19:00:00,0.0,0.0,0.0,False,True,False,6,cap_reached,0.0,0.0,0.0,0.0,0.0,0.0,0.0,0.0
2024-06-19 20:00:00,0.0,0.0,0.0,False,True,False,6,cap_reached,0.0,0.0,0.0,0.0,0.0,0.0,0.0,0.0
2024-06-19 21:00:00,0.0,0.0,0.0,False,True,False,6,cap_reached,0.0,0.0,0.0,0.0,0.0,0.0,0.0,0.0
2024-06-19 22:00:00,0.0,0.0,0.0,False,True,False,6,cap_reached,0.0,0.0,0.0,0.0,0.0,0.0,0.0,0.0
2024-06-19 23:00:00,0.0,0.0,0.0,False,True,False,6,cap_reached,0.0,0.0,0.0,0.0,0.0,0.0,0.0,0.0
2024-06-20 00:00:00,0.0,0.0,0.0,False,True,False,0,no_power,0.0,0.0,0.0,0.0,0.0,0.0,0.0,0.0
2024-06-20 01:00:00,0.0,0.0,0.0,False,True,False,0,no_power,0.0,0.0,0.0,0.0,0.0,0.0,0.0,0.0
2024-06-20 02:00:00,0.0,0.0,0.0,False,True,False,0,no_power,0.0,0.0,0.0,0.0,0.0,0.0,0.0,0.0
2024-06-20 03:00:00,0.0,0.0,0.0,False,True,False,0,no_power,0.0,0.0,0.0,0.0,0.0,0.0,0.0,0.0
2024-06-20 04:00:00,0.0,0.0,0.0,False,True,False,0,no_power,0.0,0.0,0.0,0.0,0.0,0.0,0.0,0.0
2024-06-20 05:00:00,0.0,0.0,0.0,False,True,False,0,no_power,0.0,0.0,0.0,0.0,0.0,0.0,0.0,0.0
2024-06-20 06:00:00,0.463,0.444,65.0,True,True,False,0,no_power,0.0,0.0,0.0,0.0,0.0,0.0,0.0,0.0
2024-06-20 07:00:00,1.487,1.428,258.0,True,True,True,1,ok,1.263,0.0,1.263,0.0,0.165,0.0,0.0,0.0
2024-06-20 08:00:00,2.38,2.285,473.0,True,True,True,2,ok,1.263,0.0,1.263,0.0,1.022,0.0,0.0,0.0
2024-06-20 09:00:00,2.361,2.266,504.0,True,True,True,3,ok,1.263,0.0,1.263,0.0,1.003,0.0,0.0,0.0
2024-06-20 10:00:00,3.028,2.907,673.0,True,True,True,4,ok,1.263,0.0,1.263,0.0,1.644,0.0,0.0,0.0
2024-06-20 11:00:00,4.012,3.851,943.0,True,True,True,5,ok,1.263,0.0,1.263,0.0,2.588,0.0,0.0,0.0
2024-06-20 12:00:00,4.175,4.008,995.0,True,True,True,6,ok,1.263,0.0,1.263,0.0,2.745,0.0,0.0,0.0
2024-06-20 13:00:00,4.138,3.972,983.0,True,True,False,6,cap_reached,0.0,0.0,0.0,0.0,3.972,0.0,0.0,0.0
2024-06-20 14:00:00,3.878,3.723,903.0,True,True,False,6,cap_reached,0.0,0.0,0.0,0.0,3.723,0.0,0.0,0.0
2024-06-20 15:00:00,3.424,3.287,764.0,True,True,False,6,cap_reached,0.0,0.0,0.0,0.0,3.287,0.0,0.0,0.0
2024-06-20 16:00:00,2.252,2.162,474.0,True,True,False,6,cap_reached,0.0,0.0,0.0,0.0,2.162,0.0,0.0,0.0
2024-06-20 17:00:00,1.988,1.908,369.0,True,True,False,6,cap_reached,0.0,0.0,0.0,0.0,1.908,0.0,0.0,0.0
2024-06-20 18:00:00,1.049,1.007,157.0,True,True,False,6,cap_reached,0.0,0.0,0.0,0.0,1.007,0.0,0.0,0.0
2024-06-20 19:00:00,0.0,0.0,0.0,False,True,False,6,cap_reached,0.0,0.0,0.0,0.0,0.0,0.0,0.0,0.0
2024-06-20 20:00:00,0.0,0.0,0.0,False,True,False,6,cap_reached,0.0,0.0,0.0,0.0,0.0,0.0,0.0,0.0
2024-06-20 21:00:00,0.0,0.0,0.0,False,True,False,6,cap_reached,0.0,0.0,0.0,0.0,0.0,0.0,0.0,0.0
2024-06-20 22:00:00,0.0,0.0,0.0,False,True,False,6,cap_reached,0.0,0.0,0.0,0.0,0.0,0.0,0.0,0.0
2024-06-20 23:00:00,0.0,0.0,0.0,False,True,False,6,cap_reached,0.0,0.0,0.0,0.0,0.0,0.0,0.0,0.0
2024-06-21 00:00:00,0.0,0.0,0.0,False,True,False,0,no_power,0.0,0.0,0.0,0.0,0.0,0.0,0.0,0.0
2024-06-21 01:00:00,0.0,0.0,0.0,False,True,False,0,no_power,0.0,0.0,0.0,0.0,0.0,0.0,0.0,0.0
2024-06-21 02:00:00,0.0,0.0,0.0,False,True,False,0,no_power,0.0,0.0,0.0,0.0,0.0,0.0,0.0,0.0
2024-06-21 03:00:00,0.0,0.0,0.0,False,True,False,0,no_power,0.0,0.0,0.0,0.0,0.0,0.0,0.0,0.0
2024-06-21 04:00:00,0.0,0.0,0.0,False,True,False,0,no_power,0.0,0.0,0.0,0.0,0.0,0.0,0.0,0.0
2024-06-21 05:00:00,0.0,0.0,0.0,False,True,False,0,no_power,0.0,0.0,0.0,0.0,0.0,0.0,0.0,0.0
2024-06-21 06:00:00,0.496,0.476,66.0,True,True,False,0,no_power,0.0,0.0,0.0,0.0,0.0,0.0,0.0,0.0
2024-06-21 07:00:00,1.491,1.431,259.0,True,True,True,1,ok,1.263,0.0,1.263,0.0,0.168,0.0,0.0,0.0
2024-06-21 08:00:00,2.362,2.268,472.0,True,True,True,2,ok,1.263,0.0,1.263,0.0,1.005,0.0,0.0,0.0
2024-06-21 09:00:00,3.083,2.96,669.0,True,True,True,3,ok,1.263,0.0,1.263,0.0,1.697,0.0,0.0,0.0
2024-06-21 10:00:00,3.648,3.502,834.0,True,True,True,4,ok,1.263,0.0,1.263,0.0,2.239,0.0,0.0,0.0
2024-06-21 11:00:00,3.992,3.833,941.0,True,True,True,5,ok,1.263,0.0,1.263,0.0,2.57,0.0,0.0,0.0
2024-06-21 12:00:00,4.141,3.976,989.0,True,True,True,6,ok,1.263,0.0,1.263,0.0,2.713,0.0,0.0,0.0
2024-06-21 13:00:00,4.086,3.923,972.0,True,True,False,6,cap_reached,0.0,0.0,0.0,0.0,3.923,0.0,0.0,0.0
2024-06-21 14:00:00,3.826,3.673,892.0,True,True,False,6,cap_reached,0.0,0.0,0.0,0.0,3.673,0.0,0.0,0.0
2024-06-21 15:00:00,3.373,3.238,755.0,True,True,False,6,cap_reached,0.0,0.0,0.0,0.0,3.238,0.0,0.0,0.0
2024-06-21 16:00:00,2.732,2.623,572.0,True,True,False,6,cap_reached,0.0,0.0,0.0,0.0,2.623,0.0,0.0,0.0
2024-06-21 17:00:00,1.944,1.866,364.0,True,True,False,6,cap_reached,0.0,0.0,0.0,0.0,1.866,0.0,0.0,0.0
2024-06-21 18:00:00,1.014,0.974,154.0,True,True,False,6,cap_reached,0.0,0.0,0.0,0.0,0.974,0.0,0.0,0.0
2024-06-21 19:00:00,0.0,0.0,0.0,False,True,False,6,cap_reached,0.0,0.0,0.0,0.0,0.0,0.0,0.0,0.0
2024-06-21 20:00:00,0.0,0.0,0.0,False,True,False,6,cap_reached,0.0,0.0,0.0,0.0,0.0,0.0,0.0,0.0
2024-06-21 21:00:00,0.0,0.0,0.0,False,True,False,6,cap_reached,0.0,0.0,0.0,0.0,0.0,0.0,0.0,0.0
2024-06-21 22:00:00,0.0,0.0,0.0,False,True,False,6,cap_reached,0.0,0.0,0.0,0.0,0.0,0.0,0.0,0.0
2024-06-21 23:00:00,0.0,0.0,0.0,False,True,False,6,cap_reached,0.0,0.0,0.0,0.0,0.0,0.0,0.0,0.0
2024-06-22 00:00:00,0.0,0.0,0.0,False,True,False,0,no_power,0.0,0.0,0.0,0.0,0.0,0.0,0.0,0.0
2024-06-22 01:00:00,0.0,0.0,0.0,False,True,False,0,no_power,0.0,0.0,0.0,0.0,0.0,0.0,0.0,0.0
2024-06-22 02:00:00,0.0,0.0,0.0,False,True,False,0,no_power,0.0,0.0,0.0,0.0,0.0,0.0,0.0,0.0
2024-06-22 03:00:00,0.0,0.0,0.0,False,True,False,0,no_power,0.0,0.0,0.0,0.0,0.0,0.0,0.0,0.0
2024-06-22 04:00:00,0.0,0.0,0.0,False,True,False,0,no_power,0.0,0.0,0.0,0.0,0.0,0.0,0.0,0.0
2024-06-22 05:00:00,0.0,0.0,0.0,False,True,False,0,no_power,0.0,0.0,0.0,0.0,0.0,0.0,0.0,0.0
2024-06-22 06:00:00,0.163,0.157,33.0,True,True,False,0,no_power,0.0,0.0,0.0,0.0,0.0,0.0,0.0,0.0
2024-06-22 07:00:00,0.978,0.938,195.0,True,True,False,0,no_power,0.0,0.0,0.0,0.0,0.0,0.0,0.0,0.0
2024-06-22 08:00:00,1.469,1.41,303.0,True,True,True,1,ok,1.263,0.0,1.263,0.0,0.147,0.0,0.0,0.0
2024-06-22 09:00:00,2.452,2.354,525.0,True,True,True,2,ok,1.263,0.0,1.263,0.0,1.091,0.0,0.0,0.0
2024-06-22 10:00:00,3.617,3.472,826.0,True,True,True,3,ok,1.263,0.0,1.263,0.0,2.209,0.0,0.0,0.0
2024-06-22 11:00:00,3.21,3.081,719.0,True,True,True,4,ok,1.263,0.0,1.263,0.0,1.818,0.0,0.0,0.0
2024-06-22 12:00:00,4.127,3.962,984.0,True,True,True,5,ok,1.263,0.0,1.263,0.0,2.699,0.0,0.0,0.0
2024-06-22 13:00:00,3.607,3.463,827.0,True,True,True,6,ok,1.263,0.0,1.263,0.0,2.2,0.0,0.0,0.0
2024-06-22 14:00:00,3.202,3.074,723.0,True,True,False,6,cap_reached,0.0,0.0,0.0,0.0,3.074,0.0,0.0,0.0
2024-06-22 15:00:00,3.369,3.234,753.0,True,True,False,6,cap_reached,0.0,0.0,0.0,0.0,3.234,0.0,0.0,0.0
2024-06-22 16:00:00,2.734,2.625,571.0,True,True,False,6,cap_reached,0.0,0.0,0.0,0.0,2.625,0.0,0.0,0.0
2024-06-22 17:00:00,1.943,1.865,363.0,True,True,False,6,cap_reached,0.0,0.0,0.0,0.0,1.865,0.0,0.0,0.0
2024-06-22 18:00:00,0.742,0.712,134.0,True,True,False,6,cap_reached,0.0,0.0,0.0,0.0,0.712,0.0,0.0,0.0
2024-06-22 19:00:00,0.0,0.0,0.0,False,True,False,6,cap_reached,0.0,0.0,0.0,0.0,0.0,0.0,0.0,0.0
2024-06-22 20:00:00,0.0,0.0,0.0,False,True,False,6,cap_reached,0.0,0.0,0.0,0.0,0.0,0.0,0.0,0.0
2024-06-22 21:00:00,0.0,0.0,0.0,False,True,False,6,cap_reached,0.0,0.0,0.0,0.0,0.0,0.0,0.0,0.0
2024-06-22 22:00:00,0.0,0.0,0.0,False,True,False,6,cap_reached,0.0,0.0,0.0,0.0,0.0,0.0,0.0,0.0
2024-06-22 23:00:00,0.0,0.0,0.0,False,True,False,6,cap_reached,0.0,0.0,0.0,0.0,0.0,0.0,0.0,0.0
2024-06-23 00:00:00,0.0,0.0,0.0,False,True,False,0,no_power,0.0,0.0,0.0,0.0,0.0,0.0,0.0,0.0
2024-06-23 01:00:00,0.0,0.0,0.0,False,True,False,0,no_power,0.0,0.0,0.0,0.0,0.0,0.0,0.0,0.0
2024-06-23 02:00:00,0.0,0.0,0.0,False,True,False,0,no_power,0.0,0.0,0.0,0.0,0.0,0.0,0.0,0.0
2024-06-23 03:00:00,0.0,0.0,0.0,False,True,False,0,no_power,0.0,0.0,0.0,0.0,0.0,0.0,0.0,0.0
2024-06-23 04:00:00,0.0,0.0,0.0,False,True,False,0,no_power,0.0,0.0,0.0,0.0,0.0,0.0,0.0,0.0
2024-06-23 05:00:00,0.0,0.0,0.0,False,True,False,0,no_power,0.0,0.0,0.0,0.0,0.0,0.0,0.0,0.0
2024-06-23 06:00:00,0.56,0.538,69.0,True,True,False,0,no_power,0.0,0.0,0.0,0.0,0.0,0.0,0.0,0.0
2024-06-23 07:00:00,0.108,0.104,22.0,True,True,False,0,no_power,0.0,0.0,0.0,0.0,0.0,0.0,0.0,0.0
2024-06-23 08:00:00,0.759,0.729,156.0,True,True,False,0,no_power,0.0,0.0,0.0,0.0,0.0,0.0,0.0,0.0
2024-06-23 09:00:00,0.41,0.394,85.0,True,True,False,0,no_power,0.0,0.0,0.0,0.0,0.0,0.0,0.0,0.0
2024-06-23 10:00:00,0.371,0.356,76.0,True,True,False,0,no_power,0.0,0.0,0.0,0.0,0.0,0.0,0.0,0.0
2024-06-23 11:00:00,0.943,0.905,196.0,True,True,False,0,no_power,0.0,0.0,0.0,0.0,0.0,0.0,0.0,0.0
2024-06-23 12:00:00,1.375,1.32,289.0,True,True,True,1,ok,1.263,0.0,1.263,0.0,0.057,0.0,0.0,0.0
2024-06-23 13:00:00,0.366,0.351,75.0,True,True,False,1,no_power,0.0,0.0,0.0,0.0,0.0,0.0,0.0,0.0
2024-06-23 14:00:00,0.414,0.397,85.0,True,True,False,1,no_power,0.0,0.0,0.0,0.0,0.0,0.0,0.0,0.0
2024-06-23 15:00:00,0.866,0.831,179.0,True,True,False,1,no_power,0.0,0.0,0.0,0.0,0.0,0.0,0.0,0.0
2024-06-23 16:00:00,1.53,1.469,318.0,True,True,True,2,ok,1.263,0.0,1.263,0.0,0.206,0.0,0.0,0.0
2024-06-23 17:00:00,0.581,0.558,119.0,True,True,False,2,no_power,0.0,0.0,0.0,0.0,0.0,0.0,0.0,0.0
2024-06-23 18:00:00,0.62,0.595,118.0,True,True,False,2,no_power,0.0,0.0,0.0,0.0,0.0,0.0,0.0,0.0
2024-06-23 19:00:00,0.0,0.0,0.0,False,True,False,2,no_power,0.0,0.0,0.0,0.0,0.0,0.0,0.0,0.0
2024-06-23 20:00:00,0.0,0.0,0.0,False,True,False,2,no_power,0.0,0.0,0.0,0.0,0.0,0.0,0.0,0.0
2024-06-23 21:00:00,0.0,0.0,0.0,False,True,False,2,no_power,0.0,0.0,0.0,0.0,0.0,0.0,0.0,0.0
2024-06-23 22:00:00,0.0,0.0,0.0,False,True,False,2,no_power,0.0,0.0,0.0,0.0,0.0,0.0,0.0,0.0
2024-06-23 23:00:00,0.0,0.0,0.0,False,True,False,2,no_power,0.0,0.0,0.0,0.0,0.0,0.0,0.0,0.0
2024-06-24 00:00:00,0.0,0.0,0.0,False,True,False,0,no_power,0.0,0.0,0.0,0.0,0.0,0.0,0.0,0.0
2024-06-24 01:00:00,0.0,0.0,0.0,False,True,False,0,no_power,0.0,0.0,0.0,0.0,0.0,0.0,0.0,0.0
2024-06-24 02:00:00,0.0,0.0,0.0,False,True,False,0,no_power,0.0,0.0,0.0,0.0,0.0,0.0,0.0,0.0
2024-06-24 03:00:00,0.0,0.0,0.0,False,True,False,0,no_power,0.0,0.0,0.0,0.0,0.0,0.0,0.0,0.0
2024-06-24 04:00:00,0.0,0.0,0.0,False,True,False,0,no_power,0.0,0.0,0.0,0.0,0.0,0.0,0.0,0.0
2024-06-24 05:00:00,0.0,0.0,0.0,False,True,False,0,no_power,0.0,0.0,0.0,0.0,0.0,0.0,0.0,0.0
2024-06-24 06:00:00,0.277,0.266,53.0,True,True,False,0,no_power,0.0,0.0,0.0,0.0,0.0,0.0,0.0,0.0
2024-06-24 07:00:00,0.636,0.611,129.0,True,True,False,0,no_power,0.0,0.0,0.0,0.0,0.0,0.0,0.0,0.0
2024-06-24 08:00:00,0.963,0.925,198.0,True,True,False,0,no_power,0.0,0.0,0.0,0.0,0.0,0.0,0.0,0.0
2024-06-24 09:00:00,0.995,0.955,207.0,True,True,False,0,no_power,0.0,0.0,0.0,0.0,0.0,0.0,0.0,0.0
2024-06-24 10:00:00,1.662,1.595,351.0,True,True,True,1,ok,1.263,0.0,1.263,0.0,0.332,0.0,0.0,0.0
2024-06-24 11:00:00,4.02,3.859,946.0,True,True,True,2,ok,1.263,0.0,1.263,0.0,2.596,0.0,0.0,0.0
2024-06-24 12:00:00,4.175,4.008,995.0,True,True,True,3,ok,1.263,0.0,1.263,0.0,2.745,0.0,0.0,0.0
2024-06-24 13:00:00,2.364,2.27,511.0,True,True,True,4,ok,1.263,0.0,1.263,0.0,1.007,0.0,0.0,0.0
2024-06-24 14:00:00,3.05,2.928,682.0,True,True,True,5,ok,1.263,0.0,1.263,0.0,1.665,0.0,0.0,0.0
2024-06-24 15:00:00,0.308,0.296,63.0,True,True,False,5,no_power,0.0,0.0,0.0,0.0,0.0,0.0,0.0,0.0
2024-06-24 16:00:00,0.089,0.085,18.0,False,True,False,5,no_power,0.0,0.0,0.0,0.0,0.0,0.0,0.0,0.0
2024-06-24 17:00:00,0.123,0.118,25.0,True,True,False,5,no_power,0.0,0.0,0.0,0.0,0.0,0.0,0.0,0.0
2024-06-24 18:00:00,0.233,0.224,47.0,True,True,False,5,no_power,0.0,0.0,0.0,0.0,0.0,0.0,0.0,0.0
2024-06-24 19:00:00,0.0,0.0,0.0,False,True,False,5,no_power,0.0,0.0,0.0,0.0,0.0,0.0,0.0,0.0
2024-06-24 20:00:00,0.0,0.0,0.0,False,True,False,5,no_power,0.0,0.0,0.0,0.0,0.0,0.0,0.0,0.0
2024-06-24 21:00:00,0.0,0.0,0.0,False,True,False,5,no_power,0.0,0.0,0.0,0.0,0.0,0.0,0.0,0.0
2024-06-24 22:00:00,0.0,0.0,0.0,False,True,False,5,no_power,0.0,0.0,0.0,0.0,0.0,0.0,0.0,0.0
2024-06-24 23:00:00,0.0,0.0,0.0,False,True,False,5,no_power,0.0,0.0,0.0,0.0,0.0,0.0,0.0,0.0
2024-06-25 00:00:00,0.0,0.0,0.0,False,True,False,0,no_power,0.0,0.0,0.0,0.0,0.0,0.0,0.0,0.0
2024-06-25 01:00:00,0.0,0.0,0.0,False,True,False,0,no_power,0.0,0.0,0.0,0.0,0.0,0.0,0.0,0.0
2024-06-25 02:00:00,0.0,0.0,0.0,False,True,False,0,no_power,0.0,0.0,0.0,0.0,0.0,0.0,0.0,0.0
2024-06-25 03:00:00,0.0,0.0,0.0,False,True,False,0,no_power,0.0,0.0,0.0,0.0,0.0,0.0,0.0,0.0
2024-06-25 04:00:00,0.0,0.0,0.0,False,True,False,0,no_power,0.0,0.0,0.0,0.0,0.0,0.0,0.0,0.0
2024-06-25 05:00:00,0.0,0.0,0.0,False,True,False,0,no_power,0.0,0.0,0.0,0.0,0.0,0.0,0.0,0.0
2024-06-25 06:00:00,0.628,0.603,71.0,True,True,False,0,no_power,0.0,0.0,0.0,0.0,0.0,0.0,0.0,0.0
2024-06-25 07:00:00,1.605,1.541,270.0,True,True,True,1,ok,1.263,0.0,1.263,0.0,0.278,0.0,0.0,0.0
2024-06-25 08:00:00,0.916,0.88,190.0,True,True,False,1,no_power,0.0,0.0,0.0,0.0,0.0,0.0,0.0,0.0
2024-06-25 09:00:00,2.3,2.208,489.0,True,True,True,2,ok,1.263,0.0,1.263,0.0,0.945,0.0,0.0,0.0
2024-06-25 10:00:00,2.552,2.45,557.0,True,True,True,3,ok,1.263,0.0,1.263,0.0,1.187,0.0,0.0,0.0
2024-06-25 11:00:00,1.218,1.17,255.0,True,True,False,3,no_power,0.0,0.0,0.0,0.0,0.0,0.0,0.0,0.0
2024-06-25 12:00:00,3.497,3.357,807.0,True,True,True,4,ok,1.263,0.0,1.263,0.0,2.094,0.0,0.0,0.0
2024-06-25 13:00:00,2.947,2.829,659.0,True,True,True,5,ok,1.263,0.0,1.263,0.0,1.566,0.0,0.0,0.0
2024-06-25 14:00:00,1.912,1.835,408.0,True,True,True,6,ok,1.263,0.0,1.263,0.0,0.572,0.0,0.0,0.0
2024-06-25 15:00:00,2.271,2.18,489.0,True,True,False,6,cap_reached,0.0,0.0,0.0,0.0,2.18,0.0,0.0,0.0
2024-06-25 16:00:00,2.029,1.947,423.0,True,True,False,6,cap_reached,0.0,0.0,0.0,0.0,1.947,0.0,0.0,0.0
2024-06-25 17:00:00,1.373,1.319,269.0,True,True,False,6,cap_reached,0.0,0.0,0.0,0.0,1.319,0.0,0.0,0.0
2024-06-25 18:00:00,0.607,0.582,117.0,True,True,False,6,cap_reached,0.0,0.0,0.0,0.0,0.582,0.0,0.0,0.0
2024-06-25 19:00:00,0.0,0.0,0.0,False,True,False,6,cap_reached,0.0,0.0,0.0,0.0,0.0,0.0,0.0,0.0
2024-06-25 20:00:00,0.0,0.0,0.0,False,True,False,6,cap_reached,0.0,0.0,0.0,0.0,0.0,0.0,0.0,0.0
2024-06-25 21:00:00,0.0,0.0,0.0,False,True,False,6,cap_reached,0.0,0.0,0.0,0.0,0.0,0.0,0.0,0.0
2024-06-25 22:00:00,0.0,0.0,0.0,False,True,False,6,cap_reached,0.0,0.0,0.0,0.0,0.0,0.0,0.0,0.0
2024-06-25 23:00:00,0.0,0.0,0.0,False,True,False,6,cap_reached,0.0,0.0,0.0,0.0,0.0,0.0,0.0,0.0
2024-06-26 00:00:00,0.0,0.0,0.0,False,True,False,0,no_power,0.0,0.0,0.0,0.0,0.0,0.0,0.0,0.0
2024-06-26 01:00:00,0.0,0.0,0.0,False,True,False,0,no_power,0.0,0.0,0.0,0.0,0.0,0.0,0.0,0.0
2024-06-26 02:00:00,0.0,0.0,0.0,False,True,False,0,no_power,0.0,0.0,0.0,0.0,0.0,0.0,0.0,0.0
2024-06-26 03:00:00,0.0,0.0,0.0,False,True,False,0,no_power,0.0,0.0,0.0,0.0,0.0,0.0,0.0,0.0
2024-06-26 04:00:00,0.0,0.0,0.0,False,True,False,0,no_power,0.0,0.0,0.0,0.0,0.0,0.0,0.0,0.0
2024-06-26 05:00:00,0.0,0.0,0.0,False,True,False,0,no_power,0.0,0.0,0.0,0.0,0.0,0.0,0.0,0.0
2024-06-26 06:00:00,0.275,0.264,53.0,True,True,False,0,no_power,0.0,0.0,0.0,0.0,0.0,0.0,0.0,0.0
2024-06-26 07:00:00,1.35,1.296,242.0,True,True,True,1,ok,1.263,0.0,1.263,0.0,0.033,0.0,0.0,0.0
2024-06-26 08:00:00,1.04,0.999,215.0,True,True,False,1,no_power,0.0,0.0,0.0,0.0,0.0,0.0,0.0,0.0
2024-06-26 09:00:00,2.268,2.177,482.0,True,True,True,2,ok,1.263,0.0,1.263,0.0,0.914,0.0,0.0,0.0
2024-06-26 10:00:00,2.748,2.638,606.0,True,True,True,3,ok,1.263,0.0,1.263,0.0,1.375,0.0,0.0,0.0
2024-06-26 11:00:00,3.262,3.132,743.0,True,True,True,4,ok,1.263,0.0,1.263,0.0,1.869,0.0,0.0,0.0
2024-06-26 12:00:00,3.294,3.162,752.0,True,True,True,5,ok,1.263,0.0,1.263,0.0,1.899,0.0,0.0,0.0
2024-06-26 13:00:00,2.801,2.689,621.0,True,True,True,6,ok,1.263,0.0,1.263,0.0,1.426,0.0,0.0,0.0
2024-06-26 14:00:00,2.511,2.411,550.0,True,True,False,6,cap_reached,0.0,0.0,0.0,0.0,2.411,0.0,0.0,0.0
2024-06-26 15:00:00,3.38,3.245,757.0,True,True,False,6,cap_reached,0.0,0.0,0.0,0.0,3.245,0.0,0.0,0.0
2024-06-26 16:00:00,2.767,2.657,580.0,True,True,False,6,cap_reached,0.0,0.0,0.0,0.0,2.657,0.0,0.0,0.0
2024-06-26 17:00:00,0.088,0.084,18.0,False,True,False,6,cap_reached,0.0,0.0,0.0,0.0,0.084,0.0,0.0,0.0
2024-06-26 18:00:00,1.078,1.035,161.0,True,True,False,6,cap_reached,0.0,0.0,0.0,0.0,1.035,0.0,0.0,0.0
2024-06-26 19:00:00,0.0,0.0,0.0,False,True,False,6,cap_reached,0.0,0.0,0.0,0.0,0.0,0.0,0.0,0.0
2024-06-26 20:00:00,0.0,0.0,0.0,False,True,False,6,cap_reached,0.0,0.0,0.0,0.0,0.0,0.0,0.0,0.0
2024-06-26 21:00:00,0.0,0.0,0.0,False,True,False,6,cap_reached,0.0,0.0,0.0,0.0,0.0,0.0,0.0,0.0
2024-06-26 22:00:00,0.0,0.0,0.0,False,True,False,6,cap_reached,0.0,0.0,0.0,0.0,0.0,0.0,0.0,0.0
2024-06-26 23:00:00,0.0,0.0,0.0,False,True,False,6,cap_reached,0.0,0.0,0.0,0.0,0.0,0.0,0.0,0.0
2024-06-27 00:00:00,0.0,0.0,0.0,False,True,False,0,no_power,0.0,0.0,0.0,0.0,0.0,0.0,0.0,0.0
2024-06-27 01:00:00,0.0,0.0,0.0,False,True,False,0,no_power,0.0,0.0,0.0,0.0,0.0,0.0,0.0,0.0
2024-06-27 02:00:00,0.0,0.0,0.0,False,True,False,0,no_power,0.0,0.0,0.0,0.0,0.0,0.0,0.0,0.0
2024-06-27 03:00:00,0.0,0.0,0.0,False,True,False,0,no_power,0.0,0.0,0.0,0.0,0.0,0.0,0.0,0.0
2024-06-27 04:00:00,0.0,0.0,0.0,False,True,False,0,no_power,0.0,0.0,0.0,0.0,0.0,0.0,0.0,0.0
2024-06-27 05:00:00,0.0,0.0,0.0,False,True,False,0,no_power,0.0,0.0,0.0,0.0,0.0,0.0,0.0,0.0
2024-06-27 06:00:00,0.545,0.523,66.0,True,True,False,0,no_power,0.0,0.0,0.0,0.0,0.0,0.0,0.0,0.0
2024-06-27 07:00:00,1.536,1.474,262.0,True,True,True,1,ok,1.263,0.0,1.263,0.0,0.211,0.0,0.0,0.0
2024-06-27 08:00:00,2.399,2.303,477.0,True,True,True,2,ok,1.263,0.0,1.263,0.0,1.04,0.0,0.0,0.0
2024-06-27 09:00:00,3.111,2.986,675.0,True,True,True,3,ok,1.263,0.0,1.263,0.0,1.723,0.0,0.0,0.0
2024-06-27 10:00:00,3.651,3.505,838.0,True,True,True,4,ok,1.263,0.0,1.263,0.0,2.242,0.0,0.0,0.0
2024-06-27 11:00:00,3.996,3.836,947.0,True,True,True,5,ok,1.263,0.0,1.263,0.0,2.573,0.0,0.0,0.0
2024-06-27 12:00:00,4.14,3.974,995.0,True,True,True,6,ok,1.263,0.0,1.263,0.0,2.711,0.0,0.0,0.0
2024-06-27 13:00:00,4.039,3.878,963.0,True,True,False,6,cap_reached,0.0,0.0,0.0,0.0,3.878,0.0,0.0,0.0
2024-06-27 14:00:00,0.944,0.907,199.0,True,True,False,6,cap_reached,0.0,0.0,0.0,0.0,0.907,0.0,0.0,0.0
2024-06-27 15:00:00,0.126,0.121,26.0,True,True,False,6,cap_reached,0.0,0.0,0.0,0.0,0.121,0.0,0.0,0.0
2024-06-27 16:00:00,2.141,2.056,452.0,True,True,False,6,cap_reached,0.0,0.0,0.0,0.0,2.056,0.0,0.0,0.0
2024-06-27 17:00:00,1.875,1.8,356.0,True,True,False,6,cap_reached,0.0,0.0,0.0,0.0,1.8,0.0,0.0,0.0
2024-06-27 18:00:00,0.731,0.702,137.0,True,True,False,6,cap_reached,0.0,0.0,0.0,0.0,0.702,0.0,0.0,0.0
2024-06-27 19:00:00,0.0,0.0,0.0,False,True,False,6,cap_reached,0.0,0.0,0.0,0.0,0.0,0.0,0.0,0.0
2024-06-27 20:00:00,0.0,0.0,0.0,False,True,False,6,cap_reached,0.0,0.0,0.0,0.0,0.0,0.0,0.0,0.0
2024-06-27 21:00:00,0.0,0.0,0.0,False,True,False,6,cap_reached,0.0,0.0,0.0,0.0,0.0,0.0,0.0,0.0
2024-06-27 22:00:00,0.0,0.0,0.0,False,True,False,6,cap_reached,0.0,0.0,0.0,0.0,0.0,0.0,0.0,0.0
2024-06-27 23:00:00,0.0,0.0,0.0,False,True,False,6,cap_reached,0.0,0.0,0.0,0.0,0.0,0.0,0.0,0.0
2024-06-28 00:00:00,0.0,0.0,0.0,False,True,False,0,no_power,0.0,0.0,0.0,0.0,0.0,0.0,0.0,0.0
2024-06-28 01:00:00,0.0,0.0,0.0,False,True,False,0,no_power,0.0,0.0,0.0,0.0,0.0,0.0,0.0,0.0
2024-06-28 02:00:00,0.0,0.0,0.0,False,True,False,0,no_power,0.0,0.0,0.0,0.0,0.0,0.0,0.0,0.0
2024-06-28 03:00:00,0.0,0.0,0.0,False,True,False,0,no_power,0.0,0.0,0.0,0.0,0.0,0.0,0.0,0.0
2024-06-28 04:00:00,0.0,0.0,0.0,False,True,False,0,no_power,0.0,0.0,0.0,0.0,0.0,0.0,0.0,0.0
2024-06-28 05:00:00,0.0,0.0,0.0,False,True,False,0,no_power,0.0,0.0,0.0,0.0,0.0,0.0,0.0,0.0
2024-06-28 06:00:00,0.333,0.319,61.0,True,True,False,0,no_power,0.0,0.0,0.0,0.0,0.0,0.0,0.0,0.0
2024-06-28 07:00:00,1.081,1.037,206.0,True,True,False,0,no_power,0.0,0.0,0.0,0.0,0.0,0.0,0.0,0.0
2024-06-28 08:00:00,1.787,1.716,364.0,True,True,True,1,ok,1.263,0.0,1.263,0.0,0.453,0.0,0.0,0.0
2024-06-28 09:00:00,2.702,2.594,581.0,True,True,True,2,ok,1.263,0.0,1.263,0.0,1.331,0.0,0.0,0.0
2024-06-28 10:00:00,3.071,2.948,689.0,True,True,True,3,ok,1.263,0.0,1.263,0.0,1.685,0.0,0.0,0.0
2024-06-28 11:00:00,3.254,3.124,743.0,True,True,True,4,ok,1.263,0.0,1.263,0.0,1.861,0.0,0.0,0.0
2024-06-28 12:00:00,2.819,2.707,631.0,True,True,True,5,ok,1.263,0.0,1.263,0.0,1.444,0.0,0.0,0.0
2024-06-28 13:00:00,4.084,3.921,977.0,True,True,True,6,ok,1.263,0.0,1.263,0.0,2.658,0.0,0.0,0.0
2024-06-28 14:00:00,3.826,3.673,897.0,True,True,False,6,cap_reached,0.0,0.0,0.0,0.0,3.673,0.0,0.0,0.0
2024-06-28 15:00:00,3.375,3.24,761.0,True,True,False,6,cap_reached,0.0,0.0,0.0,0.0,3.24,0.0,0.0,0.0
2024-06-28 16:00:00,2.098,2.014,446.0,True,True,False,6,cap_reached,0.0,0.0,0.0,0.0,2.014,0.0,0.0,0.0
2024-06-28 17:00:00,1.423,1.367,284.0,True,True,False,6,cap_reached,0.0,0.0,0.0,0.0,1.367,0.0,0.0,0.0
2024-06-28 18:00:00,1.038,0.996,158.0,True,True,False,6,cap_reached,0.0,0.0,0.0,0.0,0.996,0.0,0.0,0.0
2024-06-28 19:00:00,0.0,0.0,0.0,False,True,False,6,cap_reached,0.0,0.0,0.0,0.0,0.0,0.0,0.0,0.0
2024-06-28 20:00:00,0.0,0.0,0.0,False,True,False,6,cap_reached,0.0,0.0,0.0,0.0,0.0,0.0,0.0,0.0
2024-06-28 21:00:00,0.0,0.0,0.0,False,True,False,6,cap_reached,0.0,0.0,0.0,0.0,0.0,0.0,0.0,0.0
2024-06-28 22:00:00,0.0,0.0,0.0,False,True,False,6,cap_reached,0.0,0.0,0.0,0.0,0.0,0.0,0.0,0.0
2024-06-28 23:00:00,0.0,0.0,0.0,False,True,False,6,cap_reached,0.0,0.0,0.0,0.0,0.0,0.0,0.0,0.0
2024-06-29 00:00:00,0.0,0.0,0.0,False,True,False,0,no_power,0.0,0.0,0.0,0.0,0.0,0.0,0.0,0.0
2024-06-29 01:00:00,0.0,0.0,0.0,False,True,False,0,no_power,0.0,0.0,0.0,0.0,0.0,0.0,0.0,0.0
2024-06-29 02:00:00,0.0,0.0,0.0,False,True,False,0,no_power,0.0,0.0,0.0,0.0,0.0,0.0,0.0,0.0
2024-06-29 03:00:00,0.0,0.0,0.0,False,True,False,0,no_power,0.0,0.0,0.0,0.0,0.0,0.0,0.0,0.0
2024-06-29 04:00:00,0.0,0.0,0.0,False,True,False,0,no_power,0.0,0.0,0.0,0.0,0.0,0.0,0.0,0.0
2024-06-29 05:00:00,0.0,0.0,0.0,False,True,False,0,no_power,0.0,0.0,0.0,0.0,0.0,0.0,0.0,0.0
2024-06-29 06:00:00,0.389,0.374,57.0,True,True,False,0,no_power,0.0,0.0,0.0,0.0,0.0,0.0,0.0,0.0
2024-06-29 07:00:00,1.391,1.336,245.0,True,True,True,1,ok,1.263,0.0,1.263,0.0,0.073,0.0,0.0,0.0
2024-06-29 08:00:00,2.273,2.182,456.0,True,True,True,2,ok,1.263,0.0,1.263,0.0,0.919,0.0,0.0,0.0
2024-06-29 09:00:00,1.98,1.9,423.0,True,True,True,3,ok,1.263,0.0,1.263,0.0,0.637,0.0,0.0,0.0
2024-06-29 10:00:00,3.05,2.928,679.0,True,True,True,4,ok,1.263,0.0,1.263,0.0,1.665,0.0,0.0,0.0
2024-06-29 11:00:00,2.921,2.804,649.0,True,True,True,5,ok,1.263,0.0,1.263,0.0,1.541,0.0,0.0,0.0
2024-06-29 12:00:00,3.142,3.016,712.0,True,True,True,6,ok,1.263,0.0,1.263,0.0,1.753,0.0,0.0,0.0
2024-06-29 13:00:00,3.054,2.931,684.0,True,True,False,6,cap_reached,0.0,0.0,0.0,0.0,2.931,0.0,0.0,0.0
2024-06-29 14:00:00,3.722,3.573,865.0,True,True,False,6,cap_reached,0.0,0.0,0.0,0.0,3.573,0.0,0.0,0.0
2024-06-29 15:00:00,3.266,3.135,730.0,True,True,False,6,cap_reached,0.0,0.0,0.0,0.0,3.135,0.0,0.0,0.0
2024-06-29 16:00:00,2.622,2.517,552.0,True,True,False,6,cap_reached,0.0,0.0,0.0,0.0,2.517,0.0,0.0,0.0
2024-06-29 17:00:00,1.445,1.387,289.0,True,True,False,6,cap_reached,0.0,0.0,0.0,0.0,1.387,0.0,0.0,0.0
2024-06-29 18:00:00,0.902,0.866,147.0,True,True,False,6,cap_reached,0.0,0.0,0.0,0.0,0.866,0.0,0.0,0.0
2024-06-29 19:00:00,0.0,0.0,0.0,False,True,False,6,cap_reached,0.0,0.0,0.0,0.0,0.0,0.0,0.0,0.0
2024-06-29 20:00:00,0.0,0.0,0.0,False,True,False,6,cap_reached,0.0,0.0,0.0,0.0,0.0,0.0,0.0,0.0
2024-06-29 21:00:00,0.0,0.0,0.0,False,True,False,6,cap_reached,0.0,0.0,0.0,0.0,0.0,0.0,0.0,0.0
2024-06-29 22:00:00,0.0,0.0,0.0,False,True,False,6,cap_reached,0.0,0.0,0.0,0.0,0.0,0.0,0.0,0.0
2024-06-29 23:00:00,0.0,0.0,0.0,False,True,False,6,cap_reached,0.0,0.0,0.0,0.0,0.0,0.0,0.0,0.0
2024-06-30 00:00:00,0.0,0.0,0.0,False,True,False,0,no_power,0.0,0.0,0.0,0.0,0.0,0.0,0.0,0.0
2024-06-30 01:00:00,0.0,0.0,0.0,False,True,False,0,no_power,0.0,0.0,0.0,0.0,0.0,0.0,0.0,0.0
2024-06-30 02:00:00,0.0,0.0,0.0,False,True,False,0,no_power,0.0,0.0,0.0,0.0,0.0,0.0,0.0,0.0
2024-06-30 03:00:00,0.0,0.0,0.0,False,True,False,0,no_power,0.0,0.0,0.0,0.0,0.0,0.0,0.0,0.0
2024-06-30 04:00:00,0.0,0.0,0.0,False,True,False,0,no_power,0.0,0.0,0.0,0.0,0.0,0.0,0.0,0.0
2024-06-30 05:00:00,0.0,0.0,0.0,False,True,False,0,no_power,0.0,0.0,0.0,0.0,0.0,0.0,0.0,0.0
2024-06-30 06:00:00,0.01,0.009,2.0,False,True,False,0,no_power,0.0,0.0,0.0,0.0,0.0,0.0,0.0,0.0
2024-06-30 07:00:00,1.318,1.265,241.0,True,True,True,1,ok,1.263,0.0,1.263,0.0,0.002,0.0,0.0,0.0
2024-06-30 08:00:00,1.532,1.47,315.0,True,True,True,2,ok,1.263,0.0,1.263,0.0,0.207,0.0,0.0,0.0
2024-06-30 09:00:00,2.078,1.995,443.0,True,True,True,3,ok,1.263,0.0,1.263,0.0,0.732,0.0,0.0,0.0
2024-06-30 10:00:00,2.689,2.582,591.0,True,True,True,4,ok,1.263,0.0,1.263,0.0,1.319,0.0,0.0,0.0
2024-06-30 11:00:00,2.358,2.264,512.0,True,True,True,5,ok,1.263,0.0,1.263,0.0,1.001,0.0,0.0,0.0
2024-06-30 12:00:00,2.545,2.443,557.0,True,True,True,6,ok,1.263,0.0,1.263,0.0,1.18,0.0,0.0,0.0
2024-06-30 13:00:00,3.036,2.915,682.0,True,True,False,6,cap_reached,0.0,0.0,0.0,0.0,2.915,0.0,0.0,0.0
2024-06-30 14:00:00,2.038,1.956,437.0,True,True,False,6,cap_reached,0.0,0.0,0.0,0.0,1.956,0.0,0.0,0.0
2024-06-30 15:00:00,1.998,1.918,428.0,True,True,False,6,cap_reached,0.0,0.0,0.0,0.0,1.918,0.0,0.0,0.0
2024-06-30 16:00:00,1.52,1.459,318.0,True,True,False,6,cap_reached,0.0,0.0,0.0,0.0,1.459,0.0,0.0,0.0
2024-06-30 17:00:00,1.522,1.461,301.0,True,True,False,6,cap_reached,0.0,0.0,0.0,0.0,1.461,0.0,0.0,0.0
2024-06-30 18:00:00,0.438,0.42,88.0,True,True,False,6,cap_reached,0.0,0.0,0.0,0.0,0.42,0.0,0.0,0.0
2024-06-30 19:00:00,0.0,0.0,0.0,False,True,False,6,cap_reached,0.0,0.0,0.0,0.0,0.0,0.0,0.0,0.0
2024-06-30 20:00:00,0.0,0.0,0.0,False,True,False,6,cap_reached,0.0,0.0,0.0,0.0,0.0,0.0,0.0,0.0
2024-06-30 21:00:00,0.0,0.0,0.0,False,True,False,6,cap_reached,0.0,0.0,0.0,0.0,0.0,0.0,0.0,0.0
2024-06-30 22:00:00,0.0,0.0,0.0,False,True,False,6,cap_reached,0.0,0.0,0.0,0.0,0.0,0.0,0.0,0.0
2024-06-30 23:00:00,0.0,0.0,0.0,False,True,False,6,cap_reached,0.0,0.0,0.0,0.0,0.0,0.0,0.0,0.0
2024-07-01 00:00:00,0.0,0.0,0.0,False,True,False,0,no_power,0.0,0.0,0.0,0.0,0.0,0.0,0.0,0.0
2024-07-01 01:00:00,0.0,0.0,0.0,False,True,False,0,no_power,0.0,0.0,0.0,0.0,0.0,0.0,0.0,0.0
2024-07-01 02:00:00,0.0,0.0,0.0,False,True,False,0,no_power,0.0,0.0,0.0,0.0,0.0,0.0,0.0,0.0
2024-07-01 03:00:00,0.0,0.0,0.0,False,True,False,0,no_power,0.0,0.0,0.0,0.0,0.0,0.0,0.0,0.0
2024-07-01 04:00:00,0.0,0.0,0.0,False,True,False,0,no_power,0.0,0.0,0.0,0.0,0.0,0.0,0.0,0.0
2024-07-01 05:00:00,0.0,0.0,0.0,False,True,False,0,no_power,0.0,0.0,0.0,0.0,0.0,0.0,0.0,0.0
2024-07-01 06:00:00,0.01,0.009,2.0,False,True,False,0,no_power,0.0,0.0,0.0,0.0,0.0,0.0,0.0,0.0
2024-07-01 07:00:00,0.636,0.611,129.0,True,True,False,0,no_power,0.0,0.0,0.0,0.0,0.0,0.0,0.0,0.0
2024-07-01 08:00:00,1.655,1.589,343.0,True,True,True,1,ok,1.263,0.0,1.263,0.0,0.326,0.0,0.0,0.0
2024-07-01 09:00:00,1.234,1.184,258.0,True,True,False,1,no_power,0.0,0.0,0.0,0.0,0.0,0.0,0.0,0.0
2024-07-01 10:00:00,0.648,0.623,134.0,True,True,False,1,no_power,0.0,0.0,0.0,0.0,0.0,0.0,0.0,0.0
2024-07-01 11:00:00,0.404,0.388,83.0,True,True,False,1,no_power,0.0,0.0,0.0,0.0,0.0,0.0,0.0,0.0
2024-07-01 12:00:00,1.813,1.74,386.0,True,True,True,2,ok,1.263,0.0,1.263,0.0,0.477,0.0,0.0,0.0
2024-07-01 13:00:00,1.48,1.421,312.0,True,True,True,3,ok,1.263,0.0,1.263,0.0,0.158,0.0,0.0,0.0
2024-07-01 14:00:00,1.688,1.621,358.0,True,True,True,4,ok,1.263,0.0,1.263,0.0,0.358,0.0,0.0,0.0
2024-07-01 15:00:00,2.158,2.071,463.0,True,True,True,5,ok,1.263,0.0,1.263,0.0,0.808,0.0,0.0,0.0
2024-07-01 16:00:00,1.828,1.755,383.0,True,True,True,6,ok,1.263,0.0,1.263,0.0,0.492,0.0,0.0,0.0
2024-07-01 17:00:00,1.028,0.987,210.0,True,True,False,6,cap_reached,0.0,0.0,0.0,0.0,0.987,0.0,0.0,0.0
2024-07-01 18:00:00,0.681,0.654,129.0,True,True,False,6,cap_reached,0.0,0.0,0.0,0.0,0.654,0.0,0.0,0.0
2024-07-01 19:00:00,0.0,0.0,0.0,False,True,False,6,cap_reached,0.0,0.0,0.0,0.0,0.0,0.0,0.0,0.0
2024-07-01 20:00:00,0.0,0.0,0.0,False,True,False,6,cap_reached,0.0,0.0,0.0,0.0,0.0,0.0,0.0,0.0
2024-07-01 21:00:00,0.0,0.0,0.0,False,True,False,6,cap_reached,0.0,0.0,0.0,0.0,0.0,0.0,0.0,0.0
2024-07-01 22:00:00,0.0,0.0,0.0,False,True,False,6,cap_reached,0.0,0.0,0.0,0.0,0.0,0.0,0.0,0.0
2024-07-01 23:00:00,0.0,0.0,0.0,False,True,False,6,cap_reached,0.0,0.0,0.0,0.0,0.0,0.0,0.0,0.0
2024-07-02 00:00:00,0.0,0.0,0.0,False,True,False,0,no_power,0.0,0.0,0.0,0.0,0.0,0.0,0.0,0.0
2024-07-02 01:00:00,0.0,0.0,0.0,False,True,False,0,no_power,0.0,0.0,0.0,0.0,0.0,0.0,0.0,0.0
2024-07-02 02:00:00,0.0,0.0,0.0,False,True,False,0,no_power,0.0,0.0,0.0,0.0,0.0,0.0,0.0,0.0
2024-07-02 03:00:00,0.0,0.0,0.0,False,True,False,0,no_power,0.0,0.0,0.0,0.0,0.0,0.0,0.0,0.0
2024-07-02 04:00:00,0.0,0.0,0.0,False,True,False,0,no_power,0.0,0.0,0.0,0.0,0.0,0.0,0.0,0.0
2024-07-02 05:00:00,0.0,0.0,0.0,False,True,False,0,no_power,0.0,0.0,0.0,0.0,0.0,0.0,0.0,0.0
2024-07-02 06:00:00,0.428,0.411,58.0,True,True,False,0,no_power,0.0,0.0,0.0,0.0,0.0,0.0,0.0,0.0
2024-07-02 07:00:00,1.446,1.389,249.0,True,True,True,1,ok,1.263,0.0,1.263,0.0,0.126,0.0,0.0,0.0
2024-07-02 08:00:00,2.327,2.234,464.0,True,True,True,2,ok,1.263,0.0,1.263,0.0,0.971,0.0,0.0,0.0
2024-07-02 09:00:00,3.055,2.933,663.0,True,True,True,3,ok,1.263,0.0,1.263,0.0,1.67,0.0,0.0,0.0
2024-07-02 10:00:00,2.76,2.65,609.0,True,True,True,4,ok,1.263,0.0,1.263,0.0,1.387,0.0,0.0,0.0
2024-07-02 11:00:00,3.956,3.797,933.0,True,True,True,5,ok,1.263,0.0,1.263,0.0,2.534,0.0,0.0,0.0
2024-07-02 12:00:00,4.109,3.944,982.0,True,True,True,6,ok,1.263,0.0,1.263,0.0,2.681,0.0,0.0,0.0
2024-07-02 13:00:00,4.043,3.882,964.0,True,True,False,6,cap_reached,0.0,0.0,0.0,0.0,3.882,0.0,0.0,0.0
2024-07-02 14:00:00,3.792,3.64,885.0,True,True,False,6,cap_reached,0.0,0.0,0.0,0.0,3.64,0.0,0.0,0.0
2024-07-02 15:00:00,2.692,2.584,592.0,True,True,False,6,cap_reached,0.0,0.0,0.0,0.0,2.584,0.0,0.0,0.0
2024-07-02 16:00:00,1.708,1.639,359.0,True,True,False,6,cap_reached,0.0,0.0,0.0,0.0,1.639,0.0,0.0,0.0
2024-07-02 17:00:00,1.278,1.226,260.0,True,True,False,6,cap_reached,0.0,0.0,0.0,0.0,1.226,0.0,0.0,0.0
2024-07-02 18:00:00,0.813,0.781,145.0,True,True,False,6,cap_reached,0.0,0.0,0.0,0.0,0.781,0.0,0.0,0.0
2024-07-02 19:00:00,0.0,0.0,0.0,False,True,False,6,cap_reached,0.0,0.0,0.0,0.0,0.0,0.0,0.0,0.0
2024-07-02 20:00:00,0.0,0.0,0.0,False,True,False,6,cap_reached,0.0,0.0,0.0,0.0,0.0,0.0,0.0,0.0
2024-07-02 21:00:00,0.0,0.0,0.0,False,True,False,6,cap_reached,0.0,0.0,0.0,0.0,0.0,0.0,0.0,0.0
2024-07-02 22:00:00,0.0,0.0,0.0,False,True,False,6,cap_reached,0.0,0.0,0.0,0.0,0.0,0.0,0.0,0.0
2024-07-02 23:00:00,0.0,0.0,0.0,False,True,False,6,cap_reached,0.0,0.0,0.0,0.0,0.0,0.0,0.0,0.0
2024-07-03 00:00:00,0.0,0.0,0.0,False,True,False,0,no_power,0.0,0.0,0.0,0.0,0.0,0.0,0.0,0.0
2024-07-03 01:00:00,0.0,0.0,0.0,False,True,False,0,no_power,0.0,0.0,0.0,0.0,0.0,0.0,0.0,0.0
2024-07-03 02:00:00,0.0,0.0,0.0,False,True,False,0,no_power,0.0,0.0,0.0,0.0,0.0,0.0,0.0,0.0
2024-07-03 03:00:00,0.0,0.0,0.0,False,True,False,0,no_power,0.0,0.0,0.0,0.0,0.0,0.0,0.0,0.0
2024-07-03 04:00:00,0.0,0.0,0.0,False,True,False,0,no_power,0.0,0.0,0.0,0.0,0.0,0.0,0.0,0.0
2024-07-03 05:00:00,0.0,0.0,0.0,False,True,False,0,no_power,0.0,0.0,0.0,0.0,0.0,0.0,0.0,0.0
2024-07-03 06:00:00,0.419,0.403,57.0,True,True,False,0,no_power,0.0,0.0,0.0,0.0,0.0,0.0,0.0,0.0
2024-07-03 07:00:00,1.253,1.203,230.0,True,True,False,0,no_power,0.0,0.0,0.0,0.0,0.0,0.0,0.0,0.0
2024-07-03 08:00:00,1.113,1.068,232.0,True,True,False,0,no_power,0.0,0.0,0.0,0.0,0.0,0.0,0.0,0.0
2024-07-03 09:00:00,3.039,2.918,661.0,True,True,True,1,ok,1.263,0.0,1.263,0.0,1.655,0.0,0.0,0.0
2024-07-03 10:00:00,3.612,3.468,829.0,True,True,True,2,ok,1.263,0.0,1.263,0.0,2.205,0.0,0.0,0.0
2024-07-03 11:00:00,3.967,3.808,940.0,True,True,True,3,ok,1.263,0.0,1.263,0.0,2.545,0.0,0.0,0.0
2024-07-03 12:00:00,4.123,3.959,991.0,True,True,True,4,ok,1.263,0.0,1.263,0.0,2.696,0.0,0.0,0.0
2024-07-03 13:00:00,4.078,3.915,976.0,True,True,True,5,ok,1.263,0.0,1.263,0.0,2.652,0.0,0.0,0.0
2024-07-03 14:00:00,3.828,3.675,899.0,True,True,True,6,ok,1.263,0.0,1.263,0.0,2.412,0.0,0.0,0.0
2024-07-03 15:00:00,3.385,3.25,764.0,True,True,False,6,cap_reached,0.0,0.0,0.0,0.0,3.25,0.0,0.0,0.0
2024-07-03 16:00:00,2.755,2.645,582.0,True,True,False,6,cap_reached,0.0,0.0,0.0,0.0,2.645,0.0,0.0,0.0
2024-07-03 17:00:00,1.954,1.875,371.0,True,True,False,6,cap_reached,0.0,0.0,0.0,0.0,1.875,0.0,0.0,0.0
2024-07-03 18:00:00,1.014,0.973,158.0,True,True,False,6,cap_reached,0.0,0.0,0.0,0.0,0.973,0.0,0.0,0.0
2024-07-03 19:00:00,0.0,0.0,0.0,False,True,False,6,cap_reached,0.0,0.0,0.0,0.0,0.0,0.0,0.0,0.0
2024-07-03 20:00:00,0.0,0.0,0.0,False,True,False,6,cap_reached,0.0,0.0,0.0,0.0,0.0,0.0,0.0,0.0
2024-07-03 21:00:00,0.0,0.0,0.0,False,True,False,6,cap_reached,0.0,0.0,0.0,0.0,0.0,0.0,0.0,0.0
2024-07-03 22:00:00,0.0,0.0,0.0,False,True,False,6,cap_reached,0.0,0.0,0.0,0.0,0.0,0.0,0.0,0.0
2024-07-03 23:00:00,0.0,0.0,0.0,False,True,False,6,cap_reached,0.0,0.0,0.0,0.0,0.0,0.0,0.0,0.0
2024-07-04 00:00:00,0.0,0.0,0.0,False,True,False,0,no_power,0.0,0.0,0.0,0.0,0.0,0.0,0.0,0.0
2024-07-04 01:00:00,0.0,0.0,0.0,False,True,False,0,no_power,0.0,0.0,0.0,0.0,0.0,0.0,0.0,0.0
2024-07-04 02:00:00,0.0,0.0,0.0,False,True,False,0,no_power,0.0,0.0,0.0,0.0,0.0,0.0,0.0,0.0
2024-07-04 03:00:00,0.0,0.0,0.0,False,True,False,0,no_power,0.0,0.0,0.0,0.0,0.0,0.0,0.0,0.0
2024-07-04 04:00:00,0.0,0.0,0.0,False,True,False,0,no_power,0.0,0.0,0.0,0.0,0.0,0.0,0.0,0.0
2024-07-04 05:00:00,0.0,0.0,0.0,False,True,False,0,no_power,0.0,0.0,0.0,0.0,0.0,0.0,0.0,0.0
2024-07-04 06:00:00,0.134,0.128,27.0,True,True,False,0,no_power,0.0,0.0,0.0,0.0,0.0,0.0,0.0,0.0
2024-07-04 07:00:00,1.089,1.045,206.0,True,True,False,0,no_power,0.0,0.0,0.0,0.0,0.0,0.0,0.0,0.0
2024-07-04 08:00:00,2.341,2.248,467.0,True,True,True,1,ok,1.263,0.0,1.263,0.0,0.985,0.0,0.0,0.0
2024-07-04 09:00:00,3.065,2.942,668.0,True,True,True,2,ok,1.263,0.0,1.263,0.0,1.679,0.0,0.0,0.0
2024-07-04 10:00:00,3.614,3.47,831.0,True,True,True,3,ok,1.263,0.0,1.263,0.0,2.207,0.0,0.0,0.0
2024-07-04 11:00:00,3.109,2.984,704.0,True,True,True,4,ok,1.263,0.0,1.263,0.0,1.721,0.0,0.0,0.0
2024-07-04 12:00:00,2.747,2.637,610.0,True,True,True,5,ok,1.263,0.0,1.263,0.0,1.374,0.0,0.0,0.0
2024-07-04 13:00:00,4.077,3.914,978.0,True,True,True,6,ok,1.263,0.0,1.263,0.0,2.651,0.0,0.0,0.0
2024-07-04 14:00:00,2.268,2.177,494.0,True,True,False,6,cap_reached,0.0,0.0,0.0,0.0,2.177,0.0,0.0,0.0
2024-07-04 15:00:00,1.555,1.493,331.0,True,True,False,6,cap_reached,0.0,0.0,0.0,0.0,1.493,0.0,0.0,0.0
2024-07-04 16:00:00,2.742,2.632,580.0,True,True,False,6,cap_reached,0.0,0.0,0.0,0.0,2.632,0.0,0.0,0.0
2024-07-04 17:00:00,1.946,1.868,369.0,True,True,False,6,cap_reached,0.0,0.0,0.0,0.0,1.868,0.0,0.0,0.0
2024-07-04 18:00:00,1.005,0.965,157.0,True,True,False,6,cap_reached,0.0,0.0,0.0,0.0,0.965,0.0,0.0,0.0
2024-07-04 19:00:00,0.0,0.0,0.0,False,True,False,6,cap_reached,0.0,0.0,0.0,0.0,0.0,0.0,0.0,0.0
2024-07-04 20:00:00,0.0,0.0,0.0,False,True,False,6,cap_reached,0.0,0.0,0.0,0.0,0.0,0.0,0.0,0.0
2024-07-04 21:00:00,0.0,0.0,0.0,False,True,False,6,cap_reached,0.0,0.0,0.0,0.0,0.0,0.0,0.0,0.0
2024-07-04 22:00:00,0.0,0.0,0.0,False,True,False,6,cap_reached,0.0,0.0,0.0,0.0,0.0,0.0,0.0,0.0
2024-07-04 23:00:00,0.0,0.0,0.0,False,True,False,6,cap_reached,0.0,0.0,0.0,0.0,0.0,0.0,0.0,0.0
2024-07-05 00:00:00,0.0,0.0,0.0,False,True,False,0,no_power,0.0,0.0,0.0,0.0,0.0,0.0,0.0,0.0
2024-07-05 01:00:00,0.0,0.0,0.0,False,True,False,0,no_power,0.0,0.0,0.0,0.0,0.0,0.0,0.0,0.0
2024-07-05 02:00:00,0.0,0.0,0.0,False,True,False,0,no_power,0.0,0.0,0.0,0.0,0.0,0.0,0.0,0.0
2024-07-05 03:00:00,0.0,0.0,0.0,False,True,False,0,no_power,0.0,0.0,0.0,0.0,0.0,0.0,0.0,0.0
2024-07-05 04:00:00,0.0,0.0,0.0,False,True,False,0,no_power,0.0,0.0,0.0,0.0,0.0,0.0,0.0,0.0
2024-07-05 05:00:00,0.0,0.0,0.0,False,True,False,0,no_power,0.0,0.0,0.0,0.0,0.0,0.0,0.0,0.0
2024-07-05 06:00:00,0.457,0.439,58.0,True,True,False,0,no_power,0.0,0.0,0.0,0.0,0.0,0.0,0.0,0.0
2024-07-05 07:00:00,1.474,1.415,252.0,True,True,True,1,ok,1.263,0.0,1.263,0.0,0.152,0.0,0.0,0.0
2024-07-05 08:00:00,2.355,2.261,470.0,True,True,True,2,ok,1.263,0.0,1.263,0.0,0.998,0.0,0.0,0.0
2024-07-05 09:00:00,3.083,2.959,672.0,True,True,True,3,ok,1.263,0.0,1.263,0.0,1.696,0.0,0.0,0.0
2024-07-05 10:00:00,3.635,3.49,837.0,True,True,True,4,ok,1.263,0.0,1.263,0.0,2.227,0.0,0.0,0.0
2024-07-05 11:00:00,3.986,3.827,949.0,True,True,True,5,ok,1.263,0.0,1.263,0.0,2.564,0.0,0.0,0.0
2024-07-05 12:00:00,2.16,2.074,469.0,True,True,True,6,ok,1.263,0.0,1.263,0.0,0.811,0.0,0.0,0.0
2024-07-05 13:00:00,1.027,0.986,216.0,True,True,False,6,cap_reached,0.0,0.0,0.0,0.0,0.986,0.0,0.0,0.0
2024-07-05 14:00:00,3.83,3.677,904.0,True,True,False,6,cap_reached,0.0,0.0,0.0,0.0,3.677,0.0,0.0,0.0
2024-07-05 15:00:00,2.72,2.611,600.0,True,True,False,6,cap_reached,0.0,0.0,0.0,0.0,2.611,0.0,0.0,0.0
2024-07-05 16:00:00,1.543,1.481,327.0,True,True,False,6,cap_reached,0.0,0.0,0.0,0.0,1.481,0.0,0.0,0.0
2024-07-05 17:00:00,1.98,1.9,375.0,True,True,False,6,cap_reached,0.0,0.0,0.0,0.0,1.9,0.0,0.0,0.0
2024-07-05 18:00:00,0.029,0.028,6.0,False,True,False,6,cap_reached,0.0,0.0,0.0,0.0,0.028,0.0,0.0,0.0
2024-07-05 19:00:00,0.0,0.0,0.0,False,True,False,6,cap_reached,0.0,0.0,0.0,0.0,0.0,0.0,0.0,0.0
2024-07-05 20:00:00,0.0,0.0,0.0,False,True,False,6,cap_reached,0.0,0.0,0.0,0.0,0.0,0.0,0.0,0.0
2024-07-05 21:00:00,0.0,0.0,0.0,False,True,False,6,cap_reached,0.0,0.0,0.0,0.0,0.0,0.0,0.0,0.0
2024-07-05 22:00:00,0.0,0.0,0.0,False,True,False,6,cap_reached,0.0,0.0,0.0,0.0,0.0,0.0,0.0,0.0
2024-07-05 23:00:00,0.0,0.0,0.0,False,True,False,6,cap_reached,0.0,0.0,0.0,0.0,0.0,0.0,0.0,0.0
2024-07-06 00:00:00,0.0,0.0,0.0,False,True,False,0,no_power,0.0,0.0,0.0,0.0,0.0,0.0,0.0,0.0
2024-07-06 01:00:00,0.0,0.0,0.0,False,True,False,0,no_power,0.0,0.0,0.0,0.0,0.0,0.0,0.0,0.0
2024-07-06 02:00:00,0.0,0.0,0.0,False,True,False,0,no_power,0.0,0.0,0.0,0.0,0.0,0.0,0.0,0.0
2024-07-06 03:00:00,0.0,0.0,0.0,False,True,False,0,no_power,0.0,0.0,0.0,0.0,0.0,0.0,0.0,0.0
2024-07-06 04:00:00,0.0,0.0,0.0,False,True,False,0,no_power,0.0,0.0,0.0,0.0,0.0,0.0,0.0,0.0
2024-07-06 05:00:00,0.0,0.0,0.0,False,True,False,0,no_power,0.0,0.0,0.0,0.0,0.0,0.0,0.0,0.0
2024-07-06 06:00:00,0.039,0.038,8.0,False,True,False,0,no_power,0.0,0.0,0.0,0.0,0.0,0.0,0.0,0.0
2024-07-06 07:00:00,1.456,1.398,250.0,True,True,True,1,ok,1.263,0.0,1.263,0.0,0.135,0.0,0.0,0.0
2024-07-06 08:00:00,2.334,2.241,467.0,True,True,True,2,ok,1.263,0.0,1.263,0.0,0.978,0.0,0.0,0.0
2024-07-06 09:00:00,2.484,2.385,535.0,True,True,True,3,ok,1.263,0.0,1.263,0.0,1.122,0.0,0.0,0.0
2024-07-06 10:00:00,3.113,2.988,698.0,True,True,True,4,ok,1.263,0.0,1.263,0.0,1.725,0.0,0.0,0.0
2024-07-06 11:00:00,2.186,2.098,474.0,True,True,True,5,ok,1.263,0.0,1.263,0.0,0.835,0.0,0.0,0.0
2024-07-06 12:00:00,2.642,2.537,586.0,True,True,True,6,ok,1.263,0.0,1.263,0.0,1.274,0.0,0.0,0.0
2024-07-06 13:00:00,2.822,2.709,636.0,True,True,False,6,cap_reached,0.0,0.0,0.0,0.0,2.709,0.0,0.0,0.0
2024-07-06 14:00:00,2.894,2.778,652.0,True,True,False,6,cap_reached,0.0,0.0,0.0,0.0,2.778,0.0,0.0,0.0
2024-07-06 15:00:00,2.683,2.575,593.0,True,True,False,6,cap_reached,0.0,0.0,0.0,0.0,2.575,0.0,0.0,0.0
2024-07-06 16:00:00,2.717,2.608,579.0,True,True,False,6,cap_reached,0.0,0.0,0.0,0.0,2.608,0.0,0.0,0.0
2024-07-06 17:00:00,1.026,0.985,214.0,True,True,False,6,cap_reached,0.0,0.0,0.0,0.0,0.985,0.0,0.0,0.0
2024-07-06 18:00:00,0.616,0.591,123.0,True,True,False,6,cap_reached,0.0,0.0,0.0,0.0,0.591,0.0,0.0,0.0
2024-07-06 19:00:00,0.0,0.0,0.0,False,True,False,6,cap_reached,0.0,0.0,0.0,0.0,0.0,0.0,0.0,0.0
2024-07-06 20:00:00,0.0,0.0,0.0,False,True,False,6,cap_reached,0.0,0.0,0.0,0.0,0.0,0.0,0.0,0.0
2024-07-06 21:00:00,0.0,0.0,0.0,False,True,False,6,cap_reached,0.0,0.0,0.0,0.0,0.0,0.0,0.0,0.0
2024-07-06 22:00:00,0.0,0.0,0.0,False,True,False,6,cap_reached,0.0,0.0,0.0,0.0,0.0,0.0,0.0,0.0
2024-07-06 23:00:00,0.0,0.0,0.0,False,True,False,6,cap_reached,0.0,0.0,0.0,0.0,0.0,0.0,0.0,0.0
2024-07-07 00:00:00,0.0,0.0,0.0,False,True,False,0,no_power,0.0,0.0,0.0,0.0,0.0,0.0,0.0,0.0
2024-07-07 01:00:00,0.0,0.0,0.0,False,True,False,0,no_power,0.0,0.0,0.0,0.0,0.0,0.0,0.0,0.0
2024-07-07 02:00:00,0.0,0.0,0.0,False,True,False,0,no_power,0.0,0.0,0.0,0.0,0.0,0.0,0.0,0.0
2024-07-07 03:00:00,0.0,0.0,0.0,False,True,False,0,no_power,0.0,0.0,0.0,0.0,0.0,0.0,0.0,0.0
2024-07-07 04:00:00,0.0,0.0,0.0,False,True,False,0,no_power,0.0,0.0,0.0,0.0,0.0,0.0,0.0,0.0
2024-07-07 05:00:00,0.0,0.0,0.0,False,True,False,0,no_power,0.0,0.0,0.0,0.0,0.0,0.0,0.0,0.0
2024-07-07 06:00:00,0.39,0.375,53.0,True,True,False,0,no_power,0.0,0.0,0.0,0.0,0.0,0.0,0.0,0.0
2024-07-07 07:00:00,1.39,1.335,242.0,True,True,True,1,ok,1.263,0.0,1.263,0.0,0.072,0.0,0.0,0.0
2024-07-07 08:00:00,2.272,2.181,455.0,True,True,True,2,ok,1.263,0.0,1.263,0.0,0.918,0.0,0.0,0.0
2024-07-07 09:00:00,2.997,2.877,655.0,True,True,True,3,ok,1.263,0.0,1.263,0.0,1.614,0.0,0.0,0.0
2024-07-07 10:00:00,3.219,3.091,731.0,True,True,True,4,ok,1.263,0.0,1.263,0.0,1.828,0.0,0.0,0.0
2024-07-07 11:00:00,2.865,2.751,640.0,True,True,True,5,ok,1.263,0.0,1.263,0.0,1.488,0.0,0.0,0.0
2024-07-07 12:00:00,3.816,3.663,911.0,True,True,True,6,ok,1.263,0.0,1.263,0.0,2.4,0.0,0.0,0.0
2024-07-07 13:00:00,3.652,3.506,869.0,True,True,False,6,cap_reached,0.0,0.0,0.0,0.0,3.506,0.0,0.0,0.0
2024-07-07 14:00:00,3.105,2.981,709.0,True,True,False,6,cap_reached,0.0,0.0,0.0,0.0,2.981,0.0,0.0,0.0
2024-07-07 15:00:00,0.745,0.715,156.0,True,True,False,6,cap_reached,0.0,0.0,0.0,0.0,0.715,0.0,0.0,0.0
2024-07-07 16:00:00,0.381,0.366,80.0,True,True,False,6,cap_reached,0.0,0.0,0.0,0.0,0.366,0.0,0.0,0.0
2024-07-07 17:00:00,0.629,0.604,131.0,True,True,False,6,cap_reached,0.0,0.0,0.0,0.0,0.604,0.0,0.0,0.0
2024-07-07 18:00:00,0.511,0.49,105.0,True,True,False,6,cap_reached,0.0,0.0,0.0,0.0,0.49,0.0,0.0,0.0
2024-07-07 19:00:00,0.0,0.0,0.0,False,True,False,6,cap_reached,0.0,0.0,0.0,0.0,0.0,0.0,0.0,0.0
2024-07-07 20:00:00,0.0,0.0,0.0,False,True,False,6,cap_reached,0.0,0.0,0.0,0.0,0.0,0.0,0.0,0.0
2024-07-07 21:00:00,0.0,0.0,0.0,False,True,False,6,cap_reached,0.0,0.0,0.0,0.0,0.0,0.0,0.0,0.0
2024-07-07 22:00:00,0.0,0.0,0.0,False,True,False,6,cap_reached,0.0,0.0,0.0,0.0,0.0,0.0,0.0,0.0
2024-07-07 23:00:00,0.0,0.0,0.0,False,True,False,6,cap_reached,0.0,0.0,0.0,0.0,0.0,0.0,0.0,0.0
2024-07-08 00:00:00,0.0,0.0,0.0,False,True,False,0,no_power,0.0,0.0,0.0,0.0,0.0,0.0,0.0,0.0
2024-07-08 01:00:00,0.0,0.0,0.0,False,True,False,0,no_power,0.0,0.0,0.0,0.0,0.0,0.0,0.0,0.0
2024-07-08 02:00:00,0.0,0.0,0.0,False,True,False,0,no_power,0.0,0.0,0.0,0.0,0.0,0.0,0.0,0.0
2024-07-08 03:00:00,0.0,0.0,0.0,False,True,False,0,no_power,0.0,0.0,0.0,0.0,0.0,0.0,0.0,0.0
2024-07-08 04:00:00,0.0,0.0,0.0,False,True,False,0,no_power,0.0,0.0,0.0,0.0,0.0,0.0,0.0,0.0
2024-07-08 05:00:00,0.0,0.0,0.0,False,True,False,0,no_power,0.0,0.0,0.0,0.0,0.0,0.0,0.0,0.0
2024-07-08 06:00:00,0.231,0.222,42.0,True,True,False,0,no_power,0.0,0.0,0.0,0.0,0.0,0.0,0.0,0.0
2024-07-08 07:00:00,1.202,1.154,221.0,True,True,False,0,no_power,0.0,0.0,0.0,0.0,0.0,0.0,0.0,0.0
2024-07-08 08:00:00,2.129,2.044,432.0,True,True,True,1,ok,1.263,0.0,1.263,0.0,0.781,0.0,0.0,0.0
2024-07-08 09:00:00,2.896,2.78,633.0,True,True,True,2,ok,1.263,0.0,1.263,0.0,1.517,0.0,0.0,0.0
2024-07-08 10:00:00,3.165,3.038,713.0,True,True,True,3,ok,1.263,0.0,1.263,0.0,1.775,0.0,0.0,0.0
2024-07-08 11:00:00,3.575,3.432,830.0,True,True,True,4,ok,1.263,0.0,1.263,0.0,2.169,0.0,0.0,0.0
2024-07-08 12:00:00,3.629,3.484,849.0,True,True,True,5,ok,1.263,0.0,1.263,0.0,2.221,0.0,0.0,0.0
2024-07-08 13:00:00,3.417,3.28,789.0,True,True,True,6,ok,1.263,0.0,1.263,0.0,2.017,0.0,0.0,0.0
2024-07-08 14:00:00,2.88,2.764,645.0,True,True,False,6,cap_reached,0.0,0.0,0.0,0.0,2.764,0.0,0.0,0.0
2024-07-08 15:00:00,2.156,2.07,468.0,True,True,False,6,cap_reached,0.0,0.0,0.0,0.0,2.07,0.0,0.0,0.0
2024-07-08 16:00:00,1.465,1.406,310.0,True,True,False,6,cap_reached,0.0,0.0,0.0,0.0,1.406,0.0,0.0,0.0
2024-07-08 17:00:00,0.723,0.694,149.0,True,True,False,6,cap_reached,0.0,0.0,0.0,0.0,0.694,0.0,0.0,0.0
2024-07-08 18:00:00,0.587,0.563,119.0,True,True,False,6,cap_reached,0.0,0.0,0.0,0.0,0.563,0.0,0.0,0.0
2024-07-08 19:00:00,0.0,0.0,0.0,False,True,False,6,cap_reached,0.0,0.0,0.0,0.0,0.0,0.0,0.0,0.0
2024-07-08 20:00:00,0.0,0.0,0.0,False,True,False,6,cap_reached,0.0,0.0,0.0,0.0,0.0,0.0,0.0,0.0
2024-07-08 21:00:00,0.0,0.0,0.0,False,True,False,6,cap_reached,0.0,0.0,0.0,0.0,0.0,0.0,0.0,0.0
2024-07-08 22:00:00,0.0,0.0,0.0,False,True,False,6,cap_reached,0.0,0.0,0.0,0.0,0.0,0.0,0.0,0.0
2024-07-08 23:00:00,0.0,0.0,0.0,False,True,False,6,cap_reached,0.0,0.0,0.0,0.0,0.0,0.0,0.0,0.0
2024-07-09 00:00:00,0.0,0.0,0.0,False,True,False,0,no_power,0.0,0.0,0.0,0.0,0.0,0.0,0.0,0.0
2024-07-09 01:00:00,0.0,0.0,0.0,False,True,False,0,no_power,0.0,0.0,0.0,0.0,0.0,0.0,0.0,0.0
2024-07-09 02:00:00,0.0,0.0,0.0,False,True,False,0,no_power,0.0,0.0,0.0,0.0,0.0,0.0,0.0,0.0
2024-07-09 03:00:00,0.0,0.0,0.0,False,True,False,0,no_power,0.0,0.0,0.0,0.0,0.0,0.0,0.0,0.0
2024-07-09 04:00:00,0.0,0.0,0.0,False,True,False,0,no_power,0.0,0.0,0.0,0.0,0.0,0.0,0.0,0.0
2024-07-09 05:00:00,0.0,0.0,0.0,False,True,False,0,no_power,0.0,0.0,0.0,0.0,0.0,0.0,0.0,0.0
2024-07-09 06:00:00,0.225,0.216,41.0,True,True,False,0,no_power,0.0,0.0,0.0,0.0,0.0,0.0,0.0,0.0
2024-07-09 07:00:00,0.562,0.539,115.0,True,True,False,0,no_power,0.0,0.0,0.0,0.0,0.0,0.0,0.0,0.0
2024-07-09 08:00:00,1.287,1.236,268.0,True,True,False,0,no_power,0.0,0.0,0.0,0.0,0.0,0.0,0.0,0.0
2024-07-09 09:00:00,1.809,1.737,385.0,True,True,True,1,ok,1.263,0.0,1.263,0.0,0.474,0.0,0.0,0.0
2024-07-09 10:00:00,1.667,1.6,355.0,True,True,True,2,ok,1.263,0.0,1.263,0.0,0.337,0.0,0.0,0.0
2024-07-09 11:00:00,3.248,3.119,739.0,True,True,True,3,ok,1.263,0.0,1.263,0.0,1.856,0.0,0.0,0.0
2024-07-09 12:00:00,4.021,3.86,960.0,True,True,True,4,ok,1.263,0.0,1.263,0.0,2.597,0.0,0.0,0.0
2024-07-09 13:00:00,2.484,2.385,546.0,True,True,True,5,ok,1.263,0.0,1.263,0.0,1.122,0.0,0.0,0.0
2024-07-09 14:00:00,2.979,2.86,669.0,True,True,True,6,ok,1.263,0.0,1.263,0.0,1.597,0.0,0.0,0.0
2024-07-09 15:00:00,2.135,2.05,462.0,True,True,False,6,cap_reached,0.0,0.0,0.0,0.0,2.05,0.0,0.0,0.0
2024-07-09 16:00:00,1.135,1.089,239.0,True,True,False,6,cap_reached,0.0,0.0,0.0,0.0,1.089,0.0,0.0,0.0
2024-07-09 17:00:00,1.223,1.174,251.0,True,True,False,6,cap_reached,0.0,0.0,0.0,0.0,1.174,0.0,0.0,0.0
2024-07-09 18:00:00,0.376,0.36,77.0,True,True,False,6,cap_reached,0.0,0.0,0.0,0.0,0.36,0.0,0.0,0.0
2024-07-09 19:00:00,0.0,0.0,0.0,False,True,False,6,cap_reached,0.0,0.0,0.0,0.0,0.0,0.0,0.0,0.0
2024-07-09 20:00:00,0.0,0.0,0.0,False,True,False,6,cap_reached,0.0,0.0,0.0,0.0,0.0,0.0,0.0,0.0
2024-07-09 21:00:00,0.0,0.0,0.0,False,True,False,6,cap_reached,0.0,0.0,0.0,0.0,0.0,0.0,0.0,0.0
2024-07-09 22:00:00,0.0,0.0,0.0,False,True,False,6,cap_reached,0.0,0.0,0.0,0.0,0.0,0.0,0.0,0.0
2024-07-09 23:00:00,0.0,0.0,0.0,False,True,False,6,cap_reached,0.0,0.0,0.0,0.0,0.0,0.0,0.0,0.0
2024-07-10 00:00:00,0.0,0.0,0.0,False,True,False,0,no_power,0.0,0.0,0.0,0.0,0.0,0.0,0.0,0.0
2024-07-10 01:00:00,0.0,0.0,0.0,False,True,False,0,no_power,0.0,0.0,0.0,0.0,0.0,0.0,0.0,0.0
2024-07-10 02:00:00,0.0,0.0,0.0,False,True,False,0,no_power,0.0,0.0,0.0,0.0,0.0,0.0,0.0,0.0
2024-07-10 03:00:00,0.0,0.0,0.0,False,True,False,0,no_power,0.0,0.0,0.0,0.0,0.0,0.0,0.0,0.0
2024-07-10 04:00:00,0.0,0.0,0.0,False,True,False,0,no_power,0.0,0.0,0.0,0.0,0.0,0.0,0.0,0.0
2024-07-10 05:00:00,0.0,0.0,0.0,False,True,False,0,no_power,0.0,0.0,0.0,0.0,0.0,0.0,0.0,0.0
2024-07-10 06:00:00,0.249,0.239,43.0,True,True,False,0,no_power,0.0,0.0,0.0,0.0,0.0,0.0,0.0,0.0
2024-07-10 07:00:00,1.235,1.186,223.0,True,True,False,0,no_power,0.0,0.0,0.0,0.0,0.0,0.0,0.0,0.0
2024-07-10 08:00:00,2.158,2.072,435.0,True,True,True,1,ok,1.263,0.0,1.263,0.0,0.809,0.0,0.0,0.0
2024-07-10 09:00:00,2.29,2.199,493.0,True,True,True,2,ok,1.263,0.0,1.263,0.0,0.936,0.0,0.0,0.0
2024-07-10 10:00:00,2.908,2.791,645.0,True,True,True,3,ok,1.263,0.0,1.263,0.0,1.528,0.0,0.0,0.0
2024-07-10 11:00:00,3.888,3.732,922.0,True,True,True,4,ok,1.263,0.0,1.263,0.0,2.469,0.0,0.0,0.0
2024-07-10 12:00:00,4.049,3.887,974.0,True,True,True,5,ok,1.263,0.0,1.263,0.0,2.624,0.0,0.0,0.0
2024-07-10 13:00:00,1.801,1.729,386.0,True,True,True,6,ok,1.263,0.0,1.263,0.0,0.466,0.0,0.0,0.0
2024-07-10 14:00:00,2.356,2.262,516.0,True,True,False,6,cap_reached,0.0,0.0,0.0,0.0,2.262,0.0,0.0,0.0
2024-07-10 15:00:00,2.397,2.301,523.0,True,True,False,6,cap_reached,0.0,0.0,0.0,0.0,2.301,0.0,0.0,0.0
2024-07-10 16:00:00,1.719,1.65,366.0,True,True,False,6,cap_reached,0.0,0.0,0.0,0.0,1.65,0.0,0.0,0.0
2024-07-10 17:00:00,0.853,0.819,176.0,True,True,False,6,cap_reached,0.0,0.0,0.0,0.0,0.819,0.0,0.0,0.0
2024-07-10 18:00:00,0.397,0.381,79.0,True,True,False,6,cap_reached,0.0,0.0,0.0,0.0,0.381,0.0,0.0,0.0
2024-07-10 19:00:00,0.0,0.0,0.0,False,True,False,6,cap_reached,0.0,0.0,0.0,0.0,0.0,0.0,0.0,0.0
2024-07-10 20:00:00,0.0,0.0,0.0,False,True,False,6,cap_reached,0.0,0.0,0.0,0.0,0.0,0.0,0.0,0.0
2024-07-10 21:00:00,0.0,0.0,0.0,False,True,False,6,cap_reached,0.0,0.0,0.0,0.0,0.0,0.0,0.0,0.0
2024-07-10 22:00:00,0.0,0.0,0.0,False,True,False,6,cap_reached,0.0,0.0,0.0,0.0,0.0,0.0,0.0,0.0
2024-07-10 23:00:00,0.0,0.0,0.0,False,True,False,6,cap_reached,0.0,0.0,0.0,0.0,0.0,0.0,0.0,0.0
2024-07-11 00:00:00,0.0,0.0,0.0,False,True,False,0,no_power,0.0,0.0,0.0,0.0,0.0,0.0,0.0,0.0
2024-07-11 01:00:00,0.0,0.0,0.0,False,True,False,0,no_power,0.0,0.0,0.0,0.0,0.0,0.0,0.0,0.0
2024-07-11 02:00:00,0.0,0.0,0.0,False,True,False,0,no_power,0.0,0.0,0.0,0.0,0.0,0.0,0.0,0.0
2024-07-11 03:00:00,0.0,0.0,0.0,False,True,False,0,no_power,0.0,0.0,0.0,0.0,0.0,0.0,0.0,0.0
2024-07-11 04:00:00,0.0,0.0,0.0,False,True,False,0,no_power,0.0,0.0,0.0,0.0,0.0,0.0,0.0,0.0
2024-07-11 05:00:00,0.0,0.0,0.0,False,True,False,0,no_power,0.0,0.0,0.0,0.0,0.0,0.0,0.0,0.0
2024-07-11 06:00:00,0.254,0.244,43.0,True,True,False,0,no_power,0.0,0.0,0.0,0.0,0.0,0.0,0.0,0.0
2024-07-11 07:00:00,0.707,0.679,144.0,True,True,False,0,no_power,0.0,0.0,0.0,0.0,0.0,0.0,0.0,0.0
2024-07-11 08:00:00,0.865,0.83,178.0,True,True,False,0,no_power,0.0,0.0,0.0,0.0,0.0,0.0,0.0,0.0
2024-07-11 09:00:00,1.425,1.368,299.0,True,True,True,1,ok,1.263,0.0,1.263,0.0,0.105,0.0,0.0,0.0
2024-07-11 10:00:00,2.877,2.762,640.0,True,True,True,2,ok,1.263,0.0,1.263,0.0,1.499,0.0,0.0,0.0
2024-07-11 11:00:00,2.893,2.777,648.0,True,True,True,3,ok,1.263,0.0,1.263,0.0,1.514,0.0,0.0,0.0
2024-07-11 12:00:00,2.402,2.306,525.0,True,True,True,4,ok,1.263,0.0,1.263,0.0,1.043,0.0,0.0,0.0
2024-07-11 13:00:00,1.602,1.538,340.0,True,True,True,5,ok,1.263,0.0,1.263,0.0,0.275,0.0,0.0,0.0
2024-07-11 14:00:00,2.454,2.356,537.0,True,True,True,6,ok,1.263,0.0,1.263,0.0,1.093,0.0,0.0,0.0
2024-07-11 15:00:00,1.45,1.392,306.0,True,True,False,6,cap_reached,0.0,0.0,0.0,0.0,1.392,0.0,0.0,0.0
2024-07-11 16:00:00,1.21,1.162,254.0,True,True,False,6,cap_reached,0.0,0.0,0.0,0.0,1.162,0.0,0.0,0.0
2024-07-11 17:00:00,0.191,0.183,39.0,True,True,False,6,cap_reached,0.0,0.0,0.0,0.0,0.183,0.0,0.0,0.0
2024-07-11 18:00:00,0.088,0.085,18.0,False,True,False,6,cap_reached,0.0,0.0,0.0,0.0,0.085,0.0,0.0,0.0
2024-07-11 19:00:00,0.0,0.0,0.0,False,True,False,6,cap_reached,0.0,0.0,0.0,0.0,0.0,0.0,0.0,0.0
2024-07-11 20:00:00,0.0,0.0,0.0,False,True,False,6,cap_reached,0.0,0.0,0.0,0.0,0.0,0.0,0.0,0.0
2024-07-11 21:00:00,0.0,0.0,0.0,False,True,False,6,cap_reached,0.0,0.0,0.0,0.0,0.0,0.0,0.0,0.0
2024-07-11 22:00:00,0.0,0.0,0.0,False,True,False,6,cap_reached,0.0,0.0,0.0,0.0,0.0,0.0,0.0,0.0
2024-07-11 23:00:00,0.0,0.0,0.0,False,True,False,6,cap_reached,0.0,0.0,0.0,0.0,0.0,0.0,0.0,0.0
2024-07-12 00:00:00,0.0,0.0,0.0,False,True,False,0,no_power,0.0,0.0,0.0,0.0,0.0,0.0,0.0,0.0
2024-07-12 01:00:00,0.0,0.0,0.0,False,True,False,0,no_power,0.0,0.0,0.0,0.0,0.0,0.0,0.0,0.0
2024-07-12 02:00:00,0.0,0.0,0.0,False,True,False,0,no_power,0.0,0.0,0.0,0.0,0.0,0.0,0.0,0.0
2024-07-12 03:00:00,0.0,0.0,0.0,False,True,False,0,no_power,0.0,0.0,0.0,0.0,0.0,0.0,0.0,0.0
2024-07-12 04:00:00,0.0,0.0,0.0,False,True,False,0,no_power,0.0,0.0,0.0,0.0,0.0,0.0,0.0,0.0
2024-07-12 05:00:00,0.0,0.0,0.0,False,True,False,0,no_power,0.0,0.0,0.0,0.0,0.0,0.0,0.0,0.0
2024-07-12 06:00:00,0.069,0.066,14.0,False,True,False,0,no_power,0.0,0.0,0.0,0.0,0.0,0.0,0.0,0.0
2024-07-12 07:00:00,1.252,1.202,230.0,True,True,False,0,no_power,0.0,0.0,0.0,0.0,0.0,0.0,0.0,0.0
2024-07-12 08:00:00,1.982,1.903,403.0,True,True,True,1,ok,1.263,0.0,1.263,0.0,0.64,0.0,0.0,0.0
2024-07-12 09:00:00,2.971,2.852,649.0,True,True,True,2,ok,1.263,0.0,1.263,0.0,1.589,0.0,0.0,0.0
2024-07-12 10:00:00,3.525,3.384,813.0,True,True,True,3,ok,1.263,0.0,1.263,0.0,2.121,0.0,0.0,0.0
2024-07-12 11:00:00,3.896,3.74,928.0,True,True,True,4,ok,1.263,0.0,1.263,0.0,2.477,0.0,0.0,0.0
2024-07-12 12:00:00,4.06,3.898,981.0,True,True,True,5,ok,1.263,0.0,1.263,0.0,2.635,0.0,0.0,0.0
2024-07-12 13:00:00,3.313,3.18,769.0,True,True,True,6,ok,1.263,0.0,1.263,0.0,1.917,0.0,0.0,0.0
2024-07-12 14:00:00,3.365,3.231,779.0,True,True,False,6,cap_reached,0.0,0.0,0.0,0.0,3.231,0.0,0.0,0.0
2024-07-12 15:00:00,2.63,2.525,584.0,True,True,False,6,cap_reached,0.0,0.0,0.0,0.0,2.525,0.0,0.0,0.0
2024-07-12 16:00:00,2.233,2.144,476.0,True,True,False,6,cap_reached,0.0,0.0,0.0,0.0,2.144,0.0,0.0,0.0
2024-07-12 17:00:00,1.224,1.175,252.0,True,True,False,6,cap_reached,0.0,0.0,0.0,0.0,1.175,0.0,0.0,0.0
2024-07-12 18:00:00,0.015,0.014,3.0,False,True,False,6,cap_reached,0.0,0.0,0.0,0.0,0.014,0.0,0.0,0.0
2024-07-12 19:00:00,0.0,0.0,0.0,False,True,False,6,cap_reached,0.0,0.0,0.0,0.0,0.0,0.0,0.0,0.0
2024-07-12 20:00:00,0.0,0.0,0.0,False,True,False,6,cap_reached,0.0,0.0,0.0,0.0,0.0,0.0,0.0,0.0
2024-07-12 21:00:00,0.0,0.0,0.0,False,True,False,6,cap_reached,0.0,0.0,0.0,0.0,0.0,0.0,0.0,0.0
2024-07-12 22:00:00,0.0,0.0,0.0,False,True,False,6,cap_reached,0.0,0.0,0.0,0.0,0.0,0.0,0.0,0.0
2024-07-12 23:00:00,0.0,0.0,0.0,False,True,False,6,cap_reached,0.0,0.0,0.0,0.0,0.0,0.0,0.0,0.0
2024-07-13 00:00:00,0.0,0.0,0.0,False,True,False,0,no_power,0.0,0.0,0.0,0.0,0.0,0.0,0.0,0.0
2024-07-13 01:00:00,0.0,0.0,0.0,False,True,False,0,no_power,0.0,0.0,0.0,0.0,0.0,0.0,0.0,0.0
2024-07-13 02:00:00,0.0,0.0,0.0,False,True,False,0,no_power,0.0,0.0,0.0,0.0,0.0,0.0,0.0,0.0
2024-07-13 03:00:00,0.0,0.0,0.0,False,True,False,0,no_power,0.0,0.0,0.0,0.0,0.0,0.0,0.0,0.0
2024-07-13 04:00:00,0.0,0.0,0.0,False,True,False,0,no_power,0.0,0.0,0.0,0.0,0.0,0.0,0.0,0.0
2024-07-13 05:00:00,0.0,0.0,0.0,False,True,False,0,no_power,0.0,0.0,0.0,0.0,0.0,0.0,0.0,0.0
2024-07-13 06:00:00,0.186,0.178,38.0,True,True,False,0,no_power,0.0,0.0,0.0,0.0,0.0,0.0,0.0,0.0
2024-07-13 07:00:00,0.025,0.024,5.0,False,True,False,0,no_power,0.0,0.0,0.0,0.0,0.0,0.0,0.0,0.0
2024-07-13 08:00:00,0.069,0.066,14.0,False,True,False,0,no_power,0.0,0.0,0.0,0.0,0.0,0.0,0.0,0.0
2024-07-13 09:00:00,0.456,0.437,94.0,True,True,False,0,no_power,0.0,0.0,0.0,0.0,0.0,0.0,0.0,0.0
2024-07-13 10:00:00,1.228,1.179,259.0,True,True,False,0,no_power,0.0,0.0,0.0,0.0,0.0,0.0,0.0,0.0
2024-07-13 11:00:00,2.115,2.031,458.0,True,True,True,1,ok,1.263,0.0,1.263,0.0,0.768,0.0,0.0,0.0
2024-07-13 12:00:00,2.967,2.848,675.0,True,True,True,2,ok,1.263,0.0,1.263,0.0,1.585,0.0,0.0,0.0
2024-07-13 13:00:00,3.277,3.146,755.0,True,True,True,3,ok,1.263,0.0,1.263,0.0,1.883,0.0,0.0,0.0
2024-07-13 14:00:00,3.018,2.897,686.0,True,True,True,4,ok,1.263,0.0,1.263,0.0,1.634,0.0,0.0,0.0
2024-07-13 15:00:00,2.916,2.799,649.0,True,True,True,5,ok,1.263,0.0,1.263,0.0,1.536,0.0,0.0,0.0
2024-07-13 16:00:00,2.472,2.373,528.0,True,True,True,6,ok,1.263,0.0,1.263,0.0,1.11,0.0,0.0,0.0
2024-07-13 17:00:00,1.861,1.787,360.0,True,True,False,6,cap_reached,0.0,0.0,0.0,0.0,1.787,0.0,0.0,0.0
2024-07-13 18:00:00,0.904,0.868,149.0,True,True,False,6,cap_reached,0.0,0.0,0.0,0.0,0.868,0.0,0.0,0.0
2024-07-13 19:00:00,0.0,0.0,0.0,False,True,False,6,cap_reached,0.0,0.0,0.0,0.0,0.0,0.0,0.0,0.0
2024-07-13 20:00:00,0.0,0.0,0.0,False,True,False,6,cap_reached,0.0,0.0,0.0,0.0,0.0,0.0,0.0,0.0
2024-07-13 21:00:00,0.0,0.0,0.0,False,True,False,6,cap_reached,0.0,0.0,0.0,0.0,0.0,0.0,0.0,0.0
2024-07-13 22:00:00,0.0,0.0,0.0,False,True,False,6,cap_reached,0.0,0.0,0.0,0.0,0.0,0.0,0.0,0.0
2024-07-13 23:00:00,0.0,0.0,0.0,False,True,False,6,cap_reached,0.0,0.0,0.0,0.0,0.0,0.0,0.0,0.0
2024-07-14 00:00:00,0.0,0.0,0.0,False,True,False,0,no_power,0.0,0.0,0.0,0.0,0.0,0.0,0.0,0.0
2024-07-14 01:00:00,0.0,0.0,0.0,False,True,False,0,no_power,0.0,0.0,0.0,0.0,0.0,0.0,0.0,0.0
2024-07-14 02:00:00,0.0,0.0,0.0,False,True,False,0,no_power,0.0,0.0,0.0,0.0,0.0,0.0,0.0,0.0
2024-07-14 03:00:00,0.0,0.0,0.0,False,True,False,0,no_power,0.0,0.0,0.0,0.0,0.0,0.0,0.0,0.0
2024-07-14 04:00:00,0.0,0.0,0.0,False,True,False,0,no_power,0.0,0.0,0.0,0.0,0.0,0.0,0.0,0.0
2024-07-14 05:00:00,0.0,0.0,0.0,False,True,False,0,no_power,0.0,0.0,0.0,0.0,0.0,0.0,0.0,0.0
2024-07-14 06:00:00,0.29,0.278,45.0,True,True,False,0,no_power,0.0,0.0,0.0,0.0,0.0,0.0,0.0,0.0
2024-07-14 07:00:00,1.292,1.241,230.0,True,True,False,0,no_power,0.0,0.0,0.0,0.0,0.0,0.0,0.0,0.0
2024-07-14 08:00:00,2.204,2.115,446.0,True,True,True,1,ok,1.263,0.0,1.263,0.0,0.852,0.0,0.0,0.0
2024-07-14 09:00:00,2.964,2.845,650.0,True,True,True,2,ok,1.263,0.0,1.263,0.0,1.582,0.0,0.0,0.0
2024-07-14 10:00:00,3.547,3.405,821.0,True,True,True,3,ok,1.263,0.0,1.263,0.0,2.142,0.0,0.0,0.0
2024-07-14 11:00:00,3.927,3.77,937.0,True,True,True,4,ok,1.263,0.0,1.263,0.0,2.507,0.0,0.0,0.0
2024-07-14 12:00:00,3.078,2.954,702.0,True,True,True,5,ok,1.263,0.0,1.263,0.0,1.691,0.0,0.0,0.0
2024-07-14 13:00:00,3.354,3.22,775.0,True,True,True,6,ok,1.263,0.0,1.263,0.0,1.957,0.0,0.0,0.0
2024-07-14 14:00:00,3.039,2.917,692.0,True,True,False,6,cap_reached,0.0,0.0,0.0,0.0,2.917,0.0,0.0,0.0
2024-07-14 15:00:00,2.71,2.602,602.0,True,True,False,6,cap_reached,0.0,0.0,0.0,0.0,2.602,0.0,0.0,0.0
2024-07-14 16:00:00,2.11,2.026,450.0,True,True,False,6,cap_reached,0.0,0.0,0.0,0.0,2.026,0.0,0.0,0.0
2024-07-14 17:00:00,1.177,1.13,244.0,True,True,False,6,cap_reached,0.0,0.0,0.0,0.0,1.13,0.0,0.0,0.0
2024-07-14 18:00:00,0.979,0.939,155.0,True,True,False,6,cap_reached,0.0,0.0,0.0,0.0,0.939,0.0,0.0,0.0
2024-07-14 19:00:00,0.0,0.0,0.0,False,True,False,6,cap_reached,0.0,0.0,0.0,0.0,0.0,0.0,0.0,0.0
2024-07-14 20:00:00,0.0,0.0,0.0,False,True,False,6,cap_reached,0.0,0.0,0.0,0.0,0.0,0.0,0.0,0.0
2024-07-14 21:00:00,0.0,0.0,0.0,False,True,False,6,cap_reached,0.0,0.0,0.0,0.0,0.0,0.0,0.0,0.0
2024-07-14 22:00:00,0.0,0.0,0.0,False,True,False,6,cap_reached,0.0,0.0,0.0,0.0,0.0,0.0,0.0,0.0
2024-07-14 23:00:00,0.0,0.0,0.0,False,True,False,6,cap_reached,0.0,0.0,0.0,0.0,0.0,0.0,0.0,0.0
2024-07-15 00:00:00,0.0,0.0,0.0,False,True,False,0,no_power,0.0,0.0,0.0,0.0,0.0,0.0,0.0,0.0
2024-07-15 01:00:00,0.0,0.0,0.0,False,True,False,0,no_power,0.0,0.0,0.0,0.0,0.0,0.0,0.0,0.0
2024-07-15 02:00:00,0.0,0.0,0.0,False,True,False,0,no_power,0.0,0.0,0.0,0.0,0.0,0.0,0.0,0.0
2024-07-15 03:00:00,0.0,0.0,0.0,False,True,False,0,no_power,0.0,0.0,0.0,0.0,0.0,0.0,0.0,0.0
2024-07-15 04:00:00,0.0,0.0,0.0,False,True,False,0,no_power,0.0,0.0,0.0,0.0,0.0,0.0,0.0,0.0
2024-07-15 05:00:00,0.0,0.0,0.0,False,True,False,0,no_power,0.0,0.0,0.0,0.0,0.0,0.0,0.0,0.0
2024-07-15 06:00:00,0.407,0.39,49.0,True,True,False,0,no_power,0.0,0.0,0.0,0.0,0.0,0.0,0.0,0.0
2024-07-15 07:00:00,1.402,1.346,240.0,True,True,True,1,ok,1.263,0.0,1.263,0.0,0.083,0.0,0.0,0.0
2024-07-15 08:00:00,1.778,1.706,364.0,True,True,True,2,ok,1.263,0.0,1.263,0.0,0.443,0.0,0.0,0.0
2024-07-15 09:00:00,2.307,2.215,498.0,True,True,True,3,ok,1.263,0.0,1.263,0.0,0.952,0.0,0.0,0.0
2024-07-15 10:00:00,2.669,2.562,590.0,True,True,True,4,ok,1.263,0.0,1.263,0.0,1.299,0.0,0.0,0.0
2024-07-15 11:00:00,1.921,1.844,413.0,True,True,True,5,ok,1.263,0.0,1.263,0.0,0.581,0.0,0.0,0.0
2024-07-15 12:00:00,4.09,3.926,991.0,True,True,True,6,ok,1.263,0.0,1.263,0.0,2.663,0.0,0.0,0.0
2024-07-15 13:00:00,4.044,3.882,977.0,True,True,False,6,cap_reached,0.0,0.0,0.0,0.0,3.882,0.0,0.0,0.0
2024-07-15 14:00:00,3.794,3.642,899.0,True,True,False,6,cap_reached,0.0,0.0,0.0,0.0,3.642,0.0,0.0,0.0
2024-07-15 15:00:00,3.347,3.213,763.0,True,True,False,6,cap_reached,0.0,0.0,0.0,0.0,3.213,0.0,0.0,0.0
2024-07-15 16:00:00,2.131,2.046,452.0,True,True,False,6,cap_reached,0.0,0.0,0.0,0.0,2.046,0.0,0.0,0.0
2024-07-15 17:00:00,0.727,0.698,151.0,True,True,False,6,cap_reached,0.0,0.0,0.0,0.0,0.698,0.0,0.0,0.0
2024-07-15 18:00:00,0.771,0.74,141.0,True,True,False,6,cap_reached,0.0,0.0,0.0,0.0,0.74,0.0,0.0,0.0
2024-07-15 19:00:00,0.0,0.0,0.0,False,True,False,6,cap_reached,0.0,0.0,0.0,0.0,0.0,0.0,0.0,0.0
2024-07-15 20:00:00,0.0,0.0,0.0,False,True,False,6,cap_reached,0.0,0.0,0.0,0.0,0.0,0.0,0.0,0.0
2024-07-15 21:00:00,0.0,0.0,0.0,False,True,False,6,cap_reached,0.0,0.0,0.0,0.0,0.0,0.0,0.0,0.0
2024-07-15 22:00:00,0.0,0.0,0.0,False,True,False,6,cap_reached,0.0,0.0,0.0,0.0,0.0,0.0,0.0,0.0
2024-07-15 23:00:00,0.0,0.0,0.0,False,True,False,6,cap_reached,0.0,0.0,0.0,0.0,0.0,0.0,0.0,0.0
2024-07-16 00:00:00,0.0,0.0,0.0,False,True,False,0,no_power,0.0,0.0,0.0,0.0,0.0,0.0,0.0,0.0
2024-07-16 01:00:00,0.0,0.0,0.0,False,True,False,0,no_power,0.0,0.0,0.0,0.0,0.0,0.0,0.0,0.0
2024-07-16 02:00:00,0.0,0.0,0.0,False,True,False,0,no_power,0.0,0.0,0.0,0.0,0.0,0.0,0.0,0.0
2024-07-16 03:00:00,0.0,0.0,0.0,False,True,False,0,no_power,0.0,0.0,0.0,0.0,0.0,0.0,0.0,0.0
2024-07-16 04:00:00,0.0,0.0,0.0,False,True,False,0,no_power,0.0,0.0,0.0,0.0,0.0,0.0,0.0,0.0
2024-07-16 05:00:00,0.0,0.0,0.0,False,True,False,0,no_power,0.0,0.0,0.0,0.0,0.0,0.0,0.0,0.0
2024-07-16 06:00:00,0.394,0.378,49.0,True,True,False,0,no_power,0.0,0.0,0.0,0.0,0.0,0.0,0.0,0.0
2024-07-16 07:00:00,1.415,1.358,244.0,True,True,True,1,ok,1.263,0.0,1.263,0.0,0.095,0.0,0.0,0.0
2024-07-16 08:00:00,2.297,2.206,464.0,True,True,True,2,ok,1.263,0.0,1.263,0.0,0.943,0.0,0.0,0.0
2024-07-16 09:00:00,3.035,2.914,670.0,True,True,True,3,ok,1.263,0.0,1.263,0.0,1.651,0.0,0.0,0.0
2024-07-16 10:00:00,3.6,3.456,839.0,True,True,True,4,ok,1.263,0.0,1.263,0.0,2.193,0.0,0.0,0.0
2024-07-16 11:00:00,2.953,2.835,663.0,True,True,True,5,ok,1.263,0.0,1.263,0.0,1.572,0.0,0.0,0.0
2024-07-16 12:00:00,2.661,2.555,591.0,True,True,True,6,ok,1.263,0.0,1.263,0.0,1.292,0.0,0.0,0.0
2024-07-16 13:00:00,3.353,3.219,769.0,True,True,False,6,cap_reached,0.0,0.0,0.0,0.0,3.219,0.0,0.0,0.0
2024-07-16 14:00:00,3.842,3.688,916.0,True,True,False,6,cap_reached,0.0,0.0,0.0,0.0,3.688,0.0,0.0,0.0
2024-07-16 15:00:00,3.389,3.254,778.0,True,True,False,6,cap_reached,0.0,0.0,0.0,0.0,3.254,0.0,0.0,0.0
2024-07-16 16:00:00,2.747,2.637,591.0,True,True,False,6,cap_reached,0.0,0.0,0.0,0.0,2.637,0.0,0.0,0.0
2024-07-16 17:00:00,1.944,1.866,375.0,True,True,False,6,cap_reached,0.0,0.0,0.0,0.0,1.866,0.0,0.0,0.0
2024-07-16 18:00:00,1.004,0.964,158.0,True,True,False,6,cap_reached,0.0,0.0,0.0,0.0,0.964,0.0,0.0,0.0
2024-07-16 19:00:00,0.0,0.0,0.0,False,True,False,6,cap_reached,0.0,0.0,0.0,0.0,0.0,0.0,0.0,0.0
2024-07-16 20:00:00,0.0,0.0,0.0,False,True,False,6,cap_reached,0.0,0.0,0.0,0.0,0.0,0.0,0.0,0.0
2024-07-16 21:00:00,0.0,0.0,0.0,False,True,False,6,cap_reached,0.0,0.0,0.0,0.0,0.0,0.0,0.0,0.0
2024-07-16 22:00:00,0.0,0.0,0.0,False,True,False,6,cap_reached,0.0,0.0,0.0,0.0,0.0,0.0,0.0,0.0
2024-07-16 23:00:00,0.0,0.0,0.0,False,True,False,6,cap_reached,0.0,0.0,0.0,0.0,0.0,0.0,0.0,0.0
2024-07-17 00:00:00,0.0,0.0,0.0,False,True,False,0,no_power,0.0,0.0,0.0,0.0,0.0,0.0,0.0,0.0
2024-07-17 01:00:00,0.0,0.0,0.0,False,True,False,0,no_power,0.0,0.0,0.0,0.0,0.0,0.0,0.0,0.0
2024-07-17 02:00:00,0.0,0.0,0.0,False,True,False,0,no_power,0.0,0.0,0.0,0.0,0.0,0.0,0.0,0.0
2024-07-17 03:00:00,0.0,0.0,0.0,False,True,False,0,no_power,0.0,0.0,0.0,0.0,0.0,0.0,0.0,0.0
2024-07-17 04:00:00,0.0,0.0,0.0,False,True,False,0,no_power,0.0,0.0,0.0,0.0,0.0,0.0,0.0,0.0
2024-07-17 05:00:00,0.0,0.0,0.0,False,True,False,0,no_power,0.0,0.0,0.0,0.0,0.0,0.0,0.0,0.0
2024-07-17 06:00:00,0.163,0.156,33.0,True,True,False,0,no_power,0.0,0.0,0.0,0.0,0.0,0.0,0.0,0.0
2024-07-17 07:00:00,1.368,1.313,237.0,True,True,True,1,ok,1.263,0.0,1.263,0.0,0.05,0.0,0.0,0.0
2024-07-17 08:00:00,2.256,2.166,455.0,True,True,True,2,ok,1.263,0.0,1.263,0.0,0.903,0.0,0.0,0.0
2024-07-17 09:00:00,2.205,2.117,476.0,True,True,True,3,ok,1.263,0.0,1.263,0.0,0.854,0.0,0.0,0.0
2024-07-17 10:00:00,3.564,3.421,829.0,True,True,True,4,ok,1.263,0.0,1.263,0.0,2.158,0.0,0.0,0.0
2024-07-17 11:00:00,3.923,3.766,943.0,True,True,True,5,ok,1.263,0.0,1.263,0.0,2.503,0.0,0.0,0.0
2024-07-17 12:00:00,4.08,3.917,993.0,True,True,True,6,ok,1.263,0.0,1.263,0.0,2.654,0.0,0.0,0.0
2024-07-17 13:00:00,4.035,3.873,980.0,True,True,False,6,cap_reached,0.0,0.0,0.0,0.0,3.873,0.0,0.0,0.0
2024-07-17 14:00:00,3.78,3.628,900.0,True,True,False,6,cap_reached,0.0,0.0,0.0,0.0,3.628,0.0,0.0,0.0
2024-07-17 15:00:00,3.329,3.196,762.0,True,True,False,6,cap_reached,0.0,0.0,0.0,0.0,3.196,0.0,0.0,0.0
2024-07-17 16:00:00,2.697,2.589,580.0,True,True,False,6,cap_reached,0.0,0.0,0.0,0.0,2.589,0.0,0.0,0.0
2024-07-17 17:00:00,1.909,1.833,368.0,True,True,False,6,cap_reached,0.0,0.0,0.0,0.0,1.833,0.0,0.0,0.0
2024-07-17 18:00:00,0.985,0.946,154.0,True,True,False,6,cap_reached,0.0,0.0,0.0,0.0,0.946,0.0,0.0,0.0
2024-07-17 19:00:00,0.0,0.0,0.0,False,True,False,6,cap_reached,0.0,0.0,0.0,0.0,0.0,0.0,0.0,0.0
2024-07-17 20:00:00,0.0,0.0,0.0,False,True,False,6,cap_reached,0.0,0.0,0.0,0.0,0.0,0.0,0.0,0.0
2024-07-17 21:00:00,0.0,0.0,0.0,False,True,False,6,cap_reached,0.0,0.0,0.0,0.0,0.0,0.0,0.0,0.0
2024-07-17 22:00:00,0.0,0.0,0.0,False,True,False,6,cap_reached,0.0,0.0,0.0,0.0,0.0,0.0,0.0,0.0
2024-07-17 23:00:00,0.0,0.0,0.0,False,True,False,6,cap_reached,0.0,0.0,0.0,0.0,0.0,0.0,0.0,0.0
2024-07-18 00:00:00,0.0,0.0,0.0,False,True,False,0,no_power,0.0,0.0,0.0,0.0,0.0,0.0,0.0,0.0
2024-07-18 01:00:00,0.0,0.0,0.0,False,True,False,0,no_power,0.0,0.0,0.0,0.0,0.0,0.0,0.0,0.0
2024-07-18 02:00:00,0.0,0.0,0.0,False,True,False,0,no_power,0.0,0.0,0.0,0.0,0.0,0.0,0.0,0.0
2024-07-18 03:00:00,0.0,0.0,0.0,False,True,False,0,no_power,0.0,0.0,0.0,0.0,0.0,0.0,0.0,0.0
2024-07-18 04:00:00,0.0,0.0,0.0,False,True,False,0,no_power,0.0,0.0,0.0,0.0,0.0,0.0,0.0,0.0
2024-07-18 05:00:00,0.0,0.0,0.0,False,True,False,0,no_power,0.0,0.0,0.0,0.0,0.0,0.0,0.0,0.0
2024-07-18 06:00:00,0.34,0.326,44.0,True,True,False,0,no_power,0.0,0.0,0.0,0.0,0.0,0.0,0.0,0.0
2024-07-18 07:00:00,1.338,1.285,233.0,True,True,True,1,ok,1.263,0.0,1.263,0.0,0.022,0.0,0.0,0.0
2024-07-18 08:00:00,2.218,2.129,449.0,True,True,True,2,ok,1.263,0.0,1.263,0.0,0.866,0.0,0.0,0.0
2024-07-18 09:00:00,2.957,2.838,653.0,True,True,True,3,ok,1.263,0.0,1.263,0.0,1.575,0.0,0.0,0.0
2024-07-18 10:00:00,3.518,3.377,818.0,True,True,True,4,ok,1.263,0.0,1.263,0.0,2.114,0.0,0.0,0.0
2024-07-18 11:00:00,3.894,3.738,934.0,True,True,True,5,ok,1.263,0.0,1.263,0.0,2.475,0.0,0.0,0.0
2024-07-18 12:00:00,4.061,3.899,989.0,True,True,True,6,ok,1.263,0.0,1.263,0.0,2.636,0.0,0.0,0.0
2024-07-18 13:00:00,4.031,3.87,980.0,True,True,False,6,cap_reached,0.0,0.0,0.0,0.0,3.87,0.0,0.0,0.0
2024-07-18 14:00:00,3.789,3.637,903.0,True,True,False,6,cap_reached,0.0,0.0,0.0,0.0,3.637,0.0,0.0,0.0
2024-07-18 15:00:00,3.343,3.209,767.0,True,True,False,6,cap_reached,0.0,0.0,0.0,0.0,3.209,0.0,0.0,0.0
2024-07-18 16:00:00,2.709,2.6,583.0,True,True,False,6,cap_reached,0.0,0.0,0.0,0.0,2.6,0.0,0.0,0.0
2024-07-18 17:00:00,1.919,1.842,370.0,True,True,False,6,cap_reached,0.0,0.0,0.0,0.0,1.842,0.0,0.0,0.0
2024-07-18 18:00:00,0.987,0.948,155.0,True,True,False,6,cap_reached,0.0,0.0,0.0,0.0,0.948,0.0,0.0,0.0
2024-07-18 19:00:00,0.0,0.0,0.0,False,True,False,6,cap_reached,0.0,0.0,0.0,0.0,0.0,0.0,0.0,0.0
2024-07-18 20:00:00,0.0,0.0,0.0,False,True,False,6,cap_reached,0.0,0.0,0.0,0.0,0.0,0.0,0.0,0.0
2024-07-18 21:00:00,0.0,0.0,0.0,False,True,False,6,cap_reached,0.0,0.0,0.0,0.0,0.0,0.0,0.0,0.0
2024-07-18 22:00:00,0.0,0.0,0.0,False,True,False,6,cap_reached,0.0,0.0,0.0,0.0,0.0,0.0,0.0,0.0
2024-07-18 23:00:00,0.0,0.0,0.0,False,True,False,6,cap_reached,0.0,0.0,0.0,0.0,0.0,0.0,0.0,0.0
2024-07-19 00:00:00,0.0,0.0,0.0,False,True,False,0,no_power,0.0,0.0,0.0,0.0,0.0,0.0,0.0,0.0
2024-07-19 01:00:00,0.0,0.0,0.0,False,True,False,0,no_power,0.0,0.0,0.0,0.0,0.0,0.0,0.0,0.0
2024-07-19 02:00:00,0.0,0.0,0.0,False,True,False,0,no_power,0.0,0.0,0.0,0.0,0.0,0.0,0.0,0.0
2024-07-19 03:00:00,0.0,0.0,0.0,False,True,False,0,no_power,0.0,0.0,0.0,0.0,0.0,0.0,0.0,0.0
2024-07-19 04:00:00,0.0,0.0,0.0,False,True,False,0,no_power,0.0,0.0,0.0,0.0,0.0,0.0,0.0,0.0
2024-07-19 05:00:00,0.0,0.0,0.0,False,True,False,0,no_power,0.0,0.0,0.0,0.0,0.0,0.0,0.0,0.0
2024-07-19 06:00:00,0.059,0.056,12.0,False,True,False,0,no_power,0.0,0.0,0.0,0.0,0.0,0.0,0.0,0.0
2024-07-19 07:00:00,0.983,0.944,188.0,True,True,False,0,no_power,0.0,0.0,0.0,0.0,0.0,0.0,0.0,0.0
2024-07-19 08:00:00,1.604,1.54,331.0,True,True,True,1,ok,1.263,0.0,1.263,0.0,0.277,0.0,0.0,0.0
2024-07-19 09:00:00,2.18,2.093,471.0,True,True,True,2,ok,1.263,0.0,1.263,0.0,0.83,0.0,0.0,0.0
2024-07-19 10:00:00,2.673,2.566,596.0,True,True,True,3,ok,1.263,0.0,1.263,0.0,1.303,0.0,0.0,0.0
2024-07-19 11:00:00,1.891,1.816,407.0,True,True,True,4,ok,1.263,0.0,1.263,0.0,0.553,0.0,0.0,0.0
2024-07-19 12:00:00,2.815,2.703,638.0,True,True,True,5,ok,1.263,0.0,1.263,0.0,1.44,0.0,0.0,0.0
2024-07-19 13:00:00,3.301,3.169,765.0,True,True,True,6,ok,1.263,0.0,1.263,0.0,1.906,0.0,0.0,0.0
2024-07-19 14:00:00,3.705,3.557,880.0,True,True,False,6,cap_reached,0.0,0.0,0.0,0.0,3.557,0.0,0.0,0.0
2024-07-19 15:00:00,3.238,3.108,740.0,True,True,False,6,cap_reached,0.0,0.0,0.0,0.0,3.108,0.0,0.0,0.0
2024-07-19 16:00:00,2.575,2.472,555.0,True,True,False,6,cap_reached,0.0,0.0,0.0,0.0,2.472,0.0,0.0,0.0
2024-07-19 17:00:00,1.744,1.674,343.0,True,True,False,6,cap_reached,0.0,0.0,0.0,0.0,1.674,0.0,0.0,0.0
2024-07-19 18:00:00,0.769,0.738,135.0,True,True,False,6,cap_reached,0.0,0.0,0.0,0.0,0.738,0.0,0.0,0.0
2024-07-19 19:00:00,0.0,0.0,0.0,False,True,False,6,cap_reached,0.0,0.0,0.0,0.0,0.0,0.0,0.0,0.0
2024-07-19 20:00:00,0.0,0.0,0.0,False,True,False,6,cap_reached,0.0,0.0,0.0,0.0,0.0,0.0,0.0,0.0
2024-07-19 21:00:00,0.0,0.0,0.0,False,True,False,6,cap_reached,0.0,0.0,0.0,0.0,0.0,0.0,0.0,0.0
2024-07-19 22:00:00,0.0,0.0,0.0,False,True,False,6,cap_reached,0.0,0.0,0.0,0.0,0.0,0.0,0.0,0.0
2024-07-19 23:00:00,0.0,0.0,0.0,False,True,False,6,cap_reached,0.0,0.0,0.0,0.0,0.0,0.0,0.0,0.0
2024-07-20 00:00:00,0.0,0.0,0.0,False,True,False,0,no_power,0.0,0.0,0.0,0.0,0.0,0.0,0.0,0.0
2024-07-20 01:00:00,0.0,0.0,0.0,False,True,False,0,no_power,0.0,0.0,0.0,0.0,0.0,0.0,0.0,0.0
2024-07-20 02:00:00,0.0,0.0,0.0,False,True,False,0,no_power,0.0,0.0,0.0,0.0,0.0,0.0,0.0,0.0
2024-07-20 03:00:00,0.0,0.0,0.0,False,True,False,0,no_power,0.0,0.0,0.0,0.0,0.0,0.0,0.0,0.0
2024-07-20 04:00:00,0.0,0.0,0.0,False,True,False,0,no_power,0.0,0.0,0.0,0.0,0.0,0.0,0.0,0.0
2024-07-20 05:00:00,0.0,0.0,0.0,False,True,False,0,no_power,0.0,0.0,0.0,0.0,0.0,0.0,0.0,0.0
2024-07-20 06:00:00,0.171,0.164,32.0,True,True,False,0,no_power,0.0,0.0,0.0,0.0,0.0,0.0,0.0,0.0
2024-07-20 07:00:00,1.117,1.073,209.0,True,True,False,0,no_power,0.0,0.0,0.0,0.0,0.0,0.0,0.0,0.0
2024-07-20 08:00:00,2.045,1.963,420.0,True,True,True,1,ok,1.263,0.0,1.263,0.0,0.7,0.0,0.0,0.0
2024-07-20 09:00:00,2.817,2.704,622.0,True,True,True,2,ok,1.263,0.0,1.263,0.0,1.441,0.0,0.0,0.0
2024-07-20 10:00:00,3.453,3.314,803.0,True,True,True,3,ok,1.263,0.0,1.263,0.0,2.051,0.0,0.0,0.0
2024-07-20 11:00:00,2.388,2.293,524.0,True,True,True,4,ok,1.263,0.0,1.263,0.0,1.03,0.0,0.0,0.0
2024-07-20 12:00:00,3.99,3.83,968.0,True,True,True,5,ok,1.263,0.0,1.263,0.0,2.567,0.0,0.0,0.0
2024-07-20 13:00:00,3.945,3.787,954.0,True,True,True,6,ok,1.263,0.0,1.263,0.0,2.524,0.0,0.0,0.0
2024-07-20 14:00:00,3.686,3.539,875.0,True,True,False,6,cap_reached,0.0,0.0,0.0,0.0,3.539,0.0,0.0,0.0
2024-07-20 15:00:00,3.227,3.098,739.0,True,True,False,6,cap_reached,0.0,0.0,0.0,0.0,3.098,0.0,0.0,0.0
2024-07-20 16:00:00,2.463,2.365,532.0,True,True,False,6,cap_reached,0.0,0.0,0.0,0.0,2.365,0.0,0.0,0.0
2024-07-20 17:00:00,1.733,1.664,342.0,True,True,False,6,cap_reached,0.0,0.0,0.0,0.0,1.664,0.0,0.0,0.0
2024-07-20 18:00:00,0.606,0.582,121.0,True,True,False,6,cap_reached,0.0,0.0,0.0,0.0,0.582,0.0,0.0,0.0
2024-07-20 19:00:00,0.0,0.0,0.0,False,True,False,6,cap_reached,0.0,0.0,0.0,0.0,0.0,0.0,0.0,0.0
2024-07-20 20:00:00,0.0,0.0,0.0,False,True,False,6,cap_reached,0.0,0.0,0.0,0.0,0.0,0.0,0.0,0.0
2024-07-20 21:00:00,0.0,0.0,0.0,False,True,False,6,cap_reached,0.0,0.0,0.0,0.0,0.0,0.0,0.0,0.0
2024-07-20 22:00:00,0.0,0.0,0.0,False,True,False,6,cap_reached,0.0,0.0,0.0,0.0,0.0,0.0,0.0,0.0
2024-07-20 23:00:00,0.0,0.0,0.0,False,True,False,6,cap_reached,0.0,0.0,0.0,0.0,0.0,0.0,0.0,0.0
2024-07-21 00:00:00,0.0,0.0,0.0,False,True,False,0,no_power,0.0,0.0,0.0,0.0,0.0,0.0,0.0,0.0
2024-07-21 01:00:00,0.0,0.0,0.0,False,True,False,0,no_power,0.0,0.0,0.0,0.0,0.0,0.0,0.0,0.0
2024-07-21 02:00:00,0.0,0.0,0.0,False,True,False,0,no_power,0.0,0.0,0.0,0.0,0.0,0.0,0.0,0.0
2024-07-21 03:00:00,0.0,0.0,0.0,False,True,False,0,no_power,0.0,0.0,0.0,0.0,0.0,0.0,0.0,0.0
2024-07-21 04:00:00,0.0,0.0,0.0,False,True,False,0,no_power,0.0,0.0,0.0,0.0,0.0,0.0,0.0,0.0
2024-07-21 05:00:00,0.0,0.0,0.0,False,True,False,0,no_power,0.0,0.0,0.0,0.0,0.0,0.0,0.0,0.0
2024-07-21 06:00:00,0.229,0.219,37.0,True,True,False,0,no_power,0.0,0.0,0.0,0.0,0.0,0.0,0.0,0.0
2024-07-21 07:00:00,0.607,0.583,123.0,True,True,False,0,no_power,0.0,0.0,0.0,0.0,0.0,0.0,0.0,0.0
2024-07-21 08:00:00,1.235,1.186,257.0,True,True,False,0,no_power,0.0,0.0,0.0,0.0,0.0,0.0,0.0,0.0
2024-07-21 09:00:00,2.022,1.941,434.0,True,True,True,1,ok,1.263,0.0,1.263,0.0,0.678,0.0,0.0,0.0
2024-07-21 10:00:00,1.721,1.653,368.0,True,True,True,2,ok,1.263,0.0,1.263,0.0,0.39,0.0,0.0,0.0
2024-07-21 11:00:00,2.95,2.832,660.0,True,True,True,3,ok,1.263,0.0,1.263,0.0,1.569,0.0,0.0,0.0
2024-07-21 12:00:00,3.381,3.245,787.0,True,True,True,4,ok,1.263,0.0,1.263,0.0,1.982,0.0,0.0,0.0
2024-07-21 13:00:00,1.139,1.093,239.0,True,True,False,4,no_power,0.0,0.0,0.0,0.0,0.0,0.0,0.0,0.0
2024-07-21 14:00:00,0.774,0.743,160.0,True,True,False,4,no_power,0.0,0.0,0.0,0.0,0.0,0.0,0.0,0.0
2024-07-21 15:00:00,0.127,0.122,26.0,True,True,False,4,no_power,0.0,0.0,0.0,0.0,0.0,0.0,0.0,0.0
2024-07-21 16:00:00,0.137,0.131,28.0,True,True,False,4,no_power,0.0,0.0,0.0,0.0,0.0,0.0,0.0,0.0
2024-07-21 17:00:00,1.071,1.029,219.0,True,True,False,4,no_power,0.0,0.0,0.0,0.0,0.0,0.0,0.0,0.0
2024-07-21 18:00:00,0.631,0.606,122.0,True,True,False,4,no_power,0.0,0.0,0.0,0.0,0.0,0.0,0.0,0.0
2024-07-21 19:00:00,0.0,0.0,0.0,False,True,False,4,no_power,0.0,0.0,0.0,0.0,0.0,0.0,0.0,0.0
2024-07-21 20:00:00,0.0,0.0,0.0,False,True,False,4,no_power,0.0,0.0,0.0,0.0,0.0,0.0,0.0,0.0
2024-07-21 21:00:00,0.0,0.0,0.0,False,True,False,4,no_power,0.0,0.0,0.0,0.0,0.0,0.0,0.0,0.0
2024-07-21 22:00:00,0.0,0.0,0.0,False,True,False,4,no_power,0.0,0.0,0.0,0.0,0.0,0.0,0.0,0.0
2024-07-21 23:00:00,0.0,0.0,0.0,False,True,False,4,no_power,0.0,0.0,0.0,0.0,0.0,0.0,0.0,0.0
2024-07-22 00:00:00,0.0,0.0,0.0,False,True,False,0,no_power,0.0,0.0,0.0,0.0,0.0,0.0,0.0,0.0
2024-07-22 01:00:00,0.0,0.0,0.0,False,True,False,0,no_power,0.0,0.0,0.0,0.0,0.0,0.0,0.0,0.0
2024-07-22 02:00:00,0.0,0.0,0.0,False,True,False,0,no_power,0.0,0.0,0.0,0.0,0.0,0.0,0.0,0.0
2024-07-22 03:00:00,0.0,0.0,0.0,False,True,False,0,no_power,0.0,0.0,0.0,0.0,0.0,0.0,0.0,0.0
2024-07-22 04:00:00,0.0,0.0,0.0,False,True,False,0,no_power,0.0,0.0,0.0,0.0,0.0,0.0,0.0,0.0
2024-07-22 05:00:00,0.0,0.0,0.0,False,True,False,0,no_power,0.0,0.0,0.0,0.0,0.0,0.0,0.0,0.0
2024-07-22 06:00:00,0.177,0.17,35.0,True,True,False,0,no_power,0.0,0.0,0.0,0.0,0.0,0.0,0.0,0.0
2024-07-22 07:00:00,0.525,0.504,108.0,True,True,False,0,no_power,0.0,0.0,0.0,0.0,0.0,0.0,0.0,0.0
2024-07-22 08:00:00,1.428,1.371,298.0,True,True,True,1,ok,1.263,0.0,1.263,0.0,0.108,0.0,0.0,0.0
2024-07-22 09:00:00,2.878,2.763,635.0,True,True,True,2,ok,1.263,0.0,1.263,0.0,1.5,0.0,0.0,0.0
2024-07-22 10:00:00,3.449,3.311,802.0,True,True,True,3,ok,1.263,0.0,1.263,0.0,2.048,0.0,0.0,0.0
2024-07-22 11:00:00,3.82,3.667,916.0,True,True,True,4,ok,1.263,0.0,1.263,0.0,2.404,0.0,0.0,0.0
2024-07-22 12:00:00,3.695,3.548,891.0,True,True,True,5,ok,1.263,0.0,1.263,0.0,2.285,0.0,0.0,0.0
2024-07-22 13:00:00,3.964,3.805,963.0,True,True,True,6,ok,1.263,0.0,1.263,0.0,2.542,0.0,0.0,0.0
2024-07-22 14:00:00,3.711,3.562,885.0,True,True,False,6,cap_reached,0.0,0.0,0.0,0.0,3.562,0.0,0.0,0.0
2024-07-22 15:00:00,3.257,3.127,749.0,True,True,False,6,cap_reached,0.0,0.0,0.0,0.0,3.127,0.0,0.0,0.0
2024-07-22 16:00:00,2.607,2.503,564.0,True,True,False,6,cap_reached,0.0,0.0,0.0,0.0,2.503,0.0,0.0,0.0
2024-07-22 17:00:00,1.792,1.72,351.0,True,True,False,6,cap_reached,0.0,0.0,0.0,0.0,1.72,0.0,0.0,0.0
2024-07-22 18:00:00,0.827,0.794,139.0,True,True,False,6,cap_reached,0.0,0.0,0.0,0.0,0.794,0.0,0.0,0.0
2024-07-22 19:00:00,0.0,0.0,0.0,False,True,False,6,cap_reached,0.0,0.0,0.0,0.0,0.0,0.0,0.0,0.0
2024-07-22 20:00:00,0.0,0.0,0.0,False,True,False,6,cap_reached,0.0,0.0,0.0,0.0,0.0,0.0,0.0,0.0
2024-07-22 21:00:00,0.0,0.0,0.0,False,True,False,6,cap_reached,0.0,0.0,0.0,0.0,0.0,0.0,0.0,0.0
2024-07-22 22:00:00,0.0,0.0,0.0,False,True,False,6,cap_reached,0.0,0.0,0.0,0.0,0.0,0.0,0.0,0.0
2024-07-22 23:00:00,0.0,0.0,0.0,False,True,False,6,cap_reached,0.0,0.0,0.0,0.0,0.0,0.0,0.0,0.0
2024-07-23 00:00:00,0.0,0.0,0.0,False,True,False,0,no_power,0.0,0.0,0.0,0.0,0.0,0.0,0.0,0.0
2024-07-23 01:00:00,0.0,0.0,0.0,False,True,False,0,no_power,0.0,0.0,0.0,0.0,0.0,0.0,0.0,0.0
2024-07-23 02:00:00,0.0,0.0,0.0,False,True,False,0,no_power,0.0,0.0,0.0,0.0,0.0,0.0,0.0,0.0
2024-07-23 03:00:00,0.0,0.0,0.0,False,True,False,0,no_power,0.0,0.0,0.0,0.0,0.0,0.0,0.0,0.0
2024-07-23 04:00:00,0.0,0.0,0.0,False,True,False,0,no_power,0.0,0.0,0.0,0.0,0.0,0.0,0.0,0.0
2024-07-23 05:00:00,0.0,0.0,0.0,False,True,False,0,no_power,0.0,0.0,0.0,0.0,0.0,0.0,0.0,0.0
2024-07-23 06:00:00,0.201,0.192,34.0,True,True,False,0,no_power,0.0,0.0,0.0,0.0,0.0,0.0,0.0,0.0
2024-07-23 07:00:00,1.192,1.145,215.0,True,True,False,0,no_power,0.0,0.0,0.0,0.0,0.0,0.0,0.0,0.0
2024-07-23 08:00:00,2.116,2.031,432.0,True,True,True,1,ok,1.263,0.0,1.263,0.0,0.768,0.0,0.0,0.0
2024-07-23 09:00:00,2.882,2.766,639.0,True,True,True,2,ok,1.263,0.0,1.263,0.0,1.503,0.0,0.0,0.0
2024-07-23 10:00:00,3.461,3.323,808.0,True,True,True,3,ok,1.263,0.0,1.263,0.0,2.06,0.0,0.0,0.0
2024-07-23 11:00:00,3.843,3.69,926.0,True,True,True,4,ok,1.263,0.0,1.263,0.0,2.427,0.0,0.0,0.0
2024-07-23 12:00:00,4.015,3.854,980.0,True,True,True,5,ok,1.263,0.0,1.263,0.0,2.591,0.0,0.0,0.0
2024-07-23 13:00:00,3.96,3.802,964.0,True,True,True,6,ok,1.263,0.0,1.263,0.0,2.539,0.0,0.0,0.0
2024-07-23 14:00:00,3.712,3.564,887.0,True,True,False,6,cap_reached,0.0,0.0,0.0,0.0,3.564,0.0,0.0,0.0
2024-07-23 15:00:00,3.257,3.127,750.0,True,True,False,6,cap_reached,0.0,0.0,0.0,0.0,3.127,0.0,0.0,0.0
2024-07-23 16:00:00,2.611,2.506,565.0,True,True,False,6,cap_reached,0.0,0.0,0.0,0.0,2.506,0.0,0.0,0.0
2024-07-23 17:00:00,0.775,0.744,162.0,True,True,False,6,cap_reached,0.0,0.0,0.0,0.0,0.744,0.0,0.0,0.0
2024-07-23 18:00:00,0.542,0.521,108.0,True,True,False,6,cap_reached,0.0,0.0,0.0,0.0,0.521,0.0,0.0,0.0
2024-07-23 19:00:00,0.0,0.0,0.0,False,True,False,6,cap_reached,0.0,0.0,0.0,0.0,0.0,0.0,0.0,0.0
2024-07-23 20:00:00,0.0,0.0,0.0,False,True,False,6,cap_reached,0.0,0.0,0.0,0.0,0.0,0.0,0.0,0.0
2024-07-23 21:00:00,0.0,0.0,0.0,False,True,False,6,cap_reached,0.0,0.0,0.0,0.0,0.0,0.0,0.0,0.0
2024-07-23 22:00:00,0.0,0.0,0.0,False,True,False,6,cap_reached,0.0,0.0,0.0,0.0,0.0,0.0,0.0,0.0
2024-07-23 23:00:00,0.0,0.0,0.0,False,True,False,6,cap_reached,0.0,0.0,0.0,0.0,0.0,0.0,0.0,0.0
2024-07-24 00:00:00,0.0,0.0,0.0,False,True,False,0,no_power,0.0,0.0,0.0,0.0,0.0,0.0,0.0,0.0
2024-07-24 01:00:00,0.0,0.0,0.0,False,True,False,0,no_power,0.0,0.0,0.0,0.0,0.0,0.0,0.0,0.0
2024-07-24 02:00:00,0.0,0.0,0.0,False,True,False,0,no_power,0.0,0.0,0.0,0.0,0.0,0.0,0.0,0.0
2024-07-24 03:00:00,0.0,0.0,0.0,False,True,False,0,no_power,0.0,0.0,0.0,0.0,0.0,0.0,0.0,0.0
2024-07-24 04:00:00,0.0,0.0,0.0,False,True,False,0,no_power,0.0,0.0,0.0,0.0,0.0,0.0,0.0,0.0
2024-07-24 05:00:00,0.0,0.0,0.0,False,True,False,0,no_power,0.0,0.0,0.0,0.0,0.0,0.0,0.0,0.0
2024-07-24 06:00:00,0.28,0.269,38.0,True,True,False,0,no_power,0.0,0.0,0.0,0.0,0.0,0.0,0.0,0.0
2024-07-24 07:00:00,1.282,1.231,225.0,True,True,False,0,no_power,0.0,0.0,0.0,0.0,0.0,0.0,0.0,0.0
2024-07-24 08:00:00,2.175,2.088,444.0,True,True,True,1,ok,1.263,0.0,1.263,0.0,0.825,0.0,0.0,0.0
2024-07-24 09:00:00,2.918,2.801,648.0,True,True,True,2,ok,1.263,0.0,1.263,0.0,1.538,0.0,0.0,0.0
2024-07-24 10:00:00,3.472,3.333,813.0,True,True,True,3,ok,1.263,0.0,1.263,0.0,2.07,0.0,0.0,0.0
2024-07-24 11:00:00,3.853,3.699,930.0,True,True,True,4,ok,1.263,0.0,1.263,0.0,2.436,0.0,0.0,0.0
2024-07-24 12:00:00,4.022,3.861,984.0,True,True,True,5,ok,1.263,0.0,1.263,0.0,2.598,0.0,0.0,0.0
2024-07-24 13:00:00,3.955,3.797,962.0,True,True,True,6,ok,1.263,0.0,1.263,0.0,2.534,0.0,0.0,0.0
2024-07-24 14:00:00,3.699,3.551,884.0,True,True,False,6,cap_reached,0.0,0.0,0.0,0.0,3.551,0.0,0.0,0.0
2024-07-24 15:00:00,3.248,3.118,749.0,True,True,False,6,cap_reached,0.0,0.0,0.0,0.0,3.118,0.0,0.0,0.0
2024-07-24 16:00:00,2.612,2.507,568.0,True,True,False,6,cap_reached,0.0,0.0,0.0,0.0,2.507,0.0,0.0,0.0
2024-07-24 17:00:00,0.039,0.037,8.0,False,True,False,6,cap_reached,0.0,0.0,0.0,0.0,0.037,0.0,0.0,0.0
2024-07-24 18:00:00,0.863,0.828,142.0,True,True,False,6,cap_reached,0.0,0.0,0.0,0.0,0.828,0.0,0.0,0.0
2024-07-24 19:00:00,0.0,0.0,0.0,False,True,False,6,cap_reached,0.0,0.0,0.0,0.0,0.0,0.0,0.0,0.0
2024-07-24 20:00:00,0.0,0.0,0.0,False,True,False,6,cap_reached,0.0,0.0,0.0,0.0,0.0,0.0,0.0,0.0
2024-07-24 21:00:00,0.0,0.0,0.0,False,True,False,6,cap_reached,0.0,0.0,0.0,0.0,0.0,0.0,0.0,0.0
2024-07-24 22:00:00,0.0,0.0,0.0,False,True,False,6,cap_reached,0.0,0.0,0.0,0.0,0.0,0.0,0.0,0.0
2024-07-24 23:00:00,0.0,0.0,0.0,False,True,False,6,cap_reached,0.0,0.0,0.0,0.0,0.0,0.0,0.0,0.0
2024-07-25 00:00:00,0.0,0.0,0.0,False,True,False,0,no_power,0.0,0.0,0.0,0.0,0.0,0.0,0.0,0.0
2024-07-25 01:00:00,0.0,0.0,0.0,False,True,False,0,no_power,0.0,0.0,0.0,0.0,0.0,0.0,0.0,0.0
2024-07-25 02:00:00,0.0,0.0,0.0,False,True,False,0,no_power,0.0,0.0,0.0,0.0,0.0,0.0,0.0,0.0
2024-07-25 03:00:00,0.0,0.0,0.0,False,True,False,0,no_power,0.0,0.0,0.0,0.0,0.0,0.0,0.0,0.0
2024-07-25 04:00:00,0.0,0.0,0.0,False,True,False,0,no_power,0.0,0.0,0.0,0.0,0.0,0.0,0.0,0.0
2024-07-25 05:00:00,0.0,0.0,0.0,False,True,False,0,no_power,0.0,0.0,0.0,0.0,0.0,0.0,0.0,0.0
2024-07-25 06:00:00,0.313,0.301,39.0,True,True,False,0,no_power,0.0,0.0,0.0,0.0,0.0,0.0,0.0,0.0
2024-07-25 07:00:00,1.308,1.256,229.0,True,True,False,0,no_power,0.0,0.0,0.0,0.0,0.0,0.0,0.0,0.0
2024-07-25 08:00:00,2.187,2.1,447.0,True,True,True,1,ok,1.263,0.0,1.263,0.0,0.837,0.0,0.0,0.0
2024-07-25 09:00:00,2.923,2.806,651.0,True,True,True,2,ok,1.263,0.0,1.263,0.0,1.543,0.0,0.0,0.0
2024-07-25 10:00:00,3.508,3.368,823.0,True,True,True,3,ok,1.263,0.0,1.263,0.0,2.105,0.0,0.0,0.0
2024-07-25 11:00:00,3.883,3.728,941.0,True,True,True,4,ok,1.263,0.0,1.263,0.0,2.465,0.0,0.0,0.0
2024-07-25 12:00:00,4.053,3.891,995.0,True,True,True,5,ok,1.263,0.0,1.263,0.0,2.628,0.0,0.0,0.0
2024-07-25 13:00:00,4.009,3.849,981.0,True,True,True,6,ok,1.263,0.0,1.263,0.0,2.586,0.0,0.0,0.0
2024-07-25 14:00:00,3.76,3.61,904.0,True,True,False,6,cap_reached,0.0,0.0,0.0,0.0,3.61,0.0,0.0,0.0
2024-07-25 15:00:00,3.307,3.174,765.0,True,True,False,6,cap_reached,0.0,0.0,0.0,0.0,3.174,0.0,0.0,0.0
2024-07-25 16:00:00,2.661,2.555,579.0,True,True,False,6,cap_reached,0.0,0.0,0.0,0.0,2.555,0.0,0.0,0.0
2024-07-25 17:00:00,1.853,1.779,363.0,True,True,False,6,cap_reached,0.0,0.0,0.0,0.0,1.779,0.0,0.0,0.0
2024-07-25 18:00:00,0.916,0.88,147.0,True,True,False,6,cap_reached,0.0,0.0,0.0,0.0,0.88,0.0,0.0,0.0
2024-07-25 19:00:00,0.0,0.0,0.0,False,True,False,6,cap_reached,0.0,0.0,0.0,0.0,0.0,0.0,0.0,0.0
2024-07-25 20:00:00,0.0,0.0,0.0,False,True,False,6,cap_reached,0.0,0.0,0.0,0.0,0.0,0.0,0.0,0.0
2024-07-25 21:00:00,0.0,0.0,0.0,False,True,False,6,cap_reached,0.0,0.0,0.0,0.0,0.0,0.0,0.0,0.0
2024-07-25 22:00:00,0.0,0.0,0.0,False,True,False,6,cap_reached,0.0,0.0,0.0,0.0,0.0,0.0,0.0,0.0
2024-07-25 23:00:00,0.0,0.0,0.0,False,True,False,6,cap_reached,0.0,0.0,0.0,0.0,0.0,0.0,0.0,0.0
2024-07-26 00:00:00,0.0,0.0,0.0,False,True,False,0,no_power,0.0,0.0,0.0,0.0,0.0,0.0,0.0,0.0
2024-07-26 01:00:00,0.0,0.0,0.0,False,True,False,0,no_power,0.0,0.0,0.0,0.0,0.0,0.0,0.0,0.0
2024-07-26 02:00:00,0.0,0.0,0.0,False,True,False,0,no_power,0.0,0.0,0.0,0.0,0.0,0.0,0.0,0.0
2024-07-26 03:00:00,0.0,0.0,0.0,False,True,False,0,no_power,0.0,0.0,0.0,0.0,0.0,0.0,0.0,0.0
2024-07-26 04:00:00,0.0,0.0,0.0,False,True,False,0,no_power,0.0,0.0,0.0,0.0,0.0,0.0,0.0,0.0
2024-07-26 05:00:00,0.0,0.0,0.0,False,True,False,0,no_power,0.0,0.0,0.0,0.0,0.0,0.0,0.0,0.0
2024-07-26 06:00:00,0.275,0.264,36.0,True,True,False,0,no_power,0.0,0.0,0.0,0.0,0.0,0.0,0.0,0.0
2024-07-26 07:00:00,1.277,1.226,224.0,True,True,False,0,no_power,0.0,0.0,0.0,0.0,0.0,0.0,0.0,0.0
2024-07-26 08:00:00,2.171,2.085,444.0,True,True,True,1,ok,1.263,0.0,1.263,0.0,0.822,0.0,0.0,0.0
2024-07-26 09:00:00,2.615,2.51,575.0,True,True,True,2,ok,1.263,0.0,1.263,0.0,1.247,0.0,0.0,0.0
2024-07-26 10:00:00,3.069,2.947,695.0,True,True,True,3,ok,1.263,0.0,1.263,0.0,1.684,0.0,0.0,0.0
2024-07-26 11:00:00,3.003,2.883,691.0,True,True,True,4,ok,1.263,0.0,1.263,0.0,1.62,0.0,0.0,0.0
2024-07-26 12:00:00,1.613,1.548,343.0,True,True,True,5,ok,1.263,0.0,1.263,0.0,0.285,0.0,0.0,0.0
2024-07-26 13:00:00,2.223,2.134,484.0,True,True,True,6,ok,1.263,0.0,1.263,0.0,0.871,0.0,0.0,0.0
2024-07-26 14:00:00,2.669,2.562,599.0,True,True,False,6,cap_reached,0.0,0.0,0.0,0.0,2.562,0.0,0.0,0.0
2024-07-26 15:00:00,2.737,2.627,618.0,True,True,False,6,cap_reached,0.0,0.0,0.0,0.0,2.627,0.0,0.0,0.0
2024-07-26 16:00:00,2.077,1.994,446.0,True,True,False,6,cap_reached,0.0,0.0,0.0,0.0,1.994,0.0,0.0,0.0
2024-07-26 17:00:00,1.851,1.777,362.0,True,True,False,6,cap_reached,0.0,0.0,0.0,0.0,1.777,0.0,0.0,0.0
2024-07-26 18:00:00,0.913,0.877,146.0,True,True,False,6,cap_reached,0.0,0.0,0.0,0.0,0.877,0.0,0.0,0.0
2024-07-26 19:00:00,0.0,0.0,0.0,False,True,False,6,cap_reached,0.0,0.0,0.0,0.0,0.0,0.0,0.0,0.0
2024-07-26 20:00:00,0.0,0.0,0.0,False,True,False,6,cap_reached,0.0,0.0,0.0,0.0,0.0,0.0,0.0,0.0
2024-07-26 21:00:00,0.0,0.0,0.0,False,True,False,6,cap_reached,0.0,0.0,0.0,0.0,0.0,0.0,0.0,0.0
2024-07-26 22:00:00,0.0,0.0,0.0,False,True,False,6,cap_reached,0.0,0.0,0.0,0.0,0.0,0.0,0.0,0.0
2024-07-26 23:00:00,0.0,0.0,0.0,False,True,False,6,cap_reached,0.0,0.0,0.0,0.0,0.0,0.0,0.0,0.0
2024-07-27 00:00:00,0.0,0.0,0.0,False,True,False,0,no_power,0.0,0.0,0.0,0.0,0.0,0.0,0.0,0.0
2024-07-27 01:00:00,0.0,0.0,0.0,False,True,False,0,no_power,0.0,0.0,0.0,0.0,0.0,0.0,0.0,0.0
2024-07-27 02:00:00,0.0,0.0,0.0,False,True,False,0,no_power,0.0,0.0,0.0,0.0,0.0,0.0,0.0,0.0
2024-07-27 03:00:00,0.0,0.0,0.0,False,True,False,0,no_power,0.0,0.0,0.0,0.0,0.0,0.0,0.0,0.0
2024-07-27 04:00:00,0.0,0.0,0.0,False,True,False,0,no_power,0.0,0.0,0.0,0.0,0.0,0.0,0.0,0.0
2024-07-27 05:00:00,0.0,0.0,0.0,False,True,False,0,no_power,0.0,0.0,0.0,0.0,0.0,0.0,0.0,0.0
2024-07-27 06:00:00,0.238,0.229,34.0,True,True,False,0,no_power,0.0,0.0,0.0,0.0,0.0,0.0,0.0,0.0
2024-07-27 07:00:00,1.227,1.178,218.0,True,True,False,0,no_power,0.0,0.0,0.0,0.0,0.0,0.0,0.0,0.0
2024-07-27 08:00:00,2.125,2.04,436.0,True,True,True,1,ok,1.263,0.0,1.263,0.0,0.777,0.0,0.0,0.0
2024-07-27 09:00:00,1.983,1.904,428.0,True,True,True,2,ok,1.263,0.0,1.263,0.0,0.641,0.0,0.0,0.0
2024-07-27 10:00:00,3.413,3.277,800.0,True,True,True,3,ok,1.263,0.0,1.263,0.0,2.014,0.0,0.0,0.0
2024-07-27 11:00:00,3.018,2.897,694.0,True,True,True,4,ok,1.263,0.0,1.263,0.0,1.634,0.0,0.0,0.0
2024-07-27 12:00:00,3.36,3.226,772.0,True,True,True,5,ok,1.263,0.0,1.263,0.0,1.963,0.0,0.0,0.0
2024-07-27 13:00:00,3.884,3.728,947.0,True,True,True,6,ok,1.263,0.0,1.263,0.0,2.465,0.0,0.0,0.0
2024-07-27 14:00:00,1.904,1.828,412.0,True,True,False,6,cap_reached,0.0,0.0,0.0,0.0,1.828,0.0,0.0,0.0
2024-07-27 15:00:00,2.313,2.22,511.0,True,True,False,6,cap_reached,0.0,0.0,0.0,0.0,2.22,0.0,0.0,0.0
2024-07-27 16:00:00,2.34,2.247,509.0,True,True,False,6,cap_reached,0.0,0.0,0.0,0.0,2.247,0.0,0.0,0.0
2024-07-27 17:00:00,1.659,1.593,332.0,True,True,False,6,cap_reached,0.0,0.0,0.0,0.0,1.593,0.0,0.0,0.0
2024-07-27 18:00:00,0.703,0.675,125.0,True,True,False,6,cap_reached,0.0,0.0,0.0,0.0,0.675,0.0,0.0,0.0
2024-07-27 19:00:00,0.0,0.0,0.0,False,True,False,6,cap_reached,0.0,0.0,0.0,0.0,0.0,0.0,0.0,0.0
2024-07-27 20:00:00,0.0,0.0,0.0,False,True,False,6,cap_reached,0.0,0.0,0.0,0.0,0.0,0.0,0.0,0.0
2024-07-27 21:00:00,0.0,0.0,0.0,False,True,False,6,cap_reached,0.0,0.0,0.0,0.0,0.0,0.0,0.0,0.0
2024-07-27 22:00:00,0.0,0.0,0.0,False,True,False,6,cap_reached,0.0,0.0,0.0,0.0,0.0,0.0,0.0,0.0
2024-07-27 23:00:00,0.0,0.0,0.0,False,True,False,6,cap_reached,0.0,0.0,0.0,0.0,0.0,0.0,0.0,0.0
2024-07-28 00:00:00,0.0,0.0,0.0,False,True,False,0,no_power,0.0,0.0,0.0,0.0,0.0,0.0,0.0,0.0
2024-07-28 01:00:00,0.0,0.0,0.0,False,True,False,0,no_power,0.0,0.0,0.0,0.0,0.0,0.0,0.0,0.0
2024-07-28 02:00:00,0.0,0.0,0.0,False,True,False,0,no_power,0.0,0.0,0.0,0.0,0.0,0.0,0.0,0.0
2024-07-28 03:00:00,0.0,0.0,0.0,False,True,False,0,no_power,0.0,0.0,0.0,0.0,0.0,0.0,0.0,0.0
2024-07-28 04:00:00,0.0,0.0,0.0,False,True,False,0,no_power,0.0,0.0,0.0,0.0,0.0,0.0,0.0,0.0
2024-07-28 05:00:00,0.0,0.0,0.0,False,True,False,0,no_power,0.0,0.0,0.0,0.0,0.0,0.0,0.0,0.0
2024-07-28 06:00:00,0.117,0.112,23.0,True,True,False,0,no_power,0.0,0.0,0.0,0.0,0.0,0.0,0.0,0.0
2024-07-28 07:00:00,1.015,0.975,192.0,True,True,False,0,no_power,0.0,0.0,0.0,0.0,0.0,0.0,0.0,0.0
2024-07-28 08:00:00,1.935,1.858,400.0,True,True,True,1,ok,1.263,0.0,1.263,0.0,0.595,0.0,0.0,0.0
2024-07-28 09:00:00,2.718,2.609,602.0,True,True,True,2,ok,1.263,0.0,1.263,0.0,1.346,0.0,0.0,0.0
2024-07-28 10:00:00,3.297,3.165,763.0,True,True,True,3,ok,1.263,0.0,1.263,0.0,1.902,0.0,0.0,0.0
2024-07-28 11:00:00,3.691,3.543,879.0,True,True,True,4,ok,1.263,0.0,1.263,0.0,2.28,0.0,0.0,0.0
2024-07-28 12:00:00,2.938,2.821,659.0,True,True,True,5,ok,1.263,0.0,1.263,0.0,1.558,0.0,0.0,0.0
2024-07-28 13:00:00,2.332,2.238,510.0,True,True,True,6,ok,1.263,0.0,1.263,0.0,0.975,0.0,0.0,0.0
2024-07-28 14:00:00,0.194,0.186,40.0,True,True,False,6,cap_reached,0.0,0.0,0.0,0.0,0.186,0.0,0.0,0.0
2024-07-28 15:00:00,2.288,2.197,501.0,True,True,False,6,cap_reached,0.0,0.0,0.0,0.0,2.197,0.0,0.0,0.0
2024-07-28 16:00:00,0.304,0.292,63.0,True,True,False,6,cap_reached,0.0,0.0,0.0,0.0,0.292,0.0,0.0,0.0
2024-07-28 17:00:00,1.12,1.075,235.0,True,True,False,6,cap_reached,0.0,0.0,0.0,0.0,1.075,0.0,0.0,0.0
2024-07-28 18:00:00,0.708,0.68,126.0,True,True,False,6,cap_reached,0.0,0.0,0.0,0.0,0.68,0.0,0.0,0.0
2024-07-28 19:00:00,0.0,0.0,0.0,False,True,False,6,cap_reached,0.0,0.0,0.0,0.0,0.0,0.0,0.0,0.0
2024-07-28 20:00:00,0.0,0.0,0.0,False,True,False,6,cap_reached,0.0,0.0,0.0,0.0,0.0,0.0,0.0,0.0
2024-07-28 21:00:00,0.0,0.0,0.0,False,True,False,6,cap_reached,0.0,0.0,0.0,0.0,0.0,0.0,0.0,0.0
2024-07-28 22:00:00,0.0,0.0,0.0,False,True,False,6,cap_reached,0.0,0.0,0.0,0.0,0.0,0.0,0.0,0.0
2024-07-28 23:00:00,0.0,0.0,0.0,False,True,False,6,cap_reached,0.0,0.0,0.0,0.0,0.0,0.0,0.0,0.0
2024-07-29 00:00:00,0.0,0.0,0.0,False,True,False,0,no_power,0.0,0.0,0.0,0.0,0.0,0.0,0.0,0.0
2024-07-29 01:00:00,0.0,0.0,0.0,False,True,False,0,no_power,0.0,0.0,0.0,0.0,0.0,0.0,0.0,0.0
2024-07-29 02:00:00,0.0,0.0,0.0,False,True,False,0,no_power,0.0,0.0,0.0,0.0,0.0,0.0,0.0,0.0
2024-07-29 03:00:00,0.0,0.0,0.0,False,True,False,0,no_power,0.0,0.0,0.0,0.0,0.0,0.0,0.0,0.0
2024-07-29 04:00:00,0.0,0.0,0.0,False,True,False,0,no_power,0.0,0.0,0.0,0.0,0.0,0.0,0.0,0.0
2024-07-29 05:00:00,0.0,0.0,0.0,False,True,False,0,no_power,0.0,0.0,0.0,0.0,0.0,0.0,0.0,0.0
2024-07-29 06:00:00,0.182,0.175,29.0,True,True,False,0,no_power,0.0,0.0,0.0,0.0,0.0,0.0,0.0,0.0
2024-07-29 07:00:00,1.148,1.102,208.0,True,True,False,0,no_power,0.0,0.0,0.0,0.0,0.0,0.0,0.0,0.0
2024-07-29 08:00:00,2.059,1.977,425.0,True,True,True,1,ok,1.263,0.0,1.263,0.0,0.714,0.0,0.0,0.0
2024-07-29 09:00:00,2.823,2.71,631.0,True,True,True,2,ok,1.263,0.0,1.263,0.0,1.447,0.0,0.0,0.0
2024-07-29 10:00:00,3.354,3.22,785.0,True,True,True,3,ok,1.263,0.0,1.263,0.0,1.957,0.0,0.0,0.0
2024-07-29 11:00:00,3.738,3.588,902.0,True,True,True,4,ok,1.263,0.0,1.263,0.0,2.325,0.0,0.0,0.0
2024-07-29 12:00:00,2.681,2.574,597.0,True,True,True,5,ok,1.263,0.0,1.263,0.0,1.311,0.0,0.0,0.0
2024-07-29 13:00:00,2.86,2.746,651.0,True,True,True,6,ok,1.263,0.0,1.263,0.0,1.483,0.0,0.0,0.0
2024-07-29 14:00:00,3.283,3.152,757.0,True,True,False,6,cap_reached,0.0,0.0,0.0,0.0,3.152,0.0,0.0,0.0
2024-07-29 15:00:00,2.233,2.144,493.0,True,True,False,6,cap_reached,0.0,0.0,0.0,0.0,2.144,0.0,0.0,0.0
2024-07-29 16:00:00,1.891,1.815,408.0,True,True,False,6,cap_reached,0.0,0.0,0.0,0.0,1.815,0.0,0.0,0.0
2024-07-29 17:00:00,1.456,1.398,301.0,True,True,False,6,cap_reached,0.0,0.0,0.0,0.0,1.398,0.0,0.0,0.0
2024-07-29 18:00:00,0.52,0.499,105.0,True,True,False,6,cap_reached,0.0,0.0,0.0,0.0,0.499,0.0,0.0,0.0
2024-07-29 19:00:00,0.0,0.0,0.0,False,True,False,6,cap_reached,0.0,0.0,0.0,0.0,0.0,0.0,0.0,0.0
2024-07-29 20:00:00,0.0,0.0,0.0,False,True,False,6,cap_reached,0.0,0.0,0.0,0.0,0.0,0.0,0.0,0.0
2024-07-29 21:00:00,0.0,0.0,0.0,False,True,False,6,cap_reached,0.0,0.0,0.0,0.0,0.0,0.0,0.0,0.0
2024-07-29 22:00:00,0.0,0.0,0.0,False,True,False,6,cap_reached,0.0,0.0,0.0,0.0,0.0,0.0,0.0,0.0
2024-07-29 23:00:00,0.0,0.0,0.0,False,True,False,6,cap_reached,0.0,0.0,0.0,0.0,0.0,0.0,0.0,0.0
2024-07-30 00:00:00,0.0,0.0,0.0,False,True,False,0,no_power,0.0,0.0,0.0,0.0,0.0,0.0,0.0,0.0
2024-07-30 01:00:00,0.0,0.0,0.0,False,True,False,0,no_power,0.0,0.0,0.0,0.0,0.0,0.0,0.0,0.0
2024-07-30 02:00:00,0.0,0.0,0.0,False,True,False,0,no_power,0.0,0.0,0.0,0.0,0.0,0.0,0.0,0.0
2024-07-30 03:00:00,0.0,0.0,0.0,False,True,False,0,no_power,0.0,0.0,0.0,0.0,0.0,0.0,0.0,0.0
2024-07-30 04:00:00,0.0,0.0,0.0,False,True,False,0,no_power,0.0,0.0,0.0,0.0,0.0,0.0,0.0,0.0
2024-07-30 05:00:00,0.0,0.0,0.0,False,True,False,0,no_power,0.0,0.0,0.0,0.0,0.0,0.0,0.0,0.0
2024-07-30 06:00:00,0.184,0.176,30.0,True,True,False,0,no_power,0.0,0.0,0.0,0.0,0.0,0.0,0.0,0.0
2024-07-30 07:00:00,1.156,1.109,210.0,True,True,False,0,no_power,0.0,0.0,0.0,0.0,0.0,0.0,0.0,0.0
2024-07-30 08:00:00,2.068,1.985,428.0,True,True,True,1,ok,1.263,0.0,1.263,0.0,0.722,0.0,0.0,0.0
2024-07-30 09:00:00,2.831,2.717,635.0,True,True,True,2,ok,1.263,0.0,1.263,0.0,1.454,0.0,0.0,0.0
2024-07-30 10:00:00,3.46,3.321,820.0,True,True,True,3,ok,1.263,0.0,1.263,0.0,2.058,0.0,0.0,0.0
2024-07-30 11:00:00,3.837,3.684,939.0,True,True,True,4,ok,1.263,0.0,1.263,0.0,2.421,0.0,0.0,0.0
2024-07-30 12:00:00,4.007,3.847,995.0,True,True,True,5,ok,1.263,0.0,1.263,0.0,2.584,0.0,0.0,0.0
2024-07-30 13:00:00,3.957,3.799,979.0,True,True,True,6,ok,1.263,0.0,1.263,0.0,2.536,0.0,0.0,0.0
2024-07-30 14:00:00,3.702,3.554,900.0,True,True,False,6,cap_reached,0.0,0.0,0.0,0.0,3.554,0.0,0.0,0.0
2024-07-30 15:00:00,3.253,3.123,763.0,True,True,False,6,cap_reached,0.0,0.0,0.0,0.0,3.123,0.0,0.0,0.0
2024-07-30 16:00:00,2.616,2.511,576.0,True,True,False,6,cap_reached,0.0,0.0,0.0,0.0,2.511,0.0,0.0,0.0
2024-07-30 17:00:00,1.812,1.739,360.0,True,True,False,6,cap_reached,0.0,0.0,0.0,0.0,1.739,0.0,0.0,0.0
2024-07-30 18:00:00,0.872,0.837,141.0,True,True,False,6,cap_reached,0.0,0.0,0.0,0.0,0.837,0.0,0.0,0.0
2024-07-30 19:00:00,0.0,0.0,0.0,False,True,False,6,cap_reached,0.0,0.0,0.0,0.0,0.0,0.0,0.0,0.0
2024-07-30 20:00:00,0.0,0.0,0.0,False,True,False,6,cap_reached,0.0,0.0,0.0,0.0,0.0,0.0,0.0,0.0
2024-07-30 21:00:00,0.0,0.0,0.0,False,True,False,6,cap_reached,0.0,0.0,0.0,0.0,0.0,0.0,0.0,0.0
2024-07-30 22:00:00,0.0,0.0,0.0,False,True,False,6,cap_reached,0.0,0.0,0.0,0.0,0.0,0.0,0.0,0.0
2024-07-30 23:00:00,0.0,0.0,0.0,False,True,False,6,cap_reached,0.0,0.0,0.0,0.0,0.0,0.0,0.0,0.0
2024-07-31 00:00:00,0.0,0.0,0.0,False,True,False,0,no_power,0.0,0.0,0.0,0.0,0.0,0.0,0.0,0.0
2024-07-31 01:00:00,0.0,0.0,0.0,False,True,False,0,no_power,0.0,0.0,0.0,0.0,0.0,0.0,0.0,0.0
2024-07-31 02:00:00,0.0,0.0,0.0,False,True,False,0,no_power,0.0,0.0,0.0,0.0,0.0,0.0,0.0,0.0
2024-07-31 03:00:00,0.0,0.0,0.0,False,True,False,0,no_power,0.0,0.0,0.0,0.0,0.0,0.0,0.0,0.0
2024-07-31 04:00:00,0.0,0.0,0.0,False,True,False,0,no_power,0.0,0.0,0.0,0.0,0.0,0.0,0.0,0.0
2024-07-31 05:00:00,0.0,0.0,0.0,False,True,False,0,no_power,0.0,0.0,0.0,0.0,0.0,0.0,0.0,0.0
2024-07-31 06:00:00,0.217,0.208,31.0,True,True,False,0,no_power,0.0,0.0,0.0,0.0,0.0,0.0,0.0,0.0
2024-07-31 07:00:00,1.201,1.153,215.0,True,True,False,0,no_power,0.0,0.0,0.0,0.0,0.0,0.0,0.0,0.0
2024-07-31 08:00:00,2.097,2.013,436.0,True,True,True,1,ok,1.263,0.0,1.263,0.0,0.75,0.0,0.0,0.0
2024-07-31 09:00:00,2.848,2.734,643.0,True,True,True,2,ok,1.263,0.0,1.263,0.0,1.471,0.0,0.0,0.0
2024-07-31 10:00:00,3.426,3.289,814.0,True,True,True,3,ok,1.263,0.0,1.263,0.0,2.026,0.0,0.0,0.0
2024-07-31 11:00:00,3.807,3.654,933.0,True,True,True,4,ok,1.263,0.0,1.263,0.0,2.391,0.0,0.0,0.0
2024-07-31 12:00:00,3.978,3.819,988.0,True,True,True,5,ok,1.263,0.0,1.263,0.0,2.556,0.0,0.0,0.0
2024-07-31 13:00:00,3.934,3.777,976.0,True,True,True,6,ok,1.263,0.0,1.263,0.0,2.514,0.0,0.0,0.0
2024-07-31 14:00:00,3.681,3.534,896.0,True,True,False,6,cap_reached,0.0,0.0,0.0,0.0,3.534,0.0,0.0,0.0
2024-07-31 15:00:00,3.225,3.096,757.0,True,True,False,6,cap_reached,0.0,0.0,0.0,0.0,3.096,0.0,0.0,0.0
2024-07-31 16:00:00,2.58,2.476,570.0,True,True,False,6,cap_reached,0.0,0.0,0.0,0.0,2.476,0.0,0.0,0.0
2024-07-31 17:00:00,1.781,1.71,355.0,True,True,False,6,cap_reached,0.0,0.0,0.0,0.0,1.71,0.0,0.0,0.0
2024-07-31 18:00:00,0.857,0.823,139.0,True,True,False,6,cap_reached,0.0,0.0,0.0,0.0,0.823,0.0,0.0,0.0
2024-07-31 19:00:00,0.0,0.0,0.0,False,True,False,6,cap_reached,0.0,0.0,0.0,0.0,0.0,0.0,0.0,0.0
2024-07-31 20:00:00,0.0,0.0,0.0,False,True,False,6,cap_reached,0.0,0.0,0.0,0.0,0.0,0.0,0.0,0.0
2024-07-31 21:00:00,0.0,0.0,0.0,False,True,False,6,cap_reached,0.0,0.0,0.0,0.0,0.0,0.0,0.0,0.0
2024-07-31 22:00:00,0.0,0.0,0.0,False,True,False,6,cap_reached,0.0,0.0,0.0,0.0,0.0,0.0,0.0,0.0
2024-07-31 23:00:00,0.0,0.0,0.0,False,True,False,6,cap_reached,0.0,0.0,0.0,0.0,0.0,0.0,0.0,0.0
2024-08-01 00:00:00,0.0,0.0,0.0,False,True,False,0,no_power,0.0,0.0,0.0,0.0,0.0,0.0,0.0,0.0
2024-08-01 01:00:00,0.0,0.0,0.0,False,True,False,0,no_power,0.0,0.0,0.0,0.0,0.0,0.0,0.0,0.0
2024-08-01 02:00:00,0.0,0.0,0.0,False,True,False,0,no_power,0.0,0.0,0.0,0.0,0.0,0.0,0.0,0.0
2024-08-01 03:00:00,0.0,0.0,0.0,False,True,False,0,no_power,0.0,0.0,0.0,0.0,0.0,0.0,0.0,0.0
2024-08-01 04:00:00,0.0,0.0,0.0,False,True,False,0,no_power,0.0,0.0,0.0,0.0,0.0,0.0,0.0,0.0
2024-08-01 05:00:00,0.0,0.0,0.0,False,True,False,0,no_power,0.0,0.0,0.0,0.0,0.0,0.0,0.0,0.0
2024-08-01 06:00:00,0.216,0.207,30.0,True,True,False,0,no_power,0.0,0.0,0.0,0.0,0.0,0.0,0.0,0.0
2024-08-01 07:00:00,1.192,1.144,214.0,True,True,False,0,no_power,0.0,0.0,0.0,0.0,0.0,0.0,0.0,0.0
2024-08-01 08:00:00,2.085,2.001,434.0,True,True,True,1,ok,1.263,0.0,1.263,0.0,0.738,0.0,0.0,0.0
2024-08-01 09:00:00,2.827,2.714,639.0,True,True,True,2,ok,1.263,0.0,1.263,0.0,1.451,0.0,0.0,0.0
2024-08-01 10:00:00,3.403,3.267,810.0,True,True,True,3,ok,1.263,0.0,1.263,0.0,2.004,0.0,0.0,0.0
2024-08-01 11:00:00,2.504,2.404,555.0,True,True,True,4,ok,1.263,0.0,1.263,0.0,1.141,0.0,0.0,0.0
2024-08-01 12:00:00,1.831,1.758,394.0,True,True,True,5,ok,1.263,0.0,1.263,0.0,0.495,0.0,0.0,0.0
2024-08-01 13:00:00,3.914,3.758,969.0,True,True,True,6,ok,1.263,0.0,1.263,0.0,2.495,0.0,0.0,0.0
2024-08-01 14:00:00,3.659,3.513,889.0,True,True,False,6,cap_reached,0.0,0.0,0.0,0.0,3.513,0.0,0.0,0.0
2024-08-01 15:00:00,3.194,3.066,749.0,True,True,False,6,cap_reached,0.0,0.0,0.0,0.0,3.066,0.0,0.0,0.0
2024-08-01 16:00:00,2.562,2.459,565.0,True,True,False,6,cap_reached,0.0,0.0,0.0,0.0,2.459,0.0,0.0,0.0
2024-08-01 17:00:00,1.744,1.674,347.0,True,True,False,6,cap_reached,0.0,0.0,0.0,0.0,1.674,0.0,0.0,0.0
2024-08-01 18:00:00,0.375,0.36,76.0,True,True,False,6,cap_reached,0.0,0.0,0.0,0.0,0.36,0.0,0.0,0.0
2024-08-01 19:00:00,0.0,0.0,0.0,False,True,False,6,cap_reached,0.0,0.0,0.0,0.0,0.0,0.0,0.0,0.0
2024-08-01 20:00:00,0.0,0.0,0.0,False,True,False,6,cap_reached,0.0,0.0,0.0,0.0,0.0,0.0,0.0,0.0
2024-08-01 21:00:00,0.0,0.0,0.0,False,True,False,6,cap_reached,0.0,0.0,0.0,0.0,0.0,0.0,0.0,0.0
2024-08-01 22:00:00,0.0,0.0,0.0,False,True,False,6,cap_reached,0.0,0.0,0.0,0.0,0.0,0.0,0.0,0.0
2024-08-01 23:00:00,0.0,0.0,0.0,False,True,False,6,cap_reached,0.0,0.0,0.0,0.0,0.0,0.0,0.0,0.0
2024-08-02 00:00:00,0.0,0.0,0.0,False,True,False,0,no_power,0.0,0.0,0.0,0.0,0.0,0.0,0.0,0.0
2024-08-02 01:00:00,0.0,0.0,0.0,False,True,False,0,no_power,0.0,0.0,0.0,0.0,0.0,0.0,0.0,0.0
2024-08-02 02:00:00,0.0,0.0,0.0,False,True,False,0,no_power,0.0,0.0,0.0,0.0,0.0,0.0,0.0,0.0
2024-08-02 03:00:00,0.0,0.0,0.0,False,True,False,0,no_power,0.0,0.0,0.0,0.0,0.0,0.0,0.0,0.0
2024-08-02 04:00:00,0.0,0.0,0.0,False,True,False,0,no_power,0.0,0.0,0.0,0.0,0.0,0.0,0.0,0.0
2024-08-02 05:00:00,0.0,0.0,0.0,False,True,False,0,no_power,0.0,0.0,0.0,0.0,0.0,0.0,0.0,0.0
2024-08-02 06:00:00,0.147,0.141,26.0,True,True,False,0,no_power,0.0,0.0,0.0,0.0,0.0,0.0,0.0,0.0
2024-08-02 07:00:00,0.903,0.867,178.0,True,True,False,0,no_power,0.0,0.0,0.0,0.0,0.0,0.0,0.0,0.0
2024-08-02 08:00:00,1.739,1.67,364.0,True,True,True,1,ok,1.263,0.0,1.263,0.0,0.407,0.0,0.0,0.0
2024-08-02 09:00:00,1.89,1.814,407.0,True,True,True,2,ok,1.263,0.0,1.263,0.0,0.551,0.0,0.0,0.0
2024-08-02 10:00:00,2.322,2.23,512.0,True,True,True,3,ok,1.263,0.0,1.263,0.0,0.967,0.0,0.0,0.0
2024-08-02 11:00:00,2.979,2.86,681.0,True,True,True,4,ok,1.263,0.0,1.263,0.0,1.597,0.0,0.0,0.0
2024-08-02 12:00:00,3.838,3.685,934.0,True,True,True,5,ok,1.263,0.0,1.263,0.0,2.422,0.0,0.0,0.0
2024-08-02 13:00:00,3.434,3.297,808.0,True,True,True,6,ok,1.263,0.0,1.263,0.0,2.034,0.0,0.0,0.0
2024-08-02 14:00:00,3.539,3.398,847.0,True,True,False,6,cap_reached,0.0,0.0,0.0,0.0,3.398,0.0,0.0,0.0
2024-08-02 15:00:00,0.416,0.399,86.0,True,True,False,6,cap_reached,0.0,0.0,0.0,0.0,0.399,0.0,0.0,0.0
2024-08-02 16:00:00,0.606,0.581,125.0,True,True,False,6,cap_reached,0.0,0.0,0.0,0.0,0.581,0.0,0.0,0.0
2024-08-02 17:00:00,0.429,0.412,89.0,True,True,False,6,cap_reached,0.0,0.0,0.0,0.0,0.412,0.0,0.0,0.0
2024-08-02 18:00:00,0.255,0.245,52.0,True,True,False,6,cap_reached,0.0,0.0,0.0,0.0,0.245,0.0,0.0,0.0
2024-08-02 19:00:00,0.0,0.0,0.0,False,True,False,6,cap_reached,0.0,0.0,0.0,0.0,0.0,0.0,0.0,0.0
2024-08-02 20:00:00,0.0,0.0,0.0,False,True,False,6,cap_reached,0.0,0.0,0.0,0.0,0.0,0.0,0.0,0.0
2024-08-02 21:00:00,0.0,0.0,0.0,False,True,False,6,cap_reached,0.0,0.0,0.0,0.0,0.0,0.0,0.0,0.0
2024-08-02 22:00:00,0.0,0.0,0.0,False,True,False,6,cap_reached,0.0,0.0,0.0,0.0,0.0,0.0,0.0,0.0
2024-08-02 23:00:00,0.0,0.0,0.0,False,True,False,6,cap_reached,0.0,0.0,0.0,0.0,0.0,0.0,0.0,0.0
2024-08-03 00:00:00,0.0,0.0,0.0,False,True,False,0,no_power,0.0,0.0,0.0,0.0,0.0,0.0,0.0,0.0
2024-08-03 01:00:00,0.0,0.0,0.0,False,True,False,0,no_power,0.0,0.0,0.0,0.0,0.0,0.0,0.0,0.0
2024-08-03 02:00:00,0.0,0.0,0.0,False,True,False,0,no_power,0.0,0.0,0.0,0.0,0.0,0.0,0.0,0.0
2024-08-03 03:00:00,0.0,0.0,0.0,False,True,False,0,no_power,0.0,0.0,0.0,0.0,0.0,0.0,0.0,0.0
2024-08-03 04:00:00,0.0,0.0,0.0,False,True,False,0,no_power,0.0,0.0,0.0,0.0,0.0,0.0,0.0,0.0
2024-08-03 05:00:00,0.0,0.0,0.0,False,True,False,0,no_power,0.0,0.0,0.0,0.0,0.0,0.0,0.0,0.0
2024-08-03 06:00:00,0.18,0.173,27.0,True,True,False,0,no_power,0.0,0.0,0.0,0.0,0.0,0.0,0.0,0.0
2024-08-03 07:00:00,1.072,1.029,206.0,True,True,False,0,no_power,0.0,0.0,0.0,0.0,0.0,0.0,0.0,0.0
2024-08-03 08:00:00,0.369,0.355,76.0,True,True,False,0,no_power,0.0,0.0,0.0,0.0,0.0,0.0,0.0,0.0
2024-08-03 09:00:00,1.181,1.134,249.0,True,True,False,0,no_power,0.0,0.0,0.0,0.0,0.0,0.0,0.0,0.0
2024-08-03 10:00:00,2.18,2.093,477.0,True,True,True,1,ok,1.263,0.0,1.263,0.0,0.83,0.0,0.0,0.0
2024-08-03 11:00:00,2.925,2.808,675.0,True,True,True,2,ok,1.263,0.0,1.263,0.0,1.545,0.0,0.0,0.0
2024-08-03 12:00:00,2.737,2.628,617.0,True,True,True,3,ok,1.263,0.0,1.263,0.0,1.365,0.0,0.0,0.0
2024-08-03 13:00:00,3.002,2.882,701.0,True,True,True,4,ok,1.263,0.0,1.263,0.0,1.619,0.0,0.0,0.0
2024-08-03 14:00:00,2.478,2.379,554.0,True,True,True,5,ok,1.263,0.0,1.263,0.0,1.116,0.0,0.0,0.0
2024-08-03 15:00:00,2.586,2.482,587.0,True,True,True,6,ok,1.263,0.0,1.263,0.0,1.219,0.0,0.0,0.0
2024-08-03 16:00:00,1.917,1.841,414.0,True,True,False,6,cap_reached,0.0,0.0,0.0,0.0,1.841,0.0,0.0,0.0
2024-08-03 17:00:00,0.822,0.789,170.0,True,True,False,6,cap_reached,0.0,0.0,0.0,0.0,0.789,0.0,0.0,0.0
2024-08-03 18:00:00,0.685,0.658,127.0,True,True,False,6,cap_reached,0.0,0.0,0.0,0.0,0.658,0.0,0.0,0.0
2024-08-03 19:00:00,0.0,0.0,0.0,False,True,False,6,cap_reached,0.0,0.0,0.0,0.0,0.0,0.0,0.0,0.0
2024-08-03 20:00:00,0.0,0.0,0.0,False,True,False,6,cap_reached,0.0,0.0,0.0,0.0,0.0,0.0,0.0,0.0
2024-08-03 21:00:00,0.0,0.0,0.0,False,True,False,6,cap_reached,0.0,0.0,0.0,0.0,0.0,0.0,0.0,0.0
2024-08-03 22:00:00,0.0,0.0,0.0,False,True,False,6,cap_reached,0.0,0.0,0.0,0.0,0.0,0.0,0.0,0.0
2024-08-03 23:00:00,0.0,0.0,0.0,False,True,False,6,cap_reached,0.0,0.0,0.0,0.0,0.0,0.0,0.0,0.0
2024-08-04 00:00:00,0.0,0.0,0.0,False,True,False,0,no_power,0.0,0.0,0.0,0.0,0.0,0.0,0.0,0.0
2024-08-04 01:00:00,0.0,0.0,0.0,False,True,False,0,no_power,0.0,0.0,0.0,0.0,0.0,0.0,0.0,0.0
2024-08-04 02:00:00,0.0,0.0,0.0,False,True,False,0,no_power,0.0,0.0,0.0,0.0,0.0,0.0,0.0,0.0
2024-08-04 03:00:00,0.0,0.0,0.0,False,True,False,0,no_power,0.0,0.0,0.0,0.0,0.0,0.0,0.0,0.0
2024-08-04 04:00:00,0.0,0.0,0.0,False,True,False,0,no_power,0.0,0.0,0.0,0.0,0.0,0.0,0.0,0.0
2024-08-04 05:00:00,0.0,0.0,0.0,False,True,False,0,no_power,0.0,0.0,0.0,0.0,0.0,0.0,0.0,0.0
2024-08-04 06:00:00,0.034,0.033,7.0,False,True,False,0,no_power,0.0,0.0,0.0,0.0,0.0,0.0,0.0,0.0
2024-08-04 07:00:00,0.809,0.777,161.0,True,True,False,0,no_power,0.0,0.0,0.0,0.0,0.0,0.0,0.0,0.0
2024-08-04 08:00:00,2.054,1.972,430.0,True,True,True,1,ok,1.263,0.0,1.263,0.0,0.709,0.0,0.0,0.0
2024-08-04 09:00:00,1.986,1.906,429.0,True,True,True,2,ok,1.263,0.0,1.263,0.0,0.643,0.0,0.0,0.0
2024-08-04 10:00:00,2.338,2.244,518.0,True,True,True,3,ok,1.263,0.0,1.263,0.0,0.981,0.0,0.0,0.0
2024-08-04 11:00:00,2.943,2.825,681.0,True,True,True,4,ok,1.263,0.0,1.263,0.0,1.562,0.0,0.0,0.0
2024-08-04 12:00:00,2.484,2.384,552.0,True,True,True,5,ok,1.263,0.0,1.263,0.0,1.121,0.0,0.0,0.0
2024-08-04 13:00:00,2.054,1.971,443.0,True,True,True,6,ok,1.263,0.0,1.263,0.0,0.708,0.0,0.0,0.0
2024-08-04 14:00:00,2.774,2.663,630.0,True,True,False,6,cap_reached,0.0,0.0,0.0,0.0,2.663,0.0,0.0,0.0
2024-08-04 15:00:00,2.77,2.659,637.0,True,True,False,6,cap_reached,0.0,0.0,0.0,0.0,2.659,0.0,0.0,0.0
2024-08-04 16:00:00,1.009,0.969,211.0,True,True,False,6,cap_reached,0.0,0.0,0.0,0.0,0.969,0.0,0.0,0.0
2024-08-04 17:00:00,0.385,0.37,80.0,True,True,False,6,cap_reached,0.0,0.0,0.0,0.0,0.37,0.0,0.0,0.0
2024-08-04 18:00:00,0.488,0.468,93.0,True,True,False,6,cap_reached,0.0,0.0,0.0,0.0,0.468,0.0,0.0,0.0
2024-08-04 19:00:00,0.0,0.0,0.0,False,True,False,6,cap_reached,0.0,0.0,0.0,0.0,0.0,0.0,0.0,0.0
2024-08-04 20:00:00,0.0,0.0,0.0,False,True,False,6,cap_reached,0.0,0.0,0.0,0.0,0.0,0.0,0.0,0.0
2024-08-04 21:00:00,0.0,0.0,0.0,False,True,False,6,cap_reached,0.0,0.0,0.0,0.0,0.0,0.0,0.0,0.0
2024-08-04 22:00:00,0.0,0.0,0.0,False,True,False,6,cap_reached,0.0,0.0,0.0,0.0,0.0,0.0,0.0,0.0
2024-08-04 23:00:00,0.0,0.0,0.0,False,True,False,6,cap_reached,0.0,0.0,0.0,0.0,0.0,0.0,0.0,0.0
2024-08-05 00:00:00,0.0,0.0,0.0,False,True,False,0,no_power,0.0,0.0,0.0,0.0,0.0,0.0,0.0,0.0
2024-08-05 01:00:00,0.0,0.0,0.0,False,True,False,0,no_power,0.0,0.0,0.0,0.0,0.0,0.0,0.0,0.0
2024-08-05 02:00:00,0.0,0.0,0.0,False,True,False,0,no_power,0.0,0.0,0.0,0.0,0.0,0.0,0.0,0.0
2024-08-05 03:00:00,0.0,0.0,0.0,False,True,False,0,no_power,0.0,0.0,0.0,0.0,0.0,0.0,0.0,0.0
2024-08-05 04:00:00,0.0,0.0,0.0,False,True,False,0,no_power,0.0,0.0,0.0,0.0,0.0,0.0,0.0,0.0
2024-08-05 05:00:00,0.0,0.0,0.0,False,True,False,0,no_power,0.0,0.0,0.0,0.0,0.0,0.0,0.0,0.0
2024-08-05 06:00:00,0.064,0.061,13.0,False,True,False,0,no_power,0.0,0.0,0.0,0.0,0.0,0.0,0.0,0.0
2024-08-05 07:00:00,0.741,0.711,151.0,True,True,False,0,no_power,0.0,0.0,0.0,0.0,0.0,0.0,0.0,0.0
2024-08-05 08:00:00,1.655,1.589,347.0,True,True,True,1,ok,1.263,0.0,1.263,0.0,0.326,0.0,0.0,0.0
2024-08-05 09:00:00,2.465,2.367,550.0,True,True,True,2,ok,1.263,0.0,1.263,0.0,1.104,0.0,0.0,0.0
2024-08-05 10:00:00,3.342,3.208,798.0,True,True,True,3,ok,1.263,0.0,1.263,0.0,1.945,0.0,0.0,0.0
2024-08-05 11:00:00,3.725,3.576,917.0,True,True,True,4,ok,1.263,0.0,1.263,0.0,2.313,0.0,0.0,0.0
2024-08-05 12:00:00,3.266,3.136,778.0,True,True,True,5,ok,1.263,0.0,1.263,0.0,1.873,0.0,0.0,0.0
2024-08-05 13:00:00,3.561,3.418,881.0,True,True,True,6,ok,1.263,0.0,1.263,0.0,2.155,0.0,0.0,0.0
2024-08-05 14:00:00,1.439,1.381,307.0,True,True,False,6,cap_reached,0.0,0.0,0.0,0.0,1.381,0.0,0.0,0.0
2024-08-05 15:00:00,2.693,2.585,619.0,True,True,False,6,cap_reached,0.0,0.0,0.0,0.0,2.585,0.0,0.0,0.0
2024-08-05 16:00:00,2.486,2.387,554.0,True,True,False,6,cap_reached,0.0,0.0,0.0,0.0,2.387,0.0,0.0,0.0
2024-08-05 17:00:00,1.347,1.293,276.0,True,True,False,6,cap_reached,0.0,0.0,0.0,0.0,1.293,0.0,0.0,0.0
2024-08-05 18:00:00,0.583,0.559,111.0,True,True,False,6,cap_reached,0.0,0.0,0.0,0.0,0.559,0.0,0.0,0.0
2024-08-05 19:00:00,0.0,0.0,0.0,False,True,False,6,cap_reached,0.0,0.0,0.0,0.0,0.0,0.0,0.0,0.0
2024-08-05 20:00:00,0.0,0.0,0.0,False,True,False,6,cap_reached,0.0,0.0,0.0,0.0,0.0,0.0,0.0,0.0
2024-08-05 21:00:00,0.0,0.0,0.0,False,True,False,6,cap_reached,0.0,0.0,0.0,0.0,0.0,0.0,0.0,0.0
2024-08-05 22:00:00,0.0,0.0,0.0,False,True,False,6,cap_reached,0.0,0.0,0.0,0.0,0.0,0.0,0.0,0.0
2024-08-05 23:00:00,0.0,0.0,0.0,False,True,False,6,cap_reached,0.0,0.0,0.0,0.0,0.0,0.0,0.0,0.0
2024-08-06 00:00:00,0.0,0.0,0.0,False,True,False,0,no_power,0.0,0.0,0.0,0.0,0.0,0.0,0.0,0.0
2024-08-06 01:00:00,0.0,0.0,0.0,False,True,False,0,no_power,0.0,0.0,0.0,0.0,0.0,0.0,0.0,0.0
2024-08-06 02:00:00,0.0,0.0,0.0,False,True,False,0,no_power,0.0,0.0,0.0,0.0,0.0,0.0,0.0,0.0
2024-08-06 03:00:00,0.0,0.0,0.0,False,True,False,0,no_power,0.0,0.0,0.0,0.0,0.0,0.0,0.0,0.0
2024-08-06 04:00:00,0.0,0.0,0.0,False,True,False,0,no_power,0.0,0.0,0.0,0.0,0.0,0.0,0.0,0.0
2024-08-06 05:00:00,0.0,0.0,0.0,False,True,False,0,no_power,0.0,0.0,0.0,0.0,0.0,0.0,0.0,0.0
2024-08-06 06:00:00,0.198,0.19,27.0,True,True,False,0,no_power,0.0,0.0,0.0,0.0,0.0,0.0,0.0,0.0
2024-08-06 07:00:00,1.165,1.118,211.0,True,True,False,0,no_power,0.0,0.0,0.0,0.0,0.0,0.0,0.0,0.0
2024-08-06 08:00:00,2.05,1.968,431.0,True,True,True,1,ok,1.263,0.0,1.263,0.0,0.705,0.0,0.0,0.0
2024-08-06 09:00:00,2.793,2.681,639.0,True,True,True,2,ok,1.263,0.0,1.263,0.0,1.418,0.0,0.0,0.0
2024-08-06 10:00:00,3.373,3.238,811.0,True,True,True,3,ok,1.263,0.0,1.263,0.0,1.975,0.0,0.0,0.0
2024-08-06 11:00:00,3.01,2.89,687.0,True,True,True,4,ok,1.263,0.0,1.263,0.0,1.627,0.0,0.0,0.0
2024-08-06 12:00:00,3.598,3.454,895.0,True,True,True,5,ok,1.263,0.0,1.263,0.0,2.191,0.0,0.0,0.0
2024-08-06 13:00:00,2.941,2.824,689.0,True,True,True,6,ok,1.263,0.0,1.263,0.0,1.561,0.0,0.0,0.0
2024-08-06 14:00:00,0.506,0.486,105.0,True,True,False,6,cap_reached,0.0,0.0,0.0,0.0,0.486,0.0,0.0,0.0
2024-08-06 15:00:00,0.122,0.117,25.0,True,True,False,6,cap_reached,0.0,0.0,0.0,0.0,0.117,0.0,0.0,0.0
2024-08-06 16:00:00,0.286,0.275,59.0,True,True,False,6,cap_reached,0.0,0.0,0.0,0.0,0.275,0.0,0.0,0.0
2024-08-06 17:00:00,0.078,0.075,16.0,False,True,False,6,cap_reached,0.0,0.0,0.0,0.0,0.075,0.0,0.0,0.0
2024-08-06 18:00:00,0.049,0.047,10.0,False,True,False,6,cap_reached,0.0,0.0,0.0,0.0,0.047,0.0,0.0,0.0
2024-08-06 19:00:00,0.0,0.0,0.0,False,True,False,6,cap_reached,0.0,0.0,0.0,0.0,0.0,0.0,0.0,0.0
2024-08-06 20:00:00,0.0,0.0,0.0,False,True,False,6,cap_reached,0.0,0.0,0.0,0.0,0.0,0.0,0.0,0.0
2024-08-06 21:00:00,0.0,0.0,0.0,False,True,False,6,cap_reached,0.0,0.0,0.0,0.0,0.0,0.0,0.0,0.0
2024-08-06 22:00:00,0.0,0.0,0.0,False,True,False,6,cap_reached,0.0,0.0,0.0,0.0,0.0,0.0,0.0,0.0
2024-08-06 23:00:00,0.0,0.0,0.0,False,True,False,6,cap_reached,0.0,0.0,0.0,0.0,0.0,0.0,0.0,0.0
2024-08-07 00:00:00,0.0,0.0,0.0,False,True,False,0,no_power,0.0,0.0,0.0,0.0,0.0,0.0,0.0,0.0
2024-08-07 01:00:00,0.0,0.0,0.0,False,True,False,0,no_power,0.0,0.0,0.0,0.0,0.0,0.0,0.0,0.0
2024-08-07 02:00:00,0.0,0.0,0.0,False,True,False,0,no_power,0.0,0.0,0.0,0.0,0.0,0.0,0.0,0.0
2024-08-07 03:00:00,0.0,0.0,0.0,False,True,False,0,no_power,0.0,0.0,0.0,0.0,0.0,0.0,0.0,0.0
2024-08-07 04:00:00,0.0,0.0,0.0,False,True,False,0,no_power,0.0,0.0,0.0,0.0,0.0,0.0,0.0,0.0
2024-08-07 05:00:00,0.0,0.0,0.0,False,True,False,0,no_power,0.0,0.0,0.0,0.0,0.0,0.0,0.0,0.0
2024-08-07 06:00:00,0.149,0.143,23.0,True,True,False,0,no_power,0.0,0.0,0.0,0.0,0.0,0.0,0.0,0.0
2024-08-07 07:00:00,0.964,0.925,187.0,True,True,False,0,no_power,0.0,0.0,0.0,0.0,0.0,0.0,0.0,0.0
2024-08-07 08:00:00,1.343,1.289,281.0,True,True,True,1,ok,1.263,0.0,1.263,0.0,0.026,0.0,0.0,0.0
2024-08-07 09:00:00,0.631,0.606,130.0,True,True,False,1,no_power,0.0,0.0,0.0,0.0,0.0,0.0,0.0,0.0
2024-08-07 10:00:00,0.142,0.136,29.0,True,True,False,1,no_power,0.0,0.0,0.0,0.0,0.0,0.0,0.0,0.0
2024-08-07 11:00:00,0.846,0.812,176.0,True,True,False,1,no_power,0.0,0.0,0.0,0.0,0.0,0.0,0.0,0.0
2024-08-07 12:00:00,2.875,2.76,656.0,True,True,True,2,ok,1.263,0.0,1.263,0.0,1.497,0.0,0.0,0.0
2024-08-07 13:00:00,1.969,1.89,426.0,True,True,True,3,ok,1.263,0.0,1.263,0.0,0.627,0.0,0.0,0.0
2024-08-07 14:00:00,2.206,2.118,486.0,True,True,True,4,ok,1.263,0.0,1.263,0.0,0.855,0.0,0.0,0.0
2024-08-07 15:00:00,1.847,1.773,399.0,True,True,True,5,ok,1.263,0.0,1.263,0.0,0.51,0.0,0.0,0.0
2024-08-07 16:00:00,2.476,2.377,550.0,True,True,True,6,ok,1.263,0.0,1.263,0.0,1.114,0.0,0.0,0.0
2024-08-07 17:00:00,1.66,1.593,334.0,True,True,False,6,cap_reached,0.0,0.0,0.0,0.0,1.593,0.0,0.0,0.0
2024-08-07 18:00:00,0.337,0.324,69.0,True,True,False,6,cap_reached,0.0,0.0,0.0,0.0,0.324,0.0,0.0,0.0
2024-08-07 19:00:00,0.0,0.0,0.0,False,True,False,6,cap_reached,0.0,0.0,0.0,0.0,0.0,0.0,0.0,0.0
2024-08-07 20:00:00,0.0,0.0,0.0,False,True,False,6,cap_reached,0.0,0.0,0.0,0.0,0.0,0.0,0.0,0.0
2024-08-07 21:00:00,0.0,0.0,0.0,False,True,False,6,cap_reached,0.0,0.0,0.0,0.0,0.0,0.0,0.0,0.0
2024-08-07 22:00:00,0.0,0.0,0.0,False,True,False,6,cap_reached,0.0,0.0,0.0,0.0,0.0,0.0,0.0,0.0
2024-08-07 23:00:00,0.0,0.0,0.0,False,True,False,6,cap_reached,0.0,0.0,0.0,0.0,0.0,0.0,0.0,0.0
2024-08-08 00:00:00,0.0,0.0,0.0,False,True,False,0,no_power,0.0,0.0,0.0,0.0,0.0,0.0,0.0,0.0
2024-08-08 01:00:00,0.0,0.0,0.0,False,True,False,0,no_power,0.0,0.0,0.0,0.0,0.0,0.0,0.0,0.0
2024-08-08 02:00:00,0.0,0.0,0.0,False,True,False,0,no_power,0.0,0.0,0.0,0.0,0.0,0.0,0.0,0.0
2024-08-08 03:00:00,0.0,0.0,0.0,False,True,False,0,no_power,0.0,0.0,0.0,0.0,0.0,0.0,0.0,0.0
2024-08-08 04:00:00,0.0,0.0,0.0,False,True,False,0,no_power,0.0,0.0,0.0,0.0,0.0,0.0,0.0,0.0
2024-08-08 05:00:00,0.0,0.0,0.0,False,True,False,0,no_power,0.0,0.0,0.0,0.0,0.0,0.0,0.0,0.0
2024-08-08 06:00:00,0.139,0.133,22.0,True,True,False,0,no_power,0.0,0.0,0.0,0.0,0.0,0.0,0.0,0.0
2024-08-08 07:00:00,1.05,1.008,196.0,True,True,False,0,no_power,0.0,0.0,0.0,0.0,0.0,0.0,0.0,0.0
2024-08-08 08:00:00,1.936,1.859,409.0,True,True,True,1,ok,1.263,0.0,1.263,0.0,0.596,0.0,0.0,0.0
2024-08-08 09:00:00,2.69,2.582,612.0,True,True,True,2,ok,1.263,0.0,1.263,0.0,1.319,0.0,0.0,0.0
2024-08-08 10:00:00,3.297,3.166,786.0,True,True,True,3,ok,1.263,0.0,1.263,0.0,1.903,0.0,0.0,0.0
2024-08-08 11:00:00,3.21,3.081,753.0,True,True,True,4,ok,1.263,0.0,1.263,0.0,1.818,0.0,0.0,0.0
2024-08-08 12:00:00,1.932,1.855,416.0,True,True,True,5,ok,1.263,0.0,1.263,0.0,0.592,0.0,0.0,0.0
2024-08-08 13:00:00,2.318,2.225,511.0,True,True,True,6,ok,1.263,0.0,1.263,0.0,0.962,0.0,0.0,0.0
2024-08-08 14:00:00,0.839,0.805,175.0,True,True,False,6,cap_reached,0.0,0.0,0.0,0.0,0.805,0.0,0.0,0.0
2024-08-08 15:00:00,0.879,0.844,184.0,True,True,False,6,cap_reached,0.0,0.0,0.0,0.0,0.844,0.0,0.0,0.0
2024-08-08 16:00:00,1.63,1.565,349.0,True,True,False,6,cap_reached,0.0,0.0,0.0,0.0,1.565,0.0,0.0,0.0
2024-08-08 17:00:00,1.099,1.055,227.0,True,True,False,6,cap_reached,0.0,0.0,0.0,0.0,1.055,0.0,0.0,0.0
2024-08-08 18:00:00,0.454,0.436,90.0,True,True,False,6,cap_reached,0.0,0.0,0.0,0.0,0.436,0.0,0.0,0.0
2024-08-08 19:00:00,0.0,0.0,0.0,False,True,False,6,cap_reached,0.0,0.0,0.0,0.0,0.0,0.0,0.0,0.0
2024-08-08 20:00:00,0.0,0.0,0.0,False,True,False,6,cap_reached,0.0,0.0,0.0,0.0,0.0,0.0,0.0,0.0
2024-08-08 21:00:00,0.0,0.0,0.0,False,True,False,6,cap_reached,0.0,0.0,0.0,0.0,0.0,0.0,0.0,0.0
2024-08-08 22:00:00,0.0,0.0,0.0,False,True,False,6,cap_reached,0.0,0.0,0.0,0.0,0.0,0.0,0.0,0.0
2024-08-08 23:00:00,0.0,0.0,0.0,False,True,False,6,cap_reached,0.0,0.0,0.0,0.0,0.0,0.0,0.0,0.0
2024-08-09 00:00:00,0.0,0.0,0.0,False,True,False,0,no_power,0.0,0.0,0.0,0.0,0.0,0.0,0.0,0.0
2024-08-09 01:00:00,0.0,0.0,0.0,False,True,False,0,no_power,0.0,0.0,0.0,0.0,0.0,0.0,0.0,0.0
2024-08-09 02:00:00,0.0,0.0,0.0,False,True,False,0,no_power,0.0,0.0,0.0,0.0,0.0,0.0,0.0,0.0
2024-08-09 03:00:00,0.0,0.0,0.0,False,True,False,0,no_power,0.0,0.0,0.0,0.0,0.0,0.0,0.0,0.0
2024-08-09 04:00:00,0.0,0.0,0.0,False,True,False,0,no_power,0.0,0.0,0.0,0.0,0.0,0.0,0.0,0.0
2024-08-09 05:00:00,0.0,0.0,0.0,False,True,False,0,no_power,0.0,0.0,0.0,0.0,0.0,0.0,0.0,0.0
2024-08-09 06:00:00,0.172,0.165,24.0,True,True,False,0,no_power,0.0,0.0,0.0,0.0,0.0,0.0,0.0,0.0
2024-08-09 07:00:00,1.102,1.058,203.0,True,True,False,0,no_power,0.0,0.0,0.0,0.0,0.0,0.0,0.0,0.0
2024-08-09 08:00:00,1.98,1.901,421.0,True,True,True,1,ok,1.263,0.0,1.263,0.0,0.638,0.0,0.0,0.0
2024-08-09 09:00:00,0.127,0.122,26.0,True,True,False,1,no_power,0.0,0.0,0.0,0.0,0.0,0.0,0.0,0.0
2024-08-09 10:00:00,0.185,0.178,38.0,True,True,False,1,no_power,0.0,0.0,0.0,0.0,0.0,0.0,0.0,0.0
2024-08-09 11:00:00,0.282,0.271,58.0,True,True,False,1,no_power,0.0,0.0,0.0,0.0,0.0,0.0,0.0,0.0
2024-08-09 12:00:00,1.156,1.11,243.0,True,True,False,1,no_power,0.0,0.0,0.0,0.0,0.0,0.0,0.0,0.0
2024-08-09 13:00:00,2.492,2.393,557.0,True,True,True,2,ok,1.263,0.0,1.263,0.0,1.13,0.0,0.0,0.0
2024-08-09 14:00:00,2.451,2.353,546.0,True,True,True,3,ok,1.263,0.0,1.263,0.0,1.09,0.0,0.0,0.0
2024-08-09 15:00:00,2.302,2.21,513.0,True,True,True,4,ok,1.263,0.0,1.263,0.0,0.947,0.0,0.0,0.0
2024-08-09 16:00:00,0.268,0.257,55.0,True,True,False,4,no_power,0.0,0.0,0.0,0.0,0.0,0.0,0.0,0.0
2024-08-09 17:00:00,1.213,1.164,251.0,True,True,False,4,no_power,0.0,0.0,0.0,0.0,0.0,0.0,0.0,0.0
2024-08-09 18:00:00,0.378,0.363,76.0,True,True,False,4,no_power,0.0,0.0,0.0,0.0,0.0,0.0,0.0,0.0
2024-08-09 19:00:00,0.0,0.0,0.0,False,True,False,4,no_power,0.0,0.0,0.0,0.0,0.0,0.0,0.0,0.0
2024-08-09 20:00:00,0.0,0.0,0.0,False,True,False,4,no_power,0.0,0.0,0.0,0.0,0.0,0.0,0.0,0.0
2024-08-09 21:00:00,0.0,0.0,0.0,False,True,False,4,no_power,0.0,0.0,0.0,0.0,0.0,0.0,0.0,0.0
2024-08-09 22:00:00,0.0,0.0,0.0,False,True,False,4,no_power,0.0,0.0,0.0,0.0,0.0,0.0,0.0,0.0
2024-08-09 23:00:00,0.0,0.0,0.0,False,True,False,4,no_power,0.0,0.0,0.0,0.0,0.0,0.0,0.0,0.0
2024-08-10 00:00:00,0.0,0.0,0.0,False,True,False,0,no_power,0.0,0.0,0.0,0.0,0.0,0.0,0.0,0.0
2024-08-10 01:00:00,0.0,0.0,0.0,False,True,False,0,no_power,0.0,0.0,0.0,0.0,0.0,0.0,0.0,0.0
2024-08-10 02:00:00,0.0,0.0,0.0,False,True,False,0,no_power,0.0,0.0,0.0,0.0,0.0,0.0,0.0,0.0
2024-08-10 03:00:00,0.0,0.0,0.0,False,True,False,0,no_power,0.0,0.0,0.0,0.0,0.0,0.0,0.0,0.0
2024-08-10 04:00:00,0.0,0.0,0.0,False,True,False,0,no_power,0.0,0.0,0.0,0.0,0.0,0.0,0.0,0.0
2024-08-10 05:00:00,0.0,0.0,0.0,False,True,False,0,no_power,0.0,0.0,0.0,0.0,0.0,0.0,0.0,0.0
2024-08-10 06:00:00,0.169,0.163,23.0,True,True,False,0,no_power,0.0,0.0,0.0,0.0,0.0,0.0,0.0,0.0
2024-08-10 07:00:00,1.122,1.077,206.0,True,True,False,0,no_power,0.0,0.0,0.0,0.0,0.0,0.0,0.0,0.0
2024-08-10 08:00:00,2.019,1.938,429.0,True,True,True,1,ok,1.263,0.0,1.263,0.0,0.675,0.0,0.0,0.0
2024-08-10 09:00:00,2.779,2.668,640.0,True,True,True,2,ok,1.263,0.0,1.263,0.0,1.405,0.0,0.0,0.0
2024-08-10 10:00:00,3.371,3.236,816.0,True,True,True,3,ok,1.263,0.0,1.263,0.0,1.973,0.0,0.0,0.0
2024-08-10 11:00:00,3.75,3.6,935.0,True,True,True,4,ok,1.263,0.0,1.263,0.0,2.337,0.0,0.0,0.0
2024-08-10 12:00:00,3.914,3.758,989.0,True,True,True,5,ok,1.263,0.0,1.263,0.0,2.495,0.0,0.0,0.0
2024-08-10 13:00:00,3.855,3.701,971.0,True,True,True,6,ok,1.263,0.0,1.263,0.0,2.438,0.0,0.0,0.0
2024-08-10 14:00:00,3.588,3.445,889.0,True,True,False,6,cap_reached,0.0,0.0,0.0,0.0,3.445,0.0,0.0,0.0
2024-08-10 15:00:00,3.121,2.996,746.0,True,True,False,6,cap_reached,0.0,0.0,0.0,0.0,2.996,0.0,0.0,0.0
2024-08-10 16:00:00,2.469,2.37,556.0,True,True,False,6,cap_reached,0.0,0.0,0.0,0.0,2.37,0.0,0.0,0.0
2024-08-10 17:00:00,1.654,1.588,337.0,True,True,False,6,cap_reached,0.0,0.0,0.0,0.0,1.588,0.0,0.0,0.0
2024-08-10 18:00:00,0.724,0.695,120.0,True,True,False,6,cap_reached,0.0,0.0,0.0,0.0,0.695,0.0,0.0,0.0
2024-08-10 19:00:00,0.0,0.0,0.0,False,True,False,6,cap_reached,0.0,0.0,0.0,0.0,0.0,0.0,0.0,0.0
2024-08-10 20:00:00,0.0,0.0,0.0,False,True,False,6,cap_reached,0.0,0.0,0.0,0.0,0.0,0.0,0.0,0.0
2024-08-10 21:00:00,0.0,0.0,0.0,False,True,False,6,cap_reached,0.0,0.0,0.0,0.0,0.0,0.0,0.0,0.0
2024-08-10 22:00:00,0.0,0.0,0.0,False,True,False,6,cap_reached,0.0,0.0,0.0,0.0,0.0,0.0,0.0,0.0
2024-08-10 23:00:00,0.0,0.0,0.0,False,True,False,6,cap_reached,0.0,0.0,0.0,0.0,0.0,0.0,0.0,0.0
2024-08-11 00:00:00,0.0,0.0,0.0,False,True,False,0,no_power,0.0,0.0,0.0,0.0,0.0,0.0,0.0,0.0
2024-08-11 01:00:00,0.0,0.0,0.0,False,True,False,0,no_power,0.0,0.0,0.0,0.0,0.0,0.0,0.0,0.0
2024-08-11 02:00:00,0.0,0.0,0.0,False,True,False,0,no_power,0.0,0.0,0.0,0.0,0.0,0.0,0.0,0.0
2024-08-11 03:00:00,0.0,0.0,0.0,False,True,False,0,no_power,0.0,0.0,0.0,0.0,0.0,0.0,0.0,0.0
2024-08-11 04:00:00,0.0,0.0,0.0,False,True,False,0,no_power,0.0,0.0,0.0,0.0,0.0,0.0,0.0,0.0
2024-08-11 05:00:00,0.0,0.0,0.0,False,True,False,0,no_power,0.0,0.0,0.0,0.0,0.0,0.0,0.0,0.0
2024-08-11 06:00:00,0.044,0.042,9.0,False,True,False,0,no_power,0.0,0.0,0.0,0.0,0.0,0.0,0.0,0.0
2024-08-11 07:00:00,1.079,1.036,200.0,True,True,False,0,no_power,0.0,0.0,0.0,0.0,0.0,0.0,0.0,0.0
2024-08-11 08:00:00,1.973,1.894,421.0,True,True,True,1,ok,1.263,0.0,1.263,0.0,0.631,0.0,0.0,0.0
2024-08-11 09:00:00,1.697,1.629,363.0,True,True,True,2,ok,1.263,0.0,1.263,0.0,0.366,0.0,0.0,0.0
2024-08-11 10:00:00,3.328,3.195,808.0,True,True,True,3,ok,1.263,0.0,1.263,0.0,1.932,0.0,0.0,0.0
2024-08-11 11:00:00,3.708,3.56,925.0,True,True,True,4,ok,1.263,0.0,1.263,0.0,2.297,0.0,0.0,0.0
2024-08-11 12:00:00,3.878,3.723,979.0,True,True,True,5,ok,1.263,0.0,1.263,0.0,2.46,0.0,0.0,0.0
2024-08-11 13:00:00,3.823,3.67,962.0,True,True,True,6,ok,1.263,0.0,1.263,0.0,2.407,0.0,0.0,0.0
2024-08-11 14:00:00,3.562,3.419,880.0,True,True,False,6,cap_reached,0.0,0.0,0.0,0.0,3.419,0.0,0.0,0.0
2024-08-11 15:00:00,2.571,2.468,577.0,True,True,False,6,cap_reached,0.0,0.0,0.0,0.0,2.468,0.0,0.0,0.0
2024-08-11 16:00:00,2.442,2.344,550.0,True,True,False,6,cap_reached,0.0,0.0,0.0,0.0,2.344,0.0,0.0,0.0
2024-08-11 17:00:00,1.622,1.557,330.0,True,True,False,6,cap_reached,0.0,0.0,0.0,0.0,1.557,0.0,0.0,0.0
2024-08-11 18:00:00,0.683,0.655,114.0,True,True,False,6,cap_reached,0.0,0.0,0.0,0.0,0.655,0.0,0.0,0.0
2024-08-11 19:00:00,0.0,0.0,0.0,False,True,False,6,cap_reached,0.0,0.0,0.0,0.0,0.0,0.0,0.0,0.0
2024-08-11 20:00:00,0.0,0.0,0.0,False,True,False,6,cap_reached,0.0,0.0,0.0,0.0,0.0,0.0,0.0,0.0
2024-08-11 21:00:00,0.0,0.0,0.0,False,True,False,6,cap_reached,0.0,0.0,0.0,0.0,0.0,0.0,0.0,0.0
2024-08-11 22:00:00,0.0,0.0,0.0,False,True,False,6,cap_reached,0.0,0.0,0.0,0.0,0.0,0.0,0.0,0.0
2024-08-11 23:00:00,0.0,0.0,0.0,False,True,False,6,cap_reached,0.0,0.0,0.0,0.0,0.0,0.0,0.0,0.0
2024-08-12 00:00:00,0.0,0.0,0.0,False,True,False,0,no_power,0.0,0.0,0.0,0.0,0.0,0.0,0.0,0.0
2024-08-12 01:00:00,0.0,0.0,0.0,False,True,False,0,no_power,0.0,0.0,0.0,0.0,0.0,0.0,0.0,0.0
2024-08-12 02:00:00,0.0,0.0,0.0,False,True,False,0,no_power,0.0,0.0,0.0,0.0,0.0,0.0,0.0,0.0
2024-08-12 03:00:00,0.0,0.0,0.0,False,True,False,0,no_power,0.0,0.0,0.0,0.0,0.0,0.0,0.0,0.0
2024-08-12 04:00:00,0.0,0.0,0.0,False,True,False,0,no_power,0.0,0.0,0.0,0.0,0.0,0.0,0.0,0.0
2024-08-12 05:00:00,0.0,0.0,0.0,False,True,False,0,no_power,0.0,0.0,0.0,0.0,0.0,0.0,0.0,0.0
2024-08-12 06:00:00,0.142,0.137,22.0,True,True,False,0,no_power,0.0,0.0,0.0,0.0,0.0,0.0,0.0,0.0
2024-08-12 07:00:00,1.111,1.066,206.0,True,True,False,0,no_power,0.0,0.0,0.0,0.0,0.0,0.0,0.0,0.0
2024-08-12 08:00:00,2.02,1.939,433.0,True,True,True,1,ok,1.263,0.0,1.263,0.0,0.676,0.0,0.0,0.0
2024-08-12 09:00:00,2.781,2.67,647.0,True,True,True,2,ok,1.263,0.0,1.263,0.0,1.407,0.0,0.0,0.0
2024-08-12 10:00:00,3.358,3.224,820.0,True,True,True,3,ok,1.263,0.0,1.263,0.0,1.961,0.0,0.0,0.0
2024-08-12 11:00:00,3.74,3.59,939.0,True,True,True,4,ok,1.263,0.0,1.263,0.0,2.327,0.0,0.0,0.0
2024-08-12 12:00:00,3.914,3.757,993.0,True,True,True,5,ok,1.263,0.0,1.263,0.0,2.494,0.0,0.0,0.0
2024-08-12 13:00:00,3.854,3.7,977.0,True,True,True,6,ok,1.263,0.0,1.263,0.0,2.437,0.0,0.0,0.0
2024-08-12 14:00:00,3.585,3.441,892.0,True,True,False,6,cap_reached,0.0,0.0,0.0,0.0,3.441,0.0,0.0,0.0
2024-08-12 15:00:00,3.107,2.983,746.0,True,True,False,6,cap_reached,0.0,0.0,0.0,0.0,2.983,0.0,0.0,0.0
2024-08-12 16:00:00,2.435,2.337,552.0,True,True,False,6,cap_reached,0.0,0.0,0.0,0.0,2.337,0.0,0.0,0.0
2024-08-12 17:00:00,1.607,1.543,329.0,True,True,False,6,cap_reached,0.0,0.0,0.0,0.0,1.543,0.0,0.0,0.0
2024-08-12 18:00:00,0.66,0.634,112.0,True,True,False,6,cap_reached,0.0,0.0,0.0,0.0,0.634,0.0,0.0,0.0
2024-08-12 19:00:00,0.0,0.0,0.0,False,True,False,6,cap_reached,0.0,0.0,0.0,0.0,0.0,0.0,0.0,0.0
2024-08-12 20:00:00,0.0,0.0,0.0,False,True,False,6,cap_reached,0.0,0.0,0.0,0.0,0.0,0.0,0.0,0.0
2024-08-12 21:00:00,0.0,0.0,0.0,False,True,False,6,cap_reached,0.0,0.0,0.0,0.0,0.0,0.0,0.0,0.0
2024-08-12 22:00:00,0.0,0.0,0.0,False,True,False,6,cap_reached,0.0,0.0,0.0,0.0,0.0,0.0,0.0,0.0
2024-08-12 23:00:00,0.0,0.0,0.0,False,True,False,6,cap_reached,0.0,0.0,0.0,0.0,0.0,0.0,0.0,0.0
2024-08-13 00:00:00,0.0,0.0,0.0,False,True,False,0,no_power,0.0,0.0,0.0,0.0,0.0,0.0,0.0,0.0
2024-08-13 01:00:00,0.0,0.0,0.0,False,True,False,0,no_power,0.0,0.0,0.0,0.0,0.0,0.0,0.0,0.0
2024-08-13 02:00:00,0.0,0.0,0.0,False,True,False,0,no_power,0.0,0.0,0.0,0.0,0.0,0.0,0.0,0.0
2024-08-13 03:00:00,0.0,0.0,0.0,False,True,False,0,no_power,0.0,0.0,0.0,0.0,0.0,0.0,0.0,0.0
2024-08-13 04:00:00,0.0,0.0,0.0,False,True,False,0,no_power,0.0,0.0,0.0,0.0,0.0,0.0,0.0,0.0
2024-08-13 05:00:00,0.0,0.0,0.0,False,True,False,0,no_power,0.0,0.0,0.0,0.0,0.0,0.0,0.0,0.0
2024-08-13 06:00:00,0.14,0.134,21.0,True,True,False,0,no_power,0.0,0.0,0.0,0.0,0.0,0.0,0.0,0.0
2024-08-13 07:00:00,0.723,0.694,148.0,True,True,False,0,no_power,0.0,0.0,0.0,0.0,0.0,0.0,0.0,0.0
2024-08-13 08:00:00,0.553,0.531,114.0,True,True,False,0,no_power,0.0,0.0,0.0,0.0,0.0,0.0,0.0,0.0
2024-08-13 09:00:00,0.44,0.423,92.0,True,True,False,0,no_power,0.0,0.0,0.0,0.0,0.0,0.0,0.0,0.0
2024-08-13 10:00:00,1.135,1.09,239.0,True,True,False,0,no_power,0.0,0.0,0.0,0.0,0.0,0.0,0.0,0.0
2024-08-13 11:00:00,1.902,1.826,409.0,True,True,True,1,ok,1.263,0.0,1.263,0.0,0.563,0.0,0.0,0.0
2024-08-13 12:00:00,2.763,2.653,627.0,True,True,True,2,ok,1.263,0.0,1.263,0.0,1.39,0.0,0.0,0.0
2024-08-13 13:00:00,3.804,3.652,967.0,True,True,True,3,ok,1.263,0.0,1.263,0.0,2.389,0.0,0.0,0.0
2024-08-13 14:00:00,2.701,2.593,618.0,True,True,True,4,ok,1.263,0.0,1.263,0.0,1.33,0.0,0.0,0.0
2024-08-13 15:00:00,3.072,2.949,741.0,True,True,True,5,ok,1.263,0.0,1.263,0.0,1.686,0.0,0.0,0.0
2024-08-13 16:00:00,1.319,1.266,281.0,True,True,True,6,ok,1.263,0.0,1.263,0.0,0.003,0.0,0.0,0.0
2024-08-13 17:00:00,1.61,1.545,331.0,True,True,False,6,cap_reached,0.0,0.0,0.0,0.0,1.545,0.0,0.0,0.0
2024-08-13 18:00:00,0.684,0.657,113.0,True,True,False,6,cap_reached,0.0,0.0,0.0,0.0,0.657,0.0,0.0,0.0
2024-08-13 19:00:00,0.0,0.0,0.0,False,True,False,6,cap_reached,0.0,0.0,0.0,0.0,0.0,0.0,0.0,0.0
2024-08-13 20:00:00,0.0,0.0,0.0,False,True,False,6,cap_reached,0.0,0.0,0.0,0.0,0.0,0.0,0.0,0.0
2024-08-13 21:00:00,0.0,0.0,0.0,False,True,False,6,cap_reached,0.0,0.0,0.0,0.0,0.0,0.0,0.0,0.0
2024-08-13 22:00:00,0.0,0.0,0.0,False,True,False,6,cap_reached,0.0,0.0,0.0,0.0,0.0,0.0,0.0,0.0
2024-08-13 23:00:00,0.0,0.0,0.0,False,True,False,6,cap_reached,0.0,0.0,0.0,0.0,0.0,0.0,0.0,0.0
2024-08-14 00:00:00,0.0,0.0,0.0,False,True,False,0,no_power,0.0,0.0,0.0,0.0,0.0,0.0,0.0,0.0
2024-08-14 01:00:00,0.0,0.0,0.0,False,True,False,0,no_power,0.0,0.0,0.0,0.0,0.0,0.0,0.0,0.0
2024-08-14 02:00:00,0.0,0.0,0.0,False,True,False,0,no_power,0.0,0.0,0.0,0.0,0.0,0.0,0.0,0.0
2024-08-14 03:00:00,0.0,0.0,0.0,False,True,False,0,no_power,0.0,0.0,0.0,0.0,0.0,0.0,0.0,0.0
2024-08-14 04:00:00,0.0,0.0,0.0,False,True,False,0,no_power,0.0,0.0,0.0,0.0,0.0,0.0,0.0,0.0
2024-08-14 05:00:00,0.0,0.0,0.0,False,True,False,0,no_power,0.0,0.0,0.0,0.0,0.0,0.0,0.0,0.0
2024-08-14 06:00:00,0.16,0.154,21.0,True,True,False,0,no_power,0.0,0.0,0.0,0.0,0.0,0.0,0.0,0.0
2024-08-14 07:00:00,1.103,1.059,205.0,True,True,False,0,no_power,0.0,0.0,0.0,0.0,0.0,0.0,0.0,0.0
2024-08-14 08:00:00,1.99,1.91,430.0,True,True,True,1,ok,1.263,0.0,1.263,0.0,0.647,0.0,0.0,0.0
2024-08-14 09:00:00,2.738,2.628,640.0,True,True,True,2,ok,1.263,0.0,1.263,0.0,1.365,0.0,0.0,0.0
2024-08-14 10:00:00,3.317,3.184,813.0,True,True,True,3,ok,1.263,0.0,1.263,0.0,1.921,0.0,0.0,0.0
2024-08-14 11:00:00,3.693,3.545,931.0,True,True,True,4,ok,1.263,0.0,1.263,0.0,2.282,0.0,0.0,0.0
2024-08-14 12:00:00,3.86,3.706,984.0,True,True,True,5,ok,1.263,0.0,1.263,0.0,2.443,0.0,0.0,0.0
2024-08-14 13:00:00,3.809,3.657,969.0,True,True,True,6,ok,1.263,0.0,1.263,0.0,2.394,0.0,0.0,0.0
2024-08-14 14:00:00,3.542,3.4,886.0,True,True,False,6,cap_reached,0.0,0.0,0.0,0.0,3.4,0.0,0.0,0.0
2024-08-14 15:00:00,3.064,2.942,742.0,True,True,False,6,cap_reached,0.0,0.0,0.0,0.0,2.942,0.0,0.0,0.0
2024-08-14 16:00:00,2.411,2.314,551.0,True,True,False,6,cap_reached,0.0,0.0,0.0,0.0,2.314,0.0,0.0,0.0
2024-08-14 17:00:00,1.602,1.538,331.0,True,True,False,6,cap_reached,0.0,0.0,0.0,0.0,1.538,0.0,0.0,0.0
2024-08-14 18:00:00,0.681,0.654,113.0,True,True,False,6,cap_reached,0.0,0.0,0.0,0.0,0.654,0.0,0.0,0.0
2024-08-14 19:00:00,0.0,0.0,0.0,False,True,False,6,cap_reached,0.0,0.0,0.0,0.0,0.0,0.0,0.0,0.0
2024-08-14 20:00:00,0.0,0.0,0.0,False,True,False,6,cap_reached,0.0,0.0,0.0,0.0,0.0,0.0,0.0,0.0
2024-08-14 21:00:00,0.0,0.0,0.0,False,True,False,6,cap_reached,0.0,0.0,0.0,0.0,0.0,0.0,0.0,0.0
2024-08-14 22:00:00,0.0,0.0,0.0,False,True,False,6,cap_reached,0.0,0.0,0.0,0.0,0.0,0.0,0.0,0.0
2024-08-14 23:00:00,0.0,0.0,0.0,False,True,False,6,cap_reached,0.0,0.0,0.0,0.0,0.0,0.0,0.0,0.0
2024-08-15 00:00:00,0.0,0.0,0.0,False,True,False,0,no_power,0.0,0.0,0.0,0.0,0.0,0.0,0.0,0.0
2024-08-15 01:00:00,0.0,0.0,0.0,False,True,False,0,no_power,0.0,0.0,0.0,0.0,0.0,0.0,0.0,0.0
2024-08-15 02:00:00,0.0,0.0,0.0,False,True,False,0,no_power,0.0,0.0,0.0,0.0,0.0,0.0,0.0,0.0
2024-08-15 03:00:00,0.0,0.0,0.0,False,True,False,0,no_power,0.0,0.0,0.0,0.0,0.0,0.0,0.0,0.0
2024-08-15 04:00:00,0.0,0.0,0.0,False,True,False,0,no_power,0.0,0.0,0.0,0.0,0.0,0.0,0.0,0.0
2024-08-15 05:00:00,0.0,0.0,0.0,False,True,False,0,no_power,0.0,0.0,0.0,0.0,0.0,0.0,0.0,0.0
2024-08-15 06:00:00,0.164,0.157,21.0,True,True,False,0,no_power,0.0,0.0,0.0,0.0,0.0,0.0,0.0,0.0
2024-08-15 07:00:00,1.1,1.056,205.0,True,True,False,0,no_power,0.0,0.0,0.0,0.0,0.0,0.0,0.0,0.0
2024-08-15 08:00:00,1.985,1.906,430.0,True,True,True,1,ok,1.263,0.0,1.263,0.0,0.643,0.0,0.0,0.0
2024-08-15 09:00:00,2.727,2.618,640.0,True,True,True,2,ok,1.263,0.0,1.263,0.0,1.355,0.0,0.0,0.0
2024-08-15 10:00:00,3.289,3.157,808.0,True,True,True,3,ok,1.263,0.0,1.263,0.0,1.894,0.0,0.0,0.0
2024-08-15 11:00:00,2.094,2.01,460.0,True,True,True,4,ok,1.263,0.0,1.263,0.0,0.747,0.0,0.0,0.0
2024-08-15 12:00:00,2.615,2.51,594.0,True,True,True,5,ok,1.263,0.0,1.263,0.0,1.247,0.0,0.0,0.0
2024-08-15 13:00:00,2.188,2.101,479.0,True,True,True,6,ok,1.263,0.0,1.263,0.0,0.838,0.0,0.0,0.0
2024-08-15 14:00:00,3.511,3.371,879.0,True,True,False,6,cap_reached,0.0,0.0,0.0,0.0,3.371,0.0,0.0,0.0
2024-08-15 15:00:00,3.039,2.917,735.0,True,True,False,6,cap_reached,0.0,0.0,0.0,0.0,2.917,0.0,0.0,0.0
2024-08-15 16:00:00,2.185,2.098,493.0,True,True,False,6,cap_reached,0.0,0.0,0.0,0.0,2.098,0.0,0.0,0.0
2024-08-15 17:00:00,1.113,1.068,232.0,True,True,False,6,cap_reached,0.0,0.0,0.0,0.0,1.068,0.0,0.0,0.0
2024-08-15 18:00:00,0.166,0.159,34.0,True,True,False,6,cap_reached,0.0,0.0,0.0,0.0,0.159,0.0,0.0,0.0
2024-08-15 19:00:00,0.0,0.0,0.0,False,True,False,6,cap_reached,0.0,0.0,0.0,0.0,0.0,0.0,0.0,0.0
2024-08-15 20:00:00,0.0,0.0,0.0,False,True,False,6,cap_reached,0.0,0.0,0.0,0.0,0.0,0.0,0.0,0.0
2024-08-15 21:00:00,0.0,0.0,0.0,False,True,False,6,cap_reached,0.0,0.0,0.0,0.0,0.0,0.0,0.0,0.0
2024-08-15 22:00:00,0.0,0.0,0.0,False,True,False,6,cap_reached,0.0,0.0,0.0,0.0,0.0,0.0,0.0,0.0
2024-08-15 23:00:00,0.0,0.0,0.0,False,True,False,6,cap_reached,0.0,0.0,0.0,0.0,0.0,0.0,0.0,0.0
2024-08-16 00:00:00,0.0,0.0,0.0,False,True,False,0,no_power,0.0,0.0,0.0,0.0,0.0,0.0,0.0,0.0
2024-08-16 01:00:00,0.0,0.0,0.0,False,True,False,0,no_power,0.0,0.0,0.0,0.0,0.0,0.0,0.0,0.0
2024-08-16 02:00:00,0.0,0.0,0.0,False,True,False,0,no_power,0.0,0.0,0.0,0.0,0.0,0.0,0.0,0.0
2024-08-16 03:00:00,0.0,0.0,0.0,False,True,False,0,no_power,0.0,0.0,0.0,0.0,0.0,0.0,0.0,0.0
2024-08-16 04:00:00,0.0,0.0,0.0,False,True,False,0,no_power,0.0,0.0,0.0,0.0,0.0,0.0,0.0,0.0
2024-08-16 05:00:00,0.0,0.0,0.0,False,True,False,0,no_power,0.0,0.0,0.0,0.0,0.0,0.0,0.0,0.0
2024-08-16 06:00:00,0.108,0.104,17.0,True,True,False,0,no_power,0.0,0.0,0.0,0.0,0.0,0.0,0.0,0.0
2024-08-16 07:00:00,1.006,0.966,192.0,True,True,False,0,no_power,0.0,0.0,0.0,0.0,0.0,0.0,0.0,0.0
2024-08-16 08:00:00,1.905,1.829,413.0,True,True,True,1,ok,1.263,0.0,1.263,0.0,0.566,0.0,0.0,0.0
2024-08-16 09:00:00,2.666,2.56,622.0,True,True,True,2,ok,1.263,0.0,1.263,0.0,1.297,0.0,0.0,0.0
2024-08-16 10:00:00,2.403,2.307,543.0,True,True,True,3,ok,1.263,0.0,1.263,0.0,1.044,0.0,0.0,0.0
2024-08-16 11:00:00,0.923,0.887,193.0,True,True,False,3,no_power,0.0,0.0,0.0,0.0,0.0,0.0,0.0,0.0
2024-08-16 12:00:00,2.502,2.402,566.0,True,True,True,4,ok,1.263,0.0,1.263,0.0,1.139,0.0,0.0,0.0
2024-08-16 13:00:00,2.885,2.77,670.0,True,True,True,5,ok,1.263,0.0,1.263,0.0,1.507,0.0,0.0,0.0
2024-08-16 14:00:00,3.069,2.946,735.0,True,True,True,6,ok,1.263,0.0,1.263,0.0,1.683,0.0,0.0,0.0
2024-08-16 15:00:00,2.614,2.509,614.0,True,True,False,6,cap_reached,0.0,0.0,0.0,0.0,2.509,0.0,0.0,0.0
2024-08-16 16:00:00,1.939,1.862,429.0,True,True,False,6,cap_reached,0.0,0.0,0.0,0.0,1.862,0.0,0.0,0.0
2024-08-16 17:00:00,1.373,1.318,285.0,True,True,False,6,cap_reached,0.0,0.0,0.0,0.0,1.318,0.0,0.0,0.0
2024-08-16 18:00:00,0.586,0.563,101.0,True,True,False,6,cap_reached,0.0,0.0,0.0,0.0,0.563,0.0,0.0,0.0
2024-08-16 19:00:00,0.0,0.0,0.0,False,True,False,6,cap_reached,0.0,0.0,0.0,0.0,0.0,0.0,0.0,0.0
2024-08-16 20:00:00,0.0,0.0,0.0,False,True,False,6,cap_reached,0.0,0.0,0.0,0.0,0.0,0.0,0.0,0.0
2024-08-16 21:00:00,0.0,0.0,0.0,False,True,False,6,cap_reached,0.0,0.0,0.0,0.0,0.0,0.0,0.0,0.0
2024-08-16 22:00:00,0.0,0.0,0.0,False,True,False,6,cap_reached,0.0,0.0,0.0,0.0,0.0,0.0,0.0,0.0
2024-08-16 23:00:00,0.0,0.0,0.0,False,True,False,6,cap_reached,0.0,0.0,0.0,0.0,0.0,0.0,0.0,0.0
2024-08-17 00:00:00,0.0,0.0,0.0,False,True,False,0,no_power,0.0,0.0,0.0,0.0,0.0,0.0,0.0,0.0
2024-08-17 01:00:00,0.0,0.0,0.0,False,True,False,0,no_power,0.0,0.0,0.0,0.0,0.0,0.0,0.0,0.0
2024-08-17 02:00:00,0.0,0.0,0.0,False,True,False,0,no_power,0.0,0.0,0.0,0.0,0.0,0.0,0.0,0.0
2024-08-17 03:00:00,0.0,0.0,0.0,False,True,False,0,no_power,0.0,0.0,0.0,0.0,0.0,0.0,0.0,0.0
2024-08-17 04:00:00,0.0,0.0,0.0,False,True,False,0,no_power,0.0,0.0,0.0,0.0,0.0,0.0,0.0,0.0
2024-08-17 05:00:00,0.0,0.0,0.0,False,True,False,0,no_power,0.0,0.0,0.0,0.0,0.0,0.0,0.0,0.0
2024-08-17 06:00:00,0.116,0.111,18.0,True,True,False,0,no_power,0.0,0.0,0.0,0.0,0.0,0.0,0.0,0.0
2024-08-17 07:00:00,1.031,0.99,196.0,True,True,False,0,no_power,0.0,0.0,0.0,0.0,0.0,0.0,0.0,0.0
2024-08-17 08:00:00,1.928,1.851,420.0,True,True,True,1,ok,1.263,0.0,1.263,0.0,0.588,0.0,0.0,0.0
2024-08-17 09:00:00,2.682,2.575,631.0,True,True,True,2,ok,1.263,0.0,1.263,0.0,1.312,0.0,0.0,0.0
2024-08-17 10:00:00,3.256,3.126,802.0,True,True,True,3,ok,1.263,0.0,1.263,0.0,1.863,0.0,0.0,0.0
2024-08-17 11:00:00,3.635,3.489,920.0,True,True,True,4,ok,1.263,0.0,1.263,0.0,2.226,0.0,0.0,0.0
2024-08-17 12:00:00,2.542,2.44,568.0,True,True,True,5,ok,1.263,0.0,1.263,0.0,1.177,0.0,0.0,0.0
2024-08-17 13:00:00,2.643,2.538,596.0,True,True,True,6,ok,1.263,0.0,1.263,0.0,1.275,0.0,0.0,0.0
2024-08-17 14:00:00,3.18,3.052,783.0,True,True,False,6,cap_reached,0.0,0.0,0.0,0.0,3.052,0.0,0.0,0.0
2024-08-17 15:00:00,2.544,2.442,586.0,True,True,False,6,cap_reached,0.0,0.0,0.0,0.0,2.442,0.0,0.0,0.0
2024-08-17 16:00:00,2.035,1.954,454.0,True,True,False,6,cap_reached,0.0,0.0,0.0,0.0,1.954,0.0,0.0,0.0
2024-08-17 17:00:00,0.994,0.955,207.0,True,True,False,6,cap_reached,0.0,0.0,0.0,0.0,0.955,0.0,0.0,0.0
2024-08-17 18:00:00,0.426,0.409,85.0,True,True,False,6,cap_reached,0.0,0.0,0.0,0.0,0.409,0.0,0.0,0.0
2024-08-17 19:00:00,0.0,0.0,0.0,False,True,False,6,cap_reached,0.0,0.0,0.0,0.0,0.0,0.0,0.0,0.0
2024-08-17 20:00:00,0.0,0.0,0.0,False,True,False,6,cap_reached,0.0,0.0,0.0,0.0,0.0,0.0,0.0,0.0
2024-08-17 21:00:00,0.0,0.0,0.0,False,True,False,6,cap_reached,0.0,0.0,0.0,0.0,0.0,0.0,0.0,0.0
2024-08-17 22:00:00,0.0,0.0,0.0,False,True,False,6,cap_reached,0.0,0.0,0.0,0.0,0.0,0.0,0.0,0.0
2024-08-17 23:00:00,0.0,0.0,0.0,False,True,False,6,cap_reached,0.0,0.0,0.0,0.0,0.0,0.0,0.0,0.0
2024-08-18 00:00:00,0.0,0.0,0.0,False,True,False,0,no_power,0.0,0.0,0.0,0.0,0.0,0.0,0.0,0.0
2024-08-18 01:00:00,0.0,0.0,0.0,False,True,False,0,no_power,0.0,0.0,0.0,0.0,0.0,0.0,0.0,0.0
2024-08-18 02:00:00,0.0,0.0,0.0,False,True,False,0,no_power,0.0,0.0,0.0,0.0,0.0,0.0,0.0,0.0
2024-08-18 03:00:00,0.0,0.0,0.0,False,True,False,0,no_power,0.0,0.0,0.0,0.0,0.0,0.0,0.0,0.0
2024-08-18 04:00:00,0.0,0.0,0.0,False,True,False,0,no_power,0.0,0.0,0.0,0.0,0.0,0.0,0.0,0.0
2024-08-18 05:00:00,0.0,0.0,0.0,False,True,False,0,no_power,0.0,0.0,0.0,0.0,0.0,0.0,0.0,0.0
2024-08-18 06:00:00,0.108,0.104,17.0,True,True,False,0,no_power,0.0,0.0,0.0,0.0,0.0,0.0,0.0,0.0
2024-08-18 07:00:00,1.011,0.97,193.0,True,True,False,0,no_power,0.0,0.0,0.0,0.0,0.0,0.0,0.0,0.0
2024-08-18 08:00:00,1.903,1.827,416.0,True,True,True,1,ok,1.263,0.0,1.263,0.0,0.564,0.0,0.0,0.0
2024-08-18 09:00:00,2.663,2.556,627.0,True,True,True,2,ok,1.263,0.0,1.263,0.0,1.293,0.0,0.0,0.0
2024-08-18 10:00:00,2.539,2.437,569.0,True,True,True,3,ok,1.263,0.0,1.263,0.0,1.174,0.0,0.0,0.0
2024-08-18 11:00:00,1.223,1.174,257.0,True,True,False,3,no_power,0.0,0.0,0.0,0.0,0.0,0.0,0.0,0.0
2024-08-18 12:00:00,1.278,1.227,269.0,True,True,False,3,no_power,0.0,0.0,0.0,0.0,0.0,0.0,0.0,0.0
2024-08-18 13:00:00,1.959,1.88,423.0,True,True,True,4,ok,1.263,0.0,1.263,0.0,0.617,0.0,0.0,0.0
2024-08-18 14:00:00,0.359,0.345,74.0,True,True,False,4,no_power,0.0,0.0,0.0,0.0,0.0,0.0,0.0,0.0
2024-08-18 15:00:00,0.112,0.108,23.0,True,True,False,4,no_power,0.0,0.0,0.0,0.0,0.0,0.0,0.0,0.0
2024-08-18 16:00:00,0.103,0.099,21.0,True,True,False,4,no_power,0.0,0.0,0.0,0.0,0.0,0.0,0.0,0.0
2024-08-18 17:00:00,0.142,0.136,29.0,True,True,False,4,no_power,0.0,0.0,0.0,0.0,0.0,0.0,0.0,0.0
2024-08-18 18:00:00,0.596,0.572,100.0,True,True,False,4,no_power,0.0,0.0,0.0,0.0,0.0,0.0,0.0,0.0
2024-08-18 19:00:00,0.0,0.0,0.0,False,True,False,4,no_power,0.0,0.0,0.0,0.0,0.0,0.0,0.0,0.0
2024-08-18 20:00:00,0.0,0.0,0.0,False,True,False,4,no_power,0.0,0.0,0.0,0.0,0.0,0.0,0.0,0.0
2024-08-18 21:00:00,0.0,0.0,0.0,False,True,False,4,no_power,0.0,0.0,0.0,0.0,0.0,0.0,0.0,0.0
2024-08-18 22:00:00,0.0,0.0,0.0,False,True,False,4,no_power,0.0,0.0,0.0,0.0,0.0,0.0,0.0,0.0
2024-08-18 23:00:00,0.0,0.0,0.0,False,True,False,4,no_power,0.0,0.0,0.0,0.0,0.0,0.0,0.0,0.0
2024-08-19 00:00:00,0.0,0.0,0.0,False,True,False,0,no_power,0.0,0.0,0.0,0.0,0.0,0.0,0.0,0.0
2024-08-19 01:00:00,0.0,0.0,0.0,False,True,False,0,no_power,0.0,0.0,0.0,0.0,0.0,0.0,0.0,0.0
2024-08-19 02:00:00,0.0,0.0,0.0,False,True,False,0,no_power,0.0,0.0,0.0,0.0,0.0,0.0,0.0,0.0
2024-08-19 03:00:00,0.0,0.0,0.0,False,True,False,0,no_power,0.0,0.0,0.0,0.0,0.0,0.0,0.0,0.0
2024-08-19 04:00:00,0.0,0.0,0.0,False,True,False,0,no_power,0.0,0.0,0.0,0.0,0.0,0.0,0.0,0.0
2024-08-19 05:00:00,0.0,0.0,0.0,False,True,False,0,no_power,0.0,0.0,0.0,0.0,0.0,0.0,0.0,0.0
2024-08-19 06:00:00,0.135,0.129,18.0,True,True,False,0,no_power,0.0,0.0,0.0,0.0,0.0,0.0,0.0,0.0
2024-08-19 07:00:00,1.042,1.0,199.0,True,True,False,0,no_power,0.0,0.0,0.0,0.0,0.0,0.0,0.0,0.0
2024-08-19 08:00:00,1.923,1.846,424.0,True,True,True,1,ok,1.263,0.0,1.263,0.0,0.583,0.0,0.0,0.0
2024-08-19 09:00:00,2.126,2.041,468.0,True,True,True,2,ok,1.263,0.0,1.263,0.0,0.778,0.0,0.0,0.0
2024-08-19 10:00:00,2.693,2.585,631.0,True,True,True,3,ok,1.263,0.0,1.263,0.0,1.322,0.0,0.0,0.0
2024-08-19 11:00:00,2.738,2.628,620.0,True,True,True,4,ok,1.263,0.0,1.263,0.0,1.365,0.0,0.0,0.0
2024-08-19 12:00:00,3.079,2.955,738.0,True,True,True,5,ok,1.263,0.0,1.263,0.0,1.692,0.0,0.0,0.0
2024-08-19 13:00:00,2.871,2.756,674.0,True,True,True,6,ok,1.263,0.0,1.263,0.0,1.493,0.0,0.0,0.0
2024-08-19 14:00:00,2.97,2.851,720.0,True,True,False,6,cap_reached,0.0,0.0,0.0,0.0,2.851,0.0,0.0,0.0
2024-08-19 15:00:00,2.738,2.629,657.0,True,True,False,6,cap_reached,0.0,0.0,0.0,0.0,2.629,0.0,0.0,0.0
2024-08-19 16:00:00,2.29,2.198,526.0,True,True,False,6,cap_reached,0.0,0.0,0.0,0.0,2.198,0.0,0.0,0.0
2024-08-19 17:00:00,1.456,1.398,305.0,True,True,False,6,cap_reached,0.0,0.0,0.0,0.0,1.398,0.0,0.0,0.0
2024-08-19 18:00:00,0.181,0.174,37.0,True,True,False,6,cap_reached,0.0,0.0,0.0,0.0,0.174,0.0,0.0,0.0
2024-08-19 19:00:00,0.0,0.0,0.0,False,True,False,6,cap_reached,0.0,0.0,0.0,0.0,0.0,0.0,0.0,0.0
2024-08-19 20:00:00,0.0,0.0,0.0,False,True,False,6,cap_reached,0.0,0.0,0.0,0.0,0.0,0.0,0.0,0.0
2024-08-19 21:00:00,0.0,0.0,0.0,False,True,False,6,cap_reached,0.0,0.0,0.0,0.0,0.0,0.0,0.0,0.0
2024-08-19 22:00:00,0.0,0.0,0.0,False,True,False,6,cap_reached,0.0,0.0,0.0,0.0,0.0,0.0,0.0,0.0
2024-08-19 23:00:00,0.0,0.0,0.0,False,True,False,6,cap_reached,0.0,0.0,0.0,0.0,0.0,0.0,0.0,0.0
2024-08-20 00:00:00,0.0,0.0,0.0,False,True,False,0,no_power,0.0,0.0,0.0,0.0,0.0,0.0,0.0,0.0
2024-08-20 01:00:00,0.0,0.0,0.0,False,True,False,0,no_power,0.0,0.0,0.0,0.0,0.0,0.0,0.0,0.0
2024-08-20 02:00:00,0.0,0.0,0.0,False,True,False,0,no_power,0.0,0.0,0.0,0.0,0.0,0.0,0.0,0.0
2024-08-20 03:00:00,0.0,0.0,0.0,False,True,False,0,no_power,0.0,0.0,0.0,0.0,0.0,0.0,0.0,0.0
2024-08-20 04:00:00,0.0,0.0,0.0,False,True,False,0,no_power,0.0,0.0,0.0,0.0,0.0,0.0,0.0,0.0
2024-08-20 05:00:00,0.0,0.0,0.0,False,True,False,0,no_power,0.0,0.0,0.0,0.0,0.0,0.0,0.0,0.0
2024-08-20 06:00:00,0.115,0.111,17.0,True,True,False,0,no_power,0.0,0.0,0.0,0.0,0.0,0.0,0.0,0.0
2024-08-20 07:00:00,1.012,0.972,195.0,True,True,False,0,no_power,0.0,0.0,0.0,0.0,0.0,0.0,0.0,0.0
2024-08-20 08:00:00,1.9,1.824,419.0,True,True,True,1,ok,1.263,0.0,1.263,0.0,0.561,0.0,0.0,0.0
2024-08-20 09:00:00,2.033,1.952,445.0,True,True,True,2,ok,1.263,0.0,1.263,0.0,0.689,0.0,0.0,0.0
2024-08-20 10:00:00,2.903,2.787,701.0,True,True,True,3,ok,1.263,0.0,1.263,0.0,1.524,0.0,0.0,0.0
2024-08-20 11:00:00,3.61,3.466,921.0,True,True,True,4,ok,1.263,0.0,1.263,0.0,2.203,0.0,0.0,0.0
2024-08-20 12:00:00,3.772,3.621,972.0,True,True,True,5,ok,1.263,0.0,1.263,0.0,2.358,0.0,0.0,0.0
2024-08-20 13:00:00,2.451,2.353,552.0,True,True,True,6,ok,1.263,0.0,1.263,0.0,1.09,0.0,0.0,0.0
2024-08-20 14:00:00,1.866,1.791,405.0,True,True,False,6,cap_reached,0.0,0.0,0.0,0.0,1.791,0.0,0.0,0.0
2024-08-20 15:00:00,2.469,2.37,579.0,True,True,False,6,cap_reached,0.0,0.0,0.0,0.0,2.37,0.0,0.0,0.0
2024-08-20 16:00:00,2.005,1.925,455.0,True,True,False,6,cap_reached,0.0,0.0,0.0,0.0,1.925,0.0,0.0,0.0
2024-08-20 17:00:00,1.117,1.072,234.0,True,True,False,6,cap_reached,0.0,0.0,0.0,0.0,1.072,0.0,0.0,0.0
2024-08-20 18:00:00,0.117,0.112,24.0,True,True,False,6,cap_reached,0.0,0.0,0.0,0.0,0.112,0.0,0.0,0.0
2024-08-20 19:00:00,0.0,0.0,0.0,False,True,False,6,cap_reached,0.0,0.0,0.0,0.0,0.0,0.0,0.0,0.0
2024-08-20 20:00:00,0.0,0.0,0.0,False,True,False,6,cap_reached,0.0,0.0,0.0,0.0,0.0,0.0,0.0,0.0
2024-08-20 21:00:00,0.0,0.0,0.0,False,True,False,6,cap_reached,0.0,0.0,0.0,0.0,0.0,0.0,0.0,0.0
2024-08-20 22:00:00,0.0,0.0,0.0,False,True,False,6,cap_reached,0.0,0.0,0.0,0.0,0.0,0.0,0.0,0.0
2024-08-20 23:00:00,0.0,0.0,0.0,False,True,False,6,cap_reached,0.0,0.0,0.0,0.0,0.0,0.0,0.0,0.0
2024-08-21 00:00:00,0.0,0.0,0.0,False,True,False,0,no_power,0.0,0.0,0.0,0.0,0.0,0.0,0.0,0.0
2024-08-21 01:00:00,0.0,0.0,0.0,False,True,False,0,no_power,0.0,0.0,0.0,0.0,0.0,0.0,0.0,0.0
2024-08-21 02:00:00,0.0,0.0,0.0,False,True,False,0,no_power,0.0,0.0,0.0,0.0,0.0,0.0,0.0,0.0
2024-08-21 03:00:00,0.0,0.0,0.0,False,True,False,0,no_power,0.0,0.0,0.0,0.0,0.0,0.0,0.0,0.0
2024-08-21 04:00:00,0.0,0.0,0.0,False,True,False,0,no_power,0.0,0.0,0.0,0.0,0.0,0.0,0.0,0.0
2024-08-21 05:00:00,0.0,0.0,0.0,False,True,False,0,no_power,0.0,0.0,0.0,0.0,0.0,0.0,0.0,0.0
2024-08-21 06:00:00,0.112,0.107,16.0,True,True,False,0,no_power,0.0,0.0,0.0,0.0,0.0,0.0,0.0,0.0
2024-08-21 07:00:00,1.001,0.961,194.0,True,True,False,0,no_power,0.0,0.0,0.0,0.0,0.0,0.0,0.0,0.0
2024-08-21 08:00:00,1.888,1.813,419.0,True,True,True,1,ok,1.263,0.0,1.263,0.0,0.55,0.0,0.0,0.0
2024-08-21 09:00:00,2.648,2.542,631.0,True,True,True,2,ok,1.263,0.0,1.263,0.0,1.279,0.0,0.0,0.0
2024-08-21 10:00:00,3.232,3.103,804.0,True,True,True,3,ok,1.263,0.0,1.263,0.0,1.84,0.0,0.0,0.0
2024-08-21 11:00:00,3.617,3.472,923.0,True,True,True,4,ok,1.263,0.0,1.263,0.0,2.209,0.0,0.0,0.0
2024-08-21 12:00:00,2.335,2.241,516.0,True,True,True,5,ok,1.263,0.0,1.263,0.0,0.978,0.0,0.0,0.0
2024-08-21 13:00:00,0.522,0.501,108.0,True,True,False,5,no_power,0.0,0.0,0.0,0.0,0.0,0.0,0.0,0.0
2024-08-21 14:00:00,0.258,0.247,53.0,True,True,False,5,no_power,0.0,0.0,0.0,0.0,0.0,0.0,0.0,0.0
2024-08-21 15:00:00,0.282,0.271,58.0,True,True,False,5,no_power,0.0,0.0,0.0,0.0,0.0,0.0,0.0,0.0
2024-08-21 16:00:00,0.354,0.34,73.0,True,True,False,5,no_power,0.0,0.0,0.0,0.0,0.0,0.0,0.0,0.0
2024-08-21 17:00:00,0.496,0.477,102.0,True,True,False,5,no_power,0.0,0.0,0.0,0.0,0.0,0.0,0.0,0.0
2024-08-21 18:00:00,0.015,0.014,3.0,False,True,False,5,no_power,0.0,0.0,0.0,0.0,0.0,0.0,0.0,0.0
2024-08-21 19:00:00,0.0,0.0,0.0,False,True,False,5,no_power,0.0,0.0,0.0,0.0,0.0,0.0,0.0,0.0
2024-08-21 20:00:00,0.0,0.0,0.0,False,True,False,5,no_power,0.0,0.0,0.0,0.0,0.0,0.0,0.0,0.0
2024-08-21 21:00:00,0.0,0.0,0.0,False,True,False,5,no_power,0.0,0.0,0.0,0.0,0.0,0.0,0.0,0.0
2024-08-21 22:00:00,0.0,0.0,0.0,False,True,False,5,no_power,0.0,0.0,0.0,0.0,0.0,0.0,0.0,0.0
2024-08-21 23:00:00,0.0,0.0,0.0,False,True,False,5,no_power,0.0,0.0,0.0,0.0,0.0,0.0,0.0,0.0
2024-08-22 00:00:00,0.0,0.0,0.0,False,True,False,0,no_power,0.0,0.0,0.0,0.0,0.0,0.0,0.0,0.0
2024-08-22 01:00:00,0.0,0.0,0.0,False,True,False,0,no_power,0.0,0.0,0.0,0.0,0.0,0.0,0.0,0.0
2024-08-22 02:00:00,0.0,0.0,0.0,False,True,False,0,no_power,0.0,0.0,0.0,0.0,0.0,0.0,0.0,0.0
2024-08-22 03:00:00,0.0,0.0,0.0,False,True,False,0,no_power,0.0,0.0,0.0,0.0,0.0,0.0,0.0,0.0
2024-08-22 04:00:00,0.0,0.0,0.0,False,True,False,0,no_power,0.0,0.0,0.0,0.0,0.0,0.0,0.0,0.0
2024-08-22 05:00:00,0.0,0.0,0.0,False,True,False,0,no_power,0.0,0.0,0.0,0.0,0.0,0.0,0.0,0.0
2024-08-22 06:00:00,0.074,0.071,13.0,False,True,False,0,no_power,0.0,0.0,0.0,0.0,0.0,0.0,0.0,0.0
2024-08-22 07:00:00,0.941,0.903,185.0,True,True,False,0,no_power,0.0,0.0,0.0,0.0,0.0,0.0,0.0,0.0
2024-08-22 08:00:00,1.838,1.764,408.0,True,True,True,1,ok,1.263,0.0,1.263,0.0,0.501,0.0,0.0,0.0
2024-08-22 09:00:00,2.607,2.503,620.0,True,True,True,2,ok,1.263,0.0,1.263,0.0,1.24,0.0,0.0,0.0
2024-08-22 10:00:00,3.196,3.068,794.0,True,True,True,3,ok,1.263,0.0,1.263,0.0,1.805,0.0,0.0,0.0
2024-08-22 11:00:00,3.588,3.445,913.0,True,True,True,4,ok,1.263,0.0,1.263,0.0,2.182,0.0,0.0,0.0
2024-08-22 12:00:00,3.759,3.608,968.0,True,True,True,5,ok,1.263,0.0,1.263,0.0,2.345,0.0,0.0,0.0
2024-08-22 13:00:00,3.701,3.553,952.0,True,True,True,6,ok,1.263,0.0,1.263,0.0,2.29,0.0,0.0,0.0
2024-08-22 14:00:00,3.424,3.287,867.0,True,True,False,6,cap_reached,0.0,0.0,0.0,0.0,3.287,0.0,0.0,0.0
2024-08-22 15:00:00,2.941,2.823,722.0,True,True,False,6,cap_reached,0.0,0.0,0.0,0.0,2.823,0.0,0.0,0.0
2024-08-22 16:00:00,2.268,2.177,526.0,True,True,False,6,cap_reached,0.0,0.0,0.0,0.0,2.177,0.0,0.0,0.0
2024-08-22 17:00:00,1.437,1.379,303.0,True,True,False,6,cap_reached,0.0,0.0,0.0,0.0,1.379,0.0,0.0,0.0
2024-08-22 18:00:00,0.508,0.488,88.0,True,True,False,6,cap_reached,0.0,0.0,0.0,0.0,0.488,0.0,0.0,0.0
2024-08-22 19:00:00,0.0,0.0,0.0,False,True,False,6,cap_reached,0.0,0.0,0.0,0.0,0.0,0.0,0.0,0.0
2024-08-22 20:00:00,0.0,0.0,0.0,False,True,False,6,cap_reached,0.0,0.0,0.0,0.0,0.0,0.0,0.0,0.0
2024-08-22 21:00:00,0.0,0.0,0.0,False,True,False,6,cap_reached,0.0,0.0,0.0,0.0,0.0,0.0,0.0,0.0
2024-08-22 22:00:00,0.0,0.0,0.0,False,True,False,6,cap_reached,0.0,0.0,0.0,0.0,0.0,0.0,0.0,0.0
2024-08-22 23:00:00,0.0,0.0,0.0,False,True,False,6,cap_reached,0.0,0.0,0.0,0.0,0.0,0.0,0.0,0.0
2024-08-23 00:00:00,0.0,0.0,0.0,False,True,False,0,no_power,0.0,0.0,0.0,0.0,0.0,0.0,0.0,0.0
2024-08-23 01:00:00,0.0,0.0,0.0,False,True,False,0,no_power,0.0,0.0,0.0,0.0,0.0,0.0,0.0,0.0
2024-08-23 02:00:00,0.0,0.0,0.0,False,True,False,0,no_power,0.0,0.0,0.0,0.0,0.0,0.0,0.0,0.0
2024-08-23 03:00:00,0.0,0.0,0.0,False,True,False,0,no_power,0.0,0.0,0.0,0.0,0.0,0.0,0.0,0.0
2024-08-23 04:00:00,0.0,0.0,0.0,False,True,False,0,no_power,0.0,0.0,0.0,0.0,0.0,0.0,0.0,0.0
2024-08-23 05:00:00,0.0,0.0,0.0,False,True,False,0,no_power,0.0,0.0,0.0,0.0,0.0,0.0,0.0,0.0
2024-08-23 06:00:00,0.02,0.019,4.0,False,True,False,0,no_power,0.0,0.0,0.0,0.0,0.0,0.0,0.0,0.0
2024-08-23 07:00:00,0.279,0.268,57.0,True,True,False,0,no_power,0.0,0.0,0.0,0.0,0.0,0.0,0.0,0.0
2024-08-23 08:00:00,0.117,0.113,24.0,True,True,False,0,no_power,0.0,0.0,0.0,0.0,0.0,0.0,0.0,0.0
2024-08-23 09:00:00,0.185,0.178,38.0,True,True,False,0,no_power,0.0,0.0,0.0,0.0,0.0,0.0,0.0,0.0
2024-08-23 10:00:00,0.633,0.607,132.0,True,True,False,0,no_power,0.0,0.0,0.0,0.0,0.0,0.0,0.0,0.0
2024-08-23 11:00:00,1.81,1.738,390.0,True,True,True,1,ok,1.263,0.0,1.263,0.0,0.475,0.0,0.0,0.0
2024-08-23 12:00:00,2.307,2.215,507.0,True,True,True,2,ok,1.263,0.0,1.263,0.0,0.952,0.0,0.0,0.0
2024-08-23 13:00:00,2.811,2.699,651.0,True,True,True,3,ok,1.263,0.0,1.263,0.0,1.436,0.0,0.0,0.0
2024-08-23 14:00:00,2.762,2.651,643.0,True,True,True,4,ok,1.263,0.0,1.263,0.0,1.388,0.0,0.0,0.0
2024-08-23 15:00:00,0.639,0.614,132.0,True,True,False,4,no_power,0.0,0.0,0.0,0.0,0.0,0.0,0.0,0.0
2024-08-23 16:00:00,0.269,0.258,55.0,True,True,False,4,no_power,0.0,0.0,0.0,0.0,0.0,0.0,0.0,0.0
2024-08-23 17:00:00,0.497,0.477,102.0,True,True,False,4,no_power,0.0,0.0,0.0,0.0,0.0,0.0,0.0,0.0
2024-08-23 18:00:00,0.209,0.2,43.0,True,True,False,4,no_power,0.0,0.0,0.0,0.0,0.0,0.0,0.0,0.0
2024-08-23 19:00:00,0.0,0.0,0.0,False,True,False,4,no_power,0.0,0.0,0.0,0.0,0.0,0.0,0.0,0.0
2024-08-23 20:00:00,0.0,0.0,0.0,False,True,False,4,no_power,0.0,0.0,0.0,0.0,0.0,0.0,0.0,0.0
2024-08-23 21:00:00,0.0,0.0,0.0,False,True,False,4,no_power,0.0,0.0,0.0,0.0,0.0,0.0,0.0,0.0
2024-08-23 22:00:00,0.0,0.0,0.0,False,True,False,4,no_power,0.0,0.0,0.0,0.0,0.0,0.0,0.0,0.0
2024-08-23 23:00:00,0.0,0.0,0.0,False,True,False,4,no_power,0.0,0.0,0.0,0.0,0.0,0.0,0.0,0.0
2024-08-24 00:00:00,0.0,0.0,0.0,False,True,False,0,no_power,0.0,0.0,0.0,0.0,0.0,0.0,0.0,0.0
2024-08-24 01:00:00,0.0,0.0,0.0,False,True,False,0,no_power,0.0,0.0,0.0,0.0,0.0,0.0,0.0,0.0
2024-08-24 02:00:00,0.0,0.0,0.0,False,True,False,0,no_power,0.0,0.0,0.0,0.0,0.0,0.0,0.0,0.0
2024-08-24 03:00:00,0.0,0.0,0.0,False,True,False,0,no_power,0.0,0.0,0.0,0.0,0.0,0.0,0.0,0.0
2024-08-24 04:00:00,0.0,0.0,0.0,False,True,False,0,no_power,0.0,0.0,0.0,0.0,0.0,0.0,0.0,0.0
2024-08-24 05:00:00,0.0,0.0,0.0,False,True,False,0,no_power,0.0,0.0,0.0,0.0,0.0,0.0,0.0,0.0
2024-08-24 06:00:00,0.054,0.052,11.0,False,True,False,0,no_power,0.0,0.0,0.0,0.0,0.0,0.0,0.0,0.0
2024-08-24 07:00:00,0.093,0.089,19.0,False,True,False,0,no_power,0.0,0.0,0.0,0.0,0.0,0.0,0.0,0.0
2024-08-24 08:00:00,0.337,0.323,69.0,True,True,False,0,no_power,0.0,0.0,0.0,0.0,0.0,0.0,0.0,0.0
2024-08-24 09:00:00,0.878,0.843,183.0,True,True,False,0,no_power,0.0,0.0,0.0,0.0,0.0,0.0,0.0,0.0
2024-08-24 10:00:00,0.804,0.772,166.0,True,True,False,0,no_power,0.0,0.0,0.0,0.0,0.0,0.0,0.0,0.0
2024-08-24 11:00:00,0.786,0.754,163.0,True,True,False,0,no_power,0.0,0.0,0.0,0.0,0.0,0.0,0.0,0.0
2024-08-24 12:00:00,2.066,1.983,447.0,True,True,True,1,ok,1.263,0.0,1.263,0.0,0.72,0.0,0.0,0.0
2024-08-24 13:00:00,2.765,2.655,641.0,True,True,True,2,ok,1.263,0.0,1.263,0.0,1.392,0.0,0.0,0.0
2024-08-24 14:00:00,2.841,2.727,672.0,True,True,True,3,ok,1.263,0.0,1.263,0.0,1.464,0.0,0.0,0.0
2024-08-24 15:00:00,2.372,2.277,548.0,True,True,True,4,ok,1.263,0.0,1.263,0.0,1.014,0.0,0.0,0.0
2024-08-24 16:00:00,1.317,1.265,281.0,True,True,True,5,ok,1.263,0.0,1.263,0.0,0.002,0.0,0.0,0.0
2024-08-24 17:00:00,0.625,0.6,129.0,True,True,False,5,no_power,0.0,0.0,0.0,0.0,0.0,0.0,0.0,0.0
2024-08-24 18:00:00,0.361,0.346,72.0,True,True,False,5,no_power,0.0,0.0,0.0,0.0,0.0,0.0,0.0,0.0
2024-08-24 19:00:00,0.0,0.0,0.0,False,True,False,5,no_power,0.0,0.0,0.0,0.0,0.0,0.0,0.0,0.0
2024-08-24 20:00:00,0.0,0.0,0.0,False,True,False,5,no_power,0.0,0.0,0.0,0.0,0.0,0.0,0.0,0.0
2024-08-24 21:00:00,0.0,0.0,0.0,False,True,False,5,no_power,0.0,0.0,0.0,0.0,0.0,0.0,0.0,0.0
2024-08-24 22:00:00,0.0,0.0,0.0,False,True,False,5,no_power,0.0,0.0,0.0,0.0,0.0,0.0,0.0,0.0
2024-08-24 23:00:00,0.0,0.0,0.0,False,True,False,5,no_power,0.0,0.0,0.0,0.0,0.0,0.0,0.0,0.0
2024-08-25 00:00:00,0.0,0.0,0.0,False,True,False,0,no_power,0.0,0.0,0.0,0.0,0.0,0.0,0.0,0.0
2024-08-25 01:00:00,0.0,0.0,0.0,False,True,False,0,no_power,0.0,0.0,0.0,0.0,0.0,0.0,0.0,0.0
2024-08-25 02:00:00,0.0,0.0,0.0,False,True,False,0,no_power,0.0,0.0,0.0,0.0,0.0,0.0,0.0,0.0
2024-08-25 03:00:00,0.0,0.0,0.0,False,True,False,0,no_power,0.0,0.0,0.0,0.0,0.0,0.0,0.0,0.0
2024-08-25 04:00:00,0.0,0.0,0.0,False,True,False,0,no_power,0.0,0.0,0.0,0.0,0.0,0.0,0.0,0.0
2024-08-25 05:00:00,0.0,0.0,0.0,False,True,False,0,no_power,0.0,0.0,0.0,0.0,0.0,0.0,0.0,0.0
2024-08-25 06:00:00,0.088,0.084,14.0,False,True,False,0,no_power,0.0,0.0,0.0,0.0,0.0,0.0,0.0,0.0
2024-08-25 07:00:00,0.964,0.926,191.0,True,True,False,0,no_power,0.0,0.0,0.0,0.0,0.0,0.0,0.0,0.0
2024-08-25 08:00:00,1.85,1.776,417.0,True,True,True,1,ok,1.263,0.0,1.263,0.0,0.513,0.0,0.0,0.0
2024-08-25 09:00:00,2.613,2.508,631.0,True,True,True,2,ok,1.263,0.0,1.263,0.0,1.245,0.0,0.0,0.0
2024-08-25 10:00:00,3.209,3.08,810.0,True,True,True,3,ok,1.263,0.0,1.263,0.0,1.817,0.0,0.0,0.0
2024-08-25 11:00:00,3.582,3.439,927.0,True,True,True,4,ok,1.263,0.0,1.263,0.0,2.176,0.0,0.0,0.0
2024-08-25 12:00:00,3.741,3.591,977.0,True,True,True,5,ok,1.263,0.0,1.263,0.0,2.328,0.0,0.0,0.0
2024-08-25 13:00:00,3.669,3.522,956.0,True,True,True,6,ok,1.263,0.0,1.263,0.0,2.259,0.0,0.0,0.0
2024-08-25 14:00:00,3.371,3.236,865.0,True,True,False,6,cap_reached,0.0,0.0,0.0,0.0,3.236,0.0,0.0,0.0
2024-08-25 15:00:00,2.877,2.762,714.0,True,True,False,6,cap_reached,0.0,0.0,0.0,0.0,2.762,0.0,0.0,0.0
2024-08-25 16:00:00,2.204,2.116,519.0,True,True,False,6,cap_reached,0.0,0.0,0.0,0.0,2.116,0.0,0.0,0.0
2024-08-25 17:00:00,1.376,1.321,294.0,True,True,False,6,cap_reached,0.0,0.0,0.0,0.0,1.321,0.0,0.0,0.0
2024-08-25 18:00:00,0.455,0.437,80.0,True,True,False,6,cap_reached,0.0,0.0,0.0,0.0,0.437,0.0,0.0,0.0
2024-08-25 19:00:00,0.0,0.0,0.0,False,True,False,6,cap_reached,0.0,0.0,0.0,0.0,0.0,0.0,0.0,0.0
2024-08-25 20:00:00,0.0,0.0,0.0,False,True,False,6,cap_reached,0.0,0.0,0.0,0.0,0.0,0.0,0.0,0.0
2024-08-25 21:00:00,0.0,0.0,0.0,False,True,False,6,cap_reached,0.0,0.0,0.0,0.0,0.0,0.0,0.0,0.0
2024-08-25 22:00:00,0.0,0.0,0.0,False,True,False,6,cap_reached,0.0,0.0,0.0,0.0,0.0,0.0,0.0,0.0
2024-08-25 23:00:00,0.0,0.0,0.0,False,True,False,6,cap_reached,0.0,0.0,0.0,0.0,0.0,0.0,0.0,0.0
2024-08-26 00:00:00,0.0,0.0,0.0,False,True,False,0,no_power,0.0,0.0,0.0,0.0,0.0,0.0,0.0,0.0
2024-08-26 01:00:00,0.0,0.0,0.0,False,True,False,0,no_power,0.0,0.0,0.0,0.0,0.0,0.0,0.0,0.0
2024-08-26 02:00:00,0.0,0.0,0.0,False,True,False,0,no_power,0.0,0.0,0.0,0.0,0.0,0.0,0.0,0.0
2024-08-26 03:00:00,0.0,0.0,0.0,False,True,False,0,no_power,0.0,0.0,0.0,0.0,0.0,0.0,0.0,0.0
2024-08-26 04:00:00,0.0,0.0,0.0,False,True,False,0,no_power,0.0,0.0,0.0,0.0,0.0,0.0,0.0,0.0
2024-08-26 05:00:00,0.0,0.0,0.0,False,True,False,0,no_power,0.0,0.0,0.0,0.0,0.0,0.0,0.0,0.0
2024-08-26 06:00:00,0.074,0.071,13.0,False,True,False,0,no_power,0.0,0.0,0.0,0.0,0.0,0.0,0.0,0.0
2024-08-26 07:00:00,0.657,0.631,136.0,True,True,False,0,no_power,0.0,0.0,0.0,0.0,0.0,0.0,0.0,0.0
2024-08-26 08:00:00,1.548,1.486,340.0,True,True,True,1,ok,1.263,0.0,1.263,0.0,0.223,0.0,0.0,0.0
2024-08-26 09:00:00,2.293,2.201,535.0,True,True,True,2,ok,1.263,0.0,1.263,0.0,0.938,0.0,0.0,0.0
2024-08-26 10:00:00,3.174,3.047,802.0,True,True,True,3,ok,1.263,0.0,1.263,0.0,1.784,0.0,0.0,0.0
2024-08-26 11:00:00,3.556,3.413,920.0,True,True,True,4,ok,1.263,0.0,1.263,0.0,2.15,0.0,0.0,0.0
2024-08-26 12:00:00,3.72,3.571,972.0,True,True,True,5,ok,1.263,0.0,1.263,0.0,2.308,0.0,0.0,0.0
2024-08-26 13:00:00,2.537,2.435,569.0,True,True,True,6,ok,1.263,0.0,1.263,0.0,1.172,0.0,0.0,0.0
2024-08-26 14:00:00,3.371,3.236,865.0,True,True,False,6,cap_reached,0.0,0.0,0.0,0.0,3.236,0.0,0.0,0.0
2024-08-26 15:00:00,2.875,2.76,714.0,True,True,False,6,cap_reached,0.0,0.0,0.0,0.0,2.76,0.0,0.0,0.0
2024-08-26 16:00:00,1.578,1.515,340.0,True,True,False,6,cap_reached,0.0,0.0,0.0,0.0,1.515,0.0,0.0,0.0
2024-08-26 17:00:00,1.355,1.301,290.0,True,True,False,6,cap_reached,0.0,0.0,0.0,0.0,1.301,0.0,0.0,0.0
2024-08-26 18:00:00,0.427,0.41,76.0,True,True,False,6,cap_reached,0.0,0.0,0.0,0.0,0.41,0.0,0.0,0.0
2024-08-26 19:00:00,0.0,0.0,0.0,False,True,False,6,cap_reached,0.0,0.0,0.0,0.0,0.0,0.0,0.0,0.0
2024-08-26 20:00:00,0.0,0.0,0.0,False,True,False,6,cap_reached,0.0,0.0,0.0,0.0,0.0,0.0,0.0,0.0
2024-08-26 21:00:00,0.0,0.0,0.0,False,True,False,6,cap_reached,0.0,0.0,0.0,0.0,0.0,0.0,0.0,0.0
2024-08-26 22:00:00,0.0,0.0,0.0,False,True,False,6,cap_reached,0.0,0.0,0.0,0.0,0.0,0.0,0.0,0.0
2024-08-26 23:00:00,0.0,0.0,0.0,False,True,False,6,cap_reached,0.0,0.0,0.0,0.0,0.0,0.0,0.0,0.0
2024-08-27 00:00:00,0.0,0.0,0.0,False,True,False,0,no_power,0.0,0.0,0.0,0.0,0.0,0.0,0.0,0.0
2024-08-27 01:00:00,0.0,0.0,0.0,False,True,False,0,no_power,0.0,0.0,0.0,0.0,0.0,0.0,0.0,0.0
2024-08-27 02:00:00,0.0,0.0,0.0,False,True,False,0,no_power,0.0,0.0,0.0,0.0,0.0,0.0,0.0,0.0
2024-08-27 03:00:00,0.0,0.0,0.0,False,True,False,0,no_power,0.0,0.0,0.0,0.0,0.0,0.0,0.0,0.0
2024-08-27 04:00:00,0.0,0.0,0.0,False,True,False,0,no_power,0.0,0.0,0.0,0.0,0.0,0.0,0.0,0.0
2024-08-27 05:00:00,0.0,0.0,0.0,False,True,False,0,no_power,0.0,0.0,0.0,0.0,0.0,0.0,0.0,0.0
2024-08-27 06:00:00,0.049,0.047,10.0,False,True,False,0,no_power,0.0,0.0,0.0,0.0,0.0,0.0,0.0,0.0
2024-08-27 07:00:00,0.841,0.808,172.0,True,True,False,0,no_power,0.0,0.0,0.0,0.0,0.0,0.0,0.0,0.0
2024-08-27 08:00:00,1.57,1.507,345.0,True,True,True,1,ok,1.263,0.0,1.263,0.0,0.244,0.0,0.0,0.0
2024-08-27 09:00:00,2.353,2.259,539.0,True,True,True,2,ok,1.263,0.0,1.263,0.0,0.996,0.0,0.0,0.0
2024-08-27 10:00:00,2.739,2.629,653.0,True,True,True,3,ok,1.263,0.0,1.263,0.0,1.366,0.0,0.0,0.0
2024-08-27 11:00:00,2.122,2.037,467.0,True,True,True,4,ok,1.263,0.0,1.263,0.0,0.774,0.0,0.0,0.0
2024-08-27 12:00:00,2.64,2.535,607.0,True,True,True,5,ok,1.263,0.0,1.263,0.0,1.272,0.0,0.0,0.0
2024-08-27 13:00:00,3.038,2.917,733.0,True,True,True,6,ok,1.263,0.0,1.263,0.0,1.654,0.0,0.0,0.0
2024-08-27 14:00:00,3.33,3.197,851.0,True,True,False,6,cap_reached,0.0,0.0,0.0,0.0,3.197,0.0,0.0,0.0
2024-08-27 15:00:00,2.402,2.306,561.0,True,True,False,6,cap_reached,0.0,0.0,0.0,0.0,2.306,0.0,0.0,0.0
2024-08-27 16:00:00,0.584,0.561,121.0,True,True,False,6,cap_reached,0.0,0.0,0.0,0.0,0.561,0.0,0.0,0.0
2024-08-27 17:00:00,0.393,0.377,81.0,True,True,False,6,cap_reached,0.0,0.0,0.0,0.0,0.377,0.0,0.0,0.0
2024-08-27 18:00:00,0.265,0.254,54.0,True,True,False,6,cap_reached,0.0,0.0,0.0,0.0,0.254,0.0,0.0,0.0
2024-08-27 19:00:00,0.0,0.0,0.0,False,True,False,6,cap_reached,0.0,0.0,0.0,0.0,0.0,0.0,0.0,0.0
2024-08-27 20:00:00,0.0,0.0,0.0,False,True,False,6,cap_reached,0.0,0.0,0.0,0.0,0.0,0.0,0.0,0.0
2024-08-27 21:00:00,0.0,0.0,0.0,False,True,False,6,cap_reached,0.0,0.0,0.0,0.0,0.0,0.0,0.0,0.0
2024-08-27 22:00:00,0.0,0.0,0.0,False,True,False,6,cap_reached,0.0,0.0,0.0,0.0,0.0,0.0,0.0,0.0
2024-08-27 23:00:00,0.0,0.0,0.0,False,True,False,6,cap_reached,0.0,0.0,0.0,0.0,0.0,0.0,0.0,0.0
2024-08-28 00:00:00,0.0,0.0,0.0,False,True,False,0,no_power,0.0,0.0,0.0,0.0,0.0,0.0,0.0,0.0
2024-08-28 01:00:00,0.0,0.0,0.0,False,True,False,0,no_power,0.0,0.0,0.0,0.0,0.0,0.0,0.0,0.0
2024-08-28 02:00:00,0.0,0.0,0.0,False,True,False,0,no_power,0.0,0.0,0.0,0.0,0.0,0.0,0.0,0.0
2024-08-28 03:00:00,0.0,0.0,0.0,False,True,False,0,no_power,0.0,0.0,0.0,0.0,0.0,0.0,0.0,0.0
2024-08-28 04:00:00,0.0,0.0,0.0,False,True,False,0,no_power,0.0,0.0,0.0,0.0,0.0,0.0,0.0,0.0
2024-08-28 05:00:00,0.0,0.0,0.0,False,True,False,0,no_power,0.0,0.0,0.0,0.0,0.0,0.0,0.0,0.0
2024-08-28 06:00:00,0.034,0.033,7.0,False,True,False,0,no_power,0.0,0.0,0.0,0.0,0.0,0.0,0.0,0.0
2024-08-28 07:00:00,0.85,0.816,173.0,True,True,False,0,no_power,0.0,0.0,0.0,0.0,0.0,0.0,0.0,0.0
2024-08-28 08:00:00,1.808,1.735,412.0,True,True,True,1,ok,1.263,0.0,1.263,0.0,0.472,0.0,0.0,0.0
2024-08-28 09:00:00,1.294,1.243,273.0,True,True,False,1,no_power,0.0,0.0,0.0,0.0,0.0,0.0,0.0,0.0
2024-08-28 10:00:00,2.513,2.413,588.0,True,True,True,2,ok,1.263,0.0,1.263,0.0,1.15,0.0,0.0,0.0
2024-08-28 11:00:00,2.899,2.783,703.0,True,True,True,3,ok,1.263,0.0,1.263,0.0,1.52,0.0,0.0,0.0
2024-08-28 12:00:00,3.222,3.093,803.0,True,True,True,4,ok,1.263,0.0,1.263,0.0,1.83,0.0,0.0,0.0
2024-08-28 13:00:00,3.252,3.122,775.0,True,True,True,5,ok,1.263,0.0,1.263,0.0,1.859,0.0,0.0,0.0
2024-08-28 14:00:00,1.271,1.22,268.0,True,True,False,5,no_power,0.0,0.0,0.0,0.0,0.0,0.0,0.0,0.0
2024-08-28 15:00:00,2.3,2.208,539.0,True,True,True,6,ok,1.263,0.0,1.263,0.0,0.945,0.0,0.0,0.0
2024-08-28 16:00:00,2.14,2.054,507.0,True,True,False,6,cap_reached,0.0,0.0,0.0,0.0,2.054,0.0,0.0,0.0
2024-08-28 17:00:00,1.081,1.038,228.0,True,True,False,6,cap_reached,0.0,0.0,0.0,0.0,1.038,0.0,0.0,0.0
2024-08-28 18:00:00,0.405,0.389,72.0,True,True,False,6,cap_reached,0.0,0.0,0.0,0.0,0.389,0.0,0.0,0.0
2024-08-28 19:00:00,0.0,0.0,0.0,False,True,False,6,cap_reached,0.0,0.0,0.0,0.0,0.0,0.0,0.0,0.0
2024-08-28 20:00:00,0.0,0.0,0.0,False,True,False,6,cap_reached,0.0,0.0,0.0,0.0,0.0,0.0,0.0,0.0
2024-08-28 21:00:00,0.0,0.0,0.0,False,True,False,6,cap_reached,0.0,0.0,0.0,0.0,0.0,0.0,0.0,0.0
2024-08-28 22:00:00,0.0,0.0,0.0,False,True,False,6,cap_reached,0.0,0.0,0.0,0.0,0.0,0.0,0.0,0.0
2024-08-28 23:00:00,0.0,0.0,0.0,False,True,False,6,cap_reached,0.0,0.0,0.0,0.0,0.0,0.0,0.0,0.0
2024-08-29 00:00:00,0.0,0.0,0.0,False,True,False,0,no_power,0.0,0.0,0.0,0.0,0.0,0.0,0.0,0.0
2024-08-29 01:00:00,0.0,0.0,0.0,False,True,False,0,no_power,0.0,0.0,0.0,0.0,0.0,0.0,0.0,0.0
2024-08-29 02:00:00,0.0,0.0,0.0,False,True,False,0,no_power,0.0,0.0,0.0,0.0,0.0,0.0,0.0,0.0
2024-08-29 03:00:00,0.0,0.0,0.0,False,True,False,0,no_power,0.0,0.0,0.0,0.0,0.0,0.0,0.0,0.0
2024-08-29 04:00:00,0.0,0.0,0.0,False,True,False,0,no_power,0.0,0.0,0.0,0.0,0.0,0.0,0.0,0.0
2024-08-29 05:00:00,0.0,0.0,0.0,False,True,False,0,no_power,0.0,0.0,0.0,0.0,0.0,0.0,0.0,0.0
2024-08-29 06:00:00,0.073,0.07,12.0,False,True,False,0,no_power,0.0,0.0,0.0,0.0,0.0,0.0,0.0,0.0
2024-08-29 07:00:00,0.613,0.588,126.0,True,True,False,0,no_power,0.0,0.0,0.0,0.0,0.0,0.0,0.0,0.0
2024-08-29 08:00:00,1.789,1.717,410.0,True,True,True,1,ok,1.263,0.0,1.263,0.0,0.454,0.0,0.0,0.0
2024-08-29 09:00:00,2.545,2.443,622.0,True,True,True,2,ok,1.263,0.0,1.263,0.0,1.18,0.0,0.0,0.0
2024-08-29 10:00:00,2.358,2.263,543.0,True,True,True,3,ok,1.263,0.0,1.263,0.0,1.0,0.0,0.0,0.0
2024-08-29 11:00:00,1.965,1.886,425.0,True,True,True,4,ok,1.263,0.0,1.263,0.0,0.623,0.0,0.0,0.0
2024-08-29 12:00:00,2.161,2.075,473.0,True,True,True,5,ok,1.263,0.0,1.263,0.0,0.812,0.0,0.0,0.0
2024-08-29 13:00:00,2.71,2.601,631.0,True,True,True,6,ok,1.263,0.0,1.263,0.0,1.338,0.0,0.0,0.0
2024-08-29 14:00:00,2.574,2.471,597.0,True,True,False,6,cap_reached,0.0,0.0,0.0,0.0,2.471,0.0,0.0,0.0
2024-08-29 15:00:00,2.794,2.682,695.0,True,True,False,6,cap_reached,0.0,0.0,0.0,0.0,2.682,0.0,0.0,0.0
2024-08-29 16:00:00,2.108,2.023,497.0,True,True,False,6,cap_reached,0.0,0.0,0.0,0.0,2.023,0.0,0.0,0.0
2024-08-29 17:00:00,1.268,1.217,274.0,True,True,False,6,cap_reached,0.0,0.0,0.0,0.0,1.217,0.0,0.0,0.0
2024-08-29 18:00:00,0.044,0.042,9.0,False,True,False,6,cap_reached,0.0,0.0,0.0,0.0,0.042,0.0,0.0,0.0
2024-08-29 19:00:00,0.0,0.0,0.0,False,True,False,6,cap_reached,0.0,0.0,0.0,0.0,0.0,0.0,0.0,0.0
2024-08-29 20:00:00,0.0,0.0,0.0,False,True,False,6,cap_reached,0.0,0.0,0.0,0.0,0.0,0.0,0.0,0.0
2024-08-29 21:00:00,0.0,0.0,0.0,False,True,False,6,cap_reached,0.0,0.0,0.0,0.0,0.0,0.0,0.0,0.0
2024-08-29 22:00:00,0.0,0.0,0.0,False,True,False,6,cap_reached,0.0,0.0,0.0,0.0,0.0,0.0,0.0,0.0
2024-08-29 23:00:00,0.0,0.0,0.0,False,True,False,6,cap_reached,0.0,0.0,0.0,0.0,0.0,0.0,0.0,0.0
2024-08-30 00:00:00,0.0,0.0,0.0,False,True,False,0,no_power,0.0,0.0,0.0,0.0,0.0,0.0,0.0,0.0
2024-08-30 01:00:00,0.0,0.0,0.0,False,True,False,0,no_power,0.0,0.0,0.0,0.0,0.0,0.0,0.0,0.0
2024-08-30 02:00:00,0.0,0.0,0.0,False,True,False,0,no_power,0.0,0.0,0.0,0.0,0.0,0.0,0.0,0.0
2024-08-30 03:00:00,0.0,0.0,0.0,False,True,False,0,no_power,0.0,0.0,0.0,0.0,0.0,0.0,0.0,0.0
2024-08-30 04:00:00,0.0,0.0,0.0,False,True,False,0,no_power,0.0,0.0,0.0,0.0,0.0,0.0,0.0,0.0
2024-08-30 05:00:00,0.0,0.0,0.0,False,True,False,0,no_power,0.0,0.0,0.0,0.0,0.0,0.0,0.0,0.0
2024-08-30 06:00:00,0.034,0.033,7.0,False,True,False,0,no_power,0.0,0.0,0.0,0.0,0.0,0.0,0.0,0.0
2024-08-30 07:00:00,0.421,0.405,87.0,True,True,False,0,no_power,0.0,0.0,0.0,0.0,0.0,0.0,0.0,0.0
2024-08-30 08:00:00,0.411,0.395,84.0,True,True,False,0,no_power,0.0,0.0,0.0,0.0,0.0,0.0,0.0,0.0
2024-08-30 09:00:00,0.768,0.737,159.0,True,True,False,0,no_power,0.0,0.0,0.0,0.0,0.0,0.0,0.0,0.0
2024-08-30 10:00:00,1.548,1.486,330.0,True,True,True,1,ok,1.263,0.0,1.263,0.0,0.223,0.0,0.0,0.0
2024-08-30 11:00:00,2.005,1.925,435.0,True,True,True,2,ok,1.263,0.0,1.263,0.0,0.662,0.0,0.0,0.0
2024-08-30 12:00:00,2.161,2.074,473.0,True,True,True,3,ok,1.263,0.0,1.263,0.0,0.811,0.0,0.0,0.0
2024-08-30 13:00:00,2.216,2.127,488.0,True,True,True,4,ok,1.263,0.0,1.263,0.0,0.864,0.0,0.0,0.0
2024-08-30 14:00:00,2.505,2.404,577.0,True,True,True,5,ok,1.263,0.0,1.263,0.0,1.141,0.0,0.0,0.0
2024-08-30 15:00:00,2.345,2.251,551.0,True,True,True,6,ok,1.263,0.0,1.263,0.0,0.988,0.0,0.0,0.0
2024-08-30 16:00:00,0.98,0.941,204.0,True,True,False,6,cap_reached,0.0,0.0,0.0,0.0,0.941,0.0,0.0,0.0
2024-08-30 17:00:00,0.72,0.692,148.0,True,True,False,6,cap_reached,0.0,0.0,0.0,0.0,0.692,0.0,0.0,0.0
2024-08-30 18:00:00,0.319,0.307,60.0,True,True,False,6,cap_reached,0.0,0.0,0.0,0.0,0.307,0.0,0.0,0.0
2024-08-30 19:00:00,0.0,0.0,0.0,False,True,False,6,cap_reached,0.0,0.0,0.0,0.0,0.0,0.0,0.0,0.0
2024-08-30 20:00:00,0.0,0.0,0.0,False,True,False,6,cap_reached,0.0,0.0,0.0,0.0,0.0,0.0,0.0,0.0
2024-08-30 21:00:00,0.0,0.0,0.0,False,True,False,6,cap_reached,0.0,0.0,0.0,0.0,0.0,0.0,0.0,0.0
2024-08-30 22:00:00,0.0,0.0,0.0,False,True,False,6,cap_reached,0.0,0.0,0.0,0.0,0.0,0.0,0.0,0.0
2024-08-30 23:00:00,0.0,0.0,0.0,False,True,False,6,cap_reached,0.0,0.0,0.0,0.0,0.0,0.0,0.0,0.0
2024-08-31 00:00:00,0.0,0.0,0.0,False,True,False,0,no_power,0.0,0.0,0.0,0.0,0.0,0.0,0.0,0.0
2024-08-31 01:00:00,0.0,0.0,0.0,False,True,False,0,no_power,0.0,0.0,0.0,0.0,0.0,0.0,0.0,0.0
2024-08-31 02:00:00,0.0,0.0,0.0,False,True,False,0,no_power,0.0,0.0,0.0,0.0,0.0,0.0,0.0,0.0
2024-08-31 03:00:00,0.0,0.0,0.0,False,True,False,0,no_power,0.0,0.0,0.0,0.0,0.0,0.0,0.0,0.0
2024-08-31 04:00:00,0.0,0.0,0.0,False,True,False,0,no_power,0.0,0.0,0.0,0.0,0.0,0.0,0.0,0.0
2024-08-31 05:00:00,0.0,0.0,0.0,False,True,False,0,no_power,0.0,0.0,0.0,0.0,0.0,0.0,0.0,0.0
2024-08-31 06:00:00,0.005,0.005,1.0,False,True,False,0,no_power,0.0,0.0,0.0,0.0,0.0,0.0,0.0,0.0
2024-08-31 07:00:00,0.664,0.638,137.0,True,True,False,0,no_power,0.0,0.0,0.0,0.0,0.0,0.0,0.0,0.0
2024-08-31 08:00:00,1.513,1.453,332.0,True,True,True,1,ok,1.263,0.0,1.263,0.0,0.19,0.0,0.0,0.0
2024-08-31 09:00:00,1.978,1.899,439.0,True,True,True,2,ok,1.263,0.0,1.263,0.0,0.636,0.0,0.0,0.0
2024-08-31 10:00:00,1.455,1.397,308.0,True,True,True,3,ok,1.263,0.0,1.263,0.0,0.134,0.0,0.0,0.0
2024-08-31 11:00:00,2.563,2.461,586.0,True,True,True,4,ok,1.263,0.0,1.263,0.0,1.198,0.0,0.0,0.0
2024-08-31 12:00:00,1.935,1.858,416.0,True,True,True,5,ok,1.263,0.0,1.263,0.0,0.595,0.0,0.0,0.0
2024-08-31 13:00:00,0.322,0.309,66.0,True,True,False,5,no_power,0.0,0.0,0.0,0.0,0.0,0.0,0.0,0.0
2024-08-31 14:00:00,0.476,0.457,98.0,True,True,False,5,no_power,0.0,0.0,0.0,0.0,0.0,0.0,0.0,0.0
2024-08-31 15:00:00,0.283,0.272,58.0,True,True,False,5,no_power,0.0,0.0,0.0,0.0,0.0,0.0,0.0,0.0
2024-08-31 16:00:00,0.059,0.057,12.0,False,True,False,5,no_power,0.0,0.0,0.0,0.0,0.0,0.0,0.0,0.0
2024-08-31 17:00:00,0.504,0.484,103.0,True,True,False,5,no_power,0.0,0.0,0.0,0.0,0.0,0.0,0.0,0.0
2024-08-31 18:00:00,0.039,0.038,8.0,False,True,False,5,no_power,0.0,0.0,0.0,0.0,0.0,0.0,0.0,0.0
2024-08-31 19:00:00,0.0,0.0,0.0,False,True,False,5,no_power,0.0,0.0,0.0,0.0,0.0,0.0,0.0,0.0
2024-08-31 20:00:00,0.0,0.0,0.0,False,True,False,5,no_power,0.0,0.0,0.0,0.0,0.0,0.0,0.0,0.0
2024-08-31 21:00:00,0.0,0.0,0.0,False,True,False,5,no_power,0.0,0.0,0.0,0.0,0.0,0.0,0.0,0.0
2024-08-31 22:00:00,0.0,0.0,0.0,False,True,False,5,no_power,0.0,0.0,0.0,0.0,0.0,0.0,0.0,0.0
2024-08-31 23:00:00,0.0,0.0,0.0,False,True,False,5,no_power,0.0,0.0,0.0,0.0,0.0,0.0,0.0,0.0
2024-09-01 00:00:00,0.0,0.0,0.0,False,True,False,0,no_power,0.0,0.0,0.0,0.0,0.0,0.0,0.0,0.0
2024-09-01 01:00:00,0.0,0.0,0.0,False,True,False,0,no_power,0.0,0.0,0.0,0.0,0.0,0.0,0.0,0.0
2024-09-01 02:00:00,0.0,0.0,0.0,False,True,False,0,no_power,0.0,0.0,0.0,0.0,0.0,0.0,0.0,0.0
2024-09-01 03:00:00,0.0,0.0,0.0,False,True,False,0,no_power,0.0,0.0,0.0,0.0,0.0,0.0,0.0,0.0
2024-09-01 04:00:00,0.0,0.0,0.0,False,True,False,0,no_power,0.0,0.0,0.0,0.0,0.0,0.0,0.0,0.0
2024-09-01 05:00:00,0.0,0.0,0.0,False,True,False,0,no_power,0.0,0.0,0.0,0.0,0.0,0.0,0.0,0.0
2024-09-01 06:00:00,0.015,0.014,3.0,False,True,False,0,no_power,0.0,0.0,0.0,0.0,0.0,0.0,0.0,0.0
2024-09-01 07:00:00,0.622,0.597,128.0,True,True,False,0,no_power,0.0,0.0,0.0,0.0,0.0,0.0,0.0,0.0
2024-09-01 08:00:00,1.224,1.175,262.0,True,True,False,0,no_power,0.0,0.0,0.0,0.0,0.0,0.0,0.0,0.0
2024-09-01 09:00:00,1.905,1.829,425.0,True,True,True,1,ok,1.263,0.0,1.263,0.0,0.566,0.0,0.0,0.0
2024-09-01 10:00:00,3.076,2.953,784.0,True,True,True,2,ok,1.263,0.0,1.263,0.0,1.69,0.0,0.0,0.0
2024-09-01 11:00:00,2.7,2.592,614.0,True,True,True,3,ok,1.263,0.0,1.263,0.0,1.329,0.0,0.0,0.0
2024-09-01 12:00:00,2.67,2.563,605.0,True,True,True,4,ok,1.263,0.0,1.263,0.0,1.3,0.0,0.0,0.0
2024-09-01 13:00:00,0.562,0.539,116.0,True,True,False,4,no_power,0.0,0.0,0.0,0.0,0.0,0.0,0.0,0.0
2024-09-01 14:00:00,0.399,0.383,82.0,True,True,False,4,no_power,0.0,0.0,0.0,0.0,0.0,0.0,0.0,0.0
2024-09-01 15:00:00,0.821,0.788,171.0,True,True,False,4,no_power,0.0,0.0,0.0,0.0,0.0,0.0,0.0,0.0
2024-09-01 16:00:00,1.771,1.7,404.0,True,True,True,5,ok,1.263,0.0,1.263,0.0,0.437,0.0,0.0,0.0
2024-09-01 17:00:00,1.178,1.131,255.0,True,True,False,5,no_power,0.0,0.0,0.0,0.0,0.0,0.0,0.0,0.0
2024-09-01 18:00:00,0.133,0.128,27.0,True,True,False,5,no_power,0.0,0.0,0.0,0.0,0.0,0.0,0.0,0.0
2024-09-01 19:00:00,0.0,0.0,0.0,False,True,False,5,no_power,0.0,0.0,0.0,0.0,0.0,0.0,0.0,0.0
2024-09-01 20:00:00,0.0,0.0,0.0,False,True,False,5,no_power,0.0,0.0,0.0,0.0,0.0,0.0,0.0,0.0
2024-09-01 21:00:00,0.0,0.0,0.0,False,True,False,5,no_power,0.0,0.0,0.0,0.0,0.0,0.0,0.0,0.0
2024-09-01 22:00:00,0.0,0.0,0.0,False,True,False,5,no_power,0.0,0.0,0.0,0.0,0.0,0.0,0.0,0.0
2024-09-01 23:00:00,0.0,0.0,0.0,False,True,False,5,no_power,0.0,0.0,0.0,0.0,0.0,0.0,0.0,0.0
2024-09-02 00:00:00,0.0,0.0,0.0,False,True,False,0,no_power,0.0,0.0,0.0,0.0,0.0,0.0,0.0,0.0
2024-09-02 01:00:00,0.0,0.0,0.0,False,True,False,0,no_power,0.0,0.0,0.0,0.0,0.0,0.0,0.0,0.0
2024-09-02 02:00:00,0.0,0.0,0.0,False,True,False,0,no_power,0.0,0.0,0.0,0.0,0.0,0.0,0.0,0.0
2024-09-02 03:00:00,0.0,0.0,0.0,False,True,False,0,no_power,0.0,0.0,0.0,0.0,0.0,0.0,0.0,0.0
2024-09-02 04:00:00,0.0,0.0,0.0,False,True,False,0,no_power,0.0,0.0,0.0,0.0,0.0,0.0,0.0,0.0
2024-09-02 05:00:00,0.0,0.0,0.0,False,True,False,0,no_power,0.0,0.0,0.0,0.0,0.0,0.0,0.0,0.0
2024-09-02 06:00:00,0.0,0.0,0.0,False,True,False,0,no_power,0.0,0.0,0.0,0.0,0.0,0.0,0.0,0.0
2024-09-02 07:00:00,0.582,0.558,120.0,True,True,False,0,no_power,0.0,0.0,0.0,0.0,0.0,0.0,0.0,0.0
2024-09-02 08:00:00,1.224,1.176,259.0,True,True,False,0,no_power,0.0,0.0,0.0,0.0,0.0,0.0,0.0,0.0
2024-09-02 09:00:00,1.262,1.211,267.0,True,True,False,0,no_power,0.0,0.0,0.0,0.0,0.0,0.0,0.0,0.0
2024-09-02 10:00:00,2.676,2.569,672.0,True,True,True,1,ok,1.263,0.0,1.263,0.0,1.306,0.0,0.0,0.0
2024-09-02 11:00:00,3.437,3.299,903.0,True,True,True,2,ok,1.263,0.0,1.263,0.0,2.036,0.0,0.0,0.0
2024-09-02 12:00:00,3.595,3.451,951.0,True,True,True,3,ok,1.263,0.0,1.263,0.0,2.188,0.0,0.0,0.0
2024-09-02 13:00:00,1.271,1.22,268.0,True,True,False,3,no_power,0.0,0.0,0.0,0.0,0.0,0.0,0.0,0.0
2024-09-02 14:00:00,2.661,2.554,641.0,True,True,True,4,ok,1.263,0.0,1.263,0.0,1.291,0.0,0.0,0.0
2024-09-02 15:00:00,1.984,1.905,447.0,True,True,True,5,ok,1.263,0.0,1.263,0.0,0.642,0.0,0.0,0.0
2024-09-02 16:00:00,0.195,0.187,40.0,True,True,False,5,no_power,0.0,0.0,0.0,0.0,0.0,0.0,0.0,0.0
2024-09-02 17:00:00,0.854,0.82,180.0,True,True,False,5,no_power,0.0,0.0,0.0,0.0,0.0,0.0,0.0,0.0
2024-09-02 18:00:00,0.059,0.056,12.0,False,True,False,5,no_power,0.0,0.0,0.0,0.0,0.0,0.0,0.0,0.0
2024-09-02 19:00:00,0.0,0.0,0.0,False,True,False,5,no_power,0.0,0.0,0.0,0.0,0.0,0.0,0.0,0.0
2024-09-02 20:00:00,0.0,0.0,0.0,False,True,False,5,no_power,0.0,0.0,0.0,0.0,0.0,0.0,0.0,0.0
2024-09-02 21:00:00,0.0,0.0,0.0,False,True,False,5,no_power,0.0,0.0,0.0,0.0,0.0,0.0,0.0,0.0
2024-09-02 22:00:00,0.0,0.0,0.0,False,True,False,5,no_power,0.0,0.0,0.0,0.0,0.0,0.0,0.0,0.0
2024-09-02 23:00:00,0.0,0.0,0.0,False,True,False,5,no_power,0.0,0.0,0.0,0.0,0.0,0.0,0.0,0.0
2024-09-03 00:00:00,0.0,0.0,0.0,False,True,False,0,no_power,0.0,0.0,0.0,0.0,0.0,0.0,0.0,0.0
2024-09-03 01:00:00,0.0,0.0,0.0,False,True,False,0,no_power,0.0,0.0,0.0,0.0,0.0,0.0,0.0,0.0
2024-09-03 02:00:00,0.0,0.0,0.0,False,True,False,0,no_power,0.0,0.0,0.0,0.0,0.0,0.0,0.0,0.0
2024-09-03 03:00:00,0.0,0.0,0.0,False,True,False,0,no_power,0.0,0.0,0.0,0.0,0.0,0.0,0.0,0.0
2024-09-03 04:00:00,0.0,0.0,0.0,False,True,False,0,no_power,0.0,0.0,0.0,0.0,0.0,0.0,0.0,0.0
2024-09-03 05:00:00,0.0,0.0,0.0,False,True,False,0,no_power,0.0,0.0,0.0,0.0,0.0,0.0,0.0,0.0
2024-09-03 06:00:00,0.0,0.0,0.0,False,True,False,0,no_power,0.0,0.0,0.0,0.0,0.0,0.0,0.0,0.0
2024-09-03 07:00:00,0.861,0.827,181.0,True,True,False,0,no_power,0.0,0.0,0.0,0.0,0.0,0.0,0.0,0.0
2024-09-03 08:00:00,1.735,1.666,408.0,True,True,True,1,ok,1.263,0.0,1.263,0.0,0.403,0.0,0.0,0.0
2024-09-03 09:00:00,2.485,2.385,621.0,True,True,True,2,ok,1.263,0.0,1.263,0.0,1.122,0.0,0.0,0.0
2024-09-03 10:00:00,3.065,2.942,793.0,True,True,True,3,ok,1.263,0.0,1.263,0.0,1.679,0.0,0.0,0.0
2024-09-03 11:00:00,3.436,3.299,908.0,True,True,True,4,ok,1.263,0.0,1.263,0.0,2.036,0.0,0.0,0.0
2024-09-03 12:00:00,3.193,3.065,760.0,True,True,True,5,ok,1.263,0.0,1.263,0.0,1.802,0.0,0.0,0.0
2024-09-03 13:00:00,3.517,3.377,933.0,True,True,True,6,ok,1.263,0.0,1.263,0.0,2.114,0.0,0.0,0.0
2024-09-03 14:00:00,3.216,3.087,841.0,True,True,False,6,cap_reached,0.0,0.0,0.0,0.0,3.087,0.0,0.0,0.0
2024-09-03 15:00:00,2.705,2.597,688.0,True,True,False,6,cap_reached,0.0,0.0,0.0,0.0,2.597,0.0,0.0,0.0
2024-09-03 16:00:00,2.012,1.932,487.0,True,True,False,6,cap_reached,0.0,0.0,0.0,0.0,1.932,0.0,0.0,0.0
2024-09-03 17:00:00,1.179,1.132,261.0,True,True,False,6,cap_reached,0.0,0.0,0.0,0.0,1.132,0.0,0.0,0.0
2024-09-03 18:00:00,0.242,0.232,49.0,True,True,False,6,cap_reached,0.0,0.0,0.0,0.0,0.232,0.0,0.0,0.0
2024-09-03 19:00:00,0.0,0.0,0.0,False,True,False,6,cap_reached,0.0,0.0,0.0,0.0,0.0,0.0,0.0,0.0
2024-09-03 20:00:00,0.0,0.0,0.0,False,True,False,6,cap_reached,0.0,0.0,0.0,0.0,0.0,0.0,0.0,0.0
2024-09-03 21:00:00,0.0,0.0,0.0,False,True,False,6,cap_reached,0.0,0.0,0.0,0.0,0.0,0.0,0.0,0.0
2024-09-03 22:00:00,0.0,0.0,0.0,False,True,False,6,cap_reached,0.0,0.0,0.0,0.0,0.0,0.0,0.0,0.0
2024-09-03 23:00:00,0.0,0.0,0.0,False,True,False,6,cap_reached,0.0,0.0,0.0,0.0,0.0,0.0,0.0,0.0
2024-09-04 00:00:00,0.0,0.0,0.0,False,True,False,0,no_power,0.0,0.0,0.0,0.0,0.0,0.0,0.0,0.0
2024-09-04 01:00:00,0.0,0.0,0.0,False,True,False,0,no_power,0.0,0.0,0.0,0.0,0.0,0.0,0.0,0.0
2024-09-04 02:00:00,0.0,0.0,0.0,False,True,False,0,no_power,0.0,0.0,0.0,0.0,0.0,0.0,0.0,0.0
2024-09-04 03:00:00,0.0,0.0,0.0,False,True,False,0,no_power,0.0,0.0,0.0,0.0,0.0,0.0,0.0,0.0
2024-09-04 04:00:00,0.0,0.0,0.0,False,True,False,0,no_power,0.0,0.0,0.0,0.0,0.0,0.0,0.0,0.0
2024-09-04 05:00:00,0.0,0.0,0.0,False,True,False,0,no_power,0.0,0.0,0.0,0.0,0.0,0.0,0.0,0.0
2024-09-04 06:00:00,0.0,0.0,0.0,False,True,False,0,no_power,0.0,0.0,0.0,0.0,0.0,0.0,0.0,0.0
2024-09-04 07:00:00,0.826,0.793,174.0,True,True,False,0,no_power,0.0,0.0,0.0,0.0,0.0,0.0,0.0,0.0
2024-09-04 08:00:00,1.697,1.629,399.0,True,True,True,1,ok,1.263,0.0,1.263,0.0,0.366,0.0,0.0,0.0
2024-09-04 09:00:00,2.451,2.353,610.0,True,True,True,2,ok,1.263,0.0,1.263,0.0,1.09,0.0,0.0,0.0
2024-09-04 10:00:00,2.284,2.193,510.0,True,True,True,3,ok,1.263,0.0,1.263,0.0,0.93,0.0,0.0,0.0
2024-09-04 11:00:00,3.417,3.281,902.0,True,True,True,4,ok,1.263,0.0,1.263,0.0,2.018,0.0,0.0,0.0
2024-09-04 12:00:00,3.578,3.435,950.0,True,True,True,5,ok,1.263,0.0,1.263,0.0,2.172,0.0,0.0,0.0
2024-09-04 13:00:00,3.498,3.358,927.0,True,True,True,6,ok,1.263,0.0,1.263,0.0,2.095,0.0,0.0,0.0
2024-09-04 14:00:00,3.193,3.065,833.0,True,True,False,6,cap_reached,0.0,0.0,0.0,0.0,3.065,0.0,0.0,0.0
2024-09-04 15:00:00,2.674,2.567,678.0,True,True,False,6,cap_reached,0.0,0.0,0.0,0.0,2.567,0.0,0.0,0.0
2024-09-04 16:00:00,1.979,1.9,477.0,True,True,False,6,cap_reached,0.0,0.0,0.0,0.0,1.9,0.0,0.0,0.0
2024-09-04 17:00:00,1.137,1.091,252.0,True,True,False,6,cap_reached,0.0,0.0,0.0,0.0,1.091,0.0,0.0,0.0
2024-09-04 18:00:00,0.265,0.255,50.0,True,True,False,6,cap_reached,0.0,0.0,0.0,0.0,0.255,0.0,0.0,0.0
2024-09-04 19:00:00,0.0,0.0,0.0,False,True,False,6,cap_reached,0.0,0.0,0.0,0.0,0.0,0.0,0.0,0.0
2024-09-04 20:00:00,0.0,0.0,0.0,False,True,False,6,cap_reached,0.0,0.0,0.0,0.0,0.0,0.0,0.0,0.0
2024-09-04 21:00:00,0.0,0.0,0.0,False,True,False,6,cap_reached,0.0,0.0,0.0,0.0,0.0,0.0,0.0,0.0
2024-09-04 22:00:00,0.0,0.0,0.0,False,True,False,6,cap_reached,0.0,0.0,0.0,0.0,0.0,0.0,0.0,0.0
2024-09-04 23:00:00,0.0,0.0,0.0,False,True,False,6,cap_reached,0.0,0.0,0.0,0.0,0.0,0.0,0.0,0.0
2024-09-05 00:00:00,0.0,0.0,0.0,False,True,False,0,no_power,0.0,0.0,0.0,0.0,0.0,0.0,0.0,0.0
2024-09-05 01:00:00,0.0,0.0,0.0,False,True,False,0,no_power,0.0,0.0,0.0,0.0,0.0,0.0,0.0,0.0
2024-09-05 02:00:00,0.0,0.0,0.0,False,True,False,0,no_power,0.0,0.0,0.0,0.0,0.0,0.0,0.0,0.0
2024-09-05 03:00:00,0.0,0.0,0.0,False,True,False,0,no_power,0.0,0.0,0.0,0.0,0.0,0.0,0.0,0.0
2024-09-05 04:00:00,0.0,0.0,0.0,False,True,False,0,no_power,0.0,0.0,0.0,0.0,0.0,0.0,0.0,0.0
2024-09-05 05:00:00,0.0,0.0,0.0,False,True,False,0,no_power,0.0,0.0,0.0,0.0,0.0,0.0,0.0,0.0
2024-09-05 06:00:00,0.0,0.0,0.0,False,True,False,0,no_power,0.0,0.0,0.0,0.0,0.0,0.0,0.0,0.0
2024-09-05 07:00:00,0.812,0.779,173.0,True,True,False,0,no_power,0.0,0.0,0.0,0.0,0.0,0.0,0.0,0.0
2024-09-05 08:00:00,1.349,1.296,290.0,True,True,True,1,ok,1.263,0.0,1.263,0.0,0.033,0.0,0.0,0.0
2024-09-05 09:00:00,2.436,2.339,608.0,True,True,True,2,ok,1.263,0.0,1.263,0.0,1.076,0.0,0.0,0.0
2024-09-05 10:00:00,3.019,2.898,781.0,True,True,True,3,ok,1.263,0.0,1.263,0.0,1.635,0.0,0.0,0.0
2024-09-05 11:00:00,2.857,2.742,695.0,True,True,True,4,ok,1.263,0.0,1.263,0.0,1.479,0.0,0.0,0.0
2024-09-05 12:00:00,3.317,3.184,858.0,True,True,True,5,ok,1.263,0.0,1.263,0.0,1.921,0.0,0.0,0.0
2024-09-05 13:00:00,3.314,3.182,857.0,True,True,True,6,ok,1.263,0.0,1.263,0.0,1.919,0.0,0.0,0.0
2024-09-05 14:00:00,2.683,2.575,644.0,True,True,False,6,cap_reached,0.0,0.0,0.0,0.0,2.575,0.0,0.0,0.0
2024-09-05 15:00:00,2.165,2.079,507.0,True,True,False,6,cap_reached,0.0,0.0,0.0,0.0,2.079,0.0,0.0,0.0
2024-09-05 16:00:00,1.546,1.484,346.0,True,True,False,6,cap_reached,0.0,0.0,0.0,0.0,1.484,0.0,0.0,0.0
2024-09-05 17:00:00,1.125,1.08,252.0,True,True,False,6,cap_reached,0.0,0.0,0.0,0.0,1.08,0.0,0.0,0.0
2024-09-05 18:00:00,0.198,0.19,40.0,True,True,False,6,cap_reached,0.0,0.0,0.0,0.0,0.19,0.0,0.0,0.0
2024-09-05 19:00:00,0.0,0.0,0.0,False,True,False,6,cap_reached,0.0,0.0,0.0,0.0,0.0,0.0,0.0,0.0
2024-09-05 20:00:00,0.0,0.0,0.0,False,True,False,6,cap_reached,0.0,0.0,0.0,0.0,0.0,0.0,0.0,0.0
2024-09-05 21:00:00,0.0,0.0,0.0,False,True,False,6,cap_reached,0.0,0.0,0.0,0.0,0.0,0.0,0.0,0.0
2024-09-05 22:00:00,0.0,0.0,0.0,False,True,False,6,cap_reached,0.0,0.0,0.0,0.0,0.0,0.0,0.0,0.0
2024-09-05 23:00:00,0.0,0.0,0.0,False,True,False,6,cap_reached,0.0,0.0,0.0,0.0,0.0,0.0,0.0,0.0
2024-09-06 00:00:00,0.0,0.0,0.0,False,True,False,0,no_power,0.0,0.0,0.0,0.0,0.0,0.0,0.0,0.0
2024-09-06 01:00:00,0.0,0.0,0.0,False,True,False,0,no_power,0.0,0.0,0.0,0.0,0.0,0.0,0.0,0.0
2024-09-06 02:00:00,0.0,0.0,0.0,False,True,False,0,no_power,0.0,0.0,0.0,0.0,0.0,0.0,0.0,0.0
2024-09-06 03:00:00,0.0,0.0,0.0,False,True,False,0,no_power,0.0,0.0,0.0,0.0,0.0,0.0,0.0,0.0
2024-09-06 04:00:00,0.0,0.0,0.0,False,True,False,0,no_power,0.0,0.0,0.0,0.0,0.0,0.0,0.0,0.0
2024-09-06 05:00:00,0.0,0.0,0.0,False,True,False,0,no_power,0.0,0.0,0.0,0.0,0.0,0.0,0.0,0.0
2024-09-06 06:00:00,0.0,0.0,0.0,False,True,False,0,no_power,0.0,0.0,0.0,0.0,0.0,0.0,0.0,0.0
2024-09-06 07:00:00,0.831,0.798,179.0,True,True,False,0,no_power,0.0,0.0,0.0,0.0,0.0,0.0,0.0,0.0
2024-09-06 08:00:00,1.692,1.624,406.0,True,True,True,1,ok,1.263,0.0,1.263,0.0,0.361,0.0,0.0,0.0
2024-09-06 09:00:00,2.15,2.064,514.0,True,True,True,2,ok,1.263,0.0,1.263,0.0,0.801,0.0,0.0,0.0
2024-09-06 10:00:00,2.656,2.55,651.0,True,True,True,3,ok,1.263,0.0,1.263,0.0,1.287,0.0,0.0,0.0
2024-09-06 11:00:00,2.939,2.822,724.0,True,True,True,4,ok,1.263,0.0,1.263,0.0,1.559,0.0,0.0,0.0
2024-09-06 12:00:00,3.015,2.894,747.0,True,True,True,5,ok,1.263,0.0,1.263,0.0,1.631,0.0,0.0,0.0
2024-09-06 13:00:00,2.774,2.663,664.0,True,True,True,6,ok,1.263,0.0,1.263,0.0,1.4,0.0,0.0,0.0
2024-09-06 14:00:00,2.642,2.536,660.0,True,True,False,6,cap_reached,0.0,0.0,0.0,0.0,2.536,0.0,0.0,0.0
2024-09-06 15:00:00,2.158,2.072,511.0,True,True,False,6,cap_reached,0.0,0.0,0.0,0.0,2.072,0.0,0.0,0.0
2024-09-06 16:00:00,1.95,1.872,479.0,True,True,False,6,cap_reached,0.0,0.0,0.0,0.0,1.872,0.0,0.0,0.0
2024-09-06 17:00:00,1.121,1.076,254.0,True,True,False,6,cap_reached,0.0,0.0,0.0,0.0,1.076,0.0,0.0,0.0
2024-09-06 18:00:00,0.255,0.245,48.0,True,True,False,6,cap_reached,0.0,0.0,0.0,0.0,0.245,0.0,0.0,0.0
2024-09-06 19:00:00,0.0,0.0,0.0,False,True,False,6,cap_reached,0.0,0.0,0.0,0.0,0.0,0.0,0.0,0.0
2024-09-06 20:00:00,0.0,0.0,0.0,False,True,False,6,cap_reached,0.0,0.0,0.0,0.0,0.0,0.0,0.0,0.0
2024-09-06 21:00:00,0.0,0.0,0.0,False,True,False,6,cap_reached,0.0,0.0,0.0,0.0,0.0,0.0,0.0,0.0
2024-09-06 22:00:00,0.0,0.0,0.0,False,True,False,6,cap_reached,0.0,0.0,0.0,0.0,0.0,0.0,0.0,0.0
2024-09-06 23:00:00,0.0,0.0,0.0,False,True,False,6,cap_reached,0.0,0.0,0.0,0.0,0.0,0.0,0.0,0.0
2024-09-07 00:00:00,0.0,0.0,0.0,False,True,False,0,no_power,0.0,0.0,0.0,0.0,0.0,0.0,0.0,0.0
2024-09-07 01:00:00,0.0,0.0,0.0,False,True,False,0,no_power,0.0,0.0,0.0,0.0,0.0,0.0,0.0,0.0
2024-09-07 02:00:00,0.0,0.0,0.0,False,True,False,0,no_power,0.0,0.0,0.0,0.0,0.0,0.0,0.0,0.0
2024-09-07 03:00:00,0.0,0.0,0.0,False,True,False,0,no_power,0.0,0.0,0.0,0.0,0.0,0.0,0.0,0.0
2024-09-07 04:00:00,0.0,0.0,0.0,False,True,False,0,no_power,0.0,0.0,0.0,0.0,0.0,0.0,0.0,0.0
2024-09-07 05:00:00,0.0,0.0,0.0,False,True,False,0,no_power,0.0,0.0,0.0,0.0,0.0,0.0,0.0,0.0
2024-09-07 06:00:00,0.0,0.0,0.0,False,True,False,0,no_power,0.0,0.0,0.0,0.0,0.0,0.0,0.0,0.0
2024-09-07 07:00:00,0.811,0.779,176.0,True,True,False,0,no_power,0.0,0.0,0.0,0.0,0.0,0.0,0.0,0.0
2024-09-07 08:00:00,1.677,1.61,403.0,True,True,True,1,ok,1.263,0.0,1.263,0.0,0.347,0.0,0.0,0.0
2024-09-07 09:00:00,2.424,2.327,617.0,True,True,True,2,ok,1.263,0.0,1.263,0.0,1.064,0.0,0.0,0.0
2024-09-07 10:00:00,2.147,2.061,479.0,True,True,True,3,ok,1.263,0.0,1.263,0.0,0.798,0.0,0.0,0.0
2024-09-07 11:00:00,3.382,3.247,909.0,True,True,True,4,ok,1.263,0.0,1.263,0.0,1.984,0.0,0.0,0.0
2024-09-07 12:00:00,3.534,3.392,957.0,True,True,True,5,ok,1.263,0.0,1.263,0.0,2.129,0.0,0.0,0.0
2024-09-07 13:00:00,3.45,3.312,931.0,True,True,True,6,ok,1.263,0.0,1.263,0.0,2.049,0.0,0.0,0.0
2024-09-07 14:00:00,3.143,3.017,838.0,True,True,False,6,cap_reached,0.0,0.0,0.0,0.0,3.017,0.0,0.0,0.0
2024-09-07 15:00:00,2.631,2.526,683.0,True,True,False,6,cap_reached,0.0,0.0,0.0,0.0,2.526,0.0,0.0,0.0
2024-09-07 16:00:00,1.937,1.86,481.0,True,True,False,6,cap_reached,0.0,0.0,0.0,0.0,1.86,0.0,0.0,0.0
2024-09-07 17:00:00,1.112,1.068,254.0,True,True,False,6,cap_reached,0.0,0.0,0.0,0.0,1.068,0.0,0.0,0.0
2024-09-07 18:00:00,0.25,0.24,46.0,True,True,False,6,cap_reached,0.0,0.0,0.0,0.0,0.24,0.0,0.0,0.0
2024-09-07 19:00:00,0.0,0.0,0.0,False,True,False,6,cap_reached,0.0,0.0,0.0,0.0,0.0,0.0,0.0,0.0
2024-09-07 20:00:00,0.0,0.0,0.0,False,True,False,6,cap_reached,0.0,0.0,0.0,0.0,0.0,0.0,0.0,0.0
2024-09-07 21:00:00,0.0,0.0,0.0,False,True,False,6,cap_reached,0.0,0.0,0.0,0.0,0.0,0.0,0.0,0.0
2024-09-07 22:00:00,0.0,0.0,0.0,False,True,False,6,cap_reached,0.0,0.0,0.0,0.0,0.0,0.0,0.0,0.0
2024-09-07 23:00:00,0.0,0.0,0.0,False,True,False,6,cap_reached,0.0,0.0,0.0,0.0,0.0,0.0,0.0,0.0
2024-09-08 00:00:00,0.0,0.0,0.0,False,True,False,0,no_power,0.0,0.0,0.0,0.0,0.0,0.0,0.0,0.0
2024-09-08 01:00:00,0.0,0.0,0.0,False,True,False,0,no_power,0.0,0.0,0.0,0.0,0.0,0.0,0.0,0.0
2024-09-08 02:00:00,0.0,0.0,0.0,False,True,False,0,no_power,0.0,0.0,0.0,0.0,0.0,0.0,0.0,0.0
2024-09-08 03:00:00,0.0,0.0,0.0,False,True,False,0,no_power,0.0,0.0,0.0,0.0,0.0,0.0,0.0,0.0
2024-09-08 04:00:00,0.0,0.0,0.0,False,True,False,0,no_power,0.0,0.0,0.0,0.0,0.0,0.0,0.0,0.0
2024-09-08 05:00:00,0.0,0.0,0.0,False,True,False,0,no_power,0.0,0.0,0.0,0.0,0.0,0.0,0.0,0.0
2024-09-08 06:00:00,0.0,0.0,0.0,False,True,False,0,no_power,0.0,0.0,0.0,0.0,0.0,0.0,0.0,0.0
2024-09-08 07:00:00,0.717,0.688,153.0,True,True,False,0,no_power,0.0,0.0,0.0,0.0,0.0,0.0,0.0,0.0
2024-09-08 08:00:00,1.676,1.609,408.0,True,True,True,1,ok,1.263,0.0,1.263,0.0,0.346,0.0,0.0,0.0
2024-09-08 09:00:00,1.763,1.693,385.0,True,True,True,2,ok,1.263,0.0,1.263,0.0,0.43,0.0,0.0,0.0
2024-09-08 10:00:00,2.717,2.608,648.0,True,True,True,3,ok,1.263,0.0,1.263,0.0,1.345,0.0,0.0,0.0
2024-09-08 11:00:00,3.351,3.217,901.0,True,True,True,4,ok,1.263,0.0,1.263,0.0,1.954,0.0,0.0,0.0
2024-09-08 12:00:00,3.501,3.361,946.0,True,True,True,5,ok,1.263,0.0,1.263,0.0,2.098,0.0,0.0,0.0
2024-09-08 13:00:00,3.401,3.265,911.0,True,True,True,6,ok,1.263,0.0,1.263,0.0,2.002,0.0,0.0,0.0
2024-09-08 14:00:00,3.092,2.968,818.0,True,True,False,6,cap_reached,0.0,0.0,0.0,0.0,2.968,0.0,0.0,0.0
2024-09-08 15:00:00,2.576,2.473,664.0,True,True,False,6,cap_reached,0.0,0.0,0.0,0.0,2.473,0.0,0.0,0.0
2024-09-08 16:00:00,1.883,1.808,464.0,True,True,False,6,cap_reached,0.0,0.0,0.0,0.0,1.808,0.0,0.0,0.0
2024-09-08 17:00:00,1.056,1.014,240.0,True,True,False,6,cap_reached,0.0,0.0,0.0,0.0,1.014,0.0,0.0,0.0
2024-09-08 18:00:00,0.215,0.206,41.0,True,True,False,6,cap_reached,0.0,0.0,0.0,0.0,0.206,0.0,0.0,0.0
2024-09-08 19:00:00,0.0,0.0,0.0,False,True,False,6,cap_reached,0.0,0.0,0.0,0.0,0.0,0.0,0.0,0.0
2024-09-08 20:00:00,0.0,0.0,0.0,False,True,False,6,cap_reached,0.0,0.0,0.0,0.0,0.0,0.0,0.0,0.0
2024-09-08 21:00:00,0.0,0.0,0.0,False,True,False,6,cap_reached,0.0,0.0,0.0,0.0,0.0,0.0,0.0,0.0
2024-09-08 22:00:00,0.0,0.0,0.0,False,True,False,6,cap_reached,0.0,0.0,0.0,0.0,0.0,0.0,0.0,0.0
2024-09-08 23:00:00,0.0,0.0,0.0,False,True,False,6,cap_reached,0.0,0.0,0.0,0.0,0.0,0.0,0.0,0.0
2024-09-09 00:00:00,0.0,0.0,0.0,False,True,False,0,no_power,0.0,0.0,0.0,0.0,0.0,0.0,0.0,0.0
2024-09-09 01:00:00,0.0,0.0,0.0,False,True,False,0,no_power,0.0,0.0,0.0,0.0,0.0,0.0,0.0,0.0
2024-09-09 02:00:00,0.0,0.0,0.0,False,True,False,0,no_power,0.0,0.0,0.0,0.0,0.0,0.0,0.0,0.0
2024-09-09 03:00:00,0.0,0.0,0.0,False,True,False,0,no_power,0.0,0.0,0.0,0.0,0.0,0.0,0.0,0.0
2024-09-09 04:00:00,0.0,0.0,0.0,False,True,False,0,no_power,0.0,0.0,0.0,0.0,0.0,0.0,0.0,0.0
2024-09-09 05:00:00,0.0,0.0,0.0,False,True,False,0,no_power,0.0,0.0,0.0,0.0,0.0,0.0,0.0,0.0
2024-09-09 06:00:00,0.0,0.0,0.0,False,True,False,0,no_power,0.0,0.0,0.0,0.0,0.0,0.0,0.0,0.0
2024-09-09 07:00:00,0.769,0.738,169.0,True,True,False,0,no_power,0.0,0.0,0.0,0.0,0.0,0.0,0.0,0.0
2024-09-09 08:00:00,1.625,1.56,394.0,True,True,True,1,ok,1.263,0.0,1.263,0.0,0.297,0.0,0.0,0.0
2024-09-09 09:00:00,2.375,2.28,605.0,True,True,True,2,ok,1.263,0.0,1.263,0.0,1.017,0.0,0.0,0.0
2024-09-09 10:00:00,2.525,2.424,581.0,True,True,True,3,ok,1.263,0.0,1.263,0.0,1.161,0.0,0.0,0.0
2024-09-09 11:00:00,2.777,2.666,646.0,True,True,True,4,ok,1.263,0.0,1.263,0.0,1.403,0.0,0.0,0.0
2024-09-09 12:00:00,2.274,2.183,503.0,True,True,True,5,ok,1.263,0.0,1.263,0.0,0.92,0.0,0.0,0.0
2024-09-09 13:00:00,2.216,2.127,495.0,True,True,True,6,ok,1.263,0.0,1.263,0.0,0.864,0.0,0.0,0.0
2024-09-09 14:00:00,2.459,2.361,586.0,True,True,False,6,cap_reached,0.0,0.0,0.0,0.0,2.361,0.0,0.0,0.0
2024-09-09 15:00:00,2.319,2.227,580.0,True,True,False,6,cap_reached,0.0,0.0,0.0,0.0,2.227,0.0,0.0,0.0
2024-09-09 16:00:00,1.886,1.81,472.0,True,True,False,6,cap_reached,0.0,0.0,0.0,0.0,1.81,0.0,0.0,0.0
2024-09-09 17:00:00,1.063,1.021,246.0,True,True,False,6,cap_reached,0.0,0.0,0.0,0.0,1.021,0.0,0.0,0.0
2024-09-09 18:00:00,0.107,0.103,22.0,True,True,False,6,cap_reached,0.0,0.0,0.0,0.0,0.103,0.0,0.0,0.0
2024-09-09 19:00:00,0.0,0.0,0.0,False,True,False,6,cap_reached,0.0,0.0,0.0,0.0,0.0,0.0,0.0,0.0
2024-09-09 20:00:00,0.0,0.0,0.0,False,True,False,6,cap_reached,0.0,0.0,0.0,0.0,0.0,0.0,0.0,0.0
2024-09-09 21:00:00,0.0,0.0,0.0,False,True,False,6,cap_reached,0.0,0.0,0.0,0.0,0.0,0.0,0.0,0.0
2024-09-09 22:00:00,0.0,0.0,0.0,False,True,False,6,cap_reached,0.0,0.0,0.0,0.0,0.0,0.0,0.0,0.0
2024-09-09 23:00:00,0.0,0.0,0.0,False,True,False,6,cap_reached,0.0,0.0,0.0,0.0,0.0,0.0,0.0,0.0
2024-09-10 00:00:00,0.0,0.0,0.0,False,True,False,0,no_power,0.0,0.0,0.0,0.0,0.0,0.0,0.0,0.0
2024-09-10 01:00:00,0.0,0.0,0.0,False,True,False,0,no_power,0.0,0.0,0.0,0.0,0.0,0.0,0.0,0.0
2024-09-10 02:00:00,0.0,0.0,0.0,False,True,False,0,no_power,0.0,0.0,0.0,0.0,0.0,0.0,0.0,0.0
2024-09-10 03:00:00,0.0,0.0,0.0,False,True,False,0,no_power,0.0,0.0,0.0,0.0,0.0,0.0,0.0,0.0
2024-09-10 04:00:00,0.0,0.0,0.0,False,True,False,0,no_power,0.0,0.0,0.0,0.0,0.0,0.0,0.0,0.0
2024-09-10 05:00:00,0.0,0.0,0.0,False,True,False,0,no_power,0.0,0.0,0.0,0.0,0.0,0.0,0.0,0.0
2024-09-10 06:00:00,0.0,0.0,0.0,False,True,False,0,no_power,0.0,0.0,0.0,0.0,0.0,0.0,0.0,0.0
2024-09-10 07:00:00,0.721,0.692,155.0,True,True,False,0,no_power,0.0,0.0,0.0,0.0,0.0,0.0,0.0,0.0
2024-09-10 08:00:00,1.454,1.396,341.0,True,True,True,1,ok,1.263,0.0,1.263,0.0,0.133,0.0,0.0,0.0
2024-09-10 09:00:00,2.104,2.02,520.0,True,True,True,2,ok,1.263,0.0,1.263,0.0,0.757,0.0,0.0,0.0
2024-09-10 10:00:00,2.035,1.954,459.0,True,True,True,3,ok,1.263,0.0,1.263,0.0,0.691,0.0,0.0,0.0
2024-09-10 11:00:00,2.286,2.195,510.0,True,True,True,4,ok,1.263,0.0,1.263,0.0,0.932,0.0,0.0,0.0
2024-09-10 12:00:00,2.463,2.364,554.0,True,True,True,5,ok,1.263,0.0,1.263,0.0,1.101,0.0,0.0,0.0
2024-09-10 13:00:00,3.005,2.885,758.0,True,True,True,6,ok,1.263,0.0,1.263,0.0,1.622,0.0,0.0,0.0
2024-09-10 14:00:00,1.493,1.433,319.0,True,True,False,6,cap_reached,0.0,0.0,0.0,0.0,1.433,0.0,0.0,0.0
2024-09-10 15:00:00,1.325,1.272,283.0,True,True,False,6,cap_reached,0.0,0.0,0.0,0.0,1.272,0.0,0.0,0.0
2024-09-10 16:00:00,1.418,1.361,316.0,True,True,False,6,cap_reached,0.0,0.0,0.0,0.0,1.361,0.0,0.0,0.0
2024-09-10 17:00:00,0.705,0.676,148.0,True,True,False,6,cap_reached,0.0,0.0,0.0,0.0,0.676,0.0,0.0,0.0
2024-09-10 18:00:00,0.195,0.188,37.0,True,True,False,6,cap_reached,0.0,0.0,0.0,0.0,0.188,0.0,0.0,0.0
2024-09-10 19:00:00,0.0,0.0,0.0,False,True,False,6,cap_reached,0.0,0.0,0.0,0.0,0.0,0.0,0.0,0.0
2024-09-10 20:00:00,0.0,0.0,0.0,False,True,False,6,cap_reached,0.0,0.0,0.0,0.0,0.0,0.0,0.0,0.0
2024-09-10 21:00:00,0.0,0.0,0.0,False,True,False,6,cap_reached,0.0,0.0,0.0,0.0,0.0,0.0,0.0,0.0
2024-09-10 22:00:00,0.0,0.0,0.0,False,True,False,6,cap_reached,0.0,0.0,0.0,0.0,0.0,0.0,0.0,0.0
2024-09-10 23:00:00,0.0,0.0,0.0,False,True,False,6,cap_reached,0.0,0.0,0.0,0.0,0.0,0.0,0.0,0.0
2024-09-11 00:00:00,0.0,0.0,0.0,False,True,False,0,no_power,0.0,0.0,0.0,0.0,0.0,0.0,0.0,0.0
2024-09-11 01:00:00,0.0,0.0,0.0,False,True,False,0,no_power,0.0,0.0,0.0,0.0,0.0,0.0,0.0,0.0
2024-09-11 02:00:00,0.0,0.0,0.0,False,True,False,0,no_power,0.0,0.0,0.0,0.0,0.0,0.0,0.0,0.0
2024-09-11 03:00:00,0.0,0.0,0.0,False,True,False,0,no_power,0.0,0.0,0.0,0.0,0.0,0.0,0.0,0.0
2024-09-11 04:00:00,0.0,0.0,0.0,False,True,False,0,no_power,0.0,0.0,0.0,0.0,0.0,0.0,0.0,0.0
2024-09-11 05:00:00,0.0,0.0,0.0,False,True,False,0,no_power,0.0,0.0,0.0,0.0,0.0,0.0,0.0,0.0
2024-09-11 06:00:00,0.0,0.0,0.0,False,True,False,0,no_power,0.0,0.0,0.0,0.0,0.0,0.0,0.0,0.0
2024-09-11 07:00:00,0.76,0.729,171.0,True,True,False,0,no_power,0.0,0.0,0.0,0.0,0.0,0.0,0.0,0.0
2024-09-11 08:00:00,1.608,1.543,396.0,True,True,True,1,ok,1.263,0.0,1.263,0.0,0.28,0.0,0.0,0.0
2024-09-11 09:00:00,2.353,2.259,607.0,True,True,True,2,ok,1.263,0.0,1.263,0.0,0.996,0.0,0.0,0.0
2024-09-11 10:00:00,2.928,2.81,779.0,True,True,True,3,ok,1.263,0.0,1.263,0.0,1.547,0.0,0.0,0.0
2024-09-11 11:00:00,2.911,2.794,688.0,True,True,True,4,ok,1.263,0.0,1.263,0.0,1.531,0.0,0.0,0.0
2024-09-11 12:00:00,2.518,2.417,585.0,True,True,True,5,ok,1.263,0.0,1.263,0.0,1.154,0.0,0.0,0.0
2024-09-11 13:00:00,1.269,1.218,267.0,True,True,False,5,no_power,0.0,0.0,0.0,0.0,0.0,0.0,0.0,0.0
2024-09-11 14:00:00,2.746,2.636,705.0,True,True,True,6,ok,1.263,0.0,1.263,0.0,1.373,0.0,0.0,0.0
2024-09-11 15:00:00,0.436,0.419,91.0,True,True,False,6,cap_reached,0.0,0.0,0.0,0.0,0.419,0.0,0.0,0.0
2024-09-11 16:00:00,0.963,0.925,204.0,True,True,False,6,cap_reached,0.0,0.0,0.0,0.0,0.925,0.0,0.0,0.0
2024-09-11 17:00:00,0.156,0.15,32.0,True,True,False,6,cap_reached,0.0,0.0,0.0,0.0,0.15,0.0,0.0,0.0
2024-09-11 18:00:00,0.069,0.066,14.0,False,True,False,6,cap_reached,0.0,0.0,0.0,0.0,0.066,0.0,0.0,0.0
2024-09-11 19:00:00,0.0,0.0,0.0,False,True,False,6,cap_reached,0.0,0.0,0.0,0.0,0.0,0.0,0.0,0.0
2024-09-11 20:00:00,0.0,0.0,0.0,False,True,False,6,cap_reached,0.0,0.0,0.0,0.0,0.0,0.0,0.0,0.0
2024-09-11 21:00:00,0.0,0.0,0.0,False,True,False,6,cap_reached,0.0,0.0,0.0,0.0,0.0,0.0,0.0,0.0
2024-09-11 22:00:00,0.0,0.0,0.0,False,True,False,6,cap_reached,0.0,0.0,0.0,0.0,0.0,0.0,0.0,0.0
2024-09-11 23:00:00,0.0,0.0,0.0,False,True,False,6,cap_reached,0.0,0.0,0.0,0.0,0.0,0.0,0.0,0.0
2024-09-12 00:00:00,0.0,0.0,0.0,False,True,False,0,no_power,0.0,0.0,0.0,0.0,0.0,0.0,0.0,0.0
2024-09-12 01:00:00,0.0,0.0,0.0,False,True,False,0,no_power,0.0,0.0,0.0,0.0,0.0,0.0,0.0,0.0
2024-09-12 02:00:00,0.0,0.0,0.0,False,True,False,0,no_power,0.0,0.0,0.0,0.0,0.0,0.0,0.0,0.0
2024-09-12 03:00:00,0.0,0.0,0.0,False,True,False,0,no_power,0.0,0.0,0.0,0.0,0.0,0.0,0.0,0.0
2024-09-12 04:00:00,0.0,0.0,0.0,False,True,False,0,no_power,0.0,0.0,0.0,0.0,0.0,0.0,0.0,0.0
2024-09-12 05:00:00,0.0,0.0,0.0,False,True,False,0,no_power,0.0,0.0,0.0,0.0,0.0,0.0,0.0,0.0
2024-09-12 06:00:00,0.0,0.0,0.0,False,True,False,0,no_power,0.0,0.0,0.0,0.0,0.0,0.0,0.0,0.0
2024-09-12 07:00:00,0.421,0.404,87.0,True,True,False,0,no_power,0.0,0.0,0.0,0.0,0.0,0.0,0.0,0.0
2024-09-12 08:00:00,1.387,1.331,315.0,True,True,True,1,ok,1.263,0.0,1.263,0.0,0.068,0.0,0.0,0.0
2024-09-12 09:00:00,2.09,2.006,509.0,True,True,True,2,ok,1.263,0.0,1.263,0.0,0.743,0.0,0.0,0.0
2024-09-12 10:00:00,2.163,2.076,484.0,True,True,True,3,ok,1.263,0.0,1.263,0.0,0.813,0.0,0.0,0.0
2024-09-12 11:00:00,2.814,2.701,661.0,True,True,True,4,ok,1.263,0.0,1.263,0.0,1.438,0.0,0.0,0.0
2024-09-12 12:00:00,1.996,1.916,432.0,True,True,True,5,ok,1.263,0.0,1.263,0.0,0.653,0.0,0.0,0.0
2024-09-12 13:00:00,0.258,0.247,53.0,True,True,False,5,no_power,0.0,0.0,0.0,0.0,0.0,0.0,0.0,0.0
2024-09-12 14:00:00,0.644,0.618,133.0,True,True,False,5,no_power,0.0,0.0,0.0,0.0,0.0,0.0,0.0,0.0
2024-09-12 15:00:00,1.292,1.241,279.0,True,True,False,5,no_power,0.0,0.0,0.0,0.0,0.0,0.0,0.0,0.0
2024-09-12 16:00:00,1.531,1.469,355.0,True,True,True,6,ok,1.263,0.0,1.263,0.0,0.206,0.0,0.0,0.0
2024-09-12 17:00:00,0.2,0.192,41.0,True,True,False,6,cap_reached,0.0,0.0,0.0,0.0,0.192,0.0,0.0,0.0
2024-09-12 18:00:00,0.161,0.154,32.0,True,True,False,6,cap_reached,0.0,0.0,0.0,0.0,0.154,0.0,0.0,0.0
2024-09-12 19:00:00,0.0,0.0,0.0,False,True,False,6,cap_reached,0.0,0.0,0.0,0.0,0.0,0.0,0.0,0.0
2024-09-12 20:00:00,0.0,0.0,0.0,False,True,False,6,cap_reached,0.0,0.0,0.0,0.0,0.0,0.0,0.0,0.0
2024-09-12 21:00:00,0.0,0.0,0.0,False,True,False,6,cap_reached,0.0,0.0,0.0,0.0,0.0,0.0,0.0,0.0
2024-09-12 22:00:00,0.0,0.0,0.0,False,True,False,6,cap_reached,0.0,0.0,0.0,0.0,0.0,0.0,0.0,0.0
2024-09-12 23:00:00,0.0,0.0,0.0,False,True,False,6,cap_reached,0.0,0.0,0.0,0.0,0.0,0.0,0.0,0.0
2024-09-13 00:00:00,0.0,0.0,0.0,False,True,False,0,no_power,0.0,0.0,0.0,0.0,0.0,0.0,0.0,0.0
2024-09-13 01:00:00,0.0,0.0,0.0,False,True,False,0,no_power,0.0,0.0,0.0,0.0,0.0,0.0,0.0,0.0
2024-09-13 02:00:00,0.0,0.0,0.0,False,True,False,0,no_power,0.0,0.0,0.0,0.0,0.0,0.0,0.0,0.0
2024-09-13 03:00:00,0.0,0.0,0.0,False,True,False,0,no_power,0.0,0.0,0.0,0.0,0.0,0.0,0.0,0.0
2024-09-13 04:00:00,0.0,0.0,0.0,False,True,False,0,no_power,0.0,0.0,0.0,0.0,0.0,0.0,0.0,0.0
2024-09-13 05:00:00,0.0,0.0,0.0,False,True,False,0,no_power,0.0,0.0,0.0,0.0,0.0,0.0,0.0,0.0
2024-09-13 06:00:00,0.0,0.0,0.0,False,True,False,0,no_power,0.0,0.0,0.0,0.0,0.0,0.0,0.0,0.0
2024-09-13 07:00:00,0.751,0.721,174.0,True,True,False,0,no_power,0.0,0.0,0.0,0.0,0.0,0.0,0.0,0.0
2024-09-13 08:00:00,1.597,1.533,400.0,True,True,True,1,ok,1.263,0.0,1.263,0.0,0.27,0.0,0.0,0.0
2024-09-13 09:00:00,1.901,1.825,424.0,True,True,True,2,ok,1.263,0.0,1.263,0.0,0.562,0.0,0.0,0.0
2024-09-13 10:00:00,2.545,2.443,597.0,True,True,True,3,ok,1.263,0.0,1.263,0.0,1.18,0.0,0.0,0.0
2024-09-13 11:00:00,2.56,2.458,587.0,True,True,True,4,ok,1.263,0.0,1.263,0.0,1.195,0.0,0.0,0.0
2024-09-13 12:00:00,1.26,1.21,265.0,True,True,False,4,no_power,0.0,0.0,0.0,0.0,0.0,0.0,0.0,0.0
2024-09-13 13:00:00,2.699,2.591,655.0,True,True,True,5,ok,1.263,0.0,1.263,0.0,1.328,0.0,0.0,0.0
2024-09-13 14:00:00,2.512,2.411,580.0,True,True,True,6,ok,1.263,0.0,1.263,0.0,1.148,0.0,0.0,0.0
2024-09-13 15:00:00,2.476,2.377,657.0,True,True,False,6,cap_reached,0.0,0.0,0.0,0.0,2.377,0.0,0.0,0.0
2024-09-13 16:00:00,0.16,0.154,33.0,True,True,False,6,cap_reached,0.0,0.0,0.0,0.0,0.154,0.0,0.0,0.0
2024-09-13 17:00:00,0.958,0.919,228.0,True,True,False,6,cap_reached,0.0,0.0,0.0,0.0,0.919,0.0,0.0,0.0
2024-09-13 18:00:00,0.156,0.149,31.0,True,True,False,6,cap_reached,0.0,0.0,0.0,0.0,0.149,0.0,0.0,0.0
2024-09-13 19:00:00,0.0,0.0,0.0,False,True,False,6,cap_reached,0.0,0.0,0.0,0.0,0.0,0.0,0.0,0.0
2024-09-13 20:00:00,0.0,0.0,0.0,False,True,False,6,cap_reached,0.0,0.0,0.0,0.0,0.0,0.0,0.0,0.0
2024-09-13 21:00:00,0.0,0.0,0.0,False,True,False,6,cap_reached,0.0,0.0,0.0,0.0,0.0,0.0,0.0,0.0
2024-09-13 22:00:00,0.0,0.0,0.0,False,True,False,6,cap_reached,0.0,0.0,0.0,0.0,0.0,0.0,0.0,0.0
2024-09-13 23:00:00,0.0,0.0,0.0,False,True,False,6,cap_reached,0.0,0.0,0.0,0.0,0.0,0.0,0.0,0.0
2024-09-14 00:00:00,0.0,0.0,0.0,False,True,False,0,no_power,0.0,0.0,0.0,0.0,0.0,0.0,0.0,0.0
2024-09-14 01:00:00,0.0,0.0,0.0,False,True,False,0,no_power,0.0,0.0,0.0,0.0,0.0,0.0,0.0,0.0
2024-09-14 02:00:00,0.0,0.0,0.0,False,True,False,0,no_power,0.0,0.0,0.0,0.0,0.0,0.0,0.0,0.0
2024-09-14 03:00:00,0.0,0.0,0.0,False,True,False,0,no_power,0.0,0.0,0.0,0.0,0.0,0.0,0.0,0.0
2024-09-14 04:00:00,0.0,0.0,0.0,False,True,False,0,no_power,0.0,0.0,0.0,0.0,0.0,0.0,0.0,0.0
2024-09-14 05:00:00,0.0,0.0,0.0,False,True,False,0,no_power,0.0,0.0,0.0,0.0,0.0,0.0,0.0,0.0
2024-09-14 06:00:00,0.0,0.0,0.0,False,True,False,0,no_power,0.0,0.0,0.0,0.0,0.0,0.0,0.0,0.0
2024-09-14 07:00:00,0.737,0.707,172.0,True,True,False,0,no_power,0.0,0.0,0.0,0.0,0.0,0.0,0.0,0.0
2024-09-14 08:00:00,1.575,1.512,398.0,True,True,True,1,ok,1.263,0.0,1.263,0.0,0.249,0.0,0.0,0.0
2024-09-14 09:00:00,2.158,2.071,554.0,True,True,True,2,ok,1.263,0.0,1.263,0.0,0.808,0.0,0.0,0.0
2024-09-14 10:00:00,2.461,2.363,629.0,True,True,True,3,ok,1.263,0.0,1.263,0.0,1.1,0.0,0.0,0.0
2024-09-14 11:00:00,2.332,2.239,538.0,True,True,True,4,ok,1.263,0.0,1.263,0.0,0.976,0.0,0.0,0.0
2024-09-14 12:00:00,2.608,2.504,612.0,True,True,True,5,ok,1.263,0.0,1.263,0.0,1.241,0.0,0.0,0.0
2024-09-14 13:00:00,1.931,1.854,421.0,True,True,True,6,ok,1.263,0.0,1.263,0.0,0.591,0.0,0.0,0.0
2024-09-14 14:00:00,2.676,2.569,684.0,True,True,False,6,cap_reached,0.0,0.0,0.0,0.0,2.569,0.0,0.0,0.0
2024-09-14 15:00:00,0.674,0.647,141.0,True,True,False,6,cap_reached,0.0,0.0,0.0,0.0,0.647,0.0,0.0,0.0
2024-09-14 16:00:00,1.479,1.42,343.0,True,True,False,6,cap_reached,0.0,0.0,0.0,0.0,1.42,0.0,0.0,0.0
2024-09-14 17:00:00,0.695,0.667,146.0,True,True,False,6,cap_reached,0.0,0.0,0.0,0.0,0.667,0.0,0.0,0.0
2024-09-14 18:00:00,0.149,0.143,29.0,True,True,False,6,cap_reached,0.0,0.0,0.0,0.0,0.143,0.0,0.0,0.0
2024-09-14 19:00:00,0.0,0.0,0.0,False,True,False,6,cap_reached,0.0,0.0,0.0,0.0,0.0,0.0,0.0,0.0
2024-09-14 20:00:00,0.0,0.0,0.0,False,True,False,6,cap_reached,0.0,0.0,0.0,0.0,0.0,0.0,0.0,0.0
2024-09-14 21:00:00,0.0,0.0,0.0,False,True,False,6,cap_reached,0.0,0.0,0.0,0.0,0.0,0.0,0.0,0.0
2024-09-14 22:00:00,0.0,0.0,0.0,False,True,False,6,cap_reached,0.0,0.0,0.0,0.0,0.0,0.0,0.0,0.0
2024-09-14 23:00:00,0.0,0.0,0.0,False,True,False,6,cap_reached,0.0,0.0,0.0,0.0,0.0,0.0,0.0,0.0
2024-09-15 00:00:00,0.0,0.0,0.0,False,True,False,0,no_power,0.0,0.0,0.0,0.0,0.0,0.0,0.0,0.0
2024-09-15 01:00:00,0.0,0.0,0.0,False,True,False,0,no_power,0.0,0.0,0.0,0.0,0.0,0.0,0.0,0.0
2024-09-15 02:00:00,0.0,0.0,0.0,False,True,False,0,no_power,0.0,0.0,0.0,0.0,0.0,0.0,0.0,0.0
2024-09-15 03:00:00,0.0,0.0,0.0,False,True,False,0,no_power,0.0,0.0,0.0,0.0,0.0,0.0,0.0,0.0
2024-09-15 04:00:00,0.0,0.0,0.0,False,True,False,0,no_power,0.0,0.0,0.0,0.0,0.0,0.0,0.0,0.0
2024-09-15 05:00:00,0.0,0.0,0.0,False,True,False,0,no_power,0.0,0.0,0.0,0.0,0.0,0.0,0.0,0.0
2024-09-15 06:00:00,0.0,0.0,0.0,False,True,False,0,no_power,0.0,0.0,0.0,0.0,0.0,0.0,0.0,0.0
2024-09-15 07:00:00,0.726,0.697,172.0,True,True,False,0,no_power,0.0,0.0,0.0,0.0,0.0,0.0,0.0,0.0
2024-09-15 08:00:00,1.563,1.501,398.0,True,True,True,1,ok,1.263,0.0,1.263,0.0,0.238,0.0,0.0,0.0
2024-09-15 09:00:00,2.064,1.982,526.0,True,True,True,2,ok,1.263,0.0,1.263,0.0,0.719,0.0,0.0,0.0
2024-09-15 10:00:00,2.649,2.543,699.0,True,True,True,3,ok,1.263,0.0,1.263,0.0,1.28,0.0,0.0,0.0
2024-09-15 11:00:00,0.282,0.271,58.0,True,True,False,3,no_power,0.0,0.0,0.0,0.0,0.0,0.0,0.0,0.0
2024-09-15 12:00:00,2.717,2.609,658.0,True,True,True,4,ok,1.263,0.0,1.263,0.0,1.346,0.0,0.0,0.0
2024-09-15 13:00:00,1.463,1.405,312.0,True,True,True,5,ok,1.263,0.0,1.263,0.0,0.142,0.0,0.0,0.0
2024-09-15 14:00:00,2.847,2.734,707.0,True,True,True,6,ok,1.263,0.0,1.263,0.0,1.471,0.0,0.0,0.0
2024-09-15 15:00:00,2.073,1.99,508.0,True,True,False,6,cap_reached,0.0,0.0,0.0,0.0,1.99,0.0,0.0,0.0
2024-09-15 16:00:00,1.118,1.074,241.0,True,True,False,6,cap_reached,0.0,0.0,0.0,0.0,1.074,0.0,0.0,0.0
2024-09-15 17:00:00,0.611,0.586,127.0,True,True,False,6,cap_reached,0.0,0.0,0.0,0.0,0.586,0.0,0.0,0.0
2024-09-15 18:00:00,0.083,0.08,17.0,False,True,False,6,cap_reached,0.0,0.0,0.0,0.0,0.08,0.0,0.0,0.0
2024-09-15 19:00:00,0.0,0.0,0.0,False,True,False,6,cap_reached,0.0,0.0,0.0,0.0,0.0,0.0,0.0,0.0
2024-09-15 20:00:00,0.0,0.0,0.0,False,True,False,6,cap_reached,0.0,0.0,0.0,0.0,0.0,0.0,0.0,0.0
2024-09-15 21:00:00,0.0,0.0,0.0,False,True,False,6,cap_reached,0.0,0.0,0.0,0.0,0.0,0.0,0.0,0.0
2024-09-15 22:00:00,0.0,0.0,0.0,False,True,False,6,cap_reached,0.0,0.0,0.0,0.0,0.0,0.0,0.0,0.0
2024-09-15 23:00:00,0.0,0.0,0.0,False,True,False,6,cap_reached,0.0,0.0,0.0,0.0,0.0,0.0,0.0,0.0
2024-09-16 00:00:00,0.0,0.0,0.0,False,True,False,0,no_power,0.0,0.0,0.0,0.0,0.0,0.0,0.0,0.0
2024-09-16 01:00:00,0.0,0.0,0.0,False,True,False,0,no_power,0.0,0.0,0.0,0.0,0.0,0.0,0.0,0.0
2024-09-16 02:00:00,0.0,0.0,0.0,False,True,False,0,no_power,0.0,0.0,0.0,0.0,0.0,0.0,0.0,0.0
2024-09-16 03:00:00,0.0,0.0,0.0,False,True,False,0,no_power,0.0,0.0,0.0,0.0,0.0,0.0,0.0,0.0
2024-09-16 04:00:00,0.0,0.0,0.0,False,True,False,0,no_power,0.0,0.0,0.0,0.0,0.0,0.0,0.0,0.0
2024-09-16 05:00:00,0.0,0.0,0.0,False,True,False,0,no_power,0.0,0.0,0.0,0.0,0.0,0.0,0.0,0.0
2024-09-16 06:00:00,0.0,0.0,0.0,False,True,False,0,no_power,0.0,0.0,0.0,0.0,0.0,0.0,0.0,0.0
2024-09-16 07:00:00,0.662,0.636,146.0,True,True,False,0,no_power,0.0,0.0,0.0,0.0,0.0,0.0,0.0,0.0
2024-09-16 08:00:00,1.362,1.307,323.0,True,True,True,1,ok,1.263,0.0,1.263,0.0,0.044,0.0,0.0,0.0
2024-09-16 09:00:00,2.017,1.936,496.0,True,True,True,2,ok,1.263,0.0,1.263,0.0,0.673,0.0,0.0,0.0
2024-09-16 10:00:00,2.842,2.728,773.0,True,True,True,3,ok,1.263,0.0,1.263,0.0,1.465,0.0,0.0,0.0
2024-09-16 11:00:00,3.004,2.884,789.0,True,True,True,4,ok,1.263,0.0,1.263,0.0,1.621,0.0,0.0,0.0
2024-09-16 12:00:00,0.616,0.591,128.0,True,True,False,4,no_power,0.0,0.0,0.0,0.0,0.0,0.0,0.0,0.0
2024-09-16 13:00:00,0.832,0.798,174.0,True,True,False,4,no_power,0.0,0.0,0.0,0.0,0.0,0.0,0.0,0.0
2024-09-16 14:00:00,1.803,1.731,397.0,True,True,True,5,ok,1.263,0.0,1.263,0.0,0.468,0.0,0.0,0.0
2024-09-16 15:00:00,0.993,0.953,209.0,True,True,False,5,no_power,0.0,0.0,0.0,0.0,0.0,0.0,0.0,0.0
2024-09-16 16:00:00,1.117,1.072,242.0,True,True,False,5,no_power,0.0,0.0,0.0,0.0,0.0,0.0,0.0,0.0
2024-09-16 17:00:00,0.896,0.86,220.0,True,True,False,5,no_power,0.0,0.0,0.0,0.0,0.0,0.0,0.0,0.0
2024-09-16 18:00:00,0.039,0.038,8.0,False,True,False,5,no_power,0.0,0.0,0.0,0.0,0.0,0.0,0.0,0.0
2024-09-16 19:00:00,0.0,0.0,0.0,False,True,False,5,no_power,0.0,0.0,0.0,0.0,0.0,0.0,0.0,0.0
2024-09-16 20:00:00,0.0,0.0,0.0,False,True,False,5,no_power,0.0,0.0,0.0,0.0,0.0,0.0,0.0,0.0
2024-09-16 21:00:00,0.0,0.0,0.0,False,True,False,5,no_power,0.0,0.0,0.0,0.0,0.0,0.0,0.0,0.0
2024-09-16 22:00:00,0.0,0.0,0.0,False,True,False,5,no_power,0.0,0.0,0.0,0.0,0.0,0.0,0.0,0.0
2024-09-16 23:00:00,0.0,0.0,0.0,False,True,False,5,no_power,0.0,0.0,0.0,0.0,0.0,0.0,0.0,0.0
2024-09-17 00:00:00,0.0,0.0,0.0,False,True,False,0,no_power,0.0,0.0,0.0,0.0,0.0,0.0,0.0,0.0
2024-09-17 01:00:00,0.0,0.0,0.0,False,True,False,0,no_power,0.0,0.0,0.0,0.0,0.0,0.0,0.0,0.0
2024-09-17 02:00:00,0.0,0.0,0.0,False,True,False,0,no_power,0.0,0.0,0.0,0.0,0.0,0.0,0.0,0.0
2024-09-17 03:00:00,0.0,0.0,0.0,False,True,False,0,no_power,0.0,0.0,0.0,0.0,0.0,0.0,0.0,0.0
2024-09-17 04:00:00,0.0,0.0,0.0,False,True,False,0,no_power,0.0,0.0,0.0,0.0,0.0,0.0,0.0,0.0
2024-09-17 05:00:00,0.0,0.0,0.0,False,True,False,0,no_power,0.0,0.0,0.0,0.0,0.0,0.0,0.0,0.0
2024-09-17 06:00:00,0.0,0.0,0.0,False,True,False,0,no_power,0.0,0.0,0.0,0.0,0.0,0.0,0.0,0.0
2024-09-17 07:00:00,0.687,0.66,154.0,True,True,False,0,no_power,0.0,0.0,0.0,0.0,0.0,0.0,0.0,0.0
2024-09-17 08:00:00,1.372,1.317,328.0,True,True,True,1,ok,1.263,0.0,1.263,0.0,0.054,0.0,0.0,0.0
2024-09-17 09:00:00,1.123,1.078,238.0,True,True,False,1,no_power,0.0,0.0,0.0,0.0,0.0,0.0,0.0,0.0
2024-09-17 10:00:00,0.122,0.118,25.0,True,True,False,1,no_power,0.0,0.0,0.0,0.0,0.0,0.0,0.0,0.0
2024-09-17 11:00:00,0.171,0.164,35.0,True,True,False,1,no_power,0.0,0.0,0.0,0.0,0.0,0.0,0.0,0.0
2024-09-17 12:00:00,0.225,0.216,46.0,True,True,False,1,no_power,0.0,0.0,0.0,0.0,0.0,0.0,0.0,0.0
2024-09-17 13:00:00,0.215,0.207,44.0,True,True,False,1,no_power,0.0,0.0,0.0,0.0,0.0,0.0,0.0,0.0
2024-09-17 14:00:00,0.424,0.407,87.0,True,True,False,1,no_power,0.0,0.0,0.0,0.0,0.0,0.0,0.0,0.0
2024-09-17 15:00:00,0.176,0.169,36.0,True,True,False,1,no_power,0.0,0.0,0.0,0.0,0.0,0.0,0.0,0.0
2024-09-17 16:00:00,1.512,1.452,336.0,True,True,True,2,ok,1.263,0.0,1.263,0.0,0.189,0.0,0.0,0.0
2024-09-17 17:00:00,0.864,0.829,207.0,True,True,False,2,no_power,0.0,0.0,0.0,0.0,0.0,0.0,0.0,0.0
2024-09-17 18:00:00,0.104,0.1,21.0,True,True,False,2,no_power,0.0,0.0,0.0,0.0,0.0,0.0,0.0,0.0
2024-09-17 19:00:00,0.0,0.0,0.0,False,True,False,2,no_power,0.0,0.0,0.0,0.0,0.0,0.0,0.0,0.0
2024-09-17 20:00:00,0.0,0.0,0.0,False,True,False,2,no_power,0.0,0.0,0.0,0.0,0.0,0.0,0.0,0.0
2024-09-17 21:00:00,0.0,0.0,0.0,False,True,False,2,no_power,0.0,0.0,0.0,0.0,0.0,0.0,0.0,0.0
2024-09-17 22:00:00,0.0,0.0,0.0,False,True,False,2,no_power,0.0,0.0,0.0,0.0,0.0,0.0,0.0,0.0
2024-09-17 23:00:00,0.0,0.0,0.0,False,True,False,2,no_power,0.0,0.0,0.0,0.0,0.0,0.0,0.0,0.0
2024-09-18 00:00:00,0.0,0.0,0.0,False,True,False,0,no_power,0.0,0.0,0.0,0.0,0.0,0.0,0.0,0.0
2024-09-18 01:00:00,0.0,0.0,0.0,False,True,False,0,no_power,0.0,0.0,0.0,0.0,0.0,0.0,0.0,0.0
2024-09-18 02:00:00,0.0,0.0,0.0,False,True,False,0,no_power,0.0,0.0,0.0,0.0,0.0,0.0,0.0,0.0
2024-09-18 03:00:00,0.0,0.0,0.0,False,True,False,0,no_power,0.0,0.0,0.0,0.0,0.0,0.0,0.0,0.0
2024-09-18 04:00:00,0.0,0.0,0.0,False,True,False,0,no_power,0.0,0.0,0.0,0.0,0.0,0.0,0.0,0.0
2024-09-18 05:00:00,0.0,0.0,0.0,False,True,False,0,no_power,0.0,0.0,0.0,0.0,0.0,0.0,0.0,0.0
2024-09-18 06:00:00,0.0,0.0,0.0,False,True,False,0,no_power,0.0,0.0,0.0,0.0,0.0,0.0,0.0,0.0
2024-09-18 07:00:00,0.675,0.648,150.0,True,True,False,0,no_power,0.0,0.0,0.0,0.0,0.0,0.0,0.0,0.0
2024-09-18 08:00:00,1.106,1.062,240.0,True,True,False,0,no_power,0.0,0.0,0.0,0.0,0.0,0.0,0.0,0.0
2024-09-18 09:00:00,1.553,1.491,343.0,True,True,True,1,ok,1.263,0.0,1.263,0.0,0.228,0.0,0.0,0.0
2024-09-18 10:00:00,1.833,1.76,405.0,True,True,True,2,ok,1.263,0.0,1.263,0.0,0.497,0.0,0.0,0.0
2024-09-18 11:00:00,2.688,2.581,657.0,True,True,True,3,ok,1.263,0.0,1.263,0.0,1.318,0.0,0.0,0.0
2024-09-18 12:00:00,2.734,2.625,667.0,True,True,True,4,ok,1.263,0.0,1.263,0.0,1.362,0.0,0.0,0.0
2024-09-18 13:00:00,2.483,2.384,591.0,True,True,True,5,ok,1.263,0.0,1.263,0.0,1.121,0.0,0.0,0.0
2024-09-18 14:00:00,2.377,2.282,579.0,True,True,True,6,ok,1.263,0.0,1.263,0.0,1.019,0.0,0.0,0.0
2024-09-18 15:00:00,1.938,1.86,439.0,True,True,False,6,cap_reached,0.0,0.0,0.0,0.0,1.86,0.0,0.0,0.0
2024-09-18 16:00:00,0.287,0.276,59.0,True,True,False,6,cap_reached,0.0,0.0,0.0,0.0,0.276,0.0,0.0,0.0
2024-09-18 17:00:00,0.127,0.122,26.0,True,True,False,6,cap_reached,0.0,0.0,0.0,0.0,0.122,0.0,0.0,0.0
2024-09-18 18:00:00,0.074,0.071,15.0,False,True,False,6,cap_reached,0.0,0.0,0.0,0.0,0.071,0.0,0.0,0.0
2024-09-18 19:00:00,0.0,0.0,0.0,False,True,False,6,cap_reached,0.0,0.0,0.0,0.0,0.0,0.0,0.0,0.0
2024-09-18 20:00:00,0.0,0.0,0.0,False,True,False,6,cap_reached,0.0,0.0,0.0,0.0,0.0,0.0,0.0,0.0
2024-09-18 21:00:00,0.0,0.0,0.0,False,True,False,6,cap_reached,0.0,0.0,0.0,0.0,0.0,0.0,0.0,0.0
2024-09-18 22:00:00,0.0,0.0,0.0,False,True,False,6,cap_reached,0.0,0.0,0.0,0.0,0.0,0.0,0.0,0.0
2024-09-18 23:00:00,0.0,0.0,0.0,False,True,False,6,cap_reached,0.0,0.0,0.0,0.0,0.0,0.0,0.0,0.0
2024-09-19 00:00:00,0.0,0.0,0.0,False,True,False,0,no_power,0.0,0.0,0.0,0.0,0.0,0.0,0.0,0.0
2024-09-19 01:00:00,0.0,0.0,0.0,False,True,False,0,no_power,0.0,0.0,0.0,0.0,0.0,0.0,0.0,0.0
2024-09-19 02:00:00,0.0,0.0,0.0,False,True,False,0,no_power,0.0,0.0,0.0,0.0,0.0,0.0,0.0,0.0
2024-09-19 03:00:00,0.0,0.0,0.0,False,True,False,0,no_power,0.0,0.0,0.0,0.0,0.0,0.0,0.0,0.0
2024-09-19 04:00:00,0.0,0.0,0.0,False,True,False,0,no_power,0.0,0.0,0.0,0.0,0.0,0.0,0.0,0.0
2024-09-19 05:00:00,0.0,0.0,0.0,False,True,False,0,no_power,0.0,0.0,0.0,0.0,0.0,0.0,0.0,0.0
2024-09-19 06:00:00,0.0,0.0,0.0,False,True,False,0,no_power,0.0,0.0,0.0,0.0,0.0,0.0,0.0,0.0
2024-09-19 07:00:00,0.543,0.521,112.0,True,True,False,0,no_power,0.0,0.0,0.0,0.0,0.0,0.0,0.0,0.0
2024-09-19 08:00:00,1.508,1.447,391.0,True,True,True,1,ok,1.263,0.0,1.263,0.0,0.184,0.0,0.0,0.0
2024-09-19 09:00:00,2.248,2.158,602.0,True,True,True,2,ok,1.263,0.0,1.263,0.0,0.895,0.0,0.0,0.0
2024-09-19 10:00:00,2.82,2.707,773.0,True,True,True,3,ok,1.263,0.0,1.263,0.0,1.444,0.0,0.0,0.0
2024-09-19 11:00:00,1.744,1.674,371.0,True,True,True,4,ok,1.263,0.0,1.263,0.0,0.411,0.0,0.0,0.0
2024-09-19 12:00:00,0.917,0.88,191.0,True,True,False,4,no_power,0.0,0.0,0.0,0.0,0.0,0.0,0.0,0.0
2024-09-19 13:00:00,1.543,1.481,327.0,True,True,True,5,ok,1.263,0.0,1.263,0.0,0.218,0.0,0.0,0.0
2024-09-19 14:00:00,1.475,1.416,315.0,True,True,True,6,ok,1.263,0.0,1.263,0.0,0.153,0.0,0.0,0.0
2024-09-19 15:00:00,1.423,1.367,304.0,True,True,False,6,cap_reached,0.0,0.0,0.0,0.0,1.367,0.0,0.0,0.0
2024-09-19 16:00:00,1.466,1.407,353.0,True,True,False,6,cap_reached,0.0,0.0,0.0,0.0,1.407,0.0,0.0,0.0
2024-09-19 17:00:00,0.833,0.799,207.0,True,True,False,6,cap_reached,0.0,0.0,0.0,0.0,0.799,0.0,0.0,0.0
2024-09-19 18:00:00,0.087,0.084,18.0,False,True,False,6,cap_reached,0.0,0.0,0.0,0.0,0.084,0.0,0.0,0.0
2024-09-19 19:00:00,0.0,0.0,0.0,False,True,False,6,cap_reached,0.0,0.0,0.0,0.0,0.0,0.0,0.0,0.0
2024-09-19 20:00:00,0.0,0.0,0.0,False,True,False,6,cap_reached,0.0,0.0,0.0,0.0,0.0,0.0,0.0,0.0
2024-09-19 21:00:00,0.0,0.0,0.0,False,True,False,6,cap_reached,0.0,0.0,0.0,0.0,0.0,0.0,0.0,0.0
2024-09-19 22:00:00,0.0,0.0,0.0,False,True,False,6,cap_reached,0.0,0.0,0.0,0.0,0.0,0.0,0.0,0.0
2024-09-19 23:00:00,0.0,0.0,0.0,False,True,False,6,cap_reached,0.0,0.0,0.0,0.0,0.0,0.0,0.0,0.0
2024-09-20 00:00:00,0.0,0.0,0.0,False,True,False,0,no_power,0.0,0.0,0.0,0.0,0.0,0.0,0.0,0.0
2024-09-20 01:00:00,0.0,0.0,0.0,False,True,False,0,no_power,0.0,0.0,0.0,0.0,0.0,0.0,0.0,0.0
2024-09-20 02:00:00,0.0,0.0,0.0,False,True,False,0,no_power,0.0,0.0,0.0,0.0,0.0,0.0,0.0,0.0
2024-09-20 03:00:00,0.0,0.0,0.0,False,True,False,0,no_power,0.0,0.0,0.0,0.0,0.0,0.0,0.0,0.0
2024-09-20 04:00:00,0.0,0.0,0.0,False,True,False,0,no_power,0.0,0.0,0.0,0.0,0.0,0.0,0.0,0.0
2024-09-20 05:00:00,0.0,0.0,0.0,False,True,False,0,no_power,0.0,0.0,0.0,0.0,0.0,0.0,0.0,0.0
2024-09-20 06:00:00,0.0,0.0,0.0,False,True,False,0,no_power,0.0,0.0,0.0,0.0,0.0,0.0,0.0,0.0
2024-09-20 07:00:00,0.663,0.636,152.0,True,True,False,0,no_power,0.0,0.0,0.0,0.0,0.0,0.0,0.0,0.0
2024-09-20 08:00:00,1.504,1.444,395.0,True,True,True,1,ok,1.263,0.0,1.263,0.0,0.181,0.0,0.0,0.0
2024-09-20 09:00:00,2.245,2.155,606.0,True,True,True,2,ok,1.263,0.0,1.263,0.0,0.892,0.0,0.0,0.0
2024-09-20 10:00:00,2.814,2.702,776.0,True,True,True,3,ok,1.263,0.0,1.263,0.0,1.439,0.0,0.0,0.0
2024-09-20 11:00:00,2.049,1.967,447.0,True,True,True,4,ok,1.263,0.0,1.263,0.0,0.704,0.0,0.0,0.0
2024-09-20 12:00:00,2.634,2.529,638.0,True,True,True,5,ok,1.263,0.0,1.263,0.0,1.266,0.0,0.0,0.0
2024-09-20 13:00:00,2.8,2.688,708.0,True,True,True,6,ok,1.263,0.0,1.263,0.0,1.425,0.0,0.0,0.0
2024-09-20 14:00:00,2.757,2.647,684.0,True,True,False,6,cap_reached,0.0,0.0,0.0,0.0,2.647,0.0,0.0,0.0
2024-09-20 15:00:00,0.552,0.53,114.0,True,True,False,6,cap_reached,0.0,0.0,0.0,0.0,0.53,0.0,0.0,0.0
2024-09-20 16:00:00,1.48,1.42,356.0,True,True,False,6,cap_reached,0.0,0.0,0.0,0.0,1.42,0.0,0.0,0.0
2024-09-20 17:00:00,0.816,0.783,206.0,True,True,False,6,cap_reached,0.0,0.0,0.0,0.0,0.783,0.0,0.0,0.0
2024-09-20 18:00:00,0.079,0.076,17.0,False,True,False,6,cap_reached,0.0,0.0,0.0,0.0,0.076,0.0,0.0,0.0
2024-09-20 19:00:00,0.0,0.0,0.0,False,True,False,6,cap_reached,0.0,0.0,0.0,0.0,0.0,0.0,0.0,0.0
2024-09-20 20:00:00,0.0,0.0,0.0,False,True,False,6,cap_reached,0.0,0.0,0.0,0.0,0.0,0.0,0.0,0.0
2024-09-20 21:00:00,0.0,0.0,0.0,False,True,False,6,cap_reached,0.0,0.0,0.0,0.0,0.0,0.0,0.0,0.0
2024-09-20 22:00:00,0.0,0.0,0.0,False,True,False,6,cap_reached,0.0,0.0,0.0,0.0,0.0,0.0,0.0,0.0
2024-09-20 23:00:00,0.0,0.0,0.0,False,True,False,6,cap_reached,0.0,0.0,0.0,0.0,0.0,0.0,0.0,0.0
2024-09-21 00:00:00,0.0,0.0,0.0,False,True,False,0,no_power,0.0,0.0,0.0,0.0,0.0,0.0,0.0,0.0
2024-09-21 01:00:00,0.0,0.0,0.0,False,True,False,0,no_power,0.0,0.0,0.0,0.0,0.0,0.0,0.0,0.0
2024-09-21 02:00:00,0.0,0.0,0.0,False,True,False,0,no_power,0.0,0.0,0.0,0.0,0.0,0.0,0.0,0.0
2024-09-21 03:00:00,0.0,0.0,0.0,False,True,False,0,no_power,0.0,0.0,0.0,0.0,0.0,0.0,0.0,0.0
2024-09-21 04:00:00,0.0,0.0,0.0,False,True,False,0,no_power,0.0,0.0,0.0,0.0,0.0,0.0,0.0,0.0
2024-09-21 05:00:00,0.0,0.0,0.0,False,True,False,0,no_power,0.0,0.0,0.0,0.0,0.0,0.0,0.0,0.0
2024-09-21 06:00:00,0.0,0.0,0.0,False,True,False,0,no_power,0.0,0.0,0.0,0.0,0.0,0.0,0.0,0.0
2024-09-21 07:00:00,0.659,0.633,166.0,True,True,False,0,no_power,0.0,0.0,0.0,0.0,0.0,0.0,0.0,0.0
2024-09-21 08:00:00,1.487,1.428,394.0,True,True,True,1,ok,1.263,0.0,1.263,0.0,0.165,0.0,0.0,0.0
2024-09-21 09:00:00,2.224,2.136,607.0,True,True,True,2,ok,1.263,0.0,1.263,0.0,0.873,0.0,0.0,0.0
2024-09-21 10:00:00,2.791,2.679,778.0,True,True,True,3,ok,1.263,0.0,1.263,0.0,1.416,0.0,0.0,0.0
2024-09-21 11:00:00,2.324,2.231,528.0,True,True,True,4,ok,1.263,0.0,1.263,0.0,0.968,0.0,0.0,0.0
2024-09-21 12:00:00,1.665,1.598,354.0,True,True,True,5,ok,1.263,0.0,1.263,0.0,0.335,0.0,0.0,0.0
2024-09-21 13:00:00,2.585,2.482,643.0,True,True,True,6,ok,1.263,0.0,1.263,0.0,1.219,0.0,0.0,0.0
2024-09-21 14:00:00,0.108,0.103,22.0,True,True,False,6,cap_reached,0.0,0.0,0.0,0.0,0.103,0.0,0.0,0.0
2024-09-21 15:00:00,2.321,2.228,636.0,True,True,False,6,cap_reached,0.0,0.0,0.0,0.0,2.228,0.0,0.0,0.0
2024-09-21 16:00:00,1.609,1.545,431.0,True,True,False,6,cap_reached,0.0,0.0,0.0,0.0,1.545,0.0,0.0,0.0
2024-09-21 17:00:00,0.791,0.759,203.0,True,True,False,6,cap_reached,0.0,0.0,0.0,0.0,0.759,0.0,0.0,0.0
2024-09-21 18:00:00,0.067,0.064,15.0,False,True,False,6,cap_reached,0.0,0.0,0.0,0.0,0.064,0.0,0.0,0.0
2024-09-21 19:00:00,0.0,0.0,0.0,False,True,False,6,cap_reached,0.0,0.0,0.0,0.0,0.0,0.0,0.0,0.0
2024-09-21 20:00:00,0.0,0.0,0.0,False,True,False,6,cap_reached,0.0,0.0,0.0,0.0,0.0,0.0,0.0,0.0
2024-09-21 21:00:00,0.0,0.0,0.0,False,True,False,6,cap_reached,0.0,0.0,0.0,0.0,0.0,0.0,0.0,0.0
2024-09-21 22:00:00,0.0,0.0,0.0,False,True,False,6,cap_reached,0.0,0.0,0.0,0.0,0.0,0.0,0.0,0.0
2024-09-21 23:00:00,0.0,0.0,0.0,False,True,False,6,cap_reached,0.0,0.0,0.0,0.0,0.0,0.0,0.0,0.0
2024-09-22 00:00:00,0.0,0.0,0.0,False,True,False,0,no_power,0.0,0.0,0.0,0.0,0.0,0.0,0.0,0.0
2024-09-22 01:00:00,0.0,0.0,0.0,False,True,False,0,no_power,0.0,0.0,0.0,0.0,0.0,0.0,0.0,0.0
2024-09-22 02:00:00,0.0,0.0,0.0,False,True,False,0,no_power,0.0,0.0,0.0,0.0,0.0,0.0,0.0,0.0
2024-09-22 03:00:00,0.0,0.0,0.0,False,True,False,0,no_power,0.0,0.0,0.0,0.0,0.0,0.0,0.0,0.0
2024-09-22 04:00:00,0.0,0.0,0.0,False,True,False,0,no_power,0.0,0.0,0.0,0.0,0.0,0.0,0.0,0.0
2024-09-22 05:00:00,0.0,0.0,0.0,False,True,False,0,no_power,0.0,0.0,0.0,0.0,0.0,0.0,0.0,0.0
2024-09-22 06:00:00,0.0,0.0,0.0,False,True,False,0,no_power,0.0,0.0,0.0,0.0,0.0,0.0,0.0,0.0
2024-09-22 07:00:00,0.646,0.62,166.0,True,True,False,0,no_power,0.0,0.0,0.0,0.0,0.0,0.0,0.0,0.0
2024-09-22 08:00:00,1.476,1.417,394.0,True,True,True,1,ok,1.263,0.0,1.263,0.0,0.154,0.0,0.0,0.0
2024-09-22 09:00:00,2.211,2.122,606.0,True,True,True,2,ok,1.263,0.0,1.263,0.0,0.859,0.0,0.0,0.0
2024-09-22 10:00:00,2.779,2.667,774.0,True,True,True,3,ok,1.263,0.0,1.263,0.0,1.404,0.0,0.0,0.0
2024-09-22 11:00:00,1.768,1.697,377.0,True,True,True,4,ok,1.263,0.0,1.263,0.0,0.434,0.0,0.0,0.0
2024-09-22 12:00:00,0.767,0.736,159.0,True,True,False,4,no_power,0.0,0.0,0.0,0.0,0.0,0.0,0.0,0.0
2024-09-22 13:00:00,3.172,3.045,895.0,True,True,True,5,ok,1.263,0.0,1.263,0.0,1.782,0.0,0.0,0.0
2024-09-22 14:00:00,2.567,2.465,613.0,True,True,True,6,ok,1.263,0.0,1.263,0.0,1.202,0.0,0.0,0.0
2024-09-22 15:00:00,2.296,2.204,633.0,True,True,False,6,cap_reached,0.0,0.0,0.0,0.0,2.204,0.0,0.0,0.0
2024-09-22 16:00:00,1.585,1.521,426.0,True,True,False,6,cap_reached,0.0,0.0,0.0,0.0,1.521,0.0,0.0,0.0
2024-09-22 17:00:00,0.768,0.738,198.0,True,True,False,6,cap_reached,0.0,0.0,0.0,0.0,0.738,0.0,0.0,0.0
2024-09-22 18:00:00,0.06,0.058,13.0,False,True,False,6,cap_reached,0.0,0.0,0.0,0.0,0.058,0.0,0.0,0.0
2024-09-22 19:00:00,0.0,0.0,0.0,False,True,False,6,cap_reached,0.0,0.0,0.0,0.0,0.0,0.0,0.0,0.0
2024-09-22 20:00:00,0.0,0.0,0.0,False,True,False,6,cap_reached,0.0,0.0,0.0,0.0,0.0,0.0,0.0,0.0
2024-09-22 21:00:00,0.0,0.0,0.0,False,True,False,6,cap_reached,0.0,0.0,0.0,0.0,0.0,0.0,0.0,0.0
2024-09-22 22:00:00,0.0,0.0,0.0,False,True,False,6,cap_reached,0.0,0.0,0.0,0.0,0.0,0.0,0.0,0.0
2024-09-22 23:00:00,0.0,0.0,0.0,False,True,False,6,cap_reached,0.0,0.0,0.0,0.0,0.0,0.0,0.0,0.0
2024-09-23 00:00:00,0.0,0.0,0.0,False,True,False,0,no_power,0.0,0.0,0.0,0.0,0.0,0.0,0.0,0.0
2024-09-23 01:00:00,0.0,0.0,0.0,False,True,False,0,no_power,0.0,0.0,0.0,0.0,0.0,0.0,0.0,0.0
2024-09-23 02:00:00,0.0,0.0,0.0,False,True,False,0,no_power,0.0,0.0,0.0,0.0,0.0,0.0,0.0,0.0
2024-09-23 03:00:00,0.0,0.0,0.0,False,True,False,0,no_power,0.0,0.0,0.0,0.0,0.0,0.0,0.0,0.0
2024-09-23 04:00:00,0.0,0.0,0.0,False,True,False,0,no_power,0.0,0.0,0.0,0.0,0.0,0.0,0.0,0.0
2024-09-23 05:00:00,0.0,0.0,0.0,False,True,False,0,no_power,0.0,0.0,0.0,0.0,0.0,0.0,0.0,0.0
2024-09-23 06:00:00,0.0,0.0,0.0,False,True,False,0,no_power,0.0,0.0,0.0,0.0,0.0,0.0,0.0,0.0
2024-09-23 07:00:00,0.64,0.614,166.0,True,True,False,0,no_power,0.0,0.0,0.0,0.0,0.0,0.0,0.0,0.0
2024-09-23 08:00:00,1.466,1.407,394.0,True,True,True,1,ok,1.263,0.0,1.263,0.0,0.144,0.0,0.0,0.0
2024-09-23 09:00:00,2.199,2.111,606.0,True,True,True,2,ok,1.263,0.0,1.263,0.0,0.848,0.0,0.0,0.0
2024-09-23 10:00:00,2.763,2.652,775.0,True,True,True,3,ok,1.263,0.0,1.263,0.0,1.389,0.0,0.0,0.0
2024-09-23 11:00:00,3.125,3.0,886.0,True,True,True,4,ok,1.263,0.0,1.263,0.0,1.737,0.0,0.0,0.0
2024-09-23 12:00:00,3.254,3.124,926.0,True,True,True,5,ok,1.263,0.0,1.263,0.0,1.861,0.0,0.0,0.0
2024-09-23 13:00:00,3.152,3.026,893.0,True,True,True,6,ok,1.263,0.0,1.263,0.0,1.763,0.0,0.0,0.0
2024-09-23 14:00:00,2.81,2.697,791.0,True,True,False,6,cap_reached,0.0,0.0,0.0,0.0,2.697,0.0,0.0,0.0
2024-09-23 15:00:00,2.264,2.174,628.0,True,True,False,6,cap_reached,0.0,0.0,0.0,0.0,2.174,0.0,0.0,0.0
2024-09-23 16:00:00,1.554,1.492,421.0,True,True,False,6,cap_reached,0.0,0.0,0.0,0.0,1.492,0.0,0.0,0.0
2024-09-23 17:00:00,0.739,0.71,193.0,True,True,False,6,cap_reached,0.0,0.0,0.0,0.0,0.71,0.0,0.0,0.0
2024-09-23 18:00:00,0.051,0.049,12.0,False,True,False,6,cap_reached,0.0,0.0,0.0,0.0,0.049,0.0,0.0,0.0
2024-09-23 19:00:00,0.0,0.0,0.0,False,True,False,6,cap_reached,0.0,0.0,0.0,0.0,0.0,0.0,0.0,0.0
2024-09-23 20:00:00,0.0,0.0,0.0,False,True,False,6,cap_reached,0.0,0.0,0.0,0.0,0.0,0.0,0.0,0.0
2024-09-23 21:00:00,0.0,0.0,0.0,False,True,False,6,cap_reached,0.0,0.0,0.0,0.0,0.0,0.0,0.0,0.0
2024-09-23 22:00:00,0.0,0.0,0.0,False,True,False,6,cap_reached,0.0,0.0,0.0,0.0,0.0,0.0,0.0,0.0
2024-09-23 23:00:00,0.0,0.0,0.0,False,True,False,6,cap_reached,0.0,0.0,0.0,0.0,0.0,0.0,0.0,0.0
2024-09-24 00:00:00,0.0,0.0,0.0,False,True,False,0,no_power,0.0,0.0,0.0,0.0,0.0,0.0,0.0,0.0
2024-09-24 01:00:00,0.0,0.0,0.0,False,True,False,0,no_power,0.0,0.0,0.0,0.0,0.0,0.0,0.0,0.0
2024-09-24 02:00:00,0.0,0.0,0.0,False,True,False,0,no_power,0.0,0.0,0.0,0.0,0.0,0.0,0.0,0.0
2024-09-24 03:00:00,0.0,0.0,0.0,False,True,False,0,no_power,0.0,0.0,0.0,0.0,0.0,0.0,0.0,0.0
2024-09-24 04:00:00,0.0,0.0,0.0,False,True,False,0,no_power,0.0,0.0,0.0,0.0,0.0,0.0,0.0,0.0
2024-09-24 05:00:00,0.0,0.0,0.0,False,True,False,0,no_power,0.0,0.0,0.0,0.0,0.0,0.0,0.0,0.0
2024-09-24 06:00:00,0.0,0.0,0.0,False,True,False,0,no_power,0.0,0.0,0.0,0.0,0.0,0.0,0.0,0.0
2024-09-24 07:00:00,0.505,0.485,105.0,True,True,False,0,no_power,0.0,0.0,0.0,0.0,0.0,0.0,0.0,0.0
2024-09-24 08:00:00,1.434,1.376,388.0,True,True,True,1,ok,1.263,0.0,1.263,0.0,0.113,0.0,0.0,0.0
2024-09-24 09:00:00,2.167,2.08,600.0,True,True,True,2,ok,1.263,0.0,1.263,0.0,0.817,0.0,0.0,0.0
2024-09-24 10:00:00,2.728,2.619,770.0,True,True,True,3,ok,1.263,0.0,1.263,0.0,1.356,0.0,0.0,0.0
2024-09-24 11:00:00,3.085,2.962,877.0,True,True,True,4,ok,1.263,0.0,1.263,0.0,1.699,0.0,0.0,0.0
2024-09-24 12:00:00,1.179,1.132,249.0,True,True,False,4,no_power,0.0,0.0,0.0,0.0,0.0,0.0,0.0,0.0
2024-09-24 13:00:00,3.107,2.982,885.0,True,True,True,5,ok,1.263,0.0,1.263,0.0,1.719,0.0,0.0,0.0
2024-09-24 14:00:00,2.23,2.141,543.0,True,True,True,6,ok,1.263,0.0,1.263,0.0,0.878,0.0,0.0,0.0
2024-09-24 15:00:00,0.566,0.544,118.0,True,True,False,6,cap_reached,0.0,0.0,0.0,0.0,0.544,0.0,0.0,0.0
2024-09-24 16:00:00,0.18,0.173,37.0,True,True,False,6,cap_reached,0.0,0.0,0.0,0.0,0.173,0.0,0.0,0.0
2024-09-24 17:00:00,0.274,0.263,57.0,True,True,False,6,cap_reached,0.0,0.0,0.0,0.0,0.263,0.0,0.0,0.0
2024-09-24 18:00:00,0.0,0.0,0.0,False,True,False,6,cap_reached,0.0,0.0,0.0,0.0,0.0,0.0,0.0,0.0
2024-09-24 19:00:00,0.0,0.0,0.0,False,True,False,6,cap_reached,0.0,0.0,0.0,0.0,0.0,0.0,0.0,0.0
2024-09-24 20:00:00,0.0,0.0,0.0,False,True,False,6,cap_reached,0.0,0.0,0.0,0.0,0.0,0.0,0.0,0.0
2024-09-24 21:00:00,0.0,0.0,0.0,False,True,False,6,cap_reached,0.0,0.0,0.0,0.0,0.0,0.0,0.0,0.0
2024-09-24 22:00:00,0.0,0.0,0.0,False,True,False,6,cap_reached,0.0,0.0,0.0,0.0,0.0,0.0,0.0,0.0
2024-09-24 23:00:00,0.0,0.0,0.0,False,True,False,6,cap_reached,0.0,0.0,0.0,0.0,0.0,0.0,0.0,0.0
2024-09-25 00:00:00,0.0,0.0,0.0,False,True,False,0,no_power,0.0,0.0,0.0,0.0,0.0,0.0,0.0,0.0
2024-09-25 01:00:00,0.0,0.0,0.0,False,True,False,0,no_power,0.0,0.0,0.0,0.0,0.0,0.0,0.0,0.0
2024-09-25 02:00:00,0.0,0.0,0.0,False,True,False,0,no_power,0.0,0.0,0.0,0.0,0.0,0.0,0.0,0.0
2024-09-25 03:00:00,0.0,0.0,0.0,False,True,False,0,no_power,0.0,0.0,0.0,0.0,0.0,0.0,0.0,0.0
2024-09-25 04:00:00,0.0,0.0,0.0,False,True,False,0,no_power,0.0,0.0,0.0,0.0,0.0,0.0,0.0,0.0
2024-09-25 05:00:00,0.0,0.0,0.0,False,True,False,0,no_power,0.0,0.0,0.0,0.0,0.0,0.0,0.0,0.0
2024-09-25 06:00:00,0.0,0.0,0.0,False,True,False,0,no_power,0.0,0.0,0.0,0.0,0.0,0.0,0.0,0.0
2024-09-25 07:00:00,0.605,0.581,136.0,True,True,False,0,no_power,0.0,0.0,0.0,0.0,0.0,0.0,0.0,0.0
2024-09-25 08:00:00,1.281,1.23,287.0,True,True,False,0,no_power,0.0,0.0,0.0,0.0,0.0,0.0,0.0,0.0
2024-09-25 09:00:00,2.126,2.041,528.0,True,True,True,1,ok,1.263,0.0,1.263,0.0,0.778,0.0,0.0,0.0
2024-09-25 10:00:00,2.091,2.008,487.0,True,True,True,2,ok,1.263,0.0,1.263,0.0,0.745,0.0,0.0,0.0
2024-09-25 11:00:00,2.841,2.728,692.0,True,True,True,3,ok,1.263,0.0,1.263,0.0,1.465,0.0,0.0,0.0
2024-09-25 12:00:00,2.851,2.737,738.0,True,True,True,4,ok,1.263,0.0,1.263,0.0,1.474,0.0,0.0,0.0
2024-09-25 13:00:00,2.727,2.618,710.0,True,True,True,5,ok,1.263,0.0,1.263,0.0,1.355,0.0,0.0,0.0
2024-09-25 14:00:00,2.152,2.066,486.0,True,True,True,6,ok,1.263,0.0,1.263,0.0,0.803,0.0,0.0,0.0
2024-09-25 15:00:00,1.282,1.231,276.0,True,True,False,6,cap_reached,0.0,0.0,0.0,0.0,1.231,0.0,0.0,0.0
2024-09-25 16:00:00,1.242,1.193,278.0,True,True,False,6,cap_reached,0.0,0.0,0.0,0.0,1.193,0.0,0.0,0.0
2024-09-25 17:00:00,0.633,0.608,136.0,True,True,False,6,cap_reached,0.0,0.0,0.0,0.0,0.608,0.0,0.0,0.0
2024-09-25 18:00:00,0.0,0.0,0.0,False,True,False,6,cap_reached,0.0,0.0,0.0,0.0,0.0,0.0,0.0,0.0
2024-09-25 19:00:00,0.0,0.0,0.0,False,True,False,6,cap_reached,0.0,0.0,0.0,0.0,0.0,0.0,0.0,0.0
2024-09-25 20:00:00,0.0,0.0,0.0,False,True,False,6,cap_reached,0.0,0.0,0.0,0.0,0.0,0.0,0.0,0.0
2024-09-25 21:00:00,0.0,0.0,0.0,False,True,False,6,cap_reached,0.0,0.0,0.0,0.0,0.0,0.0,0.0,0.0
2024-09-25 22:00:00,0.0,0.0,0.0,False,True,False,6,cap_reached,0.0,0.0,0.0,0.0,0.0,0.0,0.0,0.0
2024-09-25 23:00:00,0.0,0.0,0.0,False,True,False,6,cap_reached,0.0,0.0,0.0,0.0,0.0,0.0,0.0,0.0
2024-09-26 00:00:00,0.0,0.0,0.0,False,True,False,0,no_power,0.0,0.0,0.0,0.0,0.0,0.0,0.0,0.0
2024-09-26 01:00:00,0.0,0.0,0.0,False,True,False,0,no_power,0.0,0.0,0.0,0.0,0.0,0.0,0.0,0.0
2024-09-26 02:00:00,0.0,0.0,0.0,False,True,False,0,no_power,0.0,0.0,0.0,0.0,0.0,0.0,0.0,0.0
2024-09-26 03:00:00,0.0,0.0,0.0,False,True,False,0,no_power,0.0,0.0,0.0,0.0,0.0,0.0,0.0,0.0
2024-09-26 04:00:00,0.0,0.0,0.0,False,True,False,0,no_power,0.0,0.0,0.0,0.0,0.0,0.0,0.0,0.0
2024-09-26 05:00:00,0.0,0.0,0.0,False,True,False,0,no_power,0.0,0.0,0.0,0.0,0.0,0.0,0.0,0.0
2024-09-26 06:00:00,0.0,0.0,0.0,False,True,False,0,no_power,0.0,0.0,0.0,0.0,0.0,0.0,0.0,0.0
2024-09-26 07:00:00,0.4,0.384,82.0,True,True,False,0,no_power,0.0,0.0,0.0,0.0,0.0,0.0,0.0,0.0
2024-09-26 08:00:00,1.382,1.327,362.0,True,True,True,1,ok,1.263,0.0,1.263,0.0,0.064,0.0,0.0,0.0
2024-09-26 09:00:00,2.107,2.023,569.0,True,True,True,2,ok,1.263,0.0,1.263,0.0,0.76,0.0,0.0,0.0
2024-09-26 10:00:00,2.513,2.412,680.0,True,True,True,3,ok,1.263,0.0,1.263,0.0,1.149,0.0,0.0,0.0
2024-09-26 11:00:00,3.03,2.909,860.0,True,True,True,4,ok,1.263,0.0,1.263,0.0,1.646,0.0,0.0,0.0
2024-09-26 12:00:00,2.832,2.719,676.0,True,True,True,5,ok,1.263,0.0,1.263,0.0,1.456,0.0,0.0,0.0
2024-09-26 13:00:00,1.264,1.213,266.0,True,True,False,5,no_power,0.0,0.0,0.0,0.0,0.0,0.0,0.0,0.0
2024-09-26 14:00:00,2.711,2.602,765.0,True,True,True,6,ok,1.263,0.0,1.263,0.0,1.339,0.0,0.0,0.0
2024-09-26 15:00:00,1.97,1.891,504.0,True,True,False,6,cap_reached,0.0,0.0,0.0,0.0,1.891,0.0,0.0,0.0
2024-09-26 16:00:00,1.437,1.379,362.0,True,True,False,6,cap_reached,0.0,0.0,0.0,0.0,1.379,0.0,0.0,0.0
2024-09-26 17:00:00,0.659,0.632,173.0,True,True,False,6,cap_reached,0.0,0.0,0.0,0.0,0.632,0.0,0.0,0.0
2024-09-26 18:00:00,0.0,0.0,0.0,False,True,False,6,cap_reached,0.0,0.0,0.0,0.0,0.0,0.0,0.0,0.0
2024-09-26 19:00:00,0.0,0.0,0.0,False,True,False,6,cap_reached,0.0,0.0,0.0,0.0,0.0,0.0,0.0,0.0
2024-09-26 20:00:00,0.0,0.0,0.0,False,True,False,6,cap_reached,0.0,0.0,0.0,0.0,0.0,0.0,0.0,0.0
2024-09-26 21:00:00,0.0,0.0,0.0,False,True,False,6,cap_reached,0.0,0.0,0.0,0.0,0.0,0.0,0.0,0.0
2024-09-26 22:00:00,0.0,0.0,0.0,False,True,False,6,cap_reached,0.0,0.0,0.0,0.0,0.0,0.0,0.0,0.0
2024-09-26 23:00:00,0.0,0.0,0.0,False,True,False,6,cap_reached,0.0,0.0,0.0,0.0,0.0,0.0,0.0,0.0
2024-09-27 00:00:00,0.0,0.0,0.0,False,True,False,0,no_power,0.0,0.0,0.0,0.0,0.0,0.0,0.0,0.0
2024-09-27 01:00:00,0.0,0.0,0.0,False,True,False,0,no_power,0.0,0.0,0.0,0.0,0.0,0.0,0.0,0.0
2024-09-27 02:00:00,0.0,0.0,0.0,False,True,False,0,no_power,0.0,0.0,0.0,0.0,0.0,0.0,0.0,0.0
2024-09-27 03:00:00,0.0,0.0,0.0,False,True,False,0,no_power,0.0,0.0,0.0,0.0,0.0,0.0,0.0,0.0
2024-09-27 04:00:00,0.0,0.0,0.0,False,True,False,0,no_power,0.0,0.0,0.0,0.0,0.0,0.0,0.0,0.0
2024-09-27 05:00:00,0.0,0.0,0.0,False,True,False,0,no_power,0.0,0.0,0.0,0.0,0.0,0.0,0.0,0.0
2024-09-27 06:00:00,0.0,0.0,0.0,False,True,False,0,no_power,0.0,0.0,0.0,0.0,0.0,0.0,0.0,0.0
2024-09-27 07:00:00,0.22,0.211,45.0,True,True,False,0,no_power,0.0,0.0,0.0,0.0,0.0,0.0,0.0,0.0
2024-09-27 08:00:00,1.036,0.994,229.0,True,True,False,0,no_power,0.0,0.0,0.0,0.0,0.0,0.0,0.0,0.0
2024-09-27 09:00:00,1.723,1.654,401.0,True,True,True,1,ok,1.263,0.0,1.263,0.0,0.391,0.0,0.0,0.0
2024-09-27 10:00:00,2.034,1.953,482.0,True,True,True,2,ok,1.263,0.0,1.263,0.0,0.69,0.0,0.0,0.0
2024-09-27 11:00:00,2.528,2.427,616.0,True,True,True,3,ok,1.263,0.0,1.263,0.0,1.164,0.0,0.0,0.0
2024-09-27 12:00:00,2.546,2.444,621.0,True,True,True,4,ok,1.263,0.0,1.263,0.0,1.181,0.0,0.0,0.0
2024-09-27 13:00:00,2.614,2.51,670.0,True,True,True,5,ok,1.263,0.0,1.263,0.0,1.247,0.0,0.0,0.0
2024-09-27 14:00:00,2.411,2.315,637.0,True,True,True,6,ok,1.263,0.0,1.263,0.0,1.052,0.0,0.0,0.0
2024-09-27 15:00:00,2.031,1.95,541.0,True,True,False,6,cap_reached,0.0,0.0,0.0,0.0,1.95,0.0,0.0,0.0
2024-09-27 16:00:00,1.328,1.275,325.0,True,True,False,6,cap_reached,0.0,0.0,0.0,0.0,1.275,0.0,0.0,0.0
2024-09-27 17:00:00,0.63,0.605,142.0,True,True,False,6,cap_reached,0.0,0.0,0.0,0.0,0.605,0.0,0.0,0.0
2024-09-27 18:00:00,0.0,0.0,0.0,False,True,False,6,cap_reached,0.0,0.0,0.0,0.0,0.0,0.0,0.0,0.0
2024-09-27 19:00:00,0.0,0.0,0.0,False,True,False,6,cap_reached,0.0,0.0,0.0,0.0,0.0,0.0,0.0,0.0
2024-09-27 20:00:00,0.0,0.0,0.0,False,True,False,6,cap_reached,0.0,0.0,0.0,0.0,0.0,0.0,0.0,0.0
2024-09-27 21:00:00,0.0,0.0,0.0,False,True,False,6,cap_reached,0.0,0.0,0.0,0.0,0.0,0.0,0.0,0.0
2024-09-27 22:00:00,0.0,0.0,0.0,False,True,False,6,cap_reached,0.0,0.0,0.0,0.0,0.0,0.0,0.0,0.0
2024-09-27 23:00:00,0.0,0.0,0.0,False,True,False,6,cap_reached,0.0,0.0,0.0,0.0,0.0,0.0,0.0,0.0
2024-09-28 00:00:00,0.0,0.0,0.0,False,True,False,0,no_power,0.0,0.0,0.0,0.0,0.0,0.0,0.0,0.0
2024-09-28 01:00:00,0.0,0.0,0.0,False,True,False,0,no_power,0.0,0.0,0.0,0.0,0.0,0.0,0.0,0.0
2024-09-28 02:00:00,0.0,0.0,0.0,False,True,False,0,no_power,0.0,0.0,0.0,0.0,0.0,0.0,0.0,0.0
2024-09-28 03:00:00,0.0,0.0,0.0,False,True,False,0,no_power,0.0,0.0,0.0,0.0,0.0,0.0,0.0,0.0
2024-09-28 04:00:00,0.0,0.0,0.0,False,True,False,0,no_power,0.0,0.0,0.0,0.0,0.0,0.0,0.0,0.0
2024-09-28 05:00:00,0.0,0.0,0.0,False,True,False,0,no_power,0.0,0.0,0.0,0.0,0.0,0.0,0.0,0.0
2024-09-28 06:00:00,0.0,0.0,0.0,False,True,False,0,no_power,0.0,0.0,0.0,0.0,0.0,0.0,0.0,0.0
2024-09-28 07:00:00,0.585,0.561,137.0,True,True,False,0,no_power,0.0,0.0,0.0,0.0,0.0,0.0,0.0,0.0
2024-09-28 08:00:00,1.366,1.312,378.0,True,True,True,1,ok,1.263,0.0,1.263,0.0,0.049,0.0,0.0,0.0
2024-09-28 09:00:00,2.09,2.006,588.0,True,True,True,2,ok,1.263,0.0,1.263,0.0,0.743,0.0,0.0,0.0
2024-09-28 10:00:00,2.649,2.543,756.0,True,True,True,3,ok,1.263,0.0,1.263,0.0,1.28,0.0,0.0,0.0
2024-09-28 11:00:00,2.289,2.198,524.0,True,True,True,4,ok,1.263,0.0,1.263,0.0,0.935,0.0,0.0,0.0
2024-09-28 12:00:00,2.033,1.952,446.0,True,True,True,5,ok,1.263,0.0,1.263,0.0,0.689,0.0,0.0,0.0
2024-09-28 13:00:00,3.021,2.9,874.0,True,True,True,6,ok,1.263,0.0,1.263,0.0,1.637,0.0,0.0,0.0
2024-09-28 14:00:00,0.855,0.82,179.0,True,True,False,6,cap_reached,0.0,0.0,0.0,0.0,0.82,0.0,0.0,0.0
2024-09-28 15:00:00,1.856,1.782,419.0,True,True,False,6,cap_reached,0.0,0.0,0.0,0.0,1.782,0.0,0.0,0.0
2024-09-28 16:00:00,1.239,1.19,271.0,True,True,False,6,cap_reached,0.0,0.0,0.0,0.0,1.19,0.0,0.0,0.0
2024-09-28 17:00:00,0.626,0.601,173.0,True,True,False,6,cap_reached,0.0,0.0,0.0,0.0,0.601,0.0,0.0,0.0
2024-09-28 18:00:00,0.0,0.0,0.0,False,True,False,6,cap_reached,0.0,0.0,0.0,0.0,0.0,0.0,0.0,0.0
2024-09-28 19:00:00,0.0,0.0,0.0,False,True,False,6,cap_reached,0.0,0.0,0.0,0.0,0.0,0.0,0.0,0.0
2024-09-28 20:00:00,0.0,0.0,0.0,False,True,False,6,cap_reached,0.0,0.0,0.0,0.0,0.0,0.0,0.0,0.0
2024-09-28 21:00:00,0.0,0.0,0.0,False,True,False,6,cap_reached,0.0,0.0,0.0,0.0,0.0,0.0,0.0,0.0
2024-09-28 22:00:00,0.0,0.0,0.0,False,True,False,6,cap_reached,0.0,0.0,0.0,0.0,0.0,0.0,0.0,0.0
2024-09-28 23:00:00,0.0,0.0,0.0,False,True,False,6,cap_reached,0.0,0.0,0.0,0.0,0.0,0.0,0.0,0.0
2024-09-29 00:00:00,0.0,0.0,0.0,False,True,False,0,no_power,0.0,0.0,0.0,0.0,0.0,0.0,0.0,0.0
2024-09-29 01:00:00,0.0,0.0,0.0,False,True,False,0,no_power,0.0,0.0,0.0,0.0,0.0,0.0,0.0,0.0
2024-09-29 02:00:00,0.0,0.0,0.0,False,True,False,0,no_power,0.0,0.0,0.0,0.0,0.0,0.0,0.0,0.0
2024-09-29 03:00:00,0.0,0.0,0.0,False,True,False,0,no_power,0.0,0.0,0.0,0.0,0.0,0.0,0.0,0.0
2024-09-29 04:00:00,0.0,0.0,0.0,False,True,False,0,no_power,0.0,0.0,0.0,0.0,0.0,0.0,0.0,0.0
2024-09-29 05:00:00,0.0,0.0,0.0,False,True,False,0,no_power,0.0,0.0,0.0,0.0,0.0,0.0,0.0,0.0
2024-09-29 06:00:00,0.0,0.0,0.0,False,True,False,0,no_power,0.0,0.0,0.0,0.0,0.0,0.0,0.0,0.0
2024-09-29 07:00:00,0.55,0.528,152.0,True,True,False,0,no_power,0.0,0.0,0.0,0.0,0.0,0.0,0.0,0.0
2024-09-29 08:00:00,1.352,1.298,377.0,True,True,True,1,ok,1.263,0.0,1.263,0.0,0.035,0.0,0.0,0.0
2024-09-29 09:00:00,2.079,1.996,589.0,True,True,True,2,ok,1.263,0.0,1.263,0.0,0.733,0.0,0.0,0.0
2024-09-29 10:00:00,2.635,2.53,760.0,True,True,True,3,ok,1.263,0.0,1.263,0.0,1.267,0.0,0.0,0.0
2024-09-29 11:00:00,2.992,2.873,869.0,True,True,True,4,ok,1.263,0.0,1.263,0.0,1.61,0.0,0.0,0.0
2024-09-29 12:00:00,3.122,2.997,909.0,True,True,True,5,ok,1.263,0.0,1.263,0.0,1.734,0.0,0.0,0.0
2024-09-29 13:00:00,3.004,2.884,875.0,True,True,True,6,ok,1.263,0.0,1.263,0.0,1.621,0.0,0.0,0.0
2024-09-29 14:00:00,2.439,2.342,643.0,True,True,False,6,cap_reached,0.0,0.0,0.0,0.0,2.342,0.0,0.0,0.0
2024-09-29 15:00:00,2.001,1.921,554.0,True,True,False,6,cap_reached,0.0,0.0,0.0,0.0,1.921,0.0,0.0,0.0
2024-09-29 16:00:00,1.33,1.277,343.0,True,True,False,6,cap_reached,0.0,0.0,0.0,0.0,1.277,0.0,0.0,0.0
2024-09-29 17:00:00,0.614,0.589,140.0,True,True,False,6,cap_reached,0.0,0.0,0.0,0.0,0.589,0.0,0.0,0.0
2024-09-29 18:00:00,0.0,0.0,0.0,False,True,False,6,cap_reached,0.0,0.0,0.0,0.0,0.0,0.0,0.0,0.0
2024-09-29 19:00:00,0.0,0.0,0.0,False,True,False,6,cap_reached,0.0,0.0,0.0,0.0,0.0,0.0,0.0,0.0
2024-09-29 20:00:00,0.0,0.0,0.0,False,True,False,6,cap_reached,0.0,0.0,0.0,0.0,0.0,0.0,0.0,0.0
2024-09-29 21:00:00,0.0,0.0,0.0,False,True,False,6,cap_reached,0.0,0.0,0.0,0.0,0.0,0.0,0.0,0.0
2024-09-29 22:00:00,0.0,0.0,0.0,False,True,False,6,cap_reached,0.0,0.0,0.0,0.0,0.0,0.0,0.0,0.0
2024-09-29 23:00:00,0.0,0.0,0.0,False,True,False,6,cap_reached,0.0,0.0,0.0,0.0,0.0,0.0,0.0,0.0
2024-09-30 00:00:00,0.0,0.0,0.0,False,True,False,0,no_power,0.0,0.0,0.0,0.0,0.0,0.0,0.0,0.0
2024-09-30 01:00:00,0.0,0.0,0.0,False,True,False,0,no_power,0.0,0.0,0.0,0.0,0.0,0.0,0.0,0.0
2024-09-30 02:00:00,0.0,0.0,0.0,False,True,False,0,no_power,0.0,0.0,0.0,0.0,0.0,0.0,0.0,0.0
2024-09-30 03:00:00,0.0,0.0,0.0,False,True,False,0,no_power,0.0,0.0,0.0,0.0,0.0,0.0,0.0,0.0
2024-09-30 04:00:00,0.0,0.0,0.0,False,True,False,0,no_power,0.0,0.0,0.0,0.0,0.0,0.0,0.0,0.0
2024-09-30 05:00:00,0.0,0.0,0.0,False,True,False,0,no_power,0.0,0.0,0.0,0.0,0.0,0.0,0.0,0.0
2024-09-30 06:00:00,0.0,0.0,0.0,False,True,False,0,no_power,0.0,0.0,0.0,0.0,0.0,0.0,0.0,0.0
2024-09-30 07:00:00,0.484,0.465,101.0,True,True,False,0,no_power,0.0,0.0,0.0,0.0,0.0,0.0,0.0,0.0
2024-09-30 08:00:00,1.16,1.114,252.0,True,True,False,0,no_power,0.0,0.0,0.0,0.0,0.0,0.0,0.0,0.0
2024-09-30 09:00:00,2.047,1.966,584.0,True,True,True,1,ok,1.263,0.0,1.263,0.0,0.703,0.0,0.0,0.0
2024-09-30 10:00:00,2.606,2.502,752.0,True,True,True,2,ok,1.263,0.0,1.263,0.0,1.239,0.0,0.0,0.0
2024-09-30 11:00:00,2.959,2.841,859.0,True,True,True,3,ok,1.263,0.0,1.263,0.0,1.578,0.0,0.0,0.0
2024-09-30 12:00:00,3.08,2.957,897.0,True,True,True,4,ok,1.263,0.0,1.263,0.0,1.694,0.0,0.0,0.0
2024-09-30 13:00:00,2.965,2.846,861.0,True,True,True,5,ok,1.263,0.0,1.263,0.0,1.583,0.0,0.0,0.0
2024-09-30 14:00:00,2.559,2.457,711.0,True,True,True,6,ok,1.263,0.0,1.263,0.0,1.194,0.0,0.0,0.0
2024-09-30 15:00:00,1.944,1.866,533.0,True,True,False,6,cap_reached,0.0,0.0,0.0,0.0,1.866,0.0,0.0,0.0
2024-09-30 16:00:00,1.37,1.315,386.0,True,True,False,6,cap_reached,0.0,0.0,0.0,0.0,1.315,0.0,0.0,0.0
2024-09-30 17:00:00,0.578,0.555,163.0,True,True,False,6,cap_reached,0.0,0.0,0.0,0.0,0.555,0.0,0.0,0.0
2024-09-30 18:00:00,0.0,0.0,0.0,False,True,False,6,cap_reached,0.0,0.0,0.0,0.0,0.0,0.0,0.0,0.0
2024-09-30 19:00:00,0.0,0.0,0.0,False,True,False,6,cap_reached,0.0,0.0,0.0,0.0,0.0,0.0,0.0,0.0
2024-09-30 20:00:00,0.0,0.0,0.0,False,True,False,6,cap_reached,0.0,0.0,0.0,0.0,0.0,0.0,0.0,0.0
2024-09-30 21:00:00,0.0,0.0,0.0,False,True,False,6,cap_reached,0.0,0.0,0.0,0.0,0.0,0.0,0.0,0.0
2024-09-30 22:00:00,0.0,0.0,0.0,False,True,False,6,cap_reached,0.0,0.0,0.0,0.0,0.0,0.0,0.0,0.0
2024-09-30 23:00:00,0.0,0.0,0.0,False,True,False,6,cap_reached,0.0,0.0,0.0,0.0,0.0,0.0,0.0,0.0
2024-10-01 00:00:00,0.0,0.0,0.0,False,True,False,0,no_power,0.0,0.0,0.0,0.0,0.0,0.0,0.0,0.0
2024-10-01 01:00:00,0.0,0.0,0.0,False,True,False,0,no_power,0.0,0.0,0.0,0.0,0.0,0.0,0.0,0.0
2024-10-01 02:00:00,0.0,0.0,0.0,False,True,False,0,no_power,0.0,0.0,0.0,0.0,0.0,0.0,0.0,0.0
2024-10-01 03:00:00,0.0,0.0,0.0,False,True,False,0,no_power,0.0,0.0,0.0,0.0,0.0,0.0,0.0,0.0
2024-10-01 04:00:00,0.0,0.0,0.0,False,True,False,0,no_power,0.0,0.0,0.0,0.0,0.0,0.0,0.0,0.0
2024-10-01 05:00:00,0.0,0.0,0.0,False,True,False,0,no_power,0.0,0.0,0.0,0.0,0.0,0.0,0.0,0.0
2024-10-01 06:00:00,0.0,0.0,0.0,False,True,False,0,no_power,0.0,0.0,0.0,0.0,0.0,0.0,0.0,0.0
2024-10-01 07:00:00,0.535,0.514,155.0,True,True,False,0,no_power,0.0,0.0,0.0,0.0,0.0,0.0,0.0,0.0
2024-10-01 08:00:00,1.343,1.289,384.0,True,True,True,1,ok,1.263,0.0,1.263,0.0,0.026,0.0,0.0,0.0
2024-10-01 09:00:00,2.071,1.988,595.0,True,True,True,2,ok,1.263,0.0,1.263,0.0,0.725,0.0,0.0,0.0
2024-10-01 10:00:00,2.629,2.524,764.0,True,True,True,3,ok,1.263,0.0,1.263,0.0,1.261,0.0,0.0,0.0
2024-10-01 11:00:00,2.979,2.86,871.0,True,True,True,4,ok,1.263,0.0,1.263,0.0,1.597,0.0,0.0,0.0
2024-10-01 12:00:00,3.104,2.98,909.0,True,True,True,5,ok,1.263,0.0,1.263,0.0,1.717,0.0,0.0,0.0
2024-10-01 13:00:00,2.977,2.858,871.0,True,True,True,6,ok,1.263,0.0,1.263,0.0,1.595,0.0,0.0,0.0
2024-10-01 14:00:00,2.623,2.518,765.0,True,True,False,6,cap_reached,0.0,0.0,0.0,0.0,2.518,0.0,0.0,0.0
2024-10-01 15:00:00,2.071,1.988,600.0,True,True,False,6,cap_reached,0.0,0.0,0.0,0.0,1.988,0.0,0.0,0.0
2024-10-01 16:00:00,1.355,1.301,391.0,True,True,False,6,cap_reached,0.0,0.0,0.0,0.0,1.301,0.0,0.0,0.0
2024-10-01 17:00:00,0.562,0.539,165.0,True,True,False,6,cap_reached,0.0,0.0,0.0,0.0,0.539,0.0,0.0,0.0
2024-10-01 18:00:00,0.0,0.0,0.0,False,True,False,6,cap_reached,0.0,0.0,0.0,0.0,0.0,0.0,0.0,0.0
2024-10-01 19:00:00,0.0,0.0,0.0,False,True,False,6,cap_reached,0.0,0.0,0.0,0.0,0.0,0.0,0.0,0.0
2024-10-01 20:00:00,0.0,0.0,0.0,False,True,False,6,cap_reached,0.0,0.0,0.0,0.0,0.0,0.0,0.0,0.0
2024-10-01 21:00:00,0.0,0.0,0.0,False,True,False,6,cap_reached,0.0,0.0,0.0,0.0,0.0,0.0,0.0,0.0
2024-10-01 22:00:00,0.0,0.0,0.0,False,True,False,6,cap_reached,0.0,0.0,0.0,0.0,0.0,0.0,0.0,0.0
2024-10-01 23:00:00,0.0,0.0,0.0,False,True,False,6,cap_reached,0.0,0.0,0.0,0.0,0.0,0.0,0.0,0.0
2024-10-02 00:00:00,0.0,0.0,0.0,False,True,False,0,no_power,0.0,0.0,0.0,0.0,0.0,0.0,0.0,0.0
2024-10-02 01:00:00,0.0,0.0,0.0,False,True,False,0,no_power,0.0,0.0,0.0,0.0,0.0,0.0,0.0,0.0
2024-10-02 02:00:00,0.0,0.0,0.0,False,True,False,0,no_power,0.0,0.0,0.0,0.0,0.0,0.0,0.0,0.0
2024-10-02 03:00:00,0.0,0.0,0.0,False,True,False,0,no_power,0.0,0.0,0.0,0.0,0.0,0.0,0.0,0.0
2024-10-02 04:00:00,0.0,0.0,0.0,False,True,False,0,no_power,0.0,0.0,0.0,0.0,0.0,0.0,0.0,0.0
2024-10-02 05:00:00,0.0,0.0,0.0,False,True,False,0,no_power,0.0,0.0,0.0,0.0,0.0,0.0,0.0,0.0
2024-10-02 06:00:00,0.0,0.0,0.0,False,True,False,0,no_power,0.0,0.0,0.0,0.0,0.0,0.0,0.0,0.0
2024-10-02 07:00:00,0.511,0.491,153.0,True,True,False,0,no_power,0.0,0.0,0.0,0.0,0.0,0.0,0.0,0.0
2024-10-02 08:00:00,1.307,1.255,378.0,True,True,False,0,no_power,0.0,0.0,0.0,0.0,0.0,0.0,0.0,0.0
2024-10-02 09:00:00,2.024,1.943,587.0,True,True,True,1,ok,1.263,0.0,1.263,0.0,0.68,0.0,0.0,0.0
2024-10-02 10:00:00,2.578,2.475,751.0,True,True,True,2,ok,1.263,0.0,1.263,0.0,1.212,0.0,0.0,0.0
2024-10-02 11:00:00,2.93,2.813,857.0,True,True,True,3,ok,1.263,0.0,1.263,0.0,1.55,0.0,0.0,0.0
2024-10-02 12:00:00,3.049,2.927,894.0,True,True,True,4,ok,1.263,0.0,1.263,0.0,1.664,0.0,0.0,0.0
2024-10-02 13:00:00,2.932,2.815,857.0,True,True,True,5,ok,1.263,0.0,1.263,0.0,1.552,0.0,0.0,0.0
2024-10-02 14:00:00,2.584,2.48,753.0,True,True,True,6,ok,1.263,0.0,1.263,0.0,1.217,0.0,0.0,0.0
2024-10-02 15:00:00,2.033,1.951,589.0,True,True,False,6,cap_reached,0.0,0.0,0.0,0.0,1.951,0.0,0.0,0.0
2024-10-02 16:00:00,1.32,1.267,381.0,True,True,False,6,cap_reached,0.0,0.0,0.0,0.0,1.267,0.0,0.0,0.0
2024-10-02 17:00:00,0.537,0.515,157.0,True,True,False,6,cap_reached,0.0,0.0,0.0,0.0,0.515,0.0,0.0,0.0
2024-10-02 18:00:00,0.0,0.0,0.0,False,True,False,6,cap_reached,0.0,0.0,0.0,0.0,0.0,0.0,0.0,0.0
2024-10-02 19:00:00,0.0,0.0,0.0,False,True,False,6,cap_reached,0.0,0.0,0.0,0.0,0.0,0.0,0.0,0.0
2024-10-02 20:00:00,0.0,0.0,0.0,False,True,False,6,cap_reached,0.0,0.0,0.0,0.0,0.0,0.0,0.0,0.0
2024-10-02 21:00:00,0.0,0.0,0.0,False,True,False,6,cap_reached,0.0,0.0,0.0,0.0,0.0,0.0,0.0,0.0
2024-10-02 22:00:00,0.0,0.0,0.0,False,True,False,6,cap_reached,0.0,0.0,0.0,0.0,0.0,0.0,0.0,0.0
2024-10-02 23:00:00,0.0,0.0,0.0,False,True,False,6,cap_reached,0.0,0.0,0.0,0.0,0.0,0.0,0.0,0.0
2024-10-03 00:00:00,0.0,0.0,0.0,False,True,False,0,no_power,0.0,0.0,0.0,0.0,0.0,0.0,0.0,0.0
2024-10-03 01:00:00,0.0,0.0,0.0,False,True,False,0,no_power,0.0,0.0,0.0,0.0,0.0,0.0,0.0,0.0
2024-10-03 02:00:00,0.0,0.0,0.0,False,True,False,0,no_power,0.0,0.0,0.0,0.0,0.0,0.0,0.0,0.0
2024-10-03 03:00:00,0.0,0.0,0.0,False,True,False,0,no_power,0.0,0.0,0.0,0.0,0.0,0.0,0.0,0.0
2024-10-03 04:00:00,0.0,0.0,0.0,False,True,False,0,no_power,0.0,0.0,0.0,0.0,0.0,0.0,0.0,0.0
2024-10-03 05:00:00,0.0,0.0,0.0,False,True,False,0,no_power,0.0,0.0,0.0,0.0,0.0,0.0,0.0,0.0
2024-10-03 06:00:00,0.0,0.0,0.0,False,True,False,0,no_power,0.0,0.0,0.0,0.0,0.0,0.0,0.0,0.0
2024-10-03 07:00:00,0.496,0.476,147.0,True,True,False,0,no_power,0.0,0.0,0.0,0.0,0.0,0.0,0.0,0.0
2024-10-03 08:00:00,1.281,1.23,370.0,True,True,False,0,no_power,0.0,0.0,0.0,0.0,0.0,0.0,0.0,0.0
2024-10-03 09:00:00,1.994,1.914,578.0,True,True,True,1,ok,1.263,0.0,1.263,0.0,0.651,0.0,0.0,0.0
2024-10-03 10:00:00,2.394,2.299,578.0,True,True,True,2,ok,1.263,0.0,1.263,0.0,1.036,0.0,0.0,0.0
2024-10-03 11:00:00,2.003,1.923,442.0,True,True,True,3,ok,1.263,0.0,1.263,0.0,0.66,0.0,0.0,0.0
2024-10-03 12:00:00,2.737,2.628,656.0,True,True,True,4,ok,1.263,0.0,1.263,0.0,1.365,0.0,0.0,0.0
2024-10-03 13:00:00,2.503,2.403,587.0,True,True,True,5,ok,1.263,0.0,1.263,0.0,1.14,0.0,0.0,0.0
2024-10-03 14:00:00,2.058,1.976,501.0,True,True,True,6,ok,1.263,0.0,1.263,0.0,0.713,0.0,0.0,0.0
2024-10-03 15:00:00,0.927,0.89,197.0,True,True,False,6,cap_reached,0.0,0.0,0.0,0.0,0.89,0.0,0.0,0.0
2024-10-03 16:00:00,0.691,0.663,146.0,True,True,False,6,cap_reached,0.0,0.0,0.0,0.0,0.663,0.0,0.0,0.0
2024-10-03 17:00:00,0.185,0.178,38.0,True,True,False,6,cap_reached,0.0,0.0,0.0,0.0,0.178,0.0,0.0,0.0
2024-10-03 18:00:00,0.0,0.0,0.0,False,True,False,6,cap_reached,0.0,0.0,0.0,0.0,0.0,0.0,0.0,0.0
2024-10-03 19:00:00,0.0,0.0,0.0,False,True,False,6,cap_reached,0.0,0.0,0.0,0.0,0.0,0.0,0.0,0.0
2024-10-03 20:00:00,0.0,0.0,0.0,False,True,False,6,cap_reached,0.0,0.0,0.0,0.0,0.0,0.0,0.0,0.0
2024-10-03 21:00:00,0.0,0.0,0.0,False,True,False,6,cap_reached,0.0,0.0,0.0,0.0,0.0,0.0,0.0,0.0
2024-10-03 22:00:00,0.0,0.0,0.0,False,True,False,6,cap_reached,0.0,0.0,0.0,0.0,0.0,0.0,0.0,0.0
2024-10-03 23:00:00,0.0,0.0,0.0,False,True,False,6,cap_reached,0.0,0.0,0.0,0.0,0.0,0.0,0.0,0.0
2024-10-04 00:00:00,0.0,0.0,0.0,False,True,False,0,no_power,0.0,0.0,0.0,0.0,0.0,0.0,0.0,0.0
2024-10-04 01:00:00,0.0,0.0,0.0,False,True,False,0,no_power,0.0,0.0,0.0,0.0,0.0,0.0,0.0,0.0
2024-10-04 02:00:00,0.0,0.0,0.0,False,True,False,0,no_power,0.0,0.0,0.0,0.0,0.0,0.0,0.0,0.0
2024-10-04 03:00:00,0.0,0.0,0.0,False,True,False,0,no_power,0.0,0.0,0.0,0.0,0.0,0.0,0.0,0.0
2024-10-04 04:00:00,0.0,0.0,0.0,False,True,False,0,no_power,0.0,0.0,0.0,0.0,0.0,0.0,0.0,0.0
2024-10-04 05:00:00,0.0,0.0,0.0,False,True,False,0,no_power,0.0,0.0,0.0,0.0,0.0,0.0,0.0,0.0
2024-10-04 06:00:00,0.0,0.0,0.0,False,True,False,0,no_power,0.0,0.0,0.0,0.0,0.0,0.0,0.0,0.0
2024-10-04 07:00:00,0.482,0.463,144.0,True,True,False,0,no_power,0.0,0.0,0.0,0.0,0.0,0.0,0.0,0.0
2024-10-04 08:00:00,1.254,1.204,366.0,True,True,False,0,no_power,0.0,0.0,0.0,0.0,0.0,0.0,0.0,0.0
2024-10-04 09:00:00,1.965,1.887,572.0,True,True,True,1,ok,1.263,0.0,1.263,0.0,0.624,0.0,0.0,0.0
2024-10-04 10:00:00,2.266,2.175,599.0,True,True,True,2,ok,1.263,0.0,1.263,0.0,0.912,0.0,0.0,0.0
2024-10-04 11:00:00,2.561,2.458,665.0,True,True,True,3,ok,1.263,0.0,1.263,0.0,1.195,0.0,0.0,0.0
2024-10-04 12:00:00,2.987,2.868,880.0,True,True,True,4,ok,1.263,0.0,1.263,0.0,1.605,0.0,0.0,0.0
2024-10-04 13:00:00,2.628,2.523,709.0,True,True,True,5,ok,1.263,0.0,1.263,0.0,1.26,0.0,0.0,0.0
2024-10-04 14:00:00,2.309,2.217,636.0,True,True,True,6,ok,1.263,0.0,1.263,0.0,0.954,0.0,0.0,0.0
2024-10-04 15:00:00,1.736,1.667,435.0,True,True,False,6,cap_reached,0.0,0.0,0.0,0.0,1.667,0.0,0.0,0.0
2024-10-04 16:00:00,0.844,0.811,182.0,True,True,False,6,cap_reached,0.0,0.0,0.0,0.0,0.811,0.0,0.0,0.0
2024-10-04 17:00:00,0.495,0.475,146.0,True,True,False,6,cap_reached,0.0,0.0,0.0,0.0,0.475,0.0,0.0,0.0
2024-10-04 18:00:00,0.0,0.0,0.0,False,True,False,6,cap_reached,0.0,0.0,0.0,0.0,0.0,0.0,0.0,0.0
2024-10-04 19:00:00,0.0,0.0,0.0,False,True,False,6,cap_reached,0.0,0.0,0.0,0.0,0.0,0.0,0.0,0.0
2024-10-04 20:00:00,0.0,0.0,0.0,False,True,False,6,cap_reached,0.0,0.0,0.0,0.0,0.0,0.0,0.0,0.0
2024-10-04 21:00:00,0.0,0.0,0.0,False,True,False,6,cap_reached,0.0,0.0,0.0,0.0,0.0,0.0,0.0,0.0
2024-10-04 22:00:00,0.0,0.0,0.0,False,True,False,6,cap_reached,0.0,0.0,0.0,0.0,0.0,0.0,0.0,0.0
2024-10-04 23:00:00,0.0,0.0,0.0,False,True,False,6,cap_reached,0.0,0.0,0.0,0.0,0.0,0.0,0.0,0.0
2024-10-05 00:00:00,0.0,0.0,0.0,False,True,False,0,no_power,0.0,0.0,0.0,0.0,0.0,0.0,0.0,0.0
2024-10-05 01:00:00,0.0,0.0,0.0,False,True,False,0,no_power,0.0,0.0,0.0,0.0,0.0,0.0,0.0,0.0
2024-10-05 02:00:00,0.0,0.0,0.0,False,True,False,0,no_power,0.0,0.0,0.0,0.0,0.0,0.0,0.0,0.0
2024-10-05 03:00:00,0.0,0.0,0.0,False,True,False,0,no_power,0.0,0.0,0.0,0.0,0.0,0.0,0.0,0.0
2024-10-05 04:00:00,0.0,0.0,0.0,False,True,False,0,no_power,0.0,0.0,0.0,0.0,0.0,0.0,0.0,0.0
2024-10-05 05:00:00,0.0,0.0,0.0,False,True,False,0,no_power,0.0,0.0,0.0,0.0,0.0,0.0,0.0,0.0
2024-10-05 06:00:00,0.0,0.0,0.0,False,True,False,0,no_power,0.0,0.0,0.0,0.0,0.0,0.0,0.0,0.0
2024-10-05 07:00:00,0.465,0.446,145.0,True,True,False,0,no_power,0.0,0.0,0.0,0.0,0.0,0.0,0.0,0.0
2024-10-05 08:00:00,1.238,1.188,367.0,True,True,False,0,no_power,0.0,0.0,0.0,0.0,0.0,0.0,0.0,0.0
2024-10-05 09:00:00,1.944,1.866,574.0,True,True,True,1,ok,1.263,0.0,1.263,0.0,0.603,0.0,0.0,0.0
2024-10-05 10:00:00,2.495,2.396,737.0,True,True,True,2,ok,1.263,0.0,1.263,0.0,1.133,0.0,0.0,0.0
2024-10-05 11:00:00,2.843,2.729,842.0,True,True,True,3,ok,1.263,0.0,1.263,0.0,1.466,0.0,0.0,0.0
2024-10-05 12:00:00,2.967,2.848,879.0,True,True,True,4,ok,1.263,0.0,1.263,0.0,1.585,0.0,0.0,0.0
2024-10-05 13:00:00,2.847,2.733,843.0,True,True,True,5,ok,1.263,0.0,1.263,0.0,1.47,0.0,0.0,0.0
2024-10-05 14:00:00,2.498,2.398,739.0,True,True,True,6,ok,1.263,0.0,1.263,0.0,1.135,0.0,0.0,0.0
2024-10-05 15:00:00,1.952,1.874,575.0,True,True,False,6,cap_reached,0.0,0.0,0.0,0.0,1.874,0.0,0.0,0.0
2024-10-05 16:00:00,1.244,1.195,368.0,True,True,False,6,cap_reached,0.0,0.0,0.0,0.0,1.195,0.0,0.0,0.0
2024-10-05 17:00:00,0.475,0.456,145.0,True,True,False,6,cap_reached,0.0,0.0,0.0,0.0,0.456,0.0,0.0,0.0
2024-10-05 18:00:00,0.0,0.0,0.0,False,True,False,6,cap_reached,0.0,0.0,0.0,0.0,0.0,0.0,0.0,0.0
2024-10-05 19:00:00,0.0,0.0,0.0,False,True,False,6,cap_reached,0.0,0.0,0.0,0.0,0.0,0.0,0.0,0.0
2024-10-05 20:00:00,0.0,0.0,0.0,False,True,False,6,cap_reached,0.0,0.0,0.0,0.0,0.0,0.0,0.0,0.0
2024-10-05 21:00:00,0.0,0.0,0.0,False,True,False,6,cap_reached,0.0,0.0,0.0,0.0,0.0,0.0,0.0,0.0
2024-10-05 22:00:00,0.0,0.0,0.0,False,True,False,6,cap_reached,0.0,0.0,0.0,0.0,0.0,0.0,0.0,0.0
2024-10-05 23:00:00,0.0,0.0,0.0,False,True,False,6,cap_reached,0.0,0.0,0.0,0.0,0.0,0.0,0.0,0.0
2024-10-06 00:00:00,0.0,0.0,0.0,False,True,False,0,no_power,0.0,0.0,0.0,0.0,0.0,0.0,0.0,0.0
2024-10-06 01:00:00,0.0,0.0,0.0,False,True,False,0,no_power,0.0,0.0,0.0,0.0,0.0,0.0,0.0,0.0
2024-10-06 02:00:00,0.0,0.0,0.0,False,True,False,0,no_power,0.0,0.0,0.0,0.0,0.0,0.0,0.0,0.0
2024-10-06 03:00:00,0.0,0.0,0.0,False,True,False,0,no_power,0.0,0.0,0.0,0.0,0.0,0.0,0.0,0.0
2024-10-06 04:00:00,0.0,0.0,0.0,False,True,False,0,no_power,0.0,0.0,0.0,0.0,0.0,0.0,0.0,0.0
2024-10-06 05:00:00,0.0,0.0,0.0,False,True,False,0,no_power,0.0,0.0,0.0,0.0,0.0,0.0,0.0,0.0
2024-10-06 06:00:00,0.0,0.0,0.0,False,True,False,0,no_power,0.0,0.0,0.0,0.0,0.0,0.0,0.0,0.0
2024-10-06 07:00:00,0.461,0.442,96.0,True,True,False,0,no_power,0.0,0.0,0.0,0.0,0.0,0.0,0.0,0.0
2024-10-06 08:00:00,1.06,1.018,248.0,True,True,False,0,no_power,0.0,0.0,0.0,0.0,0.0,0.0,0.0,0.0
2024-10-06 09:00:00,1.944,1.866,577.0,True,True,True,1,ok,1.263,0.0,1.263,0.0,0.603,0.0,0.0,0.0
2024-10-06 10:00:00,1.858,1.783,414.0,True,True,True,2,ok,1.263,0.0,1.263,0.0,0.52,0.0,0.0,0.0
2024-10-06 11:00:00,1.65,1.584,351.0,True,True,True,3,ok,1.263,0.0,1.263,0.0,0.321,0.0,0.0,0.0
2024-10-06 12:00:00,2.296,2.204,527.0,True,True,True,4,ok,1.263,0.0,1.263,0.0,0.941,0.0,0.0,0.0
2024-10-06 13:00:00,1.945,1.867,446.0,True,True,True,5,ok,1.263,0.0,1.263,0.0,0.604,0.0,0.0,0.0
2024-10-06 14:00:00,2.026,1.945,490.0,True,True,True,6,ok,1.263,0.0,1.263,0.0,0.682,0.0,0.0,0.0
2024-10-06 15:00:00,0.573,0.55,119.0,True,True,False,6,cap_reached,0.0,0.0,0.0,0.0,0.55,0.0,0.0,0.0
2024-10-06 16:00:00,0.421,0.404,86.0,True,True,False,6,cap_reached,0.0,0.0,0.0,0.0,0.404,0.0,0.0,0.0
2024-10-06 17:00:00,0.326,0.313,67.0,True,True,False,6,cap_reached,0.0,0.0,0.0,0.0,0.313,0.0,0.0,0.0
2024-10-06 18:00:00,0.0,0.0,0.0,False,True,False,6,cap_reached,0.0,0.0,0.0,0.0,0.0,0.0,0.0,0.0
2024-10-06 19:00:00,0.0,0.0,0.0,False,True,False,6,cap_reached,0.0,0.0,0.0,0.0,0.0,0.0,0.0,0.0
2024-10-06 20:00:00,0.0,0.0,0.0,False,True,False,6,cap_reached,0.0,0.0,0.0,0.0,0.0,0.0,0.0,0.0
2024-10-06 21:00:00,0.0,0.0,0.0,False,True,False,6,cap_reached,0.0,0.0,0.0,0.0,0.0,0.0,0.0,0.0
2024-10-06 22:00:00,0.0,0.0,0.0,False,True,False,6,cap_reached,0.0,0.0,0.0,0.0,0.0,0.0,0.0,0.0
2024-10-06 23:00:00,0.0,0.0,0.0,False,True,False,6,cap_reached,0.0,0.0,0.0,0.0,0.0,0.0,0.0,0.0
2024-10-07 00:00:00,0.0,0.0,0.0,False,True,False,0,no_power,0.0,0.0,0.0,0.0,0.0,0.0,0.0,0.0
2024-10-07 01:00:00,0.0,0.0,0.0,False,True,False,0,no_power,0.0,0.0,0.0,0.0,0.0,0.0,0.0,0.0
2024-10-07 02:00:00,0.0,0.0,0.0,False,True,False,0,no_power,0.0,0.0,0.0,0.0,0.0,0.0,0.0,0.0
2024-10-07 03:00:00,0.0,0.0,0.0,False,True,False,0,no_power,0.0,0.0,0.0,0.0,0.0,0.0,0.0,0.0
2024-10-07 04:00:00,0.0,0.0,0.0,False,True,False,0,no_power,0.0,0.0,0.0,0.0,0.0,0.0,0.0,0.0
2024-10-07 05:00:00,0.0,0.0,0.0,False,True,False,0,no_power,0.0,0.0,0.0,0.0,0.0,0.0,0.0,0.0
2024-10-07 06:00:00,0.0,0.0,0.0,False,True,False,0,no_power,0.0,0.0,0.0,0.0,0.0,0.0,0.0,0.0
2024-10-07 07:00:00,0.197,0.189,40.0,True,True,False,0,no_power,0.0,0.0,0.0,0.0,0.0,0.0,0.0,0.0
2024-10-07 08:00:00,0.035,0.033,7.0,False,True,False,0,no_power,0.0,0.0,0.0,0.0,0.0,0.0,0.0,0.0
2024-10-07 09:00:00,0.069,0.066,14.0,False,True,False,0,no_power,0.0,0.0,0.0,0.0,0.0,0.0,0.0,0.0
2024-10-07 10:00:00,0.454,0.436,93.0,True,True,False,0,no_power,0.0,0.0,0.0,0.0,0.0,0.0,0.0,0.0
2024-10-07 11:00:00,0.27,0.259,55.0,True,True,False,0,no_power,0.0,0.0,0.0,0.0,0.0,0.0,0.0,0.0
2024-10-07 12:00:00,0.162,0.156,33.0,True,True,False,0,no_power,0.0,0.0,0.0,0.0,0.0,0.0,0.0,0.0
2024-10-07 13:00:00,0.28,0.268,57.0,True,True,False,0,no_power,0.0,0.0,0.0,0.0,0.0,0.0,0.0,0.0
2024-10-07 14:00:00,0.832,0.798,172.0,True,True,False,0,no_power,0.0,0.0,0.0,0.0,0.0,0.0,0.0,0.0
2024-10-07 15:00:00,0.902,0.866,189.0,True,True,False,0,no_power,0.0,0.0,0.0,0.0,0.0,0.0,0.0,0.0
2024-10-07 16:00:00,0.29,0.278,59.0,True,True,False,0,no_power,0.0,0.0,0.0,0.0,0.0,0.0,0.0,0.0
2024-10-07 17:00:00,0.133,0.128,27.0,True,True,False,0,no_power,0.0,0.0,0.0,0.0,0.0,0.0,0.0,0.0
2024-10-07 18:00:00,0.0,0.0,0.0,False,True,False,0,no_power,0.0,0.0,0.0,0.0,0.0,0.0,0.0,0.0
2024-10-07 19:00:00,0.0,0.0,0.0,False,True,False,0,no_power,0.0,0.0,0.0,0.0,0.0,0.0,0.0,0.0
2024-10-07 20:00:00,0.0,0.0,0.0,False,True,False,0,no_power,0.0,0.0,0.0,0.0,0.0,0.0,0.0,0.0
2024-10-07 21:00:00,0.0,0.0,0.0,False,True,False,0,no_power,0.0,0.0,0.0,0.0,0.0,0.0,0.0,0.0
2024-10-07 22:00:00,0.0,0.0,0.0,False,True,False,0,no_power,0.0,0.0,0.0,0.0,0.0,0.0,0.0,0.0
2024-10-07 23:00:00,0.0,0.0,0.0,False,True,False,0,no_power,0.0,0.0,0.0,0.0,0.0,0.0,0.0,0.0
2024-10-08 00:00:00,0.0,0.0,0.0,False,True,False,0,no_power,0.0,0.0,0.0,0.0,0.0,0.0,0.0,0.0
2024-10-08 01:00:00,0.0,0.0,0.0,False,True,False,0,no_power,0.0,0.0,0.0,0.0,0.0,0.0,0.0,0.0
2024-10-08 02:00:00,0.0,0.0,0.0,False,True,False,0,no_power,0.0,0.0,0.0,0.0,0.0,0.0,0.0,0.0
2024-10-08 03:00:00,0.0,0.0,0.0,False,True,False,0,no_power,0.0,0.0,0.0,0.0,0.0,0.0,0.0,0.0
2024-10-08 04:00:00,0.0,0.0,0.0,False,True,False,0,no_power,0.0,0.0,0.0,0.0,0.0,0.0,0.0,0.0
2024-10-08 05:00:00,0.0,0.0,0.0,False,True,False,0,no_power,0.0,0.0,0.0,0.0,0.0,0.0,0.0,0.0
2024-10-08 06:00:00,0.0,0.0,0.0,False,True,False,0,no_power,0.0,0.0,0.0,0.0,0.0,0.0,0.0,0.0
2024-10-08 07:00:00,0.015,0.014,3.0,False,True,False,0,no_power,0.0,0.0,0.0,0.0,0.0,0.0,0.0,0.0
2024-10-08 08:00:00,0.377,0.362,77.0,True,True,False,0,no_power,0.0,0.0,0.0,0.0,0.0,0.0,0.0,0.0
2024-10-08 09:00:00,0.887,0.851,185.0,True,True,False,0,no_power,0.0,0.0,0.0,0.0,0.0,0.0,0.0,0.0
2024-10-08 10:00:00,1.253,1.203,266.0,True,True,False,0,no_power,0.0,0.0,0.0,0.0,0.0,0.0,0.0,0.0
2024-10-08 11:00:00,1.548,1.487,332.0,True,True,True,1,ok,1.263,0.0,1.263,0.0,0.224,0.0,0.0,0.0
2024-10-08 12:00:00,2.21,2.122,502.0,True,True,True,2,ok,1.263,0.0,1.263,0.0,0.859,0.0,0.0,0.0
2024-10-08 13:00:00,2.191,2.103,528.0,True,True,True,3,ok,1.263,0.0,1.263,0.0,0.84,0.0,0.0,0.0
2024-10-08 14:00:00,1.51,1.449,334.0,True,True,True,4,ok,1.263,0.0,1.263,0.0,0.186,0.0,0.0,0.0
2024-10-08 15:00:00,0.895,0.859,188.0,True,True,False,4,no_power,0.0,0.0,0.0,0.0,0.0,0.0,0.0,0.0
2024-10-08 16:00:00,0.367,0.353,75.0,True,True,False,4,no_power,0.0,0.0,0.0,0.0,0.0,0.0,0.0,0.0
2024-10-08 17:00:00,0.472,0.453,103.0,True,True,False,4,no_power,0.0,0.0,0.0,0.0,0.0,0.0,0.0,0.0
2024-10-08 18:00:00,0.0,0.0,0.0,False,True,False,4,no_power,0.0,0.0,0.0,0.0,0.0,0.0,0.0,0.0
2024-10-08 19:00:00,0.0,0.0,0.0,False,True,False,4,no_power,0.0,0.0,0.0,0.0,0.0,0.0,0.0,0.0
2024-10-08 20:00:00,0.0,0.0,0.0,False,True,False,4,no_power,0.0,0.0,0.0,0.0,0.0,0.0,0.0,0.0
2024-10-08 21:00:00,0.0,0.0,0.0,False,True,False,4,no_power,0.0,0.0,0.0,0.0,0.0,0.0,0.0,0.0
2024-10-08 22:00:00,0.0,0.0,0.0,False,True,False,4,no_power,0.0,0.0,0.0,0.0,0.0,0.0,0.0,0.0
2024-10-08 23:00:00,0.0,0.0,0.0,False,True,False,4,no_power,0.0,0.0,0.0,0.0,0.0,0.0,0.0,0.0
2024-10-09 00:00:00,0.0,0.0,0.0,False,True,False,0,no_power,0.0,0.0,0.0,0.0,0.0,0.0,0.0,0.0
2024-10-09 01:00:00,0.0,0.0,0.0,False,True,False,0,no_power,0.0,0.0,0.0,0.0,0.0,0.0,0.0,0.0
2024-10-09 02:00:00,0.0,0.0,0.0,False,True,False,0,no_power,0.0,0.0,0.0,0.0,0.0,0.0,0.0,0.0
2024-10-09 03:00:00,0.0,0.0,0.0,False,True,False,0,no_power,0.0,0.0,0.0,0.0,0.0,0.0,0.0,0.0
2024-10-09 04:00:00,0.0,0.0,0.0,False,True,False,0,no_power,0.0,0.0,0.0,0.0,0.0,0.0,0.0,0.0
2024-10-09 05:00:00,0.0,0.0,0.0,False,True,False,0,no_power,0.0,0.0,0.0,0.0,0.0,0.0,0.0,0.0
2024-10-09 06:00:00,0.0,0.0,0.0,False,True,False,0,no_power,0.0,0.0,0.0,0.0,0.0,0.0,0.0,0.0
2024-10-09 07:00:00,0.493,0.473,117.0,True,True,False,0,no_power,0.0,0.0,0.0,0.0,0.0,0.0,0.0,0.0
2024-10-09 08:00:00,1.123,1.078,286.0,True,True,False,0,no_power,0.0,0.0,0.0,0.0,0.0,0.0,0.0,0.0
2024-10-09 09:00:00,1.706,1.638,449.0,True,True,True,1,ok,1.263,0.0,1.263,0.0,0.375,0.0,0.0,0.0
2024-10-09 10:00:00,2.293,2.201,638.0,True,True,True,2,ok,1.263,0.0,1.263,0.0,0.938,0.0,0.0,0.0
2024-10-09 11:00:00,2.513,2.412,666.0,True,True,True,3,ok,1.263,0.0,1.263,0.0,1.149,0.0,0.0,0.0
2024-10-09 12:00:00,2.875,2.76,860.0,True,True,True,4,ok,1.263,0.0,1.263,0.0,1.497,0.0,0.0,0.0
2024-10-09 13:00:00,2.163,2.076,512.0,True,True,True,5,ok,1.263,0.0,1.263,0.0,0.813,0.0,0.0,0.0
2024-10-09 14:00:00,2.296,2.204,622.0,True,True,True,6,ok,1.263,0.0,1.263,0.0,0.941,0.0,0.0,0.0
2024-10-09 15:00:00,1.711,1.643,441.0,True,True,False,6,cap_reached,0.0,0.0,0.0,0.0,1.643,0.0,0.0,0.0
2024-10-09 16:00:00,1.1,1.056,273.0,True,True,False,6,cap_reached,0.0,0.0,0.0,0.0,1.056,0.0,0.0,0.0
2024-10-09 17:00:00,0.488,0.469,118.0,True,True,False,6,cap_reached,0.0,0.0,0.0,0.0,0.469,0.0,0.0,0.0
2024-10-09 18:00:00,0.0,0.0,0.0,False,True,False,6,cap_reached,0.0,0.0,0.0,0.0,0.0,0.0,0.0,0.0
2024-10-09 19:00:00,0.0,0.0,0.0,False,True,False,6,cap_reached,0.0,0.0,0.0,0.0,0.0,0.0,0.0,0.0
2024-10-09 20:00:00,0.0,0.0,0.0,False,True,False,6,cap_reached,0.0,0.0,0.0,0.0,0.0,0.0,0.0,0.0
2024-10-09 21:00:00,0.0,0.0,0.0,False,True,False,6,cap_reached,0.0,0.0,0.0,0.0,0.0,0.0,0.0,0.0
2024-10-09 22:00:00,0.0,0.0,0.0,False,True,False,6,cap_reached,0.0,0.0,0.0,0.0,0.0,0.0,0.0,0.0
2024-10-09 23:00:00,0.0,0.0,0.0,False,True,False,6,cap_reached,0.0,0.0,0.0,0.0,0.0,0.0,0.0,0.0
2024-10-10 00:00:00,0.0,0.0,0.0,False,True,False,0,no_power,0.0,0.0,0.0,0.0,0.0,0.0,0.0,0.0
2024-10-10 01:00:00,0.0,0.0,0.0,False,True,False,0,no_power,0.0,0.0,0.0,0.0,0.0,0.0,0.0,0.0
2024-10-10 02:00:00,0.0,0.0,0.0,False,True,False,0,no_power,0.0,0.0,0.0,0.0,0.0,0.0,0.0,0.0
2024-10-10 03:00:00,0.0,0.0,0.0,False,True,False,0,no_power,0.0,0.0,0.0,0.0,0.0,0.0,0.0,0.0
2024-10-10 04:00:00,0.0,0.0,0.0,False,True,False,0,no_power,0.0,0.0,0.0,0.0,0.0,0.0,0.0,0.0
2024-10-10 05:00:00,0.0,0.0,0.0,False,True,False,0,no_power,0.0,0.0,0.0,0.0,0.0,0.0,0.0,0.0
2024-10-10 06:00:00,0.0,0.0,0.0,False,True,False,0,no_power,0.0,0.0,0.0,0.0,0.0,0.0,0.0,0.0
2024-10-10 07:00:00,0.513,0.493,118.0,True,True,False,0,no_power,0.0,0.0,0.0,0.0,0.0,0.0,0.0,0.0
2024-10-10 08:00:00,1.184,1.136,305.0,True,True,False,0,no_power,0.0,0.0,0.0,0.0,0.0,0.0,0.0,0.0
2024-10-10 09:00:00,1.645,1.58,387.0,True,True,True,1,ok,1.263,0.0,1.263,0.0,0.317,0.0,0.0,0.0
2024-10-10 10:00:00,2.281,2.19,601.0,True,True,True,2,ok,1.263,0.0,1.263,0.0,0.927,0.0,0.0,0.0
2024-10-10 11:00:00,2.499,2.399,637.0,True,True,True,3,ok,1.263,0.0,1.263,0.0,1.136,0.0,0.0,0.0
2024-10-10 12:00:00,2.553,2.45,658.0,True,True,True,4,ok,1.263,0.0,1.263,0.0,1.187,0.0,0.0,0.0
2024-10-10 13:00:00,2.181,2.094,512.0,True,True,True,5,ok,1.263,0.0,1.263,0.0,0.831,0.0,0.0,0.0
2024-10-10 14:00:00,2.317,2.224,641.0,True,True,True,6,ok,1.263,0.0,1.263,0.0,0.961,0.0,0.0,0.0
2024-10-10 15:00:00,1.751,1.681,486.0,True,True,False,6,cap_reached,0.0,0.0,0.0,0.0,1.681,0.0,0.0,0.0
2024-10-10 16:00:00,1.143,1.097,303.0,True,True,False,6,cap_reached,0.0,0.0,0.0,0.0,1.097,0.0,0.0,0.0
2024-10-10 17:00:00,0.46,0.442,111.0,True,True,False,6,cap_reached,0.0,0.0,0.0,0.0,0.442,0.0,0.0,0.0
2024-10-10 18:00:00,0.0,0.0,0.0,False,True,False,6,cap_reached,0.0,0.0,0.0,0.0,0.0,0.0,0.0,0.0
2024-10-10 19:00:00,0.0,0.0,0.0,False,True,False,6,cap_reached,0.0,0.0,0.0,0.0,0.0,0.0,0.0,0.0
2024-10-10 20:00:00,0.0,0.0,0.0,False,True,False,6,cap_reached,0.0,0.0,0.0,0.0,0.0,0.0,0.0,0.0
2024-10-10 21:00:00,0.0,0.0,0.0,False,True,False,6,cap_reached,0.0,0.0,0.0,0.0,0.0,0.0,0.0,0.0
2024-10-10 22:00:00,0.0,0.0,0.0,False,True,False,6,cap_reached,0.0,0.0,0.0,0.0,0.0,0.0,0.0,0.0
2024-10-10 23:00:00,0.0,0.0,0.0,False,True,False,6,cap_reached,0.0,0.0,0.0,0.0,0.0,0.0,0.0,0.0
2024-10-11 00:00:00,0.0,0.0,0.0,False,True,False,0,no_power,0.0,0.0,0.0,0.0,0.0,0.0,0.0,0.0
2024-10-11 01:00:00,0.0,0.0,0.0,False,True,False,0,no_power,0.0,0.0,0.0,0.0,0.0,0.0,0.0,0.0
2024-10-11 02:00:00,0.0,0.0,0.0,False,True,False,0,no_power,0.0,0.0,0.0,0.0,0.0,0.0,0.0,0.0
2024-10-11 03:00:00,0.0,0.0,0.0,False,True,False,0,no_power,0.0,0.0,0.0,0.0,0.0,0.0,0.0,0.0
2024-10-11 04:00:00,0.0,0.0,0.0,False,True,False,0,no_power,0.0,0.0,0.0,0.0,0.0,0.0,0.0,0.0
2024-10-11 05:00:00,0.0,0.0,0.0,False,True,False,0,no_power,0.0,0.0,0.0,0.0,0.0,0.0,0.0,0.0
2024-10-11 06:00:00,0.0,0.0,0.0,False,True,False,0,no_power,0.0,0.0,0.0,0.0,0.0,0.0,0.0,0.0
2024-10-11 07:00:00,0.439,0.421,122.0,True,True,False,0,no_power,0.0,0.0,0.0,0.0,0.0,0.0,0.0,0.0
2024-10-11 08:00:00,1.171,1.124,340.0,True,True,False,0,no_power,0.0,0.0,0.0,0.0,0.0,0.0,0.0,0.0
2024-10-11 09:00:00,1.877,1.802,549.0,True,True,True,1,ok,1.263,0.0,1.263,0.0,0.539,0.0,0.0,0.0
2024-10-11 10:00:00,2.418,2.322,731.0,True,True,True,2,ok,1.263,0.0,1.263,0.0,1.059,0.0,0.0,0.0
2024-10-11 11:00:00,2.76,2.65,831.0,True,True,True,3,ok,1.263,0.0,1.263,0.0,1.387,0.0,0.0,0.0
2024-10-11 12:00:00,2.877,2.762,864.0,True,True,True,4,ok,1.263,0.0,1.263,0.0,1.499,0.0,0.0,0.0
2024-10-11 13:00:00,0.635,0.61,132.0,True,True,False,4,no_power,0.0,0.0,0.0,0.0,0.0,0.0,0.0,0.0
2024-10-11 14:00:00,2.388,2.292,713.0,True,True,True,5,ok,1.263,0.0,1.263,0.0,1.029,0.0,0.0,0.0
2024-10-11 15:00:00,1.826,1.753,545.0,True,True,True,6,ok,1.263,0.0,1.263,0.0,0.49,0.0,0.0,0.0
2024-10-11 16:00:00,1.12,1.075,337.0,True,True,False,6,cap_reached,0.0,0.0,0.0,0.0,1.075,0.0,0.0,0.0
2024-10-11 17:00:00,0.379,0.364,119.0,True,True,False,6,cap_reached,0.0,0.0,0.0,0.0,0.364,0.0,0.0,0.0
2024-10-11 18:00:00,0.0,0.0,0.0,False,True,False,6,cap_reached,0.0,0.0,0.0,0.0,0.0,0.0,0.0,0.0
2024-10-11 19:00:00,0.0,0.0,0.0,False,True,False,6,cap_reached,0.0,0.0,0.0,0.0,0.0,0.0,0.0,0.0
2024-10-11 20:00:00,0.0,0.0,0.0,False,True,False,6,cap_reached,0.0,0.0,0.0,0.0,0.0,0.0,0.0,0.0
2024-10-11 21:00:00,0.0,0.0,0.0,False,True,False,6,cap_reached,0.0,0.0,0.0,0.0,0.0,0.0,0.0,0.0
2024-10-11 22:00:00,0.0,0.0,0.0,False,True,False,6,cap_reached,0.0,0.0,0.0,0.0,0.0,0.0,0.0,0.0
2024-10-11 23:00:00,0.0,0.0,0.0,False,True,False,6,cap_reached,0.0,0.0,0.0,0.0,0.0,0.0,0.0,0.0
2024-10-12 00:00:00,0.0,0.0,0.0,False,True,False,0,no_power,0.0,0.0,0.0,0.0,0.0,0.0,0.0,0.0
2024-10-12 01:00:00,0.0,0.0,0.0,False,True,False,0,no_power,0.0,0.0,0.0,0.0,0.0,0.0,0.0,0.0
2024-10-12 02:00:00,0.0,0.0,0.0,False,True,False,0,no_power,0.0,0.0,0.0,0.0,0.0,0.0,0.0,0.0
2024-10-12 03:00:00,0.0,0.0,0.0,False,True,False,0,no_power,0.0,0.0,0.0,0.0,0.0,0.0,0.0,0.0
2024-10-12 04:00:00,0.0,0.0,0.0,False,True,False,0,no_power,0.0,0.0,0.0,0.0,0.0,0.0,0.0,0.0
2024-10-12 05:00:00,0.0,0.0,0.0,False,True,False,0,no_power,0.0,0.0,0.0,0.0,0.0,0.0,0.0,0.0
2024-10-12 06:00:00,0.0,0.0,0.0,False,True,False,0,no_power,0.0,0.0,0.0,0.0,0.0,0.0,0.0,0.0
2024-10-12 07:00:00,0.393,0.377,128.0,True,True,False,0,no_power,0.0,0.0,0.0,0.0,0.0,0.0,0.0,0.0
2024-10-12 08:00:00,1.136,1.09,348.0,True,True,False,0,no_power,0.0,0.0,0.0,0.0,0.0,0.0,0.0,0.0
2024-10-12 09:00:00,1.835,1.761,556.0,True,True,True,1,ok,1.263,0.0,1.263,0.0,0.498,0.0,0.0,0.0
2024-10-12 10:00:00,2.383,2.288,718.0,True,True,True,2,ok,1.263,0.0,1.263,0.0,1.025,0.0,0.0,0.0
2024-10-12 11:00:00,2.726,2.617,821.0,True,True,True,3,ok,1.263,0.0,1.263,0.0,1.354,0.0,0.0,0.0
2024-10-12 12:00:00,2.833,2.72,854.0,True,True,True,4,ok,1.263,0.0,1.263,0.0,1.457,0.0,0.0,0.0
2024-10-12 13:00:00,2.126,2.041,483.0,True,True,True,5,ok,1.263,0.0,1.263,0.0,0.778,0.0,0.0,0.0
2024-10-12 14:00:00,1.764,1.694,403.0,True,True,True,6,ok,1.263,0.0,1.263,0.0,0.431,0.0,0.0,0.0
2024-10-12 15:00:00,1.553,1.491,395.0,True,True,False,6,cap_reached,0.0,0.0,0.0,0.0,1.491,0.0,0.0,0.0
2024-10-12 16:00:00,0.442,0.424,91.0,True,True,False,6,cap_reached,0.0,0.0,0.0,0.0,0.424,0.0,0.0,0.0
2024-10-12 17:00:00,0.015,0.014,3.0,False,True,False,6,cap_reached,0.0,0.0,0.0,0.0,0.014,0.0,0.0,0.0
2024-10-12 18:00:00,0.0,0.0,0.0,False,True,False,6,cap_reached,0.0,0.0,0.0,0.0,0.0,0.0,0.0,0.0
2024-10-12 19:00:00,0.0,0.0,0.0,False,True,False,6,cap_reached,0.0,0.0,0.0,0.0,0.0,0.0,0.0,0.0
2024-10-12 20:00:00,0.0,0.0,0.0,False,True,False,6,cap_reached,0.0,0.0,0.0,0.0,0.0,0.0,0.0,0.0
2024-10-12 21:00:00,0.0,0.0,0.0,False,True,False,6,cap_reached,0.0,0.0,0.0,0.0,0.0,0.0,0.0,0.0
2024-10-12 22:00:00,0.0,0.0,0.0,False,True,False,6,cap_reached,0.0,0.0,0.0,0.0,0.0,0.0,0.0,0.0
2024-10-12 23:00:00,0.0,0.0,0.0,False,True,False,6,cap_reached,0.0,0.0,0.0,0.0,0.0,0.0,0.0,0.0
2024-10-13 00:00:00,0.0,0.0,0.0,False,True,False,0,no_power,0.0,0.0,0.0,0.0,0.0,0.0,0.0,0.0
2024-10-13 01:00:00,0.0,0.0,0.0,False,True,False,0,no_power,0.0,0.0,0.0,0.0,0.0,0.0,0.0,0.0
2024-10-13 02:00:00,0.0,0.0,0.0,False,True,False,0,no_power,0.0,0.0,0.0,0.0,0.0,0.0,0.0,0.0
2024-10-13 03:00:00,0.0,0.0,0.0,False,True,False,0,no_power,0.0,0.0,0.0,0.0,0.0,0.0,0.0,0.0
2024-10-13 04:00:00,0.0,0.0,0.0,False,True,False,0,no_power,0.0,0.0,0.0,0.0,0.0,0.0,0.0,0.0
2024-10-13 05:00:00,0.0,0.0,0.0,False,True,False,0,no_power,0.0,0.0,0.0,0.0,0.0,0.0,0.0,0.0
2024-10-13 06:00:00,0.0,0.0,0.0,False,True,False,0,no_power,0.0,0.0,0.0,0.0,0.0,0.0,0.0,0.0
2024-10-13 07:00:00,0.429,0.412,89.0,True,True,False,0,no_power,0.0,0.0,0.0,0.0,0.0,0.0,0.0,0.0
2024-10-13 08:00:00,1.106,1.062,286.0,True,True,False,0,no_power,0.0,0.0,0.0,0.0,0.0,0.0,0.0,0.0
2024-10-13 09:00:00,1.591,1.528,386.0,True,True,True,1,ok,1.263,0.0,1.263,0.0,0.265,0.0,0.0,0.0
2024-10-13 10:00:00,2.342,2.248,705.0,True,True,True,2,ok,1.263,0.0,1.263,0.0,0.985,0.0,0.0,0.0
2024-10-13 11:00:00,2.451,2.353,576.0,True,True,True,3,ok,1.263,0.0,1.263,0.0,1.09,0.0,0.0,0.0
2024-10-13 12:00:00,0.181,0.174,37.0,True,True,False,3,no_power,0.0,0.0,0.0,0.0,0.0,0.0,0.0,0.0
2024-10-13 13:00:00,2.188,2.1,500.0,True,True,True,4,ok,1.263,0.0,1.263,0.0,0.837,0.0,0.0,0.0
2024-10-13 14:00:00,1.033,0.991,217.0,True,True,False,4,no_power,0.0,0.0,0.0,0.0,0.0,0.0,0.0,0.0
2024-10-13 15:00:00,0.049,0.047,10.0,False,True,False,4,no_power,0.0,0.0,0.0,0.0,0.0,0.0,0.0,0.0
2024-10-13 16:00:00,0.025,0.024,5.0,False,True,False,4,no_power,0.0,0.0,0.0,0.0,0.0,0.0,0.0,0.0
2024-10-13 17:00:00,0.388,0.372,87.0,True,True,False,4,no_power,0.0,0.0,0.0,0.0,0.0,0.0,0.0,0.0
2024-10-13 18:00:00,0.0,0.0,0.0,False,True,False,4,no_power,0.0,0.0,0.0,0.0,0.0,0.0,0.0,0.0
2024-10-13 19:00:00,0.0,0.0,0.0,False,True,False,4,no_power,0.0,0.0,0.0,0.0,0.0,0.0,0.0,0.0
2024-10-13 20:00:00,0.0,0.0,0.0,False,True,False,4,no_power,0.0,0.0,0.0,0.0,0.0,0.0,0.0,0.0
2024-10-13 21:00:00,0.0,0.0,0.0,False,True,False,4,no_power,0.0,0.0,0.0,0.0,0.0,0.0,0.0,0.0
2024-10-13 22:00:00,0.0,0.0,0.0,False,True,False,4,no_power,0.0,0.0,0.0,0.0,0.0,0.0,0.0,0.0
2024-10-13 23:00:00,0.0,0.0,0.0,False,True,False,4,no_power,0.0,0.0,0.0,0.0,0.0,0.0,0.0,0.0
2024-10-14 00:00:00,0.0,0.0,0.0,False,True,False,0,no_power,0.0,0.0,0.0,0.0,0.0,0.0,0.0,0.0
2024-10-14 01:00:00,0.0,0.0,0.0,False,True,False,0,no_power,0.0,0.0,0.0,0.0,0.0,0.0,0.0,0.0
2024-10-14 02:00:00,0.0,0.0,0.0,False,True,False,0,no_power,0.0,0.0,0.0,0.0,0.0,0.0,0.0,0.0
2024-10-14 03:00:00,0.0,0.0,0.0,False,True,False,0,no_power,0.0,0.0,0.0,0.0,0.0,0.0,0.0,0.0
2024-10-14 04:00:00,0.0,0.0,0.0,False,True,False,0,no_power,0.0,0.0,0.0,0.0,0.0,0.0,0.0,0.0
2024-10-14 05:00:00,0.0,0.0,0.0,False,True,False,0,no_power,0.0,0.0,0.0,0.0,0.0,0.0,0.0,0.0
2024-10-14 06:00:00,0.0,0.0,0.0,False,True,False,0,no_power,0.0,0.0,0.0,0.0,0.0,0.0,0.0,0.0
2024-10-14 07:00:00,0.358,0.344,129.0,True,True,False,0,no_power,0.0,0.0,0.0,0.0,0.0,0.0,0.0,0.0
2024-10-14 08:00:00,0.992,0.952,212.0,True,True,False,0,no_power,0.0,0.0,0.0,0.0,0.0,0.0,0.0,0.0
2024-10-14 09:00:00,1.793,1.722,551.0,True,True,True,1,ok,1.263,0.0,1.263,0.0,0.459,0.0,0.0,0.0
2024-10-14 10:00:00,2.335,2.242,712.0,True,True,True,2,ok,1.263,0.0,1.263,0.0,0.979,0.0,0.0,0.0
2024-10-14 11:00:00,2.676,2.569,813.0,True,True,True,3,ok,1.263,0.0,1.263,0.0,1.306,0.0,0.0,0.0
2024-10-14 12:00:00,2.026,1.945,449.0,True,True,True,4,ok,1.263,0.0,1.263,0.0,0.682,0.0,0.0,0.0
2024-10-14 13:00:00,2.654,2.548,804.0,True,True,True,5,ok,1.263,0.0,1.263,0.0,1.285,0.0,0.0,0.0
2024-10-14 14:00:00,1.817,1.744,404.0,True,True,True,6,ok,1.263,0.0,1.263,0.0,0.481,0.0,0.0,0.0
2024-10-14 15:00:00,1.738,1.668,530.0,True,True,False,6,cap_reached,0.0,0.0,0.0,0.0,1.668,0.0,0.0,0.0
2024-10-14 16:00:00,1.039,0.997,324.0,True,True,False,6,cap_reached,0.0,0.0,0.0,0.0,0.997,0.0,0.0,0.0
2024-10-14 17:00:00,0.322,0.309,110.0,True,True,False,6,cap_reached,0.0,0.0,0.0,0.0,0.309,0.0,0.0,0.0
2024-10-14 18:00:00,0.0,0.0,0.0,False,True,False,6,cap_reached,0.0,0.0,0.0,0.0,0.0,0.0,0.0,0.0
2024-10-14 19:00:00,0.0,0.0,0.0,False,True,False,6,cap_reached,0.0,0.0,0.0,0.0,0.0,0.0,0.0,0.0
2024-10-14 20:00:00,0.0,0.0,0.0,False,True,False,6,cap_reached,0.0,0.0,0.0,0.0,0.0,0.0,0.0,0.0
2024-10-14 21:00:00,0.0,0.0,0.0,False,True,False,6,cap_reached,0.0,0.0,0.0,0.0,0.0,0.0,0.0,0.0
2024-10-14 22:00:00,0.0,0.0,0.0,False,True,False,6,cap_reached,0.0,0.0,0.0,0.0,0.0,0.0,0.0,0.0
2024-10-14 23:00:00,0.0,0.0,0.0,False,True,False,6,cap_reached,0.0,0.0,0.0,0.0,0.0,0.0,0.0,0.0
2024-10-15 00:00:00,0.0,0.0,0.0,False,True,False,0,no_power,0.0,0.0,0.0,0.0,0.0,0.0,0.0,0.0
2024-10-15 01:00:00,0.0,0.0,0.0,False,True,False,0,no_power,0.0,0.0,0.0,0.0,0.0,0.0,0.0,0.0
2024-10-15 02:00:00,0.0,0.0,0.0,False,True,False,0,no_power,0.0,0.0,0.0,0.0,0.0,0.0,0.0,0.0
2024-10-15 03:00:00,0.0,0.0,0.0,False,True,False,0,no_power,0.0,0.0,0.0,0.0,0.0,0.0,0.0,0.0
2024-10-15 04:00:00,0.0,0.0,0.0,False,True,False,0,no_power,0.0,0.0,0.0,0.0,0.0,0.0,0.0,0.0
2024-10-15 05:00:00,0.0,0.0,0.0,False,True,False,0,no_power,0.0,0.0,0.0,0.0,0.0,0.0,0.0,0.0
2024-10-15 06:00:00,0.0,0.0,0.0,False,True,False,0,no_power,0.0,0.0,0.0,0.0,0.0,0.0,0.0,0.0
2024-10-15 07:00:00,0.345,0.331,125.0,True,True,False,0,no_power,0.0,0.0,0.0,0.0,0.0,0.0,0.0,0.0
2024-10-15 08:00:00,1.073,1.03,342.0,True,True,False,0,no_power,0.0,0.0,0.0,0.0,0.0,0.0,0.0,0.0
2024-10-15 09:00:00,1.627,1.562,363.0,True,True,True,1,ok,1.263,0.0,1.263,0.0,0.299,0.0,0.0,0.0
2024-10-15 10:00:00,1.917,1.84,429.0,True,True,True,2,ok,1.263,0.0,1.263,0.0,0.577,0.0,0.0,0.0
2024-10-15 11:00:00,1.2,1.152,250.0,True,True,False,2,no_power,0.0,0.0,0.0,0.0,0.0,0.0,0.0,0.0
2024-10-15 12:00:00,2.579,2.476,613.0,True,True,True,3,ok,1.263,0.0,1.263,0.0,1.213,0.0,0.0,0.0
2024-10-15 13:00:00,2.505,2.405,601.0,True,True,True,4,ok,1.263,0.0,1.263,0.0,1.142,0.0,0.0,0.0
2024-10-15 14:00:00,0.678,0.651,139.0,True,True,False,4,no_power,0.0,0.0,0.0,0.0,0.0,0.0,0.0,0.0
2024-10-15 15:00:00,0.245,0.235,50.0,True,True,False,4,no_power,0.0,0.0,0.0,0.0,0.0,0.0,0.0,0.0
2024-10-15 16:00:00,0.03,0.028,6.0,False,True,False,4,no_power,0.0,0.0,0.0,0.0,0.0,0.0,0.0,0.0
2024-10-15 17:00:00,0.294,0.283,60.0,True,True,False,4,no_power,0.0,0.0,0.0,0.0,0.0,0.0,0.0,0.0
2024-10-15 18:00:00,0.0,0.0,0.0,False,True,False,4,no_power,0.0,0.0,0.0,0.0,0.0,0.0,0.0,0.0
2024-10-15 19:00:00,0.0,0.0,0.0,False,True,False,4,no_power,0.0,0.0,0.0,0.0,0.0,0.0,0.0,0.0
2024-10-15 20:00:00,0.0,0.0,0.0,False,True,False,4,no_power,0.0,0.0,0.0,0.0,0.0,0.0,0.0,0.0
2024-10-15 21:00:00,0.0,0.0,0.0,False,True,False,4,no_power,0.0,0.0,0.0,0.0,0.0,0.0,0.0,0.0
2024-10-15 22:00:00,0.0,0.0,0.0,False,True,False,4,no_power,0.0,0.0,0.0,0.0,0.0,0.0,0.0,0.0
2024-10-15 23:00:00,0.0,0.0,0.0,False,True,False,4,no_power,0.0,0.0,0.0,0.0,0.0,0.0,0.0,0.0
2024-10-16 00:00:00,0.0,0.0,0.0,False,True,False,0,no_power,0.0,0.0,0.0,0.0,0.0,0.0,0.0,0.0
2024-10-16 01:00:00,0.0,0.0,0.0,False,True,False,0,no_power,0.0,0.0,0.0,0.0,0.0,0.0,0.0,0.0
2024-10-16 02:00:00,0.0,0.0,0.0,False,True,False,0,no_power,0.0,0.0,0.0,0.0,0.0,0.0,0.0,0.0
2024-10-16 03:00:00,0.0,0.0,0.0,False,True,False,0,no_power,0.0,0.0,0.0,0.0,0.0,0.0,0.0,0.0
2024-10-16 04:00:00,0.0,0.0,0.0,False,True,False,0,no_power,0.0,0.0,0.0,0.0,0.0,0.0,0.0,0.0
2024-10-16 05:00:00,0.0,0.0,0.0,False,True,False,0,no_power,0.0,0.0,0.0,0.0,0.0,0.0,0.0,0.0
2024-10-16 06:00:00,0.0,0.0,0.0,False,True,False,0,no_power,0.0,0.0,0.0,0.0,0.0,0.0,0.0,0.0
2024-10-16 07:00:00,0.178,0.17,37.0,True,True,False,0,no_power,0.0,0.0,0.0,0.0,0.0,0.0,0.0,0.0
2024-10-16 08:00:00,0.079,0.076,16.0,False,True,False,0,no_power,0.0,0.0,0.0,0.0,0.0,0.0,0.0,0.0
2024-10-16 09:00:00,0.392,0.376,80.0,True,True,False,0,no_power,0.0,0.0,0.0,0.0,0.0,0.0,0.0,0.0
2024-10-16 10:00:00,0.43,0.413,88.0,True,True,False,0,no_power,0.0,0.0,0.0,0.0,0.0,0.0,0.0,0.0
2024-10-16 11:00:00,1.796,1.724,397.0,True,True,True,1,ok,1.263,0.0,1.263,0.0,0.461,0.0,0.0,0.0
2024-10-16 12:00:00,1.591,1.527,335.0,True,True,True,2,ok,1.263,0.0,1.263,0.0,0.264,0.0,0.0,0.0
2024-10-16 13:00:00,1.824,1.751,395.0,True,True,True,3,ok,1.263,0.0,1.263,0.0,0.488,0.0,0.0,0.0
2024-10-16 14:00:00,2.216,2.127,540.0,True,True,True,4,ok,1.263,0.0,1.263,0.0,0.864,0.0,0.0,0.0
2024-10-16 15:00:00,1.505,1.445,331.0,True,True,True,5,ok,1.263,0.0,1.263,0.0,0.182,0.0,0.0,0.0
2024-10-16 16:00:00,0.994,0.954,323.0,True,True,False,5,no_power,0.0,0.0,0.0,0.0,0.0,0.0,0.0,0.0
2024-10-16 17:00:00,0.279,0.268,107.0,True,True,False,5,no_power,0.0,0.0,0.0,0.0,0.0,0.0,0.0,0.0
2024-10-16 18:00:00,0.0,0.0,0.0,False,True,False,5,no_power,0.0,0.0,0.0,0.0,0.0,0.0,0.0,0.0
2024-10-16 19:00:00,0.0,0.0,0.0,False,True,False,5,no_power,0.0,0.0,0.0,0.0,0.0,0.0,0.0,0.0
2024-10-16 20:00:00,0.0,0.0,0.0,False,True,False,5,no_power,0.0,0.0,0.0,0.0,0.0,0.0,0.0,0.0
2024-10-16 21:00:00,0.0,0.0,0.0,False,True,False,5,no_power,0.0,0.0,0.0,0.0,0.0,0.0,0.0,0.0
2024-10-16 22:00:00,0.0,0.0,0.0,False,True,False,5,no_power,0.0,0.0,0.0,0.0,0.0,0.0,0.0,0.0
2024-10-16 23:00:00,0.0,0.0,0.0,False,True,False,5,no_power,0.0,0.0,0.0,0.0,0.0,0.0,0.0,0.0
2024-10-17 00:00:00,0.0,0.0,0.0,False,True,False,0,no_power,0.0,0.0,0.0,0.0,0.0,0.0,0.0,0.0
2024-10-17 01:00:00,0.0,0.0,0.0,False,True,False,0,no_power,0.0,0.0,0.0,0.0,0.0,0.0,0.0,0.0
2024-10-17 02:00:00,0.0,0.0,0.0,False,True,False,0,no_power,0.0,0.0,0.0,0.0,0.0,0.0,0.0,0.0
2024-10-17 03:00:00,0.0,0.0,0.0,False,True,False,0,no_power,0.0,0.0,0.0,0.0,0.0,0.0,0.0,0.0
2024-10-17 04:00:00,0.0,0.0,0.0,False,True,False,0,no_power,0.0,0.0,0.0,0.0,0.0,0.0,0.0,0.0
2024-10-17 05:00:00,0.0,0.0,0.0,False,True,False,0,no_power,0.0,0.0,0.0,0.0,0.0,0.0,0.0,0.0
2024-10-17 06:00:00,0.0,0.0,0.0,False,True,False,0,no_power,0.0,0.0,0.0,0.0,0.0,0.0,0.0,0.0
2024-10-17 07:00:00,0.242,0.232,49.0,True,True,False,0,no_power,0.0,0.0,0.0,0.0,0.0,0.0,0.0,0.0
2024-10-17 08:00:00,0.847,0.813,176.0,True,True,False,0,no_power,0.0,0.0,0.0,0.0,0.0,0.0,0.0,0.0
2024-10-17 09:00:00,1.373,1.318,294.0,True,True,True,1,ok,1.263,0.0,1.263,0.0,0.055,0.0,0.0,0.0
2024-10-17 10:00:00,1.802,1.73,395.0,True,True,True,2,ok,1.263,0.0,1.263,0.0,0.467,0.0,0.0,0.0
2024-10-17 11:00:00,2.64,2.535,763.0,True,True,True,3,ok,1.263,0.0,1.263,0.0,1.272,0.0,0.0,0.0
2024-10-17 12:00:00,0.591,0.568,121.0,True,True,False,3,no_power,0.0,0.0,0.0,0.0,0.0,0.0,0.0,0.0
2024-10-17 13:00:00,0.334,0.321,68.0,True,True,False,3,no_power,0.0,0.0,0.0,0.0,0.0,0.0,0.0,0.0
2024-10-17 14:00:00,0.32,0.307,65.0,True,True,False,3,no_power,0.0,0.0,0.0,0.0,0.0,0.0,0.0,0.0
2024-10-17 15:00:00,0.241,0.232,49.0,True,True,False,3,no_power,0.0,0.0,0.0,0.0,0.0,0.0,0.0,0.0
2024-10-17 16:00:00,0.04,0.038,8.0,False,True,False,3,no_power,0.0,0.0,0.0,0.0,0.0,0.0,0.0,0.0
2024-10-17 17:00:00,0.084,0.081,17.0,False,True,False,3,no_power,0.0,0.0,0.0,0.0,0.0,0.0,0.0,0.0
2024-10-17 18:00:00,0.0,0.0,0.0,False,True,False,3,no_power,0.0,0.0,0.0,0.0,0.0,0.0,0.0,0.0
2024-10-17 19:00:00,0.0,0.0,0.0,False,True,False,3,no_power,0.0,0.0,0.0,0.0,0.0,0.0,0.0,0.0
2024-10-17 20:00:00,0.0,0.0,0.0,False,True,False,3,no_power,0.0,0.0,0.0,0.0,0.0,0.0,0.0,0.0
2024-10-17 21:00:00,0.0,0.0,0.0,False,True,False,3,no_power,0.0,0.0,0.0,0.0,0.0,0.0,0.0,0.0
2024-10-17 22:00:00,0.0,0.0,0.0,False,True,False,3,no_power,0.0,0.0,0.0,0.0,0.0,0.0,0.0,0.0
2024-10-17 23:00:00,0.0,0.0,0.0,False,True,False,3,no_power,0.0,0.0,0.0,0.0,0.0,0.0,0.0,0.0
2024-10-18 00:00:00,0.0,0.0,0.0,False,True,False,0,no_power,0.0,0.0,0.0,0.0,0.0,0.0,0.0,0.0
2024-10-18 01:00:00,0.0,0.0,0.0,False,True,False,0,no_power,0.0,0.0,0.0,0.0,0.0,0.0,0.0,0.0
2024-10-18 02:00:00,0.0,0.0,0.0,False,True,False,0,no_power,0.0,0.0,0.0,0.0,0.0,0.0,0.0,0.0
2024-10-18 03:00:00,0.0,0.0,0.0,False,True,False,0,no_power,0.0,0.0,0.0,0.0,0.0,0.0,0.0,0.0
2024-10-18 04:00:00,0.0,0.0,0.0,False,True,False,0,no_power,0.0,0.0,0.0,0.0,0.0,0.0,0.0,0.0
2024-10-18 05:00:00,0.0,0.0,0.0,False,True,False,0,no_power,0.0,0.0,0.0,0.0,0.0,0.0,0.0,0.0
2024-10-18 06:00:00,0.0,0.0,0.0,False,True,False,0,no_power,0.0,0.0,0.0,0.0,0.0,0.0,0.0,0.0
2024-10-18 07:00:00,0.25,0.24,53.0,True,True,False,0,no_power,0.0,0.0,0.0,0.0,0.0,0.0,0.0,0.0
2024-10-18 08:00:00,0.281,0.269,57.0,True,True,False,0,no_power,0.0,0.0,0.0,0.0,0.0,0.0,0.0,0.0
2024-10-18 09:00:00,0.31,0.297,63.0,True,True,False,0,no_power,0.0,0.0,0.0,0.0,0.0,0.0,0.0,0.0
2024-10-18 10:00:00,0.484,0.465,99.0,True,True,False,0,no_power,0.0,0.0,0.0,0.0,0.0,0.0,0.0,0.0
2024-10-18 11:00:00,1.758,1.688,377.0,True,True,True,1,ok,1.263,0.0,1.263,0.0,0.425,0.0,0.0,0.0
2024-10-18 12:00:00,0.571,0.548,117.0,True,True,False,1,no_power,0.0,0.0,0.0,0.0,0.0,0.0,0.0,0.0
2024-10-18 13:00:00,1.122,1.078,234.0,True,True,False,1,no_power,0.0,0.0,0.0,0.0,0.0,0.0,0.0,0.0
2024-10-18 14:00:00,0.265,0.254,54.0,True,True,False,1,no_power,0.0,0.0,0.0,0.0,0.0,0.0,0.0,0.0
2024-10-18 15:00:00,0.619,0.594,127.0,True,True,False,1,no_power,0.0,0.0,0.0,0.0,0.0,0.0,0.0,0.0
2024-10-18 16:00:00,0.266,0.256,55.0,True,True,False,1,no_power,0.0,0.0,0.0,0.0,0.0,0.0,0.0,0.0
2024-10-18 17:00:00,0.29,0.278,92.0,True,True,False,1,no_power,0.0,0.0,0.0,0.0,0.0,0.0,0.0,0.0
2024-10-18 18:00:00,0.0,0.0,0.0,False,True,False,1,no_power,0.0,0.0,0.0,0.0,0.0,0.0,0.0,0.0
2024-10-18 19:00:00,0.0,0.0,0.0,False,True,False,1,no_power,0.0,0.0,0.0,0.0,0.0,0.0,0.0,0.0
2024-10-18 20:00:00,0.0,0.0,0.0,False,True,False,1,no_power,0.0,0.0,0.0,0.0,0.0,0.0,0.0,0.0
2024-10-18 21:00:00,0.0,0.0,0.0,False,True,False,1,no_power,0.0,0.0,0.0,0.0,0.0,0.0,0.0,0.0
2024-10-18 22:00:00,0.0,0.0,0.0,False,True,False,1,no_power,0.0,0.0,0.0,0.0,0.0,0.0,0.0,0.0
2024-10-18 23:00:00,0.0,0.0,0.0,False,True,False,1,no_power,0.0,0.0,0.0,0.0,0.0,0.0,0.0,0.0
2024-10-19 00:00:00,0.0,0.0,0.0,False,True,False,0,no_power,0.0,0.0,0.0,0.0,0.0,0.0,0.0,0.0
2024-10-19 01:00:00,0.0,0.0,0.0,False,True,False,0,no_power,0.0,0.0,0.0,0.0,0.0,0.0,0.0,0.0
2024-10-19 02:00:00,0.0,0.0,0.0,False,True,False,0,no_power,0.0,0.0,0.0,0.0,0.0,0.0,0.0,0.0
2024-10-19 03:00:00,0.0,0.0,0.0,False,True,False,0,no_power,0.0,0.0,0.0,0.0,0.0,0.0,0.0,0.0
2024-10-19 04:00:00,0.0,0.0,0.0,False,True,False,0,no_power,0.0,0.0,0.0,0.0,0.0,0.0,0.0,0.0
2024-10-19 05:00:00,0.0,0.0,0.0,False,True,False,0,no_power,0.0,0.0,0.0,0.0,0.0,0.0,0.0,0.0
2024-10-19 06:00:00,0.0,0.0,0.0,False,True,False,0,no_power,0.0,0.0,0.0,0.0,0.0,0.0,0.0,0.0
2024-10-19 07:00:00,0.44,0.422,96.0,True,True,False,0,no_power,0.0,0.0,0.0,0.0,0.0,0.0,0.0,0.0
2024-10-19 08:00:00,1.037,0.995,316.0,True,True,False,0,no_power,0.0,0.0,0.0,0.0,0.0,0.0,0.0,0.0
2024-10-19 09:00:00,1.718,1.649,517.0,True,True,True,1,ok,1.263,0.0,1.263,0.0,0.386,0.0,0.0,0.0
2024-10-19 10:00:00,2.244,2.155,688.0,True,True,True,2,ok,1.263,0.0,1.263,0.0,0.892,0.0,0.0,0.0
2024-10-19 11:00:00,2.584,2.481,789.0,True,True,True,3,ok,1.263,0.0,1.263,0.0,1.218,0.0,0.0,0.0
2024-10-19 12:00:00,2.499,2.399,586.0,True,True,True,4,ok,1.263,0.0,1.263,0.0,1.136,0.0,0.0,0.0
2024-10-19 13:00:00,2.567,2.465,777.0,True,True,True,5,ok,1.263,0.0,1.263,0.0,1.202,0.0,0.0,0.0
2024-10-19 14:00:00,1.651,1.585,358.0,True,True,True,6,ok,1.263,0.0,1.263,0.0,0.322,0.0,0.0,0.0
2024-10-19 15:00:00,1.658,1.592,499.0,True,True,False,6,cap_reached,0.0,0.0,0.0,0.0,1.592,0.0,0.0,0.0
2024-10-19 16:00:00,0.973,0.934,293.0,True,True,False,6,cap_reached,0.0,0.0,0.0,0.0,0.934,0.0,0.0,0.0
2024-10-19 17:00:00,0.296,0.285,87.0,True,True,False,6,cap_reached,0.0,0.0,0.0,0.0,0.285,0.0,0.0,0.0
2024-10-19 18:00:00,0.0,0.0,0.0,False,True,False,6,cap_reached,0.0,0.0,0.0,0.0,0.0,0.0,0.0,0.0
2024-10-19 19:00:00,0.0,0.0,0.0,False,True,False,6,cap_reached,0.0,0.0,0.0,0.0,0.0,0.0,0.0,0.0
2024-10-19 20:00:00,0.0,0.0,0.0,False,True,False,6,cap_reached,0.0,0.0,0.0,0.0,0.0,0.0,0.0,0.0
2024-10-19 21:00:00,0.0,0.0,0.0,False,True,False,6,cap_reached,0.0,0.0,0.0,0.0,0.0,0.0,0.0,0.0
2024-10-19 22:00:00,0.0,0.0,0.0,False,True,False,6,cap_reached,0.0,0.0,0.0,0.0,0.0,0.0,0.0,0.0
2024-10-19 23:00:00,0.0,0.0,0.0,False,True,False,6,cap_reached,0.0,0.0,0.0,0.0,0.0,0.0,0.0,0.0
2024-10-20 00:00:00,0.0,0.0,0.0,False,True,False,0,no_power,0.0,0.0,0.0,0.0,0.0,0.0,0.0,0.0
2024-10-20 01:00:00,0.0,0.0,0.0,False,True,False,0,no_power,0.0,0.0,0.0,0.0,0.0,0.0,0.0,0.0
2024-10-20 02:00:00,0.0,0.0,0.0,False,True,False,0,no_power,0.0,0.0,0.0,0.0,0.0,0.0,0.0,0.0
2024-10-20 03:00:00,0.0,0.0,0.0,False,True,False,0,no_power,0.0,0.0,0.0,0.0,0.0,0.0,0.0,0.0
2024-10-20 04:00:00,0.0,0.0,0.0,False,True,False,0,no_power,0.0,0.0,0.0,0.0,0.0,0.0,0.0,0.0
2024-10-20 05:00:00,0.0,0.0,0.0,False,True,False,0,no_power,0.0,0.0,0.0,0.0,0.0,0.0,0.0,0.0
2024-10-20 06:00:00,0.0,0.0,0.0,False,True,False,0,no_power,0.0,0.0,0.0,0.0,0.0,0.0,0.0,0.0
2024-10-20 07:00:00,0.304,0.291,119.0,True,True,False,0,no_power,0.0,0.0,0.0,0.0,0.0,0.0,0.0,0.0
2024-10-20 08:00:00,1.02,0.979,339.0,True,True,False,0,no_power,0.0,0.0,0.0,0.0,0.0,0.0,0.0,0.0
2024-10-20 09:00:00,1.721,1.653,545.0,True,True,True,1,ok,1.263,0.0,1.263,0.0,0.39,0.0,0.0,0.0
2024-10-20 10:00:00,2.271,2.181,709.0,True,True,True,2,ok,1.263,0.0,1.263,0.0,0.918,0.0,0.0,0.0
2024-10-20 11:00:00,2.613,2.508,812.0,True,True,True,3,ok,1.263,0.0,1.263,0.0,1.245,0.0,0.0,0.0
2024-10-20 12:00:00,2.719,2.61,844.0,True,True,True,4,ok,1.263,0.0,1.263,0.0,1.347,0.0,0.0,0.0
2024-10-20 13:00:00,2.577,2.474,808.0,True,True,True,5,ok,1.263,0.0,1.263,0.0,1.211,0.0,0.0,0.0
2024-10-20 14:00:00,2.21,2.121,699.0,True,True,True,6,ok,1.263,0.0,1.263,0.0,0.858,0.0,0.0,0.0
2024-10-20 15:00:00,1.643,1.577,530.0,True,True,False,6,cap_reached,0.0,0.0,0.0,0.0,1.577,0.0,0.0,0.0
2024-10-20 16:00:00,0.928,0.891,318.0,True,True,False,6,cap_reached,0.0,0.0,0.0,0.0,0.891,0.0,0.0,0.0
2024-10-20 17:00:00,0.224,0.215,99.0,True,True,False,6,cap_reached,0.0,0.0,0.0,0.0,0.215,0.0,0.0,0.0
2024-10-20 18:00:00,0.0,0.0,0.0,False,True,False,6,cap_reached,0.0,0.0,0.0,0.0,0.0,0.0,0.0,0.0
2024-10-20 19:00:00,0.0,0.0,0.0,False,True,False,6,cap_reached,0.0,0.0,0.0,0.0,0.0,0.0,0.0,0.0
2024-10-20 20:00:00,0.0,0.0,0.0,False,True,False,6,cap_reached,0.0,0.0,0.0,0.0,0.0,0.0,0.0,0.0
2024-10-20 21:00:00,0.0,0.0,0.0,False,True,False,6,cap_reached,0.0,0.0,0.0,0.0,0.0,0.0,0.0,0.0
2024-10-20 22:00:00,0.0,0.0,0.0,False,True,False,6,cap_reached,0.0,0.0,0.0,0.0,0.0,0.0,0.0,0.0
2024-10-20 23:00:00,0.0,0.0,0.0,False,True,False,6,cap_reached,0.0,0.0,0.0,0.0,0.0,0.0,0.0,0.0
2024-10-21 00:00:00,0.0,0.0,0.0,False,True,False,0,no_power,0.0,0.0,0.0,0.0,0.0,0.0,0.0,0.0
2024-10-21 01:00:00,0.0,0.0,0.0,False,True,False,0,no_power,0.0,0.0,0.0,0.0,0.0,0.0,0.0,0.0
2024-10-21 02:00:00,0.0,0.0,0.0,False,True,False,0,no_power,0.0,0.0,0.0,0.0,0.0,0.0,0.0,0.0
2024-10-21 03:00:00,0.0,0.0,0.0,False,True,False,0,no_power,0.0,0.0,0.0,0.0,0.0,0.0,0.0,0.0
2024-10-21 04:00:00,0.0,0.0,0.0,False,True,False,0,no_power,0.0,0.0,0.0,0.0,0.0,0.0,0.0,0.0
2024-10-21 05:00:00,0.0,0.0,0.0,False,True,False,0,no_power,0.0,0.0,0.0,0.0,0.0,0.0,0.0,0.0
2024-10-21 06:00:00,0.0,0.0,0.0,False,True,False,0,no_power,0.0,0.0,0.0,0.0,0.0,0.0,0.0,0.0
2024-10-21 07:00:00,0.265,0.254,122.0,True,True,False,0,no_power,0.0,0.0,0.0,0.0,0.0,0.0,0.0,0.0
2024-10-21 08:00:00,0.981,0.942,341.0,True,True,False,0,no_power,0.0,0.0,0.0,0.0,0.0,0.0,0.0,0.0
2024-10-21 09:00:00,1.679,1.612,547.0,True,True,True,1,ok,1.263,0.0,1.263,0.0,0.349,0.0,0.0,0.0
2024-10-21 10:00:00,1.568,1.505,336.0,True,True,True,2,ok,1.263,0.0,1.263,0.0,0.242,0.0,0.0,0.0
2024-10-21 11:00:00,2.567,2.465,810.0,True,True,True,3,ok,1.263,0.0,1.263,0.0,1.202,0.0,0.0,0.0
2024-10-21 12:00:00,2.4,2.304,559.0,True,True,True,4,ok,1.263,0.0,1.263,0.0,1.041,0.0,0.0,0.0
2024-10-21 13:00:00,2.168,2.081,495.0,True,True,True,5,ok,1.263,0.0,1.263,0.0,0.818,0.0,0.0,0.0
2024-10-21 14:00:00,2.173,2.086,691.0,True,True,True,6,ok,1.263,0.0,1.263,0.0,0.823,0.0,0.0,0.0
2024-10-21 15:00:00,1.607,1.543,521.0,True,True,False,6,cap_reached,0.0,0.0,0.0,0.0,1.543,0.0,0.0,0.0
2024-10-21 16:00:00,0.211,0.203,43.0,True,True,False,6,cap_reached,0.0,0.0,0.0,0.0,0.203,0.0,0.0,0.0
2024-10-21 17:00:00,0.211,0.202,95.0,True,True,False,6,cap_reached,0.0,0.0,0.0,0.0,0.202,0.0,0.0,0.0
2024-10-21 18:00:00,0.0,0.0,0.0,False,True,False,6,cap_reached,0.0,0.0,0.0,0.0,0.0,0.0,0.0,0.0
2024-10-21 19:00:00,0.0,0.0,0.0,False,True,False,6,cap_reached,0.0,0.0,0.0,0.0,0.0,0.0,0.0,0.0
2024-10-21 20:00:00,0.0,0.0,0.0,False,True,False,6,cap_reached,0.0,0.0,0.0,0.0,0.0,0.0,0.0,0.0
2024-10-21 21:00:00,0.0,0.0,0.0,False,True,False,6,cap_reached,0.0,0.0,0.0,0.0,0.0,0.0,0.0,0.0
2024-10-21 22:00:00,0.0,0.0,0.0,False,True,False,6,cap_reached,0.0,0.0,0.0,0.0,0.0,0.0,0.0,0.0
2024-10-21 23:00:00,0.0,0.0,0.0,False,True,False,6,cap_reached,0.0,0.0,0.0,0.0,0.0,0.0,0.0,0.0
2024-10-22 00:00:00,0.0,0.0,0.0,False,True,False,0,no_power,0.0,0.0,0.0,0.0,0.0,0.0,0.0,0.0
2024-10-22 01:00:00,0.0,0.0,0.0,False,True,False,0,no_power,0.0,0.0,0.0,0.0,0.0,0.0,0.0,0.0
2024-10-22 02:00:00,0.0,0.0,0.0,False,True,False,0,no_power,0.0,0.0,0.0,0.0,0.0,0.0,0.0,0.0
2024-10-22 03:00:00,0.0,0.0,0.0,False,True,False,0,no_power,0.0,0.0,0.0,0.0,0.0,0.0,0.0,0.0
2024-10-22 04:00:00,0.0,0.0,0.0,False,True,False,0,no_power,0.0,0.0,0.0,0.0,0.0,0.0,0.0,0.0
2024-10-22 05:00:00,0.0,0.0,0.0,False,True,False,0,no_power,0.0,0.0,0.0,0.0,0.0,0.0,0.0,0.0
2024-10-22 06:00:00,0.0,0.0,0.0,False,True,False,0,no_power,0.0,0.0,0.0,0.0,0.0,0.0,0.0,0.0
2024-10-22 07:00:00,0.02,0.019,4.0,False,True,False,0,no_power,0.0,0.0,0.0,0.0,0.0,0.0,0.0,0.0
2024-10-22 08:00:00,0.962,0.924,327.0,True,True,False,0,no_power,0.0,0.0,0.0,0.0,0.0,0.0,0.0,0.0
2024-10-22 09:00:00,1.648,1.582,529.0,True,True,True,1,ok,1.263,0.0,1.263,0.0,0.319,0.0,0.0,0.0
2024-10-22 10:00:00,2.184,2.097,694.0,True,True,True,2,ok,1.263,0.0,1.263,0.0,0.834,0.0,0.0,0.0
2024-10-22 11:00:00,2.519,2.419,792.0,True,True,True,3,ok,1.263,0.0,1.263,0.0,1.156,0.0,0.0,0.0
2024-10-22 12:00:00,2.625,2.52,823.0,True,True,True,4,ok,1.263,0.0,1.263,0.0,1.257,0.0,0.0,0.0
2024-10-22 13:00:00,2.488,2.388,784.0,True,True,True,5,ok,1.263,0.0,1.263,0.0,1.125,0.0,0.0,0.0
2024-10-22 14:00:00,2.121,2.036,674.0,True,True,True,6,ok,1.263,0.0,1.263,0.0,0.773,0.0,0.0,0.0
2024-10-22 15:00:00,1.567,1.505,506.0,True,True,False,6,cap_reached,0.0,0.0,0.0,0.0,1.505,0.0,0.0,0.0
2024-10-22 16:00:00,0.871,0.836,299.0,True,True,False,6,cap_reached,0.0,0.0,0.0,0.0,0.836,0.0,0.0,0.0
2024-10-22 17:00:00,0.204,0.196,88.0,True,True,False,6,cap_reached,0.0,0.0,0.0,0.0,0.196,0.0,0.0,0.0
2024-10-22 18:00:00,0.0,0.0,0.0,False,True,False,6,cap_reached,0.0,0.0,0.0,0.0,0.0,0.0,0.0,0.0
2024-10-22 19:00:00,0.0,0.0,0.0,False,True,False,6,cap_reached,0.0,0.0,0.0,0.0,0.0,0.0,0.0,0.0
2024-10-22 20:00:00,0.0,0.0,0.0,False,True,False,6,cap_reached,0.0,0.0,0.0,0.0,0.0,0.0,0.0,0.0
2024-10-22 21:00:00,0.0,0.0,0.0,False,True,False,6,cap_reached,0.0,0.0,0.0,0.0,0.0,0.0,0.0,0.0
2024-10-22 22:00:00,0.0,0.0,0.0,False,True,False,6,cap_reached,0.0,0.0,0.0,0.0,0.0,0.0,0.0,0.0
2024-10-22 23:00:00,0.0,0.0,0.0,False,True,False,6,cap_reached,0.0,0.0,0.0,0.0,0.0,0.0,0.0,0.0
2024-10-23 00:00:00,0.0,0.0,0.0,False,True,False,0,no_power,0.0,0.0,0.0,0.0,0.0,0.0,0.0,0.0
2024-10-23 01:00:00,0.0,0.0,0.0,False,True,False,0,no_power,0.0,0.0,0.0,0.0,0.0,0.0,0.0,0.0
2024-10-23 02:00:00,0.0,0.0,0.0,False,True,False,0,no_power,0.0,0.0,0.0,0.0,0.0,0.0,0.0,0.0
2024-10-23 03:00:00,0.0,0.0,0.0,False,True,False,0,no_power,0.0,0.0,0.0,0.0,0.0,0.0,0.0,0.0
2024-10-23 04:00:00,0.0,0.0,0.0,False,True,False,0,no_power,0.0,0.0,0.0,0.0,0.0,0.0,0.0,0.0
2024-10-23 05:00:00,0.0,0.0,0.0,False,True,False,0,no_power,0.0,0.0,0.0,0.0,0.0,0.0,0.0,0.0
2024-10-23 06:00:00,0.0,0.0,0.0,False,True,False,0,no_power,0.0,0.0,0.0,0.0,0.0,0.0,0.0,0.0
2024-10-23 07:00:00,0.268,0.257,111.0,True,True,False,0,no_power,0.0,0.0,0.0,0.0,0.0,0.0,0.0,0.0
2024-10-23 08:00:00,0.958,0.919,328.0,True,True,False,0,no_power,0.0,0.0,0.0,0.0,0.0,0.0,0.0,0.0
2024-10-23 09:00:00,1.646,1.58,534.0,True,True,True,1,ok,1.263,0.0,1.263,0.0,0.317,0.0,0.0,0.0
2024-10-23 10:00:00,2.18,2.092,700.0,True,True,True,2,ok,1.263,0.0,1.263,0.0,0.829,0.0,0.0,0.0
2024-10-23 11:00:00,2.518,2.418,801.0,True,True,True,3,ok,1.263,0.0,1.263,0.0,1.155,0.0,0.0,0.0
2024-10-23 12:00:00,2.623,2.518,833.0,True,True,True,4,ok,1.263,0.0,1.263,0.0,1.255,0.0,0.0,0.0
2024-10-23 13:00:00,2.482,2.383,790.0,True,True,True,5,ok,1.263,0.0,1.263,0.0,1.12,0.0,0.0,0.0
2024-10-23 14:00:00,2.119,2.034,681.0,True,True,True,6,ok,1.263,0.0,1.263,0.0,0.771,0.0,0.0,0.0
2024-10-23 15:00:00,1.551,1.489,512.0,True,True,False,6,cap_reached,0.0,0.0,0.0,0.0,1.489,0.0,0.0,0.0
2024-10-23 16:00:00,0.845,0.811,307.0,True,True,False,6,cap_reached,0.0,0.0,0.0,0.0,0.811,0.0,0.0,0.0
2024-10-23 17:00:00,0.17,0.163,91.0,True,True,False,6,cap_reached,0.0,0.0,0.0,0.0,0.163,0.0,0.0,0.0
2024-10-23 18:00:00,0.0,0.0,0.0,False,True,False,6,cap_reached,0.0,0.0,0.0,0.0,0.0,0.0,0.0,0.0
2024-10-23 19:00:00,0.0,0.0,0.0,False,True,False,6,cap_reached,0.0,0.0,0.0,0.0,0.0,0.0,0.0,0.0
2024-10-23 20:00:00,0.0,0.0,0.0,False,True,False,6,cap_reached,0.0,0.0,0.0,0.0,0.0,0.0,0.0,0.0
2024-10-23 21:00:00,0.0,0.0,0.0,False,True,False,6,cap_reached,0.0,0.0,0.0,0.0,0.0,0.0,0.0,0.0
2024-10-23 22:00:00,0.0,0.0,0.0,False,True,False,6,cap_reached,0.0,0.0,0.0,0.0,0.0,0.0,0.0,0.0
2024-10-23 23:00:00,0.0,0.0,0.0,False,True,False,6,cap_reached,0.0,0.0,0.0,0.0,0.0,0.0,0.0,0.0
2024-10-24 00:00:00,0.0,0.0,0.0,False,True,False,0,no_power,0.0,0.0,0.0,0.0,0.0,0.0,0.0,0.0
2024-10-24 01:00:00,0.0,0.0,0.0,False,True,False,0,no_power,0.0,0.0,0.0,0.0,0.0,0.0,0.0,0.0
2024-10-24 02:00:00,0.0,0.0,0.0,False,True,False,0,no_power,0.0,0.0,0.0,0.0,0.0,0.0,0.0,0.0
2024-10-24 03:00:00,0.0,0.0,0.0,False,True,False,0,no_power,0.0,0.0,0.0,0.0,0.0,0.0,0.0,0.0
2024-10-24 04:00:00,0.0,0.0,0.0,False,True,False,0,no_power,0.0,0.0,0.0,0.0,0.0,0.0,0.0,0.0
2024-10-24 05:00:00,0.0,0.0,0.0,False,True,False,0,no_power,0.0,0.0,0.0,0.0,0.0,0.0,0.0,0.0
2024-10-24 06:00:00,0.0,0.0,0.0,False,True,False,0,no_power,0.0,0.0,0.0,0.0,0.0,0.0,0.0,0.0
2024-10-24 07:00:00,0.222,0.213,115.0,True,True,False,0,no_power,0.0,0.0,0.0,0.0,0.0,0.0,0.0,0.0
2024-10-24 08:00:00,0.924,0.887,333.0,True,True,False,0,no_power,0.0,0.0,0.0,0.0,0.0,0.0,0.0,0.0
2024-10-24 09:00:00,1.609,1.545,536.0,True,True,True,1,ok,1.263,0.0,1.263,0.0,0.282,0.0,0.0,0.0
2024-10-24 10:00:00,1.491,1.431,316.0,True,True,True,2,ok,1.263,0.0,1.263,0.0,0.168,0.0,0.0,0.0
2024-10-24 11:00:00,2.178,2.091,498.0,True,True,True,3,ok,1.263,0.0,1.263,0.0,0.828,0.0,0.0,0.0
2024-10-24 12:00:00,2.467,2.368,585.0,True,True,True,4,ok,1.263,0.0,1.263,0.0,1.105,0.0,0.0,0.0
2024-10-24 13:00:00,2.451,2.353,784.0,True,True,True,5,ok,1.263,0.0,1.263,0.0,1.09,0.0,0.0,0.0
2024-10-24 14:00:00,2.079,1.996,498.0,True,True,True,6,ok,1.263,0.0,1.263,0.0,0.733,0.0,0.0,0.0
2024-10-24 15:00:00,1.246,1.196,268.0,True,True,False,6,cap_reached,0.0,0.0,0.0,0.0,1.196,0.0,0.0,0.0
2024-10-24 16:00:00,0.476,0.457,97.0,True,True,False,6,cap_reached,0.0,0.0,0.0,0.0,0.457,0.0,0.0,0.0
2024-10-24 17:00:00,0.17,0.163,89.0,True,True,False,6,cap_reached,0.0,0.0,0.0,0.0,0.163,0.0,0.0,0.0
2024-10-24 18:00:00,0.0,0.0,0.0,False,True,False,6,cap_reached,0.0,0.0,0.0,0.0,0.0,0.0,0.0,0.0
2024-10-24 19:00:00,0.0,0.0,0.0,False,True,False,6,cap_reached,0.0,0.0,0.0,0.0,0.0,0.0,0.0,0.0
2024-10-24 20:00:00,0.0,0.0,0.0,False,True,False,6,cap_reached,0.0,0.0,0.0,0.0,0.0,0.0,0.0,0.0
2024-10-24 21:00:00,0.0,0.0,0.0,False,True,False,6,cap_reached,0.0,0.0,0.0,0.0,0.0,0.0,0.0,0.0
2024-10-24 22:00:00,0.0,0.0,0.0,False,True,False,6,cap_reached,0.0,0.0,0.0,0.0,0.0,0.0,0.0,0.0
2024-10-24 23:00:00,0.0,0.0,0.0,False,True,False,6,cap_reached,0.0,0.0,0.0,0.0,0.0,0.0,0.0,0.0
2024-10-25 00:00:00,0.0,0.0,0.0,False,True,False,0,no_power,0.0,0.0,0.0,0.0,0.0,0.0,0.0,0.0
2024-10-25 01:00:00,0.0,0.0,0.0,False,True,False,0,no_power,0.0,0.0,0.0,0.0,0.0,0.0,0.0,0.0
2024-10-25 02:00:00,0.0,0.0,0.0,False,True,False,0,no_power,0.0,0.0,0.0,0.0,0.0,0.0,0.0,0.0
2024-10-25 03:00:00,0.0,0.0,0.0,False,True,False,0,no_power,0.0,0.0,0.0,0.0,0.0,0.0,0.0,0.0
2024-10-25 04:00:00,0.0,0.0,0.0,False,True,False,0,no_power,0.0,0.0,0.0,0.0,0.0,0.0,0.0,0.0
2024-10-25 05:00:00,0.0,0.0,0.0,False,True,False,0,no_power,0.0,0.0,0.0,0.0,0.0,0.0,0.0,0.0
2024-10-25 06:00:00,0.0,0.0,0.0,False,True,False,0,no_power,0.0,0.0,0.0,0.0,0.0,0.0,0.0,0.0
2024-10-25 07:00:00,0.211,0.203,115.0,True,True,False,0,no_power,0.0,0.0,0.0,0.0,0.0,0.0,0.0,0.0
2024-10-25 08:00:00,0.918,0.882,334.0,True,True,False,0,no_power,0.0,0.0,0.0,0.0,0.0,0.0,0.0,0.0
2024-10-25 09:00:00,1.613,1.548,541.0,True,True,True,1,ok,1.263,0.0,1.263,0.0,0.285,0.0,0.0,0.0
2024-10-25 10:00:00,2.158,2.071,702.0,True,True,True,2,ok,1.263,0.0,1.263,0.0,0.808,0.0,0.0,0.0
2024-10-25 11:00:00,2.503,2.403,804.0,True,True,True,3,ok,1.263,0.0,1.263,0.0,1.14,0.0,0.0,0.0
2024-10-25 12:00:00,2.609,2.505,836.0,True,True,True,4,ok,1.263,0.0,1.263,0.0,1.242,0.0,0.0,0.0
2024-10-25 13:00:00,2.467,2.369,795.0,True,True,True,5,ok,1.263,0.0,1.263,0.0,1.106,0.0,0.0,0.0
2024-10-25 14:00:00,2.101,2.017,684.0,True,True,True,6,ok,1.263,0.0,1.263,0.0,0.754,0.0,0.0,0.0
2024-10-25 15:00:00,1.533,1.471,515.0,True,True,False,6,cap_reached,0.0,0.0,0.0,0.0,1.471,0.0,0.0,0.0
2024-10-25 16:00:00,0.83,0.797,304.0,True,True,False,6,cap_reached,0.0,0.0,0.0,0.0,0.797,0.0,0.0,0.0
2024-10-25 17:00:00,0.175,0.168,87.0,True,True,False,6,cap_reached,0.0,0.0,0.0,0.0,0.168,0.0,0.0,0.0
2024-10-25 18:00:00,0.0,0.0,0.0,False,True,False,6,cap_reached,0.0,0.0,0.0,0.0,0.0,0.0,0.0,0.0
2024-10-25 19:00:00,0.0,0.0,0.0,False,True,False,6,cap_reached,0.0,0.0,0.0,0.0,0.0,0.0,0.0,0.0
2024-10-25 20:00:00,0.0,0.0,0.0,False,True,False,6,cap_reached,0.0,0.0,0.0,0.0,0.0,0.0,0.0,0.0
2024-10-25 21:00:00,0.0,0.0,0.0,False,True,False,6,cap_reached,0.0,0.0,0.0,0.0,0.0,0.0,0.0,0.0
2024-10-25 22:00:00,0.0,0.0,0.0,False,True,False,6,cap_reached,0.0,0.0,0.0,0.0,0.0,0.0,0.0,0.0
2024-10-25 23:00:00,0.0,0.0,0.0,False,True,False,6,cap_reached,0.0,0.0,0.0,0.0,0.0,0.0,0.0,0.0
2024-10-26 00:00:00,0.0,0.0,0.0,False,True,False,0,no_power,0.0,0.0,0.0,0.0,0.0,0.0,0.0,0.0
2024-10-26 01:00:00,0.0,0.0,0.0,False,True,False,0,no_power,0.0,0.0,0.0,0.0,0.0,0.0,0.0,0.0
2024-10-26 02:00:00,0.0,0.0,0.0,False,True,False,0,no_power,0.0,0.0,0.0,0.0,0.0,0.0,0.0,0.0
2024-10-26 03:00:00,0.0,0.0,0.0,False,True,False,0,no_power,0.0,0.0,0.0,0.0,0.0,0.0,0.0,0.0
2024-10-26 04:00:00,0.0,0.0,0.0,False,True,False,0,no_power,0.0,0.0,0.0,0.0,0.0,0.0,0.0,0.0
2024-10-26 05:00:00,0.0,0.0,0.0,False,True,False,0,no_power,0.0,0.0,0.0,0.0,0.0,0.0,0.0,0.0
2024-10-26 06:00:00,0.0,0.0,0.0,False,True,False,0,no_power,0.0,0.0,0.0,0.0,0.0,0.0,0.0,0.0
2024-10-26 07:00:00,0.2,0.192,113.0,True,True,False,0,no_power,0.0,0.0,0.0,0.0,0.0,0.0,0.0,0.0
2024-10-26 08:00:00,0.897,0.861,331.0,True,True,False,0,no_power,0.0,0.0,0.0,0.0,0.0,0.0,0.0,0.0
2024-10-26 09:00:00,1.586,1.523,536.0,True,True,True,1,ok,1.263,0.0,1.263,0.0,0.26,0.0,0.0,0.0
2024-10-26 10:00:00,2.132,2.047,697.0,True,True,True,2,ok,1.263,0.0,1.263,0.0,0.784,0.0,0.0,0.0
2024-10-26 11:00:00,2.473,2.374,798.0,True,True,True,3,ok,1.263,0.0,1.263,0.0,1.111,0.0,0.0,0.0
2024-10-26 12:00:00,2.574,2.471,827.0,True,True,True,4,ok,1.263,0.0,1.263,0.0,1.208,0.0,0.0,0.0
2024-10-26 13:00:00,2.438,2.34,785.0,True,True,True,5,ok,1.263,0.0,1.263,0.0,1.077,0.0,0.0,0.0
2024-10-26 14:00:00,2.072,1.989,674.0,True,True,True,6,ok,1.263,0.0,1.263,0.0,0.726,0.0,0.0,0.0
2024-10-26 15:00:00,1.504,1.444,505.0,True,True,False,6,cap_reached,0.0,0.0,0.0,0.0,1.444,0.0,0.0,0.0
2024-10-26 16:00:00,0.803,0.771,297.0,True,True,False,6,cap_reached,0.0,0.0,0.0,0.0,0.771,0.0,0.0,0.0
2024-10-26 17:00:00,0.202,0.194,41.0,True,True,False,6,cap_reached,0.0,0.0,0.0,0.0,0.194,0.0,0.0,0.0
2024-10-26 18:00:00,0.0,0.0,0.0,False,True,False,6,cap_reached,0.0,0.0,0.0,0.0,0.0,0.0,0.0,0.0
2024-10-26 19:00:00,0.0,0.0,0.0,False,True,False,6,cap_reached,0.0,0.0,0.0,0.0,0.0,0.0,0.0,0.0
2024-10-26 20:00:00,0.0,0.0,0.0,False,True,False,6,cap_reached,0.0,0.0,0.0,0.0,0.0,0.0,0.0,0.0
2024-10-26 21:00:00,0.0,0.0,0.0,False,True,False,6,cap_reached,0.0,0.0,0.0,0.0,0.0,0.0,0.0,0.0
2024-10-26 22:00:00,0.0,0.0,0.0,False,True,False,6,cap_reached,0.0,0.0,0.0,0.0,0.0,0.0,0.0,0.0
2024-10-26 23:00:00,0.0,0.0,0.0,False,True,False,6,cap_reached,0.0,0.0,0.0,0.0,0.0,0.0,0.0,0.0
2024-10-27 00:00:00,0.0,0.0,0.0,False,True,False,0,no_power,0.0,0.0,0.0,0.0,0.0,0.0,0.0,0.0
2024-10-27 01:00:00,0.0,0.0,0.0,False,True,False,0,no_power,0.0,0.0,0.0,0.0,0.0,0.0,0.0,0.0
2024-10-27 02:00:00,0.0,0.0,0.0,False,True,False,0,no_power,0.0,0.0,0.0,0.0,0.0,0.0,0.0,0.0
2024-10-27 03:00:00,0.0,0.0,0.0,False,True,False,0,no_power,0.0,0.0,0.0,0.0,0.0,0.0,0.0,0.0
2024-10-27 04:00:00,0.0,0.0,0.0,False,True,False,0,no_power,0.0,0.0,0.0,0.0,0.0,0.0,0.0,0.0
2024-10-27 05:00:00,0.0,0.0,0.0,False,True,False,0,no_power,0.0,0.0,0.0,0.0,0.0,0.0,0.0,0.0
2024-10-27 06:00:00,0.0,0.0,0.0,False,True,False,0,no_power,0.0,0.0,0.0,0.0,0.0,0.0,0.0,0.0
2024-10-27 07:00:00,0.356,0.342,73.0,True,True,False,0,no_power,0.0,0.0,0.0,0.0,0.0,0.0,0.0,0.0
2024-10-27 08:00:00,0.923,0.886,323.0,True,True,False,0,no_power,0.0,0.0,0.0,0.0,0.0,0.0,0.0,0.0
2024-10-27 09:00:00,1.61,1.546,528.0,True,True,True,1,ok,1.263,0.0,1.263,0.0,0.283,0.0,0.0,0.0
2024-10-27 10:00:00,2.147,2.061,689.0,True,True,True,2,ok,1.263,0.0,1.263,0.0,0.798,0.0,0.0,0.0
2024-10-27 11:00:00,2.484,2.385,791.0,True,True,True,3,ok,1.263,0.0,1.263,0.0,1.122,0.0,0.0,0.0
2024-10-27 12:00:00,2.588,2.485,824.0,True,True,True,4,ok,1.263,0.0,1.263,0.0,1.222,0.0,0.0,0.0
2024-10-27 13:00:00,2.447,2.349,783.0,True,True,True,5,ok,1.263,0.0,1.263,0.0,1.086,0.0,0.0,0.0
2024-10-27 14:00:00,2.075,1.992,673.0,True,True,True,6,ok,1.263,0.0,1.263,0.0,0.729,0.0,0.0,0.0
2024-10-27 15:00:00,1.506,1.446,502.0,True,True,False,6,cap_reached,0.0,0.0,0.0,0.0,1.446,0.0,0.0,0.0
2024-10-27 16:00:00,0.809,0.776,292.0,True,True,False,6,cap_reached,0.0,0.0,0.0,0.0,0.776,0.0,0.0,0.0
2024-10-27 17:00:00,0.199,0.191,78.0,True,True,False,6,cap_reached,0.0,0.0,0.0,0.0,0.191,0.0,0.0,0.0
2024-10-27 18:00:00,0.0,0.0,0.0,False,True,False,6,cap_reached,0.0,0.0,0.0,0.0,0.0,0.0,0.0,0.0
2024-10-27 19:00:00,0.0,0.0,0.0,False,True,False,6,cap_reached,0.0,0.0,0.0,0.0,0.0,0.0,0.0,0.0
2024-10-27 20:00:00,0.0,0.0,0.0,False,True,False,6,cap_reached,0.0,0.0,0.0,0.0,0.0,0.0,0.0,0.0
2024-10-27 21:00:00,0.0,0.0,0.0,False,True,False,6,cap_reached,0.0,0.0,0.0,0.0,0.0,0.0,0.0,0.0
2024-10-27 22:00:00,0.0,0.0,0.0,False,True,False,6,cap_reached,0.0,0.0,0.0,0.0,0.0,0.0,0.0,0.0
2024-10-27 23:00:00,0.0,0.0,0.0,False,True,False,6,cap_reached,0.0,0.0,0.0,0.0,0.0,0.0,0.0,0.0
2024-10-28 00:00:00,0.0,0.0,0.0,False,True,False,0,no_power,0.0,0.0,0.0,0.0,0.0,0.0,0.0,0.0
2024-10-28 01:00:00,0.0,0.0,0.0,False,True,False,0,no_power,0.0,0.0,0.0,0.0,0.0,0.0,0.0,0.0
2024-10-28 02:00:00,0.0,0.0,0.0,False,True,False,0,no_power,0.0,0.0,0.0,0.0,0.0,0.0,0.0,0.0
2024-10-28 03:00:00,0.0,0.0,0.0,False,True,False,0,no_power,0.0,0.0,0.0,0.0,0.0,0.0,0.0,0.0
2024-10-28 04:00:00,0.0,0.0,0.0,False,True,False,0,no_power,0.0,0.0,0.0,0.0,0.0,0.0,0.0,0.0
2024-10-28 05:00:00,0.0,0.0,0.0,False,True,False,0,no_power,0.0,0.0,0.0,0.0,0.0,0.0,0.0,0.0
2024-10-28 06:00:00,0.0,0.0,0.0,False,True,False,0,no_power,0.0,0.0,0.0,0.0,0.0,0.0,0.0,0.0
2024-10-28 07:00:00,0.355,0.341,92.0,True,True,False,0,no_power,0.0,0.0,0.0,0.0,0.0,0.0,0.0,0.0
2024-10-28 08:00:00,0.889,0.854,209.0,True,True,False,0,no_power,0.0,0.0,0.0,0.0,0.0,0.0,0.0,0.0
2024-10-28 09:00:00,1.483,1.424,433.0,True,True,True,1,ok,1.263,0.0,1.263,0.0,0.161,0.0,0.0,0.0
2024-10-28 10:00:00,2.017,1.937,541.0,True,True,True,2,ok,1.263,0.0,1.263,0.0,0.674,0.0,0.0,0.0
2024-10-28 11:00:00,2.364,2.27,684.0,True,True,True,3,ok,1.263,0.0,1.263,0.0,1.007,0.0,0.0,0.0
2024-10-28 12:00:00,2.533,2.432,810.0,True,True,True,4,ok,1.263,0.0,1.263,0.0,1.169,0.0,0.0,0.0
2024-10-28 13:00:00,2.275,2.184,655.0,True,True,True,5,ok,1.263,0.0,1.263,0.0,0.921,0.0,0.0,0.0
2024-10-28 14:00:00,1.981,1.902,587.0,True,True,True,6,ok,1.263,0.0,1.263,0.0,0.639,0.0,0.0,0.0
2024-10-28 15:00:00,1.445,1.387,392.0,True,True,False,6,cap_reached,0.0,0.0,0.0,0.0,1.387,0.0,0.0,0.0
2024-10-28 16:00:00,0.88,0.845,222.0,True,True,False,6,cap_reached,0.0,0.0,0.0,0.0,0.845,0.0,0.0,0.0
2024-10-28 17:00:00,0.015,0.014,3.0,False,True,False,6,cap_reached,0.0,0.0,0.0,0.0,0.014,0.0,0.0,0.0
2024-10-28 18:00:00,0.0,0.0,0.0,False,True,False,6,cap_reached,0.0,0.0,0.0,0.0,0.0,0.0,0.0,0.0
2024-10-28 19:00:00,0.0,0.0,0.0,False,True,False,6,cap_reached,0.0,0.0,0.0,0.0,0.0,0.0,0.0,0.0
2024-10-28 20:00:00,0.0,0.0,0.0,False,True,False,6,cap_reached,0.0,0.0,0.0,0.0,0.0,0.0,0.0,0.0
2024-10-28 21:00:00,0.0,0.0,0.0,False,True,False,6,cap_reached,0.0,0.0,0.0,0.0,0.0,0.0,0.0,0.0
2024-10-28 22:00:00,0.0,0.0,0.0,False,True,False,6,cap_reached,0.0,0.0,0.0,0.0,0.0,0.0,0.0,0.0
2024-10-28 23:00:00,0.0,0.0,0.0,False,True,False,6,cap_reached,0.0,0.0,0.0,0.0,0.0,0.0,0.0,0.0
2024-10-29 00:00:00,0.0,0.0,0.0,False,True,False,0,no_power,0.0,0.0,0.0,0.0,0.0,0.0,0.0,0.0
2024-10-29 01:00:00,0.0,0.0,0.0,False,True,False,0,no_power,0.0,0.0,0.0,0.0,0.0,0.0,0.0,0.0
2024-10-29 02:00:00,0.0,0.0,0.0,False,True,False,0,no_power,0.0,0.0,0.0,0.0,0.0,0.0,0.0,0.0
2024-10-29 03:00:00,0.0,0.0,0.0,False,True,False,0,no_power,0.0,0.0,0.0,0.0,0.0,0.0,0.0,0.0
2024-10-29 04:00:00,0.0,0.0,0.0,False,True,False,0,no_power,0.0,0.0,0.0,0.0,0.0,0.0,0.0,0.0
2024-10-29 05:00:00,0.0,0.0,0.0,False,True,False,0,no_power,0.0,0.0,0.0,0.0,0.0,0.0,0.0,0.0
2024-10-29 06:00:00,0.0,0.0,0.0,False,True,False,0,no_power,0.0,0.0,0.0,0.0,0.0,0.0,0.0,0.0
2024-10-29 07:00:00,0.015,0.014,3.0,False,True,False,0,no_power,0.0,0.0,0.0,0.0,0.0,0.0,0.0,0.0
2024-10-29 08:00:00,0.153,0.147,31.0,True,True,False,0,no_power,0.0,0.0,0.0,0.0,0.0,0.0,0.0,0.0
2024-10-29 09:00:00,0.737,0.707,152.0,True,True,False,0,no_power,0.0,0.0,0.0,0.0,0.0,0.0,0.0,0.0
2024-10-29 10:00:00,1.002,0.962,210.0,True,True,False,0,no_power,0.0,0.0,0.0,0.0,0.0,0.0,0.0,0.0
2024-10-29 11:00:00,1.679,1.612,370.0,True,True,True,1,ok,1.263,0.0,1.263,0.0,0.349,0.0,0.0,0.0
2024-10-29 12:00:00,1.028,0.987,214.0,True,True,False,1,no_power,0.0,0.0,0.0,0.0,0.0,0.0,0.0,0.0
2024-10-29 13:00:00,1.247,1.197,263.0,True,True,False,1,no_power,0.0,0.0,0.0,0.0,0.0,0.0,0.0,0.0
2024-10-29 14:00:00,0.714,0.685,147.0,True,True,False,1,no_power,0.0,0.0,0.0,0.0,0.0,0.0,0.0,0.0
2024-10-29 15:00:00,0.665,0.639,138.0,True,True,False,1,no_power,0.0,0.0,0.0,0.0,0.0,0.0,0.0,0.0
2024-10-29 16:00:00,0.649,0.623,138.0,True,True,False,1,no_power,0.0,0.0,0.0,0.0,0.0,0.0,0.0,0.0
2024-10-29 17:00:00,0.074,0.071,15.0,False,True,False,1,no_power,0.0,0.0,0.0,0.0,0.0,0.0,0.0,0.0
2024-10-29 18:00:00,0.0,0.0,0.0,False,True,False,1,no_power,0.0,0.0,0.0,0.0,0.0,0.0,0.0,0.0
2024-10-29 19:00:00,0.0,0.0,0.0,False,True,False,1,no_power,0.0,0.0,0.0,0.0,0.0,0.0,0.0,0.0
2024-10-29 20:00:00,0.0,0.0,0.0,False,True,False,1,no_power,0.0,0.0,0.0,0.0,0.0,0.0,0.0,0.0
2024-10-29 21:00:00,0.0,0.0,0.0,False,True,False,1,no_power,0.0,0.0,0.0,0.0,0.0,0.0,0.0,0.0
2024-10-29 22:00:00,0.0,0.0,0.0,False,True,False,1,no_power,0.0,0.0,0.0,0.0,0.0,0.0,0.0,0.0
2024-10-29 23:00:00,0.0,0.0,0.0,False,True,False,1,no_power,0.0,0.0,0.0,0.0,0.0,0.0,0.0,0.0
2024-10-30 00:00:00,0.0,0.0,0.0,False,True,False,0,no_power,0.0,0.0,0.0,0.0,0.0,0.0,0.0,0.0
2024-10-30 01:00:00,0.0,0.0,0.0,False,True,False,0,no_power,0.0,0.0,0.0,0.0,0.0,0.0,0.0,0.0
2024-10-30 02:00:00,0.0,0.0,0.0,False,True,False,0,no_power,0.0,0.0,0.0,0.0,0.0,0.0,0.0,0.0
2024-10-30 03:00:00,0.0,0.0,0.0,False,True,False,0,no_power,0.0,0.0,0.0,0.0,0.0,0.0,0.0,0.0
2024-10-30 04:00:00,0.0,0.0,0.0,False,True,False,0,no_power,0.0,0.0,0.0,0.0,0.0,0.0,0.0,0.0
2024-10-30 05:00:00,0.0,0.0,0.0,False,True,False,0,no_power,0.0,0.0,0.0,0.0,0.0,0.0,0.0,0.0
2024-10-30 06:00:00,0.0,0.0,0.0,False,True,False,0,no_power,0.0,0.0,0.0,0.0,0.0,0.0,0.0,0.0
2024-10-30 07:00:00,0.277,0.266,87.0,True,True,False,0,no_power,0.0,0.0,0.0,0.0,0.0,0.0,0.0,0.0
2024-10-30 08:00:00,0.883,0.847,292.0,True,True,False,0,no_power,0.0,0.0,0.0,0.0,0.0,0.0,0.0,0.0
2024-10-30 09:00:00,1.54,1.478,490.0,True,True,True,1,ok,1.263,0.0,1.263,0.0,0.215,0.0,0.0,0.0
2024-10-30 10:00:00,2.045,1.964,659.0,True,True,True,2,ok,1.263,0.0,1.263,0.0,0.701,0.0,0.0,0.0
2024-10-30 11:00:00,2.179,2.092,499.0,True,True,True,3,ok,1.263,0.0,1.263,0.0,0.829,0.0,0.0,0.0
2024-10-30 12:00:00,2.485,2.385,785.0,True,True,True,4,ok,1.263,0.0,1.263,0.0,1.122,0.0,0.0,0.0
2024-10-30 13:00:00,2.219,2.13,513.0,True,True,True,5,ok,1.263,0.0,1.263,0.0,0.867,0.0,0.0,0.0
2024-10-30 14:00:00,2.094,2.01,520.0,True,True,True,6,ok,1.263,0.0,1.263,0.0,0.747,0.0,0.0,0.0
2024-10-30 15:00:00,0.994,0.955,208.0,True,True,False,6,cap_reached,0.0,0.0,0.0,0.0,0.955,0.0,0.0,0.0
2024-10-30 16:00:00,0.744,0.714,269.0,True,True,False,6,cap_reached,0.0,0.0,0.0,0.0,0.714,0.0,0.0,0.0
2024-10-30 17:00:00,0.203,0.195,65.0,True,True,False,6,cap_reached,0.0,0.0,0.0,0.0,0.195,0.0,0.0,0.0
2024-10-30 18:00:00,0.0,0.0,0.0,False,True,False,6,cap_reached,0.0,0.0,0.0,0.0,0.0,0.0,0.0,0.0
2024-10-30 19:00:00,0.0,0.0,0.0,False,True,False,6,cap_reached,0.0,0.0,0.0,0.0,0.0,0.0,0.0,0.0
2024-10-30 20:00:00,0.0,0.0,0.0,False,True,False,6,cap_reached,0.0,0.0,0.0,0.0,0.0,0.0,0.0,0.0
2024-10-30 21:00:00,0.0,0.0,0.0,False,True,False,6,cap_reached,0.0,0.0,0.0,0.0,0.0,0.0,0.0,0.0
2024-10-30 22:00:00,0.0,0.0,0.0,False,True,False,6,cap_reached,0.0,0.0,0.0,0.0,0.0,0.0,0.0,0.0
2024-10-30 23:00:00,0.0,0.0,0.0,False,True,False,6,cap_reached,0.0,0.0,0.0,0.0,0.0,0.0,0.0,0.0
2024-10-31 00:00:00,0.0,0.0,0.0,False,True,False,0,no_power,0.0,0.0,0.0,0.0,0.0,0.0,0.0,0.0
2024-10-31 01:00:00,0.0,0.0,0.0,False,True,False,0,no_power,0.0,0.0,0.0,0.0,0.0,0.0,0.0,0.0
2024-10-31 02:00:00,0.0,0.0,0.0,False,True,False,0,no_power,0.0,0.0,0.0,0.0,0.0,0.0,0.0,0.0
2024-10-31 03:00:00,0.0,0.0,0.0,False,True,False,0,no_power,0.0,0.0,0.0,0.0,0.0,0.0,0.0,0.0
2024-10-31 04:00:00,0.0,0.0,0.0,False,True,False,0,no_power,0.0,0.0,0.0,0.0,0.0,0.0,0.0,0.0
2024-10-31 05:00:00,0.0,0.0,0.0,False,True,False,0,no_power,0.0,0.0,0.0,0.0,0.0,0.0,0.0,0.0
2024-10-31 06:00:00,0.0,0.0,0.0,False,True,False,0,no_power,0.0,0.0,0.0,0.0,0.0,0.0,0.0,0.0
2024-10-31 07:00:00,0.242,0.233,49.0,True,True,False,0,no_power,0.0,0.0,0.0,0.0,0.0,0.0,0.0,0.0
2024-10-31 08:00:00,0.852,0.818,311.0,True,True,False,0,no_power,0.0,0.0,0.0,0.0,0.0,0.0,0.0,0.0
2024-10-31 09:00:00,1.53,1.469,517.0,True,True,True,1,ok,1.263,0.0,1.263,0.0,0.206,0.0,0.0,0.0
2024-10-31 10:00:00,2.057,1.975,680.0,True,True,True,2,ok,1.263,0.0,1.263,0.0,0.712,0.0,0.0,0.0
2024-10-31 11:00:00,2.392,2.296,779.0,True,True,True,3,ok,1.263,0.0,1.263,0.0,1.033,0.0,0.0,0.0
2024-10-31 12:00:00,1.53,1.469,321.0,True,True,True,4,ok,1.263,0.0,1.263,0.0,0.206,0.0,0.0,0.0
2024-10-31 13:00:00,2.355,2.261,757.0,True,True,True,5,ok,1.263,0.0,1.263,0.0,0.998,0.0,0.0,0.0
2024-10-31 14:00:00,2.017,1.936,472.0,True,True,True,6,ok,1.263,0.0,1.263,0.0,0.673,0.0,0.0,0.0
2024-10-31 15:00:00,0.788,0.757,162.0,True,True,False,6,cap_reached,0.0,0.0,0.0,0.0,0.757,0.0,0.0,0.0
2024-10-31 16:00:00,0.324,0.311,66.0,True,True,False,6,cap_reached,0.0,0.0,0.0,0.0,0.311,0.0,0.0,0.0
2024-10-31 17:00:00,0.143,0.137,29.0,True,True,False,6,cap_reached,0.0,0.0,0.0,0.0,0.137,0.0,0.0,0.0
2024-10-31 18:00:00,0.0,0.0,0.0,False,True,False,6,cap_reached,0.0,0.0,0.0,0.0,0.0,0.0,0.0,0.0
2024-10-31 19:00:00,0.0,0.0,0.0,False,True,False,6,cap_reached,0.0,0.0,0.0,0.0,0.0,0.0,0.0,0.0
2024-10-31 20:00:00,0.0,0.0,0.0,False,True,False,6,cap_reached,0.0,0.0,0.0,0.0,0.0,0.0,0.0,0.0
2024-10-31 21:00:00,0.0,0.0,0.0,False,True,False,6,cap_reached,0.0,0.0,0.0,0.0,0.0,0.0,0.0,0.0
2024-10-31 22:00:00,0.0,0.0,0.0,False,True,False,6,cap_reached,0.0,0.0,0.0,0.0,0.0,0.0,0.0,0.0
2024-10-31 23:00:00,0.0,0.0,0.0,False,True,False,6,cap_reached,0.0,0.0,0.0,0.0,0.0,0.0,0.0,0.0
2024-11-01 00:00:00,0.0,0.0,0.0,False,True,False,0,no_power,0.0,0.0,0.0,0.0,0.0,0.0,0.0,0.0
2024-11-01 01:00:00,0.0,0.0,0.0,False,True,False,0,no_power,0.0,0.0,0.0,0.0,0.0,0.0,0.0,0.0
2024-11-01 02:00:00,0.0,0.0,0.0,False,True,False,0,no_power,0.0,0.0,0.0,0.0,0.0,0.0,0.0,0.0
2024-11-01 03:00:00,0.0,0.0,0.0,False,True,False,0,no_power,0.0,0.0,0.0,0.0,0.0,0.0,0.0,0.0
2024-11-01 04:00:00,0.0,0.0,0.0,False,True,False,0,no_power,0.0,0.0,0.0,0.0,0.0,0.0,0.0,0.0
2024-11-01 05:00:00,0.0,0.0,0.0,False,True,False,0,no_power,0.0,0.0,0.0,0.0,0.0,0.0,0.0,0.0
2024-11-01 06:00:00,0.0,0.0,0.0,False,True,False,0,no_power,0.0,0.0,0.0,0.0,0.0,0.0,0.0,0.0
2024-11-01 07:00:00,0.22,0.211,94.0,True,True,False,0,no_power,0.0,0.0,0.0,0.0,0.0,0.0,0.0,0.0
2024-11-01 08:00:00,0.817,0.784,306.0,True,True,False,0,no_power,0.0,0.0,0.0,0.0,0.0,0.0,0.0,0.0
2024-11-01 09:00:00,1.488,1.429,511.0,True,True,True,1,ok,1.263,0.0,1.263,0.0,0.166,0.0,0.0,0.0
2024-11-01 10:00:00,2.018,1.937,674.0,True,True,True,2,ok,1.263,0.0,1.263,0.0,0.674,0.0,0.0,0.0
2024-11-01 11:00:00,2.355,2.261,773.0,True,True,True,3,ok,1.263,0.0,1.263,0.0,0.998,0.0,0.0,0.0
2024-11-01 12:00:00,2.457,2.359,804.0,True,True,True,4,ok,1.263,0.0,1.263,0.0,1.096,0.0,0.0,0.0
2024-11-01 13:00:00,2.312,2.22,766.0,True,True,True,5,ok,1.263,0.0,1.263,0.0,0.957,0.0,0.0,0.0
2024-11-01 14:00:00,1.942,1.865,654.0,True,True,True,6,ok,1.263,0.0,1.263,0.0,0.602,0.0,0.0,0.0
2024-11-01 15:00:00,1.389,1.333,484.0,True,True,False,6,cap_reached,0.0,0.0,0.0,0.0,1.333,0.0,0.0,0.0
2024-11-01 16:00:00,0.704,0.676,276.0,True,True,False,6,cap_reached,0.0,0.0,0.0,0.0,0.676,0.0,0.0,0.0
2024-11-01 17:00:00,0.164,0.158,69.0,True,True,False,6,cap_reached,0.0,0.0,0.0,0.0,0.158,0.0,0.0,0.0
2024-11-01 18:00:00,0.0,0.0,0.0,False,True,False,6,cap_reached,0.0,0.0,0.0,0.0,0.0,0.0,0.0,0.0
2024-11-01 19:00:00,0.0,0.0,0.0,False,True,False,6,cap_reached,0.0,0.0,0.0,0.0,0.0,0.0,0.0,0.0
2024-11-01 20:00:00,0.0,0.0,0.0,False,True,False,6,cap_reached,0.0,0.0,0.0,0.0,0.0,0.0,0.0,0.0
2024-11-01 21:00:00,0.0,0.0,0.0,False,True,False,6,cap_reached,0.0,0.0,0.0,0.0,0.0,0.0,0.0,0.0
2024-11-01 22:00:00,0.0,0.0,0.0,False,True,False,6,cap_reached,0.0,0.0,0.0,0.0,0.0,0.0,0.0,0.0
2024-11-01 23:00:00,0.0,0.0,0.0,False,True,False,6,cap_reached,0.0,0.0,0.0,0.0,0.0,0.0,0.0,0.0
2024-11-02 00:00:00,0.0,0.0,0.0,False,True,False,0,no_power,0.0,0.0,0.0,0.0,0.0,0.0,0.0,0.0
2024-11-02 01:00:00,0.0,0.0,0.0,False,True,False,0,no_power,0.0,0.0,0.0,0.0,0.0,0.0,0.0,0.0
2024-11-02 02:00:00,0.0,0.0,0.0,False,True,False,0,no_power,0.0,0.0,0.0,0.0,0.0,0.0,0.0,0.0
2024-11-02 03:00:00,0.0,0.0,0.0,False,True,False,0,no_power,0.0,0.0,0.0,0.0,0.0,0.0,0.0,0.0
2024-11-02 04:00:00,0.0,0.0,0.0,False,True,False,0,no_power,0.0,0.0,0.0,0.0,0.0,0.0,0.0,0.0
2024-11-02 05:00:00,0.0,0.0,0.0,False,True,False,0,no_power,0.0,0.0,0.0,0.0,0.0,0.0,0.0,0.0
2024-11-02 06:00:00,0.0,0.0,0.0,False,True,False,0,no_power,0.0,0.0,0.0,0.0,0.0,0.0,0.0,0.0
2024-11-02 07:00:00,0.195,0.187,93.0,True,True,False,0,no_power,0.0,0.0,0.0,0.0,0.0,0.0,0.0,0.0
2024-11-02 08:00:00,0.78,0.749,305.0,True,True,False,0,no_power,0.0,0.0,0.0,0.0,0.0,0.0,0.0,0.0
2024-11-02 09:00:00,1.446,1.388,506.0,True,True,True,1,ok,1.263,0.0,1.263,0.0,0.125,0.0,0.0,0.0
2024-11-02 10:00:00,1.978,1.898,666.0,True,True,True,2,ok,1.263,0.0,1.263,0.0,0.635,0.0,0.0,0.0
2024-11-02 11:00:00,2.313,2.22,766.0,True,True,True,3,ok,1.263,0.0,1.263,0.0,0.957,0.0,0.0,0.0
2024-11-02 12:00:00,2.416,2.319,796.0,True,True,True,4,ok,1.263,0.0,1.263,0.0,1.056,0.0,0.0,0.0
2024-11-02 13:00:00,2.277,2.186,755.0,True,True,True,5,ok,1.263,0.0,1.263,0.0,0.923,0.0,0.0,0.0
2024-11-02 14:00:00,1.91,1.834,647.0,True,True,True,6,ok,1.263,0.0,1.263,0.0,0.571,0.0,0.0,0.0
2024-11-02 15:00:00,1.353,1.299,481.0,True,True,False,6,cap_reached,0.0,0.0,0.0,0.0,1.299,0.0,0.0,0.0
2024-11-02 16:00:00,0.678,0.651,274.0,True,True,False,6,cap_reached,0.0,0.0,0.0,0.0,0.651,0.0,0.0,0.0
2024-11-02 17:00:00,0.169,0.162,66.0,True,True,False,6,cap_reached,0.0,0.0,0.0,0.0,0.162,0.0,0.0,0.0
2024-11-02 18:00:00,0.0,0.0,0.0,False,True,False,6,cap_reached,0.0,0.0,0.0,0.0,0.0,0.0,0.0,0.0
2024-11-02 19:00:00,0.0,0.0,0.0,False,True,False,6,cap_reached,0.0,0.0,0.0,0.0,0.0,0.0,0.0,0.0
2024-11-02 20:00:00,0.0,0.0,0.0,False,True,False,6,cap_reached,0.0,0.0,0.0,0.0,0.0,0.0,0.0,0.0
2024-11-02 21:00:00,0.0,0.0,0.0,False,True,False,6,cap_reached,0.0,0.0,0.0,0.0,0.0,0.0,0.0,0.0
2024-11-02 22:00:00,0.0,0.0,0.0,False,True,False,6,cap_reached,0.0,0.0,0.0,0.0,0.0,0.0,0.0,0.0
2024-11-02 23:00:00,0.0,0.0,0.0,False,True,False,6,cap_reached,0.0,0.0,0.0,0.0,0.0,0.0,0.0,0.0
2024-11-03 00:00:00,0.0,0.0,0.0,False,True,False,0,no_power,0.0,0.0,0.0,0.0,0.0,0.0,0.0,0.0
2024-11-03 01:00:00,0.0,0.0,0.0,False,True,False,0,no_power,0.0,0.0,0.0,0.0,0.0,0.0,0.0,0.0
2024-11-03 02:00:00,0.0,0.0,0.0,False,True,False,0,no_power,0.0,0.0,0.0,0.0,0.0,0.0,0.0,0.0
2024-11-03 03:00:00,0.0,0.0,0.0,False,True,False,0,no_power,0.0,0.0,0.0,0.0,0.0,0.0,0.0,0.0
2024-11-03 04:00:00,0.0,0.0,0.0,False,True,False,0,no_power,0.0,0.0,0.0,0.0,0.0,0.0,0.0,0.0
2024-11-03 05:00:00,0.0,0.0,0.0,False,True,False,0,no_power,0.0,0.0,0.0,0.0,0.0,0.0,0.0,0.0
2024-11-03 06:00:00,0.0,0.0,0.0,False,True,False,0,no_power,0.0,0.0,0.0,0.0,0.0,0.0,0.0,0.0
2024-11-03 07:00:00,0.2,0.192,93.0,True,True,False,0,no_power,0.0,0.0,0.0,0.0,0.0,0.0,0.0,0.0
2024-11-03 08:00:00,0.78,0.749,306.0,True,True,False,0,no_power,0.0,0.0,0.0,0.0,0.0,0.0,0.0,0.0
2024-11-03 09:00:00,1.447,1.389,509.0,True,True,True,1,ok,1.263,0.0,1.263,0.0,0.126,0.0,0.0,0.0
2024-11-03 10:00:00,1.985,1.905,668.0,True,True,True,2,ok,1.263,0.0,1.263,0.0,0.642,0.0,0.0,0.0
2024-11-03 11:00:00,2.322,2.229,769.0,True,True,True,3,ok,1.263,0.0,1.263,0.0,0.966,0.0,0.0,0.0
2024-11-03 12:00:00,2.423,2.326,800.0,True,True,True,4,ok,1.263,0.0,1.263,0.0,1.063,0.0,0.0,0.0
2024-11-03 13:00:00,2.285,2.194,757.0,True,True,True,5,ok,1.263,0.0,1.263,0.0,0.931,0.0,0.0,0.0
2024-11-03 14:00:00,1.919,1.842,647.0,True,True,True,6,ok,1.263,0.0,1.263,0.0,0.579,0.0,0.0,0.0
2024-11-03 15:00:00,1.361,1.307,479.0,True,True,False,6,cap_reached,0.0,0.0,0.0,0.0,1.307,0.0,0.0,0.0
2024-11-03 16:00:00,0.811,0.778,172.0,True,True,False,6,cap_reached,0.0,0.0,0.0,0.0,0.778,0.0,0.0,0.0
2024-11-03 17:00:00,0.197,0.189,40.0,True,True,False,6,cap_reached,0.0,0.0,0.0,0.0,0.189,0.0,0.0,0.0
2024-11-03 18:00:00,0.0,0.0,0.0,False,True,False,6,cap_reached,0.0,0.0,0.0,0.0,0.0,0.0,0.0,0.0
2024-11-03 19:00:00,0.0,0.0,0.0,False,True,False,6,cap_reached,0.0,0.0,0.0,0.0,0.0,0.0,0.0,0.0
2024-11-03 20:00:00,0.0,0.0,0.0,False,True,False,6,cap_reached,0.0,0.0,0.0,0.0,0.0,0.0,0.0,0.0
2024-11-03 21:00:00,0.0,0.0,0.0,False,True,False,6,cap_reached,0.0,0.0,0.0,0.0,0.0,0.0,0.0,0.0
2024-11-03 22:00:00,0.0,0.0,0.0,False,True,False,6,cap_reached,0.0,0.0,0.0,0.0,0.0,0.0,0.0,0.0
2024-11-03 23:00:00,0.0,0.0,0.0,False,True,False,6,cap_reached,0.0,0.0,0.0,0.0,0.0,0.0,0.0,0.0
2024-11-04 00:00:00,0.0,0.0,0.0,False,True,False,0,no_power,0.0,0.0,0.0,0.0,0.0,0.0,0.0,0.0
2024-11-04 01:00:00,0.0,0.0,0.0,False,True,False,0,no_power,0.0,0.0,0.0,0.0,0.0,0.0,0.0,0.0
2024-11-04 02:00:00,0.0,0.0,0.0,False,True,False,0,no_power,0.0,0.0,0.0,0.0,0.0,0.0,0.0,0.0
2024-11-04 03:00:00,0.0,0.0,0.0,False,True,False,0,no_power,0.0,0.0,0.0,0.0,0.0,0.0,0.0,0.0
2024-11-04 04:00:00,0.0,0.0,0.0,False,True,False,0,no_power,0.0,0.0,0.0,0.0,0.0,0.0,0.0,0.0
2024-11-04 05:00:00,0.0,0.0,0.0,False,True,False,0,no_power,0.0,0.0,0.0,0.0,0.0,0.0,0.0,0.0
2024-11-04 06:00:00,0.0,0.0,0.0,False,True,False,0,no_power,0.0,0.0,0.0,0.0,0.0,0.0,0.0,0.0
2024-11-04 07:00:00,0.124,0.119,25.0,True,True,False,0,no_power,0.0,0.0,0.0,0.0,0.0,0.0,0.0,0.0
2024-11-04 08:00:00,0.764,0.733,300.0,True,True,False,0,no_power,0.0,0.0,0.0,0.0,0.0,0.0,0.0,0.0
2024-11-04 09:00:00,1.426,1.369,493.0,True,True,True,1,ok,1.263,0.0,1.263,0.0,0.106,0.0,0.0,0.0
2024-11-04 10:00:00,1.937,1.859,647.0,True,True,True,2,ok,1.263,0.0,1.263,0.0,0.596,0.0,0.0,0.0
2024-11-04 11:00:00,2.261,2.171,742.0,True,True,True,3,ok,1.263,0.0,1.263,0.0,0.908,0.0,0.0,0.0
2024-11-04 12:00:00,2.365,2.27,769.0,True,True,True,4,ok,1.263,0.0,1.263,0.0,1.007,0.0,0.0,0.0
2024-11-04 13:00:00,1.525,1.464,322.0,True,True,True,5,ok,1.263,0.0,1.263,0.0,0.201,0.0,0.0,0.0
2024-11-04 14:00:00,1.781,1.709,399.0,True,True,True,6,ok,1.263,0.0,1.263,0.0,0.446,0.0,0.0,0.0
2024-11-04 15:00:00,0.324,0.311,66.0,True,True,False,6,cap_reached,0.0,0.0,0.0,0.0,0.311,0.0,0.0,0.0
2024-11-04 16:00:00,0.656,0.63,253.0,True,True,False,6,cap_reached,0.0,0.0,0.0,0.0,0.63,0.0,0.0,0.0
2024-11-04 17:00:00,0.178,0.171,55.0,True,True,False,6,cap_reached,0.0,0.0,0.0,0.0,0.171,0.0,0.0,0.0
2024-11-04 18:00:00,0.0,0.0,0.0,False,True,False,6,cap_reached,0.0,0.0,0.0,0.0,0.0,0.0,0.0,0.0
2024-11-04 19:00:00,0.0,0.0,0.0,False,True,False,6,cap_reached,0.0,0.0,0.0,0.0,0.0,0.0,0.0,0.0
2024-11-04 20:00:00,0.0,0.0,0.0,False,True,False,6,cap_reached,0.0,0.0,0.0,0.0,0.0,0.0,0.0,0.0
2024-11-04 21:00:00,0.0,0.0,0.0,False,True,False,6,cap_reached,0.0,0.0,0.0,0.0,0.0,0.0,0.0,0.0
2024-11-04 22:00:00,0.0,0.0,0.0,False,True,False,6,cap_reached,0.0,0.0,0.0,0.0,0.0,0.0,0.0,0.0
2024-11-04 23:00:00,0.0,0.0,0.0,False,True,False,6,cap_reached,0.0,0.0,0.0,0.0,0.0,0.0,0.0,0.0
2024-11-05 00:00:00,0.0,0.0,0.0,False,True,False,0,no_power,0.0,0.0,0.0,0.0,0.0,0.0,0.0,0.0
2024-11-05 01:00:00,0.0,0.0,0.0,False,True,False,0,no_power,0.0,0.0,0.0,0.0,0.0,0.0,0.0,0.0
2024-11-05 02:00:00,0.0,0.0,0.0,False,True,False,0,no_power,0.0,0.0,0.0,0.0,0.0,0.0,0.0,0.0
2024-11-05 03:00:00,0.0,0.0,0.0,False,True,False,0,no_power,0.0,0.0,0.0,0.0,0.0,0.0,0.0,0.0
2024-11-05 04:00:00,0.0,0.0,0.0,False,True,False,0,no_power,0.0,0.0,0.0,0.0,0.0,0.0,0.0,0.0
2024-11-05 05:00:00,0.0,0.0,0.0,False,True,False,0,no_power,0.0,0.0,0.0,0.0,0.0,0.0,0.0,0.0
2024-11-05 06:00:00,0.0,0.0,0.0,False,True,False,0,no_power,0.0,0.0,0.0,0.0,0.0,0.0,0.0,0.0
2024-11-05 07:00:00,0.192,0.185,40.0,True,True,False,0,no_power,0.0,0.0,0.0,0.0,0.0,0.0,0.0,0.0
2024-11-05 08:00:00,0.859,0.825,243.0,True,True,False,0,no_power,0.0,0.0,0.0,0.0,0.0,0.0,0.0,0.0
2024-11-05 09:00:00,0.75,0.72,154.0,True,True,False,0,no_power,0.0,0.0,0.0,0.0,0.0,0.0,0.0,0.0
2024-11-05 10:00:00,1.527,1.466,331.0,True,True,True,1,ok,1.263,0.0,1.263,0.0,0.203,0.0,0.0,0.0
2024-11-05 11:00:00,2.252,2.162,548.0,True,True,True,2,ok,1.263,0.0,1.263,0.0,0.899,0.0,0.0,0.0
2024-11-05 12:00:00,2.303,2.21,753.0,True,True,True,3,ok,1.263,0.0,1.263,0.0,0.947,0.0,0.0,0.0
2024-11-05 13:00:00,2.0,1.92,457.0,True,True,True,4,ok,1.263,0.0,1.263,0.0,0.657,0.0,0.0,0.0
2024-11-05 14:00:00,1.562,1.5,362.0,True,True,True,5,ok,1.263,0.0,1.263,0.0,0.237,0.0,0.0,0.0
2024-11-05 15:00:00,1.282,1.231,444.0,True,True,False,5,no_power,0.0,0.0,0.0,0.0,0.0,0.0,0.0,0.0
2024-11-05 16:00:00,0.646,0.62,246.0,True,True,False,5,no_power,0.0,0.0,0.0,0.0,0.0,0.0,0.0,0.0
2024-11-05 17:00:00,0.178,0.171,53.0,True,True,False,5,no_power,0.0,0.0,0.0,0.0,0.0,0.0,0.0,0.0
2024-11-05 18:00:00,0.0,0.0,0.0,False,True,False,5,no_power,0.0,0.0,0.0,0.0,0.0,0.0,0.0,0.0
2024-11-05 19:00:00,0.0,0.0,0.0,False,True,False,5,no_power,0.0,0.0,0.0,0.0,0.0,0.0,0.0,0.0
2024-11-05 20:00:00,0.0,0.0,0.0,False,True,False,5,no_power,0.0,0.0,0.0,0.0,0.0,0.0,0.0,0.0
2024-11-05 21:00:00,0.0,0.0,0.0,False,True,False,5,no_power,0.0,0.0,0.0,0.0,0.0,0.0,0.0,0.0
2024-11-05 22:00:00,0.0,0.0,0.0,False,True,False,5,no_power,0.0,0.0,0.0,0.0,0.0,0.0,0.0,0.0
2024-11-05 23:00:00,0.0,0.0,0.0,False,True,False,5,no_power,0.0,0.0,0.0,0.0,0.0,0.0,0.0,0.0
2024-11-06 00:00:00,0.0,0.0,0.0,False,True,False,0,no_power,0.0,0.0,0.0,0.0,0.0,0.0,0.0,0.0
2024-11-06 01:00:00,0.0,0.0,0.0,False,True,False,0,no_power,0.0,0.0,0.0,0.0,0.0,0.0,0.0,0.0
2024-11-06 02:00:00,0.0,0.0,0.0,False,True,False,0,no_power,0.0,0.0,0.0,0.0,0.0,0.0,0.0,0.0
2024-11-06 03:00:00,0.0,0.0,0.0,False,True,False,0,no_power,0.0,0.0,0.0,0.0,0.0,0.0,0.0,0.0
2024-11-06 04:00:00,0.0,0.0,0.0,False,True,False,0,no_power,0.0,0.0,0.0,0.0,0.0,0.0,0.0,0.0
2024-11-06 05:00:00,0.0,0.0,0.0,False,True,False,0,no_power,0.0,0.0,0.0,0.0,0.0,0.0,0.0,0.0
2024-11-06 06:00:00,0.0,0.0,0.0,False,True,False,0,no_power,0.0,0.0,0.0,0.0,0.0,0.0,0.0,0.0
2024-11-06 07:00:00,0.266,0.255,56.0,True,True,False,0,no_power,0.0,0.0,0.0,0.0,0.0,0.0,0.0,0.0
2024-11-06 08:00:00,0.827,0.794,215.0,True,True,False,0,no_power,0.0,0.0,0.0,0.0,0.0,0.0,0.0,0.0
2024-11-06 09:00:00,1.349,1.296,471.0,True,True,True,1,ok,1.263,0.0,1.263,0.0,0.033,0.0,0.0,0.0
2024-11-06 10:00:00,1.786,1.714,404.0,True,True,True,2,ok,1.263,0.0,1.263,0.0,0.451,0.0,0.0,0.0
2024-11-06 11:00:00,2.177,2.09,723.0,True,True,True,3,ok,1.263,0.0,1.263,0.0,0.827,0.0,0.0,0.0
2024-11-06 12:00:00,2.118,2.034,541.0,True,True,True,4,ok,1.263,0.0,1.263,0.0,0.771,0.0,0.0,0.0
2024-11-06 13:00:00,1.958,1.88,505.0,True,True,True,5,ok,1.263,0.0,1.263,0.0,0.617,0.0,0.0,0.0
2024-11-06 14:00:00,1.696,1.628,425.0,True,True,True,6,ok,1.263,0.0,1.263,0.0,0.365,0.0,0.0,0.0
2024-11-06 15:00:00,1.28,1.229,322.0,True,True,False,6,cap_reached,0.0,0.0,0.0,0.0,1.229,0.0,0.0,0.0
2024-11-06 16:00:00,0.749,0.719,212.0,True,True,False,6,cap_reached,0.0,0.0,0.0,0.0,0.719,0.0,0.0,0.0
2024-11-06 17:00:00,0.163,0.157,53.0,True,True,False,6,cap_reached,0.0,0.0,0.0,0.0,0.157,0.0,0.0,0.0
2024-11-06 18:00:00,0.0,0.0,0.0,False,True,False,6,cap_reached,0.0,0.0,0.0,0.0,0.0,0.0,0.0,0.0
2024-11-06 19:00:00,0.0,0.0,0.0,False,True,False,6,cap_reached,0.0,0.0,0.0,0.0,0.0,0.0,0.0,0.0
2024-11-06 20:00:00,0.0,0.0,0.0,False,True,False,6,cap_reached,0.0,0.0,0.0,0.0,0.0,0.0,0.0,0.0
2024-11-06 21:00:00,0.0,0.0,0.0,False,True,False,6,cap_reached,0.0,0.0,0.0,0.0,0.0,0.0,0.0,0.0
2024-11-06 22:00:00,0.0,0.0,0.0,False,True,False,6,cap_reached,0.0,0.0,0.0,0.0,0.0,0.0,0.0,0.0
2024-11-06 23:00:00,0.0,0.0,0.0,False,True,False,6,cap_reached,0.0,0.0,0.0,0.0,0.0,0.0,0.0,0.0
2024-11-07 00:00:00,0.0,0.0,0.0,False,True,False,0,no_power,0.0,0.0,0.0,0.0,0.0,0.0,0.0,0.0
2024-11-07 01:00:00,0.0,0.0,0.0,False,True,False,0,no_power,0.0,0.0,0.0,0.0,0.0,0.0,0.0,0.0
2024-11-07 02:00:00,0.0,0.0,0.0,False,True,False,0,no_power,0.0,0.0,0.0,0.0,0.0,0.0,0.0,0.0
2024-11-07 03:00:00,0.0,0.0,0.0,False,True,False,0,no_power,0.0,0.0,0.0,0.0,0.0,0.0,0.0,0.0
2024-11-07 04:00:00,0.0,0.0,0.0,False,True,False,0,no_power,0.0,0.0,0.0,0.0,0.0,0.0,0.0,0.0
2024-11-07 05:00:00,0.0,0.0,0.0,False,True,False,0,no_power,0.0,0.0,0.0,0.0,0.0,0.0,0.0,0.0
2024-11-07 06:00:00,0.0,0.0,0.0,False,True,False,0,no_power,0.0,0.0,0.0,0.0,0.0,0.0,0.0,0.0
2024-11-07 07:00:00,0.213,0.205,73.0,True,True,False,0,no_power,0.0,0.0,0.0,0.0,0.0,0.0,0.0,0.0
2024-11-07 08:00:00,0.832,0.799,203.0,True,True,False,0,no_power,0.0,0.0,0.0,0.0,0.0,0.0,0.0,0.0
2024-11-07 09:00:00,1.357,1.303,391.0,True,True,True,1,ok,1.263,0.0,1.263,0.0,0.04,0.0,0.0,0.0
2024-11-07 10:00:00,1.836,1.763,625.0,True,True,True,2,ok,1.263,0.0,1.263,0.0,0.5,0.0,0.0,0.0
2024-11-07 11:00:00,2.083,1.999,556.0,True,True,True,3,ok,1.263,0.0,1.263,0.0,0.736,0.0,0.0,0.0
2024-11-07 12:00:00,2.217,2.128,631.0,True,True,True,4,ok,1.263,0.0,1.263,0.0,0.865,0.0,0.0,0.0
2024-11-07 13:00:00,2.174,2.087,519.0,True,True,True,5,ok,1.263,0.0,1.263,0.0,0.824,0.0,0.0,0.0
2024-11-07 14:00:00,1.252,1.202,272.0,True,True,False,5,no_power,0.0,0.0,0.0,0.0,0.0,0.0,0.0,0.0
2024-11-07 15:00:00,1.288,1.237,404.0,True,True,False,5,no_power,0.0,0.0,0.0,0.0,0.0,0.0,0.0,0.0
2024-11-07 16:00:00,0.734,0.705,181.0,True,True,False,5,no_power,0.0,0.0,0.0,0.0,0.0,0.0,0.0,0.0
2024-11-07 17:00:00,0.159,0.152,56.0,True,True,False,5,no_power,0.0,0.0,0.0,0.0,0.0,0.0,0.0,0.0
2024-11-07 18:00:00,0.0,0.0,0.0,False,True,False,5,no_power,0.0,0.0,0.0,0.0,0.0,0.0,0.0,0.0
2024-11-07 19:00:00,0.0,0.0,0.0,False,True,False,5,no_power,0.0,0.0,0.0,0.0,0.0,0.0,0.0,0.0
2024-11-07 20:00:00,0.0,0.0,0.0,False,True,False,5,no_power,0.0,0.0,0.0,0.0,0.0,0.0,0.0,0.0
2024-11-07 21:00:00,0.0,0.0,0.0,False,True,False,5,no_power,0.0,0.0,0.0,0.0,0.0,0.0,0.0,0.0
2024-11-07 22:00:00,0.0,0.0,0.0,False,True,False,5,no_power,0.0,0.0,0.0,0.0,0.0,0.0,0.0,0.0
2024-11-07 23:00:00,0.0,0.0,0.0,False,True,False,5,no_power,0.0,0.0,0.0,0.0,0.0,0.0,0.0,0.0
2024-11-08 00:00:00,0.0,0.0,0.0,False,True,False,0,no_power,0.0,0.0,0.0,0.0,0.0,0.0,0.0,0.0
2024-11-08 01:00:00,0.0,0.0,0.0,False,True,False,0,no_power,0.0,0.0,0.0,0.0,0.0,0.0,0.0,0.0
2024-11-08 02:00:00,0.0,0.0,0.0,False,True,False,0,no_power,0.0,0.0,0.0,0.0,0.0,0.0,0.0,0.0
2024-11-08 03:00:00,0.0,0.0,0.0,False,True,False,0,no_power,0.0,0.0,0.0,0.0,0.0,0.0,0.0,0.0
2024-11-08 04:00:00,0.0,0.0,0.0,False,True,False,0,no_power,0.0,0.0,0.0,0.0,0.0,0.0,0.0,0.0
2024-11-08 05:00:00,0.0,0.0,0.0,False,True,False,0,no_power,0.0,0.0,0.0,0.0,0.0,0.0,0.0,0.0
2024-11-08 06:00:00,0.0,0.0,0.0,False,True,False,0,no_power,0.0,0.0,0.0,0.0,0.0,0.0,0.0,0.0
2024-11-08 07:00:00,0.17,0.163,84.0,True,True,False,0,no_power,0.0,0.0,0.0,0.0,0.0,0.0,0.0,0.0
2024-11-08 08:00:00,0.665,0.639,294.0,True,True,False,0,no_power,0.0,0.0,0.0,0.0,0.0,0.0,0.0,0.0
2024-11-08 09:00:00,1.323,1.27,495.0,True,True,True,1,ok,1.263,0.0,1.263,0.0,0.007,0.0,0.0,0.0
2024-11-08 10:00:00,1.559,1.496,338.0,True,True,True,2,ok,1.263,0.0,1.263,0.0,0.233,0.0,0.0,0.0
2024-11-08 11:00:00,2.183,2.095,750.0,True,True,True,3,ok,1.263,0.0,1.263,0.0,0.832,0.0,0.0,0.0
2024-11-08 12:00:00,2.289,2.197,780.0,True,True,True,4,ok,1.263,0.0,1.263,0.0,0.934,0.0,0.0,0.0
2024-11-08 13:00:00,2.15,2.064,739.0,True,True,True,5,ok,1.263,0.0,1.263,0.0,0.801,0.0,0.0,0.0
2024-11-08 14:00:00,1.794,1.722,630.0,True,True,True,6,ok,1.263,0.0,1.263,0.0,0.459,0.0,0.0,0.0
2024-11-08 15:00:00,1.244,1.194,467.0,True,True,False,6,cap_reached,0.0,0.0,0.0,0.0,1.194,0.0,0.0,0.0
2024-11-08 16:00:00,0.569,0.546,264.0,True,True,False,6,cap_reached,0.0,0.0,0.0,0.0,0.546,0.0,0.0,0.0
2024-11-08 17:00:00,0.135,0.129,60.0,True,True,False,6,cap_reached,0.0,0.0,0.0,0.0,0.129,0.0,0.0,0.0
2024-11-08 18:00:00,0.0,0.0,0.0,False,True,False,6,cap_reached,0.0,0.0,0.0,0.0,0.0,0.0,0.0,0.0
2024-11-08 19:00:00,0.0,0.0,0.0,False,True,False,6,cap_reached,0.0,0.0,0.0,0.0,0.0,0.0,0.0,0.0
2024-11-08 20:00:00,0.0,0.0,0.0,False,True,False,6,cap_reached,0.0,0.0,0.0,0.0,0.0,0.0,0.0,0.0
2024-11-08 21:00:00,0.0,0.0,0.0,False,True,False,6,cap_reached,0.0,0.0,0.0,0.0,0.0,0.0,0.0,0.0
2024-11-08 22:00:00,0.0,0.0,0.0,False,True,False,6,cap_reached,0.0,0.0,0.0,0.0,0.0,0.0,0.0,0.0
2024-11-08 23:00:00,0.0,0.0,0.0,False,True,False,6,cap_reached,0.0,0.0,0.0,0.0,0.0,0.0,0.0,0.0
2024-11-09 00:00:00,0.0,0.0,0.0,False,True,False,0,no_power,0.0,0.0,0.0,0.0,0.0,0.0,0.0,0.0
2024-11-09 01:00:00,0.0,0.0,0.0,False,True,False,0,no_power,0.0,0.0,0.0,0.0,0.0,0.0,0.0,0.0
2024-11-09 02:00:00,0.0,0.0,0.0,False,True,False,0,no_power,0.0,0.0,0.0,0.0,0.0,0.0,0.0,0.0
2024-11-09 03:00:00,0.0,0.0,0.0,False,True,False,0,no_power,0.0,0.0,0.0,0.0,0.0,0.0,0.0,0.0
2024-11-09 04:00:00,0.0,0.0,0.0,False,True,False,0,no_power,0.0,0.0,0.0,0.0,0.0,0.0,0.0,0.0
2024-11-09 05:00:00,0.0,0.0,0.0,False,True,False,0,no_power,0.0,0.0,0.0,0.0,0.0,0.0,0.0,0.0
2024-11-09 06:00:00,0.0,0.0,0.0,False,True,False,0,no_power,0.0,0.0,0.0,0.0,0.0,0.0,0.0,0.0
2024-11-09 07:00:00,0.17,0.163,79.0,True,True,False,0,no_power,0.0,0.0,0.0,0.0,0.0,0.0,0.0,0.0
2024-11-09 08:00:00,0.84,0.806,180.0,True,True,False,0,no_power,0.0,0.0,0.0,0.0,0.0,0.0,0.0,0.0
2024-11-09 09:00:00,1.446,1.388,330.0,True,True,True,1,ok,1.263,0.0,1.263,0.0,0.125,0.0,0.0,0.0
2024-11-09 10:00:00,1.837,1.763,633.0,True,True,True,2,ok,1.263,0.0,1.263,0.0,0.5,0.0,0.0,0.0
2024-11-09 11:00:00,2.282,2.191,572.0,True,True,True,3,ok,1.263,0.0,1.263,0.0,0.928,0.0,0.0,0.0
2024-11-09 12:00:00,2.143,2.057,705.0,True,True,True,4,ok,1.263,0.0,1.263,0.0,0.794,0.0,0.0,0.0
2024-11-09 13:00:00,2.112,2.028,728.0,True,True,True,5,ok,1.263,0.0,1.263,0.0,0.765,0.0,0.0,0.0
2024-11-09 14:00:00,1.752,1.682,621.0,True,True,True,6,ok,1.263,0.0,1.263,0.0,0.419,0.0,0.0,0.0
2024-11-09 15:00:00,0.813,0.78,167.0,True,True,False,6,cap_reached,0.0,0.0,0.0,0.0,0.78,0.0,0.0,0.0
2024-11-09 16:00:00,0.554,0.532,256.0,True,True,False,6,cap_reached,0.0,0.0,0.0,0.0,0.532,0.0,0.0,0.0
2024-11-09 17:00:00,0.178,0.171,36.0,True,True,False,6,cap_reached,0.0,0.0,0.0,0.0,0.171,0.0,0.0,0.0
2024-11-09 18:00:00,0.0,0.0,0.0,False,True,False,6,cap_reached,0.0,0.0,0.0,0.0,0.0,0.0,0.0,0.0
2024-11-09 19:00:00,0.0,0.0,0.0,False,True,False,6,cap_reached,0.0,0.0,0.0,0.0,0.0,0.0,0.0,0.0
2024-11-09 20:00:00,0.0,0.0,0.0,False,True,False,6,cap_reached,0.0,0.0,0.0,0.0,0.0,0.0,0.0,0.0
2024-11-09 21:00:00,0.0,0.0,0.0,False,True,False,6,cap_reached,0.0,0.0,0.0,0.0,0.0,0.0,0.0,0.0
2024-11-09 22:00:00,0.0,0.0,0.0,False,True,False,6,cap_reached,0.0,0.0,0.0,0.0,0.0,0.0,0.0,0.0
2024-11-09 23:00:00,0.0,0.0,0.0,False,True,False,6,cap_reached,0.0,0.0,0.0,0.0,0.0,0.0,0.0,0.0
2024-11-10 00:00:00,0.0,0.0,0.0,False,True,False,0,no_power,0.0,0.0,0.0,0.0,0.0,0.0,0.0,0.0
2024-11-10 01:00:00,0.0,0.0,0.0,False,True,False,0,no_power,0.0,0.0,0.0,0.0,0.0,0.0,0.0,0.0
2024-11-10 02:00:00,0.0,0.0,0.0,False,True,False,0,no_power,0.0,0.0,0.0,0.0,0.0,0.0,0.0,0.0
2024-11-10 03:00:00,0.0,0.0,0.0,False,True,False,0,no_power,0.0,0.0,0.0,0.0,0.0,0.0,0.0,0.0
2024-11-10 04:00:00,0.0,0.0,0.0,False,True,False,0,no_power,0.0,0.0,0.0,0.0,0.0,0.0,0.0,0.0
2024-11-10 05:00:00,0.0,0.0,0.0,False,True,False,0,no_power,0.0,0.0,0.0,0.0,0.0,0.0,0.0,0.0
2024-11-10 06:00:00,0.0,0.0,0.0,False,True,False,0,no_power,0.0,0.0,0.0,0.0,0.0,0.0,0.0,0.0
2024-11-10 07:00:00,0.18,0.173,76.0,True,True,False,0,no_power,0.0,0.0,0.0,0.0,0.0,0.0,0.0,0.0
2024-11-10 08:00:00,0.661,0.635,277.0,True,True,False,0,no_power,0.0,0.0,0.0,0.0,0.0,0.0,0.0,0.0
2024-11-10 09:00:00,1.316,1.263,471.0,True,True,True,1,ok,1.263,0.0,1.263,0.0,0.0,0.0,0.0,0.0
2024-11-10 10:00:00,0.339,0.325,69.0,True,True,False,1,no_power,0.0,0.0,0.0,0.0,0.0,0.0,0.0,0.0
2024-11-10 11:00:00,0.314,0.301,64.0,True,True,False,1,no_power,0.0,0.0,0.0,0.0,0.0,0.0,0.0,0.0
2024-11-10 12:00:00,1.533,1.472,323.0,True,True,True,2,ok,1.263,0.0,1.263,0.0,0.209,0.0,0.0,0.0
2024-11-10 13:00:00,2.105,2.021,719.0,True,True,True,3,ok,1.263,0.0,1.263,0.0,0.758,0.0,0.0,0.0
2024-11-10 14:00:00,1.346,1.292,286.0,True,True,True,4,ok,1.263,0.0,1.263,0.0,0.029,0.0,0.0,0.0
2024-11-10 15:00:00,1.222,1.173,440.0,True,True,False,4,no_power,0.0,0.0,0.0,0.0,0.0,0.0,0.0,0.0
2024-11-10 16:00:00,0.595,0.571,239.0,True,True,False,4,no_power,0.0,0.0,0.0,0.0,0.0,0.0,0.0,0.0
2024-11-10 17:00:00,0.164,0.157,47.0,True,True,False,4,no_power,0.0,0.0,0.0,0.0,0.0,0.0,0.0,0.0
2024-11-10 18:00:00,0.0,0.0,0.0,False,True,False,4,no_power,0.0,0.0,0.0,0.0,0.0,0.0,0.0,0.0
2024-11-10 19:00:00,0.0,0.0,0.0,False,True,False,4,no_power,0.0,0.0,0.0,0.0,0.0,0.0,0.0,0.0
2024-11-10 20:00:00,0.0,0.0,0.0,False,True,False,4,no_power,0.0,0.0,0.0,0.0,0.0,0.0,0.0,0.0
2024-11-10 21:00:00,0.0,0.0,0.0,False,True,False,4,no_power,0.0,0.0,0.0,0.0,0.0,0.0,0.0,0.0
2024-11-10 22:00:00,0.0,0.0,0.0,False,True,False,4,no_power,0.0,0.0,0.0,0.0,0.0,0.0,0.0,0.0
2024-11-10 23:00:00,0.0,0.0,0.0,False,True,False,4,no_power,0.0,0.0,0.0,0.0,0.0,0.0,0.0,0.0
2024-11-11 00:00:00,0.0,0.0,0.0,False,True,False,0,no_power,0.0,0.0,0.0,0.0,0.0,0.0,0.0,0.0
2024-11-11 01:00:00,0.0,0.0,0.0,False,True,False,0,no_power,0.0,0.0,0.0,0.0,0.0,0.0,0.0,0.0
2024-11-11 02:00:00,0.0,0.0,0.0,False,True,False,0,no_power,0.0,0.0,0.0,0.0,0.0,0.0,0.0,0.0
2024-11-11 03:00:00,0.0,0.0,0.0,False,True,False,0,no_power,0.0,0.0,0.0,0.0,0.0,0.0,0.0,0.0
2024-11-11 04:00:00,0.0,0.0,0.0,False,True,False,0,no_power,0.0,0.0,0.0,0.0,0.0,0.0,0.0,0.0
2024-11-11 05:00:00,0.0,0.0,0.0,False,True,False,0,no_power,0.0,0.0,0.0,0.0,0.0,0.0,0.0,0.0
2024-11-11 06:00:00,0.0,0.0,0.0,False,True,False,0,no_power,0.0,0.0,0.0,0.0,0.0,0.0,0.0,0.0
2024-11-11 07:00:00,0.16,0.154,73.0,True,True,False,0,no_power,0.0,0.0,0.0,0.0,0.0,0.0,0.0,0.0
2024-11-11 08:00:00,0.607,0.583,274.0,True,True,False,0,no_power,0.0,0.0,0.0,0.0,0.0,0.0,0.0,0.0
2024-11-11 09:00:00,1.003,0.963,210.0,True,True,False,0,no_power,0.0,0.0,0.0,0.0,0.0,0.0,0.0,0.0
2024-11-11 10:00:00,0.536,0.515,110.0,True,True,False,0,no_power,0.0,0.0,0.0,0.0,0.0,0.0,0.0,0.0
2024-11-11 11:00:00,1.711,1.642,377.0,True,True,True,1,ok,1.263,0.0,1.263,0.0,0.379,0.0,0.0,0.0
2024-11-11 12:00:00,2.071,1.988,481.0,True,True,True,2,ok,1.263,0.0,1.263,0.0,0.725,0.0,0.0,0.0
2024-11-11 13:00:00,0.098,0.094,20.0,False,True,False,2,no_power,0.0,0.0,0.0,0.0,0.0,0.0,0.0,0.0
2024-11-11 14:00:00,0.8,0.768,167.0,True,True,False,2,no_power,0.0,0.0,0.0,0.0,0.0,0.0,0.0,0.0
2024-11-11 15:00:00,0.049,0.047,10.0,False,True,False,2,no_power,0.0,0.0,0.0,0.0,0.0,0.0,0.0,0.0
2024-11-11 16:00:00,0.589,0.566,123.0,True,True,False,2,no_power,0.0,0.0,0.0,0.0,0.0,0.0,0.0,0.0
2024-11-11 17:00:00,0.129,0.124,51.0,True,True,False,2,no_power,0.0,0.0,0.0,0.0,0.0,0.0,0.0,0.0
2024-11-11 18:00:00,0.0,0.0,0.0,False,True,False,2,no_power,0.0,0.0,0.0,0.0,0.0,0.0,0.0,0.0
2024-11-11 19:00:00,0.0,0.0,0.0,False,True,False,2,no_power,0.0,0.0,0.0,0.0,0.0,0.0,0.0,0.0
2024-11-11 20:00:00,0.0,0.0,0.0,False,True,False,2,no_power,0.0,0.0,0.0,0.0,0.0,0.0,0.0,0.0
2024-11-11 21:00:00,0.0,0.0,0.0,False,True,False,2,no_power,0.0,0.0,0.0,0.0,0.0,0.0,0.0,0.0
2024-11-11 22:00:00,0.0,0.0,0.0,False,True,False,2,no_power,0.0,0.0,0.0,0.0,0.0,0.0,0.0,0.0
2024-11-11 23:00:00,0.0,0.0,0.0,False,True,False,2,no_power,0.0,0.0,0.0,0.0,0.0,0.0,0.0,0.0
2024-11-12 00:00:00,0.0,0.0,0.0,False,True,False,0,no_power,0.0,0.0,0.0,0.0,0.0,0.0,0.0,0.0
2024-11-12 01:00:00,0.0,0.0,0.0,False,True,False,0,no_power,0.0,0.0,0.0,0.0,0.0,0.0,0.0,0.0
2024-11-12 02:00:00,0.0,0.0,0.0,False,True,False,0,no_power,0.0,0.0,0.0,0.0,0.0,0.0,0.0,0.0
2024-11-12 03:00:00,0.0,0.0,0.0,False,True,False,0,no_power,0.0,0.0,0.0,0.0,0.0,0.0,0.0,0.0
2024-11-12 04:00:00,0.0,0.0,0.0,False,True,False,0,no_power,0.0,0.0,0.0,0.0,0.0,0.0,0.0,0.0
2024-11-12 05:00:00,0.0,0.0,0.0,False,True,False,0,no_power,0.0,0.0,0.0,0.0,0.0,0.0,0.0,0.0
2024-11-12 06:00:00,0.0,0.0,0.0,False,True,False,0,no_power,0.0,0.0,0.0,0.0,0.0,0.0,0.0,0.0
2024-11-12 07:00:00,0.155,0.149,71.0,True,True,False,0,no_power,0.0,0.0,0.0,0.0,0.0,0.0,0.0,0.0
2024-11-12 08:00:00,0.581,0.558,271.0,True,True,False,0,no_power,0.0,0.0,0.0,0.0,0.0,0.0,0.0,0.0
2024-11-12 09:00:00,1.214,1.166,466.0,True,True,False,0,no_power,0.0,0.0,0.0,0.0,0.0,0.0,0.0,0.0
2024-11-12 10:00:00,1.719,1.65,621.0,True,True,True,1,ok,1.263,0.0,1.263,0.0,0.387,0.0,0.0,0.0
2024-11-12 11:00:00,2.294,2.203,685.0,True,True,True,2,ok,1.263,0.0,1.263,0.0,0.94,0.0,0.0,0.0
2024-11-12 12:00:00,2.136,2.05,749.0,True,True,True,3,ok,1.263,0.0,1.263,0.0,0.787,0.0,0.0,0.0
2024-11-12 13:00:00,2.008,1.927,710.0,True,True,True,4,ok,1.263,0.0,1.263,0.0,0.664,0.0,0.0,0.0
2024-11-12 14:00:00,1.659,1.592,605.0,True,True,True,5,ok,1.263,0.0,1.263,0.0,0.329,0.0,0.0,0.0
2024-11-12 15:00:00,1.128,1.083,445.0,True,True,False,5,no_power,0.0,0.0,0.0,0.0,0.0,0.0,0.0,0.0
2024-11-12 16:00:00,0.503,0.483,246.0,True,True,False,5,no_power,0.0,0.0,0.0,0.0,0.0,0.0,0.0,0.0
2024-11-12 17:00:00,0.129,0.124,50.0,True,True,False,5,no_power,0.0,0.0,0.0,0.0,0.0,0.0,0.0,0.0
2024-11-12 18:00:00,0.0,0.0,0.0,False,True,False,5,no_power,0.0,0.0,0.0,0.0,0.0,0.0,0.0,0.0
2024-11-12 19:00:00,0.0,0.0,0.0,False,True,False,5,no_power,0.0,0.0,0.0,0.0,0.0,0.0,0.0,0.0
2024-11-12 20:00:00,0.0,0.0,0.0,False,True,False,5,no_power,0.0,0.0,0.0,0.0,0.0,0.0,0.0,0.0
2024-11-12 21:00:00,0.0,0.0,0.0,False,True,False,5,no_power,0.0,0.0,0.0,0.0,0.0,0.0,0.0,0.0
2024-11-12 22:00:00,0.0,0.0,0.0,False,True,False,5,no_power,0.0,0.0,0.0,0.0,0.0,0.0,0.0,0.0
2024-11-12 23:00:00,0.0,0.0,0.0,False,True,False,5,no_power,0.0,0.0,0.0,0.0,0.0,0.0,0.0,0.0
2024-11-13 00:00:00,0.0,0.0,0.0,False,True,False,0,no_power,0.0,0.0,0.0,0.0,0.0,0.0,0.0,0.0
2024-11-13 01:00:00,0.0,0.0,0.0,False,True,False,0,no_power,0.0,0.0,0.0,0.0,0.0,0.0,0.0,0.0
2024-11-13 02:00:00,0.0,0.0,0.0,False,True,False,0,no_power,0.0,0.0,0.0,0.0,0.0,0.0,0.0,0.0
2024-11-13 03:00:00,0.0,0.0,0.0,False,True,False,0,no_power,0.0,0.0,0.0,0.0,0.0,0.0,0.0,0.0
2024-11-13 04:00:00,0.0,0.0,0.0,False,True,False,0,no_power,0.0,0.0,0.0,0.0,0.0,0.0,0.0,0.0
2024-11-13 05:00:00,0.0,0.0,0.0,False,True,False,0,no_power,0.0,0.0,0.0,0.0,0.0,0.0,0.0,0.0
2024-11-13 06:00:00,0.0,0.0,0.0,False,True,False,0,no_power,0.0,0.0,0.0,0.0,0.0,0.0,0.0,0.0
2024-11-13 07:00:00,0.16,0.153,68.0,True,True,False,0,no_power,0.0,0.0,0.0,0.0,0.0,0.0,0.0,0.0
2024-11-13 08:00:00,0.584,0.561,268.0,True,True,False,0,no_power,0.0,0.0,0.0,0.0,0.0,0.0,0.0,0.0
2024-11-13 09:00:00,1.216,1.167,464.0,True,True,False,0,no_power,0.0,0.0,0.0,0.0,0.0,0.0,0.0,0.0
2024-11-13 10:00:00,1.743,1.673,615.0,True,True,True,1,ok,1.263,0.0,1.263,0.0,0.41,0.0,0.0,0.0
2024-11-13 11:00:00,2.067,1.984,714.0,True,True,True,2,ok,1.263,0.0,1.263,0.0,0.721,0.0,0.0,0.0
2024-11-13 12:00:00,2.166,2.079,746.0,True,True,True,3,ok,1.263,0.0,1.263,0.0,0.816,0.0,0.0,0.0
2024-11-13 13:00:00,2.044,1.962,705.0,True,True,True,4,ok,1.263,0.0,1.263,0.0,0.699,0.0,0.0,0.0
2024-11-13 14:00:00,1.212,1.163,254.0,True,True,False,4,no_power,0.0,0.0,0.0,0.0,0.0,0.0,0.0,0.0
2024-11-13 15:00:00,1.173,1.126,437.0,True,True,False,4,no_power,0.0,0.0,0.0,0.0,0.0,0.0,0.0,0.0
2024-11-13 16:00:00,0.546,0.524,239.0,True,True,False,4,no_power,0.0,0.0,0.0,0.0,0.0,0.0,0.0,0.0
2024-11-13 17:00:00,0.154,0.148,46.0,True,True,False,4,no_power,0.0,0.0,0.0,0.0,0.0,0.0,0.0,0.0
2024-11-13 18:00:00,0.0,0.0,0.0,False,True,False,4,no_power,0.0,0.0,0.0,0.0,0.0,0.0,0.0,0.0
2024-11-13 19:00:00,0.0,0.0,0.0,False,True,False,4,no_power,0.0,0.0,0.0,0.0,0.0,0.0,0.0,0.0
2024-11-13 20:00:00,0.0,0.0,0.0,False,True,False,4,no_power,0.0,0.0,0.0,0.0,0.0,0.0,0.0,0.0
2024-11-13 21:00:00,0.0,0.0,0.0,False,True,False,4,no_power,0.0,0.0,0.0,0.0,0.0,0.0,0.0,0.0
2024-11-13 22:00:00,0.0,0.0,0.0,False,True,False,4,no_power,0.0,0.0,0.0,0.0,0.0,0.0,0.0,0.0
2024-11-13 23:00:00,0.0,0.0,0.0,False,True,False,4,no_power,0.0,0.0,0.0,0.0,0.0,0.0,0.0,0.0
2024-11-14 00:00:00,0.0,0.0,0.0,False,True,False,0,no_power,0.0,0.0,0.0,0.0,0.0,0.0,0.0,0.0
2024-11-14 01:00:00,0.0,0.0,0.0,False,True,False,0,no_power,0.0,0.0,0.0,0.0,0.0,0.0,0.0,0.0
2024-11-14 02:00:00,0.0,0.0,0.0,False,True,False,0,no_power,0.0,0.0,0.0,0.0,0.0,0.0,0.0,0.0
2024-11-14 03:00:00,0.0,0.0,0.0,False,True,False,0,no_power,0.0,0.0,0.0,0.0,0.0,0.0,0.0,0.0
2024-11-14 04:00:00,0.0,0.0,0.0,False,True,False,0,no_power,0.0,0.0,0.0,0.0,0.0,0.0,0.0,0.0
2024-11-14 05:00:00,0.0,0.0,0.0,False,True,False,0,no_power,0.0,0.0,0.0,0.0,0.0,0.0,0.0,0.0
2024-11-14 06:00:00,0.0,0.0,0.0,False,True,False,0,no_power,0.0,0.0,0.0,0.0,0.0,0.0,0.0,0.0
2024-11-14 07:00:00,0.18,0.173,66.0,True,True,False,0,no_power,0.0,0.0,0.0,0.0,0.0,0.0,0.0,0.0
2024-11-14 08:00:00,0.603,0.579,267.0,True,True,False,0,no_power,0.0,0.0,0.0,0.0,0.0,0.0,0.0,0.0
2024-11-14 09:00:00,1.237,1.188,465.0,True,True,False,0,no_power,0.0,0.0,0.0,0.0,0.0,0.0,0.0,0.0
2024-11-14 10:00:00,1.754,1.684,622.0,True,True,True,1,ok,1.263,0.0,1.263,0.0,0.421,0.0,0.0,0.0
2024-11-14 11:00:00,2.075,1.992,720.0,True,True,True,2,ok,1.263,0.0,1.263,0.0,0.729,0.0,0.0,0.0
2024-11-14 12:00:00,2.175,2.088,752.0,True,True,True,3,ok,1.263,0.0,1.263,0.0,0.825,0.0,0.0,0.0
2024-11-14 13:00:00,2.041,1.959,712.0,True,True,True,4,ok,1.263,0.0,1.263,0.0,0.696,0.0,0.0,0.0
2024-11-14 14:00:00,1.684,1.616,605.0,True,True,True,5,ok,1.263,0.0,1.263,0.0,0.353,0.0,0.0,0.0
2024-11-14 15:00:00,1.145,1.099,443.0,True,True,False,5,no_power,0.0,0.0,0.0,0.0,0.0,0.0,0.0,0.0
2024-11-14 16:00:00,0.5,0.48,244.0,True,True,False,5,no_power,0.0,0.0,0.0,0.0,0.0,0.0,0.0,0.0
2024-11-14 17:00:00,0.13,0.125,49.0,True,True,False,5,no_power,0.0,0.0,0.0,0.0,0.0,0.0,0.0,0.0
2024-11-14 18:00:00,0.0,0.0,0.0,False,True,False,5,no_power,0.0,0.0,0.0,0.0,0.0,0.0,0.0,0.0
2024-11-14 19:00:00,0.0,0.0,0.0,False,True,False,5,no_power,0.0,0.0,0.0,0.0,0.0,0.0,0.0,0.0
2024-11-14 20:00:00,0.0,0.0,0.0,False,True,False,5,no_power,0.0,0.0,0.0,0.0,0.0,0.0,0.0,0.0
2024-11-14 21:00:00,0.0,0.0,0.0,False,True,False,5,no_power,0.0,0.0,0.0,0.0,0.0,0.0,0.0,0.0
2024-11-14 22:00:00,0.0,0.0,0.0,False,True,False,5,no_power,0.0,0.0,0.0,0.0,0.0,0.0,0.0,0.0
2024-11-14 23:00:00,0.0,0.0,0.0,False,True,False,5,no_power,0.0,0.0,0.0,0.0,0.0,0.0,0.0,0.0
2024-11-15 00:00:00,0.0,0.0,0.0,False,True,False,0,no_power,0.0,0.0,0.0,0.0,0.0,0.0,0.0,0.0
2024-11-15 01:00:00,0.0,0.0,0.0,False,True,False,0,no_power,0.0,0.0,0.0,0.0,0.0,0.0,0.0,0.0
2024-11-15 02:00:00,0.0,0.0,0.0,False,True,False,0,no_power,0.0,0.0,0.0,0.0,0.0,0.0,0.0,0.0
2024-11-15 03:00:00,0.0,0.0,0.0,False,True,False,0,no_power,0.0,0.0,0.0,0.0,0.0,0.0,0.0,0.0
2024-11-15 04:00:00,0.0,0.0,0.0,False,True,False,0,no_power,0.0,0.0,0.0,0.0,0.0,0.0,0.0,0.0
2024-11-15 05:00:00,0.0,0.0,0.0,False,True,False,0,no_power,0.0,0.0,0.0,0.0,0.0,0.0,0.0,0.0
2024-11-15 06:00:00,0.0,0.0,0.0,False,True,False,0,no_power,0.0,0.0,0.0,0.0,0.0,0.0,0.0,0.0
2024-11-15 07:00:00,0.151,0.145,68.0,True,True,False,0,no_power,0.0,0.0,0.0,0.0,0.0,0.0,0.0,0.0
2024-11-15 08:00:00,0.553,0.531,270.0,True,True,False,0,no_power,0.0,0.0,0.0,0.0,0.0,0.0,0.0,0.0
2024-11-15 09:00:00,1.196,1.148,468.0,True,True,False,0,no_power,0.0,0.0,0.0,0.0,0.0,0.0,0.0,0.0
2024-11-15 10:00:00,1.721,1.652,624.0,True,True,True,1,ok,1.263,0.0,1.263,0.0,0.389,0.0,0.0,0.0
2024-11-15 11:00:00,2.045,1.964,723.0,True,True,True,2,ok,1.263,0.0,1.263,0.0,0.701,0.0,0.0,0.0
2024-11-15 12:00:00,2.206,2.118,522.0,True,True,True,3,ok,1.263,0.0,1.263,0.0,0.855,0.0,0.0,0.0
2024-11-15 13:00:00,2.019,1.938,716.0,True,True,True,4,ok,1.263,0.0,1.263,0.0,0.675,0.0,0.0,0.0
2024-11-15 14:00:00,1.664,1.598,610.0,True,True,True,5,ok,1.263,0.0,1.263,0.0,0.335,0.0,0.0,0.0
2024-11-15 15:00:00,1.127,1.082,450.0,True,True,False,5,no_power,0.0,0.0,0.0,0.0,0.0,0.0,0.0,0.0
2024-11-15 16:00:00,0.483,0.463,250.0,True,True,False,5,no_power,0.0,0.0,0.0,0.0,0.0,0.0,0.0,0.0
2024-11-15 17:00:00,0.125,0.12,51.0,True,True,False,5,no_power,0.0,0.0,0.0,0.0,0.0,0.0,0.0,0.0
2024-11-15 18:00:00,0.0,0.0,0.0,False,True,False,5,no_power,0.0,0.0,0.0,0.0,0.0,0.0,0.0,0.0
2024-11-15 19:00:00,0.0,0.0,0.0,False,True,False,5,no_power,0.0,0.0,0.0,0.0,0.0,0.0,0.0,0.0
2024-11-15 20:00:00,0.0,0.0,0.0,False,True,False,5,no_power,0.0,0.0,0.0,0.0,0.0,0.0,0.0,0.0
2024-11-15 21:00:00,0.0,0.0,0.0,False,True,False,5,no_power,0.0,0.0,0.0,0.0,0.0,0.0,0.0,0.0
2024-11-15 22:00:00,0.0,0.0,0.0,False,True,False,5,no_power,0.0,0.0,0.0,0.0,0.0,0.0,0.0,0.0
2024-11-15 23:00:00,0.0,0.0,0.0,False,True,False,5,no_power,0.0,0.0,0.0,0.0,0.0,0.0,0.0,0.0
2024-11-16 00:00:00,0.0,0.0,0.0,False,True,False,0,no_power,0.0,0.0,0.0,0.0,0.0,0.0,0.0,0.0
2024-11-16 01:00:00,0.0,0.0,0.0,False,True,False,0,no_power,0.0,0.0,0.0,0.0,0.0,0.0,0.0,0.0
2024-11-16 02:00:00,0.0,0.0,0.0,False,True,False,0,no_power,0.0,0.0,0.0,0.0,0.0,0.0,0.0,0.0
2024-11-16 03:00:00,0.0,0.0,0.0,False,True,False,0,no_power,0.0,0.0,0.0,0.0,0.0,0.0,0.0,0.0
2024-11-16 04:00:00,0.0,0.0,0.0,False,True,False,0,no_power,0.0,0.0,0.0,0.0,0.0,0.0,0.0,0.0
2024-11-16 05:00:00,0.0,0.0,0.0,False,True,False,0,no_power,0.0,0.0,0.0,0.0,0.0,0.0,0.0,0.0
2024-11-16 06:00:00,0.0,0.0,0.0,False,True,False,0,no_power,0.0,0.0,0.0,0.0,0.0,0.0,0.0,0.0
2024-11-16 07:00:00,0.171,0.164,66.0,True,True,False,0,no_power,0.0,0.0,0.0,0.0,0.0,0.0,0.0,0.0
2024-11-16 08:00:00,0.586,0.562,272.0,True,True,False,0,no_power,0.0,0.0,0.0,0.0,0.0,0.0,0.0,0.0
2024-11-16 09:00:00,1.234,1.184,474.0,True,True,False,0,no_power,0.0,0.0,0.0,0.0,0.0,0.0,0.0,0.0
2024-11-16 10:00:00,1.359,1.305,284.0,True,True,True,1,ok,1.263,0.0,1.263,0.0,0.042,0.0,0.0,0.0
2024-11-16 11:00:00,2.097,2.013,738.0,True,True,True,2,ok,1.263,0.0,1.263,0.0,0.75,0.0,0.0,0.0
2024-11-16 12:00:00,2.318,2.225,555.0,True,True,True,3,ok,1.263,0.0,1.263,0.0,0.962,0.0,0.0,0.0
2024-11-16 13:00:00,2.063,1.98,732.0,True,True,True,4,ok,1.263,0.0,1.263,0.0,0.717,0.0,0.0,0.0
2024-11-16 14:00:00,1.7,1.632,623.0,True,True,True,5,ok,1.263,0.0,1.263,0.0,0.369,0.0,0.0,0.0
2024-11-16 15:00:00,1.149,1.103,457.0,True,True,False,5,no_power,0.0,0.0,0.0,0.0,0.0,0.0,0.0,0.0
2024-11-16 16:00:00,0.491,0.472,251.0,True,True,False,5,no_power,0.0,0.0,0.0,0.0,0.0,0.0,0.0,0.0
2024-11-16 17:00:00,0.135,0.13,50.0,True,True,False,5,no_power,0.0,0.0,0.0,0.0,0.0,0.0,0.0,0.0
2024-11-16 18:00:00,0.0,0.0,0.0,False,True,False,5,no_power,0.0,0.0,0.0,0.0,0.0,0.0,0.0,0.0
2024-11-16 19:00:00,0.0,0.0,0.0,False,True,False,5,no_power,0.0,0.0,0.0,0.0,0.0,0.0,0.0,0.0
2024-11-16 20:00:00,0.0,0.0,0.0,False,True,False,5,no_power,0.0,0.0,0.0,0.0,0.0,0.0,0.0,0.0
2024-11-16 21:00:00,0.0,0.0,0.0,False,True,False,5,no_power,0.0,0.0,0.0,0.0,0.0,0.0,0.0,0.0
2024-11-16 22:00:00,0.0,0.0,0.0,False,True,False,5,no_power,0.0,0.0,0.0,0.0,0.0,0.0,0.0,0.0
2024-11-16 23:00:00,0.0,0.0,0.0,False,True,False,5,no_power,0.0,0.0,0.0,0.0,0.0,0.0,0.0,0.0
2024-11-17 00:00:00,0.0,0.0,0.0,False,True,False,0,no_power,0.0,0.0,0.0,0.0,0.0,0.0,0.0,0.0
2024-11-17 01:00:00,0.0,0.0,0.0,False,True,False,0,no_power,0.0,0.0,0.0,0.0,0.0,0.0,0.0,0.0
2024-11-17 02:00:00,0.0,0.0,0.0,False,True,False,0,no_power,0.0,0.0,0.0,0.0,0.0,0.0,0.0,0.0
2024-11-17 03:00:00,0.0,0.0,0.0,False,True,False,0,no_power,0.0,0.0,0.0,0.0,0.0,0.0,0.0,0.0
2024-11-17 04:00:00,0.0,0.0,0.0,False,True,False,0,no_power,0.0,0.0,0.0,0.0,0.0,0.0,0.0,0.0
2024-11-17 05:00:00,0.0,0.0,0.0,False,True,False,0,no_power,0.0,0.0,0.0,0.0,0.0,0.0,0.0,0.0
2024-11-17 06:00:00,0.0,0.0,0.0,False,True,False,0,no_power,0.0,0.0,0.0,0.0,0.0,0.0,0.0,0.0
2024-11-17 07:00:00,0.1,0.096,20.0,False,True,False,0,no_power,0.0,0.0,0.0,0.0,0.0,0.0,0.0,0.0
2024-11-17 08:00:00,0.336,0.323,68.0,True,True,False,0,no_power,0.0,0.0,0.0,0.0,0.0,0.0,0.0,0.0
2024-11-17 09:00:00,0.38,0.365,77.0,True,True,False,0,no_power,0.0,0.0,0.0,0.0,0.0,0.0,0.0,0.0
2024-11-17 10:00:00,0.806,0.774,165.0,True,True,False,0,no_power,0.0,0.0,0.0,0.0,0.0,0.0,0.0,0.0
2024-11-17 11:00:00,0.791,0.76,162.0,True,True,False,0,no_power,0.0,0.0,0.0,0.0,0.0,0.0,0.0,0.0
2024-11-17 12:00:00,0.873,0.838,180.0,True,True,False,0,no_power,0.0,0.0,0.0,0.0,0.0,0.0,0.0,0.0
2024-11-17 13:00:00,1.267,1.216,263.0,True,True,False,0,no_power,0.0,0.0,0.0,0.0,0.0,0.0,0.0,0.0
2024-11-17 14:00:00,1.591,1.528,350.0,True,True,True,1,ok,1.263,0.0,1.263,0.0,0.265,0.0,0.0,0.0
2024-11-17 15:00:00,0.977,0.938,203.0,True,True,False,1,no_power,0.0,0.0,0.0,0.0,0.0,0.0,0.0,0.0
2024-11-17 16:00:00,0.351,0.337,71.0,True,True,False,1,no_power,0.0,0.0,0.0,0.0,0.0,0.0,0.0,0.0
2024-11-17 17:00:00,0.114,0.11,23.0,True,True,False,1,no_power,0.0,0.0,0.0,0.0,0.0,0.0,0.0,0.0
2024-11-17 18:00:00,0.0,0.0,0.0,False,True,False,1,no_power,0.0,0.0,0.0,0.0,0.0,0.0,0.0,0.0
2024-11-17 19:00:00,0.0,0.0,0.0,False,True,False,1,no_power,0.0,0.0,0.0,0.0,0.0,0.0,0.0,0.0
2024-11-17 20:00:00,0.0,0.0,0.0,False,True,False,1,no_power,0.0,0.0,0.0,0.0,0.0,0.0,0.0,0.0
2024-11-17 21:00:00,0.0,0.0,0.0,False,True,False,1,no_power,0.0,0.0,0.0,0.0,0.0,0.0,0.0,0.0
2024-11-17 22:00:00,0.0,0.0,0.0,False,True,False,1,no_power,0.0,0.0,0.0,0.0,0.0,0.0,0.0,0.0
2024-11-17 23:00:00,0.0,0.0,0.0,False,True,False,1,no_power,0.0,0.0,0.0,0.0,0.0,0.0,0.0,0.0
2024-11-18 00:00:00,0.0,0.0,0.0,False,True,False,0,no_power,0.0,0.0,0.0,0.0,0.0,0.0,0.0,0.0
2024-11-18 01:00:00,0.0,0.0,0.0,False,True,False,0,no_power,0.0,0.0,0.0,0.0,0.0,0.0,0.0,0.0
2024-11-18 02:00:00,0.0,0.0,0.0,False,True,False,0,no_power,0.0,0.0,0.0,0.0,0.0,0.0,0.0,0.0
2024-11-18 03:00:00,0.0,0.0,0.0,False,True,False,0,no_power,0.0,0.0,0.0,0.0,0.0,0.0,0.0,0.0
2024-11-18 04:00:00,0.0,0.0,0.0,False,True,False,0,no_power,0.0,0.0,0.0,0.0,0.0,0.0,0.0,0.0
2024-11-18 05:00:00,0.0,0.0,0.0,False,True,False,0,no_power,0.0,0.0,0.0,0.0,0.0,0.0,0.0,0.0
2024-11-18 06:00:00,0.0,0.0,0.0,False,True,False,0,no_power,0.0,0.0,0.0,0.0,0.0,0.0,0.0,0.0
2024-11-18 07:00:00,0.164,0.158,33.0,True,True,False,0,no_power,0.0,0.0,0.0,0.0,0.0,0.0,0.0,0.0
2024-11-18 08:00:00,0.761,0.731,160.0,True,True,False,0,no_power,0.0,0.0,0.0,0.0,0.0,0.0,0.0,0.0
2024-11-18 09:00:00,1.267,1.216,274.0,True,True,False,0,no_power,0.0,0.0,0.0,0.0,0.0,0.0,0.0,0.0
2024-11-18 10:00:00,1.674,1.607,370.0,True,True,True,1,ok,1.263,0.0,1.263,0.0,0.344,0.0,0.0,0.0
2024-11-18 11:00:00,2.032,1.951,464.0,True,True,True,2,ok,1.263,0.0,1.263,0.0,0.688,0.0,0.0,0.0
2024-11-18 12:00:00,2.127,2.042,489.0,True,True,True,3,ok,1.263,0.0,1.263,0.0,0.779,0.0,0.0,0.0
2024-11-18 13:00:00,1.287,1.236,267.0,True,True,False,3,no_power,0.0,0.0,0.0,0.0,0.0,0.0,0.0,0.0
2024-11-18 14:00:00,1.875,1.8,459.0,True,True,True,4,ok,1.263,0.0,1.263,0.0,0.537,0.0,0.0,0.0
2024-11-18 15:00:00,1.121,1.076,447.0,True,True,False,4,no_power,0.0,0.0,0.0,0.0,0.0,0.0,0.0,0.0
2024-11-18 16:00:00,0.63,0.605,130.0,True,True,False,4,no_power,0.0,0.0,0.0,0.0,0.0,0.0,0.0,0.0
2024-11-18 17:00:00,0.179,0.172,38.0,True,True,False,4,no_power,0.0,0.0,0.0,0.0,0.0,0.0,0.0,0.0
2024-11-18 18:00:00,0.0,0.0,0.0,False,True,False,4,no_power,0.0,0.0,0.0,0.0,0.0,0.0,0.0,0.0
2024-11-18 19:00:00,0.0,0.0,0.0,False,True,False,4,no_power,0.0,0.0,0.0,0.0,0.0,0.0,0.0,0.0
2024-11-18 20:00:00,0.0,0.0,0.0,False,True,False,4,no_power,0.0,0.0,0.0,0.0,0.0,0.0,0.0,0.0
2024-11-18 21:00:00,0.0,0.0,0.0,False,True,False,4,no_power,0.0,0.0,0.0,0.0,0.0,0.0,0.0,0.0
2024-11-18 22:00:00,0.0,0.0,0.0,False,True,False,4,no_power,0.0,0.0,0.0,0.0,0.0,0.0,0.0,0.0
2024-11-18 23:00:00,0.0,0.0,0.0,False,True,False,4,no_power,0.0,0.0,0.0,0.0,0.0,0.0,0.0,0.0
2024-11-19 00:00:00,0.0,0.0,0.0,False,True,False,0,no_power,0.0,0.0,0.0,0.0,0.0,0.0,0.0,0.0
2024-11-19 01:00:00,0.0,0.0,0.0,False,True,False,0,no_power,0.0,0.0,0.0,0.0,0.0,0.0,0.0,0.0
2024-11-19 02:00:00,0.0,0.0,0.0,False,True,False,0,no_power,0.0,0.0,0.0,0.0,0.0,0.0,0.0,0.0
2024-11-19 03:00:00,0.0,0.0,0.0,False,True,False,0,no_power,0.0,0.0,0.0,0.0,0.0,0.0,0.0,0.0
2024-11-19 04:00:00,0.0,0.0,0.0,False,True,False,0,no_power,0.0,0.0,0.0,0.0,0.0,0.0,0.0,0.0
2024-11-19 05:00:00,0.0,0.0,0.0,False,True,False,0,no_power,0.0,0.0,0.0,0.0,0.0,0.0,0.0,0.0
2024-11-19 06:00:00,0.0,0.0,0.0,False,True,False,0,no_power,0.0,0.0,0.0,0.0,0.0,0.0,0.0,0.0
2024-11-19 07:00:00,0.141,0.135,62.0,True,True,False,0,no_power,0.0,0.0,0.0,0.0,0.0,0.0,0.0,0.0
2024-11-19 08:00:00,0.385,0.37,78.0,True,True,False,0,no_power,0.0,0.0,0.0,0.0,0.0,0.0,0.0,0.0
2024-11-19 09:00:00,0.832,0.799,171.0,True,True,False,0,no_power,0.0,0.0,0.0,0.0,0.0,0.0,0.0,0.0
2024-11-19 10:00:00,1.837,1.764,429.0,True,True,True,1,ok,1.263,0.0,1.263,0.0,0.501,0.0,0.0,0.0
2024-11-19 11:00:00,2.217,2.128,573.0,True,True,True,2,ok,1.263,0.0,1.263,0.0,0.865,0.0,0.0,0.0
2024-11-19 12:00:00,2.107,2.022,761.0,True,True,True,3,ok,1.263,0.0,1.263,0.0,0.759,0.0,0.0,0.0
2024-11-19 13:00:00,1.98,1.9,722.0,True,True,True,4,ok,1.263,0.0,1.263,0.0,0.637,0.0,0.0,0.0
2024-11-19 14:00:00,1.618,1.554,615.0,True,True,True,5,ok,1.263,0.0,1.263,0.0,0.291,0.0,0.0,0.0
2024-11-19 15:00:00,1.348,1.294,318.0,True,True,True,6,ok,1.263,0.0,1.263,0.0,0.031,0.0,0.0,0.0
2024-11-19 16:00:00,0.594,0.57,123.0,True,True,False,6,cap_reached,0.0,0.0,0.0,0.0,0.57,0.0,0.0,0.0
2024-11-19 17:00:00,0.11,0.106,50.0,True,True,False,6,cap_reached,0.0,0.0,0.0,0.0,0.106,0.0,0.0,0.0
2024-11-19 18:00:00,0.0,0.0,0.0,False,True,False,6,cap_reached,0.0,0.0,0.0,0.0,0.0,0.0,0.0,0.0
2024-11-19 19:00:00,0.0,0.0,0.0,False,True,False,6,cap_reached,0.0,0.0,0.0,0.0,0.0,0.0,0.0,0.0
2024-11-19 20:00:00,0.0,0.0,0.0,False,True,False,6,cap_reached,0.0,0.0,0.0,0.0,0.0,0.0,0.0,0.0
2024-11-19 21:00:00,0.0,0.0,0.0,False,True,False,6,cap_reached,0.0,0.0,0.0,0.0,0.0,0.0,0.0,0.0
2024-11-19 22:00:00,0.0,0.0,0.0,False,True,False,6,cap_reached,0.0,0.0,0.0,0.0,0.0,0.0,0.0,0.0
2024-11-19 23:00:00,0.0,0.0,0.0,False,True,False,6,cap_reached,0.0,0.0,0.0,0.0,0.0,0.0,0.0,0.0
2024-11-20 00:00:00,0.0,0.0,0.0,False,True,False,0,no_power,0.0,0.0,0.0,0.0,0.0,0.0,0.0,0.0
2024-11-20 01:00:00,0.0,0.0,0.0,False,True,False,0,no_power,0.0,0.0,0.0,0.0,0.0,0.0,0.0,0.0
2024-11-20 02:00:00,0.0,0.0,0.0,False,True,False,0,no_power,0.0,0.0,0.0,0.0,0.0,0.0,0.0,0.0
2024-11-20 03:00:00,0.0,0.0,0.0,False,True,False,0,no_power,0.0,0.0,0.0,0.0,0.0,0.0,0.0,0.0
2024-11-20 04:00:00,0.0,0.0,0.0,False,True,False,0,no_power,0.0,0.0,0.0,0.0,0.0,0.0,0.0,0.0
2024-11-20 05:00:00,0.0,0.0,0.0,False,True,False,0,no_power,0.0,0.0,0.0,0.0,0.0,0.0,0.0,0.0
2024-11-20 06:00:00,0.0,0.0,0.0,False,True,False,0,no_power,0.0,0.0,0.0,0.0,0.0,0.0,0.0,0.0
2024-11-20 07:00:00,0.131,0.126,60.0,True,True,False,0,no_power,0.0,0.0,0.0,0.0,0.0,0.0,0.0,0.0
2024-11-20 08:00:00,0.204,0.195,41.0,True,True,False,0,no_power,0.0,0.0,0.0,0.0,0.0,0.0,0.0,0.0
2024-11-20 09:00:00,1.017,0.977,224.0,True,True,False,0,no_power,0.0,0.0,0.0,0.0,0.0,0.0,0.0,0.0
2024-11-20 10:00:00,1.616,1.551,451.0,True,True,True,1,ok,1.263,0.0,1.263,0.0,0.288,0.0,0.0,0.0
2024-11-20 11:00:00,1.877,1.802,540.0,True,True,True,2,ok,1.263,0.0,1.263,0.0,0.539,0.0,0.0,0.0
2024-11-20 12:00:00,1.911,1.834,590.0,True,True,True,3,ok,1.263,0.0,1.263,0.0,0.571,0.0,0.0,0.0
2024-11-20 13:00:00,1.79,1.718,577.0,True,True,True,4,ok,1.263,0.0,1.263,0.0,0.455,0.0,0.0,0.0
2024-11-20 14:00:00,1.573,1.51,449.0,True,True,True,5,ok,1.263,0.0,1.263,0.0,0.247,0.0,0.0,0.0
2024-11-20 15:00:00,1.082,1.038,356.0,True,True,False,5,no_power,0.0,0.0,0.0,0.0,0.0,0.0,0.0,0.0
2024-11-20 16:00:00,0.641,0.615,176.0,True,True,False,5,no_power,0.0,0.0,0.0,0.0,0.0,0.0,0.0,0.0
2024-11-20 17:00:00,0.178,0.171,39.0,True,True,False,5,no_power,0.0,0.0,0.0,0.0,0.0,0.0,0.0,0.0
2024-11-20 18:00:00,0.0,0.0,0.0,False,True,False,5,no_power,0.0,0.0,0.0,0.0,0.0,0.0,0.0,0.0
2024-11-20 19:00:00,0.0,0.0,0.0,False,True,False,5,no_power,0.0,0.0,0.0,0.0,0.0,0.0,0.0,0.0
2024-11-20 20:00:00,0.0,0.0,0.0,False,True,False,5,no_power,0.0,0.0,0.0,0.0,0.0,0.0,0.0,0.0
2024-11-20 21:00:00,0.0,0.0,0.0,False,True,False,5,no_power,0.0,0.0,0.0,0.0,0.0,0.0,0.0,0.0
2024-11-20 22:00:00,0.0,0.0,0.0,False,True,False,5,no_power,0.0,0.0,0.0,0.0,0.0,0.0,0.0,0.0
2024-11-20 23:00:00,0.0,0.0,0.0,False,True,False,5,no_power,0.0,0.0,0.0,0.0,0.0,0.0,0.0,0.0
2024-11-21 00:00:00,0.0,0.0,0.0,False,True,False,0,no_power,0.0,0.0,0.0,0.0,0.0,0.0,0.0,0.0
2024-11-21 01:00:00,0.0,0.0,0.0,False,True,False,0,no_power,0.0,0.0,0.0,0.0,0.0,0.0,0.0,0.0
2024-11-21 02:00:00,0.0,0.0,0.0,False,True,False,0,no_power,0.0,0.0,0.0,0.0,0.0,0.0,0.0,0.0
2024-11-21 03:00:00,0.0,0.0,0.0,False,True,False,0,no_power,0.0,0.0,0.0,0.0,0.0,0.0,0.0,0.0
2024-11-21 04:00:00,0.0,0.0,0.0,False,True,False,0,no_power,0.0,0.0,0.0,0.0,0.0,0.0,0.0,0.0
2024-11-21 05:00:00,0.0,0.0,0.0,False,True,False,0,no_power,0.0,0.0,0.0,0.0,0.0,0.0,0.0,0.0
2024-11-21 06:00:00,0.0,0.0,0.0,False,True,False,0,no_power,0.0,0.0,0.0,0.0,0.0,0.0,0.0,0.0
2024-11-21 07:00:00,0.15,0.144,49.0,True,True,False,0,no_power,0.0,0.0,0.0,0.0,0.0,0.0,0.0,0.0
2024-11-21 08:00:00,0.68,0.653,206.0,True,True,False,0,no_power,0.0,0.0,0.0,0.0,0.0,0.0,0.0,0.0
2024-11-21 09:00:00,1.175,1.128,354.0,True,True,False,0,no_power,0.0,0.0,0.0,0.0,0.0,0.0,0.0,0.0
2024-11-21 10:00:00,1.646,1.58,455.0,True,True,True,1,ok,1.263,0.0,1.263,0.0,0.317,0.0,0.0,0.0
2024-11-21 11:00:00,1.929,1.852,507.0,True,True,True,2,ok,1.263,0.0,1.263,0.0,0.589,0.0,0.0,0.0
2024-11-21 12:00:00,2.05,1.968,574.0,True,True,True,3,ok,1.263,0.0,1.263,0.0,0.705,0.0,0.0,0.0
2024-11-21 13:00:00,1.778,1.707,426.0,True,True,True,4,ok,1.263,0.0,1.263,0.0,0.444,0.0,0.0,0.0
2024-11-21 14:00:00,1.598,1.534,565.0,True,True,True,5,ok,1.263,0.0,1.263,0.0,0.271,0.0,0.0,0.0
2024-11-21 15:00:00,1.074,1.031,228.0,True,True,False,5,no_power,0.0,0.0,0.0,0.0,0.0,0.0,0.0,0.0
2024-11-21 16:00:00,0.499,0.479,217.0,True,True,False,5,no_power,0.0,0.0,0.0,0.0,0.0,0.0,0.0,0.0
2024-11-21 17:00:00,0.14,0.134,38.0,True,True,False,5,no_power,0.0,0.0,0.0,0.0,0.0,0.0,0.0,0.0
2024-11-21 18:00:00,0.0,0.0,0.0,False,True,False,5,no_power,0.0,0.0,0.0,0.0,0.0,0.0,0.0,0.0
2024-11-21 19:00:00,0.0,0.0,0.0,False,True,False,5,no_power,0.0,0.0,0.0,0.0,0.0,0.0,0.0,0.0
2024-11-21 20:00:00,0.0,0.0,0.0,False,True,False,5,no_power,0.0,0.0,0.0,0.0,0.0,0.0,0.0,0.0
2024-11-21 21:00:00,0.0,0.0,0.0,False,True,False,5,no_power,0.0,0.0,0.0,0.0,0.0,0.0,0.0,0.0
2024-11-21 22:00:00,0.0,0.0,0.0,False,True,False,5,no_power,0.0,0.0,0.0,0.0,0.0,0.0,0.0,0.0
2024-11-21 23:00:00,0.0,0.0,0.0,False,True,False,5,no_power,0.0,0.0,0.0,0.0,0.0,0.0,0.0,0.0
2024-11-22 00:00:00,0.0,0.0,0.0,False,True,False,0,no_power,0.0,0.0,0.0,0.0,0.0,0.0,0.0,0.0
2024-11-22 01:00:00,0.0,0.0,0.0,False,True,False,0,no_power,0.0,0.0,0.0,0.0,0.0,0.0,0.0,0.0
2024-11-22 02:00:00,0.0,0.0,0.0,False,True,False,0,no_power,0.0,0.0,0.0,0.0,0.0,0.0,0.0,0.0
2024-11-22 03:00:00,0.0,0.0,0.0,False,True,False,0,no_power,0.0,0.0,0.0,0.0,0.0,0.0,0.0,0.0
2024-11-22 04:00:00,0.0,0.0,0.0,False,True,False,0,no_power,0.0,0.0,0.0,0.0,0.0,0.0,0.0,0.0
2024-11-22 05:00:00,0.0,0.0,0.0,False,True,False,0,no_power,0.0,0.0,0.0,0.0,0.0,0.0,0.0,0.0
2024-11-22 06:00:00,0.0,0.0,0.0,False,True,False,0,no_power,0.0,0.0,0.0,0.0,0.0,0.0,0.0,0.0
2024-11-22 07:00:00,0.142,0.136,55.0,True,True,False,0,no_power,0.0,0.0,0.0,0.0,0.0,0.0,0.0,0.0
2024-11-22 08:00:00,0.484,0.464,259.0,True,True,False,0,no_power,0.0,0.0,0.0,0.0,0.0,0.0,0.0,0.0
2024-11-22 09:00:00,1.139,1.094,462.0,True,True,False,0,no_power,0.0,0.0,0.0,0.0,0.0,0.0,0.0,0.0
2024-11-22 10:00:00,1.678,1.611,624.0,True,True,True,1,ok,1.263,0.0,1.263,0.0,0.348,0.0,0.0,0.0
2024-11-22 11:00:00,2.019,1.938,727.0,True,True,True,2,ok,1.263,0.0,1.263,0.0,0.675,0.0,0.0,0.0
2024-11-22 12:00:00,2.136,2.051,764.0,True,True,True,3,ok,1.263,0.0,1.263,0.0,0.788,0.0,0.0,0.0
2024-11-22 13:00:00,2.009,1.929,727.0,True,True,True,4,ok,1.263,0.0,1.263,0.0,0.666,0.0,0.0,0.0
2024-11-22 14:00:00,1.657,1.59,623.0,True,True,True,5,ok,1.263,0.0,1.263,0.0,0.327,0.0,0.0,0.0
2024-11-22 15:00:00,1.105,1.061,459.0,True,True,False,5,no_power,0.0,0.0,0.0,0.0,0.0,0.0,0.0,0.0
2024-11-22 16:00:00,0.438,0.42,254.0,True,True,False,5,no_power,0.0,0.0,0.0,0.0,0.0,0.0,0.0,0.0
2024-11-22 17:00:00,0.127,0.122,49.0,True,True,False,5,no_power,0.0,0.0,0.0,0.0,0.0,0.0,0.0,0.0
2024-11-22 18:00:00,0.0,0.0,0.0,False,True,False,5,no_power,0.0,0.0,0.0,0.0,0.0,0.0,0.0,0.0
2024-11-22 19:00:00,0.0,0.0,0.0,False,True,False,5,no_power,0.0,0.0,0.0,0.0,0.0,0.0,0.0,0.0
2024-11-22 20:00:00,0.0,0.0,0.0,False,True,False,5,no_power,0.0,0.0,0.0,0.0,0.0,0.0,0.0,0.0
2024-11-22 21:00:00,0.0,0.0,0.0,False,True,False,5,no_power,0.0,0.0,0.0,0.0,0.0,0.0,0.0,0.0
2024-11-22 22:00:00,0.0,0.0,0.0,False,True,False,5,no_power,0.0,0.0,0.0,0.0,0.0,0.0,0.0,0.0
2024-11-22 23:00:00,0.0,0.0,0.0,False,True,False,5,no_power,0.0,0.0,0.0,0.0,0.0,0.0,0.0,0.0
2024-11-23 00:00:00,0.0,0.0,0.0,False,True,False,0,no_power,0.0,0.0,0.0,0.0,0.0,0.0,0.0,0.0
2024-11-23 01:00:00,0.0,0.0,0.0,False,True,False,0,no_power,0.0,0.0,0.0,0.0,0.0,0.0,0.0,0.0
2024-11-23 02:00:00,0.0,0.0,0.0,False,True,False,0,no_power,0.0,0.0,0.0,0.0,0.0,0.0,0.0,0.0
2024-11-23 03:00:00,0.0,0.0,0.0,False,True,False,0,no_power,0.0,0.0,0.0,0.0,0.0,0.0,0.0,0.0
2024-11-23 04:00:00,0.0,0.0,0.0,False,True,False,0,no_power,0.0,0.0,0.0,0.0,0.0,0.0,0.0,0.0
2024-11-23 05:00:00,0.0,0.0,0.0,False,True,False,0,no_power,0.0,0.0,0.0,0.0,0.0,0.0,0.0,0.0
2024-11-23 06:00:00,0.0,0.0,0.0,False,True,False,0,no_power,0.0,0.0,0.0,0.0,0.0,0.0,0.0,0.0
2024-11-23 07:00:00,0.132,0.127,53.0,True,True,False,0,no_power,0.0,0.0,0.0,0.0,0.0,0.0,0.0,0.0
2024-11-23 08:00:00,0.462,0.444,256.0,True,True,False,0,no_power,0.0,0.0,0.0,0.0,0.0,0.0,0.0,0.0
2024-11-23 09:00:00,1.119,1.074,461.0,True,True,False,0,no_power,0.0,0.0,0.0,0.0,0.0,0.0,0.0,0.0
2024-11-23 10:00:00,1.657,1.591,624.0,True,True,True,1,ok,1.263,0.0,1.263,0.0,0.328,0.0,0.0,0.0
2024-11-23 11:00:00,2.0,1.92,728.0,True,True,True,2,ok,1.263,0.0,1.263,0.0,0.657,0.0,0.0,0.0
2024-11-23 12:00:00,2.117,2.033,762.0,True,True,True,3,ok,1.263,0.0,1.263,0.0,0.77,0.0,0.0,0.0
2024-11-23 13:00:00,1.991,1.911,725.0,True,True,True,4,ok,1.263,0.0,1.263,0.0,0.648,0.0,0.0,0.0
2024-11-23 14:00:00,1.631,1.566,619.0,True,True,True,5,ok,1.263,0.0,1.263,0.0,0.303,0.0,0.0,0.0
2024-11-23 15:00:00,1.077,1.034,454.0,True,True,False,5,no_power,0.0,0.0,0.0,0.0,0.0,0.0,0.0,0.0
2024-11-23 16:00:00,0.414,0.398,250.0,True,True,False,5,no_power,0.0,0.0,0.0,0.0,0.0,0.0,0.0,0.0
2024-11-23 17:00:00,0.117,0.112,48.0,True,True,False,5,no_power,0.0,0.0,0.0,0.0,0.0,0.0,0.0,0.0
2024-11-23 18:00:00,0.0,0.0,0.0,False,True,False,5,no_power,0.0,0.0,0.0,0.0,0.0,0.0,0.0,0.0
2024-11-23 19:00:00,0.0,0.0,0.0,False,True,False,5,no_power,0.0,0.0,0.0,0.0,0.0,0.0,0.0,0.0
2024-11-23 20:00:00,0.0,0.0,0.0,False,True,False,5,no_power,0.0,0.0,0.0,0.0,0.0,0.0,0.0,0.0
2024-11-23 21:00:00,0.0,0.0,0.0,False,True,False,5,no_power,0.0,0.0,0.0,0.0,0.0,0.0,0.0,0.0
2024-11-23 22:00:00,0.0,0.0,0.0,False,True,False,5,no_power,0.0,0.0,0.0,0.0,0.0,0.0,0.0,0.0
2024-11-23 23:00:00,0.0,0.0,0.0,False,True,False,5,no_power,0.0,0.0,0.0,0.0,0.0,0.0,0.0,0.0
2024-11-24 00:00:00,0.0,0.0,0.0,False,True,False,0,no_power,0.0,0.0,0.0,0.0,0.0,0.0,0.0,0.0
2024-11-24 01:00:00,0.0,0.0,0.0,False,True,False,0,no_power,0.0,0.0,0.0,0.0,0.0,0.0,0.0,0.0
2024-11-24 02:00:00,0.0,0.0,0.0,False,True,False,0,no_power,0.0,0.0,0.0,0.0,0.0,0.0,0.0,0.0
2024-11-24 03:00:00,0.0,0.0,0.0,False,True,False,0,no_power,0.0,0.0,0.0,0.0,0.0,0.0,0.0,0.0
2024-11-24 04:00:00,0.0,0.0,0.0,False,True,False,0,no_power,0.0,0.0,0.0,0.0,0.0,0.0,0.0,0.0
2024-11-24 05:00:00,0.0,0.0,0.0,False,True,False,0,no_power,0.0,0.0,0.0,0.0,0.0,0.0,0.0,0.0
2024-11-24 06:00:00,0.0,0.0,0.0,False,True,False,0,no_power,0.0,0.0,0.0,0.0,0.0,0.0,0.0,0.0
2024-11-24 07:00:00,0.186,0.179,37.0,True,True,False,0,no_power,0.0,0.0,0.0,0.0,0.0,0.0,0.0,0.0
2024-11-24 08:00:00,0.766,0.735,163.0,True,True,False,0,no_power,0.0,0.0,0.0,0.0,0.0,0.0,0.0,0.0
2024-11-24 09:00:00,1.205,1.157,370.0,True,True,False,0,no_power,0.0,0.0,0.0,0.0,0.0,0.0,0.0,0.0
2024-11-24 10:00:00,1.614,1.549,613.0,True,True,True,1,ok,1.263,0.0,1.263,0.0,0.286,0.0,0.0,0.0
2024-11-24 11:00:00,1.952,1.874,713.0,True,True,True,2,ok,1.263,0.0,1.263,0.0,0.611,0.0,0.0,0.0
2024-11-24 12:00:00,2.057,1.974,745.0,True,True,True,3,ok,1.263,0.0,1.263,0.0,0.711,0.0,0.0,0.0
2024-11-24 13:00:00,1.937,1.859,708.0,True,True,True,4,ok,1.263,0.0,1.263,0.0,0.596,0.0,0.0,0.0
2024-11-24 14:00:00,1.586,1.523,602.0,True,True,True,5,ok,1.263,0.0,1.263,0.0,0.26,0.0,0.0,0.0
2024-11-24 15:00:00,1.046,1.004,438.0,True,True,False,5,no_power,0.0,0.0,0.0,0.0,0.0,0.0,0.0,0.0
2024-11-24 16:00:00,0.402,0.386,239.0,True,True,False,5,no_power,0.0,0.0,0.0,0.0,0.0,0.0,0.0,0.0
2024-11-24 17:00:00,0.116,0.111,44.0,True,True,False,5,no_power,0.0,0.0,0.0,0.0,0.0,0.0,0.0,0.0
2024-11-24 18:00:00,0.0,0.0,0.0,False,True,False,5,no_power,0.0,0.0,0.0,0.0,0.0,0.0,0.0,0.0
2024-11-24 19:00:00,0.0,0.0,0.0,False,True,False,5,no_power,0.0,0.0,0.0,0.0,0.0,0.0,0.0,0.0
2024-11-24 20:00:00,0.0,0.0,0.0,False,True,False,5,no_power,0.0,0.0,0.0,0.0,0.0,0.0,0.0,0.0
2024-11-24 21:00:00,0.0,0.0,0.0,False,True,False,5,no_power,0.0,0.0,0.0,0.0,0.0,0.0,0.0,0.0
2024-11-24 22:00:00,0.0,0.0,0.0,False,True,False,5,no_power,0.0,0.0,0.0,0.0,0.0,0.0,0.0,0.0
2024-11-24 23:00:00,0.0,0.0,0.0,False,True,False,5,no_power,0.0,0.0,0.0,0.0,0.0,0.0,0.0,0.0
2024-11-25 00:00:00,0.0,0.0,0.0,False,True,False,0,no_power,0.0,0.0,0.0,0.0,0.0,0.0,0.0,0.0
2024-11-25 01:00:00,0.0,0.0,0.0,False,True,False,0,no_power,0.0,0.0,0.0,0.0,0.0,0.0,0.0,0.0
2024-11-25 02:00:00,0.0,0.0,0.0,False,True,False,0,no_power,0.0,0.0,0.0,0.0,0.0,0.0,0.0,0.0
2024-11-25 03:00:00,0.0,0.0,0.0,False,True,False,0,no_power,0.0,0.0,0.0,0.0,0.0,0.0,0.0,0.0
2024-11-25 04:00:00,0.0,0.0,0.0,False,True,False,0,no_power,0.0,0.0,0.0,0.0,0.0,0.0,0.0,0.0
2024-11-25 05:00:00,0.0,0.0,0.0,False,True,False,0,no_power,0.0,0.0,0.0,0.0,0.0,0.0,0.0,0.0
2024-11-25 06:00:00,0.0,0.0,0.0,False,True,False,0,no_power,0.0,0.0,0.0,0.0,0.0,0.0,0.0,0.0
2024-11-25 07:00:00,0.105,0.101,21.0,True,True,False,0,no_power,0.0,0.0,0.0,0.0,0.0,0.0,0.0,0.0
2024-11-25 08:00:00,0.73,0.701,157.0,True,True,False,0,no_power,0.0,0.0,0.0,0.0,0.0,0.0,0.0,0.0
2024-11-25 09:00:00,1.039,0.997,429.0,True,True,False,0,no_power,0.0,0.0,0.0,0.0,0.0,0.0,0.0,0.0
2024-11-25 10:00:00,1.571,1.508,396.0,True,True,True,1,ok,1.263,0.0,1.263,0.0,0.245,0.0,0.0,0.0
2024-11-25 11:00:00,0.208,0.2,42.0,True,True,False,1,no_power,0.0,0.0,0.0,0.0,0.0,0.0,0.0,0.0
2024-11-25 12:00:00,1.898,1.822,471.0,True,True,True,2,ok,1.263,0.0,1.263,0.0,0.559,0.0,0.0,0.0
2024-11-25 13:00:00,1.531,1.47,337.0,True,True,True,3,ok,1.263,0.0,1.263,0.0,0.207,0.0,0.0,0.0
2024-11-25 14:00:00,1.249,1.199,269.0,True,True,False,3,no_power,0.0,0.0,0.0,0.0,0.0,0.0,0.0,0.0
2024-11-25 15:00:00,1.012,0.971,223.0,True,True,False,3,no_power,0.0,0.0,0.0,0.0,0.0,0.0,0.0,0.0
2024-11-25 16:00:00,0.664,0.637,178.0,True,True,False,3,no_power,0.0,0.0,0.0,0.0,0.0,0.0,0.0,0.0
2024-11-25 17:00:00,0.149,0.143,30.0,True,True,False,3,no_power,0.0,0.0,0.0,0.0,0.0,0.0,0.0,0.0
2024-11-25 18:00:00,0.0,0.0,0.0,False,True,False,3,no_power,0.0,0.0,0.0,0.0,0.0,0.0,0.0,0.0
2024-11-25 19:00:00,0.0,0.0,0.0,False,True,False,3,no_power,0.0,0.0,0.0,0.0,0.0,0.0,0.0,0.0
2024-11-25 20:00:00,0.0,0.0,0.0,False,True,False,3,no_power,0.0,0.0,0.0,0.0,0.0,0.0,0.0,0.0
2024-11-25 21:00:00,0.0,0.0,0.0,False,True,False,3,no_power,0.0,0.0,0.0,0.0,0.0,0.0,0.0,0.0
2024-11-25 22:00:00,0.0,0.0,0.0,False,True,False,3,no_power,0.0,0.0,0.0,0.0,0.0,0.0,0.0,0.0
2024-11-25 23:00:00,0.0,0.0,0.0,False,True,False,3,no_power,0.0,0.0,0.0,0.0,0.0,0.0,0.0,0.0
2024-11-26 00:00:00,0.0,0.0,0.0,False,True,False,0,no_power,0.0,0.0,0.0,0.0,0.0,0.0,0.0,0.0
2024-11-26 01:00:00,0.0,0.0,0.0,False,True,False,0,no_power,0.0,0.0,0.0,0.0,0.0,0.0,0.0,0.0
2024-11-26 02:00:00,0.0,0.0,0.0,False,True,False,0,no_power,0.0,0.0,0.0,0.0,0.0,0.0,0.0,0.0
2024-11-26 03:00:00,0.0,0.0,0.0,False,True,False,0,no_power,0.0,0.0,0.0,0.0,0.0,0.0,0.0,0.0
2024-11-26 04:00:00,0.0,0.0,0.0,False,True,False,0,no_power,0.0,0.0,0.0,0.0,0.0,0.0,0.0,0.0
2024-11-26 05:00:00,0.0,0.0,0.0,False,True,False,0,no_power,0.0,0.0,0.0,0.0,0.0,0.0,0.0,0.0
2024-11-26 06:00:00,0.0,0.0,0.0,False,True,False,0,no_power,0.0,0.0,0.0,0.0,0.0,0.0,0.0,0.0
2024-11-26 07:00:00,0.12,0.116,44.0,True,True,False,0,no_power,0.0,0.0,0.0,0.0,0.0,0.0,0.0,0.0
2024-11-26 08:00:00,0.389,0.374,236.0,True,True,False,0,no_power,0.0,0.0,0.0,0.0,0.0,0.0,0.0,0.0
2024-11-26 09:00:00,1.003,0.963,431.0,True,True,False,0,no_power,0.0,0.0,0.0,0.0,0.0,0.0,0.0,0.0
2024-11-26 10:00:00,1.519,1.458,590.0,True,True,True,1,ok,1.263,0.0,1.263,0.0,0.195,0.0,0.0,0.0
2024-11-26 11:00:00,1.846,1.772,690.0,True,True,True,2,ok,1.263,0.0,1.263,0.0,0.509,0.0,0.0,0.0
2024-11-26 12:00:00,1.961,1.883,724.0,True,True,True,3,ok,1.263,0.0,1.263,0.0,0.62,0.0,0.0,0.0
2024-11-26 13:00:00,1.845,1.771,691.0,True,True,True,4,ok,1.263,0.0,1.263,0.0,0.508,0.0,0.0,0.0
2024-11-26 14:00:00,1.508,1.447,590.0,True,True,True,5,ok,1.263,0.0,1.263,0.0,0.184,0.0,0.0,0.0
2024-11-26 15:00:00,0.985,0.946,432.0,True,True,False,5,no_power,0.0,0.0,0.0,0.0,0.0,0.0,0.0,0.0
2024-11-26 16:00:00,0.366,0.351,238.0,True,True,False,5,no_power,0.0,0.0,0.0,0.0,0.0,0.0,0.0,0.0
2024-11-26 17:00:00,0.111,0.106,45.0,True,True,False,5,no_power,0.0,0.0,0.0,0.0,0.0,0.0,0.0,0.0
2024-11-26 18:00:00,0.0,0.0,0.0,False,True,False,5,no_power,0.0,0.0,0.0,0.0,0.0,0.0,0.0,0.0
2024-11-26 19:00:00,0.0,0.0,0.0,False,True,False,5,no_power,0.0,0.0,0.0,0.0,0.0,0.0,0.0,0.0
2024-11-26 20:00:00,0.0,0.0,0.0,False,True,False,5,no_power,0.0,0.0,0.0,0.0,0.0,0.0,0.0,0.0
2024-11-26 21:00:00,0.0,0.0,0.0,False,True,False,5,no_power,0.0,0.0,0.0,0.0,0.0,0.0,0.0,0.0
2024-11-26 22:00:00,0.0,0.0,0.0,False,True,False,5,no_power,0.0,0.0,0.0,0.0,0.0,0.0,0.0,0.0
2024-11-26 23:00:00,0.0,0.0,0.0,False,True,False,5,no_power,0.0,0.0,0.0,0.0,0.0,0.0,0.0,0.0
2024-11-27 00:00:00,0.0,0.0,0.0,False,True,False,0,no_power,0.0,0.0,0.0,0.0,0.0,0.0,0.0,0.0
2024-11-27 01:00:00,0.0,0.0,0.0,False,True,False,0,no_power,0.0,0.0,0.0,0.0,0.0,0.0,0.0,0.0
2024-11-27 02:00:00,0.0,0.0,0.0,False,True,False,0,no_power,0.0,0.0,0.0,0.0,0.0,0.0,0.0,0.0
2024-11-27 03:00:00,0.0,0.0,0.0,False,True,False,0,no_power,0.0,0.0,0.0,0.0,0.0,0.0,0.0,0.0
2024-11-27 04:00:00,0.0,0.0,0.0,False,True,False,0,no_power,0.0,0.0,0.0,0.0,0.0,0.0,0.0,0.0
2024-11-27 05:00:00,0.0,0.0,0.0,False,True,False,0,no_power,0.0,0.0,0.0,0.0,0.0,0.0,0.0,0.0
2024-11-27 06:00:00,0.0,0.0,0.0,False,True,False,0,no_power,0.0,0.0,0.0,0.0,0.0,0.0,0.0,0.0
2024-11-27 07:00:00,0.116,0.111,44.0,True,True,False,0,no_power,0.0,0.0,0.0,0.0,0.0,0.0,0.0,0.0
2024-11-27 08:00:00,0.377,0.362,237.0,True,True,False,0,no_power,0.0,0.0,0.0,0.0,0.0,0.0,0.0,0.0
2024-11-27 09:00:00,0.997,0.957,433.0,True,True,False,0,no_power,0.0,0.0,0.0,0.0,0.0,0.0,0.0,0.0
2024-11-27 10:00:00,1.519,1.458,591.0,True,True,True,1,ok,1.263,0.0,1.263,0.0,0.195,0.0,0.0,0.0
2024-11-27 11:00:00,1.848,1.774,692.0,True,True,True,2,ok,1.263,0.0,1.263,0.0,0.511,0.0,0.0,0.0
2024-11-27 12:00:00,1.968,1.889,728.0,True,True,True,3,ok,1.263,0.0,1.263,0.0,0.626,0.0,0.0,0.0
2024-11-27 13:00:00,1.854,1.78,693.0,True,True,True,4,ok,1.263,0.0,1.263,0.0,0.517,0.0,0.0,0.0
2024-11-27 14:00:00,1.515,1.454,591.0,True,True,True,5,ok,1.263,0.0,1.263,0.0,0.191,0.0,0.0,0.0
2024-11-27 15:00:00,0.996,0.956,433.0,True,True,False,5,no_power,0.0,0.0,0.0,0.0,0.0,0.0,0.0,0.0
2024-11-27 16:00:00,0.36,0.346,238.0,True,True,False,5,no_power,0.0,0.0,0.0,0.0,0.0,0.0,0.0,0.0
2024-11-27 17:00:00,0.11,0.106,45.0,True,True,False,5,no_power,0.0,0.0,0.0,0.0,0.0,0.0,0.0,0.0
2024-11-27 18:00:00,0.0,0.0,0.0,False,True,False,5,no_power,0.0,0.0,0.0,0.0,0.0,0.0,0.0,0.0
2024-11-27 19:00:00,0.0,0.0,0.0,False,True,False,5,no_power,0.0,0.0,0.0,0.0,0.0,0.0,0.0,0.0
2024-11-27 20:00:00,0.0,0.0,0.0,False,True,False,5,no_power,0.0,0.0,0.0,0.0,0.0,0.0,0.0,0.0
2024-11-27 21:00:00,0.0,0.0,0.0,False,True,False,5,no_power,0.0,0.0,0.0,0.0,0.0,0.0,0.0,0.0
2024-11-27 22:00:00,0.0,0.0,0.0,False,True,False,5,no_power,0.0,0.0,0.0,0.0,0.0,0.0,0.0,0.0
2024-11-27 23:00:00,0.0,0.0,0.0,False,True,False,5,no_power,0.0,0.0,0.0,0.0,0.0,0.0,0.0,0.0
2024-11-28 00:00:00,0.0,0.0,0.0,False,True,False,0,no_power,0.0,0.0,0.0,0.0,0.0,0.0,0.0,0.0
2024-11-28 01:00:00,0.0,0.0,0.0,False,True,False,0,no_power,0.0,0.0,0.0,0.0,0.0,0.0,0.0,0.0
2024-11-28 02:00:00,0.0,0.0,0.0,False,True,False,0,no_power,0.0,0.0,0.0,0.0,0.0,0.0,0.0,0.0
2024-11-28 03:00:00,0.0,0.0,0.0,False,True,False,0,no_power,0.0,0.0,0.0,0.0,0.0,0.0,0.0,0.0
2024-11-28 04:00:00,0.0,0.0,0.0,False,True,False,0,no_power,0.0,0.0,0.0,0.0,0.0,0.0,0.0,0.0
2024-11-28 05:00:00,0.0,0.0,0.0,False,True,False,0,no_power,0.0,0.0,0.0,0.0,0.0,0.0,0.0,0.0
2024-11-28 06:00:00,0.0,0.0,0.0,False,True,False,0,no_power,0.0,0.0,0.0,0.0,0.0,0.0,0.0,0.0
2024-11-28 07:00:00,0.115,0.111,42.0,True,True,False,0,no_power,0.0,0.0,0.0,0.0,0.0,0.0,0.0,0.0
2024-11-28 08:00:00,0.368,0.353,233.0,True,True,False,0,no_power,0.0,0.0,0.0,0.0,0.0,0.0,0.0,0.0
2024-11-28 09:00:00,0.981,0.942,428.0,True,True,False,0,no_power,0.0,0.0,0.0,0.0,0.0,0.0,0.0,0.0
2024-11-28 10:00:00,1.496,1.436,586.0,True,True,True,1,ok,1.263,0.0,1.263,0.0,0.173,0.0,0.0,0.0
2024-11-28 11:00:00,1.833,1.759,687.0,True,True,True,2,ok,1.263,0.0,1.263,0.0,0.496,0.0,0.0,0.0
2024-11-28 12:00:00,1.942,1.865,720.0,True,True,True,3,ok,1.263,0.0,1.263,0.0,0.602,0.0,0.0,0.0
2024-11-28 13:00:00,1.83,1.757,685.0,True,True,True,4,ok,1.263,0.0,1.263,0.0,0.494,0.0,0.0,0.0
2024-11-28 14:00:00,1.496,1.436,584.0,True,True,True,5,ok,1.263,0.0,1.263,0.0,0.173,0.0,0.0,0.0
2024-11-28 15:00:00,0.983,0.943,426.0,True,True,False,5,no_power,0.0,0.0,0.0,0.0,0.0,0.0,0.0,0.0
2024-11-28 16:00:00,0.375,0.36,232.0,True,True,False,5,no_power,0.0,0.0,0.0,0.0,0.0,0.0,0.0,0.0
2024-11-28 17:00:00,0.115,0.11,43.0,True,True,False,5,no_power,0.0,0.0,0.0,0.0,0.0,0.0,0.0,0.0
2024-11-28 18:00:00,0.0,0.0,0.0,False,True,False,5,no_power,0.0,0.0,0.0,0.0,0.0,0.0,0.0,0.0
2024-11-28 19:00:00,0.0,0.0,0.0,False,True,False,5,no_power,0.0,0.0,0.0,0.0,0.0,0.0,0.0,0.0
2024-11-28 20:00:00,0.0,0.0,0.0,False,True,False,5,no_power,0.0,0.0,0.0,0.0,0.0,0.0,0.0,0.0
2024-11-28 21:00:00,0.0,0.0,0.0,False,True,False,5,no_power,0.0,0.0,0.0,0.0,0.0,0.0,0.0,0.0
2024-11-28 22:00:00,0.0,0.0,0.0,False,True,False,5,no_power,0.0,0.0,0.0,0.0,0.0,0.0,0.0,0.0
2024-11-28 23:00:00,0.0,0.0,0.0,False,True,False,5,no_power,0.0,0.0,0.0,0.0,0.0,0.0,0.0,0.0
2024-11-29 00:00:00,0.0,0.0,0.0,False,True,False,0,no_power,0.0,0.0,0.0,0.0,0.0,0.0,0.0,0.0
2024-11-29 01:00:00,0.0,0.0,0.0,False,True,False,0,no_power,0.0,0.0,0.0,0.0,0.0,0.0,0.0,0.0
2024-11-29 02:00:00,0.0,0.0,0.0,False,True,False,0,no_power,0.0,0.0,0.0,0.0,0.0,0.0,0.0,0.0
2024-11-29 03:00:00,0.0,0.0,0.0,False,True,False,0,no_power,0.0,0.0,0.0,0.0,0.0,0.0,0.0,0.0
2024-11-29 04:00:00,0.0,0.0,0.0,False,True,False,0,no_power,0.0,0.0,0.0,0.0,0.0,0.0,0.0,0.0
2024-11-29 05:00:00,0.0,0.0,0.0,False,True,False,0,no_power,0.0,0.0,0.0,0.0,0.0,0.0,0.0,0.0
2024-11-29 06:00:00,0.0,0.0,0.0,False,True,False,0,no_power,0.0,0.0,0.0,0.0,0.0,0.0,0.0,0.0
2024-11-29 07:00:00,0.101,0.096,41.0,True,True,False,0,no_power,0.0,0.0,0.0,0.0,0.0,0.0,0.0,0.0
2024-11-29 08:00:00,0.336,0.322,231.0,True,True,False,0,no_power,0.0,0.0,0.0,0.0,0.0,0.0,0.0,0.0
2024-11-29 09:00:00,0.943,0.905,424.0,True,True,False,0,no_power,0.0,0.0,0.0,0.0,0.0,0.0,0.0,0.0
2024-11-29 10:00:00,1.45,1.392,579.0,True,True,True,1,ok,1.263,0.0,1.263,0.0,0.129,0.0,0.0,0.0
2024-11-29 11:00:00,1.384,1.328,291.0,True,True,True,2,ok,1.263,0.0,1.263,0.0,0.065,0.0,0.0,0.0
2024-11-29 12:00:00,2.129,2.044,547.0,True,True,True,3,ok,1.263,0.0,1.263,0.0,0.781,0.0,0.0,0.0
2024-11-29 13:00:00,1.773,1.702,679.0,True,True,True,4,ok,1.263,0.0,1.263,0.0,0.439,0.0,0.0,0.0
2024-11-29 14:00:00,1.444,1.386,578.0,True,True,True,5,ok,1.263,0.0,1.263,0.0,0.123,0.0,0.0,0.0
2024-11-29 15:00:00,0.935,0.898,423.0,True,True,False,5,no_power,0.0,0.0,0.0,0.0,0.0,0.0,0.0,0.0
2024-11-29 16:00:00,0.353,0.339,231.0,True,True,False,5,no_power,0.0,0.0,0.0,0.0,0.0,0.0,0.0,0.0
2024-11-29 17:00:00,0.119,0.114,24.0,True,True,False,5,no_power,0.0,0.0,0.0,0.0,0.0,0.0,0.0,0.0
2024-11-29 18:00:00,0.0,0.0,0.0,False,True,False,5,no_power,0.0,0.0,0.0,0.0,0.0,0.0,0.0,0.0
2024-11-29 19:00:00,0.0,0.0,0.0,False,True,False,5,no_power,0.0,0.0,0.0,0.0,0.0,0.0,0.0,0.0
2024-11-29 20:00:00,0.0,0.0,0.0,False,True,False,5,no_power,0.0,0.0,0.0,0.0,0.0,0.0,0.0,0.0
2024-11-29 21:00:00,0.0,0.0,0.0,False,True,False,5,no_power,0.0,0.0,0.0,0.0,0.0,0.0,0.0,0.0
2024-11-29 22:00:00,0.0,0.0,0.0,False,True,False,5,no_power,0.0,0.0,0.0,0.0,0.0,0.0,0.0,0.0
2024-11-29 23:00:00,0.0,0.0,0.0,False,True,False,5,no_power,0.0,0.0,0.0,0.0,0.0,0.0,0.0,0.0
2024-11-30 00:00:00,0.0,0.0,0.0,False,True,False,0,no_power,0.0,0.0,0.0,0.0,0.0,0.0,0.0,0.0
2024-11-30 01:00:00,0.0,0.0,0.0,False,True,False,0,no_power,0.0,0.0,0.0,0.0,0.0,0.0,0.0,0.0
2024-11-30 02:00:00,0.0,0.0,0.0,False,True,False,0,no_power,0.0,0.0,0.0,0.0,0.0,0.0,0.0,0.0
2024-11-30 03:00:00,0.0,0.0,0.0,False,True,False,0,no_power,0.0,0.0,0.0,0.0,0.0,0.0,0.0,0.0
2024-11-30 04:00:00,0.0,0.0,0.0,False,True,False,0,no_power,0.0,0.0,0.0,0.0,0.0,0.0,0.0,0.0
2024-11-30 05:00:00,0.0,0.0,0.0,False,True,False,0,no_power,0.0,0.0,0.0,0.0,0.0,0.0,0.0,0.0
2024-11-30 06:00:00,0.0,0.0,0.0,False,True,False,0,no_power,0.0,0.0,0.0,0.0,0.0,0.0,0.0,0.0
2024-11-30 07:00:00,0.105,0.101,37.0,True,True,False,0,no_power,0.0,0.0,0.0,0.0,0.0,0.0,0.0,0.0
2024-11-30 08:00:00,0.352,0.338,221.0,True,True,False,0,no_power,0.0,0.0,0.0,0.0,0.0,0.0,0.0,0.0
2024-11-30 09:00:00,0.957,0.919,412.0,True,True,False,0,no_power,0.0,0.0,0.0,0.0,0.0,0.0,0.0,0.0
2024-11-30 10:00:00,1.469,1.41,567.0,True,True,True,1,ok,1.263,0.0,1.263,0.0,0.147,0.0,0.0,0.0
2024-11-30 11:00:00,1.806,1.734,667.0,True,True,True,2,ok,1.263,0.0,1.263,0.0,0.471,0.0,0.0,0.0
2024-11-30 12:00:00,1.927,1.85,703.0,True,True,True,3,ok,1.263,0.0,1.263,0.0,0.587,0.0,0.0,0.0
2024-11-30 13:00:00,1.813,1.741,668.0,True,True,True,4,ok,1.263,0.0,1.263,0.0,0.478,0.0,0.0,0.0
2024-11-30 14:00:00,1.49,1.43,569.0,True,True,True,5,ok,1.263,0.0,1.263,0.0,0.167,0.0,0.0,0.0
2024-11-30 15:00:00,1.025,0.984,217.0,True,True,False,5,no_power,0.0,0.0,0.0,0.0,0.0,0.0,0.0,0.0
2024-11-30 16:00:00,0.398,0.382,222.0,True,True,False,5,no_power,0.0,0.0,0.0,0.0,0.0,0.0,0.0,0.0
2024-11-30 17:00:00,0.125,0.12,39.0,True,True,False,5,no_power,0.0,0.0,0.0,0.0,0.0,0.0,0.0,0.0
2024-11-30 18:00:00,0.0,0.0,0.0,False,True,False,5,no_power,0.0,0.0,0.0,0.0,0.0,0.0,0.0,0.0
2024-11-30 19:00:00,0.0,0.0,0.0,False,True,False,5,no_power,0.0,0.0,0.0,0.0,0.0,0.0,0.0,0.0
2024-11-30 20:00:00,0.0,0.0,0.0,False,True,False,5,no_power,0.0,0.0,0.0,0.0,0.0,0.0,0.0,0.0
2024-11-30 21:00:00,0.0,0.0,0.0,False,True,False,5,no_power,0.0,0.0,0.0,0.0,0.0,0.0,0.0,0.0
2024-11-30 22:00:00,0.0,0.0,0.0,False,True,False,5,no_power,0.0,0.0,0.0,0.0,0.0,0.0,0.0,0.0
2024-11-30 23:00:00,0.0,0.0,0.0,False,True,False,5,no_power,0.0,0.0,0.0,0.0,0.0,0.0,0.0,0.0
2024-12-01 00:00:00,0.0,0.0,0.0,False,True,False,0,no_power,0.0,0.0,0.0,0.0,0.0,0.0,0.0,0.0
2024-12-01 01:00:00,0.0,0.0,0.0,False,True,False,0,no_power,0.0,0.0,0.0,0.0,0.0,0.0,0.0,0.0
2024-12-01 02:00:00,0.0,0.0,0.0,False,True,False,0,no_power,0.0,0.0,0.0,0.0,0.0,0.0,0.0,0.0
2024-12-01 03:00:00,0.0,0.0,0.0,False,True,False,0,no_power,0.0,0.0,0.0,0.0,0.0,0.0,0.0,0.0
2024-12-01 04:00:00,0.0,0.0,0.0,False,True,False,0,no_power,0.0,0.0,0.0,0.0,0.0,0.0,0.0,0.0
2024-12-01 05:00:00,0.0,0.0,0.0,False,True,False,0,no_power,0.0,0.0,0.0,0.0,0.0,0.0,0.0,0.0
2024-12-01 06:00:00,0.0,0.0,0.0,False,True,False,0,no_power,0.0,0.0,0.0,0.0,0.0,0.0,0.0,0.0
2024-12-01 07:00:00,0.105,0.101,34.0,True,True,False,0,no_power,0.0,0.0,0.0,0.0,0.0,0.0,0.0,0.0
2024-12-01 08:00:00,0.342,0.328,216.0,True,True,False,0,no_power,0.0,0.0,0.0,0.0,0.0,0.0,0.0,0.0
2024-12-01 09:00:00,0.934,0.897,407.0,True,True,False,0,no_power,0.0,0.0,0.0,0.0,0.0,0.0,0.0,0.0
2024-12-01 10:00:00,0.953,0.915,195.0,True,True,False,0,no_power,0.0,0.0,0.0,0.0,0.0,0.0,0.0,0.0
2024-12-01 11:00:00,1.769,1.699,665.0,True,True,True,1,ok,1.263,0.0,1.263,0.0,0.436,0.0,0.0,0.0
2024-12-01 12:00:00,1.631,1.565,354.0,True,True,True,2,ok,1.263,0.0,1.263,0.0,0.302,0.0,0.0,0.0
2024-12-01 13:00:00,1.428,1.371,300.0,True,True,True,3,ok,1.263,0.0,1.263,0.0,0.108,0.0,0.0,0.0
2024-12-01 14:00:00,0.853,0.819,174.0,True,True,False,3,no_power,0.0,0.0,0.0,0.0,0.0,0.0,0.0,0.0
2024-12-01 15:00:00,1.191,1.144,262.0,True,True,False,3,no_power,0.0,0.0,0.0,0.0,0.0,0.0,0.0,0.0
2024-12-01 16:00:00,0.359,0.344,228.0,True,True,False,3,no_power,0.0,0.0,0.0,0.0,0.0,0.0,0.0,0.0
2024-12-01 17:00:00,0.116,0.111,41.0,True,True,False,3,no_power,0.0,0.0,0.0,0.0,0.0,0.0,0.0,0.0
2024-12-01 18:00:00,0.0,0.0,0.0,False,True,False,3,no_power,0.0,0.0,0.0,0.0,0.0,0.0,0.0,0.0
2024-12-01 19:00:00,0.0,0.0,0.0,False,True,False,3,no_power,0.0,0.0,0.0,0.0,0.0,0.0,0.0,0.0
2024-12-01 20:00:00,0.0,0.0,0.0,False,True,False,3,no_power,0.0,0.0,0.0,0.0,0.0,0.0,0.0,0.0
2024-12-01 21:00:00,0.0,0.0,0.0,False,True,False,3,no_power,0.0,0.0,0.0,0.0,0.0,0.0,0.0,0.0
2024-12-01 22:00:00,0.0,0.0,0.0,False,True,False,3,no_power,0.0,0.0,0.0,0.0,0.0,0.0,0.0,0.0
2024-12-01 23:00:00,0.0,0.0,0.0,False,True,False,3,no_power,0.0,0.0,0.0,0.0,0.0,0.0,0.0,0.0
2024-12-02 00:00:00,0.0,0.0,0.0,False,True,False,0,no_power,0.0,0.0,0.0,0.0,0.0,0.0,0.0,0.0
2024-12-02 01:00:00,0.0,0.0,0.0,False,True,False,0,no_power,0.0,0.0,0.0,0.0,0.0,0.0,0.0,0.0
2024-12-02 02:00:00,0.0,0.0,0.0,False,True,False,0,no_power,0.0,0.0,0.0,0.0,0.0,0.0,0.0,0.0
2024-12-02 03:00:00,0.0,0.0,0.0,False,True,False,0,no_power,0.0,0.0,0.0,0.0,0.0,0.0,0.0,0.0
2024-12-02 04:00:00,0.0,0.0,0.0,False,True,False,0,no_power,0.0,0.0,0.0,0.0,0.0,0.0,0.0,0.0
2024-12-02 05:00:00,0.0,0.0,0.0,False,True,False,0,no_power,0.0,0.0,0.0,0.0,0.0,0.0,0.0,0.0
2024-12-02 06:00:00,0.0,0.0,0.0,False,True,False,0,no_power,0.0,0.0,0.0,0.0,0.0,0.0,0.0,0.0
2024-12-02 07:00:00,0.105,0.101,33.0,True,True,False,0,no_power,0.0,0.0,0.0,0.0,0.0,0.0,0.0,0.0
2024-12-02 08:00:00,0.339,0.325,217.0,True,True,False,0,no_power,0.0,0.0,0.0,0.0,0.0,0.0,0.0,0.0
2024-12-02 09:00:00,0.936,0.899,410.0,True,True,False,0,no_power,0.0,0.0,0.0,0.0,0.0,0.0,0.0,0.0
2024-12-02 10:00:00,1.448,1.39,567.0,True,True,True,1,ok,1.263,0.0,1.263,0.0,0.127,0.0,0.0,0.0
2024-12-02 11:00:00,1.789,1.717,668.0,True,True,True,2,ok,1.263,0.0,1.263,0.0,0.454,0.0,0.0,0.0
2024-12-02 12:00:00,1.915,1.838,705.0,True,True,True,3,ok,1.263,0.0,1.263,0.0,0.575,0.0,0.0,0.0
2024-12-02 13:00:00,1.809,1.736,674.0,True,True,True,4,ok,1.263,0.0,1.263,0.0,0.473,0.0,0.0,0.0
2024-12-02 14:00:00,1.488,1.429,577.0,True,True,True,5,ok,1.263,0.0,1.263,0.0,0.166,0.0,0.0,0.0
2024-12-02 15:00:00,0.337,0.324,68.0,True,True,False,5,no_power,0.0,0.0,0.0,0.0,0.0,0.0,0.0,0.0
2024-12-02 16:00:00,0.379,0.364,231.0,True,True,False,5,no_power,0.0,0.0,0.0,0.0,0.0,0.0,0.0,0.0
2024-12-02 17:00:00,0.126,0.121,42.0,True,True,False,5,no_power,0.0,0.0,0.0,0.0,0.0,0.0,0.0,0.0
2024-12-02 18:00:00,0.0,0.0,0.0,False,True,False,5,no_power,0.0,0.0,0.0,0.0,0.0,0.0,0.0,0.0
2024-12-02 19:00:00,0.0,0.0,0.0,False,True,False,5,no_power,0.0,0.0,0.0,0.0,0.0,0.0,0.0,0.0
2024-12-02 20:00:00,0.0,0.0,0.0,False,True,False,5,no_power,0.0,0.0,0.0,0.0,0.0,0.0,0.0,0.0
2024-12-02 21:00:00,0.0,0.0,0.0,False,True,False,5,no_power,0.0,0.0,0.0,0.0,0.0,0.0,0.0,0.0
2024-12-02 22:00:00,0.0,0.0,0.0,False,True,False,5,no_power,0.0,0.0,0.0,0.0,0.0,0.0,0.0,0.0
2024-12-02 23:00:00,0.0,0.0,0.0,False,True,False,5,no_power,0.0,0.0,0.0,0.0,0.0,0.0,0.0,0.0
2024-12-03 00:00:00,0.0,0.0,0.0,False,True,False,0,no_power,0.0,0.0,0.0,0.0,0.0,0.0,0.0,0.0
2024-12-03 01:00:00,0.0,0.0,0.0,False,True,False,0,no_power,0.0,0.0,0.0,0.0,0.0,0.0,0.0,0.0
2024-12-03 02:00:00,0.0,0.0,0.0,False,True,False,0,no_power,0.0,0.0,0.0,0.0,0.0,0.0,0.0,0.0
2024-12-03 03:00:00,0.0,0.0,0.0,False,True,False,0,no_power,0.0,0.0,0.0,0.0,0.0,0.0,0.0,0.0
2024-12-03 04:00:00,0.0,0.0,0.0,False,True,False,0,no_power,0.0,0.0,0.0,0.0,0.0,0.0,0.0,0.0
2024-12-03 05:00:00,0.0,0.0,0.0,False,True,False,0,no_power,0.0,0.0,0.0,0.0,0.0,0.0,0.0,0.0
2024-12-03 06:00:00,0.0,0.0,0.0,False,True,False,0,no_power,0.0,0.0,0.0,0.0,0.0,0.0,0.0,0.0
2024-12-03 07:00:00,0.111,0.107,32.0,True,True,False,0,no_power,0.0,0.0,0.0,0.0,0.0,0.0,0.0,0.0
2024-12-03 08:00:00,0.352,0.338,220.0,True,True,False,0,no_power,0.0,0.0,0.0,0.0,0.0,0.0,0.0,0.0
2024-12-03 09:00:00,0.962,0.924,419.0,True,True,False,0,no_power,0.0,0.0,0.0,0.0,0.0,0.0,0.0,0.0
2024-12-03 10:00:00,1.483,1.424,583.0,True,True,True,1,ok,1.263,0.0,1.263,0.0,0.161,0.0,0.0,0.0
2024-12-03 11:00:00,1.832,1.759,690.0,True,True,True,2,ok,1.263,0.0,1.263,0.0,0.496,0.0,0.0,0.0
2024-12-03 12:00:00,1.962,1.883,730.0,True,True,True,3,ok,1.263,0.0,1.263,0.0,0.62,0.0,0.0,0.0
2024-12-03 13:00:00,1.851,1.777,698.0,True,True,True,4,ok,1.263,0.0,1.263,0.0,0.514,0.0,0.0,0.0
2024-12-03 14:00:00,1.517,1.456,598.0,True,True,True,5,ok,1.263,0.0,1.263,0.0,0.193,0.0,0.0,0.0
2024-12-03 15:00:00,0.991,0.951,440.0,True,True,False,5,no_power,0.0,0.0,0.0,0.0,0.0,0.0,0.0,0.0
2024-12-03 16:00:00,0.362,0.347,242.0,True,True,False,5,no_power,0.0,0.0,0.0,0.0,0.0,0.0,0.0,0.0
2024-12-03 17:00:00,0.122,0.117,46.0,True,True,False,5,no_power,0.0,0.0,0.0,0.0,0.0,0.0,0.0,0.0
2024-12-03 18:00:00,0.0,0.0,0.0,False,True,False,5,no_power,0.0,0.0,0.0,0.0,0.0,0.0,0.0,0.0
2024-12-03 19:00:00,0.0,0.0,0.0,False,True,False,5,no_power,0.0,0.0,0.0,0.0,0.0,0.0,0.0,0.0
2024-12-03 20:00:00,0.0,0.0,0.0,False,True,False,5,no_power,0.0,0.0,0.0,0.0,0.0,0.0,0.0,0.0
2024-12-03 21:00:00,0.0,0.0,0.0,False,True,False,5,no_power,0.0,0.0,0.0,0.0,0.0,0.0,0.0,0.0
2024-12-03 22:00:00,0.0,0.0,0.0,False,True,False,5,no_power,0.0,0.0,0.0,0.0,0.0,0.0,0.0,0.0
2024-12-03 23:00:00,0.0,0.0,0.0,False,True,False,5,no_power,0.0,0.0,0.0,0.0,0.0,0.0,0.0,0.0
2024-12-04 00:00:00,0.0,0.0,0.0,False,True,False,0,no_power,0.0,0.0,0.0,0.0,0.0,0.0,0.0,0.0
2024-12-04 01:00:00,0.0,0.0,0.0,False,True,False,0,no_power,0.0,0.0,0.0,0.0,0.0,0.0,0.0,0.0
2024-12-04 02:00:00,0.0,0.0,0.0,False,True,False,0,no_power,0.0,0.0,0.0,0.0,0.0,0.0,0.0,0.0
2024-12-04 03:00:00,0.0,0.0,0.0,False,True,False,0,no_power,0.0,0.0,0.0,0.0,0.0,0.0,0.0,0.0
2024-12-04 04:00:00,0.0,0.0,0.0,False,True,False,0,no_power,0.0,0.0,0.0,0.0,0.0,0.0,0.0,0.0
2024-12-04 05:00:00,0.0,0.0,0.0,False,True,False,0,no_power,0.0,0.0,0.0,0.0,0.0,0.0,0.0,0.0
2024-12-04 06:00:00,0.0,0.0,0.0,False,True,False,0,no_power,0.0,0.0,0.0,0.0,0.0,0.0,0.0,0.0
2024-12-04 07:00:00,0.107,0.102,32.0,True,True,False,0,no_power,0.0,0.0,0.0,0.0,0.0,0.0,0.0,0.0
2024-12-04 08:00:00,0.336,0.322,222.0,True,True,False,0,no_power,0.0,0.0,0.0,0.0,0.0,0.0,0.0,0.0
2024-12-04 09:00:00,0.96,0.922,421.0,True,True,False,0,no_power,0.0,0.0,0.0,0.0,0.0,0.0,0.0,0.0
2024-12-04 10:00:00,1.491,1.431,585.0,True,True,True,1,ok,1.263,0.0,1.263,0.0,0.168,0.0,0.0,0.0
2024-12-04 11:00:00,2.057,1.975,484.0,True,True,True,2,ok,1.263,0.0,1.263,0.0,0.712,0.0,0.0,0.0
2024-12-04 12:00:00,2.203,2.114,530.0,True,True,True,3,ok,1.263,0.0,1.263,0.0,0.851,0.0,0.0,0.0
2024-12-04 13:00:00,1.859,1.784,693.0,True,True,True,4,ok,1.263,0.0,1.263,0.0,0.521,0.0,0.0,0.0
2024-12-04 14:00:00,1.521,1.46,591.0,True,True,True,5,ok,1.263,0.0,1.263,0.0,0.197,0.0,0.0,0.0
2024-12-04 15:00:00,1.001,0.961,434.0,True,True,False,5,no_power,0.0,0.0,0.0,0.0,0.0,0.0,0.0,0.0
2024-12-04 16:00:00,0.633,0.607,179.0,True,True,False,5,no_power,0.0,0.0,0.0,0.0,0.0,0.0,0.0,0.0
2024-12-04 17:00:00,0.127,0.121,45.0,True,True,False,5,no_power,0.0,0.0,0.0,0.0,0.0,0.0,0.0,0.0
2024-12-04 18:00:00,0.0,0.0,0.0,False,True,False,5,no_power,0.0,0.0,0.0,0.0,0.0,0.0,0.0,0.0
2024-12-04 19:00:00,0.0,0.0,0.0,False,True,False,5,no_power,0.0,0.0,0.0,0.0,0.0,0.0,0.0,0.0
2024-12-04 20:00:00,0.0,0.0,0.0,False,True,False,5,no_power,0.0,0.0,0.0,0.0,0.0,0.0,0.0,0.0
2024-12-04 21:00:00,0.0,0.0,0.0,False,True,False,5,no_power,0.0,0.0,0.0,0.0,0.0,0.0,0.0,0.0
2024-12-04 22:00:00,0.0,0.0,0.0,False,True,False,5,no_power,0.0,0.0,0.0,0.0,0.0,0.0,0.0,0.0
2024-12-04 23:00:00,0.0,0.0,0.0,False,True,False,5,no_power,0.0,0.0,0.0,0.0,0.0,0.0,0.0,0.0
2024-12-05 00:00:00,0.0,0.0,0.0,False,True,False,0,no_power,0.0,0.0,0.0,0.0,0.0,0.0,0.0,0.0
2024-12-05 01:00:00,0.0,0.0,0.0,False,True,False,0,no_power,0.0,0.0,0.0,0.0,0.0,0.0,0.0,0.0
2024-12-05 02:00:00,0.0,0.0,0.0,False,True,False,0,no_power,0.0,0.0,0.0,0.0,0.0,0.0,0.0,0.0
2024-12-05 03:00:00,0.0,0.0,0.0,False,True,False,0,no_power,0.0,0.0,0.0,0.0,0.0,0.0,0.0,0.0
2024-12-05 04:00:00,0.0,0.0,0.0,False,True,False,0,no_power,0.0,0.0,0.0,0.0,0.0,0.0,0.0,0.0
2024-12-05 05:00:00,0.0,0.0,0.0,False,True,False,0,no_power,0.0,0.0,0.0,0.0,0.0,0.0,0.0,0.0
2024-12-05 06:00:00,0.0,0.0,0.0,False,True,False,0,no_power,0.0,0.0,0.0,0.0,0.0,0.0,0.0,0.0
2024-12-05 07:00:00,0.096,0.092,31.0,False,True,False,0,no_power,0.0,0.0,0.0,0.0,0.0,0.0,0.0,0.0
2024-12-05 08:00:00,0.579,0.556,125.0,True,True,False,0,no_power,0.0,0.0,0.0,0.0,0.0,0.0,0.0,0.0
2024-12-05 09:00:00,1.067,1.024,338.0,True,True,False,0,no_power,0.0,0.0,0.0,0.0,0.0,0.0,0.0,0.0
2024-12-05 10:00:00,1.436,1.378,574.0,True,True,True,1,ok,1.263,0.0,1.263,0.0,0.115,0.0,0.0,0.0
2024-12-05 11:00:00,2.051,1.969,520.0,True,True,True,2,ok,1.263,0.0,1.263,0.0,0.706,0.0,0.0,0.0
2024-12-05 12:00:00,1.974,1.895,649.0,True,True,True,3,ok,1.263,0.0,1.263,0.0,0.632,0.0,0.0,0.0
2024-12-05 13:00:00,2.026,1.945,483.0,True,True,True,4,ok,1.263,0.0,1.263,0.0,0.682,0.0,0.0,0.0
2024-12-05 14:00:00,0.774,0.743,158.0,True,True,False,4,no_power,0.0,0.0,0.0,0.0,0.0,0.0,0.0,0.0
2024-12-05 15:00:00,0.643,0.617,130.0,True,True,False,4,no_power,0.0,0.0,0.0,0.0,0.0,0.0,0.0,0.0
2024-12-05 16:00:00,0.115,0.11,23.0,True,True,False,4,no_power,0.0,0.0,0.0,0.0,0.0,0.0,0.0,0.0
2024-12-05 17:00:00,0.16,0.154,33.0,True,True,False,4,no_power,0.0,0.0,0.0,0.0,0.0,0.0,0.0,0.0
2024-12-05 18:00:00,0.0,0.0,0.0,False,True,False,4,no_power,0.0,0.0,0.0,0.0,0.0,0.0,0.0,0.0
2024-12-05 19:00:00,0.0,0.0,0.0,False,True,False,4,no_power,0.0,0.0,0.0,0.0,0.0,0.0,0.0,0.0
2024-12-05 20:00:00,0.0,0.0,0.0,False,True,False,4,no_power,0.0,0.0,0.0,0.0,0.0,0.0,0.0,0.0
2024-12-05 21:00:00,0.0,0.0,0.0,False,True,False,4,no_power,0.0,0.0,0.0,0.0,0.0,0.0,0.0,0.0
2024-12-05 22:00:00,0.0,0.0,0.0,False,True,False,4,no_power,0.0,0.0,0.0,0.0,0.0,0.0,0.0,0.0
2024-12-05 23:00:00,0.0,0.0,0.0,False,True,False,4,no_power,0.0,0.0,0.0,0.0,0.0,0.0,0.0,0.0
2024-12-06 00:00:00,0.0,0.0,0.0,False,True,False,0,no_power,0.0,0.0,0.0,0.0,0.0,0.0,0.0,0.0
2024-12-06 01:00:00,0.0,0.0,0.0,False,True,False,0,no_power,0.0,0.0,0.0,0.0,0.0,0.0,0.0,0.0
2024-12-06 02:00:00,0.0,0.0,0.0,False,True,False,0,no_power,0.0,0.0,0.0,0.0,0.0,0.0,0.0,0.0
2024-12-06 03:00:00,0.0,0.0,0.0,False,True,False,0,no_power,0.0,0.0,0.0,0.0,0.0,0.0,0.0,0.0
2024-12-06 04:00:00,0.0,0.0,0.0,False,True,False,0,no_power,0.0,0.0,0.0,0.0,0.0,0.0,0.0,0.0
2024-12-06 05:00:00,0.0,0.0,0.0,False,True,False,0,no_power,0.0,0.0,0.0,0.0,0.0,0.0,0.0,0.0
2024-12-06 06:00:00,0.0,0.0,0.0,False,True,False,0,no_power,0.0,0.0,0.0,0.0,0.0,0.0,0.0,0.0
2024-12-06 07:00:00,0.075,0.072,15.0,False,True,False,0,no_power,0.0,0.0,0.0,0.0,0.0,0.0,0.0,0.0
2024-12-06 08:00:00,0.63,0.605,132.0,True,True,False,0,no_power,0.0,0.0,0.0,0.0,0.0,0.0,0.0,0.0
2024-12-06 09:00:00,0.88,0.845,405.0,True,True,False,0,no_power,0.0,0.0,0.0,0.0,0.0,0.0,0.0,0.0
2024-12-06 10:00:00,1.401,1.345,564.0,True,True,True,1,ok,1.263,0.0,1.263,0.0,0.082,0.0,0.0,0.0
2024-12-06 11:00:00,1.765,1.694,481.0,True,True,True,2,ok,1.263,0.0,1.263,0.0,0.431,0.0,0.0,0.0
2024-12-06 12:00:00,1.87,1.795,518.0,True,True,True,3,ok,1.263,0.0,1.263,0.0,0.532,0.0,0.0,0.0
2024-12-06 13:00:00,1.764,1.693,674.0,True,True,True,4,ok,1.263,0.0,1.263,0.0,0.43,0.0,0.0,0.0
2024-12-06 14:00:00,1.445,1.387,578.0,True,True,True,5,ok,1.263,0.0,1.263,0.0,0.124,0.0,0.0,0.0
2024-12-06 15:00:00,0.943,0.905,426.0,True,True,False,5,no_power,0.0,0.0,0.0,0.0,0.0,0.0,0.0,0.0
2024-12-06 16:00:00,0.336,0.322,235.0,True,True,False,5,no_power,0.0,0.0,0.0,0.0,0.0,0.0,0.0,0.0
2024-12-06 17:00:00,0.111,0.107,45.0,True,True,False,5,no_power,0.0,0.0,0.0,0.0,0.0,0.0,0.0,0.0
2024-12-06 18:00:00,0.0,0.0,0.0,False,True,False,5,no_power,0.0,0.0,0.0,0.0,0.0,0.0,0.0,0.0
2024-12-06 19:00:00,0.0,0.0,0.0,False,True,False,5,no_power,0.0,0.0,0.0,0.0,0.0,0.0,0.0,0.0
2024-12-06 20:00:00,0.0,0.0,0.0,False,True,False,5,no_power,0.0,0.0,0.0,0.0,0.0,0.0,0.0,0.0
2024-12-06 21:00:00,0.0,0.0,0.0,False,True,False,5,no_power,0.0,0.0,0.0,0.0,0.0,0.0,0.0,0.0
2024-12-06 22:00:00,0.0,0.0,0.0,False,True,False,5,no_power,0.0,0.0,0.0,0.0,0.0,0.0,0.0,0.0
2024-12-06 23:00:00,0.0,0.0,0.0,False,True,False,5,no_power,0.0,0.0,0.0,0.0,0.0,0.0,0.0,0.0
2024-12-07 00:00:00,0.0,0.0,0.0,False,True,False,0,no_power,0.0,0.0,0.0,0.0,0.0,0.0,0.0,0.0
2024-12-07 01:00:00,0.0,0.0,0.0,False,True,False,0,no_power,0.0,0.0,0.0,0.0,0.0,0.0,0.0,0.0
2024-12-07 02:00:00,0.0,0.0,0.0,False,True,False,0,no_power,0.0,0.0,0.0,0.0,0.0,0.0,0.0,0.0
2024-12-07 03:00:00,0.0,0.0,0.0,False,True,False,0,no_power,0.0,0.0,0.0,0.0,0.0,0.0,0.0,0.0
2024-12-07 04:00:00,0.0,0.0,0.0,False,True,False,0,no_power,0.0,0.0,0.0,0.0,0.0,0.0,0.0,0.0
2024-12-07 05:00:00,0.0,0.0,0.0,False,True,False,0,no_power,0.0,0.0,0.0,0.0,0.0,0.0,0.0,0.0
2024-12-07 06:00:00,0.0,0.0,0.0,False,True,False,0,no_power,0.0,0.0,0.0,0.0,0.0,0.0,0.0,0.0
2024-12-07 07:00:00,0.091,0.087,26.0,False,True,False,0,no_power,0.0,0.0,0.0,0.0,0.0,0.0,0.0,0.0
2024-12-07 08:00:00,0.287,0.275,207.0,True,True,False,0,no_power,0.0,0.0,0.0,0.0,0.0,0.0,0.0,0.0
2024-12-07 09:00:00,0.877,0.842,402.0,True,True,False,0,no_power,0.0,0.0,0.0,0.0,0.0,0.0,0.0,0.0
2024-12-07 10:00:00,1.395,1.339,562.0,True,True,True,1,ok,1.263,0.0,1.263,0.0,0.076,0.0,0.0,0.0
2024-12-07 11:00:00,1.742,1.673,666.0,True,True,True,2,ok,1.263,0.0,1.263,0.0,0.41,0.0,0.0,0.0
2024-12-07 12:00:00,1.87,1.795,705.0,True,True,True,3,ok,1.263,0.0,1.263,0.0,0.532,0.0,0.0,0.0
2024-12-07 13:00:00,1.773,1.702,674.0,True,True,True,4,ok,1.263,0.0,1.263,0.0,0.439,0.0,0.0,0.0
2024-12-07 14:00:00,1.457,1.399,578.0,True,True,True,5,ok,1.263,0.0,1.263,0.0,0.136,0.0,0.0,0.0
2024-12-07 15:00:00,0.959,0.921,425.0,True,True,False,5,no_power,0.0,0.0,0.0,0.0,0.0,0.0,0.0,0.0
2024-12-07 16:00:00,0.386,0.371,230.0,True,True,False,5,no_power,0.0,0.0,0.0,0.0,0.0,0.0,0.0,0.0
2024-12-07 17:00:00,0.131,0.126,43.0,True,True,False,5,no_power,0.0,0.0,0.0,0.0,0.0,0.0,0.0,0.0
2024-12-07 18:00:00,0.0,0.0,0.0,False,True,False,5,no_power,0.0,0.0,0.0,0.0,0.0,0.0,0.0,0.0
2024-12-07 19:00:00,0.0,0.0,0.0,False,True,False,5,no_power,0.0,0.0,0.0,0.0,0.0,0.0,0.0,0.0
2024-12-07 20:00:00,0.0,0.0,0.0,False,True,False,5,no_power,0.0,0.0,0.0,0.0,0.0,0.0,0.0,0.0
2024-12-07 21:00:00,0.0,0.0,0.0,False,True,False,5,no_power,0.0,0.0,0.0,0.0,0.0,0.0,0.0,0.0
2024-12-07 22:00:00,0.0,0.0,0.0,False,True,False,5,no_power,0.0,0.0,0.0,0.0,0.0,0.0,0.0,0.0
2024-12-07 23:00:00,0.0,0.0,0.0,False,True,False,5,no_power,0.0,0.0,0.0,0.0,0.0,0.0,0.0,0.0
2024-12-08 00:00:00,0.0,0.0,0.0,False,True,False,0,no_power,0.0,0.0,0.0,0.0,0.0,0.0,0.0,0.0
2024-12-08 01:00:00,0.0,0.0,0.0,False,True,False,0,no_power,0.0,0.0,0.0,0.0,0.0,0.0,0.0,0.0
2024-12-08 02:00:00,0.0,0.0,0.0,False,True,False,0,no_power,0.0,0.0,0.0,0.0,0.0,0.0,0.0,0.0
2024-12-08 03:00:00,0.0,0.0,0.0,False,True,False,0,no_power,0.0,0.0,0.0,0.0,0.0,0.0,0.0,0.0
2024-12-08 04:00:00,0.0,0.0,0.0,False,True,False,0,no_power,0.0,0.0,0.0,0.0,0.0,0.0,0.0,0.0
2024-12-08 05:00:00,0.0,0.0,0.0,False,True,False,0,no_power,0.0,0.0,0.0,0.0,0.0,0.0,0.0,0.0
2024-12-08 06:00:00,0.0,0.0,0.0,False,True,False,0,no_power,0.0,0.0,0.0,0.0,0.0,0.0,0.0,0.0
2024-12-08 07:00:00,0.091,0.087,26.0,False,True,False,0,no_power,0.0,0.0,0.0,0.0,0.0,0.0,0.0,0.0
2024-12-08 08:00:00,0.29,0.278,207.0,True,True,False,0,no_power,0.0,0.0,0.0,0.0,0.0,0.0,0.0,0.0
2024-12-08 09:00:00,0.897,0.861,404.0,True,True,False,0,no_power,0.0,0.0,0.0,0.0,0.0,0.0,0.0,0.0
2024-12-08 10:00:00,1.4,1.344,569.0,True,True,True,1,ok,1.263,0.0,1.263,0.0,0.081,0.0,0.0,0.0
2024-12-08 11:00:00,1.749,1.679,674.0,True,True,True,2,ok,1.263,0.0,1.263,0.0,0.416,0.0,0.0,0.0
2024-12-08 12:00:00,1.876,1.801,711.0,True,True,True,3,ok,1.263,0.0,1.263,0.0,0.538,0.0,0.0,0.0
2024-12-08 13:00:00,1.779,1.707,681.0,True,True,True,4,ok,1.263,0.0,1.263,0.0,0.444,0.0,0.0,0.0
2024-12-08 14:00:00,1.456,1.398,583.0,True,True,True,5,ok,1.263,0.0,1.263,0.0,0.135,0.0,0.0,0.0
2024-12-08 15:00:00,0.951,0.913,430.0,True,True,False,5,no_power,0.0,0.0,0.0,0.0,0.0,0.0,0.0,0.0
2024-12-08 16:00:00,0.351,0.337,237.0,True,True,False,5,no_power,0.0,0.0,0.0,0.0,0.0,0.0,0.0,0.0
2024-12-08 17:00:00,0.126,0.121,46.0,True,True,False,5,no_power,0.0,0.0,0.0,0.0,0.0,0.0,0.0,0.0
2024-12-08 18:00:00,0.0,0.0,0.0,False,True,False,5,no_power,0.0,0.0,0.0,0.0,0.0,0.0,0.0,0.0
2024-12-08 19:00:00,0.0,0.0,0.0,False,True,False,5,no_power,0.0,0.0,0.0,0.0,0.0,0.0,0.0,0.0
2024-12-08 20:00:00,0.0,0.0,0.0,False,True,False,5,no_power,0.0,0.0,0.0,0.0,0.0,0.0,0.0,0.0
2024-12-08 21:00:00,0.0,0.0,0.0,False,True,False,5,no_power,0.0,0.0,0.0,0.0,0.0,0.0,0.0,0.0
2024-12-08 22:00:00,0.0,0.0,0.0,False,True,False,5,no_power,0.0,0.0,0.0,0.0,0.0,0.0,0.0,0.0
2024-12-08 23:00:00,0.0,0.0,0.0,False,True,False,5,no_power,0.0,0.0,0.0,0.0,0.0,0.0,0.0,0.0
2024-12-09 00:00:00,0.0,0.0,0.0,False,True,False,0,no_power,0.0,0.0,0.0,0.0,0.0,0.0,0.0,0.0
2024-12-09 01:00:00,0.0,0.0,0.0,False,True,False,0,no_power,0.0,0.0,0.0,0.0,0.0,0.0,0.0,0.0
2024-12-09 02:00:00,0.0,0.0,0.0,False,True,False,0,no_power,0.0,0.0,0.0,0.0,0.0,0.0,0.0,0.0
2024-12-09 03:00:00,0.0,0.0,0.0,False,True,False,0,no_power,0.0,0.0,0.0,0.0,0.0,0.0,0.0,0.0
2024-12-09 04:00:00,0.0,0.0,0.0,False,True,False,0,no_power,0.0,0.0,0.0,0.0,0.0,0.0,0.0,0.0
2024-12-09 05:00:00,0.0,0.0,0.0,False,True,False,0,no_power,0.0,0.0,0.0,0.0,0.0,0.0,0.0,0.0
2024-12-09 06:00:00,0.0,0.0,0.0,False,True,False,0,no_power,0.0,0.0,0.0,0.0,0.0,0.0,0.0,0.0
2024-12-09 07:00:00,0.086,0.082,24.0,False,True,False,0,no_power,0.0,0.0,0.0,0.0,0.0,0.0,0.0,0.0
2024-12-09 08:00:00,0.281,0.27,203.0,True,True,False,0,no_power,0.0,0.0,0.0,0.0,0.0,0.0,0.0,0.0
2024-12-09 09:00:00,0.879,0.844,399.0,True,True,False,0,no_power,0.0,0.0,0.0,0.0,0.0,0.0,0.0,0.0
2024-12-09 10:00:00,1.386,1.33,562.0,True,True,True,1,ok,1.263,0.0,1.263,0.0,0.067,0.0,0.0,0.0
2024-12-09 11:00:00,1.73,1.66,668.0,True,True,True,2,ok,1.263,0.0,1.263,0.0,0.397,0.0,0.0,0.0
2024-12-09 12:00:00,1.858,1.784,706.0,True,True,True,3,ok,1.263,0.0,1.263,0.0,0.521,0.0,0.0,0.0
2024-12-09 13:00:00,1.764,1.693,676.0,True,True,True,4,ok,1.263,0.0,1.263,0.0,0.43,0.0,0.0,0.0
2024-12-09 14:00:00,1.451,1.393,578.0,True,True,True,5,ok,1.263,0.0,1.263,0.0,0.13,0.0,0.0,0.0
2024-12-09 15:00:00,0.953,0.914,425.0,True,True,False,5,no_power,0.0,0.0,0.0,0.0,0.0,0.0,0.0,0.0
2024-12-09 16:00:00,0.353,0.339,235.0,True,True,False,5,no_power,0.0,0.0,0.0,0.0,0.0,0.0,0.0,0.0
2024-12-09 17:00:00,0.126,0.121,45.0,True,True,False,5,no_power,0.0,0.0,0.0,0.0,0.0,0.0,0.0,0.0
2024-12-09 18:00:00,0.0,0.0,0.0,False,True,False,5,no_power,0.0,0.0,0.0,0.0,0.0,0.0,0.0,0.0
2024-12-09 19:00:00,0.0,0.0,0.0,False,True,False,5,no_power,0.0,0.0,0.0,0.0,0.0,0.0,0.0,0.0
2024-12-09 20:00:00,0.0,0.0,0.0,False,True,False,5,no_power,0.0,0.0,0.0,0.0,0.0,0.0,0.0,0.0
2024-12-09 21:00:00,0.0,0.0,0.0,False,True,False,5,no_power,0.0,0.0,0.0,0.0,0.0,0.0,0.0,0.0
2024-12-09 22:00:00,0.0,0.0,0.0,False,True,False,5,no_power,0.0,0.0,0.0,0.0,0.0,0.0,0.0,0.0
2024-12-09 23:00:00,0.0,0.0,0.0,False,True,False,5,no_power,0.0,0.0,0.0,0.0,0.0,0.0,0.0,0.0
2024-12-10 00:00:00,0.0,0.0,0.0,False,True,False,0,no_power,0.0,0.0,0.0,0.0,0.0,0.0,0.0,0.0
2024-12-10 01:00:00,0.0,0.0,0.0,False,True,False,0,no_power,0.0,0.0,0.0,0.0,0.0,0.0,0.0,0.0
2024-12-10 02:00:00,0.0,0.0,0.0,False,True,False,0,no_power,0.0,0.0,0.0,0.0,0.0,0.0,0.0,0.0
2024-12-10 03:00:00,0.0,0.0,0.0,False,True,False,0,no_power,0.0,0.0,0.0,0.0,0.0,0.0,0.0,0.0
2024-12-10 04:00:00,0.0,0.0,0.0,False,True,False,0,no_power,0.0,0.0,0.0,0.0,0.0,0.0,0.0,0.0
2024-12-10 05:00:00,0.0,0.0,0.0,False,True,False,0,no_power,0.0,0.0,0.0,0.0,0.0,0.0,0.0,0.0
2024-12-10 06:00:00,0.0,0.0,0.0,False,True,False,0,no_power,0.0,0.0,0.0,0.0,0.0,0.0,0.0,0.0
2024-12-10 07:00:00,0.085,0.082,22.0,False,True,False,0,no_power,0.0,0.0,0.0,0.0,0.0,0.0,0.0,0.0
2024-12-10 08:00:00,0.285,0.274,198.0,True,True,False,0,no_power,0.0,0.0,0.0,0.0,0.0,0.0,0.0,0.0
2024-12-10 09:00:00,0.859,0.824,393.0,True,True,False,0,no_power,0.0,0.0,0.0,0.0,0.0,0.0,0.0,0.0
2024-12-10 10:00:00,1.675,1.608,422.0,True,True,True,1,ok,1.263,0.0,1.263,0.0,0.345,0.0,0.0,0.0
2024-12-10 11:00:00,1.71,1.642,660.0,True,True,True,2,ok,1.263,0.0,1.263,0.0,0.379,0.0,0.0,0.0
2024-12-10 12:00:00,1.835,1.762,699.0,True,True,True,3,ok,1.263,0.0,1.263,0.0,0.499,0.0,0.0,0.0
2024-12-10 13:00:00,1.738,1.668,672.0,True,True,True,4,ok,1.263,0.0,1.263,0.0,0.405,0.0,0.0,0.0
2024-12-10 14:00:00,1.426,1.369,578.0,True,True,True,5,ok,1.263,0.0,1.263,0.0,0.106,0.0,0.0,0.0
2024-12-10 15:00:00,1.03,0.989,370.0,True,True,False,5,no_power,0.0,0.0,0.0,0.0,0.0,0.0,0.0,0.0
2024-12-10 16:00:00,0.34,0.326,237.0,True,True,False,5,no_power,0.0,0.0,0.0,0.0,0.0,0.0,0.0,0.0
2024-12-10 17:00:00,0.154,0.148,31.0,True,True,False,5,no_power,0.0,0.0,0.0,0.0,0.0,0.0,0.0,0.0
2024-12-10 18:00:00,0.0,0.0,0.0,False,True,False,5,no_power,0.0,0.0,0.0,0.0,0.0,0.0,0.0,0.0
2024-12-10 19:00:00,0.0,0.0,0.0,False,True,False,5,no_power,0.0,0.0,0.0,0.0,0.0,0.0,0.0,0.0
2024-12-10 20:00:00,0.0,0.0,0.0,False,True,False,5,no_power,0.0,0.0,0.0,0.0,0.0,0.0,0.0,0.0
2024-12-10 21:00:00,0.0,0.0,0.0,False,True,False,5,no_power,0.0,0.0,0.0,0.0,0.0,0.0,0.0,0.0
2024-12-10 22:00:00,0.0,0.0,0.0,False,True,False,5,no_power,0.0,0.0,0.0,0.0,0.0,0.0,0.0,0.0
2024-12-10 23:00:00,0.0,0.0,0.0,False,True,False,5,no_power,0.0,0.0,0.0,0.0,0.0,0.0,0.0,0.0
2024-12-11 00:00:00,0.0,0.0,0.0,False,True,False,0,no_power,0.0,0.0,0.0,0.0,0.0,0.0,0.0,0.0
2024-12-11 01:00:00,0.0,0.0,0.0,False,True,False,0,no_power,0.0,0.0,0.0,0.0,0.0,0.0,0.0,0.0
2024-12-11 02:00:00,0.0,0.0,0.0,False,True,False,0,no_power,0.0,0.0,0.0,0.0,0.0,0.0,0.0,0.0
2024-12-11 03:00:00,0.0,0.0,0.0,False,True,False,0,no_power,0.0,0.0,0.0,0.0,0.0,0.0,0.0,0.0
2024-12-11 04:00:00,0.0,0.0,0.0,False,True,False,0,no_power,0.0,0.0,0.0,0.0,0.0,0.0,0.0,0.0
2024-12-11 05:00:00,0.0,0.0,0.0,False,True,False,0,no_power,0.0,0.0,0.0,0.0,0.0,0.0,0.0,0.0
2024-12-11 06:00:00,0.0,0.0,0.0,False,True,False,0,no_power,0.0,0.0,0.0,0.0,0.0,0.0,0.0,0.0
2024-12-11 07:00:00,0.07,0.068,22.0,False,True,False,0,no_power,0.0,0.0,0.0,0.0,0.0,0.0,0.0,0.0
2024-12-11 08:00:00,0.231,0.222,200.0,True,True,False,0,no_power,0.0,0.0,0.0,0.0,0.0,0.0,0.0,0.0
2024-12-11 09:00:00,0.816,0.783,395.0,True,True,False,0,no_power,0.0,0.0,0.0,0.0,0.0,0.0,0.0,0.0
2024-12-11 10:00:00,1.333,1.279,555.0,True,True,True,1,ok,1.263,0.0,1.263,0.0,0.016,0.0,0.0,0.0
2024-12-11 11:00:00,1.673,1.606,661.0,True,True,True,2,ok,1.263,0.0,1.263,0.0,0.343,0.0,0.0,0.0
2024-12-11 12:00:00,1.806,1.733,700.0,True,True,True,3,ok,1.263,0.0,1.263,0.0,0.47,0.0,0.0,0.0
2024-12-11 13:00:00,1.706,1.637,669.0,True,True,True,4,ok,1.263,0.0,1.263,0.0,0.374,0.0,0.0,0.0
2024-12-11 14:00:00,1.393,1.337,575.0,True,True,True,5,ok,1.263,0.0,1.263,0.0,0.074,0.0,0.0,0.0
2024-12-11 15:00:00,0.899,0.863,423.0,True,True,False,5,no_power,0.0,0.0,0.0,0.0,0.0,0.0,0.0,0.0
2024-12-11 16:00:00,0.71,0.682,158.0,True,True,False,5,no_power,0.0,0.0,0.0,0.0,0.0,0.0,0.0,0.0
2024-12-11 17:00:00,0.115,0.111,47.0,True,True,False,5,no_power,0.0,0.0,0.0,0.0,0.0,0.0,0.0,0.0
2024-12-11 18:00:00,0.0,0.0,0.0,False,True,False,5,no_power,0.0,0.0,0.0,0.0,0.0,0.0,0.0,0.0
2024-12-11 19:00:00,0.0,0.0,0.0,False,True,False,5,no_power,0.0,0.0,0.0,0.0,0.0,0.0,0.0,0.0
2024-12-11 20:00:00,0.0,0.0,0.0,False,True,False,5,no_power,0.0,0.0,0.0,0.0,0.0,0.0,0.0,0.0
2024-12-11 21:00:00,0.0,0.0,0.0,False,True,False,5,no_power,0.0,0.0,0.0,0.0,0.0,0.0,0.0,0.0
2024-12-11 22:00:00,0.0,0.0,0.0,False,True,False,5,no_power,0.0,0.0,0.0,0.0,0.0,0.0,0.0,0.0
2024-12-11 23:00:00,0.0,0.0,0.0,False,True,False,5,no_power,0.0,0.0,0.0,0.0,0.0,0.0,0.0,0.0
2024-12-12 00:00:00,0.0,0.0,0.0,False,True,False,0,no_power,0.0,0.0,0.0,0.0,0.0,0.0,0.0,0.0
2024-12-12 01:00:00,0.0,0.0,0.0,False,True,False,0,no_power,0.0,0.0,0.0,0.0,0.0,0.0,0.0,0.0
2024-12-12 02:00:00,0.0,0.0,0.0,False,True,False,0,no_power,0.0,0.0,0.0,0.0,0.0,0.0,0.0,0.0
2024-12-12 03:00:00,0.0,0.0,0.0,False,True,False,0,no_power,0.0,0.0,0.0,0.0,0.0,0.0,0.0,0.0
2024-12-12 04:00:00,0.0,0.0,0.0,False,True,False,0,no_power,0.0,0.0,0.0,0.0,0.0,0.0,0.0,0.0
2024-12-12 05:00:00,0.0,0.0,0.0,False,True,False,0,no_power,0.0,0.0,0.0,0.0,0.0,0.0,0.0,0.0
2024-12-12 06:00:00,0.0,0.0,0.0,False,True,False,0,no_power,0.0,0.0,0.0,0.0,0.0,0.0,0.0,0.0
2024-12-12 07:00:00,0.035,0.034,7.0,False,True,False,0,no_power,0.0,0.0,0.0,0.0,0.0,0.0,0.0,0.0
2024-12-12 08:00:00,0.03,0.029,6.0,False,True,False,0,no_power,0.0,0.0,0.0,0.0,0.0,0.0,0.0,0.0
2024-12-12 09:00:00,0.926,0.889,353.0,True,True,False,0,no_power,0.0,0.0,0.0,0.0,0.0,0.0,0.0,0.0
2024-12-12 10:00:00,0.373,0.358,75.0,True,True,False,0,no_power,0.0,0.0,0.0,0.0,0.0,0.0,0.0,0.0
2024-12-12 11:00:00,0.54,0.518,109.0,True,True,False,0,no_power,0.0,0.0,0.0,0.0,0.0,0.0,0.0,0.0
2024-12-12 12:00:00,1.087,1.043,222.0,True,True,False,0,no_power,0.0,0.0,0.0,0.0,0.0,0.0,0.0,0.0
2024-12-12 13:00:00,0.941,0.904,192.0,True,True,False,0,no_power,0.0,0.0,0.0,0.0,0.0,0.0,0.0,0.0
2024-12-12 14:00:00,0.495,0.475,100.0,True,True,False,0,no_power,0.0,0.0,0.0,0.0,0.0,0.0,0.0,0.0
2024-12-12 15:00:00,0.353,0.339,71.0,True,True,False,0,no_power,0.0,0.0,0.0,0.0,0.0,0.0,0.0,0.0
2024-12-12 16:00:00,0.48,0.461,213.0,True,True,False,0,no_power,0.0,0.0,0.0,0.0,0.0,0.0,0.0,0.0
2024-12-12 17:00:00,0.155,0.149,40.0,True,True,False,0,no_power,0.0,0.0,0.0,0.0,0.0,0.0,0.0,0.0
2024-12-12 18:00:00,0.0,0.0,0.0,False,True,False,0,no_power,0.0,0.0,0.0,0.0,0.0,0.0,0.0,0.0
2024-12-12 19:00:00,0.0,0.0,0.0,False,True,False,0,no_power,0.0,0.0,0.0,0.0,0.0,0.0,0.0,0.0
2024-12-12 20:00:00,0.0,0.0,0.0,False,True,False,0,no_power,0.0,0.0,0.0,0.0,0.0,0.0,0.0,0.0
2024-12-12 21:00:00,0.0,0.0,0.0,False,True,False,0,no_power,0.0,0.0,0.0,0.0,0.0,0.0,0.0,0.0
2024-12-12 22:00:00,0.0,0.0,0.0,False,True,False,0,no_power,0.0,0.0,0.0,0.0,0.0,0.0,0.0,0.0
2024-12-12 23:00:00,0.0,0.0,0.0,False,True,False,0,no_power,0.0,0.0,0.0,0.0,0.0,0.0,0.0,0.0
2024-12-13 00:00:00,0.0,0.0,0.0,False,True,False,0,no_power,0.0,0.0,0.0,0.0,0.0,0.0,0.0,0.0
2024-12-13 01:00:00,0.0,0.0,0.0,False,True,False,0,no_power,0.0,0.0,0.0,0.0,0.0,0.0,0.0,0.0
2024-12-13 02:00:00,0.0,0.0,0.0,False,True,False,0,no_power,0.0,0.0,0.0,0.0,0.0,0.0,0.0,0.0
2024-12-13 03:00:00,0.0,0.0,0.0,False,True,False,0,no_power,0.0,0.0,0.0,0.0,0.0,0.0,0.0,0.0
2024-12-13 04:00:00,0.0,0.0,0.0,False,True,False,0,no_power,0.0,0.0,0.0,0.0,0.0,0.0,0.0,0.0
2024-12-13 05:00:00,0.0,0.0,0.0,False,True,False,0,no_power,0.0,0.0,0.0,0.0,0.0,0.0,0.0,0.0
2024-12-13 06:00:00,0.0,0.0,0.0,False,True,False,0,no_power,0.0,0.0,0.0,0.0,0.0,0.0,0.0,0.0
2024-12-13 07:00:00,0.075,0.072,16.0,False,True,False,0,no_power,0.0,0.0,0.0,0.0,0.0,0.0,0.0,0.0
2024-12-13 08:00:00,0.368,0.353,179.0,True,True,False,0,no_power,0.0,0.0,0.0,0.0,0.0,0.0,0.0,0.0
2024-12-13 09:00:00,0.244,0.234,49.0,True,True,False,0,no_power,0.0,0.0,0.0,0.0,0.0,0.0,0.0,0.0
2024-12-13 10:00:00,1.395,1.339,530.0,True,True,True,1,ok,1.263,0.0,1.263,0.0,0.076,0.0,0.0,0.0
2024-12-13 11:00:00,0.941,0.903,193.0,True,True,False,1,no_power,0.0,0.0,0.0,0.0,0.0,0.0,0.0,0.0
2024-12-13 12:00:00,0.65,0.624,132.0,True,True,False,1,no_power,0.0,0.0,0.0,0.0,0.0,0.0,0.0,0.0
2024-12-13 13:00:00,0.796,0.764,162.0,True,True,False,1,no_power,0.0,0.0,0.0,0.0,0.0,0.0,0.0,0.0
2024-12-13 14:00:00,0.874,0.839,178.0,True,True,False,1,no_power,0.0,0.0,0.0,0.0,0.0,0.0,0.0,0.0
2024-12-13 15:00:00,0.456,0.437,92.0,True,True,False,1,no_power,0.0,0.0,0.0,0.0,0.0,0.0,0.0,0.0
2024-12-13 16:00:00,0.199,0.191,40.0,True,True,False,1,no_power,0.0,0.0,0.0,0.0,0.0,0.0,0.0,0.0
2024-12-13 17:00:00,0.11,0.106,22.0,True,True,False,1,no_power,0.0,0.0,0.0,0.0,0.0,0.0,0.0,0.0
2024-12-13 18:00:00,0.0,0.0,0.0,False,True,False,1,no_power,0.0,0.0,0.0,0.0,0.0,0.0,0.0,0.0
2024-12-13 19:00:00,0.0,0.0,0.0,False,True,False,1,no_power,0.0,0.0,0.0,0.0,0.0,0.0,0.0,0.0
2024-12-13 20:00:00,0.0,0.0,0.0,False,True,False,1,no_power,0.0,0.0,0.0,0.0,0.0,0.0,0.0,0.0
2024-12-13 21:00:00,0.0,0.0,0.0,False,True,False,1,no_power,0.0,0.0,0.0,0.0,0.0,0.0,0.0,0.0
2024-12-13 22:00:00,0.0,0.0,0.0,False,True,False,1,no_power,0.0,0.0,0.0,0.0,0.0,0.0,0.0,0.0
2024-12-13 23:00:00,0.0,0.0,0.0,False,True,False,1,no_power,0.0,0.0,0.0,0.0,0.0,0.0,0.0,0.0
2024-12-14 00:00:00,0.0,0.0,0.0,False,True,False,0,no_power,0.0,0.0,0.0,0.0,0.0,0.0,0.0,0.0
2024-12-14 01:00:00,0.0,0.0,0.0,False,True,False,0,no_power,0.0,0.0,0.0,0.0,0.0,0.0,0.0,0.0
2024-12-14 02:00:00,0.0,0.0,0.0,False,True,False,0,no_power,0.0,0.0,0.0,0.0,0.0,0.0,0.0,0.0
2024-12-14 03:00:00,0.0,0.0,0.0,False,True,False,0,no_power,0.0,0.0,0.0,0.0,0.0,0.0,0.0,0.0
2024-12-14 04:00:00,0.0,0.0,0.0,False,True,False,0,no_power,0.0,0.0,0.0,0.0,0.0,0.0,0.0,0.0
2024-12-14 05:00:00,0.0,0.0,0.0,False,True,False,0,no_power,0.0,0.0,0.0,0.0,0.0,0.0,0.0,0.0
2024-12-14 06:00:00,0.0,0.0,0.0,False,True,False,0,no_power,0.0,0.0,0.0,0.0,0.0,0.0,0.0,0.0
2024-12-14 07:00:00,0.075,0.072,17.0,False,True,False,0,no_power,0.0,0.0,0.0,0.0,0.0,0.0,0.0,0.0
2024-12-14 08:00:00,0.294,0.282,185.0,True,True,False,0,no_power,0.0,0.0,0.0,0.0,0.0,0.0,0.0,0.0
2024-12-14 09:00:00,0.91,0.874,190.0,True,True,False,0,no_power,0.0,0.0,0.0,0.0,0.0,0.0,0.0,0.0
2024-12-14 10:00:00,1.34,1.286,540.0,True,True,True,1,ok,1.263,0.0,1.263,0.0,0.023,0.0,0.0,0.0
2024-12-14 11:00:00,1.712,1.644,382.0,True,True,True,2,ok,1.263,0.0,1.263,0.0,0.381,0.0,0.0,0.0
2024-12-14 12:00:00,1.832,1.759,688.0,True,True,True,3,ok,1.263,0.0,1.263,0.0,0.496,0.0,0.0,0.0
2024-12-14 13:00:00,1.748,1.678,661.0,True,True,True,4,ok,1.263,0.0,1.263,0.0,0.415,0.0,0.0,0.0
2024-12-14 14:00:00,1.451,1.393,567.0,True,True,True,5,ok,1.263,0.0,1.263,0.0,0.13,0.0,0.0,0.0
2024-12-14 15:00:00,0.979,0.94,417.0,True,True,False,5,no_power,0.0,0.0,0.0,0.0,0.0,0.0,0.0,0.0
2024-12-14 16:00:00,0.406,0.389,230.0,True,True,False,5,no_power,0.0,0.0,0.0,0.0,0.0,0.0,0.0,0.0
2024-12-14 17:00:00,0.15,0.144,45.0,True,True,False,5,no_power,0.0,0.0,0.0,0.0,0.0,0.0,0.0,0.0
2024-12-14 18:00:00,0.0,0.0,0.0,False,True,False,5,no_power,0.0,0.0,0.0,0.0,0.0,0.0,0.0,0.0
2024-12-14 19:00:00,0.0,0.0,0.0,False,True,False,5,no_power,0.0,0.0,0.0,0.0,0.0,0.0,0.0,0.0
2024-12-14 20:00:00,0.0,0.0,0.0,False,True,False,5,no_power,0.0,0.0,0.0,0.0,0.0,0.0,0.0,0.0
2024-12-14 21:00:00,0.0,0.0,0.0,False,True,False,5,no_power,0.0,0.0,0.0,0.0,0.0,0.0,0.0,0.0
2024-12-14 22:00:00,0.0,0.0,0.0,False,True,False,5,no_power,0.0,0.0,0.0,0.0,0.0,0.0,0.0,0.0
2024-12-14 23:00:00,0.0,0.0,0.0,False,True,False,5,no_power,0.0,0.0,0.0,0.0,0.0,0.0,0.0,0.0
2024-12-15 00:00:00,0.0,0.0,0.0,False,True,False,0,no_power,0.0,0.0,0.0,0.0,0.0,0.0,0.0,0.0
2024-12-15 01:00:00,0.0,0.0,0.0,False,True,False,0,no_power,0.0,0.0,0.0,0.0,0.0,0.0,0.0,0.0
2024-12-15 02:00:00,0.0,0.0,0.0,False,True,False,0,no_power,0.0,0.0,0.0,0.0,0.0,0.0,0.0,0.0
2024-12-15 03:00:00,0.0,0.0,0.0,False,True,False,0,no_power,0.0,0.0,0.0,0.0,0.0,0.0,0.0,0.0
2024-12-15 04:00:00,0.0,0.0,0.0,False,True,False,0,no_power,0.0,0.0,0.0,0.0,0.0,0.0,0.0,0.0
2024-12-15 05:00:00,0.0,0.0,0.0,False,True,False,0,no_power,0.0,0.0,0.0,0.0,0.0,0.0,0.0,0.0
2024-12-15 06:00:00,0.0,0.0,0.0,False,True,False,0,no_power,0.0,0.0,0.0,0.0,0.0,0.0,0.0,0.0
2024-12-15 07:00:00,0.01,0.01,2.0,False,True,False,0,no_power,0.0,0.0,0.0,0.0,0.0,0.0,0.0,0.0
2024-12-15 08:00:00,0.328,0.315,66.0,True,True,False,0,no_power,0.0,0.0,0.0,0.0,0.0,0.0,0.0,0.0
2024-12-15 09:00:00,0.963,0.924,342.0,True,True,False,0,no_power,0.0,0.0,0.0,0.0,0.0,0.0,0.0,0.0
2024-12-15 10:00:00,0.668,0.642,136.0,True,True,False,0,no_power,0.0,0.0,0.0,0.0,0.0,0.0,0.0,0.0
2024-12-15 11:00:00,0.248,0.238,50.0,True,True,False,0,no_power,0.0,0.0,0.0,0.0,0.0,0.0,0.0,0.0
2024-12-15 12:00:00,1.849,1.775,662.0,True,True,True,1,ok,1.263,0.0,1.263,0.0,0.512,0.0,0.0,0.0
2024-12-15 13:00:00,1.784,1.712,632.0,True,True,True,2,ok,1.263,0.0,1.263,0.0,0.449,0.0,0.0,0.0
2024-12-15 14:00:00,1.499,1.439,540.0,True,True,True,3,ok,1.263,0.0,1.263,0.0,0.176,0.0,0.0,0.0
2024-12-15 15:00:00,1.034,0.992,396.0,True,True,False,3,no_power,0.0,0.0,0.0,0.0,0.0,0.0,0.0,0.0
2024-12-15 16:00:00,0.486,0.466,216.0,True,True,False,3,no_power,0.0,0.0,0.0,0.0,0.0,0.0,0.0,0.0
2024-12-15 17:00:00,0.165,0.158,43.0,True,True,False,3,no_power,0.0,0.0,0.0,0.0,0.0,0.0,0.0,0.0
2024-12-15 18:00:00,0.0,0.0,0.0,False,True,False,3,no_power,0.0,0.0,0.0,0.0,0.0,0.0,0.0,0.0
2024-12-15 19:00:00,0.0,0.0,0.0,False,True,False,3,no_power,0.0,0.0,0.0,0.0,0.0,0.0,0.0,0.0
2024-12-15 20:00:00,0.0,0.0,0.0,False,True,False,3,no_power,0.0,0.0,0.0,0.0,0.0,0.0,0.0,0.0
2024-12-15 21:00:00,0.0,0.0,0.0,False,True,False,3,no_power,0.0,0.0,0.0,0.0,0.0,0.0,0.0,0.0
2024-12-15 22:00:00,0.0,0.0,0.0,False,True,False,3,no_power,0.0,0.0,0.0,0.0,0.0,0.0,0.0,0.0
2024-12-15 23:00:00,0.0,0.0,0.0,False,True,False,3,no_power,0.0,0.0,0.0,0.0,0.0,0.0,0.0,0.0
2024-12-16 00:00:00,0.0,0.0,0.0,False,True,False,0,no_power,0.0,0.0,0.0,0.0,0.0,0.0,0.0,0.0
2024-12-16 01:00:00,0.0,0.0,0.0,False,True,False,0,no_power,0.0,0.0,0.0,0.0,0.0,0.0,0.0,0.0
2024-12-16 02:00:00,0.0,0.0,0.0,False,True,False,0,no_power,0.0,0.0,0.0,0.0,0.0,0.0,0.0,0.0
2024-12-16 03:00:00,0.0,0.0,0.0,False,True,False,0,no_power,0.0,0.0,0.0,0.0,0.0,0.0,0.0,0.0
2024-12-16 04:00:00,0.0,0.0,0.0,False,True,False,0,no_power,0.0,0.0,0.0,0.0,0.0,0.0,0.0,0.0
2024-12-16 05:00:00,0.0,0.0,0.0,False,True,False,0,no_power,0.0,0.0,0.0,0.0,0.0,0.0,0.0,0.0
2024-12-16 06:00:00,0.0,0.0,0.0,False,True,False,0,no_power,0.0,0.0,0.0,0.0,0.0,0.0,0.0,0.0
2024-12-16 07:00:00,0.06,0.058,13.0,False,True,False,0,no_power,0.0,0.0,0.0,0.0,0.0,0.0,0.0,0.0
2024-12-16 08:00:00,0.365,0.351,166.0,True,True,False,0,no_power,0.0,0.0,0.0,0.0,0.0,0.0,0.0,0.0
2024-12-16 09:00:00,0.767,0.737,158.0,True,True,False,0,no_power,0.0,0.0,0.0,0.0,0.0,0.0,0.0,0.0
2024-12-16 10:00:00,0.827,0.794,170.0,True,True,False,0,no_power,0.0,0.0,0.0,0.0,0.0,0.0,0.0,0.0
2024-12-16 11:00:00,1.661,1.595,625.0,True,True,True,1,ok,1.263,0.0,1.263,0.0,0.332,0.0,0.0,0.0
2024-12-16 12:00:00,1.799,1.727,667.0,True,True,True,2,ok,1.263,0.0,1.263,0.0,0.464,0.0,0.0,0.0
2024-12-16 13:00:00,1.157,1.11,239.0,True,True,False,2,no_power,0.0,0.0,0.0,0.0,0.0,0.0,0.0,0.0
2024-12-16 14:00:00,1.442,1.384,549.0,True,True,True,3,ok,1.263,0.0,1.263,0.0,0.121,0.0,0.0,0.0
2024-12-16 15:00:00,0.982,0.943,402.0,True,True,False,3,no_power,0.0,0.0,0.0,0.0,0.0,0.0,0.0,0.0
2024-12-16 16:00:00,0.556,0.534,114.0,True,True,False,3,no_power,0.0,0.0,0.0,0.0,0.0,0.0,0.0,0.0
2024-12-16 17:00:00,0.135,0.13,47.0,True,True,False,3,no_power,0.0,0.0,0.0,0.0,0.0,0.0,0.0,0.0
2024-12-16 18:00:00,0.0,0.0,0.0,False,True,False,3,no_power,0.0,0.0,0.0,0.0,0.0,0.0,0.0,0.0
2024-12-16 19:00:00,0.0,0.0,0.0,False,True,False,3,no_power,0.0,0.0,0.0,0.0,0.0,0.0,0.0,0.0
2024-12-16 20:00:00,0.0,0.0,0.0,False,True,False,3,no_power,0.0,0.0,0.0,0.0,0.0,0.0,0.0,0.0
2024-12-16 21:00:00,0.0,0.0,0.0,False,True,False,3,no_power,0.0,0.0,0.0,0.0,0.0,0.0,0.0,0.0
2024-12-16 22:00:00,0.0,0.0,0.0,False,True,False,3,no_power,0.0,0.0,0.0,0.0,0.0,0.0,0.0,0.0
2024-12-16 23:00:00,0.0,0.0,0.0,False,True,False,3,no_power,0.0,0.0,0.0,0.0,0.0,0.0,0.0,0.0
2024-12-17 00:00:00,0.0,0.0,0.0,False,True,False,0,no_power,0.0,0.0,0.0,0.0,0.0,0.0,0.0,0.0
2024-12-17 01:00:00,0.0,0.0,0.0,False,True,False,0,no_power,0.0,0.0,0.0,0.0,0.0,0.0,0.0,0.0
2024-12-17 02:00:00,0.0,0.0,0.0,False,True,False,0,no_power,0.0,0.0,0.0,0.0,0.0,0.0,0.0,0.0
2024-12-17 03:00:00,0.0,0.0,0.0,False,True,False,0,no_power,0.0,0.0,0.0,0.0,0.0,0.0,0.0,0.0
2024-12-17 04:00:00,0.0,0.0,0.0,False,True,False,0,no_power,0.0,0.0,0.0,0.0,0.0,0.0,0.0,0.0
2024-12-17 05:00:00,0.0,0.0,0.0,False,True,False,0,no_power,0.0,0.0,0.0,0.0,0.0,0.0,0.0,0.0
2024-12-17 06:00:00,0.0,0.0,0.0,False,True,False,0,no_power,0.0,0.0,0.0,0.0,0.0,0.0,0.0,0.0
2024-12-17 07:00:00,0.06,0.057,12.0,False,True,False,0,no_power,0.0,0.0,0.0,0.0,0.0,0.0,0.0,0.0
2024-12-17 08:00:00,0.346,0.332,166.0,True,True,False,0,no_power,0.0,0.0,0.0,0.0,0.0,0.0,0.0,0.0
2024-12-17 09:00:00,0.844,0.81,351.0,True,True,False,0,no_power,0.0,0.0,0.0,0.0,0.0,0.0,0.0,0.0
2024-12-17 10:00:00,1.285,1.233,525.0,True,True,False,0,no_power,0.0,0.0,0.0,0.0,0.0,0.0,0.0,0.0
2024-12-17 11:00:00,1.637,1.571,631.0,True,True,True,1,ok,1.263,0.0,1.263,0.0,0.308,0.0,0.0,0.0
2024-12-17 12:00:00,1.784,1.712,672.0,True,True,True,2,ok,1.263,0.0,1.263,0.0,0.449,0.0,0.0,0.0
2024-12-17 13:00:00,1.705,1.637,647.0,True,True,True,3,ok,1.263,0.0,1.263,0.0,0.374,0.0,0.0,0.0
2024-12-17 14:00:00,1.421,1.364,559.0,True,True,True,4,ok,1.263,0.0,1.263,0.0,0.101,0.0,0.0,0.0
2024-12-17 15:00:00,0.95,0.912,414.0,True,True,False,4,no_power,0.0,0.0,0.0,0.0,0.0,0.0,0.0,0.0
2024-12-17 16:00:00,0.399,0.383,228.0,True,True,False,4,no_power,0.0,0.0,0.0,0.0,0.0,0.0,0.0,0.0
2024-12-17 17:00:00,0.145,0.139,48.0,True,True,False,4,no_power,0.0,0.0,0.0,0.0,0.0,0.0,0.0,0.0
2024-12-17 18:00:00,0.0,0.0,0.0,False,True,False,4,no_power,0.0,0.0,0.0,0.0,0.0,0.0,0.0,0.0
2024-12-17 19:00:00,0.0,0.0,0.0,False,True,False,4,no_power,0.0,0.0,0.0,0.0,0.0,0.0,0.0,0.0
2024-12-17 20:00:00,0.0,0.0,0.0,False,True,False,4,no_power,0.0,0.0,0.0,0.0,0.0,0.0,0.0,0.0
2024-12-17 21:00:00,0.0,0.0,0.0,False,True,False,4,no_power,0.0,0.0,0.0,0.0,0.0,0.0,0.0,0.0
2024-12-17 22:00:00,0.0,0.0,0.0,False,True,False,4,no_power,0.0,0.0,0.0,0.0,0.0,0.0,0.0,0.0
2024-12-17 23:00:00,0.0,0.0,0.0,False,True,False,4,no_power,0.0,0.0,0.0,0.0,0.0,0.0,0.0,0.0
2024-12-18 00:00:00,0.0,0.0,0.0,False,True,False,0,no_power,0.0,0.0,0.0,0.0,0.0,0.0,0.0,0.0
2024-12-18 01:00:00,0.0,0.0,0.0,False,True,False,0,no_power,0.0,0.0,0.0,0.0,0.0,0.0,0.0,0.0
2024-12-18 02:00:00,0.0,0.0,0.0,False,True,False,0,no_power,0.0,0.0,0.0,0.0,0.0,0.0,0.0,0.0
2024-12-18 03:00:00,0.0,0.0,0.0,False,True,False,0,no_power,0.0,0.0,0.0,0.0,0.0,0.0,0.0,0.0
2024-12-18 04:00:00,0.0,0.0,0.0,False,True,False,0,no_power,0.0,0.0,0.0,0.0,0.0,0.0,0.0,0.0
2024-12-18 05:00:00,0.0,0.0,0.0,False,True,False,0,no_power,0.0,0.0,0.0,0.0,0.0,0.0,0.0,0.0
2024-12-18 06:00:00,0.0,0.0,0.0,False,True,False,0,no_power,0.0,0.0,0.0,0.0,0.0,0.0,0.0,0.0
2024-12-18 07:00:00,0.06,0.057,12.0,False,True,False,0,no_power,0.0,0.0,0.0,0.0,0.0,0.0,0.0,0.0
2024-12-18 08:00:00,0.321,0.308,167.0,True,True,False,0,no_power,0.0,0.0,0.0,0.0,0.0,0.0,0.0,0.0
2024-12-18 09:00:00,0.817,0.784,354.0,True,True,False,0,no_power,0.0,0.0,0.0,0.0,0.0,0.0,0.0,0.0
2024-12-18 10:00:00,1.313,1.261,513.0,True,True,False,0,no_power,0.0,0.0,0.0,0.0,0.0,0.0,0.0,0.0
2024-12-18 11:00:00,1.652,1.586,620.0,True,True,True,1,ok,1.263,0.0,1.263,0.0,0.323,0.0,0.0,0.0
2024-12-18 12:00:00,1.792,1.72,664.0,True,True,True,2,ok,1.263,0.0,1.263,0.0,0.457,0.0,0.0,0.0
2024-12-18 13:00:00,1.684,1.617,650.0,True,True,True,3,ok,1.263,0.0,1.263,0.0,0.354,0.0,0.0,0.0
2024-12-18 14:00:00,1.397,1.341,562.0,True,True,True,4,ok,1.263,0.0,1.263,0.0,0.078,0.0,0.0,0.0
2024-12-18 15:00:00,0.935,0.897,418.0,True,True,False,4,no_power,0.0,0.0,0.0,0.0,0.0,0.0,0.0,0.0
2024-12-18 16:00:00,0.372,0.358,234.0,True,True,False,4,no_power,0.0,0.0,0.0,0.0,0.0,0.0,0.0,0.0
2024-12-18 17:00:00,0.134,0.129,27.0,True,True,False,4,no_power,0.0,0.0,0.0,0.0,0.0,0.0,0.0,0.0
2024-12-18 18:00:00,0.0,0.0,0.0,False,True,False,4,no_power,0.0,0.0,0.0,0.0,0.0,0.0,0.0,0.0
2024-12-18 19:00:00,0.0,0.0,0.0,False,True,False,4,no_power,0.0,0.0,0.0,0.0,0.0,0.0,0.0,0.0
2024-12-18 20:00:00,0.0,0.0,0.0,False,True,False,4,no_power,0.0,0.0,0.0,0.0,0.0,0.0,0.0,0.0
2024-12-18 21:00:00,0.0,0.0,0.0,False,True,False,4,no_power,0.0,0.0,0.0,0.0,0.0,0.0,0.0,0.0
2024-12-18 22:00:00,0.0,0.0,0.0,False,True,False,4,no_power,0.0,0.0,0.0,0.0,0.0,0.0,0.0,0.0
2024-12-18 23:00:00,0.0,0.0,0.0,False,True,False,4,no_power,0.0,0.0,0.0,0.0,0.0,0.0,0.0,0.0
2024-12-19 00:00:00,0.0,0.0,0.0,False,True,False,0,no_power,0.0,0.0,0.0,0.0,0.0,0.0,0.0,0.0
2024-12-19 01:00:00,0.0,0.0,0.0,False,True,False,0,no_power,0.0,0.0,0.0,0.0,0.0,0.0,0.0,0.0
2024-12-19 02:00:00,0.0,0.0,0.0,False,True,False,0,no_power,0.0,0.0,0.0,0.0,0.0,0.0,0.0,0.0
2024-12-19 03:00:00,0.0,0.0,0.0,False,True,False,0,no_power,0.0,0.0,0.0,0.0,0.0,0.0,0.0,0.0
2024-12-19 04:00:00,0.0,0.0,0.0,False,True,False,0,no_power,0.0,0.0,0.0,0.0,0.0,0.0,0.0,0.0
2024-12-19 05:00:00,0.0,0.0,0.0,False,True,False,0,no_power,0.0,0.0,0.0,0.0,0.0,0.0,0.0,0.0
2024-12-19 06:00:00,0.0,0.0,0.0,False,True,False,0,no_power,0.0,0.0,0.0,0.0,0.0,0.0,0.0,0.0
2024-12-19 07:00:00,0.06,0.058,13.0,False,True,False,0,no_power,0.0,0.0,0.0,0.0,0.0,0.0,0.0,0.0
2024-12-19 08:00:00,0.263,0.253,174.0,True,True,False,0,no_power,0.0,0.0,0.0,0.0,0.0,0.0,0.0,0.0
2024-12-19 09:00:00,0.767,0.737,366.0,True,True,False,0,no_power,0.0,0.0,0.0,0.0,0.0,0.0,0.0,0.0
2024-12-19 10:00:00,1.285,1.234,526.0,True,True,False,0,no_power,0.0,0.0,0.0,0.0,0.0,0.0,0.0,0.0
2024-12-19 11:00:00,1.49,1.43,322.0,True,True,True,1,ok,1.263,0.0,1.263,0.0,0.167,0.0,0.0,0.0
2024-12-19 12:00:00,1.401,1.345,294.0,True,True,True,2,ok,1.263,0.0,1.263,0.0,0.082,0.0,0.0,0.0
2024-12-19 13:00:00,1.7,1.632,654.0,True,True,True,3,ok,1.263,0.0,1.263,0.0,0.369,0.0,0.0,0.0
2024-12-19 14:00:00,1.69,1.623,400.0,True,True,True,4,ok,1.263,0.0,1.263,0.0,0.36,0.0,0.0,0.0
2024-12-19 15:00:00,0.084,0.081,17.0,False,True,False,4,no_power,0.0,0.0,0.0,0.0,0.0,0.0,0.0,0.0
2024-12-19 16:00:00,0.368,0.354,238.0,True,True,False,4,no_power,0.0,0.0,0.0,0.0,0.0,0.0,0.0,0.0
2024-12-19 17:00:00,0.135,0.13,52.0,True,True,False,4,no_power,0.0,0.0,0.0,0.0,0.0,0.0,0.0,0.0
2024-12-19 18:00:00,0.0,0.0,0.0,False,True,False,4,no_power,0.0,0.0,0.0,0.0,0.0,0.0,0.0,0.0
2024-12-19 19:00:00,0.0,0.0,0.0,False,True,False,4,no_power,0.0,0.0,0.0,0.0,0.0,0.0,0.0,0.0
2024-12-19 20:00:00,0.0,0.0,0.0,False,True,False,4,no_power,0.0,0.0,0.0,0.0,0.0,0.0,0.0,0.0
2024-12-19 21:00:00,0.0,0.0,0.0,False,True,False,4,no_power,0.0,0.0,0.0,0.0,0.0,0.0,0.0,0.0
2024-12-19 22:00:00,0.0,0.0,0.0,False,True,False,4,no_power,0.0,0.0,0.0,0.0,0.0,0.0,0.0,0.0
2024-12-19 23:00:00,0.0,0.0,0.0,False,True,False,4,no_power,0.0,0.0,0.0,0.0,0.0,0.0,0.0,0.0
2024-12-20 00:00:00,0.0,0.0,0.0,False,True,False,0,no_power,0.0,0.0,0.0,0.0,0.0,0.0,0.0,0.0
2024-12-20 01:00:00,0.0,0.0,0.0,False,True,False,0,no_power,0.0,0.0,0.0,0.0,0.0,0.0,0.0,0.0
2024-12-20 02:00:00,0.0,0.0,0.0,False,True,False,0,no_power,0.0,0.0,0.0,0.0,0.0,0.0,0.0,0.0
2024-12-20 03:00:00,0.0,0.0,0.0,False,True,False,0,no_power,0.0,0.0,0.0,0.0,0.0,0.0,0.0,0.0
2024-12-20 04:00:00,0.0,0.0,0.0,False,True,False,0,no_power,0.0,0.0,0.0,0.0,0.0,0.0,0.0,0.0
2024-12-20 05:00:00,0.0,0.0,0.0,False,True,False,0,no_power,0.0,0.0,0.0,0.0,0.0,0.0,0.0,0.0
2024-12-20 06:00:00,0.0,0.0,0.0,False,True,False,0,no_power,0.0,0.0,0.0,0.0,0.0,0.0,0.0,0.0
2024-12-20 07:00:00,0.055,0.053,13.0,False,True,False,0,no_power,0.0,0.0,0.0,0.0,0.0,0.0,0.0,0.0
2024-12-20 08:00:00,0.24,0.23,181.0,True,True,False,0,no_power,0.0,0.0,0.0,0.0,0.0,0.0,0.0,0.0
2024-12-20 09:00:00,0.758,0.728,377.0,True,True,False,0,no_power,0.0,0.0,0.0,0.0,0.0,0.0,0.0,0.0
2024-12-20 10:00:00,1.281,1.23,541.0,True,True,False,0,no_power,0.0,0.0,0.0,0.0,0.0,0.0,0.0,0.0
2024-12-20 11:00:00,1.644,1.578,651.0,True,True,True,1,ok,1.263,0.0,1.263,0.0,0.315,0.0,0.0,0.0
2024-12-20 12:00:00,1.789,1.717,695.0,True,True,True,2,ok,1.263,0.0,1.263,0.0,0.454,0.0,0.0,0.0
2024-12-20 13:00:00,1.718,1.65,674.0,True,True,True,3,ok,1.263,0.0,1.263,0.0,0.387,0.0,0.0,0.0
2024-12-20 14:00:00,1.425,1.368,586.0,True,True,True,4,ok,1.263,0.0,1.263,0.0,0.105,0.0,0.0,0.0
2024-12-20 15:00:00,0.945,0.907,439.0,True,True,False,4,no_power,0.0,0.0,0.0,0.0,0.0,0.0,0.0,0.0
2024-12-20 16:00:00,0.357,0.343,251.0,True,True,False,4,no_power,0.0,0.0,0.0,0.0,0.0,0.0,0.0,0.0
2024-12-20 17:00:00,0.131,0.126,58.0,True,True,False,4,no_power,0.0,0.0,0.0,0.0,0.0,0.0,0.0,0.0
2024-12-20 18:00:00,0.0,0.0,0.0,False,True,False,4,no_power,0.0,0.0,0.0,0.0,0.0,0.0,0.0,0.0
2024-12-20 19:00:00,0.0,0.0,0.0,False,True,False,4,no_power,0.0,0.0,0.0,0.0,0.0,0.0,0.0,0.0
2024-12-20 20:00:00,0.0,0.0,0.0,False,True,False,4,no_power,0.0,0.0,0.0,0.0,0.0,0.0,0.0,0.0
2024-12-20 21:00:00,0.0,0.0,0.0,False,True,False,4,no_power,0.0,0.0,0.0,0.0,0.0,0.0,0.0,0.0
2024-12-20 22:00:00,0.0,0.0,0.0,False,True,False,4,no_power,0.0,0.0,0.0,0.0,0.0,0.0,0.0,0.0
2024-12-20 23:00:00,0.0,0.0,0.0,False,True,False,4,no_power,0.0,0.0,0.0,0.0,0.0,0.0,0.0,0.0
2024-12-21 00:00:00,0.0,0.0,0.0,False,True,False,0,no_power,0.0,0.0,0.0,0.0,0.0,0.0,0.0,0.0
2024-12-21 01:00:00,0.0,0.0,0.0,False,True,False,0,no_power,0.0,0.0,0.0,0.0,0.0,0.0,0.0,0.0
2024-12-21 02:00:00,0.0,0.0,0.0,False,True,False,0,no_power,0.0,0.0,0.0,0.0,0.0,0.0,0.0,0.0
2024-12-21 03:00:00,0.0,0.0,0.0,False,True,False,0,no_power,0.0,0.0,0.0,0.0,0.0,0.0,0.0,0.0
2024-12-21 04:00:00,0.0,0.0,0.0,False,True,False,0,no_power,0.0,0.0,0.0,0.0,0.0,0.0,0.0,0.0
2024-12-21 05:00:00,0.0,0.0,0.0,False,True,False,0,no_power,0.0,0.0,0.0,0.0,0.0,0.0,0.0,0.0
2024-12-21 06:00:00,0.0,0.0,0.0,False,True,False,0,no_power,0.0,0.0,0.0,0.0,0.0,0.0,0.0,0.0
2024-12-21 07:00:00,0.0,0.0,0.0,False,True,False,0,no_power,0.0,0.0,0.0,0.0,0.0,0.0,0.0,0.0
2024-12-21 08:00:00,0.27,0.259,182.0,True,True,False,0,no_power,0.0,0.0,0.0,0.0,0.0,0.0,0.0,0.0
2024-12-21 09:00:00,0.796,0.764,384.0,True,True,False,0,no_power,0.0,0.0,0.0,0.0,0.0,0.0,0.0,0.0
2024-12-21 10:00:00,1.327,1.274,553.0,True,True,True,1,ok,1.263,0.0,1.263,0.0,0.011,0.0,0.0,0.0
2024-12-21 11:00:00,1.702,1.634,666.0,True,True,True,2,ok,1.263,0.0,1.263,0.0,0.371,0.0,0.0,0.0
2024-12-21 12:00:00,1.859,1.784,713.0,True,True,True,3,ok,1.263,0.0,1.263,0.0,0.521,0.0,0.0,0.0
2024-12-21 13:00:00,1.781,1.71,688.0,True,True,True,4,ok,1.263,0.0,1.263,0.0,0.447,0.0,0.0,0.0
2024-12-21 14:00:00,1.482,1.423,597.0,True,True,True,5,ok,1.263,0.0,1.263,0.0,0.16,0.0,0.0,0.0
2024-12-21 15:00:00,0.994,0.954,448.0,True,True,False,5,no_power,0.0,0.0,0.0,0.0,0.0,0.0,0.0,0.0
2024-12-21 16:00:00,0.673,0.647,196.0,True,True,False,5,no_power,0.0,0.0,0.0,0.0,0.0,0.0,0.0,0.0
2024-12-21 17:00:00,0.145,0.14,29.0,True,True,False,5,no_power,0.0,0.0,0.0,0.0,0.0,0.0,0.0,0.0
2024-12-21 18:00:00,0.0,0.0,0.0,False,True,False,5,no_power,0.0,0.0,0.0,0.0,0.0,0.0,0.0,0.0
2024-12-21 19:00:00,0.0,0.0,0.0,False,True,False,5,no_power,0.0,0.0,0.0,0.0,0.0,0.0,0.0,0.0
2024-12-21 20:00:00,0.0,0.0,0.0,False,True,False,5,no_power,0.0,0.0,0.0,0.0,0.0,0.0,0.0,0.0
2024-12-21 21:00:00,0.0,0.0,0.0,False,True,False,5,no_power,0.0,0.0,0.0,0.0,0.0,0.0,0.0,0.0
2024-12-21 22:00:00,0.0,0.0,0.0,False,True,False,5,no_power,0.0,0.0,0.0,0.0,0.0,0.0,0.0,0.0
2024-12-21 23:00:00,0.0,0.0,0.0,False,True,False,5,no_power,0.0,0.0,0.0,0.0,0.0,0.0,0.0,0.0
2024-12-22 00:00:00,0.0,0.0,0.0,False,True,False,0,no_power,0.0,0.0,0.0,0.0,0.0,0.0,0.0,0.0
2024-12-22 01:00:00,0.0,0.0,0.0,False,True,False,0,no_power,0.0,0.0,0.0,0.0,0.0,0.0,0.0,0.0
2024-12-22 02:00:00,0.0,0.0,0.0,False,True,False,0,no_power,0.0,0.0,0.0,0.0,0.0,0.0,0.0,0.0
2024-12-22 03:00:00,0.0,0.0,0.0,False,True,False,0,no_power,0.0,0.0,0.0,0.0,0.0,0.0,0.0,0.0
2024-12-22 04:00:00,0.0,0.0,0.0,False,True,False,0,no_power,0.0,0.0,0.0,0.0,0.0,0.0,0.0,0.0
2024-12-22 05:00:00,0.0,0.0,0.0,False,True,False,0,no_power,0.0,0.0,0.0,0.0,0.0,0.0,0.0,0.0
2024-12-22 06:00:00,0.0,0.0,0.0,False,True,False,0,no_power,0.0,0.0,0.0,0.0,0.0,0.0,0.0,0.0
2024-12-22 07:00:00,0.0,0.0,0.0,False,True,False,0,no_power,0.0,0.0,0.0,0.0,0.0,0.0,0.0,0.0
2024-12-22 08:00:00,0.256,0.246,181.0,True,True,False,0,no_power,0.0,0.0,0.0,0.0,0.0,0.0,0.0,0.0
2024-12-22 09:00:00,0.775,0.744,379.0,True,True,False,0,no_power,0.0,0.0,0.0,0.0,0.0,0.0,0.0,0.0
2024-12-22 10:00:00,1.307,1.255,546.0,True,True,False,0,no_power,0.0,0.0,0.0,0.0,0.0,0.0,0.0,0.0
2024-12-22 11:00:00,1.679,1.612,661.0,True,True,True,1,ok,1.263,0.0,1.263,0.0,0.349,0.0,0.0,0.0
2024-12-22 12:00:00,1.834,1.76,708.0,True,True,True,2,ok,1.263,0.0,1.263,0.0,0.497,0.0,0.0,0.0
2024-12-22 13:00:00,1.769,1.698,688.0,True,True,True,3,ok,1.263,0.0,1.263,0.0,0.435,0.0,0.0,0.0
2024-12-22 14:00:00,1.473,1.414,598.0,True,True,True,4,ok,1.263,0.0,1.263,0.0,0.151,0.0,0.0,0.0
2024-12-22 15:00:00,0.983,0.943,450.0,True,True,False,4,no_power,0.0,0.0,0.0,0.0,0.0,0.0,0.0,0.0
2024-12-22 16:00:00,0.385,0.369,259.0,True,True,False,4,no_power,0.0,0.0,0.0,0.0,0.0,0.0,0.0,0.0
2024-12-22 17:00:00,0.055,0.053,11.0,False,True,False,4,no_power,0.0,0.0,0.0,0.0,0.0,0.0,0.0,0.0
2024-12-22 18:00:00,0.0,0.0,0.0,False,True,False,4,no_power,0.0,0.0,0.0,0.0,0.0,0.0,0.0,0.0
2024-12-22 19:00:00,0.0,0.0,0.0,False,True,False,4,no_power,0.0,0.0,0.0,0.0,0.0,0.0,0.0,0.0
2024-12-22 20:00:00,0.0,0.0,0.0,False,True,False,4,no_power,0.0,0.0,0.0,0.0,0.0,0.0,0.0,0.0
2024-12-22 21:00:00,0.0,0.0,0.0,False,True,False,4,no_power,0.0,0.0,0.0,0.0,0.0,0.0,0.0,0.0
2024-12-22 22:00:00,0.0,0.0,0.0,False,True,False,4,no_power,0.0,0.0,0.0,0.0,0.0,0.0,0.0,0.0
2024-12-22 23:00:00,0.0,0.0,0.0,False,True,False,4,no_power,0.0,0.0,0.0,0.0,0.0,0.0,0.0,0.0
2024-12-23 00:00:00,0.0,0.0,0.0,False,True,False,0,no_power,0.0,0.0,0.0,0.0,0.0,0.0,0.0,0.0
2024-12-23 01:00:00,0.0,0.0,0.0,False,True,False,0,no_power,0.0,0.0,0.0,0.0,0.0,0.0,0.0,0.0
2024-12-23 02:00:00,0.0,0.0,0.0,False,True,False,0,no_power,0.0,0.0,0.0,0.0,0.0,0.0,0.0,0.0
2024-12-23 03:00:00,0.0,0.0,0.0,False,True,False,0,no_power,0.0,0.0,0.0,0.0,0.0,0.0,0.0,0.0
2024-12-23 04:00:00,0.0,0.0,0.0,False,True,False,0,no_power,0.0,0.0,0.0,0.0,0.0,0.0,0.0,0.0
2024-12-23 05:00:00,0.0,0.0,0.0,False,True,False,0,no_power,0.0,0.0,0.0,0.0,0.0,0.0,0.0,0.0
2024-12-23 06:00:00,0.0,0.0,0.0,False,True,False,0,no_power,0.0,0.0,0.0,0.0,0.0,0.0,0.0,0.0
2024-12-23 07:00:00,0.0,0.0,0.0,False,True,False,0,no_power,0.0,0.0,0.0,0.0,0.0,0.0,0.0,0.0
2024-12-23 08:00:00,0.255,0.245,176.0,True,True,False,0,no_power,0.0,0.0,0.0,0.0,0.0,0.0,0.0,0.0
2024-12-23 09:00:00,0.766,0.735,373.0,True,True,False,0,no_power,0.0,0.0,0.0,0.0,0.0,0.0,0.0,0.0
2024-12-23 10:00:00,1.296,1.244,538.0,True,True,False,0,no_power,0.0,0.0,0.0,0.0,0.0,0.0,0.0,0.0
2024-12-23 11:00:00,1.667,1.6,649.0,True,True,True,1,ok,1.263,0.0,1.263,0.0,0.337,0.0,0.0,0.0
2024-12-23 12:00:00,2.067,1.984,497.0,True,True,True,2,ok,1.263,0.0,1.263,0.0,0.721,0.0,0.0,0.0
2024-12-23 13:00:00,0.402,0.386,81.0,True,True,False,2,no_power,0.0,0.0,0.0,0.0,0.0,0.0,0.0,0.0
2024-12-23 14:00:00,1.752,1.682,409.0,True,True,True,3,ok,1.263,0.0,1.263,0.0,0.419,0.0,0.0,0.0
2024-12-23 15:00:00,0.972,0.933,443.0,True,True,False,3,no_power,0.0,0.0,0.0,0.0,0.0,0.0,0.0,0.0
2024-12-23 16:00:00,0.373,0.359,256.0,True,True,False,3,no_power,0.0,0.0,0.0,0.0,0.0,0.0,0.0,0.0
2024-12-23 17:00:00,0.137,0.131,62.0,True,True,False,3,no_power,0.0,0.0,0.0,0.0,0.0,0.0,0.0,0.0
2024-12-23 18:00:00,0.0,0.0,0.0,False,True,False,3,no_power,0.0,0.0,0.0,0.0,0.0,0.0,0.0,0.0
2024-12-23 19:00:00,0.0,0.0,0.0,False,True,False,3,no_power,0.0,0.0,0.0,0.0,0.0,0.0,0.0,0.0
2024-12-23 20:00:00,0.0,0.0,0.0,False,True,False,3,no_power,0.0,0.0,0.0,0.0,0.0,0.0,0.0,0.0
2024-12-23 21:00:00,0.0,0.0,0.0,False,True,False,3,no_power,0.0,0.0,0.0,0.0,0.0,0.0,0.0,0.0
2024-12-23 22:00:00,0.0,0.0,0.0,False,True,False,3,no_power,0.0,0.0,0.0,0.0,0.0,0.0,0.0,0.0
2024-12-23 23:00:00,0.0,0.0,0.0,False,True,False,3,no_power,0.0,0.0,0.0,0.0,0.0,0.0,0.0,0.0
2024-12-24 00:00:00,0.0,0.0,0.0,False,True,False,0,no_power,0.0,0.0,0.0,0.0,0.0,0.0,0.0,0.0
2024-12-24 01:00:00,0.0,0.0,0.0,False,True,False,0,no_power,0.0,0.0,0.0,0.0,0.0,0.0,0.0,0.0
2024-12-24 02:00:00,0.0,0.0,0.0,False,True,False,0,no_power,0.0,0.0,0.0,0.0,0.0,0.0,0.0,0.0
2024-12-24 03:00:00,0.0,0.0,0.0,False,True,False,0,no_power,0.0,0.0,0.0,0.0,0.0,0.0,0.0,0.0
2024-12-24 04:00:00,0.0,0.0,0.0,False,True,False,0,no_power,0.0,0.0,0.0,0.0,0.0,0.0,0.0,0.0
2024-12-24 05:00:00,0.0,0.0,0.0,False,True,False,0,no_power,0.0,0.0,0.0,0.0,0.0,0.0,0.0,0.0
2024-12-24 06:00:00,0.0,0.0,0.0,False,True,False,0,no_power,0.0,0.0,0.0,0.0,0.0,0.0,0.0,0.0
2024-12-24 07:00:00,0.0,0.0,0.0,False,True,False,0,no_power,0.0,0.0,0.0,0.0,0.0,0.0,0.0,0.0
2024-12-24 08:00:00,0.245,0.235,170.0,True,True,False,0,no_power,0.0,0.0,0.0,0.0,0.0,0.0,0.0,0.0
2024-12-24 09:00:00,1.115,1.07,264.0,True,True,False,0,no_power,0.0,0.0,0.0,0.0,0.0,0.0,0.0,0.0
2024-12-24 10:00:00,1.539,1.477,354.0,True,True,True,1,ok,1.263,0.0,1.263,0.0,0.214,0.0,0.0,0.0
2024-12-24 11:00:00,1.501,1.441,323.0,True,True,True,2,ok,1.263,0.0,1.263,0.0,0.178,0.0,0.0,0.0
2024-12-24 12:00:00,1.898,1.822,435.0,True,True,True,3,ok,1.263,0.0,1.263,0.0,0.559,0.0,0.0,0.0
2024-12-24 13:00:00,1.721,1.652,656.0,True,True,True,4,ok,1.263,0.0,1.263,0.0,0.389,0.0,0.0,0.0
2024-12-24 14:00:00,1.439,1.381,569.0,True,True,True,5,ok,1.263,0.0,1.263,0.0,0.118,0.0,0.0,0.0
2024-12-24 15:00:00,0.975,0.936,426.0,True,True,False,5,no_power,0.0,0.0,0.0,0.0,0.0,0.0,0.0,0.0
2024-12-24 16:00:00,0.481,0.462,97.0,True,True,False,5,no_power,0.0,0.0,0.0,0.0,0.0,0.0,0.0,0.0
2024-12-24 17:00:00,0.15,0.144,30.0,True,True,False,5,no_power,0.0,0.0,0.0,0.0,0.0,0.0,0.0,0.0
2024-12-24 18:00:00,0.0,0.0,0.0,False,True,False,5,no_power,0.0,0.0,0.0,0.0,0.0,0.0,0.0,0.0
2024-12-24 19:00:00,0.0,0.0,0.0,False,True,False,5,no_power,0.0,0.0,0.0,0.0,0.0,0.0,0.0,0.0
2024-12-24 20:00:00,0.0,0.0,0.0,False,True,False,5,no_power,0.0,0.0,0.0,0.0,0.0,0.0,0.0,0.0
2024-12-24 21:00:00,0.0,0.0,0.0,False,True,False,5,no_power,0.0,0.0,0.0,0.0,0.0,0.0,0.0,0.0
2024-12-24 22:00:00,0.0,0.0,0.0,False,True,False,5,no_power,0.0,0.0,0.0,0.0,0.0,0.0,0.0,0.0
2024-12-24 23:00:00,0.0,0.0,0.0,False,True,False,5,no_power,0.0,0.0,0.0,0.0,0.0,0.0,0.0,0.0
2024-12-25 00:00:00,0.0,0.0,0.0,False,True,False,0,no_power,0.0,0.0,0.0,0.0,0.0,0.0,0.0,0.0
2024-12-25 01:00:00,0.0,0.0,0.0,False,True,False,0,no_power,0.0,0.0,0.0,0.0,0.0,0.0,0.0,0.0
2024-12-25 02:00:00,0.0,0.0,0.0,False,True,False,0,no_power,0.0,0.0,0.0,0.0,0.0,0.0,0.0,0.0
2024-12-25 03:00:00,0.0,0.0,0.0,False,True,False,0,no_power,0.0,0.0,0.0,0.0,0.0,0.0,0.0,0.0
2024-12-25 04:00:00,0.0,0.0,0.0,False,True,False,0,no_power,0.0,0.0,0.0,0.0,0.0,0.0,0.0,0.0
2024-12-25 05:00:00,0.0,0.0,0.0,False,True,False,0,no_power,0.0,0.0,0.0,0.0,0.0,0.0,0.0,0.0
2024-12-25 06:00:00,0.0,0.0,0.0,False,True,False,0,no_power,0.0,0.0,0.0,0.0,0.0,0.0,0.0,0.0
2024-12-25 07:00:00,0.0,0.0,0.0,False,True,False,0,no_power,0.0,0.0,0.0,0.0,0.0,0.0,0.0,0.0
2024-12-25 08:00:00,0.501,0.481,104.0,True,True,False,0,no_power,0.0,0.0,0.0,0.0,0.0,0.0,0.0,0.0
2024-12-25 09:00:00,1.09,1.046,245.0,True,True,False,0,no_power,0.0,0.0,0.0,0.0,0.0,0.0,0.0,0.0
2024-12-25 10:00:00,0.894,0.859,182.0,True,True,False,0,no_power,0.0,0.0,0.0,0.0,0.0,0.0,0.0,0.0
2024-12-25 11:00:00,1.401,1.345,316.0,True,True,True,1,ok,1.263,0.0,1.263,0.0,0.082,0.0,0.0,0.0
2024-12-25 12:00:00,1.783,1.712,513.0,True,True,True,2,ok,1.263,0.0,1.263,0.0,0.449,0.0,0.0,0.0
2024-12-25 13:00:00,1.759,1.689,489.0,True,True,True,3,ok,1.263,0.0,1.263,0.0,0.426,0.0,0.0,0.0
2024-12-25 14:00:00,1.388,1.333,327.0,True,True,True,4,ok,1.263,0.0,1.263,0.0,0.07,0.0,0.0,0.0
2024-12-25 15:00:00,1.1,1.056,259.0,True,True,False,4,no_power,0.0,0.0,0.0,0.0,0.0,0.0,0.0,0.0
2024-12-25 16:00:00,0.631,0.606,142.0,True,True,False,4,no_power,0.0,0.0,0.0,0.0,0.0,0.0,0.0,0.0
2024-12-25 17:00:00,0.146,0.14,61.0,True,True,False,4,no_power,0.0,0.0,0.0,0.0,0.0,0.0,0.0,0.0
2024-12-25 18:00:00,0.0,0.0,0.0,False,True,False,4,no_power,0.0,0.0,0.0,0.0,0.0,0.0,0.0,0.0
2024-12-25 19:00:00,0.0,0.0,0.0,False,True,False,4,no_power,0.0,0.0,0.0,0.0,0.0,0.0,0.0,0.0
2024-12-25 20:00:00,0.0,0.0,0.0,False,True,False,4,no_power,0.0,0.0,0.0,0.0,0.0,0.0,0.0,0.0
2024-12-25 21:00:00,0.0,0.0,0.0,False,True,False,4,no_power,0.0,0.0,0.0,0.0,0.0,0.0,0.0,0.0
2024-12-25 22:00:00,0.0,0.0,0.0,False,True,False,4,no_power,0.0,0.0,0.0,0.0,0.0,0.0,0.0,0.0
2024-12-25 23:00:00,0.0,0.0,0.0,False,True,False,4,no_power,0.0,0.0,0.0,0.0,0.0,0.0,0.0,0.0
2024-12-26 00:00:00,0.0,0.0,0.0,False,True,False,0,no_power,0.0,0.0,0.0,0.0,0.0,0.0,0.0,0.0
2024-12-26 01:00:00,0.0,0.0,0.0,False,True,False,0,no_power,0.0,0.0,0.0,0.0,0.0,0.0,0.0,0.0
2024-12-26 02:00:00,0.0,0.0,0.0,False,True,False,0,no_power,0.0,0.0,0.0,0.0,0.0,0.0,0.0,0.0
2024-12-26 03:00:00,0.0,0.0,0.0,False,True,False,0,no_power,0.0,0.0,0.0,0.0,0.0,0.0,0.0,0.0
2024-12-26 04:00:00,0.0,0.0,0.0,False,True,False,0,no_power,0.0,0.0,0.0,0.0,0.0,0.0,0.0,0.0
2024-12-26 05:00:00,0.0,0.0,0.0,False,True,False,0,no_power,0.0,0.0,0.0,0.0,0.0,0.0,0.0,0.0
2024-12-26 06:00:00,0.0,0.0,0.0,False,True,False,0,no_power,0.0,0.0,0.0,0.0,0.0,0.0,0.0,0.0
2024-12-26 07:00:00,0.0,0.0,0.0,False,True,False,0,no_power,0.0,0.0,0.0,0.0,0.0,0.0,0.0,0.0
2024-12-26 08:00:00,0.463,0.445,145.0,True,True,False,0,no_power,0.0,0.0,0.0,0.0,0.0,0.0,0.0,0.0
2024-12-26 09:00:00,0.747,0.717,354.0,True,True,False,0,no_power,0.0,0.0,0.0,0.0,0.0,0.0,0.0,0.0
2024-12-26 10:00:00,1.576,1.513,381.0,True,True,True,1,ok,1.263,0.0,1.263,0.0,0.25,0.0,0.0,0.0
2024-12-26 11:00:00,1.846,1.772,429.0,True,True,True,2,ok,1.263,0.0,1.263,0.0,0.509,0.0,0.0,0.0
2024-12-26 12:00:00,0.713,0.684,145.0,True,True,False,2,no_power,0.0,0.0,0.0,0.0,0.0,0.0,0.0,0.0
2024-12-26 13:00:00,1.779,1.708,463.0,True,True,True,3,ok,1.263,0.0,1.263,0.0,0.445,0.0,0.0,0.0
2024-12-26 14:00:00,1.367,1.312,326.0,True,True,True,4,ok,1.263,0.0,1.263,0.0,0.049,0.0,0.0,0.0
2024-12-26 15:00:00,1.031,0.989,218.0,True,True,False,4,no_power,0.0,0.0,0.0,0.0,0.0,0.0,0.0,0.0
2024-12-26 16:00:00,0.572,0.549,117.0,True,True,False,4,no_power,0.0,0.0,0.0,0.0,0.0,0.0,0.0,0.0
2024-12-26 17:00:00,0.139,0.134,28.0,True,True,False,4,no_power,0.0,0.0,0.0,0.0,0.0,0.0,0.0,0.0
2024-12-26 18:00:00,0.0,0.0,0.0,False,True,False,4,no_power,0.0,0.0,0.0,0.0,0.0,0.0,0.0,0.0
2024-12-26 19:00:00,0.0,0.0,0.0,False,True,False,4,no_power,0.0,0.0,0.0,0.0,0.0,0.0,0.0,0.0
2024-12-26 20:00:00,0.0,0.0,0.0,False,True,False,4,no_power,0.0,0.0,0.0,0.0,0.0,0.0,0.0,0.0
2024-12-26 21:00:00,0.0,0.0,0.0,False,True,False,4,no_power,0.0,0.0,0.0,0.0,0.0,0.0,0.0,0.0
2024-12-26 22:00:00,0.0,0.0,0.0,False,True,False,4,no_power,0.0,0.0,0.0,0.0,0.0,0.0,0.0,0.0
2024-12-26 23:00:00,0.0,0.0,0.0,False,True,False,4,no_power,0.0,0.0,0.0,0.0,0.0,0.0,0.0,0.0
2024-12-27 00:00:00,0.0,0.0,0.0,False,True,False,0,no_power,0.0,0.0,0.0,0.0,0.0,0.0,0.0,0.0
2024-12-27 01:00:00,0.0,0.0,0.0,False,True,False,0,no_power,0.0,0.0,0.0,0.0,0.0,0.0,0.0,0.0
2024-12-27 02:00:00,0.0,0.0,0.0,False,True,False,0,no_power,0.0,0.0,0.0,0.0,0.0,0.0,0.0,0.0
2024-12-27 03:00:00,0.0,0.0,0.0,False,True,False,0,no_power,0.0,0.0,0.0,0.0,0.0,0.0,0.0,0.0
2024-12-27 04:00:00,0.0,0.0,0.0,False,True,False,0,no_power,0.0,0.0,0.0,0.0,0.0,0.0,0.0,0.0
2024-12-27 05:00:00,0.0,0.0,0.0,False,True,False,0,no_power,0.0,0.0,0.0,0.0,0.0,0.0,0.0,0.0
2024-12-27 06:00:00,0.0,0.0,0.0,False,True,False,0,no_power,0.0,0.0,0.0,0.0,0.0,0.0,0.0,0.0
2024-12-27 07:00:00,0.0,0.0,0.0,False,True,False,0,no_power,0.0,0.0,0.0,0.0,0.0,0.0,0.0,0.0
2024-12-27 08:00:00,0.253,0.243,162.0,True,True,False,0,no_power,0.0,0.0,0.0,0.0,0.0,0.0,0.0,0.0
2024-12-27 09:00:00,0.371,0.357,76.0,True,True,False,0,no_power,0.0,0.0,0.0,0.0,0.0,0.0,0.0,0.0
2024-12-27 10:00:00,0.464,0.446,94.0,True,True,False,0,no_power,0.0,0.0,0.0,0.0,0.0,0.0,0.0,0.0
2024-12-27 11:00:00,1.599,1.535,387.0,True,True,True,1,ok,1.263,0.0,1.263,0.0,0.272,0.0,0.0,0.0
2024-12-27 12:00:00,1.563,1.501,347.0,True,True,True,2,ok,1.263,0.0,1.263,0.0,0.238,0.0,0.0,0.0
2024-12-27 13:00:00,1.365,1.311,300.0,True,True,True,3,ok,1.263,0.0,1.263,0.0,0.048,0.0,0.0,0.0
2024-12-27 14:00:00,1.361,1.306,316.0,True,True,True,4,ok,1.263,0.0,1.263,0.0,0.043,0.0,0.0,0.0
2024-12-27 15:00:00,0.5,0.48,102.0,True,True,False,4,no_power,0.0,0.0,0.0,0.0,0.0,0.0,0.0,0.0
2024-12-27 16:00:00,0.04,0.038,8.0,False,True,False,4,no_power,0.0,0.0,0.0,0.0,0.0,0.0,0.0,0.0
2024-12-27 17:00:00,0.204,0.196,42.0,True,True,False,4,no_power,0.0,0.0,0.0,0.0,0.0,0.0,0.0,0.0
2024-12-27 18:00:00,0.0,0.0,0.0,False,True,False,4,no_power,0.0,0.0,0.0,0.0,0.0,0.0,0.0,0.0
2024-12-27 19:00:00,0.0,0.0,0.0,False,True,False,4,no_power,0.0,0.0,0.0,0.0,0.0,0.0,0.0,0.0
2024-12-27 20:00:00,0.0,0.0,0.0,False,True,False,4,no_power,0.0,0.0,0.0,0.0,0.0,0.0,0.0,0.0
2024-12-27 21:00:00,0.0,0.0,0.0,False,True,False,4,no_power,0.0,0.0,0.0,0.0,0.0,0.0,0.0,0.0
2024-12-27 22:00:00,0.0,0.0,0.0,False,True,False,4,no_power,0.0,0.0,0.0,0.0,0.0,0.0,0.0,0.0
2024-12-27 23:00:00,0.0,0.0,0.0,False,True,False,4,no_power,0.0,0.0,0.0,0.0,0.0,0.0,0.0,0.0
2024-12-28 00:00:00,0.0,0.0,0.0,False,True,False,0,no_power,0.0,0.0,0.0,0.0,0.0,0.0,0.0,0.0
2024-12-28 01:00:00,0.0,0.0,0.0,False,True,False,0,no_power,0.0,0.0,0.0,0.0,0.0,0.0,0.0,0.0
2024-12-28 02:00:00,0.0,0.0,0.0,False,True,False,0,no_power,0.0,0.0,0.0,0.0,0.0,0.0,0.0,0.0
2024-12-28 03:00:00,0.0,0.0,0.0,False,True,False,0,no_power,0.0,0.0,0.0,0.0,0.0,0.0,0.0,0.0
2024-12-28 04:00:00,0.0,0.0,0.0,False,True,False,0,no_power,0.0,0.0,0.0,0.0,0.0,0.0,0.0,0.0
2024-12-28 05:00:00,0.0,0.0,0.0,False,True,False,0,no_power,0.0,0.0,0.0,0.0,0.0,0.0,0.0,0.0
2024-12-28 06:00:00,0.0,0.0,0.0,False,True,False,0,no_power,0.0,0.0,0.0,0.0,0.0,0.0,0.0,0.0
2024-12-28 07:00:00,0.0,0.0,0.0,False,True,False,0,no_power,0.0,0.0,0.0,0.0,0.0,0.0,0.0,0.0
2024-12-28 08:00:00,0.145,0.139,29.0,True,True,False,0,no_power,0.0,0.0,0.0,0.0,0.0,0.0,0.0,0.0
2024-12-28 09:00:00,0.169,0.162,34.0,True,True,False,0,no_power,0.0,0.0,0.0,0.0,0.0,0.0,0.0,0.0
2024-12-28 10:00:00,1.357,1.302,325.0,True,True,True,1,ok,1.263,0.0,1.263,0.0,0.039,0.0,0.0,0.0
2024-12-28 11:00:00,0.554,0.532,113.0,True,True,False,1,no_power,0.0,0.0,0.0,0.0,0.0,0.0,0.0,0.0
2024-12-28 12:00:00,0.849,0.815,174.0,True,True,False,1,no_power,0.0,0.0,0.0,0.0,0.0,0.0,0.0,0.0
2024-12-28 13:00:00,0.987,0.948,202.0,True,True,False,1,no_power,0.0,0.0,0.0,0.0,0.0,0.0,0.0,0.0
2024-12-28 14:00:00,0.808,0.776,165.0,True,True,False,1,no_power,0.0,0.0,0.0,0.0,0.0,0.0,0.0,0.0
2024-12-28 15:00:00,0.43,0.413,87.0,True,True,False,1,no_power,0.0,0.0,0.0,0.0,0.0,0.0,0.0,0.0
2024-12-28 16:00:00,0.312,0.3,63.0,True,True,False,1,no_power,0.0,0.0,0.0,0.0,0.0,0.0,0.0,0.0
2024-12-28 17:00:00,0.171,0.164,62.0,True,True,False,1,no_power,0.0,0.0,0.0,0.0,0.0,0.0,0.0,0.0
2024-12-28 18:00:00,0.0,0.0,0.0,False,True,False,1,no_power,0.0,0.0,0.0,0.0,0.0,0.0,0.0,0.0
2024-12-28 19:00:00,0.0,0.0,0.0,False,True,False,1,no_power,0.0,0.0,0.0,0.0,0.0,0.0,0.0,0.0
2024-12-28 20:00:00,0.0,0.0,0.0,False,True,False,1,no_power,0.0,0.0,0.0,0.0,0.0,0.0,0.0,0.0
2024-12-28 21:00:00,0.0,0.0,0.0,False,True,False,1,no_power,0.0,0.0,0.0,0.0,0.0,0.0,0.0,0.0
2024-12-28 22:00:00,0.0,0.0,0.0,False,True,False,1,no_power,0.0,0.0,0.0,0.0,0.0,0.0,0.0,0.0
2024-12-28 23:00:00,0.0,0.0,0.0,False,True,False,1,no_power,0.0,0.0,0.0,0.0,0.0,0.0,0.0,0.0
2024-12-29 00:00:00,0.0,0.0,0.0,False,True,False,0,no_power,0.0,0.0,0.0,0.0,0.0,0.0,0.0,0.0
2024-12-29 01:00:00,0.0,0.0,0.0,False,True,False,0,no_power,0.0,0.0,0.0,0.0,0.0,0.0,0.0,0.0
2024-12-29 02:00:00,0.0,0.0,0.0,False,True,False,0,no_power,0.0,0.0,0.0,0.0,0.0,0.0,0.0,0.0
2024-12-29 03:00:00,0.0,0.0,0.0,False,True,False,0,no_power,0.0,0.0,0.0,0.0,0.0,0.0,0.0,0.0
2024-12-29 04:00:00,0.0,0.0,0.0,False,True,False,0,no_power,0.0,0.0,0.0,0.0,0.0,0.0,0.0,0.0
2024-12-29 05:00:00,0.0,0.0,0.0,False,True,False,0,no_power,0.0,0.0,0.0,0.0,0.0,0.0,0.0,0.0
2024-12-29 06:00:00,0.0,0.0,0.0,False,True,False,0,no_power,0.0,0.0,0.0,0.0,0.0,0.0,0.0,0.0
2024-12-29 07:00:00,0.0,0.0,0.0,False,True,False,0,no_power,0.0,0.0,0.0,0.0,0.0,0.0,0.0,0.0
2024-12-29 08:00:00,0.348,0.334,71.0,True,True,False,0,no_power,0.0,0.0,0.0,0.0,0.0,0.0,0.0,0.0
2024-12-29 09:00:00,0.932,0.895,212.0,True,True,False,0,no_power,0.0,0.0,0.0,0.0,0.0,0.0,0.0,0.0
2024-12-29 10:00:00,0.784,0.753,161.0,True,True,False,0,no_power,0.0,0.0,0.0,0.0,0.0,0.0,0.0,0.0
2024-12-29 11:00:00,0.748,0.718,153.0,True,True,False,0,no_power,0.0,0.0,0.0,0.0,0.0,0.0,0.0,0.0
2024-12-29 12:00:00,1.479,1.42,316.0,True,True,True,1,ok,1.263,0.0,1.263,0.0,0.157,0.0,0.0,0.0
2024-12-29 13:00:00,0.824,0.791,168.0,True,True,False,1,no_power,0.0,0.0,0.0,0.0,0.0,0.0,0.0,0.0
2024-12-29 14:00:00,0.788,0.757,162.0,True,True,False,1,no_power,0.0,0.0,0.0,0.0,0.0,0.0,0.0,0.0
2024-12-29 15:00:00,0.407,0.391,82.0,True,True,False,1,no_power,0.0,0.0,0.0,0.0,0.0,0.0,0.0,0.0
2024-12-29 16:00:00,0.135,0.129,27.0,True,True,False,1,no_power,0.0,0.0,0.0,0.0,0.0,0.0,0.0,0.0
2024-12-29 17:00:00,0.186,0.178,62.0,True,True,False,1,no_power,0.0,0.0,0.0,0.0,0.0,0.0,0.0,0.0
2024-12-29 18:00:00,0.0,0.0,0.0,False,True,False,1,no_power,0.0,0.0,0.0,0.0,0.0,0.0,0.0,0.0
2024-12-29 19:00:00,0.0,0.0,0.0,False,True,False,1,no_power,0.0,0.0,0.0,0.0,0.0,0.0,0.0,0.0
2024-12-29 20:00:00,0.0,0.0,0.0,False,True,False,1,no_power,0.0,0.0,0.0,0.0,0.0,0.0,0.0,0.0
2024-12-29 21:00:00,0.0,0.0,0.0,False,True,False,1,no_power,0.0,0.0,0.0,0.0,0.0,0.0,0.0,0.0
2024-12-29 22:00:00,0.0,0.0,0.0,False,True,False,1,no_power,0.0,0.0,0.0,0.0,0.0,0.0,0.0,0.0
2024-12-29 23:00:00,0.0,0.0,0.0,False,True,False,1,no_power,0.0,0.0,0.0,0.0,0.0,0.0,0.0,0.0
2024-12-30 00:00:00,0.0,0.0,0.0,False,True,False,0,no_power,0.0,0.0,0.0,0.0,0.0,0.0,0.0,0.0
2024-12-30 01:00:00,0.0,0.0,0.0,False,True,False,0,no_power,0.0,0.0,0.0,0.0,0.0,0.0,0.0,0.0
2024-12-30 02:00:00,0.0,0.0,0.0,False,True,False,0,no_power,0.0,0.0,0.0,0.0,0.0,0.0,0.0,0.0
2024-12-30 03:00:00,0.0,0.0,0.0,False,True,False,0,no_power,0.0,0.0,0.0,0.0,0.0,0.0,0.0,0.0
2024-12-30 04:00:00,0.0,0.0,0.0,False,True,False,0,no_power,0.0,0.0,0.0,0.0,0.0,0.0,0.0,0.0
2024-12-30 05:00:00,0.0,0.0,0.0,False,True,False,0,no_power,0.0,0.0,0.0,0.0,0.0,0.0,0.0,0.0
2024-12-30 06:00:00,0.0,0.0,0.0,False,True,False,0,no_power,0.0,0.0,0.0,0.0,0.0,0.0,0.0,0.0
2024-12-30 07:00:00,0.0,0.0,0.0,False,True,False,0,no_power,0.0,0.0,0.0,0.0,0.0,0.0,0.0,0.0
2024-12-30 08:00:00,0.283,0.272,156.0,True,True,False,0,no_power,0.0,0.0,0.0,0.0,0.0,0.0,0.0,0.0
2024-12-30 09:00:00,0.766,0.736,348.0,True,True,False,0,no_power,0.0,0.0,0.0,0.0,0.0,0.0,0.0,0.0
2024-12-30 10:00:00,1.276,1.225,517.0,True,True,False,0,no_power,0.0,0.0,0.0,0.0,0.0,0.0,0.0,0.0
2024-12-30 11:00:00,1.646,1.58,631.0,True,True,True,1,ok,1.263,0.0,1.263,0.0,0.317,0.0,0.0,0.0
2024-12-30 12:00:00,1.816,1.743,680.0,True,True,True,2,ok,1.263,0.0,1.263,0.0,0.48,0.0,0.0,0.0
2024-12-30 13:00:00,1.772,1.701,528.0,True,True,True,3,ok,1.263,0.0,1.263,0.0,0.438,0.0,0.0,0.0
2024-12-30 14:00:00,1.395,1.339,319.0,True,True,True,4,ok,1.263,0.0,1.263,0.0,0.076,0.0,0.0,0.0
2024-12-30 15:00:00,1.125,1.08,279.0,True,True,False,4,no_power,0.0,0.0,0.0,0.0,0.0,0.0,0.0,0.0
2024-12-30 16:00:00,0.442,0.424,92.0,True,True,False,4,no_power,0.0,0.0,0.0,0.0,0.0,0.0,0.0,0.0
2024-12-30 17:00:00,0.045,0.043,9.0,False,True,False,4,no_power,0.0,0.0,0.0,0.0,0.0,0.0,0.0,0.0
2024-12-30 18:00:00,0.0,0.0,0.0,False,True,False,4,no_power,0.0,0.0,0.0,0.0,0.0,0.0,0.0,0.0
2024-12-30 19:00:00,0.0,0.0,0.0,False,True,False,4,no_power,0.0,0.0,0.0,0.0,0.0,0.0,0.0,0.0
2024-12-30 20:00:00,0.0,0.0,0.0,False,True,False,4,no_power,0.0,0.0,0.0,0.0,0.0,0.0,0.0,0.0
2024-12-30 21:00:00,0.0,0.0,0.0,False,True,False,4,no_power,0.0,0.0,0.0,0.0,0.0,0.0,0.0,0.0
2024-12-30 22:00:00,0.0,0.0,0.0,False,True,False,4,no_power,0.0,0.0,0.0,0.0,0.0,0.0,0.0,0.0
2024-12-30 23:00:00,0.0,0.0,0.0,False,True,False,4,no_power,0.0,0.0,0.0,0.0,0.0,0.0,0.0,0.0
2024-12-31 00:00:00,0.0,0.0,0.0,False,True,False,0,no_power,0.0,0.0,0.0,0.0,0.0,0.0,0.0,0.0
2024-12-31 01:00:00,0.0,0.0,0.0,False,True,False,0,no_power,0.0,0.0,0.0,0.0,0.0,0.0,0.0,0.0
2024-12-31 02:00:00,0.0,0.0,0.0,False,True,False,0,no_power,0.0,0.0,0.0,0.0,0.0,0.0,0.0,0.0
2024-12-31 03:00:00,0.0,0.0,0.0,False,True,False,0,no_power,0.0,0.0,0.0,0.0,0.0,0.0,0.0,0.0
2024-12-31 04:00:00,0.0,0.0,0.0,False,True,False,0,no_power,0.0,0.0,0.0,0.0,0.0,0.0,0.0,0.0
2024-12-31 05:00:00,0.0,0.0,0.0,False,True,False,0,no_power,0.0,0.0,0.0,0.0,0.0,0.0,0.0,0.0
2024-12-31 06:00:00,0.0,0.0,0.0,False,True,False,0,no_power,0.0,0.0,0.0,0.0,0.0,0.0,0.0,0.0
2024-12-31 07:00:00,0.0,0.0,0.0,False,True,False,0,no_power,0.0,0.0,0.0,0.0,0.0,0.0,0.0,0.0
2024-12-31 08:00:00,0.461,0.442,94.0,True,True,False,0,no_power,0.0,0.0,0.0,0.0,0.0,0.0,0.0,0.0
2024-12-31 09:00:00,0.729,0.7,362.0,True,True,False,0,no_power,0.0,0.0,0.0,0.0,0.0,0.0,0.0,0.0
2024-12-31 10:00:00,1.263,1.212,530.0,True,True,False,0,no_power,0.0,0.0,0.0,0.0,0.0,0.0,0.0,0.0
2024-12-31 11:00:00,1.634,1.569,645.0,True,True,True,1,ok,1.263,0.0,1.263,0.0,0.306,0.0,0.0,0.0
2024-12-31 12:00:00,1.808,1.735,698.0,True,True,True,2,ok,1.263,0.0,1.263,0.0,0.472,0.0,0.0,0.0
2024-12-31 13:00:00,1.682,1.615,375.0,True,True,True,3,ok,1.263,0.0,1.263,0.0,0.352,0.0,0.0,0.0
2024-12-31 14:00:00,1.581,1.518,421.0,True,True,True,4,ok,1.263,0.0,1.263,0.0,0.255,0.0,0.0,0.0
2024-12-31 15:00:00,1.184,1.137,307.0,True,True,False,4,no_power,0.0,0.0,0.0,0.0,0.0,0.0,0.0,0.0
2024-12-31 16:00:00,0.68,0.653,159.0,True,True,False,4,no_power,0.0,0.0,0.0,0.0,0.0,0.0,0.0,0.0
2024-12-31 17:00:00,0.04,0.038,8.0,False,True,False,4,no_power,0.0,0.0,0.0,0.0,0.0,0.0,0.0,0.0
2024-12-31 18:00:00,0.0,0.0,0.0,False,True,False,4,no_power,0.0,0.0,0.0,0.0,0.0,0.0,0.0,0.0
2024-12-31 19:00:00,0.0,0.0,0.0,False,True,False,4,no_power,0.0,0.0,0.0,0.0,0.0,0.0,0.0,0.0
2024-12-31 20:00:00,0.0,0.0,0.0,False,True,False,4,no_power,0.0,0.0,0.0,0.0,0.0,0.0,0.0,0.0
2024-12-31 21:00:00,0.0,0.0,0.0,False,True,False,4,no_power,0.0,0.0,0.0,0.0,0.0,0.0,0.0,0.0
2024-12-31 22:00:00,0.0,0.0,0.0,False,True,False,4,no_power,0.0,0.0,0.0,0.0,0.0,0.0,0.0,0.0
2024-12-31 23:00:00,0.0,0.0,0.0,False,True,False,4,no_power,0.0,0.0,0.0,0.0,0.0,0.0,0.0,0.0
