datetime_local,DNI_W_m2,DHI_W_m2,GHI_W_m2,solar_zenith_nsrdb_deg,solar_zenith_calc_deg,solar_azimuth_deg,AOI_deg,G_tilted_W_m2,T_amb_C,T_cell_C,P_dc_W,P_dc_kW,cloud_type,fill_flag
2022-01-01T00:00:00,0.0,0.0,0.0,175.94,176.038,0.0,160.06,0.0,24.4,24.4,0.0,0.0,0,0
2022-01-01T01:00:00,0.0,0.0,0.0,169.68,169.565,0.0,166.32,0.0,24.3,24.3,0.0,0.0,0,0
2022-01-01T02:00:00,0.0,0.0,0.0,156.12,155.998,0.0,179.88,0.0,24.3,24.3,0.0,0.0,0,0
2022-01-01T03:00:00,0.0,0.0,0.0,142.55,142.428,0.0,166.55,0.0,24.2,24.2,0.0,0.0,0,0
2022-01-01T04:00:00,0.0,0.0,0.0,129.09,128.967,0.0,153.09,0.0,24.3,24.3,0.0,0.0,0,0
2022-01-01T05:00:00,0.0,0.0,0.0,115.82,115.693,0.0,139.82,0.0,24.4,24.4,0.0,0.0,0,0
2022-01-01T06:00:00,0.0,0.0,0.0,102.83,102.704,0.0,126.83,0.0,24.4,24.4,0.0,0.0,0,0
2022-01-01T07:00:00,0.0,0.0,0.0,89.76,90.145,0.0,113.76,0.0,24.7,24.7,0.0,0.0,0,0
2022-01-01T08:00:00,600.0,46.0,168.0,78.27,78.242,57.499,91.619,45.46,25.4,26.82,233.27,0.2333,0,0
2022-01-01T09:00:00,785.0,65.0,366.0,67.41,67.359,48.598,84.113,145.87,25.8,30.36,739.13,0.7391,1,0
2022-01-01T10:00:00,883.0,71.0,537.0,58.12,58.085,37.073,78.059,255.28,26.2,34.18,1275.85,1.2758,1,0
2022-01-01T11:00:00,926.0,75.0,654.0,51.31,51.311,22.306,73.898,334.23,26.4,36.84,1654.35,1.6543,1,0
2022-01-01T12:00:00,945.0,77.0,709.0,48.06,48.111,4.67,71.999,371.83,26.6,38.22,1831.2,1.8312,0,0
2022-01-01T13:00:00,940.0,77.0,693.0,49.08,49.191,346.308,72.556,361.45,26.7,38.0,1781.53,1.7815,0,0
2022-01-01T14:00:00,916.0,72.0,609.0,54.14,54.295,329.943,75.531,303.01,26.7,36.17,1503.52,1.5035,0,0
2022-01-01T15:00:00,861.0,64.0,466.0,62.24,62.441,316.827,80.618,205.61,26.6,33.03,1031.92,1.0319,0,0
2022-01-01T16:00:00,748.0,53.0,279.0,72.37,72.605,306.704,87.42,86.79,26.3,29.01,441.85,0.4418,0,0
2022-01-01T17:00:00,458.0,30.0,80.0,83.72,84.052,298.817,95.448,29.39,25.5,26.42,151.03,0.151,0,0
2022-01-01T18:00:00,0.0,0.0,0.0,96.11,96.316,0.0,120.11,0.0,25.1,25.1,0.0,0.0,0,0
2022-01-01T19:00:00,0.0,0.0,0.0,108.9,109.11,0.0,132.9,0.0,24.8,24.8,0.0,0.0,0,0
2022-01-01T20:00:00,0.0,0.0,0.0,122.04,122.255,0.0,146.04,0.0,24.7,24.7,0.0,0.0,0,0
2022-01-01T21:00:00,0.0,0.0,0.0,135.41,135.633,0.0,159.41,0.0,24.5,24.5,0.0,0.0,0,0
2022-01-01T22:00:00,0.0,0.0,0.0,148.93,149.157,0.0,172.93,0.0,24.4,24.4,0.0,0.0,0,0
2022-01-01T23:00:00,0.0,0.0,0.0,162.52,162.749,0.0,173.48,0.0,24.3,24.3,0.0,0.0,0,0
2022-01-02T00:00:00,0.0,0.0,0.0,175.8,175.908,0.0,160.2,0.0,24.2,24.2,0.0,0.0,0,0
2022-01-02T01:00:00,0.0,0.0,0.0,169.76,169.647,0.0,166.24,0.0,24.1,24.1,0.0,0.0,0,0
2022-01-02T02:00:00,0.0,0.0,0.0,156.21,156.086,0.0,179.79,0.0,24.1,24.1,0.0,0.0,0,0
2022-01-02T03:00:00,0.0,0.0,0.0,142.64,142.513,0.0,166.64,0.0,24.0,24.0,0.0,0.0,0,0
2022-01-02T04:00:00,0.0,0.0,0.0,129.18,129.047,0.0,153.18,0.0,24.0,24.0,0.0,0.0,0,0
2022-01-02T05:00:00,0.0,0.0,0.0,115.89,115.766,0.0,139.89,0.0,24.1,24.1,0.0,0.0,0,0
2022-01-02T06:00:00,0.0,0.0,0.0,102.89,102.769,0.0,126.89,0.0,24.2,24.2,0.0,0.0,0,0
2022-01-02T07:00:00,0.0,0.0,0.0,89.81,90.2,0.0,113.81,0.0,24.5,24.5,0.0,0.0,0,0
2022-01-02T08:00:00,603.0,47.0,169.0,78.32,78.283,57.627,91.623,46.43,25.1,26.55,238.45,0.2384,0,0
2022-01-02T09:00:00,790.0,65.0,369.0,67.43,67.381,48.738,84.092,146.7,25.5,30.08,744.03,0.744,0,0
2022-01-02T10:00:00,900.0,66.0,541.0,58.11,58.081,37.228,78.016,254.7,25.8,33.76,1274.88,1.2749,0,0
2022-01-02T11:00:00,941.0,70.0,659.0,51.27,51.275,22.467,73.838,334.6,26.1,36.56,1657.89,1.6579,0,0
2022-01-02T12:00:00,953.0,73.0,711.0,47.98,48.039,4.817,71.916,371.82,26.3,37.92,1833.16,1.8332,0,0
2022-01-02T13:00:00,952.0,69.0,695.0,48.97,49.088,346.416,72.455,359.01,26.4,37.62,1771.97,1.772,0,0
2022-01-02T14:00:00,927.0,66.0,611.0,54.01,54.174,330.004,75.415,301.87,26.4,35.83,1499.66,1.4997,0,0
2022-01-02T15:00:00,874.0,59.0,468.0,62.11,62.311,316.852,80.5,204.75,26.4,32.8,1028.43,1.0284,0,0
2022-01-02T16:00:00,762.0,49.0,282.0,72.23,72.474,306.703,87.288,85.38,26.2,28.87,434.89,0.4349,0,0
2022-01-02T17:00:00,485.0,28.0,82.0,83.59,83.922,298.799,95.321,27.5,25.7,26.56,141.22,0.1412,0,0
2022-01-02T18:00:00,0.0,0.0,0.0,95.97,96.188,0.0,119.97,0.0,25.4,25.4,0.0,0.0,0,0
2022-01-02T19:00:00,0.0,0.0,0.0,108.77,108.986,0.0,132.77,0.0,25.2,25.2,0.0,0.0,0,0
2022-01-02T20:00:00,0.0,0.0,0.0,121.91,122.134,0.0,145.91,0.0,25.0,25.0,0.0,0.0,0,0
2022-01-02T21:00:00,0.0,0.0,0.0,135.29,135.515,0.0,159.29,0.0,24.8,24.8,0.0,0.0,0,0
2022-01-02T22:00:00,0.0,0.0,0.0,148.81,149.041,0.0,172.81,0.0,24.7,24.7,0.0,0.0,0,0
2022-01-02T23:00:00,0.0,0.0,0.0,162.4,162.633,0.0,173.6,0.0,24.7,24.7,0.0,0.0,1,0
2022-01-03T00:00:00,0.0,0.0,0.0,175.66,175.776,0.0,160.34,0.0,24.6,24.6,0.0,0.0,0,0
2022-01-03T01:00:00,0.0,0.0,0.0,169.85,169.725,0.0,166.15,0.0,24.3,24.3,0.0,0.0,0,0
2022-01-03T02:00:00,0.0,0.0,0.0,156.3,156.17,0.0,179.7,0.0,24.2,24.2,0.0,0.0,0,0
2022-01-03T03:00:00,0.0,0.0,0.0,142.73,142.595,0.0,166.73,0.0,24.0,24.0,0.0,0.0,1,0
2022-01-03T04:00:00,0.0,0.0,0.0,129.26,129.124,0.0,153.26,0.0,23.8,23.8,0.0,0.0,0,0
2022-01-03T05:00:00,0.0,0.0,0.0,115.97,115.837,0.0,139.97,0.0,23.6,23.6,0.0,0.0,0,0
2022-01-03T06:00:00,0.0,0.0,0.0,102.96,102.831,0.0,126.96,0.0,23.5,23.5,0.0,0.0,0,0
2022-01-03T07:00:00,0.0,0.0,0.0,89.85,90.251,0.0,113.85,0.0,23.8,23.8,0.0,0.0,0,0
2022-01-03T08:00:00,640.0,41.0,171.0,78.35,78.319,57.759,91.607,40.71,24.6,25.87,209.55,0.2096,0,0
2022-01-03T09:00:00,227.0,199.0,287.0,67.45,67.397,48.883,84.07,216.33,25.2,31.96,1089.87,1.0899,2,0
2022-01-03T10:00:00,904.0,66.0,543.0,58.1,58.072,37.386,77.972,256.22,25.9,33.91,1281.81,1.2818,0,0
2022-01-03T11:00:00,942.0,72.0,662.0,51.22,51.232,22.631,73.768,337.92,26.1,36.66,1673.72,1.6737,0,0
2022-01-03T12:00:00,949.0,77.0,714.0,47.89,47.96,4.964,71.822,375.91,26.3,38.05,1852.45,1.8525,0,0
2022-01-03T13:00:00,941.0,77.0,696.0,48.85,48.979,346.52,72.343,365.1,26.3,37.71,1801.44,1.8014,1,0
2022-01-03T14:00:00,909.0,75.0,611.0,53.87,54.047,330.06,75.287,307.9,26.2,35.82,1529.69,1.5297,0,0
2022-01-03T15:00:00,848.0,68.0,467.0,61.96,62.178,316.87,80.36,211.1,26.0,32.6,1061.07,1.0611,0,0
2022-01-03T16:00:00,724.0,56.0,279.0,72.09,72.34,306.696,87.153,91.95,25.7,28.57,468.85,0.4689,0,0
2022-01-03T17:00:00,429.0,32.0,80.0,83.45,83.79,298.775,95.181,31.31,25.1,26.08,161.06,0.1611,0,0
2022-01-03T18:00:00,0.0,0.0,0.0,95.84,96.059,0.0,119.84,0.0,24.7,24.7,0.0,0.0,0,0
2022-01-03T19:00:00,0.0,0.0,0.0,108.63,108.86,0.0,132.63,0.0,24.6,24.6,0.0,0.0,0,0
2022-01-03T20:00:00,0.0,0.0,0.0,121.78,122.012,0.0,145.78,0.0,24.4,24.4,0.0,0.0,1,0
2022-01-03T21:00:00,0.0,0.0,0.0,135.16,135.395,0.0,159.16,0.0,24.2,24.2,0.0,0.0,3,0
2022-01-03T22:00:00,0.0,0.0,0.0,148.69,148.925,0.0,172.69,0.0,23.9,23.9,0.0,0.0,3,0
2022-01-03T23:00:00,0.0,0.0,0.0,162.27,162.517,0.0,173.73,0.0,23.5,23.5,0.0,0.0,3,0
2022-01-04T00:00:00,0.0,0.0,0.0,175.52,175.64,0.0,160.48,0.0,23.2,23.2,0.0,0.0,3,0
2022-01-04T01:00:00,0.0,0.0,0.0,169.92,169.799,0.0,166.08,0.0,23.0,23.0,0.0,0.0,3,0
2022-01-04T02:00:00,0.0,0.0,0.0,156.38,156.252,0.0,179.62,0.0,22.9,22.9,0.0,0.0,3,0
2022-01-04T03:00:00,0.0,0.0,0.0,142.81,142.675,0.0,166.81,0.0,22.8,22.8,0.0,0.0,3,0
2022-01-04T04:00:00,0.0,0.0,0.0,129.33,129.199,0.0,153.33,0.0,22.6,22.6,0.0,0.0,3,0
2022-01-04T05:00:00,0.0,0.0,0.0,116.04,115.904,0.0,140.04,0.0,22.5,22.5,0.0,0.0,3,0
2022-01-04T06:00:00,0.0,0.0,0.0,103.02,102.889,0.0,127.02,0.0,22.5,22.5,0.0,0.0,3,0
2022-01-04T07:00:00,0.0,0.0,0.0,89.89,90.297,0.0,113.89,0.0,22.6,22.6,0.0,0.0,1,0
2022-01-04T08:00:00,0.0,18.0,18.0,78.38,78.351,57.897,91.589,17.38,22.9,23.44,90.22,0.0902,3,0
2022-01-04T09:00:00,0.0,13.0,13.0,67.45,67.409,49.033,84.027,12.55,23.1,23.49,65.15,0.0651,3,0
2022-01-04T10:00:00,0.0,69.0,69.0,58.08,58.056,37.548,77.918,66.61,23.3,25.38,343.52,0.3435,3,0
2022-01-04T11:00:00,0.0,105.0,105.0,51.16,51.182,22.797,73.688,101.37,23.5,26.67,520.39,0.5204,3,0
2022-01-04T12:00:00,0.0,93.0,93.0,47.8,47.874,5.111,71.728,89.78,23.6,26.41,461.34,0.4613,3,0
2022-01-04T13:00:00,1.0,220.0,221.0,48.72,48.864,346.622,72.222,212.71,23.6,30.25,1078.19,1.0782,3,0
2022-01-04T14:00:00,0.0,115.0,115.0,53.73,53.915,330.112,75.159,111.02,23.7,27.17,568.94,0.5689,3,0
2022-01-04T15:00:00,0.0,72.0,72.0,61.81,62.04,316.883,80.22,69.51,23.7,25.87,357.84,0.3578,3,0
2022-01-04T16:00:00,0.0,14.0,14.0,71.94,72.202,306.682,87.007,13.52,23.6,24.02,70.03,0.07,3,0
2022-01-04T17:00:00,0.0,43.0,43.0,83.3,83.655,298.744,95.03,41.51,23.4,24.7,214.59,0.2146,3,7
2022-01-04T18:00:00,0.0,0.0,0.0,95.7,95.928,0.0,119.7,0.0,23.4,23.4,0.0,0.0,1,0
2022-01-04T19:00:00,0.0,0.0,0.0,108.5,108.733,0.0,132.5,0.0,23.4,23.4,0.0,0.0,0,0
2022-01-04T20:00:00,0.0,0.0,0.0,121.65,121.889,0.0,145.65,0.0,23.3,23.3,0.0,0.0,3,0
2022-01-04T21:00:00,0.0,0.0,0.0,135.03,135.276,0.0,159.03,0.0,23.3,23.3,0.0,0.0,0,0
2022-01-04T22:00:00,0.0,0.0,0.0,148.56,148.808,0.0,172.56,0.0,23.2,23.2,0.0,0.0,3,0
2022-01-04T23:00:00,0.0,0.0,0.0,162.15,162.4,0.0,173.85,0.0,23.1,23.1,0.0,0.0,0,0
2022-01-05T00:00:00,0.0,0.0,0.0,175.37,175.502,0.0,160.63,0.0,23.1,23.1,0.0,0.0,0,0
2022-01-05T01:00:00,0.0,0.0,0.0,169.99,169.869,0.0,166.01,0.0,23.1,23.1,0.0,0.0,0,0
2022-01-05T02:00:00,0.0,0.0,0.0,156.47,156.332,0.0,179.53,0.0,23.1,23.1,0.0,0.0,0,0
2022-01-05T03:00:00,0.0,0.0,0.0,142.89,142.752,0.0,166.89,0.0,23.1,23.1,0.0,0.0,0,0
2022-01-05T04:00:00,0.0,0.0,0.0,129.41,129.27,0.0,153.41,0.0,23.1,23.1,0.0,0.0,0,0
2022-01-05T05:00:00,0.0,0.0,0.0,116.1,115.968,0.0,140.1,0.0,23.1,23.1,0.0,0.0,0,0
2022-01-05T06:00:00,0.0,0.0,0.0,103.07,102.944,0.0,127.07,0.0,23.1,23.1,0.0,0.0,0,0
2022-01-05T07:00:00,0.0,0.0,0.0,89.93,90.34,0.0,113.93,0.0,23.4,23.4,0.0,0.0,0,0
2022-01-05T08:00:00,606.0,43.0,164.0,78.41,78.378,58.039,91.569,42.56,23.9,25.23,219.59,0.2196,0,0
2022-01-05T09:00:00,800.0,57.0,364.0,67.46,67.415,49.187,83.993,141.41,24.2,28.62,720.93,0.7209,0,0
2022-01-05T10:00:00,886.0,64.0,533.0,58.05,58.035,37.714,77.853,252.27,24.5,32.38,1268.98,1.269,0,0
2022-01-05T11:00:00,927.0,67.0,649.0,51.1,51.127,22.965,73.607,331.33,24.8,35.15,1650.12,1.6501,0,0
2022-01-05T12:00:00,944.0,67.0,703.0,47.69,47.782,5.257,71.614,367.94,25.0,36.5,1823.5,1.8235,1,0
2022-01-05T13:00:00,382.0,312.0,565.0,48.59,48.743,346.721,72.1,420.81,25.2,38.35,2071.43,2.0714,3,0
2022-01-05T14:00:00,910.0,68.0,608.0,53.58,53.778,330.158,75.02,305.53,25.3,34.85,1523.3,1.5233,0,0
2022-01-05T15:00:00,854.0,61.0,467.0,61.66,61.897,316.889,80.077,209.56,25.3,31.85,1056.18,1.0562,0,0
2022-01-05T16:00:00,743.0,51.0,283.0,71.79,72.061,306.663,86.86,91.94,25.3,28.17,469.5,0.4695,0,0
2022-01-05T17:00:00,0.0,40.0,40.0,83.16,83.517,298.707,94.886,38.62,25.0,26.21,198.56,0.1986,3,7
2022-01-05T18:00:00,0.0,0.0,0.0,95.56,95.795,0.0,119.56,0.0,24.7,24.7,0.0,0.0,3,0
2022-01-05T19:00:00,0.0,0.0,0.0,108.36,108.604,0.0,132.36,0.0,24.6,24.6,0.0,0.0,3,0
2022-01-05T20:00:00,0.0,0.0,0.0,121.52,121.764,0.0,145.52,0.0,24.5,24.5,0.0,0.0,1,0
2022-01-05T21:00:00,0.0,0.0,0.0,134.91,135.155,0.0,158.91,0.0,24.4,24.4,0.0,0.0,0,0
2022-01-05T22:00:00,0.0,0.0,0.0,148.44,148.69,0.0,172.44,0.0,24.3,24.3,0.0,0.0,0,0
2022-01-05T23:00:00,0.0,0.0,0.0,162.03,162.282,0.0,173.97,0.0,24.1,24.1,0.0,0.0,0,0
2022-01-06T00:00:00,0.0,0.0,0.0,175.22,175.361,0.0,160.78,0.0,24.0,24.0,0.0,0.0,0,0
2022-01-06T01:00:00,0.0,0.0,0.0,170.06,169.935,0.0,165.94,0.0,23.9,23.9,0.0,0.0,0,0
2022-01-06T02:00:00,0.0,0.0,0.0,156.54,156.408,0.0,179.46,0.0,23.8,23.8,0.0,0.0,0,0
2022-01-06T03:00:00,0.0,0.0,0.0,142.96,142.826,0.0,166.96,0.0,23.7,23.7,0.0,0.0,0,0
2022-01-06T04:00:00,0.0,0.0,0.0,129.48,129.339,0.0,153.48,0.0,23.7,23.7,0.0,0.0,0,0
2022-01-06T05:00:00,0.0,0.0,0.0,116.16,116.029,0.0,140.16,0.0,23.6,23.6,0.0,0.0,0,0
2022-01-06T06:00:00,0.0,0.0,0.0,103.12,102.995,0.0,127.12,0.0,23.6,23.6,0.0,0.0,0,0
2022-01-06T07:00:00,0.0,0.0,0.0,89.96,90.379,0.0,113.96,0.0,23.9,23.9,0.0,0.0,0,0
2022-01-06T08:00:00,613.0,41.0,164.0,78.43,78.4,58.187,91.537,40.65,24.4,25.67,209.39,0.2094,0,0
2022-01-06T09:00:00,796.0,58.0,363.0,67.45,67.416,49.345,83.938,142.69,24.8,29.26,725.85,0.7258,0,0
2022-01-06T10:00:00,875.0,68.0,532.0,58.02,58.008,37.883,77.788,254.75,25.2,33.16,1277.9,1.2779,0,0
2022-01-06T11:00:00,916.0,73.0,649.0,51.03,51.065,23.135,73.516,335.37,25.5,35.98,1665.19,1.6652,0,0
2022-01-06T12:00:00,934.0,74.0,704.0,47.58,47.683,5.403,71.499,373.26,25.8,37.46,1843.33,1.8433,1,0
2022-01-06T13:00:00,920.0,78.0,688.0,48.45,48.615,346.817,71.967,365.37,25.9,37.32,1805.35,1.8053,0,0
2022-01-06T14:00:00,894.0,74.0,607.0,53.42,53.635,330.2,74.871,309.38,25.9,35.57,1538.46,1.5385,0,0
2022-01-06T15:00:00,838.0,67.0,467.0,61.5,61.751,316.89,79.924,214.75,25.9,32.61,1079.39,1.0794,0,0
2022-01-06T16:00:00,724.0,55.0,283.0,71.63,71.916,306.637,86.701,96.74,25.6,28.62,493.2,0.4932,0,0
2022-01-06T17:00:00,454.0,32.0,87.0,83.01,83.377,298.664,94.731,31.37,25.2,26.18,161.31,0.1613,0,0
2022-01-06T18:00:00,0.0,0.0,0.0,95.41,95.66,0.0,119.41,0.0,25.0,25.0,0.0,0.0,0,0
2022-01-06T19:00:00,0.0,0.0,0.0,108.22,108.475,0.0,132.22,0.0,24.9,24.9,0.0,0.0,0,0
2022-01-06T20:00:00,0.0,0.0,0.0,121.39,121.639,0.0,145.39,0.0,24.7,24.7,0.0,0.0,0,0
2022-01-06T21:00:00,0.0,0.0,0.0,134.78,135.034,0.0,158.78,0.0,24.6,24.6,0.0,0.0,0,0
2022-01-06T22:00:00,0.0,0.0,0.0,148.32,148.572,0.0,172.32,0.0,24.5,24.5,0.0,0.0,0,0
2022-01-06T23:00:00,0.0,0.0,0.0,161.9,162.164,0.0,174.1,0.0,24.3,24.3,0.0,0.0,0,0
2022-01-07T00:00:00,0.0,0.0,0.0,175.07,175.217,0.0,160.93,0.0,24.2,24.2,0.0,0.0,0,0
2022-01-07T01:00:00,0.0,0.0,0.0,170.12,169.996,0.0,165.88,0.0,24.0,24.0,0.0,0.0,0,0
2022-01-07T02:00:00,0.0,0.0,0.0,156.62,156.482,0.0,179.38,0.0,23.8,23.8,0.0,0.0,0,0
2022-01-07T03:00:00,0.0,0.0,0.0,143.04,142.897,0.0,167.04,0.0,23.7,23.7,0.0,0.0,0,0
2022-01-07T04:00:00,0.0,0.0,0.0,129.54,129.404,0.0,153.54,0.0,23.5,23.5,0.0,0.0,0,0
2022-01-07T05:00:00,0.0,0.0,0.0,116.22,116.087,0.0,140.22,0.0,23.5,23.5,0.0,0.0,0,0
2022-01-07T06:00:00,0.0,0.0,0.0,103.17,103.043,0.0,127.17,0.0,23.4,23.4,0.0,0.0,3,0
2022-01-07T07:00:00,0.0,0.0,0.0,89.98,90.414,0.0,113.98,0.0,23.7,23.7,0.0,0.0,0,0
2022-01-07T08:00:00,600.0,42.0,162.0,78.44,78.418,58.34,91.495,41.59,24.2,25.5,214.36,0.2144,0,0
2022-01-07T09:00:00,786.0,58.0,360.0,67.45,67.412,49.508,83.891,142.25,24.5,28.95,724.4,0.7244,0,0
2022-01-07T10:00:00,871.0,66.0,528.0,57.98,57.975,38.057,77.711,253.09,24.9,32.81,1271.18,1.2712,0,0
2022-01-07T11:00:00,912.0,70.0,645.0,50.95,50.997,23.308,73.415,332.87,25.5,35.9,1653.28,1.6533,0,0
2022-01-07T12:00:00,0.0,91.0,91.0,47.47,47.578,5.549,71.385,87.85,25.9,28.65,447.86,0.4479,2,0
2022-01-07T13:00:00,234.0,355.0,510.0,48.31,48.482,346.909,71.835,417.02,26.2,39.23,2046.1,2.0461,3,0
2022-01-07T14:00:00,891.0,72.0,605.0,53.26,53.488,330.236,74.721,308.92,26.4,36.05,1533.47,1.5335,0,0
2022-01-07T15:00:00,0.0,8.0,8.0,61.34,61.601,316.885,79.769,7.72,26.4,26.64,39.65,0.0397,8,7
2022-01-07T16:00:00,724.0,53.0,284.0,71.48,71.769,306.606,86.549,96.75,26.3,29.32,492.02,0.492,0,0
2022-01-07T17:00:00,458.0,31.0,88.0,82.87,83.235,298.615,94.583,30.42,25.8,26.75,156.12,0.1561,0,0
2022-01-07T18:00:00,0.0,0.0,0.0,95.27,95.523,0.0,119.27,0.0,25.5,25.5,0.0,0.0,0,0
2022-01-07T19:00:00,0.0,0.0,0.0,108.09,108.344,0.0,132.09,0.0,25.3,25.3,0.0,0.0,0,0
2022-01-07T20:00:00,0.0,0.0,0.0,121.26,121.513,0.0,145.26,0.0,25.1,25.1,0.0,0.0,0,0
2022-01-07T21:00:00,0.0,0.0,0.0,134.65,134.913,0.0,158.65,0.0,25.0,25.0,0.0,0.0,0,0
2022-01-07T22:00:00,0.0,0.0,0.0,148.19,148.454,0.0,172.19,0.0,24.9,24.9,0.0,0.0,0,0
2022-01-07T23:00:00,0.0,0.0,0.0,161.78,162.045,0.0,174.22,0.0,24.7,24.7,0.0,0.0,0,0
2022-01-08T00:00:00,0.0,0.0,0.0,174.92,175.07,0.0,161.08,0.0,24.5,24.5,0.0,0.0,0,0
2022-01-08T01:00:00,0.0,0.0,0.0,170.18,170.052,0.0,165.82,0.0,24.4,24.4,0.0,0.0,1,0
2022-01-08T02:00:00,0.0,0.0,0.0,156.69,156.552,0.0,179.31,0.0,24.2,24.2,0.0,0.0,0,0
2022-01-08T03:00:00,0.0,0.0,0.0,143.1,142.965,0.0,167.1,0.0,24.0,24.0,0.0,0.0,0,0
2022-01-08T04:00:00,0.0,0.0,0.0,129.6,129.467,0.0,153.6,0.0,23.8,23.8,0.0,0.0,0,0
2022-01-08T05:00:00,0.0,0.0,0.0,116.27,116.141,0.0,140.27,0.0,23.8,23.8,0.0,0.0,0,0
2022-01-08T06:00:00,0.0,0.0,0.0,103.21,103.087,0.0,127.21,0.0,23.8,23.8,0.0,0.0,0,1
2022-01-08T07:00:00,0.0,0.0,0.0,90.01,90.444,0.0,114.01,0.0,24.0,24.0,0.0,0.0,0,0
2022-01-08T08:00:00,565.0,44.0,157.0,78.45,78.432,58.497,91.451,43.46,24.4,25.76,223.8,0.2238,1,0
2022-01-08T09:00:00,751.0,64.0,352.0,67.43,67.403,49.676,83.824,145.07,24.6,29.13,738.28,0.7383,0,0
2022-01-08T10:00:00,843.0,73.0,521.0,57.93,57.937,38.234,77.625,255.02,24.8,32.77,1281.04,1.281,0,0
2022-01-08T11:00:00,0.0,72.0,72.0,50.87,50.922,23.483,73.313,69.51,24.9,27.07,356.33,0.3563,3,0
2022-01-08T12:00:00,400.0,310.0,581.0,47.34,47.467,5.694,71.251,430.19,25.0,38.44,2116.89,2.1169,3,0
2022-01-08T13:00:00,0.0,141.0,141.0,48.15,48.342,346.999,71.682,136.12,25.0,29.25,692.44,0.6924,3,0
2022-01-08T14:00:00,275.0,259.0,424.0,53.1,53.335,330.267,74.569,324.64,25.1,35.24,1616.25,1.6162,7,0
2022-01-08T15:00:00,5.0,187.0,189.0,61.17,61.446,316.873,79.603,181.45,25.1,30.77,918.05,0.9181,3,0
2022-01-08T16:00:00,649.0,69.0,276.0,71.32,71.618,306.567,86.386,109.31,25.0,28.42,557.72,0.5577,0,0
2022-01-08T17:00:00,339.0,40.0,83.0,82.71,83.09,298.558,94.413,38.99,24.7,25.92,200.68,0.2007,0,0
2022-01-08T18:00:00,0.0,0.0,0.0,95.12,95.385,0.0,119.12,0.0,24.7,24.7,0.0,0.0,0,0
2022-01-08T19:00:00,0.0,0.0,0.0,107.95,108.212,0.0,131.95,0.0,24.7,24.7,0.0,0.0,0,0
2022-01-08T20:00:00,0.0,0.0,0.0,121.12,121.387,0.0,145.12,0.0,24.6,24.6,0.0,0.0,0,0
2022-01-08T21:00:00,0.0,0.0,0.0,134.53,134.791,0.0,158.53,0.0,24.6,24.6,0.0,0.0,7,0
2022-01-08T22:00:00,0.0,0.0,0.0,148.07,148.335,0.0,172.07,0.0,24.5,24.5,0.0,0.0,7,0
2022-01-08T23:00:00,0.0,0.0,0.0,161.65,161.925,0.0,174.35,0.0,24.4,24.4,0.0,0.0,0,0
2022-01-09T00:00:00,0.0,0.0,0.0,174.76,174.92,0.0,161.24,0.0,24.3,24.3,0.0,0.0,1,0
2022-01-09T01:00:00,0.0,0.0,0.0,170.22,170.103,0.0,165.78,0.0,24.3,24.3,0.0,0.0,3,0
2022-01-09T02:00:00,0.0,0.0,0.0,156.76,156.618,0.0,179.24,0.0,24.2,24.2,0.0,0.0,3,0
2022-01-09T03:00:00,0.0,0.0,0.0,143.17,143.03,0.0,167.17,0.0,24.2,24.2,0.0,0.0,3,0
2022-01-09T04:00:00,0.0,0.0,0.0,129.66,129.526,0.0,153.66,0.0,24.1,24.1,0.0,0.0,3,0
2022-01-09T05:00:00,0.0,0.0,0.0,116.32,116.192,0.0,140.32,0.0,24.1,24.1,0.0,0.0,4,0
2022-01-09T06:00:00,0.0,0.0,0.0,103.25,103.127,0.0,127.25,0.0,24.1,24.1,0.0,0.0,3,0
2022-01-09T07:00:00,0.0,0.0,0.0,90.03,90.471,0.0,114.03,0.0,24.3,24.3,0.0,0.0,3,0
2022-01-09T08:00:00,14.0,101.0,104.0,78.45,78.441,58.659,91.396,97.53,24.6,27.65,498.97,0.499,3,0
2022-01-09T09:00:00,0.0,60.0,60.0,67.41,67.389,49.847,83.755,57.93,24.8,26.61,297.43,0.2974,3,0
2022-01-09T10:00:00,4.0,209.0,211.0,57.88,57.893,38.414,77.537,202.65,24.9,31.23,1023.62,1.0236,5,0
2022-01-09T11:00:00,0.0,145.0,145.0,50.78,50.842,23.66,73.201,139.99,25.0,29.37,711.78,0.7118,3,0
2022-01-09T12:00:00,87.0,305.0,364.0,47.21,47.348,5.84,71.116,323.12,25.2,35.3,1608.38,1.6084,8,0
2022-01-09T13:00:00,371.0,270.0,519.0,47.99,48.196,347.085,71.529,380.36,25.2,37.09,1881.0,1.881,8,0
2022-01-09T14:00:00,0.0,141.0,142.0,52.93,53.177,330.292,74.407,136.13,25.2,29.45,692.0,0.692,3,0
2022-01-09T15:00:00,1.0,149.0,149.0,61.0,61.288,316.856,79.436,144.03,25.1,29.6,731.76,0.7318,3,0
2022-01-09T16:00:00,2.0,108.0,108.0,71.15,71.465,306.523,86.211,104.4,24.8,28.06,533.3,0.5333,3,0
2022-01-09T17:00:00,10.0,57.0,59.0,82.56,82.944,298.496,94.251,55.05,24.5,26.22,283.03,0.283,7,7
2022-01-09T18:00:00,0.0,0.0,0.0,94.97,95.246,0.0,118.97,0.0,24.4,24.4,0.0,0.0,3,0
2022-01-09T19:00:00,0.0,0.0,0.0,107.81,108.078,0.0,131.81,0.0,24.4,24.4,0.0,0.0,7,0
2022-01-09T20:00:00,0.0,0.0,0.0,120.99,121.26,0.0,144.99,0.0,24.4,24.4,0.0,0.0,3,0
2022-01-09T21:00:00,0.0,0.0,0.0,134.4,134.669,0.0,158.4,0.0,24.3,24.3,0.0,0.0,3,0
2022-01-09T22:00:00,0.0,0.0,0.0,147.95,148.216,0.0,171.95,0.0,24.3,24.3,0.0,0.0,3,0
2022-01-09T23:00:00,0.0,0.0,0.0,161.53,161.805,0.0,174.47,0.0,24.2,24.2,0.0,0.0,8,0
2022-01-10T00:00:00,0.0,0.0,0.0,174.6,174.767,0.0,161.4,0.0,24.2,24.2,0.0,0.0,7,0
2022-01-10T01:00:00,0.0,0.0,0.0,170.26,170.148,0.0,165.74,0.0,24.2,24.2,0.0,0.0,7,0
2022-01-10T02:00:00,0.0,0.0,0.0,156.82,156.682,0.0,179.18,0.0,24.2,24.2,0.0,0.0,7,0
2022-01-10T03:00:00,0.0,0.0,0.0,143.23,143.091,0.0,167.23,0.0,24.2,24.2,0.0,0.0,8,0
2022-01-10T04:00:00,0.0,0.0,0.0,129.72,129.581,0.0,153.72,0.0,24.2,24.2,0.0,0.0,7,0
2022-01-10T05:00:00,0.0,0.0,0.0,116.37,116.239,0.0,140.37,0.0,24.2,24.2,0.0,0.0,7,0
2022-01-10T06:00:00,0.0,0.0,0.0,103.28,103.163,0.0,127.28,0.0,24.3,24.3,0.0,0.0,8,0
2022-01-10T07:00:00,0.0,0.0,0.0,90.04,90.493,0.0,114.04,0.0,24.5,24.5,0.0,0.0,7,0
2022-01-10T08:00:00,585.0,45.0,162.0,78.45,78.445,58.826,91.339,44.46,24.9,26.29,228.52,0.2285,0,0
2022-01-10T09:00:00,786.0,62.0,365.0,67.38,67.37,50.023,83.676,149.05,25.2,29.86,756.59,0.7566,1,0
2022-01-10T10:00:00,870.0,74.0,537.0,57.82,57.843,38.598,77.438,264.66,25.5,33.77,1324.68,1.3247,0,0
2022-01-10T11:00:00,19.0,231.0,243.0,50.68,50.755,23.839,73.079,228.65,25.7,32.85,1148.25,1.1482,7,0
2022-01-10T12:00:00,219.0,314.0,463.0,47.08,47.224,5.984,70.982,375.8,25.9,37.64,1854.64,1.8546,8,0
2022-01-10T13:00:00,458.0,241.0,549.0,47.83,48.044,347.167,71.375,381.6,26.0,37.92,1881.34,1.8813,8,0
2022-01-10T14:00:00,903.0,78.0,624.0,52.75,53.014,330.313,74.235,325.37,26.0,36.17,1614.44,1.6144,0,0
2022-01-10T15:00:00,499.0,156.0,399.0,60.83,61.125,316.832,79.267,245.64,25.9,33.58,1230.33,1.2303,7,0
2022-01-10T16:00:00,736.0,58.0,298.0,70.99,71.308,306.472,86.044,108.84,25.7,29.1,553.96,0.554,0,0
2022-01-10T17:00:00,467.0,35.0,97.0,82.41,82.795,298.427,94.087,34.33,25.2,26.27,176.46,0.1765,1,0
2022-01-10T18:00:00,0.0,0.0,0.0,94.83,95.105,0.0,118.83,0.0,24.9,24.9,0.0,0.0,7,0
2022-01-10T19:00:00,0.0,0.0,0.0,107.67,107.944,0.0,131.67,0.0,24.7,24.7,0.0,0.0,3,0
2022-01-10T20:00:00,0.0,0.0,0.0,120.86,121.132,0.0,144.86,0.0,24.6,24.6,0.0,0.0,1,0
2022-01-10T21:00:00,0.0,0.0,0.0,134.27,134.546,0.0,158.27,0.0,24.4,24.4,0.0,0.0,0,0
2022-01-10T22:00:00,0.0,0.0,0.0,147.82,148.097,0.0,171.82,0.0,24.3,24.3,0.0,0.0,3,0
2022-01-10T23:00:00,0.0,0.0,0.0,161.4,161.685,0.0,174.6,0.0,24.1,24.1,0.0,0.0,3,0
2022-01-11T00:00:00,0.0,0.0,0.0,174.44,174.611,0.0,161.56,0.0,23.9,23.9,0.0,0.0,0,0
2022-01-11T01:00:00,0.0,0.0,0.0,170.3,170.186,0.0,165.7,0.0,23.7,23.7,0.0,0.0,3,0
2022-01-11T02:00:00,0.0,0.0,0.0,156.87,156.741,0.0,179.13,0.0,23.5,23.5,0.0,0.0,0,0
2022-01-11T03:00:00,0.0,0.0,0.0,143.28,143.15,0.0,167.28,0.0,23.3,23.3,0.0,0.0,0,0
2022-01-11T04:00:00,0.0,0.0,0.0,129.77,129.633,0.0,153.77,0.0,23.2,23.2,0.0,0.0,0,0
2022-01-11T05:00:00,0.0,0.0,0.0,116.41,116.283,0.0,140.41,0.0,23.1,23.1,0.0,0.0,7,0
2022-01-11T06:00:00,0.0,0.0,0.0,103.31,103.195,0.0,127.31,0.0,23.0,23.0,0.0,0.0,8,0
2022-01-11T07:00:00,0.0,0.0,0.0,90.05,90.511,0.0,114.05,0.0,23.1,23.1,0.0,0.0,7,0
2022-01-11T08:00:00,67.0,104.0,118.0,78.44,78.444,58.998,91.271,100.52,23.2,26.34,516.65,0.5166,8,0
2022-01-11T09:00:00,691.0,80.0,346.0,67.35,67.345,50.204,83.595,156.61,23.3,28.19,799.67,0.7997,0,0
2022-01-11T10:00:00,815.0,86.0,521.0,57.76,57.787,38.786,77.339,265.42,23.5,31.79,1337.96,1.338,1,0
2022-01-11T11:00:00,66.0,323.0,365.0,50.57,50.661,24.019,72.946,331.55,23.6,33.96,1658.34,1.6583,3,0
2022-01-11T12:00:00,40.0,268.0,296.0,46.93,47.093,6.128,70.827,272.11,23.7,32.2,1369.69,1.3697,7,0
2022-01-11T13:00:00,108.0,312.0,385.0,47.66,47.887,347.246,71.212,336.63,23.7,34.22,1682.16,1.6822,7,0
2022-01-11T14:00:00,128.0,342.0,420.0,52.57,52.846,330.327,74.061,366.0,23.7,35.14,1822.86,1.8229,3,0
2022-01-11T15:00:00,0.0,10.0,10.0,60.65,60.959,316.802,79.087,9.65,23.7,24.0,50.03,0.05,7,0
2022-01-11T16:00:00,263.0,149.0,235.0,70.82,71.149,306.414,85.866,163.55,23.6,28.71,833.57,0.8336,7,0
2022-01-11T17:00:00,5.0,49.0,50.0,82.25,82.644,298.352,93.91,47.31,23.4,24.88,244.42,0.2444,8,7
2022-01-11T18:00:00,0.0,0.0,0.0,94.68,94.962,0.0,118.68,0.0,23.2,23.2,0.0,0.0,7,0
2022-01-11T19:00:00,0.0,0.0,0.0,107.53,107.81,0.0,131.53,0.0,23.1,23.1,0.0,0.0,7,0
2022-01-11T20:00:00,0.0,0.0,0.0,120.72,121.004,0.0,144.72,0.0,23.0,23.0,0.0,0.0,8,0
2022-01-11T21:00:00,0.0,0.0,0.0,134.15,134.423,0.0,158.15,0.0,23.0,23.0,0.0,0.0,0,0
2022-01-11T22:00:00,0.0,0.0,0.0,147.7,147.978,0.0,171.7,0.0,23.0,23.0,0.0,0.0,0,0
2022-01-11T23:00:00,0.0,0.0,0.0,161.27,161.563,0.0,174.73,0.0,22.9,22.9,0.0,0.0,8,0
2022-01-12T00:00:00,0.0,0.0,0.0,174.27,174.452,0.0,161.73,0.0,22.8,22.8,0.0,0.0,7,0
2022-01-12T01:00:00,0.0,0.0,0.0,170.32,170.218,0.0,165.68,0.0,22.6,22.6,0.0,0.0,6,0
2022-01-12T02:00:00,0.0,0.0,0.0,156.93,156.796,0.0,179.07,0.0,22.5,22.5,0.0,0.0,6,0
2022-01-12T03:00:00,0.0,0.0,0.0,143.34,143.204,0.0,167.34,0.0,22.4,22.4,0.0,0.0,3,0
2022-01-12T04:00:00,0.0,0.0,0.0,129.81,129.682,0.0,153.81,0.0,22.4,22.4,0.0,0.0,3,0
2022-01-12T05:00:00,0.0,0.0,0.0,116.44,116.322,0.0,140.44,0.0,22.3,22.3,0.0,0.0,4,0
2022-01-12T06:00:00,0.0,0.0,0.0,103.33,103.224,0.0,127.33,0.0,22.3,22.3,0.0,0.0,8,0
2022-01-12T07:00:00,0.0,0.0,0.0,90.06,90.524,0.0,114.06,0.0,22.4,22.4,0.0,0.0,8,0
2022-01-12T08:00:00,0.0,55.0,55.0,78.43,78.439,59.174,91.201,53.1,22.6,24.26,274.9,0.2749,3,0
2022-01-12T09:00:00,40.0,213.0,228.0,67.31,67.315,50.388,83.504,210.29,22.7,29.27,1069.65,1.0696,3,0
2022-01-12T10:00:00,38.0,265.0,285.0,57.68,57.725,38.977,77.22,264.41,22.8,31.06,1336.4,1.3364,3,0
2022-01-12T11:00:00,2.0,236.0,237.0,50.46,50.562,24.202,72.814,228.44,22.7,29.84,1159.62,1.1596,4,0
2022-01-12T12:00:00,3.0,271.0,273.0,46.78,46.956,6.271,70.672,262.64,22.6,30.81,1328.63,1.3286,4,0
2022-01-12T13:00:00,0.0,101.0,101.0,47.48,47.723,347.322,71.038,97.51,22.6,25.65,502.36,0.5024,3,0
2022-01-12T14:00:00,27.0,285.0,301.0,52.38,52.674,330.336,73.877,282.78,22.6,31.44,1427.31,1.4273,3,0
2022-01-12T15:00:00,1.0,162.0,163.0,60.47,60.789,316.765,78.905,156.6,22.7,27.59,801.3,0.8013,4,0
2022-01-12T16:00:00,1.0,103.0,103.0,70.65,70.988,306.35,85.685,99.51,22.6,25.71,512.59,0.5126,3,0
2022-01-12T17:00:00,0.0,40.0,40.0,82.09,82.492,298.27,93.732,38.62,22.4,23.61,200.38,0.2004,3,7
2022-01-12T18:00:00,0.0,0.0,0.0,94.53,94.819,0.0,118.53,0.0,22.4,22.4,0.0,0.0,3,0
2022-01-12T19:00:00,0.0,0.0,0.0,107.39,107.674,0.0,131.39,0.0,22.5,22.5,0.0,0.0,3,0
2022-01-12T20:00:00,0.0,0.0,0.0,120.59,120.875,0.0,144.59,0.0,22.5,22.5,0.0,0.0,3,0
2022-01-12T21:00:00,0.0,0.0,0.0,134.02,134.3,0.0,158.02,0.0,22.5,22.5,0.0,0.0,0,0
2022-01-12T22:00:00,0.0,0.0,0.0,147.58,147.858,0.0,171.58,0.0,22.4,22.4,0.0,0.0,3,0
2022-01-12T23:00:00,0.0,0.0,0.0,161.15,161.441,0.0,174.85,0.0,22.3,22.3,0.0,0.0,1,0
2022-01-13T00:00:00,0.0,0.0,0.0,174.1,174.289,0.0,161.9,0.0,22.1,22.1,0.0,0.0,3,0
2022-01-13T01:00:00,0.0,0.0,0.0,170.34,170.243,0.0,165.66,0.0,21.9,21.9,0.0,0.0,3,0
2022-01-13T02:00:00,0.0,0.0,0.0,156.97,156.847,0.0,179.03,0.0,21.8,21.8,0.0,0.0,3,0
2022-01-13T03:00:00,0.0,0.0,0.0,143.38,143.255,0.0,167.38,0.0,21.7,21.7,0.0,0.0,3,0
2022-01-13T04:00:00,0.0,0.0,0.0,129.85,129.727,0.0,153.85,0.0,21.7,21.7,0.0,0.0,3,0
2022-01-13T05:00:00,0.0,0.0,0.0,116.48,116.358,0.0,140.48,0.0,21.7,21.7,0.0,0.0,0,0
2022-01-13T06:00:00,0.0,0.0,0.0,103.35,103.248,0.0,127.35,0.0,21.7,21.7,0.0,0.0,7,0
2022-01-13T07:00:00,0.0,0.0,0.0,90.06,90.534,0.0,114.06,0.0,21.9,21.9,0.0,0.0,8,0
2022-01-13T08:00:00,0.0,15.0,15.0,78.41,78.429,59.355,91.121,14.48,22.2,22.65,75.39,0.0754,7,0
2022-01-13T09:00:00,0.0,8.0,8.0,67.27,67.28,50.577,83.411,7.72,22.4,22.64,40.21,0.0402,7,0
2022-01-13T10:00:00,1.0,93.0,94.0,57.6,57.658,39.171,77.099,90.02,22.5,25.31,464.31,0.4643,7,0
2022-01-13T11:00:00,1.0,210.0,211.0,50.34,50.456,24.387,72.671,203.04,22.6,28.95,1033.99,1.034,4,0
2022-01-13T12:00:00,225.0,313.0,467.0,46.62,46.812,6.414,70.508,378.59,22.8,34.63,1889.03,1.889,7,0
2022-01-13T13:00:00,921.0,81.0,706.0,47.29,47.554,347.394,70.854,385.67,23.0,35.05,1921.46,1.9215,0,0
2022-01-13T14:00:00,900.0,77.0,629.0,52.19,52.496,330.34,73.692,331.84,23.0,33.37,1663.32,1.6633,0,0
2022-01-13T15:00:00,850.0,70.0,492.0,60.29,60.616,316.722,78.722,237.46,23.1,30.52,1202.5,1.2025,0,0
2022-01-13T16:00:00,748.0,58.0,307.0,70.47,70.823,306.279,85.494,116.92,23.0,26.65,600.24,0.6002,0,0
2022-01-13T17:00:00,498.0,36.0,106.0,81.93,82.337,298.182,93.551,35.36,22.5,23.61,183.48,0.1835,0,0
2022-01-13T18:00:00,0.0,0.0,0.0,94.38,94.674,0.0,118.38,0.0,22.3,22.3,0.0,0.0,0,0
2022-01-13T19:00:00,0.0,0.0,0.0,107.24,107.538,0.0,131.24,0.0,22.2,22.2,0.0,0.0,0,0
2022-01-13T20:00:00,0.0,0.0,0.0,120.46,120.746,0.0,144.46,0.0,22.1,22.1,0.0,0.0,0,0
2022-01-13T21:00:00,0.0,0.0,0.0,133.89,134.177,0.0,157.89,0.0,22.0,22.0,0.0,0.0,0,0
2022-01-13T22:00:00,0.0,0.0,0.0,147.45,147.738,0.0,171.45,0.0,21.9,21.9,0.0,0.0,0,0
2022-01-13T23:00:00,0.0,0.0,0.0,161.02,161.318,0.0,174.98,0.0,21.8,21.8,0.0,0.0,0,0
2022-01-14T00:00:00,0.0,0.0,0.0,173.92,174.124,0.0,162.08,0.0,21.7,21.7,0.0,0.0,3,0
2022-01-14T01:00:00,0.0,0.0,0.0,170.35,170.261,0.0,165.65,0.0,21.6,21.6,0.0,0.0,1,0
2022-01-14T02:00:00,0.0,0.0,0.0,157.02,156.893,0.0,178.98,0.0,21.5,21.5,0.0,0.0,0,0
2022-01-14T03:00:00,0.0,0.0,0.0,143.43,143.302,0.0,167.43,0.0,21.1,21.1,0.0,0.0,0,0
2022-01-14T04:00:00,0.0,0.0,0.0,129.89,129.768,0.0,153.89,0.0,20.5,20.5,0.0,0.0,0,0
2022-01-14T05:00:00,0.0,0.0,0.0,116.5,116.39,0.0,140.5,0.0,19.9,19.9,0.0,0.0,1,0
2022-01-14T06:00:00,0.0,0.0,0.0,103.37,103.268,0.0,127.37,0.0,19.8,19.8,0.0,0.0,0,0
2022-01-14T07:00:00,0.0,0.0,0.0,90.05,90.538,0.0,114.05,0.0,20.0,20.0,0.0,0.0,0,0
2022-01-14T08:00:00,2.0,82.0,82.0,78.39,78.414,59.54,91.038,79.16,20.4,22.87,411.83,0.4118,2,0
2022-01-14T09:00:00,12.0,178.0,183.0,67.21,67.239,50.769,83.298,173.29,20.6,26.02,891.64,0.8916,2,0
2022-01-14T10:00:00,899.0,78.0,561.0,57.52,57.585,39.368,76.978,282.04,20.8,29.61,1432.88,1.4329,0,0
2022-01-14T11:00:00,944.0,83.0,688.0,50.21,50.344,24.573,72.517,368.95,21.1,32.63,1854.31,1.8543,0,0
2022-01-14T12:00:00,961.0,86.0,749.0,46.45,46.662,6.556,70.333,412.19,21.2,34.08,2060.79,2.0608,0,0
2022-01-14T13:00:00,964.0,83.0,739.0,47.1,47.379,347.462,70.669,404.91,21.3,33.95,2025.32,2.0253,0,0
2022-01-14T14:00:00,936.0,80.0,656.0,51.99,52.314,330.337,73.496,348.12,21.3,32.18,1752.43,1.7524,0,0
2022-01-14T15:00:00,883.0,73.0,513.0,60.1,60.439,316.672,78.528,249.91,21.2,29.01,1272.34,1.2723,0,0
2022-01-14T16:00:00,777.0,60.0,322.0,70.3,70.656,306.202,85.309,123.73,21.1,24.97,639.0,0.639,0,0
2022-01-14T17:00:00,527.0,37.0,112.0,81.77,82.181,298.087,93.368,36.37,20.5,21.64,190.01,0.19,0,0
2022-01-14T18:00:00,0.0,0.0,0.0,94.22,94.528,0.0,118.22,0.0,20.3,20.3,0.0,0.0,0,0
2022-01-14T19:00:00,0.0,0.0,0.0,107.1,107.401,0.0,131.1,0.0,20.2,20.2,0.0,0.0,0,0
2022-01-14T20:00:00,0.0,0.0,0.0,120.32,120.616,0.0,144.32,0.0,20.2,20.2,0.0,0.0,0,0
2022-01-14T21:00:00,0.0,0.0,0.0,133.76,134.054,0.0,157.76,0.0,20.1,20.1,0.0,0.0,0,0
2022-01-14T22:00:00,0.0,0.0,0.0,147.33,147.618,0.0,171.33,0.0,20.1,20.1,0.0,0.0,1,0
2022-01-14T23:00:00,0.0,0.0,0.0,160.89,161.195,0.0,175.11,0.0,20.1,20.1,0.0,0.0,1,0
2022-01-15T00:00:00,0.0,0.0,0.0,173.75,173.954,0.0,162.25,0.0,20.1,20.1,0.0,0.0,1,0
2022-01-15T01:00:00,0.0,0.0,0.0,170.35,170.271,0.0,165.65,0.0,20.1,20.1,0.0,0.0,1,0
2022-01-15T02:00:00,0.0,0.0,0.0,157.05,156.935,0.0,178.95,0.0,20.0,20.0,0.0,0.0,1,0
2022-01-15T03:00:00,0.0,0.0,0.0,143.46,143.345,0.0,167.46,0.0,20.0,20.0,0.0,0.0,1,0
2022-01-15T04:00:00,0.0,0.0,0.0,129.92,129.805,0.0,153.92,0.0,19.9,19.9,0.0,0.0,0,0
2022-01-15T05:00:00,0.0,0.0,0.0,116.52,116.418,0.0,140.52,0.0,20.0,20.0,0.0,0.0,0,0
2022-01-15T06:00:00,0.0,0.0,0.0,103.38,103.284,0.0,127.38,0.0,20.0,20.0,0.0,0.0,0,0
2022-01-15T07:00:00,0.0,0.0,0.0,90.05,90.538,0.0,114.05,0.0,20.2,20.2,0.0,0.0,0,0
2022-01-15T08:00:00,616.0,47.0,171.0,78.36,78.394,59.73,90.945,46.45,20.7,22.15,242.23,0.2422,0,0
2022-01-15T09:00:00,809.0,66.0,380.0,67.16,67.193,50.966,83.193,162.32,21.0,26.07,835.04,0.835,0,0
2022-01-15T10:00:00,912.0,71.0,562.0,57.43,57.506,39.569,76.847,280.32,21.4,30.16,1421.38,1.4214,0,0
2022-01-15T11:00:00,955.0,76.0,689.0,50.08,50.226,24.761,72.364,368.01,21.8,33.3,1845.12,1.8451,0,0
2022-01-15T12:00:00,974.0,77.0,750.0,46.28,46.506,6.697,70.158,410.76,22.0,34.84,2048.04,2.048,0,0
2022-01-15T13:00:00,970.0,75.0,738.0,46.91,47.198,347.526,70.484,402.18,22.2,34.77,2005.76,2.0058,0,0
2022-01-15T14:00:00,949.0,72.0,659.0,51.79,52.127,330.329,73.299,347.31,22.4,33.25,1741.61,1.7416,0,0
2022-01-15T15:00:00,900.0,65.0,516.0,59.91,60.259,316.616,78.332,248.67,22.4,30.17,1260.85,1.2609,0,0
2022-01-15T16:00:00,796.0,54.0,325.0,70.12,70.487,306.118,85.113,122.28,22.3,26.12,628.97,0.629,0,0
2022-01-15T17:00:00,558.0,34.0,116.0,81.6,82.024,297.986,93.174,33.53,21.7,22.75,174.52,0.1745,0,0
2022-01-15T18:00:00,0.0,0.0,0.0,94.07,94.381,0.0,118.07,0.0,21.4,21.4,0.0,0.0,0,0
2022-01-15T19:00:00,0.0,0.0,0.0,106.96,107.263,0.0,130.96,0.0,21.2,21.2,0.0,0.0,0,0
2022-01-15T20:00:00,0.0,0.0,0.0,120.19,120.487,0.0,144.19,0.0,21.0,21.0,0.0,0.0,0,0
2022-01-15T21:00:00,0.0,0.0,0.0,133.64,133.93,0.0,157.64,0.0,20.8,20.8,0.0,0.0,0,0
2022-01-15T22:00:00,0.0,0.0,0.0,147.21,147.498,0.0,171.21,0.0,20.7,20.7,0.0,0.0,0,0
2022-01-15T23:00:00,0.0,0.0,0.0,160.76,161.071,0.0,175.24,0.0,20.6,20.6,0.0,0.0,0,0
2022-01-16T00:00:00,0.0,0.0,0.0,173.57,173.781,0.0,162.43,0.0,20.5,20.5,0.0,0.0,0,0
2022-01-16T01:00:00,0.0,0.0,0.0,170.34,170.274,0.0,165.66,0.0,20.5,20.5,0.0,0.0,0,0
2022-01-16T02:00:00,0.0,0.0,0.0,157.08,156.973,0.0,178.92,0.0,20.4,20.4,0.0,0.0,0,0
2022-01-16T03:00:00,0.0,0.0,0.0,143.5,143.383,0.0,167.5,0.0,20.4,20.4,0.0,0.0,0,0
2022-01-16T04:00:00,0.0,0.0,0.0,129.95,129.838,0.0,153.95,0.0,20.4,20.4,0.0,0.0,0,0
2022-01-16T05:00:00,0.0,0.0,0.0,116.54,116.442,0.0,140.54,0.0,20.4,20.4,0.0,0.0,0,0
2022-01-16T06:00:00,0.0,0.0,0.0,103.38,103.295,0.0,127.38,0.0,20.4,20.4,0.0,0.0,3,0
2022-01-16T07:00:00,0.0,0.0,0.0,90.04,90.534,0.0,114.04,0.0,21.0,21.0,0.0,0.0,0,0
2022-01-16T08:00:00,2.0,80.0,81.0,78.33,78.369,59.924,90.85,77.24,21.8,24.21,399.96,0.4,3,0
2022-01-16T09:00:00,6.0,161.0,164.0,67.09,67.142,51.166,83.068,156.18,22.2,27.08,800.61,0.8006,3,0
2022-01-16T10:00:00,0.0,166.0,166.0,57.33,57.421,39.773,76.704,160.26,22.8,27.81,819.41,0.8194,3,0
2022-01-16T11:00:00,911.0,82.0,668.0,49.94,50.101,24.951,72.2,362.72,23.3,34.64,1809.84,1.8098,0,0
2022-01-16T12:00:00,929.0,83.0,727.0,46.1,46.343,6.837,69.973,403.85,23.6,36.22,2003.47,2.0035,0,0
2022-01-16T13:00:00,925.0,81.0,715.0,46.7,47.012,347.586,70.279,395.81,23.8,36.17,1963.96,1.964,0,0
2022-01-16T14:00:00,689.0,137.0,565.0,51.59,51.936,330.315,73.101,336.25,23.8,34.31,1679.73,1.6797,7,0
2022-01-16T15:00:00,416.0,180.0,390.0,59.71,60.075,316.553,78.124,261.2,23.7,31.86,1316.37,1.3164,8,0
2022-01-16T16:00:00,87.0,159.0,188.0,69.94,70.315,306.028,84.915,161.46,23.3,28.35,823.99,0.824,8,0
2022-01-16T17:00:00,10.0,62.0,64.0,81.44,81.864,297.878,92.986,59.87,22.8,24.67,309.53,0.3095,7,7
2022-01-16T18:00:00,0.0,0.0,0.0,93.92,94.233,0.0,117.92,0.0,22.6,22.6,0.0,0.0,6,0
2022-01-16T19:00:00,0.0,0.0,0.0,106.82,107.125,0.0,130.82,0.0,22.6,22.6,0.0,0.0,6,0
2022-01-16T20:00:00,0.0,0.0,0.0,120.06,120.357,0.0,144.06,0.0,22.6,22.6,0.0,0.0,6,0
2022-01-16T21:00:00,0.0,0.0,0.0,133.51,133.806,0.0,157.51,0.0,22.6,22.6,0.0,0.0,8,0
2022-01-16T22:00:00,0.0,0.0,0.0,147.08,147.377,0.0,171.08,0.0,22.3,22.3,0.0,0.0,7,0
2022-01-16T23:00:00,0.0,0.0,0.0,160.64,160.946,0.0,175.36,0.0,21.9,21.9,0.0,0.0,8,0
2022-01-17T00:00:00,0.0,0.0,0.0,173.38,173.605,0.0,162.62,0.0,21.6,21.6,0.0,0.0,4,0
2022-01-17T01:00:00,0.0,0.0,0.0,170.32,170.268,0.0,165.68,0.0,21.4,21.4,0.0,0.0,3,0
2022-01-17T02:00:00,0.0,0.0,0.0,157.11,157.005,0.0,178.89,0.0,21.3,21.3,0.0,0.0,3,0
2022-01-17T03:00:00,0.0,0.0,0.0,143.53,143.418,0.0,167.53,0.0,21.4,21.4,0.0,0.0,3,0
2022-01-17T04:00:00,0.0,0.0,0.0,129.97,129.867,0.0,153.97,0.0,21.4,21.4,0.0,0.0,3,0
2022-01-17T05:00:00,0.0,0.0,0.0,116.55,116.462,0.0,140.55,0.0,21.2,21.2,0.0,0.0,3,0
2022-01-17T06:00:00,0.0,0.0,0.0,103.38,103.302,0.0,127.38,0.0,21.0,21.0,0.0,0.0,0,0
2022-01-17T07:00:00,0.0,0.0,0.0,90.02,90.525,0.0,114.02,0.0,21.1,21.1,0.0,0.0,3,0
2022-01-17T08:00:00,1.0,74.0,74.0,78.29,78.339,60.122,90.744,71.44,21.5,23.73,370.54,0.3705,3,0
2022-01-17T09:00:00,750.0,80.0,373.0,67.03,67.086,51.37,82.951,171.81,21.7,27.07,880.76,0.8808,1,0
2022-01-17T10:00:00,20.0,255.0,265.0,57.22,57.33,39.98,76.552,250.92,21.9,29.74,1274.18,1.2742,3,0
2022-01-17T11:00:00,914.0,93.0,683.0,49.79,49.971,25.142,72.026,376.93,22.0,33.78,1886.59,1.8866,1,0
2022-01-17T12:00:00,939.0,95.0,748.0,45.92,46.174,6.976,69.788,421.78,22.0,35.18,2100.36,2.1004,0,0
2022-01-17T13:00:00,941.0,92.0,740.0,46.49,46.82,347.642,70.074,415.12,22.0,34.97,2068.75,2.0688,0,0
2022-01-17T14:00:00,919.0,87.0,661.0,51.38,51.74,330.294,72.892,359.3,22.0,33.23,1801.89,1.8019,0,0
2022-01-17T15:00:00,867.0,80.0,520.0,59.51,59.888,316.483,77.916,262.55,21.8,30.0,1331.98,1.332,0,0
2022-01-17T16:00:00,756.0,67.0,328.0,69.76,70.141,305.931,84.715,136.57,21.6,25.87,703.08,0.7031,0,0
2022-01-17T17:00:00,500.0,42.0,118.0,81.27,81.704,297.764,92.787,41.2,21.2,22.49,214.64,0.2146,0,0
2022-01-17T18:00:00,0.0,0.0,0.0,93.76,94.084,0.0,117.76,0.0,21.0,21.0,0.0,0.0,0,0
2022-01-17T19:00:00,0.0,0.0,0.0,106.68,106.986,0.0,130.68,0.0,20.8,20.8,0.0,0.0,0,0
2022-01-17T20:00:00,0.0,0.0,0.0,119.93,120.227,0.0,143.93,0.0,20.8,20.8,0.0,0.0,0,0
2022-01-17T21:00:00,0.0,0.0,0.0,133.39,133.683,0.0,157.39,0.0,20.8,20.8,0.0,0.0,0,0
2022-01-17T22:00:00,0.0,0.0,0.0,146.96,147.257,0.0,170.96,0.0,20.8,20.8,0.0,0.0,3,0
2022-01-17T23:00:00,0.0,0.0,0.0,160.51,160.82,0.0,175.49,0.0,20.8,20.8,0.0,0.0,3,0
2022-01-18T00:00:00,0.0,0.0,0.0,173.19,173.425,0.0,162.81,0.0,20.7,20.7,0.0,0.0,3,0
2022-01-18T01:00:00,0.0,0.0,0.0,170.29,170.253,0.0,165.71,0.0,20.6,20.6,0.0,0.0,1,0
2022-01-18T02:00:00,0.0,0.0,0.0,157.13,157.032,0.0,178.87,0.0,20.3,20.3,0.0,0.0,0,0
2022-01-18T03:00:00,0.0,0.0,0.0,143.55,143.448,0.0,167.55,0.0,19.9,19.9,0.0,0.0,0,0
2022-01-18T04:00:00,0.0,0.0,0.0,129.99,129.892,0.0,153.99,0.0,19.4,19.4,0.0,0.0,0,0
2022-01-18T05:00:00,0.0,0.0,0.0,116.56,116.477,0.0,140.56,0.0,19.0,19.0,0.0,0.0,0,0
2022-01-18T06:00:00,0.0,0.0,0.0,103.37,103.305,0.0,127.37,0.0,18.7,18.7,0.0,0.0,1,0
2022-01-18T07:00:00,0.0,0.0,0.0,90.0,90.512,0.0,114.0,0.0,18.9,18.9,0.0,0.0,0,0
2022-01-18T08:00:00,630.0,48.0,176.0,78.24,78.305,60.325,90.627,47.45,19.3,20.78,248.62,0.2486,0,0
2022-01-18T09:00:00,827.0,66.0,390.0,66.95,67.024,51.578,82.813,169.98,19.5,24.81,878.29,0.8783,0,0
2022-01-18T10:00:00,918.0,75.0,574.0,57.11,57.234,40.19,76.398,292.61,19.8,28.94,1490.1,1.4901,0,0
2022-01-18T11:00:00,963.0,81.0,704.0,49.64,49.834,25.336,71.851,383.54,20.0,31.99,1932.09,1.9321,0,0
2022-01-18T12:00:00,981.0,83.0,768.0,45.72,45.999,7.114,69.583,428.27,20.2,33.58,2145.06,2.1451,0,0
2022-01-18T13:00:00,982.0,81.0,760.0,46.28,46.622,347.694,69.868,422.05,20.3,33.49,2114.62,2.1146,0,0
2022-01-18T14:00:00,960.0,77.0,679.0,51.16,51.54,330.267,72.673,365.46,20.3,31.72,1842.74,1.8427,0,0
2022-01-18T15:00:00,38.0,265.0,284.0,59.31,59.698,316.407,77.705,264.09,20.3,28.55,1346.75,1.3467,2,0
2022-01-18T16:00:00,806.0,60.0,342.0,69.57,69.965,305.827,84.504,137.56,20.2,24.5,711.59,0.7116,0,0
2022-01-18T17:00:00,560.0,39.0,126.0,81.11,81.542,297.643,92.594,38.4,19.9,21.1,201.01,0.201,0,0
2022-01-18T18:00:00,0.0,0.0,0.0,93.61,93.934,0.0,117.61,0.0,19.8,19.8,0.0,0.0,0,0
2022-01-18T19:00:00,0.0,0.0,0.0,106.53,106.847,0.0,130.53,0.0,19.8,19.8,0.0,0.0,0,0
2022-01-18T20:00:00,0.0,0.0,0.0,119.79,120.097,0.0,143.79,0.0,19.8,19.8,0.0,0.0,1,0
2022-01-18T21:00:00,0.0,0.0,0.0,133.26,133.559,0.0,157.26,0.0,19.8,19.8,0.0,0.0,1,0
2022-01-18T22:00:00,0.0,0.0,0.0,146.84,147.136,0.0,170.84,0.0,19.8,19.8,0.0,0.0,3,0
2022-01-18T23:00:00,0.0,0.0,0.0,160.37,160.693,0.0,175.63,0.0,19.8,19.8,0.0,0.0,3,0
2022-01-19T00:00:00,0.0,0.0,0.0,173.0,173.241,0.0,163.0,0.0,19.8,19.8,0.0,0.0,3,0
2022-01-19T01:00:00,0.0,0.0,0.0,170.26,170.23,0.0,165.74,0.0,19.8,19.8,0.0,0.0,3,0
2022-01-19T02:00:00,0.0,0.0,0.0,157.14,157.054,0.0,178.86,0.0,19.8,19.8,0.0,0.0,3,0
2022-01-19T03:00:00,0.0,0.0,0.0,143.57,143.473,0.0,167.57,0.0,19.8,19.8,0.0,0.0,3,0
2022-01-19T04:00:00,0.0,0.0,0.0,130.0,129.912,0.0,154.0,0.0,19.9,19.9,0.0,0.0,3,0
2022-01-19T05:00:00,0.0,0.0,0.0,116.56,116.488,0.0,140.56,0.0,20.1,20.1,0.0,0.0,3,0
2022-01-19T06:00:00,0.0,0.0,0.0,103.36,103.304,0.0,127.36,0.0,20.2,20.2,0.0,0.0,3,0
2022-01-19T07:00:00,0.0,0.0,0.0,89.98,90.494,0.0,113.98,0.0,20.5,20.5,0.0,0.0,1,0
2022-01-19T08:00:00,617.0,47.0,173.0,78.19,78.265,60.531,90.509,46.46,21.2,22.65,241.9,0.2419,0,0
2022-01-19T09:00:00,810.0,65.0,383.0,66.87,66.957,51.79,82.675,168.77,21.6,26.87,865.79,0.8658,0,0
2022-01-19T10:00:00,896.0,75.0,563.0,57.0,57.132,40.403,76.244,289.69,21.9,30.95,1464.7,1.4647,0,0
2022-01-19T11:00:00,938.0,80.0,690.0,49.48,49.691,25.53,71.667,377.55,22.3,34.1,1887.47,1.8875,0,0
2022-01-19T12:00:00,957.0,82.0,752.0,45.52,45.818,7.251,69.378,422.01,22.6,35.79,2096.89,2.0969,0,0
2022-01-19T13:00:00,955.0,80.0,743.0,46.06,46.419,347.742,69.652,415.03,22.8,35.77,2062.34,2.0623,0,0
2022-01-19T14:00:00,931.0,77.0,664.0,50.95,51.336,330.234,72.462,359.96,22.9,34.15,1799.21,1.7992,0,0
2022-01-19T15:00:00,876.0,72.0,521.0,59.11,59.505,316.324,77.493,263.1,23.1,31.32,1328.52,1.3285,0,0
2022-01-19T16:00:00,48.0,194.0,211.0,69.39,69.787,305.716,84.299,192.21,23.0,29.01,978.59,0.9786,3,0
2022-01-19T17:00:00,0.0,33.0,33.0,80.94,81.379,297.516,92.391,31.86,22.6,23.6,165.32,0.1653,3,7
2022-01-19T18:00:00,0.0,0.0,0.0,93.46,93.784,0.0,117.46,0.0,22.5,22.5,0.0,0.0,3,0
2022-01-19T19:00:00,0.0,0.0,0.0,106.39,106.708,0.0,130.39,0.0,22.5,22.5,0.0,0.0,3,0
2022-01-19T20:00:00,0.0,0.0,0.0,119.66,119.966,0.0,143.66,0.0,22.6,22.6,0.0,0.0,3,0
2022-01-19T21:00:00,0.0,0.0,0.0,133.14,133.435,0.0,157.14,0.0,22.7,22.7,0.0,0.0,3,0
2022-01-19T22:00:00,0.0,0.0,0.0,146.71,147.015,0.0,170.71,0.0,22.7,22.7,0.0,0.0,0,0
2022-01-19T23:00:00,0.0,0.0,0.0,160.24,160.565,0.0,175.76,0.0,22.7,22.7,0.0,0.0,0,0
2022-01-20T00:00:00,0.0,0.0,0.0,172.81,173.054,0.0,163.19,0.0,22.7,22.7,0.0,0.0,0,0
2022-01-20T01:00:00,0.0,0.0,0.0,170.21,170.197,0.0,165.79,0.0,22.6,22.6,0.0,0.0,0,0
2022-01-20T02:00:00,0.0,0.0,0.0,157.15,157.07,0.0,178.85,0.0,22.6,22.6,0.0,0.0,0,0
2022-01-20T03:00:00,0.0,0.0,0.0,143.58,143.494,0.0,167.58,0.0,22.5,22.5,0.0,0.0,3,0
2022-01-20T04:00:00,0.0,0.0,0.0,130.01,129.929,0.0,154.01,0.0,22.5,22.5,0.0,0.0,3,0
2022-01-20T05:00:00,0.0,0.0,0.0,116.56,116.495,0.0,140.56,0.0,22.5,22.5,0.0,0.0,1,0
2022-01-20T06:00:00,0.0,0.0,0.0,103.35,103.298,0.0,127.35,0.0,22.4,22.4,0.0,0.0,3,0
2022-01-20T07:00:00,0.0,0.0,0.0,89.95,90.471,0.0,113.95,0.0,22.9,22.9,0.0,0.0,3,7
2022-01-20T08:00:00,12.0,101.0,103.0,78.13,78.221,60.742,90.38,97.52,23.4,26.45,501.04,0.501,3,0
2022-01-20T09:00:00,2.0,140.0,141.0,66.79,66.885,52.005,82.535,135.43,23.7,27.93,692.13,0.6921,3,0
2022-01-20T10:00:00,848.0,79.0,543.0,56.87,57.024,40.619,76.069,284.43,24.0,32.89,1428.18,1.4282,1,0
2022-01-20T11:00:00,892.0,85.0,667.0,49.31,49.542,25.726,71.472,370.54,24.3,35.88,1840.51,1.8405,0,0
2022-01-20T12:00:00,909.0,88.0,727.0,45.32,45.631,7.386,69.173,413.67,24.6,37.53,2042.45,2.0425,0,0
2022-01-20T13:00:00,441.0,307.0,615.0,45.83,46.21,347.785,69.426,454.02,24.8,38.99,2229.66,2.2297,3,0
2022-01-20T14:00:00,892.0,79.0,644.0,50.72,51.127,330.195,72.231,353.38,24.9,35.94,1754.85,1.7549,0,0
2022-01-20T15:00:00,841.0,72.0,506.0,58.9,59.309,316.233,77.27,258.59,24.9,32.98,1297.99,1.298,0,0
2022-01-20T16:00:00,737.0,61.0,322.0,69.2,69.607,305.599,84.084,137.11,24.7,28.98,698.14,0.6981,0,0
2022-01-20T17:00:00,501.0,39.0,119.0,80.77,81.214,297.382,92.184,38.34,24.2,25.4,197.72,0.1977,0,0
2022-01-20T18:00:00,0.0,0.0,0.0,93.3,93.633,0.0,117.3,0.0,23.9,23.9,0.0,0.0,0,0
2022-01-20T19:00:00,0.0,0.0,0.0,106.25,106.569,0.0,130.25,0.0,23.8,23.8,0.0,0.0,0,0
2022-01-20T20:00:00,0.0,0.0,0.0,119.53,119.836,0.0,143.53,0.0,23.7,23.7,0.0,0.0,0,0
2022-01-20T21:00:00,0.0,0.0,0.0,133.01,133.312,0.0,157.01,0.0,23.6,23.6,0.0,0.0,0,0
2022-01-20T22:00:00,0.0,0.0,0.0,146.59,146.894,0.0,170.59,0.0,23.5,23.5,0.0,0.0,0,0
2022-01-20T23:00:00,0.0,0.0,0.0,160.11,160.436,0.0,175.89,0.0,23.4,23.4,0.0,0.0,0,0
2022-01-21T00:00:00,0.0,0.0,0.0,172.6,172.863,0.0,163.4,0.0,23.4,23.4,0.0,0.0,0,0
2022-01-21T01:00:00,0.0,0.0,0.0,170.15,170.155,0.0,165.85,0.0,23.3,23.3,0.0,0.0,0,0
2022-01-21T02:00:00,0.0,0.0,0.0,157.15,157.08,0.0,178.85,0.0,23.2,23.2,0.0,0.0,0,0
2022-01-21T03:00:00,0.0,0.0,0.0,143.58,143.51,0.0,167.58,0.0,23.1,23.1,0.0,0.0,0,0
2022-01-21T04:00:00,0.0,0.0,0.0,130.01,129.94,0.0,154.01,0.0,23.0,23.0,0.0,0.0,0,0
2022-01-21T05:00:00,0.0,0.0,0.0,116.55,116.498,0.0,140.55,0.0,23.0,23.0,0.0,0.0,3,0
2022-01-21T06:00:00,0.0,0.0,0.0,103.33,103.287,0.0,127.33,0.0,23.0,23.0,0.0,0.0,7,0
2022-01-21T07:00:00,0.0,0.0,0.0,89.92,90.443,0.0,113.92,0.0,23.5,23.5,0.0,0.0,8,7
2022-01-21T08:00:00,258.0,96.0,149.0,78.07,78.172,60.957,90.249,93.14,24.0,26.91,477.73,0.4777,7,0
2022-01-21T09:00:00,770.0,64.0,369.0,66.69,66.807,52.225,82.376,166.59,24.5,29.71,846.04,0.846,0,0
2022-01-21T10:00:00,864.0,73.0,546.0,56.74,56.911,40.838,75.894,285.13,24.9,33.81,1426.95,1.4269,0,0
2022-01-21T11:00:00,909.0,77.0,672.0,49.14,49.387,25.924,71.277,371.26,25.3,36.9,1837.23,1.8372,0,0
2022-01-21T12:00:00,0.0,162.0,162.0,45.11,45.438,7.521,68.958,156.4,25.6,30.49,792.09,0.7921,3,0
2022-01-21T13:00:00,924.0,81.0,728.0,45.6,45.996,347.823,69.2,411.91,25.7,38.57,2025.98,2.026,1,0
2022-01-21T14:00:00,902.0,77.0,651.0,50.5,50.914,330.149,72.008,357.91,25.8,36.98,1770.63,1.7706,1,0
2022-01-21T15:00:00,852.0,71.0,514.0,58.69,59.11,316.136,77.044,263.39,25.8,34.03,1317.09,1.3171,1,0
2022-01-21T16:00:00,752.0,60.0,329.0,69.01,69.426,305.474,83.866,140.61,25.5,29.89,713.62,0.7136,1,0
2022-01-21T17:00:00,0.0,34.0,34.0,80.6,81.049,297.242,91.976,32.82,24.9,25.93,168.95,0.1689,3,0
2022-01-21T18:00:00,0.0,0.0,0.0,93.15,93.482,0.0,117.15,0.0,24.4,24.4,0.0,0.0,1,0
2022-01-21T19:00:00,0.0,0.0,0.0,106.11,106.429,0.0,130.11,0.0,24.1,24.1,0.0,0.0,0,0
2022-01-21T20:00:00,0.0,0.0,0.0,119.4,119.706,0.0,143.4,0.0,23.8,23.8,0.0,0.0,0,0
2022-01-21T21:00:00,0.0,0.0,0.0,132.89,133.188,0.0,156.89,0.0,23.5,23.5,0.0,0.0,0,0
2022-01-21T22:00:00,0.0,0.0,0.0,146.47,146.773,0.0,170.47,0.0,23.3,23.3,0.0,0.0,0,0
2022-01-21T23:00:00,0.0,0.0,0.0,159.98,160.307,0.0,176.02,0.0,23.0,23.0,0.0,0.0,0,0
2022-01-22T00:00:00,0.0,0.0,0.0,172.4,172.668,0.0,163.6,0.0,22.9,22.9,0.0,0.0,0,0
2022-01-22T01:00:00,0.0,0.0,0.0,170.08,170.103,0.0,165.92,0.0,22.8,22.8,0.0,0.0,3,0
2022-01-22T02:00:00,0.0,0.0,0.0,157.14,157.085,0.0,178.86,0.0,22.8,22.8,0.0,0.0,7,0
2022-01-22T03:00:00,0.0,0.0,0.0,143.59,143.521,0.0,167.59,0.0,22.8,22.8,0.0,0.0,3,0
2022-01-22T04:00:00,0.0,0.0,0.0,130.01,129.947,0.0,154.01,0.0,22.8,22.8,0.0,0.0,7,0
2022-01-22T05:00:00,0.0,0.0,0.0,116.54,116.495,0.0,140.54,0.0,22.8,22.8,0.0,0.0,8,0
2022-01-22T06:00:00,0.0,0.0,0.0,103.3,103.272,0.0,127.3,0.0,22.8,22.8,0.0,0.0,7,0
2022-01-22T07:00:00,0.0,0.0,0.0,89.88,90.411,0.0,113.88,0.0,23.1,23.1,0.0,0.0,7,7
2022-01-22T08:00:00,566.0,47.0,165.0,78.0,78.117,61.175,90.108,46.39,23.6,25.05,239.53,0.2395,0,0
2022-01-22T09:00:00,759.0,66.0,368.0,66.6,66.724,52.447,82.224,169.02,24.0,29.28,859.7,0.8597,0,0
2022-01-22T10:00:00,839.0,80.0,542.0,56.61,56.792,41.06,75.718,288.2,24.4,33.41,1444.41,1.4444,1,0
2022-01-22T11:00:00,879.0,88.0,665.0,48.96,49.226,26.123,71.072,375.07,24.7,36.42,1859.36,1.8594,1,0
2022-01-22T12:00:00,897.0,91.0,727.0,44.89,45.238,7.654,68.733,418.71,24.8,37.88,2064.61,2.0646,0,0
2022-01-22T13:00:00,883.0,97.0,717.0,45.37,45.777,347.858,68.973,415.83,24.8,37.79,2051.1,2.0511,0,0
2022-01-22T14:00:00,30.0,253.0,272.0,50.26,50.697,330.097,71.765,253.8,24.9,32.83,1274.65,1.2746,7,0
2022-01-22T15:00:00,803.0,85.0,505.0,58.48,58.908,316.032,76.818,268.82,24.9,33.3,1347.77,1.3478,0,0
2022-01-22T16:00:00,691.0,72.0,321.0,68.82,69.242,305.343,83.646,148.14,24.6,29.23,753.61,0.7536,0,0
2022-01-22T17:00:00,51.0,84.0,92.0,80.43,80.882,297.095,91.765,81.16,24.0,26.54,416.86,0.4169,8,0
2022-01-22T18:00:00,0.0,0.0,0.0,92.99,93.33,0.0,116.99,0.0,23.6,23.6,0.0,0.0,8,0
2022-01-22T19:00:00,0.0,0.0,0.0,105.97,106.289,0.0,129.97,0.0,23.4,23.4,0.0,0.0,7,0
2022-01-22T20:00:00,0.0,0.0,0.0,119.26,119.576,0.0,143.26,0.0,23.2,23.2,0.0,0.0,7,0
2022-01-22T21:00:00,0.0,0.0,0.0,132.76,133.065,0.0,156.76,0.0,23.0,23.0,0.0,0.0,8,0
2022-01-22T22:00:00,0.0,0.0,0.0,146.35,146.652,0.0,170.35,0.0,22.8,22.8,0.0,0.0,8,0
2022-01-22T23:00:00,0.0,0.0,0.0,159.84,160.176,0.0,176.16,0.0,22.5,22.5,0.0,0.0,7,0
2022-01-23T00:00:00,0.0,0.0,0.0,172.19,172.469,0.0,163.81,0.0,22.3,22.3,0.0,0.0,6,0
2022-01-23T01:00:00,0.0,0.0,0.0,170.0,170.042,0.0,166.0,0.0,22.2,22.2,0.0,0.0,7,0
2022-01-23T02:00:00,0.0,0.0,0.0,157.13,157.083,0.0,178.87,0.0,22.0,22.0,0.0,0.0,6,0
2022-01-23T03:00:00,0.0,0.0,0.0,143.58,143.528,0.0,167.58,0.0,21.9,21.9,0.0,0.0,7,0
2022-01-23T04:00:00,0.0,0.0,0.0,130.0,129.949,0.0,154.0,0.0,21.8,21.8,0.0,0.0,7,0
2022-01-23T05:00:00,0.0,0.0,0.0,116.52,116.489,0.0,140.52,0.0,21.7,21.7,0.0,0.0,7,0
2022-01-23T06:00:00,0.0,0.0,0.0,103.27,103.252,0.0,127.27,0.0,21.7,21.7,0.0,0.0,5,0
2022-01-23T07:00:00,0.0,0.0,0.0,89.84,90.374,0.0,113.84,0.0,22.0,22.0,0.0,0.0,5,7
2022-01-23T08:00:00,520.0,53.0,162.0,77.93,78.058,61.398,89.965,52.43,22.4,24.04,271.65,0.2716,1,0
2022-01-23T09:00:00,25.0,200.0,210.0,66.49,66.636,52.673,82.053,196.63,22.6,28.74,1002.02,1.002,3,0
2022-01-23T10:00:00,828.0,86.0,544.0,56.47,56.667,41.285,75.532,293.85,23.0,32.18,1479.24,1.4792,0,0
2022-01-23T11:00:00,874.0,94.0,670.0,48.78,49.059,26.324,70.867,382.2,23.2,35.14,1903.5,1.9035,0,0
2022-01-23T12:00:00,893.0,98.0,733.0,44.66,45.033,7.786,68.498,427.42,23.1,36.46,2118.58,2.1186,0,0
2022-01-23T13:00:00,165.0,395.0,511.0,45.12,45.552,347.887,68.726,442.21,23.0,36.82,2189.0,2.189,3,0
2022-01-23T14:00:00,0.0,157.0,157.0,50.03,50.476,330.037,71.531,151.57,22.8,27.54,775.72,0.7757,3,0
2022-01-23T15:00:00,16.0,233.0,242.0,58.26,58.703,315.92,76.58,228.73,22.7,29.85,1161.08,1.1611,3,0
2022-01-23T16:00:00,0.0,12.0,12.0,68.63,69.057,305.205,83.424,11.59,22.4,22.76,60.29,0.0603,3,0
2022-01-23T17:00:00,0.0,15.0,15.0,80.26,80.715,296.942,91.552,14.48,22.0,22.45,75.44,0.0754,3,0
2022-01-23T18:00:00,0.0,0.0,0.0,92.83,93.178,0.0,116.83,0.0,21.7,21.7,0.0,0.0,3,0
2022-01-23T19:00:00,0.0,0.0,0.0,105.82,106.15,0.0,129.82,0.0,21.6,21.6,0.0,0.0,3,0
2022-01-23T20:00:00,0.0,0.0,0.0,119.13,119.446,0.0,143.13,0.0,21.4,21.4,0.0,0.0,3,0
2022-01-23T21:00:00,0.0,0.0,0.0,132.64,132.941,0.0,156.64,0.0,21.2,21.2,0.0,0.0,3,0
2022-01-23T22:00:00,0.0,0.0,0.0,146.22,146.53,0.0,170.22,0.0,20.8,20.8,0.0,0.0,3,0
2022-01-23T23:00:00,0.0,0.0,0.0,159.71,160.044,0.0,176.29,0.0,20.3,20.3,0.0,0.0,0,0
2022-01-24T00:00:00,0.0,0.0,0.0,171.98,172.266,0.0,164.02,0.0,19.9,19.9,0.0,0.0,3,0
2022-01-24T01:00:00,0.0,0.0,0.0,169.91,169.97,0.0,166.09,0.0,19.5,19.5,0.0,0.0,1,0
2022-01-24T02:00:00,0.0,0.0,0.0,157.1,157.076,0.0,178.9,0.0,19.1,19.1,0.0,0.0,0,0
2022-01-24T03:00:00,0.0,0.0,0.0,143.57,143.528,0.0,167.57,0.0,18.7,18.7,0.0,0.0,0,0
2022-01-24T04:00:00,0.0,0.0,0.0,129.99,129.947,0.0,153.99,0.0,18.4,18.4,0.0,0.0,0,0
2022-01-24T05:00:00,0.0,0.0,0.0,116.5,116.477,0.0,140.5,0.0,18.2,18.2,0.0,0.0,0,0
2022-01-24T06:00:00,0.0,0.0,0.0,103.23,103.227,0.0,127.23,0.0,17.9,17.9,0.0,0.0,0,0
2022-01-24T07:00:00,0.0,0.0,0.0,89.79,90.332,0.0,113.79,0.0,18.2,18.2,0.0,0.0,1,0
2022-01-24T08:00:00,623.0,51.0,182.0,77.85,77.993,61.624,89.811,52.43,18.6,20.24,275.23,0.2752,0,0
2022-01-24T09:00:00,825.0,69.0,400.0,66.38,66.542,52.903,81.88,186.01,19.0,24.81,961.13,0.9611,0,0
2022-01-24T10:00:00,927.0,76.0,590.0,56.32,56.537,41.513,75.335,312.5,19.4,29.17,1590.14,1.5901,0,0
2022-01-24T11:00:00,972.0,81.0,724.0,48.58,48.886,26.526,70.641,405.96,19.6,32.29,2042.8,2.0428,1,0
2022-01-24T12:00:00,988.0,82.0,788.0,44.43,44.822,7.917,68.263,451.18,19.8,33.9,2257.19,2.2572,0,0
2022-01-24T13:00:00,986.0,82.0,781.0,44.88,45.322,347.912,68.489,446.76,19.9,33.86,2235.41,2.2354,0,0
2022-01-24T14:00:00,962.0,78.0,700.0,49.79,50.251,329.971,71.286,389.34,20.0,32.17,1960.02,1.96,0,0
2022-01-24T15:00:00,1.0,197.0,198.0,58.05,58.496,315.802,76.349,190.43,20.0,25.95,980.07,0.9801,2,0
2022-01-24T16:00:00,816.0,61.0,361.0,68.43,68.87,305.06,83.19,158.24,19.9,24.84,817.54,0.8175,1,0
2022-01-24T17:00:00,594.0,41.0,143.0,80.09,80.547,296.782,91.336,40.46,19.5,20.76,212.04,0.212,0,0
2022-01-24T18:00:00,0.0,0.0,0.0,92.68,93.025,0.0,116.68,0.0,19.2,19.2,0.0,0.0,0,0
2022-01-24T19:00:00,0.0,0.0,0.0,105.68,106.01,0.0,129.68,0.0,19.3,19.3,0.0,0.0,0,0
2022-01-24T20:00:00,0.0,0.0,0.0,119.0,119.316,0.0,143.0,0.0,19.3,19.3,0.0,0.0,0,0
2022-01-24T21:00:00,0.0,0.0,0.0,132.51,132.818,0.0,156.51,0.0,19.5,19.5,0.0,0.0,0,0
2022-01-24T22:00:00,0.0,0.0,0.0,146.1,146.408,0.0,170.1,0.0,19.5,19.5,0.0,0.0,3,0
2022-01-24T23:00:00,0.0,0.0,0.0,159.57,159.91,0.0,176.43,0.0,19.5,19.5,0.0,0.0,3,0
2022-01-25T00:00:00,0.0,0.0,0.0,171.76,172.059,0.0,164.24,0.0,19.4,19.4,0.0,0.0,3,0
2022-01-25T01:00:00,0.0,0.0,0.0,169.81,169.889,0.0,166.19,0.0,19.3,19.3,0.0,0.0,3,0
2022-01-25T02:00:00,0.0,0.0,0.0,157.08,157.062,0.0,178.92,0.0,19.2,19.2,0.0,0.0,3,0
2022-01-25T03:00:00,0.0,0.0,0.0,143.56,143.524,0.0,167.56,0.0,19.1,19.1,0.0,0.0,3,0
2022-01-25T04:00:00,0.0,0.0,0.0,129.97,129.94,0.0,153.97,0.0,19.1,19.1,0.0,0.0,3,0
2022-01-25T05:00:00,0.0,0.0,0.0,116.47,116.461,0.0,140.47,0.0,19.2,19.2,0.0,0.0,3,0
2022-01-25T06:00:00,0.0,0.0,0.0,103.19,103.198,0.0,127.19,0.0,19.4,19.4,0.0,0.0,3,0
2022-01-25T07:00:00,0.0,0.0,0.0,89.74,90.285,0.0,113.74,0.0,19.7,19.7,0.0,0.0,3,7
2022-01-25T08:00:00,616.0,46.0,177.0,77.77,77.924,61.854,89.656,49.24,20.2,21.74,257.19,0.2572,0,0
2022-01-25T09:00:00,799.0,65.0,386.0,66.27,66.443,53.136,81.706,180.79,20.6,26.25,929.46,0.9295,0,0
2022-01-25T10:00:00,888.0,74.0,568.0,56.17,56.401,41.743,75.138,303.48,21.1,30.58,1536.48,1.5365,0,0
2022-01-25T11:00:00,930.0,80.0,698.0,48.39,48.707,26.729,70.426,394.16,21.6,33.92,1971.8,1.9718,0,0
2022-01-25T12:00:00,944.0,84.0,760.0,44.2,44.604,8.046,68.028,440.15,21.9,35.65,2188.05,2.188,0,0
2022-01-25T13:00:00,943.0,83.0,754.0,44.62,45.087,347.931,68.231,435.66,22.3,35.91,2163.69,2.1637,0,0
2022-01-25T14:00:00,919.0,81.0,677.0,49.55,50.023,329.898,71.039,381.95,22.5,34.44,1907.18,1.9072,0,0
2022-01-25T15:00:00,864.0,75.0,535.0,57.83,58.287,315.676,76.108,283.83,22.7,31.57,1431.91,1.4319,0,0
2022-01-25T16:00:00,760.0,65.0,347.0,68.24,68.682,304.909,82.964,158.28,22.6,27.55,810.05,0.8101,0,0
2022-01-25T17:00:00,535.0,43.0,137.0,79.92,80.378,296.616,91.118,42.33,22.3,23.62,219.61,0.2196,0,0
2022-01-25T18:00:00,0.0,0.0,0.0,92.52,92.873,0.0,116.52,0.0,22.2,22.2,0.0,0.0,0,0
2022-01-25T19:00:00,0.0,0.0,0.0,105.54,105.87,0.0,129.54,0.0,22.1,22.1,0.0,0.0,0,0
2022-01-25T20:00:00,0.0,0.0,0.0,118.87,119.186,0.0,142.87,0.0,22.0,22.0,0.0,0.0,0,0
2022-01-25T21:00:00,0.0,0.0,0.0,132.39,132.695,0.0,156.39,0.0,21.9,21.9,0.0,0.0,7,0
2022-01-25T22:00:00,0.0,0.0,0.0,145.98,146.286,0.0,169.98,0.0,21.8,21.8,0.0,0.0,7,0
2022-01-25T23:00:00,0.0,0.0,0.0,159.43,159.776,0.0,176.57,0.0,21.6,21.6,0.0,0.0,7,0
2022-01-26T00:00:00,0.0,0.0,0.0,171.54,171.848,0.0,164.46,0.0,21.5,21.5,0.0,0.0,5,0
2022-01-26T01:00:00,0.0,0.0,0.0,169.69,169.797,0.0,166.31,0.0,21.5,21.5,0.0,0.0,3,0
2022-01-26T02:00:00,0.0,0.0,0.0,157.04,157.041,0.0,178.96,0.0,21.6,21.6,0.0,0.0,7,0
2022-01-26T03:00:00,0.0,0.0,0.0,143.53,143.514,0.0,167.53,0.0,21.6,21.6,0.0,0.0,6,0
2022-01-26T04:00:00,0.0,0.0,0.0,129.94,129.927,0.0,153.94,0.0,21.6,21.6,0.0,0.0,7,0
2022-01-26T05:00:00,0.0,0.0,0.0,116.44,116.44,0.0,140.44,0.0,21.7,21.7,0.0,0.0,7,0
2022-01-26T06:00:00,0.0,0.0,0.0,103.14,103.164,0.0,127.14,0.0,21.8,21.8,0.0,0.0,7,0
2022-01-26T07:00:00,0.0,0.0,0.0,89.69,90.234,0.0,113.69,0.0,22.4,22.4,0.0,0.0,7,7
2022-01-26T08:00:00,7.0,71.0,72.0,77.68,77.849,62.088,89.49,68.62,23.1,25.24,354.01,0.354,7,0
2022-01-26T09:00:00,432.0,159.0,333.0,66.15,66.339,53.372,81.521,218.7,23.6,30.43,1107.83,1.1078,8,0
2022-01-26T10:00:00,844.0,83.0,555.0,56.01,56.259,41.976,74.93,303.65,24.1,33.59,1520.85,1.5209,0,0
2022-01-26T11:00:00,885.0,90.0,680.0,48.18,48.522,26.933,70.19,391.92,24.5,36.75,1940.57,1.9406,0,0
2022-01-26T12:00:00,901.0,94.0,743.0,43.95,44.381,8.173,67.773,437.19,24.8,38.46,2151.18,2.1512,0,0
2022-01-26T13:00:00,895.0,96.0,735.0,44.37,44.847,347.946,67.983,433.72,25.0,38.55,2133.4,2.1334,0,0
2022-01-26T14:00:00,870.0,93.0,660.0,49.3,49.79,329.818,70.782,381.06,25.1,37.01,1884.99,1.885,0,0
2022-01-26T15:00:00,817.0,85.0,523.0,57.61,58.075,315.542,75.864,285.37,25.1,34.02,1427.09,1.4271,0,0
2022-01-26T16:00:00,712.0,72.0,338.0,68.04,68.493,304.75,82.726,161.96,24.7,29.76,822.37,0.8224,0,0
2022-01-26T17:00:00,482.0,47.0,133.0,79.75,80.208,296.443,90.898,46.12,24.0,25.44,237.77,0.2378,0,0
2022-01-26T18:00:00,0.0,0.0,0.0,92.37,92.72,0.0,116.37,0.0,23.5,23.5,0.0,0.0,3,0
2022-01-26T19:00:00,0.0,0.0,0.0,105.4,105.731,0.0,129.4,0.0,23.1,23.1,0.0,0.0,7,0
2022-01-26T20:00:00,0.0,0.0,0.0,118.74,119.057,0.0,142.74,0.0,22.8,22.8,0.0,0.0,8,0
2022-01-26T21:00:00,0.0,0.0,0.0,132.27,132.572,0.0,156.27,0.0,22.6,22.6,0.0,0.0,4,0
2022-01-26T22:00:00,0.0,0.0,0.0,145.85,146.164,0.0,169.85,0.0,22.4,22.4,0.0,0.0,5,0
2022-01-26T23:00:00,0.0,0.0,0.0,159.29,159.64,0.0,176.71,0.0,22.2,22.2,0.0,0.0,0,0
2022-01-27T00:00:00,0.0,0.0,0.0,171.32,171.633,0.0,164.68,0.0,22.1,22.1,0.0,0.0,4,0
2022-01-27T01:00:00,0.0,0.0,0.0,169.57,169.695,0.0,166.43,0.0,22.0,22.0,0.0,0.0,4,0
2022-01-27T02:00:00,0.0,0.0,0.0,157.0,157.013,0.0,179.0,0.0,22.0,22.0,0.0,0.0,3,0
2022-01-27T03:00:00,0.0,0.0,0.0,143.51,143.499,0.0,167.51,0.0,21.9,21.9,0.0,0.0,0,0
2022-01-27T04:00:00,0.0,0.0,0.0,129.91,129.91,0.0,153.91,0.0,21.9,21.9,0.0,0.0,1,0
2022-01-27T05:00:00,0.0,0.0,0.0,116.4,116.414,0.0,140.4,0.0,21.9,21.9,0.0,0.0,0,0
2022-01-27T06:00:00,0.0,0.0,0.0,103.09,103.126,0.0,127.09,0.0,21.9,21.9,0.0,0.0,1,0
2022-01-27T07:00:00,0.0,0.0,0.0,89.63,90.177,0.0,113.63,0.0,22.4,22.4,0.0,0.0,3,7
2022-01-27T08:00:00,0.0,46.0,46.0,77.59,77.77,62.325,89.322,44.41,23.1,24.49,229.73,0.2297,3,0
2022-01-27T09:00:00,0.0,99.0,99.0,66.02,66.23,53.611,81.326,95.58,23.6,26.59,490.79,0.4908,3,0
2022-01-27T10:00:00,830.0,89.0,555.0,55.84,56.112,42.212,74.711,308.81,24.2,33.85,1545.2,1.5452,1,0
2022-01-27T11:00:00,873.0,97.0,681.0,47.97,48.332,27.139,69.954,397.94,24.6,37.04,1968.3,1.9683,1,0
2022-01-27T12:00:00,890.0,101.0,744.0,43.71,44.153,8.299,67.528,443.26,24.9,38.75,2178.71,2.1787,1,0
2022-01-27T13:00:00,82.0,357.0,416.0,44.1,44.602,347.956,67.715,376.26,25.0,36.76,1862.96,1.863,3,0
2022-01-27T14:00:00,871.0,93.0,664.0,49.05,49.554,329.731,70.524,385.13,25.1,37.14,1904.24,1.9042,1,0
2022-01-27T15:00:00,0.0,10.0,10.0,57.38,57.861,315.402,75.61,9.65,25.1,25.4,49.78,0.0498,8,0
2022-01-27T16:00:00,0.0,13.0,13.0,67.85,68.302,304.585,82.496,12.55,24.9,25.29,64.74,0.0647,4,0
2022-01-27T17:00:00,0.0,65.0,65.0,79.57,80.038,296.264,90.666,62.75,24.5,26.46,322.38,0.3224,3,0
2022-01-27T18:00:00,0.0,0.0,0.0,92.21,92.567,0.0,116.21,0.0,24.2,24.2,0.0,0.0,0,0
2022-01-27T19:00:00,0.0,0.0,0.0,105.26,105.591,0.0,129.26,0.0,24.0,24.0,0.0,0.0,0,0
2022-01-27T20:00:00,0.0,0.0,0.0,118.61,118.928,0.0,142.61,0.0,23.7,23.7,0.0,0.0,3,0
2022-01-27T21:00:00,0.0,0.0,0.0,132.14,132.45,0.0,156.14,0.0,23.6,23.6,0.0,0.0,3,0
2022-01-27T22:00:00,0.0,0.0,0.0,145.73,146.042,0.0,169.73,0.0,23.4,23.4,0.0,0.0,1,0
2022-01-27T23:00:00,0.0,0.0,0.0,159.15,159.502,0.0,176.85,0.0,23.3,23.3,0.0,0.0,0,0
2022-01-28T00:00:00,0.0,0.0,0.0,171.09,171.414,0.0,164.91,0.0,23.1,23.1,0.0,0.0,0,0
2022-01-28T01:00:00,0.0,0.0,0.0,169.43,169.582,0.0,166.57,0.0,23.0,23.0,0.0,0.0,0,0
2022-01-28T02:00:00,0.0,0.0,0.0,156.95,156.979,0.0,179.05,0.0,22.9,22.9,0.0,0.0,1,0
2022-01-28T03:00:00,0.0,0.0,0.0,143.47,143.478,0.0,167.47,0.0,22.8,22.8,0.0,0.0,0,0
2022-01-28T04:00:00,0.0,0.0,0.0,129.88,129.888,0.0,153.88,0.0,22.7,22.7,0.0,0.0,3,0
2022-01-28T05:00:00,0.0,0.0,0.0,116.36,116.384,0.0,140.36,0.0,22.6,22.6,0.0,0.0,0,0
2022-01-28T06:00:00,0.0,0.0,0.0,103.04,103.082,0.0,127.04,0.0,22.5,22.5,0.0,0.0,0,0
2022-01-28T07:00:00,0.0,0.0,0.0,89.57,90.116,0.0,113.57,0.0,22.8,22.8,0.0,0.0,8,7
2022-01-28T08:00:00,133.0,109.0,138.0,77.49,77.685,62.565,89.144,107.47,23.1,26.46,552.1,0.5521,8,0
2022-01-28T09:00:00,745.0,75.0,379.0,65.89,66.115,53.854,81.13,189.91,23.4,29.33,965.76,0.9658,0,0
2022-01-28T10:00:00,37.0,265.0,285.0,55.67,55.959,42.45,74.492,265.9,23.8,32.11,1338.88,1.3389,3,0
2022-01-28T11:00:00,873.0,100.0,686.0,47.76,48.135,27.346,69.717,404.23,24.2,36.83,2000.92,2.0009,0,0
2022-01-28T12:00:00,529.0,227.0,611.0,43.45,43.918,8.423,67.263,426.93,24.5,37.84,2105.48,2.1055,8,0
2022-01-28T13:00:00,183.0,330.0,462.0,43.84,44.352,347.96,67.456,389.89,24.6,36.78,1930.26,1.9303,8,7
2022-01-28T14:00:00,853.0,105.0,667.0,48.8,49.315,329.637,70.264,394.27,24.5,36.82,1951.69,1.9517,0,0
2022-01-28T15:00:00,195.0,256.0,362.0,57.16,57.645,315.254,75.363,297.34,24.1,33.39,1490.29,1.4903,7,0
2022-01-28T16:00:00,35.0,152.0,166.0,67.65,68.11,304.412,82.253,151.58,23.5,28.24,773.87,0.7739,7,7
2022-01-28T17:00:00,0.0,39.0,39.0,79.4,79.868,296.079,90.441,37.65,23.0,24.18,194.98,0.195,3,0
2022-01-28T18:00:00,0.0,0.0,0.0,92.06,92.414,0.0,116.06,0.0,22.7,22.7,0.0,0.0,1,0
2022-01-28T19:00:00,0.0,0.0,0.0,105.12,105.452,0.0,129.12,0.0,22.6,22.6,0.0,0.0,0,0
2022-01-28T20:00:00,0.0,0.0,0.0,118.49,118.799,0.0,142.49,0.0,22.6,22.6,0.0,0.0,8,0
2022-01-28T21:00:00,0.0,0.0,0.0,132.02,132.327,0.0,156.02,0.0,22.6,22.6,0.0,0.0,8,0
2022-01-28T22:00:00,0.0,0.0,0.0,145.61,145.919,0.0,169.61,0.0,22.6,22.6,0.0,0.0,7,0
2022-01-28T23:00:00,0.0,0.0,0.0,159.0,159.363,0.0,177.0,0.0,22.6,22.6,0.0,0.0,8,0
2022-01-29T00:00:00,0.0,0.0,0.0,170.85,171.191,0.0,165.15,0.0,22.6,22.6,0.0,0.0,7,0
2022-01-29T01:00:00,0.0,0.0,0.0,169.29,169.46,0.0,166.71,0.0,22.5,22.5,0.0,0.0,7,0
2022-01-29T02:00:00,0.0,0.0,0.0,156.89,156.937,0.0,179.11,0.0,22.3,22.3,0.0,0.0,8,0
2022-01-29T03:00:00,0.0,0.0,0.0,143.43,143.452,0.0,167.43,0.0,21.9,21.9,0.0,0.0,5,0
2022-01-29T04:00:00,0.0,0.0,0.0,129.84,129.86,0.0,153.84,0.0,21.4,21.4,0.0,0.0,3,0
2022-01-29T05:00:00,0.0,0.0,0.0,116.31,116.348,0.0,140.31,0.0,20.8,20.8,0.0,0.0,3,0
2022-01-29T06:00:00,0.0,0.0,0.0,102.97,103.033,0.0,126.97,0.0,19.9,19.9,0.0,0.0,7,0
2022-01-29T07:00:00,0.0,0.0,0.0,89.49,90.05,0.0,113.49,0.0,18.7,18.7,0.0,0.0,5,7
2022-01-29T08:00:00,2.0,87.0,87.0,77.39,77.596,62.809,88.965,84.03,17.7,20.33,441.0,0.441,3,7
2022-01-29T09:00:00,184.0,207.0,283.0,65.76,65.995,54.1,80.933,229.5,17.3,24.47,1187.25,1.1873,7,0
2022-01-29T10:00:00,878.0,94.0,591.0,55.49,55.801,42.691,74.263,333.18,17.1,27.51,1705.32,1.7053,1,0
2022-01-29T11:00:00,186.0,330.0,456.0,47.54,47.933,27.555,69.471,384.9,16.9,28.93,1960.22,1.9602,8,0
2022-01-29T12:00:00,93.0,394.0,462.0,43.19,43.678,8.545,66.998,417.3,16.7,29.74,2119.1,2.1191,5,0
2022-01-29T13:00:00,955.0,101.0,793.0,43.56,44.098,347.959,67.177,473.92,16.5,31.31,2393.15,2.3931,0,0
2022-01-29T14:00:00,296.0,377.0,573.0,48.55,49.072,329.535,70.003,466.88,16.3,30.89,2361.14,2.3611,3,0
2022-01-29T15:00:00,100.0,324.0,378.0,56.93,57.426,315.098,75.104,338.97,16.2,26.79,1739.37,1.7394,3,0
2022-01-29T16:00:00,65.0,177.0,202.0,67.45,67.917,304.233,82.009,180.13,16.1,21.73,940.8,0.9408,8,0
2022-01-29T17:00:00,6.0,68.0,69.0,79.23,79.697,295.887,90.214,65.66,16.0,18.05,347.28,0.3473,8,0
2022-01-29T18:00:00,0.0,0.0,0.0,91.91,92.261,0.0,115.91,0.0,16.0,16.0,0.0,0.0,7,0
2022-01-29T19:00:00,0.0,0.0,0.0,104.98,105.313,0.0,128.98,0.0,16.1,16.1,0.0,0.0,3,0
2022-01-29T20:00:00,0.0,0.0,0.0,118.36,118.671,0.0,142.36,0.0,16.3,16.3,0.0,0.0,7,0
2022-01-29T21:00:00,0.0,0.0,0.0,131.9,132.205,0.0,155.9,0.0,16.3,16.3,0.0,0.0,7,0
2022-01-29T22:00:00,0.0,0.0,0.0,145.48,145.796,0.0,169.48,0.0,16.3,16.3,0.0,0.0,1,0
2022-01-29T23:00:00,0.0,0.0,0.0,158.86,159.223,0.0,177.14,0.0,16.3,16.3,0.0,0.0,1,0
2022-01-30T00:00:00,0.0,0.0,0.0,170.61,170.964,0.0,165.39,0.0,16.2,16.2,0.0,0.0,0,0
2022-01-30T01:00:00,0.0,0.0,0.0,169.13,169.327,0.0,166.87,0.0,16.1,16.1,0.0,0.0,3,0
2022-01-30T02:00:00,0.0,0.0,0.0,156.83,156.889,0.0,179.17,0.0,16.0,16.0,0.0,0.0,3,0
2022-01-30T03:00:00,0.0,0.0,0.0,143.38,143.419,0.0,167.38,0.0,15.8,15.8,0.0,0.0,0,0
2022-01-30T04:00:00,0.0,0.0,0.0,129.79,129.827,0.0,153.79,0.0,15.7,15.7,0.0,0.0,3,0
2022-01-30T05:00:00,0.0,0.0,0.0,116.26,116.308,0.0,140.26,0.0,15.6,15.6,0.0,0.0,0,0
2022-01-30T06:00:00,0.0,0.0,0.0,102.91,102.98,0.0,126.91,0.0,15.6,15.6,0.0,0.0,0,0
2022-01-30T07:00:00,0.0,0.0,0.0,89.41,89.979,70.013,97.447,0.0,16.3,16.3,0.0,0.0,3,7
2022-01-30T08:00:00,607.0,56.0,190.0,77.28,77.502,63.057,88.775,68.2,16.8,18.93,359.64,0.3596,0,0
2022-01-30T09:00:00,154.0,241.0,304.0,65.62,65.87,54.349,80.725,258.03,17.2,25.26,1331.18,1.3312,2,0
2022-01-30T10:00:00,898.0,88.0,599.0,55.31,55.637,42.935,74.033,336.4,17.6,28.11,1718.16,1.7182,0,0
2022-01-30T11:00:00,318.0,369.0,585.0,47.31,47.725,27.764,69.215,470.95,17.9,32.62,2367.06,2.3671,2,0
2022-01-30T12:00:00,118.0,419.0,505.0,42.93,43.432,8.666,66.733,451.87,18.2,32.32,2273.54,2.2735,2,0
2022-01-30T13:00:00,968.0,93.0,797.0,43.29,43.838,347.952,66.908,475.53,18.4,33.26,2384.52,2.3845,0,0
2022-01-30T14:00:00,185.0,391.0,514.0,48.29,48.826,329.426,69.732,442.63,18.5,32.33,2226.97,2.227,2,0
2022-01-30T15:00:00,109.0,323.0,382.0,56.7,57.206,314.935,74.844,340.84,18.6,29.25,1733.81,1.7338,2,0
2022-01-30T16:00:00,135.0,222.0,274.0,67.25,67.724,304.046,81.762,234.11,18.5,25.82,1205.46,1.2055,2,0
2022-01-30T17:00:00,2.0,79.0,80.0,79.05,79.526,295.688,89.975,76.28,18.2,20.58,399.97,0.4,3,0
2022-01-30T18:00:00,0.0,0.0,0.0,91.75,92.108,0.0,115.75,0.0,18.0,18.0,0.0,0.0,0,0
2022-01-30T19:00:00,0.0,0.0,0.0,104.84,105.175,0.0,128.84,0.0,18.0,18.0,0.0,0.0,0,0
2022-01-30T20:00:00,0.0,0.0,0.0,118.23,118.543,0.0,142.23,0.0,18.1,18.1,0.0,0.0,0,0
2022-01-30T21:00:00,0.0,0.0,0.0,131.78,132.083,0.0,155.78,0.0,18.1,18.1,0.0,0.0,1,0
2022-01-30T22:00:00,0.0,0.0,0.0,145.36,145.673,0.0,169.36,0.0,18.1,18.1,0.0,0.0,1,0
2022-01-30T23:00:00,0.0,0.0,0.0,158.71,159.081,0.0,177.29,0.0,18.1,18.1,0.0,0.0,1,0
2022-01-31T00:00:00,0.0,0.0,0.0,170.37,170.733,0.0,165.63,0.0,18.0,18.0,0.0,0.0,1,0
2022-01-31T01:00:00,0.0,0.0,0.0,168.97,169.183,0.0,167.03,0.0,18.0,18.0,0.0,0.0,1,0
2022-01-31T02:00:00,0.0,0.0,0.0,156.76,156.833,0.0,179.24,0.0,18.0,18.0,0.0,0.0,1,0
2022-01-31T03:00:00,0.0,0.0,0.0,143.33,143.381,0.0,167.33,0.0,18.0,18.0,0.0,0.0,1,0
2022-01-31T04:00:00,0.0,0.0,0.0,129.74,129.789,0.0,153.74,0.0,18.0,18.0,0.0,0.0,1,0
2022-01-31T05:00:00,0.0,0.0,0.0,116.2,116.262,0.0,140.2,0.0,18.0,18.0,0.0,0.0,1,0
2022-01-31T06:00:00,0.0,0.0,0.0,102.83,102.922,0.0,126.83,0.0,18.0,18.0,0.0,0.0,1,0
2022-01-31T07:00:00,0.0,0.0,0.0,89.34,89.903,70.266,97.285,0.0,18.7,18.7,0.0,0.0,0,0
2022-01-31T08:00:00,684.0,45.0,197.0,77.16,77.402,63.308,88.574,61.78,19.5,21.43,322.98,0.323,0,0
2022-01-31T09:00:00,861.0,61.0,419.0,65.47,65.74,54.601,80.507,203.99,19.8,26.17,1049.04,1.049,0,0
2022-01-31T10:00:00,946.0,68.0,609.0,55.13,55.468,43.181,73.802,334.21,20.0,30.44,1692.92,1.6929,0,0
2022-01-31T11:00:00,986.0,73.0,744.0,47.08,47.512,27.975,68.958,430.3,20.1,33.55,2155.5,2.1555,0,0
2022-01-31T12:00:00,1001.0,76.0,812.0,42.66,43.181,8.785,66.458,479.55,20.2,35.19,2388.02,2.388,0,0
2022-01-31T13:00:00,1000.0,76.0,807.0,43.01,43.574,347.94,66.628,476.39,20.3,35.19,2372.23,2.3722,0,0
2022-01-31T14:00:00,980.0,74.0,729.0,48.02,48.577,329.309,69.449,421.12,20.3,33.46,2110.16,2.1102,0,0
2022-01-31T15:00:00,934.0,69.0,585.0,56.47,56.984,314.764,74.582,319.39,20.3,30.28,1618.75,1.6188,0,0
2022-01-31T16:00:00,841.0,60.0,387.0,67.05,67.529,303.853,81.514,184.86,20.3,26.08,950.98,0.951,0,0
2022-01-31T17:00:00,636.0,42.0,165.0,78.88,79.355,295.484,89.744,44.46,19.9,21.29,232.55,0.2326,0,0
2022-01-31T18:00:00,0.0,0.0,0.0,91.6,91.956,0.0,115.6,0.0,19.6,19.6,0.0,0.0,0,0
2022-01-31T19:00:00,0.0,0.0,0.0,104.71,105.037,0.0,128.71,0.0,19.6,19.6,0.0,0.0,0,0
2022-01-31T20:00:00,0.0,0.0,0.0,118.1,118.415,0.0,142.1,0.0,19.6,19.6,0.0,0.0,3,0
2022-01-31T21:00:00,0.0,0.0,0.0,131.66,131.961,0.0,155.66,0.0,19.6,19.6,0.0,0.0,1,0
2022-01-31T22:00:00,0.0,0.0,0.0,145.23,145.549,0.0,169.23,0.0,19.6,19.6,0.0,0.0,3,0
2022-01-31T23:00:00,0.0,0.0,0.0,158.56,158.937,0.0,177.44,0.0,19.6,19.6,0.0,0.0,3,0
2022-02-01T00:00:00,0.0,0.0,0.0,170.13,170.497,0.0,165.87,0.0,19.6,19.6,0.0,0.0,3,0
2022-02-01T01:00:00,0.0,0.0,0.0,168.79,169.03,0.0,167.21,0.0,19.6,19.6,0.0,0.0,3,0
2022-02-01T02:00:00,0.0,0.0,0.0,156.67,156.77,0.0,179.33,0.0,19.6,19.6,0.0,0.0,3,0
2022-02-01T03:00:00,0.0,0.0,0.0,143.27,143.337,0.0,167.27,0.0,19.7,19.7,0.0,0.0,1,0
2022-02-01T04:00:00,0.0,0.0,0.0,129.68,129.746,0.0,153.68,0.0,19.8,19.8,0.0,0.0,0,0
2022-02-01T05:00:00,0.0,0.0,0.0,116.13,116.212,0.0,140.13,0.0,19.9,19.9,0.0,0.0,0,0
2022-02-01T06:00:00,0.0,0.0,0.0,102.76,102.859,0.0,126.76,0.0,19.9,19.9,0.0,0.0,8,0
2022-02-01T07:00:00,0.0,0.0,0.0,89.26,89.822,70.523,97.112,0.0,20.4,20.4,0.0,0.0,8,7
2022-02-01T08:00:00,646.0,49.0,194.0,77.04,77.298,63.562,88.372,66.91,20.9,22.99,347.92,0.3479,0,0
2022-02-01T09:00:00,831.0,66.0,413.0,65.32,65.605,54.856,80.287,206.91,21.3,27.77,1058.11,1.0581,0,0
2022-02-01T10:00:00,915.0,76.0,601.0,54.93,55.294,43.43,73.552,336.99,21.6,32.13,1696.72,1.6967,0,0
2022-02-01T11:00:00,957.0,81.0,736.0,46.84,47.293,28.187,68.691,431.63,21.8,35.29,2148.56,2.1486,0,0
2022-02-01T12:00:00,256.0,347.0,536.0,42.38,42.924,8.902,66.173,440.05,22.0,35.75,2186.8,2.1868,7,0
2022-02-01T13:00:00,590.0,213.0,647.0,42.72,43.305,347.922,66.338,446.17,22.2,36.14,2214.07,2.2141,8,0
2022-02-01T14:00:00,413.0,264.0,542.0,47.76,48.325,329.184,69.175,404.1,22.3,34.93,2014.16,2.0142,8,0
2022-02-01T15:00:00,376.0,219.0,428.0,56.24,56.76,314.586,74.318,314.87,22.2,32.04,1585.83,1.5858,8,0
2022-02-01T16:00:00,529.0,138.0,346.0,66.86,67.334,303.653,81.272,215.3,22.1,28.83,1096.85,1.0968,7,0
2022-02-01T17:00:00,99.0,105.0,124.0,78.71,79.183,295.273,89.509,102.38,21.7,24.9,528.86,0.5289,8,7
2022-02-01T18:00:00,0.0,0.0,0.0,91.45,91.803,0.0,115.45,0.0,21.6,21.6,0.0,0.0,8,0
2022-02-01T19:00:00,0.0,0.0,0.0,104.57,104.899,0.0,128.57,0.0,21.6,21.6,0.0,0.0,8,0
2022-02-01T20:00:00,0.0,0.0,0.0,117.98,118.288,0.0,141.98,0.0,21.5,21.5,0.0,0.0,7,0
2022-02-01T21:00:00,0.0,0.0,0.0,131.53,131.84,0.0,155.53,0.0,21.5,21.5,0.0,0.0,6,0
2022-02-01T22:00:00,0.0,0.0,0.0,145.11,145.425,0.0,169.11,0.0,21.4,21.4,0.0,0.0,6,0
2022-02-01T23:00:00,0.0,0.0,0.0,158.41,158.792,0.0,177.59,0.0,21.3,21.3,0.0,0.0,7,0
2022-02-02T00:00:00,0.0,0.0,0.0,169.87,170.258,0.0,166.13,0.0,21.2,21.2,0.0,0.0,8,0
2022-02-02T01:00:00,0.0,0.0,0.0,168.6,168.866,0.0,167.4,0.0,21.1,21.1,0.0,0.0,7,0
2022-02-02T02:00:00,0.0,0.0,0.0,156.59,156.699,0.0,179.41,0.0,20.9,20.9,0.0,0.0,4,0
2022-02-02T03:00:00,0.0,0.0,0.0,143.21,143.287,0.0,167.21,0.0,20.8,20.8,0.0,0.0,3,0
2022-02-02T04:00:00,0.0,0.0,0.0,129.62,129.697,0.0,153.62,0.0,20.8,20.8,0.0,0.0,0,0
2022-02-02T05:00:00,0.0,0.0,0.0,116.06,116.156,0.0,140.06,0.0,20.8,20.8,0.0,0.0,0,0
2022-02-02T06:00:00,0.0,0.0,0.0,102.67,102.791,0.0,126.67,0.0,21.0,21.0,0.0,0.0,0,0
2022-02-02T07:00:00,0.0,0.0,0.0,89.17,89.737,70.783,96.929,0.0,21.6,21.6,0.0,0.0,0,0
2022-02-02T08:00:00,625.0,51.0,192.0,76.92,77.188,63.819,88.169,70.42,22.4,24.6,364.15,0.3642,0,0
2022-02-02T09:00:00,811.0,69.0,410.0,65.16,65.464,55.115,80.057,209.59,22.9,29.45,1065.42,1.0654,0,0
2022-02-02T10:00:00,899.0,78.0,597.0,54.74,55.114,43.682,73.31,337.98,23.2,33.76,1691.72,1.6917,0,0
2022-02-02T11:00:00,942.0,84.0,731.0,46.59,47.068,28.4,68.415,433.24,23.3,36.84,2144.44,2.1444,0,0
2022-02-02T12:00:00,955.0,87.0,796.0,42.1,42.662,9.017,65.889,480.25,23.5,38.51,2362.64,2.3626,0,0
2022-02-02T13:00:00,951.0,88.0,791.0,42.43,43.032,347.898,66.048,477.11,23.5,38.41,2348.05,2.348,0,0
2022-02-02T14:00:00,931.0,85.0,714.0,47.49,48.069,329.052,68.89,422.8,23.6,36.81,2092.98,2.093,0,0
2022-02-02T15:00:00,882.0,78.0,571.0,56.01,56.535,314.4,74.052,321.9,23.5,33.56,1612.44,1.6124,0,0
2022-02-02T16:00:00,794.0,66.0,380.0,66.66,67.138,303.446,81.019,190.38,23.4,29.35,968.12,0.9681,0,0
2022-02-02T17:00:00,590.0,46.0,163.0,78.54,79.012,295.055,89.273,52.91,22.9,24.55,273.63,0.2736,0,0
2022-02-02T18:00:00,0.0,0.0,0.0,91.29,91.651,0.0,115.29,0.0,22.7,22.7,0.0,0.0,0,0
2022-02-02T19:00:00,0.0,0.0,0.0,104.43,104.762,0.0,128.43,0.0,22.6,22.6,0.0,0.0,0,0
2022-02-02T20:00:00,0.0,0.0,0.0,117.85,118.161,0.0,141.85,0.0,22.5,22.5,0.0,0.0,0,0
2022-02-02T21:00:00,0.0,0.0,0.0,131.41,131.718,0.0,155.41,0.0,22.5,22.5,0.0,0.0,0,0
2022-02-02T22:00:00,0.0,0.0,0.0,144.98,145.301,0.0,168.98,0.0,22.4,22.4,0.0,0.0,0,0
2022-02-02T23:00:00,0.0,0.0,0.0,158.25,158.644,0.0,177.75,0.0,22.3,22.3,0.0,0.0,0,0
2022-02-03T00:00:00,0.0,0.0,0.0,169.62,170.014,0.0,166.38,0.0,22.2,22.2,0.0,0.0,0,0
2022-02-03T01:00:00,0.0,0.0,0.0,168.41,168.693,0.0,167.59,0.0,22.2,22.2,0.0,0.0,0,0
2022-02-03T02:00:00,0.0,0.0,0.0,156.49,156.621,0.0,179.51,0.0,22.1,22.1,0.0,0.0,0,0
2022-02-03T03:00:00,0.0,0.0,0.0,143.14,143.23,0.0,167.14,0.0,22.1,22.1,0.0,0.0,0,0
2022-02-03T04:00:00,0.0,0.0,0.0,129.55,129.643,0.0,153.55,0.0,22.0,22.0,0.0,0.0,0,0
2022-02-03T05:00:00,0.0,0.0,0.0,115.99,116.095,0.0,139.99,0.0,22.0,22.0,0.0,0.0,0,0
2022-02-03T06:00:00,0.0,0.0,0.0,102.59,102.718,0.0,126.59,0.0,22.0,22.0,0.0,0.0,0,0
2022-02-03T07:00:00,0.0,0.0,0.0,89.08,89.646,71.046,96.744,0.0,22.6,22.6,0.0,0.0,0,0
2022-02-03T08:00:00,634.0,49.0,194.0,76.79,77.074,64.079,87.956,71.18,23.1,25.32,367.12,0.3671,0,0
2022-02-03T09:00:00,804.0,69.0,408.0,65.0,65.319,55.376,79.827,211.55,23.4,30.01,1073.25,1.0733,0,0
2022-02-03T10:00:00,889.0,78.0,594.0,54.53,54.929,43.936,73.048,338.97,23.7,34.29,1693.41,1.6934,0,0
2022-02-03T11:00:00,921.0,88.0,724.0,46.35,46.838,28.614,68.147,433.27,23.8,37.34,2140.67,2.1407,0,0
2022-02-03T12:00:00,931.0,94.0,788.0,41.81,42.394,9.13,65.594,481.44,24.0,39.04,2363.82,2.3638,0,0
2022-02-03T13:00:00,937.0,89.0,784.0,42.14,42.755,347.869,65.758,476.66,24.1,39.0,2340.79,2.3408,1,0
2022-02-03T14:00:00,1.0,219.0,220.0,47.22,47.811,328.912,68.604,211.8,24.1,30.72,1071.79,1.0718,3,0
2022-02-03T15:00:00,858.0,82.0,565.0,55.78,56.308,314.206,73.784,322.94,24.1,34.19,1613.93,1.6139,0,0
2022-02-03T16:00:00,758.0,71.0,374.0,66.46,66.941,303.231,80.764,192.83,23.9,29.93,978.56,0.9786,0,0
2022-02-03T17:00:00,543.0,50.0,159.0,78.37,78.84,294.832,89.034,58.37,23.5,25.32,301.05,0.3011,0,0
2022-02-03T18:00:00,0.0,0.0,0.0,91.14,91.5,0.0,115.14,0.0,23.2,23.2,0.0,0.0,0,0
2022-02-03T19:00:00,0.0,0.0,0.0,104.3,104.626,0.0,128.3,0.0,23.1,23.1,0.0,0.0,0,0
2022-02-03T20:00:00,0.0,0.0,0.0,117.73,118.035,0.0,141.73,0.0,23.1,23.1,0.0,0.0,0,0
2022-02-03T21:00:00,0.0,0.0,0.0,131.29,131.597,0.0,155.29,0.0,22.9,22.9,0.0,0.0,0,0
2022-02-03T22:00:00,0.0,0.0,0.0,144.85,145.176,0.0,168.85,0.0,22.8,22.8,0.0,0.0,0,0
2022-02-03T23:00:00,0.0,0.0,0.0,158.1,158.495,0.0,177.9,0.0,22.7,22.7,0.0,0.0,0,0
2022-02-04T00:00:00,0.0,0.0,0.0,169.36,169.766,0.0,166.64,0.0,22.6,22.6,0.0,0.0,0,0
2022-02-04T01:00:00,0.0,0.0,0.0,168.2,168.51,0.0,167.8,0.0,22.5,22.5,0.0,0.0,0,0
2022-02-04T02:00:00,0.0,0.0,0.0,156.38,156.535,0.0,179.62,0.0,22.4,22.4,0.0,0.0,0,0
2022-02-04T03:00:00,0.0,0.0,0.0,143.06,143.168,0.0,167.06,0.0,22.4,22.4,0.0,0.0,0,0
2022-02-04T04:00:00,0.0,0.0,0.0,129.48,129.583,0.0,153.48,0.0,22.3,22.3,0.0,0.0,0,0
2022-02-04T05:00:00,0.0,0.0,0.0,115.91,116.029,0.0,139.91,0.0,22.3,22.3,0.0,0.0,0,0
2022-02-04T06:00:00,0.0,0.0,0.0,102.49,102.64,0.0,126.49,0.0,22.3,22.3,0.0,0.0,0,0
2022-02-04T07:00:00,41.0,11.0,12.0,88.98,89.551,71.312,96.548,10.63,22.9,23.23,55.22,0.0552,0,0
2022-02-04T08:00:00,553.0,61.0,188.0,76.66,76.955,64.343,87.741,81.79,23.4,25.96,420.93,0.4209,0,0
2022-02-04T09:00:00,762.0,82.0,406.0,64.83,65.169,55.64,79.585,219.71,23.6,30.47,1112.84,1.1128,0,0
2022-02-04T10:00:00,864.0,90.0,593.0,54.33,54.739,44.192,72.796,346.79,23.9,34.74,1729.72,1.7297,0,0
2022-02-04T11:00:00,910.0,96.0,727.0,46.09,46.602,28.83,67.861,441.08,24.1,37.88,2174.92,2.1749,0,0
2022-02-04T12:00:00,929.0,100.0,795.0,41.52,42.121,9.24,65.3,490.76,24.3,39.64,2404.32,2.4043,0,0
2022-02-04T13:00:00,932.0,96.0,790.0,41.84,42.473,347.833,65.457,485.81,24.4,39.58,2380.6,2.3806,0,0
2022-02-04T14:00:00,912.0,92.0,714.0,46.95,47.55,328.764,68.316,431.16,24.4,37.87,2126.09,2.1261,0,0
2022-02-04T15:00:00,866.0,83.0,573.0,55.54,56.08,314.005,73.505,330.25,24.4,34.72,1647.31,1.6473,0,0
2022-02-04T16:00:00,774.0,71.0,383.0,66.26,66.744,303.01,80.506,198.91,24.2,30.42,1007.65,1.0076,0,0
2022-02-04T17:00:00,56.0,110.0,121.0,78.2,78.669,294.602,88.793,107.47,23.8,27.16,550.76,0.5508,2,0
2022-02-04T18:00:00,0.0,0.0,0.0,90.99,91.349,0.0,114.99,0.0,23.3,23.3,0.0,0.0,0,0
2022-02-04T19:00:00,0.0,0.0,0.0,104.16,104.49,0.0,128.16,0.0,23.1,23.1,0.0,0.0,0,0
2022-02-04T20:00:00,0.0,0.0,0.0,117.6,117.909,0.0,141.6,0.0,23.0,23.0,0.0,0.0,0,0
2022-02-04T21:00:00,0.0,0.0,0.0,131.17,131.476,0.0,155.17,0.0,22.9,22.9,0.0,0.0,0,0
2022-02-04T22:00:00,0.0,0.0,0.0,144.73,145.051,0.0,168.73,0.0,22.7,22.7,0.0,0.0,0,0
2022-02-04T23:00:00,0.0,0.0,0.0,157.94,158.344,0.0,178.06,0.0,22.6,22.6,0.0,0.0,0,0
2022-02-05T00:00:00,0.0,0.0,0.0,169.1,169.514,0.0,166.9,0.0,22.4,22.4,0.0,0.0,0,0
2022-02-05T01:00:00,0.0,0.0,0.0,167.98,168.317,0.0,168.02,0.0,22.3,22.3,0.0,0.0,0,0
2022-02-05T02:00:00,0.0,0.0,0.0,156.27,156.441,0.0,179.73,0.0,22.2,22.2,0.0,0.0,0,0
2022-02-05T03:00:00,0.0,0.0,0.0,142.97,143.099,0.0,166.97,0.0,22.2,22.2,0.0,0.0,0,0
2022-02-05T04:00:00,0.0,0.0,0.0,129.39,129.518,0.0,153.39,0.0,22.2,22.2,0.0,0.0,0,0
2022-02-05T05:00:00,0.0,0.0,0.0,115.82,115.958,0.0,139.82,0.0,22.2,22.2,0.0,0.0,0,0
2022-02-05T06:00:00,0.0,0.0,0.0,102.4,102.557,0.0,126.4,0.0,22.2,22.2,0.0,0.0,0,0
2022-02-05T07:00:00,131.0,12.0,14.0,88.88,89.45,71.582,96.352,11.6,22.5,22.86,60.36,0.0604,0,0
2022-02-05T08:00:00,655.0,50.0,202.0,76.52,76.831,64.609,87.515,77.98,23.0,25.44,402.06,0.4021,0,0
2022-02-05T09:00:00,833.0,67.0,423.0,64.66,65.013,55.906,79.343,221.81,23.4,30.33,1123.98,1.124,0,0
2022-02-05T10:00:00,924.0,72.0,614.0,54.11,54.544,44.451,72.523,351.69,23.7,34.69,1754.47,1.7545,0,0
2022-02-05T11:00:00,963.0,78.0,749.0,45.83,46.362,29.046,67.573,448.49,24.0,38.02,2210.38,2.2104,0,0
2022-02-05T12:00:00,980.0,80.0,818.0,41.22,41.843,9.349,64.995,497.86,24.3,39.86,2437.11,2.4371,0,0
2022-02-05T13:00:00,980.0,80.0,813.0,41.54,42.187,347.791,65.155,495.33,24.4,39.88,2424.54,2.4245,0,0
2022-02-05T14:00:00,959.0,78.0,736.0,46.68,47.287,328.608,68.028,439.81,24.5,38.24,2165.8,2.1658,0,0
2022-02-05T15:00:00,912.0,72.0,591.0,55.31,55.851,313.795,73.233,337.08,24.5,35.03,1679.49,1.6795,0,0
2022-02-05T16:00:00,824.0,63.0,397.0,66.06,66.547,302.782,80.246,203.31,24.3,30.65,1029.06,1.0291,0,0
2022-02-05T17:00:00,632.0,45.0,176.0,78.03,78.498,294.366,88.55,60.57,23.7,25.59,312.14,0.3121,0,0
2022-02-05T18:00:00,0.0,0.0,0.0,90.84,91.198,0.0,114.84,0.0,23.2,23.2,0.0,0.0,0,0
2022-02-05T19:00:00,0.0,0.0,0.0,104.03,104.354,0.0,128.03,0.0,23.1,23.1,0.0,0.0,0,0
2022-02-05T20:00:00,0.0,0.0,0.0,117.48,117.784,0.0,141.48,0.0,23.0,23.0,0.0,0.0,1,0
2022-02-05T21:00:00,0.0,0.0,0.0,131.05,131.355,0.0,155.05,0.0,22.9,22.9,0.0,0.0,0,0
2022-02-05T22:00:00,0.0,0.0,0.0,144.6,144.925,0.0,168.6,0.0,22.8,22.8,0.0,0.0,0,0
2022-02-05T23:00:00,0.0,0.0,0.0,157.78,158.191,0.0,178.22,0.0,22.7,22.7,0.0,0.0,0,0
2022-02-06T00:00:00,0.0,0.0,0.0,168.83,169.258,0.0,167.17,0.0,22.5,22.5,0.0,0.0,0,0
2022-02-06T01:00:00,0.0,0.0,0.0,167.76,168.115,0.0,168.24,0.0,22.4,22.4,0.0,0.0,0,0
2022-02-06T02:00:00,0.0,0.0,0.0,156.15,156.34,0.0,179.85,0.0,22.2,22.2,0.0,0.0,0,0
2022-02-06T03:00:00,0.0,0.0,0.0,142.88,143.023,0.0,166.88,0.0,22.1,22.1,0.0,0.0,0,0
2022-02-06T04:00:00,0.0,0.0,0.0,129.31,129.447,0.0,153.31,0.0,22.0,22.0,0.0,0.0,3,0
2022-02-06T05:00:00,0.0,0.0,0.0,115.73,115.882,0.0,139.73,0.0,22.0,22.0,0.0,0.0,3,0
2022-02-06T06:00:00,0.0,0.0,0.0,102.29,102.469,0.0,126.29,0.0,22.0,22.0,0.0,0.0,3,0
2022-02-06T07:00:00,186.0,11.0,15.0,88.77,89.345,71.854,96.144,10.65,22.8,23.13,55.38,0.0554,1,0
2022-02-06T08:00:00,31.0,125.0,132.0,76.37,76.702,64.879,87.279,122.21,23.4,27.22,626.16,0.6262,3,0
2022-02-06T09:00:00,60.0,233.0,259.0,64.49,64.853,56.176,79.1,236.51,23.8,31.19,1194.83,1.1948,3,0
2022-02-06T10:00:00,555.0,186.0,514.0,53.9,54.343,44.712,72.259,351.52,24.2,35.18,1750.44,1.7504,7,0
2022-02-06T11:00:00,924.0,83.0,730.0,45.57,46.115,29.264,67.286,442.51,24.6,38.43,2177.61,2.1776,0,0
2022-02-06T12:00:00,943.0,85.0,798.0,40.92,41.559,9.456,64.691,491.36,24.8,40.16,2402.68,2.4027,0,0
2022-02-06T13:00:00,941.0,86.0,793.0,41.24,41.896,347.742,64.854,489.0,24.9,40.18,2390.9,2.3909,1,0
2022-02-06T14:00:00,916.0,84.0,716.0,46.4,47.021,328.443,67.728,433.73,25.0,38.55,2133.43,2.1334,0,0
2022-02-06T15:00:00,864.0,80.0,575.0,55.07,55.62,313.578,72.95,334.84,24.9,35.36,1666.31,1.6663,1,0
2022-02-06T16:00:00,1.0,138.0,139.0,65.86,66.35,302.548,79.984,133.41,24.8,28.97,679.33,0.6793,3,0
2022-02-06T17:00:00,17.0,106.0,109.0,77.86,78.328,294.124,88.304,102.86,24.3,27.51,526.49,0.5265,3,0
2022-02-06T18:00:00,0.0,0.0,0.0,90.12,91.048,0.0,114.12,0.0,23.9,23.9,0.0,0.0,3,0
2022-02-06T19:00:00,0.0,0.0,0.0,103.9,104.22,0.0,127.9,0.0,23.7,23.7,0.0,0.0,3,0
2022-02-06T20:00:00,0.0,0.0,0.0,117.36,117.66,0.0,141.36,0.0,23.5,23.5,0.0,0.0,3,0
2022-02-06T21:00:00,0.0,0.0,0.0,130.93,131.235,0.0,154.93,0.0,23.3,23.3,0.0,0.0,3,0
2022-02-06T22:00:00,0.0,0.0,0.0,144.47,144.799,0.0,168.47,0.0,23.2,23.2,0.0,0.0,3,0
2022-02-06T23:00:00,0.0,0.0,0.0,157.62,158.035,0.0,178.38,0.0,23.1,23.1,0.0,0.0,3,0
2022-02-07T00:00:00,0.0,0.0,0.0,168.56,168.997,0.0,167.44,0.0,23.1,23.1,0.0,0.0,0,0
2022-02-07T01:00:00,0.0,0.0,0.0,167.52,167.903,0.0,168.48,0.0,23.0,23.0,0.0,0.0,3,0
2022-02-07T02:00:00,0.0,0.0,0.0,156.02,156.231,0.0,179.98,0.0,23.0,23.0,0.0,0.0,0,0
2022-02-07T03:00:00,0.0,0.0,0.0,142.78,142.942,0.0,166.78,0.0,22.9,22.9,0.0,0.0,0,0
2022-02-07T04:00:00,0.0,0.0,0.0,129.22,129.37,0.0,153.22,0.0,22.8,22.8,0.0,0.0,0,0
2022-02-07T05:00:00,0.0,0.0,0.0,115.64,115.801,0.0,139.64,0.0,22.7,22.7,0.0,0.0,0,0
2022-02-07T06:00:00,0.0,0.0,0.0,102.19,102.376,0.0,126.19,0.0,22.6,22.6,0.0,0.0,0,0
2022-02-07T07:00:00,157.0,12.0,16.0,88.66,89.235,72.13,95.936,11.62,23.2,23.56,60.3,0.0603,0,0
2022-02-07T08:00:00,662.0,47.0,205.0,76.22,76.569,65.151,87.042,80.9,23.7,26.23,415.94,0.4159,0,0
2022-02-07T09:00:00,833.0,62.0,424.0,64.3,64.688,56.448,78.837,224.26,24.0,31.01,1133.67,1.1337,0,0
2022-02-07T10:00:00,919.0,68.0,613.0,53.67,54.138,44.976,71.976,354.71,24.4,35.48,1764.44,1.7644,0,0
2022-02-07T11:00:00,962.0,73.0,749.0,45.3,45.864,29.483,66.989,452.38,24.6,38.74,2223.66,2.2237,0,0
2022-02-07T12:00:00,981.0,75.0,819.0,40.62,41.271,9.56,64.387,502.92,24.8,40.52,2455.93,2.4559,0,0
2022-02-07T13:00:00,981.0,76.0,817.0,40.93,41.602,347.687,64.542,501.47,24.9,40.57,2448.32,2.4483,0,0
2022-02-07T14:00:00,965.0,73.0,742.0,46.13,46.752,328.271,67.436,446.54,24.9,38.85,2194.02,2.194,0,0
2022-02-07T15:00:00,923.0,68.0,599.0,54.84,55.389,313.353,72.675,345.11,24.8,35.58,1716.03,1.716,0,0
2022-02-07T16:00:00,840.0,59.0,405.0,65.66,66.152,302.306,79.72,209.86,24.6,31.16,1060.31,1.0603,0,0
2022-02-07T17:00:00,657.0,43.0,183.0,77.69,78.158,293.876,88.056,65.01,24.0,26.03,334.49,0.3345,0,0
2022-02-07T18:00:00,0.0,0.0,0.0,90.0,90.899,0.0,114.0,0.0,23.6,23.6,0.0,0.0,0,0
2022-02-07T19:00:00,0.0,0.0,0.0,103.76,104.085,0.0,127.76,0.0,23.4,23.4,0.0,0.0,0,0
2022-02-07T20:00:00,0.0,0.0,0.0,117.23,117.536,0.0,141.23,0.0,23.3,23.3,0.0,0.0,0,0
2022-02-07T21:00:00,0.0,0.0,0.0,130.81,131.114,0.0,154.81,0.0,23.2,23.2,0.0,0.0,0,0
2022-02-07T22:00:00,0.0,0.0,0.0,144.35,144.672,0.0,168.35,0.0,23.2,23.2,0.0,0.0,0,0
2022-02-07T23:00:00,0.0,0.0,0.0,157.46,157.878,0.0,178.54,0.0,23.2,23.2,0.0,0.0,0,0
2022-02-08T00:00:00,0.0,0.0,0.0,168.28,168.733,0.0,167.72,0.0,23.2,23.2,0.0,0.0,3,0
2022-02-08T01:00:00,0.0,0.0,0.0,167.28,167.683,0.0,168.72,0.0,23.2,23.2,0.0,0.0,3,0
2022-02-08T02:00:00,0.0,0.0,0.0,155.88,156.113,0.0,179.88,0.0,23.1,23.1,0.0,0.0,3,0
2022-02-08T03:00:00,0.0,0.0,0.0,142.68,142.854,0.0,166.68,0.0,23.1,23.1,0.0,0.0,1,0
2022-02-08T04:00:00,0.0,0.0,0.0,129.12,129.288,0.0,153.12,0.0,23.0,23.0,0.0,0.0,0,0
2022-02-08T05:00:00,0.0,0.0,0.0,115.53,115.714,0.0,139.53,0.0,22.9,22.9,0.0,0.0,1,0
2022-02-08T06:00:00,0.0,0.0,0.0,102.07,102.278,0.0,126.07,0.0,22.7,22.7,0.0,0.0,3,0
2022-02-08T07:00:00,192.0,12.0,17.0,88.54,89.12,72.408,95.717,11.63,23.3,23.66,60.33,0.0603,0,0
2022-02-08T08:00:00,679.0,44.0,207.0,76.07,76.43,65.426,86.804,81.74,23.7,26.25,420.23,0.4202,0,0
2022-02-08T09:00:00,840.0,57.0,423.0,64.12,64.518,56.724,78.582,224.48,23.9,30.92,1135.18,1.1352,0,0
2022-02-08T10:00:00,911.0,66.0,609.0,53.45,53.928,45.242,71.701,354.44,24.1,35.18,1765.05,1.765,1,0
2022-02-08T11:00:00,953.0,68.0,742.0,45.02,45.607,29.703,66.681,448.72,24.4,38.42,2208.2,2.2082,0,0
2022-02-08T12:00:00,471.0,332.0,691.0,40.31,40.977,9.662,64.072,529.56,24.7,41.25,2579.0,2.579,3,0
2022-02-08T13:00:00,963.0,76.0,808.0,40.61,41.304,347.626,64.219,498.54,25.1,40.68,2433.04,2.433,1,0
2022-02-08T14:00:00,0.0,53.0,53.0,45.85,46.481,328.09,67.134,51.17,25.4,27.0,262.37,0.2624,3,0
2022-02-08T15:00:00,0.0,28.0,28.0,54.6,55.156,313.121,72.387,27.03,25.5,26.34,138.93,0.1389,3,0
2022-02-08T16:00:00,821.0,58.0,399.0,65.46,65.955,302.057,79.453,209.22,25.4,31.94,1054.11,1.0541,1,0
2022-02-08T17:00:00,643.0,42.0,181.0,77.52,77.988,293.622,87.806,66.37,25.0,27.07,340.22,0.3402,0,0
2022-02-08T18:00:00,0.0,0.0,0.0,89.88,90.75,0.0,113.88,0.0,24.6,24.6,0.0,0.0,1,0
2022-02-08T19:00:00,0.0,0.0,0.0,103.63,103.952,0.0,127.63,0.0,24.4,24.4,0.0,0.0,0,0
2022-02-08T20:00:00,0.0,0.0,0.0,117.11,117.412,0.0,141.11,0.0,24.2,24.2,0.0,0.0,0,0
2022-02-08T21:00:00,0.0,0.0,0.0,130.7,130.994,0.0,154.7,0.0,24.0,24.0,0.0,0.0,3,0
2022-02-08T22:00:00,0.0,0.0,0.0,144.22,144.544,0.0,168.22,0.0,23.7,23.7,0.0,0.0,0,0
2022-02-08T23:00:00,0.0,0.0,0.0,157.29,157.718,0.0,178.71,0.0,23.5,23.5,0.0,0.0,5,0
2022-02-09T00:00:00,0.0,0.0,0.0,168.0,168.464,0.0,168.0,0.0,23.3,23.3,0.0,0.0,3,0
2022-02-09T01:00:00,0.0,0.0,0.0,167.03,167.453,0.0,168.97,0.0,23.1,23.1,0.0,0.0,4,0
2022-02-09T02:00:00,0.0,0.0,0.0,155.74,155.988,0.0,179.74,0.0,23.0,23.0,0.0,0.0,8,0
2022-02-09T03:00:00,0.0,0.0,0.0,142.56,142.759,0.0,166.56,0.0,22.9,22.9,0.0,0.0,0,0
2022-02-09T04:00:00,0.0,0.0,0.0,129.01,129.2,0.0,153.01,0.0,22.9,22.9,0.0,0.0,5,0
2022-02-09T05:00:00,0.0,0.0,0.0,115.43,115.622,0.0,139.43,0.0,22.8,22.8,0.0,0.0,3,0
2022-02-09T06:00:00,0.0,0.0,0.0,101.96,102.176,0.0,125.96,0.0,22.8,22.8,0.0,0.0,0,0
2022-02-09T07:00:00,161.0,13.0,17.0,88.42,89.001,72.689,95.497,12.59,23.4,23.79,65.26,0.0653,0,0
2022-02-09T08:00:00,628.0,49.0,202.0,75.91,76.287,65.703,86.556,86.36,23.8,26.5,443.59,0.4436,1,0
2022-02-09T09:00:00,125.0,238.0,292.0,63.93,64.344,57.001,78.317,255.55,24.2,32.19,1286.4,1.2864,3,0
2022-02-09T10:00:00,576.0,175.0,519.0,53.21,53.712,45.51,71.407,355.58,24.6,35.71,1767.27,1.7673,7,0
2022-02-09T11:00:00,909.0,83.0,729.0,44.74,45.346,29.924,66.374,450.01,25.0,39.06,2209.38,2.2094,0,0
2022-02-09T12:00:00,105.0,386.0,467.0,39.99,40.679,9.762,63.748,419.79,25.3,38.42,2065.91,2.0659,3,0
2022-02-09T13:00:00,0.0,35.0,35.0,40.3,41.001,347.558,63.906,33.79,25.4,26.46,173.59,0.1736,5,0
2022-02-09T14:00:00,0.0,18.0,18.0,45.57,46.209,327.9,66.83,17.38,25.3,25.84,89.47,0.0895,7,7
2022-02-09T15:00:00,1.0,183.0,183.0,54.36,54.923,312.88,72.098,176.98,25.1,30.63,895.87,0.8959,5,0
2022-02-09T16:00:00,83.0,179.0,214.0,65.27,65.757,301.802,79.194,188.67,24.7,30.6,955.18,0.9552,8,0
2022-02-09T17:00:00,89.0,108.0,127.0,77.35,77.819,293.362,87.553,108.23,24.1,27.48,554.01,0.554,7,0
2022-02-09T18:00:00,0.0,0.0,0.0,89.75,90.603,0.0,113.75,0.0,23.5,23.5,0.0,0.0,8,7
2022-02-09T19:00:00,0.0,0.0,0.0,103.5,103.82,0.0,127.5,0.0,23.2,23.2,0.0,0.0,8,0
2022-02-09T20:00:00,0.0,0.0,0.0,116.99,117.289,0.0,140.99,0.0,22.9,22.9,0.0,0.0,0,0
2022-02-09T21:00:00,0.0,0.0,0.0,130.58,130.874,0.0,154.58,0.0,22.7,22.7,0.0,0.0,0,0
2022-02-09T22:00:00,0.0,0.0,0.0,144.09,144.416,0.0,168.09,0.0,22.6,22.6,0.0,0.0,1,0
2022-02-09T23:00:00,0.0,0.0,0.0,157.12,157.556,0.0,178.88,0.0,22.5,22.5,0.0,0.0,0,0
2022-02-10T00:00:00,0.0,0.0,0.0,167.72,168.192,0.0,168.28,0.0,22.5,22.5,0.0,0.0,0,0
2022-02-10T01:00:00,0.0,0.0,0.0,166.77,167.216,0.0,169.23,0.0,22.4,22.4,0.0,0.0,0,0
2022-02-10T02:00:00,0.0,0.0,0.0,155.59,155.856,0.0,179.59,0.0,22.4,22.4,0.0,0.0,0,0
2022-02-10T03:00:00,0.0,0.0,0.0,142.45,142.658,0.0,166.45,0.0,22.3,22.3,0.0,0.0,0,0
2022-02-10T04:00:00,0.0,0.0,0.0,128.91,129.107,0.0,152.91,0.0,22.3,22.3,0.0,0.0,0,0
2022-02-10T05:00:00,0.0,0.0,0.0,115.31,115.525,0.0,139.31,0.0,22.3,22.3,0.0,0.0,0,0
2022-02-10T06:00:00,0.0,0.0,0.0,101.83,102.068,0.0,125.83,0.0,22.4,22.4,0.0,0.0,3,0
2022-02-10T07:00:00,104.0,14.0,17.0,88.29,88.876,72.973,95.266,13.54,23.1,23.52,70.29,0.0703,0,0
2022-02-10T08:00:00,583.0,57.0,200.0,75.75,76.139,65.984,86.306,93.83,23.5,26.43,482.06,0.4821,0,0
2022-02-10T09:00:00,769.0,75.0,415.0,63.73,64.164,57.282,78.042,234.68,23.9,31.23,1185.4,1.1854,0,0
2022-02-10T10:00:00,876.0,78.0,605.0,52.98,53.492,45.781,71.122,363.3,24.2,35.55,1806.69,1.8067,1,0
2022-02-10T11:00:00,917.0,83.0,738.0,44.46,45.079,30.146,66.066,457.8,24.5,38.81,2249.75,2.2497,0,0
2022-02-10T12:00:00,934.0,86.0,805.0,39.67,40.376,9.859,63.425,507.09,24.7,40.55,2476.01,2.476,0,0
2022-02-10T13:00:00,931.0,88.0,802.0,39.98,40.696,347.483,63.583,505.33,24.8,40.59,2466.99,2.467,1,0
2022-02-10T14:00:00,908.0,87.0,726.0,45.28,45.934,327.702,66.514,451.37,24.8,38.91,2217.32,2.2173,0,0
2022-02-10T15:00:00,858.0,82.0,585.0,54.13,54.689,312.631,71.816,351.26,24.8,35.78,1745.41,1.7454,0,0
2022-02-10T16:00:00,763.0,72.0,393.0,65.07,65.56,301.54,78.923,218.88,24.5,31.34,1105.18,1.1052,0,0
2022-02-10T17:00:00,564.0,52.0,177.0,77.19,77.65,293.096,87.308,77.77,24.0,26.43,399.6,0.3996,0,0
2022-02-10T18:00:00,0.0,0.0,0.0,89.63,90.456,0.0,113.63,0.0,23.6,23.6,0.0,0.0,0,0
2022-02-10T19:00:00,0.0,0.0,0.0,103.38,103.688,0.0,127.38,0.0,23.5,23.5,0.0,0.0,0,0
2022-02-10T20:00:00,0.0,0.0,0.0,116.87,117.167,0.0,140.87,0.0,23.5,23.5,0.0,0.0,0,0
2022-02-10T21:00:00,0.0,0.0,0.0,130.46,130.754,0.0,154.46,0.0,23.5,23.5,0.0,0.0,0,0
2022-02-10T22:00:00,0.0,0.0,0.0,143.96,144.287,0.0,167.96,0.0,23.3,23.3,0.0,0.0,0,0
2022-02-10T23:00:00,0.0,0.0,0.0,156.95,157.392,0.0,179.05,0.0,23.2,23.2,0.0,0.0,0,0
2022-02-11T00:00:00,0.0,0.0,0.0,167.43,167.915,0.0,168.57,0.0,23.1,23.1,0.0,0.0,0,0
2022-02-11T01:00:00,0.0,0.0,0.0,166.5,166.969,0.0,169.5,0.0,23.0,23.0,0.0,0.0,0,0
2022-02-11T02:00:00,0.0,0.0,0.0,155.43,155.715,0.0,179.43,0.0,22.9,22.9,0.0,0.0,0,0
2022-02-11T03:00:00,0.0,0.0,0.0,142.32,142.551,0.0,166.32,0.0,22.8,22.8,0.0,0.0,0,0
2022-02-11T04:00:00,0.0,0.0,0.0,128.79,129.007,0.0,152.79,0.0,22.8,22.8,0.0,0.0,3,0
2022-02-11T05:00:00,0.0,0.0,0.0,115.2,115.423,0.0,139.2,0.0,22.9,22.9,0.0,0.0,0,0
2022-02-11T06:00:00,0.0,0.0,0.0,101.71,101.956,0.0,125.71,0.0,23.0,23.0,0.0,0.0,0,0
2022-02-11T07:00:00,165.0,14.0,19.0,88.16,88.747,73.259,95.035,13.56,23.6,24.02,70.25,0.0703,1,0
2022-02-11T08:00:00,21.0,126.0,131.0,75.58,75.987,66.267,86.046,123.13,24.0,27.85,629.49,0.6295,3,0
2022-02-11T09:00:00,805.0,66.0,425.0,63.53,63.98,57.565,77.766,237.41,24.4,31.82,1196.67,1.1967,0,0
2022-02-11T10:00:00,870.0,81.0,608.0,52.74,53.268,46.055,70.826,368.5,24.7,36.22,1828.13,1.8281,0,0
2022-02-11T11:00:00,912.0,86.0,740.0,44.17,44.808,30.37,65.748,463.28,25.0,39.48,2271.03,2.271,0,0
2022-02-11T12:00:00,258.0,342.0,542.0,39.35,40.068,9.954,63.101,448.63,25.1,39.12,2202.11,2.2021,8,0
2022-02-11T13:00:00,941.0,79.0,804.0,39.66,40.386,347.401,63.26,505.94,25.2,41.01,2466.14,2.4661,1,0
2022-02-11T14:00:00,822.0,103.0,685.0,45.0,45.657,327.495,66.208,436.08,25.2,38.83,2142.85,2.1428,7,0
2022-02-11T15:00:00,0.0,96.0,96.0,53.89,54.455,312.374,71.523,92.68,25.2,28.1,473.39,0.4734,3,0
2022-02-11T16:00:00,69.0,228.0,257.0,64.87,65.363,301.271,78.649,233.95,25.1,32.41,1176.71,1.1767,3,0
2022-02-11T17:00:00,596.0,47.0,181.0,77.02,77.482,292.824,87.051,77.2,24.8,27.21,395.54,0.3955,0,0
2022-02-11T18:00:00,0.0,0.0,0.0,89.51,90.309,0.0,113.51,0.0,24.6,24.6,0.0,0.0,1,0
2022-02-11T19:00:00,0.0,0.0,0.0,103.25,103.557,0.0,127.25,0.0,24.6,24.6,0.0,0.0,3,0
2022-02-11T20:00:00,0.0,0.0,0.0,116.75,117.045,0.0,140.75,0.0,24.5,24.5,0.0,0.0,3,0
2022-02-11T21:00:00,0.0,0.0,0.0,130.34,130.635,0.0,154.34,0.0,24.5,24.5,0.0,0.0,3,0
2022-02-11T22:00:00,0.0,0.0,0.0,143.83,144.158,0.0,167.83,0.0,24.5,24.5,0.0,0.0,7,0
2022-02-11T23:00:00,0.0,0.0,0.0,156.78,157.225,0.0,179.22,0.0,24.3,24.3,0.0,0.0,8,0
2022-02-12T00:00:00,0.0,0.0,0.0,167.14,167.634,0.0,168.86,0.0,24.2,24.2,0.0,0.0,5,0
2022-02-12T01:00:00,0.0,0.0,0.0,166.23,166.715,0.0,169.77,0.0,24.1,24.1,0.0,0.0,8,0
2022-02-12T02:00:00,0.0,0.0,0.0,155.26,155.566,0.0,179.26,0.0,24.0,24.0,0.0,0.0,7,0
2022-02-12T03:00:00,0.0,0.0,0.0,142.19,142.437,0.0,166.19,0.0,23.9,23.9,0.0,0.0,8,0
2022-02-12T04:00:00,0.0,0.0,0.0,128.67,128.902,0.0,152.67,0.0,23.9,23.9,0.0,0.0,4,0
2022-02-12T05:00:00,0.0,0.0,0.0,115.07,115.315,0.0,139.07,0.0,23.9,23.9,0.0,0.0,5,0
2022-02-12T06:00:00,0.0,0.0,0.0,101.57,101.838,0.0,125.57,0.0,23.9,23.9,0.0,0.0,8,0
2022-02-12T07:00:00,0.0,9.0,9.0,88.02,88.614,73.548,94.793,8.69,24.5,24.77,44.9,0.0449,3,7
2022-02-12T08:00:00,642.0,48.0,210.0,75.41,75.83,66.552,85.785,94.93,24.8,27.77,485.42,0.4854,0,0
2022-02-12T09:00:00,0.0,17.0,17.0,63.33,63.792,57.851,77.488,16.41,25.2,25.71,84.54,0.0845,3,0
2022-02-12T10:00:00,866.0,79.0,606.0,52.49,53.038,46.33,70.52,369.61,25.5,37.05,1828.09,1.8281,1,0
2022-02-12T11:00:00,0.0,42.0,42.0,43.88,44.531,30.594,65.431,40.55,25.7,26.97,207.94,0.2079,3,0
2022-02-12T12:00:00,1.0,255.0,256.0,39.02,39.755,10.047,62.767,246.65,25.9,33.61,1235.26,1.2353,3,0
2022-02-12T13:00:00,200.0,347.0,501.0,39.33,40.073,347.311,62.926,427.36,26.1,39.46,2095.14,2.0951,7,0
2022-02-12T14:00:00,0.0,62.0,62.0,44.72,45.378,327.279,65.899,59.86,26.3,28.17,305.65,0.3057,8,0
2022-02-12T15:00:00,0.0,15.0,15.0,53.65,54.22,312.11,71.228,14.48,26.4,26.85,74.29,0.0743,7,7
2022-02-12T16:00:00,0.0,88.0,89.0,64.68,65.167,300.995,78.383,84.97,26.3,28.96,432.67,0.4327,3,0
2022-02-12T17:00:00,4.0,60.0,61.0,76.86,77.315,292.546,86.801,58.16,25.9,27.72,297.45,0.2975,7,7
2022-02-12T18:00:00,0.0,0.0,0.0,89.39,90.164,0.0,113.39,0.0,25.5,25.5,0.0,0.0,3,7
2022-02-12T19:00:00,0.0,0.0,0.0,103.12,103.427,0.0,127.12,0.0,25.2,25.2,0.0,0.0,3,0
2022-02-12T20:00:00,0.0,0.0,0.0,116.64,116.924,0.0,140.64,0.0,25.0,25.0,0.0,0.0,0,0
2022-02-12T21:00:00,0.0,0.0,0.0,130.22,130.515,0.0,154.22,0.0,24.8,24.8,0.0,0.0,0,0
2022-02-12T22:00:00,0.0,0.0,0.0,143.69,144.027,0.0,167.69,0.0,24.7,24.7,0.0,0.0,0,0
2022-02-12T23:00:00,0.0,0.0,0.0,156.6,157.055,0.0,179.4,0.0,24.6,24.6,0.0,0.0,0,0
2022-02-13T00:00:00,0.0,0.0,0.0,166.85,167.349,0.0,169.15,0.0,24.5,24.5,0.0,0.0,0,0
2022-02-13T01:00:00,0.0,0.0,0.0,165.95,166.453,0.0,170.05,0.0,24.4,24.4,0.0,0.0,7,0
2022-02-13T02:00:00,0.0,0.0,0.0,155.08,155.41,0.0,179.08,0.0,24.4,24.4,0.0,0.0,0,0
2022-02-13T03:00:00,0.0,0.0,0.0,142.05,142.317,0.0,166.05,0.0,24.4,24.4,0.0,0.0,0,0
2022-02-13T04:00:00,0.0,0.0,0.0,128.54,128.792,0.0,152.54,0.0,24.4,24.4,0.0,0.0,0,0
2022-02-13T05:00:00,0.0,0.0,0.0,114.95,115.203,0.0,138.95,0.0,24.4,24.4,0.0,0.0,0,0
2022-02-13T06:00:00,0.0,0.0,0.0,101.44,101.716,0.0,125.44,0.0,24.5,24.5,0.0,0.0,0,0
2022-02-13T07:00:00,1.0,13.0,14.0,87.88,88.476,73.84,94.55,12.56,24.8,25.19,64.81,0.0648,8,7
2022-02-13T08:00:00,629.0,52.0,212.0,75.24,75.669,66.84,85.523,100.68,25.1,28.25,513.99,0.514,0,0
2022-02-13T09:00:00,785.0,72.0,427.0,63.12,63.599,58.139,77.201,246.48,25.3,33.0,1237.12,1.2371,0,0
2022-02-13T10:00:00,519.0,191.0,509.0,52.24,52.804,46.609,70.214,362.83,25.6,36.94,1795.28,1.7953,7,0
2022-02-13T11:00:00,323.0,360.0,595.0,43.58,44.25,30.82,65.103,485.56,25.9,41.07,2366.26,2.3663,3,0
2022-02-13T12:00:00,905.0,101.0,807.0,38.69,39.438,10.137,62.434,522.42,26.1,42.43,2533.12,2.5331,1,0
2022-02-13T13:00:00,900.0,102.0,801.0,39.01,39.757,347.215,62.601,518.68,26.2,42.41,2515.14,2.5151,1,0
2022-02-13T14:00:00,201.0,323.0,466.0,44.43,45.098,327.055,65.58,396.16,26.1,38.48,1949.18,1.9492,7,0
2022-02-13T15:00:00,0.0,41.0,41.0,53.42,53.985,311.837,70.94,39.58,26.0,27.24,202.79,0.2028,6,0
2022-02-13T16:00:00,0.0,7.0,7.0,64.48,64.97,300.713,78.105,6.76,25.8,26.01,34.77,0.0348,7,0
2022-02-13T17:00:00,32.0,107.0,114.0,76.7,77.149,292.263,86.549,105.29,25.3,28.59,536.84,0.5368,8,0
2022-02-13T18:00:00,0.0,0.0,0.0,89.26,90.02,0.0,113.26,0.0,24.9,24.9,0.0,0.0,7,7
2022-02-13T19:00:00,0.0,0.0,0.0,103.0,103.298,0.0,127.0,0.0,24.8,24.8,0.0,0.0,7,0
2022-02-13T20:00:00,0.0,0.0,0.0,116.52,116.804,0.0,140.52,0.0,24.6,24.6,0.0,0.0,8,0
2022-02-13T21:00:00,0.0,0.0,0.0,130.1,130.395,0.0,154.1,0.0,24.3,24.3,0.0,0.0,8,0
2022-02-13T22:00:00,0.0,0.0,0.0,143.56,143.896,0.0,167.56,0.0,23.9,23.9,0.0,0.0,7,0
2022-02-13T23:00:00,0.0,0.0,0.0,156.42,156.884,0.0,179.58,0.0,23.5,23.5,0.0,0.0,1,0
2022-02-14T00:00:00,0.0,0.0,0.0,166.55,167.061,0.0,169.45,0.0,23.3,23.3,0.0,0.0,0,0
2022-02-14T01:00:00,0.0,0.0,0.0,165.66,166.183,0.0,170.34,0.0,23.1,23.1,0.0,0.0,3,0
2022-02-14T02:00:00,0.0,0.0,0.0,154.9,155.246,0.0,178.9,0.0,22.9,22.9,0.0,0.0,0,0
2022-02-14T03:00:00,0.0,0.0,0.0,141.91,142.19,0.0,165.91,0.0,22.7,22.7,0.0,0.0,0,0
2022-02-14T04:00:00,0.0,0.0,0.0,128.41,128.676,0.0,152.41,0.0,22.5,22.5,0.0,0.0,0,0
2022-02-14T05:00:00,0.0,0.0,0.0,114.81,115.085,0.0,138.81,0.0,22.3,22.3,0.0,0.0,0,0
2022-02-14T06:00:00,0.0,0.0,0.0,101.3,101.589,0.0,125.3,0.0,22.0,22.0,0.0,0.0,0,0
2022-02-14T07:00:00,0.0,12.0,12.0,87.73,88.333,74.134,94.297,11.59,22.3,22.66,60.31,0.0603,3,7
2022-02-14T08:00:00,602.0,64.0,219.0,75.06,75.503,67.131,85.251,112.97,22.5,26.03,581.24,0.5812,0,0
2022-02-14T09:00:00,0.0,134.0,135.0,62.91,63.402,58.43,76.913,129.37,22.7,26.74,663.98,0.664,2,0
2022-02-14T10:00:00,868.0,100.0,635.0,51.99,52.566,46.889,69.907,399.37,22.9,35.38,1987.31,1.9873,1,0
2022-02-14T11:00:00,24.0,354.0,371.0,43.28,43.964,31.047,64.775,352.13,23.0,34.0,1761.02,1.761,2,0
2022-02-14T12:00:00,923.0,118.0,841.0,38.35,39.116,10.224,62.09,552.2,23.0,40.26,2699.19,2.6992,0,0
2022-02-14T13:00:00,8.0,357.0,363.0,38.68,39.437,347.111,62.266,348.43,22.9,33.79,1743.86,1.7439,3,0
2022-02-14T14:00:00,165.0,418.0,536.0,44.14,44.816,326.821,65.259,473.62,22.8,37.6,2337.8,2.3378,3,0
2022-02-14T15:00:00,69.0,330.0,372.0,53.18,53.75,311.557,70.64,341.82,22.6,33.28,1713.93,1.7139,2,0
2022-02-14T16:00:00,780.0,85.0,423.0,64.29,64.775,300.424,77.835,249.35,22.2,29.99,1265.11,1.2651,0,0
2022-02-14T17:00:00,581.0,61.0,196.0,76.54,76.984,291.974,86.294,97.61,21.7,24.75,504.46,0.5045,0,0
2022-02-14T18:00:00,0.0,0.0,0.0,89.13,89.876,285.114,95.288,0.0,21.3,21.3,0.0,0.0,0,0
2022-02-14T19:00:00,0.0,0.0,0.0,102.87,103.169,0.0,126.87,0.0,21.1,21.1,0.0,0.0,3,0
2022-02-14T20:00:00,0.0,0.0,0.0,116.4,116.684,0.0,140.4,0.0,20.9,20.9,0.0,0.0,3,0
2022-02-14T21:00:00,0.0,0.0,0.0,129.99,130.276,0.0,153.99,0.0,20.8,20.8,0.0,0.0,1,0
2022-02-14T22:00:00,0.0,0.0,0.0,143.43,143.764,0.0,167.43,0.0,20.6,20.6,0.0,0.0,3,0
2022-02-14T23:00:00,0.0,0.0,0.0,156.24,156.709,0.0,179.76,0.0,20.6,20.6,0.0,0.0,3,0
2022-02-15T00:00:00,0.0,0.0,0.0,166.25,166.768,0.0,169.75,0.0,20.7,20.7,0.0,0.0,3,0
2022-02-15T01:00:00,0.0,0.0,0.0,165.36,165.905,0.0,170.64,0.0,20.7,20.7,0.0,0.0,3,0
2022-02-15T02:00:00,0.0,0.0,0.0,154.71,155.074,0.0,178.71,0.0,20.7,20.7,0.0,0.0,3,0
2022-02-15T03:00:00,0.0,0.0,0.0,141.76,142.056,0.0,165.76,0.0,20.8,20.8,0.0,0.0,3,0
2022-02-15T04:00:00,0.0,0.0,0.0,128.27,128.554,0.0,152.27,0.0,21.0,21.0,0.0,0.0,3,0
2022-02-15T05:00:00,0.0,0.0,0.0,114.68,114.962,0.0,138.68,0.0,21.1,21.1,0.0,0.0,8,0
2022-02-15T06:00:00,0.0,0.0,0.0,101.15,101.458,0.0,125.15,0.0,21.3,21.3,0.0,0.0,8,0
2022-02-15T07:00:00,0.0,16.0,16.0,87.58,88.185,74.43,94.043,15.45,21.7,22.18,80.55,0.0805,8,7
2022-02-15T08:00:00,20.0,108.0,113.0,74.87,75.333,67.424,84.968,106.06,22.1,25.41,546.89,0.5469,7,0
2022-02-15T09:00:00,343.0,195.0,352.0,62.7,63.2,58.723,76.623,268.97,22.3,30.71,1361.14,1.3611,8,0
2022-02-15T10:00:00,182.0,285.0,398.0,51.73,52.323,47.172,69.59,339.59,22.5,33.11,1703.78,1.7038,8,0
2022-02-15T11:00:00,689.0,191.0,695.0,42.98,43.674,31.276,64.447,485.95,22.7,37.89,2396.16,2.3962,7,0
2022-02-15T12:00:00,190.0,460.0,609.0,38.01,38.79,10.309,61.747,535.32,22.9,39.63,2622.72,2.6227,2,0
2022-02-15T13:00:00,2.0,319.0,321.0,38.34,39.114,346.999,61.921,308.93,23.0,32.65,1552.49,1.5525,3,0
2022-02-15T14:00:00,885.0,117.0,755.0,43.86,44.533,326.579,64.946,493.24,23.0,38.41,2427.41,2.4274,0,0
2022-02-15T15:00:00,677.0,159.0,567.0,52.95,53.515,311.268,70.348,384.71,22.9,34.92,1917.55,1.9175,7,0
2022-02-15T16:00:00,0.0,16.0,16.0,64.1,64.58,300.128,77.562,15.45,22.8,23.28,80.24,0.0802,5,0
2022-02-15T17:00:00,1.0,44.0,44.0,76.38,76.819,291.679,86.038,42.55,22.6,23.93,220.53,0.2205,7,7
2022-02-15T18:00:00,0.0,0.0,0.0,89.01,89.734,284.816,95.06,0.0,22.4,22.4,0.0,0.0,8,7
2022-02-15T19:00:00,0.0,0.0,0.0,102.75,103.042,0.0,126.75,0.0,22.4,22.4,0.0,0.0,3,0
2022-02-15T20:00:00,0.0,0.0,0.0,116.28,116.564,0.0,140.28,0.0,22.4,22.4,0.0,0.0,3,0
2022-02-15T21:00:00,0.0,0.0,0.0,129.87,130.156,0.0,153.87,0.0,22.4,22.4,0.0,0.0,3,0
2022-02-15T22:00:00,0.0,0.0,0.0,143.29,143.63,0.0,167.29,0.0,22.3,22.3,0.0,0.0,3,0
2022-02-15T23:00:00,0.0,0.0,0.0,156.06,156.532,0.0,179.94,0.0,22.3,22.3,0.0,0.0,3,0
2022-02-16T00:00:00,0.0,0.0,0.0,165.94,166.472,0.0,170.06,0.0,22.2,22.2,0.0,0.0,0,0
2022-02-16T01:00:00,0.0,0.0,0.0,165.06,165.621,0.0,170.94,0.0,22.1,22.1,0.0,0.0,8,0
2022-02-16T02:00:00,0.0,0.0,0.0,154.51,154.894,0.0,178.51,0.0,22.0,22.0,0.0,0.0,8,0
2022-02-16T03:00:00,0.0,0.0,0.0,141.6,141.917,0.0,165.6,0.0,22.1,22.1,0.0,0.0,3,0
2022-02-16T04:00:00,0.0,0.0,0.0,128.13,128.426,0.0,152.13,0.0,22.1,22.1,0.0,0.0,3,0
2022-02-16T05:00:00,0.0,0.0,0.0,114.53,114.834,0.0,138.53,0.0,22.2,22.2,0.0,0.0,7,0
2022-02-16T06:00:00,0.0,0.0,0.0,101.0,101.321,0.0,125.0,0.0,22.3,22.3,0.0,0.0,3,0
2022-02-16T07:00:00,0.0,13.0,13.0,87.42,88.034,74.728,93.779,12.55,22.7,23.09,65.24,0.0652,3,7
2022-02-16T08:00:00,426.0,88.0,200.0,74.69,75.158,67.719,84.694,125.32,23.0,26.92,642.77,0.6428,0,0
2022-02-16T09:00:00,146.0,222.0,289.0,62.48,62.994,59.019,76.324,249.42,23.3,31.09,1260.48,1.2605,8,7
2022-02-16T10:00:00,769.0,123.0,602.0,51.47,52.076,47.458,69.272,395.06,23.6,35.95,1961.86,1.9619,1,0
2022-02-16T11:00:00,44.0,311.0,343.0,42.67,43.379,31.505,64.109,319.73,23.7,33.69,1600.8,1.6008,7,0
2022-02-16T12:00:00,22.0,309.0,327.0,37.66,38.459,10.392,61.394,309.0,23.9,33.56,1547.83,1.5478,8,0
2022-02-16T13:00:00,7.0,241.0,247.0,38.01,38.788,346.88,61.585,236.05,24.0,31.38,1191.69,1.1917,8,7
2022-02-16T14:00:00,2.0,163.0,165.0,43.57,44.248,326.327,64.622,158.24,24.1,29.04,805.53,0.8055,7,0
2022-02-16T15:00:00,0.0,58.0,58.0,52.71,53.279,310.972,70.044,55.99,24.1,25.85,288.28,0.2883,7,0
2022-02-16T16:00:00,673.0,99.0,395.0,63.91,64.386,299.826,77.287,246.25,24.1,31.8,1241.31,1.2413,1,0
2022-02-16T17:00:00,462.0,71.0,181.0,76.22,76.656,291.379,85.779,103.5,24.0,27.23,530.26,0.5303,0,0
2022-02-16T18:00:00,20.0,11.0,11.0,88.89,89.593,284.512,94.83,10.62,23.8,24.13,55.0,0.055,0,0
2022-02-16T19:00:00,0.0,0.0,0.0,102.62,102.915,0.0,126.62,0.0,23.7,23.7,0.0,0.0,1,0
2022-02-16T20:00:00,0.0,0.0,0.0,116.17,116.446,0.0,140.17,0.0,23.6,23.6,0.0,0.0,0,0
2022-02-16T21:00:00,0.0,0.0,0.0,129.75,130.037,0.0,153.75,0.0,23.5,23.5,0.0,0.0,3,1
2022-02-16T22:00:00,0.0,0.0,0.0,143.16,143.496,0.0,167.16,0.0,23.4,23.4,0.0,0.0,3,0
2022-02-16T23:00:00,0.0,0.0,0.0,155.87,156.352,0.0,179.87,0.0,23.3,23.3,0.0,0.0,1,0
2022-02-17T00:00:00,0.0,0.0,0.0,165.63,166.171,0.0,170.37,0.0,23.3,23.3,0.0,0.0,3,0
2022-02-17T01:00:00,0.0,0.0,0.0,164.76,165.329,0.0,171.24,0.0,23.3,23.3,0.0,0.0,3,0
2022-02-17T02:00:00,0.0,0.0,0.0,154.3,154.707,0.0,178.3,0.0,23.3,23.3,0.0,0.0,0,0
2022-02-17T03:00:00,0.0,0.0,0.0,141.44,141.77,0.0,165.44,0.0,23.3,23.3,0.0,0.0,0,0
2022-02-17T04:00:00,0.0,0.0,0.0,127.98,128.293,0.0,151.98,0.0,23.3,23.3,0.0,0.0,0,0
2022-02-17T05:00:00,0.0,0.0,0.0,114.39,114.701,0.0,138.39,0.0,23.2,23.2,0.0,0.0,0,0
2022-02-17T06:00:00,0.0,0.0,0.0,100.85,101.18,0.0,124.85,0.0,23.3,23.3,0.0,0.0,0,0
2022-02-17T07:00:00,118.0,20.0,26.0,87.26,87.878,75.029,93.514,19.36,23.8,24.41,100.18,0.1002,0,0
2022-02-17T08:00:00,565.0,66.0,217.0,74.5,74.98,68.017,84.41,120.06,24.2,27.95,613.57,0.6136,1,0
2022-02-17T09:00:00,737.0,90.0,433.0,62.25,62.784,59.317,76.014,267.97,24.6,32.97,1345.11,1.3451,0,0
2022-02-17T10:00:00,4.0,256.0,259.0,51.21,51.825,47.746,68.953,248.61,24.9,32.67,1249.3,1.2493,3,0
2022-02-17T11:00:00,868.0,112.0,753.0,42.35,43.08,31.736,63.761,497.43,25.1,40.64,2427.94,2.4279,0,0
2022-02-17T12:00:00,886.0,116.0,821.0,37.32,38.124,10.471,61.051,546.93,25.3,42.39,2652.29,2.6523,0,0
2022-02-17T13:00:00,3.0,323.0,326.0,37.67,38.459,346.753,61.239,313.3,25.5,35.29,1559.53,1.5595,2,0
2022-02-17T14:00:00,898.0,95.0,748.0,43.28,43.963,326.066,64.296,486.84,25.5,40.71,2375.67,2.3757,0,0
2022-02-17T15:00:00,853.0,88.0,607.0,52.48,53.044,310.668,69.748,384.71,25.4,37.42,1900.2,1.9002,0,0
2022-02-17T16:00:00,768.0,75.0,415.0,63.72,64.193,299.518,77.009,247.99,25.2,32.95,1244.92,1.2449,0,0
2022-02-17T17:00:00,580.0,56.0,195.0,76.06,76.494,291.074,85.519,100.58,24.7,27.84,514.22,0.5142,0,0
2022-02-17T18:00:00,71.0,12.0,13.0,88.77,89.453,284.204,94.598,11.59,24.3,24.66,59.94,0.0599,0,0
2022-02-17T19:00:00,0.0,0.0,0.0,102.5,102.79,0.0,126.5,0.0,24.1,24.1,0.0,0.0,0,0
2022-02-17T20:00:00,0.0,0.0,0.0,116.05,116.327,0.0,140.05,0.0,24.0,24.0,0.0,0.0,1,0
2022-02-17T21:00:00,0.0,0.0,0.0,129.63,129.917,0.0,153.63,0.0,23.9,23.9,0.0,0.0,0,0
2022-02-17T22:00:00,0.0,0.0,0.0,143.02,143.361,0.0,167.02,0.0,23.8,23.8,0.0,0.0,0,0
2022-02-17T23:00:00,0.0,0.0,0.0,155.68,156.169,0.0,179.68,0.0,23.7,23.7,0.0,0.0,0,0
2022-02-18T00:00:00,0.0,0.0,0.0,165.32,165.867,0.0,170.68,0.0,23.6,23.6,0.0,0.0,0,0
2022-02-18T01:00:00,0.0,0.0,0.0,164.44,165.031,0.0,171.56,0.0,23.5,23.5,0.0,0.0,0,0
2022-02-18T02:00:00,0.0,0.0,0.0,154.09,154.512,0.0,178.09,0.0,23.4,23.4,0.0,0.0,0,0
2022-02-18T03:00:00,0.0,0.0,0.0,141.27,141.618,0.0,165.27,0.0,23.4,23.4,0.0,0.0,0,0
2022-02-18T04:00:00,0.0,0.0,0.0,127.83,128.155,0.0,151.83,0.0,23.5,23.5,0.0,0.0,0,0
2022-02-18T05:00:00,0.0,0.0,0.0,114.24,114.563,0.0,138.24,0.0,23.5,23.5,0.0,0.0,0,0
2022-02-18T06:00:00,0.0,0.0,0.0,100.69,101.034,0.0,124.69,0.0,23.5,23.5,0.0,0.0,0,0
2022-02-18T07:00:00,227.0,19.0,30.0,87.1,87.717,75.331,93.247,18.44,24.1,24.68,95.32,0.0953,0,0
2022-02-18T08:00:00,675.0,53.0,235.0,74.3,74.797,68.316,84.115,121.95,24.6,28.41,622.2,0.6222,0,0
2022-02-18T09:00:00,830.0,68.0,458.0,62.03,62.57,59.618,75.713,273.84,24.9,33.46,1372.21,1.3722,0,0
2022-02-18T10:00:00,876.0,91.0,643.0,50.94,51.569,48.036,68.625,411.91,25.2,38.07,2029.66,2.0297,0,0
2022-02-18T11:00:00,921.0,95.0,780.0,42.04,42.776,31.969,63.423,509.7,25.6,41.53,2479.7,2.4797,1,0
2022-02-18T12:00:00,0.0,152.0,152.0,36.97,37.785,10.548,60.699,146.74,25.8,30.39,743.46,0.7435,2,0
2022-02-18T13:00:00,2.0,319.0,320.0,37.33,38.127,346.618,60.892,308.95,26.0,35.65,1535.85,1.5358,3,0
2022-02-18T14:00:00,37.0,352.0,379.0,42.99,43.676,325.796,63.969,356.3,26.2,37.33,1760.41,1.7604,3,0
2022-02-18T15:00:00,876.0,84.0,621.0,52.25,52.81,310.356,69.449,393.25,26.3,38.59,1934.06,1.9341,0,0
2022-02-18T16:00:00,793.0,72.0,426.0,63.53,64.0,299.203,76.73,254.6,26.2,34.16,1272.57,1.2726,1,0
2022-02-18T17:00:00,0.0,7.0,7.0,75.91,76.333,290.763,85.265,6.76,25.9,26.11,34.76,0.0348,3,0
2022-02-18T18:00:00,11.0,10.0,10.0,88.65,89.314,283.891,94.364,9.65,25.3,25.6,49.75,0.0497,3,7
2022-02-18T19:00:00,0.0,0.0,0.0,102.38,102.665,0.0,126.38,0.0,25.0,25.0,0.0,0.0,0,0
2022-02-18T20:00:00,0.0,0.0,0.0,115.94,116.21,0.0,139.94,0.0,24.7,24.7,0.0,0.0,0,0
2022-02-18T21:00:00,0.0,0.0,0.0,129.51,129.798,0.0,153.51,0.0,24.4,24.4,0.0,0.0,0,0
2022-02-18T22:00:00,0.0,0.0,0.0,142.88,143.225,0.0,166.88,0.0,24.2,24.2,0.0,0.0,0,0
2022-02-18T23:00:00,0.0,0.0,0.0,155.49,155.984,0.0,179.49,0.0,24.0,24.0,0.0,0.0,0,0
2022-02-19T00:00:00,0.0,0.0,0.0,165.01,165.56,0.0,170.99,0.0,24.0,24.0,0.0,0.0,0,0
2022-02-19T01:00:00,0.0,0.0,0.0,164.12,164.726,0.0,171.88,0.0,23.9,23.9,0.0,0.0,0,0
2022-02-19T02:00:00,0.0,0.0,0.0,153.87,154.31,0.0,177.87,0.0,23.8,23.8,0.0,0.0,0,0
2022-02-19T03:00:00,0.0,0.0,0.0,141.1,141.459,0.0,165.1,0.0,23.8,23.8,0.0,0.0,0,0
2022-02-19T04:00:00,0.0,0.0,0.0,127.67,128.01,0.0,151.67,0.0,23.7,23.7,0.0,0.0,0,0
2022-02-19T05:00:00,0.0,0.0,0.0,114.08,114.42,0.0,138.08,0.0,23.6,23.6,0.0,0.0,0,0
2022-02-19T06:00:00,0.0,0.0,0.0,100.52,100.884,0.0,124.52,0.0,23.5,23.5,0.0,0.0,0,0
2022-02-19T07:00:00,253.0,19.0,32.0,86.93,87.552,75.636,92.971,18.46,23.8,24.38,95.51,0.0955,0,0
2022-02-19T08:00:00,678.0,51.0,237.0,74.11,74.61,68.618,83.829,123.73,24.2,28.07,632.05,0.632,0,0
2022-02-19T09:00:00,830.0,66.0,458.0,61.8,62.352,59.921,75.402,276.3,24.8,33.43,1384.62,1.3846,0,0
2022-02-19T10:00:00,900.0,76.0,647.0,50.67,51.31,48.329,68.296,411.15,25.3,38.15,2025.35,2.0254,0,0
2022-02-19T11:00:00,938.0,82.0,782.0,41.72,42.469,32.202,63.074,509.97,25.8,41.74,2479.12,2.4791,0,0
2022-02-19T12:00:00,952.0,84.0,848.0,36.61,37.442,10.623,60.336,558.85,26.1,43.56,2698.28,2.6983,1,0
2022-02-19T13:00:00,0.0,200.0,200.0,36.99,37.792,346.475,60.544,193.08,26.3,32.33,971.44,0.9714,3,0
2022-02-19T14:00:00,111.0,388.0,470.0,42.7,43.388,325.516,63.64,424.58,26.4,39.67,2079.85,2.0799,3,0
2022-02-19T15:00:00,873.0,81.0,618.0,52.01,52.575,310.036,69.139,393.72,26.4,38.7,1935.57,1.9356,0,0
2022-02-19T16:00:00,0.0,17.0,17.0,63.34,63.809,298.882,76.448,16.41,26.2,26.71,84.24,0.0842,3,0
2022-02-19T17:00:00,609.0,53.0,202.0,75.75,76.173,290.447,85.0,105.53,25.7,29.0,537.31,0.5373,0,0
2022-02-19T18:00:00,122.0,12.0,15.0,88.53,89.176,283.574,94.129,11.61,25.2,25.56,59.84,0.0598,0,0
2022-02-19T19:00:00,0.0,0.0,0.0,102.26,102.542,0.0,126.26,0.0,24.9,24.9,0.0,0.0,0,0
2022-02-19T20:00:00,0.0,0.0,0.0,115.82,116.093,0.0,139.82,0.0,24.7,24.7,0.0,0.0,0,0
2022-02-19T21:00:00,0.0,0.0,0.0,129.39,129.678,0.0,153.39,0.0,24.4,24.4,0.0,0.0,0,0
2022-02-19T22:00:00,0.0,0.0,0.0,142.74,143.087,0.0,166.74,0.0,24.2,24.2,0.0,0.0,0,0
2022-02-19T23:00:00,0.0,0.0,0.0,155.29,155.795,0.0,179.29,0.0,24.0,24.0,0.0,0.0,0,0
2022-02-20T00:00:00,0.0,0.0,0.0,164.69,165.248,0.0,171.31,0.0,23.8,23.8,0.0,0.0,0,0
2022-02-20T01:00:00,0.0,0.0,0.0,163.8,164.415,0.0,172.2,0.0,23.5,23.5,0.0,0.0,0,0
2022-02-20T02:00:00,0.0,0.0,0.0,153.65,154.1,0.0,177.65,0.0,23.2,23.2,0.0,0.0,0,0
2022-02-20T03:00:00,0.0,0.0,0.0,140.92,141.293,0.0,164.92,0.0,23.0,23.0,0.0,0.0,0,0
2022-02-20T04:00:00,0.0,0.0,0.0,127.51,127.861,0.0,151.51,0.0,22.9,22.9,0.0,0.0,0,0
2022-02-20T05:00:00,0.0,0.0,0.0,113.92,114.273,0.0,137.92,0.0,23.0,23.0,0.0,0.0,0,0
2022-02-20T06:00:00,0.0,0.0,0.0,100.36,100.729,0.0,124.36,0.0,23.1,23.1,0.0,0.0,0,0
2022-02-20T07:00:00,173.0,22.0,31.0,86.76,87.383,75.942,92.694,21.32,23.4,24.07,110.44,0.1104,0,0
2022-02-20T08:00:00,599.0,64.0,230.0,73.9,74.419,68.922,83.523,130.79,23.6,27.69,669.01,0.669,0,0
2022-02-20T09:00:00,764.0,85.0,449.0,61.57,62.131,60.226,75.09,281.79,24.0,32.81,1415.35,1.4153,0,0
2022-02-20T10:00:00,847.0,97.0,637.0,50.39,51.046,48.624,67.956,416.21,24.2,37.21,2057.37,2.0574,0,0
2022-02-20T11:00:00,893.0,103.0,773.0,41.39,42.157,32.438,62.716,514.58,24.5,40.58,2512.26,2.5123,1,0
2022-02-20T12:00:00,5.0,344.0,348.0,36.25,37.095,10.694,59.974,334.64,24.7,35.16,1666.57,1.6666,3,0
2022-02-20T13:00:00,929.0,95.0,840.0,36.64,37.455,346.324,60.187,560.03,24.8,42.3,2716.76,2.7168,0,0
2022-02-20T14:00:00,902.0,95.0,761.0,42.41,43.1,325.227,63.309,502.63,24.8,40.51,2454.59,2.4546,1,0
2022-02-20T15:00:00,0.0,170.0,171.0,51.78,52.341,309.708,68.836,164.13,24.8,29.93,832.9,0.8329,3,0
2022-02-20T16:00:00,2.0,162.0,163.0,63.16,63.619,298.555,76.173,156.88,24.6,29.5,797.34,0.7973,3,0
2022-02-20T17:00:00,547.0,63.0,199.0,75.6,76.015,290.126,84.742,112.12,24.4,27.9,573.08,0.5731,1,0
2022-02-20T18:00:00,54.0,14.0,15.0,88.41,89.039,283.252,93.891,13.52,24.2,24.62,69.93,0.0699,1,0
2022-02-20T19:00:00,0.0,0.0,0.0,102.14,102.419,0.0,126.14,0.0,24.1,24.1,0.0,0.0,1,0
2022-02-20T20:00:00,0.0,0.0,0.0,115.71,115.976,0.0,139.71,0.0,24.0,24.0,0.0,0.0,1,0
2022-02-20T21:00:00,0.0,0.0,0.0,129.28,129.558,0.0,153.28,0.0,24.0,24.0,0.0,0.0,0,0
2022-02-20T22:00:00,0.0,0.0,0.0,142.6,142.948,0.0,166.6,0.0,23.8,23.8,0.0,0.0,3,0
2022-02-20T23:00:00,0.0,0.0,0.0,155.09,155.604,0.0,179.09,0.0,23.6,23.6,0.0,0.0,0,0
2022-02-21T00:00:00,0.0,0.0,0.0,164.36,164.933,0.0,171.64,0.0,23.4,23.4,0.0,0.0,0,0
2022-02-21T01:00:00,0.0,0.0,0.0,163.47,164.098,0.0,172.53,0.0,23.1,23.1,0.0,0.0,0,0
2022-02-21T02:00:00,0.0,0.0,0.0,153.41,153.884,0.0,177.41,0.0,22.9,22.9,0.0,0.0,0,0
2022-02-21T03:00:00,0.0,0.0,0.0,140.73,141.122,0.0,164.73,0.0,22.7,22.7,0.0,0.0,0,0
2022-02-21T04:00:00,0.0,0.0,0.0,127.34,127.706,0.0,151.34,0.0,22.6,22.6,0.0,0.0,0,0
2022-02-21T05:00:00,0.0,0.0,0.0,113.75,114.12,0.0,137.75,0.0,22.5,22.5,0.0,0.0,0,0
2022-02-21T06:00:00,0.0,0.0,0.0,100.19,100.57,0.0,124.19,0.0,22.5,22.5,0.0,0.0,0,0
2022-02-21T07:00:00,216.0,22.0,35.0,86.58,87.21,76.251,92.407,21.35,23.1,23.77,110.73,0.1107,1,0
2022-02-21T08:00:00,658.0,57.0,242.0,73.7,74.225,69.229,83.226,134.24,23.4,27.6,686.9,0.6869,0,0
2022-02-21T09:00:00,826.0,71.0,467.0,61.33,61.905,60.534,74.767,288.99,23.6,32.63,1452.43,1.4524,0,0
2022-02-21T10:00:00,898.0,81.0,657.0,50.12,50.779,48.922,67.626,425.01,23.9,37.18,2101.06,2.1011,0,0
2022-02-21T11:00:00,937.0,86.0,792.0,41.07,41.841,32.675,62.368,523.71,24.2,40.57,2556.97,2.557,1,0
2022-02-21T12:00:00,952.0,89.0,860.0,35.89,36.744,10.763,59.612,574.16,24.4,42.34,2784.87,2.7849,1,0
2022-02-21T13:00:00,943.0,94.0,854.0,36.3,37.115,346.164,59.838,571.13,24.4,42.25,2771.12,2.7711,0,0
2022-02-21T14:00:00,921.0,92.0,775.0,42.12,42.811,324.929,62.977,513.18,24.5,40.54,2505.84,2.5058,0,0
2022-02-21T15:00:00,876.0,86.0,631.0,51.55,52.108,309.372,68.53,408.36,24.5,37.26,2018.18,2.0182,0,0
2022-02-21T16:00:00,790.0,75.0,434.0,62.97,63.43,298.221,75.887,268.14,24.4,32.78,1346.92,1.3469,0,0
2022-02-21T17:00:00,609.0,56.0,209.0,75.45,75.857,289.8,84.483,113.94,24.2,27.76,582.67,0.5827,0,0
2022-02-21T18:00:00,115.0,14.0,17.0,88.29,88.904,282.926,93.651,13.54,23.9,24.32,70.09,0.0701,1,0
2022-02-21T19:00:00,0.0,0.0,0.0,102.03,102.297,0.0,126.03,0.0,23.9,23.9,0.0,0.0,0,0
2022-02-21T20:00:00,0.0,0.0,0.0,115.6,115.86,0.0,139.6,0.0,23.9,23.9,0.0,0.0,3,0
2022-02-21T21:00:00,0.0,0.0,0.0,129.16,129.438,0.0,153.16,0.0,23.8,23.8,0.0,0.0,0,0
2022-02-21T22:00:00,0.0,0.0,0.0,142.46,142.808,0.0,166.46,0.0,23.8,23.8,0.0,0.0,0,0
2022-02-21T23:00:00,0.0,0.0,0.0,154.89,155.409,0.0,178.89,0.0,23.7,23.7,0.0,0.0,1,0
2022-02-22T00:00:00,0.0,0.0,0.0,164.04,164.614,0.0,171.96,0.0,23.7,23.7,0.0,0.0,0,0
2022-02-22T01:00:00,0.0,0.0,0.0,163.13,163.776,0.0,172.87,0.0,23.6,23.6,0.0,0.0,0,0
2022-02-22T02:00:00,0.0,0.0,0.0,153.18,153.66,0.0,177.18,0.0,23.5,23.5,0.0,0.0,0,0
2022-02-22T03:00:00,0.0,0.0,0.0,140.54,140.944,0.0,164.54,0.0,23.4,23.4,0.0,0.0,0,0
2022-02-22T04:00:00,0.0,0.0,0.0,127.17,127.545,0.0,151.17,0.0,23.4,23.4,0.0,0.0,0,0
2022-02-22T05:00:00,0.0,0.0,0.0,113.58,113.962,0.0,137.58,0.0,23.4,23.4,0.0,0.0,0,0
2022-02-22T06:00:00,0.0,0.0,0.0,100.01,100.407,0.0,124.01,0.0,23.5,23.5,0.0,0.0,0,0
2022-02-22T07:00:00,282.0,21.0,39.0,86.4,87.033,76.561,92.119,20.43,24.1,24.74,105.59,0.1056,0,0
2022-02-22T08:00:00,684.0,53.0,248.0,73.49,74.026,69.537,82.919,137.18,24.4,28.69,699.2,0.6992,0,0
2022-02-22T09:00:00,835.0,68.0,472.0,61.09,61.676,60.845,74.444,293.07,24.7,33.86,1466.43,1.4664,0,0
2022-02-22T10:00:00,895.0,82.0,659.0,49.84,50.509,49.222,67.285,429.75,25.0,38.43,2114.83,2.1148,0,0
2022-02-22T11:00:00,930.0,88.0,792.0,40.74,41.522,32.913,62.009,527.52,25.3,41.79,2563.96,2.564,0,0
2022-02-22T12:00:00,943.0,92.0,860.0,35.53,36.39,10.829,59.25,577.61,25.5,43.55,2788.99,2.789,0,0
2022-02-22T13:00:00,934.0,96.0,852.0,35.95,36.773,345.996,59.479,573.55,25.6,43.52,2769.66,2.7697,0,0
2022-02-22T14:00:00,914.0,92.0,774.0,41.83,42.522,324.62,62.643,514.73,25.7,41.79,2501.8,2.5018,0,0
2022-02-22T15:00:00,873.0,85.0,630.0,51.32,51.876,309.028,68.223,410.65,25.6,38.43,2020.81,2.0208,0,0
2022-02-22T16:00:00,788.0,74.0,434.0,62.79,63.242,297.882,75.608,270.42,25.4,33.85,1353.12,1.3531,0,0
2022-02-22T17:00:00,619.0,54.0,211.0,75.3,75.701,289.469,84.221,115.82,25.0,28.62,590.48,0.5905,0,0
2022-02-22T18:00:00,143.0,14.0,19.0,88.17,88.77,282.595,93.41,13.56,24.6,25.02,70.01,0.07,0,0
2022-02-22T19:00:00,0.0,0.0,0.0,101.91,102.176,0.0,125.91,0.0,24.4,24.4,0.0,0.0,0,0
2022-02-22T20:00:00,0.0,0.0,0.0,115.48,115.744,0.0,139.48,0.0,24.2,24.2,0.0,0.0,0,0
2022-02-22T21:00:00,0.0,0.0,0.0,129.04,129.318,0.0,153.04,0.0,24.1,24.1,0.0,0.0,1,0
2022-02-22T22:00:00,0.0,0.0,0.0,142.31,142.667,0.0,166.31,0.0,23.9,23.9,0.0,0.0,3,0
2022-02-22T23:00:00,0.0,0.0,0.0,154.68,155.212,0.0,178.68,0.0,23.7,23.7,0.0,0.0,0,0
2022-02-23T00:00:00,0.0,0.0,0.0,163.71,164.292,0.0,172.29,0.0,23.5,23.5,0.0,0.0,0,0
2022-02-23T01:00:00,0.0,0.0,0.0,162.79,163.447,0.0,173.21,0.0,23.3,23.3,0.0,0.0,0,0
2022-02-23T02:00:00,0.0,0.0,0.0,152.93,153.429,0.0,176.93,0.0,23.1,23.1,0.0,0.0,0,0
2022-02-23T03:00:00,0.0,0.0,0.0,140.34,140.76,0.0,164.34,0.0,22.9,22.9,0.0,0.0,0,0
2022-02-23T04:00:00,0.0,0.0,0.0,126.99,127.379,0.0,150.99,0.0,22.8,22.8,0.0,0.0,0,0
2022-02-23T05:00:00,0.0,0.0,0.0,113.41,113.8,0.0,137.41,0.0,22.8,22.8,0.0,0.0,0,0
2022-02-23T06:00:00,0.0,0.0,0.0,99.83,100.239,0.0,123.83,0.0,22.8,22.8,0.0,0.0,0,0
2022-02-23T07:00:00,307.0,22.0,42.0,86.22,86.852,76.873,91.831,21.41,23.3,23.97,110.97,0.111,0,0
2022-02-23T08:00:00,704.0,53.0,256.0,73.28,73.824,69.847,82.61,143.47,23.6,28.08,732.83,0.7328,0,0
2022-02-23T09:00:00,851.0,68.0,482.0,60.85,61.443,61.157,74.12,302.08,23.9,33.34,1514.34,1.5143,0,0
2022-02-23T10:00:00,928.0,72.0,675.0,49.55,50.234,49.526,66.934,438.3,24.2,37.9,2161.11,2.1611,0,0
2022-02-23T11:00:00,962.0,79.0,811.0,40.41,41.198,33.153,61.65,539.4,24.6,41.46,2624.91,2.6249,0,0
2022-02-23T12:00:00,973.0,82.0,878.0,35.16,36.031,10.892,58.878,588.95,24.9,43.3,2846.37,2.8464,0,0
2022-02-23T13:00:00,970.0,83.0,872.0,35.6,36.429,345.819,59.12,584.8,25.1,43.38,2825.56,2.8256,0,0
2022-02-23T14:00:00,950.0,82.0,793.0,41.55,42.233,324.303,62.316,526.67,25.3,41.76,2560.07,2.5601,0,0
2022-02-23T15:00:00,906.0,76.0,646.0,51.1,51.644,308.677,67.923,418.83,25.3,38.39,2061.37,2.0614,0,0
2022-02-23T16:00:00,828.0,67.0,448.0,62.61,63.055,297.537,75.326,277.72,25.1,33.78,1390.01,1.39,0,0
2022-02-23T17:00:00,662.0,50.0,220.0,75.15,75.547,289.133,83.957,119.43,24.7,28.43,609.3,0.6093,0,0
2022-02-23T18:00:00,187.0,14.0,21.0,88.05,88.637,282.26,93.166,13.58,24.3,24.72,70.17,0.0702,0,0
2022-02-23T19:00:00,0.0,0.0,0.0,101.79,102.056,0.0,125.79,0.0,24.1,24.1,0.0,0.0,0,0
2022-02-23T20:00:00,0.0,0.0,0.0,115.37,115.629,0.0,139.37,0.0,24.0,24.0,0.0,0.0,0,0
2022-02-23T21:00:00,0.0,0.0,0.0,128.92,129.197,0.0,152.92,0.0,23.9,23.9,0.0,0.0,0,0
2022-02-23T22:00:00,0.0,0.0,0.0,142.17,142.524,0.0,166.17,0.0,23.8,23.8,0.0,0.0,0,0
2022-02-23T23:00:00,0.0,0.0,0.0,154.47,155.012,0.0,178.47,0.0,23.7,23.7,0.0,0.0,0,0
2022-02-24T00:00:00,0.0,0.0,0.0,163.38,163.967,0.0,172.62,0.0,23.7,23.7,0.0,0.0,0,0
2022-02-24T01:00:00,0.0,0.0,0.0,162.45,163.114,0.0,173.55,0.0,23.6,23.6,0.0,0.0,0,0
2022-02-24T02:00:00,0.0,0.0,0.0,152.68,153.192,0.0,176.68,0.0,23.5,23.5,0.0,0.0,0,0
2022-02-24T03:00:00,0.0,0.0,0.0,140.14,140.57,0.0,164.14,0.0,23.4,23.4,0.0,0.0,1,0
2022-02-24T04:00:00,0.0,0.0,0.0,126.81,127.208,0.0,150.81,0.0,23.3,23.3,0.0,0.0,0,0
2022-02-24T05:00:00,0.0,0.0,0.0,113.23,113.633,0.0,137.23,0.0,23.3,23.3,0.0,0.0,0,0
2022-02-24T06:00:00,0.0,0.0,0.0,99.65,100.067,0.0,123.65,0.0,23.2,23.2,0.0,0.0,1,0
2022-02-24T07:00:00,301.0,23.0,44.0,86.03,86.667,77.186,91.532,22.39,23.6,24.3,115.88,0.1159,0,0
2022-02-24T08:00:00,704.0,55.0,260.0,73.07,73.618,70.159,82.301,149.18,23.7,28.36,761.26,0.7613,0,0
2022-02-24T09:00:00,854.0,68.0,487.0,60.61,61.207,61.472,73.795,307.6,23.9,33.51,1541.04,1.541,0,0
2022-02-24T10:00:00,913.0,82.0,678.0,49.27,49.956,49.831,66.593,447.02,24.2,38.17,2201.92,2.2019,0,0
2022-02-24T11:00:00,952.0,87.0,815.0,40.07,40.871,33.395,61.282,547.72,24.5,41.62,2663.82,2.6638,0,0
2022-02-24T12:00:00,971.0,87.0,885.0,34.79,35.67,10.953,58.506,598.14,24.7,43.39,2889.84,2.8898,0,0
2022-02-24T13:00:00,1.0,296.0,297.0,35.25,36.082,345.633,58.759,286.29,24.9,33.85,1432.56,1.4326,3,0
2022-02-24T14:00:00,941.0,90.0,798.0,41.26,41.943,323.975,61.979,535.09,25.1,41.82,2600.38,2.6004,0,0
2022-02-24T15:00:00,897.0,85.0,651.0,50.87,51.414,308.318,67.611,428.62,25.2,38.59,2107.96,2.108,0,0
2022-02-24T16:00:00,813.0,74.0,451.0,62.43,62.87,297.185,75.043,284.53,25.0,33.89,1423.52,1.4235,0,0
2022-02-24T17:00:00,642.0,55.0,222.0,75.0,75.394,288.792,83.692,125.09,24.6,28.51,637.98,0.638,0,0
2022-02-24T18:00:00,163.0,16.0,22.0,87.93,88.505,281.921,92.921,15.5,24.3,24.78,80.09,0.0801,0,0
2022-02-24T19:00:00,0.0,0.0,0.0,101.68,101.937,0.0,125.68,0.0,24.2,24.2,0.0,0.0,0,0
2022-02-24T20:00:00,0.0,0.0,0.0,115.26,115.515,0.0,139.26,0.0,24.1,24.1,0.0,0.0,0,0
2022-02-24T21:00:00,0.0,0.0,0.0,128.8,129.076,0.0,152.8,0.0,24.0,24.0,0.0,0.0,0,0
2022-02-24T22:00:00,0.0,0.0,0.0,142.02,142.38,0.0,166.02,0.0,23.9,23.9,0.0,0.0,0,0
2022-02-24T23:00:00,0.0,0.0,0.0,154.26,154.808,0.0,178.26,0.0,23.7,23.7,0.0,0.0,0,0
2022-02-25T00:00:00,0.0,0.0,0.0,163.04,163.638,0.0,172.96,0.0,23.6,23.6,0.0,0.0,1,0
2022-02-25T01:00:00,0.0,0.0,0.0,162.1,162.775,0.0,173.9,0.0,23.4,23.4,0.0,0.0,0,0
2022-02-25T02:00:00,0.0,0.0,0.0,152.42,152.948,0.0,176.42,0.0,23.3,23.3,0.0,0.0,0,0
2022-02-25T03:00:00,0.0,0.0,0.0,139.93,140.374,0.0,163.93,0.0,23.3,23.3,0.0,0.0,0,0
2022-02-25T04:00:00,0.0,0.0,0.0,126.62,127.032,0.0,150.62,0.0,23.3,23.3,0.0,0.0,0,0
2022-02-25T05:00:00,0.0,0.0,0.0,113.05,113.462,0.0,137.05,0.0,23.2,23.2,0.0,0.0,0,0
2022-02-25T06:00:00,0.0,0.0,0.0,99.47,99.891,0.0,123.47,0.0,23.2,23.2,0.0,0.0,0,0
2022-02-25T07:00:00,255.0,26.0,45.0,85.84,86.479,77.501,91.233,25.27,23.8,24.59,130.65,0.1307,0,0
2022-02-25T08:00:00,663.0,64.0,259.0,72.85,73.409,70.473,81.982,155.95,24.1,28.97,794.06,0.7941,0,0
2022-02-25T09:00:00,820.0,82.0,487.0,60.36,60.968,61.789,73.46,316.1,24.4,34.28,1579.28,1.5793,0,0
2022-02-25T10:00:00,905.0,88.0,682.0,48.98,49.675,50.14,66.241,454.71,24.7,38.91,2233.72,2.2337,0,0
2022-02-25T11:00:00,941.0,95.0,819.0,39.73,40.541,33.639,60.913,555.43,25.0,42.36,2693.85,2.6939,0,0
2022-02-25T12:00:00,954.0,100.0,887.0,34.42,35.304,11.01,58.135,606.98,25.1,44.07,2925.12,2.9251,0,0
2022-02-25T13:00:00,945.0,103.0,878.0,34.9,35.734,345.438,58.398,601.33,25.1,43.89,2899.79,2.8998,0,0
2022-02-25T14:00:00,925.0,100.0,798.0,40.97,41.653,323.638,61.639,541.97,25.1,42.04,2631.72,2.6317,0,0
2022-02-25T15:00:00,878.0,92.0,649.0,50.64,51.184,307.952,67.297,432.51,24.9,38.42,2128.48,2.1285,0,0
2022-02-25T16:00:00,41.0,245.0,264.0,62.25,62.687,296.828,74.758,247.47,24.7,32.43,1244.63,1.2446,3,0
2022-02-25T17:00:00,615.0,60.0,221.0,74.85,75.242,288.447,83.424,129.75,24.2,28.25,662.35,0.6624,0,0
2022-02-25T18:00:00,139.0,17.0,22.0,87.81,88.375,281.578,92.675,16.46,23.8,24.31,85.18,0.0852,0,0
2022-02-25T19:00:00,0.0,0.0,0.0,101.56,101.819,0.0,125.56,0.0,23.7,23.7,0.0,0.0,0,0
2022-02-25T20:00:00,0.0,0.0,0.0,115.15,115.4,0.0,139.15,0.0,23.5,23.5,0.0,0.0,0,0
2022-02-25T21:00:00,0.0,0.0,0.0,128.67,128.955,0.0,152.67,0.0,23.4,23.4,0.0,0.0,0,0
2022-02-25T22:00:00,0.0,0.0,0.0,141.87,142.235,0.0,165.87,0.0,23.3,23.3,0.0,0.0,1,0
2022-02-25T23:00:00,0.0,0.0,0.0,154.05,154.602,0.0,178.05,0.0,23.2,23.2,0.0,0.0,1,0
2022-02-26T00:00:00,0.0,0.0,0.0,162.71,163.306,0.0,173.29,0.0,23.1,23.1,0.0,0.0,3,0
2022-02-26T01:00:00,0.0,0.0,0.0,161.75,162.431,0.0,174.25,0.0,23.1,23.1,0.0,0.0,3,0
2022-02-26T02:00:00,0.0,0.0,0.0,152.16,152.697,0.0,176.16,0.0,23.1,23.1,0.0,0.0,3,0
2022-02-26T03:00:00,0.0,0.0,0.0,139.72,140.173,0.0,163.72,0.0,23.2,23.2,0.0,0.0,1,0
2022-02-26T04:00:00,0.0,0.0,0.0,126.43,126.851,0.0,150.43,0.0,23.2,23.2,0.0,0.0,3,0
2022-02-26T05:00:00,0.0,0.0,0.0,112.87,113.286,0.0,136.87,0.0,23.2,23.2,0.0,0.0,1,0
2022-02-26T06:00:00,0.0,0.0,0.0,99.28,99.711,0.0,123.28,0.0,23.3,23.3,0.0,0.0,1,0
2022-02-26T07:00:00,307.0,25.0,48.0,85.64,86.287,77.818,90.924,24.33,23.8,24.56,125.85,0.1258,0,0
2022-02-26T08:00:00,694.0,58.0,265.0,72.63,73.197,70.789,81.663,158.41,24.1,29.05,806.42,0.8064,0,0
2022-02-26T09:00:00,837.0,74.0,491.0,60.11,60.725,62.109,73.124,318.02,24.4,34.34,1588.51,1.5885,1,0
2022-02-26T10:00:00,882.0,95.0,677.0,48.69,49.391,50.451,65.888,457.06,24.8,39.08,2243.83,2.2438,0,0
2022-02-26T11:00:00,919.0,102.0,813.0,39.39,40.207,33.884,60.544,556.54,25.2,42.59,2696.89,2.6969,0,0
2022-02-26T12:00:00,934.0,105.0,879.0,34.04,34.936,11.065,57.754,606.41,25.5,44.45,2918.16,2.9182,0,0
2022-02-26T13:00:00,956.0,90.0,877.0,34.55,35.383,345.234,58.037,599.77,25.6,44.34,2887.4,2.8874,1,0
2022-02-26T14:00:00,939.0,86.0,798.0,40.68,41.363,323.291,61.298,540.14,25.6,42.48,2618.51,2.6185,0,0
2022-02-26T15:00:00,899.0,78.0,651.0,50.42,50.956,307.578,66.99,431.67,25.5,38.99,2119.89,2.1199,0,0
2022-02-26T16:00:00,818.0,68.0,452.0,62.07,62.505,296.466,74.47,287.98,25.2,34.2,1439.19,1.4392,1,0
2022-02-26T17:00:00,654.0,52.0,224.0,74.71,75.092,288.098,83.164,129.54,24.8,28.85,659.88,0.6599,0,0
2022-02-26T18:00:00,189.0,16.0,24.0,87.7,88.246,281.232,92.436,15.52,24.4,24.88,80.15,0.0802,0,0
2022-02-26T19:00:00,0.0,0.0,0.0,101.45,101.702,0.0,125.45,0.0,24.3,24.3,0.0,0.0,1,0
2022-02-26T20:00:00,0.0,0.0,0.0,115.03,115.287,0.0,139.03,0.0,24.3,24.3,0.0,0.0,3,0
2022-02-26T21:00:00,0.0,0.0,0.0,128.55,128.834,0.0,152.55,0.0,24.2,24.2,0.0,0.0,0,0
2022-02-26T22:00:00,0.0,0.0,0.0,141.72,142.088,0.0,165.72,0.0,24.0,24.0,0.0,0.0,0,0
2022-02-26T23:00:00,0.0,0.0,0.0,153.83,154.393,0.0,177.83,0.0,23.9,23.9,0.0,0.0,1,0
2022-02-27T00:00:00,0.0,0.0,0.0,162.37,162.971,0.0,173.63,0.0,23.8,23.8,0.0,0.0,3,0
2022-02-27T01:00:00,0.0,0.0,0.0,161.4,162.083,0.0,174.6,0.0,23.7,23.7,0.0,0.0,3,0
2022-02-27T02:00:00,0.0,0.0,0.0,151.89,152.44,0.0,175.89,0.0,23.6,23.6,0.0,0.0,3,0
2022-02-27T03:00:00,0.0,0.0,0.0,139.5,139.966,0.0,163.5,0.0,23.4,23.4,0.0,0.0,1,0
2022-02-27T04:00:00,0.0,0.0,0.0,126.23,126.665,0.0,150.23,0.0,23.3,23.3,0.0,0.0,3,0
2022-02-27T05:00:00,0.0,0.0,0.0,112.68,113.106,0.0,136.68,0.0,23.3,23.3,0.0,0.0,0,0
2022-02-27T06:00:00,0.0,0.0,0.0,99.09,99.527,0.0,123.09,0.0,23.3,23.3,0.0,0.0,3,0
2022-02-27T07:00:00,0.0,23.0,23.0,85.45,86.091,78.136,90.624,22.2,23.8,24.49,114.86,0.1149,3,7
2022-02-27T08:00:00,12.0,141.0,144.0,72.41,72.981,71.107,81.342,137.96,24.1,28.41,703.87,0.7039,3,0
2022-02-27T09:00:00,8.0,208.0,212.0,59.86,60.479,62.431,72.788,203.21,24.4,30.75,1028.2,1.0282,3,0
2022-02-27T10:00:00,0.0,174.0,174.0,48.39,49.104,50.764,65.525,167.98,24.8,30.05,852.09,0.8521,3,0
2022-02-27T11:00:00,44.0,382.0,416.0,39.05,39.87,34.132,60.175,390.97,25.3,37.52,1930.41,1.9304,3,0
2022-02-27T12:00:00,2.0,333.0,334.0,33.67,34.564,11.117,57.383,322.57,25.7,35.78,1602.83,1.6028,3,0
2022-02-27T13:00:00,0.0,231.0,231.0,34.19,35.031,345.021,57.665,223.01,25.9,32.87,1119.86,1.1199,3,0
2022-02-27T14:00:00,963.0,74.0,808.0,40.39,41.074,322.934,60.955,545.32,26.1,43.14,2637.1,2.6371,0,0
2022-02-27T15:00:00,925.0,69.0,661.0,50.2,50.729,307.196,66.681,437.9,26.1,39.78,2144.19,2.1442,0,0
2022-02-27T16:00:00,852.0,61.0,462.0,61.9,62.324,296.098,74.189,294.49,26.0,35.2,1466.37,1.4664,1,0
2022-02-27T17:00:00,697.0,47.0,232.0,74.57,74.944,287.743,82.902,133.1,25.7,29.86,675.62,0.6756,0,0
2022-02-27T18:00:00,0.0,9.0,9.0,87.58,88.118,280.881,92.186,8.69,25.2,25.47,44.79,0.0448,3,7
2022-02-27T19:00:00,0.0,0.0,0.0,101.34,101.586,0.0,125.34,0.0,25.0,25.0,0.0,0.0,3,0
2022-02-27T20:00:00,0.0,0.0,0.0,114.92,115.173,0.0,138.92,0.0,24.8,24.8,0.0,0.0,0,0
2022-02-27T21:00:00,0.0,0.0,0.0,128.43,128.712,0.0,152.43,0.0,24.5,24.5,0.0,0.0,0,0
2022-02-27T22:00:00,0.0,0.0,0.0,141.57,141.939,0.0,165.57,0.0,24.3,24.3,0.0,0.0,0,0
2022-02-27T23:00:00,0.0,0.0,0.0,153.61,154.18,0.0,177.61,0.0,24.2,24.2,0.0,0.0,0,0
2022-02-28T00:00:00,0.0,0.0,0.0,162.02,162.632,0.0,173.98,0.0,24.0,24.0,0.0,0.0,0,0
2022-02-28T01:00:00,0.0,0.0,0.0,161.04,161.73,0.0,174.96,0.0,23.9,23.9,0.0,0.0,0,0
2022-02-28T02:00:00,0.0,0.0,0.0,151.62,152.177,0.0,175.62,0.0,23.7,23.7,0.0,0.0,0,0
2022-02-28T03:00:00,0.0,0.0,0.0,139.28,139.753,0.0,163.28,0.0,23.6,23.6,0.0,0.0,0,0
2022-02-28T04:00:00,0.0,0.0,0.0,126.03,126.473,0.0,150.03,0.0,23.5,23.5,0.0,0.0,0,0
2022-02-28T05:00:00,0.0,0.0,0.0,112.49,112.921,0.0,136.49,0.0,23.5,23.5,0.0,0.0,0,0
2022-02-28T06:00:00,0.0,0.0,0.0,98.89,99.339,0.0,122.89,0.0,23.5,23.5,0.0,0.0,0,0
2022-02-28T07:00:00,396.0,23.0,55.0,85.25,85.891,78.455,90.314,22.48,24.1,24.8,116.17,0.1162,0,0
2022-02-28T08:00:00,737.0,48.0,273.0,72.18,72.762,71.427,81.012,163.43,24.4,29.51,830.59,0.8306,0,0
2022-02-28T09:00:00,864.0,59.0,497.0,59.6,60.23,62.755,72.441,321.4,24.8,34.84,1602.45,1.6025,0,0
2022-02-28T10:00:00,924.0,69.0,686.0,48.1,48.814,51.081,65.171,459.94,25.4,39.77,2252.23,2.2522,0,0
2022-02-28T11:00:00,959.0,73.0,821.0,38.7,39.53,34.382,59.796,559.4,25.8,43.28,2703.75,2.7038,1,0
2022-02-28T12:00:00,197.0,452.0,617.0,33.29,34.189,11.166,57.002,545.08,26.1,43.13,2636.04,2.636,2,0
2022-02-28T13:00:00,487.0,355.0,759.0,33.84,34.678,344.798,57.302,609.3,26.4,45.44,2921.18,2.9212,2,0
2022-02-28T14:00:00,0.0,86.0,86.0,40.11,40.785,322.568,60.62,83.03,26.5,29.09,422.58,0.4226,3,0
2022-02-28T15:00:00,80.0,334.0,386.0,49.98,50.503,306.808,66.369,354.97,26.5,37.59,1752.17,1.7522,3,0
2022-02-28T16:00:00,0.0,18.0,18.0,61.72,62.146,295.724,73.898,17.38,26.4,26.94,89.12,0.0891,3,0
2022-02-28T17:00:00,0.0,8.0,8.0,74.42,74.797,287.385,82.629,7.72,26.1,26.34,39.69,0.0397,4,0
2022-02-28T18:00:00,0.0,11.0,11.0,87.47,87.992,280.527,91.943,10.62,25.7,26.03,54.64,0.0546,3,7
2022-02-28T19:00:00,0.0,0.0,0.0,101.22,101.471,0.0,125.22,0.0,25.4,25.4,0.0,0.0,0,0
2022-02-28T20:00:00,0.0,0.0,0.0,114.81,115.06,0.0,138.81,0.0,25.2,25.2,0.0,0.0,0,0
2022-02-28T21:00:00,0.0,0.0,0.0,128.31,128.59,0.0,152.31,0.0,25.0,25.0,0.0,0.0,0,0
2022-02-28T22:00:00,0.0,0.0,0.0,141.41,141.789,0.0,165.41,0.0,24.7,24.7,0.0,0.0,0,0
2022-02-28T23:00:00,0.0,0.0,0.0,153.39,153.964,0.0,177.39,0.0,24.4,24.4,0.0,0.0,0,0
2022-03-01T00:00:00,0.0,0.0,0.0,161.68,162.291,0.0,174.32,0.0,24.2,24.2,0.0,0.0,0,1
2022-03-01T01:00:00,0.0,0.0,0.0,160.67,161.373,0.0,175.33,0.0,24.0,24.0,0.0,0.0,0,0
2022-03-01T02:00:00,0.0,0.0,0.0,151.34,151.908,0.0,175.34,0.0,23.7,23.7,0.0,0.0,0,0
2022-03-01T03:00:00,0.0,0.0,0.0,139.05,139.534,0.0,163.05,0.0,23.5,23.5,0.0,0.0,0,0
2022-03-01T04:00:00,0.0,0.0,0.0,125.83,126.278,0.0,149.83,0.0,23.4,23.4,0.0,0.0,0,0
2022-03-01T05:00:00,0.0,0.0,0.0,112.29,112.732,0.0,136.29,0.0,23.2,23.2,0.0,0.0,4,0
2022-03-01T06:00:00,0.0,0.0,0.0,98.69,99.147,0.0,122.69,0.0,23.1,23.1,0.0,0.0,3,0
2022-03-01T07:00:00,0.0,27.0,27.0,85.04,85.689,78.776,89.994,26.07,23.4,24.21,134.97,0.135,3,7
2022-03-01T08:00:00,701.0,57.0,274.0,71.96,72.54,71.748,80.69,170.31,23.3,28.62,868.31,0.8683,0,0
2022-03-01T09:00:00,837.0,73.0,500.0,59.35,59.979,63.082,72.103,331.38,23.4,33.76,1658.73,1.6587,0,0
2022-03-01T10:00:00,906.0,83.0,691.0,47.8,48.521,51.4,64.807,471.04,23.7,38.42,2318.08,2.3181,0,0
2022-03-01T11:00:00,943.0,89.0,829.0,38.35,39.186,34.634,59.417,572.11,24.2,42.08,2777.63,2.7776,0,0
2022-03-01T12:00:00,962.0,91.0,898.0,32.9,33.812,11.213,56.611,624.24,24.6,44.11,3007.83,3.0078,0,0
2022-03-01T13:00:00,955.0,94.0,890.0,33.48,34.323,344.566,56.928,618.76,24.8,44.14,2981.13,2.9811,0,0
2022-03-01T14:00:00,939.0,90.0,812.0,39.82,40.496,322.192,60.273,558.75,25.0,42.46,2708.94,2.7089,0,0
2022-03-01T15:00:00,900.0,83.0,665.0,49.76,50.279,306.411,66.056,450.42,25.0,39.08,2211.29,2.2113,0,0
2022-03-01T16:00:00,821.0,73.0,464.0,61.55,61.969,295.345,73.613,305.48,24.8,34.35,1525.81,1.5258,0,0
2022-03-01T17:00:00,664.0,55.0,235.0,74.28,74.652,287.023,82.363,142.9,24.5,28.97,727.64,0.7276,0,0
2022-03-01T18:00:00,219.0,18.0,28.0,87.35,87.866,280.169,91.69,17.46,24.2,24.75,90.26,0.0903,0,0
2022-03-01T19:00:00,0.0,0.0,0.0,101.11,101.357,0.0,125.11,0.0,24.1,24.1,0.0,0.0,0,0
2022-03-01T20:00:00,0.0,0.0,0.0,114.7,114.947,0.0,138.7,0.0,24.0,24.0,0.0,0.0,0,0
2022-03-01T21:00:00,0.0,0.0,0.0,128.18,128.467,0.0,152.18,0.0,23.9,23.9,0.0,0.0,0,0
2022-03-01T22:00:00,0.0,0.0,0.0,141.26,141.637,0.0,165.26,0.0,23.8,23.8,0.0,0.0,3,0
2022-03-01T23:00:00,0.0,0.0,0.0,153.16,153.745,0.0,177.16,0.0,23.6,23.6,0.0,0.0,0,0
2022-03-02T00:00:00,0.0,0.0,0.0,161.33,161.946,0.0,174.67,0.0,23.4,23.4,0.0,0.0,0,1
2022-03-02T01:00:00,0.0,0.0,0.0,160.31,161.011,0.0,175.69,0.0,23.2,23.2,0.0,0.0,0,0
2022-03-02T02:00:00,0.0,0.0,0.0,151.05,151.633,0.0,175.05,0.0,23.0,23.0,0.0,0.0,0,0
2022-03-02T03:00:00,0.0,0.0,0.0,138.82,139.31,0.0,162.82,0.0,22.9,22.9,0.0,0.0,0,0
2022-03-02T04:00:00,0.0,0.0,0.0,125.62,126.077,0.0,149.62,0.0,22.8,22.8,0.0,0.0,0,0
2022-03-02T05:00:00,0.0,0.0,0.0,112.09,112.539,0.0,136.09,0.0,22.6,22.6,0.0,0.0,0,0
2022-03-02T06:00:00,0.0,0.0,0.0,98.49,98.952,0.0,122.49,0.0,22.6,22.6,0.0,0.0,0,0
2022-03-02T07:00:00,360.0,28.0,60.0,84.84,85.483,79.098,89.682,29.31,23.2,24.12,151.79,0.1518,0,0
2022-03-02T08:00:00,729.0,57.0,286.0,71.73,72.315,72.071,80.358,179.11,23.5,29.1,911.63,0.9116,0,0
2022-03-02T09:00:00,866.0,71.0,516.0,59.09,59.725,63.41,71.755,343.52,23.8,34.54,1714.66,1.7147,0,0
2022-03-02T10:00:00,941.0,77.0,713.0,47.5,48.225,51.723,64.442,485.8,24.3,39.48,2381.4,2.3814,0,0
2022-03-02T11:00:00,974.0,83.0,851.0,38.0,38.84,34.888,59.037,587.87,24.7,43.07,2843.62,2.8436,0,0
2022-03-02T12:00:00,987.0,87.0,919.0,32.52,33.431,11.256,56.231,639.81,25.0,44.99,3072.62,3.0726,0,0
2022-03-02T13:00:00,980.0,90.0,910.0,33.13,33.966,344.324,56.564,633.96,25.1,44.91,3045.48,3.0455,0,0
2022-03-02T14:00:00,961.0,87.0,828.0,39.54,40.208,321.805,59.933,571.87,25.2,43.07,2766.2,2.7662,0,0
2022-03-02T15:00:00,923.0,82.0,681.0,49.54,50.056,306.008,65.74,463.58,25.1,39.59,2271.61,2.2716,0,0
2022-03-02T16:00:00,848.0,71.0,477.0,61.38,61.793,294.961,73.327,315.36,24.9,34.75,1572.83,1.5728,0,0
2022-03-02T17:00:00,692.0,54.0,243.0,74.15,74.508,286.656,82.105,148.82,24.5,29.15,757.3,0.7573,0,0
2022-03-02T18:00:00,247.0,18.0,30.0,87.24,87.743,279.808,91.445,17.48,24.0,24.55,90.41,0.0904,0,0
2022-03-02T19:00:00,0.0,0.0,0.0,101.0,101.243,0.0,125.0,0.0,23.8,23.8,0.0,0.0,0,0
2022-03-02T20:00:00,0.0,0.0,0.0,114.59,114.835,0.0,138.59,0.0,23.7,23.7,0.0,0.0,0,0
2022-03-02T21:00:00,0.0,0.0,0.0,128.06,128.343,0.0,152.06,0.0,23.6,23.6,0.0,0.0,0,0
2022-03-02T22:00:00,0.0,0.0,0.0,141.1,141.483,0.0,165.1,0.0,23.5,23.5,0.0,0.0,0,0
2022-03-02T23:00:00,0.0,0.0,0.0,152.93,153.523,0.0,176.93,0.0,23.3,23.3,0.0,0.0,0,0
2022-03-03T00:00:00,0.0,0.0,0.0,160.98,161.599,0.0,175.02,0.0,23.1,23.1,0.0,0.0,0,0
2022-03-03T01:00:00,0.0,0.0,0.0,159.94,160.646,0.0,176.06,0.0,22.9,22.9,0.0,0.0,0,0
2022-03-03T02:00:00,0.0,0.0,0.0,150.77,151.352,0.0,174.77,0.0,22.8,22.8,0.0,0.0,0,0
2022-03-03T03:00:00,0.0,0.0,0.0,138.58,139.081,0.0,162.58,0.0,22.7,22.7,0.0,0.0,1,0
2022-03-03T04:00:00,0.0,0.0,0.0,125.41,125.872,0.0,149.41,0.0,22.7,22.7,0.0,0.0,0,0
2022-03-03T05:00:00,0.0,0.0,0.0,111.89,112.342,0.0,135.89,0.0,22.7,22.7,0.0,0.0,1,0
2022-03-03T06:00:00,0.0,0.0,0.0,98.29,98.753,0.0,122.29,0.0,22.8,22.8,0.0,0.0,1,0
2022-03-03T07:00:00,406.0,26.0,64.0,84.63,85.274,79.421,89.361,29.96,23.7,24.64,154.89,0.1549,0,0
2022-03-03T08:00:00,747.0,53.0,290.0,71.5,72.087,72.396,80.025,182.61,24.2,29.91,926.75,0.9268,0,0
2022-03-03T09:00:00,6.0,213.0,216.0,58.83,59.468,63.741,71.406,207.57,24.7,31.19,1048.65,1.0486,3,0
2022-03-03T10:00:00,408.0,317.0,594.0,47.2,47.927,52.048,64.077,486.79,25.1,40.31,2378.97,2.379,3,0
2022-03-03T11:00:00,20.0,379.0,395.0,37.65,38.491,35.145,58.658,376.43,25.5,37.26,1860.38,1.8604,3,0
2022-03-03T12:00:00,137.0,444.0,560.0,32.13,33.048,11.297,55.84,506.57,25.7,41.53,2464.48,2.4645,3,0
2022-03-03T13:00:00,19.0,404.0,420.0,32.77,33.609,344.072,56.189,400.74,25.9,38.42,1972.1,1.9721,3,0
2022-03-03T14:00:00,965.0,81.0,828.0,39.26,39.921,321.409,59.592,573.09,25.9,43.81,2764.5,2.7645,0,0
2022-03-03T15:00:00,922.0,77.0,678.0,49.33,49.835,305.598,65.431,462.89,25.9,40.37,2261.68,2.2617,0,0
2022-03-03T16:00:00,846.0,68.0,475.0,61.22,61.62,294.572,73.047,315.84,25.7,35.57,1570.61,1.5706,0,0
2022-03-03T17:00:00,685.0,53.0,241.0,74.01,74.366,286.286,81.836,150.07,25.2,29.89,761.65,0.7616,0,0
2022-03-03T18:00:00,246.0,18.0,31.0,87.13,87.62,279.444,91.198,17.49,24.5,25.05,90.3,0.0903,0,0
2022-03-03T19:00:00,0.0,0.0,0.0,100.89,101.13,0.0,124.89,0.0,24.3,24.3,0.0,0.0,0,0
2022-03-03T20:00:00,0.0,0.0,0.0,114.48,114.723,0.0,138.48,0.0,24.1,24.1,0.0,0.0,0,0
2022-03-03T21:00:00,0.0,0.0,0.0,127.93,128.219,0.0,151.93,0.0,23.8,23.8,0.0,0.0,8,0
2022-03-03T22:00:00,0.0,0.0,0.0,140.94,141.328,0.0,164.94,0.0,23.5,23.5,0.0,0.0,0,0
2022-03-03T23:00:00,0.0,0.0,0.0,152.7,153.298,0.0,176.7,0.0,23.3,23.3,0.0,0.0,1,0
2022-03-04T00:00:00,0.0,0.0,0.0,160.62,161.249,0.0,175.38,0.0,23.1,23.1,0.0,0.0,3,0
2022-03-04T01:00:00,0.0,0.0,0.0,159.56,160.277,0.0,176.44,0.0,22.9,22.9,0.0,0.0,1,0
2022-03-04T02:00:00,0.0,0.0,0.0,150.47,151.066,0.0,174.47,0.0,22.8,22.8,0.0,0.0,1,0
2022-03-04T03:00:00,0.0,0.0,0.0,138.34,138.847,0.0,162.34,0.0,22.7,22.7,0.0,0.0,3,0
2022-03-04T04:00:00,0.0,0.0,0.0,125.19,125.662,0.0,149.19,0.0,22.6,22.6,0.0,0.0,3,0
2022-03-04T05:00:00,0.0,0.0,0.0,111.68,112.142,0.0,135.68,0.0,22.6,22.6,0.0,0.0,3,0
2022-03-04T06:00:00,0.0,0.0,0.0,98.08,98.551,0.0,122.08,0.0,22.7,22.7,0.0,0.0,3,0
2022-03-04T07:00:00,0.0,22.0,22.0,84.42,85.062,79.745,89.039,21.24,23.4,24.06,110.03,0.11,3,7
2022-03-04T08:00:00,0.0,40.0,40.0,71.26,71.857,72.722,79.683,38.62,23.7,24.91,199.47,0.1995,3,0
2022-03-04T09:00:00,0.0,149.0,149.0,58.57,59.209,64.075,71.056,143.85,23.9,28.4,733.96,0.734,3,0
2022-03-04T10:00:00,1.0,217.0,218.0,46.9,47.626,52.376,63.711,209.95,24.3,30.86,1061.88,1.0619,3,0
2022-03-04T11:00:00,0.0,201.0,201.0,37.3,38.14,35.404,58.278,194.05,24.7,30.76,981.81,0.9818,3,0
2022-03-04T12:00:00,3.0,209.0,211.0,31.74,32.662,11.335,55.45,203.49,24.9,31.26,1027.76,1.0278,8,1
2022-03-04T13:00:00,155.0,459.0,590.0,32.41,33.25,343.81,55.813,531.35,25.0,41.6,2584.31,2.5843,3,0
2022-03-04T14:00:00,2.0,294.0,295.0,38.98,39.635,321.003,59.249,284.86,25.0,33.9,1425.14,1.4251,3,0
2022-03-04T15:00:00,67.0,329.0,373.0,49.11,49.616,305.181,65.111,346.2,24.8,35.62,1721.25,1.7213,3,0
2022-03-04T16:00:00,794.0,80.0,464.0,61.05,61.448,294.178,72.757,315.92,24.6,34.47,1577.23,1.5772,0,0
2022-03-04T17:00:00,627.0,60.0,235.0,73.87,74.226,285.912,81.565,151.41,24.3,29.03,770.79,0.7708,0,0
2022-03-04T18:00:00,0.0,15.0,15.0,87.02,87.499,279.077,90.95,14.48,24.1,24.55,74.89,0.0749,3,7
2022-03-04T19:00:00,0.0,0.0,0.0,100.78,101.019,0.0,124.78,0.0,24.1,24.1,0.0,0.0,1,0
2022-03-04T20:00:00,0.0,0.0,0.0,114.37,114.61,0.0,138.37,0.0,24.1,24.1,0.0,0.0,0,0
2022-03-04T21:00:00,0.0,0.0,0.0,127.81,128.095,0.0,151.81,0.0,24.1,24.1,0.0,0.0,0,0
2022-03-04T22:00:00,0.0,0.0,0.0,140.78,141.171,0.0,164.78,0.0,24.0,24.0,0.0,0.0,0,0
2022-03-04T23:00:00,0.0,0.0,0.0,152.46,153.07,0.0,176.46,0.0,23.7,23.7,0.0,0.0,0,0
2022-03-05T00:00:00,0.0,0.0,0.0,160.27,160.896,0.0,175.73,0.0,23.5,23.5,0.0,0.0,1,0
2022-03-05T01:00:00,0.0,0.0,0.0,159.19,159.905,0.0,176.81,0.0,23.4,23.4,0.0,0.0,0,0
2022-03-05T02:00:00,0.0,0.0,0.0,150.17,150.775,0.0,174.17,0.0,23.4,23.4,0.0,0.0,0,0
2022-03-05T03:00:00,0.0,0.0,0.0,138.09,138.608,0.0,162.09,0.0,23.3,23.3,0.0,0.0,0,0
2022-03-05T04:00:00,0.0,0.0,0.0,124.97,125.448,0.0,148.97,0.0,23.3,23.3,0.0,0.0,1,0
2022-03-05T05:00:00,0.0,0.0,0.0,111.47,111.937,0.0,135.47,0.0,23.4,23.4,0.0,0.0,0,0
2022-03-05T06:00:00,0.0,0.0,0.0,97.87,98.345,0.0,121.87,0.0,23.5,23.5,0.0,0.0,0,0
2022-03-05T07:00:00,310.0,34.0,65.0,84.2,84.847,80.071,88.708,40.08,23.9,25.15,206.86,0.2069,0,0
2022-03-05T08:00:00,665.0,70.0,286.0,71.03,71.624,73.05,79.349,192.36,24.4,30.41,974.48,0.9745,0,0
2022-03-05T09:00:00,803.0,90.0,512.0,58.31,58.947,64.41,70.706,355.86,24.8,35.92,1767.35,1.7674,0,0
2022-03-05T10:00:00,878.0,101.0,704.0,46.59,47.324,52.707,63.335,496.75,25.1,40.62,2424.81,2.4248,0,0
2022-03-05T11:00:00,912.0,109.0,838.0,36.94,37.786,35.666,57.888,596.33,25.4,44.04,2874.14,2.8741,0,1
2022-03-05T12:00:00,331.0,444.0,727.0,31.35,32.273,11.37,55.06,620.66,25.6,45.0,2980.64,2.9806,3,0
2022-03-05T13:00:00,0.0,239.0,239.0,32.05,32.891,343.537,55.437,230.73,25.7,32.91,1158.47,1.1585,3,0
2022-03-05T14:00:00,912.0,106.0,818.0,38.7,39.35,320.587,58.903,579.52,25.8,43.91,2794.44,2.7944,1,0
2022-03-05T15:00:00,862.0,102.0,669.0,48.9,49.399,304.756,64.798,470.42,25.7,40.4,2298.2,2.2982,0,0
2022-03-05T16:00:00,6.0,199.0,202.0,60.89,61.279,293.779,72.474,193.95,25.5,31.56,978.52,0.9785,3,0
2022-03-05T17:00:00,587.0,70.0,235.0,73.74,74.087,285.534,81.302,157.77,25.2,30.13,800.06,0.8001,0,0
2022-03-05T18:00:00,126.0,23.0,30.0,86.9,87.379,278.706,90.692,22.27,24.9,25.6,114.73,0.1147,0,0
2022-03-05T19:00:00,0.0,0.0,0.0,100.67,100.908,0.0,124.67,0.0,24.8,24.8,0.0,0.0,0,0
2022-03-05T20:00:00,0.0,0.0,0.0,114.25,114.499,0.0,138.25,0.0,24.7,24.7,0.0,0.0,0,0
2022-03-05T21:00:00,0.0,0.0,0.0,127.68,127.97,0.0,151.68,0.0,24.5,24.5,0.0,0.0,0,0
2022-03-05T22:00:00,0.0,0.0,0.0,140.62,141.012,0.0,164.62,0.0,24.4,24.4,0.0,0.0,0,0
2022-03-05T23:00:00,0.0,0.0,0.0,152.22,152.838,0.0,176.22,0.0,24.2,24.2,0.0,0.0,0,0
2022-03-06T00:00:00,0.0,0.0,0.0,159.91,160.541,0.0,176.09,0.0,23.9,23.9,0.0,0.0,3,0
2022-03-06T01:00:00,0.0,0.0,0.0,158.81,159.529,0.0,177.19,0.0,23.7,23.7,0.0,0.0,0,0
2022-03-06T02:00:00,0.0,0.0,0.0,149.87,150.478,0.0,173.87,0.0,23.5,23.5,0.0,0.0,0,0
2022-03-06T03:00:00,0.0,0.0,0.0,137.84,138.364,0.0,161.84,0.0,23.3,23.3,0.0,0.0,0,0
2022-03-06T04:00:00,0.0,0.0,0.0,124.75,125.23,0.0,148.75,0.0,23.3,23.3,0.0,0.0,0,0
2022-03-06T05:00:00,0.0,0.0,0.0,111.26,111.729,0.0,135.26,0.0,23.3,23.3,0.0,0.0,0,0
2022-03-06T06:00:00,0.0,0.0,0.0,97.66,98.137,0.0,121.66,0.0,23.5,23.5,0.0,0.0,0,0
2022-03-06T07:00:00,227.0,41.0,64.0,83.99,84.63,80.397,88.386,46.18,24.1,25.54,237.99,0.238,0,0
2022-03-06T08:00:00,612.0,84.0,285.0,70.79,71.389,73.38,79.005,199.56,24.7,30.94,1009.05,1.009,0,0
2022-03-06T09:00:00,11.0,231.0,237.0,58.04,58.684,64.748,70.345,226.76,25.2,32.29,1141.09,1.1411,3,0
2022-03-06T10:00:00,2.0,271.0,272.0,46.29,47.019,53.042,62.967,262.55,25.5,33.7,1314.42,1.3144,3,0
2022-03-06T11:00:00,233.0,450.0,637.0,36.58,37.43,35.931,57.498,561.25,25.7,43.24,2713.16,2.7132,3,0
2022-03-06T12:00:00,136.0,460.0,577.0,30.96,31.883,11.402,54.671,523.75,25.8,42.17,2542.01,2.542,3,0
2022-03-06T13:00:00,151.0,469.0,598.0,31.7,32.531,343.255,55.069,540.36,25.9,42.79,2616.57,2.6166,3,0
2022-03-06T14:00:00,45.0,387.0,423.0,38.42,39.066,320.162,58.556,397.4,25.9,38.32,1956.43,1.9564,3,0
2022-03-06T15:00:00,816.0,119.0,658.0,48.7,49.184,304.326,64.492,470.94,25.8,40.52,2299.76,2.2998,0,0
2022-03-06T16:00:00,712.0,107.0,455.0,60.73,61.111,293.376,72.189,324.1,25.5,35.63,1611.3,1.6113,1,0
2022-03-06T17:00:00,524.0,79.0,227.0,73.61,73.95,285.153,81.038,159.18,25.1,30.07,807.35,0.8074,1,0
2022-03-06T18:00:00,0.0,13.0,13.0,86.8,87.261,278.333,90.45,12.55,24.8,25.19,64.76,0.0648,3,7
2022-03-06T19:00:00,0.0,0.0,0.0,100.57,100.797,0.0,124.57,0.0,24.6,24.6,0.0,0.0,1,0
2022-03-06T20:00:00,0.0,0.0,0.0,114.14,114.387,0.0,138.14,0.0,24.5,24.5,0.0,0.0,3,0
2022-03-06T21:00:00,0.0,0.0,0.0,127.55,127.844,0.0,151.55,0.0,24.5,24.5,0.0,0.0,1,0
2022-03-06T22:00:00,0.0,0.0,0.0,140.45,140.851,0.0,164.45,0.0,24.3,24.3,0.0,0.0,3,0
2022-03-06T23:00:00,0.0,0.0,0.0,151.98,152.604,0.0,175.98,0.0,24.2,24.2,0.0,0.0,1,0
2022-03-07T00:00:00,0.0,0.0,0.0,159.55,160.183,0.0,176.45,0.0,24.1,24.1,0.0,0.0,3,0
2022-03-07T01:00:00,0.0,0.0,0.0,158.43,159.15,0.0,177.57,0.0,24.0,24.0,0.0,0.0,3,0
2022-03-07T02:00:00,0.0,0.0,0.0,149.57,150.177,0.0,173.57,0.0,23.9,23.9,0.0,0.0,1,0
2022-03-07T03:00:00,0.0,0.0,0.0,137.59,138.115,0.0,161.59,0.0,23.9,23.9,0.0,0.0,1,0
2022-03-07T04:00:00,0.0,0.0,0.0,124.52,125.007,0.0,148.52,0.0,23.9,23.9,0.0,0.0,3,0
2022-03-07T05:00:00,0.0,0.0,0.0,111.04,111.517,0.0,135.04,0.0,24.0,24.0,0.0,0.0,1,0
2022-03-07T06:00:00,0.0,0.0,0.0,97.44,97.925,0.0,121.44,0.0,24.1,24.1,0.0,0.0,0,0
2022-03-07T07:00:00,338.0,34.0,71.0,83.77,84.409,80.725,88.053,44.63,24.6,25.99,229.63,0.2296,0,0
2022-03-07T08:00:00,691.0,64.0,294.0,70.56,71.151,73.711,78.67,199.53,25.0,31.24,1007.85,1.0079,0,0
2022-03-07T09:00:00,16.0,233.0,241.0,57.78,58.418,65.088,69.993,230.49,25.4,32.6,1158.5,1.1585,3,0
2022-03-07T10:00:00,878.0,96.0,706.0,45.98,46.712,53.379,62.59,502.15,25.7,41.39,2444.21,2.4442,0,0
2022-03-07T11:00:00,920.0,100.0,842.0,36.23,37.071,36.198,57.117,602.44,26.0,44.83,2895.0,2.895,1,0
2022-03-07T12:00:00,121.0,426.0,530.0,30.57,31.49,11.431,54.281,482.81,26.2,41.29,2350.98,2.351,3,0
2022-03-07T13:00:00,89.0,431.0,507.0,31.34,32.17,342.961,54.691,468.19,26.3,40.93,2282.83,2.2828,3,0
2022-03-07T14:00:00,2.0,303.0,304.0,38.14,38.783,319.726,58.207,293.58,26.3,35.47,1460.42,1.4604,3,0
2022-03-07T15:00:00,854.0,100.0,666.0,48.49,48.97,303.888,64.175,473.46,26.3,41.1,2307.1,2.3071,1,0
2022-03-07T16:00:00,762.0,90.0,464.0,60.57,60.946,292.968,71.902,326.83,26.1,36.31,1620.85,1.6209,0,0
2022-03-07T17:00:00,595.0,67.0,236.0,73.48,73.815,284.768,80.772,161.56,25.7,30.75,817.48,0.8175,0,0
2022-03-07T18:00:00,162.0,23.0,32.0,86.69,87.144,277.957,90.199,22.28,25.2,25.9,114.7,0.1147,0,0
2022-03-07T19:00:00,0.0,0.0,0.0,100.46,100.688,0.0,124.46,0.0,24.9,24.9,0.0,0.0,0,0
2022-03-07T20:00:00,0.0,0.0,0.0,114.03,114.275,0.0,138.03,0.0,24.7,24.7,0.0,0.0,0,0
2022-03-07T21:00:00,0.0,0.0,0.0,127.42,127.717,0.0,151.42,0.0,24.6,24.6,0.0,0.0,0,0
2022-03-07T22:00:00,0.0,0.0,0.0,140.28,140.688,0.0,164.28,0.0,24.5,24.5,0.0,0.0,0,0
2022-03-07T23:00:00,0.0,0.0,0.0,151.74,152.366,0.0,175.74,0.0,24.4,24.4,0.0,0.0,0,0
2022-03-08T00:00:00,0.0,0.0,0.0,159.19,159.823,0.0,176.81,0.0,24.4,24.4,0.0,0.0,0,0
2022-03-08T01:00:00,0.0,0.0,0.0,158.05,158.768,0.0,177.95,0.0,24.4,24.4,0.0,0.0,0,0
2022-03-08T02:00:00,0.0,0.0,0.0,149.26,149.871,0.0,173.26,0.0,24.4,24.4,0.0,0.0,0,0
2022-03-08T03:00:00,0.0,0.0,0.0,137.33,137.862,0.0,161.33,0.0,24.3,24.3,0.0,0.0,0,0
2022-03-08T04:00:00,0.0,0.0,0.0,124.29,124.781,0.0,148.29,0.0,24.3,24.3,0.0,0.0,0,0
2022-03-08T05:00:00,0.0,0.0,0.0,110.82,111.302,0.0,134.82,0.0,24.2,24.2,0.0,0.0,0,0
2022-03-08T06:00:00,0.0,0.0,0.0,97.23,97.71,0.0,121.23,0.0,24.3,24.3,0.0,0.0,0,0
2022-03-08T07:00:00,387.0,33.0,77.0,83.55,84.187,81.053,87.721,47.63,24.8,26.29,244.84,0.2448,0,0
2022-03-08T08:00:00,714.0,63.0,303.0,70.32,70.911,74.043,78.325,207.39,25.3,31.78,1045.47,1.0455,0,0
2022-03-08T09:00:00,841.0,80.0,531.0,57.51,58.151,65.431,69.631,373.85,25.7,37.38,1846.82,1.8468,0,0
2022-03-08T10:00:00,910.0,88.0,724.0,45.67,46.404,53.72,62.211,514.71,26.0,42.08,2498.89,2.4989,0,0
2022-03-08T11:00:00,55.0,402.0,447.0,35.87,36.711,36.469,56.727,418.66,26.4,39.48,2052.28,2.0523,2,0
2022-03-08T12:00:00,964.0,93.0,927.0,30.18,31.094,11.458,53.892,665.09,26.6,47.38,3165.32,3.1653,0,0
2022-03-08T13:00:00,963.0,92.0,918.0,30.98,31.809,342.658,54.311,657.75,26.7,47.25,3131.92,3.1319,0,0
2022-03-08T14:00:00,943.0,89.0,833.0,37.87,38.502,319.281,57.865,593.95,26.8,45.36,2848.46,2.8485,0,0
2022-03-08T15:00:00,904.0,82.0,684.0,48.29,48.759,303.444,63.865,482.58,26.7,41.78,2345.55,2.3455,0,0
2022-03-08T16:00:00,829.0,73.0,482.0,60.41,60.782,292.556,71.613,335.5,26.5,36.98,1659.78,1.6598,0,0
2022-03-08T17:00:00,147.0,148.0,190.0,73.35,73.682,284.381,80.504,167.5,26.1,31.33,845.73,0.8457,2,0
2022-03-08T18:00:00,250.0,21.0,36.0,86.58,87.028,277.579,89.946,20.64,25.5,26.15,106.16,0.1062,0,0
2022-03-08T19:00:00,0.0,0.0,0.0,100.35,100.579,0.0,124.35,0.0,25.3,25.3,0.0,0.0,0,0
2022-03-08T20:00:00,0.0,0.0,0.0,113.92,114.164,0.0,137.92,0.0,25.1,25.1,0.0,0.0,0,0
2022-03-08T21:00:00,0.0,0.0,0.0,127.29,127.589,0.0,151.29,0.0,24.9,24.9,0.0,0.0,0,0
2022-03-08T22:00:00,0.0,0.0,0.0,140.12,140.523,0.0,164.12,0.0,24.8,24.8,0.0,0.0,0,0
2022-03-08T23:00:00,0.0,0.0,0.0,151.49,152.126,0.0,175.49,0.0,24.7,24.7,0.0,0.0,0,0
2022-03-09T00:00:00,0.0,0.0,0.0,158.83,159.46,0.0,177.17,0.0,24.6,24.6,0.0,0.0,0,0
2022-03-09T01:00:00,0.0,0.0,0.0,157.67,158.383,0.0,178.33,0.0,24.6,24.6,0.0,0.0,0,0
2022-03-09T02:00:00,0.0,0.0,0.0,148.94,149.56,0.0,172.94,0.0,24.6,24.6,0.0,0.0,0,0
2022-03-09T03:00:00,0.0,0.0,0.0,137.07,137.605,0.0,161.07,0.0,24.5,24.5,0.0,0.0,0,0
2022-03-09T04:00:00,0.0,0.0,0.0,124.06,124.551,0.0,148.06,0.0,24.4,24.4,0.0,0.0,0,0
2022-03-09T05:00:00,0.0,0.0,0.0,110.6,111.083,0.0,134.6,0.0,24.3,24.3,0.0,0.0,0,0
2022-03-09T06:00:00,0.0,0.0,0.0,97.01,97.493,0.0,121.01,0.0,24.3,24.3,0.0,0.0,0,0
2022-03-09T07:00:00,439.0,31.0,82.0,83.33,83.962,81.382,87.388,50.38,24.8,26.37,258.88,0.2589,0,0
2022-03-09T08:00:00,746.0,56.0,311.0,70.07,70.67,74.377,77.97,211.75,25.1,31.72,1067.74,1.0677,0,0
2022-03-09T09:00:00,862.0,71.0,537.0,57.24,57.882,65.775,69.268,377.72,25.5,37.3,1866.44,1.8664,1,0
2022-03-09T10:00:00,915.0,84.0,727.0,45.37,46.094,54.064,61.842,518.45,26.0,42.2,2515.98,2.516,0,0
2022-03-09T11:00:00,217.0,446.0,622.0,35.5,36.348,36.743,56.326,552.42,26.5,43.76,2665.21,2.6652,3,0
2022-03-09T12:00:00,971.0,86.0,928.0,29.78,30.697,11.482,53.492,667.98,26.8,47.67,3175.56,3.1756,0,0
2022-03-09T13:00:00,962.0,90.0,918.0,30.62,31.448,342.343,53.931,660.43,27.0,47.64,3140.08,3.1401,0,0
2022-03-09T14:00:00,13.0,362.0,372.0,37.6,38.223,318.826,57.521,356.55,27.1,38.24,1755.8,1.7558,3,0
2022-03-09T15:00:00,1.0,204.0,204.0,48.09,48.55,302.994,63.552,197.39,27.1,33.27,989.78,0.9898,3,0
2022-03-09T16:00:00,0.0,108.0,108.0,60.26,60.621,292.14,71.332,104.27,26.9,30.16,528.68,0.5287,3,0
2022-03-09T17:00:00,0.0,55.0,55.0,73.23,73.55,283.99,80.245,53.1,26.6,28.26,271.06,0.2711,3,0
2022-03-09T18:00:00,0.0,20.0,20.0,86.47,86.913,277.198,89.692,19.31,26.0,26.6,99.14,0.0991,3,7
2022-03-09T19:00:00,0.0,0.0,0.0,100.25,100.471,0.0,124.25,0.0,25.7,25.7,0.0,0.0,0,0
2022-03-09T20:00:00,0.0,0.0,0.0,113.81,114.052,0.0,137.81,0.0,25.4,25.4,0.0,0.0,0,0
2022-03-09T21:00:00,0.0,0.0,0.0,127.16,127.461,0.0,151.16,0.0,25.2,25.2,0.0,0.0,0,0
2022-03-09T22:00:00,0.0,0.0,0.0,139.94,140.357,0.0,163.94,0.0,25.0,25.0,0.0,0.0,0,0
2022-03-09T23:00:00,0.0,0.0,0.0,151.24,151.882,0.0,175.24,0.0,24.9,24.9,0.0,0.0,0,0
2022-03-10T00:00:00,0.0,0.0,0.0,158.47,159.095,0.0,177.53,0.0,24.7,24.7,0.0,0.0,0,0
2022-03-10T01:00:00,0.0,0.0,0.0,157.28,157.996,0.0,178.72,0.0,24.6,24.6,0.0,0.0,0,0
2022-03-10T02:00:00,0.0,0.0,0.0,148.63,149.246,0.0,172.63,0.0,24.5,24.5,0.0,0.0,0,0
2022-03-10T03:00:00,0.0,0.0,0.0,136.8,137.343,0.0,160.8,0.0,24.4,24.4,0.0,0.0,0,0
2022-03-10T04:00:00,0.0,0.0,0.0,123.82,124.317,0.0,147.82,0.0,24.4,24.4,0.0,0.0,0,0
2022-03-10T05:00:00,0.0,0.0,0.0,110.38,110.862,0.0,134.38,0.0,24.3,24.3,0.0,0.0,0,0
2022-03-10T06:00:00,0.0,0.0,0.0,96.79,97.273,0.0,120.79,0.0,24.6,24.6,0.0,0.0,0,0
2022-03-10T07:00:00,384.0,36.0,82.0,83.1,83.734,81.712,87.045,54.95,25.2,26.92,281.83,0.2818,0,0
2022-03-10T08:00:00,704.0,66.0,309.0,69.83,70.426,74.713,77.624,216.71,25.7,32.47,1089.77,1.0898,0,0
2022-03-10T09:00:00,837.0,81.0,537.0,56.97,57.611,66.122,68.905,383.4,26.2,38.18,1888.42,1.8884,0,0
2022-03-10T10:00:00,120.0,387.0,472.0,45.06,45.782,54.411,61.462,431.68,26.7,40.19,2110.58,2.1106,3,0
2022-03-10T11:00:00,139.0,438.0,551.0,35.14,35.984,37.021,55.935,501.69,27.1,42.78,2429.4,2.4294,3,0
2022-03-10T12:00:00,947.0,99.0,924.0,29.38,30.298,11.504,53.093,671.4,27.5,48.48,3181.99,3.182,1,0
2022-03-10T13:00:00,50.0,426.0,469.0,30.27,31.086,342.017,53.56,441.34,27.7,41.49,2147.42,2.1474,3,0
2022-03-10T14:00:00,173.0,437.0,574.0,37.33,37.945,318.361,57.175,516.85,27.8,43.95,2491.86,2.4919,3,0
2022-03-10T15:00:00,890.0,87.0,683.0,47.89,48.344,302.538,63.238,489.9,27.8,43.11,2369.39,2.3694,1,0
2022-03-10T16:00:00,812.0,76.0,481.0,60.1,60.461,291.719,71.04,340.7,27.5,38.15,1678.34,1.6783,0,0
2022-03-10T17:00:00,661.0,57.0,250.0,73.1,73.42,283.596,79.975,171.77,27.2,32.57,863.47,0.8635,1,0
2022-03-10T18:00:00,0.0,17.0,17.0,86.37,86.799,276.815,89.446,16.41,26.5,27.01,84.15,0.0842,3,7
2022-03-10T19:00:00,0.0,0.0,0.0,100.14,100.364,0.0,124.14,0.0,26.2,26.2,0.0,0.0,1,0
2022-03-10T20:00:00,0.0,0.0,0.0,113.7,113.94,0.0,137.7,0.0,25.9,25.9,0.0,0.0,1,0
2022-03-10T21:00:00,0.0,0.0,0.0,127.03,127.332,0.0,151.03,0.0,25.6,25.6,0.0,0.0,0,0
2022-03-10T22:00:00,0.0,0.0,0.0,139.77,140.188,0.0,163.77,0.0,25.3,25.3,0.0,0.0,0,0
2022-03-10T23:00:00,0.0,0.0,0.0,150.99,151.635,0.0,174.99,0.0,25.0,25.0,0.0,0.0,0,0
2022-03-11T00:00:00,0.0,0.0,0.0,158.1,158.729,0.0,177.9,0.0,24.8,24.8,0.0,0.0,7,0
2022-03-11T01:00:00,0.0,0.0,0.0,156.89,157.606,0.0,179.11,0.0,24.6,24.6,0.0,0.0,7,0
2022-03-11T02:00:00,0.0,0.0,0.0,148.31,148.927,0.0,172.31,0.0,24.4,24.4,0.0,0.0,0,0
2022-03-11T03:00:00,0.0,0.0,0.0,136.54,137.077,0.0,160.54,0.0,24.2,24.2,0.0,0.0,0,0
2022-03-11T04:00:00,0.0,0.0,0.0,123.58,124.08,0.0,147.58,0.0,24.2,24.2,0.0,0.0,0,0
2022-03-11T05:00:00,0.0,0.0,0.0,110.15,110.637,0.0,134.15,0.0,24.3,24.3,0.0,0.0,0,0
2022-03-11T06:00:00,0.0,0.0,0.0,96.56,97.05,0.0,120.56,0.0,24.5,24.5,0.0,0.0,8,0
2022-03-11T07:00:00,432.0,34.0,87.0,82.88,83.505,82.043,86.712,58.06,25.2,27.01,297.71,0.2977,0,0
2022-03-11T08:00:00,510.0,123.0,301.0,69.59,70.181,75.05,77.277,232.61,25.7,32.97,1167.63,1.1676,7,0
2022-03-11T09:00:00,864.0,74.0,548.0,56.7,57.339,66.472,68.54,391.63,26.1,38.34,1927.87,1.9279,0,0
2022-03-11T10:00:00,919.0,87.0,739.0,44.75,45.469,54.762,61.081,534.03,26.6,43.29,2581.08,2.5811,0,0
2022-03-11T11:00:00,65.0,411.0,465.0,34.78,35.619,37.302,55.543,434.03,27.2,40.76,2117.57,2.1176,2,0
2022-03-11T12:00:00,968.0,91.0,938.0,28.98,29.897,11.522,52.694,681.85,27.6,48.91,3226.27,3.2263,1,0
2022-03-11T13:00:00,955.0,96.0,924.0,29.91,30.724,341.68,53.178,672.2,27.8,48.81,3181.87,3.1819,0,0
2022-03-11T14:00:00,936.0,92.0,839.0,37.06,37.669,317.887,56.826,607.44,27.8,46.78,2897.51,2.8975,0,0
2022-03-11T15:00:00,894.0,86.0,688.0,47.69,48.139,302.075,62.921,495.19,27.8,43.27,2393.51,2.3935,0,0
2022-03-11T16:00:00,819.0,75.0,484.0,59.95,60.304,291.295,70.755,345.89,27.6,38.41,1702.25,1.7023,0,0
2022-03-11T17:00:00,668.0,57.0,253.0,72.98,73.292,283.2,79.712,176.02,27.2,32.7,884.44,0.8844,0,0
2022-03-11T18:00:00,263.0,22.0,39.0,86.26,86.687,276.429,89.19,25.11,26.7,27.48,128.51,0.1285,0,0
2022-03-11T19:00:00,0.0,0.0,0.0,100.04,100.257,0.0,124.04,0.0,26.4,26.4,0.0,0.0,0,0
2022-03-11T20:00:00,0.0,0.0,0.0,113.59,113.829,0.0,137.59,0.0,26.2,26.2,0.0,0.0,0,0
2022-03-11T21:00:00,0.0,0.0,0.0,126.9,127.201,0.0,150.9,0.0,26.0,26.0,0.0,0.0,0,0
2022-03-11T22:00:00,0.0,0.0,0.0,139.6,140.018,0.0,163.6,0.0,25.8,25.8,0.0,0.0,0,0
2022-03-11T23:00:00,0.0,0.0,0.0,150.73,151.386,0.0,174.73,0.0,25.6,25.6,0.0,0.0,0,0
2022-03-12T00:00:00,0.0,0.0,0.0,157.73,158.36,0.0,178.27,0.0,25.4,25.4,0.0,0.0,0,0
2022-03-12T01:00:00,0.0,0.0,0.0,156.5,157.214,0.0,179.5,0.0,25.3,25.3,0.0,0.0,0,0
2022-03-12T02:00:00,0.0,0.0,0.0,147.98,148.604,0.0,171.98,0.0,25.2,25.2,0.0,0.0,0,0
2022-03-12T03:00:00,0.0,0.0,0.0,136.27,136.808,0.0,160.27,0.0,25.1,25.1,0.0,0.0,0,0
2022-03-12T04:00:00,0.0,0.0,0.0,123.34,123.839,0.0,147.34,0.0,25.2,25.2,0.0,0.0,0,0
2022-03-12T05:00:00,0.0,0.0,0.0,109.93,110.41,0.0,133.93,0.0,25.2,25.2,0.0,0.0,0,0
2022-03-12T06:00:00,0.0,0.0,0.0,96.34,96.825,0.0,120.34,0.0,25.4,25.4,0.0,0.0,0,0
2022-03-12T07:00:00,356.0,40.0,85.0,82.65,83.274,82.375,86.368,61.56,25.9,27.82,314.71,0.3147,0,0
2022-03-12T08:00:00,671.0,74.0,310.0,69.35,69.934,75.388,76.929,225.23,26.4,33.44,1128.68,1.1287,0,0
2022-03-12T09:00:00,804.0,91.0,536.0,56.43,57.066,66.823,68.175,390.6,26.8,39.01,1918.1,1.9181,0,0
2022-03-12T10:00:00,875.0,101.0,726.0,44.44,45.156,55.116,60.7,531.12,27.3,43.9,2561.19,2.5612,0,0
2022-03-12T11:00:00,915.0,104.0,859.0,34.42,35.252,37.586,55.151,629.77,27.7,47.38,2997.25,2.9972,0,0
2022-03-12T12:00:00,7.0,384.0,389.0,28.59,29.495,11.538,52.306,375.04,27.9,39.62,1837.53,1.8375,3,0
2022-03-12T13:00:00,931.0,105.0,914.0,29.56,30.363,341.332,52.804,671.19,28.0,48.97,3175.02,3.175,0,0
2022-03-12T14:00:00,916.0,98.0,832.0,36.79,37.395,317.403,56.476,606.85,28.0,46.96,2892.73,2.8927,0,0
2022-03-12T15:00:00,877.0,89.0,682.0,47.5,47.938,301.607,62.612,494.49,27.8,43.25,2390.28,2.3903,0,0
2022-03-12T16:00:00,803.0,77.0,481.0,59.8,60.149,290.867,70.469,346.28,27.4,38.22,1705.38,1.7054,0,0
2022-03-12T17:00:00,647.0,59.0,250.0,72.86,73.166,282.801,79.449,177.09,26.8,32.33,890.95,0.891,0,0
2022-03-12T18:00:00,239.0,23.0,39.0,86.16,86.576,276.042,88.942,26.76,26.2,27.04,137.18,0.1372,0,0
2022-03-12T19:00:00,0.0,0.0,0.0,99.93,100.151,0.0,123.93,0.0,26.0,26.0,0.0,0.0,0,0
2022-03-12T20:00:00,0.0,0.0,0.0,113.48,113.717,0.0,137.48,0.0,25.6,25.6,0.0,0.0,0,0
2022-03-12T21:00:00,0.0,0.0,0.0,126.77,127.07,0.0,150.77,0.0,24.9,24.9,0.0,0.0,0,0
2022-03-12T22:00:00,0.0,0.0,0.0,139.42,139.845,0.0,163.42,0.0,24.0,24.0,0.0,0.0,1,0
2022-03-12T23:00:00,0.0,0.0,0.0,150.48,151.133,0.0,174.48,0.0,23.4,23.4,0.0,0.0,1,0
2022-03-13T00:00:00,0.0,0.0,0.0,157.37,157.989,0.0,178.63,0.0,23.0,23.0,0.0,0.0,0,0
2022-03-13T01:00:00,0.0,0.0,0.0,156.11,156.82,0.0,179.89,0.0,22.7,22.7,0.0,0.0,0,0
2022-03-13T02:00:00,0.0,0.0,0.0,147.66,148.278,0.0,171.66,0.0,22.4,22.4,0.0,0.0,4,0
2022-03-13T03:00:00,0.0,0.0,0.0,135.99,136.534,0.0,159.99,0.0,22.1,22.1,0.0,0.0,3,0
2022-03-13T04:00:00,0.0,0.0,0.0,123.09,123.595,0.0,147.09,0.0,21.8,21.8,0.0,0.0,3,0
2022-03-13T05:00:00,0.0,0.0,0.0,109.7,110.179,0.0,133.7,0.0,21.5,21.5,0.0,0.0,4,0
2022-03-13T06:00:00,0.0,0.0,0.0,96.11,96.598,0.0,120.11,0.0,21.2,21.2,0.0,0.0,3,0
2022-03-13T07:00:00,0.0,38.0,38.0,82.42,83.041,82.707,86.025,36.69,21.3,22.45,191.13,0.1911,3,0
2022-03-13T08:00:00,1.0,110.0,110.0,69.1,69.686,75.727,76.572,106.43,21.5,24.83,549.9,0.5499,3,0
2022-03-13T09:00:00,20.0,255.0,266.0,56.16,56.792,67.177,67.809,253.83,21.8,29.73,1289.01,1.289,3,0
2022-03-13T10:00:00,70.0,354.0,404.0,44.13,44.841,55.474,60.318,376.85,22.2,33.98,1884.84,1.8848,3,0
2022-03-13T11:00:00,229.0,464.0,654.0,34.05,34.884,37.875,54.75,581.76,22.5,40.68,2839.22,2.8392,3,0
2022-03-13T12:00:00,139.0,475.0,598.0,28.19,29.091,11.552,51.907,545.39,22.7,39.74,2670.94,2.6709,2,0
2022-03-13T13:00:00,90.0,459.0,538.0,29.2,30.002,340.972,52.42,498.7,22.8,38.38,2454.52,2.4545,2,0
2022-03-13T14:00:00,66.0,409.0,461.0,36.53,37.123,316.91,56.133,432.09,22.8,36.3,2142.92,2.1429,2,0
2022-03-13T15:00:00,807.0,129.0,676.0,47.31,47.738,301.133,62.3,504.39,22.7,38.46,2481.83,2.4818,0,0
2022-03-13T16:00:00,720.0,111.0,475.0,59.66,59.997,290.436,70.19,354.31,22.5,33.57,1774.69,1.7747,0,0
2022-03-13T17:00:00,540.0,83.0,244.0,72.74,73.041,282.399,79.184,182.85,22.3,28.01,934.25,0.9343,0,0
2022-03-13T18:00:00,125.0,28.0,37.0,86.05,86.466,275.652,88.684,29.98,22.0,22.94,155.93,0.1559,0,0
2022-03-13T19:00:00,0.0,0.0,0.0,99.83,100.045,0.0,123.83,0.0,21.9,21.9,0.0,0.0,0,0
2022-03-13T20:00:00,0.0,0.0,0.0,113.36,113.605,0.0,137.36,0.0,21.9,21.9,0.0,0.0,3,0
2022-03-13T21:00:00,0.0,0.0,0.0,126.63,126.938,0.0,150.63,0.0,21.8,21.8,0.0,0.0,3,0
2022-03-13T22:00:00,0.0,0.0,0.0,139.24,139.67,0.0,163.24,0.0,21.7,21.7,0.0,0.0,3,0
2022-03-13T23:00:00,0.0,0.0,0.0,150.22,150.878,0.0,174.22,0.0,21.7,21.7,0.0,0.0,3,0
2022-03-14T00:00:00,0.0,0.0,0.0,157.0,157.617,0.0,179.0,0.0,21.7,21.7,0.0,0.0,3,0
2022-03-14T01:00:00,0.0,0.0,0.0,155.72,156.424,0.0,179.72,0.0,21.8,21.8,0.0,0.0,3,0
2022-03-14T02:00:00,0.0,0.0,0.0,147.33,147.948,0.0,171.33,0.0,21.9,21.9,0.0,0.0,3,0
2022-03-14T03:00:00,0.0,0.0,0.0,135.71,136.257,0.0,159.71,0.0,22.0,22.0,0.0,0.0,3,0
2022-03-14T04:00:00,0.0,0.0,0.0,122.85,123.348,0.0,146.85,0.0,22.0,22.0,0.0,0.0,3,0
2022-03-14T05:00:00,0.0,0.0,0.0,109.46,109.946,0.0,133.46,0.0,22.1,22.1,0.0,0.0,3,0
2022-03-14T06:00:00,0.0,0.0,0.0,95.88,96.369,0.0,119.88,0.0,22.3,22.3,0.0,0.0,3,0
2022-03-14T07:00:00,0.0,19.0,19.0,82.19,82.806,83.04,85.681,18.34,22.7,23.27,95.29,0.0953,3,0
2022-03-14T08:00:00,0.0,12.0,12.0,68.85,69.437,76.068,76.215,11.59,23.1,23.46,60.14,0.0601,3,0
2022-03-14T09:00:00,0.0,118.0,118.0,55.89,56.517,67.533,67.443,113.92,23.6,27.16,583.8,0.5838,3,0
2022-03-14T10:00:00,0.0,159.0,159.0,43.82,44.525,55.836,59.934,153.5,23.8,28.6,782.66,0.7827,3,0
2022-03-14T11:00:00,0.0,171.0,171.0,33.69,34.514,38.168,54.357,165.09,24.0,29.16,840.06,0.8401,3,0
2022-03-14T12:00:00,0.0,81.0,81.0,27.79,28.686,11.563,51.509,78.2,24.0,26.44,401.76,0.4018,3,0
2022-03-14T13:00:00,0.0,95.0,95.0,28.85,29.641,340.601,52.045,91.71,24.0,26.87,470.5,0.4705,3,0
2022-03-14T14:00:00,0.0,158.0,158.0,36.27,36.853,316.407,55.788,152.54,23.9,28.67,777.55,0.7775,3,0
2022-03-14T15:00:00,0.0,123.0,123.0,47.12,47.541,300.654,61.987,118.75,23.9,27.61,607.57,0.6076,3,0
2022-03-14T16:00:00,0.0,65.0,65.0,59.51,59.846,290.001,69.901,62.75,23.8,25.76,323.17,0.3232,3,0
2022-03-14T17:00:00,0.0,9.0,9.0,72.62,72.918,281.996,78.918,8.69,23.7,23.97,45.03,0.045,3,0
2022-03-14T18:00:00,76.0,29.0,34.0,85.95,86.357,275.261,88.435,30.12,23.6,24.54,155.76,0.1558,0,0
2022-03-14T19:00:00,0.0,0.0,0.0,99.72,99.94,0.0,123.72,0.0,23.6,23.6,0.0,0.0,1,0
2022-03-14T20:00:00,0.0,0.0,0.0,113.25,113.493,0.0,137.25,0.0,23.7,23.7,0.0,0.0,1,0
2022-03-14T21:00:00,0.0,0.0,0.0,126.5,126.805,0.0,150.5,0.0,23.7,23.7,0.0,0.0,1,0
2022-03-14T22:00:00,0.0,0.0,0.0,139.06,139.494,0.0,163.06,0.0,23.7,23.7,0.0,0.0,1,0
2022-03-14T23:00:00,0.0,0.0,0.0,149.96,150.619,0.0,173.96,0.0,23.8,23.8,0.0,0.0,0,0
2022-03-15T00:00:00,0.0,0.0,0.0,156.63,157.242,0.0,179.37,0.0,23.8,23.8,0.0,0.0,0,0
2022-03-15T01:00:00,0.0,0.0,0.0,155.33,156.027,0.0,179.33,0.0,23.7,23.7,0.0,0.0,0,0
2022-03-15T02:00:00,0.0,0.0,0.0,147.0,147.615,0.0,171.0,0.0,23.6,23.6,0.0,0.0,0,0
2022-03-15T03:00:00,0.0,0.0,0.0,135.43,135.977,0.0,159.43,0.0,23.6,23.6,0.0,0.0,0,0
2022-03-15T04:00:00,0.0,0.0,0.0,122.6,123.098,0.0,146.6,0.0,23.6,23.6,0.0,0.0,1,0
2022-03-15T05:00:00,0.0,0.0,0.0,109.23,109.711,0.0,133.23,0.0,23.7,23.7,0.0,0.0,3,0
2022-03-15T06:00:00,0.0,0.0,0.0,95.65,96.137,0.0,119.65,0.0,24.0,24.0,0.0,0.0,1,0
2022-03-15T07:00:00,406.0,39.0,95.0,81.96,82.57,83.373,85.337,71.14,24.7,26.92,364.88,0.3649,0,0
2022-03-15T08:00:00,32.0,186.0,197.0,68.61,69.186,76.41,75.866,187.48,25.2,31.06,947.56,0.9476,3,0
2022-03-15T09:00:00,831.0,79.0,548.0,55.62,56.241,67.891,67.075,404.01,25.5,38.13,1990.39,1.9904,0,0
2022-03-15T10:00:00,111.0,381.0,462.0,43.51,44.209,56.201,59.551,424.78,25.9,39.17,2084.62,2.0846,3,0
2022-03-15T11:00:00,924.0,94.0,866.0,33.32,34.144,38.465,53.954,641.14,26.2,46.24,3064.6,3.0646,1,0
2022-03-15T12:00:00,939.0,95.0,929.0,27.38,28.28,11.572,51.101,688.57,26.5,48.02,3269.17,3.2692,1,0
2022-03-15T13:00:00,926.0,101.0,915.0,28.5,29.281,340.218,51.668,678.86,26.6,47.81,3225.57,3.2256,0,0
2022-03-15T14:00:00,909.0,97.0,832.0,36.01,36.586,315.895,55.44,615.65,26.7,45.94,2946.07,2.9461,0,0
2022-03-15T15:00:00,869.0,89.0,683.0,46.93,47.347,300.17,61.671,503.42,26.7,42.43,2440.94,2.4409,0,0
2022-03-15T16:00:00,793.0,78.0,482.0,59.37,59.698,289.563,69.62,354.96,26.5,37.59,1752.14,1.7521,0,0
2022-03-15T17:00:00,644.0,59.0,253.0,72.51,72.796,281.59,78.661,185.26,26.3,32.09,932.9,0.9329,0,0
2022-03-15T18:00:00,258.0,24.0,42.0,85.85,86.25,274.869,88.184,31.5,25.9,26.88,161.58,0.1616,0,0
2022-03-15T19:00:00,0.0,0.0,0.0,99.62,99.836,0.0,123.62,0.0,25.6,25.6,0.0,0.0,0,0
2022-03-15T20:00:00,0.0,0.0,0.0,113.14,113.38,0.0,137.14,0.0,25.4,25.4,0.0,0.0,0,0
2022-03-15T21:00:00,0.0,0.0,0.0,126.36,126.67,0.0,150.36,0.0,25.1,25.1,0.0,0.0,0,0
2022-03-15T22:00:00,0.0,0.0,0.0,138.88,139.315,0.0,162.88,0.0,24.8,24.8,0.0,0.0,0,0
2022-03-15T23:00:00,0.0,0.0,0.0,149.69,150.358,0.0,173.69,0.0,24.6,24.6,0.0,0.0,0,0
2022-03-16T00:00:00,0.0,0.0,0.0,156.25,156.867,0.0,179.75,0.0,24.5,24.5,0.0,0.0,0,0
2022-03-16T01:00:00,0.0,0.0,0.0,154.94,155.628,0.0,178.94,0.0,24.3,24.3,0.0,0.0,0,0
2022-03-16T02:00:00,0.0,0.0,0.0,146.66,147.279,0.0,170.66,0.0,24.3,24.3,0.0,0.0,0,0
2022-03-16T03:00:00,0.0,0.0,0.0,135.15,135.694,0.0,159.15,0.0,24.2,24.2,0.0,0.0,0,0
2022-03-16T04:00:00,0.0,0.0,0.0,122.35,122.845,0.0,146.35,0.0,24.2,24.2,0.0,0.0,0,0
2022-03-16T05:00:00,0.0,0.0,0.0,108.99,109.473,0.0,132.99,0.0,24.2,24.2,0.0,0.0,0,0
2022-03-16T06:00:00,0.0,0.0,0.0,95.42,95.904,0.0,119.42,0.0,24.3,24.3,0.0,0.0,0,0
2022-03-16T07:00:00,451.0,37.0,102.0,81.73,82.332,83.707,84.993,75.65,24.9,27.26,387.52,0.3875,0,0
2022-03-16T08:00:00,739.0,61.0,334.0,68.36,68.935,76.754,75.507,246.19,25.3,32.99,1235.71,1.2357,0,0
2022-03-16T09:00:00,858.0,73.0,561.0,55.35,55.964,68.252,66.707,413.97,25.7,38.64,2035.62,2.0356,0,0
2022-03-16T10:00:00,913.0,83.0,749.0,43.2,43.893,56.57,59.166,553.85,26.1,43.41,2675.68,2.6757,0,0
2022-03-16T11:00:00,946.0,87.0,881.0,32.96,33.773,38.767,53.561,652.75,26.5,46.9,3112.32,3.1123,1,0
2022-03-16T12:00:00,957.0,89.0,942.0,26.98,27.872,11.578,50.703,699.41,26.8,48.66,3312.54,3.3125,1,0
2022-03-16T13:00:00,947.0,93.0,928.0,28.15,28.922,339.823,51.29,689.23,27.0,48.54,3265.81,3.2658,1,0
2022-03-16T14:00:00,61.0,397.0,446.0,35.76,36.321,315.374,55.1,418.6,27.1,40.18,2046.67,2.0467,3,0
2022-03-16T15:00:00,163.0,374.0,486.0,46.75,47.155,299.68,61.363,440.15,27.1,40.85,2146.72,2.1467,3,0
2022-03-16T16:00:00,0.0,142.0,142.0,59.23,59.551,289.122,69.337,137.09,27.0,31.28,692.33,0.6923,3,0
2022-03-16T17:00:00,1.0,89.0,89.0,72.39,72.676,281.182,78.393,86.12,26.7,29.39,437.88,0.4379,3,0
2022-03-16T18:00:00,0.0,22.0,22.0,85.75,86.143,274.475,87.934,21.24,26.3,26.96,108.92,0.1089,3,7
2022-03-16T19:00:00,0.0,0.0,0.0,99.52,99.732,0.0,123.52,0.0,26.0,26.0,0.0,0.0,3,0
2022-03-16T20:00:00,0.0,0.0,0.0,113.03,113.268,0.0,137.03,0.0,25.7,25.7,0.0,0.0,3,0
2022-03-16T21:00:00,0.0,0.0,0.0,126.23,126.535,0.0,150.23,0.0,25.4,25.4,0.0,0.0,3,0
2022-03-16T22:00:00,0.0,0.0,0.0,138.7,139.134,0.0,162.7,0.0,25.2,25.2,0.0,0.0,7,0
2022-03-16T23:00:00,0.0,0.0,0.0,149.43,150.094,0.0,173.43,0.0,25.0,25.0,0.0,0.0,7,0
2022-03-17T00:00:00,0.0,0.0,0.0,155.88,156.49,0.0,179.88,0.0,24.8,24.8,0.0,0.0,0,0
2022-03-17T01:00:00,0.0,0.0,0.0,154.54,155.227,0.0,178.54,0.0,24.7,24.7,0.0,0.0,0,0
2022-03-17T02:00:00,0.0,0.0,0.0,146.33,146.94,0.0,170.33,0.0,24.6,24.6,0.0,0.0,0,0
2022-03-17T03:00:00,0.0,0.0,0.0,134.87,135.407,0.0,158.87,0.0,24.5,24.5,0.0,0.0,0,0
2022-03-17T04:00:00,0.0,0.0,0.0,122.09,122.59,0.0,146.09,0.0,24.4,24.4,0.0,0.0,0,0
2022-03-17T05:00:00,0.0,0.0,0.0,108.76,109.234,0.0,132.76,0.0,24.4,24.4,0.0,0.0,0,0
2022-03-17T06:00:00,0.0,0.0,0.0,95.19,95.67,0.0,119.19,0.0,24.6,24.6,0.0,0.0,0,0
2022-03-17T07:00:00,436.0,41.0,105.0,81.5,82.093,84.041,84.648,80.8,25.1,27.63,413.4,0.4134,0,0
2022-03-17T08:00:00,723.0,68.0,338.0,68.12,68.683,77.098,75.157,253.19,25.4,33.31,1269.39,1.2694,0,0
2022-03-17T09:00:00,573.0,143.0,471.0,55.08,55.687,68.615,66.338,370.85,25.9,37.49,1831.29,1.8313,8,0
2022-03-17T10:00:00,96.0,375.0,445.0,42.89,43.576,56.943,58.78,412.4,26.4,39.29,2023.02,2.023,3,0
2022-03-17T11:00:00,949.0,90.0,889.0,32.6,33.402,39.073,53.166,662.71,26.9,47.61,3151.28,3.1513,1,0
2022-03-17T12:00:00,428.0,350.0,733.0,26.58,27.464,11.582,50.305,614.57,27.3,46.51,2934.64,2.9346,8,0
2022-03-17T13:00:00,962.0,88.0,939.0,27.8,28.564,339.416,50.912,698.87,27.5,49.34,3301.38,3.3014,0,0
2022-03-17T14:00:00,942.0,86.0,852.0,35.51,36.059,314.844,54.757,633.22,27.6,47.39,3013.58,3.0136,1,0
2022-03-17T15:00:00,901.0,80.0,700.0,46.57,46.966,299.186,61.053,518.67,27.7,43.91,2501.05,2.501,1,0
2022-03-17T16:00:00,707.0,122.0,485.0,59.1,59.407,288.679,69.061,373.58,27.6,39.27,1832.69,1.8327,7,0
2022-03-17T17:00:00,688.0,54.0,264.0,72.28,72.558,280.772,78.133,195.43,27.2,33.31,979.79,0.9798,0,0
2022-03-17T18:00:00,314.0,23.0,47.0,85.65,86.037,274.079,87.682,35.11,26.6,27.7,179.59,0.1796,0,0
2022-03-17T19:00:00,0.0,0.0,0.0,99.42,99.628,0.0,123.42,0.0,26.3,26.3,0.0,0.0,0,0
2022-03-17T20:00:00,0.0,0.0,0.0,112.91,113.155,0.0,136.91,0.0,26.0,26.0,0.0,0.0,0,0
2022-03-17T21:00:00,0.0,0.0,0.0,126.09,126.398,0.0,150.09,0.0,25.7,25.7,0.0,0.0,0,0
2022-03-17T22:00:00,0.0,0.0,0.0,138.51,138.951,0.0,162.51,0.0,25.4,25.4,0.0,0.0,0,0
2022-03-17T23:00:00,0.0,0.0,0.0,149.16,149.828,0.0,173.16,0.0,25.1,25.1,0.0,0.0,0,0
2022-03-18T00:00:00,0.0,0.0,0.0,155.51,156.111,0.0,179.51,0.0,24.8,24.8,0.0,0.0,0,0
2022-03-18T01:00:00,0.0,0.0,0.0,154.15,154.825,0.0,178.15,0.0,24.6,24.6,0.0,0.0,0,0
2022-03-18T02:00:00,0.0,0.0,0.0,145.99,146.598,0.0,169.99,0.0,24.4,24.4,0.0,0.0,0,0
2022-03-18T03:00:00,0.0,0.0,0.0,134.58,135.118,0.0,158.58,0.0,24.3,24.3,0.0,0.0,0,0
2022-03-18T04:00:00,0.0,0.0,0.0,121.84,122.332,0.0,145.84,0.0,24.3,24.3,0.0,0.0,0,0
2022-03-18T05:00:00,0.0,0.0,0.0,108.52,108.992,0.0,132.52,0.0,24.4,24.4,0.0,0.0,0,0
2022-03-18T06:00:00,0.0,0.0,0.0,94.96,95.433,0.0,118.96,0.0,24.7,24.7,0.0,0.0,0,0
2022-03-18T07:00:00,434.0,42.0,108.0,81.27,81.853,84.376,84.304,84.2,25.4,28.03,430.15,0.4302,0,0
2022-03-18T08:00:00,709.0,72.0,339.0,67.87,68.43,77.444,74.798,257.74,25.8,33.85,1289.66,1.2897,0,0
2022-03-18T09:00:00,825.0,90.0,565.0,54.81,55.41,68.98,65.969,426.96,26.1,39.44,2093.28,2.0933,0,0
2022-03-18T10:00:00,896.0,95.0,755.0,42.58,43.259,57.319,58.394,566.99,26.6,44.32,2729.84,2.7298,0,0
2022-03-18T11:00:00,926.0,101.0,885.0,32.23,33.03,39.384,52.762,664.63,27.1,47.87,3157.26,3.1573,1,0
2022-03-18T12:00:00,941.0,103.0,947.0,26.18,27.055,11.584,49.907,712.77,27.4,49.67,3362.72,3.3627,1,1
2022-03-18T13:00:00,941.0,101.0,936.0,27.45,28.206,338.996,50.531,702.88,27.6,49.56,3317.43,3.3174,0,0
2022-03-18T14:00:00,920.0,97.0,849.0,35.26,35.8,314.305,54.413,635.53,27.7,47.56,3022.61,3.0226,0,0
2022-03-18T15:00:00,879.0,91.0,697.0,46.39,46.78,298.686,60.742,522.7,27.7,44.03,2519.29,2.5193,0,0
2022-03-18T16:00:00,805.0,79.0,494.0,58.96,59.266,288.233,68.776,371.28,27.6,39.2,1821.91,1.8219,0,0
2022-03-18T17:00:00,656.0,61.0,262.0,72.17,72.442,280.361,77.873,198.44,27.2,33.4,994.58,0.9946,0,0
2022-03-18T18:00:00,265.0,26.0,46.0,85.56,85.933,273.683,87.439,37.11,26.6,27.76,189.79,0.1898,0,0
2022-03-18T19:00:00,0.0,0.0,0.0,99.31,99.525,0.0,123.31,0.0,26.2,26.2,0.0,0.0,7,0
2022-03-18T20:00:00,0.0,0.0,0.0,112.8,113.041,0.0,136.8,0.0,25.9,25.9,0.0,0.0,7,0
2022-03-18T21:00:00,0.0,0.0,0.0,125.95,126.261,0.0,149.95,0.0,25.7,25.7,0.0,0.0,0,0
2022-03-18T22:00:00,0.0,0.0,0.0,138.32,138.766,0.0,162.32,0.0,25.5,25.5,0.0,0.0,0,0
2022-03-18T23:00:00,0.0,0.0,0.0,148.89,149.559,0.0,172.89,0.0,25.4,25.4,0.0,0.0,0,0
2022-03-19T00:00:00,0.0,0.0,0.0,155.13,155.732,0.0,179.13,0.0,25.2,25.2,0.0,0.0,0,0
2022-03-19T01:00:00,0.0,0.0,0.0,153.75,154.422,0.0,177.75,0.0,25.2,25.2,0.0,0.0,0,0
2022-03-19T02:00:00,0.0,0.0,0.0,145.65,146.254,0.0,169.65,0.0,25.1,25.1,0.0,0.0,0,0
2022-03-19T03:00:00,0.0,0.0,0.0,134.29,134.826,0.0,158.29,0.0,25.0,25.0,0.0,0.0,0,0
2022-03-19T04:00:00,0.0,0.0,0.0,121.58,122.071,0.0,145.58,0.0,24.9,24.9,0.0,0.0,0,0
2022-03-19T05:00:00,0.0,0.0,0.0,108.28,108.748,0.0,132.28,0.0,24.9,24.9,0.0,0.0,0,0
2022-03-19T06:00:00,0.0,0.0,0.0,94.73,95.196,0.0,118.73,0.0,25.0,25.0,0.0,0.0,0,0
2022-03-19T07:00:00,482.0,38.0,113.0,81.03,81.613,84.711,83.95,88.14,25.5,28.25,449.94,0.4499,0,0
2022-03-19T08:00:00,742.0,61.0,344.0,67.62,68.177,77.791,74.437,260.41,25.8,33.94,1302.62,1.3026,1,0
2022-03-19T09:00:00,853.0,75.0,569.0,54.54,55.133,69.347,65.598,429.08,26.1,39.51,2103.13,2.1031,0,0
2022-03-19T10:00:00,99.0,375.0,448.0,42.27,42.942,57.7,58.007,415.12,26.4,39.37,2035.72,2.0357,3,0
2022-03-19T11:00:00,235.0,451.0,650.0,31.87,32.657,39.701,52.367,580.61,26.7,44.84,2789.91,2.7899,2,0
2022-03-19T12:00:00,937.0,98.0,942.0,25.78,26.645,11.584,49.509,710.33,27.0,49.2,3357.31,3.3573,0,0
2022-03-19T13:00:00,931.0,99.0,928.0,27.1,27.85,338.564,50.15,699.31,27.2,49.05,3307.05,3.3071,0,0
2022-03-19T14:00:00,908.0,98.0,841.0,35.01,35.543,313.757,54.066,633.9,27.3,47.11,3019.99,3.02,0,0
2022-03-19T15:00:00,867.0,91.0,691.0,46.22,46.597,298.183,60.437,520.8,27.4,43.68,2513.51,2.5135,0,0
2022-03-19T16:00:00,792.0,80.0,490.0,58.83,59.126,287.784,68.498,371.08,27.4,39.0,1822.28,1.8223,0,0
2022-03-19T17:00:00,650.0,60.0,261.0,72.06,72.327,279.948,77.612,199.11,27.2,33.42,997.86,0.9979,0,0
2022-03-19T18:00:00,274.0,25.0,47.0,85.46,85.829,273.285,87.187,37.77,26.7,27.88,193.08,0.1931,0,0
2022-03-19T19:00:00,0.0,0.0,0.0,99.21,99.421,0.0,123.21,0.0,26.4,26.4,0.0,0.0,7,0
2022-03-19T20:00:00,0.0,0.0,0.0,112.69,112.928,0.0,136.69,0.0,26.1,26.1,0.0,0.0,0,0
2022-03-19T21:00:00,0.0,0.0,0.0,125.81,126.122,0.0,149.81,0.0,25.9,25.9,0.0,0.0,1,0
2022-03-19T22:00:00,0.0,0.0,0.0,138.13,138.579,0.0,162.13,0.0,25.7,25.7,0.0,0.0,3,0
2022-03-19T23:00:00,0.0,0.0,0.0,148.61,149.287,0.0,172.61,0.0,25.5,25.5,0.0,0.0,0,0
2022-03-20T00:00:00,0.0,0.0,0.0,154.76,155.351,0.0,178.76,0.0,25.3,25.3,0.0,0.0,0,0
2022-03-20T01:00:00,0.0,0.0,0.0,153.36,154.019,0.0,177.36,0.0,25.2,25.2,0.0,0.0,0,0
2022-03-20T02:00:00,0.0,0.0,0.0,145.31,145.908,0.0,169.31,0.0,25.2,25.2,0.0,0.0,0,0
2022-03-20T03:00:00,0.0,0.0,0.0,134.0,134.532,0.0,158.0,0.0,25.1,25.1,0.0,0.0,0,0
2022-03-20T04:00:00,0.0,0.0,0.0,121.32,121.809,0.0,145.32,0.0,25.1,25.1,0.0,0.0,0,0
2022-03-20T05:00:00,0.0,0.0,0.0,108.04,108.503,0.0,132.04,0.0,25.2,25.2,0.0,0.0,1,0
2022-03-20T06:00:00,0.0,0.0,0.0,94.49,94.957,0.0,118.49,0.0,25.4,25.4,0.0,0.0,0,0
2022-03-20T07:00:00,425.0,44.0,112.0,80.8,81.371,85.046,83.605,90.41,25.9,28.73,460.75,0.4607,0,0
2022-03-20T08:00:00,698.0,72.0,340.0,67.38,67.924,78.138,74.086,263.21,26.2,34.43,1314.33,1.3143,0,0
2022-03-20T09:00:00,813.0,89.0,564.0,54.27,54.856,69.716,65.227,430.69,26.4,39.86,2108.31,2.1083,0,0
2022-03-20T10:00:00,143.0,333.0,440.0,41.96,42.626,58.085,57.619,398.99,26.7,39.17,1958.13,1.9581,8,0
2022-03-20T11:00:00,154.0,382.0,513.0,31.51,32.285,40.022,51.972,464.79,27.1,41.62,2260.43,2.2604,8,0
2022-03-20T12:00:00,336.0,447.0,750.0,25.38,26.235,11.582,49.112,654.1,27.4,47.84,3107.61,3.1076,3,0
2022-03-20T13:00:00,8.0,297.0,304.0,26.76,27.495,338.12,49.777,291.96,27.5,36.62,1446.25,1.4463,8,0
2022-03-20T14:00:00,302.0,315.0,563.0,34.77,35.289,313.201,53.726,484.93,27.5,42.65,2349.32,2.3493,8,0
2022-03-20T15:00:00,273.0,315.0,504.0,46.04,46.416,297.675,60.122,441.74,27.5,41.3,2150.86,2.1509,7,0
2022-03-20T16:00:00,232.0,262.0,383.0,58.7,58.989,287.333,68.219,340.07,27.3,37.93,1676.6,1.6766,3,0
2022-03-20T17:00:00,0.0,82.0,82.0,71.95,72.214,279.534,77.35,79.16,27.0,29.47,402.38,0.4024,4,0
2022-03-20T18:00:00,0.0,31.0,31.0,85.36,85.727,272.887,86.934,29.93,26.6,27.54,153.17,0.1532,3,7
2022-03-20T19:00:00,0.0,0.0,0.0,99.11,99.319,0.0,123.11,0.0,26.4,26.4,0.0,0.0,0,0
2022-03-20T20:00:00,0.0,0.0,0.0,112.57,112.814,0.0,136.57,0.0,26.1,26.1,0.0,0.0,0,0
2022-03-20T21:00:00,0.0,0.0,0.0,125.67,125.981,0.0,149.67,0.0,26.0,26.0,0.0,0.0,0,0
2022-03-20T22:00:00,0.0,0.0,0.0,137.94,138.39,0.0,161.94,0.0,25.8,25.8,0.0,0.0,0,0
2022-03-20T23:00:00,0.0,0.0,0.0,148.34,149.014,0.0,172.34,0.0,25.7,25.7,0.0,0.0,0,0
2022-03-21T00:00:00,0.0,0.0,0.0,154.38,154.969,0.0,178.38,0.0,25.5,25.5,0.0,0.0,0,0
2022-03-21T01:00:00,0.0,0.0,0.0,152.96,153.614,0.0,176.96,0.0,25.3,25.3,0.0,0.0,0,0
2022-03-21T02:00:00,0.0,0.0,0.0,144.97,145.56,0.0,168.97,0.0,25.0,25.0,0.0,0.0,0,0
2022-03-21T03:00:00,0.0,0.0,0.0,133.71,134.236,0.0,157.71,0.0,24.8,24.8,0.0,0.0,3,0
2022-03-21T04:00:00,0.0,0.0,0.0,121.06,121.545,0.0,145.06,0.0,24.5,24.5,0.0,0.0,0,0
2022-03-21T05:00:00,0.0,0.0,0.0,107.79,108.257,0.0,131.79,0.0,24.3,24.3,0.0,0.0,0,0
2022-03-21T06:00:00,0.0,0.0,0.0,94.26,94.717,0.0,118.26,0.0,24.2,24.2,0.0,0.0,0,0
2022-03-21T07:00:00,342.0,54.0,110.0,80.56,81.129,85.382,83.25,92.81,24.4,27.3,475.4,0.4754,0,0
2022-03-21T08:00:00,624.0,94.0,337.0,67.13,67.67,78.487,73.725,267.72,24.5,32.87,1344.39,1.3444,0,0
2022-03-21T09:00:00,759.0,117.0,563.0,54.0,54.579,70.088,64.856,439.31,24.9,38.63,2160.28,2.1603,1,0
2022-03-21T10:00:00,828.0,132.0,751.0,41.66,42.31,58.473,57.239,580.85,25.2,43.35,2806.72,2.8067,1,0
2022-03-21T11:00:00,868.0,140.0,883.0,31.14,31.913,40.35,51.566,681.14,25.3,46.59,3251.51,3.2515,0,0
2022-03-21T12:00:00,886.0,145.0,948.0,24.97,25.824,11.577,48.704,731.64,25.4,48.26,3470.39,3.4704,1,0
2022-03-21T13:00:00,1.0,319.0,320.0,26.42,27.142,337.663,49.403,308.63,25.4,35.04,1537.65,1.5376,3,0
2022-03-21T14:00:00,899.0,118.0,859.0,34.53,35.038,312.636,53.384,656.53,25.4,45.92,3141.96,3.142,1,0
2022-03-21T15:00:00,1.0,222.0,222.0,45.87,46.238,297.163,59.814,214.83,25.2,31.91,1082.46,1.0825,3,0
2022-03-21T16:00:00,4.0,206.0,208.0,58.57,58.854,286.88,67.939,200.4,24.9,31.16,1012.48,1.0125,3,0
2022-03-21T17:00:00,605.0,77.0,266.0,71.84,72.102,279.119,77.087,211.17,24.6,31.2,1066.79,1.0668,1,0
2022-03-21T18:00:00,0.0,18.0,18.0,85.26,85.625,272.488,86.681,17.38,24.2,24.74,89.81,0.0898,3,7
2022-03-21T19:00:00,0.0,0.0,0.0,99.01,99.216,0.0,123.01,0.0,24.0,24.0,0.0,0.0,3,0
2022-03-21T20:00:00,0.0,0.0,0.0,112.46,112.699,0.0,136.46,0.0,23.7,23.7,0.0,0.0,0,0
2022-03-21T21:00:00,0.0,0.0,0.0,125.52,125.84,0.0,149.52,0.0,23.6,23.6,0.0,0.0,0,0
2022-03-21T22:00:00,0.0,0.0,0.0,137.75,138.199,0.0,161.75,0.0,23.6,23.6,0.0,0.0,0,0
2022-03-21T23:00:00,0.0,0.0,0.0,148.06,148.737,0.0,172.06,0.0,23.5,23.5,0.0,0.0,0,0
2022-03-22T00:00:00,0.0,0.0,0.0,154.01,154.587,0.0,178.01,0.0,23.5,23.5,0.0,0.0,0,0
2022-03-22T01:00:00,0.0,0.0,0.0,152.56,153.209,0.0,176.56,0.0,23.4,23.4,0.0,0.0,0,0
2022-03-22T02:00:00,0.0,0.0,0.0,144.62,145.21,0.0,168.62,0.0,23.4,23.4,0.0,0.0,0,0
2022-03-22T03:00:00,0.0,0.0,0.0,133.42,133.937,0.0,157.42,0.0,23.4,23.4,0.0,0.0,0,0
2022-03-22T04:00:00,0.0,0.0,0.0,120.8,121.279,0.0,144.8,0.0,23.5,23.5,0.0,0.0,0,0
2022-03-22T05:00:00,0.0,0.0,0.0,107.55,108.008,0.0,131.55,0.0,23.5,23.5,0.0,0.0,0,0
2022-03-22T06:00:00,0.0,0.0,0.0,94.02,94.476,0.0,118.02,0.0,23.7,23.7,0.0,0.0,0,0
2022-03-22T07:00:00,458.0,48.0,125.0,80.33,80.886,85.718,82.905,103.57,24.4,27.64,529.9,0.5299,0,0
2022-03-22T08:00:00,734.0,75.0,363.0,66.88,67.416,78.837,73.364,285.03,24.8,33.71,1426.99,1.427,0,0
2022-03-22T09:00:00,856.0,89.0,595.0,53.74,54.303,70.462,64.492,458.92,25.2,39.54,2249.14,2.2491,0,0
2022-03-22T10:00:00,912.0,99.0,784.0,41.35,41.995,58.866,56.849,600.23,25.6,44.36,2889.44,2.8894,0,0
2022-03-22T11:00:00,945.0,105.0,916.0,30.78,31.541,40.683,51.169,700.91,25.9,47.8,3330.48,3.3305,1,0
2022-03-22T12:00:00,402.0,446.0,812.0,24.57,25.413,11.571,48.307,701.13,26.2,48.11,3327.61,3.3276,2,0
2022-03-22T13:00:00,953.0,105.0,961.0,26.08,26.791,337.194,49.028,733.65,26.4,49.33,3465.82,3.4658,1,0
2022-03-22T14:00:00,932.0,101.0,871.0,34.29,34.79,312.063,53.041,664.53,26.5,47.27,3164.04,3.164,0,0
2022-03-22T15:00:00,892.0,94.0,717.0,45.71,46.063,296.648,59.513,548.68,26.4,43.55,2649.35,2.6493,0,0
2022-03-22T16:00:00,29.0,238.0,253.0,58.44,58.721,286.425,67.658,240.92,26.2,33.73,1206.06,1.2061,3,0
2022-03-22T17:00:00,668.0,64.0,274.0,71.73,71.992,278.703,76.824,215.87,25.8,32.55,1085.27,1.0853,0,0
2022-03-22T18:00:00,281.0,29.0,52.0,85.17,85.524,272.088,86.437,45.66,25.3,26.73,234.36,0.2344,1,0
2022-03-22T19:00:00,0.0,0.0,0.0,98.91,99.114,0.0,122.91,0.0,25.1,25.1,0.0,0.0,1,0
2022-03-22T20:00:00,0.0,0.0,0.0,112.34,112.584,0.0,136.34,0.0,24.9,24.9,0.0,0.0,1,0
2022-03-22T21:00:00,0.0,0.0,0.0,125.38,125.697,0.0,149.38,0.0,24.9,24.9,0.0,0.0,0,0
2022-03-22T22:00:00,0.0,0.0,0.0,137.55,138.005,0.0,161.55,0.0,24.8,24.8,0.0,0.0,1,0
2022-03-22T23:00:00,0.0,0.0,0.0,147.78,148.459,0.0,171.78,0.0,24.8,24.8,0.0,0.0,0,0
2022-03-23T00:00:00,0.0,0.0,0.0,153.63,154.204,0.0,177.63,0.0,24.8,24.8,0.0,0.0,0,0
2022-03-23T01:00:00,0.0,0.0,0.0,152.17,152.804,0.0,176.17,0.0,24.7,24.7,0.0,0.0,0,0
2022-03-23T02:00:00,0.0,0.0,0.0,144.28,144.858,0.0,168.28,0.0,24.7,24.7,0.0,0.0,0,0
2022-03-23T03:00:00,0.0,0.0,0.0,133.12,133.637,0.0,157.12,0.0,24.6,24.6,0.0,0.0,0,0
2022-03-23T04:00:00,0.0,0.0,0.0,120.54,121.011,0.0,144.54,0.0,24.7,24.7,0.0,0.0,0,0
2022-03-23T05:00:00,0.0,0.0,0.0,107.31,107.759,0.0,131.31,0.0,24.7,24.7,0.0,0.0,0,0
2022-03-23T06:00:00,0.0,0.0,0.0,93.79,94.234,0.0,117.79,0.0,24.9,24.9,0.0,0.0,0,0
2022-03-23T07:00:00,500.0,43.0,129.0,80.1,80.643,86.054,82.56,107.0,25.5,28.84,545.1,0.5451,0,0
2022-03-23T08:00:00,752.0,67.0,365.0,66.64,67.163,79.188,73.011,286.98,25.9,34.87,1430.72,1.4307,0,0
2022-03-23T09:00:00,861.0,80.0,592.0,53.47,54.027,70.838,64.119,457.49,26.3,40.6,2233.4,2.2334,1,0
2022-03-23T10:00:00,1.0,271.0,272.0,41.05,41.68,59.263,56.467,262.19,26.6,34.79,1307.47,1.3075,3,0
2022-03-23T11:00:00,947.0,92.0,909.0,30.42,31.17,41.022,50.772,694.77,26.9,48.61,3291.15,3.2911,1,0
2022-03-23T12:00:00,957.0,96.0,969.0,24.17,25.002,11.564,47.91,741.71,27.1,50.28,3491.14,3.4911,0,0
2022-03-23T13:00:00,29.0,436.0,462.0,25.74,26.441,336.711,48.651,440.31,27.3,41.06,2145.83,2.1458,3,0
2022-03-23T14:00:00,928.0,96.0,865.0,34.06,34.546,311.482,52.704,661.64,27.3,47.98,3141.79,3.1418,1,0
2022-03-23T15:00:00,4.0,287.0,290.0,45.54,45.891,296.128,59.202,279.15,27.3,36.02,1385.84,1.3858,3,0
2022-03-23T16:00:00,127.0,295.0,362.0,58.32,58.59,285.969,67.385,334.21,27.1,37.54,1650.03,1.65,3,0
2022-03-23T17:00:00,1.0,96.0,96.0,71.63,71.883,278.286,76.569,92.91,26.7,29.6,472.05,0.472,3,0
2022-03-23T18:00:00,0.0,27.0,27.0,85.07,85.424,271.688,86.183,26.07,26.2,27.01,133.65,0.1337,3,7
2022-03-23T19:00:00,0.0,0.0,0.0,98.81,99.011,0.0,122.81,0.0,25.9,25.9,0.0,0.0,3,0
2022-03-23T20:00:00,0.0,0.0,0.0,112.22,112.468,0.0,136.22,0.0,25.7,25.7,0.0,0.0,0,0
2022-03-23T21:00:00,0.0,0.0,0.0,125.23,125.553,0.0,149.23,0.0,25.6,25.6,0.0,0.0,0,0
2022-03-23T22:00:00,0.0,0.0,0.0,137.35,137.81,0.0,161.35,0.0,25.4,25.4,0.0,0.0,0,0
2022-03-23T23:00:00,0.0,0.0,0.0,147.5,148.178,0.0,171.5,0.0,25.3,25.3,0.0,0.0,0,0
2022-03-24T00:00:00,0.0,0.0,0.0,153.26,153.82,0.0,177.26,0.0,25.3,25.3,0.0,0.0,0,0
2022-03-24T01:00:00,0.0,0.0,0.0,151.77,152.398,0.0,175.77,0.0,25.2,25.2,0.0,0.0,0,0
2022-03-24T02:00:00,0.0,0.0,0.0,143.94,144.505,0.0,167.94,0.0,25.2,25.2,0.0,0.0,0,0
2022-03-24T03:00:00,0.0,0.0,0.0,132.83,133.335,0.0,156.83,0.0,25.1,25.1,0.0,0.0,0,0
2022-03-24T04:00:00,0.0,0.0,0.0,120.28,120.742,0.0,144.28,0.0,25.1,25.1,0.0,0.0,0,0
2022-03-24T05:00:00,0.0,0.0,0.0,107.06,107.509,0.0,131.06,0.0,25.1,25.1,0.0,0.0,0,0
2022-03-24T06:00:00,0.0,0.0,0.0,93.55,93.992,0.0,117.55,0.0,25.3,25.3,0.0,0.0,0,0
2022-03-24T07:00:00,468.0,47.0,130.0,79.86,80.4,86.39,82.205,109.56,25.8,29.22,557.4,0.5574,0,0
2022-03-24T08:00:00,724.0,74.0,364.0,66.4,66.91,79.54,72.658,289.75,26.2,35.25,1442.5,1.4425,0,0
2022-03-24T09:00:00,836.0,88.0,589.0,53.2,53.752,71.216,63.745,459.11,26.6,40.95,2238.39,2.2384,0,0
2022-03-24T10:00:00,891.0,98.0,773.0,40.75,41.367,59.665,56.084,597.6,26.9,45.58,2863.65,2.8637,0,0
2022-03-24T11:00:00,0.0,98.0,98.0,30.06,30.8,41.368,50.374,94.61,27.3,30.26,479.56,0.4796,3,0
2022-03-24T12:00:00,919.0,112.0,953.0,23.77,24.591,11.554,47.512,736.12,27.6,50.6,3460.5,3.4605,1,0
2022-03-24T13:00:00,257.0,480.0,712.0,25.4,26.093,336.216,48.272,636.46,27.8,47.69,3025.54,3.0255,3,0
2022-03-24T14:00:00,431.0,374.0,732.0,33.83,34.304,310.894,52.365,627.34,27.8,47.4,2985.43,2.9854,2,0
2022-03-24T15:00:00,30.0,325.0,345.0,45.38,45.721,295.606,58.898,329.43,27.6,37.89,1624.32,1.6243,3,0
2022-03-24T16:00:00,738.0,100.0,489.0,58.19,58.462,285.511,67.102,387.06,27.4,39.5,1897.28,1.8973,0,0
2022-03-24T17:00:00,581.0,76.0,260.0,71.52,71.775,277.868,76.305,212.52,27.1,33.74,1063.83,1.0638,1,0
2022-03-24T18:00:00,213.0,31.0,50.0,84.98,85.325,271.288,85.938,45.18,26.7,28.11,230.75,0.2308,0,0
2022-03-24T19:00:00,0.0,0.0,0.0,98.7,98.909,0.0,122.7,0.0,26.4,26.4,0.0,0.0,0,0
2022-03-24T20:00:00,0.0,0.0,0.0,112.11,112.352,0.0,136.11,0.0,26.2,26.2,0.0,0.0,0,0
2022-03-24T21:00:00,0.0,0.0,0.0,125.09,125.408,0.0,149.09,0.0,26.1,26.1,0.0,0.0,0,0
2022-03-24T22:00:00,0.0,0.0,0.0,137.16,137.613,0.0,161.16,0.0,25.9,25.9,0.0,0.0,7,0
2022-03-24T23:00:00,0.0,0.0,0.0,147.22,147.895,0.0,171.22,0.0,25.8,25.8,0.0,0.0,6,0
2022-03-25T00:00:00,0.0,0.0,0.0,152.88,153.436,0.0,176.88,0.0,25.7,25.7,0.0,0.0,7,0
2022-03-25T01:00:00,0.0,0.0,0.0,151.38,151.993,0.0,175.38,0.0,25.6,25.6,0.0,0.0,4,0
2022-03-25T02:00:00,0.0,0.0,0.0,143.59,144.151,0.0,167.59,0.0,25.6,25.6,0.0,0.0,7,0
2022-03-25T03:00:00,0.0,0.0,0.0,132.53,133.031,0.0,156.53,0.0,25.5,25.5,0.0,0.0,8,0
2022-03-25T04:00:00,0.0,0.0,0.0,120.01,120.472,0.0,144.01,0.0,25.5,25.5,0.0,0.0,7,0
2022-03-25T05:00:00,0.0,0.0,0.0,106.82,107.258,0.0,130.82,0.0,25.6,25.6,0.0,0.0,3,0
2022-03-25T06:00:00,0.0,0.0,0.0,93.32,93.75,0.0,117.32,0.0,25.6,25.6,0.0,0.0,7,0
2022-03-25T07:00:00,13.0,76.0,79.0,79.63,80.158,86.726,81.86,75.24,25.9,28.25,384.09,0.3841,8,0
2022-03-25T08:00:00,46.0,188.0,207.0,66.15,66.657,79.893,72.296,195.65,26.2,32.31,984.43,0.9844,7,0
2022-03-25T09:00:00,759.0,111.0,569.0,52.94,53.478,71.597,63.38,451.21,26.3,40.4,2204.36,2.2044,0,0
2022-03-25T10:00:00,0.0,25.0,25.0,40.45,41.055,60.07,55.7,24.14,26.2,26.95,123.78,0.1238,6,0
2022-03-25T11:00:00,22.0,354.0,373.0,29.71,30.43,41.72,49.985,356.07,26.0,37.13,1760.61,1.7606,7,0
2022-03-25T12:00:00,0.0,48.0,48.0,23.37,24.18,11.543,47.115,46.34,25.6,27.05,237.57,0.2376,8,0
2022-03-25T13:00:00,0.0,32.0,32.0,25.07,25.748,335.707,47.902,30.89,25.2,26.17,158.88,0.1589,8,0
2022-03-25T14:00:00,1.0,162.0,163.0,33.6,34.066,310.298,52.024,157.02,24.7,29.61,797.75,0.7977,8,0
2022-03-25T15:00:00,0.0,106.0,106.0,45.22,45.555,295.08,58.593,102.33,24.2,27.4,523.99,0.524,7,0
2022-03-25T16:00:00,9.0,165.0,170.0,58.07,58.336,285.052,66.827,162.88,24.0,29.09,829.03,0.829,7,0
2022-03-25T17:00:00,0.0,79.0,79.0,71.42,71.67,277.45,76.049,76.27,23.8,26.18,392.2,0.3922,3,0
2022-03-25T18:00:00,0.0,22.0,23.0,84.88,85.226,270.888,85.684,21.25,23.6,24.26,110.0,0.11,7,7
2022-03-25T19:00:00,0.0,0.0,0.0,98.6,98.807,0.0,122.6,0.0,23.4,23.4,0.0,0.0,7,0
2022-03-25T20:00:00,0.0,0.0,0.0,111.99,112.235,0.0,135.99,0.0,23.3,23.3,0.0,0.0,7,0
2022-03-25T21:00:00,0.0,0.0,0.0,124.94,125.261,0.0,148.94,0.0,23.2,23.2,0.0,0.0,7,0
2022-03-25T22:00:00,0.0,0.0,0.0,136.95,137.413,0.0,160.95,0.0,23.1,23.1,0.0,0.0,7,0
2022-03-25T23:00:00,0.0,0.0,0.0,146.93,147.61,0.0,170.93,0.0,22.9,22.9,0.0,0.0,8,0
2022-03-26T00:00:00,0.0,0.0,0.0,152.5,153.051,0.0,176.5,0.0,22.8,22.8,0.0,0.0,7,0
2022-03-26T01:00:00,0.0,0.0,0.0,150.98,151.587,0.0,174.98,0.0,22.7,22.7,0.0,0.0,7,0
2022-03-26T02:00:00,0.0,0.0,0.0,143.24,143.796,0.0,167.24,0.0,22.6,22.6,0.0,0.0,7,0
2022-03-26T03:00:00,0.0,0.0,0.0,132.23,132.726,0.0,156.23,0.0,22.6,22.6,0.0,0.0,7,0
2022-03-26T04:00:00,0.0,0.0,0.0,119.75,120.2,0.0,143.75,0.0,22.5,22.5,0.0,0.0,8,0
2022-03-26T05:00:00,0.0,0.0,0.0,106.58,107.006,0.0,130.58,0.0,22.4,22.4,0.0,0.0,7,0
2022-03-26T06:00:00,0.0,0.0,0.0,93.08,93.507,0.0,117.08,0.0,22.6,22.6,0.0,0.0,8,0
2022-03-26T07:00:00,451.0,52.0,135.0,79.4,79.915,87.063,81.514,117.47,23.2,26.87,602.61,0.6026,0,0
2022-03-26T08:00:00,703.0,82.0,369.0,65.91,66.405,80.246,71.942,299.56,23.7,33.06,1503.21,1.5032,0,0
2022-03-26T09:00:00,819.0,100.0,596.0,52.68,53.205,71.979,63.013,472.48,24.1,38.86,2321.37,2.3214,0,0
2022-03-26T10:00:00,885.0,107.0,783.0,40.15,40.744,60.48,55.316,612.76,24.5,43.65,2957.6,2.9576,1,0
2022-03-26T11:00:00,918.0,114.0,914.0,29.35,30.061,42.08,49.585,712.13,24.8,47.05,3393.41,3.3934,0,0
2022-03-26T12:00:00,932.0,116.0,974.0,22.97,23.769,11.531,46.718,758.37,25.0,48.7,3591.22,3.5912,0,0
2022-03-26T13:00:00,939.0,110.0,963.0,24.74,25.404,335.185,47.531,747.58,25.0,48.36,3544.66,3.5447,1,0
2022-03-26T14:00:00,925.0,105.0,878.0,33.38,33.831,309.694,51.69,681.48,24.8,46.1,3259.15,3.2591,0,0
2022-03-26T15:00:00,892.0,98.0,728.0,45.07,45.392,294.552,58.296,568.83,24.4,42.18,2760.73,2.7607,0,0
2022-03-26T16:00:00,825.0,86.0,523.0,57.95,58.211,284.592,66.551,415.1,23.8,36.77,2055.14,2.0551,0,0
2022-03-26T17:00:00,689.0,66.0,286.0,71.32,71.565,277.032,75.793,234.72,23.2,30.53,1188.54,1.1885,0,0
2022-03-26T18:00:00,328.0,29.0,59.0,84.78,85.128,270.487,85.43,54.39,22.6,24.3,281.54,0.2815,0,0
2022-03-26T19:00:00,0.0,0.0,0.0,98.5,98.705,0.0,122.5,0.0,22.2,22.2,0.0,0.0,0,0
2022-03-26T20:00:00,0.0,0.0,0.0,111.87,112.117,0.0,135.87,0.0,22.0,22.0,0.0,0.0,0,0
2022-03-26T21:00:00,0.0,0.0,0.0,124.79,125.113,0.0,148.79,0.0,21.9,21.9,0.0,0.0,0,0
2022-03-26T22:00:00,0.0,0.0,0.0,136.75,137.212,0.0,160.75,0.0,21.7,21.7,0.0,0.0,0,0
2022-03-26T23:00:00,0.0,0.0,0.0,146.65,147.323,0.0,170.65,0.0,21.5,21.5,0.0,0.0,0,0
2022-03-27T00:00:00,0.0,0.0,0.0,152.13,152.667,0.0,176.13,0.0,21.5,21.5,0.0,0.0,0,0
2022-03-27T01:00:00,0.0,0.0,0.0,150.59,151.182,0.0,174.59,0.0,21.5,21.5,0.0,0.0,0,0
2022-03-27T02:00:00,0.0,0.0,0.0,142.9,143.44,0.0,166.9,0.0,21.7,21.7,0.0,0.0,0,0
2022-03-27T03:00:00,0.0,0.0,0.0,131.94,132.42,0.0,155.94,0.0,21.9,21.9,0.0,0.0,0,0
2022-03-27T04:00:00,0.0,0.0,0.0,119.48,119.928,0.0,143.48,0.0,22.2,22.2,0.0,0.0,0,0
2022-03-27T05:00:00,0.0,0.0,0.0,106.33,106.753,0.0,130.33,0.0,22.4,22.4,0.0,0.0,0,0
2022-03-27T06:00:00,0.0,0.0,0.0,92.85,93.264,0.0,116.85,0.0,22.8,22.8,0.0,0.0,1,0
2022-03-27T07:00:00,461.0,56.0,142.0,79.17,79.672,87.399,81.169,125.58,23.4,27.32,643.19,0.6432,0,0
2022-03-27T08:00:00,724.0,86.0,385.0,65.67,66.154,80.6,71.588,314.28,23.5,33.32,1575.61,1.5756,0,0
2022-03-27T09:00:00,840.0,104.0,617.0,52.42,52.933,72.364,62.646,490.8,23.8,39.14,2408.98,2.409,0,0
2022-03-27T10:00:00,917.0,106.0,810.0,39.85,40.435,60.895,54.93,635.31,24.1,43.95,3062.95,3.0629,0,0
2022-03-27T11:00:00,946.0,113.0,941.0,29.0,29.694,42.446,49.194,734.46,24.3,47.25,3497.19,3.4972,0,0
2022-03-27T12:00:00,958.0,118.0,1003.0,22.57,23.359,11.518,46.321,783.18,24.3,48.77,3707.62,3.7076,0,0
2022-03-27T13:00:00,955.0,119.0,988.0,24.41,25.063,334.65,47.158,771.78,24.3,48.42,3658.63,3.6586,0,0
2022-03-27T14:00:00,931.0,117.0,896.0,33.16,33.6,309.084,51.354,701.11,24.3,46.21,3351.59,3.3516,0,0
2022-03-27T15:00:00,890.0,110.0,740.0,44.92,45.231,294.021,57.997,583.31,24.1,42.33,2829.39,2.8294,0,0
2022-03-27T16:00:00,811.0,96.0,527.0,57.84,58.089,284.131,66.284,422.59,24.0,37.21,2088.94,2.0889,0,0
2022-03-27T17:00:00,655.0,74.0,285.0,71.22,71.462,276.613,75.537,236.86,23.7,31.1,1196.94,1.1969,0,0
2022-03-27T18:00:00,266.0,33.0,58.0,84.69,85.031,270.087,85.186,54.4,23.1,24.8,281.1,0.2811,0,0
2022-03-27T19:00:00,0.0,0.0,0.0,98.4,98.603,0.0,122.4,0.0,22.9,22.9,0.0,0.0,0,0
2022-03-27T20:00:00,0.0,0.0,0.0,111.75,111.999,0.0,135.75,0.0,22.8,22.8,0.0,0.0,1,0
2022-03-27T21:00:00,0.0,0.0,0.0,124.64,124.964,0.0,148.64,0.0,22.7,22.7,0.0,0.0,0,0
2022-03-27T22:00:00,0.0,0.0,0.0,136.55,137.009,0.0,160.55,0.0,22.6,22.6,0.0,0.0,0,0
2022-03-27T23:00:00,0.0,0.0,0.0,146.36,147.034,0.0,170.36,0.0,22.4,22.4,0.0,0.0,0,0
2022-03-28T00:00:00,0.0,0.0,0.0,151.75,152.282,0.0,175.75,0.0,22.2,22.2,0.0,0.0,0,0
2022-03-28T01:00:00,0.0,0.0,0.0,150.19,150.777,0.0,174.19,0.0,22.1,22.1,0.0,0.0,1,0
2022-03-28T02:00:00,0.0,0.0,0.0,142.55,143.083,0.0,166.55,0.0,22.0,22.0,0.0,0.0,1,0
2022-03-28T03:00:00,0.0,0.0,0.0,131.64,132.113,0.0,155.64,0.0,21.9,21.9,0.0,0.0,1,0
2022-03-28T04:00:00,0.0,0.0,0.0,119.22,119.655,0.0,143.22,0.0,21.9,21.9,0.0,0.0,1,0
2022-03-28T05:00:00,0.0,0.0,0.0,106.09,106.5,0.0,130.09,0.0,22.0,22.0,0.0,0.0,1,0
2022-03-28T06:00:00,0.0,0.0,0.0,92.61,93.021,0.0,116.61,0.0,22.3,22.3,0.0,0.0,3,0
2022-03-28T07:00:00,477.0,54.0,146.0,78.94,79.43,87.735,80.824,129.0,23.4,27.43,660.45,0.6604,0,0
2022-03-28T08:00:00,719.0,86.0,385.0,65.43,65.904,80.956,71.234,316.92,23.9,33.8,1586.06,1.5861,0,0
2022-03-28T09:00:00,833.0,103.0,614.0,52.16,52.663,72.75,62.279,491.34,24.4,39.75,2406.15,2.4062,0,0
2022-03-28T10:00:00,887.0,118.0,802.0,39.56,40.127,61.313,54.552,634.26,24.9,44.72,3049.09,3.0491,0,0
2022-03-28T11:00:00,911.0,129.0,928.0,28.64,29.328,42.819,48.793,731.59,25.2,48.06,3472.82,3.4728,0,0
2022-03-28T12:00:00,918.0,137.0,987.0,22.17,22.949,11.503,45.925,778.18,25.5,49.82,3669.26,3.6693,0,0
2022-03-28T13:00:00,953.0,111.0,981.0,24.08,24.725,334.101,46.783,767.26,25.6,49.58,3621.13,3.6211,0,0
2022-03-28T14:00:00,937.0,107.0,894.0,32.94,33.372,308.466,51.016,699.58,25.7,47.56,3327.18,3.3272,0,0
2022-03-28T15:00:00,896.0,99.0,736.0,44.76,45.073,293.487,57.688,580.02,25.7,43.83,2797.75,2.7977,0,0
2022-03-28T16:00:00,821.0,88.0,526.0,57.72,57.969,283.669,66.007,422.58,25.6,38.81,2076.66,2.0767,0,0
2022-03-28T17:00:00,675.0,69.0,287.0,71.12,71.36,276.194,75.281,240.01,25.3,32.8,1205.5,1.2055,0,0
2022-03-28T18:00:00,304.0,31.0,60.0,84.6,84.934,269.688,84.941,56.99,24.7,26.48,292.73,0.2927,0,0
2022-03-28T19:00:00,0.0,0.0,0.0,98.3,98.501,0.0,122.3,0.0,24.6,24.6,0.0,0.0,0,0
2022-03-28T20:00:00,0.0,0.0,0.0,111.63,111.88,0.0,135.63,0.0,24.5,24.5,0.0,0.0,0,0
2022-03-28T21:00:00,0.0,0.0,0.0,124.48,124.813,0.0,148.48,0.0,24.4,24.4,0.0,0.0,1,0
2022-03-28T22:00:00,0.0,0.0,0.0,136.34,136.804,0.0,160.34,0.0,24.2,24.2,0.0,0.0,1,0
2022-03-28T23:00:00,0.0,0.0,0.0,146.07,146.744,0.0,170.07,0.0,24.0,24.0,0.0,0.0,1,0
2022-03-29T00:00:00,0.0,0.0,0.0,151.38,151.897,0.0,175.38,0.0,23.7,23.7,0.0,0.0,1,0
2022-03-29T01:00:00,0.0,0.0,0.0,149.8,150.372,0.0,173.8,0.0,23.5,23.5,0.0,0.0,1,0
2022-03-29T02:00:00,0.0,0.0,0.0,142.2,142.726,0.0,166.2,0.0,23.4,23.4,0.0,0.0,1,0
2022-03-29T03:00:00,0.0,0.0,0.0,131.34,131.806,0.0,155.34,0.0,23.2,23.2,0.0,0.0,1,0
2022-03-29T04:00:00,0.0,0.0,0.0,118.95,119.381,0.0,142.95,0.0,23.1,23.1,0.0,0.0,3,0
2022-03-29T05:00:00,0.0,0.0,0.0,105.84,106.247,0.0,129.84,0.0,23.0,23.0,0.0,0.0,1,0
2022-03-29T06:00:00,0.0,0.0,0.0,92.38,92.778,0.0,116.38,0.0,23.0,23.0,0.0,0.0,3,0
2022-03-29T07:00:00,490.0,54.0,150.0,78.71,79.189,88.071,80.478,134.02,23.6,27.79,685.29,0.6853,0,0
2022-03-29T08:00:00,727.0,85.0,390.0,65.19,65.655,81.311,70.879,322.83,24.1,34.19,1613.42,1.6134,0,0
2022-03-29T09:00:00,837.0,103.0,620.0,51.9,52.394,73.139,61.91,498.01,24.6,40.16,2435.13,2.4351,0,0
2022-03-29T10:00:00,916.0,104.0,814.0,39.26,39.822,61.737,54.165,642.82,25.1,45.19,3084.82,3.0848,0,0
2022-03-29T11:00:00,947.0,110.0,944.0,28.29,28.963,43.201,48.401,742.13,25.7,48.89,3511.73,3.5117,0,0
2022-03-29T12:00:00,958.0,113.0,1003.0,21.78,22.54,11.488,45.538,787.81,26.1,50.72,3701.85,3.7018,0,0
2022-03-29T13:00:00,952.0,114.0,986.0,23.76,24.389,333.538,46.417,773.91,26.3,50.48,3639.83,3.6398,0,0
2022-03-29T14:00:00,932.0,110.0,894.0,32.73,33.148,307.842,50.685,703.47,26.4,48.38,3335.27,3.3353,0,0
2022-03-29T15:00:00,890.0,103.0,737.0,44.62,44.918,292.952,57.396,584.48,26.4,44.67,2810.39,2.8104,0,0
2022-03-29T16:00:00,815.0,90.0,527.0,57.61,57.851,283.207,65.739,425.55,26.1,39.4,2086.69,2.0867,0,0
2022-03-29T17:00:00,669.0,70.0,287.0,71.02,71.259,275.776,75.024,242.33,25.6,33.17,1215.55,1.2156,0,0
2022-03-29T18:00:00,308.0,31.0,61.0,84.5,84.838,269.288,84.688,58.7,24.8,26.63,301.4,0.3014,0,0
2022-03-29T19:00:00,0.0,0.0,0.0,98.19,98.399,0.0,122.19,0.0,24.4,24.4,0.0,0.0,0,0
2022-03-29T20:00:00,0.0,0.0,0.0,111.51,111.761,0.0,135.51,0.0,24.1,24.1,0.0,0.0,0,0
2022-03-29T21:00:00,0.0,0.0,0.0,124.33,124.661,0.0,148.33,0.0,23.9,23.9,0.0,0.0,0,0
2022-03-29T22:00:00,0.0,0.0,0.0,136.13,136.597,0.0,160.13,0.0,23.7,23.7,0.0,0.0,0,0
2022-03-29T23:00:00,0.0,0.0,0.0,145.78,146.452,0.0,169.78,0.0,23.6,23.6,0.0,0.0,0,0
2022-03-30T00:00:00,0.0,0.0,0.0,151.0,151.513,0.0,175.0,0.0,23.5,23.5,0.0,0.0,0,0
2022-03-30T01:00:00,0.0,0.0,0.0,149.41,149.968,0.0,173.41,0.0,23.4,23.4,0.0,0.0,0,0
2022-03-30T02:00:00,0.0,0.0,0.0,141.86,142.369,0.0,165.86,0.0,23.3,23.3,0.0,0.0,0,0
2022-03-30T03:00:00,0.0,0.0,0.0,131.04,131.498,0.0,155.04,0.0,23.2,23.2,0.0,0.0,1,0
2022-03-30T04:00:00,0.0,0.0,0.0,118.69,119.107,0.0,142.69,0.0,23.2,23.2,0.0,0.0,1,0
2022-03-30T05:00:00,0.0,0.0,0.0,105.6,105.994,0.0,129.6,0.0,23.2,23.2,0.0,0.0,0,0
2022-03-30T06:00:00,0.0,0.0,0.0,92.15,92.535,0.0,116.15,0.0,23.4,23.4,0.0,0.0,0,0
2022-03-30T07:00:00,467.0,58.0,151.0,78.48,78.948,88.407,80.133,136.83,24.1,28.38,698.19,0.6982,0,0
2022-03-30T08:00:00,703.0,91.0,388.0,64.96,65.407,81.668,70.533,324.7,24.6,34.75,1619.47,1.6195,0,0
2022-03-30T09:00:00,813.0,110.0,615.0,51.65,52.127,73.529,61.551,497.86,25.0,40.56,2430.84,2.4308,0,0
2022-03-30T10:00:00,879.0,120.0,803.0,38.98,39.518,62.164,53.794,640.97,25.4,45.43,3073.14,3.0731,0,0
2022-03-30T11:00:00,912.0,125.0,931.0,27.94,28.601,43.59,48.008,737.8,25.7,48.76,3493.04,3.493,0,0
2022-03-30T12:00:00,922.0,128.0,987.0,21.38,22.132,11.472,45.141,781.35,25.9,50.32,3677.16,3.6772,0,0
2022-03-30T13:00:00,921.0,126.0,971.0,23.44,24.057,332.962,46.049,768.16,26.0,50.01,3619.45,3.6195,0,0
2022-03-30T14:00:00,895.0,123.0,878.0,32.51,32.928,307.212,50.343,696.45,26.0,47.76,3309.77,3.3098,1,0
2022-03-30T15:00:00,849.0,116.0,722.0,44.47,44.767,292.415,57.093,578.47,25.9,43.98,2788.66,2.7887,1,0
2022-03-30T16:00:00,768.0,102.0,515.0,57.49,57.735,282.744,65.461,421.01,25.7,38.86,2068.53,2.0685,0,0
2022-03-30T17:00:00,608.0,80.0,278.0,70.93,71.16,275.358,74.777,238.6,25.4,32.86,1198.17,1.1982,0,0
2022-03-30T18:00:00,236.0,35.0,58.0,84.41,84.743,268.89,84.443,56.84,25.0,26.78,291.68,0.2917,0,0
2022-03-30T19:00:00,0.0,0.0,0.0,98.09,98.297,0.0,122.09,0.0,24.9,24.9,0.0,0.0,0,0
2022-03-30T20:00:00,0.0,0.0,0.0,111.39,111.64,0.0,135.39,0.0,24.8,24.8,0.0,0.0,0,0
2022-03-30T21:00:00,0.0,0.0,0.0,124.17,124.508,0.0,148.17,0.0,24.7,24.7,0.0,0.0,0,0
2022-03-30T22:00:00,0.0,0.0,0.0,135.92,136.388,0.0,159.92,0.0,24.6,24.6,0.0,0.0,0,0
2022-03-30T23:00:00,0.0,0.0,0.0,145.49,146.159,0.0,169.49,0.0,24.4,24.4,0.0,0.0,0,0
2022-03-31T00:00:00,0.0,0.0,0.0,150.63,151.128,0.0,174.63,0.0,24.3,24.3,0.0,0.0,3,0
2022-03-31T01:00:00,0.0,0.0,0.0,149.02,149.565,0.0,173.02,0.0,24.2,24.2,0.0,0.0,0,0
2022-03-31T02:00:00,0.0,0.0,0.0,141.51,142.012,0.0,165.51,0.0,24.1,24.1,0.0,0.0,0,0
2022-03-31T03:00:00,0.0,0.0,0.0,130.74,131.189,0.0,154.74,0.0,24.1,24.1,0.0,0.0,0,0
2022-03-31T04:00:00,0.0,0.0,0.0,118.42,118.833,0.0,142.42,0.0,24.1,24.1,0.0,0.0,0,0
2022-03-31T05:00:00,0.0,0.0,0.0,105.35,105.741,0.0,129.35,0.0,24.2,24.2,0.0,0.0,0,0
2022-03-31T06:00:00,0.0,0.0,0.0,91.91,92.293,0.0,115.91,0.0,24.4,24.4,0.0,0.0,0,0
2022-03-31T07:00:00,447.0,61.0,152.0,78.25,78.709,88.743,79.788,138.93,25.0,29.34,706.5,0.7065,0,0
2022-03-31T08:00:00,688.0,95.0,388.0,64.72,65.16,82.024,70.178,327.54,25.5,35.74,1627.8,1.6278,0,0
2022-03-31T09:00:00,800.0,115.0,614.0,51.4,51.862,73.922,61.19,500.86,26.0,41.65,2435.6,2.4356,0,0
2022-03-31T10:00:00,876.0,120.0,804.0,38.69,39.217,62.597,53.413,643.89,26.4,46.52,3074.45,3.0744,0,0
2022-03-31T11:00:00,912.0,125.0,933.0,27.6,28.24,43.987,47.623,742.36,26.8,50.0,3497.94,3.4979,1,0
2022-03-31T12:00:00,930.0,124.0,992.0,20.99,21.725,11.456,44.754,787.64,27.1,51.71,3686.9,3.6869,1,0
2022-03-31T13:00:00,4.0,387.0,390.0,23.12,23.727,332.373,45.679,376.44,27.2,38.96,1848.83,1.8488,2,0
2022-03-31T14:00:00,923.0,109.0,889.0,32.31,32.711,306.576,50.018,705.05,27.3,49.33,3330.64,3.3306,0,0
2022-03-31T15:00:00,887.0,99.0,733.0,44.33,44.618,291.876,56.799,586.76,27.2,45.54,2812.12,2.8121,0,0
2022-03-31T16:00:00,814.0,86.0,524.0,57.38,57.621,282.282,65.192,428.36,27.0,40.39,2092.81,2.0928,0,0
2022-03-31T17:00:00,666.0,68.0,286.0,70.83,71.061,274.94,74.52,245.29,26.6,34.27,1225.53,1.2255,0,0
2022-03-31T18:00:00,291.0,33.0,62.0,84.32,84.647,268.492,84.2,61.52,25.9,27.82,314.53,0.3145,0,0
2022-03-31T19:00:00,0.0,0.0,0.0,97.99,98.194,0.0,121.99,0.0,25.5,25.5,0.0,0.0,0,0
2022-03-31T20:00:00,0.0,0.0,0.0,111.27,111.519,0.0,135.27,0.0,25.3,25.3,0.0,0.0,0,0
2022-03-31T21:00:00,0.0,0.0,0.0,124.02,124.353,0.0,148.02,0.0,25.2,25.2,0.0,0.0,0,0
2022-03-31T22:00:00,0.0,0.0,0.0,135.71,136.177,0.0,159.71,0.0,25.1,25.1,0.0,0.0,0,0
2022-03-31T23:00:00,0.0,0.0,0.0,145.2,145.864,0.0,169.2,0.0,25.0,25.0,0.0,0.0,0,0
2022-04-01T00:00:00,0.0,0.0,0.0,150.25,150.745,0.0,174.25,0.0,25.0,25.0,0.0,0.0,0,0
2022-04-01T01:00:00,0.0,0.0,0.0,148.63,149.164,0.0,172.63,0.0,25.0,25.0,0.0,0.0,0,0
2022-04-01T02:00:00,0.0,0.0,0.0,141.16,141.655,0.0,165.16,0.0,25.0,25.0,0.0,0.0,0,0
2022-04-01T03:00:00,0.0,0.0,0.0,130.44,130.88,0.0,154.44,0.0,25.0,25.0,0.0,0.0,0,0
2022-04-01T04:00:00,0.0,0.0,0.0,118.16,118.559,0.0,142.16,0.0,25.0,25.0,0.0,0.0,0,0
2022-04-01T05:00:00,0.0,0.0,0.0,105.11,105.488,0.0,129.11,0.0,25.1,25.1,0.0,0.0,0,0
2022-04-01T06:00:00,0.0,0.0,0.0,91.68,92.052,0.0,115.68,0.0,25.3,25.3,0.0,0.0,0,0
2022-04-01T07:00:00,498.0,54.0,157.0,78.02,78.47,89.078,79.443,144.27,25.8,30.31,731.12,0.7311,0,0
2022-04-01T08:00:00,725.0,79.0,391.0,64.49,64.916,82.382,69.832,328.92,26.3,36.58,1629.65,1.6297,0,0
2022-04-01T09:00:00,831.0,94.0,616.0,51.15,51.6,74.316,60.829,500.31,26.8,42.43,2425.83,2.4258,0,0
2022-04-01T10:00:00,893.0,101.0,801.0,38.4,38.919,63.033,53.032,640.58,27.3,47.32,3049.43,3.0494,0,0
2022-04-01T11:00:00,923.0,105.0,926.0,27.26,27.882,44.393,47.237,735.15,27.6,50.57,3456.36,3.4564,0,0
2022-04-01T12:00:00,4.0,387.0,390.0,20.59,21.319,11.439,44.358,376.5,27.9,39.67,1844.37,1.8444,3,0
2022-04-01T13:00:00,363.0,448.0,783.0,22.81,23.4,331.769,45.318,690.66,28.1,49.68,3258.28,3.2583,3,0
2022-04-01T14:00:00,0.0,175.0,175.0,32.11,32.498,305.935,49.69,168.95,28.1,33.38,846.82,0.8468,3,0
2022-04-01T15:00:00,0.0,32.0,32.0,44.19,44.471,291.336,56.503,30.89,28.1,29.07,157.26,0.1573,3,0
2022-04-01T16:00:00,229.0,275.0,398.0,57.28,57.508,281.819,64.931,363.58,28.0,39.36,1783.08,1.7831,3,0
2022-04-01T17:00:00,654.0,65.0,281.0,70.73,70.964,274.523,74.264,241.99,27.7,35.26,1204.7,1.2047,0,0
2022-04-01T18:00:00,315.0,31.0,62.0,84.23,84.553,268.096,83.956,63.36,27.2,29.18,322.4,0.3224,0,0
2022-04-01T19:00:00,0.0,0.0,0.0,97.88,98.092,0.0,121.88,0.0,26.8,26.8,0.0,0.0,0,0
2022-04-01T20:00:00,0.0,0.0,0.0,111.14,111.397,0.0,135.14,0.0,26.5,26.5,0.0,0.0,0,0
2022-04-01T21:00:00,0.0,0.0,0.0,123.86,124.197,0.0,147.86,0.0,26.1,26.1,0.0,0.0,7,0
2022-04-01T22:00:00,0.0,0.0,0.0,135.5,135.965,0.0,159.5,0.0,25.8,25.8,0.0,0.0,0,0
2022-04-01T23:00:00,0.0,0.0,0.0,144.91,145.568,0.0,168.91,0.0,25.5,25.5,0.0,0.0,0,0
2022-04-02T00:00:00,0.0,0.0,0.0,149.88,150.361,0.0,173.88,0.0,25.3,25.3,0.0,0.0,0,0
2022-04-02T01:00:00,0.0,0.0,0.0,148.24,148.763,0.0,172.24,0.0,25.1,25.1,0.0,0.0,0,0
2022-04-02T02:00:00,0.0,0.0,0.0,140.82,141.298,0.0,164.82,0.0,25.0,25.0,0.0,0.0,0,0
2022-04-02T03:00:00,0.0,0.0,0.0,130.14,130.572,0.0,154.14,0.0,24.9,24.9,0.0,0.0,0,0
2022-04-02T04:00:00,0.0,0.0,0.0,117.89,118.284,0.0,141.89,0.0,24.9,24.9,0.0,0.0,0,0
2022-04-02T05:00:00,0.0,0.0,0.0,104.87,105.236,0.0,128.87,0.0,24.9,24.9,0.0,0.0,0,0
2022-04-02T06:00:00,0.0,0.0,0.0,91.45,91.812,0.0,115.45,0.0,25.1,25.1,0.0,0.0,0,1
2022-04-02T07:00:00,476.0,57.0,157.0,77.8,78.233,89.413,79.107,145.85,25.6,30.16,739.53,0.7395,0,0
2022-04-02T08:00:00,705.0,84.0,390.0,64.26,64.673,82.74,69.486,330.8,26.1,36.44,1639.79,1.6398,0,0
2022-04-02T09:00:00,814.0,100.0,613.0,50.9,51.339,74.712,60.467,502.22,26.6,42.29,2436.35,2.4364,0,0
2022-04-02T10:00:00,879.0,105.0,797.0,38.12,38.623,63.475,52.658,640.53,27.1,47.12,3051.5,3.0515,0,0
2022-04-02T11:00:00,909.0,110.0,920.0,26.91,27.526,44.808,46.841,734.97,27.5,50.47,3456.93,3.4569,0,0
2022-04-02T12:00:00,921.0,111.0,975.0,20.2,20.914,11.422,43.971,777.47,27.9,52.2,3632.51,3.6325,1,0
2022-04-02T13:00:00,919.0,110.0,958.0,22.5,23.077,331.152,44.954,763.88,28.1,51.97,3572.11,3.5721,0,0
2022-04-02T14:00:00,902.0,104.0,869.0,31.91,32.289,305.288,49.361,694.48,28.2,49.9,3273.57,3.2736,0,0
2022-04-02T15:00:00,865.0,95.0,717.0,44.05,44.328,290.795,56.207,578.2,28.1,46.17,2764.48,2.7645,1,0
2022-04-02T16:00:00,798.0,82.0,514.0,57.17,57.398,281.357,64.661,424.42,28.0,41.26,2066.85,2.0669,0,0
2022-04-02T17:00:00,667.0,63.0,284.0,70.64,70.868,274.107,74.017,246.4,27.7,35.4,1226.02,1.226,1,0
2022-04-02T18:00:00,337.0,30.0,64.0,84.14,84.458,267.7,83.713,66.16,27.2,29.27,336.53,0.3365,1,0
2022-04-02T19:00:00,0.0,0.0,0.0,97.78,97.989,0.0,121.78,0.0,26.9,26.9,0.0,0.0,0,0
2022-04-02T20:00:00,0.0,0.0,0.0,111.02,111.275,0.0,135.02,0.0,26.7,26.7,0.0,0.0,0,0
2022-04-02T21:00:00,0.0,0.0,0.0,123.7,124.039,0.0,147.7,0.0,26.6,26.6,0.0,0.0,0,0
2022-04-02T22:00:00,0.0,0.0,0.0,135.29,135.751,0.0,159.29,0.0,26.3,26.3,0.0,0.0,3,0
2022-04-02T23:00:00,0.0,0.0,0.0,144.61,145.271,0.0,168.61,0.0,25.8,25.8,0.0,0.0,1,0
2022-04-03T00:00:00,0.0,0.0,0.0,149.51,149.979,0.0,173.51,0.0,25.4,25.4,0.0,0.0,1,0
2022-04-03T01:00:00,0.0,0.0,0.0,147.86,148.363,0.0,171.86,0.0,25.1,25.1,0.0,0.0,0,0
2022-04-03T02:00:00,0.0,0.0,0.0,140.47,140.942,0.0,164.47,0.0,24.7,24.7,0.0,0.0,0,0
2022-04-03T03:00:00,0.0,0.0,0.0,129.85,130.263,0.0,153.85,0.0,24.5,24.5,0.0,0.0,8,0
2022-04-03T04:00:00,0.0,0.0,0.0,117.63,118.01,0.0,141.63,0.0,24.4,24.4,0.0,0.0,7,0
2022-04-03T05:00:00,0.0,0.0,0.0,104.63,104.984,0.0,128.63,0.0,24.5,24.5,0.0,0.0,3,0
2022-04-03T06:00:00,0.0,0.0,0.0,91.22,91.572,0.0,115.22,0.0,24.8,24.8,0.0,0.0,0,0
2022-04-03T07:00:00,512.0,52.0,162.0,77.57,77.997,89.747,78.762,150.93,25.3,30.02,765.7,0.7657,0,0
2022-04-03T08:00:00,734.0,73.0,395.0,64.03,64.431,83.098,69.139,334.64,25.8,36.26,1659.89,1.6599,0,0
2022-04-03T09:00:00,834.0,87.0,616.0,50.66,51.081,75.11,60.114,504.13,26.2,41.95,2448.74,2.4487,0,0
2022-04-03T10:00:00,883.0,99.0,796.0,37.84,38.33,63.92,52.283,641.79,26.7,46.76,3061.67,3.0617,0,0
2022-04-03T11:00:00,908.0,106.0,919.0,26.58,27.172,45.231,46.463,734.82,27.3,50.26,3458.9,3.4589,0,0
2022-04-03T12:00:00,456.0,406.0,835.0,19.81,20.511,11.405,43.584,725.98,27.6,50.29,3416.99,3.417,2,0
2022-04-03T13:00:00,911.0,110.0,954.0,22.19,22.757,330.521,44.589,762.27,27.8,51.62,3569.42,3.5694,0,0
2022-04-03T14:00:00,889.0,107.0,863.0,31.71,32.084,304.636,49.03,692.72,27.8,49.45,3270.96,3.271,0,0
2022-04-03T15:00:00,842.0,102.0,708.0,43.92,44.188,290.253,55.919,575.54,27.7,45.69,2756.8,2.7568,0,0
2022-04-03T16:00:00,758.0,93.0,506.0,57.06,57.289,280.896,64.391,420.98,27.4,40.56,2055.49,2.0555,0,0
2022-04-03T17:00:00,124.0,172.0,213.0,70.55,70.773,273.692,73.77,201.06,26.9,33.18,1008.51,1.0085,3,0
2022-04-03T18:00:00,258.0,34.0,61.0,84.04,84.364,267.306,83.461,62.44,26.4,28.35,318.63,0.3186,1,0
2022-04-03T19:00:00,0.0,0.0,0.0,97.68,97.886,0.0,121.68,0.0,26.1,26.1,0.0,0.0,0,0
2022-04-03T20:00:00,0.0,0.0,0.0,110.89,111.151,0.0,134.89,0.0,25.8,25.8,0.0,0.0,0,0
2022-04-03T21:00:00,0.0,0.0,0.0,123.54,123.88,0.0,147.54,0.0,25.6,25.6,0.0,0.0,0,0
2022-04-03T22:00:00,0.0,0.0,0.0,135.07,135.536,0.0,159.07,0.0,25.4,25.4,0.0,0.0,8,0
2022-04-03T23:00:00,0.0,0.0,0.0,144.32,144.972,0.0,168.32,0.0,25.3,25.3,0.0,0.0,3,0
2022-04-04T00:00:00,0.0,0.0,0.0,149.14,149.597,0.0,173.14,0.0,25.1,25.1,0.0,0.0,7,0
2022-04-04T01:00:00,0.0,0.0,0.0,147.47,147.965,0.0,171.47,0.0,25.0,25.0,0.0,0.0,7,0
2022-04-04T02:00:00,0.0,0.0,0.0,140.13,140.587,0.0,164.13,0.0,24.9,24.9,0.0,0.0,7,0
2022-04-04T03:00:00,0.0,0.0,0.0,129.55,129.955,0.0,153.55,0.0,24.8,24.8,0.0,0.0,8,0
2022-04-04T04:00:00,0.0,0.0,0.0,117.37,117.737,0.0,141.37,0.0,24.8,24.8,0.0,0.0,8,0
2022-04-04T05:00:00,0.0,0.0,0.0,104.38,104.733,0.0,128.38,0.0,24.9,24.9,0.0,0.0,8,0
2022-04-04T06:00:00,0.0,0.0,0.0,91.0,91.334,0.0,115.0,0.0,25.0,25.0,0.0,0.0,7,0
2022-04-04T07:00:00,0.0,31.0,31.0,77.35,77.763,90.081,78.426,29.93,25.4,26.34,153.82,0.1538,7,0
2022-04-04T08:00:00,55.0,190.0,214.0,63.8,64.192,83.456,68.792,203.53,25.6,31.96,1025.39,1.0254,7,0
2022-04-04T09:00:00,154.0,288.0,386.0,50.41,50.825,75.509,59.751,356.47,25.6,36.74,1765.08,1.7651,7,0
2022-04-04T10:00:00,841.0,122.0,788.0,37.57,38.04,64.37,51.916,642.28,25.6,45.67,3076.61,3.0766,0,0
2022-04-04T11:00:00,93.0,443.0,527.0,26.24,26.821,45.664,46.074,492.92,25.7,41.1,2401.87,2.4019,3,0
2022-04-04T12:00:00,2.0,232.0,233.0,19.42,20.109,11.389,43.198,225.44,26.1,33.15,1130.95,1.1309,6,0
2022-04-04T13:00:00,23.0,374.0,395.0,21.89,22.44,329.876,44.232,377.73,26.3,38.1,1861.03,1.861,7,7
2022-04-04T14:00:00,4.0,237.0,240.0,31.52,31.882,303.979,48.706,231.47,26.4,33.63,1159.13,1.1591,8,0
2022-04-04T15:00:00,0.0,21.0,21.0,43.79,44.05,289.71,55.63,20.27,26.5,27.13,103.91,0.1039,6,0
2022-04-04T16:00:00,743.0,100.0,505.0,56.96,57.183,280.435,64.13,424.24,26.5,39.76,2077.51,2.0775,0,0
2022-04-04T17:00:00,598.0,77.0,277.0,70.45,70.679,273.278,73.514,245.77,26.3,33.98,1229.2,1.2292,0,0
2022-04-04T18:00:00,264.0,34.0,62.0,83.95,84.271,266.913,83.22,64.24,26.0,28.01,328.21,0.3282,0,0
2022-04-04T19:00:00,0.0,0.0,0.0,97.57,97.782,0.0,121.57,0.0,25.8,25.8,0.0,0.0,0,0
2022-04-04T20:00:00,0.0,0.0,0.0,110.77,111.027,0.0,134.77,0.0,25.6,25.6,0.0,0.0,0,0
2022-04-04T21:00:00,0.0,0.0,0.0,123.38,123.72,0.0,147.38,0.0,25.5,25.5,0.0,0.0,0,0
2022-04-04T22:00:00,0.0,0.0,0.0,134.85,135.319,0.0,158.85,0.0,25.4,25.4,0.0,0.0,0,0
2022-04-04T23:00:00,0.0,0.0,0.0,144.03,144.673,0.0,168.03,0.0,25.3,25.3,0.0,0.0,0,0
2022-04-05T00:00:00,0.0,0.0,0.0,148.77,149.217,0.0,172.77,0.0,25.3,25.3,0.0,0.0,0,0
2022-04-05T01:00:00,0.0,0.0,0.0,147.09,147.569,0.0,171.09,0.0,25.2,25.2,0.0,0.0,0,0
2022-04-05T02:00:00,0.0,0.0,0.0,139.79,140.232,0.0,163.79,0.0,25.2,25.2,0.0,0.0,0,0
2022-04-05T03:00:00,0.0,0.0,0.0,129.25,129.647,0.0,153.25,0.0,25.2,25.2,0.0,0.0,0,0
2022-04-05T04:00:00,0.0,0.0,0.0,117.1,117.464,0.0,141.1,0.0,25.2,25.2,0.0,0.0,0,0
2022-04-05T05:00:00,0.0,0.0,0.0,104.15,104.483,0.0,128.15,0.0,25.2,25.2,0.0,0.0,0,0
2022-04-05T06:00:00,0.0,0.0,0.0,90.19,91.097,0.0,114.19,0.0,25.5,25.5,0.0,0.0,0,0
2022-04-05T07:00:00,487.0,58.0,167.0,77.13,77.53,90.415,78.091,157.43,26.0,30.92,796.09,0.7961,0,0
2022-04-05T08:00:00,706.0,86.0,400.0,63.58,63.955,83.815,68.455,345.01,26.4,37.18,1705.59,1.7056,0,0
2022-04-05T09:00:00,814.0,101.0,622.0,50.17,50.572,75.91,59.396,516.42,26.8,42.94,2499.23,2.4992,0,0
2022-04-05T10:00:00,874.0,109.0,805.0,37.3,37.753,64.825,51.548,654.75,27.2,47.66,3112.8,3.1128,0,0
2022-04-05T11:00:00,906.0,114.0,929.0,25.91,26.474,46.106,45.694,749.94,27.5,50.94,3520.98,3.521,0,0
2022-04-05T12:00:00,921.0,115.0,986.0,19.04,19.709,11.373,42.821,794.09,27.9,52.72,3702.73,3.7027,1,0
2022-04-05T13:00:00,918.0,114.0,967.0,21.59,22.127,329.217,43.873,779.19,28.1,52.45,3637.0,3.637,0,0
2022-04-05T14:00:00,899.0,109.0,877.0,31.33,31.685,303.318,48.381,708.96,28.2,50.35,3336.01,3.336,0,0
2022-04-05T15:00:00,859.0,101.0,722.0,43.66,43.915,289.168,55.34,591.4,28.1,46.58,2823.15,2.8232,0,0
2022-04-05T16:00:00,780.0,90.0,517.0,56.86,57.078,279.975,63.869,434.11,27.9,41.47,2112.47,2.1125,0,0
2022-04-05T17:00:00,630.0,72.0,284.0,70.36,70.586,272.865,73.268,252.72,27.6,35.5,1257.05,1.257,0,0
2022-04-05T18:00:00,286.0,35.0,65.0,83.86,84.177,266.522,82.978,69.01,27.1,29.26,351.05,0.351,0,0
2022-04-05T19:00:00,0.0,0.0,0.0,97.47,97.678,0.0,121.47,0.0,26.7,26.7,0.0,0.0,0,0
2022-04-05T20:00:00,0.0,0.0,0.0,110.64,110.901,0.0,134.64,0.0,26.4,26.4,0.0,0.0,0,0
2022-04-05T21:00:00,0.0,0.0,0.0,123.22,123.559,0.0,147.22,0.0,26.1,26.1,0.0,0.0,0,0
2022-04-05T22:00:00,0.0,0.0,0.0,134.64,135.101,0.0,158.64,0.0,25.9,25.9,0.0,0.0,0,0
2022-04-05T23:00:00,0.0,0.0,0.0,143.73,144.373,0.0,167.73,0.0,25.8,25.8,0.0,0.0,0,0
2022-04-06T00:00:00,0.0,0.0,0.0,148.4,148.837,0.0,172.4,0.0,25.7,25.7,0.0,0.0,0,0
2022-04-06T01:00:00,0.0,0.0,0.0,146.71,147.174,0.0,170.71,0.0,25.7,25.7,0.0,0.0,0,0
2022-04-06T02:00:00,0.0,0.0,0.0,139.45,139.879,0.0,163.45,0.0,25.7,25.7,0.0,0.0,0,0
2022-04-06T03:00:00,0.0,0.0,0.0,128.96,129.34,0.0,152.96,0.0,25.7,25.7,0.0,0.0,0,0
2022-04-06T04:00:00,0.0,0.0,0.0,116.84,117.192,0.0,140.84,0.0,25.7,25.7,0.0,0.0,0,0
2022-04-06T05:00:00,0.0,0.0,0.0,103.91,104.234,0.0,127.91,0.0,25.8,25.8,0.0,0.0,0,0
2022-04-06T06:00:00,0.0,0.0,0.0,90.0,90.861,0.0,114.0,0.0,26.1,26.1,0.0,0.0,0,0
2022-04-06T07:00:00,505.0,58.0,173.0,76.91,77.299,90.748,77.756,164.09,26.6,31.73,827.34,0.8273,0,0
2022-04-06T08:00:00,720.0,85.0,408.0,63.36,63.721,84.174,68.117,353.21,27.1,38.14,1740.01,1.74,0,0
2022-04-06T09:00:00,824.0,100.0,630.0,49.94,50.322,76.313,59.05,524.9,27.6,44.0,2530.16,2.5302,0,0
2022-04-06T10:00:00,869.0,116.0,810.0,37.03,37.469,65.284,51.179,662.75,28.2,48.91,3135.87,3.1359,0,0
2022-04-06T11:00:00,897.0,122.0,932.0,25.58,26.129,46.559,45.312,755.6,28.6,52.21,3530.1,3.5301,0,0
2022-04-06T12:00:00,910.0,124.0,987.0,18.65,19.31,11.358,42.434,798.8,28.9,53.86,3708.13,3.7081,1,0
2022-04-06T13:00:00,905.0,123.0,967.0,21.29,21.818,328.545,43.513,782.37,29.1,53.55,3636.28,3.6363,1,0
2022-04-06T14:00:00,0.0,208.0,208.0,31.15,31.491,302.653,48.063,200.81,29.1,35.38,999.26,0.9993,3,0
2022-04-06T15:00:00,837.0,112.0,719.0,43.53,43.783,288.625,55.05,592.86,29.0,47.53,2820.03,2.82,0,0
2022-04-06T16:00:00,6.0,218.0,222.0,56.76,56.974,279.516,63.608,213.16,28.8,35.46,1060.42,1.0604,3,0
2022-04-06T17:00:00,618.0,76.0,284.0,70.27,70.493,272.454,73.022,255.63,28.5,36.49,1266.94,1.2669,0,0
2022-04-06T18:00:00,286.0,35.0,67.0,83.77,84.084,266.132,82.738,70.22,28.0,30.19,356.01,0.356,0,0
2022-04-06T19:00:00,0.0,0.0,0.0,97.36,97.574,0.0,121.36,0.0,27.5,27.5,0.0,0.0,0,0
2022-04-06T20:00:00,0.0,0.0,0.0,110.52,110.775,0.0,134.52,0.0,27.2,27.2,0.0,0.0,0,0
2022-04-06T21:00:00,0.0,0.0,0.0,123.06,123.396,0.0,147.06,0.0,26.8,26.8,0.0,0.0,0,0
2022-04-06T22:00:00,0.0,0.0,0.0,134.42,134.881,0.0,158.42,0.0,26.5,26.5,0.0,0.0,0,0
2022-04-06T23:00:00,0.0,0.0,0.0,143.44,144.072,0.0,167.44,0.0,26.1,26.1,0.0,0.0,0,0
2022-04-07T00:00:00,0.0,0.0,0.0,148.03,148.459,0.0,172.03,0.0,25.8,25.8,0.0,0.0,0,0
2022-04-07T01:00:00,0.0,0.0,0.0,146.33,146.781,0.0,170.33,0.0,25.5,25.5,0.0,0.0,0,0
2022-04-07T02:00:00,0.0,0.0,0.0,139.11,139.526,0.0,163.11,0.0,25.3,25.3,0.0,0.0,0,0
2022-04-07T03:00:00,0.0,0.0,0.0,128.66,129.034,0.0,152.66,0.0,25.2,25.2,0.0,0.0,0,0
2022-04-07T04:00:00,0.0,0.0,0.0,116.58,116.921,0.0,140.58,0.0,25.2,25.2,0.0,0.0,0,0
2022-04-07T05:00:00,0.0,0.0,0.0,103.67,103.986,0.0,127.67,0.0,25.2,25.2,0.0,0.0,0,0
2022-04-07T06:00:00,0.0,0.0,0.0,89.81,90.626,0.0,113.81,0.0,25.5,25.5,0.0,0.0,0,0
2022-04-07T07:00:00,533.0,57.0,179.0,76.7,77.071,91.08,77.431,172.08,26.1,31.48,868.42,0.8684,0,0
2022-04-07T08:00:00,748.0,80.0,418.0,63.14,63.488,84.533,67.779,363.04,26.6,37.94,1789.69,1.7897,0,0
2022-04-07T09:00:00,849.0,93.0,642.0,49.7,50.075,76.717,58.695,535.67,27.2,43.94,2582.7,2.5827,0,0
2022-04-07T10:00:00,903.0,100.0,824.0,36.77,37.189,65.747,50.818,673.3,27.8,48.84,3186.64,3.1866,0,0
2022-04-07T11:00:00,931.0,105.0,947.0,25.26,25.788,47.021,44.938,767.67,28.5,52.49,3582.67,3.5827,0,0
2022-04-07T12:00:00,941.0,105.0,998.0,18.27,18.913,11.345,42.057,807.76,29.0,54.24,3744.16,3.7442,0,0
2022-04-07T13:00:00,923.0,111.0,973.0,21.0,21.513,327.858,43.16,787.89,29.3,53.92,3656.65,3.6566,0,0
2022-04-07T14:00:00,898.0,108.0,879.0,30.97,31.301,301.984,47.744,714.78,29.3,51.64,3346.86,3.3469,0,0
2022-04-07T15:00:00,852.0,103.0,722.0,43.41,43.653,288.082,54.768,596.3,29.3,47.93,2831.99,2.832,0,0
2022-04-07T16:00:00,770.0,92.0,516.0,56.66,56.873,279.059,63.347,437.9,29.0,42.68,2121.24,2.1212,0,0
2022-04-07T17:00:00,617.0,74.0,283.0,70.18,70.402,272.044,72.776,255.94,28.5,36.5,1268.44,1.2684,0,0
2022-04-07T18:00:00,8.0,46.0,47.0,83.68,83.991,265.745,82.498,45.46,27.9,29.32,231.21,0.2312,8,7
2022-04-07T19:00:00,0.0,0.0,0.0,97.26,97.47,0.0,121.26,0.0,27.5,27.5,0.0,0.0,0,0
2022-04-07T20:00:00,0.0,0.0,0.0,110.39,110.648,0.0,134.39,0.0,27.3,27.3,0.0,0.0,0,0
2022-04-07T21:00:00,0.0,0.0,0.0,122.89,123.232,0.0,146.89,0.0,27.1,27.1,0.0,0.0,7,0
2022-04-07T22:00:00,0.0,0.0,0.0,134.2,134.66,0.0,158.2,0.0,26.9,26.9,0.0,0.0,7,0
2022-04-07T23:00:00,0.0,0.0,0.0,143.14,143.771,0.0,167.14,0.0,26.6,26.6,0.0,0.0,0,0
2022-04-08T00:00:00,0.0,0.0,0.0,147.66,148.082,0.0,171.66,0.0,26.4,26.4,0.0,0.0,0,1
2022-04-08T01:00:00,0.0,0.0,0.0,145.95,146.391,0.0,169.95,0.0,26.2,26.2,0.0,0.0,8,0
2022-04-08T02:00:00,0.0,0.0,0.0,138.77,139.176,0.0,162.77,0.0,26.1,26.1,0.0,0.0,7,0
2022-04-08T03:00:00,0.0,0.0,0.0,128.37,128.73,0.0,152.37,0.0,26.1,26.1,0.0,0.0,7,0
2022-04-08T04:00:00,0.0,0.0,0.0,116.32,116.651,0.0,140.32,0.0,26.0,26.0,0.0,0.0,7,0
2022-04-08T05:00:00,0.0,0.0,0.0,103.43,103.739,0.0,127.43,0.0,26.1,26.1,0.0,0.0,8,0
2022-04-08T06:00:00,0.0,0.0,0.0,89.63,90.394,0.0,113.63,0.0,26.2,26.2,0.0,0.0,8,7
2022-04-08T07:00:00,179.0,112.0,154.0,76.48,76.844,91.412,77.096,148.46,26.6,31.24,749.89,0.7499,7,0
2022-04-08T08:00:00,663.0,99.0,400.0,62.92,63.259,84.892,67.441,352.53,27.0,38.02,1737.44,1.7374,0,0
2022-04-08T09:00:00,767.0,119.0,617.0,49.47,49.831,77.122,58.348,521.68,27.3,43.6,2518.45,2.5184,0,0
2022-04-08T10:00:00,807.0,141.0,790.0,36.5,36.913,66.215,50.447,655.62,27.8,48.29,3109.52,3.1095,0,0
2022-04-08T11:00:00,2.0,197.0,198.0,24.94,25.45,47.493,44.564,191.62,28.1,34.09,958.01,0.958,8,0
2022-04-08T12:00:00,6.0,295.0,301.0,17.89,18.519,11.332,41.681,289.33,28.3,37.34,1429.5,1.4295,8,0
2022-04-08T13:00:00,7.0,401.0,407.0,20.71,21.212,327.158,42.805,392.32,28.3,40.56,1915.52,1.9155,3,0
2022-04-08T14:00:00,13.0,381.0,392.0,30.79,31.115,301.313,47.423,376.71,28.0,39.77,1844.69,1.8447,3,0
2022-04-08T15:00:00,0.0,133.0,133.0,43.29,43.526,287.54,54.485,128.4,27.5,31.51,647.92,0.6479,3,0
2022-04-08T16:00:00,0.0,28.0,28.0,56.56,56.772,278.603,63.086,27.03,27.0,27.84,138.2,0.1382,3,0
2022-04-08T17:00:00,538.0,91.0,274.0,70.09,70.311,271.636,72.532,250.93,26.4,34.24,1253.84,1.2538,1,0
2022-04-08T18:00:00,212.0,40.0,64.0,83.59,83.898,265.359,82.259,67.38,25.9,28.01,344.27,0.3443,0,0
2022-04-08T19:00:00,0.0,0.0,0.0,97.15,97.365,0.0,121.15,0.0,25.5,25.5,0.0,0.0,0,0
2022-04-08T20:00:00,0.0,0.0,0.0,110.26,110.521,0.0,134.26,0.0,25.4,25.4,0.0,0.0,1,0
2022-04-08T21:00:00,0.0,0.0,0.0,122.73,123.067,0.0,146.73,0.0,25.2,25.2,0.0,0.0,8,0
2022-04-08T22:00:00,0.0,0.0,0.0,133.98,134.438,0.0,157.98,0.0,25.1,25.1,0.0,0.0,0,0
2022-04-08T23:00:00,0.0,0.0,0.0,142.85,143.47,0.0,166.85,0.0,25.0,25.0,0.0,0.0,3,0
2022-04-09T00:00:00,0.0,0.0,0.0,147.3,147.706,0.0,171.3,0.0,25.0,25.0,0.0,0.0,8,1
2022-04-09T01:00:00,0.0,0.0,0.0,145.57,146.002,0.0,169.57,0.0,24.9,24.9,0.0,0.0,0,0
2022-04-09T02:00:00,0.0,0.0,0.0,138.43,138.826,0.0,162.43,0.0,24.9,24.9,0.0,0.0,3,0
2022-04-09T03:00:00,0.0,0.0,0.0,128.08,128.426,0.0,152.08,0.0,24.9,24.9,0.0,0.0,0,0
2022-04-09T04:00:00,0.0,0.0,0.0,116.07,116.382,0.0,140.07,0.0,24.9,24.9,0.0,0.0,0,0
2022-04-09T05:00:00,0.0,0.0,0.0,103.2,103.494,0.0,127.2,0.0,24.7,24.7,0.0,0.0,7,0
2022-04-09T06:00:00,0.0,0.0,0.0,89.43,90.163,0.0,113.43,0.0,24.5,24.5,0.0,0.0,3,7
2022-04-09T07:00:00,1.0,88.0,88.0,76.27,76.619,91.742,76.771,85.19,24.3,26.96,436.86,0.4369,3,0
2022-04-09T08:00:00,661.0,109.0,412.0,62.7,63.032,85.251,67.103,365.03,24.2,35.61,1814.94,1.8149,0,0
2022-04-09T09:00:00,785.0,126.0,638.0,49.25,49.591,77.529,58.009,541.95,24.2,41.14,2640.45,2.6404,1,0
2022-04-09T10:00:00,873.0,125.0,829.0,36.25,36.64,66.687,50.093,686.83,24.5,45.96,3286.39,3.2864,0,0
2022-04-09T11:00:00,905.0,131.0,953.0,24.62,25.116,47.976,44.188,782.52,24.7,49.15,3699.13,3.6991,0,0
2022-04-09T12:00:00,908.0,139.0,1005.0,17.51,18.126,11.322,41.304,823.79,24.8,50.54,3873.54,3.8735,0,0
2022-04-09T13:00:00,885.0,148.0,978.0,20.43,20.915,326.444,42.458,802.98,24.8,49.89,3785.14,3.7851,0,0
2022-04-09T14:00:00,489.0,316.0,737.0,30.62,30.933,300.638,47.11,641.52,24.7,44.75,3083.69,3.0837,7,0
2022-04-09T15:00:00,332.0,322.0,564.0,43.17,43.402,286.999,54.203,507.15,24.6,40.45,2477.2,2.4772,8,0
2022-04-09T16:00:00,752.0,112.0,527.0,56.47,56.674,278.148,62.834,455.05,24.5,38.72,2236.93,2.2369,0,0
2022-04-09T17:00:00,612.0,86.0,295.0,70.0,70.221,271.231,72.287,271.03,24.3,32.77,1361.47,1.3615,0,0
2022-04-09T18:00:00,259.0,42.0,71.0,83.49,83.806,264.975,82.012,76.79,24.1,26.5,394.45,0.3945,0,0
2022-04-09T19:00:00,0.0,0.0,0.0,97.05,97.26,0.0,121.05,0.0,24.2,24.2,0.0,0.0,0,0
2022-04-09T20:00:00,0.0,0.0,0.0,110.13,110.392,0.0,134.13,0.0,24.4,24.4,0.0,0.0,3,0
2022-04-09T21:00:00,0.0,0.0,0.0,122.56,122.901,0.0,146.56,0.0,24.5,24.5,0.0,0.0,3,0
2022-04-09T22:00:00,0.0,0.0,0.0,133.76,134.214,0.0,157.76,0.0,24.4,24.4,0.0,0.0,8,0
2022-04-09T23:00:00,0.0,0.0,0.0,142.55,143.168,0.0,166.55,0.0,24.3,24.3,0.0,0.0,3,0
2022-04-10T00:00:00,0.0,0.0,0.0,146.94,147.332,0.0,170.94,0.0,24.1,24.1,0.0,0.0,1,1
2022-04-10T01:00:00,0.0,0.0,0.0,145.2,145.616,0.0,169.2,0.0,23.8,23.8,0.0,0.0,0,0
2022-04-10T02:00:00,0.0,0.0,0.0,138.1,138.479,0.0,162.1,0.0,23.3,23.3,0.0,0.0,7,0
2022-04-10T03:00:00,0.0,0.0,0.0,127.79,128.124,0.0,151.79,0.0,22.7,22.7,0.0,0.0,7,0
2022-04-10T04:00:00,0.0,0.0,0.0,115.81,116.114,0.0,139.81,0.0,22.2,22.2,0.0,0.0,0,0
2022-04-10T05:00:00,0.0,0.0,0.0,102.97,103.25,0.0,126.97,0.0,21.8,21.8,0.0,0.0,3,0
2022-04-10T06:00:00,0.0,0.0,0.0,89.24,89.934,98.284,85.945,0.0,21.9,21.9,0.0,0.0,0,0
2022-04-10T07:00:00,540.0,65.0,195.0,76.06,76.397,92.072,76.447,190.43,22.4,28.35,971.78,0.9718,0,0
2022-04-10T08:00:00,753.0,92.0,440.0,62.49,62.808,85.61,66.774,388.78,22.6,34.75,1939.05,1.939,0,0
2022-04-10T09:00:00,858.0,107.0,670.0,49.02,49.353,77.936,57.661,567.13,23.0,40.72,2767.37,2.7674,0,0
2022-04-10T10:00:00,929.0,107.0,859.0,35.99,36.372,67.163,49.729,710.31,23.5,45.7,3402.15,3.4022,0,0
2022-04-10T11:00:00,950.0,116.0,981.0,24.31,24.786,48.47,43.819,804.92,23.9,49.05,3806.47,3.8065,0,0
2022-04-10T12:00:00,956.0,121.0,1035.0,17.14,17.736,11.313,40.937,846.91,24.1,50.57,3981.92,3.9819,0,0
2022-04-10T13:00:00,944.0,123.0,1010.0,20.15,20.622,325.717,42.11,826.73,24.2,50.04,3894.97,3.895,0,0
2022-04-10T14:00:00,920.0,122.0,915.0,30.45,30.755,299.961,46.796,754.47,24.2,47.78,3585.3,3.5853,0,0
2022-04-10T15:00:00,874.0,115.0,754.0,43.05,43.28,286.459,53.92,631.26,24.1,43.83,3044.86,3.0449,0,0
2022-04-10T16:00:00,790.0,104.0,541.0,56.37,56.577,277.696,62.574,468.05,23.8,38.43,2303.33,2.3033,1,0
2022-04-10T17:00:00,637.0,82.0,301.0,69.92,70.132,270.827,72.053,277.34,23.5,32.17,1396.19,1.3962,0,0
2022-04-10T18:00:00,285.0,41.0,73.0,83.4,83.713,264.594,81.775,80.63,23.0,25.52,415.61,0.4156,0,0
2022-04-10T19:00:00,0.0,0.0,0.0,96.94,97.154,0.0,120.94,0.0,22.7,22.7,0.0,0.0,0,0
2022-04-10T20:00:00,0.0,0.0,0.0,110.0,110.263,0.0,134.0,0.0,22.5,22.5,0.0,0.0,0,0
2022-04-10T21:00:00,0.0,0.0,0.0,122.4,122.734,0.0,146.4,0.0,22.3,22.3,0.0,0.0,3,0
2022-04-10T22:00:00,0.0,0.0,0.0,133.54,133.99,0.0,157.54,0.0,22.0,22.0,0.0,0.0,0,0
2022-04-10T23:00:00,0.0,0.0,0.0,142.25,142.866,0.0,166.25,0.0,21.8,21.8,0.0,0.0,3,0
2022-04-11T00:00:00,0.0,0.0,0.0,146.58,146.96,0.0,170.58,0.0,21.6,21.6,0.0,0.0,3,1
2022-04-11T01:00:00,0.0,0.0,0.0,144.83,145.232,0.0,168.83,0.0,21.4,21.4,0.0,0.0,3,0
2022-04-11T02:00:00,0.0,0.0,0.0,137.77,138.133,0.0,161.77,0.0,21.3,21.3,0.0,0.0,3,0
2022-04-11T03:00:00,0.0,0.0,0.0,127.5,127.823,0.0,151.5,0.0,21.1,21.1,0.0,0.0,0,0
2022-04-11T04:00:00,0.0,0.0,0.0,115.55,115.849,0.0,139.55,0.0,21.2,21.2,0.0,0.0,1,0
2022-04-11T05:00:00,0.0,0.0,0.0,102.73,103.009,0.0,126.73,0.0,21.3,21.3,0.0,0.0,3,0
2022-04-11T06:00:00,0.0,0.0,0.0,89.05,89.708,98.599,85.644,0.0,21.7,21.7,0.0,0.0,3,7
2022-04-11T07:00:00,532.0,67.0,197.0,75.85,76.177,92.401,76.122,193.41,22.3,28.34,987.02,0.987,0,0
2022-04-11T08:00:00,737.0,95.0,438.0,62.28,62.587,85.968,66.445,389.2,22.8,34.96,1939.66,1.9397,0,0
2022-04-11T09:00:00,835.0,113.0,663.0,48.8,49.12,78.345,57.322,564.68,23.3,40.95,2753.12,2.7531,0,0
2022-04-11T10:00:00,892.0,124.0,848.0,35.74,36.108,67.643,49.373,706.78,23.8,45.89,3382.84,3.3828,0,0
2022-04-11T11:00:00,918.0,131.0,969.0,24.0,24.461,48.974,43.45,800.16,24.1,49.1,3783.23,3.7832,0,0
2022-04-11T12:00:00,931.0,132.0,1024.0,16.76,17.349,11.307,40.56,842.45,24.4,50.73,3958.51,3.9585,1,0
2022-04-11T13:00:00,264.0,520.0,769.0,19.87,20.334,324.976,41.759,701.1,24.5,46.41,3349.03,3.349,3,0
2022-04-11T14:00:00,62.0,436.0,489.0,30.28,30.58,299.282,46.48,464.07,24.6,39.1,2278.08,2.2781,2,0
2022-04-11T15:00:00,867.0,116.0,751.0,42.94,43.161,285.92,53.646,631.41,24.5,44.23,3040.99,3.041,0,0
2022-04-11T16:00:00,62.0,300.0,334.0,56.28,56.481,277.245,62.324,318.72,24.4,34.36,1591.86,1.5919,3,0
2022-04-11T17:00:00,645.0,80.0,302.0,69.83,70.043,270.425,71.81,280.5,24.1,32.87,1408.54,1.4085,0,0
2022-04-11T18:00:00,290.0,41.0,75.0,83.31,83.621,264.215,81.539,82.55,23.7,26.28,424.35,0.4243,0,0
2022-04-11T19:00:00,0.0,0.0,0.0,96.84,97.048,0.0,120.84,0.0,23.5,23.5,0.0,0.0,0,0
2022-04-11T20:00:00,0.0,0.0,0.0,109.87,110.132,0.0,133.87,0.0,23.3,23.3,0.0,0.0,0,0
2022-04-11T21:00:00,0.0,0.0,0.0,122.23,122.565,0.0,146.23,0.0,23.2,23.2,0.0,0.0,3,0
2022-04-11T22:00:00,0.0,0.0,0.0,133.31,133.764,0.0,157.31,0.0,23.1,23.1,0.0,0.0,3,0
2022-04-11T23:00:00,0.0,0.0,0.0,141.96,142.564,0.0,165.96,0.0,23.0,23.0,0.0,0.0,0,0
2022-04-12T00:00:00,0.0,0.0,0.0,146.22,146.59,0.0,170.22,0.0,23.0,23.0,0.0,0.0,1,0
2022-04-12T01:00:00,0.0,0.0,0.0,144.46,144.851,0.0,168.46,0.0,22.9,22.9,0.0,0.0,3,0
2022-04-12T02:00:00,0.0,0.0,0.0,137.43,137.79,0.0,161.43,0.0,22.8,22.8,0.0,0.0,3,0
2022-04-12T03:00:00,0.0,0.0,0.0,127.21,127.524,0.0,151.21,0.0,22.8,22.8,0.0,0.0,3,0
2022-04-12T04:00:00,0.0,0.0,0.0,115.3,115.585,0.0,139.3,0.0,22.6,22.6,0.0,0.0,3,0
2022-04-12T05:00:00,0.0,0.0,0.0,102.51,102.769,0.0,126.51,0.0,22.6,22.6,0.0,0.0,3,0
2022-04-12T06:00:00,0.0,4.0,4.0,88.86,89.483,98.912,85.344,3.86,23.1,23.22,20.06,0.0201,3,7
2022-04-12T07:00:00,533.0,67.0,199.0,75.65,75.96,92.729,75.808,196.5,23.7,29.84,997.51,0.9975,1,0
2022-04-12T08:00:00,728.0,96.0,437.0,62.08,62.369,86.327,66.126,390.27,24.0,36.2,1936.3,1.9363,1,0
2022-04-12T09:00:00,79.0,354.0,406.0,48.59,48.89,78.754,56.991,385.24,24.4,36.44,1909.66,1.9097,3,0
2022-04-12T10:00:00,80.0,419.0,484.0,35.5,35.848,68.127,49.025,457.53,24.8,39.1,2246.0,2.246,2,0
2022-04-12T11:00:00,932.0,117.0,970.0,23.69,24.139,49.49,43.079,801.07,25.1,50.13,3772.64,3.7726,0,0
2022-04-12T12:00:00,103.0,487.0,586.0,16.39,16.963,11.304,40.193,549.69,25.3,42.48,2664.84,2.6648,3,0
2022-04-12T13:00:00,933.0,122.0,1001.0,19.6,20.05,324.222,41.417,825.06,25.5,51.28,3868.47,3.8685,0,0
2022-04-12T14:00:00,911.0,119.0,907.0,30.12,30.41,298.601,46.173,752.55,25.7,49.22,3556.62,3.5566,0,0
2022-04-12T15:00:00,867.0,110.0,747.0,42.82,43.044,285.383,53.363,629.08,25.7,45.36,3016.94,3.0169,0,0
2022-04-12T16:00:00,791.0,98.0,538.0,56.19,56.387,276.797,62.074,468.87,25.5,40.15,2292.73,2.2927,0,0
2022-04-12T17:00:00,645.0,78.0,301.0,69.74,69.955,270.026,71.569,281.16,25.2,33.99,1406.17,1.4062,0,0
2022-04-12T18:00:00,297.0,41.0,76.0,83.22,83.528,263.839,81.304,84.79,24.8,27.45,434.08,0.4341,0,0
2022-04-12T19:00:00,0.0,0.0,0.0,96.73,96.941,0.0,120.73,0.0,24.6,24.6,0.0,0.0,0,0
2022-04-12T20:00:00,0.0,0.0,0.0,109.74,110.001,0.0,133.74,0.0,24.5,24.5,0.0,0.0,0,0
2022-04-12T21:00:00,0.0,0.0,0.0,122.06,122.396,0.0,146.06,0.0,24.5,24.5,0.0,0.0,0,0
2022-04-12T22:00:00,0.0,0.0,0.0,133.09,133.538,0.0,157.09,0.0,24.4,24.4,0.0,0.0,0,0
2022-04-12T23:00:00,0.0,0.0,0.0,141.67,142.262,0.0,165.67,0.0,24.3,24.3,0.0,0.0,0,0
2022-04-13T00:00:00,0.0,0.0,0.0,145.86,146.222,0.0,169.86,0.0,24.1,24.1,0.0,0.0,0,0
2022-04-13T01:00:00,0.0,0.0,0.0,144.1,144.472,0.0,168.1,0.0,24.1,24.1,0.0,0.0,0,0
2022-04-13T02:00:00,0.0,0.0,0.0,137.11,137.449,0.0,161.11,0.0,24.0,24.0,0.0,0.0,0,0
2022-04-13T03:00:00,0.0,0.0,0.0,126.92,127.227,0.0,150.92,0.0,24.0,24.0,0.0,0.0,0,0
2022-04-13T04:00:00,0.0,0.0,0.0,115.05,115.322,0.0,139.05,0.0,24.0,24.0,0.0,0.0,0,0
2022-04-13T05:00:00,0.0,0.0,0.0,102.28,102.531,0.0,126.28,0.0,24.0,24.0,0.0,0.0,0,0
2022-04-13T06:00:00,0.0,8.0,8.0,88.67,89.261,99.223,85.045,7.72,24.3,24.54,39.95,0.0399,7,7
2022-04-13T07:00:00,523.0,68.0,199.0,75.45,75.746,93.056,75.493,197.79,24.8,30.98,999.95,1.0,0,0
2022-04-13T08:00:00,728.0,93.0,437.0,61.88,62.154,86.684,65.806,391.11,25.3,37.52,1931.08,1.9311,0,0
2022-04-13T09:00:00,69.0,336.0,382.0,48.37,48.664,79.165,56.651,362.71,25.7,37.03,1794.05,1.7941,3,0
2022-04-13T10:00:00,202.0,448.0,614.0,35.26,35.592,68.614,48.675,567.33,26.1,43.83,2736.48,2.7365,3,0
2022-04-13T11:00:00,137.0,459.0,585.0,23.39,23.822,50.017,42.716,544.87,26.5,43.53,2631.14,2.6311,3,0
2022-04-13T12:00:00,372.0,392.0,750.0,16.03,16.581,11.304,39.836,667.19,26.7,47.55,3173.31,3.1733,7,0
2022-04-13T13:00:00,326.0,373.0,681.0,19.34,19.771,323.454,41.081,608.5,26.8,45.82,2913.2,2.9132,7,0
2022-04-13T14:00:00,900.0,115.0,895.0,29.96,30.243,297.919,45.864,744.5,26.8,50.07,3507.12,3.5071,0,0
2022-04-13T15:00:00,856.0,109.0,738.0,42.71,42.929,284.848,53.089,624.76,26.7,46.22,2986.46,2.9865,0,0
2022-04-13T16:00:00,779.0,98.0,533.0,56.1,56.294,276.351,61.824,466.2,26.4,40.97,2272.79,2.2728,0,0
2022-04-13T17:00:00,412.0,134.0,277.0,69.66,69.868,269.63,71.337,262.44,25.9,34.1,1312.03,1.312,8,0
2022-04-13T18:00:00,281.0,41.0,75.0,83.13,83.435,263.465,81.07,83.5,25.5,28.11,426.46,0.4265,1,0
2022-04-13T19:00:00,0.0,0.0,0.0,96.62,96.834,0.0,120.62,0.0,25.3,25.3,0.0,0.0,0,0
2022-04-13T20:00:00,0.0,0.0,0.0,109.61,109.869,0.0,133.61,0.0,25.2,25.2,0.0,0.0,0,0
2022-04-13T21:00:00,0.0,0.0,0.0,121.89,122.225,0.0,145.89,0.0,25.1,25.1,0.0,0.0,7,0
2022-04-13T22:00:00,0.0,0.0,0.0,132.87,133.311,0.0,156.87,0.0,25.0,25.0,0.0,0.0,7,0
2022-04-13T23:00:00,0.0,0.0,0.0,141.37,141.96,0.0,165.37,0.0,24.9,24.9,0.0,0.0,0,0
2022-04-14T00:00:00,0.0,0.0,0.0,145.51,145.856,0.0,169.51,0.0,24.8,24.8,0.0,0.0,0,0
2022-04-14T01:00:00,0.0,0.0,0.0,143.74,144.096,0.0,167.74,0.0,24.6,24.6,0.0,0.0,0,0
2022-04-14T02:00:00,0.0,0.0,0.0,136.78,137.11,0.0,160.78,0.0,24.5,24.5,0.0,0.0,0,0
2022-04-14T03:00:00,0.0,0.0,0.0,126.64,126.932,0.0,150.64,0.0,24.5,24.5,0.0,0.0,0,0
2022-04-14T04:00:00,0.0,0.0,0.0,114.8,115.062,0.0,138.8,0.0,24.5,24.5,0.0,0.0,7,0
2022-04-14T05:00:00,0.0,0.0,0.0,102.05,102.295,0.0,126.05,0.0,24.5,24.5,0.0,0.0,3,0
2022-04-14T06:00:00,25.0,12.0,13.0,88.48,89.041,99.533,84.746,13.88,24.7,25.13,71.65,0.0717,0,0
2022-04-14T07:00:00,462.0,74.0,192.0,75.25,75.535,93.381,75.18,190.64,25.1,31.06,963.53,0.9635,0,0
2022-04-14T08:00:00,682.0,100.0,424.0,61.68,61.943,87.041,65.487,382.31,25.5,37.45,1888.13,1.8881,0,0
2022-04-14T09:00:00,797.0,111.0,643.0,48.16,48.442,79.576,56.32,553.74,25.8,43.1,2678.19,2.6782,0,0
2022-04-14T10:00:00,868.0,112.0,823.0,35.02,35.341,69.106,48.325,691.41,26.2,47.81,3285.28,3.2853,0,0
2022-04-14T11:00:00,134.0,445.0,569.0,23.1,23.51,50.556,42.361,529.7,26.6,43.15,2561.44,2.5614,3,0
2022-04-14T12:00:00,904.0,121.0,991.0,15.66,16.201,11.308,39.468,822.2,26.9,52.59,3835.62,3.8356,0,0
2022-04-14T13:00:00,489.0,288.0,750.0,19.08,19.496,322.674,40.744,652.52,27.1,47.49,3104.19,3.1042,8,0
2022-04-14T14:00:00,297.0,369.0,626.0,29.81,30.081,297.236,45.563,566.4,27.2,44.9,2721.03,2.721,7,0
2022-04-14T15:00:00,1.0,144.0,144.0,42.61,42.817,284.315,52.824,139.62,27.2,31.56,704.42,0.7044,6,0
2022-04-14T16:00:00,0.0,12.0,12.0,56.01,56.202,275.908,61.575,11.59,27.0,27.36,59.33,0.0593,6,0
2022-04-14T17:00:00,0.0,41.0,42.0,69.57,69.781,269.236,71.097,39.59,26.6,27.84,202.41,0.2024,7,0
2022-04-14T18:00:00,0.0,26.0,26.0,83.04,83.343,263.094,80.837,25.1,26.1,26.88,128.76,0.1288,4,7
2022-04-14T19:00:00,0.0,0.0,0.0,96.52,96.727,0.0,120.52,0.0,25.7,25.7,0.0,0.0,3,0
2022-04-14T20:00:00,0.0,0.0,0.0,109.48,109.736,0.0,133.48,0.0,25.6,25.6,0.0,0.0,7,0
2022-04-14T21:00:00,0.0,0.0,0.0,121.72,122.054,0.0,145.72,0.0,25.5,25.5,0.0,0.0,8,0
2022-04-14T22:00:00,0.0,0.0,0.0,132.64,133.083,0.0,156.64,0.0,25.3,25.3,0.0,0.0,3,0
2022-04-14T23:00:00,0.0,0.0,0.0,141.08,141.659,0.0,165.08,0.0,25.2,25.2,0.0,0.0,0,0
2022-04-15T00:00:00,0.0,0.0,0.0,145.15,145.492,0.0,169.15,0.0,25.1,25.1,0.0,0.0,3,0
2022-04-15T01:00:00,0.0,0.0,0.0,143.38,143.723,0.0,167.38,0.0,25.0,25.0,0.0,0.0,0,0
2022-04-15T02:00:00,0.0,0.0,0.0,136.46,136.773,0.0,160.46,0.0,24.9,24.9,0.0,0.0,3,0
2022-04-15T03:00:00,0.0,0.0,0.0,126.36,126.639,0.0,150.36,0.0,24.8,24.8,0.0,0.0,1,0
2022-04-15T04:00:00,0.0,0.0,0.0,114.55,114.804,0.0,138.55,0.0,24.8,24.8,0.0,0.0,7,0
2022-04-15T05:00:00,0.0,0.0,0.0,101.83,102.062,0.0,125.83,0.0,24.9,24.9,0.0,0.0,1,0
2022-04-15T06:00:00,0.0,9.0,9.0,88.29,88.824,99.841,84.448,8.69,25.3,25.57,44.78,0.0448,7,7
2022-04-15T07:00:00,45.0,126.0,137.0,75.05,75.326,93.706,74.866,133.49,25.6,29.77,677.78,0.6778,7,0
2022-04-15T08:00:00,2.0,110.0,111.0,61.48,61.735,87.398,65.168,107.04,25.7,29.05,544.93,0.5449,7,0
2022-04-15T09:00:00,141.0,282.0,376.0,47.96,48.224,79.987,55.997,351.91,25.9,36.9,1741.52,1.7415,8,0
2022-04-15T10:00:00,270.0,338.0,560.0,34.79,35.095,69.6,47.983,508.96,26.1,42.0,2471.71,2.4717,8,0
2022-04-15T11:00:00,17.0,374.0,389.0,22.81,23.203,51.106,42.004,373.83,26.2,37.88,1843.32,1.8433,8,0
2022-04-15T12:00:00,15.0,342.0,357.0,15.3,15.824,11.316,39.111,341.94,26.2,36.89,1692.25,1.6922,7,0
2022-04-15T13:00:00,1.0,162.0,162.0,18.82,19.226,321.881,40.405,157.16,26.3,31.21,793.89,0.7939,6,0
2022-04-15T14:00:00,1.0,194.0,196.0,29.66,29.922,296.553,45.261,188.01,26.2,32.08,946.81,0.9468,7,0
2022-04-15T15:00:00,0.0,118.0,118.0,42.5,42.707,283.784,52.55,113.92,25.9,29.46,579.07,0.5791,6,0
2022-04-15T16:00:00,0.0,29.0,29.0,55.92,56.112,275.467,61.327,28.0,25.5,26.37,143.87,0.1439,9,0
2022-04-15T17:00:00,0.0,5.0,5.0,69.49,69.694,268.845,70.867,4.83,25.1,25.25,24.9,0.0249,6,0
2022-04-15T18:00:00,0.0,25.0,25.0,82.95,83.25,262.727,80.606,24.14,24.8,25.55,124.39,0.1244,6,7
2022-04-15T19:00:00,0.0,0.0,0.0,96.41,96.619,0.0,120.41,0.0,24.6,24.6,0.0,0.0,6,0
2022-04-15T20:00:00,0.0,0.0,0.0,109.34,109.603,0.0,133.34,0.0,24.5,24.5,0.0,0.0,6,0
2022-04-15T21:00:00,0.0,0.0,0.0,121.55,121.882,0.0,145.55,0.0,24.4,24.4,0.0,0.0,7,0
2022-04-15T22:00:00,0.0,0.0,0.0,132.42,132.855,0.0,156.42,0.0,24.3,24.3,0.0,0.0,7,0
2022-04-15T23:00:00,0.0,0.0,0.0,140.79,141.358,0.0,164.79,0.0,24.2,24.2,0.0,0.0,7,0
2022-04-16T00:00:00,0.0,0.0,0.0,144.81,145.13,0.0,168.81,0.0,24.2,24.2,0.0,0.0,6,0
2022-04-16T01:00:00,0.0,0.0,0.0,143.02,143.354,0.0,167.02,0.0,24.2,24.2,0.0,0.0,7,0
2022-04-16T02:00:00,0.0,0.0,0.0,136.14,136.44,0.0,160.14,0.0,24.1,24.1,0.0,0.0,7,0
2022-04-16T03:00:00,0.0,0.0,0.0,126.08,126.348,0.0,150.08,0.0,24.0,24.0,0.0,0.0,6,0
2022-04-16T04:00:00,0.0,0.0,0.0,114.31,114.548,0.0,138.31,0.0,24.0,24.0,0.0,0.0,8,0
2022-04-16T05:00:00,0.0,0.0,0.0,101.61,101.831,0.0,125.61,0.0,24.0,24.0,0.0,0.0,3,0
2022-04-16T06:00:00,43.0,14.0,16.0,88.1,88.61,100.148,84.151,17.92,24.4,24.96,92.52,0.0925,0,1
2022-04-16T07:00:00,480.0,73.0,199.0,74.85,75.121,94.029,74.554,199.41,24.9,31.13,1007.59,1.0076,0,0
2022-04-16T08:00:00,689.0,101.0,431.0,61.29,61.53,87.754,64.858,393.09,25.4,37.68,1939.71,1.9397,0,0
2022-04-16T09:00:00,90.0,354.0,414.0,47.76,48.01,80.399,55.674,393.03,25.8,38.08,1936.57,1.9366,3,0
2022-04-16T10:00:00,866.0,116.0,829.0,34.56,34.854,70.098,47.639,701.66,26.3,48.23,3328.64,3.3286,0,0
2022-04-16T11:00:00,886.0,125.0,944.0,22.52,22.9,51.668,41.646,789.83,26.7,51.38,3701.9,3.7019,1,0
2022-04-16T12:00:00,878.0,139.0,987.0,14.94,15.45,11.329,38.753,826.23,26.9,52.72,3852.52,3.8525,0,0
2022-04-16T13:00:00,874.0,135.0,963.0,18.57,18.961,321.075,40.074,806.28,27.0,52.2,3767.14,3.7671,0,0
2022-04-16T14:00:00,216.0,468.0,656.0,29.51,29.766,295.87,44.959,606.29,26.9,45.85,2902.28,2.9023,5,0
2022-04-16T15:00:00,193.0,398.0,540.0,42.4,42.6,283.255,52.286,503.53,26.5,42.24,2443.24,2.4432,3,0
2022-04-16T16:00:00,226.0,286.0,413.0,55.83,56.022,275.03,61.08,386.5,26.1,38.18,1903.73,1.9037,3,0
2022-04-16T17:00:00,15.0,162.0,168.0,69.4,69.608,268.457,70.629,161.42,25.9,30.94,816.21,0.8162,3,0
2022-04-16T18:00:00,316.0,38.0,78.0,82.86,83.157,262.362,80.376,89.86,25.7,28.51,458.34,0.4583,0,0
2022-04-16T19:00:00,0.0,0.0,0.0,96.3,96.51,0.0,120.3,0.0,25.6,25.6,0.0,0.0,0,0
2022-04-16T20:00:00,0.0,0.0,0.0,109.21,109.468,0.0,133.21,0.0,25.3,25.3,0.0,0.0,0,0
2022-04-16T21:00:00,0.0,0.0,0.0,121.38,121.709,0.0,145.38,0.0,25.1,25.1,0.0,0.0,0,0
2022-04-16T22:00:00,0.0,0.0,0.0,132.19,132.626,0.0,156.19,0.0,24.9,24.9,0.0,0.0,0,0
2022-04-16T23:00:00,0.0,0.0,0.0,140.5,141.057,0.0,164.5,0.0,24.7,24.7,0.0,0.0,0,0
2022-04-17T00:00:00,0.0,0.0,0.0,144.46,144.771,0.0,168.46,0.0,24.6,24.6,0.0,0.0,0,0
2022-04-17T01:00:00,0.0,0.0,0.0,142.67,142.987,0.0,166.67,0.0,24.4,24.4,0.0,0.0,3,0
2022-04-17T02:00:00,0.0,0.0,0.0,135.82,136.109,0.0,159.82,0.0,24.3,24.3,0.0,0.0,3,0
2022-04-17T03:00:00,0.0,0.0,0.0,125.8,126.06,0.0,149.8,0.0,24.2,24.2,0.0,0.0,0,0
2022-04-17T04:00:00,0.0,0.0,0.0,114.07,114.295,0.0,138.07,0.0,24.2,24.2,0.0,0.0,0,0
2022-04-17T05:00:00,0.0,0.0,0.0,101.39,101.603,0.0,125.39,0.0,24.3,24.3,0.0,0.0,3,0
2022-04-17T06:00:00,0.0,12.0,12.0,87.92,88.398,100.452,83.864,11.59,24.6,24.96,59.83,0.0598,7,7
2022-04-17T07:00:00,277.0,111.0,184.0,74.66,74.918,94.35,74.251,182.98,25.0,30.72,925.95,0.9259,8,0
2022-04-17T08:00:00,725.0,88.0,438.0,61.1,61.329,88.108,64.548,399.55,25.3,37.79,1970.84,1.9708,0,0
2022-04-17T09:00:00,817.0,102.0,654.0,47.56,47.8,80.811,55.351,567.74,25.6,43.34,2743.48,2.7435,0,0
2022-04-17T10:00:00,885.0,102.0,832.0,34.34,34.617,70.6,47.304,704.91,26.0,48.03,3346.59,3.3466,1,0
2022-04-17T11:00:00,909.0,107.0,949.0,22.24,22.603,52.241,41.295,793.53,26.5,51.3,3720.43,3.7204,0,0
2022-04-17T12:00:00,914.0,113.0,997.0,14.58,15.08,11.346,38.396,833.07,26.8,52.83,3882.71,3.8827,0,0
2022-04-17T13:00:00,899.0,119.0,972.0,18.32,18.7,320.257,39.741,813.54,27.0,52.42,3797.69,3.7977,0,0
2022-04-17T14:00:00,868.0,120.0,877.0,29.37,29.615,295.186,44.665,739.75,27.0,50.12,3484.06,3.4841,0,0
2022-04-17T15:00:00,819.0,116.0,721.0,42.3,42.494,282.73,52.021,621.21,27.0,46.41,2967.35,2.9673,0,0
2022-04-17T16:00:00,739.0,103.0,519.0,55.75,55.934,274.595,60.843,463.08,26.7,41.17,2255.9,2.2559,0,0
2022-04-17T17:00:00,590.0,82.0,291.0,69.32,69.523,268.072,70.402,278.87,26.3,35.01,1389.53,1.3895,0,0
2022-04-17T18:00:00,260.0,43.0,75.0,82.77,83.064,262.001,80.147,86.28,25.9,28.6,439.93,0.4399,0,0
2022-04-17T19:00:00,0.0,0.0,0.0,96.19,96.401,0.0,120.19,0.0,25.6,25.6,0.0,0.0,1,0
2022-04-17T20:00:00,0.0,0.0,0.0,109.08,109.333,0.0,133.08,0.0,25.4,25.4,0.0,0.0,0,0
2022-04-17T21:00:00,0.0,0.0,0.0,121.21,121.535,0.0,145.21,0.0,25.3,25.3,0.0,0.0,0,0
2022-04-17T22:00:00,0.0,0.0,0.0,131.97,132.396,0.0,155.97,0.0,25.2,25.2,0.0,0.0,0,0
2022-04-17T23:00:00,0.0,0.0,0.0,140.2,140.758,0.0,164.2,0.0,25.1,25.1,0.0,0.0,8,0
2022-04-18T00:00:00,0.0,0.0,0.0,144.11,144.415,0.0,168.11,0.0,25.0,25.0,0.0,0.0,7,0
2022-04-18T01:00:00,0.0,0.0,0.0,142.32,142.624,0.0,166.32,0.0,25.0,25.0,0.0,0.0,8,0
2022-04-18T02:00:00,0.0,0.0,0.0,135.5,135.781,0.0,159.5,0.0,24.9,24.9,0.0,0.0,1,0
2022-04-18T03:00:00,0.0,0.0,0.0,125.53,125.775,0.0,149.53,0.0,24.9,24.9,0.0,0.0,8,0
2022-04-18T04:00:00,0.0,0.0,0.0,113.83,114.044,0.0,137.83,0.0,24.9,24.9,0.0,0.0,0,0
2022-04-18T05:00:00,0.0,0.0,0.0,101.18,101.378,0.0,125.18,0.0,24.9,24.9,0.0,0.0,0,0
2022-04-18T06:00:00,65.0,16.0,19.0,87.73,88.19,100.755,83.568,22.75,25.1,25.81,117.16,0.1172,0,0
2022-04-18T07:00:00,498.0,70.0,203.0,74.48,74.719,94.671,73.957,206.35,25.3,31.75,1040.39,1.0404,0,0
2022-04-18T08:00:00,680.0,100.0,431.0,60.91,61.132,88.462,64.239,394.94,25.6,37.94,1946.99,1.947,0,0
2022-04-18T09:00:00,763.0,125.0,641.0,47.37,47.594,81.223,55.037,562.37,25.9,43.47,2716.18,2.7162,1,0
2022-04-18T10:00:00,0.0,224.0,225.0,34.13,34.386,71.104,46.977,216.26,26.3,33.06,1085.23,1.0852,3,0
2022-04-18T11:00:00,4.0,249.0,253.0,21.96,22.312,52.827,40.943,243.45,26.5,34.11,1217.02,1.217,7,0
2022-04-18T12:00:00,0.0,139.0,139.0,14.23,14.712,11.37,38.048,134.19,26.6,30.79,678.89,0.6789,9,0
2022-04-18T13:00:00,47.0,420.0,465.0,18.07,18.445,319.428,39.407,442.18,26.5,40.32,2160.89,2.1609,6,0
2022-04-18T14:00:00,4.0,252.0,256.0,29.22,29.467,294.504,44.361,246.18,26.3,33.99,1231.2,1.2312,6,0
2022-04-18T15:00:00,131.0,329.0,426.0,42.2,42.391,282.207,51.758,399.55,26.2,38.69,1964.34,1.9643,7,0
2022-04-18T16:00:00,25.0,193.0,207.0,55.66,55.847,274.164,60.597,198.72,26.0,32.21,1000.25,1.0002,8,0
2022-04-18T17:00:00,562.0,88.0,288.0,69.23,69.437,267.69,70.167,277.36,25.7,34.37,1385.28,1.3853,0,0
2022-04-18T18:00:00,249.0,43.0,75.0,82.68,82.971,261.642,79.919,85.37,25.5,28.17,435.96,0.436,0,0
2022-04-18T19:00:00,0.0,0.0,0.0,96.08,96.291,0.0,120.08,0.0,25.4,25.4,0.0,0.0,0,0
2022-04-18T20:00:00,0.0,0.0,0.0,108.94,109.198,0.0,132.94,0.0,25.3,25.3,0.0,0.0,0,0
2022-04-18T21:00:00,0.0,0.0,0.0,121.03,121.36,0.0,145.03,0.0,25.2,25.2,0.0,0.0,0,0
2022-04-18T22:00:00,0.0,0.0,0.0,131.74,132.167,0.0,155.74,0.0,25.1,25.1,0.0,0.0,0,0
2022-04-18T23:00:00,0.0,0.0,0.0,139.91,140.459,0.0,163.91,0.0,25.0,25.0,0.0,0.0,0,0
2022-04-19T00:00:00,0.0,0.0,0.0,143.77,144.061,0.0,167.77,0.0,24.8,24.8,0.0,0.0,0,0
2022-04-19T01:00:00,0.0,0.0,0.0,141.97,142.264,0.0,165.97,0.0,24.7,24.7,0.0,0.0,1,0
2022-04-19T02:00:00,0.0,0.0,0.0,135.19,135.456,0.0,159.19,0.0,24.6,24.6,0.0,0.0,0,0
2022-04-19T03:00:00,0.0,0.0,0.0,125.26,125.493,0.0,149.26,0.0,24.4,24.4,0.0,0.0,0,0
2022-04-19T04:00:00,0.0,0.0,0.0,113.59,113.796,0.0,137.59,0.0,24.4,24.4,0.0,0.0,0,0
2022-04-19T05:00:00,0.0,0.0,0.0,100.96,101.155,0.0,124.96,0.0,24.3,24.3,0.0,0.0,0,0
2022-04-19T06:00:00,102.0,17.0,21.0,87.55,87.984,101.055,83.282,28.38,24.7,25.59,146.24,0.1462,0,0
2022-04-19T07:00:00,533.0,68.0,213.0,74.29,74.524,94.989,73.656,216.89,25.2,31.98,1092.63,1.0926,0,0
2022-04-19T08:00:00,714.0,96.0,445.0,60.73,60.939,88.815,63.94,409.37,25.6,38.39,2014.8,2.0148,0,0
2022-04-19T09:00:00,812.0,112.0,663.0,47.18,47.393,81.634,54.723,581.84,25.9,44.08,2803.83,2.8038,0,0
2022-04-19T10:00:00,0.0,61.0,61.0,33.91,34.16,71.611,46.64,58.89,26.3,28.14,300.75,0.3008,3,0
2022-04-19T11:00:00,908.0,119.0,963.0,21.69,22.026,53.424,40.599,811.61,26.7,52.06,3794.0,3.794,0,0
2022-04-19T12:00:00,517.0,398.0,900.0,13.88,14.348,11.399,37.7,797.64,27.1,52.03,3729.2,3.7292,3,0
2022-04-19T13:00:00,250.0,507.0,745.0,17.84,18.195,318.587,39.089,685.57,27.3,48.72,3246.15,3.2461,3,0
2022-04-19T14:00:00,898.0,113.0,898.0,29.09,29.323,293.823,44.075,761.03,27.3,51.08,3571.04,3.571,0,0
2022-04-19T15:00:00,860.0,104.0,742.0,42.1,42.289,281.688,51.495,641.34,27.3,47.34,3052.77,3.0528,0,0
2022-04-19T16:00:00,786.0,93.0,537.0,55.58,55.761,273.737,60.362,482.32,27.0,42.07,2341.74,2.3417,0,0
2022-04-19T17:00:00,646.0,74.0,304.0,69.15,69.352,267.312,69.942,294.99,26.6,35.82,1465.59,1.4656,0,0
2022-04-19T18:00:00,325.0,40.0,82.0,82.59,82.878,261.288,79.694,97.13,26.1,29.14,494.28,0.4943,0,0
2022-04-19T19:00:00,0.0,0.0,0.0,95.97,96.181,0.0,119.97,0.0,25.7,25.7,0.0,0.0,0,0
2022-04-19T20:00:00,0.0,0.0,0.0,108.81,109.061,0.0,132.81,0.0,25.5,25.5,0.0,0.0,0,0
2022-04-19T21:00:00,0.0,0.0,0.0,120.86,121.185,0.0,144.86,0.0,25.3,25.3,0.0,0.0,0,0
2022-04-19T22:00:00,0.0,0.0,0.0,131.52,131.937,0.0,155.52,0.0,25.0,25.0,0.0,0.0,0,0
2022-04-19T23:00:00,0.0,0.0,0.0,139.63,140.162,0.0,163.63,0.0,24.8,24.8,0.0,0.0,0,0
2022-04-20T00:00:00,0.0,0.0,0.0,143.43,143.711,0.0,167.43,0.0,24.6,24.6,0.0,0.0,0,0
2022-04-20T01:00:00,0.0,0.0,0.0,141.63,141.908,0.0,165.63,0.0,24.4,24.4,0.0,0.0,0,0
2022-04-20T02:00:00,0.0,0.0,0.0,134.88,135.135,0.0,158.88,0.0,24.2,24.2,0.0,0.0,0,0
2022-04-20T03:00:00,0.0,0.0,0.0,124.99,125.213,0.0,148.99,0.0,24.1,24.1,0.0,0.0,0,0
2022-04-20T04:00:00,0.0,0.0,0.0,113.35,113.551,0.0,137.35,0.0,24.0,24.0,0.0,0.0,0,0
2022-04-20T05:00:00,0.0,0.0,0.0,100.75,100.935,0.0,124.75,0.0,24.0,24.0,0.0,0.0,0,0
2022-04-20T06:00:00,103.0,19.0,24.0,87.36,87.782,101.354,82.988,30.96,24.2,25.17,159.77,0.1598,0,0
2022-04-20T07:00:00,561.0,67.0,221.0,74.11,74.332,95.306,73.364,226.63,24.6,31.68,1142.87,1.1429,0,0
2022-04-20T08:00:00,745.0,92.0,458.0,60.55,60.75,89.166,63.64,422.77,24.9,38.11,2082.88,2.0829,1,0
2022-04-20T09:00:00,836.0,108.0,678.0,46.99,47.197,82.046,54.409,595.74,25.3,43.92,2872.59,2.8726,0,0
2022-04-20T10:00:00,884.0,121.0,856.0,33.71,33.939,72.12,46.32,733.69,25.6,48.53,3476.61,3.4766,0,0
2022-04-20T11:00:00,909.0,129.0,975.0,21.43,21.746,54.033,40.261,825.52,25.7,51.5,3867.43,3.8674,0,0
2022-04-20T12:00:00,17.0,455.0,471.0,13.53,13.988,11.436,37.352,452.92,25.8,39.95,2216.35,2.2163,3,0
2022-04-20T13:00:00,907.0,133.0,998.0,17.6,17.949,317.734,38.76,843.13,25.8,52.15,3940.04,3.94,0,0
2022-04-20T14:00:00,879.0,131.0,900.0,28.95,29.182,293.144,43.779,767.76,25.6,49.59,3623.3,3.6233,1,0
2022-04-20T15:00:00,122.0,407.0,497.0,42.0,42.19,281.172,51.232,470.1,25.3,39.99,2300.09,2.3001,3,0
2022-04-20T16:00:00,145.0,268.0,350.0,55.5,55.676,273.313,60.128,331.66,25.2,35.56,1649.29,1.6493,7,0
2022-04-20T17:00:00,576.0,93.0,299.0,69.07,69.268,266.937,69.718,291.23,25.0,34.1,1455.93,1.4559,1,0
2022-04-20T18:00:00,223.0,50.0,79.0,82.49,82.784,260.937,79.46,89.31,24.8,27.59,457.01,0.457,0,0
2022-04-20T19:00:00,0.0,0.0,0.0,95.86,96.071,0.0,119.86,0.0,24.7,24.7,0.0,0.0,3,0
2022-04-20T20:00:00,0.0,0.0,0.0,108.67,108.924,0.0,132.67,0.0,24.6,24.6,0.0,0.0,3,0
2022-04-20T21:00:00,0.0,0.0,0.0,120.69,121.009,0.0,144.69,0.0,24.5,24.5,0.0,0.0,0,0
2022-04-20T22:00:00,0.0,0.0,0.0,131.29,131.707,0.0,155.29,0.0,24.4,24.4,0.0,0.0,3,0
2022-04-20T23:00:00,0.0,0.0,0.0,139.34,139.865,0.0,163.34,0.0,24.3,24.3,0.0,0.0,3,0
2022-04-21T00:00:00,0.0,0.0,0.0,143.09,143.363,0.0,167.09,0.0,24.3,24.3,0.0,0.0,3,0
2022-04-21T01:00:00,0.0,0.0,0.0,141.29,141.555,0.0,165.29,0.0,24.2,24.2,0.0,0.0,3,0
2022-04-21T02:00:00,0.0,0.0,0.0,134.57,134.817,0.0,158.57,0.0,24.1,24.1,0.0,0.0,3,0
2022-04-21T03:00:00,0.0,0.0,0.0,124.72,124.936,0.0,148.72,0.0,24.0,24.0,0.0,0.0,0,0
2022-04-21T04:00:00,0.0,0.0,0.0,113.12,113.309,0.0,137.12,0.0,23.9,23.9,0.0,0.0,0,0
2022-04-21T05:00:00,0.0,0.0,0.0,100.55,100.718,0.0,124.55,0.0,23.9,23.9,0.0,0.0,0,0
2022-04-21T06:00:00,77.0,20.0,24.0,87.18,87.583,101.651,82.705,29.12,24.2,25.11,150.31,0.1503,0,0
2022-04-21T07:00:00,2.0,94.0,94.0,73.93,74.143,95.621,73.073,91.33,24.5,27.35,467.73,0.4677,3,0
2022-04-21T08:00:00,733.0,96.0,458.0,60.38,60.565,89.517,63.35,424.58,24.7,37.97,2092.93,2.0929,0,0
2022-04-21T09:00:00,830.0,110.0,678.0,46.81,47.005,82.457,54.104,597.75,25.0,43.68,2884.85,2.8848,0,0
2022-04-21T10:00:00,886.0,119.0,858.0,33.5,33.724,72.632,45.99,736.85,25.3,48.33,3494.25,3.4943,0,0
2022-04-21T11:00:00,911.0,127.0,976.0,21.17,21.471,54.654,39.922,828.61,25.6,51.49,3881.97,3.882,0,0
2022-04-21T12:00:00,917.0,130.0,1023.0,13.19,13.631,11.48,37.014,865.44,25.8,52.85,4033.4,4.0334,0,0
2022-04-21T13:00:00,888.0,146.0,994.0,17.37,17.709,316.871,38.44,843.82,25.9,52.27,3941.41,3.9414,0,0
2022-04-21T14:00:00,135.0,467.0,585.0,28.82,29.045,292.466,43.492,549.81,26.0,43.18,2658.41,2.6584,3,0
2022-04-21T15:00:00,258.0,402.0,594.0,41.91,42.092,280.661,50.98,552.19,26.1,43.36,2668.2,2.6682,3,0
2022-04-21T16:00:00,39.0,276.0,298.0,55.41,55.591,272.892,59.886,286.21,25.9,34.84,1427.01,1.427,3,0
2022-04-21T17:00:00,318.0,155.0,269.0,68.98,69.183,266.566,69.487,262.06,25.7,33.89,1311.11,1.3111,7,0
2022-04-21T18:00:00,0.0,34.0,34.0,82.4,82.691,260.589,79.237,32.82,25.2,26.23,168.77,0.1688,3,7
2022-04-21T19:00:00,0.0,0.0,0.0,95.75,95.96,0.0,119.75,0.0,24.9,24.9,0.0,0.0,8,0
2022-04-21T20:00:00,0.0,0.0,0.0,108.53,108.786,0.0,132.53,0.0,24.8,24.8,0.0,0.0,3,0
2022-04-21T21:00:00,0.0,0.0,0.0,120.51,120.832,0.0,144.51,0.0,24.7,24.7,0.0,0.0,8,0
2022-04-21T22:00:00,0.0,0.0,0.0,131.07,131.477,0.0,155.07,0.0,24.7,24.7,0.0,0.0,8,0
2022-04-21T23:00:00,0.0,0.0,0.0,139.05,139.57,0.0,163.05,0.0,24.6,24.6,0.0,0.0,8,0
2022-04-22T00:00:00,0.0,0.0,0.0,142.76,143.018,0.0,166.76,0.0,24.6,24.6,0.0,0.0,4,0
2022-04-22T01:00:00,0.0,0.0,0.0,140.95,141.207,0.0,164.95,0.0,24.6,24.6,0.0,0.0,3,0
2022-04-22T02:00:00,0.0,0.0,0.0,134.27,134.502,0.0,158.27,0.0,24.6,24.6,0.0,0.0,3,0
2022-04-22T03:00:00,0.0,0.0,0.0,124.46,124.663,0.0,148.46,0.0,24.6,24.6,0.0,0.0,7,0
2022-04-22T04:00:00,0.0,0.0,0.0,112.89,113.07,0.0,136.89,0.0,24.7,24.7,0.0,0.0,3,0
2022-04-22T05:00:00,0.0,0.0,0.0,100.34,100.505,0.0,124.34,0.0,24.7,24.7,0.0,0.0,3,0
2022-04-22T06:00:00,35.0,21.0,23.0,87.01,87.387,101.945,82.431,24.9,24.8,25.58,128.32,0.1283,1,0
2022-04-22T07:00:00,424.0,91.0,210.0,73.76,73.958,95.934,72.791,214.32,25.1,31.8,1080.39,1.0804,0,0
2022-04-22T08:00:00,625.0,127.0,438.0,60.21,60.383,89.865,63.061,408.45,25.4,38.16,2011.94,2.0119,0,0
2022-04-22T09:00:00,731.0,150.0,652.0,46.64,46.818,82.867,53.807,580.81,25.6,43.75,2802.34,2.8023,0,0
2022-04-22T10:00:00,788.0,166.0,825.0,33.31,33.514,73.145,45.678,716.53,25.8,48.19,3399.65,3.3996,0,0
2022-04-22T11:00:00,125.0,467.0,583.0,20.92,21.203,55.286,39.59,548.18,25.9,43.03,2652.03,2.652,2,0
2022-04-22T12:00:00,831.0,178.0,988.0,12.85,13.278,11.532,36.675,845.34,25.9,52.32,3947.77,3.9478,0,0
2022-04-22T13:00:00,816.0,182.0,961.0,17.15,17.474,315.998,38.126,824.35,25.9,51.66,3859.53,3.8595,0,0
2022-04-22T14:00:00,794.0,173.0,869.0,28.69,28.911,291.791,43.206,751.78,25.8,49.29,3551.95,3.5519,1,0
2022-04-22T15:00:00,124.0,411.0,503.0,41.82,41.996,280.153,50.728,476.08,25.7,40.58,2324.3,2.3243,3,0
2022-04-22T16:00:00,0.0,85.0,85.0,55.33,55.508,272.476,59.654,82.06,25.5,28.06,419.2,0.4192,3,0
2022-04-22T17:00:00,539.0,100.0,294.0,68.9,69.099,266.199,69.266,289.04,25.3,34.33,1443.78,1.4438,1,0
2022-04-22T18:00:00,1.0,53.0,53.0,82.31,82.597,260.246,79.016,51.36,24.9,26.5,263.8,0.2638,3,7
2022-04-22T19:00:00,0.0,0.0,0.0,95.64,95.848,0.0,119.64,0.0,24.6,24.6,0.0,0.0,3,0
2022-04-22T20:00:00,0.0,0.0,0.0,108.4,108.648,0.0,132.4,0.0,24.4,24.4,0.0,0.0,3,0
2022-04-22T21:00:00,0.0,0.0,0.0,120.34,120.656,0.0,144.34,0.0,24.3,24.3,0.0,0.0,7,0
2022-04-22T22:00:00,0.0,0.0,0.0,130.84,131.247,0.0,154.84,0.0,24.2,24.2,0.0,0.0,7,0
2022-04-22T23:00:00,0.0,0.0,0.0,138.77,139.276,0.0,162.77,0.0,24.2,24.2,0.0,0.0,6,0
2022-04-23T00:00:00,0.0,0.0,0.0,142.43,142.677,0.0,166.43,0.0,24.2,24.2,0.0,0.0,7,0
2022-04-23T01:00:00,0.0,0.0,0.0,140.62,140.862,0.0,164.62,0.0,24.2,24.2,0.0,0.0,3,0
2022-04-23T02:00:00,0.0,0.0,0.0,133.97,134.191,0.0,157.97,0.0,24.2,24.2,0.0,0.0,1,0
2022-04-23T03:00:00,0.0,0.0,0.0,124.2,124.393,0.0,148.2,0.0,24.1,24.1,0.0,0.0,0,0
2022-04-23T04:00:00,0.0,0.0,0.0,112.67,112.834,0.0,136.67,0.0,24.1,24.1,0.0,0.0,0,0
2022-04-23T05:00:00,0.0,0.0,0.0,100.14,100.294,0.0,124.14,0.0,24.0,24.0,0.0,0.0,0,0
2022-04-23T06:00:00,95.0,23.0,28.0,86.83,87.195,102.237,82.149,35.22,24.1,25.2,181.76,0.1818,0,0
2022-04-23T07:00:00,541.0,74.0,227.0,73.59,73.777,96.245,72.511,235.35,24.4,31.75,1186.56,1.1866,0,0
2022-04-23T08:00:00,737.0,98.0,466.0,60.04,60.206,90.212,62.772,434.99,24.6,38.19,2142.45,2.1425,0,0
2022-04-23T09:00:00,836.0,112.0,688.0,46.47,46.636,83.277,53.511,610.25,24.8,43.87,2943.05,2.9431,0,0
2022-04-23T10:00:00,886.0,123.0,865.0,33.12,33.31,73.661,45.364,747.66,25.1,48.46,3543.68,3.5437,0,0
2022-04-23T11:00:00,914.0,129.0,984.0,20.67,20.941,55.93,39.257,839.65,25.5,51.74,3929.98,3.93,0,0
2022-04-23T12:00:00,925.0,131.0,1033.0,12.52,12.928,11.594,36.346,879.31,25.7,53.18,4092.72,4.0927,0,0
2022-04-23T13:00:00,915.0,133.0,1008.0,16.93,17.245,315.115,37.811,858.85,25.9,52.74,4004.3,4.0043,0,0
2022-04-23T14:00:00,899.0,125.0,914.0,28.57,28.78,291.119,42.927,785.76,25.9,50.46,3696.0,3.696,0,0
2022-04-23T15:00:00,864.0,113.0,758.0,41.73,41.903,279.649,50.477,664.51,25.8,46.57,3172.36,3.1724,0,0
2022-04-23T16:00:00,798.0,97.0,552.0,55.25,55.425,272.064,59.424,503.51,25.6,41.33,2451.35,2.4513,0,0
2022-04-23T17:00:00,669.0,76.0,317.0,68.82,69.015,265.836,69.047,314.69,25.3,35.13,1567.35,1.5674,0,0
2022-04-23T18:00:00,360.0,42.0,90.0,82.22,82.503,259.906,78.797,110.91,24.8,28.27,566.16,0.5662,0,0
2022-04-23T19:00:00,0.0,0.0,0.0,95.53,95.737,0.0,119.53,0.0,24.5,24.5,0.0,0.0,0,0
2022-04-23T20:00:00,0.0,0.0,0.0,108.26,108.509,0.0,132.26,0.0,24.4,24.4,0.0,0.0,3,0
2022-04-23T21:00:00,0.0,0.0,0.0,120.17,120.478,0.0,144.17,0.0,24.3,24.3,0.0,0.0,1,0
2022-04-23T22:00:00,0.0,0.0,0.0,130.62,131.018,0.0,154.62,0.0,24.2,24.2,0.0,0.0,0,0
2022-04-23T23:00:00,0.0,0.0,0.0,138.49,138.984,0.0,162.49,0.0,24.0,24.0,0.0,0.0,0,0
2022-04-24T00:00:00,0.0,0.0,0.0,142.1,142.339,0.0,166.1,0.0,24.0,24.0,0.0,0.0,0,0
2022-04-24T01:00:00,0.0,0.0,0.0,140.29,140.521,0.0,164.29,0.0,23.9,23.9,0.0,0.0,0,0
2022-04-24T02:00:00,0.0,0.0,0.0,133.67,133.884,0.0,157.67,0.0,23.8,23.8,0.0,0.0,0,0
2022-04-24T03:00:00,0.0,0.0,0.0,123.94,124.126,0.0,147.94,0.0,23.8,23.8,0.0,0.0,0,0
2022-04-24T04:00:00,0.0,0.0,0.0,112.44,112.602,0.0,136.44,0.0,23.9,23.9,0.0,0.0,0,0
2022-04-24T05:00:00,0.0,0.0,0.0,99.95,100.087,0.0,123.95,0.0,23.9,23.9,0.0,0.0,0,0
2022-04-24T06:00:00,161.0,22.0,31.0,86.66,87.006,102.527,81.877,44.07,24.3,25.68,227.01,0.227,0,0
2022-04-24T07:00:00,585.0,64.0,231.0,73.42,73.6,96.554,72.231,241.76,24.8,32.36,1216.26,1.2163,0,0
2022-04-24T08:00:00,759.0,85.0,466.0,59.88,60.034,90.557,62.493,435.9,25.3,38.92,2141.2,2.1412,0,0
2022-04-24T09:00:00,845.0,97.0,681.0,46.3,46.458,83.686,53.215,604.69,25.7,44.6,2908.3,2.9083,0,0
2022-04-24T10:00:00,405.0,300.0,640.0,32.93,33.112,74.177,45.051,578.69,26.0,44.08,2788.62,2.7886,7,0
2022-04-24T11:00:00,213.0,465.0,665.0,20.43,20.686,56.586,38.931,616.34,26.2,45.46,2954.71,2.9547,7,0
2022-04-24T12:00:00,474.0,318.0,781.0,12.18,12.583,11.665,36.008,694.44,26.3,48.0,3297.25,3.2972,8,0
2022-04-24T13:00:00,917.0,114.0,993.0,16.72,17.02,314.223,37.504,845.12,26.4,52.81,3939.23,3.9392,1,0
2022-04-24T14:00:00,527.0,348.0,811.0,28.45,28.653,290.45,42.649,727.59,26.4,49.14,3439.68,3.4397,3,0
2022-04-24T15:00:00,845.0,110.0,742.0,41.64,41.81,279.15,50.227,652.25,26.4,46.78,3111.27,3.1113,1,0
2022-04-24T16:00:00,765.0,100.0,537.0,55.17,55.343,271.656,59.195,492.09,26.2,41.58,2393.6,2.3936,1,0
2022-04-24T17:00:00,629.0,80.0,308.0,68.73,68.931,265.477,68.82,306.46,25.9,35.48,1524.45,1.5244,1,0
2022-04-24T18:00:00,1.0,56.0,57.0,82.13,82.409,259.571,78.579,54.27,25.5,27.2,278.08,0.2781,3,7
2022-04-24T19:00:00,0.0,0.0,0.0,95.42,95.624,0.0,119.42,0.0,25.2,25.2,0.0,0.0,1,0
2022-04-24T20:00:00,0.0,0.0,0.0,108.12,108.37,0.0,132.12,0.0,25.0,25.0,0.0,0.0,0,0
2022-04-24T21:00:00,0.0,0.0,0.0,119.99,120.301,0.0,143.99,0.0,24.9,24.9,0.0,0.0,0,0
2022-04-24T22:00:00,0.0,0.0,0.0,130.4,130.788,0.0,154.4,0.0,24.7,24.7,0.0,0.0,0,0
2022-04-24T23:00:00,0.0,0.0,0.0,138.2,138.694,0.0,162.2,0.0,24.5,24.5,0.0,0.0,0,0
2022-04-25T00:00:00,0.0,0.0,0.0,141.78,142.005,0.0,165.78,0.0,24.4,24.4,0.0,0.0,3,0
2022-04-25T01:00:00,0.0,0.0,0.0,139.96,140.185,0.0,163.96,0.0,24.3,24.3,0.0,0.0,0,0
2022-04-25T02:00:00,0.0,0.0,0.0,133.38,133.581,0.0,157.38,0.0,24.2,24.2,0.0,0.0,0,0
2022-04-25T03:00:00,0.0,0.0,0.0,123.69,123.863,0.0,147.69,0.0,24.0,24.0,0.0,0.0,0,0
2022-04-25T04:00:00,0.0,0.0,0.0,112.22,112.372,0.0,136.22,0.0,24.0,24.0,0.0,0.0,0,0
2022-04-25T05:00:00,0.0,0.0,0.0,99.75,99.884,0.0,123.75,0.0,24.0,24.0,0.0,0.0,0,0
2022-04-25T06:00:00,184.0,22.0,34.0,86.49,86.821,102.815,81.606,48.2,24.4,25.91,248.11,0.2481,0,0
2022-04-25T07:00:00,606.0,62.0,237.0,73.26,73.426,96.861,71.961,249.02,24.9,32.68,1251.32,1.2513,0,0
2022-04-25T08:00:00,772.0,82.0,471.0,59.72,59.865,90.901,62.215,442.4,25.3,39.12,2171.5,2.1715,0,0
2022-04-25T09:00:00,856.0,94.0,688.0,46.14,46.286,84.093,52.928,611.89,25.7,44.82,2940.45,2.9405,0,0
2022-04-25T10:00:00,890.0,110.0,858.0,32.75,32.919,74.695,44.745,744.78,26.1,49.37,3517.78,3.5178,1,0
2022-04-25T11:00:00,1.0,340.0,341.0,20.2,20.437,57.252,38.613,329.03,26.3,36.58,1630.16,1.6302,3,0
2022-04-25T12:00:00,109.0,481.0,588.0,11.86,12.242,11.747,35.688,553.82,26.4,43.71,2672.55,2.6726,3,0
2022-04-25T13:00:00,210.0,507.0,708.0,16.51,16.801,313.322,37.196,658.49,26.4,46.98,3138.7,3.1387,3,0
2022-04-25T14:00:00,94.0,441.0,524.0,28.33,28.529,289.785,42.371,495.91,26.3,41.8,2410.22,2.4102,3,0
2022-04-25T15:00:00,849.0,108.0,743.0,41.55,41.72,278.655,49.978,655.73,26.1,46.59,3130.13,3.1301,0,0
2022-04-25T16:00:00,778.0,96.0,541.0,55.09,55.262,271.252,58.968,497.61,25.9,41.45,2421.57,2.4216,0,0
2022-04-25T17:00:00,641.0,77.0,311.0,68.65,68.847,265.122,68.604,310.2,25.7,35.39,1543.53,1.5435,0,1
2022-04-25T18:00:00,347.0,42.0,90.0,82.03,82.314,259.24,78.354,111.01,25.3,28.77,565.68,0.5657,0,0
2022-04-25T19:00:00,0.0,0.0,0.0,95.31,95.511,0.0,119.31,0.0,25.0,25.0,0.0,0.0,0,0
2022-04-25T20:00:00,0.0,0.0,0.0,107.98,108.23,0.0,131.98,0.0,24.9,24.9,0.0,0.0,0,0
2022-04-25T21:00:00,0.0,0.0,0.0,119.82,120.123,0.0,143.82,0.0,24.6,24.6,0.0,0.0,0,0
2022-04-25T22:00:00,0.0,0.0,0.0,130.17,130.56,0.0,154.17,0.0,24.4,24.4,0.0,0.0,0,0
2022-04-25T23:00:00,0.0,0.0,0.0,137.93,138.405,0.0,161.93,0.0,24.2,24.2,0.0,0.0,0,0
2022-04-26T00:00:00,0.0,0.0,0.0,141.46,141.674,0.0,165.46,0.0,24.0,24.0,0.0,0.0,0,0
2022-04-26T01:00:00,0.0,0.0,0.0,139.64,139.853,0.0,163.64,0.0,23.9,23.9,0.0,0.0,0,0
2022-04-26T02:00:00,0.0,0.0,0.0,133.09,133.281,0.0,157.09,0.0,23.8,23.8,0.0,0.0,0,0
2022-04-26T03:00:00,0.0,0.0,0.0,123.44,123.604,0.0,147.44,0.0,23.7,23.7,0.0,0.0,0,0
2022-04-26T04:00:00,0.0,0.0,0.0,112.01,112.147,0.0,136.01,0.0,23.6,23.6,0.0,0.0,0,0
2022-04-26T05:00:00,0.0,0.0,0.0,99.56,99.684,0.0,123.56,0.0,23.7,23.7,0.0,0.0,0,0
2022-04-26T06:00:00,161.0,24.0,34.0,86.33,86.639,103.1,81.346,47.48,24.1,25.58,244.69,0.2447,0,0
2022-04-26T07:00:00,578.0,70.0,238.0,73.1,73.257,97.166,71.692,250.59,24.5,32.33,1260.79,1.2608,0,0
2022-04-26T08:00:00,750.0,94.0,474.0,59.56,59.701,91.242,61.937,446.86,24.8,38.76,2196.32,2.1963,0,0
2022-04-26T09:00:00,840.0,109.0,692.0,45.98,46.118,84.499,52.642,619.98,25.2,44.57,2982.08,2.9821,0,0
2022-04-26T10:00:00,910.0,105.0,872.0,32.58,32.732,75.214,44.447,757.64,25.7,49.38,3578.49,3.5785,0,0
2022-04-26T11:00:00,935.0,110.0,989.0,19.97,20.195,57.93,38.292,847.64,26.0,52.49,3955.88,3.9559,0,0
2022-04-26T12:00:00,942.0,112.0,1035.0,11.53,11.905,11.841,35.359,884.35,26.4,54.04,4102.47,4.1025,0,0
2022-04-26T13:00:00,938.0,110.0,1011.0,16.3,16.587,312.413,36.886,864.23,26.6,53.61,4015.83,4.0158,0,0
2022-04-26T14:00:00,915.0,107.0,914.0,28.21,28.408,289.124,42.094,789.25,26.7,51.36,3699.42,3.6994,0,0
2022-04-26T15:00:00,873.0,102.0,757.0,41.46,41.631,278.166,49.731,668.42,26.7,47.59,3178.69,3.1787,0,0
2022-04-26T16:00:00,798.0,93.0,550.0,55.01,55.181,270.853,58.742,507.81,26.5,42.37,2462.82,2.4628,0,0
2022-04-26T17:00:00,659.0,76.0,317.0,68.57,68.764,264.771,68.39,318.15,26.1,36.04,1579.38,1.5794,0,0
2022-04-26T18:00:00,347.0,43.0,92.0,81.94,82.22,258.913,78.139,113.26,25.6,29.14,576.36,0.5764,0,0
2022-04-26T19:00:00,0.0,0.0,0.0,95.19,95.398,0.0,119.19,0.0,25.2,25.2,0.0,0.0,0,0
2022-04-26T20:00:00,0.0,0.0,0.0,107.84,108.09,0.0,131.84,0.0,24.9,24.9,0.0,0.0,1,0
2022-04-26T21:00:00,0.0,0.0,0.0,119.64,119.945,0.0,143.64,0.0,24.7,24.7,0.0,0.0,0,0
2022-04-26T22:00:00,0.0,0.0,0.0,129.95,130.331,0.0,153.95,0.0,24.5,24.5,0.0,0.0,0,0
2022-04-26T23:00:00,0.0,0.0,0.0,137.65,138.118,0.0,161.65,0.0,24.3,24.3,0.0,0.0,0,0
2022-04-27T00:00:00,0.0,0.0,0.0,141.14,141.346,0.0,165.14,0.0,24.1,24.1,0.0,0.0,0,0
2022-04-27T01:00:00,0.0,0.0,0.0,139.32,139.525,0.0,163.32,0.0,23.9,23.9,0.0,0.0,3,0
2022-04-27T02:00:00,0.0,0.0,0.0,132.81,132.986,0.0,156.81,0.0,23.7,23.7,0.0,0.0,1,0
2022-04-27T03:00:00,0.0,0.0,0.0,123.2,123.348,0.0,147.2,0.0,23.6,23.6,0.0,0.0,0,0
2022-04-27T04:00:00,0.0,0.0,0.0,111.79,111.925,0.0,135.79,0.0,23.5,23.5,0.0,0.0,0,0
2022-04-27T05:00:00,0.0,0.0,0.0,99.37,99.488,0.0,123.37,0.0,23.5,23.5,0.0,0.0,0,0
2022-04-27T06:00:00,172.0,25.0,37.0,86.16,86.461,103.382,81.077,50.92,24.0,25.59,262.38,0.2624,0,0
2022-04-27T07:00:00,579.0,73.0,243.0,72.94,73.092,97.468,71.425,256.39,24.4,32.41,1289.57,1.2896,0,0
2022-04-27T08:00:00,758.0,95.0,481.0,59.41,59.541,91.581,61.669,454.77,24.9,39.11,2232.32,2.2323,0,0
2022-04-27T09:00:00,851.0,109.0,702.0,45.83,45.956,84.903,52.365,630.0,25.4,45.09,3024.46,3.0245,0,0
2022-04-27T10:00:00,400.0,342.0,679.0,32.41,32.551,75.732,44.15,620.09,26.0,45.38,2973.64,2.9736,7,0
2022-04-27T11:00:00,922.0,124.0,992.0,19.75,19.96,58.617,37.979,853.97,26.5,53.19,3974.65,3.9746,1,0
2022-04-27T12:00:00,927.0,129.0,1038.0,11.21,11.572,11.947,35.039,891.39,26.9,54.76,4123.52,4.1235,0,0
2022-04-27T13:00:00,919.0,128.0,1011.0,16.1,16.378,311.497,36.584,869.15,27.1,54.26,4028.42,4.0284,0,0
2022-04-27T14:00:00,891.0,126.0,912.0,28.1,28.29,288.467,41.826,792.39,27.2,51.96,3705.59,3.7056,0,0
2022-04-27T15:00:00,549.0,227.0,639.0,41.38,41.543,277.681,49.493,579.31,27.0,45.1,2780.91,2.7809,8,0
2022-04-27T16:00:00,276.0,233.0,392.0,54.93,55.102,270.459,58.518,370.45,26.8,38.38,1823.38,1.8234,8,0
2022-04-27T17:00:00,102.0,170.0,208.0,68.48,68.68,264.424,68.169,202.38,26.6,32.92,1016.06,1.0161,7,0
2022-04-27T18:00:00,331.0,46.0,93.0,81.85,82.125,258.59,77.927,114.05,26.2,29.76,579.09,0.5791,0,0
2022-04-27T19:00:00,0.0,0.0,0.0,95.08,95.285,0.0,119.08,0.0,25.9,25.9,0.0,0.0,7,0
2022-04-27T20:00:00,0.0,0.0,0.0,107.7,107.95,0.0,131.7,0.0,25.7,25.7,0.0,0.0,0,0
2022-04-27T21:00:00,0.0,0.0,0.0,119.47,119.767,0.0,143.47,0.0,25.4,25.4,0.0,0.0,0,0
2022-04-27T22:00:00,0.0,0.0,0.0,129.73,130.104,0.0,153.73,0.0,25.2,25.2,0.0,0.0,0,0
2022-04-27T23:00:00,0.0,0.0,0.0,137.37,137.833,0.0,161.37,0.0,24.9,24.9,0.0,0.0,0,0
2022-04-28T00:00:00,0.0,0.0,0.0,140.83,141.023,0.0,164.83,0.0,24.6,24.6,0.0,0.0,0,0
2022-04-28T01:00:00,0.0,0.0,0.0,139.01,139.201,0.0,163.01,0.0,24.4,24.4,0.0,0.0,0,0
2022-04-28T02:00:00,0.0,0.0,0.0,132.53,132.695,0.0,156.53,0.0,24.3,24.3,0.0,0.0,0,0
2022-04-28T03:00:00,0.0,0.0,0.0,122.95,123.096,0.0,146.95,0.0,24.1,24.1,0.0,0.0,0,0
2022-04-28T04:00:00,0.0,0.0,0.0,111.59,111.706,0.0,135.59,0.0,24.1,24.1,0.0,0.0,0,0
2022-04-28T05:00:00,0.0,0.0,0.0,99.19,99.295,0.0,123.19,0.0,24.0,24.0,0.0,0.0,0,0
2022-04-28T06:00:00,207.0,25.0,39.0,86.0,86.288,103.662,80.818,57.29,24.4,26.19,294.58,0.2946,0,0
2022-04-28T07:00:00,604.0,66.0,245.0,72.79,72.93,97.768,71.167,260.24,24.8,32.93,1306.52,1.3065,0,0
2022-04-28T08:00:00,770.0,87.0,481.0,59.27,59.386,91.918,61.411,455.86,25.2,39.45,2234.92,2.2349,0,0
2022-04-28T09:00:00,857.0,99.0,698.0,45.68,45.798,85.306,52.088,627.34,25.6,45.2,3010.33,3.0103,0,0
2022-04-28T10:00:00,923.0,95.0,875.0,32.24,32.376,76.252,43.852,764.06,26.1,49.98,3600.51,3.6005,0,0
2022-04-28T11:00:00,946.0,99.0,991.0,19.54,19.731,59.315,37.673,852.06,26.5,53.13,3966.67,3.9667,0,0
2022-04-28T12:00:00,952.0,102.0,1036.0,10.9,11.244,12.067,34.729,888.95,26.9,54.68,4113.48,4.1135,1,0
2022-04-28T13:00:00,937.0,107.0,1008.0,15.91,16.175,310.574,36.29,866.34,27.1,54.17,4016.78,4.0168,0,0
2022-04-28T14:00:00,914.0,105.0,913.0,27.99,28.175,287.815,41.558,792.29,27.2,51.96,3705.14,3.7051,0,0
2022-04-28T15:00:00,872.0,100.0,755.0,41.29,41.457,277.202,49.249,671.42,27.2,48.18,3185.75,3.1858,0,0
2022-04-28T16:00:00,803.0,88.0,550.0,54.85,55.022,270.069,58.295,510.96,26.9,42.87,2473.49,2.4735,0,0
2022-04-28T17:00:00,674.0,71.0,320.0,68.4,68.597,264.083,67.958,323.64,26.6,36.71,1602.68,1.6027,0,0
2022-04-28T18:00:00,385.0,41.0,96.0,81.75,82.03,258.272,77.707,122.03,26.2,30.01,619.06,0.6191,0,0
2022-04-28T19:00:00,0.0,0.0,0.0,94.97,95.171,0.0,118.97,0.0,25.9,25.9,0.0,0.0,0,0
2022-04-28T20:00:00,0.0,0.0,0.0,107.57,107.809,0.0,131.57,0.0,25.6,25.6,0.0,0.0,0,0
2022-04-28T21:00:00,0.0,0.0,0.0,119.29,119.59,0.0,143.29,0.0,25.4,25.4,0.0,0.0,0,0
2022-04-28T22:00:00,0.0,0.0,0.0,129.51,129.877,0.0,153.51,0.0,25.2,25.2,0.0,0.0,0,0
2022-04-28T23:00:00,0.0,0.0,0.0,137.1,137.551,0.0,161.1,0.0,24.9,24.9,0.0,0.0,0,0
2022-04-29T00:00:00,0.0,0.0,0.0,140.52,140.703,0.0,164.52,0.0,24.6,24.6,0.0,0.0,0,0
2022-04-29T01:00:00,0.0,0.0,0.0,138.7,138.882,0.0,162.7,0.0,24.4,24.4,0.0,0.0,0,0
2022-04-29T02:00:00,0.0,0.0,0.0,132.25,132.409,0.0,156.25,0.0,24.2,24.2,0.0,0.0,0,0
2022-04-29T03:00:00,0.0,0.0,0.0,122.72,122.848,0.0,146.72,0.0,24.0,24.0,0.0,0.0,0,0
2022-04-29T04:00:00,0.0,0.0,0.0,111.38,111.492,0.0,135.38,0.0,23.9,23.9,0.0,0.0,0,0
2022-04-29T05:00:00,0.0,0.0,0.0,99.01,99.106,0.0,123.01,0.0,24.0,24.0,0.0,0.0,0,0
2022-04-29T06:00:00,209.0,25.0,40.0,85.85,86.118,103.94,80.57,58.51,24.6,26.43,300.61,0.3006,0,0
2022-04-29T07:00:00,586.0,67.0,242.0,72.64,72.773,98.066,70.91,257.85,25.1,33.16,1293.44,1.2934,0,0
2022-04-29T08:00:00,742.0,91.0,471.0,59.13,59.235,92.253,61.154,449.12,25.6,39.63,2200.35,2.2004,0,0
2022-04-29T09:00:00,829.0,104.0,684.0,45.54,45.645,85.706,51.821,617.84,26.0,45.31,2963.61,2.9636,0,0
2022-04-29T10:00:00,870.0,116.0,853.0,32.09,32.207,76.77,43.571,748.69,26.4,49.8,3530.53,3.5305,0,0
2022-04-29T11:00:00,893.0,123.0,966.0,19.33,19.51,60.023,37.366,835.77,26.7,52.82,3895.52,3.8955,0,0
2022-04-29T12:00:00,898.0,127.0,1010.0,10.59,10.92,12.201,34.419,871.02,26.8,54.02,4040.92,4.0409,0,0
2022-04-29T13:00:00,933.0,97.0,995.0,15.72,15.977,309.645,35.995,856.27,26.8,53.56,3979.6,3.9796,0,0
2022-04-29T14:00:00,911.0,96.0,901.0,27.88,28.064,287.169,41.291,784.13,26.8,51.3,3676.29,3.6763,0,0
2022-04-29T15:00:00,874.0,90.0,747.0,41.21,41.372,276.728,49.015,665.8,26.7,47.51,3167.18,3.1672,0,0
2022-04-29T16:00:00,809.0,80.0,547.0,54.77,54.943,269.684,58.074,509.09,26.5,42.41,2468.61,2.4686,0,0
2022-04-29T17:00:00,690.0,64.0,319.0,68.32,68.513,263.746,67.749,325.27,26.2,36.36,1612.79,1.6128,0,0
2022-04-29T18:00:00,424.0,37.0,98.0,81.66,81.934,257.959,77.499,128.03,25.7,29.7,650.23,0.6502,0,0
2022-04-29T19:00:00,0.0,0.0,0.0,94.85,95.057,0.0,118.85,0.0,25.3,25.3,0.0,0.0,0,0
2022-04-29T20:00:00,0.0,0.0,0.0,107.43,107.668,0.0,131.43,0.0,25.0,25.0,0.0,0.0,1,0
2022-04-29T21:00:00,0.0,0.0,0.0,119.12,119.412,0.0,143.12,0.0,24.8,24.8,0.0,0.0,0,0
2022-04-29T22:00:00,0.0,0.0,0.0,129.29,129.651,0.0,153.29,0.0,24.7,24.7,0.0,0.0,0,0
2022-04-29T23:00:00,0.0,0.0,0.0,136.83,137.271,0.0,160.83,0.0,24.5,24.5,0.0,0.0,0,0
2022-04-30T00:00:00,0.0,0.0,0.0,140.21,140.388,0.0,164.21,0.0,24.4,24.4,0.0,0.0,0,0
2022-04-30T01:00:00,0.0,0.0,0.0,138.4,138.568,0.0,162.4,0.0,24.3,24.3,0.0,0.0,0,0
2022-04-30T02:00:00,0.0,0.0,0.0,131.98,132.126,0.0,155.98,0.0,24.2,24.2,0.0,0.0,0,0
2022-04-30T03:00:00,0.0,0.0,0.0,122.48,122.605,0.0,146.48,0.0,24.2,24.2,0.0,0.0,0,0
2022-04-30T04:00:00,0.0,0.0,0.0,111.18,111.281,0.0,135.18,0.0,24.2,24.2,0.0,0.0,0,0
2022-04-30T05:00:00,0.0,0.0,0.0,98.83,98.922,0.0,122.83,0.0,24.3,24.3,0.0,0.0,1,0
2022-04-30T06:00:00,194.0,26.0,41.0,85.7,85.952,104.214,80.323,57.84,24.8,26.61,296.99,0.297,0,0
2022-04-30T07:00:00,574.0,68.0,241.0,72.5,72.62,98.36,70.664,257.2,25.3,33.34,1289.37,1.2894,0,0
2022-04-30T08:00:00,740.0,89.0,470.0,58.99,59.089,92.584,60.898,449.13,25.6,39.64,2200.39,2.2004,0,0
2022-04-30T09:00:00,827.0,102.0,683.0,45.4,45.498,86.104,51.554,617.7,26.0,45.3,2962.99,2.963,0,0
2022-04-30T10:00:00,0.0,213.0,213.0,31.93,32.044,77.289,43.282,205.63,26.5,32.93,1032.39,1.0324,3,0
2022-04-30T11:00:00,2.0,354.0,357.0,19.13,19.296,60.74,37.066,343.38,26.9,37.63,1694.74,1.6947,2,0
2022-04-30T12:00:00,934.0,101.0,1021.0,10.28,10.601,12.352,34.109,878.79,27.2,54.66,4066.74,4.0667,0,0
2022-04-30T13:00:00,892.0,129.0,988.0,15.53,15.784,308.711,35.7,856.35,27.4,54.16,3970.64,3.9706,0,0
2022-04-30T14:00:00,870.0,125.0,895.0,27.78,27.954,286.528,41.034,783.6,27.5,51.99,3664.1,3.6641,0,0
2022-04-30T15:00:00,830.0,117.0,742.0,41.13,41.289,276.26,48.782,665.27,27.4,48.19,3156.46,3.1565,0,0
2022-04-30T16:00:00,755.0,104.0,540.0,54.7,54.865,269.305,57.864,505.78,27.1,42.91,2448.04,2.448,0,0
2022-04-30T17:00:00,617.0,84.0,313.0,68.24,68.43,263.413,67.542,318.77,26.7,36.66,1578.86,1.5789,0,0
2022-04-30T18:00:00,327.0,47.0,95.0,81.56,81.839,257.65,77.283,117.77,26.2,29.88,597.77,0.5978,0,0
2022-04-30T19:00:00,0.0,0.0,0.0,94.74,94.942,0.0,118.74,0.0,25.8,25.8,0.0,0.0,0,0
2022-04-30T20:00:00,0.0,0.0,0.0,107.29,107.527,0.0,131.29,0.0,25.6,25.6,0.0,0.0,0,0
2022-04-30T21:00:00,0.0,0.0,0.0,118.94,119.234,0.0,142.94,0.0,25.4,25.4,0.0,0.0,0,0
2022-04-30T22:00:00,0.0,0.0,0.0,129.07,129.426,0.0,153.07,0.0,25.3,25.3,0.0,0.0,0,0
2022-04-30T23:00:00,0.0,0.0,0.0,136.56,136.993,0.0,160.56,0.0,25.2,25.2,0.0,0.0,0,0
2022-05-01T00:00:00,0.0,0.0,0.0,139.91,140.076,0.0,163.91,0.0,25.1,25.1,0.0,0.0,0,0
2022-05-01T01:00:00,0.0,0.0,0.0,138.1,138.258,0.0,162.1,0.0,25.0,25.0,0.0,0.0,0,0
2022-05-01T02:00:00,0.0,0.0,0.0,131.71,131.849,0.0,155.71,0.0,25.0,25.0,0.0,0.0,0,0
2022-05-01T03:00:00,0.0,0.0,0.0,122.25,122.365,0.0,146.25,0.0,25.0,25.0,0.0,0.0,0,0
2022-05-01T04:00:00,0.0,0.0,0.0,110.98,111.075,0.0,134.98,0.0,25.0,25.0,0.0,0.0,0,0
2022-05-01T05:00:00,0.0,0.0,0.0,98.66,98.741,0.0,122.66,0.0,24.9,24.9,0.0,0.0,0,0
2022-05-01T06:00:00,240.0,26.0,44.0,85.55,85.79,104.486,80.077,66.61,25.4,27.48,340.98,0.341,0,0
2022-05-01T07:00:00,633.0,61.0,252.0,72.36,72.471,98.652,70.419,272.69,25.8,34.32,1362.16,1.3622,0,0
2022-05-01T08:00:00,790.0,77.0,485.0,58.86,58.947,92.914,60.652,465.06,26.0,40.53,2270.88,2.2709,0,0
2022-05-01T09:00:00,869.0,86.0,698.0,45.27,45.356,86.5,51.297,631.69,26.2,45.94,3022.8,3.0228,0,0
2022-05-01T10:00:00,906.0,96.0,866.0,31.79,31.887,77.806,43.01,761.84,26.5,50.31,3585.5,3.5855,1,0
2022-05-01T11:00:00,928.0,101.0,978.0,18.93,19.089,61.465,36.764,848.51,26.9,53.42,3945.75,3.9457,0,0
2022-05-01T12:00:00,935.0,103.0,1024.0,9.98,10.287,12.52,33.808,884.3,27.1,54.73,4091.09,4.0911,0,0
2022-05-01T13:00:00,918.0,110.0,995.0,15.35,15.596,307.772,35.412,862.02,27.3,54.24,3995.76,3.9958,0,0
2022-05-01T14:00:00,896.0,108.0,901.0,27.67,27.848,285.892,40.769,789.7,27.4,52.08,3691.37,3.6914,0,0
2022-05-01T15:00:00,854.0,103.0,747.0,41.05,41.207,275.797,48.551,670.32,27.4,48.35,3178.5,3.1785,0,0
2022-05-01T16:00:00,782.0,92.0,545.0,54.62,54.787,268.931,57.647,511.21,27.2,43.18,2471.82,2.4718,0,0
2022-05-01T17:00:00,649.0,75.0,317.0,68.15,68.347,263.086,67.328,324.66,26.9,37.05,1605.76,1.6058,0,0
2022-05-01T18:00:00,361.0,44.0,97.0,81.47,81.743,257.346,77.078,123.66,26.5,30.36,626.58,0.6266,0,0
2022-05-01T19:00:00,0.0,0.0,0.0,94.63,94.828,0.0,118.63,0.0,26.2,26.2,0.0,0.0,0,0
2022-05-01T20:00:00,0.0,0.0,0.0,107.15,107.385,0.0,131.15,0.0,26.0,26.0,0.0,0.0,0,0
2022-05-01T21:00:00,0.0,0.0,0.0,118.77,119.057,0.0,142.77,0.0,25.9,25.9,0.0,0.0,0,0
2022-05-01T22:00:00,0.0,0.0,0.0,128.85,129.203,0.0,152.85,0.0,25.7,25.7,0.0,0.0,0,0
2022-05-01T23:00:00,0.0,0.0,0.0,136.29,136.718,0.0,160.29,0.0,25.5,25.5,0.0,0.0,0,0
2022-05-02T00:00:00,0.0,0.0,0.0,139.61,139.769,0.0,163.61,0.0,25.4,25.4,0.0,0.0,0,0
2022-05-02T01:00:00,0.0,0.0,0.0,137.8,137.954,0.0,161.8,0.0,25.3,25.3,0.0,0.0,0,0
2022-05-02T02:00:00,0.0,0.0,0.0,131.45,131.576,0.0,155.45,0.0,25.1,25.1,0.0,0.0,1,0
2022-05-02T03:00:00,0.0,0.0,0.0,122.02,122.13,0.0,146.02,0.0,25.0,25.0,0.0,0.0,0,0
2022-05-02T04:00:00,0.0,0.0,0.0,110.79,110.873,0.0,134.79,0.0,25.0,25.0,0.0,0.0,0,0
2022-05-02T05:00:00,0.0,0.0,0.0,98.49,98.564,0.0,122.49,0.0,25.1,25.1,0.0,0.0,1,0
2022-05-02T06:00:00,152.0,30.0,42.0,85.4,85.632,104.755,79.833,55.9,25.5,27.25,286.37,0.2864,0,0
2022-05-02T07:00:00,528.0,79.0,240.0,72.22,72.327,98.941,70.174,256.74,25.9,33.92,1284.32,1.2843,0,0
2022-05-02T08:00:00,701.0,105.0,469.0,58.73,58.81,93.24,60.407,450.7,26.3,40.38,2201.99,2.202,0,0
2022-05-02T09:00:00,796.0,119.0,680.0,45.14,45.218,86.892,51.041,620.23,26.6,45.98,2967.52,2.9675,0,0
2022-05-02T10:00:00,851.0,127.0,851.0,31.65,31.736,78.322,42.737,753.9,26.9,50.46,3546.07,3.5461,0,0
2022-05-02T11:00:00,880.0,130.0,963.0,18.75,18.889,62.198,36.478,840.3,27.2,53.46,3906.89,3.9069,0,0
2022-05-02T12:00:00,108.0,479.0,585.0,9.68,9.978,12.707,33.507,553.4,27.4,44.69,2660.67,2.6607,3,0
2022-05-02T13:00:00,158.0,472.0,624.0,15.18,15.414,306.829,35.132,586.21,27.5,45.82,2806.46,2.8065,3,0
2022-05-02T14:00:00,444.0,380.0,774.0,27.57,27.744,285.264,40.514,707.82,27.6,49.72,3338.77,3.3388,3,0
2022-05-02T15:00:00,848.0,103.0,744.0,40.97,41.125,275.341,48.321,668.86,27.5,48.4,3170.93,3.1709,1,0
2022-05-02T16:00:00,778.0,92.0,544.0,54.54,54.71,268.562,57.432,511.52,27.3,43.28,2472.32,2.4723,0,0
2022-05-02T17:00:00,649.0,75.0,317.0,68.07,68.264,262.763,67.125,326.77,26.9,37.11,1615.85,1.6159,0,0
2022-05-02T18:00:00,357.0,44.0,98.0,81.38,81.647,257.047,76.876,124.01,26.5,30.38,628.3,0.6283,1,0
2022-05-02T19:00:00,0.0,0.0,0.0,94.51,94.713,0.0,118.51,0.0,26.2,26.2,0.0,0.0,3,0
2022-05-02T20:00:00,0.0,0.0,0.0,107.01,107.244,0.0,131.01,0.0,26.0,26.0,0.0,0.0,3,0
2022-05-02T21:00:00,0.0,0.0,0.0,118.59,118.88,0.0,142.59,0.0,25.9,25.9,0.0,0.0,0,0
2022-05-02T22:00:00,0.0,0.0,0.0,128.63,128.98,0.0,152.63,0.0,25.8,25.8,0.0,0.0,0,0
2022-05-02T23:00:00,0.0,0.0,0.0,136.03,136.445,0.0,160.03,0.0,25.7,25.7,0.0,0.0,0,0
2022-05-03T00:00:00,0.0,0.0,0.0,139.31,139.466,0.0,163.31,0.0,25.6,25.6,0.0,0.0,1,0
2022-05-03T01:00:00,0.0,0.0,0.0,137.51,137.654,0.0,161.51,0.0,25.5,25.5,0.0,0.0,0,0
2022-05-03T02:00:00,0.0,0.0,0.0,131.19,131.307,0.0,155.19,0.0,25.4,25.4,0.0,0.0,7,0
2022-05-03T03:00:00,0.0,0.0,0.0,121.8,121.899,0.0,145.8,0.0,25.3,25.3,0.0,0.0,7,0
2022-05-03T04:00:00,0.0,0.0,0.0,110.6,110.674,0.0,134.6,0.0,25.2,25.2,0.0,0.0,1,0
2022-05-03T05:00:00,0.0,0.0,0.0,98.33,98.391,0.0,122.33,0.0,25.2,25.2,0.0,0.0,0,0
2022-05-03T06:00:00,125.0,32.0,42.0,85.26,85.478,105.021,79.599,53.55,25.5,27.17,274.4,0.2744,0,0
2022-05-03T07:00:00,306.0,135.0,229.0,72.09,72.187,99.227,69.941,236.1,25.9,33.28,1183.84,1.1838,8,0
2022-05-03T08:00:00,681.0,111.0,466.0,58.6,58.678,93.563,60.163,449.06,26.2,40.23,2195.18,2.1952,0,0
2022-05-03T09:00:00,210.0,374.0,522.0,45.02,45.086,87.282,50.794,495.09,26.5,41.97,2404.65,2.4047,3,0
2022-05-03T10:00:00,894.0,97.0,859.0,31.51,31.591,78.836,42.466,759.72,26.9,50.64,3570.94,3.5709,0,0
2022-05-03T11:00:00,919.0,100.0,971.0,18.57,18.697,62.939,36.191,845.75,27.4,53.83,3926.58,3.9266,0,0
2022-05-03T12:00:00,930.0,101.0,1018.0,9.39,9.674,12.913,33.215,883.49,27.8,55.41,4076.58,4.0766,1,0
2022-05-03T13:00:00,843.0,94.0,908.0,15.01,15.237,305.884,34.852,789.58,28.2,52.87,3679.42,3.6794,7,0
2022-05-03T14:00:00,1.0,175.0,176.0,27.47,27.643,284.642,40.26,169.72,28.5,33.8,849.39,0.8494,6,0
2022-05-03T15:00:00,0.0,23.0,23.0,40.89,41.046,274.891,48.094,22.2,28.6,29.29,112.94,0.1129,6,0
2022-05-03T16:00:00,43.0,236.0,261.0,54.47,54.633,268.198,57.228,251.33,28.4,36.25,1246.69,1.2467,6,0
2022-05-03T17:00:00,0.0,54.0,55.0,67.99,68.18,262.446,66.925,52.14,28.2,29.83,264.69,0.2647,7,0
2022-05-03T18:00:00,24.0,65.0,69.0,81.28,81.551,256.753,76.666,68.32,27.8,29.94,346.7,0.3467,8,7
2022-05-03T19:00:00,0.0,0.0,0.0,94.4,94.598,0.0,118.4,0.0,27.4,27.4,0.0,0.0,0,0
2022-05-03T20:00:00,0.0,0.0,0.0,106.87,107.103,0.0,130.87,0.0,27.0,27.0,0.0,0.0,1,0
2022-05-03T21:00:00,0.0,0.0,0.0,118.42,118.704,0.0,142.42,0.0,26.6,26.6,0.0,0.0,0,0
2022-05-03T22:00:00,0.0,0.0,0.0,128.42,128.76,0.0,152.42,0.0,26.2,26.2,0.0,0.0,0,0
2022-05-03T23:00:00,0.0,0.0,0.0,135.77,136.176,0.0,159.77,0.0,26.0,26.0,0.0,0.0,0,0
2022-05-04T00:00:00,0.0,0.0,0.0,139.02,139.168,0.0,163.02,0.0,25.8,25.8,0.0,0.0,0,0
2022-05-04T01:00:00,0.0,0.0,0.0,137.23,137.359,0.0,161.23,0.0,25.7,25.7,0.0,0.0,7,0
2022-05-04T02:00:00,0.0,0.0,0.0,130.93,131.044,0.0,154.93,0.0,25.6,25.6,0.0,0.0,7,0
2022-05-04T03:00:00,0.0,0.0,0.0,121.58,121.673,0.0,145.58,0.0,25.5,25.5,0.0,0.0,7,0
2022-05-04T04:00:00,0.0,0.0,0.0,110.41,110.48,0.0,134.41,0.0,25.4,25.4,0.0,0.0,8,0
2022-05-04T05:00:00,0.0,0.0,0.0,98.17,98.223,0.0,122.17,0.0,25.3,25.3,0.0,0.0,8,0
2022-05-04T06:00:00,2.0,33.0,33.0,85.12,85.329,105.283,79.366,32.23,25.3,26.31,165.66,0.1657,8,7
2022-05-04T07:00:00,201.0,148.0,210.0,71.96,72.051,99.51,69.708,213.13,25.4,32.06,1073.33,1.0733,8,0
2022-05-04T08:00:00,0.0,71.0,71.0,58.48,58.55,93.883,59.929,68.54,25.5,27.64,350.67,0.3507,6,0
2022-05-04T09:00:00,219.0,310.0,465.0,44.9,44.959,87.669,50.549,439.78,25.7,39.44,2156.1,2.1561,7,0
2022-05-04T10:00:00,673.0,212.0,787.0,31.38,31.452,79.348,42.203,708.18,26.1,48.23,3359.54,3.3595,7,0
2022-05-04T11:00:00,856.0,143.0,955.0,18.4,18.512,63.686,35.911,838.37,26.4,52.6,3910.97,3.911,0,0
2022-05-04T12:00:00,862.0,147.0,999.0,9.1,9.374,13.142,32.923,872.85,26.5,53.78,4053.22,4.0532,0,0
2022-05-04T13:00:00,875.0,134.0,979.0,14.84,15.064,304.937,34.572,857.16,26.5,53.29,3987.96,3.988,0,0
2022-05-04T14:00:00,854.0,129.0,887.0,27.38,27.544,284.027,40.016,785.15,26.4,50.94,3686.26,3.6863,0,0
2022-05-04T15:00:00,274.0,323.0,531.0,40.81,40.967,274.448,47.869,497.44,26.2,41.74,2418.1,2.4181,7,0
2022-05-04T16:00:00,0.0,13.0,13.0,54.39,54.556,267.84,57.017,12.55,26.1,26.49,64.47,0.0645,6,0
2022-05-04T17:00:00,614.0,83.0,314.0,67.9,68.097,262.133,66.717,324.83,26.2,36.35,1610.69,1.6107,0,0
2022-05-04T18:00:00,345.0,46.0,99.0,81.19,81.455,256.464,76.468,125.6,26.1,30.02,637.14,0.6371,0,0
2022-05-04T19:00:00,0.0,0.0,0.0,94.28,94.483,0.0,118.28,0.0,26.1,26.1,0.0,0.0,0,0
2022-05-04T20:00:00,0.0,0.0,0.0,106.73,106.962,0.0,130.73,0.0,26.2,26.2,0.0,0.0,1,0
2022-05-04T21:00:00,0.0,0.0,0.0,118.25,118.528,0.0,142.25,0.0,26.4,26.4,0.0,0.0,0,0
2022-05-04T22:00:00,0.0,0.0,0.0,128.2,128.54,0.0,152.2,0.0,26.4,26.4,0.0,0.0,7,0
2022-05-04T23:00:00,0.0,0.0,0.0,135.51,135.909,0.0,159.51,0.0,26.2,26.2,0.0,0.0,1,0
2022-05-05T00:00:00,0.0,0.0,0.0,138.74,138.874,0.0,162.74,0.0,26.1,26.1,0.0,0.0,0,0
2022-05-05T01:00:00,0.0,0.0,0.0,136.95,137.07,0.0,160.95,0.0,26.0,26.0,0.0,0.0,0,0
2022-05-05T02:00:00,0.0,0.0,0.0,130.68,130.785,0.0,154.68,0.0,25.8,25.8,0.0,0.0,0,0
2022-05-05T03:00:00,0.0,0.0,0.0,121.37,121.451,0.0,145.37,0.0,25.7,25.7,0.0,0.0,0,0
2022-05-05T04:00:00,0.0,0.0,0.0,110.23,110.291,0.0,134.23,0.0,25.6,25.6,0.0,0.0,0,0
2022-05-05T05:00:00,0.0,0.0,0.0,98.01,98.058,0.0,122.01,0.0,25.6,25.6,0.0,0.0,0,0
2022-05-05T06:00:00,220.0,29.0,48.0,84.99,85.184,105.543,79.143,69.6,25.9,28.07,355.52,0.3555,0,0
2022-05-05T07:00:00,569.0,71.0,249.0,71.84,71.919,99.79,69.486,269.48,26.1,34.52,1345.17,1.3452,0,0
2022-05-05T08:00:00,724.0,96.0,475.0,58.37,58.427,94.199,59.705,461.18,26.3,40.71,2250.46,2.2505,0,0
2022-05-05T09:00:00,806.0,111.0,683.0,44.79,44.838,88.052,50.313,626.82,26.7,46.29,2995.56,2.9956,0,0
2022-05-05T10:00:00,886.0,102.0,859.0,31.26,31.319,79.857,41.948,763.98,27.1,50.97,3586.35,3.5864,1,0
2022-05-05T11:00:00,136.0,424.0,554.0,18.23,18.335,64.438,35.63,521.0,27.5,43.78,2513.47,2.5135,7,7
2022-05-05T12:00:00,925.0,105.0,1018.0,8.82,9.081,13.394,32.64,888.18,27.8,55.56,4095.86,4.0959,1,0
2022-05-05T13:00:00,0.0,189.0,189.0,14.68,14.897,303.989,34.3,182.46,28.1,33.8,913.17,0.9132,3,0
2022-05-05T14:00:00,1.0,283.0,284.0,27.28,27.448,283.419,39.765,273.99,28.2,36.76,1356.57,1.3566,3,0
2022-05-05T15:00:00,0.0,112.0,112.0,40.73,40.889,274.011,47.645,108.13,28.1,31.48,545.68,0.5457,3,0
2022-05-05T16:00:00,0.0,24.0,24.0,54.31,54.48,267.488,56.809,23.17,27.9,28.62,118.13,0.1181,4,0
2022-05-05T17:00:00,667.0,72.0,324.0,67.82,68.014,261.826,66.52,337.44,27.7,38.24,1661.68,1.6617,0,0
2022-05-05T18:00:00,397.0,42.0,104.0,81.09,81.359,256.18,76.262,135.36,27.4,31.63,682.76,0.6828,0,0
2022-05-05T19:00:00,0.0,0.0,0.0,94.17,94.367,0.0,118.17,0.0,27.0,27.0,0.0,0.0,1,0
2022-05-05T20:00:00,0.0,0.0,0.0,106.59,106.821,0.0,130.59,0.0,26.8,26.8,0.0,0.0,0,0
2022-05-05T21:00:00,0.0,0.0,0.0,118.08,118.353,0.0,142.08,0.0,26.7,26.7,0.0,0.0,0,0
2022-05-05T22:00:00,0.0,0.0,0.0,127.99,128.322,0.0,151.99,0.0,26.6,26.6,0.0,0.0,0,0
2022-05-05T23:00:00,0.0,0.0,0.0,135.26,135.645,0.0,159.26,0.0,26.4,26.4,0.0,0.0,0,0
2022-05-06T00:00:00,0.0,0.0,0.0,138.46,138.584,0.0,162.46,0.0,26.3,26.3,0.0,0.0,0,0
2022-05-06T01:00:00,0.0,0.0,0.0,136.67,136.785,0.0,160.67,0.0,26.2,26.2,0.0,0.0,0,0
2022-05-06T02:00:00,0.0,0.0,0.0,130.44,130.532,0.0,154.44,0.0,26.1,26.1,0.0,0.0,0,0
2022-05-06T03:00:00,0.0,0.0,0.0,121.16,121.234,0.0,145.16,0.0,26.0,26.0,0.0,0.0,0,0
2022-05-06T04:00:00,0.0,0.0,0.0,110.05,110.105,0.0,134.05,0.0,25.9,25.9,0.0,0.0,0,0
2022-05-06T05:00:00,0.0,0.0,0.0,97.86,97.898,0.0,121.86,0.0,26.0,26.0,0.0,0.0,0,0
2022-05-06T06:00:00,256.0,29.0,52.0,84.86,85.043,105.799,78.922,77.38,26.3,28.72,394.39,0.3944,0,0
2022-05-06T07:00:00,611.0,67.0,259.0,71.72,71.792,100.066,69.265,282.67,26.7,35.53,1405.8,1.4058,0,0
2022-05-06T08:00:00,761.0,88.0,489.0,58.26,58.309,94.513,59.483,474.86,27.1,41.94,2306.68,2.3067,0,0
2022-05-06T09:00:00,841.0,102.0,700.0,44.68,44.721,88.432,50.078,643.35,27.6,47.7,3058.11,3.0581,0,0
2022-05-06T10:00:00,873.0,117.0,864.0,31.14,31.192,80.363,41.695,771.28,28.1,52.2,3603.51,3.6035,0,0
2022-05-06T11:00:00,895.0,125.0,976.0,18.07,18.166,65.196,35.357,857.96,28.5,55.31,3960.29,3.9603,0,0
2022-05-06T12:00:00,904.0,128.0,1023.0,8.54,8.792,13.671,32.357,894.94,28.9,56.87,4105.84,4.1058,0,0
2022-05-06T13:00:00,905.0,123.0,999.0,14.53,14.735,303.041,34.036,876.28,29.2,56.58,4024.71,4.0247,0,0
2022-05-06T14:00:00,882.0,119.0,904.0,27.19,27.353,282.819,39.524,802.01,29.3,54.36,3715.77,3.7158,0,0
2022-05-06T15:00:00,844.0,110.0,751.0,40.66,40.812,273.58,47.433,682.67,29.4,50.73,3207.62,3.2076,0,0
2022-05-06T16:00:00,773.0,97.0,549.0,54.24,54.404,267.142,56.611,522.95,29.4,45.74,2504.36,2.5044,1,0
2022-05-06T17:00:00,650.0,77.0,323.0,67.74,67.93,261.525,66.326,337.46,29.2,39.75,1652.64,1.6526,0,0
2022-05-06T18:00:00,384.0,44.0,104.0,81.0,81.262,255.902,76.068,135.45,28.8,33.03,679.77,0.6798,0,0
2022-05-06T19:00:00,0.0,0.0,0.0,94.06,94.252,0.0,118.06,0.0,28.4,28.4,0.0,0.0,0,0
2022-05-06T20:00:00,0.0,0.0,0.0,106.45,106.68,0.0,130.45,0.0,28.1,28.1,0.0,0.0,0,0
2022-05-06T21:00:00,0.0,0.0,0.0,117.91,118.179,0.0,141.91,0.0,27.8,27.8,0.0,0.0,0,0
2022-05-06T22:00:00,0.0,0.0,0.0,127.78,128.106,0.0,151.78,0.0,27.5,27.5,0.0,0.0,0,0
2022-05-06T23:00:00,0.0,0.0,0.0,135.01,135.385,0.0,159.01,0.0,27.1,27.1,0.0,0.0,0,0
2022-05-07T00:00:00,0.0,0.0,0.0,138.18,138.3,0.0,162.18,0.0,26.8,26.8,0.0,0.0,0,0
2022-05-07T01:00:00,0.0,0.0,0.0,136.4,136.506,0.0,160.4,0.0,26.5,26.5,0.0,0.0,0,0
2022-05-07T02:00:00,0.0,0.0,0.0,130.2,130.283,0.0,154.2,0.0,26.3,26.3,0.0,0.0,0,0
2022-05-07T03:00:00,0.0,0.0,0.0,120.96,121.022,0.0,144.96,0.0,26.2,26.2,0.0,0.0,0,0
2022-05-07T04:00:00,0.0,0.0,0.0,109.88,109.925,0.0,133.88,0.0,26.2,26.2,0.0,0.0,0,0
2022-05-07T05:00:00,0.0,0.0,0.0,97.71,97.742,0.0,121.71,0.0,26.3,26.3,0.0,0.0,0,0
2022-05-07T06:00:00,230.0,31.0,52.0,84.73,84.906,106.052,78.703,75.17,26.9,29.25,382.37,0.3824,0,0
2022-05-07T07:00:00,575.0,74.0,255.0,71.6,71.67,100.339,69.046,278.64,27.4,36.11,1382.89,1.3829,0,0
2022-05-07T08:00:00,724.0,98.0,480.0,58.15,58.195,94.822,59.262,467.96,27.7,42.32,2269.93,2.2699,0,0
2022-05-07T09:00:00,797.0,118.0,686.0,44.57,44.61,88.808,49.845,632.79,28.1,47.87,3005.95,3.0059,0,0
2022-05-07T10:00:00,845.0,127.0,851.0,31.03,31.071,80.866,41.45,762.22,28.3,52.12,3562.33,3.5623,0,0
2022-05-07T11:00:00,513.0,377.0,865.0,17.92,18.003,65.958,35.091,787.94,28.5,53.12,3668.23,3.6682,2,0
2022-05-07T12:00:00,862.0,145.0,998.0,8.27,8.509,13.975,32.084,877.71,28.6,56.03,4040.07,4.0401,1,0
2022-05-07T13:00:00,846.0,150.0,970.0,14.37,14.578,302.094,33.764,855.21,28.8,55.53,3944.27,3.9443,0,0
2022-05-07T14:00:00,817.0,149.0,877.0,27.1,27.261,282.227,39.285,782.51,28.8,53.25,3641.1,3.6411,0,0
2022-05-07T15:00:00,772.0,140.0,726.0,40.58,40.736,273.157,47.214,664.62,28.9,49.67,3135.6,3.1356,0,0
2022-05-07T16:00:00,700.0,122.0,532.0,54.16,54.328,266.802,56.406,508.63,28.9,44.79,2444.49,2.4445,1,0
2022-05-07T17:00:00,70.0,203.0,229.0,67.66,67.847,261.229,66.133,224.53,28.7,35.72,1115.92,1.1159,3,0
2022-05-07T18:00:00,302.0,52.0,99.0,80.9,81.166,255.628,75.867,124.35,28.2,32.09,626.17,0.6262,0,0
2022-05-07T19:00:00,0.0,0.0,0.0,93.94,94.137,0.0,117.94,0.0,27.8,27.8,0.0,0.0,0,0
2022-05-07T20:00:00,0.0,0.0,0.0,106.31,106.539,0.0,130.31,0.0,27.6,27.6,0.0,0.0,1,0
2022-05-07T21:00:00,0.0,0.0,0.0,117.74,118.005,0.0,141.74,0.0,27.5,27.5,0.0,0.0,0,0
2022-05-07T22:00:00,0.0,0.0,0.0,127.57,127.892,0.0,151.57,0.0,27.4,27.4,0.0,0.0,0,0
2022-05-07T23:00:00,0.0,0.0,0.0,134.76,135.127,0.0,158.76,0.0,27.3,27.3,0.0,0.0,0,0
2022-05-08T00:00:00,0.0,0.0,0.0,137.91,138.02,0.0,161.91,0.0,27.2,27.2,0.0,0.0,3,0
2022-05-08T01:00:00,0.0,0.0,0.0,136.13,136.232,0.0,160.13,0.0,27.1,27.1,0.0,0.0,3,0
2022-05-08T02:00:00,0.0,0.0,0.0,129.96,130.04,0.0,153.96,0.0,27.1,27.1,0.0,0.0,7,0
2022-05-08T03:00:00,0.0,0.0,0.0,120.76,120.814,0.0,144.76,0.0,27.1,27.1,0.0,0.0,6,0
2022-05-08T04:00:00,0.0,0.0,0.0,109.71,109.748,0.0,133.71,0.0,27.0,27.0,0.0,0.0,6,0
2022-05-08T05:00:00,0.0,0.0,0.0,97.56,97.591,0.0,121.56,0.0,27.0,27.0,0.0,0.0,6,0
2022-05-08T06:00:00,0.0,15.0,15.0,84.61,84.774,106.302,78.493,14.48,27.5,27.95,74.0,0.074,4,7
2022-05-08T07:00:00,29.0,159.0,168.0,71.49,71.552,100.608,68.837,164.05,27.8,32.93,823.61,0.8236,3,0
2022-05-08T08:00:00,699.0,103.0,472.0,58.05,58.086,95.128,59.051,462.11,28.0,42.44,2240.54,2.2405,1,0
2022-05-08T09:00:00,786.0,117.0,678.0,44.47,44.503,89.179,49.621,627.01,28.3,47.89,2978.27,2.9783,0,0
2022-05-08T10:00:00,336.0,349.0,638.0,30.92,30.956,81.365,41.207,592.22,28.4,46.91,2823.58,2.8236,7,7
2022-05-08T11:00:00,0.0,113.0,113.0,17.78,17.849,66.723,34.832,109.09,28.4,31.81,549.9,0.5499,6,0
2022-05-08T12:00:00,2.0,234.0,236.0,8.0,8.232,14.309,31.81,227.62,28.2,35.31,1132.97,1.133,6,0
2022-05-08T13:00:00,19.0,361.0,380.0,14.23,14.425,301.148,33.509,364.52,28.0,39.39,1787.49,1.7875,8,0
2022-05-08T14:00:00,828.0,141.0,879.0,27.02,27.171,281.643,39.055,785.48,27.8,52.35,3667.8,3.6678,0,0
2022-05-08T15:00:00,71.0,332.0,386.0,40.51,40.661,272.741,47.006,369.4,27.5,39.04,1813.74,1.8137,6,0
2022-05-08T16:00:00,228.0,296.0,430.0,54.09,54.253,266.468,56.213,413.71,27.5,40.43,2020.95,2.021,3,0
2022-05-08T17:00:00,587.0,90.0,314.0,67.57,67.764,260.938,65.934,328.19,27.5,37.76,1619.04,1.619,0,0
2022-05-08T18:00:00,310.0,51.0,100.0,80.81,81.069,255.361,75.678,126.35,27.4,31.35,637.93,0.6379,0,0
2022-05-08T19:00:00,0.0,0.0,0.0,93.83,94.021,0.0,117.83,0.0,27.3,27.3,0.0,0.0,0,0
2022-05-08T20:00:00,0.0,0.0,0.0,106.17,106.399,0.0,130.17,0.0,27.2,27.2,0.0,0.0,7,0
2022-05-08T21:00:00,0.0,0.0,0.0,117.57,117.832,0.0,141.57,0.0,27.2,27.2,0.0,0.0,6,0
2022-05-08T22:00:00,0.0,0.0,0.0,127.37,127.679,0.0,151.37,0.0,27.1,27.1,0.0,0.0,6,0
2022-05-08T23:00:00,0.0,0.0,0.0,134.51,134.874,0.0,158.51,0.0,27.0,27.0,0.0,0.0,6,0
2022-05-09T00:00:00,0.0,0.0,0.0,137.64,137.745,0.0,161.64,0.0,26.9,26.9,0.0,0.0,3,0
2022-05-09T01:00:00,0.0,0.0,0.0,135.87,135.964,0.0,159.87,0.0,26.8,26.8,0.0,0.0,0,0
2022-05-09T02:00:00,0.0,0.0,0.0,129.73,129.802,0.0,153.73,0.0,26.7,26.7,0.0,0.0,3,0
2022-05-09T03:00:00,0.0,0.0,0.0,120.56,120.612,0.0,144.56,0.0,26.5,26.5,0.0,0.0,0,0
2022-05-09T04:00:00,0.0,0.0,0.0,109.54,109.577,0.0,133.54,0.0,26.5,26.5,0.0,0.0,6,0
2022-05-09T05:00:00,0.0,0.0,0.0,97.42,97.444,0.0,121.42,0.0,26.5,26.5,0.0,0.0,3,0
2022-05-09T06:00:00,0.0,35.0,36.0,84.49,84.646,106.548,78.286,33.8,26.8,27.86,172.78,0.1728,3,7
2022-05-09T07:00:00,537.0,82.0,253.0,71.38,71.438,100.874,68.629,276.33,27.1,35.74,1373.27,1.3733,0,0
2022-05-09T08:00:00,705.0,105.0,479.0,57.95,57.982,95.429,58.842,469.37,27.5,42.17,2278.08,2.2781,0,0
2022-05-09T09:00:00,792.0,122.0,688.0,44.38,44.402,89.547,49.407,638.01,27.9,47.84,3031.18,3.0312,1,0
2022-05-09T10:00:00,856.0,123.0,859.0,30.82,30.847,81.859,40.972,771.41,28.3,52.41,3601.28,3.6013,0,0
2022-05-09T11:00:00,882.0,128.0,968.0,17.64,17.702,67.49,34.573,857.08,28.6,55.38,3955.08,3.9551,0,0
2022-05-09T12:00:00,891.0,130.0,1013.0,7.74,7.96,14.674,31.545,892.48,28.7,56.59,4098.98,4.099,0,0
2022-05-09T13:00:00,887.0,128.0,988.0,14.09,14.277,300.205,33.254,872.76,28.7,55.97,4018.14,4.0181,1,0
2022-05-09T14:00:00,1.0,311.0,312.0,26.93,27.084,281.069,38.82,301.03,28.4,37.81,1484.78,1.4848,2,0
2022-05-09T15:00:00,822.0,116.0,742.0,40.44,40.587,272.332,46.8,680.1,28.0,49.25,3213.77,3.2138,0,0
2022-05-09T16:00:00,753.0,103.0,546.0,54.01,54.177,266.14,56.014,524.19,27.5,43.88,2527.92,2.5279,0,0
2022-05-09T17:00:00,620.0,84.0,322.0,67.49,67.681,260.653,65.747,337.83,26.9,37.46,1668.41,1.6684,0,0
2022-05-09T18:00:00,346.0,50.0,105.0,80.71,80.973,255.098,75.481,135.49,26.4,30.63,685.83,0.6858,0,0
2022-05-09T19:00:00,0.0,0.0,0.0,93.71,93.906,0.0,117.71,0.0,26.1,26.1,0.0,0.0,0,0
2022-05-09T20:00:00,0.0,0.0,0.0,106.04,106.259,0.0,130.04,0.0,26.0,26.0,0.0,0.0,1,0
2022-05-09T21:00:00,0.0,0.0,0.0,117.4,117.661,0.0,141.4,0.0,25.8,25.8,0.0,0.0,0,0
2022-05-09T22:00:00,0.0,0.0,0.0,127.16,127.469,0.0,151.16,0.0,25.6,25.6,0.0,0.0,0,0
2022-05-09T23:00:00,0.0,0.0,0.0,134.27,134.623,0.0,158.27,0.0,25.3,25.3,0.0,0.0,0,0
2022-05-10T00:00:00,0.0,0.0,0.0,137.37,137.475,0.0,161.37,0.0,25.0,25.0,0.0,0.0,0,0
2022-05-10T01:00:00,0.0,0.0,0.0,135.62,135.701,0.0,159.62,0.0,24.8,24.8,0.0,0.0,0,0
2022-05-10T02:00:00,0.0,0.0,0.0,129.5,129.569,0.0,153.5,0.0,24.6,24.6,0.0,0.0,0,0
2022-05-10T03:00:00,0.0,0.0,0.0,120.37,120.414,0.0,144.37,0.0,24.4,24.4,0.0,0.0,0,0
2022-05-10T04:00:00,0.0,0.0,0.0,109.38,109.41,0.0,133.38,0.0,24.2,24.2,0.0,0.0,0,0
2022-05-10T05:00:00,0.0,0.0,0.0,97.28,97.302,0.0,121.28,0.0,24.1,24.1,0.0,0.0,0,0
2022-05-10T06:00:00,239.0,32.0,56.0,84.37,84.523,106.791,78.08,80.47,24.4,26.91,412.73,0.4127,0,0
2022-05-10T07:00:00,589.0,73.0,262.0,71.28,71.329,101.136,68.432,288.63,24.6,33.62,1445.42,1.4454,0,0
2022-05-10T08:00:00,56.0,274.0,303.0,57.86,57.882,95.727,58.643,293.92,24.8,33.98,1469.98,1.47,3,0
2022-05-10T09:00:00,107.0,377.0,454.0,44.29,44.306,89.909,49.196,434.55,25.2,38.78,2135.69,2.1357,3,0
2022-05-10T10:00:00,279.0,448.0,688.0,30.72,30.744,82.349,40.739,645.98,25.7,45.89,3091.82,3.0918,3,0
2022-05-10T11:00:00,68.0,464.0,529.0,17.51,17.563,68.258,34.322,504.68,26.1,41.87,2452.14,2.4521,2,0
2022-05-10T12:00:00,208.0,527.0,733.0,7.49,7.694,15.072,31.289,688.3,26.5,48.01,3268.0,3.268,2,0
2022-05-10T13:00:00,176.0,500.0,670.0,13.95,14.134,299.267,33.001,631.78,26.8,46.54,3016.39,3.0164,2,0
2022-05-10T14:00:00,573.0,336.0,847.0,26.85,26.997,280.503,38.595,776.64,26.8,51.07,3644.44,3.6444,2,0
2022-05-10T15:00:00,868.0,107.0,769.0,40.36,40.513,271.93,46.588,705.55,26.5,48.55,3343.0,3.343,1,0
2022-05-10T16:00:00,794.0,98.0,566.0,53.94,54.102,265.818,55.825,544.66,26.1,43.12,2634.12,2.6341,0,0
2022-05-10T17:00:00,656.0,83.0,335.0,67.41,67.597,260.374,65.561,353.71,25.6,36.65,1751.96,1.752,0,0
2022-05-10T18:00:00,363.0,51.0,110.0,80.62,80.876,254.842,75.296,141.88,25.1,29.53,721.03,0.721,0,0
2022-05-10T19:00:00,0.0,0.0,0.0,93.6,93.791,0.0,117.6,0.0,24.8,24.8,0.0,0.0,1,0
2022-05-10T20:00:00,0.0,0.0,0.0,105.9,106.12,0.0,129.9,0.0,24.7,24.7,0.0,0.0,0,0
2022-05-10T21:00:00,0.0,0.0,0.0,117.23,117.491,0.0,141.23,0.0,24.7,24.7,0.0,0.0,0,0
2022-05-10T22:00:00,0.0,0.0,0.0,126.96,127.261,0.0,150.96,0.0,24.5,24.5,0.0,0.0,3,0
2022-05-10T23:00:00,0.0,0.0,0.0,134.03,134.376,0.0,158.03,0.0,24.3,24.3,0.0,0.0,3,0
2022-05-11T00:00:00,0.0,0.0,0.0,137.12,137.21,0.0,161.12,0.0,24.0,24.0,0.0,0.0,0,0
2022-05-11T01:00:00,0.0,0.0,0.0,135.37,135.444,0.0,159.37,0.0,23.8,23.8,0.0,0.0,0,0
2022-05-11T02:00:00,0.0,0.0,0.0,129.28,129.342,0.0,153.28,0.0,23.7,23.7,0.0,0.0,3,0
2022-05-11T03:00:00,0.0,0.0,0.0,120.18,120.221,0.0,144.18,0.0,23.7,23.7,0.0,0.0,0,0
2022-05-11T04:00:00,0.0,0.0,0.0,109.22,109.247,0.0,133.22,0.0,23.7,23.7,0.0,0.0,0,0
2022-05-11T05:00:00,0.0,0.0,0.0,97.15,97.164,0.0,121.15,0.0,23.7,23.7,0.0,0.0,0,0
2022-05-11T06:00:00,190.0,37.0,56.0,84.26,84.404,107.03,77.884,75.76,24.2,26.57,389.08,0.3891,0,0
2022-05-11T07:00:00,555.0,81.0,260.0,71.18,71.224,101.394,68.237,285.52,24.5,33.42,1430.9,1.4309,0,0
2022-05-11T08:00:00,721.0,104.0,488.0,57.77,57.787,96.021,58.446,481.02,24.8,39.83,2354.93,2.3549,0,0
2022-05-11T09:00:00,807.0,118.0,696.0,44.2,44.215,90.267,48.985,648.51,25.2,45.47,3108.88,3.1089,0,0
2022-05-11T10:00:00,219.0,455.0,643.0,30.63,30.646,82.834,40.515,607.38,25.7,44.68,2920.33,2.9203,3,0
2022-05-11T11:00:00,217.0,500.0,707.0,17.39,17.431,69.026,34.078,664.23,26.0,46.76,3168.75,3.1688,3,0
2022-05-11T12:00:00,391.0,463.0,851.0,7.24,7.434,15.507,31.033,785.38,26.2,50.74,3690.1,3.6901,2,0
2022-05-11T13:00:00,273.0,494.0,759.0,13.81,13.996,298.333,32.748,708.82,26.3,48.45,3359.74,3.3597,3,0
2022-05-11T14:00:00,17.0,403.0,418.0,26.76,26.913,279.946,38.365,402.52,26.2,38.78,1978.29,1.9783,3,0
2022-05-11T15:00:00,866.0,94.0,754.0,40.29,40.44,271.536,46.387,693.81,26.1,47.78,3296.99,3.297,0,0
2022-05-11T16:00:00,804.0,84.0,558.0,53.87,54.028,265.503,55.639,538.97,25.8,42.64,2611.26,2.6113,1,0
2022-05-11T17:00:00,692.0,68.0,335.0,67.33,67.514,260.101,65.378,356.26,25.5,36.63,1764.74,1.7647,0,0
2022-05-11T18:00:00,441.0,41.0,114.0,80.52,80.779,254.591,75.104,153.58,25.1,29.9,779.44,0.7794,0,0
2022-05-11T19:00:00,0.0,0.0,0.0,93.49,93.676,0.0,117.49,0.0,24.8,24.8,0.0,0.0,0,0
2022-05-11T20:00:00,0.0,0.0,0.0,105.76,105.981,0.0,129.76,0.0,24.6,24.6,0.0,0.0,1,0
2022-05-11T21:00:00,0.0,0.0,0.0,117.07,117.321,0.0,141.07,0.0,24.4,24.4,0.0,0.0,3,0
2022-05-11T22:00:00,0.0,0.0,0.0,126.76,127.055,0.0,150.76,0.0,24.2,24.2,0.0,0.0,3,0
2022-05-11T23:00:00,0.0,0.0,0.0,133.8,134.133,0.0,157.8,0.0,23.9,23.9,0.0,0.0,3,0
2022-05-12T00:00:00,0.0,0.0,0.0,136.86,136.95,0.0,160.86,0.0,23.6,23.6,0.0,0.0,0,0
2022-05-12T01:00:00,0.0,0.0,0.0,135.12,135.192,0.0,159.12,0.0,23.3,23.3,0.0,0.0,0,0
2022-05-12T02:00:00,0.0,0.0,0.0,129.07,129.12,0.0,153.07,0.0,23.1,23.1,0.0,0.0,0,0
2022-05-12T03:00:00,0.0,0.0,0.0,120.0,120.033,0.0,144.0,0.0,23.0,23.0,0.0,0.0,0,0
2022-05-12T04:00:00,0.0,0.0,0.0,109.07,109.09,0.0,133.07,0.0,22.9,22.9,0.0,0.0,0,0
2022-05-12T05:00:00,0.0,0.0,0.0,97.02,97.031,0.0,121.02,0.0,23.1,23.1,0.0,0.0,0,0
2022-05-12T06:00:00,290.0,31.0,61.0,84.15,84.29,107.265,77.69,92.02,23.4,26.28,473.02,0.473,0,0
2022-05-12T07:00:00,631.0,65.0,269.0,71.08,71.124,101.648,68.044,300.45,23.6,32.99,1508.05,1.5081,0,0
2022-05-12T08:00:00,778.0,82.0,498.0,57.68,57.696,96.31,58.251,492.14,24.0,39.38,2413.41,2.4134,0,0
2022-05-12T09:00:00,854.0,94.0,707.0,44.12,44.129,90.62,48.785,658.74,24.5,45.09,3162.42,3.1624,0,0
2022-05-12T10:00:00,907.0,95.0,876.0,30.55,30.555,83.314,40.301,790.2,25.0,49.69,3727.73,3.7277,1,0
2022-05-12T11:00:00,189.0,488.0,668.0,17.27,17.306,69.794,33.834,629.67,25.6,45.28,3020.72,3.0207,3,0
2022-05-12T12:00:00,198.0,506.0,702.0,6.99,7.181,15.98,30.776,660.31,26.2,46.83,3149.11,3.1491,3,0
2022-05-12T13:00:00,451.0,416.0,854.0,13.68,13.861,297.404,32.504,785.75,26.6,51.15,3686.01,3.686,3,0
2022-05-12T14:00:00,230.0,463.0,669.0,26.68,26.831,279.399,38.145,629.65,26.9,46.58,3005.84,3.0058,3,0
2022-05-12T15:00:00,0.0,34.0,34.0,40.22,40.368,271.15,46.189,32.82,27.2,28.23,167.58,0.1676,3,0
2022-05-12T16:00:00,186.0,305.0,415.0,53.79,53.953,265.194,55.447,400.9,27.1,39.63,1964.14,1.9641,3,0
2022-05-12T17:00:00,3.0,132.0,133.0,67.24,67.431,259.833,65.189,128.7,26.9,30.92,650.81,0.6508,5,0
2022-05-12T18:00:00,0.0,4.0,4.0,80.43,80.683,254.345,74.924,3.86,26.6,26.72,19.82,0.0198,4,0
2022-05-12T19:00:00,0.0,0.0,0.0,93.37,93.562,0.0,117.37,0.0,26.4,26.4,0.0,0.0,4,0
2022-05-12T20:00:00,0.0,0.0,0.0,105.63,105.843,0.0,129.63,0.0,26.2,26.2,0.0,0.0,5,0
2022-05-12T21:00:00,0.0,0.0,0.0,116.9,117.154,0.0,140.9,0.0,26.1,26.1,0.0,0.0,2,0
2022-05-12T22:00:00,0.0,0.0,0.0,126.56,126.851,0.0,150.56,0.0,26.0,26.0,0.0,0.0,3,0
2022-05-12T23:00:00,0.0,0.0,0.0,133.57,133.894,0.0,157.57,0.0,25.9,25.9,0.0,0.0,0,0
2022-05-13T00:00:00,0.0,0.0,0.0,136.61,136.695,0.0,160.61,0.0,25.9,25.9,0.0,0.0,0,0
2022-05-13T01:00:00,0.0,0.0,0.0,134.88,134.947,0.0,158.88,0.0,25.8,25.8,0.0,0.0,3,0
2022-05-13T02:00:00,0.0,0.0,0.0,128.86,128.903,0.0,152.86,0.0,25.8,25.8,0.0,0.0,0,0
2022-05-13T03:00:00,0.0,0.0,0.0,119.82,119.851,0.0,143.82,0.0,25.7,25.7,0.0,0.0,2,0
2022-05-13T04:00:00,0.0,0.0,0.0,108.92,108.937,0.0,132.92,0.0,25.7,25.7,0.0,0.0,0,0
2022-05-13T05:00:00,0.0,0.0,0.0,96.9,96.902,0.0,120.9,0.0,25.8,25.8,0.0,0.0,8,0
2022-05-13T06:00:00,1.0,29.0,29.0,84.05,84.18,107.497,77.507,28.21,26.5,27.38,144.47,0.1445,6,7
2022-05-13T07:00:00,5.0,82.0,84.0,70.99,71.028,101.899,67.861,81.07,27.1,29.63,411.82,0.4118,8,0
2022-05-13T08:00:00,643.0,137.0,482.0,57.6,57.61,96.594,58.066,475.35,27.6,42.45,2304.64,2.3046,7,0
2022-05-13T09:00:00,156.0,319.0,431.0,44.05,44.047,90.968,48.595,412.11,28.1,40.98,2009.03,2.009,7,0
2022-05-13T10:00:00,5.0,237.0,241.0,30.47,30.469,83.787,40.088,232.66,28.4,35.67,1156.55,1.1565,8,0
2022-05-13T11:00:00,1.0,195.0,196.0,17.16,17.189,70.559,33.598,189.1,28.7,34.61,943.61,0.9436,7,0
2022-05-13T12:00:00,914.0,115.0,1023.0,6.76,6.934,16.495,30.539,906.09,28.8,57.12,4152.91,4.1529,0,0
2022-05-13T13:00:00,0.0,39.0,39.0,13.56,13.732,296.483,32.269,37.65,29.0,30.18,190.9,0.1909,8,0
2022-05-13T14:00:00,1.0,178.0,179.0,26.6,26.75,278.862,37.927,172.64,29.0,34.4,862.17,0.8622,6,0
2022-05-13T15:00:00,713.0,152.0,697.0,40.15,40.296,270.772,45.993,646.81,29.0,49.21,3056.91,3.0569,7,0
2022-05-13T16:00:00,770.0,94.0,550.0,53.72,53.879,264.892,55.266,533.41,28.8,45.47,2557.07,2.5571,0,0
2022-05-13T17:00:00,413.0,131.0,291.0,67.16,67.348,259.572,65.011,302.32,28.5,37.95,1490.38,1.4904,8,0
2022-05-13T18:00:00,390.0,47.0,112.0,80.33,80.586,254.106,74.737,148.61,28.1,32.74,746.57,0.7466,7,5
2022-05-13T19:00:00,0.0,0.0,0.0,93.26,93.448,0.0,117.26,0.0,27.8,27.8,0.0,0.0,7,0
2022-05-13T20:00:00,0.0,0.0,0.0,105.49,105.706,0.0,129.49,0.0,27.5,27.5,0.0,0.0,3,0
2022-05-13T21:00:00,0.0,0.0,0.0,116.74,116.987,0.0,140.74,0.0,27.2,27.2,0.0,0.0,1,0
2022-05-13T22:00:00,0.0,0.0,0.0,126.37,126.651,0.0,150.37,0.0,27.0,27.0,0.0,0.0,3,0
2022-05-13T23:00:00,0.0,0.0,0.0,133.34,133.659,0.0,157.34,0.0,26.8,26.8,0.0,0.0,3,0
2022-05-14T00:00:00,0.0,0.0,0.0,136.37,136.446,0.0,160.37,0.0,26.7,26.7,0.0,0.0,7,0
2022-05-14T01:00:00,0.0,0.0,0.0,134.65,134.707,0.0,158.65,0.0,26.6,26.6,0.0,0.0,1,0
2022-05-14T02:00:00,0.0,0.0,0.0,128.65,128.692,0.0,152.65,0.0,26.5,26.5,0.0,0.0,0,0
2022-05-14T03:00:00,0.0,0.0,0.0,119.65,119.673,0.0,143.65,0.0,26.4,26.4,0.0,0.0,0,0
2022-05-14T04:00:00,0.0,0.0,0.0,108.78,108.789,0.0,132.78,0.0,26.4,26.4,0.0,0.0,7,0
2022-05-14T05:00:00,0.0,0.0,0.0,96.78,96.778,0.0,120.78,0.0,26.4,26.4,0.0,0.0,7,0
2022-05-14T06:00:00,4.0,41.0,41.0,83.95,84.074,107.724,77.325,40.46,26.9,28.16,206.61,0.2066,8,7
2022-05-14T07:00:00,341.0,142.0,253.0,70.91,70.937,102.144,67.689,267.51,27.2,35.56,1330.28,1.3303,7,0
2022-05-14T08:00:00,705.0,103.0,482.0,57.52,57.529,96.874,57.883,477.52,27.5,42.42,2315.45,2.3154,0,0
2022-05-14T09:00:00,796.0,115.0,687.0,43.98,43.971,91.31,48.407,644.38,27.9,48.04,3059.12,3.0591,0,0
2022-05-14T10:00:00,868.0,108.0,857.0,30.39,30.389,84.254,39.877,776.87,28.2,52.48,3625.75,3.6258,0,0
2022-05-14T11:00:00,222.0,487.0,700.0,17.06,17.08,71.32,33.371,657.4,28.5,49.04,3108.97,3.109,3,0
2022-05-14T12:00:00,253.0,425.0,676.0,6.53,6.693,17.054,30.3,630.91,28.7,48.42,2990.87,2.9909,7,7
2022-05-14T13:00:00,8.0,320.0,328.0,13.44,13.606,295.57,32.035,315.78,28.8,38.67,1552.63,1.5526,7,0
2022-05-14T14:00:00,590.0,255.0,783.0,26.53,26.671,278.335,37.72,717.44,28.8,51.22,3364.72,3.3647,7,0
2022-05-14T15:00:00,0.0,23.0,23.0,40.08,40.225,270.401,45.8,22.2,28.7,29.39,112.9,0.1129,7,0
2022-05-14T16:00:00,2.0,125.0,126.0,53.65,53.804,264.597,55.088,121.83,28.5,32.31,613.01,0.613,7,0
2022-05-14T17:00:00,22.0,140.0,149.0,67.08,67.265,259.317,64.835,144.59,28.2,32.72,726.46,0.7265,7,0
2022-05-14T18:00:00,0.0,17.0,17.0,80.24,80.49,253.872,74.561,16.41,27.7,28.21,83.8,0.0838,7,0
2022-05-14T19:00:00,0.0,0.0,0.0,93.15,93.334,0.0,117.15,0.0,27.3,27.3,0.0,0.0,5,0
2022-05-14T20:00:00,0.0,0.0,0.0,105.36,105.57,0.0,129.36,0.0,27.1,27.1,0.0,0.0,3,0
2022-05-14T21:00:00,0.0,0.0,0.0,116.58,116.823,0.0,140.58,0.0,26.8,26.8,0.0,0.0,8,0
2022-05-14T22:00:00,0.0,0.0,0.0,126.18,126.452,0.0,150.18,0.0,26.6,26.6,0.0,0.0,7,0
2022-05-14T23:00:00,0.0,0.0,0.0,133.12,133.427,0.0,157.12,0.0,26.3,26.3,0.0,0.0,7,0
2022-05-15T00:00:00,0.0,0.0,0.0,136.13,136.202,0.0,160.13,0.0,26.2,26.2,0.0,0.0,6,0
2022-05-15T01:00:00,0.0,0.0,0.0,134.42,134.472,0.0,158.42,0.0,26.1,26.1,0.0,0.0,7,0
2022-05-15T02:00:00,0.0,0.0,0.0,128.45,128.487,0.0,152.45,0.0,26.1,26.1,0.0,0.0,7,0
2022-05-15T03:00:00,0.0,0.0,0.0,119.48,119.501,0.0,143.48,0.0,26.1,26.1,0.0,0.0,7,0
2022-05-15T04:00:00,0.0,0.0,0.0,108.64,108.646,0.0,132.64,0.0,26.1,26.1,0.0,0.0,8,0
2022-05-15T05:00:00,0.0,0.0,0.0,96.67,96.658,0.0,120.67,0.0,26.1,26.1,0.0,0.0,7,0
2022-05-15T06:00:00,293.0,32.0,64.0,83.86,83.973,107.948,77.154,96.31,26.5,29.51,489.48,0.4895,0,0
2022-05-15T07:00:00,612.0,67.0,268.0,70.83,70.85,102.386,67.518,300.44,26.7,36.09,1491.2,1.4912,0,0
2022-05-15T08:00:00,750.0,87.0,490.0,57.45,57.452,97.149,57.711,488.11,26.9,42.15,2369.18,2.3692,0,0
2022-05-15T09:00:00,821.0,102.0,693.0,43.91,43.899,91.647,48.221,650.58,27.1,47.43,3095.67,3.0957,0,0
2022-05-15T10:00:00,860.0,113.0,855.0,30.33,30.314,84.714,39.683,777.35,27.5,51.79,3637.65,3.6376,1,0
2022-05-15T11:00:00,0.0,188.0,189.0,16.97,16.977,72.078,33.151,181.51,27.9,33.57,909.14,0.9091,3,0
2022-05-15T12:00:00,116.0,451.0,566.0,6.3,6.459,17.66,30.06,536.8,28.2,44.97,2578.09,2.5781,7,0
2022-05-15T13:00:00,809.0,103.0,890.0,13.32,13.484,294.666,31.803,793.78,28.4,53.21,3694.25,3.6942,7,0
2022-05-15T14:00:00,879.0,111.0,897.0,26.45,26.593,277.819,37.508,811.24,28.4,53.75,3767.51,3.7675,0,0
2022-05-15T15:00:00,847.0,101.0,750.0,40.01,40.154,270.039,45.61,695.63,28.4,50.14,3276.0,3.276,0,0
2022-05-15T16:00:00,150.0,259.0,347.0,53.57,53.73,264.308,54.903,337.05,28.3,38.83,1656.17,1.6562,7,0
2022-05-15T17:00:00,1.0,68.0,68.0,67.0,67.182,259.068,64.662,66.08,28.0,30.06,335.15,0.3352,6,0
2022-05-15T18:00:00,0.0,5.0,5.0,80.14,80.394,253.645,74.379,4.83,27.5,27.65,24.69,0.0247,6,0
2022-05-15T19:00:00,0.0,0.0,0.0,93.04,93.22,0.0,117.04,0.0,27.2,27.2,0.0,0.0,7,0
2022-05-15T20:00:00,0.0,0.0,0.0,105.23,105.434,0.0,129.23,0.0,27.0,27.0,0.0,0.0,7,0
2022-05-15T21:00:00,0.0,0.0,0.0,116.42,116.659,0.0,140.42,0.0,26.9,26.9,0.0,0.0,7,0
2022-05-15T22:00:00,0.0,0.0,0.0,125.99,126.257,0.0,149.99,0.0,26.8,26.8,0.0,0.0,7,0
2022-05-15T23:00:00,0.0,0.0,0.0,132.9,133.2,0.0,156.9,0.0,26.8,26.8,0.0,0.0,7,0
2022-05-16T00:00:00,0.0,0.0,0.0,135.9,135.963,0.0,159.9,0.0,26.7,26.7,0.0,0.0,7,0
2022-05-16T01:00:00,0.0,0.0,0.0,134.2,134.244,0.0,158.2,0.0,26.7,26.7,0.0,0.0,7,0
2022-05-16T02:00:00,0.0,0.0,0.0,128.26,128.288,0.0,152.26,0.0,26.7,26.7,0.0,0.0,8,0
2022-05-16T03:00:00,0.0,0.0,0.0,119.32,119.334,0.0,143.32,0.0,26.7,26.7,0.0,0.0,7,0
2022-05-16T04:00:00,0.0,0.0,0.0,108.51,108.508,0.0,132.51,0.0,26.6,26.6,0.0,0.0,6,0
2022-05-16T05:00:00,0.0,0.0,0.0,96.56,96.543,0.0,120.56,0.0,26.6,26.6,0.0,0.0,7,0
2022-05-16T06:00:00,2.0,33.0,33.0,83.77,83.876,108.167,76.985,32.31,27.0,28.01,165.08,0.1651,7,7
2022-05-16T07:00:00,2.0,68.0,69.0,70.75,70.767,102.623,67.35,66.43,27.2,29.28,337.88,0.3379,7,0
2022-05-16T08:00:00,65.0,205.0,239.0,57.39,57.38,97.419,57.55,233.08,27.4,34.68,1162.78,1.1628,8,0
2022-05-16T09:00:00,27.0,253.0,272.0,43.85,43.833,91.978,48.046,262.47,27.6,35.8,1304.07,1.3041,8,0
2022-05-16T10:00:00,2.0,202.0,204.0,30.26,30.245,85.167,39.484,196.58,27.8,33.94,983.29,0.9833,7,0
2022-05-16T11:00:00,0.0,77.0,77.0,16.88,16.882,72.829,32.932,74.34,27.9,30.22,376.84,0.3768,6,0
2022-05-16T12:00:00,0.0,66.0,67.0,6.08,6.231,18.316,29.83,63.73,28.0,29.99,323.32,0.3233,6,0
2022-05-16T13:00:00,1.0,204.0,205.0,13.21,13.366,293.771,31.58,197.81,28.0,34.18,988.6,0.9886,7,0
2022-05-16T14:00:00,117.0,420.0,525.0,26.38,26.517,277.313,37.306,499.45,27.8,43.41,2412.86,2.4129,4,0
2022-05-16T15:00:00,0.0,161.0,161.0,39.94,40.084,269.685,45.423,155.43,27.4,32.26,782.23,0.7822,4,0
2022-05-16T16:00:00,265.0,287.0,444.0,53.5,53.656,264.027,54.731,431.45,27.0,40.48,2107.17,2.1072,3,0
2022-05-16T17:00:00,0.0,34.0,34.0,66.91,67.099,258.825,64.483,32.82,26.7,27.73,167.88,0.1679,4,0
2022-05-16T18:00:00,2.0,55.0,55.0,80.05,80.298,253.423,74.208,53.64,26.5,28.18,273.92,0.2739,8,0
2022-05-16T19:00:00,0.0,0.0,0.0,92.93,93.107,0.0,116.93,0.0,26.4,26.4,0.0,0.0,8,0
2022-05-16T20:00:00,0.0,0.0,0.0,105.1,105.3,0.0,129.1,0.0,26.4,26.4,0.0,0.0,5,0
2022-05-16T21:00:00,0.0,0.0,0.0,116.27,116.498,0.0,140.27,0.0,26.4,26.4,0.0,0.0,8,0
2022-05-16T22:00:00,0.0,0.0,0.0,125.8,126.064,0.0,149.8,0.0,26.4,26.4,0.0,0.0,7,0
2022-05-16T23:00:00,0.0,0.0,0.0,132.69,132.977,0.0,156.69,0.0,26.3,26.3,0.0,0.0,3,0
2022-05-17T00:00:00,0.0,0.0,0.0,135.67,135.73,0.0,159.67,0.0,26.2,26.2,0.0,0.0,8,0
2022-05-17T01:00:00,0.0,0.0,0.0,133.98,134.022,0.0,157.98,0.0,26.2,26.2,0.0,0.0,0,0
2022-05-17T02:00:00,0.0,0.0,0.0,128.07,128.094,0.0,152.07,0.0,26.1,26.1,0.0,0.0,0,0
2022-05-17T03:00:00,0.0,0.0,0.0,119.17,119.172,0.0,143.17,0.0,26.1,26.1,0.0,0.0,0,0
2022-05-17T04:00:00,0.0,0.0,0.0,108.38,108.374,0.0,132.38,0.0,26.1,26.1,0.0,0.0,0,0
2022-05-17T05:00:00,0.0,0.0,0.0,96.45,96.433,0.0,120.45,0.0,26.1,26.1,0.0,0.0,0,0
2022-05-17T06:00:00,270.0,34.0,64.0,83.68,83.784,108.383,76.818,94.66,26.4,29.36,481.33,0.4813,0,0
2022-05-17T07:00:00,588.0,71.0,266.0,70.67,70.689,102.856,67.183,298.25,26.7,36.02,1480.68,1.4807,0,0
2022-05-17T08:00:00,726.0,93.0,486.0,57.32,57.312,97.684,57.382,484.52,26.9,42.04,2352.73,2.3527,0,0
2022-05-17T09:00:00,103.0,365.0,439.0,43.79,43.771,92.302,47.873,422.11,27.2,40.39,2062.24,2.0622,3,0
2022-05-17T10:00:00,287.0,428.0,676.0,30.2,30.181,85.613,39.294,637.45,27.5,47.42,3033.35,3.0333,3,0
2022-05-17T11:00:00,449.0,402.0,831.0,16.8,16.794,73.574,32.721,769.56,27.8,51.85,3600.38,3.6004,3,0
2022-05-17T12:00:00,301.0,390.0,690.0,5.87,6.011,19.025,29.608,640.81,28.1,48.13,3041.14,3.0411,7,0
2022-05-17T13:00:00,203.0,496.0,694.0,13.1,13.253,292.888,31.36,653.9,28.4,48.83,3094.92,3.0949,3,0
2022-05-17T14:00:00,0.0,45.0,45.0,26.3,26.441,276.818,37.1,43.44,28.6,29.96,220.44,0.2204,6,0
2022-05-17T15:00:00,4.0,219.0,223.0,39.87,40.015,269.339,45.239,214.28,28.6,35.3,1066.6,1.0666,6,0
2022-05-17T16:00:00,520.0,196.0,506.0,53.43,53.583,263.752,54.56,493.42,28.5,43.92,2379.19,2.3792,7,0
2022-05-17T17:00:00,645.0,78.0,331.0,66.83,67.016,258.588,64.315,357.05,28.1,39.26,1751.72,1.7517,0,0
2022-05-17T18:00:00,408.0,47.0,118.0,79.96,80.202,253.207,74.039,158.18,27.7,32.64,794.94,0.7949,0,0
2022-05-17T19:00:00,0.0,0.0,0.0,92.82,92.995,0.0,116.82,0.0,27.2,27.2,0.0,0.0,0,0
2022-05-17T20:00:00,0.0,0.0,0.0,104.96,105.166,0.0,128.96,0.0,26.8,26.8,0.0,0.0,0,0
2022-05-17T21:00:00,0.0,0.0,0.0,116.11,116.339,0.0,140.11,0.0,26.6,26.6,0.0,0.0,0,0
2022-05-17T22:00:00,0.0,0.0,0.0,125.62,125.874,0.0,149.62,0.0,26.4,26.4,0.0,0.0,0,0
2022-05-17T23:00:00,0.0,0.0,0.0,132.48,132.759,0.0,156.48,0.0,26.3,26.3,0.0,0.0,0,0
2022-05-18T00:00:00,0.0,0.0,0.0,135.45,135.503,0.0,159.45,0.0,26.2,26.2,0.0,0.0,0,0
2022-05-18T01:00:00,0.0,0.0,0.0,133.77,133.805,0.0,157.77,0.0,26.1,26.1,0.0,0.0,0,0
2022-05-18T02:00:00,0.0,0.0,0.0,127.89,127.906,0.0,151.89,0.0,26.1,26.1,0.0,0.0,0,0
2022-05-18T03:00:00,0.0,0.0,0.0,119.01,119.016,0.0,143.01,0.0,26.0,26.0,0.0,0.0,0,0
2022-05-18T04:00:00,0.0,0.0,0.0,108.26,108.246,0.0,132.26,0.0,26.0,26.0,0.0,0.0,0,0
2022-05-18T05:00:00,0.0,0.0,0.0,96.35,96.327,0.0,120.35,0.0,26.1,26.1,0.0,0.0,0,0
2022-05-18T06:00:00,316.0,33.0,68.0,83.6,83.697,108.594,76.661,105.07,26.7,29.98,533.08,0.5331,0,0
2022-05-18T07:00:00,627.0,66.0,274.0,70.61,70.616,103.084,67.036,310.14,27.0,36.69,1535.94,1.5359,0,0
2022-05-18T08:00:00,768.0,84.0,499.0,57.26,57.249,97.943,57.224,500.44,27.4,43.04,2420.99,2.421,0,0
2022-05-18T09:00:00,843.0,95.0,704.0,43.74,43.714,92.621,47.71,664.22,27.9,48.66,3145.87,3.1459,0,0
2022-05-18T10:00:00,879.0,107.0,867.0,30.15,30.122,86.05,39.115,791.87,28.4,53.15,3686.21,3.6862,0,0
2022-05-18T11:00:00,154.0,464.0,612.0,16.73,16.713,74.311,32.519,579.09,28.9,47.0,2760.06,2.7601,3,0
2022-05-18T12:00:00,184.0,497.0,680.0,5.67,5.797,19.79,29.394,641.71,29.3,49.35,3031.18,3.0312,3,0
2022-05-18T13:00:00,915.0,105.0,997.0,12.99,13.142,292.016,31.141,892.22,29.5,57.38,4085.05,4.0851,0,0
2022-05-18T14:00:00,895.0,102.0,905.0,26.23,26.368,276.334,36.904,821.09,29.6,55.26,3790.88,3.7909,1,0
2022-05-18T15:00:00,858.0,96.0,756.0,39.8,39.946,269.002,45.057,704.48,29.6,51.61,3298.87,3.2989,0,0
2022-05-18T16:00:00,792.0,87.0,560.0,53.35,53.509,263.485,54.384,549.3,29.4,46.57,2622.35,2.6224,0,0
2022-05-18T17:00:00,675.0,72.0,339.0,66.75,66.933,258.358,64.149,366.14,29.0,40.44,1788.46,1.7885,0,0
2022-05-18T18:00:00,433.0,45.0,122.0,79.86,80.107,252.998,73.865,164.44,28.5,33.64,823.48,0.8235,0,0
2022-05-18T19:00:00,0.0,0.0,0.0,92.71,92.883,0.0,116.71,0.0,27.9,27.9,0.0,0.0,0,0
2022-05-18T20:00:00,0.0,0.0,0.0,104.84,105.034,0.0,128.84,0.0,27.5,27.5,0.0,0.0,0,0
2022-05-18T21:00:00,0.0,0.0,0.0,115.96,116.181,0.0,139.96,0.0,27.2,27.2,0.0,0.0,0,0
2022-05-18T22:00:00,0.0,0.0,0.0,125.43,125.687,0.0,149.43,0.0,26.9,26.9,0.0,0.0,0,0
2022-05-18T23:00:00,0.0,0.0,0.0,132.27,132.544,0.0,156.27,0.0,26.7,26.7,0.0,0.0,7,0
2022-05-19T00:00:00,0.0,0.0,0.0,135.23,135.281,0.0,159.23,0.0,26.6,26.6,0.0,0.0,0,0
2022-05-19T01:00:00,0.0,0.0,0.0,133.56,133.595,0.0,157.56,0.0,26.5,26.5,0.0,0.0,1,0
2022-05-19T02:00:00,0.0,0.0,0.0,127.71,127.724,0.0,151.71,0.0,26.5,26.5,0.0,0.0,1,0
2022-05-19T03:00:00,0.0,0.0,0.0,118.87,118.865,0.0,142.87,0.0,26.5,26.5,0.0,0.0,1,0
2022-05-19T04:00:00,0.0,0.0,0.0,108.14,108.123,0.0,132.14,0.0,26.6,26.6,0.0,0.0,3,0
2022-05-19T05:00:00,0.0,0.0,0.0,96.25,96.226,0.0,120.25,0.0,26.7,26.7,0.0,0.0,0,0
2022-05-19T06:00:00,308.0,34.0,69.0,83.52,83.614,108.801,76.506,105.0,27.1,30.38,531.96,0.532,0,0
2022-05-19T07:00:00,615.0,69.0,274.0,70.54,70.546,103.307,66.883,309.85,27.4,37.08,1532.31,1.5323,0,0
2022-05-19T08:00:00,751.0,89.0,496.0,57.21,57.19,98.197,57.078,497.61,27.7,43.25,2405.38,2.4054,0,0
2022-05-19T09:00:00,80.0,345.0,402.0,43.69,43.661,92.932,47.55,387.56,27.9,40.01,1896.11,1.8961,3,0
2022-05-19T10:00:00,137.0,376.0,495.0,30.1,30.069,86.479,38.938,470.59,28.1,42.81,2278.56,2.2786,8,0
2022-05-19T11:00:00,213.0,407.0,611.0,16.66,16.639,75.039,32.318,574.69,28.4,46.36,2745.73,2.7457,8,0
2022-05-19T12:00:00,5.0,298.0,304.0,5.47,5.591,20.615,29.18,292.11,28.6,37.73,1441.19,1.4412,6,0
2022-05-19T13:00:00,2.0,244.0,246.0,12.89,13.036,291.158,30.932,237.29,28.7,36.12,1177.66,1.1777,6,0
2022-05-19T14:00:00,10.0,303.0,312.0,26.16,26.295,275.862,36.712,300.62,28.7,38.09,1481.16,1.4812,8,0
2022-05-19T15:00:00,3.0,196.0,199.0,39.74,39.877,268.673,44.887,191.37,28.6,34.58,955.07,0.9551,8,0
2022-05-19T16:00:00,0.0,104.0,104.0,53.28,53.436,263.224,54.22,100.4,28.4,31.54,506.6,0.5066,5,0
2022-05-19T17:00:00,0.0,55.0,56.0,66.67,66.851,258.134,63.986,53.11,28.1,29.76,269.66,0.2697,7,0
2022-05-19T18:00:00,4.0,53.0,54.0,79.77,80.012,252.794,73.701,52.3,27.8,29.43,265.86,0.2659,7,0
2022-05-19T19:00:00,0.0,0.0,0.0,92.6,92.773,0.0,116.6,0.0,27.6,27.6,0.0,0.0,7,0
2022-05-19T20:00:00,0.0,0.0,0.0,104.71,104.903,0.0,128.71,0.0,27.5,27.5,0.0,0.0,7,0
2022-05-19T21:00:00,0.0,0.0,0.0,115.8,116.025,0.0,139.8,0.0,27.4,27.4,0.0,0.0,7,0
2022-05-19T22:00:00,0.0,0.0,0.0,125.26,125.503,0.0,149.26,0.0,27.3,27.3,0.0,0.0,7,0
2022-05-19T23:00:00,0.0,0.0,0.0,132.07,132.335,0.0,156.07,0.0,27.2,27.2,0.0,0.0,6,0
2022-05-20T00:00:00,0.0,0.0,0.0,135.02,135.065,0.0,159.02,0.0,27.1,27.1,0.0,0.0,6,0
2022-05-20T01:00:00,0.0,0.0,0.0,133.36,133.391,0.0,157.36,0.0,27.0,27.0,0.0,0.0,6,0
2022-05-20T02:00:00,0.0,0.0,0.0,127.54,127.547,0.0,151.54,0.0,26.9,26.9,0.0,0.0,6,0
2022-05-20T03:00:00,0.0,0.0,0.0,118.73,118.72,0.0,142.73,0.0,26.8,26.8,0.0,0.0,7,0
2022-05-20T04:00:00,0.0,0.0,0.0,108.02,108.004,0.0,132.02,0.0,26.7,26.7,0.0,0.0,7,0
2022-05-20T05:00:00,0.0,0.0,0.0,96.16,96.13,0.0,120.16,0.0,26.7,26.7,0.0,0.0,7,0
2022-05-20T06:00:00,0.0,21.0,21.0,83.45,83.535,109.003,76.362,20.27,26.8,27.43,103.8,0.1038,7,7
2022-05-20T07:00:00,1.0,61.0,61.0,70.48,70.482,103.526,66.74,59.29,27.0,28.85,302.01,0.302,7,0
2022-05-20T08:00:00,21.0,205.0,216.0,57.16,57.135,98.446,56.934,209.46,27.2,33.75,1048.51,1.0485,7,0
2022-05-20T09:00:00,5.0,209.0,213.0,43.65,43.613,93.237,47.401,205.19,27.3,33.71,1027.25,1.0272,7,0
2022-05-20T10:00:00,15.0,310.0,323.0,30.06,30.021,86.9,38.771,311.09,27.6,37.32,1537.1,1.5371,7,0
2022-05-20T11:00:00,243.0,379.0,612.0,16.6,16.571,75.757,32.126,573.7,27.9,45.83,2746.49,2.7465,7,0
2022-05-20T12:00:00,212.0,420.0,631.0,5.28,5.393,21.502,28.973,592.77,28.1,46.62,2829.24,2.8292,7,0
2022-05-20T13:00:00,247.0,439.0,680.0,12.79,12.932,290.314,30.726,638.23,28.3,48.24,3027.53,3.0275,7,0
2022-05-20T14:00:00,63.0,450.0,506.0,26.09,26.223,275.402,36.523,485.55,28.5,43.67,2343.39,2.3434,7,0
2022-05-20T15:00:00,56.0,320.0,362.0,39.67,39.809,268.353,44.712,349.09,28.6,39.51,1711.09,1.7111,7,0
2022-05-20T16:00:00,303.0,275.0,457.0,53.21,53.363,262.971,54.058,444.91,28.5,42.4,2157.49,2.1575,8,0
2022-05-20T17:00:00,0.0,7.0,7.0,66.59,66.769,257.917,63.826,6.76,28.3,28.51,34.47,0.0345,6,0
2022-05-20T18:00:00,97.0,78.0,95.0,79.68,79.918,252.597,73.54,102.93,27.9,31.12,520.14,0.5201,8,5
2022-05-20T19:00:00,0.0,0.0,0.0,92.49,92.662,0.0,116.49,0.0,27.7,27.7,0.0,0.0,7,0
2022-05-20T20:00:00,0.0,0.0,0.0,104.58,104.773,0.0,128.58,0.0,27.5,27.5,0.0,0.0,8,0
2022-05-20T21:00:00,0.0,0.0,0.0,115.65,115.872,0.0,139.65,0.0,27.4,27.4,0.0,0.0,1,0
2022-05-20T22:00:00,0.0,0.0,0.0,125.08,125.323,0.0,149.08,0.0,27.3,27.3,0.0,0.0,0,0
2022-05-20T23:00:00,0.0,0.0,0.0,131.87,132.129,0.0,155.87,0.0,27.2,27.2,0.0,0.0,1,0
2022-05-21T00:00:00,0.0,0.0,0.0,134.81,134.855,0.0,158.81,0.0,27.2,27.2,0.0,0.0,8,0
2022-05-21T01:00:00,0.0,0.0,0.0,133.17,133.193,0.0,157.17,0.0,27.1,27.1,0.0,0.0,8,0
2022-05-21T02:00:00,0.0,0.0,0.0,127.37,127.377,0.0,151.37,0.0,27.1,27.1,0.0,0.0,8,0
2022-05-21T03:00:00,0.0,0.0,0.0,118.59,118.58,0.0,142.59,0.0,27.1,27.1,0.0,0.0,7,0
2022-05-21T04:00:00,0.0,0.0,0.0,107.91,107.891,0.0,131.91,0.0,27.1,27.1,0.0,0.0,7,0
2022-05-21T05:00:00,0.0,0.0,0.0,96.07,96.038,0.0,120.07,0.0,27.1,27.1,0.0,0.0,8,0
2022-05-21T06:00:00,53.0,46.0,52.0,83.38,83.461,109.201,76.22,57.09,27.2,28.98,290.66,0.2907,8,5
2022-05-21T07:00:00,347.0,127.0,243.0,70.42,70.421,103.739,66.599,261.43,27.4,35.57,1300.01,1.3,8,5
2022-05-21T08:00:00,558.0,162.0,465.0,57.11,57.085,98.689,56.792,464.62,27.5,42.02,2256.28,2.2563,0,0
2022-05-21T09:00:00,366.0,308.0,573.0,43.61,43.569,93.536,47.254,548.06,27.8,44.93,2632.68,2.6327,8,0
2022-05-21T10:00:00,354.0,367.0,673.0,30.02,29.977,87.311,38.607,633.59,28.2,48.0,3008.32,3.0083,8,0
2022-05-21T11:00:00,318.0,413.0,718.0,16.54,16.51,76.463,31.936,671.22,28.6,49.58,3167.89,3.1679,7,0
2022-05-21T12:00:00,438.0,366.0,801.0,5.1,5.202,22.455,28.775,741.02,28.9,52.06,3464.07,3.4641,8,0
2022-05-21T13:00:00,785.0,195.0,961.0,12.69,12.832,289.485,30.523,871.1,29.1,56.32,4005.02,4.005,0,0
2022-05-21T14:00:00,169.0,492.0,644.0,26.02,26.153,274.953,36.337,612.44,29.1,48.24,2905.25,2.9053,3,0
2022-05-21T15:00:00,721.0,171.0,727.0,39.6,39.741,268.042,44.54,683.79,29.0,50.37,3217.41,3.2174,0,0
2022-05-21T16:00:00,640.0,152.0,536.0,53.13,53.29,262.725,53.89,527.24,28.7,45.18,2530.26,2.5303,0,0
2022-05-21T17:00:00,493.0,122.0,319.0,66.51,66.687,257.706,63.669,338.16,28.3,38.87,1661.41,1.6614,0,0
2022-05-21T18:00:00,221.0,71.0,111.0,79.58,79.824,252.406,73.373,132.13,27.8,31.93,665.73,0.6657,0,0
2022-05-21T19:00:00,0.0,0.0,0.0,92.38,92.553,0.0,116.38,0.0,27.5,27.5,0.0,0.0,0,0
2022-05-21T20:00:00,0.0,0.0,0.0,104.45,104.645,0.0,128.45,0.0,27.4,27.4,0.0,0.0,1,0
2022-05-21T21:00:00,0.0,0.0,0.0,115.51,115.721,0.0,139.51,0.0,27.2,27.2,0.0,0.0,0,0
2022-05-21T22:00:00,0.0,0.0,0.0,124.91,125.146,0.0,148.91,0.0,27.1,27.1,0.0,0.0,0,0
2022-05-21T23:00:00,0.0,0.0,0.0,131.68,131.929,0.0,155.68,0.0,26.9,26.9,0.0,0.0,0,0
2022-05-22T00:00:00,0.0,0.0,0.0,134.61,134.651,0.0,158.61,0.0,26.8,26.8,0.0,0.0,7,0
2022-05-22T01:00:00,0.0,0.0,0.0,132.98,133.001,0.0,156.98,0.0,26.6,26.6,0.0,0.0,7,0
2022-05-22T02:00:00,0.0,0.0,0.0,127.21,127.213,0.0,151.21,0.0,26.5,26.5,0.0,0.0,7,0
2022-05-22T03:00:00,0.0,0.0,0.0,118.46,118.445,0.0,142.46,0.0,26.5,26.5,0.0,0.0,7,0
2022-05-22T04:00:00,0.0,0.0,0.0,107.81,107.783,0.0,131.81,0.0,26.4,26.4,0.0,0.0,3,0
2022-05-22T05:00:00,0.0,0.0,0.0,95.99,95.952,0.0,119.99,0.0,26.5,26.5,0.0,0.0,7,0
2022-05-22T06:00:00,8.0,50.0,51.0,83.31,83.391,109.394,76.08,50.2,26.9,28.47,256.09,0.2561,8,7
2022-05-22T07:00:00,528.0,87.0,264.0,70.37,70.365,103.948,66.469,296.32,27.2,36.46,1468.76,1.4688,1,0
2022-05-22T08:00:00,705.0,104.0,487.0,57.07,57.039,98.926,56.661,491.17,27.3,42.65,2379.63,2.3796,1,0
2022-05-22T09:00:00,516.0,219.0,592.0,43.57,43.529,93.827,47.109,565.84,27.4,45.08,2716.49,2.7165,7,0
2022-05-22T10:00:00,845.0,122.0,854.0,29.98,29.939,87.713,38.445,785.92,27.5,52.06,3673.91,3.6739,0,0
2022-05-22T11:00:00,439.0,333.0,754.0,16.49,16.455,77.157,31.755,698.41,27.8,49.63,3295.58,3.2956,7,0
2022-05-22T12:00:00,172.0,496.0,668.0,4.93,5.019,23.475,28.585,631.37,28.0,47.73,3000.86,3.0009,2,0
2022-05-22T13:00:00,844.0,150.0,974.0,12.59,12.736,288.671,30.323,880.47,28.2,55.71,4057.79,4.0578,0,0
2022-05-22T14:00:00,489.0,308.0,748.0,25.95,26.083,274.516,36.155,695.98,28.3,50.05,3278.8,3.2788,8,0
2022-05-22T15:00:00,764.0,147.0,736.0,39.53,39.673,267.741,44.372,693.13,28.4,50.06,3265.21,3.2652,1,0
2022-05-22T16:00:00,678.0,136.0,543.0,53.06,53.217,262.487,53.735,535.87,28.4,45.15,2571.99,2.572,0,0
2022-05-22T17:00:00,527.0,114.0,325.0,66.43,66.605,257.502,63.514,346.91,28.1,38.94,1703.95,1.704,0,0
2022-05-22T18:00:00,248.0,69.0,114.0,79.49,79.73,252.221,73.217,138.61,27.8,32.13,697.89,0.6979,0,0
2022-05-22T19:00:00,0.0,0.0,0.0,92.27,92.445,0.0,116.27,0.0,27.4,27.4,0.0,0.0,0,0
2022-05-22T20:00:00,0.0,0.0,0.0,104.33,104.518,0.0,128.33,0.0,27.3,27.3,0.0,0.0,0,0
2022-05-22T21:00:00,0.0,0.0,0.0,115.36,115.572,0.0,139.36,0.0,27.2,27.2,0.0,0.0,1,0
2022-05-22T22:00:00,0.0,0.0,0.0,124.74,124.972,0.0,148.74,0.0,27.1,27.1,0.0,0.0,0,0
2022-05-22T23:00:00,0.0,0.0,0.0,131.49,131.733,0.0,155.49,0.0,27.0,27.0,0.0,0.0,0,0
2022-05-23T00:00:00,0.0,0.0,0.0,134.42,134.452,0.0,158.42,0.0,26.9,26.9,0.0,0.0,0,0
2022-05-23T01:00:00,0.0,0.0,0.0,132.8,132.816,0.0,156.8,0.0,26.7,26.7,0.0,0.0,0,0
2022-05-23T02:00:00,0.0,0.0,0.0,127.06,127.054,0.0,151.06,0.0,26.6,26.6,0.0,0.0,0,0
2022-05-23T03:00:00,0.0,0.0,0.0,118.34,118.316,0.0,142.34,0.0,26.6,26.6,0.0,0.0,0,0
2022-05-23T04:00:00,0.0,0.0,0.0,107.71,107.679,0.0,131.71,0.0,26.6,26.6,0.0,0.0,0,0
2022-05-23T05:00:00,0.0,0.0,0.0,95.91,95.869,0.0,119.91,0.0,26.6,26.6,0.0,0.0,0,0
2022-05-23T06:00:00,225.0,42.0,68.0,83.25,83.325,109.583,75.951,95.39,26.9,29.88,484.17,0.4842,0,0
2022-05-23T07:00:00,564.0,82.0,272.0,70.32,70.312,104.151,66.342,307.13,27.2,36.8,1520.46,1.5205,0,0
2022-05-23T08:00:00,732.0,99.0,498.0,57.03,56.997,99.158,56.533,502.69,27.4,43.11,2431.26,2.4313,0,0
2022-05-23T09:00:00,824.0,106.0,704.0,43.54,43.494,94.111,46.976,669.73,27.7,48.63,3172.29,3.1723,0,0
2022-05-23T10:00:00,871.0,113.0,868.0,29.95,29.905,88.105,38.294,799.21,27.9,52.88,3724.3,3.7243,1,0
2022-05-23T11:00:00,895.0,117.0,976.0,16.45,16.406,77.838,31.583,882.82,28.2,55.79,4067.42,4.0674,1,0
2022-05-23T12:00:00,906.0,117.0,1020.0,4.76,4.844,24.565,28.394,917.77,28.4,57.08,4207.01,4.207,0,0
2022-05-23T13:00:00,202.0,502.0,699.0,12.5,12.642,287.875,30.132,661.05,28.6,49.26,3123.67,3.1237,3,0
2022-05-23T14:00:00,882.0,111.0,905.0,25.88,26.015,274.092,35.977,827.79,28.6,54.47,3833.64,3.8336,0,0
2022-05-23T15:00:00,848.0,103.0,757.0,39.46,39.606,267.448,44.207,712.96,28.5,50.78,3349.38,3.3494,0,0
2022-05-23T16:00:00,198.0,309.0,428.0,52.99,53.144,262.256,53.582,416.89,28.3,41.33,2029.7,2.0297,3,0
2022-05-23T17:00:00,673.0,75.0,345.0,66.34,66.524,257.305,63.353,376.57,27.9,39.67,1844.7,1.8447,0,0
2022-05-23T18:00:00,436.0,48.0,128.0,79.4,79.637,252.043,73.064,174.04,27.5,32.94,873.73,0.8737,0,0
2022-05-23T19:00:00,0.0,0.0,0.0,92.17,92.337,0.0,116.17,0.0,27.2,27.2,0.0,0.0,0,0
2022-05-23T20:00:00,0.0,0.0,0.0,104.21,104.393,0.0,128.21,0.0,27.0,27.0,0.0,0.0,3,0
2022-05-23T21:00:00,0.0,0.0,0.0,115.22,115.425,0.0,139.22,0.0,26.9,26.9,0.0,0.0,0,0
2022-05-23T22:00:00,0.0,0.0,0.0,124.58,124.802,0.0,148.58,0.0,26.8,26.8,0.0,0.0,0,0
2022-05-23T23:00:00,0.0,0.0,0.0,131.31,131.542,0.0,155.31,0.0,26.6,26.6,0.0,0.0,0,0
2022-05-24T00:00:00,0.0,0.0,0.0,134.23,134.26,0.0,158.23,0.0,26.4,26.4,0.0,0.0,0,0
2022-05-24T01:00:00,0.0,0.0,0.0,132.62,132.637,0.0,156.62,0.0,26.2,26.2,0.0,0.0,0,0
2022-05-24T02:00:00,0.0,0.0,0.0,126.91,126.902,0.0,150.91,0.0,26.1,26.1,0.0,0.0,0,0
2022-05-24T03:00:00,0.0,0.0,0.0,118.22,118.193,0.0,142.22,0.0,25.9,25.9,0.0,0.0,0,0
2022-05-24T04:00:00,0.0,0.0,0.0,107.62,107.581,0.0,131.62,0.0,25.8,25.8,0.0,0.0,0,0
2022-05-24T05:00:00,0.0,0.0,0.0,95.84,95.792,0.0,119.84,0.0,25.8,25.8,0.0,0.0,0,0
2022-05-24T06:00:00,295.0,38.0,73.0,83.19,83.264,109.767,75.823,109.24,26.3,29.71,554.77,0.5548,0,0
2022-05-24T07:00:00,618.0,73.0,281.0,70.28,70.265,104.35,66.225,321.42,26.6,36.64,1592.08,1.5921,0,0
2022-05-24T08:00:00,765.0,92.0,508.0,57.0,56.959,99.383,56.415,515.59,26.9,43.01,2494.53,2.4945,0,0
2022-05-24T09:00:00,844.0,103.0,715.0,43.51,43.463,94.387,46.845,682.0,27.3,48.61,3230.64,3.2306,0,0
2022-05-24T10:00:00,887.0,111.0,880.0,29.93,29.875,88.487,38.154,811.31,27.7,53.05,3778.04,3.778,0,0
2022-05-24T11:00:00,910.0,116.0,989.0,16.41,16.363,78.504,31.413,896.16,28.0,56.0,4125.37,4.1254,0,0
2022-05-24T12:00:00,916.0,119.0,1032.0,4.61,4.677,25.728,28.22,929.9,28.2,57.26,4259.62,4.2596,0,0
2022-05-24T13:00:00,912.0,117.0,1008.0,12.41,12.551,287.096,29.945,910.91,28.3,56.77,4180.74,4.1807,0,0
2022-05-24T14:00:00,888.0,115.0,915.0,25.81,25.947,273.68,35.802,838.15,28.3,54.49,3881.24,3.8812,0,0
2022-05-24T15:00:00,849.0,109.0,765.0,39.4,39.539,267.164,44.053,721.08,28.1,50.63,3389.41,3.3894,0,0
2022-05-24T16:00:00,777.0,100.0,568.0,52.92,53.072,262.033,53.432,563.51,27.9,45.51,2700.94,2.7009,0,0
2022-05-24T17:00:00,651.0,84.0,346.0,66.26,66.443,257.114,63.204,376.84,27.6,39.38,1847.99,1.848,0,0
2022-05-24T18:00:00,395.0,54.0,128.0,79.31,79.545,251.871,72.913,168.83,27.3,32.58,848.69,0.8487,0,0
2022-05-24T19:00:00,0.0,0.0,0.0,92.06,92.231,0.0,116.06,0.0,27.0,27.0,0.0,0.0,0,0
2022-05-24T20:00:00,0.0,0.0,0.0,104.08,104.269,0.0,128.08,0.0,27.0,27.0,0.0,0.0,0,0
2022-05-24T21:00:00,0.0,0.0,0.0,115.08,115.281,0.0,139.08,0.0,26.9,26.9,0.0,0.0,0,0
2022-05-24T22:00:00,0.0,0.0,0.0,124.42,124.636,0.0,148.42,0.0,26.9,26.9,0.0,0.0,0,0
2022-05-24T23:00:00,0.0,0.0,0.0,131.13,131.356,0.0,155.13,0.0,26.8,26.8,0.0,0.0,0,0
2022-05-25T00:00:00,0.0,0.0,0.0,134.04,134.074,0.0,158.04,0.0,26.7,26.7,0.0,0.0,0,0
2022-05-25T01:00:00,0.0,0.0,0.0,132.45,132.464,0.0,156.45,0.0,26.6,26.6,0.0,0.0,0,0
2022-05-25T02:00:00,0.0,0.0,0.0,126.77,126.755,0.0,150.77,0.0,26.5,26.5,0.0,0.0,0,0
2022-05-25T03:00:00,0.0,0.0,0.0,118.1,118.075,0.0,142.1,0.0,26.2,26.2,0.0,0.0,0,0
2022-05-25T04:00:00,0.0,0.0,0.0,107.53,107.488,0.0,131.53,0.0,26.1,26.1,0.0,0.0,0,0
2022-05-25T05:00:00,0.0,0.0,0.0,95.77,95.719,0.0,119.77,0.0,26.0,26.0,0.0,0.0,0,0
2022-05-25T06:00:00,258.0,40.0,71.0,83.14,83.208,109.946,75.707,102.58,26.6,29.81,520.78,0.5208,0,0
2022-05-25T07:00:00,574.0,81.0,275.0,70.24,70.221,104.543,66.111,312.33,27.0,36.76,1546.4,1.5464,0,0
2022-05-25T08:00:00,721.0,104.0,497.0,56.97,56.926,99.602,56.301,503.84,27.4,43.14,2436.47,2.4365,0,0
2022-05-25T09:00:00,801.0,119.0,700.0,43.49,43.437,94.656,46.726,668.99,27.8,48.71,3167.87,3.1679,0,1
2022-05-25T10:00:00,838.0,135.0,861.0,29.91,29.851,88.859,38.017,796.81,28.1,53.0,3711.31,3.7113,0,0
2022-05-25T11:00:00,866.0,139.0,971.0,16.38,16.326,79.154,31.253,881.72,28.3,55.85,4061.3,4.0613,0,1
2022-05-25T12:00:00,92.0,479.0,571.0,4.46,4.519,26.963,28.044,544.43,28.5,45.51,2609.45,2.6095,3,0
2022-05-25T13:00:00,877.0,134.0,991.0,12.32,12.462,286.336,29.762,898.1,28.6,56.67,4123.57,4.1236,0,0
2022-05-25T14:00:00,852.0,131.0,899.0,25.75,25.88,273.281,35.638,825.54,28.6,54.4,3824.27,3.8243,0,0
2022-05-25T15:00:00,815.0,121.0,751.0,39.33,39.472,266.89,43.894,709.57,28.5,50.67,3334.79,3.3348,0,0
2022-05-25T16:00:00,755.0,105.0,561.0,52.84,53.0,261.817,53.276,556.77,28.2,45.6,2667.74,2.6677,0,0
2022-05-25T17:00:00,638.0,85.0,343.0,66.18,66.362,256.93,63.058,373.36,27.9,39.57,1829.66,1.8297,0,0
2022-05-25T18:00:00,396.0,54.0,128.0,79.22,79.453,251.706,72.765,170.1,27.5,32.82,854.34,0.8543,0,0
2022-05-25T19:00:00,0.0,0.0,0.0,91.96,92.125,0.0,115.96,0.0,27.2,27.2,0.0,0.0,0,0
2022-05-25T20:00:00,0.0,0.0,0.0,103.97,104.147,0.0,127.97,0.0,27.0,27.0,0.0,0.0,0,0
2022-05-25T21:00:00,0.0,0.0,0.0,114.94,115.14,0.0,138.94,0.0,26.8,26.8,0.0,0.0,0,0
2022-05-25T22:00:00,0.0,0.0,0.0,124.26,124.473,0.0,148.26,0.0,26.6,26.6,0.0,0.0,0,0
2022-05-25T23:00:00,0.0,0.0,0.0,130.95,131.175,0.0,154.95,0.0,26.5,26.5,0.0,0.0,0,0
2022-05-26T00:00:00,0.0,0.0,0.0,133.87,133.893,0.0,157.87,0.0,26.4,26.4,0.0,0.0,0,0
2022-05-26T01:00:00,0.0,0.0,0.0,132.29,132.298,0.0,156.29,0.0,26.4,26.4,0.0,0.0,0,0
2022-05-26T02:00:00,0.0,0.0,0.0,126.63,126.615,0.0,150.63,0.0,26.4,26.4,0.0,0.0,1,0
2022-05-26T03:00:00,0.0,0.0,0.0,117.99,117.962,0.0,141.99,0.0,26.3,26.3,0.0,0.0,0,0
2022-05-26T04:00:00,0.0,0.0,0.0,107.44,107.4,0.0,131.44,0.0,26.3,26.3,0.0,0.0,0,0
2022-05-26T05:00:00,0.0,0.0,0.0,95.7,95.651,0.0,119.7,0.0,26.3,26.3,0.0,0.0,0,0
2022-05-26T06:00:00,261.0,40.0,72.0,83.09,83.155,110.121,75.593,103.83,26.7,29.94,526.89,0.5269,0,0
2022-05-26T07:00:00,587.0,78.0,277.0,70.2,70.181,104.73,65.999,315.79,27.1,36.97,1562.35,1.5624,0,0
2022-05-26T08:00:00,744.0,96.0,502.0,56.94,56.896,99.815,56.188,510.2,27.4,43.34,2465.41,2.4654,0,0
2022-05-26T09:00:00,828.0,105.0,706.0,43.47,43.414,94.917,46.609,675.38,27.7,48.81,3196.92,3.1969,0,0
2022-05-26T10:00:00,857.0,121.0,864.0,29.89,29.83,89.22,37.883,799.64,28.2,53.19,3721.78,3.7218,0,0
2022-05-26T11:00:00,879.0,127.0,970.0,16.35,16.295,79.789,31.096,882.59,28.6,56.18,4060.09,4.0601,0,0
2022-05-26T12:00:00,883.0,132.0,1012.0,4.32,4.369,28.272,27.875,915.59,28.8,57.41,4191.52,4.1915,0,0
2022-05-26T13:00:00,893.0,119.0,992.0,12.24,12.376,285.596,29.588,898.98,29.0,57.09,4120.68,4.1207,0,0
2022-05-26T14:00:00,873.0,115.0,902.0,25.68,25.814,272.895,35.471,828.81,29.1,55.0,3830.38,3.8304,0,0
2022-05-26T15:00:00,834.0,108.0,754.0,39.26,39.406,266.625,43.739,712.41,29.0,51.26,3340.57,3.3406,0,0
2022-05-26T16:00:00,770.0,97.0,563.0,52.77,52.928,261.609,53.132,559.65,28.8,46.29,2674.56,2.6746,0,0
2022-05-26T17:00:00,651.0,80.0,344.0,66.1,66.282,256.753,62.914,375.93,28.4,40.15,1838.3,1.8383,0,0
2022-05-26T18:00:00,406.0,52.0,129.0,79.13,79.362,251.547,72.62,172.15,28.0,33.38,862.84,0.8628,0,0
2022-05-26T19:00:00,0.0,0.0,0.0,91.86,92.021,0.0,115.86,0.0,27.6,27.6,0.0,0.0,0,0
2022-05-26T20:00:00,0.0,0.0,0.0,103.85,104.027,0.0,127.85,0.0,27.5,27.5,0.0,0.0,7,0
2022-05-26T21:00:00,0.0,0.0,0.0,114.81,115.001,0.0,138.81,0.0,27.4,27.4,0.0,0.0,0,0
2022-05-26T22:00:00,0.0,0.0,0.0,124.1,124.314,0.0,148.1,0.0,27.2,27.2,0.0,0.0,8,0
2022-05-26T23:00:00,0.0,0.0,0.0,130.79,130.999,0.0,154.79,0.0,27.0,27.0,0.0,0.0,0,0
2022-05-27T00:00:00,0.0,0.0,0.0,133.69,133.719,0.0,157.69,0.0,26.9,26.9,0.0,0.0,0,0
2022-05-27T01:00:00,0.0,0.0,0.0,132.13,132.138,0.0,156.13,0.0,26.7,26.7,0.0,0.0,3,0
2022-05-27T02:00:00,0.0,0.0,0.0,126.5,126.481,0.0,150.5,0.0,26.6,26.6,0.0,0.0,8,0
2022-05-27T03:00:00,0.0,0.0,0.0,117.89,117.856,0.0,141.89,0.0,26.5,26.5,0.0,0.0,7,0
2022-05-27T04:00:00,0.0,0.0,0.0,107.36,107.317,0.0,131.36,0.0,26.4,26.4,0.0,0.0,7,0
2022-05-27T05:00:00,0.0,0.0,0.0,95.64,95.587,0.0,119.64,0.0,26.4,26.4,0.0,0.0,0,0
2022-05-27T06:00:00,309.0,37.0,75.0,83.05,83.107,110.29,75.49,113.47,26.8,30.35,574.96,0.575,0,0
2022-05-27T07:00:00,622.0,70.0,281.0,70.17,70.146,104.912,65.898,323.41,27.0,37.11,1599.23,1.5992,1,0
2022-05-27T08:00:00,760.0,88.0,503.0,56.92,56.87,100.022,56.087,512.57,27.2,43.22,2478.03,2.478,1,0
2022-05-27T09:00:00,837.0,99.0,707.0,43.45,43.395,95.17,46.495,677.04,27.5,48.66,3206.58,3.2066,0,0
2022-05-27T10:00:00,890.0,100.0,871.0,29.88,29.814,89.571,37.759,806.83,28.0,53.21,3754.87,3.7549,0,0
2022-05-27T11:00:00,914.0,103.0,980.0,16.33,16.269,80.406,30.948,890.89,28.5,56.34,4095.74,4.0957,0,0
2022-05-27T12:00:00,923.0,103.0,1024.0,4.18,4.228,29.654,27.705,924.58,28.9,57.79,4226.32,4.2263,0,0
2022-05-27T13:00:00,903.0,113.0,996.0,12.16,12.293,284.876,29.419,903.29,29.2,57.43,4134.96,4.135,0,0
2022-05-27T14:00:00,884.0,108.0,906.0,25.61,25.748,272.522,35.308,832.56,29.4,55.42,3841.44,3.8414,0,0
2022-05-27T15:00:00,31.0,280.0,305.0,39.2,39.34,266.37,43.596,292.98,29.4,38.56,1441.12,1.4411,7,0
2022-05-27T16:00:00,626.0,166.0,545.0,52.7,52.856,261.409,52.992,540.34,29.3,46.19,2583.31,2.5833,7,0
2022-05-27T17:00:00,0.0,6.0,6.0,66.02,66.202,256.583,62.773,5.79,29.1,29.28,29.46,0.0295,7,0
2022-05-27T18:00:00,0.0,3.0,3.0,79.04,79.272,251.394,72.477,2.9,28.7,28.79,14.76,0.0148,7,0
2022-05-27T19:00:00,0.0,0.0,0.0,91.75,91.918,0.0,115.75,0.0,28.2,28.2,0.0,0.0,3,0
2022-05-27T20:00:00,0.0,0.0,0.0,103.73,103.909,0.0,127.73,0.0,28.0,28.0,0.0,0.0,3,0
2022-05-27T21:00:00,0.0,0.0,0.0,114.67,114.865,0.0,138.67,0.0,27.7,27.7,0.0,0.0,3,0
2022-05-27T22:00:00,0.0,0.0,0.0,123.95,124.159,0.0,147.95,0.0,27.5,27.5,0.0,0.0,0,0
2022-05-27T23:00:00,0.0,0.0,0.0,130.62,130.829,0.0,154.62,0.0,27.2,27.2,0.0,0.0,3,0
2022-05-28T00:00:00,0.0,0.0,0.0,133.53,133.551,0.0,157.53,0.0,27.0,27.0,0.0,0.0,0,0
2022-05-28T01:00:00,0.0,0.0,0.0,131.98,131.984,0.0,155.98,0.0,26.8,26.8,0.0,0.0,0,0
2022-05-28T02:00:00,0.0,0.0,0.0,126.37,126.353,0.0,150.37,0.0,26.7,26.7,0.0,0.0,0,0
2022-05-28T03:00:00,0.0,0.0,0.0,117.79,117.755,0.0,141.79,0.0,26.6,26.6,0.0,0.0,0,0
2022-05-28T04:00:00,0.0,0.0,0.0,107.29,107.239,0.0,131.29,0.0,26.5,26.5,0.0,0.0,0,0
2022-05-28T05:00:00,0.0,0.0,0.0,95.59,95.528,0.0,119.59,0.0,26.6,26.6,0.0,0.0,3,0
2022-05-28T06:00:00,277.0,40.0,73.0,83.01,83.064,110.454,75.389,108.78,27.0,30.4,551.08,0.5511,0,0
2022-05-28T07:00:00,591.0,76.0,277.0,70.14,70.114,105.089,65.799,317.38,27.4,37.32,1568.22,1.5682,0,0
2022-05-28T08:00:00,166.0,252.0,343.0,56.9,56.848,100.222,55.989,336.93,27.6,38.13,1659.85,1.6599,7,0
2022-05-28T09:00:00,124.0,381.0,472.0,43.44,43.38,95.415,46.393,454.14,27.8,41.99,2205.58,2.2056,3,0
2022-05-28T10:00:00,354.0,341.0,648.0,29.87,29.802,89.91,37.64,612.18,28.1,47.23,2915.2,2.9152,7,0
2022-05-28T11:00:00,222.0,408.0,620.0,16.32,16.249,81.005,30.81,586.39,28.4,46.72,2797.74,2.7977,7,0
2022-05-28T12:00:00,896.0,120.0,1014.0,4.06,4.096,31.108,27.551,917.97,28.7,57.39,4202.85,4.2029,1,0
2022-05-28T13:00:00,119.0,438.0,554.0,12.08,12.212,284.178,29.253,527.68,28.8,45.29,2531.3,2.5313,7,0
2022-05-28T14:00:00,24.0,332.0,354.0,25.55,25.683,272.163,35.156,340.33,28.9,39.54,1667.98,1.668,8,0
2022-05-28T15:00:00,1.0,127.0,128.0,39.13,39.274,266.124,43.448,123.34,28.8,32.65,619.85,0.6198,6,0
2022-05-28T16:00:00,0.0,14.0,14.0,52.63,52.785,261.217,52.854,13.52,28.7,29.12,68.79,0.0688,7,0
2022-05-28T17:00:00,0.0,7.0,7.0,65.94,66.123,256.42,62.635,6.76,28.5,28.71,34.44,0.0344,6,0
2022-05-28T18:00:00,414.0,52.0,131.0,78.95,79.183,251.248,72.337,176.5,28.2,33.72,883.62,0.8836,0,0
2022-05-28T19:00:00,0.0,0.0,0.0,91.65,91.817,0.0,115.65,0.0,27.8,27.8,0.0,0.0,0,0
2022-05-28T20:00:00,0.0,0.0,0.0,103.62,103.793,0.0,127.62,0.0,27.7,27.7,0.0,0.0,0,0
2022-05-28T21:00:00,0.0,0.0,0.0,114.54,114.732,0.0,138.54,0.0,27.5,27.5,0.0,0.0,0,0
2022-05-28T22:00:00,0.0,0.0,0.0,123.81,124.008,0.0,147.81,0.0,27.3,27.3,0.0,0.0,0,0
2022-05-28T23:00:00,0.0,0.0,0.0,130.46,130.663,0.0,154.46,0.0,27.2,27.2,0.0,0.0,0,0
2022-05-29T00:00:00,0.0,0.0,0.0,133.37,133.39,0.0,157.37,0.0,27.0,27.0,0.0,0.0,0,0
2022-05-29T01:00:00,0.0,0.0,0.0,131.84,131.838,0.0,155.84,0.0,26.9,26.9,0.0,0.0,0,0
2022-05-29T02:00:00,0.0,0.0,0.0,126.25,126.231,0.0,150.25,0.0,26.8,26.8,0.0,0.0,8,0
2022-05-29T03:00:00,0.0,0.0,0.0,117.7,117.659,0.0,141.7,0.0,26.7,26.7,0.0,0.0,0,0
2022-05-29T04:00:00,0.0,0.0,0.0,107.22,107.166,0.0,131.22,0.0,26.8,26.8,0.0,0.0,0,0
2022-05-29T05:00:00,0.0,0.0,0.0,95.53,95.474,0.0,119.53,0.0,26.9,26.9,0.0,0.0,0,0
2022-05-29T06:00:00,243.0,40.0,70.0,82.97,83.024,110.614,75.29,100.58,27.1,30.24,509.84,0.5098,0,0
2022-05-29T07:00:00,564.0,78.0,270.0,70.12,70.086,105.26,65.712,308.95,27.5,37.15,1527.47,1.5275,0,0
2022-05-29T08:00:00,723.0,95.0,491.0,56.88,56.83,100.415,55.893,500.55,27.7,43.34,2418.8,2.4188,0,0
2022-05-29T09:00:00,169.0,317.0,440.0,43.43,43.369,95.652,46.293,423.87,28.0,41.25,2064.32,2.0643,6,0
2022-05-29T10:00:00,2.0,212.0,214.0,29.87,29.794,90.237,37.531,206.27,28.3,34.75,1028.8,1.0288,6,0
2022-05-29T11:00:00,484.0,305.0,770.0,16.31,16.233,81.585,30.676,714.74,28.7,51.04,3354.44,3.3544,8,0
2022-05-29T12:00:00,283.0,388.0,670.0,3.95,3.973,32.63,27.405,628.26,28.9,48.53,2976.98,2.977,7,0
2022-05-29T13:00:00,180.0,436.0,612.0,12.0,12.133,283.502,29.092,579.73,29.0,47.12,2761.88,2.7619,6,0
2022-05-29T14:00:00,72.0,387.0,452.0,25.48,25.619,271.817,35.001,433.16,29.0,42.54,2099.43,2.0994,7,0
2022-05-29T15:00:00,837.0,103.0,753.0,39.07,39.209,265.888,43.311,714.09,29.0,51.32,3347.76,3.3478,0,0
2022-05-29T16:00:00,308.0,241.0,429.0,52.56,52.714,261.032,52.72,420.85,28.7,41.85,2044.99,2.045,7,0
2022-05-29T17:00:00,0.0,40.0,40.0,65.87,66.044,256.264,62.509,38.62,28.3,29.51,196.26,0.1963,7,0
2022-05-29T18:00:00,3.0,49.0,50.0,78.86,79.094,251.108,72.199,48.23,27.8,29.31,245.3,0.2453,7,0
2022-05-29T19:00:00,0.0,0.0,0.0,91.55,91.717,0.0,115.55,0.0,27.3,27.3,0.0,0.0,8,0
2022-05-29T20:00:00,0.0,0.0,0.0,103.51,103.679,0.0,127.51,0.0,27.0,27.0,0.0,0.0,8,0
2022-05-29T21:00:00,0.0,0.0,0.0,114.42,114.602,0.0,138.42,0.0,26.7,26.7,0.0,0.0,7,0
2022-05-29T22:00:00,0.0,0.0,0.0,123.67,123.861,0.0,147.67,0.0,26.5,26.5,0.0,0.0,7,0
2022-05-29T23:00:00,0.0,0.0,0.0,130.31,130.503,0.0,154.31,0.0,26.4,26.4,0.0,0.0,7,0
2022-05-30T00:00:00,0.0,0.0,0.0,133.22,133.234,0.0,157.22,0.0,26.1,26.1,0.0,0.0,7,0
2022-05-30T01:00:00,0.0,0.0,0.0,131.7,131.697,0.0,155.7,0.0,26.0,26.0,0.0,0.0,7,0
2022-05-30T02:00:00,0.0,0.0,0.0,126.14,126.116,0.0,150.14,0.0,25.9,25.9,0.0,0.0,7,0
2022-05-30T03:00:00,0.0,0.0,0.0,117.61,117.569,0.0,141.61,0.0,25.9,25.9,0.0,0.0,7,0
2022-05-30T04:00:00,0.0,0.0,0.0,107.15,107.099,0.0,131.15,0.0,25.9,25.9,0.0,0.0,7,0
2022-05-30T05:00:00,0.0,0.0,0.0,95.49,95.424,0.0,119.49,0.0,26.0,26.0,0.0,0.0,7,0
2022-05-30T06:00:00,8.0,39.0,40.0,82.94,82.989,110.768,75.202,39.7,26.3,27.54,203.19,0.2032,7,0
2022-05-30T07:00:00,20.0,116.0,123.0,70.1,70.063,105.425,65.627,120.3,26.5,30.26,609.78,0.6098,7,0
2022-05-30T08:00:00,152.0,251.0,334.0,56.87,56.815,100.602,55.809,328.46,26.6,36.86,1625.63,1.6256,8,0
2022-05-30T09:00:00,303.0,289.0,509.0,43.43,43.361,95.88,46.205,490.61,26.7,42.03,2382.36,2.3824,7,0
2022-05-30T10:00:00,1.0,304.0,305.0,29.87,29.79,90.553,37.426,294.29,26.9,36.1,1460.62,1.4606,5,0
2022-05-30T11:00:00,169.0,410.0,571.0,16.3,16.223,82.146,30.546,542.76,27.2,44.16,2614.72,2.6147,7,0
2022-05-30T12:00:00,351.0,373.0,723.0,3.84,3.859,34.217,27.256,675.16,27.4,48.5,3199.6,3.1996,8,0
2022-05-30T13:00:00,769.0,134.0,886.0,11.92,12.056,282.848,28.935,808.87,27.4,52.68,3772.19,3.7722,7,0
2022-05-30T14:00:00,12.0,331.0,341.0,25.42,25.555,271.484,34.857,329.49,27.2,37.5,1626.97,1.627,6,0
2022-05-30T15:00:00,0.0,24.0,24.0,39.0,39.143,265.662,43.17,23.17,27.0,27.72,118.5,0.1185,6,0
2022-05-30T16:00:00,0.0,18.0,18.0,52.49,52.644,260.856,52.589,17.38,26.8,27.34,89.0,0.089,6,0
2022-05-30T17:00:00,0.0,10.0,10.0,65.79,65.966,256.115,62.377,9.65,26.6,26.9,49.52,0.0495,6,0
2022-05-30T18:00:00,0.0,3.0,3.0,78.78,79.007,250.976,72.073,2.9,26.4,26.49,14.88,0.0149,6,0
2022-05-30T19:00:00,0.0,0.0,0.0,91.46,91.618,0.0,115.46,0.0,26.2,26.2,0.0,0.0,7,0
2022-05-30T20:00:00,0.0,0.0,0.0,103.4,103.567,0.0,127.4,0.0,26.2,26.2,0.0,0.0,6,0
2022-05-30T21:00:00,0.0,0.0,0.0,114.29,114.475,0.0,138.29,0.0,26.1,26.1,0.0,0.0,7,0
2022-05-30T22:00:00,0.0,0.0,0.0,123.53,123.718,0.0,147.53,0.0,26.1,26.1,0.0,0.0,7,0
2022-05-30T23:00:00,0.0,0.0,0.0,130.16,130.348,0.0,154.16,0.0,26.0,26.0,0.0,0.0,7,0
2022-05-31T00:00:00,0.0,0.0,0.0,133.07,133.085,0.0,157.07,0.0,25.9,25.9,0.0,0.0,7,0
2022-05-31T01:00:00,0.0,0.0,0.0,131.57,131.563,0.0,155.57,0.0,25.8,25.8,0.0,0.0,8,0
2022-05-31T02:00:00,0.0,0.0,0.0,126.04,126.006,0.0,150.04,0.0,25.9,25.9,0.0,0.0,7,0
2022-05-31T03:00:00,0.0,0.0,0.0,117.53,117.485,0.0,141.53,0.0,25.9,25.9,0.0,0.0,7,0
2022-05-31T04:00:00,0.0,0.0,0.0,107.09,107.036,0.0,131.09,0.0,26.0,26.0,0.0,0.0,7,0
2022-05-31T05:00:00,0.0,0.0,0.0,95.45,95.379,0.0,119.45,0.0,26.0,26.0,0.0,0.0,6,0
2022-05-31T06:00:00,1.0,33.0,33.0,82.91,82.958,110.917,75.116,32.12,26.2,27.2,164.56,0.1646,7,0
2022-05-31T07:00:00,48.0,150.0,167.0,70.08,70.043,105.584,65.545,164.83,26.3,31.45,831.93,0.8319,7,0
2022-05-31T08:00:00,147.0,244.0,324.0,56.86,56.805,100.782,55.727,319.03,26.4,36.37,1581.86,1.5819,7,0
2022-05-31T09:00:00,259.0,301.0,489.0,43.43,43.357,96.1,46.121,471.74,26.4,41.14,2298.33,2.2983,7,0
2022-05-31T10:00:00,164.0,372.0,514.0,29.87,29.789,90.857,37.324,490.78,26.6,41.94,2384.03,2.384,7,0
2022-05-31T11:00:00,7.0,313.0,320.0,16.3,16.217,82.686,30.425,308.27,26.8,36.43,1528.14,1.5281,6,0
2022-05-31T12:00:00,1.0,203.0,204.0,3.75,3.755,35.862,27.123,196.88,27.0,33.15,987.62,0.9876,6,0
2022-05-31T13:00:00,61.0,431.0,491.0,11.85,11.981,282.219,28.789,470.07,27.1,41.79,2284.7,2.2847,6,0
2022-05-31T14:00:00,360.0,344.0,670.0,25.36,25.492,271.166,34.718,630.83,27.2,46.91,3007.61,3.0076,8,0
2022-05-31T15:00:00,5.0,227.0,231.0,38.93,39.079,265.445,43.033,222.84,27.2,34.16,1113.78,1.1138,7,0
2022-05-31T16:00:00,2.0,125.0,126.0,52.42,52.574,260.687,52.461,121.9,27.1,30.91,616.46,0.6165,6,0
2022-05-31T17:00:00,0.0,61.0,61.0,65.71,65.889,255.972,62.248,58.89,27.0,28.84,300.01,0.3,6,0
2022-05-31T18:00:00,0.0,8.0,8.0,78.69,78.921,250.849,71.941,7.72,26.8,27.04,39.6,0.0396,7,0
2022-05-31T19:00:00,0.0,0.0,0.0,91.36,91.521,0.0,115.36,0.0,26.7,26.7,0.0,0.0,7,0
2022-05-31T20:00:00,0.0,0.0,0.0,103.29,103.458,0.0,127.29,0.0,26.7,26.7,0.0,0.0,7,0
2022-05-31T21:00:00,0.0,0.0,0.0,114.17,114.351,0.0,138.17,0.0,26.6,26.6,0.0,0.0,5,0
2022-05-31T22:00:00,0.0,0.0,0.0,123.39,123.579,0.0,147.39,0.0,26.5,26.5,0.0,0.0,8,0
2022-05-31T23:00:00,0.0,0.0,0.0,130.02,130.199,0.0,154.02,0.0,26.4,26.4,0.0,0.0,3,0
2022-06-01T00:00:00,0.0,0.0,0.0,132.93,132.942,0.0,156.93,0.0,26.3,26.3,0.0,0.0,0,0
2022-06-01T01:00:00,0.0,0.0,0.0,131.45,131.436,0.0,155.45,0.0,26.2,26.2,0.0,0.0,0,0
2022-06-01T02:00:00,0.0,0.0,0.0,125.94,125.903,0.0,149.94,0.0,26.1,26.1,0.0,0.0,0,0
2022-06-01T03:00:00,0.0,0.0,0.0,117.45,117.406,0.0,141.45,0.0,26.0,26.0,0.0,0.0,1,0
2022-06-01T04:00:00,0.0,0.0,0.0,107.04,106.978,0.0,131.04,0.0,26.0,26.0,0.0,0.0,7,0
2022-06-01T05:00:00,0.0,0.0,0.0,95.41,95.338,0.0,119.41,0.0,26.0,26.0,0.0,0.0,7,0
2022-06-01T06:00:00,8.0,54.0,55.0,82.89,82.931,111.06,75.042,54.21,26.2,27.89,277.07,0.2771,7,0
2022-06-01T07:00:00,40.0,153.0,167.0,70.07,70.027,105.737,65.474,164.43,26.6,31.74,829.07,0.8291,8,0
2022-06-01T08:00:00,146.0,241.0,321.0,56.86,56.797,100.955,55.657,315.72,26.7,36.57,1564.32,1.5643,8,0
2022-06-01T09:00:00,688.0,152.0,652.0,43.43,43.356,96.311,46.039,628.65,26.9,46.55,3001.42,3.0014,7,0
2022-06-01T10:00:00,874.0,99.0,856.0,29.88,29.792,91.149,37.234,797.98,27.1,52.04,3730.63,3.7306,0,0
2022-06-01T11:00:00,339.0,365.0,691.0,16.3,16.215,83.205,30.309,647.86,27.4,47.65,3080.24,3.0802,7,0
2022-06-01T12:00:00,70.0,461.0,531.0,3.66,3.66,37.559,26.988,508.04,27.6,43.48,2453.74,2.4537,3,0
2022-06-01T13:00:00,117.0,430.0,545.0,11.77,11.907,281.614,28.642,518.81,27.8,44.01,2500.72,2.5007,8,0
2022-06-01T14:00:00,425.0,297.0,681.0,25.29,25.43,270.861,34.576,639.98,28.0,48.0,3038.69,3.0387,7,0
2022-06-01T15:00:00,345.0,277.0,546.0,38.87,39.014,265.239,42.908,522.44,28.1,44.43,2514.33,2.5143,7,0
2022-06-01T16:00:00,789.0,87.0,570.0,52.35,52.504,260.527,52.336,570.27,28.0,45.82,2730.13,2.7301,0,0
2022-06-01T17:00:00,304.0,181.0,306.0,65.63,65.812,255.837,62.121,317.97,27.8,37.74,1568.74,1.5687,2,0
2022-06-01T18:00:00,17.0,93.0,96.0,78.61,78.835,250.73,71.82,95.11,27.3,30.27,482.08,0.4821,3,7
2022-06-01T19:00:00,0.0,0.0,0.0,91.27,91.426,0.0,115.27,0.0,26.9,26.9,0.0,0.0,7,0
2022-06-01T20:00:00,0.0,0.0,0.0,103.18,103.35,0.0,127.18,0.0,26.7,26.7,0.0,0.0,0,0
2022-06-01T21:00:00,0.0,0.0,0.0,114.05,114.23,0.0,138.05,0.0,26.6,26.6,0.0,0.0,0,0
2022-06-01T22:00:00,0.0,0.0,0.0,123.27,123.445,0.0,147.27,0.0,26.5,26.5,0.0,0.0,7,0
2022-06-01T23:00:00,0.0,0.0,0.0,129.88,130.055,0.0,153.88,0.0,26.4,26.4,0.0,0.0,0,0
2022-06-02T00:00:00,0.0,0.0,0.0,132.79,132.806,0.0,156.79,0.0,26.3,26.3,0.0,0.0,0,0
2022-06-02T01:00:00,0.0,0.0,0.0,131.33,131.315,0.0,155.33,0.0,26.3,26.3,0.0,0.0,7,0
2022-06-02T02:00:00,0.0,0.0,0.0,125.84,125.806,0.0,149.84,0.0,26.3,26.3,0.0,0.0,8,0
2022-06-02T03:00:00,0.0,0.0,0.0,117.38,117.333,0.0,141.38,0.0,26.3,26.3,0.0,0.0,8,0
2022-06-02T04:00:00,0.0,0.0,0.0,106.99,106.926,0.0,130.99,0.0,26.3,26.3,0.0,0.0,5,0
2022-06-02T05:00:00,0.0,0.0,0.0,95.37,95.302,0.0,119.37,0.0,26.4,26.4,0.0,0.0,8,0
2022-06-02T06:00:00,40.0,44.0,49.0,82.87,82.908,111.199,74.97,52.89,26.8,28.45,269.83,0.2698,8,0
2022-06-02T07:00:00,17.0,110.0,116.0,70.06,70.014,105.885,65.405,113.32,27.1,30.64,573.62,0.5736,7,0
2022-06-02T08:00:00,29.0,197.0,213.0,56.86,56.793,101.122,55.59,206.71,27.4,33.86,1034.32,1.0343,7,0
2022-06-02T09:00:00,316.0,263.0,493.0,43.44,43.359,96.514,45.969,475.53,27.7,42.56,2304.59,2.3046,7,0
2022-06-02T10:00:00,517.0,259.0,707.0,29.88,29.798,91.429,37.14,666.05,28.2,49.01,3150.24,3.1502,8,0
2022-06-02T11:00:00,401.0,338.0,723.0,16.31,16.218,83.703,30.202,676.21,28.6,49.73,3189.51,3.1895,8,0
2022-06-02T12:00:00,85.0,425.0,510.0,3.59,3.574,39.298,26.869,486.86,29.0,44.21,2344.96,2.345,7,0
2022-06-02T13:00:00,0.0,61.0,61.0,11.7,11.836,281.034,28.505,58.89,29.3,31.14,297.56,0.2976,7,0
2022-06-02T14:00:00,0.0,112.0,112.0,25.23,25.368,270.571,34.445,108.13,29.4,32.78,543.14,0.5431,6,0
2022-06-02T15:00:00,11.0,261.0,270.0,38.81,38.95,265.043,42.787,260.12,29.5,37.63,1283.85,1.2838,7,0
2022-06-02T16:00:00,8.0,176.0,181.0,52.28,52.435,260.375,52.215,174.86,29.5,34.96,871.44,0.8714,7,0
2022-06-02T17:00:00,4.0,100.0,102.0,65.56,65.736,255.71,62.006,98.44,29.3,32.38,495.18,0.4952,7,0
2022-06-02T18:00:00,14.0,81.0,84.0,78.53,78.751,250.617,71.702,82.62,28.8,31.38,417.1,0.4171,7,0
2022-06-02T19:00:00,0.0,0.0,0.0,91.17,91.332,0.0,115.17,0.0,28.3,28.3,0.0,0.0,7,0
2022-06-02T20:00:00,0.0,0.0,0.0,103.08,103.245,0.0,127.08,0.0,27.9,27.9,0.0,0.0,7,0
2022-06-02T21:00:00,0.0,0.0,0.0,113.94,114.113,0.0,137.94,0.0,27.6,27.6,0.0,0.0,7,0
2022-06-02T22:00:00,0.0,0.0,0.0,123.14,123.315,0.0,147.14,0.0,27.3,27.3,0.0,0.0,8,0
2022-06-02T23:00:00,0.0,0.0,0.0,129.75,129.917,0.0,153.75,0.0,27.0,27.0,0.0,0.0,7,0
2022-06-03T00:00:00,0.0,0.0,0.0,132.67,132.676,0.0,156.67,0.0,26.7,26.7,0.0,0.0,6,0
2022-06-03T01:00:00,0.0,0.0,0.0,131.22,131.201,0.0,155.22,0.0,26.5,26.5,0.0,0.0,7,0
2022-06-03T02:00:00,0.0,0.0,0.0,125.75,125.715,0.0,149.75,0.0,26.3,26.3,0.0,0.0,6,0
2022-06-03T03:00:00,0.0,0.0,0.0,117.32,117.265,0.0,141.32,0.0,26.2,26.2,0.0,0.0,6,0
2022-06-03T04:00:00,0.0,0.0,0.0,106.94,106.878,0.0,130.94,0.0,26.1,26.1,0.0,0.0,6,0
2022-06-03T05:00:00,0.0,0.0,0.0,95.35,95.27,0.0,119.35,0.0,26.2,26.2,0.0,0.0,6,0
2022-06-03T06:00:00,13.0,35.0,37.0,82.85,82.889,111.332,74.9,37.19,26.6,27.76,190.2,0.1902,7,0
2022-06-03T07:00:00,0.0,42.0,42.0,70.05,70.006,106.026,65.339,40.55,26.8,28.07,207.13,0.2071,7,0
2022-06-03T08:00:00,83.0,223.0,268.0,56.86,56.793,101.281,55.525,262.66,26.9,35.11,1308.32,1.3083,7,0
2022-06-03T09:00:00,9.0,296.0,303.0,43.45,43.365,96.708,45.902,292.09,27.0,36.13,1449.52,1.4495,4,0
2022-06-03T10:00:00,3.0,209.0,212.0,29.9,29.808,91.696,37.065,204.19,27.1,33.48,1023.1,1.0231,8,0
2022-06-03T11:00:00,47.0,387.0,433.0,16.32,16.224,84.18,30.101,414.68,27.2,40.16,2027.68,2.0277,7,0
2022-06-03T12:00:00,125.0,424.0,549.0,3.52,3.498,41.069,26.748,522.04,27.5,43.81,2518.19,2.5182,7,0
2022-06-03T13:00:00,20.0,382.0,402.0,11.63,11.766,280.48,28.373,386.56,27.6,39.68,1893.54,1.8935,6,0
2022-06-03T14:00:00,2.0,215.0,217.0,25.17,25.306,270.295,34.319,209.23,27.6,34.14,1045.87,1.0459,6,0
2022-06-03T15:00:00,1.0,163.0,164.0,38.74,38.886,264.857,42.661,158.11,27.5,32.44,795.16,0.7952,6,0
2022-06-03T16:00:00,2.0,129.0,130.0,52.21,52.366,260.231,52.097,125.78,27.4,31.33,635.09,0.6351,7,0
2022-06-03T17:00:00,0.0,42.0,42.0,65.48,65.661,255.589,61.886,40.55,27.3,28.57,206.76,0.2068,6,0
2022-06-03T18:00:00,1.0,37.0,37.0,78.44,78.669,250.51,71.578,36.04,27.1,28.23,183.98,0.184,7,0
2022-06-03T19:00:00,0.0,0.0,0.0,91.08,91.24,0.0,115.08,0.0,27.0,27.0,0.0,0.0,7,0
2022-06-03T20:00:00,0.0,0.0,0.0,102.98,103.143,0.0,126.98,0.0,27.0,27.0,0.0,0.0,7,0
2022-06-03T21:00:00,0.0,0.0,0.0,113.83,113.999,0.0,137.83,0.0,27.1,27.1,0.0,0.0,6,0
2022-06-03T22:00:00,0.0,0.0,0.0,123.02,123.19,0.0,147.02,0.0,27.1,27.1,0.0,0.0,6,0
2022-06-03T23:00:00,0.0,0.0,0.0,129.62,129.784,0.0,153.62,0.0,26.8,26.8,0.0,0.0,9,0
2022-06-04T00:00:00,0.0,0.0,0.0,132.54,132.553,0.0,156.54,0.0,26.6,26.6,0.0,0.0,9,0
2022-06-04T01:00:00,0.0,0.0,0.0,131.11,131.094,0.0,155.11,0.0,26.4,26.4,0.0,0.0,9,0
2022-06-04T02:00:00,0.0,0.0,0.0,125.67,125.631,0.0,149.67,0.0,26.2,26.2,0.0,0.0,6,0
2022-06-04T03:00:00,0.0,0.0,0.0,117.26,117.203,0.0,141.26,0.0,26.1,26.1,0.0,0.0,9,0
2022-06-04T04:00:00,0.0,0.0,0.0,106.9,106.835,0.0,130.9,0.0,26.1,26.1,0.0,0.0,6,0
2022-06-04T05:00:00,0.0,0.0,0.0,95.32,95.243,0.0,119.32,0.0,26.3,26.3,0.0,0.0,7,0
2022-06-04T06:00:00,0.0,18.0,18.0,82.84,82.874,111.459,74.841,17.38,26.7,27.24,89.03,0.089,6,0
2022-06-04T07:00:00,1.0,52.0,52.0,70.05,70.001,106.161,65.284,50.62,27.0,28.58,258.11,0.2581,6,0
2022-06-04T08:00:00,7.0,155.0,159.0,56.87,56.796,101.433,55.472,153.64,27.3,32.1,773.65,0.7737,6,0
2022-06-04T09:00:00,21.0,263.0,279.0,43.46,43.374,96.892,45.839,268.67,27.8,36.2,1333.0,1.333,7,0
2022-06-04T10:00:00,4.0,249.0,253.0,29.91,29.821,91.951,36.987,243.62,28.1,35.71,1210.82,1.2108,6,0
2022-06-04T11:00:00,12.0,342.0,353.0,16.33,16.234,84.633,30.003,340.66,28.2,38.85,1673.84,1.6738,6,0
2022-06-04T12:00:00,0.0,100.0,100.0,3.46,3.431,42.861,26.634,96.54,28.2,31.22,487.67,0.4877,5,0
2022-06-04T13:00:00,7.0,320.0,327.0,11.56,11.697,279.953,28.246,315.16,28.1,37.95,1553.66,1.5537,6,0
2022-06-04T14:00:00,67.0,383.0,444.0,25.11,25.245,270.034,34.197,425.7,27.9,41.2,2073.54,2.0735,8,0
2022-06-04T15:00:00,23.0,274.0,291.0,38.68,38.823,264.681,42.547,281.62,27.8,36.6,1395.15,1.3952,7,0
2022-06-04T16:00:00,32.0,228.0,248.0,52.14,52.298,260.095,51.982,240.0,27.9,35.4,1194.18,1.1942,6,0
2022-06-04T17:00:00,46.0,168.0,187.0,65.41,65.587,255.476,61.777,184.11,27.9,33.65,921.89,0.9219,7,0
2022-06-04T18:00:00,0.0,9.0,9.0,78.36,78.587,250.411,71.465,8.69,27.7,27.97,44.4,0.0444,6,0
2022-06-04T19:00:00,0.0,0.0,0.0,90.99,91.15,0.0,114.99,0.0,27.7,27.7,0.0,0.0,6,0
2022-06-04T20:00:00,0.0,0.0,0.0,102.88,103.043,0.0,126.88,0.0,28.0,28.0,0.0,0.0,7,0
2022-06-04T21:00:00,0.0,0.0,0.0,113.72,113.888,0.0,137.72,0.0,28.2,28.2,0.0,0.0,8,0
2022-06-04T22:00:00,0.0,0.0,0.0,122.9,123.069,0.0,146.9,0.0,28.1,28.1,0.0,0.0,8,0
2022-06-04T23:00:00,0.0,0.0,0.0,129.5,129.657,0.0,153.5,0.0,27.9,27.9,0.0,0.0,7,0
2022-06-05T00:00:00,0.0,0.0,0.0,132.43,132.436,0.0,156.43,0.0,27.8,27.8,0.0,0.0,7,0
2022-06-05T01:00:00,0.0,0.0,0.0,131.01,130.993,0.0,155.01,0.0,27.7,27.7,0.0,0.0,3,0
2022-06-05T02:00:00,0.0,0.0,0.0,125.59,125.552,0.0,149.59,0.0,27.6,27.6,0.0,0.0,6,0
2022-06-05T03:00:00,0.0,0.0,0.0,117.21,117.147,0.0,141.21,0.0,27.6,27.6,0.0,0.0,3,0
2022-06-05T04:00:00,0.0,0.0,0.0,106.87,106.797,0.0,130.87,0.0,27.5,27.5,0.0,0.0,3,0
2022-06-05T05:00:00,0.0,0.0,0.0,95.3,95.22,0.0,119.3,0.0,27.4,27.4,0.0,0.0,3,0
2022-06-05T06:00:00,39.0,58.0,63.0,82.84,82.863,111.581,74.793,66.27,27.6,29.67,336.59,0.3366,7,0
2022-06-05T07:00:00,0.0,65.0,65.0,70.05,69.999,106.291,65.232,62.75,27.8,29.76,318.64,0.3186,3,0
2022-06-05T08:00:00,0.0,77.0,77.0,56.88,56.802,101.578,55.422,74.34,28.0,30.32,376.71,0.3767,7,0
2022-06-05T09:00:00,0.0,78.0,78.0,43.47,43.386,97.068,45.779,75.3,28.4,30.75,381.01,0.381,3,0
2022-06-05T10:00:00,5.0,346.0,351.0,29.93,29.837,92.192,36.92,338.08,28.7,39.26,1658.58,1.6586,3,0
2022-06-05T11:00:00,2.0,346.0,348.0,16.35,16.248,85.064,29.917,335.79,28.8,39.29,1647.17,1.6472,3,0
2022-06-05T12:00:00,296.0,482.0,778.0,3.41,3.374,44.659,26.528,732.73,28.9,51.8,3428.75,3.4287,3,0
2022-06-05T13:00:00,892.0,107.0,981.0,11.5,11.63,279.453,28.129,897.5,28.8,56.85,4117.89,4.1179,0,0
2022-06-05T14:00:00,882.0,99.0,898.0,25.05,25.184,269.788,34.08,833.0,28.8,54.83,3852.32,3.8523,0,0
2022-06-05T15:00:00,851.0,92.0,757.0,38.61,38.76,264.515,42.429,722.7,28.7,51.28,3388.54,3.3885,0,0
2022-06-05T16:00:00,786.0,86.0,569.0,52.07,52.231,259.968,51.87,572.51,28.6,46.49,2733.94,2.7339,0,0
2022-06-05T17:00:00,682.0,71.0,356.0,65.34,65.513,255.369,61.671,394.64,28.4,40.73,1925.6,1.9256,0,0
2022-06-05T18:00:00,476.0,47.0,144.0,78.29,78.507,250.318,71.364,198.32,28.3,34.5,990.03,0.99,0,0
2022-06-05T19:00:00,0.0,0.0,0.0,90.91,91.062,0.0,114.91,0.0,28.1,28.1,0.0,0.0,0,0
2022-06-05T20:00:00,0.0,0.0,0.0,102.79,102.946,0.0,126.79,0.0,28.1,28.1,0.0,0.0,7,0
2022-06-05T21:00:00,0.0,0.0,0.0,113.62,113.781,0.0,137.62,0.0,28.1,28.1,0.0,0.0,7,0
2022-06-05T22:00:00,0.0,0.0,0.0,122.79,122.953,0.0,146.79,0.0,28.1,28.1,0.0,0.0,0,0
2022-06-05T23:00:00,0.0,0.0,0.0,129.39,129.536,0.0,153.39,0.0,28.0,28.0,0.0,0.0,0,0
2022-06-06T00:00:00,0.0,0.0,0.0,132.32,132.326,0.0,156.32,0.0,28.0,28.0,0.0,0.0,0,0
2022-06-06T01:00:00,0.0,0.0,0.0,130.92,130.899,0.0,154.92,0.0,28.0,28.0,0.0,0.0,7,0
2022-06-06T02:00:00,0.0,0.0,0.0,125.52,125.48,0.0,149.52,0.0,28.0,28.0,0.0,0.0,7,0
2022-06-06T03:00:00,0.0,0.0,0.0,117.16,117.096,0.0,141.16,0.0,27.9,27.9,0.0,0.0,0,0
2022-06-06T04:00:00,0.0,0.0,0.0,106.84,106.764,0.0,130.84,0.0,27.8,27.8,0.0,0.0,0,0
2022-06-06T05:00:00,0.0,0.0,0.0,95.28,95.202,0.0,119.28,0.0,27.7,27.7,0.0,0.0,0,0
2022-06-06T06:00:00,69.0,62.0,70.0,82.83,82.856,111.697,74.739,78.09,27.7,30.14,395.97,0.396,7,0
2022-06-06T07:00:00,585.0,72.0,272.0,70.05,70.001,106.413,65.182,316.78,27.8,37.7,1563.08,1.5631,0,0
2022-06-06T08:00:00,1.0,98.0,99.0,56.89,56.812,101.715,55.375,95.19,27.9,30.87,481.42,0.4814,8,0
2022-06-06T09:00:00,204.0,294.0,442.0,43.49,43.401,97.235,45.731,427.51,28.0,41.36,2081.15,2.0812,7,0
2022-06-06T10:00:00,0.0,66.0,66.0,29.95,29.856,92.421,36.857,63.72,28.0,29.99,323.27,0.3233,8,0
2022-06-06T11:00:00,1.0,188.0,189.0,16.37,16.266,85.472,29.835,182.37,27.8,33.5,913.72,0.9137,7,0
2022-06-06T12:00:00,14.0,375.0,389.0,3.37,3.325,46.451,26.428,374.69,27.7,39.41,1837.23,1.8372,7,0
2022-06-06T13:00:00,3.0,239.0,242.0,11.43,11.564,278.982,28.013,233.41,27.5,34.79,1163.95,1.164,8,0
2022-06-06T14:00:00,48.0,373.0,416.0,24.99,25.124,269.556,33.968,400.28,27.2,39.71,1960.55,1.9605,7,0
2022-06-06T15:00:00,0.0,220.0,220.0,38.55,38.698,264.36,42.323,212.39,27.0,33.64,1063.58,1.0636,3,0
2022-06-06T16:00:00,6.0,170.0,173.0,52.01,52.164,259.848,51.771,167.86,26.8,32.05,845.41,0.8454,7,0
2022-06-06T17:00:00,0.0,60.0,60.0,65.26,65.441,255.27,61.56,57.93,26.6,28.41,295.54,0.2955,7,0
2022-06-06T18:00:00,0.0,11.0,11.0,78.21,78.428,250.232,71.257,10.62,26.4,26.73,54.5,0.0545,7,0
2022-06-06T19:00:00,0.0,0.0,0.0,90.24,90.976,0.0,114.24,0.0,26.2,26.2,0.0,0.0,7,0
2022-06-06T20:00:00,0.0,0.0,0.0,102.7,102.852,0.0,126.7,0.0,26.0,26.0,0.0,0.0,5,0
2022-06-06T21:00:00,0.0,0.0,0.0,113.52,113.678,0.0,137.52,0.0,26.0,26.0,0.0,0.0,8,0
2022-06-06T22:00:00,0.0,0.0,0.0,122.69,122.841,0.0,146.69,0.0,26.0,26.0,0.0,0.0,8,0
2022-06-06T23:00:00,0.0,0.0,0.0,129.28,129.42,0.0,153.28,0.0,25.9,25.9,0.0,0.0,7,0
2022-06-07T00:00:00,0.0,0.0,0.0,132.22,132.222,0.0,156.22,0.0,25.9,25.9,0.0,0.0,6,0
2022-06-07T01:00:00,0.0,0.0,0.0,130.83,130.812,0.0,154.83,0.0,25.9,25.9,0.0,0.0,7,0
2022-06-07T02:00:00,0.0,0.0,0.0,125.46,125.415,0.0,149.46,0.0,25.9,25.9,0.0,0.0,7,0
2022-06-07T03:00:00,0.0,0.0,0.0,117.11,117.051,0.0,141.11,0.0,25.9,25.9,0.0,0.0,7,0
2022-06-07T04:00:00,0.0,0.0,0.0,106.81,106.737,0.0,130.81,0.0,25.9,25.9,0.0,0.0,9,0
2022-06-07T05:00:00,0.0,0.0,0.0,95.27,95.187,0.0,119.27,0.0,25.9,25.9,0.0,0.0,9,0
2022-06-07T06:00:00,0.0,5.0,5.0,82.83,82.852,111.807,74.696,4.83,26.1,26.25,24.82,0.0248,6,0
2022-06-07T07:00:00,0.0,31.0,31.0,70.06,70.007,106.53,65.144,29.93,26.2,27.14,153.39,0.1534,9,0
2022-06-07T08:00:00,0.0,78.0,79.0,56.9,56.824,101.845,55.331,75.31,26.4,28.75,383.78,0.3838,6,0
2022-06-07T09:00:00,1.0,118.0,119.0,43.51,43.419,97.392,45.687,114.63,26.5,30.08,581.37,0.5814,6,0
2022-06-07T10:00:00,151.0,377.0,508.0,29.98,29.878,92.637,36.806,486.0,26.8,41.99,2360.35,2.3604,6,0
2022-06-07T11:00:00,831.0,143.0,940.0,16.39,16.287,85.856,29.758,866.36,27.1,54.17,4016.87,4.0169,0,0
2022-06-07T12:00:00,614.0,204.0,817.0,3.34,3.285,48.222,26.336,752.52,27.3,50.82,3534.69,3.5347,7,0
2022-06-07T13:00:00,795.0,106.0,885.0,11.37,11.5,278.539,27.907,811.62,27.5,52.86,3782.29,3.7823,7,0
2022-06-07T14:00:00,546.0,234.0,730.0,24.93,25.064,269.339,33.86,683.6,27.6,48.96,3233.87,3.2339,7,0
2022-06-07T15:00:00,344.0,296.0,565.0,38.49,38.636,264.215,42.221,542.84,27.6,44.56,2611.17,2.6112,7,0
2022-06-07T16:00:00,368.0,216.0,443.0,51.94,52.098,259.738,51.666,438.74,27.6,41.31,2136.22,2.1362,7,0
2022-06-07T17:00:00,185.0,188.0,265.0,65.19,65.37,255.179,61.46,270.55,27.5,35.95,1343.5,1.3435,7,0
2022-06-07T18:00:00,103.0,100.0,121.0,78.13,78.351,250.152,71.152,130.0,27.3,31.36,656.33,0.6563,7,0
2022-06-07T19:00:00,0.0,0.0,0.0,90.17,90.892,0.0,114.17,0.0,27.2,27.2,0.0,0.0,7,0
2022-06-07T20:00:00,0.0,0.0,0.0,102.61,102.76,0.0,126.61,0.0,27.1,27.1,0.0,0.0,1,0
2022-06-07T21:00:00,0.0,0.0,0.0,113.42,113.578,0.0,137.42,0.0,27.0,27.0,0.0,0.0,7,0
2022-06-07T22:00:00,0.0,0.0,0.0,122.59,122.734,0.0,146.59,0.0,26.9,26.9,0.0,0.0,7,0
2022-06-07T23:00:00,0.0,0.0,0.0,129.18,129.311,0.0,153.18,0.0,26.8,26.8,0.0,0.0,1,0
2022-06-08T00:00:00,0.0,0.0,0.0,132.12,132.126,0.0,156.12,0.0,26.7,26.7,0.0,0.0,7,0
2022-06-08T01:00:00,0.0,0.0,0.0,130.76,130.732,0.0,154.76,0.0,26.7,26.7,0.0,0.0,7,0
2022-06-08T02:00:00,0.0,0.0,0.0,125.4,125.355,0.0,149.4,0.0,26.6,26.6,0.0,0.0,3,0
2022-06-08T03:00:00,0.0,0.0,0.0,117.08,117.012,0.0,141.08,0.0,26.4,26.4,0.0,0.0,4,0
2022-06-08T04:00:00,0.0,0.0,0.0,106.79,106.713,0.0,130.79,0.0,26.3,26.3,0.0,0.0,8,0
2022-06-08T05:00:00,0.0,0.0,0.0,95.26,95.177,0.0,119.26,0.0,26.3,26.3,0.0,0.0,7,0
2022-06-08T06:00:00,1.0,29.0,29.0,82.83,82.853,111.912,74.655,28.26,26.6,27.48,144.67,0.1447,7,0
2022-06-08T07:00:00,3.0,119.0,120.0,70.07,70.015,106.64,65.109,116.16,26.9,30.53,588.19,0.5882,4,0
2022-06-08T08:00:00,2.0,192.0,193.0,56.92,56.839,101.968,55.299,186.51,27.1,32.93,936.35,0.9364,4,0
2022-06-08T09:00:00,16.0,308.0,320.0,43.53,43.44,97.54,45.646,308.64,27.4,37.04,1526.54,1.5265,4,0
2022-06-08T10:00:00,456.0,359.0,754.0,30.0,29.902,92.84,36.752,715.36,27.9,50.26,3367.43,3.3674,3,0
2022-06-08T11:00:00,180.0,488.0,660.0,16.42,16.31,86.216,29.692,628.98,28.3,47.96,2986.93,2.9869,4,0
2022-06-08T12:00:00,313.0,398.0,710.0,3.32,3.254,49.958,26.252,667.65,28.6,49.46,3152.38,3.1524,7,0
2022-06-08T13:00:00,131.0,445.0,574.0,11.3,11.436,278.125,27.801,546.61,28.8,45.88,2616.25,2.6162,8,0
2022-06-08T14:00:00,334.0,345.0,648.0,24.87,25.005,269.138,33.757,613.38,28.8,47.97,2912.71,2.9127,7,0
2022-06-08T15:00:00,1.0,133.0,134.0,38.43,38.574,264.081,42.123,129.15,28.6,32.64,649.08,0.6491,7,0
2022-06-08T16:00:00,240.0,262.0,410.0,51.87,52.032,259.635,51.565,403.41,28.3,40.91,1967.14,1.9671,8,0
2022-06-08T17:00:00,87.0,218.0,255.0,65.12,65.3,255.094,61.363,252.48,27.9,35.79,1254.49,1.2545,3,0
2022-06-08T18:00:00,3.0,85.0,86.0,78.06,78.275,250.079,71.06,83.04,27.6,30.2,421.02,0.421,3,0
2022-06-08T19:00:00,0.0,0.0,0.0,90.1,90.81,0.0,114.1,0.0,27.4,27.4,0.0,0.0,4,0
2022-06-08T20:00:00,0.0,0.0,0.0,102.52,102.671,0.0,126.52,0.0,27.2,27.2,0.0,0.0,4,0
2022-06-08T21:00:00,0.0,0.0,0.0,113.33,113.482,0.0,137.33,0.0,27.1,27.1,0.0,0.0,5,0
2022-06-08T22:00:00,0.0,0.0,0.0,122.49,122.633,0.0,146.49,0.0,27.0,27.0,0.0,0.0,5,0
2022-06-08T23:00:00,0.0,0.0,0.0,129.08,129.207,0.0,153.08,0.0,26.8,26.8,0.0,0.0,3,0
2022-06-09T00:00:00,0.0,0.0,0.0,132.03,132.035,0.0,156.03,0.0,26.7,26.7,0.0,0.0,0,0
2022-06-09T01:00:00,0.0,0.0,0.0,130.68,130.658,0.0,154.68,0.0,26.7,26.7,0.0,0.0,0,0
2022-06-09T02:00:00,0.0,0.0,0.0,125.35,125.302,0.0,149.35,0.0,26.6,26.6,0.0,0.0,0,0
2022-06-09T03:00:00,0.0,0.0,0.0,117.05,116.978,0.0,141.05,0.0,26.6,26.6,0.0,0.0,0,0
2022-06-09T04:00:00,0.0,0.0,0.0,106.78,106.695,0.0,130.78,0.0,26.6,26.6,0.0,0.0,3,0
2022-06-09T05:00:00,0.0,0.0,0.0,95.26,95.172,0.0,119.26,0.0,26.7,26.7,0.0,0.0,0,0
2022-06-09T06:00:00,247.0,40.0,71.0,82.84,82.857,112.011,74.626,104.37,26.9,30.16,529.19,0.5292,0,0
2022-06-09T07:00:00,556.0,79.0,268.0,70.08,70.027,106.744,65.076,312.21,27.2,36.96,1544.71,1.5447,1,0
2022-06-09T08:00:00,159.0,242.0,329.0,56.94,56.858,102.083,55.27,324.97,27.5,37.66,1603.73,1.6037,7,0
2022-06-09T09:00:00,492.0,236.0,592.0,43.56,43.464,97.679,45.617,575.05,27.8,45.77,2753.55,2.7535,8,0
2022-06-09T10:00:00,830.0,124.0,843.0,30.03,29.929,93.029,36.71,791.31,28.2,52.93,3686.73,3.6867,0,0
2022-06-09T11:00:00,855.0,130.0,949.0,16.44,16.337,86.553,29.625,875.82,28.6,55.97,4032.29,4.0323,0,0
2022-06-09T12:00:00,66.0,428.0,494.0,3.3,3.23,51.645,26.168,473.0,28.8,43.58,2283.63,2.2836,7,0
2022-06-09T13:00:00,12.0,356.0,368.0,11.24,11.374,277.741,27.706,354.42,29.0,40.08,1733.55,1.7336,6,0
2022-06-09T14:00:00,2.0,218.0,219.0,24.81,24.946,268.951,33.659,212.13,29.1,35.73,1054.27,1.0543,6,0
2022-06-09T15:00:00,69.0,334.0,388.0,38.37,38.513,263.958,42.028,374.17,29.0,40.69,1826.0,1.826,7,0
2022-06-09T16:00:00,187.0,266.0,382.0,51.81,51.968,259.541,51.475,374.28,28.7,40.4,1828.53,1.8285,7,0
2022-06-09T17:00:00,63.0,185.0,211.0,65.06,65.231,255.017,61.278,209.1,28.3,34.83,1042.59,1.0426,7,0
2022-06-09T18:00:00,78.0,104.0,120.0,77.99,78.201,250.013,70.969,125.98,27.9,31.84,634.94,0.6349,8,0
2022-06-09T19:00:00,0.0,0.0,0.0,90.04,90.73,0.0,114.04,0.0,27.5,27.5,0.0,0.0,8,0
2022-06-09T20:00:00,0.0,0.0,0.0,102.44,102.585,0.0,126.44,0.0,27.3,27.3,0.0,0.0,3,0
2022-06-09T21:00:00,0.0,0.0,0.0,113.24,113.39,0.0,137.24,0.0,27.2,27.2,0.0,0.0,7,0
2022-06-09T22:00:00,0.0,0.0,0.0,122.4,122.536,0.0,146.4,0.0,27.0,27.0,0.0,0.0,4,0
2022-06-09T23:00:00,0.0,0.0,0.0,128.99,129.109,0.0,152.99,0.0,26.9,26.9,0.0,0.0,5,0
2022-06-10T00:00:00,0.0,0.0,0.0,131.95,131.952,0.0,155.95,0.0,26.8,26.8,0.0,0.0,1,0
2022-06-10T01:00:00,0.0,0.0,0.0,130.62,130.591,0.0,154.62,0.0,26.8,26.8,0.0,0.0,0,0
2022-06-10T02:00:00,0.0,0.0,0.0,125.31,125.255,0.0,149.31,0.0,26.7,26.7,0.0,0.0,0,0
2022-06-10T03:00:00,0.0,0.0,0.0,117.02,116.949,0.0,141.02,0.0,26.7,26.7,0.0,0.0,8,0
2022-06-10T04:00:00,0.0,0.0,0.0,106.76,106.682,0.0,130.76,0.0,26.7,26.7,0.0,0.0,8,0
2022-06-10T05:00:00,0.0,0.0,0.0,95.26,95.17,0.0,119.26,0.0,26.7,26.7,0.0,0.0,5,0
2022-06-10T06:00:00,320.0,36.0,76.0,82.85,82.864,112.104,74.599,120.08,27.1,30.85,607.37,0.6074,0,0
2022-06-10T07:00:00,608.0,68.0,275.0,70.1,70.043,106.841,65.055,323.86,27.2,37.32,1600.24,1.6002,0,0
2022-06-10T08:00:00,741.0,87.0,491.0,56.96,56.879,102.191,55.244,509.92,27.4,43.34,2464.13,2.4641,0,0
2022-06-10T09:00:00,811.0,101.0,689.0,43.59,43.49,97.808,45.591,670.11,27.5,48.44,3176.38,3.1764,0,0
2022-06-10T10:00:00,820.0,131.0,840.0,30.06,29.958,93.205,36.672,790.29,27.9,52.6,3686.71,3.6867,0,0
2022-06-10T11:00:00,1.0,177.0,178.0,16.48,16.366,86.865,29.575,171.76,28.5,33.87,859.39,0.8594,7,0
2022-06-10T12:00:00,424.0,327.0,750.0,3.29,3.215,53.27,26.093,700.13,28.9,50.78,3289.12,3.2891,8,0
2022-06-10T13:00:00,679.0,166.0,832.0,11.18,11.312,277.389,27.617,767.66,29.3,53.29,3571.5,3.5715,8,0
2022-06-10T14:00:00,599.0,232.0,776.0,24.75,24.888,268.781,33.566,727.8,29.6,52.34,3398.51,3.3985,8,0
2022-06-10T15:00:00,21.0,295.0,312.0,38.31,38.453,263.845,41.938,300.57,29.7,39.09,1475.5,1.4755,7,0
2022-06-10T16:00:00,311.0,242.0,434.0,51.75,51.904,259.456,51.39,429.36,29.7,43.12,2076.53,2.0765,8,0
2022-06-10T17:00:00,599.0,96.0,349.0,64.99,65.163,254.948,61.187,383.56,29.5,41.49,1866.31,1.8663,0,0
2022-06-10T18:00:00,366.0,63.0,140.0,77.92,78.129,249.954,70.882,181.36,29.3,34.97,903.82,0.9038,0,0
2022-06-10T19:00:00,0.0,0.0,0.0,89.98,90.653,0.0,113.98,0.0,29.1,29.1,0.0,0.0,0,0
2022-06-10T20:00:00,0.0,0.0,0.0,102.36,102.503,0.0,126.36,0.0,29.0,29.0,0.0,0.0,0,0
2022-06-10T21:00:00,0.0,0.0,0.0,113.16,113.302,0.0,137.16,0.0,29.0,29.0,0.0,0.0,0,0
2022-06-10T22:00:00,0.0,0.0,0.0,122.31,122.443,0.0,146.31,0.0,28.9,28.9,0.0,0.0,0,0
2022-06-10T23:00:00,0.0,0.0,0.0,128.9,129.018,0.0,152.9,0.0,28.6,28.6,0.0,0.0,0,0
2022-06-11T00:00:00,0.0,0.0,0.0,131.87,131.875,0.0,155.87,0.0,28.2,28.2,0.0,0.0,0,0
2022-06-11T01:00:00,0.0,0.0,0.0,130.56,130.53,0.0,154.56,0.0,27.9,27.9,0.0,0.0,7,0
2022-06-11T02:00:00,0.0,0.0,0.0,125.27,125.214,0.0,149.27,0.0,27.6,27.6,0.0,0.0,0,0
2022-06-11T03:00:00,0.0,0.0,0.0,117.0,116.926,0.0,141.0,0.0,27.3,27.3,0.0,0.0,0,0
2022-06-11T04:00:00,0.0,0.0,0.0,106.76,106.673,0.0,130.76,0.0,27.2,27.2,0.0,0.0,0,0
2022-06-11T05:00:00,0.0,0.0,0.0,95.27,95.173,0.0,119.27,0.0,27.2,27.2,0.0,0.0,0,0
2022-06-11T06:00:00,246.0,41.0,72.0,82.86,82.876,112.191,74.575,105.28,27.7,30.99,532.25,0.5322,0,1
2022-06-11T07:00:00,553.0,80.0,268.0,70.12,70.061,106.932,65.036,312.25,28.0,37.76,1540.39,1.5404,0,0
2022-06-11T08:00:00,700.0,103.0,484.0,56.99,56.903,102.291,55.229,501.94,28.3,43.99,2419.66,2.4197,0,0
2022-06-11T09:00:00,779.0,117.0,681.0,43.61,43.518,97.928,45.561,663.25,28.6,49.33,3133.24,3.1332,0,0
2022-06-11T10:00:00,824.0,128.0,840.0,30.1,29.99,93.368,36.646,790.86,28.9,53.61,3674.79,3.6748,0,0
2022-06-11T11:00:00,103.0,458.0,557.0,16.51,16.398,87.153,29.525,532.64,29.2,45.85,2549.76,2.5498,3,0
2022-06-11T12:00:00,135.0,441.0,576.0,3.29,3.206,54.82,26.026,548.23,29.4,46.53,2617.56,2.6176,7,0
2022-06-11T13:00:00,5.0,302.0,307.0,11.12,11.252,277.067,27.533,296.03,29.5,38.75,1455.07,1.4551,6,0
2022-06-11T14:00:00,25.0,366.0,389.0,24.69,24.83,268.625,33.477,374.39,29.6,41.3,1822.99,1.823,6,0
2022-06-11T15:00:00,667.0,185.0,709.0,38.25,38.393,263.742,41.852,679.96,29.6,50.85,3193.49,3.1935,7,0
2022-06-11T16:00:00,2.0,134.0,136.0,51.69,51.841,259.379,51.307,130.63,29.5,33.58,654.3,0.6543,6,0
2022-06-11T17:00:00,689.0,72.0,364.0,64.92,65.097,254.885,61.099,405.02,29.4,42.06,1966.59,1.9666,0,0
2022-06-11T18:00:00,491.0,48.0,152.0,77.85,78.059,249.902,70.797,208.74,29.1,35.62,1037.78,1.0378,0,0
2022-06-11T19:00:00,0.0,0.0,0.0,89.92,90.578,0.0,113.92,0.0,28.9,28.9,0.0,0.0,0,0
2022-06-11T20:00:00,0.0,0.0,0.0,102.28,102.423,0.0,126.28,0.0,28.8,28.8,0.0,0.0,0,0
2022-06-11T21:00:00,0.0,0.0,0.0,113.08,113.218,0.0,137.08,0.0,28.6,28.6,0.0,0.0,0,0
2022-06-11T22:00:00,0.0,0.0,0.0,122.23,122.356,0.0,146.23,0.0,28.4,28.4,0.0,0.0,0,0
2022-06-11T23:00:00,0.0,0.0,0.0,128.83,128.932,0.0,152.83,0.0,28.2,28.2,0.0,0.0,7,0
2022-06-12T00:00:00,0.0,0.0,0.0,131.81,131.805,0.0,155.81,0.0,28.0,28.0,0.0,0.0,0,0
2022-06-12T01:00:00,0.0,0.0,0.0,130.51,130.477,0.0,154.51,0.0,27.8,27.8,0.0,0.0,0,0
2022-06-12T02:00:00,0.0,0.0,0.0,125.23,125.179,0.0,149.23,0.0,27.6,27.6,0.0,0.0,8,0
2022-06-12T03:00:00,0.0,0.0,0.0,116.98,116.908,0.0,140.98,0.0,27.5,27.5,0.0,0.0,7,0
2022-06-12T04:00:00,0.0,0.0,0.0,106.75,106.669,0.0,130.75,0.0,27.4,27.4,0.0,0.0,0,0
2022-06-12T05:00:00,0.0,0.0,0.0,95.27,95.179,0.0,119.27,0.0,27.4,27.4,0.0,0.0,0,0
2022-06-12T06:00:00,264.0,40.0,73.0,82.87,82.891,112.272,74.553,109.22,27.7,31.11,551.92,0.5519,0,0
2022-06-12T07:00:00,559.0,80.0,270.0,70.14,70.082,107.016,65.02,314.94,27.9,37.74,1553.75,1.5538,0,0
2022-06-12T08:00:00,698.0,105.0,485.0,57.02,56.93,102.384,55.218,502.83,28.0,43.71,2426.44,2.4264,0,0
2022-06-12T09:00:00,774.0,122.0,682.0,43.65,43.549,98.038,45.551,664.63,28.1,48.87,3145.28,3.1453,0,0
2022-06-12T10:00:00,823.0,130.0,842.0,30.13,30.023,93.517,36.617,792.23,28.3,53.06,3689.17,3.6892,0,0
2022-06-12T11:00:00,850.0,135.0,949.0,16.54,16.432,87.417,29.48,877.32,28.5,55.92,4040.04,4.04,0,0
2022-06-12T12:00:00,859.0,136.0,994.0,3.29,3.205,56.286,25.962,911.03,28.6,57.07,4176.29,4.1763,1,0
2022-06-12T13:00:00,772.0,135.0,893.0,11.06,11.193,276.777,27.455,821.93,28.7,54.39,3807.75,3.8077,7,0
2022-06-12T14:00:00,168.0,413.0,566.0,24.63,24.772,268.486,33.394,540.31,28.8,45.68,2588.02,2.588,6,0
2022-06-12T15:00:00,2.0,175.0,176.0,38.19,38.334,263.651,41.77,170.45,28.9,34.23,851.73,0.8517,9,0
2022-06-12T16:00:00,0.0,15.0,15.0,51.62,51.779,259.31,51.219,14.48,28.9,29.35,73.64,0.0736,6,0
2022-06-12T17:00:00,2.0,85.0,85.0,64.86,65.032,254.83,61.023,83.03,28.8,31.39,419.15,0.4191,6,0
2022-06-12T18:00:00,195.0,94.0,136.0,77.78,77.99,249.856,70.715,155.51,28.6,33.46,779.26,0.7793,8,0
2022-06-12T19:00:00,0.0,0.0,0.0,89.86,90.506,0.0,113.86,0.0,28.4,28.4,0.0,0.0,0,0
2022-06-12T20:00:00,0.0,0.0,0.0,102.21,102.347,0.0,126.21,0.0,28.4,28.4,0.0,0.0,0,0
2022-06-12T21:00:00,0.0,0.0,0.0,113.0,113.138,0.0,137.0,0.0,28.3,28.3,0.0,0.0,0,0
2022-06-12T22:00:00,0.0,0.0,0.0,122.15,122.275,0.0,146.15,0.0,28.2,28.2,0.0,0.0,0,0
2022-06-12T23:00:00,0.0,0.0,0.0,128.75,128.852,0.0,152.75,0.0,28.1,28.1,0.0,0.0,0,0
2022-06-13T00:00:00,0.0,0.0,0.0,131.74,131.741,0.0,155.74,0.0,28.0,28.0,0.0,0.0,0,0
2022-06-13T01:00:00,0.0,0.0,0.0,130.46,130.43,0.0,154.46,0.0,27.9,27.9,0.0,0.0,0,0
2022-06-13T02:00:00,0.0,0.0,0.0,125.21,125.151,0.0,149.21,0.0,27.8,27.8,0.0,0.0,0,0
2022-06-13T03:00:00,0.0,0.0,0.0,116.97,116.896,0.0,140.97,0.0,27.8,27.8,0.0,0.0,0,0
2022-06-13T04:00:00,0.0,0.0,0.0,106.76,106.67,0.0,130.76,0.0,27.8,27.8,0.0,0.0,7,0
2022-06-13T05:00:00,0.0,0.0,0.0,95.29,95.19,0.0,119.29,0.0,27.9,27.9,0.0,0.0,8,0
2022-06-13T06:00:00,241.0,41.0,71.0,82.89,82.909,112.347,74.542,104.08,28.2,31.45,525.29,0.5253,0,0
2022-06-13T07:00:00,543.0,82.0,267.0,70.17,70.107,107.093,65.016,310.11,28.5,38.19,1527.39,1.5274,0,0
2022-06-13T08:00:00,688.0,107.0,481.0,57.05,56.959,102.468,55.21,499.09,28.7,44.3,2403.11,2.4031,0,0
2022-06-13T09:00:00,408.0,269.0,564.0,43.68,43.582,98.139,45.537,548.03,28.9,46.03,2621.65,2.6216,7,0
2022-06-13T10:00:00,0.0,56.0,56.0,30.17,30.059,93.653,36.6,54.06,29.1,30.79,273.51,0.2735,6,0
2022-06-13T11:00:00,462.0,304.0,747.0,16.58,16.468,87.656,29.446,699.63,29.3,51.16,3281.91,3.2819,8,0
2022-06-13T12:00:00,3.0,382.0,385.0,3.3,3.21,57.656,25.907,371.51,29.5,41.11,1810.24,1.8102,3,0
2022-06-13T13:00:00,205.0,436.0,637.0,11.0,11.134,276.52,27.383,604.69,29.6,48.5,2865.68,2.8657,7,0
2022-06-13T14:00:00,15.0,349.0,363.0,24.58,24.716,268.362,33.322,349.59,29.6,40.52,1707.09,1.7071,6,0
2022-06-13T15:00:00,348.0,298.0,572.0,38.13,38.276,263.57,41.692,549.93,29.6,46.79,2623.16,2.6232,7,0
2022-06-13T16:00:00,677.0,135.0,556.0,51.56,51.719,259.251,51.144,558.7,29.4,46.86,2664.25,2.6643,0,0
2022-06-13T17:00:00,554.0,110.0,346.0,64.8,64.968,254.783,60.95,377.24,29.2,40.99,1838.97,1.839,0,0
2022-06-13T18:00:00,322.0,71.0,140.0,77.72,77.923,249.817,70.645,175.86,28.9,34.4,878.23,0.8782,7,5
2022-06-13T19:00:00,0.0,0.0,0.0,89.8,90.436,0.0,113.8,0.0,28.5,28.5,0.0,0.0,0,0
2022-06-13T20:00:00,0.0,0.0,0.0,102.14,102.273,0.0,126.14,0.0,28.4,28.4,0.0,0.0,0,0
2022-06-13T21:00:00,0.0,0.0,0.0,112.93,113.062,0.0,136.93,0.0,28.2,28.2,0.0,0.0,0,0
2022-06-13T22:00:00,0.0,0.0,0.0,122.08,122.198,0.0,146.08,0.0,28.1,28.1,0.0,0.0,0,0
2022-06-13T23:00:00,0.0,0.0,0.0,128.69,128.779,0.0,152.69,0.0,28.0,28.0,0.0,0.0,0,0
2022-06-14T00:00:00,0.0,0.0,0.0,131.69,131.685,0.0,155.69,0.0,27.8,27.8,0.0,0.0,0,0
2022-06-14T01:00:00,0.0,0.0,0.0,130.42,130.39,0.0,154.42,0.0,27.7,27.7,0.0,0.0,0,0
2022-06-14T02:00:00,0.0,0.0,0.0,125.19,125.129,0.0,149.19,0.0,27.6,27.6,0.0,0.0,0,0
2022-06-14T03:00:00,0.0,0.0,0.0,116.96,116.89,0.0,140.96,0.0,27.5,27.5,0.0,0.0,0,0
2022-06-14T04:00:00,0.0,0.0,0.0,106.76,106.675,0.0,130.76,0.0,27.4,27.4,0.0,0.0,0,0
2022-06-14T05:00:00,0.0,0.0,0.0,95.3,95.205,0.0,119.3,0.0,27.4,27.4,0.0,0.0,0,0
2022-06-14T06:00:00,113.0,49.0,63.0,82.92,82.931,112.417,74.543,77.54,27.8,30.22,393.09,0.3931,0,0
2022-06-14T07:00:00,405.0,114.0,251.0,70.2,70.134,107.164,65.015,282.31,28.1,36.92,1396.95,1.3969,7,5
2022-06-14T08:00:00,456.0,211.0,458.0,57.08,56.991,102.545,55.205,466.05,28.3,42.86,2256.11,2.2561,7,0
2022-06-14T09:00:00,665.0,177.0,657.0,43.72,43.617,98.23,45.534,640.85,28.5,48.53,3036.7,3.0367,0,0
2022-06-14T10:00:00,679.0,220.0,807.0,30.21,30.097,93.775,36.587,762.67,28.7,52.53,3558.72,3.5587,0,0
2022-06-14T11:00:00,711.0,233.0,914.0,16.62,16.506,87.871,29.418,850.15,28.9,55.47,3921.85,3.9218,0,0
2022-06-14T12:00:00,721.0,238.0,959.0,3.32,3.221,58.924,25.861,884.8,29.0,56.65,4062.76,4.0628,0,0
2022-06-14T13:00:00,728.0,228.0,943.0,10.95,11.076,276.295,27.322,873.08,29.1,56.38,4013.16,4.0132,0,0
2022-06-14T14:00:00,705.0,219.0,860.0,24.52,24.659,268.254,33.248,806.56,29.0,54.21,3739.15,3.7392,0,0
2022-06-14T15:00:00,658.0,203.0,721.0,38.07,38.218,263.5,41.618,692.37,28.9,50.54,3255.68,3.2557,0,0
2022-06-14T16:00:00,584.0,177.0,540.0,51.51,51.659,259.199,51.08,540.9,28.7,45.6,2591.68,2.5917,1,0
2022-06-14T17:00:00,473.0,135.0,337.0,64.74,64.906,254.742,60.88,362.26,28.4,39.72,1774.22,1.7742,0,0
2022-06-14T18:00:00,268.0,79.0,136.0,77.65,77.859,249.784,70.568,165.92,28.1,33.29,831.93,0.8319,1,0
2022-06-14T19:00:00,0.0,0.0,0.0,89.74,90.368,0.0,113.74,0.0,28.0,28.0,0.0,0.0,0,0
2022-06-14T20:00:00,0.0,0.0,0.0,102.07,102.204,0.0,126.07,0.0,28.0,28.0,0.0,0.0,0,0
2022-06-14T21:00:00,0.0,0.0,0.0,112.86,112.99,0.0,136.86,0.0,28.0,28.0,0.0,0.0,1,0
2022-06-14T22:00:00,0.0,0.0,0.0,122.01,122.126,0.0,146.01,0.0,28.0,28.0,0.0,0.0,0,0
2022-06-14T23:00:00,0.0,0.0,0.0,128.63,128.711,0.0,152.63,0.0,27.9,27.9,0.0,0.0,0,0
2022-06-15T00:00:00,0.0,0.0,0.0,131.64,131.635,0.0,155.64,0.0,27.9,27.9,0.0,0.0,0,0
2022-06-15T01:00:00,0.0,0.0,0.0,130.39,130.356,0.0,154.39,0.0,27.8,27.8,0.0,0.0,0,0
2022-06-15T02:00:00,0.0,0.0,0.0,125.17,125.113,0.0,149.17,0.0,27.7,27.7,0.0,0.0,0,0
2022-06-15T03:00:00,0.0,0.0,0.0,116.96,116.888,0.0,140.96,0.0,27.6,27.6,0.0,0.0,0,0
2022-06-15T04:00:00,0.0,0.0,0.0,106.77,106.685,0.0,130.77,0.0,27.4,27.4,0.0,0.0,0,0
2022-06-15T05:00:00,0.0,0.0,0.0,95.32,95.223,0.0,119.32,0.0,27.4,27.4,0.0,0.0,0,0
2022-06-15T06:00:00,286.0,38.0,74.0,82.94,82.956,112.48,74.537,113.25,27.9,31.44,571.62,0.5716,0,0
2022-06-15T07:00:00,601.0,71.0,275.0,70.23,70.164,107.228,65.016,324.15,28.1,38.23,1596.33,1.5963,0,0
2022-06-15T08:00:00,740.0,90.0,492.0,57.11,57.025,102.615,55.203,512.66,28.3,44.32,2468.24,2.4682,0,0
2022-06-15T09:00:00,815.0,103.0,691.0,43.76,43.655,98.311,45.536,675.4,28.6,49.71,3186.02,3.186,0,0
2022-06-15T10:00:00,326.0,343.0,624.0,30.25,30.137,93.884,36.579,595.36,28.9,47.5,2832.12,2.8321,8,0
2022-06-15T11:00:00,888.0,110.0,961.0,16.66,16.547,88.061,29.395,887.23,29.1,56.83,4071.09,4.0711,0,0
2022-06-15T12:00:00,896.0,113.0,1007.0,3.34,3.238,60.084,25.819,923.38,29.3,58.16,4214.78,4.2148,0,0
2022-06-15T13:00:00,890.0,113.0,987.0,10.89,11.02,276.104,27.262,907.79,29.4,57.77,4149.98,4.15,0,0
2022-06-15T14:00:00,875.0,109.0,905.0,24.47,24.604,268.162,33.187,844.39,29.4,55.79,3890.39,3.8904,0,0
2022-06-15T15:00:00,843.0,101.0,765.0,38.02,38.161,263.442,41.557,734.07,29.3,52.24,3429.15,3.4291,0,0
2022-06-15T16:00:00,787.0,91.0,581.0,51.45,51.6,259.157,51.012,587.24,29.1,47.45,2794.07,2.7941,0,0
2022-06-15T17:00:00,687.0,76.0,370.0,64.68,64.846,254.71,60.813,410.93,28.9,41.74,1997.62,1.9976,0,0
2022-06-15T18:00:00,478.0,52.0,155.0,77.59,77.796,249.759,70.503,210.63,28.5,35.08,1049.25,1.0493,7,5
2022-06-15T19:00:00,0.0,0.0,0.0,89.69,90.304,0.0,113.69,0.0,28.2,28.2,0.0,0.0,0,0
2022-06-15T20:00:00,0.0,0.0,0.0,102.01,102.137,0.0,126.01,0.0,28.1,28.1,0.0,0.0,0,0
2022-06-15T21:00:00,0.0,0.0,0.0,112.8,112.923,0.0,136.8,0.0,28.0,28.0,0.0,0.0,0,0
2022-06-15T22:00:00,0.0,0.0,0.0,121.95,122.06,0.0,145.95,0.0,27.9,27.9,0.0,0.0,1,0
2022-06-15T23:00:00,0.0,0.0,0.0,128.57,128.65,0.0,152.57,0.0,27.9,27.9,0.0,0.0,7,0
2022-06-16T00:00:00,0.0,0.0,0.0,131.6,131.592,0.0,155.6,0.0,27.9,27.9,0.0,0.0,1,0
2022-06-16T01:00:00,0.0,0.0,0.0,130.36,130.33,0.0,154.36,0.0,27.9,27.9,0.0,0.0,1,0
2022-06-16T02:00:00,0.0,0.0,0.0,125.16,125.103,0.0,149.16,0.0,27.9,27.9,0.0,0.0,3,0
2022-06-16T03:00:00,0.0,0.0,0.0,116.97,116.892,0.0,140.97,0.0,27.9,27.9,0.0,0.0,3,0
2022-06-16T04:00:00,0.0,0.0,0.0,106.79,106.7,0.0,130.79,0.0,28.0,28.0,0.0,0.0,3,0
2022-06-16T05:00:00,0.0,0.0,0.0,95.34,95.246,0.0,119.34,0.0,28.1,28.1,0.0,0.0,3,0
2022-06-16T06:00:00,67.0,60.0,69.0,82.97,82.984,112.537,74.542,75.86,28.6,30.97,383.54,0.3835,8,0
2022-06-16T07:00:00,384.0,133.0,262.0,70.26,70.197,107.286,65.02,291.68,28.9,38.02,1437.56,1.4376,7,0
2022-06-16T08:00:00,711.0,98.0,484.0,57.15,57.061,102.676,55.213,503.59,29.1,44.84,2419.88,2.4199,0,0
2022-06-16T09:00:00,503.0,202.0,565.0,43.8,43.694,98.383,45.541,550.46,29.4,46.6,2627.51,2.6275,7,0
2022-06-16T10:00:00,507.0,255.0,692.0,30.29,30.178,93.979,36.576,657.11,29.6,50.13,3094.67,3.0947,7,0
2022-06-16T11:00:00,670.0,174.0,815.0,16.7,16.588,88.227,29.378,757.36,29.7,53.37,3522.53,3.5225,8,0
2022-06-16T12:00:00,570.0,236.0,805.0,3.36,3.259,61.131,25.781,746.02,29.6,52.91,3475.92,3.4759,7,0
2022-06-16T13:00:00,457.0,303.0,752.0,10.84,10.964,275.948,27.212,702.82,29.5,51.46,3293.06,3.2931,7,0
2022-06-16T14:00:00,460.0,291.0,711.0,24.41,24.549,268.087,33.123,669.82,29.3,50.23,3153.32,3.1533,7,0
2022-06-16T15:00:00,409.0,272.0,594.0,37.96,38.105,263.394,41.491,571.74,29.3,47.17,2723.28,2.7233,7,0
2022-06-16T16:00:00,320.0,235.0,435.0,51.39,51.543,259.122,50.947,430.22,29.1,42.54,2085.12,2.0851,7,0
2022-06-16T17:00:00,435.0,143.0,329.0,64.62,64.787,254.684,60.749,352.22,28.9,39.91,1723.87,1.7239,8,0
2022-06-16T18:00:00,399.0,62.0,148.0,77.54,77.736,249.74,70.45,194.12,28.6,34.67,968.47,0.9685,0,0
2022-06-16T19:00:00,0.0,0.0,0.0,89.64,90.242,0.0,113.64,0.0,28.3,28.3,0.0,0.0,7,7
2022-06-16T20:00:00,0.0,0.0,0.0,101.95,102.074,0.0,125.95,0.0,28.3,28.3,0.0,0.0,3,0
2022-06-16T21:00:00,0.0,0.0,0.0,112.74,112.86,0.0,136.74,0.0,28.3,28.3,0.0,0.0,1,0
2022-06-16T22:00:00,0.0,0.0,0.0,121.9,121.999,0.0,145.9,0.0,28.2,28.2,0.0,0.0,3,0
2022-06-16T23:00:00,0.0,0.0,0.0,128.52,128.595,0.0,152.52,0.0,28.1,28.1,0.0,0.0,3,0
2022-06-17T00:00:00,0.0,0.0,0.0,131.56,131.556,0.0,155.56,0.0,27.9,27.9,0.0,0.0,8,0
2022-06-17T01:00:00,0.0,0.0,0.0,130.34,130.31,0.0,154.34,0.0,27.8,27.8,0.0,0.0,0,0
2022-06-17T02:00:00,0.0,0.0,0.0,125.16,125.099,0.0,149.16,0.0,27.6,27.6,0.0,0.0,0,0
2022-06-17T03:00:00,0.0,0.0,0.0,116.98,116.902,0.0,140.98,0.0,27.4,27.4,0.0,0.0,8,0
2022-06-17T04:00:00,0.0,0.0,0.0,106.81,106.719,0.0,130.81,0.0,27.3,27.3,0.0,0.0,0,0
2022-06-17T05:00:00,0.0,0.0,0.0,95.37,95.272,0.0,119.37,0.0,27.3,27.3,0.0,0.0,0,0
2022-06-17T06:00:00,239.0,40.0,70.0,83.0,83.016,112.587,74.55,102.54,27.6,30.8,518.75,0.5188,0,0
2022-06-17T07:00:00,544.0,81.0,265.0,70.3,70.233,107.336,65.035,309.39,27.8,37.47,1527.89,1.5279,0,0
2022-06-17T08:00:00,0.0,75.0,75.0,57.19,57.1,102.73,55.226,72.41,27.9,30.16,367.13,0.3671,3,0
2022-06-17T09:00:00,774.0,120.0,679.0,43.84,43.735,98.445,45.55,662.71,27.9,48.61,3139.28,3.1393,0,0
2022-06-17T10:00:00,853.0,111.0,847.0,30.33,30.221,94.06,36.577,798.53,28.1,53.05,3718.53,3.7185,1,0
2022-06-17T11:00:00,0.0,112.0,112.0,16.75,16.632,88.369,29.373,108.13,28.3,31.68,545.29,0.5453,3,0
2022-06-17T12:00:00,881.0,124.0,1003.0,3.39,3.286,62.061,25.753,920.81,28.4,57.18,4219.37,4.2194,1,0
2022-06-17T13:00:00,865.0,132.0,981.0,10.78,10.909,275.825,27.164,904.37,28.5,56.76,4150.79,4.1508,0,0
2022-06-17T14:00:00,841.0,131.0,897.0,24.36,24.495,268.027,33.072,837.84,28.5,54.68,3876.94,3.8769,0,0
2022-06-17T15:00:00,431.0,261.0,601.0,37.91,38.05,263.357,41.438,578.02,28.5,46.56,2759.51,2.7595,8,0
2022-06-17T16:00:00,439.0,212.0,486.0,51.34,51.487,259.097,50.893,483.94,28.5,43.62,2336.07,2.3361,8,0
2022-06-17T17:00:00,494.0,140.0,352.0,64.57,64.73,254.666,60.697,378.77,28.4,40.24,1851.55,1.8515,7,0
2022-06-17T18:00:00,40.0,96.0,105.0,77.48,77.677,249.728,70.39,106.18,28.3,31.62,535.6,0.5356,7,0
2022-06-17T19:00:00,0.0,0.0,0.0,89.59,90.183,0.0,113.59,0.0,28.1,28.1,0.0,0.0,8,7
2022-06-17T20:00:00,0.0,0.0,0.0,101.89,102.015,0.0,125.89,0.0,28.2,28.2,0.0,0.0,8,0
2022-06-17T21:00:00,0.0,0.0,0.0,112.69,112.801,0.0,136.69,0.0,28.2,28.2,0.0,0.0,1,0
2022-06-17T22:00:00,0.0,0.0,0.0,121.85,121.943,0.0,145.85,0.0,28.1,28.1,0.0,0.0,7,0
2022-06-17T23:00:00,0.0,0.0,0.0,128.48,128.547,0.0,152.48,0.0,27.9,27.9,0.0,0.0,1,0
2022-06-18T00:00:00,0.0,0.0,0.0,131.53,131.526,0.0,155.53,0.0,27.8,27.8,0.0,0.0,3,0
2022-06-18T01:00:00,0.0,0.0,0.0,130.33,130.297,0.0,154.33,0.0,27.6,27.6,0.0,0.0,3,0
2022-06-18T02:00:00,0.0,0.0,0.0,125.16,125.101,0.0,149.16,0.0,27.5,27.5,0.0,0.0,0,0
2022-06-18T03:00:00,0.0,0.0,0.0,117.0,116.916,0.0,141.0,0.0,27.3,27.3,0.0,0.0,0,0
2022-06-18T04:00:00,0.0,0.0,0.0,106.83,106.743,0.0,130.83,0.0,27.3,27.3,0.0,0.0,0,0
2022-06-18T05:00:00,0.0,0.0,0.0,95.4,95.302,0.0,119.4,0.0,27.3,27.3,0.0,0.0,0,0
2022-06-18T06:00:00,264.0,39.0,71.0,83.04,83.051,112.632,74.57,108.17,27.6,30.98,546.86,0.5469,0,0
2022-06-18T07:00:00,569.0,77.0,268.0,70.34,70.271,107.38,65.054,315.97,27.9,37.77,1558.65,1.5587,0,0
2022-06-18T08:00:00,713.0,99.0,485.0,57.23,57.141,102.776,55.243,505.4,28.1,43.89,2437.16,2.4372,0,0
2022-06-18T09:00:00,793.0,113.0,684.0,43.88,43.778,98.497,45.562,669.23,28.4,49.31,3161.68,3.1617,0,0
2022-06-18T10:00:00,191.0,454.0,619.0,30.38,30.266,94.128,36.591,593.08,28.8,47.33,2823.14,2.8231,3,0
2022-06-18T11:00:00,15.0,352.0,367.0,16.79,16.677,88.486,29.367,353.03,29.2,40.23,1725.77,1.7258,7,0
2022-06-18T12:00:00,0.0,50.0,50.0,3.43,3.317,62.875,25.735,48.27,29.6,31.11,243.93,0.2439,6,0
2022-06-18T13:00:00,8.0,333.0,341.0,10.73,10.856,275.739,27.127,328.67,30.0,40.27,1606.48,1.6065,6,0
2022-06-18T14:00:00,871.0,110.0,903.0,24.31,24.442,267.985,33.025,843.33,30.2,56.55,3873.79,3.8738,0,0
2022-06-18T15:00:00,633.0,189.0,689.0,37.86,37.997,263.331,41.388,661.69,30.3,50.98,3106.15,3.1061,8,0
2022-06-18T16:00:00,331.0,237.0,444.0,51.29,51.433,259.08,50.844,439.6,30.2,43.94,2119.52,2.1195,7,0
2022-06-18T17:00:00,2.0,145.0,146.0,64.51,64.674,254.655,60.64,140.97,29.9,34.31,704.25,0.7043,3,0
2022-06-18T18:00:00,474.0,52.0,156.0,77.43,77.622,249.722,70.342,210.56,29.6,36.18,1044.71,1.0447,0,0
2022-06-18T19:00:00,0.0,0.0,0.0,89.55,90.127,0.0,113.55,0.0,29.2,29.2,0.0,0.0,0,0
2022-06-18T20:00:00,0.0,0.0,0.0,101.84,101.959,0.0,125.84,0.0,28.9,28.9,0.0,0.0,0,0
2022-06-18T21:00:00,0.0,0.0,0.0,112.64,112.747,0.0,136.64,0.0,28.7,28.7,0.0,0.0,0,0
2022-06-18T22:00:00,0.0,0.0,0.0,121.8,121.893,0.0,145.8,0.0,28.5,28.5,0.0,0.0,0,0
2022-06-18T23:00:00,0.0,0.0,0.0,128.45,128.505,0.0,152.45,0.0,28.5,28.5,0.0,0.0,0,0
2022-06-19T00:00:00,0.0,0.0,0.0,131.51,131.504,0.0,155.51,0.0,28.4,28.4,0.0,0.0,0,0
2022-06-19T01:00:00,0.0,0.0,0.0,130.33,130.29,0.0,154.33,0.0,28.4,28.4,0.0,0.0,0,0
2022-06-19T02:00:00,0.0,0.0,0.0,125.17,125.11,0.0,149.17,0.0,28.4,28.4,0.0,0.0,3,0
2022-06-19T03:00:00,0.0,0.0,0.0,117.02,116.936,0.0,141.02,0.0,28.3,28.3,0.0,0.0,0,0
2022-06-19T04:00:00,0.0,0.0,0.0,106.86,106.771,0.0,130.86,0.0,28.2,28.2,0.0,0.0,0,0
2022-06-19T05:00:00,0.0,0.0,0.0,95.44,95.336,0.0,119.44,0.0,28.2,28.2,0.0,0.0,0,0
2022-06-19T06:00:00,252.0,39.0,69.0,83.08,83.088,112.67,74.592,104.86,28.6,31.88,528.46,0.5285,0,0
2022-06-19T07:00:00,367.0,127.0,251.0,70.38,70.312,107.417,65.075,278.34,28.7,37.4,1374.93,1.3749,7,0
2022-06-19T08:00:00,690.0,105.0,477.0,57.28,57.184,102.813,55.271,497.67,28.8,44.35,2395.8,2.3958,0,0
2022-06-19T09:00:00,770.0,121.0,675.0,43.93,43.823,98.539,45.587,660.47,28.8,49.44,3118.77,3.1188,0,0
2022-06-19T10:00:00,829.0,124.0,839.0,30.42,30.312,94.182,36.601,791.42,28.9,53.63,3677.15,3.6772,1,0
2022-06-19T11:00:00,853.0,131.0,947.0,16.84,16.724,88.579,29.373,876.87,29.2,56.6,4027.11,4.0271,1,0
2022-06-19T12:00:00,86.0,434.0,521.0,3.46,3.352,63.57,25.716,497.23,29.5,45.04,2387.48,2.3875,7,0
2022-06-19T13:00:00,0.0,63.0,63.0,10.68,10.803,275.687,27.095,60.82,29.9,31.8,306.59,0.3066,6,0
2022-06-19T14:00:00,0.0,61.0,61.0,24.26,24.389,267.958,32.984,58.89,30.2,32.04,296.6,0.2966,9,0
2022-06-19T15:00:00,185.0,337.0,483.0,37.81,37.944,263.316,41.343,465.5,30.4,44.95,2235.91,2.2359,7,0
2022-06-19T16:00:00,477.0,190.0,489.0,51.23,51.379,259.072,50.789,487.56,30.2,45.44,2337.57,2.3376,8,0
2022-06-19T17:00:00,0.0,7.0,7.0,64.46,64.621,254.652,60.594,6.76,29.9,30.11,34.27,0.0343,6,0
2022-06-19T18:00:00,104.0,103.0,126.0,77.38,77.568,249.723,70.297,134.7,29.5,33.71,674.36,0.6744,8,0
2022-06-19T19:00:00,0.0,0.0,0.0,89.5,90.073,0.0,113.5,0.0,29.1,29.1,0.0,0.0,0,0
2022-06-19T20:00:00,0.0,0.0,0.0,101.79,101.907,0.0,125.79,0.0,28.9,28.9,0.0,0.0,0,0
2022-06-19T21:00:00,0.0,0.0,0.0,112.59,112.697,0.0,136.59,0.0,28.8,28.8,0.0,0.0,0,0
2022-06-19T22:00:00,0.0,0.0,0.0,121.77,121.848,0.0,145.77,0.0,28.7,28.7,0.0,0.0,0,0
2022-06-19T23:00:00,0.0,0.0,0.0,128.42,128.469,0.0,152.42,0.0,28.6,28.6,0.0,0.0,0,0
2022-06-20T00:00:00,0.0,0.0,0.0,131.49,131.488,0.0,155.49,0.0,28.5,28.5,0.0,0.0,1,0
2022-06-20T01:00:00,0.0,0.0,0.0,130.33,130.29,0.0,154.33,0.0,28.4,28.4,0.0,0.0,0,0
2022-06-20T02:00:00,0.0,0.0,0.0,125.19,125.124,0.0,149.19,0.0,28.4,28.4,0.0,0.0,0,0
2022-06-20T03:00:00,0.0,0.0,0.0,117.04,116.961,0.0,141.04,0.0,28.5,28.5,0.0,0.0,8,0
2022-06-20T04:00:00,0.0,0.0,0.0,106.9,106.803,0.0,130.9,0.0,28.5,28.5,0.0,0.0,7,0
2022-06-20T05:00:00,0.0,0.0,0.0,95.47,95.373,0.0,119.47,0.0,28.6,28.6,0.0,0.0,7,0
2022-06-20T06:00:00,5.0,46.0,47.0,83.12,83.129,112.702,74.617,45.74,28.8,30.23,231.89,0.2319,7,7
2022-06-20T07:00:00,282.0,136.0,230.0,70.42,70.355,107.447,65.099,250.84,29.1,36.94,1241.17,1.2412,8,0
2022-06-20T08:00:00,169.0,240.0,331.0,57.32,57.229,102.843,55.294,328.71,29.2,39.47,1611.4,1.6114,7,0
2022-06-20T09:00:00,477.0,217.0,560.0,43.97,43.87,98.572,45.607,546.16,29.3,46.37,2609.3,2.6093,8,0
2022-06-20T10:00:00,482.0,261.0,677.0,30.47,30.359,94.223,36.624,642.41,29.5,49.58,3031.91,3.0319,7,0
2022-06-20T11:00:00,6.0,295.0,300.0,16.89,16.771,88.648,29.384,290.07,29.6,38.66,1426.21,1.4262,8,0
2022-06-20T12:00:00,0.0,120.0,120.0,3.5,3.391,64.147,25.708,115.85,29.7,33.32,580.8,0.5808,6,0
2022-06-20T13:00:00,1.0,233.0,235.0,10.63,10.751,275.672,27.07,225.85,29.7,36.76,1118.24,1.1182,6,0
2022-06-20T14:00:00,383.0,344.0,693.0,24.21,24.338,267.948,32.947,656.52,29.8,50.32,3089.73,3.0897,7,0
2022-06-20T15:00:00,0.0,125.0,126.0,37.75,37.892,263.312,41.294,120.69,29.8,33.57,604.5,0.6045,6,0
2022-06-20T16:00:00,677.0,136.0,561.0,51.18,51.328,259.073,50.747,563.34,29.7,47.3,2681.88,2.6819,0,0
2022-06-20T17:00:00,11.0,139.0,144.0,64.41,64.569,254.656,60.551,139.64,29.5,33.86,698.72,0.6987,7,0
2022-06-20T18:00:00,103.0,108.0,131.0,77.33,77.517,249.731,70.254,139.26,29.2,33.55,697.59,0.6976,7,0
2022-06-20T19:00:00,0.0,0.0,0.0,89.46,90.023,0.0,113.46,0.0,28.9,28.9,0.0,0.0,5,7
2022-06-20T20:00:00,0.0,0.0,0.0,101.75,101.858,0.0,125.75,0.0,28.8,28.8,0.0,0.0,7,0
2022-06-20T21:00:00,0.0,0.0,0.0,112.55,112.652,0.0,136.55,0.0,28.7,28.7,0.0,0.0,8,0
2022-06-20T22:00:00,0.0,0.0,0.0,121.73,121.809,0.0,145.73,0.0,28.5,28.5,0.0,0.0,7,0
2022-06-20T23:00:00,0.0,0.0,0.0,128.39,128.439,0.0,152.39,0.0,28.4,28.4,0.0,0.0,8,0
2022-06-21T00:00:00,0.0,0.0,0.0,131.49,131.479,0.0,155.49,0.0,28.2,28.2,0.0,0.0,7,0
2022-06-21T01:00:00,0.0,0.0,0.0,130.34,130.297,0.0,154.34,0.0,28.0,28.0,0.0,0.0,0,0
2022-06-21T02:00:00,0.0,0.0,0.0,125.21,125.145,0.0,149.21,0.0,27.8,27.8,0.0,0.0,1,0
2022-06-21T03:00:00,0.0,0.0,0.0,117.07,116.991,0.0,141.07,0.0,27.6,27.6,0.0,0.0,7,0
2022-06-21T04:00:00,0.0,0.0,0.0,106.93,106.84,0.0,130.93,0.0,27.5,27.5,0.0,0.0,0,0
2022-06-21T05:00:00,0.0,0.0,0.0,95.52,95.414,0.0,119.52,0.0,27.4,27.4,0.0,0.0,0,0
2022-06-21T06:00:00,195.0,43.0,66.0,83.16,83.173,112.728,74.643,93.35,27.7,30.62,472.57,0.4726,0,0
2022-06-21T07:00:00,513.0,89.0,261.0,70.47,70.401,107.47,65.135,303.11,27.9,37.37,1497.43,1.4974,0,0
2022-06-21T08:00:00,393.0,206.0,417.0,57.37,57.277,102.865,55.329,424.26,28.0,41.26,2066.13,2.0661,8,0
2022-06-21T09:00:00,768.0,127.0,679.0,44.02,43.918,98.594,45.64,664.34,28.1,48.86,3144.0,3.144,0,0
2022-06-21T10:00:00,826.0,133.0,845.0,30.52,30.408,94.25,36.651,797.24,28.3,53.21,3710.24,3.7102,1,0
2022-06-21T11:00:00,861.0,135.0,958.0,16.94,16.82,88.692,29.401,887.55,28.5,56.24,4082.05,4.082,0,0
2022-06-21T12:00:00,875.0,135.0,1009.0,3.55,3.434,64.609,25.711,926.26,28.7,57.65,4236.46,4.2365,0,0
2022-06-21T13:00:00,871.0,134.0,990.0,10.58,10.701,275.694,27.051,912.48,28.9,57.42,4177.27,4.1773,1,0
2022-06-21T14:00:00,595.0,223.0,766.0,24.16,24.287,267.955,32.916,719.46,28.9,51.38,3372.07,3.3721,7,0
2022-06-21T15:00:00,816.0,121.0,767.0,37.71,37.842,263.32,41.265,735.76,28.7,51.69,3444.32,3.4443,0,0
2022-06-21T16:00:00,506.0,202.0,519.0,51.13,51.278,259.082,50.707,518.2,28.4,44.59,2492.33,2.4923,8,0
2022-06-21T17:00:00,406.0,154.0,330.0,64.36,64.52,254.668,60.511,350.06,28.1,39.04,1718.78,1.7188,8,0
2022-06-21T18:00:00,434.0,60.0,155.0,77.28,77.468,249.745,70.214,205.66,27.8,34.23,1027.67,1.0277,0,0
2022-06-21T19:00:00,0.0,0.0,0.0,89.42,89.976,243.976,79.182,0.0,27.4,27.4,0.0,0.0,8,7
2022-06-21T20:00:00,0.0,0.0,0.0,101.71,101.814,0.0,125.71,0.0,27.3,27.3,0.0,0.0,8,0
2022-06-21T21:00:00,0.0,0.0,0.0,112.52,112.612,0.0,136.52,0.0,27.2,27.2,0.0,0.0,7,0
2022-06-21T22:00:00,0.0,0.0,0.0,121.7,121.775,0.0,145.7,0.0,27.0,27.0,0.0,0.0,1,0
2022-06-21T23:00:00,0.0,0.0,0.0,128.38,128.416,0.0,152.38,0.0,26.9,26.9,0.0,0.0,1,0
2022-06-22T00:00:00,0.0,0.0,0.0,131.48,131.478,0.0,155.48,0.0,26.7,26.7,0.0,0.0,3,0
2022-06-22T01:00:00,0.0,0.0,0.0,130.35,130.311,0.0,154.35,0.0,26.5,26.5,0.0,0.0,3,0
2022-06-22T02:00:00,0.0,0.0,0.0,125.24,125.171,0.0,149.24,0.0,26.4,26.4,0.0,0.0,3,0
2022-06-22T03:00:00,0.0,0.0,0.0,117.11,117.027,0.0,141.11,0.0,26.3,26.3,0.0,0.0,8,0
2022-06-22T04:00:00,0.0,0.0,0.0,106.98,106.88,0.0,130.98,0.0,26.2,26.2,0.0,0.0,3,0
2022-06-22T05:00:00,0.0,0.0,0.0,95.56,95.458,0.0,119.56,0.0,26.2,26.2,0.0,0.0,3,0
2022-06-22T06:00:00,274.0,37.0,70.0,83.21,83.22,112.747,74.682,108.39,26.7,30.09,549.73,0.5497,1,1
2022-06-22T07:00:00,581.0,74.0,268.0,70.52,70.449,107.486,65.174,317.06,26.9,36.81,1569.55,1.5696,0,0
2022-06-22T08:00:00,726.0,94.0,485.0,57.42,57.326,102.879,55.367,506.73,27.1,42.94,2452.36,2.4524,0,0
2022-06-22T09:00:00,802.0,109.0,685.0,44.07,43.967,98.607,45.676,670.58,27.4,48.36,3179.64,3.1796,0,0
2022-06-22T10:00:00,685.0,159.0,750.0,30.57,30.458,94.264,36.683,707.95,27.7,49.82,3338.05,3.338,7,0
2022-06-22T11:00:00,755.0,136.0,857.0,16.99,16.87,88.713,29.424,795.14,28.0,52.85,3705.71,3.7057,7,0
2022-06-22T12:00:00,874.0,133.0,1006.0,3.6,3.479,64.957,25.719,923.36,28.2,57.06,4233.08,4.2331,0,0
2022-06-22T13:00:00,860.0,140.0,985.0,10.53,10.652,275.753,27.037,908.47,28.3,56.69,4170.82,4.1708,0,0
2022-06-22T14:00:00,838.0,137.0,903.0,24.11,24.238,267.978,32.89,842.56,28.3,54.63,3899.59,3.8996,0,0
2022-06-22T15:00:00,29.0,360.0,383.0,37.66,37.793,263.338,41.233,369.56,28.2,39.75,1809.8,1.8098,3,0
2022-06-22T16:00:00,522.0,194.0,522.0,51.09,51.229,259.099,50.68,520.89,28.1,44.38,2507.33,2.5073,8,0
2022-06-22T17:00:00,342.0,167.0,315.0,64.32,64.472,254.686,60.482,331.0,27.8,38.14,1630.59,1.6306,8,0
2022-06-22T18:00:00,2.0,84.0,84.0,77.24,77.422,249.766,70.186,81.77,27.4,29.96,414.93,0.4149,3,0
2022-06-22T19:00:00,0.0,0.0,0.0,89.39,89.932,244.001,79.163,0.0,27.0,27.0,0.0,0.0,8,7
2022-06-22T20:00:00,0.0,0.0,0.0,101.67,101.773,0.0,125.67,0.0,26.9,26.9,0.0,0.0,7,0
2022-06-22T21:00:00,0.0,0.0,0.0,112.49,112.576,0.0,136.49,0.0,26.7,26.7,0.0,0.0,1,0
2022-06-22T22:00:00,0.0,0.0,0.0,121.68,121.747,0.0,145.68,0.0,26.6,26.6,0.0,0.0,3,0
2022-06-22T23:00:00,0.0,0.0,0.0,128.37,128.399,0.0,152.37,0.0,26.5,26.5,0.0,0.0,3,0
2022-06-23T00:00:00,0.0,0.0,0.0,131.49,131.482,0.0,155.49,0.0,26.3,26.3,0.0,0.0,1,0
2022-06-23T01:00:00,0.0,0.0,0.0,130.37,130.332,0.0,154.37,0.0,26.3,26.3,0.0,0.0,3,0
2022-06-23T02:00:00,0.0,0.0,0.0,125.27,125.204,0.0,149.27,0.0,26.2,26.2,0.0,0.0,0,0
2022-06-23T03:00:00,0.0,0.0,0.0,117.15,117.067,0.0,141.15,0.0,26.1,26.1,0.0,0.0,0,0
2022-06-23T04:00:00,0.0,0.0,0.0,107.02,106.926,0.0,131.02,0.0,26.1,26.1,0.0,0.0,0,0
2022-06-23T05:00:00,0.0,0.0,0.0,95.61,95.506,0.0,119.61,0.0,26.1,26.1,0.0,0.0,0,0
2022-06-23T06:00:00,261.0,38.0,69.0,83.26,83.269,112.76,74.723,105.72,26.7,30.0,536.37,0.5364,0,0
2022-06-23T07:00:00,577.0,75.0,267.0,70.57,70.499,107.495,65.216,315.95,26.9,36.77,1564.25,1.5642,0,0
2022-06-23T08:00:00,137.0,284.0,358.0,57.47,57.376,102.885,55.408,352.6,27.2,38.22,1736.49,1.7365,3,0
2022-06-23T09:00:00,1.0,247.0,248.0,44.12,44.018,98.611,45.716,239.17,27.4,34.87,1192.31,1.1923,3,0
2022-06-23T10:00:00,1.0,283.0,283.0,30.62,30.509,94.263,36.72,274.01,27.8,36.36,1358.67,1.3587,3,0
2022-06-23T11:00:00,705.0,194.0,868.0,17.04,16.921,88.711,29.453,807.0,28.2,53.42,3752.67,3.7527,8,0
2022-06-23T12:00:00,659.0,226.0,884.0,3.65,3.528,65.195,25.733,817.52,28.5,54.05,3792.29,3.7923,7,0
2022-06-23T13:00:00,295.0,407.0,698.0,10.48,10.604,275.849,27.03,658.22,28.8,49.37,3108.97,3.109,7,0
2022-06-23T14:00:00,225.0,467.0,672.0,24.06,24.189,268.018,32.869,641.6,29.0,49.05,3034.19,3.0342,3,0
2022-06-23T15:00:00,865.0,93.0,778.0,37.61,37.745,263.368,41.204,746.5,29.1,52.43,3484.69,3.4847,0,0
2022-06-23T16:00:00,34.0,283.0,304.0,51.04,51.182,259.126,50.648,294.95,29.1,38.32,1452.08,1.4521,3,0
2022-06-23T17:00:00,718.0,69.0,381.0,64.28,64.427,254.712,60.457,423.34,29.0,42.23,2054.19,2.0542,0,0
2022-06-23T18:00:00,4.0,92.0,93.0,77.2,77.379,249.794,70.16,90.18,28.8,31.62,454.9,0.4549,3,0
2022-06-23T19:00:00,0.0,0.0,0.0,89.36,89.892,244.032,79.147,0.0,28.6,28.6,0.0,0.0,1,0
2022-06-23T20:00:00,0.0,0.0,0.0,101.64,101.736,0.0,125.64,0.0,28.4,28.4,0.0,0.0,3,0
2022-06-23T21:00:00,0.0,0.0,0.0,112.46,112.545,0.0,136.46,0.0,28.2,28.2,0.0,0.0,1,0
2022-06-23T22:00:00,0.0,0.0,0.0,121.66,121.725,0.0,145.66,0.0,28.1,28.1,0.0,0.0,0,0
2022-06-23T23:00:00,0.0,0.0,0.0,128.36,128.389,0.0,152.36,0.0,27.9,27.9,0.0,0.0,0,0
2022-06-24T00:00:00,0.0,0.0,0.0,131.5,131.494,0.0,155.5,0.0,27.7,27.7,0.0,0.0,0,0
2022-06-24T01:00:00,0.0,0.0,0.0,130.4,130.359,0.0,154.4,0.0,27.5,27.5,0.0,0.0,0,0
2022-06-24T02:00:00,0.0,0.0,0.0,125.31,125.242,0.0,149.31,0.0,27.4,27.4,0.0,0.0,0,0
2022-06-24T03:00:00,0.0,0.0,0.0,117.2,117.112,0.0,141.2,0.0,27.4,27.4,0.0,0.0,0,0
2022-06-24T04:00:00,0.0,0.0,0.0,107.07,106.975,0.0,131.07,0.0,27.4,27.4,0.0,0.0,0,0
2022-06-24T05:00:00,0.0,0.0,0.0,95.66,95.557,0.0,119.66,0.0,27.5,27.5,0.0,0.0,0,0
2022-06-24T06:00:00,351.0,32.0,73.0,83.31,83.321,112.766,74.767,123.47,28.0,31.86,622.28,0.6223,0,0
2022-06-24T07:00:00,341.0,123.0,236.0,70.62,70.552,107.497,65.26,262.43,28.3,36.5,1300.59,1.3006,8,0
2022-06-24T08:00:00,491.0,152.0,415.0,57.52,57.429,102.884,55.453,427.46,28.6,41.96,2076.26,2.0763,8,0
2022-06-24T09:00:00,842.0,90.0,694.0,44.17,44.071,98.604,45.76,679.54,29.0,50.24,3199.05,3.1991,1,0
2022-06-24T10:00:00,622.0,213.0,748.0,30.67,30.561,94.25,36.761,708.56,29.3,51.44,3320.23,3.3202,7,0
2022-06-24T11:00:00,884.0,117.0,962.0,17.09,16.973,88.684,29.488,889.75,29.6,57.4,4073.35,4.0734,0,0
2022-06-24T12:00:00,892.0,120.0,1010.0,3.7,3.58,65.326,25.752,926.95,29.8,58.77,4220.86,4.2209,1,0
2022-06-24T13:00:00,31.0,454.0,484.0,10.44,10.558,275.983,27.034,466.17,30.1,44.67,2241.49,2.2415,3,0
2022-06-24T14:00:00,333.0,439.0,743.0,24.02,24.142,268.075,32.86,706.17,30.2,52.27,3298.45,3.2985,3,0
2022-06-24T15:00:00,827.0,114.0,770.0,37.57,37.699,263.409,41.188,738.09,30.3,53.37,3432.93,3.4329,1,0
2022-06-24T16:00:00,767.0,102.0,585.0,51.0,51.138,259.161,50.628,589.2,30.3,48.71,2789.97,2.79,0,0
2022-06-24T17:00:00,659.0,86.0,372.0,64.24,64.384,254.746,60.435,410.66,30.2,43.03,1986.68,1.9867,0,0
2022-06-24T18:00:00,451.0,59.0,159.0,77.16,77.338,249.828,70.137,211.06,30.0,36.6,1045.63,1.0456,0,0
2022-06-24T19:00:00,0.0,0.0,0.0,89.33,89.854,244.068,79.133,0.0,29.8,29.8,0.0,0.0,0,0
2022-06-24T20:00:00,0.0,0.0,0.0,101.61,101.703,0.0,125.61,0.0,29.7,29.7,0.0,0.0,0,0
2022-06-24T21:00:00,0.0,0.0,0.0,112.44,112.518,0.0,136.44,0.0,29.5,29.5,0.0,0.0,0,0
2022-06-24T22:00:00,0.0,0.0,0.0,121.65,121.708,0.0,145.65,0.0,29.4,29.4,0.0,0.0,0,0
2022-06-24T23:00:00,0.0,0.0,0.0,128.37,128.385,0.0,152.37,0.0,29.3,29.3,0.0,0.0,0,0
2022-06-25T00:00:00,0.0,0.0,0.0,131.52,131.513,0.0,155.52,0.0,29.2,29.2,0.0,0.0,3,0
2022-06-25T01:00:00,0.0,0.0,0.0,130.43,130.392,0.0,154.43,0.0,29.0,29.0,0.0,0.0,8,0
2022-06-25T02:00:00,0.0,0.0,0.0,125.35,125.286,0.0,149.35,0.0,29.0,29.0,0.0,0.0,7,0
2022-06-25T03:00:00,0.0,0.0,0.0,117.25,117.163,0.0,141.25,0.0,28.9,28.9,0.0,0.0,8,0
2022-06-25T04:00:00,0.0,0.0,0.0,107.12,107.028,0.0,131.12,0.0,28.9,28.9,0.0,0.0,8,0
2022-06-25T05:00:00,0.0,0.0,0.0,95.72,95.612,0.0,119.72,0.0,28.9,28.9,0.0,0.0,3,0
2022-06-25T06:00:00,6.0,48.0,48.0,83.36,83.376,112.766,74.813,47.91,29.0,30.5,242.64,0.2426,8,7
2022-06-25T07:00:00,49.0,153.0,169.0,70.68,70.606,107.492,65.316,168.31,29.2,34.46,840.34,0.8403,7,0
2022-06-25T08:00:00,56.0,227.0,257.0,57.58,57.483,102.874,55.51,251.12,29.3,37.15,1241.59,1.2416,7,0
2022-06-25T09:00:00,259.0,287.0,472.0,44.23,44.124,98.588,45.816,459.19,29.5,43.85,2214.7,2.2147,7,0
2022-06-25T10:00:00,666.0,204.0,777.0,30.73,30.614,94.223,36.815,735.08,29.7,52.67,3428.16,3.4282,8,0
2022-06-25T11:00:00,509.0,302.0,788.0,17.14,17.026,88.635,29.528,738.65,30.0,53.08,3439.3,3.4393,7,0
2022-06-25T12:00:00,309.0,402.0,710.0,3.76,3.635,65.353,25.782,669.0,30.3,51.21,3137.7,3.1377,7,7
2022-06-25T13:00:00,163.0,432.0,593.0,10.39,10.513,276.155,27.039,563.64,30.6,48.21,2674.01,2.674,7,0
2022-06-25T14:00:00,396.0,334.0,695.0,23.97,24.097,268.149,32.85,658.25,30.9,51.47,3084.13,3.0841,8,0
2022-06-25T15:00:00,447.0,256.0,611.0,37.52,37.654,263.461,41.168,586.71,31.0,49.33,2771.59,2.7716,8,0
2022-06-25T16:00:00,587.0,181.0,551.0,50.96,51.095,259.204,50.611,550.44,30.9,48.1,2612.51,2.6125,7,0
2022-06-25T17:00:00,292.0,175.0,302.0,64.2,64.343,254.786,60.416,314.21,30.7,40.52,1534.36,1.5344,8,0
2022-06-25T18:00:00,18.0,108.0,112.0,77.13,77.3,249.868,70.126,110.42,30.4,33.85,552.51,0.5525,3,0
2022-06-25T19:00:00,0.0,0.0,0.0,89.3,89.82,244.111,79.121,0.0,30.2,30.2,0.0,0.0,5,7
2022-06-25T20:00:00,0.0,0.0,0.0,101.58,101.675,0.0,125.58,0.0,30.1,30.1,0.0,0.0,7,0
2022-06-25T21:00:00,0.0,0.0,0.0,112.42,112.497,0.0,136.42,0.0,30.0,30.0,0.0,0.0,7,0
2022-06-25T22:00:00,0.0,0.0,0.0,121.65,121.696,0.0,145.65,0.0,29.8,29.8,0.0,0.0,7,0
2022-06-25T23:00:00,0.0,0.0,0.0,128.38,128.387,0.0,152.38,0.0,29.6,29.6,0.0,0.0,7,0
2022-06-26T00:00:00,0.0,0.0,0.0,131.55,131.539,0.0,155.55,0.0,29.5,29.5,0.0,0.0,7,0
2022-06-26T01:00:00,0.0,0.0,0.0,130.47,130.433,0.0,154.47,0.0,29.3,29.3,0.0,0.0,7,0
2022-06-26T02:00:00,0.0,0.0,0.0,125.4,125.336,0.0,149.4,0.0,29.2,29.2,0.0,0.0,6,0
2022-06-26T03:00:00,0.0,0.0,0.0,117.3,117.218,0.0,141.3,0.0,29.1,29.1,0.0,0.0,7,0
2022-06-26T04:00:00,0.0,0.0,0.0,107.18,107.085,0.0,131.18,0.0,29.0,29.0,0.0,0.0,7,0
2022-06-26T05:00:00,0.0,0.0,0.0,95.77,95.669,0.0,119.77,0.0,29.0,29.0,0.0,0.0,8,0
2022-06-26T06:00:00,2.0,40.0,40.0,83.42,83.433,112.76,74.871,39.14,29.2,30.42,198.27,0.1983,7,7
2022-06-26T07:00:00,24.0,130.0,138.0,70.73,70.663,107.48,65.366,135.58,29.4,33.64,678.92,0.6789,7,0
2022-06-26T08:00:00,692.0,101.0,472.0,57.63,57.539,102.856,55.561,492.06,29.5,44.88,2364.13,2.3641,0,0
2022-06-26T09:00:00,772.0,117.0,670.0,44.28,44.179,98.562,45.868,655.29,29.7,50.18,3085.57,3.0856,1,0
2022-06-26T10:00:00,217.0,370.0,556.0,30.78,30.668,94.183,36.866,532.42,29.8,46.44,2543.01,2.543,7,0
2022-06-26T11:00:00,1.0,160.0,160.0,17.2,17.08,88.562,29.579,155.34,29.8,34.65,775.02,0.775,6,0
2022-06-26T12:00:00,350.0,371.0,721.0,3.81,3.692,65.28,25.812,676.27,29.7,50.83,3176.36,3.1764,8,0
2022-06-26T13:00:00,44.0,421.0,465.0,10.35,10.47,276.366,27.054,446.01,29.6,43.54,2153.64,2.1536,7,0
2022-06-26T14:00:00,0.0,117.0,118.0,23.93,24.052,268.24,32.851,112.96,29.6,33.13,566.71,0.5667,6,0
2022-06-26T15:00:00,1.0,141.0,142.0,37.48,37.611,263.524,41.16,136.89,29.5,33.78,685.13,0.6851,7,0
2022-06-26T16:00:00,535.0,174.0,511.0,50.92,51.054,259.257,50.598,510.49,29.3,45.25,2449.2,2.4492,8,0
2022-06-26T17:00:00,3.0,99.0,100.0,64.16,64.305,254.834,60.4,97.07,29.1,32.13,488.72,0.4887,7,0
2022-06-26T18:00:00,0.0,33.0,33.0,77.09,77.265,249.916,70.108,31.86,28.8,29.8,161.75,0.1617,7,0
2022-06-26T19:00:00,0.0,0.0,0.0,89.28,89.79,244.16,79.121,0.0,28.5,28.5,0.0,0.0,7,7
2022-06-26T20:00:00,0.0,0.0,0.0,101.56,101.65,0.0,125.56,0.0,28.4,28.4,0.0,0.0,7,0
2022-06-26T21:00:00,0.0,0.0,0.0,112.41,112.48,0.0,136.41,0.0,28.3,28.3,0.0,0.0,7,0
2022-06-26T22:00:00,0.0,0.0,0.0,121.65,121.691,0.0,145.65,0.0,28.2,28.2,0.0,0.0,7,0
2022-06-26T23:00:00,0.0,0.0,0.0,128.39,128.397,0.0,152.39,0.0,28.0,28.0,0.0,0.0,8,0
2022-06-27T00:00:00,0.0,0.0,0.0,131.58,131.571,0.0,155.58,0.0,27.9,27.9,0.0,0.0,0,0
2022-06-27T01:00:00,0.0,0.0,0.0,130.52,130.48,0.0,154.52,0.0,27.8,27.8,0.0,0.0,0,0
2022-06-27T02:00:00,0.0,0.0,0.0,125.46,125.392,0.0,149.46,0.0,27.7,27.7,0.0,0.0,0,0
2022-06-27T03:00:00,0.0,0.0,0.0,117.36,117.278,0.0,141.36,0.0,27.7,27.7,0.0,0.0,0,0
2022-06-27T04:00:00,0.0,0.0,0.0,107.24,107.146,0.0,131.24,0.0,27.6,27.6,0.0,0.0,0,0
2022-06-27T05:00:00,0.0,0.0,0.0,95.83,95.73,0.0,119.83,0.0,27.6,27.6,0.0,0.0,7,0
2022-06-27T06:00:00,5.0,43.0,43.0,83.48,83.493,112.747,74.931,42.81,28.0,29.34,217.72,0.2177,8,7
2022-06-27T07:00:00,18.0,127.0,133.0,70.79,70.721,107.462,65.428,130.15,28.4,32.47,654.47,0.6545,7,0
2022-06-27T08:00:00,240.0,224.0,352.0,57.69,57.596,102.83,55.624,352.87,28.6,39.63,1728.85,1.7289,7,0
2022-06-27T09:00:00,624.0,157.0,603.0,44.34,44.235,98.526,45.932,589.43,28.9,47.32,2805.9,2.8059,8,0
2022-06-27T10:00:00,824.0,123.0,830.0,30.83,30.723,94.129,36.921,783.62,29.0,53.49,3642.94,3.6429,0,0
2022-06-27T11:00:00,277.0,367.0,631.0,17.25,17.134,88.467,29.631,597.37,29.1,47.77,2838.85,2.8388,8,0
2022-06-27T12:00:00,856.0,134.0,988.0,3.87,3.753,65.113,25.854,907.07,29.1,57.45,4151.99,4.152,1,0
2022-06-27T13:00:00,278.0,364.0,637.0,10.31,10.428,276.615,27.075,601.31,29.0,47.79,2857.32,2.8573,7,0
2022-06-27T14:00:00,28.0,376.0,402.0,23.89,24.01,268.348,32.857,386.74,28.8,40.89,1886.01,1.886,6,0
2022-06-27T15:00:00,514.0,211.0,619.0,37.44,37.57,263.598,41.156,594.23,28.6,47.17,2830.37,2.8304,8,0
2022-06-27T16:00:00,90.0,259.0,316.0,50.88,51.015,259.317,50.588,307.68,28.2,37.81,1517.5,1.5175,7,0
2022-06-27T17:00:00,45.0,191.0,211.0,64.13,64.269,254.889,60.395,206.8,27.8,34.26,1033.24,1.0332,7,0
2022-06-27T18:00:00,2.0,60.0,60.0,77.06,77.233,249.969,70.102,58.61,27.5,29.33,298.04,0.298,7,0
2022-06-27T19:00:00,0.0,0.0,0.0,89.25,89.763,244.215,79.113,0.0,27.3,27.3,0.0,0.0,7,7
2022-06-27T20:00:00,0.0,0.0,0.0,101.55,101.63,0.0,125.55,0.0,27.3,27.3,0.0,0.0,8,0
2022-06-27T21:00:00,0.0,0.0,0.0,112.4,112.469,0.0,136.4,0.0,27.3,27.3,0.0,0.0,0,0
2022-06-27T22:00:00,0.0,0.0,0.0,121.65,121.691,0.0,145.65,0.0,27.3,27.3,0.0,0.0,0,0
2022-06-27T23:00:00,0.0,0.0,0.0,128.41,128.412,0.0,152.41,0.0,27.2,27.2,0.0,0.0,0,0
2022-06-28T00:00:00,0.0,0.0,0.0,131.62,131.611,0.0,155.62,0.0,27.1,27.1,0.0,0.0,0,0
2022-06-28T01:00:00,0.0,0.0,0.0,130.57,130.533,0.0,154.57,0.0,27.1,27.1,0.0,0.0,0,0
2022-06-28T02:00:00,0.0,0.0,0.0,125.52,125.454,0.0,149.52,0.0,27.0,27.0,0.0,0.0,0,0
2022-06-28T03:00:00,0.0,0.0,0.0,117.43,117.343,0.0,141.43,0.0,27.0,27.0,0.0,0.0,1,0
2022-06-28T04:00:00,0.0,0.0,0.0,107.31,107.211,0.0,131.31,0.0,27.0,27.0,0.0,0.0,0,0
2022-06-28T05:00:00,0.0,0.0,0.0,95.9,95.794,0.0,119.9,0.0,27.1,27.1,0.0,0.0,1,0
2022-06-28T06:00:00,303.0,33.0,67.0,83.54,83.555,112.727,74.994,110.61,27.6,31.06,559.04,0.559,0,0
2022-06-28T07:00:00,604.0,66.0,264.0,70.85,70.782,107.436,65.493,315.97,27.9,37.77,1558.67,1.5587,0,0
2022-06-28T08:00:00,735.0,87.0,479.0,57.75,57.654,102.796,55.69,501.68,28.2,43.88,2419.38,2.4194,0,0
2022-06-28T09:00:00,461.0,220.0,550.0,44.39,44.292,98.48,45.991,535.54,28.4,45.14,2570.48,2.5705,8,0
2022-06-28T10:00:00,229.0,365.0,562.0,30.89,30.778,94.062,36.989,537.0,28.6,45.38,2575.11,2.5751,7,0
2022-06-28T11:00:00,376.0,354.0,712.0,17.31,17.189,88.348,29.694,671.48,28.7,49.68,3167.79,3.1678,8,0
2022-06-28T12:00:00,99.0,430.0,529.0,3.94,3.816,64.855,25.906,505.04,28.7,44.48,2430.06,2.4301,7,0
2022-06-28T13:00:00,9.0,320.0,329.0,10.28,10.389,276.904,27.107,317.02,28.6,38.51,1559.64,1.5596,8,0
2022-06-28T14:00:00,0.0,72.0,72.0,23.85,23.969,268.472,32.868,69.51,28.5,30.67,351.81,0.3518,9,0
2022-06-28T15:00:00,25.0,302.0,322.0,37.41,37.53,263.683,41.164,310.55,28.3,38.0,1530.61,1.5306,7,0
2022-06-28T16:00:00,608.0,160.0,543.0,50.85,50.978,259.387,50.59,543.78,28.2,45.19,2609.47,2.6095,7,0
2022-06-28T17:00:00,0.0,7.0,7.0,64.1,64.236,254.951,60.394,6.76,28.0,28.21,34.5,0.0345,6,0
2022-06-28T18:00:00,0.0,38.0,38.0,77.04,77.204,250.029,70.107,36.69,27.8,28.95,186.82,0.1868,6,0
2022-06-28T19:00:00,0.0,0.0,0.0,89.24,89.739,244.276,79.127,0.0,27.6,27.6,0.0,0.0,7,7
2022-06-28T20:00:00,0.0,0.0,0.0,101.54,101.613,0.0,125.54,0.0,27.7,27.7,0.0,0.0,7,0
2022-06-28T21:00:00,0.0,0.0,0.0,112.4,112.462,0.0,136.4,0.0,27.7,27.7,0.0,0.0,1,0
2022-06-28T22:00:00,0.0,0.0,0.0,121.67,121.698,0.0,145.67,0.0,27.7,27.7,0.0,0.0,1,0
2022-06-28T23:00:00,0.0,0.0,0.0,128.44,128.434,0.0,152.44,0.0,27.7,27.7,0.0,0.0,0,0
2022-06-29T00:00:00,0.0,0.0,0.0,131.66,131.657,0.0,155.66,0.0,27.7,27.7,0.0,0.0,0,0
2022-06-29T01:00:00,0.0,0.0,0.0,130.63,130.593,0.0,154.63,0.0,27.7,27.7,0.0,0.0,1,0
2022-06-29T02:00:00,0.0,0.0,0.0,125.59,125.521,0.0,149.59,0.0,27.6,27.6,0.0,0.0,7,0
2022-06-29T03:00:00,0.0,0.0,0.0,117.5,117.412,0.0,141.5,0.0,27.6,27.6,0.0,0.0,7,0
2022-06-29T04:00:00,0.0,0.0,0.0,107.38,107.28,0.0,131.38,0.0,27.6,27.6,0.0,0.0,1,0
2022-06-29T05:00:00,0.0,0.0,0.0,95.96,95.861,0.0,119.96,0.0,27.6,27.6,0.0,0.0,0,0
2022-06-29T06:00:00,262.0,35.0,64.0,83.6,83.62,112.701,75.059,101.59,28.0,31.17,513.25,0.5133,0,0
2022-06-29T07:00:00,562.0,73.0,257.0,70.91,70.844,107.403,65.56,304.59,28.2,37.72,1502.8,1.5028,0,0
2022-06-29T08:00:00,698.0,98.0,470.0,57.8,57.714,102.755,55.751,490.66,28.4,43.73,2367.51,2.3675,0,0
2022-06-29T09:00:00,769.0,117.0,666.0,44.45,44.35,98.425,46.062,651.29,28.5,48.85,3082.34,3.0823,0,0
2022-06-29T10:00:00,521.0,317.0,764.0,30.94,30.835,93.982,37.053,725.7,28.7,51.38,3401.37,3.4014,3,0
2022-06-29T11:00:00,2.0,206.0,208.0,17.36,17.245,88.208,29.757,200.63,29.0,35.27,998.76,0.9988,8,0
2022-06-29T12:00:00,1.0,285.0,286.0,4.0,3.881,64.512,25.959,276.05,29.2,37.83,1361.47,1.3615,3,0
2022-06-29T13:00:00,273.0,375.0,643.0,10.24,10.352,277.231,27.14,607.29,29.4,48.38,2879.31,2.8793,7,0
2022-06-29T14:00:00,539.0,233.0,726.0,23.81,23.929,268.614,32.885,681.84,29.5,50.81,3202.82,3.2028,8,0
2022-06-29T15:00:00,0.0,75.0,75.0,37.37,37.493,263.779,41.169,72.41,29.6,31.86,364.91,0.3649,9,0
2022-06-29T16:00:00,0.0,15.0,15.0,50.82,50.944,259.465,50.596,14.48,29.4,29.85,73.51,0.0735,6,0
2022-06-29T17:00:00,117.0,202.0,253.0,64.07,64.205,255.021,60.395,253.26,29.1,37.01,1252.76,1.2528,8,0
2022-06-29T18:00:00,19.0,94.0,99.0,77.02,77.179,250.095,70.115,97.26,28.8,31.84,490.18,0.4902,7,0
2022-06-29T19:00:00,0.0,0.0,0.0,89.22,89.719,244.343,79.133,0.0,28.5,28.5,0.0,0.0,6,7
2022-06-29T20:00:00,0.0,0.0,0.0,101.53,101.601,0.0,125.53,0.0,28.4,28.4,0.0,0.0,7,0
2022-06-29T21:00:00,0.0,0.0,0.0,112.41,112.461,0.0,136.41,0.0,28.4,28.4,0.0,0.0,3,0
2022-06-29T22:00:00,0.0,0.0,0.0,121.68,121.709,0.0,145.68,0.0,28.3,28.3,0.0,0.0,3,0
2022-06-29T23:00:00,0.0,0.0,0.0,128.48,128.463,0.0,152.48,0.0,28.2,28.2,0.0,0.0,7,0
2022-06-30T00:00:00,0.0,0.0,0.0,131.72,131.71,0.0,155.72,0.0,28.2,28.2,0.0,0.0,0,0
2022-06-30T01:00:00,0.0,0.0,0.0,130.7,130.66,0.0,154.7,0.0,28.1,28.1,0.0,0.0,7,0
2022-06-30T02:00:00,0.0,0.0,0.0,125.66,125.595,0.0,149.66,0.0,28.0,28.0,0.0,0.0,0,0
2022-06-30T03:00:00,0.0,0.0,0.0,117.57,117.486,0.0,141.57,0.0,28.0,28.0,0.0,0.0,0,0
2022-06-30T04:00:00,0.0,0.0,0.0,107.45,107.353,0.0,131.45,0.0,28.0,28.0,0.0,0.0,7,0
2022-06-30T05:00:00,0.0,0.0,0.0,96.03,95.931,0.0,120.03,0.0,28.0,28.0,0.0,0.0,7,0
2022-06-30T06:00:00,2.0,40.0,40.0,83.67,83.687,112.669,75.136,39.13,28.1,29.32,199.0,0.199,7,7
2022-06-30T07:00:00,5.0,85.0,87.0,70.97,70.908,107.363,65.631,84.14,28.4,31.03,425.31,0.4253,7,0
2022-06-30T08:00:00,202.0,225.0,333.0,57.86,57.776,102.705,55.824,331.62,28.5,38.86,1629.34,1.6293,7,0
2022-06-30T09:00:00,434.0,233.0,542.0,44.51,44.408,98.36,46.137,528.35,28.6,45.11,2536.21,2.5362,8,0
2022-06-30T10:00:00,228.0,353.0,548.0,31.0,30.891,93.889,37.13,524.26,28.8,45.18,2515.89,2.5159,8,0
2022-06-30T11:00:00,278.0,381.0,645.0,17.42,17.301,88.045,29.832,611.27,29.0,48.1,2901.22,2.9012,7,0
2022-06-30T12:00:00,325.0,376.0,700.0,4.07,3.95,64.087,26.022,657.85,29.1,49.66,3103.81,3.1038,7,0
2022-06-30T13:00:00,152.0,445.0,595.0,10.21,10.318,277.598,27.184,566.12,29.2,46.89,2699.32,2.6993,7,0
2022-06-30T14:00:00,90.0,417.0,500.0,23.78,23.892,268.772,32.913,478.85,29.2,44.16,2306.82,2.3068,7,0
2022-06-30T15:00:00,51.0,333.0,374.0,37.34,37.458,263.887,41.185,360.22,29.1,40.36,1760.11,1.7601,7,0
2022-06-30T16:00:00,14.0,210.0,219.0,50.79,50.911,259.551,50.605,211.7,29.1,35.72,1052.17,1.0522,7,0
2022-06-30T17:00:00,95.0,199.0,241.0,64.05,64.177,255.097,60.408,239.39,29.0,36.48,1186.5,1.1865,7,0
2022-06-30T18:00:00,8.0,77.0,79.0,77.0,77.156,250.168,70.126,77.07,28.9,31.31,389.2,0.3892,7,0
2022-06-30T19:00:00,0.0,0.0,0.0,89.21,89.703,244.415,79.151,0.0,28.8,28.8,0.0,0.0,8,7
2022-06-30T20:00:00,0.0,0.0,0.0,101.53,101.594,0.0,125.53,0.0,28.7,28.7,0.0,0.0,7,0
2022-06-30T21:00:00,0.0,0.0,0.0,112.42,112.464,0.0,136.42,0.0,28.7,28.7,0.0,0.0,8,0
2022-06-30T22:00:00,0.0,0.0,0.0,121.71,121.727,0.0,145.71,0.0,28.6,28.6,0.0,0.0,7,0
2022-06-30T23:00:00,0.0,0.0,0.0,128.52,128.498,0.0,152.52,0.0,28.4,28.4,0.0,0.0,0,0
2022-07-01T00:00:00,0.0,0.0,0.0,131.78,131.77,0.0,155.78,0.0,28.3,28.3,0.0,0.0,0,0
2022-07-01T01:00:00,0.0,0.0,0.0,130.77,130.733,0.0,154.77,0.0,28.1,28.1,0.0,0.0,0,0
2022-07-01T02:00:00,0.0,0.0,0.0,125.74,125.673,0.0,149.74,0.0,28.0,28.0,0.0,0.0,0,0
2022-07-01T03:00:00,0.0,0.0,0.0,117.65,117.565,0.0,141.65,0.0,27.9,27.9,0.0,0.0,0,0
2022-07-01T04:00:00,0.0,0.0,0.0,107.52,107.429,0.0,131.52,0.0,27.8,27.8,0.0,0.0,3,0
2022-07-01T05:00:00,0.0,0.0,0.0,96.11,96.004,0.0,120.11,0.0,27.8,27.8,0.0,0.0,0,0
2022-07-01T06:00:00,253.0,35.0,63.0,83.73,83.756,112.63,75.206,98.63,28.1,31.18,498.29,0.4983,0,0
2022-07-01T07:00:00,569.0,73.0,258.0,71.04,70.974,107.316,65.713,306.11,28.3,37.87,1509.5,1.5095,0,0
2022-07-01T08:00:00,715.0,94.0,474.0,57.93,57.838,102.647,55.909,494.8,28.4,43.86,2386.36,2.3864,0,0
2022-07-01T09:00:00,797.0,107.0,675.0,44.57,44.468,98.286,46.216,659.68,28.6,49.22,3117.74,3.1177,0,0
2022-07-01T10:00:00,856.0,108.0,841.0,31.06,30.949,93.783,37.211,792.33,28.8,53.56,3682.42,3.6824,1,0
2022-07-01T11:00:00,879.0,113.0,951.0,17.47,17.358,87.86,29.906,878.3,29.1,56.55,4034.54,4.0345,0,0
2022-07-01T12:00:00,887.0,116.0,1000.0,4.14,4.021,63.585,26.091,916.24,29.3,57.93,4185.91,4.1859,0,0
2022-07-01T13:00:00,880.0,117.0,983.0,10.18,10.286,278.003,27.233,902.9,29.4,57.62,4130.11,4.1301,0,0
2022-07-01T14:00:00,859.0,116.0,902.0,23.74,23.857,268.948,32.939,839.7,29.5,55.74,3869.48,3.8695,0,0
2022-07-01T15:00:00,824.0,110.0,765.0,37.31,37.424,264.005,41.205,731.8,29.5,52.37,3416.85,3.4168,0,0
2022-07-01T16:00:00,763.0,100.0,582.0,50.76,50.882,259.645,50.617,584.83,29.5,47.78,2779.2,2.7792,0,0
2022-07-01T17:00:00,656.0,84.0,372.0,64.02,64.152,255.181,60.416,407.46,29.3,42.03,1978.57,1.9786,0,0
2022-07-01T18:00:00,451.0,58.0,159.0,76.98,77.136,250.247,70.139,210.09,29.0,35.57,1044.75,1.0447,0,0
2022-07-01T19:00:00,0.0,0.0,0.0,89.21,89.691,244.494,79.18,0.0,28.7,28.7,0.0,0.0,0,0
2022-07-01T20:00:00,0.0,0.0,0.0,101.53,101.59,0.0,125.53,0.0,28.6,28.6,0.0,0.0,1,0
2022-07-01T21:00:00,0.0,0.0,0.0,112.43,112.473,0.0,136.43,0.0,28.5,28.5,0.0,0.0,0,0
2022-07-01T22:00:00,0.0,0.0,0.0,121.74,121.751,0.0,145.74,0.0,28.4,28.4,0.0,0.0,0,0
2022-07-01T23:00:00,0.0,0.0,0.0,128.57,128.54,0.0,152.57,0.0,28.3,28.3,0.0,0.0,0,0
2022-07-02T00:00:00,0.0,0.0,0.0,131.84,131.837,0.0,155.84,0.0,28.2,28.2,0.0,0.0,0,0
2022-07-02T01:00:00,0.0,0.0,0.0,130.85,130.812,0.0,154.85,0.0,28.1,28.1,0.0,0.0,0,0
2022-07-02T02:00:00,0.0,0.0,0.0,125.82,125.758,0.0,149.82,0.0,28.0,28.0,0.0,0.0,0,0
2022-07-02T03:00:00,0.0,0.0,0.0,117.73,117.649,0.0,141.73,0.0,27.9,27.9,0.0,0.0,0,0
2022-07-02T04:00:00,0.0,0.0,0.0,107.6,107.509,0.0,131.6,0.0,27.9,27.9,0.0,0.0,0,0
2022-07-02T05:00:00,0.0,0.0,0.0,96.18,96.079,0.0,120.18,0.0,27.9,27.9,0.0,0.0,0,0
2022-07-02T06:00:00,226.0,36.0,60.0,83.8,83.827,112.584,75.289,92.36,28.3,31.19,466.58,0.4666,0,0
2022-07-02T07:00:00,556.0,74.0,254.0,71.11,71.041,107.262,65.798,300.93,28.5,37.9,1483.76,1.4838,0,0
2022-07-02T08:00:00,711.0,94.0,471.0,57.99,57.902,102.582,55.988,491.72,28.8,44.17,2368.79,2.3688,1,0
2022-07-02T09:00:00,792.0,108.0,672.0,44.63,44.529,98.201,46.299,656.33,29.0,49.51,3098.38,3.0984,0,0
2022-07-02T10:00:00,838.0,118.0,835.0,31.11,31.007,93.664,37.289,786.82,29.4,53.99,3650.72,3.6507,0,0
2022-07-02T11:00:00,866.0,122.0,948.0,17.53,17.416,87.653,29.991,874.97,29.6,56.94,4012.99,4.013,0,0
2022-07-02T12:00:00,876.0,125.0,998.0,4.22,4.095,63.012,26.17,914.42,29.8,58.38,4170.27,4.1703,0,0
2022-07-02T13:00:00,887.0,113.0,986.0,10.16,10.256,278.448,27.292,904.9,29.8,58.08,4131.7,4.1317,0,0
2022-07-02T14:00:00,872.0,109.0,907.0,23.71,23.823,269.14,32.977,843.64,29.8,56.16,3881.2,3.8812,0,0
2022-07-02T15:00:00,838.0,103.0,770.0,37.28,37.393,264.134,41.23,735.44,29.8,52.78,3428.36,3.4284,0,0
2022-07-02T16:00:00,779.0,94.0,587.0,50.74,50.854,259.749,50.641,589.03,29.6,48.01,2796.7,2.7967,0,0
2022-07-02T17:00:00,676.0,80.0,376.0,64.01,64.129,255.271,60.444,413.25,29.4,42.31,2004.61,2.0046,0,0
2022-07-02T18:00:00,468.0,56.0,162.0,76.97,77.12,250.332,70.163,213.79,29.0,35.68,1062.7,1.0627,0,0
2022-07-02T19:00:00,0.0,0.0,0.0,89.2,89.682,244.578,79.202,0.0,28.7,28.7,0.0,0.0,0,0
2022-07-02T20:00:00,0.0,0.0,0.0,101.53,101.592,0.0,125.53,0.0,28.5,28.5,0.0,0.0,0,0
2022-07-02T21:00:00,0.0,0.0,0.0,112.45,112.486,0.0,136.45,0.0,28.5,28.5,0.0,0.0,2,0
2022-07-02T22:00:00,0.0,0.0,0.0,121.77,121.78,0.0,145.77,0.0,28.4,28.4,0.0,0.0,0,0
2022-07-02T23:00:00,0.0,0.0,0.0,128.62,128.588,0.0,152.62,0.0,28.3,28.3,0.0,0.0,0,0
2022-07-03T00:00:00,0.0,0.0,0.0,131.92,131.91,0.0,155.92,0.0,28.2,28.2,0.0,0.0,0,0
2022-07-03T01:00:00,0.0,0.0,0.0,130.94,130.898,0.0,154.94,0.0,28.1,28.1,0.0,0.0,0,0
2022-07-03T02:00:00,0.0,0.0,0.0,125.91,125.847,0.0,149.91,0.0,28.0,28.0,0.0,0.0,0,0
2022-07-03T03:00:00,0.0,0.0,0.0,117.82,117.736,0.0,141.82,0.0,28.0,28.0,0.0,0.0,0,0
2022-07-03T04:00:00,0.0,0.0,0.0,107.69,107.592,0.0,131.69,0.0,27.9,27.9,0.0,0.0,0,0
2022-07-03T05:00:00,0.0,0.0,0.0,96.26,96.157,0.0,120.26,0.0,27.9,27.9,0.0,0.0,0,0
2022-07-03T06:00:00,225.0,36.0,60.0,83.87,83.9,112.532,75.373,91.78,28.3,31.17,463.7,0.4637,0,0
2022-07-03T07:00:00,556.0,75.0,254.0,71.17,71.11,107.201,65.877,301.19,28.5,37.91,1484.99,1.485,0,0
2022-07-03T08:00:00,705.0,97.0,470.0,58.05,57.967,102.508,56.07,490.38,28.7,44.02,2363.61,2.3636,0,0
2022-07-03T09:00:00,790.0,110.0,672.0,44.69,44.59,98.108,46.386,656.0,28.9,49.4,3098.13,3.0981,1,0
2022-07-03T10:00:00,475.0,339.0,745.0,31.17,31.066,93.532,37.38,708.24,29.1,51.23,3321.38,3.3214,3,0
2022-07-03T11:00:00,880.0,111.0,950.0,17.58,17.474,87.425,30.076,875.93,29.3,56.67,4021.68,4.0217,0,0
2022-07-03T12:00:00,890.0,112.0,999.0,4.29,4.172,62.371,26.25,914.02,29.4,57.96,4175.23,4.1752,0,0
2022-07-03T13:00:00,882.0,114.0,982.0,10.13,10.23,278.931,27.352,900.95,29.4,57.55,4122.21,4.1222,0,0
2022-07-03T14:00:00,863.0,111.0,901.0,23.69,23.792,269.349,33.026,837.55,29.3,55.47,3863.61,3.8636,0,0
2022-07-03T15:00:00,828.0,105.0,764.0,37.26,37.364,264.274,41.266,729.44,29.1,51.89,3412.07,3.4121,0,0
2022-07-03T16:00:00,767.0,96.0,582.0,50.72,50.83,259.86,50.669,583.01,29.0,47.22,2776.4,2.7764,0,0
2022-07-03T17:00:00,663.0,81.0,372.0,63.99,64.11,255.369,60.465,407.54,28.8,41.54,1982.65,1.9826,0,0
2022-07-03T18:00:00,457.0,56.0,160.0,76.96,77.107,250.423,70.19,209.84,28.6,35.16,1045.03,1.045,0,0
2022-07-03T19:00:00,0.0,0.0,0.0,89.2,89.677,244.667,79.236,0.0,28.5,28.5,0.0,0.0,1,0
2022-07-03T20:00:00,0.0,0.0,0.0,101.54,101.597,0.0,125.54,0.0,28.4,28.4,0.0,0.0,0,0
2022-07-03T21:00:00,0.0,0.0,0.0,112.47,112.505,0.0,136.47,0.0,28.4,28.4,0.0,0.0,0,0
2022-07-03T22:00:00,0.0,0.0,0.0,121.81,121.816,0.0,145.81,0.0,28.3,28.3,0.0,0.0,0,0
2022-07-03T23:00:00,0.0,0.0,0.0,128.68,128.643,0.0,152.68,0.0,28.2,28.2,0.0,0.0,0,0
2022-07-04T00:00:00,0.0,0.0,0.0,132.0,131.991,0.0,156.0,0.0,28.1,28.1,0.0,0.0,0,0
2022-07-04T01:00:00,0.0,0.0,0.0,131.03,130.991,0.0,155.03,0.0,28.0,28.0,0.0,0.0,0,0
2022-07-04T02:00:00,0.0,0.0,0.0,126.0,125.943,0.0,150.0,0.0,28.0,28.0,0.0,0.0,1,0
2022-07-04T03:00:00,0.0,0.0,0.0,117.91,117.829,0.0,141.91,0.0,28.0,28.0,0.0,0.0,1,0
2022-07-04T04:00:00,0.0,0.0,0.0,107.77,107.679,0.0,131.77,0.0,28.1,28.1,0.0,0.0,1,0
2022-07-04T05:00:00,0.0,0.0,0.0,96.34,96.238,0.0,120.34,0.0,28.1,28.1,0.0,0.0,0,0
2022-07-04T06:00:00,292.0,31.0,62.0,83.95,83.976,112.473,75.47,103.46,28.6,31.83,521.45,0.5214,0,0
2022-07-04T07:00:00,616.0,61.0,259.0,71.24,71.18,107.133,65.968,311.47,28.8,38.53,1532.17,1.5322,0,0
2022-07-04T08:00:00,754.0,77.0,476.0,58.12,58.032,102.427,56.165,497.62,29.1,44.65,2392.85,2.3928,0,0
2022-07-04T09:00:00,827.0,89.0,676.0,44.75,44.652,98.005,46.476,660.52,29.2,49.84,3114.21,3.1142,0,0
2022-07-04T10:00:00,278.0,414.0,653.0,31.23,31.125,93.387,37.475,622.38,29.4,48.85,2945.53,2.9455,3,0
2022-07-04T11:00:00,881.0,108.0,948.0,17.64,17.533,87.175,30.173,873.17,29.6,56.89,4005.61,4.0056,0,0
2022-07-04T12:00:00,887.0,113.0,997.0,4.37,4.252,61.669,26.339,911.65,29.7,58.19,4160.69,4.1607,0,0
2022-07-04T13:00:00,878.0,116.0,980.0,10.12,10.207,279.453,27.427,898.77,29.7,57.79,4108.44,4.1084,0,0
2022-07-04T14:00:00,854.0,117.0,900.0,23.66,23.764,269.574,33.074,835.35,29.7,55.8,3848.46,3.8485,0,0
2022-07-04T15:00:00,491.0,225.0,616.0,37.23,37.338,264.426,41.299,589.48,29.7,48.12,2797.59,2.7976,7,0
2022-07-04T16:00:00,9.0,193.0,199.0,50.7,50.808,259.98,50.699,192.08,29.6,35.6,955.04,0.955,6,0
2022-07-04T17:00:00,31.0,169.0,182.0,63.98,64.094,255.473,60.499,178.53,29.4,34.98,889.7,0.8897,7,0
2022-07-04T18:00:00,0.0,72.0,72.0,76.96,77.098,250.52,70.229,69.51,29.0,31.17,351.18,0.3512,3,0
2022-07-04T19:00:00,0.0,0.0,0.0,89.21,89.677,244.763,79.281,0.0,28.7,28.7,0.0,0.0,0,0
2022-07-04T20:00:00,0.0,0.0,0.0,101.56,101.607,0.0,125.56,0.0,28.6,28.6,0.0,0.0,8,0
2022-07-04T21:00:00,0.0,0.0,0.0,112.5,112.529,0.0,136.5,0.0,28.6,28.6,0.0,0.0,0,0
2022-07-04T22:00:00,0.0,0.0,0.0,121.86,121.857,0.0,145.86,0.0,28.5,28.5,0.0,0.0,0,0
2022-07-04T23:00:00,0.0,0.0,0.0,128.75,128.705,0.0,152.75,0.0,28.4,28.4,0.0,0.0,0,0
2022-07-05T00:00:00,0.0,0.0,0.0,132.08,132.078,0.0,156.08,0.0,28.4,28.4,0.0,0.0,0,0
2022-07-05T01:00:00,0.0,0.0,0.0,131.13,131.089,0.0,155.13,0.0,28.3,28.3,0.0,0.0,0,0
2022-07-05T02:00:00,0.0,0.0,0.0,126.1,126.043,0.0,150.1,0.0,28.2,28.2,0.0,0.0,7,0
2022-07-05T03:00:00,0.0,0.0,0.0,118.0,117.925,0.0,142.0,0.0,28.2,28.2,0.0,0.0,0,0
2022-07-05T04:00:00,0.0,0.0,0.0,107.86,107.769,0.0,131.86,0.0,28.1,28.1,0.0,0.0,7,0
2022-07-05T05:00:00,0.0,0.0,0.0,96.42,96.322,0.0,120.42,0.0,28.0,28.0,0.0,0.0,7,0
2022-07-05T06:00:00,0.0,15.0,15.0,84.02,84.053,112.408,75.559,14.48,28.3,28.75,73.8,0.0738,7,7
2022-07-05T07:00:00,447.0,94.0,237.0,71.31,71.252,107.057,66.061,273.36,28.4,36.94,1352.56,1.3526,1,0
2022-07-05T08:00:00,439.0,195.0,426.0,58.18,58.099,102.337,56.254,434.12,28.5,42.07,2107.81,2.1078,7,0
2022-07-05T09:00:00,690.0,152.0,641.0,44.81,44.714,97.892,46.57,625.33,28.6,48.14,2967.49,2.9675,0,0
2022-07-05T10:00:00,184.0,375.0,532.0,31.28,31.184,93.229,37.566,509.24,28.9,44.81,2447.22,2.4472,6,0
2022-07-05T11:00:00,54.0,408.0,459.0,17.7,17.592,86.905,30.274,440.97,29.1,42.88,2134.54,2.1345,6,0
2022-07-05T12:00:00,0.0,49.0,49.0,4.45,4.336,60.908,26.434,47.31,29.3,30.78,239.33,0.2393,6,0
2022-07-05T13:00:00,0.0,75.0,75.0,10.1,10.188,280.012,27.503,72.41,29.3,31.56,365.3,0.3653,6,0
2022-07-05T14:00:00,108.0,412.0,511.0,23.64,23.738,269.816,33.133,489.05,29.3,44.58,2352.24,2.3522,7,0
2022-07-05T15:00:00,650.0,173.0,690.0,37.21,37.314,264.587,41.343,659.49,29.2,49.81,3109.74,3.1097,7,0
2022-07-05T16:00:00,336.0,245.0,458.0,50.68,50.788,260.108,50.734,451.03,29.0,43.09,2181.52,2.1815,8,0
2022-07-05T17:00:00,581.0,104.0,359.0,63.97,64.08,255.584,60.535,388.4,28.9,41.04,1893.01,1.893,0,0
2022-07-05T18:00:00,50.0,107.0,119.0,76.95,77.092,250.623,70.261,120.29,28.8,32.56,604.72,0.6047,8,0
2022-07-05T19:00:00,0.0,0.0,0.0,89.21,89.68,244.864,79.318,0.0,28.7,28.7,0.0,0.0,8,7
2022-07-05T20:00:00,0.0,0.0,0.0,101.58,101.622,0.0,125.58,0.0,28.6,28.6,0.0,0.0,1,0
2022-07-05T21:00:00,0.0,0.0,0.0,112.54,112.558,0.0,136.54,0.0,28.6,28.6,0.0,0.0,0,0
2022-07-05T22:00:00,0.0,0.0,0.0,121.92,121.905,0.0,145.92,0.0,28.5,28.5,0.0,0.0,0,0
2022-07-05T23:00:00,0.0,0.0,0.0,128.82,128.773,0.0,152.82,0.0,28.4,28.4,0.0,0.0,0,0
2022-07-06T00:00:00,0.0,0.0,0.0,132.18,132.172,0.0,156.18,0.0,28.2,28.2,0.0,0.0,0,0
2022-07-06T01:00:00,0.0,0.0,0.0,131.23,131.194,0.0,155.23,0.0,28.1,28.1,0.0,0.0,3,0
2022-07-06T02:00:00,0.0,0.0,0.0,126.21,126.149,0.0,150.21,0.0,28.1,28.1,0.0,0.0,7,0
2022-07-06T03:00:00,0.0,0.0,0.0,118.1,118.026,0.0,142.1,0.0,28.1,28.1,0.0,0.0,0,0
2022-07-06T04:00:00,0.0,0.0,0.0,107.95,107.863,0.0,131.95,0.0,28.1,28.1,0.0,0.0,0,0
2022-07-06T05:00:00,0.0,0.0,0.0,96.5,96.408,0.0,120.5,0.0,28.1,28.1,0.0,0.0,0,0
2022-07-06T06:00:00,205.0,35.0,56.0,84.09,84.132,112.336,75.652,84.77,28.5,31.15,428.33,0.4283,0,0
2022-07-06T07:00:00,1.0,98.0,98.0,71.38,71.325,106.975,66.158,95.02,28.7,31.67,479.18,0.4792,3,0
2022-07-06T08:00:00,698.0,96.0,463.0,58.25,58.167,102.24,56.355,482.58,28.9,43.98,2326.38,2.3264,0,0
2022-07-06T09:00:00,781.0,110.0,663.0,44.87,44.778,97.77,46.667,646.92,29.1,49.32,3056.25,3.0563,0,0
2022-07-06T10:00:00,854.0,103.0,833.0,31.34,31.244,93.059,37.67,781.73,29.4,53.83,3629.35,3.6293,0,0
2022-07-06T11:00:00,882.0,106.0,946.0,17.76,17.652,86.613,30.381,870.48,29.6,56.8,3994.61,3.9946,0,0
2022-07-06T12:00:00,894.0,106.0,998.0,4.54,4.422,60.094,26.539,909.84,29.8,58.23,4151.73,4.1517,0,0
2022-07-06T13:00:00,885.0,110.0,982.0,10.09,10.172,280.609,27.588,898.11,30.0,58.07,4100.89,4.1009,0,0
2022-07-06T14:00:00,870.0,107.0,904.0,23.62,23.714,270.075,33.196,838.2,30.1,56.29,3854.21,3.8542,0,0
2022-07-06T15:00:00,838.0,100.0,768.0,37.2,37.293,264.76,41.399,730.92,30.1,52.94,3405.19,3.4052,0,0
2022-07-06T16:00:00,783.0,90.0,587.0,50.67,50.772,260.244,50.779,586.28,30.0,48.32,2780.3,2.7803,0,0
2022-07-06T17:00:00,686.0,75.0,377.0,63.96,64.07,255.702,60.574,412.05,29.8,42.68,1996.07,1.9961,0,0
2022-07-06T18:00:00,491.0,52.0,163.0,76.96,77.089,250.733,70.313,216.57,29.4,36.17,1074.59,1.0746,0,0
2022-07-06T19:00:00,0.0,0.0,0.0,89.22,89.687,244.97,79.368,0.0,29.0,29.0,0.0,0.0,0,0
2022-07-06T20:00:00,0.0,0.0,0.0,101.6,101.641,0.0,125.6,0.0,28.8,28.8,0.0,0.0,0,0
2022-07-06T21:00:00,0.0,0.0,0.0,112.58,112.593,0.0,136.58,0.0,28.7,28.7,0.0,0.0,0,0
2022-07-06T22:00:00,0.0,0.0,0.0,121.97,121.958,0.0,145.97,0.0,28.6,28.6,0.0,0.0,0,0
2022-07-06T23:00:00,0.0,0.0,0.0,128.91,128.847,0.0,152.91,0.0,28.5,28.5,0.0,0.0,0,0
2022-07-07T00:00:00,0.0,0.0,0.0,132.28,132.272,0.0,156.28,0.0,28.3,28.3,0.0,0.0,0,0
2022-07-07T01:00:00,0.0,0.0,0.0,131.34,131.306,0.0,155.34,0.0,28.2,28.2,0.0,0.0,0,0
2022-07-07T02:00:00,0.0,0.0,0.0,126.32,126.261,0.0,150.32,0.0,28.1,28.1,0.0,0.0,3,0
2022-07-07T03:00:00,0.0,0.0,0.0,118.21,118.131,0.0,142.21,0.0,28.0,28.0,0.0,0.0,7,0
2022-07-07T04:00:00,0.0,0.0,0.0,108.04,107.959,0.0,132.04,0.0,27.9,27.9,0.0,0.0,1,0
2022-07-07T05:00:00,0.0,0.0,0.0,96.59,96.496,0.0,120.59,0.0,27.8,27.8,0.0,0.0,7,0
2022-07-07T06:00:00,246.0,32.0,57.0,84.17,84.213,112.257,75.756,91.64,28.2,31.06,463.16,0.4632,0,0
2022-07-07T07:00:00,572.0,69.0,251.0,71.45,71.399,106.886,66.257,298.49,28.4,37.73,1472.69,1.4727,0,0
2022-07-07T08:00:00,723.0,89.0,469.0,58.31,58.235,102.135,56.45,488.78,28.5,43.77,2358.1,2.3581,0,0
2022-07-07T09:00:00,806.0,102.0,673.0,44.93,44.841,97.638,46.769,655.47,28.7,49.18,3098.22,3.0982,0,0
2022-07-07T10:00:00,770.0,120.0,778.0,31.4,31.305,92.876,37.778,730.14,28.9,51.72,3417.71,3.4177,7,0
2022-07-07T11:00:00,887.0,117.0,962.0,17.81,17.713,86.302,30.487,884.62,29.2,56.84,4058.85,4.0588,0,0
2022-07-07T12:00:00,901.0,118.0,1016.0,4.63,4.512,59.232,26.649,926.97,29.6,58.57,4224.27,4.2243,0,0
2022-07-07T13:00:00,109.0,441.0,548.0,10.08,10.16,281.242,27.679,523.2,29.9,46.25,2500.74,2.5007,7,0
2022-07-07T14:00:00,880.0,112.0,918.0,23.6,23.694,270.35,33.265,850.9,30.0,56.59,3908.03,3.908,0,0
2022-07-07T15:00:00,842.0,105.0,777.0,37.18,37.275,264.943,41.451,738.28,30.0,53.07,3437.73,3.4377,0,0
2022-07-07T16:00:00,777.0,96.0,589.0,50.66,50.759,260.388,50.829,587.73,29.9,48.27,2787.74,2.7877,0,0
2022-07-07T17:00:00,7.0,166.0,169.0,63.96,64.063,255.827,60.625,163.72,29.6,34.72,816.65,0.8167,3,0
2022-07-07T18:00:00,450.0,58.0,159.0,76.96,77.091,250.848,70.359,208.12,29.2,35.7,1034.43,1.0344,0,0
2022-07-07T19:00:00,0.0,0.0,0.0,89.24,89.698,245.082,79.428,0.0,28.9,28.9,0.0,0.0,0,0
2022-07-07T20:00:00,0.0,0.0,0.0,101.63,101.665,0.0,125.63,0.0,28.7,28.7,0.0,0.0,0,0
2022-07-07T21:00:00,0.0,0.0,0.0,112.62,112.632,0.0,136.62,0.0,28.6,28.6,0.0,0.0,0,0
2022-07-07T22:00:00,0.0,0.0,0.0,122.04,122.017,0.0,146.04,0.0,28.4,28.4,0.0,0.0,3,0
2022-07-07T23:00:00,0.0,0.0,0.0,128.99,128.928,0.0,152.99,0.0,28.4,28.4,0.0,0.0,0,0
2022-07-08T00:00:00,0.0,0.0,0.0,132.38,132.38,0.0,156.38,0.0,28.3,28.3,0.0,0.0,0,0
2022-07-08T01:00:00,0.0,0.0,0.0,131.45,131.423,0.0,155.45,0.0,28.3,28.3,0.0,0.0,0,0
2022-07-08T02:00:00,0.0,0.0,0.0,126.43,126.377,0.0,150.43,0.0,28.2,28.2,0.0,0.0,7,0
2022-07-08T03:00:00,0.0,0.0,0.0,118.31,118.24,0.0,142.31,0.0,28.1,28.1,0.0,0.0,3,0
2022-07-08T04:00:00,0.0,0.0,0.0,108.14,108.059,0.0,132.14,0.0,28.0,28.0,0.0,0.0,0,0
2022-07-08T05:00:00,0.0,0.0,0.0,96.68,96.587,0.0,120.68,0.0,28.0,28.0,0.0,0.0,0,0
2022-07-08T06:00:00,216.0,33.0,55.0,84.25,84.295,112.172,75.862,84.81,28.4,31.05,428.65,0.4287,0,0
2022-07-08T07:00:00,561.0,70.0,248.0,71.52,71.474,106.79,66.359,294.08,28.6,37.79,1450.58,1.4506,0,0
2022-07-08T08:00:00,718.0,89.0,465.0,58.38,58.304,102.023,56.557,484.86,28.7,43.85,2338.52,2.3385,0,0
2022-07-08T09:00:00,801.0,101.0,667.0,44.99,44.906,97.498,46.874,649.97,28.9,49.21,3071.88,3.0719,1,0
2022-07-08T10:00:00,862.0,100.0,835.0,31.46,31.365,92.681,37.89,783.18,29.0,53.47,3641.09,3.6411,0,0
2022-07-08T11:00:00,884.0,106.0,948.0,17.87,17.774,85.97,30.605,870.47,29.3,56.5,3999.3,3.9993,0,0
2022-07-08T12:00:00,889.0,112.0,998.0,4.72,4.606,58.326,26.763,909.55,29.5,57.92,4155.48,4.1555,0,0
2022-07-08T13:00:00,876.0,119.0,982.0,10.08,10.153,281.912,27.779,897.39,29.6,57.64,4104.45,4.1045,0,0
2022-07-08T14:00:00,852.0,121.0,901.0,23.59,23.676,270.641,33.344,835.3,29.8,55.9,3846.77,3.8468,0,0
2022-07-08T15:00:00,812.0,117.0,764.0,37.17,37.26,265.137,41.514,726.56,29.9,52.61,3389.31,3.3893,0,0
2022-07-08T16:00:00,749.0,107.0,582.0,50.66,50.748,260.54,50.889,579.89,29.9,48.02,2753.13,2.7531,0,0
2022-07-08T17:00:00,641.0,90.0,371.0,63.96,64.06,255.959,60.678,403.22,29.8,42.4,1955.33,1.9553,0,0
2022-07-08T18:00:00,427.0,62.0,158.0,76.97,77.096,250.969,70.417,203.81,29.5,35.87,1012.38,1.0124,0,0
2022-07-08T19:00:00,0.0,0.0,0.0,89.26,89.714,245.199,79.491,0.0,29.2,29.2,0.0,0.0,0,0
2022-07-08T20:00:00,0.0,0.0,0.0,101.67,101.694,0.0,125.67,0.0,29.1,29.1,0.0,0.0,0,0
2022-07-08T21:00:00,0.0,0.0,0.0,112.67,112.677,0.0,136.67,0.0,29.1,29.1,0.0,0.0,0,0
2022-07-08T22:00:00,0.0,0.0,0.0,122.11,122.082,0.0,146.11,0.0,28.9,28.9,0.0,0.0,0,0
2022-07-08T23:00:00,0.0,0.0,0.0,129.09,129.016,0.0,153.09,0.0,28.7,28.7,0.0,0.0,0,0
2022-07-09T00:00:00,0.0,0.0,0.0,132.5,132.494,0.0,156.5,0.0,28.5,28.5,0.0,0.0,0,0
2022-07-09T01:00:00,0.0,0.0,0.0,131.58,131.547,0.0,155.58,0.0,28.3,28.3,0.0,0.0,0,0
2022-07-09T02:00:00,0.0,0.0,0.0,126.55,126.499,0.0,150.55,0.0,28.1,28.1,0.0,0.0,0,0
2022-07-09T03:00:00,0.0,0.0,0.0,118.42,118.354,0.0,142.42,0.0,27.9,27.9,0.0,0.0,0,0
2022-07-09T04:00:00,0.0,0.0,0.0,108.24,108.162,0.0,132.24,0.0,27.9,27.9,0.0,0.0,0,0
2022-07-09T05:00:00,0.0,0.0,0.0,96.77,96.68,0.0,120.77,0.0,27.9,27.9,0.0,0.0,0,0
2022-07-09T06:00:00,274.0,30.0,57.0,84.33,84.379,112.08,75.972,95.61,28.5,31.49,482.52,0.4825,0,1
2022-07-09T07:00:00,607.0,62.0,254.0,71.6,71.551,106.687,66.473,303.82,28.9,38.39,1495.29,1.4953,0,0
2022-07-09T08:00:00,750.0,80.0,472.0,58.44,58.374,101.902,56.659,492.84,29.2,44.6,2370.3,2.3703,0,0
2022-07-09T09:00:00,824.0,92.0,674.0,45.05,44.97,97.348,46.982,656.0,29.5,50.0,3091.03,3.091,0,0
2022-07-09T10:00:00,866.0,101.0,839.0,31.51,31.426,92.474,37.999,786.31,29.8,54.37,3642.9,3.6429,1,0
2022-07-09T11:00:00,888.0,106.0,951.0,17.93,17.836,85.618,30.727,872.97,30.1,57.38,3996.94,3.9969,0,0
2022-07-09T12:00:00,895.0,110.0,1003.0,4.81,4.704,57.38,26.882,912.21,30.2,58.71,4154.7,4.1547,0,0
2022-07-09T13:00:00,893.0,109.0,988.0,10.08,10.15,282.616,27.884,902.15,30.4,58.59,4110.76,4.1108,0,0
2022-07-09T14:00:00,9.0,294.0,302.0,23.58,23.662,270.948,33.429,291.41,30.4,39.51,1428.38,1.4284,8,0
2022-07-09T15:00:00,841.0,101.0,771.0,37.16,37.247,265.341,41.582,732.38,30.4,53.29,3407.39,3.4074,0,0
2022-07-09T16:00:00,783.0,92.0,588.0,50.66,50.741,260.7,50.953,586.36,30.2,48.52,2778.52,2.7785,0,0
2022-07-09T17:00:00,679.0,78.0,376.0,63.97,64.06,256.097,60.743,409.72,30.0,42.8,1983.86,1.9839,0,0
2022-07-09T18:00:00,473.0,55.0,161.0,76.99,77.104,251.097,70.485,212.02,29.6,36.23,1051.8,1.0518,0,0
2022-07-09T19:00:00,0.0,0.0,0.0,89.28,89.733,245.322,79.555,0.0,29.3,29.3,0.0,0.0,0,0
2022-07-09T20:00:00,0.0,0.0,0.0,101.71,101.727,0.0,125.71,0.0,29.1,29.1,0.0,0.0,0,0
2022-07-09T21:00:00,0.0,0.0,0.0,112.73,112.728,0.0,136.73,0.0,28.9,28.9,0.0,0.0,0,0
2022-07-09T22:00:00,0.0,0.0,0.0,122.19,122.154,0.0,146.19,0.0,28.8,28.8,0.0,0.0,0,0
2022-07-09T23:00:00,0.0,0.0,0.0,129.19,129.11,0.0,153.19,0.0,28.6,28.6,0.0,0.0,0,0
2022-07-10T00:00:00,0.0,0.0,0.0,132.62,132.615,0.0,156.62,0.0,28.4,28.4,0.0,0.0,0,0
2022-07-10T01:00:00,0.0,0.0,0.0,131.7,131.677,0.0,155.7,0.0,28.3,28.3,0.0,0.0,0,0
2022-07-10T02:00:00,0.0,0.0,0.0,126.68,126.626,0.0,150.68,0.0,28.2,28.2,0.0,0.0,0,0
2022-07-10T03:00:00,0.0,0.0,0.0,118.54,118.471,0.0,142.54,0.0,28.1,28.1,0.0,0.0,0,0
2022-07-10T04:00:00,0.0,0.0,0.0,108.34,108.268,0.0,132.34,0.0,28.0,28.0,0.0,0.0,0,0
2022-07-10T05:00:00,0.0,0.0,0.0,96.86,96.775,0.0,120.86,0.0,28.0,28.0,0.0,0.0,0,0
2022-07-10T06:00:00,261.0,30.0,55.0,84.41,84.465,111.982,76.083,91.95,28.5,31.37,464.22,0.4642,0,0
2022-07-10T07:00:00,596.0,63.0,250.0,71.67,71.628,106.577,66.581,299.32,28.7,38.05,1475.0,1.475,0,0
2022-07-10T08:00:00,739.0,82.0,468.0,58.51,58.445,101.774,56.773,487.45,29.0,44.23,2347.62,2.3476,0,0
2022-07-10T09:00:00,816.0,94.0,670.0,45.11,45.035,97.188,47.095,651.25,29.2,49.55,3073.94,3.0739,0,0
2022-07-10T10:00:00,866.0,99.0,837.0,31.57,31.488,92.254,38.12,783.25,29.4,53.88,3635.75,3.6358,0,0
2022-07-10T11:00:00,891.0,103.0,950.0,17.99,17.899,85.247,30.854,871.66,29.6,56.84,3999.45,3.9994,1,0
2022-07-10T12:00:00,232.0,396.0,627.0,4.91,4.805,56.398,27.01,591.0,29.7,48.17,2804.3,2.8043,7,0
2022-07-10T13:00:00,26.0,370.0,395.0,10.09,10.152,283.354,27.999,380.38,29.7,41.59,1850.15,1.8501,8,0
2022-07-10T14:00:00,0.0,134.0,135.0,23.58,23.651,271.271,33.524,129.37,29.7,33.74,647.62,0.6476,6,0
2022-07-10T15:00:00,2.0,188.0,190.0,37.16,37.238,265.555,41.661,183.01,29.7,35.42,910.56,0.9106,6,0
2022-07-10T16:00:00,786.0,89.0,587.0,50.66,50.737,260.868,51.021,584.65,29.6,47.87,2777.35,2.7773,1,0
2022-07-10T17:00:00,688.0,75.0,377.0,63.98,64.063,256.241,60.811,410.55,29.5,42.33,1991.38,1.9914,0,0
2022-07-10T18:00:00,0.0,15.0,15.0,77.01,77.117,251.229,70.556,14.48,29.2,29.65,73.56,0.0736,7,0
2022-07-10T19:00:00,0.0,0.0,0.0,89.31,89.757,245.45,79.631,0.0,29.0,29.0,0.0,0.0,7,7
2022-07-10T20:00:00,0.0,0.0,0.0,101.75,101.765,0.0,125.75,0.0,29.0,29.0,0.0,0.0,8,0
2022-07-10T21:00:00,0.0,0.0,0.0,112.79,112.784,0.0,136.79,0.0,29.0,29.0,0.0,0.0,0,0
2022-07-10T22:00:00,0.0,0.0,0.0,122.27,122.231,0.0,146.27,0.0,28.9,28.9,0.0,0.0,6,0
2022-07-10T23:00:00,0.0,0.0,0.0,129.29,129.211,0.0,153.29,0.0,28.8,28.8,0.0,0.0,6,0
2022-07-11T00:00:00,0.0,0.0,0.0,132.74,132.742,0.0,156.74,0.0,28.7,28.7,0.0,0.0,7,0
2022-07-11T01:00:00,0.0,0.0,0.0,131.84,131.812,0.0,155.84,0.0,28.6,28.6,0.0,0.0,7,0
2022-07-11T02:00:00,0.0,0.0,0.0,126.8,126.758,0.0,150.8,0.0,28.5,28.5,0.0,0.0,0,0
2022-07-11T03:00:00,0.0,0.0,0.0,118.65,118.592,0.0,142.65,0.0,28.3,28.3,0.0,0.0,8,0
2022-07-11T04:00:00,0.0,0.0,0.0,108.45,108.376,0.0,132.45,0.0,28.3,28.3,0.0,0.0,1,0
2022-07-11T05:00:00,0.0,0.0,0.0,96.95,96.872,0.0,120.95,0.0,28.3,28.3,0.0,0.0,0,0
2022-07-11T06:00:00,202.0,32.0,52.0,84.49,84.552,111.877,76.198,79.26,28.8,31.28,400.28,0.4003,0,0
2022-07-11T07:00:00,543.0,72.0,242.0,71.74,71.707,106.46,66.691,285.84,29.0,37.93,1409.18,1.4092,1,0
2022-07-11T08:00:00,202.0,225.0,331.0,58.58,58.516,101.638,56.889,328.48,29.2,39.46,1610.31,1.6103,7,0
2022-07-11T09:00:00,405.0,240.0,526.0,45.17,45.101,97.02,47.21,509.29,29.4,45.32,2442.87,2.4429,7,0
2022-07-11T10:00:00,606.0,213.0,729.0,31.63,31.55,92.022,38.245,686.03,29.6,51.04,3219.64,3.2196,8,0
2022-07-11T11:00:00,541.0,247.0,761.0,18.05,17.962,84.856,30.987,706.69,29.6,51.68,3308.38,3.3084,7,0
2022-07-11T12:00:00,463.0,319.0,780.0,5.02,4.911,55.386,27.149,723.94,29.7,52.32,3380.76,3.3808,7,0
2022-07-11T13:00:00,444.0,319.0,756.0,10.1,10.159,284.124,28.118,703.35,29.7,51.68,3292.76,3.2928,8,0
2022-07-11T14:00:00,222.0,465.0,668.0,23.57,23.643,271.61,33.617,635.55,29.7,49.56,2999.69,2.9997,3,0
2022-07-11T15:00:00,28.0,299.0,322.0,37.16,37.232,265.78,41.744,309.75,29.7,39.38,1518.97,1.519,7,0
2022-07-11T16:00:00,84.0,270.0,323.0,50.66,50.737,261.043,51.091,313.88,29.7,39.51,1538.5,1.5385,6,0
2022-07-11T17:00:00,194.0,201.0,286.0,63.99,64.07,256.392,60.882,289.19,29.7,38.74,1421.5,1.4215,7,0
2022-07-11T18:00:00,0.0,32.0,32.0,77.03,77.133,251.368,70.63,30.89,29.6,30.57,156.42,0.1564,6,0
2022-07-11T19:00:00,0.0,0.0,0.0,89.34,89.785,245.583,79.709,0.0,29.3,29.3,0.0,0.0,8,7
2022-07-11T20:00:00,0.0,0.0,0.0,101.8,101.808,0.0,125.8,0.0,29.3,29.3,0.0,0.0,0,0
2022-07-11T21:00:00,0.0,0.0,0.0,112.86,112.845,0.0,136.86,0.0,29.2,29.2,0.0,0.0,8,0
2022-07-11T22:00:00,0.0,0.0,0.0,122.36,122.314,0.0,146.36,0.0,29.2,29.2,0.0,0.0,8,0
2022-07-11T23:00:00,0.0,0.0,0.0,129.41,129.319,0.0,153.41,0.0,29.0,29.0,0.0,0.0,7,0
2022-07-12T00:00:00,0.0,0.0,0.0,132.87,132.876,0.0,156.87,0.0,28.9,28.9,0.0,0.0,7,0
2022-07-12T01:00:00,0.0,0.0,0.0,131.98,131.954,0.0,155.98,0.0,28.8,28.8,0.0,0.0,7,0
2022-07-12T02:00:00,0.0,0.0,0.0,126.94,126.894,0.0,150.94,0.0,28.6,28.6,0.0,0.0,7,0
2022-07-12T03:00:00,0.0,0.0,0.0,118.78,118.716,0.0,142.78,0.0,28.5,28.5,0.0,0.0,0,0
2022-07-12T04:00:00,0.0,0.0,0.0,108.56,108.488,0.0,132.56,0.0,28.5,28.5,0.0,0.0,7,0
2022-07-12T05:00:00,0.0,0.0,0.0,97.05,96.971,0.0,121.05,0.0,28.5,28.5,0.0,0.0,8,0
2022-07-12T06:00:00,4.0,37.0,37.0,84.57,84.641,111.765,76.315,36.67,28.9,30.05,185.99,0.186,8,7
2022-07-12T07:00:00,571.0,67.0,245.0,71.82,71.786,106.336,66.814,291.04,29.2,38.29,1432.91,1.4329,0,0
2022-07-12T08:00:00,730.0,84.0,464.0,58.64,58.588,101.495,57.0,481.96,29.3,44.36,2320.09,2.3201,0,0
2022-07-12T09:00:00,71.0,322.0,371.0,45.23,45.167,96.843,47.33,359.41,29.5,40.73,1753.72,1.7537,3,0
2022-07-12T10:00:00,291.0,406.0,653.0,31.69,31.612,91.778,38.375,622.23,29.8,49.24,2940.39,2.9404,3,0
2022-07-12T11:00:00,888.0,103.0,946.0,18.11,18.027,84.446,31.124,866.9,30.1,57.19,3972.11,3.9721,1,0
2022-07-12T12:00:00,893.0,107.0,997.0,5.12,5.021,54.346,27.284,904.64,30.4,58.67,4120.85,4.1208,1,0
2022-07-12T13:00:00,891.0,107.0,984.0,10.12,10.171,284.926,28.246,895.79,30.5,58.49,4083.37,4.0834,0,0
2022-07-12T14:00:00,865.0,110.0,903.0,23.58,23.639,271.964,33.727,832.46,30.6,56.61,3822.99,3.823,0,0
2022-07-12T15:00:00,822.0,109.0,764.0,37.16,37.229,266.014,41.83,723.39,30.6,53.21,3366.64,3.3666,0,0
2022-07-12T16:00:00,754.0,102.0,580.0,50.67,50.739,261.227,51.172,575.35,30.5,48.48,2726.8,2.7268,1,0
2022-07-12T17:00:00,637.0,89.0,368.0,64.01,64.08,256.55,60.963,397.51,30.4,42.82,1924.62,1.9246,0,0
2022-07-12T18:00:00,410.0,63.0,155.0,77.05,77.153,251.512,70.705,197.09,30.2,36.36,977.27,0.9773,0,0
2022-07-12T19:00:00,0.0,0.0,0.0,89.37,89.818,245.721,79.789,0.0,30.0,30.0,0.0,0.0,0,0
2022-07-12T20:00:00,0.0,0.0,0.0,101.85,101.855,0.0,125.85,0.0,29.9,29.9,0.0,0.0,0,0
2022-07-12T21:00:00,0.0,0.0,0.0,112.93,112.911,0.0,136.93,0.0,29.8,29.8,0.0,0.0,0,0
2022-07-12T22:00:00,0.0,0.0,0.0,122.46,122.403,0.0,146.46,0.0,29.6,29.6,0.0,0.0,0,0
2022-07-12T23:00:00,0.0,0.0,0.0,129.53,129.432,0.0,153.53,0.0,29.3,29.3,0.0,0.0,0,0
2022-07-13T00:00:00,0.0,0.0,0.0,133.01,133.017,0.0,157.01,0.0,29.1,29.1,0.0,0.0,0,0
2022-07-13T01:00:00,0.0,0.0,0.0,132.12,132.102,0.0,156.12,0.0,28.9,28.9,0.0,0.0,0,0
2022-07-13T02:00:00,0.0,0.0,0.0,127.08,127.036,0.0,151.08,0.0,28.8,28.8,0.0,0.0,0,0
2022-07-13T03:00:00,0.0,0.0,0.0,118.9,118.845,0.0,142.9,0.0,28.7,28.7,0.0,0.0,0,0
2022-07-13T04:00:00,0.0,0.0,0.0,108.67,108.602,0.0,132.67,0.0,28.7,28.7,0.0,0.0,0,0
2022-07-13T05:00:00,0.0,0.0,0.0,97.14,97.072,0.0,121.14,0.0,28.7,28.7,0.0,0.0,0,0
2022-07-13T06:00:00,164.0,33.0,48.0,84.66,84.73,111.647,76.443,70.43,29.1,31.3,355.67,0.3557,0,0
2022-07-13T07:00:00,508.0,79.0,237.0,71.9,71.866,106.205,66.939,276.62,29.4,38.04,1363.2,1.3632,0,0
2022-07-13T08:00:00,673.0,104.0,453.0,58.71,58.661,101.343,57.123,468.75,29.6,44.25,2257.43,2.2574,0,0
2022-07-13T09:00:00,467.0,221.0,550.0,45.3,45.233,96.656,47.461,531.94,29.7,46.32,2541.8,2.5418,7,0
2022-07-13T10:00:00,241.0,357.0,561.0,31.74,31.674,91.523,38.5,535.03,30.0,46.72,2552.72,2.5527,7,0
2022-07-13T11:00:00,410.0,323.0,712.0,18.17,18.092,84.018,31.265,665.65,30.3,51.1,3123.24,3.1232,8,0
2022-07-13T12:00:00,584.0,206.0,787.0,5.23,5.135,53.283,27.43,722.24,30.4,52.97,3364.39,3.3644,7,0
2022-07-13T13:00:00,530.0,307.0,828.0,10.15,10.189,285.757,28.384,767.17,30.6,54.57,3551.44,3.5514,8,0
2022-07-13T14:00:00,614.0,246.0,808.0,23.58,23.639,272.333,33.835,752.37,30.7,54.21,3487.83,3.4878,7,0
2022-07-13T15:00:00,760.0,145.0,751.0,37.17,37.23,266.259,41.928,710.66,30.7,52.91,3311.21,3.3112,1,0
2022-07-13T16:00:00,379.0,230.0,470.0,50.68,50.746,261.418,51.257,461.31,30.5,44.92,2216.04,2.216,8,0
2022-07-13T17:00:00,565.0,111.0,358.0,64.03,64.094,256.713,61.048,382.8,30.2,42.16,1857.96,1.858,1,0
2022-07-13T18:00:00,334.0,73.0,148.0,77.08,77.178,251.662,70.792,181.01,29.9,35.56,900.14,0.9001,0,0
2022-07-13T19:00:00,0.0,0.0,0.0,89.41,89.855,245.864,79.88,0.0,29.6,29.6,0.0,0.0,0,0
2022-07-13T20:00:00,0.0,0.0,0.0,101.91,101.908,0.0,125.91,0.0,29.4,29.4,0.0,0.0,0,0
2022-07-13T21:00:00,0.0,0.0,0.0,113.01,112.983,0.0,137.01,0.0,29.3,29.3,0.0,0.0,3,0
2022-07-13T22:00:00,0.0,0.0,0.0,122.56,122.498,0.0,146.56,0.0,29.1,29.1,0.0,0.0,0,0
2022-07-13T23:00:00,0.0,0.0,0.0,129.65,129.553,0.0,153.65,0.0,28.9,28.9,0.0,0.0,0,0
2022-07-14T00:00:00,0.0,0.0,0.0,133.16,133.164,0.0,157.16,0.0,28.7,28.7,0.0,0.0,0,0
2022-07-14T01:00:00,0.0,0.0,0.0,132.27,132.256,0.0,156.27,0.0,28.5,28.5,0.0,0.0,7,0
2022-07-14T02:00:00,0.0,0.0,0.0,127.22,127.183,0.0,151.22,0.0,28.4,28.4,0.0,0.0,0,0
2022-07-14T03:00:00,0.0,0.0,0.0,119.03,118.977,0.0,143.03,0.0,28.2,28.2,0.0,0.0,0,0
2022-07-14T04:00:00,0.0,0.0,0.0,108.78,108.719,0.0,132.78,0.0,28.2,28.2,0.0,0.0,0,0
2022-07-14T05:00:00,0.0,0.0,0.0,97.24,97.175,0.0,121.24,0.0,28.2,28.2,0.0,0.0,0,0
2022-07-14T06:00:00,153.0,34.0,48.0,84.74,84.821,111.523,76.565,68.49,28.7,30.84,346.45,0.3465,0,0
2022-07-14T07:00:00,504.0,83.0,239.0,71.97,71.947,106.067,67.058,277.94,29.0,37.69,1371.48,1.3715,0,0
2022-07-14T08:00:00,668.0,112.0,458.0,58.78,58.733,101.185,57.249,472.5,29.3,44.07,2277.04,2.277,0,0
2022-07-14T09:00:00,757.0,130.0,662.0,45.36,45.299,96.461,47.587,640.68,29.5,49.52,3024.36,3.0244,0,0
2022-07-14T10:00:00,817.0,134.0,829.0,31.8,31.737,91.255,38.638,773.54,29.7,53.87,3590.72,3.5907,0,0
2022-07-14T11:00:00,841.0,141.0,940.0,18.23,18.158,83.571,31.412,860.78,29.9,56.8,3950.15,3.9501,0,0
2022-07-14T12:00:00,849.0,145.0,990.0,5.35,5.254,52.201,27.585,899.78,29.9,58.02,4109.3,4.1093,0,0
2022-07-14T13:00:00,850.0,140.0,977.0,10.18,10.213,286.615,28.525,889.21,29.8,57.59,4067.95,4.068,0,0
2022-07-14T14:00:00,300.0,380.0,655.0,23.59,23.643,272.716,33.954,618.08,29.7,49.02,2923.36,2.9234,7,0
2022-07-14T15:00:00,795.0,128.0,762.0,37.18,37.234,266.513,42.029,719.59,29.6,52.09,3363.5,3.3635,0,0
2022-07-14T16:00:00,34.0,250.0,271.0,50.7,50.755,261.616,51.353,262.77,29.3,37.51,1297.46,1.2975,7,0
2022-07-14T17:00:00,0.0,7.0,7.0,64.05,64.112,256.883,61.135,6.76,29.0,29.21,34.38,0.0344,6,0
2022-07-14T18:00:00,0.0,3.0,3.0,77.12,77.206,251.817,70.891,2.9,28.7,28.79,14.76,0.0148,6,0
2022-07-14T19:00:00,0.0,0.0,0.0,89.45,89.896,246.012,79.973,0.0,28.4,28.4,0.0,0.0,6,7
2022-07-14T20:00:00,0.0,0.0,0.0,101.97,101.965,0.0,125.97,0.0,28.2,28.2,0.0,0.0,6,0
2022-07-14T21:00:00,0.0,0.0,0.0,113.09,113.06,0.0,137.09,0.0,28.2,28.2,0.0,0.0,7,0
2022-07-14T22:00:00,0.0,0.0,0.0,122.67,122.599,0.0,146.67,0.0,28.1,28.1,0.0,0.0,8,0
2022-07-14T23:00:00,0.0,0.0,0.0,129.78,129.68,0.0,153.78,0.0,27.9,27.9,0.0,0.0,0,0
2022-07-15T00:00:00,0.0,0.0,0.0,133.31,133.318,0.0,157.31,0.0,27.8,27.8,0.0,0.0,7,0
2022-07-15T01:00:00,0.0,0.0,0.0,132.43,132.416,0.0,156.43,0.0,27.7,27.7,0.0,0.0,0,0
2022-07-15T02:00:00,0.0,0.0,0.0,127.37,127.334,0.0,151.37,0.0,27.7,27.7,0.0,0.0,0,0
2022-07-15T03:00:00,0.0,0.0,0.0,119.16,119.113,0.0,143.16,0.0,27.7,27.7,0.0,0.0,0,0
2022-07-15T04:00:00,0.0,0.0,0.0,108.89,108.838,0.0,132.89,0.0,27.7,27.7,0.0,0.0,1,0
2022-07-15T05:00:00,0.0,0.0,0.0,97.34,97.28,0.0,121.34,0.0,27.6,27.6,0.0,0.0,7,0
2022-07-15T06:00:00,0.0,24.0,24.0,84.83,84.914,111.391,76.699,23.17,27.7,28.42,118.21,0.1182,7,7
2022-07-15T07:00:00,0.0,13.0,13.0,72.05,72.029,105.923,67.189,12.55,27.8,28.19,64.08,0.0641,7,0
2022-07-15T08:00:00,1.0,80.0,80.0,58.85,58.807,101.019,57.378,77.77,27.8,30.23,394.25,0.3942,6,0
2022-07-15T09:00:00,0.0,41.0,41.0,45.42,45.366,96.256,47.717,39.58,27.8,29.04,201.5,0.2015,6,0
2022-07-15T10:00:00,0.0,46.0,46.0,31.86,31.8,90.976,38.779,44.41,27.7,29.09,226.04,0.226,6,0
2022-07-15T11:00:00,0.0,98.0,99.0,18.29,18.225,83.106,31.562,94.62,27.6,30.56,479.09,0.4791,6,0
2022-07-15T12:00:00,0.0,54.0,54.0,5.47,5.377,51.103,27.744,52.13,27.4,29.03,265.4,0.2654,6,0
2022-07-15T13:00:00,0.0,104.0,104.0,10.21,10.243,287.499,28.67,100.4,27.4,30.54,508.41,0.5084,6,0
2022-07-15T14:00:00,0.0,98.0,99.0,23.61,23.65,273.115,34.083,94.62,27.3,30.26,479.6,0.4796,6,0
2022-07-15T15:00:00,8.0,248.0,254.0,37.19,37.242,266.777,42.133,245.41,27.2,34.87,1223.45,1.2235,6,0
2022-07-15T16:00:00,16.0,210.0,220.0,50.72,50.769,261.822,51.453,212.79,27.2,33.85,1064.78,1.0648,7,0
2022-07-15T17:00:00,148.0,202.0,266.0,64.08,64.134,257.059,61.233,266.79,27.3,35.64,1326.36,1.3264,8,0
2022-07-15T18:00:00,454.0,56.0,156.0,77.16,77.238,251.977,70.991,202.8,27.3,33.64,1015.55,1.0156,0,0
2022-07-15T19:00:00,0.0,0.0,0.0,89.49,89.941,246.166,80.068,0.0,27.3,27.3,0.0,0.0,0,0
2022-07-15T20:00:00,0.0,0.0,0.0,102.04,102.027,0.0,126.04,0.0,27.5,27.5,0.0,0.0,0,0
2022-07-15T21:00:00,0.0,0.0,0.0,113.18,113.143,0.0,137.18,0.0,27.6,27.6,0.0,0.0,0,0
2022-07-15T22:00:00,0.0,0.0,0.0,122.78,122.707,0.0,146.78,0.0,27.9,27.9,0.0,0.0,0,0
2022-07-15T23:00:00,0.0,0.0,0.0,129.92,129.813,0.0,153.92,0.0,28.0,28.0,0.0,0.0,0,0
2022-07-16T00:00:00,0.0,0.0,0.0,133.47,133.478,0.0,157.47,0.0,28.1,28.1,0.0,0.0,1,0
2022-07-16T01:00:00,0.0,0.0,0.0,132.59,132.582,0.0,156.59,0.0,28.2,28.2,0.0,0.0,1,0
2022-07-16T02:00:00,0.0,0.0,0.0,127.52,127.49,0.0,151.52,0.0,28.2,28.2,0.0,0.0,0,0
2022-07-16T03:00:00,0.0,0.0,0.0,119.29,119.252,0.0,143.29,0.0,28.2,28.2,0.0,0.0,1,0
2022-07-16T04:00:00,0.0,0.0,0.0,109.01,108.96,0.0,133.01,0.0,28.1,28.1,0.0,0.0,1,0
2022-07-16T05:00:00,0.0,0.0,0.0,97.44,97.386,0.0,121.44,0.0,28.0,28.0,0.0,0.0,0,0
2022-07-16T06:00:00,143.0,32.0,45.0,84.91,85.007,111.254,76.826,63.6,28.2,30.19,322.44,0.3224,0,0
2022-07-16T07:00:00,484.0,81.0,230.0,72.13,72.112,105.772,67.322,266.09,28.4,36.72,1317.69,1.3177,0,0
2022-07-16T08:00:00,641.0,112.0,442.0,58.92,58.88,100.845,57.51,455.29,28.5,42.73,2205.13,2.2051,0,0
2022-07-16T09:00:00,243.0,300.0,470.0,45.48,45.433,96.043,47.85,454.17,28.6,42.79,2199.15,2.1992,8,0
2022-07-16T10:00:00,136.0,433.0,548.0,31.92,31.864,90.686,38.924,524.83,28.5,44.9,2521.3,2.5213,3,0
2022-07-16T11:00:00,452.0,320.0,749.0,18.36,18.293,82.623,31.724,697.11,28.5,50.28,3281.14,3.2811,8,0
2022-07-16T12:00:00,705.0,155.0,857.0,5.59,5.505,49.992,27.904,778.74,28.5,52.84,3629.45,3.6294,7,0
2022-07-16T13:00:00,34.0,385.0,419.0,10.26,10.28,288.408,28.829,401.77,28.5,41.06,1958.04,1.958,7,0
2022-07-16T14:00:00,2.0,224.0,226.0,23.62,23.662,273.527,34.21,217.92,28.5,35.31,1084.7,1.0847,6,0
2022-07-16T15:00:00,45.0,324.0,360.0,37.21,37.254,267.05,42.249,346.42,28.5,39.33,1699.12,1.6991,7,0
2022-07-16T16:00:00,40.0,246.0,271.0,50.74,50.786,262.035,51.555,262.58,28.4,36.61,1300.82,1.3008,7,0
2022-07-16T17:00:00,8.0,128.0,132.0,64.11,64.16,257.242,61.334,127.45,28.4,32.38,641.09,0.6411,6,0
2022-07-16T18:00:00,39.0,102.0,111.0,77.2,77.275,252.143,71.094,111.19,28.2,31.67,560.73,0.5607,7,0
2022-07-16T19:00:00,0.0,0.0,0.0,89.54,89.992,246.324,80.174,0.0,28.1,28.1,0.0,0.0,3,7
2022-07-16T20:00:00,0.0,0.0,0.0,102.12,102.094,0.0,126.12,0.0,28.0,28.0,0.0,0.0,7,0
2022-07-16T21:00:00,0.0,0.0,0.0,113.28,113.231,0.0,137.28,0.0,28.0,28.0,0.0,0.0,8,0
2022-07-16T22:00:00,0.0,0.0,0.0,122.9,122.82,0.0,146.9,0.0,27.9,27.9,0.0,0.0,7,0
2022-07-16T23:00:00,0.0,0.0,0.0,130.07,129.953,0.0,154.07,0.0,27.9,27.9,0.0,0.0,6,0
2022-07-17T00:00:00,0.0,0.0,0.0,133.63,133.645,0.0,157.63,0.0,27.9,27.9,0.0,0.0,6,0
2022-07-17T01:00:00,0.0,0.0,0.0,132.76,132.753,0.0,156.76,0.0,27.9,27.9,0.0,0.0,6,0
2022-07-17T02:00:00,0.0,0.0,0.0,127.67,127.65,0.0,151.67,0.0,27.8,27.8,0.0,0.0,6,0
2022-07-17T03:00:00,0.0,0.0,0.0,119.43,119.394,0.0,143.43,0.0,27.8,27.8,0.0,0.0,7,0
2022-07-17T04:00:00,0.0,0.0,0.0,109.13,109.084,0.0,133.13,0.0,27.8,27.8,0.0,0.0,7,0
2022-07-17T05:00:00,0.0,0.0,0.0,97.54,97.494,0.0,121.54,0.0,27.9,27.9,0.0,0.0,0,0
2022-07-17T06:00:00,153.0,31.0,44.0,85.0,85.101,111.11,76.965,64.55,28.2,30.22,327.23,0.3272,0,0
2022-07-17T07:00:00,499.0,78.0,230.0,72.2,72.195,105.614,67.449,267.98,28.5,36.87,1326.28,1.3263,0,0
2022-07-17T08:00:00,658.0,106.0,445.0,58.99,58.954,100.664,57.646,457.4,28.7,42.99,2213.14,2.2131,0,0
2022-07-17T09:00:00,743.0,125.0,646.0,45.54,45.5,95.821,47.987,622.47,29.0,48.45,2950.46,2.9505,1,0
2022-07-17T10:00:00,768.0,154.0,805.0,31.98,31.927,90.384,39.073,750.53,29.3,52.75,3499.1,3.4991,1,0
2022-07-17T11:00:00,328.0,378.0,690.0,18.42,18.362,82.123,31.883,646.14,29.5,49.69,3048.16,3.0482,8,0
2022-07-17T12:00:00,325.0,385.0,709.0,5.72,5.638,48.873,28.075,661.25,29.7,50.36,3111.39,3.1114,8,0
2022-07-17T13:00:00,95.0,435.0,528.0,10.31,10.323,289.338,28.992,503.86,29.8,45.55,2414.7,2.4147,8,0
2022-07-17T14:00:00,443.0,323.0,730.0,23.65,23.679,273.953,34.354,681.08,29.9,51.18,3194.61,3.1946,7,0
2022-07-17T15:00:00,2.0,171.0,173.0,37.23,37.27,267.333,42.368,166.58,29.9,35.11,829.76,0.8298,9,0
2022-07-17T16:00:00,7.0,182.0,186.0,50.77,50.807,262.255,51.668,180.08,29.8,35.43,895.96,0.896,6,0
2022-07-17T17:00:00,65.0,205.0,233.0,64.14,64.19,257.43,61.437,229.23,29.6,36.76,1134.96,1.135,7,0
2022-07-17T18:00:00,99.0,82.0,104.0,77.24,77.316,252.314,71.199,111.26,29.3,32.78,558.88,0.5589,8,0
2022-07-17T19:00:00,0.0,0.0,0.0,89.59,90.046,0.0,113.59,0.0,29.0,29.0,0.0,0.0,8,7
2022-07-17T20:00:00,0.0,0.0,0.0,102.19,102.166,0.0,126.19,0.0,28.9,28.9,0.0,0.0,8,0
2022-07-17T21:00:00,0.0,0.0,0.0,113.38,113.324,0.0,137.38,0.0,28.8,28.8,0.0,0.0,3,0
2022-07-17T22:00:00,0.0,0.0,0.0,123.02,122.939,0.0,147.02,0.0,28.7,28.7,0.0,0.0,5,0
2022-07-17T23:00:00,0.0,0.0,0.0,130.22,130.099,0.0,154.22,0.0,28.6,28.6,0.0,0.0,8,0
2022-07-18T00:00:00,0.0,0.0,0.0,133.8,133.818,0.0,157.8,0.0,28.4,28.4,0.0,0.0,7,0
2022-07-18T01:00:00,0.0,0.0,0.0,132.93,132.93,0.0,156.93,0.0,28.3,28.3,0.0,0.0,7,0
2022-07-18T02:00:00,0.0,0.0,0.0,127.83,127.815,0.0,151.83,0.0,28.2,28.2,0.0,0.0,0,0
2022-07-18T03:00:00,0.0,0.0,0.0,119.57,119.54,0.0,143.57,0.0,28.2,28.2,0.0,0.0,0,0
2022-07-18T04:00:00,0.0,0.0,0.0,109.25,109.21,0.0,133.25,0.0,28.2,28.2,0.0,0.0,0,0
2022-07-18T05:00:00,0.0,0.0,0.0,97.65,97.603,0.0,121.65,0.0,28.2,28.2,0.0,0.0,0,0
2022-07-18T06:00:00,60.0,34.0,39.0,85.09,85.196,110.959,77.106,46.26,28.5,29.95,234.72,0.2347,0,0
2022-07-18T07:00:00,390.0,102.0,221.0,72.28,72.278,105.449,67.588,248.19,28.7,36.46,1230.21,1.2302,0,0
2022-07-18T08:00:00,588.0,136.0,438.0,59.05,59.029,100.475,57.775,447.46,29.0,42.98,2165.13,2.1651,0,0
2022-07-18T09:00:00,702.0,153.0,644.0,45.6,45.568,95.591,48.127,620.53,29.2,48.59,2939.68,2.9397,0,0
2022-07-18T10:00:00,753.0,171.0,810.0,32.04,31.992,90.071,39.226,753.93,29.5,53.06,3510.75,3.5108,0,0
2022-07-18T11:00:00,799.0,171.0,929.0,18.49,18.433,81.606,32.053,848.84,29.7,56.23,3904.14,3.9041,0,0
2022-07-18T12:00:00,819.0,169.0,984.0,5.86,5.776,47.747,28.255,891.62,29.9,57.76,4076.13,4.0761,0,0
2022-07-18T13:00:00,820.0,166.0,972.0,10.36,10.373,290.287,29.157,883.33,30.0,57.6,4040.77,4.0408,0,0
2022-07-18T14:00:00,800.0,160.0,892.0,23.67,23.7,274.392,34.494,820.14,30.2,55.83,3778.05,3.778,0,0
2022-07-18T15:00:00,759.0,151.0,755.0,37.26,37.29,267.625,42.499,710.61,30.2,52.41,3317.42,3.3174,0,0
2022-07-18T16:00:00,685.0,137.0,570.0,50.8,50.833,262.482,51.784,559.77,30.1,47.59,2661.93,2.6619,0,0
2022-07-18T17:00:00,560.0,114.0,358.0,64.18,64.223,257.623,61.552,378.93,29.9,41.74,1842.05,1.8421,0,0
2022-07-18T18:00:00,325.0,75.0,146.0,77.3,77.361,252.491,71.324,177.09,29.5,35.03,882.34,0.8823,0,0
2022-07-18T19:00:00,0.0,0.0,0.0,89.65,90.105,0.0,113.65,0.0,29.1,29.1,0.0,0.0,0,0
2022-07-18T20:00:00,0.0,0.0,0.0,102.28,102.243,0.0,126.28,0.0,29.0,29.0,0.0,0.0,0,0
2022-07-18T21:00:00,0.0,0.0,0.0,113.48,113.423,0.0,137.48,0.0,28.8,28.8,0.0,0.0,0,0
2022-07-18T22:00:00,0.0,0.0,0.0,123.15,123.064,0.0,147.15,0.0,28.7,28.7,0.0,0.0,0,0
2022-07-18T23:00:00,0.0,0.0,0.0,130.37,130.251,0.0,154.37,0.0,28.6,28.6,0.0,0.0,0,0
2022-07-19T00:00:00,0.0,0.0,0.0,133.98,133.997,0.0,157.98,0.0,28.4,28.4,0.0,0.0,0,0
2022-07-19T01:00:00,0.0,0.0,0.0,133.11,133.112,0.0,157.11,0.0,28.3,28.3,0.0,0.0,0,0
2022-07-19T02:00:00,0.0,0.0,0.0,128.0,127.984,0.0,152.0,0.0,28.1,28.1,0.0,0.0,0,0
2022-07-19T03:00:00,0.0,0.0,0.0,119.71,119.688,0.0,143.71,0.0,27.9,27.9,0.0,0.0,0,0
2022-07-19T04:00:00,0.0,0.0,0.0,109.37,109.339,0.0,133.37,0.0,27.8,27.8,0.0,0.0,0,0
2022-07-19T05:00:00,0.0,0.0,0.0,97.75,97.714,0.0,121.75,0.0,27.8,27.8,0.0,0.0,0,0
2022-07-19T06:00:00,114.0,33.0,43.0,85.17,85.293,110.802,77.241,57.12,28.1,29.89,289.92,0.2899,0,0
2022-07-19T07:00:00,488.0,85.0,233.0,72.36,72.363,105.277,67.73,268.28,28.4,36.78,1328.18,1.3282,0,0
2022-07-19T08:00:00,669.0,111.0,454.0,59.12,59.103,100.28,57.916,465.48,28.6,43.15,2250.94,2.2509,0,0
2022-07-19T09:00:00,764.0,127.0,661.0,45.67,45.635,95.352,48.278,635.68,28.9,48.76,3009.45,3.0094,1,0
2022-07-19T10:00:00,849.0,118.0,837.0,32.1,32.056,89.746,39.383,776.35,29.3,53.56,3608.14,3.6081,0,0
2022-07-19T11:00:00,877.0,123.0,954.0,18.55,18.504,81.072,32.221,867.87,29.7,56.82,3982.37,3.9824,0,0
2022-07-19T12:00:00,886.0,124.0,1005.0,5.99,5.92,46.618,28.429,906.48,29.9,58.23,4136.47,4.1365,0,0
2022-07-19T13:00:00,884.0,122.0,992.0,10.43,10.431,291.253,29.336,895.94,30.0,58.0,4092.08,4.0921,0,0
2022-07-19T14:00:00,869.0,116.0,912.0,23.7,23.725,274.845,34.645,833.79,30.1,56.16,3835.99,3.836,0,0
2022-07-19T15:00:00,842.0,105.0,775.0,37.29,37.314,267.925,42.632,726.64,30.1,52.81,3386.99,3.387,0,0
2022-07-19T16:00:00,790.0,92.0,591.0,50.83,50.862,262.716,51.903,580.56,29.9,48.04,2756.1,2.7561,0,0
2022-07-19T17:00:00,689.0,76.0,376.0,64.23,64.261,257.823,61.677,402.85,29.6,42.19,1955.07,1.9551,0,0
2022-07-19T18:00:00,488.0,52.0,158.0,77.35,77.41,252.672,71.442,206.43,29.2,35.65,1026.22,1.0262,0,0
2022-07-19T19:00:00,0.0,0.0,0.0,89.71,90.169,0.0,113.71,0.0,28.9,28.9,0.0,0.0,0,0
2022-07-19T20:00:00,0.0,0.0,0.0,102.36,102.325,0.0,126.36,0.0,28.8,28.8,0.0,0.0,0,0
2022-07-19T21:00:00,0.0,0.0,0.0,113.59,113.527,0.0,137.59,0.0,28.7,28.7,0.0,0.0,0,0
2022-07-19T22:00:00,0.0,0.0,0.0,123.29,123.195,0.0,147.29,0.0,28.6,28.6,0.0,0.0,0,0
2022-07-19T23:00:00,0.0,0.0,0.0,130.54,130.41,0.0,154.54,0.0,28.5,28.5,0.0,0.0,0,0
2022-07-20T00:00:00,0.0,0.0,0.0,134.16,134.183,0.0,158.16,0.0,28.4,28.4,0.0,0.0,0,0
2022-07-20T01:00:00,0.0,0.0,0.0,133.29,133.301,0.0,157.29,0.0,28.3,28.3,0.0,0.0,0,0
2022-07-20T02:00:00,0.0,0.0,0.0,128.16,128.157,0.0,152.16,0.0,28.2,28.2,0.0,0.0,0,0
2022-07-20T03:00:00,0.0,0.0,0.0,119.86,119.84,0.0,143.86,0.0,28.1,28.1,0.0,0.0,0,0
2022-07-20T04:00:00,0.0,0.0,0.0,109.5,109.469,0.0,133.5,0.0,28.1,28.1,0.0,0.0,0,0
2022-07-20T05:00:00,0.0,0.0,0.0,97.86,97.826,0.0,121.86,0.0,28.1,28.1,0.0,0.0,0,0
2022-07-20T06:00:00,259.0,26.0,47.0,85.26,85.39,110.638,77.387,81.84,28.5,31.06,413.63,0.4136,0,0
2022-07-20T07:00:00,622.0,56.0,244.0,72.44,72.447,105.099,67.875,289.96,28.7,37.76,1430.39,1.4304,0,0
2022-07-20T08:00:00,770.0,71.0,465.0,59.19,59.178,100.077,58.06,479.31,28.9,43.88,2311.48,2.3115,0,0
2022-07-20T09:00:00,845.0,80.0,670.0,45.73,45.703,95.104,48.425,643.08,29.1,49.2,3039.48,3.0395,0,0
2022-07-20T10:00:00,838.0,116.0,826.0,32.16,32.121,89.411,39.543,764.35,29.4,53.29,3556.16,3.5562,0,0
2022-07-20T11:00:00,865.0,121.0,941.0,18.62,18.578,80.522,32.398,854.26,29.6,56.3,3928.01,3.928,0,0
2022-07-20T12:00:00,876.0,124.0,995.0,6.14,6.068,45.488,28.621,896.2,29.8,57.81,4096.39,4.0964,0,0
2022-07-20T13:00:00,905.0,101.0,991.0,10.5,10.495,292.235,29.518,892.73,29.9,57.8,4080.67,4.0807,0,0
2022-07-20T14:00:00,889.0,98.0,912.0,23.74,23.756,275.309,34.806,831.6,30.1,56.09,3826.93,3.8269,0,0
2022-07-20T15:00:00,859.0,92.0,776.0,37.32,37.342,268.234,42.768,725.33,30.2,52.87,3380.12,3.3801,0,0
2022-07-20T16:00:00,806.0,84.0,593.0,50.87,50.895,262.956,52.033,581.36,30.1,48.27,2757.51,2.7575,0,0
2022-07-20T17:00:00,707.0,71.0,378.0,64.27,64.303,258.028,61.797,405.33,29.9,42.57,1964.33,1.9643,0,0
2022-07-20T18:00:00,500.0,50.0,159.0,77.41,77.463,252.858,71.571,207.28,29.5,35.98,1029.2,1.0292,0,0
2022-07-20T19:00:00,0.0,0.0,0.0,89.77,90.237,0.0,113.77,0.0,29.1,29.1,0.0,0.0,0,0
2022-07-20T20:00:00,0.0,0.0,0.0,102.46,102.411,0.0,126.46,0.0,28.9,28.9,0.0,0.0,0,0
2022-07-20T21:00:00,0.0,0.0,0.0,113.7,113.637,0.0,137.7,0.0,28.8,28.8,0.0,0.0,7,0
2022-07-20T22:00:00,0.0,0.0,0.0,123.43,123.332,0.0,147.43,0.0,28.6,28.6,0.0,0.0,0,0
2022-07-20T23:00:00,0.0,0.0,0.0,130.71,130.575,0.0,154.71,0.0,28.5,28.5,0.0,0.0,0,0
2022-07-21T00:00:00,0.0,0.0,0.0,134.34,134.375,0.0,158.34,0.0,28.3,28.3,0.0,0.0,0,0
2022-07-21T01:00:00,0.0,0.0,0.0,133.48,133.494,0.0,157.48,0.0,28.1,28.1,0.0,0.0,0,0
2022-07-21T02:00:00,0.0,0.0,0.0,128.34,128.335,0.0,152.34,0.0,27.9,27.9,0.0,0.0,0,0
2022-07-21T03:00:00,0.0,0.0,0.0,120.01,119.995,0.0,144.01,0.0,27.8,27.8,0.0,0.0,0,0
2022-07-21T04:00:00,0.0,0.0,0.0,109.62,109.602,0.0,133.62,0.0,27.9,27.9,0.0,0.0,0,0
2022-07-21T05:00:00,0.0,0.0,0.0,97.97,97.94,0.0,121.97,0.0,28.0,28.0,0.0,0.0,0,0
2022-07-21T06:00:00,129.0,30.0,40.0,85.35,85.487,110.468,77.536,56.89,28.4,30.18,288.44,0.2884,0,0
2022-07-21T07:00:00,495.0,78.0,226.0,72.52,72.532,104.915,68.022,261.84,28.8,36.98,1295.37,1.2954,0,0
2022-07-21T08:00:00,1.0,161.0,162.0,59.26,59.253,99.866,58.207,155.97,29.0,33.87,780.36,0.7804,3,0
2022-07-21T09:00:00,759.0,117.0,646.0,45.79,45.771,94.848,48.574,619.72,29.2,48.57,2936.12,2.9361,0,0
2022-07-21T10:00:00,262.0,343.0,564.0,32.21,32.186,89.065,39.699,534.63,29.4,46.11,2556.77,2.5568,7,0
2022-07-21T11:00:00,30.0,385.0,413.0,18.69,18.652,79.956,32.58,397.21,29.6,42.01,1928.95,1.9289,6,0
2022-07-21T12:00:00,1.0,181.0,181.0,6.29,6.222,44.36,28.814,175.62,29.8,35.29,874.19,0.8742,6,0
2022-07-21T13:00:00,526.0,272.0,788.0,10.58,10.568,293.228,29.708,723.92,29.9,52.52,3378.04,3.378,7,0
2022-07-21T14:00:00,342.0,352.0,666.0,23.78,23.792,275.786,34.97,622.79,30.0,49.46,2940.61,2.9406,7,0
2022-07-21T15:00:00,388.0,268.0,576.0,37.36,37.375,268.552,42.916,545.55,30.0,47.05,2599.69,2.5997,7,0
2022-07-21T16:00:00,209.0,263.0,395.0,50.92,50.932,263.204,52.174,383.22,29.9,41.88,1861.97,1.862,7,0
2022-07-21T17:00:00,329.0,165.0,307.0,64.33,64.349,258.239,61.936,315.3,29.6,39.45,1545.78,1.5458,8,0
2022-07-21T18:00:00,22.0,92.0,97.0,77.47,77.521,253.05,71.702,95.77,29.3,32.29,481.9,0.4819,7,0
2022-07-21T19:00:00,0.0,0.0,0.0,89.84,90.31,0.0,113.84,0.0,29.1,29.1,0.0,0.0,7,7
2022-07-21T20:00:00,0.0,0.0,0.0,102.55,102.503,0.0,126.55,0.0,29.0,29.0,0.0,0.0,8,0
2022-07-21T21:00:00,0.0,0.0,0.0,113.82,113.752,0.0,137.82,0.0,29.0,29.0,0.0,0.0,8,0
2022-07-21T22:00:00,0.0,0.0,0.0,123.58,123.474,0.0,147.58,0.0,28.9,28.9,0.0,0.0,0,0
2022-07-21T23:00:00,0.0,0.0,0.0,130.88,130.747,0.0,154.88,0.0,28.8,28.8,0.0,0.0,0,0
2022-07-22T00:00:00,0.0,0.0,0.0,134.54,134.573,0.0,158.54,0.0,28.7,28.7,0.0,0.0,0,0
2022-07-22T01:00:00,0.0,0.0,0.0,133.67,133.693,0.0,157.67,0.0,28.6,28.6,0.0,0.0,7,0
2022-07-22T02:00:00,0.0,0.0,0.0,128.51,128.517,0.0,152.51,0.0,28.5,28.5,0.0,0.0,8,0
2022-07-22T03:00:00,0.0,0.0,0.0,120.16,120.153,0.0,144.16,0.0,28.4,28.4,0.0,0.0,8,0
2022-07-22T04:00:00,0.0,0.0,0.0,109.75,109.736,0.0,133.75,0.0,28.3,28.3,0.0,0.0,8,0
2022-07-22T05:00:00,0.0,0.0,0.0,98.08,98.054,0.0,122.08,0.0,28.4,28.4,0.0,0.0,3,0
2022-07-22T06:00:00,2.0,31.0,31.0,85.44,85.586,110.292,77.688,30.35,28.8,29.75,154.14,0.1541,7,7
2022-07-22T07:00:00,81.0,131.0,155.0,72.6,72.617,104.724,68.171,156.8,29.1,34.0,784.15,0.7841,8,0
2022-07-22T08:00:00,676.0,101.0,446.0,59.33,59.328,99.649,58.357,455.14,29.3,43.52,2197.86,2.1979,1,0
2022-07-22T09:00:00,770.0,115.0,651.0,45.85,45.839,94.584,48.727,623.58,29.5,48.99,2949.69,2.9497,0,0
2022-07-22T10:00:00,852.0,106.0,827.0,32.27,32.252,88.708,39.866,762.51,29.7,53.53,3544.28,3.5443,0,0
2022-07-22T11:00:00,883.0,108.0,944.0,18.76,18.728,79.374,32.766,854.0,29.9,56.59,3922.31,3.9223,0,0
2022-07-22T12:00:00,897.0,108.0,999.0,6.44,6.381,43.237,29.009,896.44,30.1,58.11,4092.48,4.0925,0,0
2022-07-22T13:00:00,894.0,108.0,987.0,10.66,10.648,294.232,29.9,886.87,30.1,57.81,4053.62,4.0536,0,0
2022-07-22T14:00:00,879.0,104.0,908.0,23.83,23.833,276.275,35.144,826.12,30.1,55.92,3804.26,3.8043,0,0
2022-07-22T15:00:00,848.0,98.0,772.0,37.4,37.412,268.878,43.066,719.96,30.1,52.6,3358.59,3.3586,0,0
2022-07-22T16:00:00,791.0,89.0,587.0,50.96,50.974,263.457,52.309,573.85,29.9,47.83,2726.41,2.7264,0,0
2022-07-22T17:00:00,687.0,75.0,372.0,64.38,64.4,258.455,62.069,396.78,29.7,42.1,1926.23,1.9262,0,0
2022-07-22T18:00:00,475.0,52.0,155.0,77.54,77.584,253.246,71.845,199.1,29.3,35.52,990.23,0.9902,0,0
2022-07-22T19:00:00,0.0,0.0,0.0,89.91,90.388,0.0,113.91,0.0,29.0,29.0,0.0,0.0,3,7
2022-07-22T20:00:00,0.0,0.0,0.0,102.65,102.6,0.0,126.65,0.0,28.9,28.9,0.0,0.0,0,0
2022-07-22T21:00:00,0.0,0.0,0.0,113.95,113.872,0.0,137.95,0.0,28.9,28.9,0.0,0.0,0,0
2022-07-22T22:00:00,0.0,0.0,0.0,123.73,123.623,0.0,147.73,0.0,28.8,28.8,0.0,0.0,0,0
2022-07-22T23:00:00,0.0,0.0,0.0,131.06,130.925,0.0,155.06,0.0,28.8,28.8,0.0,0.0,0,0
2022-07-23T00:00:00,0.0,0.0,0.0,134.74,134.778,0.0,158.74,0.0,28.7,28.7,0.0,0.0,0,0
2022-07-23T01:00:00,0.0,0.0,0.0,133.87,133.898,0.0,157.87,0.0,28.6,28.6,0.0,0.0,1,0
2022-07-23T02:00:00,0.0,0.0,0.0,128.69,128.703,0.0,152.69,0.0,28.6,28.6,0.0,0.0,0,0
2022-07-23T03:00:00,0.0,0.0,0.0,120.31,120.313,0.0,144.31,0.0,28.5,28.5,0.0,0.0,0,0
2022-07-23T04:00:00,0.0,0.0,0.0,109.88,109.872,0.0,133.88,0.0,28.5,28.5,0.0,0.0,1,0
2022-07-23T05:00:00,0.0,0.0,0.0,98.18,98.17,0.0,122.18,0.0,28.4,28.4,0.0,0.0,7,0
2022-07-23T06:00:00,180.0,27.0,41.0,85.53,85.685,110.11,77.841,64.1,28.6,30.6,324.5,0.3245,0,1
2022-07-23T07:00:00,551.0,67.0,232.0,72.67,72.703,104.526,68.315,269.71,28.8,37.23,1333.1,1.3331,0,0
2022-07-23T08:00:00,716.0,88.0,452.0,59.4,59.403,99.425,58.509,462.11,29.0,43.44,2232.23,2.2322,0,0
2022-07-23T09:00:00,800.0,102.0,658.0,45.92,45.907,94.311,48.892,629.27,29.1,48.76,2979.1,2.9791,0,0
2022-07-23T10:00:00,846.0,113.0,828.0,32.34,32.318,88.34,40.045,762.92,29.3,53.14,3551.51,3.5515,1,0
2022-07-23T11:00:00,869.0,121.0,944.0,18.83,18.806,78.777,32.955,853.11,29.6,56.26,3923.28,3.9233,0,0
2022-07-23T12:00:00,878.0,126.0,998.0,6.6,6.546,42.12,29.213,895.51,29.8,57.78,4093.59,4.0936,0,0
2022-07-23T13:00:00,901.0,109.0,993.0,10.76,10.736,295.242,30.106,892.33,29.9,57.79,4079.03,4.079,0,0
2022-07-23T14:00:00,884.0,106.0,914.0,23.88,23.879,276.774,35.322,830.59,30.0,55.96,3824.28,3.8243,1,0
2022-07-23T15:00:00,848.0,101.0,775.0,37.45,37.453,269.212,43.227,721.23,30.0,52.54,3365.29,3.3653,0,0
2022-07-23T16:00:00,786.0,94.0,588.0,51.01,51.02,263.717,52.455,574.0,29.9,47.84,2727.06,2.7271,0,0
2022-07-23T17:00:00,673.0,81.0,371.0,64.44,64.454,258.677,62.212,394.46,29.7,42.03,1915.49,1.9155,0,0
2022-07-23T18:00:00,445.0,56.0,152.0,77.61,77.65,253.447,71.989,192.49,29.3,35.32,958.07,0.9581,0,0
2022-07-23T19:00:00,0.0,0.0,0.0,89.98,90.47,0.0,113.98,0.0,29.0,29.0,0.0,0.0,7,7
2022-07-23T20:00:00,0.0,0.0,0.0,102.76,102.701,0.0,126.76,0.0,28.9,28.9,0.0,0.0,0,0
2022-07-23T21:00:00,0.0,0.0,0.0,114.08,113.998,0.0,138.08,0.0,28.9,28.9,0.0,0.0,0,0
2022-07-23T22:00:00,0.0,0.0,0.0,123.89,123.777,0.0,147.89,0.0,28.8,28.8,0.0,0.0,1,0
2022-07-23T23:00:00,0.0,0.0,0.0,131.25,131.109,0.0,155.25,0.0,28.6,28.6,0.0,0.0,3,0
2022-07-24T00:00:00,0.0,0.0,0.0,134.94,134.988,0.0,158.94,0.0,28.5,28.5,0.0,0.0,0,0
2022-07-24T01:00:00,0.0,0.0,0.0,134.07,134.107,0.0,158.07,0.0,28.4,28.4,0.0,0.0,0,0
2022-07-24T02:00:00,0.0,0.0,0.0,128.87,128.893,0.0,152.87,0.0,28.2,28.2,0.0,0.0,0,0
2022-07-24T03:00:00,0.0,0.0,0.0,120.47,120.476,0.0,144.47,0.0,28.1,28.1,0.0,0.0,0,0
2022-07-24T04:00:00,0.0,0.0,0.0,110.01,110.01,0.0,134.01,0.0,28.1,28.1,0.0,0.0,7,0
2022-07-24T05:00:00,0.0,0.0,0.0,98.29,98.287,0.0,122.29,0.0,28.1,28.1,0.0,0.0,0,0
2022-07-24T06:00:00,137.0,28.0,38.0,85.62,85.784,109.921,77.998,55.61,28.4,30.14,281.98,0.282,0,0
2022-07-24T07:00:00,10.0,97.0,100.0,72.75,72.789,104.322,68.47,97.34,28.7,31.74,490.79,0.4908,8,0
2022-07-24T08:00:00,302.0,204.0,357.0,59.47,59.479,99.193,58.665,355.32,28.9,40.0,1738.44,1.7384,7,0
2022-07-24T09:00:00,551.0,195.0,578.0,45.98,45.975,94.03,49.051,552.69,29.1,46.37,2640.46,2.6405,7,0
2022-07-24T10:00:00,667.0,187.0,750.0,32.4,32.385,87.962,40.219,694.71,29.2,50.91,3262.0,3.262,7,0
2022-07-24T11:00:00,498.0,280.0,751.0,18.91,18.886,78.165,33.154,691.32,29.3,50.9,3246.14,3.2461,7,0
2022-07-24T12:00:00,14.0,366.0,380.0,6.77,6.716,41.011,29.426,365.66,29.4,40.83,1783.57,1.7836,7,0
2022-07-24T13:00:00,788.0,112.0,886.0,10.86,10.833,296.258,30.313,795.08,29.5,54.35,3683.92,3.6839,7,0
2022-07-24T14:00:00,484.0,292.0,735.0,23.94,23.93,277.284,35.509,679.72,29.5,50.74,3193.69,3.1937,7,0
2022-07-24T15:00:00,166.0,334.0,465.0,37.5,37.499,269.554,43.39,444.21,29.5,43.38,2146.23,2.1462,7,0
2022-07-24T16:00:00,6.0,177.0,181.0,51.07,51.07,263.983,52.612,174.56,29.3,34.75,870.59,0.8706,7,0
2022-07-24T17:00:00,642.0,88.0,364.0,64.51,64.513,258.904,62.367,385.11,29.1,41.13,1876.3,1.8763,0,0
2022-07-24T18:00:00,421.0,59.0,148.0,77.69,77.722,253.652,72.144,186.82,28.8,34.64,932.13,0.9321,0,0
2022-07-24T19:00:00,0.0,0.0,0.0,90.06,90.557,0.0,114.06,0.0,28.6,28.6,0.0,0.0,1,0
2022-07-24T20:00:00,0.0,0.0,0.0,102.87,102.808,0.0,126.87,0.0,28.6,28.6,0.0,0.0,0,0
2022-07-24T21:00:00,0.0,0.0,0.0,114.21,114.129,0.0,138.21,0.0,28.6,28.6,0.0,0.0,8,0
2022-07-24T22:00:00,0.0,0.0,0.0,124.05,123.938,0.0,148.05,0.0,28.5,28.5,0.0,0.0,1,0
2022-07-24T23:00:00,0.0,0.0,0.0,131.44,131.299,0.0,155.44,0.0,28.5,28.5,0.0,0.0,0,0
2022-07-25T00:00:00,0.0,0.0,0.0,135.15,135.205,0.0,159.15,0.0,28.4,28.4,0.0,0.0,0,0
2022-07-25T01:00:00,0.0,0.0,0.0,134.28,134.322,0.0,158.28,0.0,28.3,28.3,0.0,0.0,7,0
2022-07-25T02:00:00,0.0,0.0,0.0,129.06,129.086,0.0,153.06,0.0,28.2,28.2,0.0,0.0,0,0
2022-07-25T03:00:00,0.0,0.0,0.0,120.63,120.642,0.0,144.63,0.0,28.1,28.1,0.0,0.0,7,0
2022-07-25T04:00:00,0.0,0.0,0.0,110.14,110.15,0.0,134.14,0.0,28.0,28.0,0.0,0.0,7,0
2022-07-25T05:00:00,0.0,0.0,0.0,98.41,98.404,0.0,122.41,0.0,28.1,28.1,0.0,0.0,7,0
2022-07-25T06:00:00,2.0,30.0,30.0,85.71,85.884,109.726,78.157,29.37,28.3,29.22,149.44,0.1494,7,7
2022-07-25T07:00:00,446.0,88.0,219.0,72.83,72.875,104.111,68.627,248.63,28.6,36.37,1232.75,1.2328,0,0
2022-07-25T08:00:00,626.0,121.0,438.0,59.54,59.554,98.955,58.823,443.63,28.9,42.76,2148.35,2.1484,0,0
2022-07-25T09:00:00,729.0,139.0,645.0,46.04,46.044,93.742,49.213,614.79,29.1,48.31,2915.58,2.9156,0,0
2022-07-25T10:00:00,727.0,138.0,751.0,32.46,32.453,87.574,40.397,692.19,29.4,51.03,3248.67,3.2487,7,0
2022-07-25T11:00:00,826.0,144.0,925.0,18.98,18.967,77.539,33.349,835.76,29.5,55.62,3853.18,3.8532,1,0
2022-07-25T12:00:00,813.0,163.0,969.0,6.94,6.892,39.911,29.639,870.95,29.6,56.82,3996.56,3.9966,0,0
2022-07-25T13:00:00,790.0,174.0,950.0,10.97,10.937,297.276,30.528,855.18,29.7,56.42,3930.26,3.9303,0,0
2022-07-25T14:00:00,536.0,290.0,780.0,24.0,23.987,277.804,35.698,719.49,29.6,52.08,3363.1,3.3631,8,0
2022-07-25T15:00:00,458.0,279.0,642.0,37.56,37.55,269.903,43.564,604.36,29.5,48.39,2865.31,2.8653,8,0
2022-07-25T16:00:00,58.0,261.0,297.0,51.13,51.125,264.256,52.771,287.38,29.3,38.28,1414.96,1.415,8,0
2022-07-25T17:00:00,0.0,6.0,6.0,64.58,64.577,259.136,62.524,5.79,29.1,29.28,29.46,0.0295,7,0
2022-07-25T18:00:00,273.0,79.0,136.0,77.77,77.797,253.862,72.301,159.76,28.8,33.79,799.55,0.7996,7,5
2022-07-25T19:00:00,0.0,0.0,0.0,90.14,90.648,0.0,114.14,0.0,28.7,28.7,0.0,0.0,7,0
2022-07-25T20:00:00,0.0,0.0,0.0,102.99,102.919,0.0,126.99,0.0,28.7,28.7,0.0,0.0,8,0
2022-07-25T21:00:00,0.0,0.0,0.0,114.36,114.265,0.0,138.36,0.0,28.8,28.8,0.0,0.0,7,0
2022-07-25T22:00:00,0.0,0.0,0.0,124.22,124.104,0.0,148.22,0.0,28.8,28.8,0.0,0.0,8,0
2022-07-25T23:00:00,0.0,0.0,0.0,131.64,131.495,0.0,155.64,0.0,28.6,28.6,0.0,0.0,0,0
2022-07-26T00:00:00,0.0,0.0,0.0,135.37,135.427,0.0,159.37,0.0,28.5,28.5,0.0,0.0,0,0
2022-07-26T01:00:00,0.0,0.0,0.0,134.5,134.542,0.0,158.5,0.0,28.4,28.4,0.0,0.0,0,0
2022-07-26T02:00:00,0.0,0.0,0.0,129.25,129.284,0.0,153.25,0.0,28.2,28.2,0.0,0.0,0,0
2022-07-26T03:00:00,0.0,0.0,0.0,120.79,120.81,0.0,144.79,0.0,28.1,28.1,0.0,0.0,7,0
2022-07-26T04:00:00,0.0,0.0,0.0,110.28,110.291,0.0,134.28,0.0,28.1,28.1,0.0,0.0,7,0
2022-07-26T05:00:00,0.0,0.0,0.0,98.52,98.523,0.0,122.52,0.0,28.1,28.1,0.0,0.0,7,0
2022-07-26T06:00:00,0.0,24.0,24.0,85.81,85.985,109.524,78.327,23.17,28.2,28.92,118.0,0.118,8,7
2022-07-26T07:00:00,5.0,92.0,93.0,72.91,72.961,103.894,68.788,90.64,28.5,31.33,457.65,0.4576,6,0
2022-07-26T08:00:00,17.0,185.0,194.0,59.61,59.629,98.71,58.984,187.44,28.7,34.56,935.52,0.9355,6,0
2022-07-26T09:00:00,0.0,26.0,26.0,46.1,46.112,93.445,49.378,25.1,28.9,29.68,127.49,0.1275,9,0
2022-07-26T10:00:00,0.0,67.0,67.0,32.52,32.521,87.175,40.577,64.68,29.0,31.02,326.97,0.327,6,0
2022-07-26T11:00:00,0.0,58.0,58.0,19.06,19.051,76.899,33.555,55.99,29.1,30.85,283.22,0.2832,6,0
2022-07-26T12:00:00,0.0,128.0,129.0,7.11,7.073,38.823,29.854,123.58,29.2,33.06,620.14,0.6201,6,0
2022-07-26T13:00:00,14.0,384.0,398.0,11.08,11.05,298.293,30.743,382.87,29.2,41.16,1865.21,1.8652,6,0
2022-07-26T14:00:00,34.0,404.0,435.0,24.07,24.05,278.334,35.898,417.84,29.2,42.26,2027.29,2.0273,6,0
2022-07-26T15:00:00,314.0,336.0,585.0,37.62,37.606,270.26,43.741,553.39,29.1,46.39,2643.6,2.6436,7,0
2022-07-26T16:00:00,131.0,307.0,389.0,51.2,51.185,264.534,52.942,376.04,29.0,40.75,1834.71,1.8347,8,0
2022-07-26T17:00:00,399.0,159.0,330.0,64.65,64.645,259.372,62.683,338.09,28.9,39.47,1657.42,1.6574,0,0
2022-07-26T18:00:00,0.0,59.0,59.0,77.85,77.877,254.077,72.46,56.96,28.7,30.48,288.48,0.2885,5,0
2022-07-26T19:00:00,0.0,0.0,0.0,90.22,90.744,0.0,114.22,0.0,28.6,28.6,0.0,0.0,5,0
2022-07-26T20:00:00,0.0,0.0,0.0,103.11,103.036,0.0,127.11,0.0,28.6,28.6,0.0,0.0,4,0
2022-07-26T21:00:00,0.0,0.0,0.0,114.5,114.407,0.0,138.5,0.0,28.6,28.6,0.0,0.0,0,0
2022-07-26T22:00:00,0.0,0.0,0.0,124.39,124.275,0.0,148.39,0.0,28.5,28.5,0.0,0.0,0,0
2022-07-26T23:00:00,0.0,0.0,0.0,131.84,131.698,0.0,155.84,0.0,28.4,28.4,0.0,0.0,0,0
2022-07-27T00:00:00,0.0,0.0,0.0,135.59,135.656,0.0,159.59,0.0,28.2,28.2,0.0,0.0,0,0
2022-07-27T01:00:00,0.0,0.0,0.0,134.71,134.767,0.0,158.71,0.0,28.1,28.1,0.0,0.0,0,0
2022-07-27T02:00:00,0.0,0.0,0.0,129.44,129.484,0.0,153.44,0.0,28.0,28.0,0.0,0.0,0,0
2022-07-27T03:00:00,0.0,0.0,0.0,120.95,120.981,0.0,144.95,0.0,27.9,27.9,0.0,0.0,0,0
2022-07-27T04:00:00,0.0,0.0,0.0,110.41,110.433,0.0,134.41,0.0,27.8,27.8,0.0,0.0,0,0
2022-07-27T05:00:00,0.0,0.0,0.0,98.63,98.642,0.0,122.63,0.0,27.8,27.8,0.0,0.0,3,0
2022-07-27T06:00:00,0.0,27.0,27.0,85.9,86.085,109.317,78.491,26.07,28.1,28.91,132.76,0.1328,8,7
2022-07-27T07:00:00,384.0,99.0,211.0,72.99,73.047,103.671,68.951,234.47,28.4,35.73,1165.27,1.1653,7,5
2022-07-27T08:00:00,70.0,230.0,266.0,59.68,59.705,98.458,59.148,258.26,28.6,36.67,1279.09,1.2791,7,0
2022-07-27T09:00:00,78.0,316.0,370.0,46.17,46.181,93.14,49.555,356.14,28.9,40.03,1742.28,1.7423,6,0
2022-07-27T10:00:00,227.0,378.0,570.0,32.58,32.589,86.767,40.761,538.53,29.2,46.03,2576.14,2.5761,7,0
2022-07-27T11:00:00,239.0,415.0,641.0,19.14,19.136,76.246,33.764,601.29,29.4,48.19,2852.91,2.8529,7,0
2022-07-27T12:00:00,520.0,283.0,798.0,7.29,7.26,37.748,30.077,727.65,29.6,52.34,3397.86,3.3979,7,0
2022-07-27T13:00:00,825.0,163.0,972.0,11.21,11.172,299.308,30.973,871.72,29.8,57.04,3996.54,3.9965,0,0
2022-07-27T14:00:00,805.0,158.0,892.0,24.14,24.119,278.872,36.099,809.32,29.9,55.19,3737.53,3.7375,0,0
2022-07-27T15:00:00,763.0,148.0,752.0,37.69,37.667,270.623,43.928,697.62,30.0,51.8,3264.45,3.2644,0,0
2022-07-27T16:00:00,686.0,136.0,565.0,51.26,51.249,264.817,53.106,546.84,29.9,46.99,2606.43,2.6064,0,0
2022-07-27T17:00:00,558.0,112.0,350.0,64.73,64.717,259.614,62.852,364.79,29.7,41.1,1777.55,1.7776,0,0
2022-07-27T18:00:00,316.0,71.0,137.0,77.94,77.962,254.296,72.63,163.45,29.3,34.41,816.24,0.8162,0,0
2022-07-27T19:00:00,0.0,0.0,0.0,90.91,90.845,0.0,114.91,0.0,29.0,29.0,0.0,0.0,0,0
2022-07-27T20:00:00,0.0,0.0,0.0,103.23,103.157,0.0,127.23,0.0,28.9,28.9,0.0,0.0,0,0
2022-07-27T21:00:00,0.0,0.0,0.0,114.65,114.554,0.0,138.65,0.0,28.8,28.8,0.0,0.0,0,0
2022-07-27T22:00:00,0.0,0.0,0.0,124.57,124.453,0.0,148.57,0.0,28.7,28.7,0.0,0.0,0,0
2022-07-27T23:00:00,0.0,0.0,0.0,132.05,131.906,0.0,156.05,0.0,28.5,28.5,0.0,0.0,0,0
2022-07-28T00:00:00,0.0,0.0,0.0,135.82,135.89,0.0,159.82,0.0,28.3,28.3,0.0,0.0,0,0
2022-07-28T01:00:00,0.0,0.0,0.0,134.94,134.997,0.0,158.94,0.0,28.2,28.2,0.0,0.0,0,0
2022-07-28T02:00:00,0.0,0.0,0.0,129.64,129.689,0.0,153.64,0.0,28.2,28.2,0.0,0.0,0,0
2022-07-28T03:00:00,0.0,0.0,0.0,121.12,121.153,0.0,145.12,0.0,28.1,28.1,0.0,0.0,0,0
2022-07-28T04:00:00,0.0,0.0,0.0,110.55,110.577,0.0,134.55,0.0,28.1,28.1,0.0,0.0,0,0
2022-07-28T05:00:00,0.0,0.0,0.0,98.74,98.762,0.0,122.74,0.0,28.1,28.1,0.0,0.0,0,0
2022-07-28T06:00:00,57.0,28.0,32.0,85.99,86.186,109.103,78.658,38.28,28.5,29.7,194.4,0.1944,0,0
2022-07-28T07:00:00,417.0,93.0,214.0,73.07,73.134,103.442,69.116,239.48,28.8,36.28,1187.78,1.1878,0,0
2022-07-28T08:00:00,610.0,126.0,433.0,59.75,59.78,98.199,59.314,435.6,29.0,42.61,2110.66,2.1107,0,0
2022-07-28T09:00:00,719.0,143.0,640.0,46.23,46.25,92.828,49.726,607.15,29.3,48.27,2879.78,2.8798,0,0
2022-07-28T10:00:00,808.0,137.0,817.0,32.64,32.658,86.349,40.948,748.43,29.6,52.99,3486.11,3.4861,0,0
2022-07-28T11:00:00,12.0,409.0,420.0,19.22,19.224,75.579,33.975,404.9,29.8,42.45,1963.1,1.9631,3,0
2022-07-28T12:00:00,855.0,142.0,991.0,7.48,7.453,36.687,30.31,882.56,30.0,57.58,4037.65,4.0376,0,0
2022-07-28T13:00:00,114.0,476.0,587.0,11.34,11.301,300.319,31.203,558.01,30.1,47.54,2654.12,2.6541,3,0
2022-07-28T14:00:00,840.0,132.0,899.0,24.22,24.194,279.419,36.31,810.96,30.1,55.44,3741.41,3.7414,1,0
2022-07-28T15:00:00,535.0,223.0,646.0,37.76,37.733,270.994,44.117,603.03,30.0,48.84,2854.02,2.854,8,0
2022-07-28T16:00:00,0.0,15.0,15.0,51.34,51.317,265.107,53.289,14.48,29.8,30.25,73.4,0.0734,7,0
2022-07-28T17:00:00,0.0,35.0,35.0,64.81,64.794,259.861,63.024,33.79,29.6,30.66,171.03,0.171,7,0
2022-07-28T18:00:00,168.0,98.0,133.0,78.03,78.052,254.519,72.802,144.59,29.2,33.72,723.83,0.7238,7,0
2022-07-28T19:00:00,0.0,0.0,0.0,91.02,90.951,0.0,115.02,0.0,28.9,28.9,0.0,0.0,7,0
2022-07-28T20:00:00,0.0,0.0,0.0,103.36,103.284,0.0,127.36,0.0,28.8,28.8,0.0,0.0,0,0
2022-07-28T21:00:00,0.0,0.0,0.0,114.81,114.706,0.0,138.81,0.0,28.8,28.8,0.0,0.0,0,0
2022-07-28T22:00:00,0.0,0.0,0.0,124.76,124.636,0.0,148.76,0.0,28.7,28.7,0.0,0.0,0,0
2022-07-28T23:00:00,0.0,0.0,0.0,132.27,132.121,0.0,156.27,0.0,28.5,28.5,0.0,0.0,0,0
2022-07-29T00:00:00,0.0,0.0,0.0,136.05,136.13,0.0,160.05,0.0,28.3,28.3,0.0,0.0,0,0
2022-07-29T01:00:00,0.0,0.0,0.0,135.16,135.231,0.0,159.16,0.0,28.2,28.2,0.0,0.0,3,0
2022-07-29T02:00:00,0.0,0.0,0.0,129.84,129.897,0.0,153.84,0.0,28.0,28.0,0.0,0.0,0,0
2022-07-29T03:00:00,0.0,0.0,0.0,121.28,121.328,0.0,145.28,0.0,27.9,27.9,0.0,0.0,0,0
2022-07-29T04:00:00,0.0,0.0,0.0,110.69,110.722,0.0,134.69,0.0,27.8,27.8,0.0,0.0,0,0
2022-07-29T05:00:00,0.0,0.0,0.0,98.86,98.882,0.0,122.86,0.0,27.8,27.8,0.0,0.0,0,0
2022-07-29T06:00:00,107.0,26.0,33.0,86.08,86.288,108.884,78.826,45.9,28.1,29.53,233.24,0.2332,0,0
2022-07-29T07:00:00,495.0,75.0,218.0,73.15,73.22,103.206,69.284,248.74,28.5,36.27,1233.77,1.2338,0,0
2022-07-29T08:00:00,677.0,98.0,439.0,59.81,59.856,97.934,59.475,441.42,28.7,42.49,2139.82,2.1398,0,0
2022-07-29T09:00:00,298.0,327.0,533.0,46.29,46.319,92.508,49.899,509.42,29.0,44.92,2447.14,2.4471,2,0
2022-07-29T10:00:00,843.0,112.0,822.0,32.71,32.728,85.921,41.146,749.08,29.3,52.71,3492.92,3.4929,0,0
2022-07-29T11:00:00,872.0,117.0,940.0,19.3,19.314,74.9,34.189,841.37,29.5,55.79,3876.4,3.8764,0,0
2022-07-29T12:00:00,886.0,118.0,996.0,7.67,7.652,35.641,30.542,884.58,29.6,57.24,4052.28,4.0523,1,0
2022-07-29T13:00:00,866.0,130.0,979.0,11.48,11.44,301.322,31.44,871.7,29.7,56.94,3998.05,3.9981,0,0
2022-07-29T14:00:00,577.0,248.0,774.0,24.31,24.275,279.973,36.53,707.62,29.8,51.91,3309.77,3.3098,8,0
2022-07-29T15:00:00,811.0,120.0,761.0,37.83,37.804,271.371,44.309,701.73,29.8,51.73,3284.57,3.2846,0,0
2022-07-29T16:00:00,750.0,107.0,575.0,51.42,51.391,265.401,53.474,553.74,29.8,47.1,2638.14,2.6381,0,0
2022-07-29T17:00:00,638.0,88.0,359.0,64.89,64.876,260.112,63.198,374.98,29.6,41.32,1825.73,1.8257,0,0
2022-07-29T18:00:00,411.0,58.0,142.0,78.13,78.145,254.746,72.984,176.99,29.3,34.83,882.5,0.8825,0,0
2022-07-29T19:00:00,0.0,0.0,0.0,91.13,91.061,0.0,115.13,0.0,29.0,29.0,0.0,0.0,0,0
2022-07-29T20:00:00,0.0,0.0,0.0,103.5,103.415,0.0,127.5,0.0,28.9,28.9,0.0,0.0,0,0
2022-07-29T21:00:00,0.0,0.0,0.0,114.97,114.864,0.0,138.97,0.0,28.9,28.9,0.0,0.0,7,0
2022-07-29T22:00:00,0.0,0.0,0.0,124.95,124.825,0.0,148.95,0.0,28.8,28.8,0.0,0.0,0,0
2022-07-29T23:00:00,0.0,0.0,0.0,132.49,132.341,0.0,156.49,0.0,28.6,28.6,0.0,0.0,0,0
2022-07-30T00:00:00,0.0,0.0,0.0,136.29,136.376,0.0,160.29,0.0,28.5,28.5,0.0,0.0,0,0
2022-07-30T01:00:00,0.0,0.0,0.0,135.39,135.471,0.0,159.39,0.0,28.3,28.3,0.0,0.0,0,0
2022-07-30T02:00:00,0.0,0.0,0.0,130.04,130.108,0.0,154.04,0.0,28.2,28.2,0.0,0.0,0,0
2022-07-30T03:00:00,0.0,0.0,0.0,121.45,121.505,0.0,145.45,0.0,28.1,28.1,0.0,0.0,0,0
2022-07-30T04:00:00,0.0,0.0,0.0,110.83,110.868,0.0,134.83,0.0,28.0,28.0,0.0,0.0,0,0
2022-07-30T05:00:00,0.0,0.0,0.0,98.97,99.003,0.0,122.97,0.0,28.0,28.0,0.0,0.0,0,0
2022-07-30T06:00:00,181.0,23.0,35.0,86.17,86.389,108.658,78.997,56.85,28.5,30.28,288.15,0.2882,0,0
2022-07-30T07:00:00,576.0,62.0,228.0,73.23,73.306,102.965,69.454,263.44,28.8,37.03,1303.06,1.3031,0,0
2022-07-30T08:00:00,738.0,81.0,452.0,59.88,59.931,97.662,59.646,454.34,29.1,43.3,2195.86,2.1959,0,0
2022-07-30T09:00:00,821.0,94.0,661.0,46.35,46.389,92.18,50.076,622.54,29.4,48.85,2946.27,2.9463,0,0
2022-07-30T10:00:00,870.0,101.0,833.0,32.77,32.799,85.484,41.339,757.05,29.7,53.36,3521.21,3.5212,0,0
2022-07-30T11:00:00,889.0,110.0,948.0,19.39,19.406,74.209,34.413,846.85,29.9,56.36,3892.89,3.8929,0,0
2022-07-30T12:00:00,895.0,115.0,1002.0,7.87,7.856,34.61,30.784,887.59,30.1,57.84,4056.53,4.0565,0,0
2022-07-30T13:00:00,891.0,116.0,989.0,11.63,11.587,302.317,31.684,877.74,30.2,57.63,4014.8,4.0148,0,0
2022-07-30T14:00:00,874.0,114.0,910.0,24.4,24.362,280.534,36.752,817.22,30.3,55.84,3764.43,3.7644,0,0
2022-07-30T15:00:00,838.0,109.0,770.0,37.91,37.88,271.754,44.511,708.54,30.3,52.44,3307.31,3.3073,0,0
2022-07-30T16:00:00,774.0,99.0,581.0,51.5,51.469,265.701,53.661,558.38,30.1,47.55,2655.79,2.6558,0,0
2022-07-30T17:00:00,657.0,85.0,363.0,64.98,64.962,260.367,63.382,378.83,29.8,41.64,1842.26,1.8423,0,0
2022-07-30T18:00:00,415.0,57.0,142.0,78.23,78.244,254.978,73.169,175.93,29.4,34.9,876.99,0.877,0,0
2022-07-30T19:00:00,0.0,0.0,0.0,91.25,91.176,0.0,115.25,0.0,29.2,29.2,0.0,0.0,0,0
2022-07-30T20:00:00,0.0,0.0,0.0,103.64,103.551,0.0,127.64,0.0,29.1,29.1,0.0,0.0,0,0
2022-07-30T21:00:00,0.0,0.0,0.0,115.13,115.026,0.0,139.13,0.0,29.1,29.1,0.0,0.0,0,0
2022-07-30T22:00:00,0.0,0.0,0.0,125.14,125.019,0.0,149.14,0.0,28.9,28.9,0.0,0.0,0,0
2022-07-30T23:00:00,0.0,0.0,0.0,132.72,132.568,0.0,156.72,0.0,28.8,28.8,0.0,0.0,0,0
2022-07-31T00:00:00,0.0,0.0,0.0,136.54,136.628,0.0,160.54,0.0,28.6,28.6,0.0,0.0,0,0
2022-07-31T01:00:00,0.0,0.0,0.0,135.63,135.715,0.0,159.63,0.0,28.5,28.5,0.0,0.0,0,0
2022-07-31T02:00:00,0.0,0.0,0.0,130.25,130.322,0.0,154.25,0.0,28.4,28.4,0.0,0.0,0,0
2022-07-31T03:00:00,0.0,0.0,0.0,121.62,121.684,0.0,145.62,0.0,28.3,28.3,0.0,0.0,1,0
2022-07-31T04:00:00,0.0,0.0,0.0,110.96,111.015,0.0,134.96,0.0,28.2,28.2,0.0,0.0,0,0
2022-07-31T05:00:00,0.0,0.0,0.0,99.08,99.125,0.0,123.08,0.0,28.2,28.2,0.0,0.0,0,0
2022-07-31T06:00:00,126.0,25.0,33.0,86.26,86.491,108.426,79.171,47.88,28.5,30.0,242.9,0.2429,0,0
2022-07-31T07:00:00,513.0,73.0,220.0,73.31,73.393,102.717,69.627,250.34,28.8,36.62,1240.09,1.2401,0,0
2022-07-31T08:00:00,685.0,100.0,443.0,59.95,60.007,97.384,59.821,443.86,29.0,42.87,2148.63,2.1486,0,0
2022-07-31T09:00:00,780.0,115.0,652.0,46.42,46.458,91.845,50.264,614.28,29.3,48.5,2911.15,2.9111,1,0
2022-07-31T10:00:00,858.0,109.0,830.0,32.84,32.871,85.037,41.542,753.65,29.6,53.15,3508.21,3.5082,0,0
2022-07-31T11:00:00,404.0,418.0,799.0,19.48,19.501,73.506,34.64,739.23,29.9,53.0,3443.09,3.4431,3,0
2022-07-31T12:00:00,438.0,348.0,781.0,8.07,8.066,33.596,31.026,715.05,30.1,52.45,3337.65,3.3376,8,0
2022-07-31T13:00:00,829.0,88.0,899.0,11.79,11.742,303.301,31.935,795.49,30.2,55.06,3675.57,3.6756,7,0
2022-07-31T14:00:00,796.0,106.0,830.0,24.5,24.456,281.102,36.983,744.45,30.3,53.56,3459.83,3.4598,7,0
2022-07-31T15:00:00,592.0,210.0,676.0,38.0,37.961,272.143,44.723,627.4,30.3,49.91,2957.3,2.9573,8,0
2022-07-31T16:00:00,755.0,101.0,570.0,51.59,51.552,266.006,53.859,546.84,30.1,47.19,2604.45,2.6045,0,0
2022-07-31T17:00:00,639.0,84.0,354.0,65.08,65.053,260.627,63.577,367.78,29.7,41.19,1791.5,1.7915,0,0
2022-07-31T18:00:00,398.0,56.0,137.0,78.34,78.347,255.213,73.364,168.71,29.4,34.67,841.69,0.8417,0,0
2022-07-31T19:00:00,0.0,0.0,0.0,91.37,91.296,0.0,115.37,0.0,29.1,29.1,0.0,0.0,0,0
2022-07-31T20:00:00,0.0,0.0,0.0,103.78,103.692,0.0,127.78,0.0,29.0,29.0,0.0,0.0,0,0
2022-07-31T21:00:00,0.0,0.0,0.0,115.3,115.194,0.0,139.3,0.0,28.9,28.9,0.0,0.0,1,0
2022-07-31T22:00:00,0.0,0.0,0.0,125.35,125.219,0.0,149.35,0.0,28.9,28.9,0.0,0.0,0,0
2022-07-31T23:00:00,0.0,0.0,0.0,132.95,132.8,0.0,156.95,0.0,28.8,28.8,0.0,0.0,0,0
2022-08-01T00:00:00,0.0,0.0,0.0,136.79,136.885,0.0,160.79,0.0,28.7,28.7,0.0,0.0,0,0
2022-08-01T01:00:00,0.0,0.0,0.0,135.87,135.964,0.0,159.87,0.0,28.6,28.6,0.0,0.0,1,0
2022-08-01T02:00:00,0.0,0.0,0.0,130.46,130.54,0.0,154.46,0.0,28.5,28.5,0.0,0.0,0,0
2022-08-01T03:00:00,0.0,0.0,0.0,121.79,121.864,0.0,145.79,0.0,28.5,28.5,0.0,0.0,0,0
2022-08-01T04:00:00,0.0,0.0,0.0,111.1,111.163,0.0,135.1,0.0,28.5,28.5,0.0,0.0,0,0
2022-08-01T05:00:00,0.0,0.0,0.0,99.2,99.247,0.0,123.2,0.0,28.5,28.5,0.0,0.0,0,0
2022-08-01T06:00:00,25.0,23.0,25.0,86.35,86.592,108.189,79.347,26.84,28.8,29.64,136.36,0.1364,0,0
2022-08-01T07:00:00,354.0,99.0,201.0,73.39,73.479,102.463,69.802,218.68,29.1,35.93,1085.99,1.086,0,0
2022-08-01T08:00:00,559.0,138.0,417.0,60.02,60.082,97.099,59.998,415.16,29.2,42.17,2014.92,2.0149,0,0
2022-08-01T09:00:00,673.0,161.0,624.0,46.48,46.528,91.502,50.446,588.01,29.3,47.68,2795.34,2.7953,0,0
2022-08-01T10:00:00,709.0,193.0,788.0,32.9,32.943,84.581,41.741,720.5,29.4,51.92,3370.01,3.37,0,0
2022-08-01T11:00:00,744.0,204.0,905.0,19.57,19.598,72.792,34.868,813.43,29.6,55.02,3759.04,3.759,0,0
2022-08-01T12:00:00,758.0,211.0,960.0,8.28,8.281,32.599,31.276,858.02,29.7,56.51,3941.94,3.9419,0,0
2022-08-01T13:00:00,797.0,180.0,960.0,11.95,11.907,304.272,32.186,855.04,29.9,56.62,3926.57,3.9266,0,0
2022-08-01T14:00:00,778.0,174.0,881.0,24.6,24.555,281.676,37.216,793.67,30.0,54.8,3670.81,3.6708,0,0
2022-08-01T15:00:00,739.0,162.0,743.0,38.09,38.048,272.537,44.936,684.55,29.9,51.29,3209.57,3.2096,0,0
2022-08-01T16:00:00,75.0,327.0,374.0,51.68,51.639,266.315,54.059,360.12,29.8,41.05,1755.08,1.7551,3,0
2022-08-01T17:00:00,546.0,114.0,343.0,65.18,65.148,260.892,63.774,353.32,29.6,40.64,1724.6,1.7246,0,0
2022-08-01T18:00:00,298.0,70.0,130.0,78.45,78.455,255.452,73.56,152.44,29.2,33.96,762.44,0.7624,0,0
2022-08-01T19:00:00,0.0,0.0,0.0,91.5,91.42,0.0,115.5,0.0,28.9,28.9,0.0,0.0,0,0
2022-08-01T20:00:00,0.0,0.0,0.0,103.93,103.838,0.0,127.93,0.0,28.8,28.8,0.0,0.0,0,0
2022-08-01T21:00:00,0.0,0.0,0.0,115.48,115.367,0.0,139.48,0.0,28.7,28.7,0.0,0.0,0,0
2022-08-01T22:00:00,0.0,0.0,0.0,125.55,125.424,0.0,149.55,0.0,28.6,28.6,0.0,0.0,0,0
2022-08-01T23:00:00,0.0,0.0,0.0,133.18,133.038,0.0,157.18,0.0,28.5,28.5,0.0,0.0,0,0
2022-08-02T00:00:00,0.0,0.0,0.0,137.04,137.148,0.0,161.04,0.0,28.3,28.3,0.0,0.0,0,0
2022-08-02T01:00:00,0.0,0.0,0.0,136.11,136.217,0.0,160.11,0.0,28.2,28.2,0.0,0.0,0,0
2022-08-02T02:00:00,0.0,0.0,0.0,130.67,130.76,0.0,154.67,0.0,28.1,28.1,0.0,0.0,0,0
2022-08-02T03:00:00,0.0,0.0,0.0,121.97,122.047,0.0,145.97,0.0,28.0,28.0,0.0,0.0,0,0
2022-08-02T04:00:00,0.0,0.0,0.0,111.24,111.312,0.0,135.24,0.0,28.0,28.0,0.0,0.0,0,0
2022-08-02T05:00:00,0.0,0.0,0.0,99.31,99.369,0.0,123.31,0.0,28.0,28.0,0.0,0.0,0,0
2022-08-02T06:00:00,97.0,24.0,30.0,86.44,86.694,107.945,79.525,40.86,28.3,29.58,207.59,0.2076,0,0
2022-08-02T07:00:00,507.0,72.0,216.0,73.47,73.565,102.204,69.98,244.32,28.6,36.24,1212.02,1.212,0,0
2022-08-02T08:00:00,696.0,93.0,440.0,60.09,60.158,96.808,60.177,438.92,28.8,42.52,2127.52,2.1275,0,0
2022-08-02T09:00:00,792.0,106.0,651.0,46.54,46.598,91.153,50.631,609.43,29.0,48.04,2893.11,2.8931,0,0
2022-08-02T10:00:00,863.0,103.0,827.0,32.97,33.017,84.117,41.949,747.54,29.3,52.66,3486.41,3.4864,0,0
2022-08-02T11:00:00,888.0,108.0,944.0,19.66,19.698,72.068,35.099,838.02,29.5,55.69,3862.52,3.8625,0,0
2022-08-02T12:00:00,899.0,109.0,998.0,8.49,8.503,31.62,31.526,879.22,29.6,57.08,4030.4,4.0304,0,0
2022-08-02T13:00:00,862.0,133.0,976.0,12.13,12.079,305.229,32.451,863.09,29.7,56.67,3962.73,3.9627,0,0
2022-08-02T14:00:00,844.0,129.0,896.0,24.71,24.662,282.254,37.457,801.14,29.8,54.84,3704.91,3.7049,0,0
2022-08-02T15:00:00,808.0,120.0,756.0,38.18,38.14,272.937,45.152,691.17,29.8,51.4,3239.28,3.2393,0,0
2022-08-02T16:00:00,743.0,108.0,568.0,51.77,51.732,266.629,54.26,542.23,29.8,46.74,2586.86,2.5869,0,0
2022-08-02T17:00:00,625.0,89.0,351.0,65.28,65.248,261.16,63.972,362.44,29.6,40.93,1767.23,1.7672,0,0
2022-08-02T18:00:00,385.0,58.0,134.0,78.57,78.567,255.695,73.767,164.27,29.3,34.43,820.26,0.8203,0,0
2022-08-02T19:00:00,0.0,0.0,0.0,91.63,91.549,0.0,115.63,0.0,29.1,29.1,0.0,0.0,0,0
2022-08-02T20:00:00,0.0,0.0,0.0,104.08,103.988,0.0,128.08,0.0,29.0,29.0,0.0,0.0,0,0
2022-08-02T21:00:00,0.0,0.0,0.0,115.66,115.545,0.0,139.66,0.0,28.9,28.9,0.0,0.0,0,0
2022-08-02T22:00:00,0.0,0.0,0.0,125.76,125.635,0.0,149.76,0.0,28.7,28.7,0.0,0.0,0,0
2022-08-02T23:00:00,0.0,0.0,0.0,133.43,133.282,0.0,157.43,0.0,28.5,28.5,0.0,0.0,0,0
2022-08-03T00:00:00,0.0,0.0,0.0,137.3,137.417,0.0,161.3,0.0,28.3,28.3,0.0,0.0,0,0
2022-08-03T01:00:00,0.0,0.0,0.0,136.36,136.474,0.0,160.36,0.0,28.2,28.2,0.0,0.0,0,0
2022-08-03T02:00:00,0.0,0.0,0.0,130.88,130.983,0.0,154.88,0.0,28.0,28.0,0.0,0.0,0,0
2022-08-03T03:00:00,0.0,0.0,0.0,122.14,122.231,0.0,146.14,0.0,27.9,27.9,0.0,0.0,1,0
2022-08-03T04:00:00,0.0,0.0,0.0,111.38,111.462,0.0,135.38,0.0,27.8,27.8,0.0,0.0,0,0
2022-08-03T05:00:00,0.0,0.0,0.0,99.43,99.492,0.0,123.43,0.0,27.8,27.8,0.0,0.0,0,0
2022-08-03T06:00:00,172.0,22.0,32.0,86.53,86.796,107.696,79.706,52.06,28.2,29.83,264.29,0.2643,0,0
2022-08-03T07:00:00,585.0,60.0,226.0,73.54,73.651,101.938,70.151,257.99,28.6,36.66,1277.82,1.2778,0,0
2022-08-03T08:00:00,752.0,78.0,453.0,60.16,60.233,96.51,60.359,450.46,28.8,42.88,2180.51,2.1805,0,0
2022-08-03T09:00:00,837.0,89.0,664.0,46.6,46.668,90.796,50.818,619.7,29.0,48.37,2938.29,2.9383,0,0
2022-08-03T10:00:00,880.0,97.0,834.0,33.04,33.091,83.643,42.161,752.33,29.2,52.71,3508.06,3.5081,0,0
2022-08-03T11:00:00,905.0,100.0,952.0,19.75,19.801,71.333,35.332,842.22,29.4,55.72,3881.42,3.8814,0,0
2022-08-03T12:00:00,916.0,101.0,1006.0,8.71,8.73,30.659,31.785,883.96,29.6,57.22,4049.73,4.0497,0,0
2022-08-03T13:00:00,921.0,94.0,994.0,12.31,12.261,306.17,32.716,873.43,29.8,57.09,4003.52,4.0035,0,0
2022-08-03T14:00:00,904.0,91.0,912.0,24.82,24.775,282.838,37.7,810.22,29.8,55.12,3742.73,3.7427,0,0
2022-08-03T15:00:00,869.0,87.0,769.0,38.29,38.238,273.342,45.385,700.22,29.8,51.68,3278.08,3.2781,0,0
2022-08-03T16:00:00,808.0,80.0,579.0,51.87,51.83,266.948,54.472,551.08,29.7,46.92,2627.3,2.6273,0,0
2022-08-03T17:00:00,697.0,69.0,359.0,65.39,65.353,261.433,64.181,372.68,29.5,41.15,1815.68,1.8157,0,0
2022-08-03T18:00:00,463.0,47.0,138.0,78.69,78.684,255.942,73.976,173.97,29.1,34.54,868.34,0.8683,0,0
2022-08-03T19:00:00,0.0,0.0,0.0,91.77,91.682,0.0,115.77,0.0,28.9,28.9,0.0,0.0,0,0
2022-08-03T20:00:00,0.0,0.0,0.0,104.24,104.144,0.0,128.24,0.0,28.8,28.8,0.0,0.0,0,0
2022-08-03T21:00:00,0.0,0.0,0.0,115.84,115.728,0.0,139.84,0.0,28.7,28.7,0.0,0.0,0,0
2022-08-03T22:00:00,0.0,0.0,0.0,125.98,125.851,0.0,149.98,0.0,28.6,28.6,0.0,0.0,0,0
2022-08-03T23:00:00,0.0,0.0,0.0,133.67,133.531,0.0,157.67,0.0,28.5,28.5,0.0,0.0,1,0
2022-08-04T00:00:00,0.0,0.0,0.0,137.56,137.69,0.0,161.56,0.0,28.4,28.4,0.0,0.0,0,0
2022-08-04T01:00:00,0.0,0.0,0.0,136.61,136.736,0.0,160.61,0.0,28.4,28.4,0.0,0.0,0,0
2022-08-04T02:00:00,0.0,0.0,0.0,131.09,131.209,0.0,155.09,0.0,28.3,28.3,0.0,0.0,0,0
2022-08-04T03:00:00,0.0,0.0,0.0,122.32,122.416,0.0,146.32,0.0,28.3,28.3,0.0,0.0,0,0
2022-08-04T04:00:00,0.0,0.0,0.0,111.53,111.612,0.0,135.53,0.0,28.2,28.2,0.0,0.0,1,0
2022-08-04T05:00:00,0.0,0.0,0.0,99.54,99.614,0.0,123.54,0.0,28.3,28.3,0.0,0.0,1,0
2022-08-04T06:00:00,0.0,18.0,18.0,86.62,86.897,107.441,79.889,17.38,28.5,29.04,88.46,0.0885,3,7
2022-08-04T07:00:00,509.0,69.0,213.0,73.62,73.737,101.667,70.334,239.16,28.9,36.37,1185.79,1.1858,0,0
2022-08-04T08:00:00,689.0,93.0,435.0,60.22,60.308,96.207,60.534,431.66,29.0,42.49,2092.54,2.0925,0,0
2022-08-04T09:00:00,778.0,109.0,643.0,46.67,46.738,90.432,51.016,599.29,29.3,48.03,2845.17,2.8452,0,0
2022-08-04T10:00:00,842.0,113.0,818.0,33.1,33.167,83.161,42.367,737.29,29.5,52.54,3440.22,3.4402,0,0
2022-08-04T11:00:00,869.0,120.0,937.0,19.85,19.907,70.589,35.574,829.73,29.8,55.73,3823.71,3.8237,0,0
2022-08-04T12:00:00,879.0,123.0,992.0,8.94,8.962,29.716,32.054,871.26,30.0,57.23,3991.5,3.9915,0,0
2022-08-04T13:00:00,872.0,126.0,977.0,12.49,12.45,307.094,32.979,860.5,30.2,57.09,3944.32,3.9443,0,0
2022-08-04T14:00:00,854.0,121.0,896.0,24.95,24.894,283.425,37.959,796.86,30.3,55.2,3679.81,3.6798,0,0
2022-08-04T15:00:00,817.0,113.0,754.0,38.39,38.341,273.752,45.612,686.13,30.3,51.74,3211.41,3.2114,0,0
2022-08-04T16:00:00,752.0,101.0,564.0,51.98,51.932,267.271,54.694,536.12,30.1,46.85,2556.65,2.5567,0,0
2022-08-04T17:00:00,640.0,83.0,348.0,65.5,65.462,261.709,64.392,359.04,29.8,41.02,1750.03,1.75,0,0
2022-08-04T18:00:00,403.0,53.0,131.0,78.81,78.805,256.193,74.186,161.66,29.4,34.45,807.17,0.8072,0,0
2022-08-04T19:00:00,0.0,0.0,0.0,91.91,91.821,0.0,115.91,0.0,29.2,29.2,0.0,0.0,0,0
2022-08-04T20:00:00,0.0,0.0,0.0,104.4,104.304,0.0,128.4,0.0,29.2,29.2,0.0,0.0,1,0
2022-08-04T21:00:00,0.0,0.0,0.0,116.03,115.916,0.0,140.03,0.0,29.1,29.1,0.0,0.0,0,0
2022-08-04T22:00:00,0.0,0.0,0.0,126.2,126.072,0.0,150.2,0.0,29.0,29.0,0.0,0.0,1,0
2022-08-04T23:00:00,0.0,0.0,0.0,133.93,133.786,0.0,157.93,0.0,28.9,28.9,0.0,0.0,0,0
2022-08-05T00:00:00,0.0,0.0,0.0,137.83,137.969,0.0,161.83,0.0,28.7,28.7,0.0,0.0,0,0
2022-08-05T01:00:00,0.0,0.0,0.0,136.87,137.002,0.0,160.87,0.0,28.6,28.6,0.0,0.0,0,0
2022-08-05T02:00:00,0.0,0.0,0.0,131.31,131.438,0.0,155.31,0.0,28.4,28.4,0.0,0.0,0,0
2022-08-05T03:00:00,0.0,0.0,0.0,122.49,122.603,0.0,146.49,0.0,28.3,28.3,0.0,0.0,0,0
2022-08-05T04:00:00,0.0,0.0,0.0,111.67,111.763,0.0,135.67,0.0,28.2,28.2,0.0,0.0,0,0
2022-08-05T05:00:00,0.0,0.0,0.0,99.65,99.737,0.0,123.65,0.0,28.2,28.2,0.0,0.0,0,0
2022-08-05T06:00:00,0.0,19.0,19.0,86.71,86.998,107.181,80.074,18.34,28.5,29.07,93.37,0.0934,8,7
2022-08-05T07:00:00,412.0,31.0,147.0,73.7,73.823,101.39,70.519,168.33,28.8,34.06,841.66,0.8417,7,0
2022-08-05T08:00:00,688.0,92.0,433.0,60.29,60.383,95.897,60.721,428.24,28.9,42.28,2077.56,2.0776,1,0
2022-08-05T09:00:00,415.0,233.0,517.0,46.73,46.809,90.061,51.208,487.39,29.1,44.33,2346.49,2.3465,7,0
2022-08-05T10:00:00,576.0,226.0,708.0,33.17,33.244,82.671,42.583,646.46,29.4,49.6,3050.71,3.0507,8,0
2022-08-05T11:00:00,796.0,106.0,854.0,19.95,20.016,69.836,35.817,754.27,29.6,53.17,3510.82,3.5108,7,0
2022-08-05T12:00:00,467.0,317.0,777.0,9.17,9.2,28.792,32.321,704.66,29.8,51.82,3297.11,3.2971,8,0
2022-08-05T13:00:00,858.0,130.0,967.0,12.69,12.648,308.0,33.257,850.22,30.0,56.57,3905.22,3.9052,0,0
2022-08-05T14:00:00,839.0,127.0,887.0,25.07,25.02,284.015,38.211,788.42,30.0,54.64,3648.87,3.6489,0,0
2022-08-05T15:00:00,797.0,122.0,746.0,38.5,38.449,274.166,45.849,678.33,30.0,51.2,3181.55,3.1815,0,0
2022-08-05T16:00:00,725.0,111.0,557.0,52.09,52.04,267.598,54.918,527.71,29.9,46.39,2520.96,2.521,0,0
2022-08-05T17:00:00,594.0,94.0,339.0,65.62,65.577,261.989,64.613,347.53,29.7,40.56,1696.84,1.6968,0,0
2022-08-05T18:00:00,330.0,61.0,124.0,78.94,78.931,256.447,74.407,148.14,29.4,34.03,740.78,0.7408,0,0
2022-08-05T19:00:00,0.0,0.0,0.0,92.06,91.963,0.0,116.06,0.0,29.2,29.2,0.0,0.0,0,0
2022-08-05T20:00:00,0.0,0.0,0.0,104.57,104.468,0.0,128.57,0.0,29.2,29.2,0.0,0.0,0,0
2022-08-05T21:00:00,0.0,0.0,0.0,116.22,116.109,0.0,140.22,0.0,29.2,29.2,0.0,0.0,0,0
2022-08-05T22:00:00,0.0,0.0,0.0,126.43,126.299,0.0,150.43,0.0,29.1,29.1,0.0,0.0,7,0
2022-08-05T23:00:00,0.0,0.0,0.0,134.18,134.047,0.0,158.18,0.0,29.0,29.0,0.0,0.0,7,0
2022-08-06T00:00:00,0.0,0.0,0.0,138.11,138.253,0.0,162.11,0.0,28.9,28.9,0.0,0.0,7,0
2022-08-06T01:00:00,0.0,0.0,0.0,137.12,137.272,0.0,161.12,0.0,28.8,28.8,0.0,0.0,0,0
2022-08-06T02:00:00,0.0,0.0,0.0,131.53,131.669,0.0,155.53,0.0,28.7,28.7,0.0,0.0,0,0
2022-08-06T03:00:00,0.0,0.0,0.0,122.67,122.791,0.0,146.67,0.0,28.6,28.6,0.0,0.0,0,0
2022-08-06T04:00:00,0.0,0.0,0.0,111.81,111.914,0.0,135.81,0.0,28.6,28.6,0.0,0.0,8,0
2022-08-06T05:00:00,0.0,0.0,0.0,99.77,99.86,0.0,123.77,0.0,28.5,28.5,0.0,0.0,8,0
2022-08-06T06:00:00,71.0,22.0,26.0,86.8,87.1,106.914,80.262,33.28,28.8,29.84,168.96,0.169,0,1
2022-08-06T07:00:00,23.0,115.0,122.0,73.78,73.908,101.108,70.706,118.68,29.1,32.81,596.1,0.5961,7,0
2022-08-06T08:00:00,383.0,207.0,396.0,60.36,60.458,95.582,60.91,387.68,29.3,41.42,1886.88,1.8869,7,0
2022-08-06T09:00:00,287.0,293.0,489.0,46.79,46.88,89.684,51.403,463.61,29.5,43.99,2234.85,2.2348,8,0
2022-08-06T10:00:00,621.0,207.0,727.0,33.24,33.322,82.173,42.802,659.97,29.7,50.32,3105.86,3.1059,8,0
2022-08-06T11:00:00,841.0,134.0,923.0,20.06,20.129,69.075,36.07,815.97,29.8,55.3,3766.62,3.7666,0,0
2022-08-06T12:00:00,850.0,137.0,976.0,9.4,9.444,27.886,32.588,855.69,29.9,56.64,3929.27,3.9293,0,0
2022-08-06T13:00:00,3.0,268.0,271.0,12.9,12.855,308.887,33.542,261.26,29.9,38.06,1287.39,1.2874,7,0
2022-08-06T14:00:00,4.0,267.0,271.0,25.21,25.153,284.608,38.479,260.93,29.9,38.05,1285.83,1.2858,7,0
2022-08-06T15:00:00,407.0,262.0,579.0,38.62,38.563,274.585,46.095,537.92,29.9,46.71,2566.62,2.5666,8,0
2022-08-06T16:00:00,0.0,50.0,50.0,52.21,52.152,267.929,55.152,48.27,29.7,31.21,243.84,0.2438,6,0
2022-08-06T17:00:00,33.0,165.0,178.0,65.74,65.695,262.272,64.836,173.44,29.5,34.92,864.5,0.8645,7,0
2022-08-06T18:00:00,64.0,93.0,105.0,79.07,79.062,256.704,74.629,106.85,29.2,32.54,537.2,0.5372,8,0
2022-08-06T19:00:00,0.0,0.0,0.0,92.2,92.111,0.0,116.2,0.0,29.1,29.1,0.0,0.0,8,0
2022-08-06T20:00:00,0.0,0.0,0.0,104.74,104.638,0.0,128.74,0.0,29.0,29.0,0.0,0.0,1,0
2022-08-06T21:00:00,0.0,0.0,0.0,116.42,116.307,0.0,140.42,0.0,28.9,28.9,0.0,0.0,0,0
2022-08-06T22:00:00,0.0,0.0,0.0,126.66,126.531,0.0,150.66,0.0,28.7,28.7,0.0,0.0,0,0
2022-08-06T23:00:00,0.0,0.0,0.0,134.45,134.313,0.0,158.45,0.0,28.6,28.6,0.0,0.0,0,0
2022-08-07T00:00:00,0.0,0.0,0.0,138.39,138.543,0.0,162.39,0.0,28.5,28.5,0.0,0.0,0,0
2022-08-07T01:00:00,0.0,0.0,0.0,137.39,137.546,0.0,161.39,0.0,28.4,28.4,0.0,0.0,0,0
2022-08-07T02:00:00,0.0,0.0,0.0,131.75,131.903,0.0,155.75,0.0,28.3,28.3,0.0,0.0,0,0
2022-08-07T03:00:00,0.0,0.0,0.0,122.85,122.98,0.0,146.85,0.0,28.2,28.2,0.0,0.0,0,0
2022-08-07T04:00:00,0.0,0.0,0.0,111.95,112.066,0.0,135.95,0.0,28.2,28.2,0.0,0.0,0,0
2022-08-07T05:00:00,0.0,0.0,0.0,99.88,99.983,0.0,123.88,0.0,28.2,28.2,0.0,0.0,0,0
2022-08-07T06:00:00,75.0,21.0,25.0,86.89,87.201,106.643,80.452,32.75,28.6,29.62,166.37,0.1664,0,0
2022-08-07T07:00:00,476.0,74.0,207.0,73.85,73.993,100.82,70.886,228.46,29.0,36.14,1133.69,1.1337,0,0
2022-08-07T08:00:00,664.0,101.0,428.0,60.42,60.533,95.261,61.093,421.31,29.2,42.37,2043.3,2.0433,0,0
2022-08-07T09:00:00,764.0,115.0,638.0,46.86,46.952,89.3,51.608,590.02,29.4,47.84,2803.18,2.8032,0,0
2022-08-07T10:00:00,838.0,114.0,815.0,33.31,33.401,81.666,43.023,728.77,29.6,52.37,3402.63,3.4026,0,0
2022-08-07T11:00:00,361.0,375.0,714.0,20.16,20.244,68.305,36.317,655.84,29.7,50.2,3087.96,3.088,8,0
2022-08-07T12:00:00,877.0,124.0,988.0,9.64,9.693,27.0,32.864,863.82,29.8,56.79,3964.2,3.9642,0,0
2022-08-07T13:00:00,510.0,269.0,766.0,13.11,13.069,309.754,33.825,687.67,29.8,51.29,3224.22,3.2242,7,0
2022-08-07T14:00:00,856.0,120.0,894.0,25.35,25.293,285.204,38.748,790.15,29.8,54.49,3658.95,3.659,0,0
2022-08-07T15:00:00,517.0,225.0,628.0,38.74,38.683,275.007,46.343,577.61,29.7,47.75,2745.15,2.7451,8,0
2022-08-07T16:00:00,24.0,218.0,233.0,52.33,52.27,268.264,55.387,224.22,29.6,36.61,1110.8,1.1108,6,0
2022-08-07T17:00:00,4.0,103.0,105.0,65.87,65.819,262.56,65.069,101.14,29.4,32.56,508.45,0.5084,6,0
2022-08-07T18:00:00,6.0,65.0,66.0,79.21,79.197,256.965,74.862,64.33,29.1,31.11,325.07,0.3251,7,0
2022-08-07T19:00:00,0.0,0.0,0.0,92.36,92.262,0.0,116.36,0.0,28.9,28.9,0.0,0.0,0,0
2022-08-07T20:00:00,0.0,0.0,0.0,104.92,104.812,0.0,128.92,0.0,28.8,28.8,0.0,0.0,0,0
2022-08-07T21:00:00,0.0,0.0,0.0,116.62,116.509,0.0,140.62,0.0,28.8,28.8,0.0,0.0,0,0
2022-08-07T22:00:00,0.0,0.0,0.0,126.89,126.767,0.0,150.89,0.0,28.7,28.7,0.0,0.0,0,0
2022-08-07T23:00:00,0.0,0.0,0.0,134.71,134.584,0.0,158.71,0.0,28.6,28.6,0.0,0.0,0,0
2022-08-08T00:00:00,0.0,0.0,0.0,138.67,138.837,0.0,162.67,0.0,28.5,28.5,0.0,0.0,0,0
2022-08-08T01:00:00,0.0,0.0,0.0,137.65,137.824,0.0,161.65,0.0,28.4,28.4,0.0,0.0,0,0
2022-08-08T02:00:00,0.0,0.0,0.0,131.98,132.138,0.0,155.98,0.0,28.3,28.3,0.0,0.0,0,0
2022-08-08T03:00:00,0.0,0.0,0.0,123.03,123.17,0.0,147.03,0.0,28.2,28.2,0.0,0.0,0,0
2022-08-08T04:00:00,0.0,0.0,0.0,112.09,112.218,0.0,136.09,0.0,28.2,28.2,0.0,0.0,0,0
2022-08-08T05:00:00,0.0,0.0,0.0,99.99,100.105,0.0,123.99,0.0,28.2,28.2,0.0,0.0,0,0
2022-08-08T06:00:00,98.0,21.0,26.0,86.98,87.301,106.366,80.644,36.25,28.6,29.73,184.08,0.1841,0,0
2022-08-08T07:00:00,526.0,68.0,214.0,73.93,74.078,100.527,71.078,237.48,29.0,36.42,1177.29,1.1773,0,0
2022-08-08T08:00:00,708.0,92.0,441.0,60.49,60.608,94.934,61.286,431.98,29.3,42.8,2091.68,2.0917,0,0
2022-08-08T09:00:00,798.0,108.0,653.0,46.92,47.024,88.909,51.807,602.39,29.6,48.42,2855.57,2.8556,0,0
2022-08-08T10:00:00,798.0,148.0,814.0,33.39,33.481,81.152,43.253,729.85,30.0,52.81,3401.95,3.4019,0,0
2022-08-08T11:00:00,817.0,162.0,929.0,20.27,20.363,67.529,36.572,819.17,30.3,55.9,3772.53,3.7725,0,0
2022-08-08T12:00:00,814.0,175.0,976.0,9.88,9.948,26.132,33.14,857.47,30.4,57.2,3928.81,3.9288,0,0
2022-08-08T13:00:00,798.0,181.0,957.0,13.33,13.292,310.6,34.116,842.12,30.4,56.72,3865.78,3.8658,0,0
2022-08-08T14:00:00,766.0,181.0,872.0,25.5,25.439,285.8,39.025,775.8,30.3,54.54,3591.8,3.5918,0,0
2022-08-08T15:00:00,695.0,183.0,724.0,38.87,38.809,275.433,46.599,658.88,30.2,50.79,3095.18,3.0952,0,0
2022-08-08T16:00:00,570.0,180.0,527.0,52.45,52.392,268.602,55.623,498.61,30.1,45.68,2388.34,2.3883,0,0
2022-08-08T17:00:00,372.0,156.0,308.0,66.0,65.947,262.85,65.303,307.35,29.9,39.5,1506.5,1.5065,0,0
2022-08-08T18:00:00,100.0,82.0,101.0,79.35,79.337,257.229,75.096,105.05,29.5,32.78,527.67,0.5277,0,0
2022-08-08T19:00:00,0.0,0.0,0.0,92.52,92.419,0.0,116.52,0.0,29.3,29.3,0.0,0.0,0,0
2022-08-08T20:00:00,0.0,0.0,0.0,105.1,104.99,0.0,129.1,0.0,29.3,29.3,0.0,0.0,0,0
2022-08-08T21:00:00,0.0,0.0,0.0,116.83,116.716,0.0,140.83,0.0,29.2,29.2,0.0,0.0,0,0
2022-08-08T22:00:00,0.0,0.0,0.0,127.13,127.009,0.0,151.13,0.0,29.1,29.1,0.0,0.0,7,0
2022-08-08T23:00:00,0.0,0.0,0.0,134.99,134.861,0.0,158.99,0.0,29.0,29.0,0.0,0.0,1,0
2022-08-09T00:00:00,0.0,0.0,0.0,138.96,139.137,0.0,162.96,0.0,28.8,28.8,0.0,0.0,0,0
2022-08-09T01:00:00,0.0,0.0,0.0,137.92,138.106,0.0,161.92,0.0,28.7,28.7,0.0,0.0,0,0
2022-08-09T02:00:00,0.0,0.0,0.0,132.2,132.376,0.0,156.2,0.0,28.6,28.6,0.0,0.0,7,0
2022-08-09T03:00:00,0.0,0.0,0.0,123.21,123.361,0.0,147.21,0.0,28.6,28.6,0.0,0.0,0,0
2022-08-09T04:00:00,0.0,0.0,0.0,112.24,112.37,0.0,136.24,0.0,28.5,28.5,0.0,0.0,1,0
2022-08-09T05:00:00,0.0,0.0,0.0,100.11,100.228,0.0,124.11,0.0,28.5,28.5,0.0,0.0,0,0
2022-08-09T06:00:00,6.0,16.0,16.0,87.06,87.402,106.083,80.829,16.4,28.7,29.21,83.45,0.0835,0,0
2022-08-09T07:00:00,267.0,112.0,186.0,74.01,74.163,100.228,71.272,194.5,29.0,35.08,968.9,0.9689,0,0
2022-08-09T08:00:00,474.0,167.0,400.0,60.56,60.683,94.601,61.482,389.54,29.2,41.37,1896.23,1.8962,0,0
2022-08-09T09:00:00,69.0,368.0,415.0,46.99,47.096,88.512,52.017,398.14,29.4,41.84,1934.73,1.9347,3,0
2022-08-09T10:00:00,698.0,203.0,786.0,33.46,33.563,80.63,43.478,707.51,29.7,51.81,3310.61,3.3106,1,0
2022-08-09T11:00:00,741.0,211.0,905.0,20.39,20.486,66.746,36.836,802.77,29.9,54.99,3710.23,3.7102,1,0
2022-08-09T12:00:00,755.0,216.0,960.0,10.13,10.208,25.282,33.424,845.1,30.0,56.41,3884.15,3.8842,0,0
2022-08-09T13:00:00,707.0,248.0,936.0,13.55,13.522,311.425,34.405,828.69,30.1,56.0,3814.93,3.8149,0,0
2022-08-09T14:00:00,692.0,232.0,856.0,25.65,25.592,286.398,39.302,764.85,30.1,54.0,3548.61,3.5486,0,0
2022-08-09T15:00:00,654.0,209.0,717.0,39.0,38.94,275.862,46.857,653.38,30.0,50.42,3073.74,3.0737,0,0
2022-08-09T16:00:00,576.0,180.0,530.0,52.58,52.52,268.944,55.87,499.98,29.8,45.42,2397.21,2.3972,0,0
2022-08-09T17:00:00,448.0,137.0,318.0,66.13,66.08,263.144,65.539,319.34,29.5,39.48,1565.4,1.5654,0,0
2022-08-09T18:00:00,193.0,75.0,110.0,79.49,79.481,257.496,75.332,121.58,29.2,33.0,610.24,0.6102,0,0
2022-08-09T19:00:00,0.0,0.0,0.0,92.68,92.579,0.0,116.68,0.0,29.0,29.0,0.0,0.0,0,0
2022-08-09T20:00:00,0.0,0.0,0.0,105.28,105.173,0.0,129.28,0.0,29.0,29.0,0.0,0.0,1,0
2022-08-09T21:00:00,0.0,0.0,0.0,117.04,116.928,0.0,141.04,0.0,28.9,28.9,0.0,0.0,8,0
2022-08-09T22:00:00,0.0,0.0,0.0,127.38,127.256,0.0,151.38,0.0,28.9,28.9,0.0,0.0,0,0
2022-08-09T23:00:00,0.0,0.0,0.0,135.26,135.142,0.0,159.26,0.0,28.8,28.8,0.0,0.0,0,0
2022-08-10T00:00:00,0.0,0.0,0.0,139.25,139.441,0.0,163.25,0.0,28.7,28.7,0.0,0.0,0,0
2022-08-10T01:00:00,0.0,0.0,0.0,138.19,138.391,0.0,162.19,0.0,28.6,28.6,0.0,0.0,0,0
2022-08-10T02:00:00,0.0,0.0,0.0,132.43,132.616,0.0,156.43,0.0,28.5,28.5,0.0,0.0,0,0
2022-08-10T03:00:00,0.0,0.0,0.0,123.39,123.553,0.0,147.39,0.0,28.4,28.4,0.0,0.0,0,0
2022-08-10T04:00:00,0.0,0.0,0.0,112.38,112.522,0.0,136.38,0.0,28.4,28.4,0.0,0.0,0,0
2022-08-10T05:00:00,0.0,0.0,0.0,100.22,100.35,0.0,124.22,0.0,28.5,28.5,0.0,0.0,0,0
2022-08-10T06:00:00,36.0,20.0,22.0,87.15,87.502,105.796,81.025,24.94,28.7,29.48,126.77,0.1268,0,0
2022-08-10T07:00:00,447.0,80.0,203.0,74.08,74.247,99.924,71.459,220.44,29.0,35.89,1094.91,1.0949,1,0
2022-08-10T08:00:00,664.0,104.0,430.0,60.63,60.758,94.263,61.68,418.22,29.1,42.17,2029.81,2.0298,0,0
2022-08-10T09:00:00,775.0,115.0,644.0,47.05,47.169,88.109,52.22,590.38,29.3,47.75,2805.85,2.8059,0,0
2022-08-10T10:00:00,148.0,435.0,559.0,33.54,33.647,80.102,43.713,528.0,29.5,46.0,2526.09,2.5261,3,0
2022-08-10T11:00:00,435.0,337.0,744.0,20.5,20.612,65.956,37.093,675.85,29.8,50.92,3173.29,3.1733,7,0
2022-08-10T12:00:00,410.0,441.0,845.0,10.39,10.473,24.452,33.717,770.28,29.9,53.97,3574.2,3.5742,3,0
2022-08-10T13:00:00,849.0,143.0,968.0,13.78,13.76,312.228,34.701,843.18,30.1,56.45,3874.73,3.8747,0,0
2022-08-10T14:00:00,821.0,144.0,883.0,25.81,25.752,286.995,39.588,778.11,30.1,54.42,3604.31,3.6043,0,0
2022-08-10T15:00:00,769.0,141.0,738.0,39.14,39.076,276.294,47.125,664.52,30.1,50.87,3120.75,3.1208,0,0
2022-08-10T16:00:00,683.0,131.0,545.0,52.71,52.653,269.289,56.118,510.81,30.0,45.96,2444.18,2.4442,0,0
2022-08-10T17:00:00,541.0,108.0,326.0,66.27,66.218,263.441,65.784,328.05,29.8,40.05,1604.74,1.6047,0,0
2022-08-10T18:00:00,270.0,64.0,113.0,79.64,79.629,257.766,75.577,129.46,29.4,33.45,648.74,0.6487,0,0
2022-08-10T19:00:00,0.0,0.0,0.0,92.84,92.744,0.0,116.84,0.0,29.1,29.1,0.0,0.0,0,0
2022-08-10T20:00:00,0.0,0.0,0.0,105.47,105.361,0.0,129.47,0.0,29.0,29.0,0.0,0.0,1,0
2022-08-10T21:00:00,0.0,0.0,0.0,117.26,117.145,0.0,141.26,0.0,28.8,28.8,0.0,0.0,0,0
2022-08-10T22:00:00,0.0,0.0,0.0,127.62,127.508,0.0,151.62,0.0,28.6,28.6,0.0,0.0,0,0
2022-08-10T23:00:00,0.0,0.0,0.0,135.55,135.429,0.0,159.55,0.0,28.5,28.5,0.0,0.0,0,0
2022-08-11T00:00:00,0.0,0.0,0.0,139.55,139.75,0.0,163.55,0.0,28.4,28.4,0.0,0.0,0,0
2022-08-11T01:00:00,0.0,0.0,0.0,138.47,138.68,0.0,162.47,0.0,28.3,28.3,0.0,0.0,0,0
2022-08-11T02:00:00,0.0,0.0,0.0,132.66,132.858,0.0,156.66,0.0,28.2,28.2,0.0,0.0,0,0
2022-08-11T03:00:00,0.0,0.0,0.0,123.57,123.745,0.0,147.57,0.0,28.2,28.2,0.0,0.0,0,0
2022-08-11T04:00:00,0.0,0.0,0.0,112.52,112.675,0.0,136.52,0.0,28.2,28.2,0.0,0.0,0,0
2022-08-11T05:00:00,0.0,0.0,0.0,100.33,100.472,0.0,124.33,0.0,28.1,28.1,0.0,0.0,0,0
2022-08-11T06:00:00,56.0,19.0,22.0,87.24,87.602,105.503,81.224,26.91,28.3,29.14,136.96,0.137,0,0
2022-08-11T07:00:00,473.0,74.0,204.0,74.16,74.332,99.615,71.657,221.42,28.6,35.52,1101.28,1.1013,0,0
2022-08-11T08:00:00,670.0,100.0,428.0,60.69,60.833,93.919,61.871,415.25,28.7,41.68,2019.1,2.0191,0,0
2022-08-11T09:00:00,771.0,115.0,640.0,47.12,47.242,87.7,52.434,585.62,28.8,47.1,2790.08,2.7901,0,0
2022-08-11T10:00:00,837.0,119.0,816.0,33.61,33.732,79.566,43.942,723.59,29.0,51.61,3388.42,3.3884,0,0
2022-08-11T11:00:00,866.0,124.0,935.0,20.62,20.741,65.161,37.359,815.06,29.2,54.67,3771.71,3.7717,0,0
2022-08-11T12:00:00,877.0,127.0,989.0,10.65,10.744,23.64,34.009,857.05,29.4,56.18,3942.58,3.9426,0,0
2022-08-11T13:00:00,872.0,127.0,973.0,14.02,14.006,313.009,35.003,844.19,29.6,55.98,3886.52,3.8865,0,0
2022-08-11T14:00:00,852.0,124.0,890.0,25.97,25.919,287.593,39.873,780.21,29.7,54.08,3618.75,3.6188,0,0
2022-08-11T15:00:00,813.0,116.0,745.0,39.28,39.219,276.728,47.393,667.8,29.8,50.67,3138.56,3.1386,0,0
2022-08-11T16:00:00,743.0,105.0,554.0,52.85,52.79,269.637,56.375,516.69,29.7,45.85,2473.37,2.4734,0,0
2022-08-11T17:00:00,616.0,87.0,333.0,66.41,66.36,263.74,66.032,336.36,29.5,40.01,1645.61,1.6456,0,0
2022-08-11T18:00:00,89.0,87.0,102.0,79.79,79.782,258.039,75.825,105.92,29.1,32.41,532.74,0.5327,7,7
2022-08-11T19:00:00,0.0,0.0,0.0,93.01,92.914,0.0,117.01,0.0,29.0,29.0,0.0,0.0,0,0
2022-08-11T20:00:00,0.0,0.0,0.0,105.66,105.552,0.0,129.66,0.0,28.9,28.9,0.0,0.0,2,0
2022-08-11T21:00:00,0.0,0.0,0.0,117.48,117.365,0.0,141.48,0.0,28.9,28.9,0.0,0.0,0,0
2022-08-11T22:00:00,0.0,0.0,0.0,127.88,127.764,0.0,151.88,0.0,28.8,28.8,0.0,0.0,0,0
2022-08-11T23:00:00,0.0,0.0,0.0,135.83,135.721,0.0,159.83,0.0,28.7,28.7,0.0,0.0,0,0
2022-08-12T00:00:00,0.0,0.0,0.0,139.85,140.064,0.0,163.85,0.0,28.6,28.6,0.0,0.0,0,0
2022-08-12T01:00:00,0.0,0.0,0.0,138.75,138.972,0.0,162.75,0.0,28.4,28.4,0.0,0.0,0,0
2022-08-12T02:00:00,0.0,0.0,0.0,132.89,133.101,0.0,156.89,0.0,28.3,28.3,0.0,0.0,0,0
2022-08-12T03:00:00,0.0,0.0,0.0,123.75,123.938,0.0,147.75,0.0,28.2,28.2,0.0,0.0,7,0
2022-08-12T04:00:00,0.0,0.0,0.0,112.66,112.827,0.0,136.66,0.0,28.1,28.1,0.0,0.0,7,0
2022-08-12T05:00:00,0.0,0.0,0.0,100.45,100.593,0.0,124.45,0.0,28.1,28.1,0.0,0.0,1,0
2022-08-12T06:00:00,102.0,18.0,23.0,87.32,87.701,105.205,81.415,32.65,28.4,29.42,165.97,0.166,1,0
2022-08-12T07:00:00,534.0,62.0,207.0,74.23,74.415,99.301,71.848,227.47,28.7,35.81,1130.18,1.1302,0,0
2022-08-12T08:00:00,714.0,83.0,432.0,60.76,60.908,93.57,62.073,417.54,28.9,41.95,2028.18,2.0282,1,0
2022-08-12T09:00:00,806.0,96.0,644.0,47.18,47.316,87.284,52.642,586.5,29.1,47.43,2790.79,2.7908,0,0
2022-08-12T10:00:00,859.0,103.0,817.0,33.69,33.818,79.023,44.18,721.65,29.3,51.85,3376.2,3.3762,0,0
2022-08-12T11:00:00,45.0,430.0,473.0,20.75,20.875,64.362,37.633,451.14,29.6,43.7,2177.11,2.1771,3,0
2022-08-12T12:00:00,897.0,110.0,991.0,10.91,11.019,22.846,34.301,854.82,29.7,56.41,3928.75,3.9288,0,0
2022-08-12T13:00:00,891.0,112.0,975.0,14.27,14.26,313.769,35.313,842.65,29.8,56.13,3877.1,3.8771,0,0
2022-08-12T14:00:00,692.0,158.0,780.0,26.15,26.092,288.189,40.175,686.66,29.9,51.36,3218.62,3.2186,7,0
2022-08-12T15:00:00,634.0,188.0,677.0,39.43,39.367,277.165,47.67,612.66,29.9,49.05,2897.38,2.8974,7,0
2022-08-12T16:00:00,765.0,94.0,555.0,53.0,52.933,269.987,56.643,515.38,29.8,45.91,2466.55,2.4665,0,0
2022-08-12T17:00:00,646.0,77.0,334.0,66.56,66.507,264.043,66.289,336.33,29.6,40.11,1644.89,1.6449,0,0
2022-08-12T18:00:00,113.0,83.0,102.0,79.95,79.94,258.315,76.082,107.47,29.2,32.56,540.29,0.5403,8,0
2022-08-12T19:00:00,0.0,0.0,0.0,93.19,93.088,0.0,117.19,0.0,29.0,29.0,0.0,0.0,0,0
2022-08-12T20:00:00,0.0,0.0,0.0,105.85,105.749,0.0,129.85,0.0,28.9,28.9,0.0,0.0,0,0
2022-08-12T21:00:00,0.0,0.0,0.0,117.7,117.591,0.0,141.7,0.0,28.8,28.8,0.0,0.0,0,0
2022-08-12T22:00:00,0.0,0.0,0.0,128.13,128.025,0.0,152.13,0.0,28.7,28.7,0.0,0.0,0,0
2022-08-12T23:00:00,0.0,0.0,0.0,136.12,136.019,0.0,160.12,0.0,28.6,28.6,0.0,0.0,0,0
2022-08-13T00:00:00,0.0,0.0,0.0,140.15,140.383,0.0,164.15,0.0,28.5,28.5,0.0,0.0,0,0
2022-08-13T01:00:00,0.0,0.0,0.0,139.03,139.268,0.0,163.03,0.0,28.4,28.4,0.0,0.0,0,0
2022-08-13T02:00:00,0.0,0.0,0.0,133.13,133.346,0.0,157.13,0.0,28.3,28.3,0.0,0.0,0,0
2022-08-13T03:00:00,0.0,0.0,0.0,123.94,124.132,0.0,147.94,0.0,28.2,28.2,0.0,0.0,0,0
2022-08-13T04:00:00,0.0,0.0,0.0,112.81,112.979,0.0,136.81,0.0,28.2,28.2,0.0,0.0,0,0
2022-08-13T05:00:00,0.0,0.0,0.0,100.56,100.715,0.0,124.56,0.0,28.2,28.2,0.0,0.0,0,0
2022-08-13T06:00:00,116.0,17.0,23.0,87.41,87.8,104.902,81.618,33.37,28.4,29.44,169.65,0.1697,0,0
2022-08-13T07:00:00,545.0,61.0,208.0,74.31,74.499,98.982,72.05,228.12,28.8,35.93,1132.91,1.1329,0,0
2022-08-13T08:00:00,720.0,82.0,433.0,60.83,60.983,93.216,62.278,417.13,29.0,42.04,2025.55,2.0256,0,0
2022-08-13T09:00:00,661.0,147.0,596.0,47.25,47.391,86.863,52.859,544.89,29.2,46.23,2604.63,2.6046,7,0
2022-08-13T10:00:00,779.0,111.0,758.0,33.77,33.907,78.474,44.42,669.14,29.5,50.41,3147.98,3.148,7,0
2022-08-13T11:00:00,782.0,115.0,846.0,20.87,21.012,63.557,37.9,734.41,29.8,52.75,3423.97,3.424,7,0
2022-08-13T12:00:00,2.0,238.0,240.0,11.18,11.3,22.07,34.601,231.43,30.0,37.23,1143.9,1.1439,8,0
2022-08-13T13:00:00,1.0,215.0,216.0,14.52,14.52,314.506,35.621,208.39,30.2,36.71,1031.95,1.0319,6,0
2022-08-13T14:00:00,0.0,144.0,144.0,26.32,26.273,288.785,40.468,139.02,30.3,34.64,693.63,0.6936,6,0
2022-08-13T15:00:00,39.0,300.0,331.0,39.58,39.521,277.605,47.948,316.02,30.4,40.28,1544.58,1.5446,7,0
2022-08-13T16:00:00,92.0,248.0,303.0,53.14,53.081,270.341,56.903,290.14,30.4,39.47,1422.34,1.4223,7,0
2022-08-13T17:00:00,26.0,145.0,155.0,66.71,66.658,264.348,66.547,150.42,30.2,34.9,749.82,0.7498,7,0
2022-08-13T18:00:00,41.0,77.0,84.0,80.11,80.102,258.593,76.34,84.08,30.0,32.63,422.58,0.4226,7,0
2022-08-13T19:00:00,0.0,0.0,0.0,93.36,93.266,0.0,117.36,0.0,29.8,29.8,0.0,0.0,8,0
2022-08-13T20:00:00,0.0,0.0,0.0,106.05,105.949,0.0,130.05,0.0,29.7,29.7,0.0,0.0,3,0
2022-08-13T21:00:00,0.0,0.0,0.0,117.93,117.82,0.0,141.93,0.0,29.6,29.6,0.0,0.0,0,0
2022-08-13T22:00:00,0.0,0.0,0.0,128.4,128.291,0.0,152.4,0.0,29.4,29.4,0.0,0.0,0,0
2022-08-13T23:00:00,0.0,0.0,0.0,136.42,136.32,0.0,160.42,0.0,29.2,29.2,0.0,0.0,0,0
2022-08-14T00:00:00,0.0,0.0,0.0,140.46,140.706,0.0,164.46,0.0,28.9,28.9,0.0,0.0,0,0
2022-08-14T01:00:00,0.0,0.0,0.0,139.31,139.566,0.0,163.31,0.0,28.7,28.7,0.0,0.0,0,0
2022-08-14T02:00:00,0.0,0.0,0.0,133.36,133.593,0.0,157.36,0.0,28.5,28.5,0.0,0.0,0,0
2022-08-14T03:00:00,0.0,0.0,0.0,124.12,124.326,0.0,148.12,0.0,28.3,28.3,0.0,0.0,0,0
2022-08-14T04:00:00,0.0,0.0,0.0,112.95,113.131,0.0,136.95,0.0,28.2,28.2,0.0,0.0,0,0
2022-08-14T05:00:00,0.0,0.0,0.0,100.67,100.835,0.0,124.67,0.0,28.1,28.1,0.0,0.0,0,0
2022-08-14T06:00:00,111.0,17.0,22.0,87.5,87.898,104.594,81.823,32.24,28.3,29.31,163.99,0.164,1,0
2022-08-14T07:00:00,536.0,61.0,205.0,74.38,74.582,98.658,72.245,223.59,28.6,35.59,1111.76,1.1118,0,0
2022-08-14T08:00:00,710.0,84.0,429.0,60.89,61.058,92.857,62.475,412.2,28.8,41.68,2004.21,2.0042,0,0
2022-08-14T09:00:00,795.0,100.0,639.0,47.31,47.466,86.437,53.071,578.86,29.1,47.19,2756.96,2.757,0,0
2022-08-14T10:00:00,319.0,393.0,658.0,33.85,33.997,77.918,44.661,608.6,29.4,48.42,2885.06,2.8851,3,0
2022-08-14T11:00:00,185.0,471.0,644.0,21.0,21.153,62.75,38.175,601.64,29.6,48.4,2852.27,2.8523,3,0
2022-08-14T12:00:00,145.0,422.0,564.0,11.46,11.586,21.313,34.91,527.54,29.8,46.29,2521.15,2.5211,7,0
2022-08-14T13:00:00,2.0,245.0,247.0,14.78,14.788,315.22,35.937,238.16,29.9,37.34,1176.69,1.1767,6,0
2022-08-14T14:00:00,637.0,218.0,788.0,26.51,26.46,289.378,40.777,697.76,30.0,51.81,3265.03,3.265,8,0
2022-08-14T15:00:00,453.0,244.0,592.0,39.74,39.68,278.045,48.235,540.31,30.0,46.88,2576.3,2.5763,8,0
2022-08-14T16:00:00,166.0,261.0,360.0,53.3,53.233,270.697,57.181,342.8,29.9,40.61,1673.41,1.6734,7,0
2022-08-14T17:00:00,613.0,83.0,324.0,66.87,66.815,264.656,66.816,323.55,29.8,39.91,1583.52,1.5835,0,0
2022-08-14T18:00:00,351.0,50.0,109.0,80.27,80.268,258.875,76.6,130.12,29.5,33.57,651.79,0.6518,0,0
2022-08-14T19:00:00,0.0,0.0,0.0,93.54,93.448,0.0,117.54,0.0,29.2,29.2,0.0,0.0,7,0
2022-08-14T20:00:00,0.0,0.0,0.0,106.25,106.153,0.0,130.25,0.0,29.1,29.1,0.0,0.0,1,0
2022-08-14T21:00:00,0.0,0.0,0.0,118.16,118.054,0.0,142.16,0.0,29.0,29.0,0.0,0.0,7,0
2022-08-14T22:00:00,0.0,0.0,0.0,128.66,128.561,0.0,152.66,0.0,28.9,28.9,0.0,0.0,3,0
2022-08-14T23:00:00,0.0,0.0,0.0,136.72,136.627,0.0,160.72,0.0,28.8,28.8,0.0,0.0,0,0
2022-08-15T00:00:00,0.0,0.0,0.0,140.77,141.033,0.0,164.77,0.0,28.8,28.8,0.0,0.0,0,0
2022-08-15T01:00:00,0.0,0.0,0.0,139.6,139.868,0.0,163.6,0.0,28.7,28.7,0.0,0.0,0,0
2022-08-15T02:00:00,0.0,0.0,0.0,133.59,133.841,0.0,157.59,0.0,28.6,28.6,0.0,0.0,0,0
2022-08-15T03:00:00,0.0,0.0,0.0,124.3,124.52,0.0,148.3,0.0,28.5,28.5,0.0,0.0,0,0
2022-08-15T04:00:00,0.0,0.0,0.0,113.09,113.283,0.0,137.09,0.0,28.5,28.5,0.0,0.0,0,0
2022-08-15T05:00:00,0.0,0.0,0.0,100.78,100.956,0.0,124.78,0.0,28.5,28.5,0.0,0.0,0,0
2022-08-15T06:00:00,107.0,16.0,21.0,87.58,87.996,104.281,82.021,30.34,28.6,29.55,154.19,0.1542,0,0
2022-08-15T07:00:00,533.0,61.0,203.0,74.46,74.665,98.329,72.451,220.83,28.9,35.8,1097.18,1.0972,0,0
2022-08-15T08:00:00,709.0,83.0,428.0,60.96,61.133,92.493,62.683,408.49,29.2,41.97,1984.07,1.9841,0,0
2022-08-15T09:00:00,799.0,97.0,638.0,47.38,47.542,86.004,53.292,575.91,29.4,47.4,2740.75,2.7408,0,0
2022-08-15T10:00:00,865.0,97.0,814.0,33.93,34.089,77.357,44.904,712.52,29.7,51.97,3332.01,3.332,0,0
2022-08-15T11:00:00,6.0,381.0,387.0,21.14,21.298,61.939,38.458,372.57,29.9,41.54,1812.49,1.8125,3,0
2022-08-15T12:00:00,189.0,483.0,667.0,11.73,11.877,20.573,35.209,622.31,30.1,49.55,2937.37,2.9374,2,0
2022-08-15T13:00:00,0.0,121.0,122.0,15.05,15.063,315.913,36.259,116.82,30.2,33.85,584.56,0.5846,8,0
2022-08-15T14:00:00,48.0,396.0,439.0,26.7,26.653,289.969,41.086,418.86,30.3,43.39,2023.66,2.0237,6,0
2022-08-15T15:00:00,1.0,147.0,147.0,39.9,39.845,278.488,48.522,142.58,30.4,34.86,710.84,0.7108,6,0
2022-08-15T16:00:00,0.0,13.0,13.0,53.45,53.391,271.055,57.451,12.55,30.3,30.69,63.52,0.0635,7,0
2022-08-15T17:00:00,60.0,165.0,188.0,67.03,66.975,264.967,67.085,182.85,30.1,35.81,908.48,0.9085,7,0
2022-08-15T18:00:00,444.0,40.0,113.0,80.44,80.438,259.158,76.87,140.11,29.8,34.18,700.25,0.7002,1,0
2022-08-15T19:00:00,0.0,0.0,0.0,93.73,93.634,0.0,117.73,0.0,29.6,29.6,0.0,0.0,0,0
2022-08-15T20:00:00,0.0,0.0,0.0,106.46,106.362,0.0,130.46,0.0,29.5,29.5,0.0,0.0,0,0
2022-08-15T21:00:00,0.0,0.0,0.0,118.39,118.292,0.0,142.39,0.0,29.4,29.4,0.0,0.0,7,0
2022-08-15T22:00:00,0.0,0.0,0.0,128.93,128.836,0.0,152.93,0.0,29.3,29.3,0.0,0.0,8,0
2022-08-15T23:00:00,0.0,0.0,0.0,137.02,136.938,0.0,161.02,0.0,29.2,29.2,0.0,0.0,0,0
2022-08-16T00:00:00,0.0,0.0,0.0,141.09,141.365,0.0,165.09,0.0,29.1,29.1,0.0,0.0,0,0
2022-08-16T01:00:00,0.0,0.0,0.0,139.89,140.173,0.0,163.89,0.0,29.0,29.0,0.0,0.0,0,0
2022-08-16T02:00:00,0.0,0.0,0.0,133.83,134.09,0.0,157.83,0.0,29.0,29.0,0.0,0.0,0,0
2022-08-16T03:00:00,0.0,0.0,0.0,124.48,124.715,0.0,148.48,0.0,28.9,28.9,0.0,0.0,0,0
2022-08-16T04:00:00,0.0,0.0,0.0,113.23,113.434,0.0,137.23,0.0,28.9,28.9,0.0,0.0,0,0
2022-08-16T05:00:00,0.0,0.0,0.0,100.89,101.075,0.0,124.89,0.0,28.8,28.8,0.0,0.0,0,0
2022-08-16T06:00:00,146.0,15.0,21.0,87.66,88.093,103.963,82.22,34.3,29.0,30.07,173.95,0.174,0,0
2022-08-16T07:00:00,580.0,53.0,208.0,74.53,74.748,97.996,72.65,225.46,29.3,36.35,1118.01,1.118,0,0
2022-08-16T08:00:00,746.0,72.0,433.0,61.03,61.208,92.123,62.892,412.55,29.5,42.39,2000.65,2.0007,1,0
2022-08-16T09:00:00,627.0,139.0,563.0,47.45,47.619,85.567,53.515,510.68,29.7,45.66,2446.35,2.4463,8,0
2022-08-16T10:00:00,876.0,91.0,818.0,34.02,34.183,76.789,45.156,711.88,30.1,52.35,3324.12,3.3241,0,0
2022-08-16T11:00:00,902.0,95.0,936.0,21.28,21.448,61.125,38.742,802.52,30.5,55.58,3700.51,3.7005,0,0
2022-08-16T12:00:00,912.0,97.0,990.0,12.02,12.173,19.85,35.527,843.59,30.8,57.16,3865.74,3.8657,0,0
2022-08-16T13:00:00,15.0,416.0,431.0,15.32,15.344,316.584,36.58,413.79,31.1,44.03,1994.38,1.9944,3,0
2022-08-16T14:00:00,880.0,102.0,887.0,26.89,26.853,290.557,41.395,765.41,31.1,55.02,3537.13,3.5371,0,0
2022-08-16T15:00:00,11.0,248.0,256.0,40.07,40.016,278.932,48.818,246.74,31.2,38.91,1212.05,1.2121,6,0
2022-08-16T16:00:00,0.0,37.0,37.0,53.61,53.554,271.415,57.731,35.72,31.0,32.12,179.86,0.1799,6,0
2022-08-16T17:00:00,10.0,102.0,106.0,67.19,67.14,265.28,67.355,102.36,30.7,33.9,512.09,0.5121,7,0
2022-08-16T18:00:00,425.0,41.0,110.0,80.61,80.613,259.445,77.141,134.77,30.2,34.41,672.98,0.673,0,0
2022-08-16T19:00:00,0.0,0.0,0.0,93.92,93.824,0.0,117.92,0.0,29.9,29.9,0.0,0.0,0,0
2022-08-16T20:00:00,0.0,0.0,0.0,106.67,106.574,0.0,130.67,0.0,29.7,29.7,0.0,0.0,8,0
2022-08-16T21:00:00,0.0,0.0,0.0,118.63,118.534,0.0,142.63,0.0,29.6,29.6,0.0,0.0,0,0
2022-08-16T22:00:00,0.0,0.0,0.0,129.2,129.115,0.0,153.2,0.0,29.5,29.5,0.0,0.0,0,0
2022-08-16T23:00:00,0.0,0.0,0.0,137.33,137.254,0.0,161.33,0.0,29.3,29.3,0.0,0.0,0,0
2022-08-17T00:00:00,0.0,0.0,0.0,141.41,141.701,0.0,165.41,0.0,29.2,29.2,0.0,0.0,7,0
2022-08-17T01:00:00,0.0,0.0,0.0,140.18,140.48,0.0,164.18,0.0,29.1,29.1,0.0,0.0,1,0
2022-08-17T02:00:00,0.0,0.0,0.0,134.07,134.34,0.0,158.07,0.0,29.1,29.1,0.0,0.0,0,0
2022-08-17T03:00:00,0.0,0.0,0.0,124.67,124.909,0.0,148.67,0.0,29.0,29.0,0.0,0.0,0,0
2022-08-17T04:00:00,0.0,0.0,0.0,113.37,113.585,0.0,137.37,0.0,29.0,29.0,0.0,0.0,0,0
2022-08-17T05:00:00,0.0,0.0,0.0,101.0,101.195,0.0,125.0,0.0,29.0,29.0,0.0,0.0,0,0
2022-08-17T06:00:00,0.0,13.0,13.0,87.75,88.19,103.641,82.431,12.55,29.5,29.89,63.7,0.0637,8,7
2022-08-17T07:00:00,46.0,113.0,125.0,74.61,74.83,97.658,72.86,122.75,30.0,33.84,614.26,0.6143,7,0
2022-08-17T08:00:00,552.0,137.0,404.0,61.09,61.283,91.75,63.095,384.36,30.3,42.31,1864.47,1.8645,7,0
2022-08-17T09:00:00,818.0,89.0,642.0,47.52,47.696,85.124,53.74,574.51,30.6,48.55,2722.06,2.7221,0,0
2022-08-17T10:00:00,221.0,349.0,532.0,34.11,34.279,76.216,45.409,493.66,31.0,46.43,2357.98,2.358,7,0
2022-08-17T11:00:00,881.0,109.0,929.0,21.42,21.601,60.31,39.025,796.74,31.4,56.3,3663.5,3.6635,0,0
2022-08-17T12:00:00,891.0,112.0,982.0,12.3,12.474,19.145,35.834,838.0,31.7,57.89,3829.13,3.8291,0,0
2022-08-17T13:00:00,888.0,111.0,966.0,15.6,15.632,317.233,36.909,824.59,31.8,57.57,3772.62,3.7726,0,0
2022-08-17T14:00:00,527.0,328.0,797.0,27.09,27.06,291.142,41.711,714.13,31.9,54.22,3310.49,3.3105,3,0
2022-08-17T15:00:00,0.0,90.0,91.0,40.24,40.192,279.376,49.115,86.9,31.9,34.62,433.61,0.4336,7,0
2022-08-17T16:00:00,0.0,33.0,33.0,53.78,53.721,271.777,58.02,31.86,31.8,32.8,160.02,0.16,6,0
2022-08-17T17:00:00,122.0,173.0,219.0,67.36,67.31,265.594,67.636,213.84,31.6,38.28,1052.86,1.0529,7,0
2022-08-17T18:00:00,124.0,78.0,98.0,80.79,80.792,259.733,77.422,102.48,31.2,34.4,511.76,0.5118,8,0
2022-08-17T19:00:00,0.0,0.0,0.0,94.11,94.018,0.0,118.11,0.0,30.9,30.9,0.0,0.0,0,0
2022-08-17T20:00:00,0.0,0.0,0.0,106.88,106.791,0.0,130.88,0.0,30.7,30.7,0.0,0.0,0,0
2022-08-17T21:00:00,0.0,0.0,0.0,118.87,118.781,0.0,142.87,0.0,30.6,30.6,0.0,0.0,0,0
2022-08-17T22:00:00,0.0,0.0,0.0,129.48,129.398,0.0,153.48,0.0,30.4,30.4,0.0,0.0,0,0
2022-08-17T23:00:00,0.0,0.0,0.0,137.64,137.575,0.0,161.64,0.0,30.2,30.2,0.0,0.0,0,0
2022-08-18T00:00:00,0.0,0.0,0.0,141.74,142.041,0.0,165.74,0.0,29.9,29.9,0.0,0.0,0,0
2022-08-18T01:00:00,0.0,0.0,0.0,140.48,140.79,0.0,164.48,0.0,29.7,29.7,0.0,0.0,0,0
2022-08-18T02:00:00,0.0,0.0,0.0,134.3,134.592,0.0,158.3,0.0,29.6,29.6,0.0,0.0,0,0
2022-08-18T03:00:00,0.0,0.0,0.0,124.85,125.104,0.0,148.85,0.0,29.4,29.4,0.0,0.0,0,0
2022-08-18T04:00:00,0.0,0.0,0.0,113.51,113.735,0.0,137.51,0.0,29.3,29.3,0.0,0.0,0,0
2022-08-18T05:00:00,0.0,0.0,0.0,101.11,101.313,0.0,125.11,0.0,29.2,29.2,0.0,0.0,0,0
2022-08-18T06:00:00,121.0,15.0,19.0,87.83,88.286,103.314,82.635,30.03,29.5,30.44,152.1,0.1521,0,0
2022-08-18T07:00:00,557.0,56.0,203.0,74.68,74.912,97.316,73.063,217.6,29.9,36.7,1077.62,1.0776,0,0
2022-08-18T08:00:00,735.0,75.0,430.0,61.16,61.358,91.371,63.308,405.63,30.2,42.88,1963.52,1.9635,0,0
2022-08-18T09:00:00,823.0,86.0,641.0,47.59,47.774,84.676,53.966,571.96,30.4,48.27,2712.89,2.7129,0,0
2022-08-18T10:00:00,875.0,91.0,815.0,34.19,34.377,75.638,45.655,705.71,30.8,52.85,3288.87,3.2889,0,0
2022-08-18T11:00:00,901.0,95.0,933.0,21.57,21.759,59.493,39.316,796.03,31.2,56.08,3663.41,3.6634,0,0
2022-08-18T12:00:00,165.0,462.0,623.0,12.6,12.779,18.456,36.159,580.63,31.5,49.64,2739.62,2.7396,2,0
2022-08-18T13:00:00,227.0,393.0,612.0,15.88,15.927,317.861,37.235,562.03,31.7,49.26,2655.72,2.6557,7,0
2022-08-18T14:00:00,87.0,403.0,480.0,27.3,27.274,291.723,42.034,454.35,31.9,46.1,2172.89,2.1729,7,0
2022-08-18T15:00:00,60.0,311.0,357.0,40.42,40.374,279.821,49.42,339.67,31.9,42.51,1646.47,1.6465,7,0
2022-08-18T16:00:00,781.0,84.0,544.0,53.95,53.893,272.141,58.31,495.35,31.8,47.28,2358.42,2.3584,1,0
2022-08-18T17:00:00,335.0,134.0,262.0,67.53,67.484,265.912,67.917,256.42,31.6,39.61,1256.35,1.2564,8,0
2022-08-18T18:00:00,400.0,41.0,104.0,80.97,80.974,260.024,77.704,125.31,31.3,35.22,623.96,0.624,0,0
2022-08-18T19:00:00,0.0,0.0,0.0,94.3,94.217,0.0,118.3,0.0,31.0,31.0,0.0,0.0,0,0
2022-08-18T20:00:00,0.0,0.0,0.0,107.1,107.011,0.0,131.1,0.0,30.9,30.9,0.0,0.0,0,0
2022-08-18T21:00:00,0.0,0.0,0.0,119.11,119.03,0.0,143.11,0.0,30.7,30.7,0.0,0.0,0,0
2022-08-18T22:00:00,0.0,0.0,0.0,129.76,129.685,0.0,153.76,0.0,30.4,30.4,0.0,0.0,0,0
2022-08-18T23:00:00,0.0,0.0,0.0,137.96,137.9,0.0,161.96,0.0,30.2,30.2,0.0,0.0,8,0
2022-08-19T00:00:00,0.0,0.0,0.0,142.06,142.385,0.0,166.06,0.0,29.9,29.9,0.0,0.0,0,0
2022-08-19T01:00:00,0.0,0.0,0.0,140.77,141.103,0.0,164.77,0.0,29.6,29.6,0.0,0.0,0,0
2022-08-19T02:00:00,0.0,0.0,0.0,134.54,134.844,0.0,158.54,0.0,29.3,29.3,0.0,0.0,0,0
2022-08-19T03:00:00,0.0,0.0,0.0,125.03,125.298,0.0,149.03,0.0,29.0,29.0,0.0,0.0,0,0
2022-08-19T04:00:00,0.0,0.0,0.0,113.65,113.885,0.0,137.65,0.0,28.8,28.8,0.0,0.0,0,0
2022-08-19T05:00:00,0.0,0.0,0.0,101.22,101.431,0.0,125.22,0.0,28.7,28.7,0.0,0.0,0,0
2022-08-19T06:00:00,147.0,14.0,20.0,87.91,88.382,102.983,82.84,31.89,29.0,30.0,161.79,0.1618,0,0
2022-08-19T07:00:00,586.0,53.0,207.0,74.76,74.994,96.969,73.277,221.12,29.2,36.11,1097.42,1.0974,0,0
2022-08-19T08:00:00,749.0,73.0,433.0,61.23,61.434,90.988,63.523,407.52,29.4,42.13,1978.12,1.9781,0,0
2022-08-19T09:00:00,829.0,86.0,645.0,47.66,47.854,84.224,54.194,572.86,29.6,47.5,2725.13,2.7251,0,0
2022-08-19T10:00:00,871.0,97.0,816.0,34.29,34.477,75.055,45.919,705.79,29.8,51.86,3301.96,3.302,0,0
2022-08-19T11:00:00,891.0,104.0,932.0,21.72,21.921,58.676,39.607,794.02,30.0,54.81,3672.28,3.6723,0,0
2022-08-19T12:00:00,898.0,108.0,984.0,12.89,13.089,17.784,36.474,833.94,30.2,56.26,3835.11,3.8351,0,0
2022-08-19T13:00:00,906.0,99.0,969.0,16.17,16.228,318.469,37.57,821.2,30.4,56.06,3779.47,3.7795,0,0
2022-08-19T14:00:00,434.0,303.0,688.0,27.51,27.493,292.3,42.357,616.56,30.5,49.77,2907.77,2.9078,8,0
2022-08-19T15:00:00,2.0,268.0,269.0,40.61,40.561,280.267,49.734,260.03,30.6,38.73,1278.24,1.2782,3,0
2022-08-19T16:00:00,794.0,80.0,546.0,54.12,54.07,272.506,58.6,494.94,30.5,45.97,2368.21,2.3682,0,0
2022-08-19T17:00:00,679.0,65.0,323.0,67.7,67.662,266.231,68.199,317.16,30.3,40.21,1550.52,1.5505,0,0
2022-08-19T18:00:00,412.0,39.0,103.0,81.15,81.161,260.317,77.986,123.96,29.9,33.77,620.44,0.6204,0,0
2022-08-19T19:00:00,0.0,0.0,0.0,94.5,94.418,0.0,118.5,0.0,29.8,29.8,0.0,0.0,0,0
2022-08-19T20:00:00,0.0,0.0,0.0,107.32,107.235,0.0,131.32,0.0,29.8,29.8,0.0,0.0,0,0
2022-08-19T21:00:00,0.0,0.0,0.0,119.36,119.284,0.0,143.36,0.0,29.8,29.8,0.0,0.0,0,0
2022-08-19T22:00:00,0.0,0.0,0.0,130.04,129.976,0.0,154.04,0.0,29.7,29.7,0.0,0.0,0,0
2022-08-19T23:00:00,0.0,0.0,0.0,138.28,138.229,0.0,162.28,0.0,29.7,29.7,0.0,0.0,0,0
2022-08-20T00:00:00,0.0,0.0,0.0,142.4,142.733,0.0,166.4,0.0,29.6,29.6,0.0,0.0,0,0
2022-08-20T01:00:00,0.0,0.0,0.0,141.07,141.418,0.0,165.07,0.0,29.6,29.6,0.0,0.0,0,0
2022-08-20T02:00:00,0.0,0.0,0.0,134.78,135.097,0.0,158.78,0.0,29.6,29.6,0.0,0.0,0,0
2022-08-20T03:00:00,0.0,0.0,0.0,125.22,125.492,0.0,149.22,0.0,29.5,29.5,0.0,0.0,0,0
2022-08-20T04:00:00,0.0,0.0,0.0,113.79,114.034,0.0,137.79,0.0,29.5,29.5,0.0,0.0,3,0
2022-08-20T05:00:00,0.0,0.0,0.0,101.33,101.548,0.0,125.33,0.0,29.5,29.5,0.0,0.0,0,0
2022-08-20T06:00:00,0.0,12.0,12.0,87.99,88.477,102.648,83.048,11.59,29.6,29.96,58.78,0.0588,8,1
2022-08-20T07:00:00,58.0,113.0,128.0,74.83,75.075,96.618,73.483,125.71,29.9,33.83,629.08,0.6291,7,0
2022-08-20T08:00:00,349.0,172.0,340.0,61.3,61.51,90.601,63.74,321.92,30.0,40.06,1574.69,1.5747,7,0
2022-08-20T09:00:00,783.0,104.0,631.0,47.73,47.934,83.766,54.423,560.5,30.2,47.72,2664.19,2.6642,0,0
2022-08-20T10:00:00,853.0,104.0,808.0,34.38,34.58,74.467,46.175,697.15,30.5,52.29,3256.13,3.2561,0,0
2022-08-20T11:00:00,879.0,110.0,926.0,21.87,22.088,57.858,39.898,787.61,30.7,55.31,3635.55,3.6355,0,1
2022-08-20T12:00:00,888.0,113.0,977.0,13.19,13.404,17.128,36.798,827.63,30.9,56.76,3798.56,3.7986,0,0
2022-08-20T13:00:00,880.0,116.0,960.0,16.47,16.535,319.055,37.912,813.57,31.0,56.42,3739.02,3.739,0,0
2022-08-20T14:00:00,860.0,113.0,874.0,27.73,27.72,292.873,42.687,747.83,31.1,54.47,3463.29,3.4633,0,0
2022-08-20T15:00:00,819.0,107.0,727.0,40.79,40.754,280.713,50.039,634.67,31.1,50.93,2979.81,2.9798,0,0
2022-08-20T16:00:00,747.0,97.0,533.0,54.3,54.252,272.873,58.9,483.27,30.9,46.0,2312.03,2.312,0,0
2022-08-20T17:00:00,59.0,164.0,187.0,67.88,67.844,266.552,68.49,180.16,30.6,36.23,893.74,0.8937,8,0
2022-08-20T18:00:00,29.0,68.0,72.0,81.33,81.352,260.612,78.27,71.58,30.2,32.44,359.99,0.36,7,7
2022-08-20T19:00:00,0.0,0.0,0.0,94.7,94.624,0.0,118.7,0.0,30.0,30.0,0.0,0.0,6,0
2022-08-20T20:00:00,0.0,0.0,0.0,107.54,107.462,0.0,131.54,0.0,29.9,29.9,0.0,0.0,0,0
2022-08-20T21:00:00,0.0,0.0,0.0,119.61,119.542,0.0,143.61,0.0,29.8,29.8,0.0,0.0,0,0
2022-08-20T22:00:00,0.0,0.0,0.0,130.33,130.271,0.0,154.33,0.0,29.7,29.7,0.0,0.0,0,0
2022-08-20T23:00:00,0.0,0.0,0.0,138.6,138.562,0.0,162.6,0.0,29.6,29.6,0.0,0.0,0,0
2022-08-21T00:00:00,0.0,0.0,0.0,142.73,143.085,0.0,166.73,0.0,29.5,29.5,0.0,0.0,0,0
2022-08-21T01:00:00,0.0,0.0,0.0,141.38,141.735,0.0,165.38,0.0,29.3,29.3,0.0,0.0,0,0
2022-08-21T02:00:00,0.0,0.0,0.0,135.02,135.35,0.0,159.02,0.0,29.2,29.2,0.0,0.0,0,0
2022-08-21T03:00:00,0.0,0.0,0.0,125.4,125.686,0.0,149.4,0.0,29.2,29.2,0.0,0.0,0,0
2022-08-21T04:00:00,0.0,0.0,0.0,113.93,114.183,0.0,137.93,0.0,29.1,29.1,0.0,0.0,0,0
2022-08-21T05:00:00,0.0,0.0,0.0,101.44,101.664,0.0,125.44,0.0,29.1,29.1,0.0,0.0,0,0
2022-08-21T06:00:00,62.0,14.0,16.0,88.08,88.572,102.308,83.266,20.8,29.3,29.95,105.56,0.1056,0,0
2022-08-21T07:00:00,517.0,62.0,197.0,74.9,75.156,96.263,73.691,206.21,29.6,36.04,1023.65,1.0237,0,0
2022-08-21T08:00:00,697.0,88.0,422.0,61.37,61.586,90.209,63.958,393.85,29.8,42.11,1911.96,1.912,0,0
2022-08-21T09:00:00,784.0,106.0,633.0,47.81,48.015,83.305,54.662,560.35,30.0,47.51,2665.54,2.6655,0,0
2022-08-21T10:00:00,805.0,135.0,799.0,34.48,34.684,73.875,46.441,690.8,30.2,51.79,3232.69,3.2327,0,0
2022-08-21T11:00:00,22.0,358.0,378.0,22.03,22.259,57.041,40.196,362.6,30.5,41.83,1762.06,1.7621,7,7
2022-08-21T12:00:00,845.0,147.0,969.0,13.5,13.723,16.488,37.131,822.71,30.6,56.31,3782.71,3.7827,0,0
2022-08-21T13:00:00,895.0,108.0,965.0,16.77,16.847,319.622,38.252,814.51,30.8,56.25,3745.86,3.7459,1,0
2022-08-21T14:00:00,876.0,105.0,879.0,27.96,27.952,293.441,43.025,748.46,30.8,54.19,3470.02,3.47,0,0
2022-08-21T15:00:00,838.0,99.0,731.0,40.98,40.952,281.159,50.354,635.73,30.8,50.67,2987.83,2.9878,0,0
2022-08-21T16:00:00,769.0,89.0,536.0,54.48,54.439,273.242,59.2,483.54,30.6,45.71,2315.91,2.3159,0,0
2022-08-21T17:00:00,639.0,73.0,312.0,68.06,68.031,266.874,68.783,303.8,30.3,39.79,1487.52,1.4875,0,0
2022-08-21T18:00:00,348.0,43.0,94.0,81.52,81.547,260.91,78.564,110.95,29.9,33.37,556.15,0.5562,0,0
2022-08-21T19:00:00,0.0,0.0,0.0,94.91,94.833,0.0,118.91,0.0,29.6,29.6,0.0,0.0,0,0
2022-08-21T20:00:00,0.0,0.0,0.0,107.77,107.693,0.0,131.77,0.0,29.5,29.5,0.0,0.0,0,0
2022-08-21T21:00:00,0.0,0.0,0.0,119.87,119.802,0.0,143.87,0.0,29.4,29.4,0.0,0.0,2,0
2022-08-21T22:00:00,0.0,0.0,0.0,130.62,130.57,0.0,154.62,0.0,29.3,29.3,0.0,0.0,5,0
2022-08-21T23:00:00,0.0,0.0,0.0,138.92,138.899,0.0,162.92,0.0,29.3,29.3,0.0,0.0,0,0
2022-08-22T00:00:00,0.0,0.0,0.0,143.07,143.44,0.0,167.07,0.0,29.2,29.2,0.0,0.0,1,0
2022-08-22T01:00:00,0.0,0.0,0.0,141.68,142.054,0.0,165.68,0.0,29.2,29.2,0.0,0.0,1,0
2022-08-22T02:00:00,0.0,0.0,0.0,135.26,135.604,0.0,159.26,0.0,29.2,29.2,0.0,0.0,0,0
2022-08-22T03:00:00,0.0,0.0,0.0,125.58,125.879,0.0,149.58,0.0,29.2,29.2,0.0,0.0,1,0
2022-08-22T04:00:00,0.0,0.0,0.0,114.07,114.33,0.0,138.07,0.0,29.2,29.2,0.0,0.0,1,0
2022-08-22T05:00:00,0.0,0.0,0.0,101.55,101.78,0.0,125.55,0.0,29.3,29.3,0.0,0.0,0,0
2022-08-22T06:00:00,0.0,10.0,10.0,88.16,88.666,101.964,83.477,9.65,29.6,29.9,49.0,0.049,7,7
2022-08-22T07:00:00,474.0,68.0,191.0,74.98,75.237,95.904,73.909,198.09,30.0,36.19,982.81,0.9828,0,0
2022-08-22T08:00:00,669.0,95.0,414.0,61.44,61.662,89.814,64.177,385.88,30.2,42.26,1872.22,1.8722,1,0
2022-08-22T09:00:00,768.0,111.0,626.0,47.88,48.097,82.839,54.894,553.28,30.4,47.69,2630.13,2.6301,0,0
2022-08-22T10:00:00,849.0,106.0,805.0,34.57,34.791,73.278,46.698,690.66,30.6,52.18,3227.07,3.2271,0,0
2022-08-22T11:00:00,877.0,111.0,923.0,22.2,22.434,56.225,40.502,781.04,30.9,55.31,3605.29,3.6053,0,0
2022-08-22T12:00:00,390.0,332.0,711.0,13.81,14.046,15.864,37.463,633.36,31.0,50.79,2975.26,2.9753,8,0
2022-08-22T13:00:00,888.0,110.0,959.0,17.07,17.166,320.169,38.591,807.61,31.0,56.24,3714.35,3.7143,0,0
2022-08-22T14:00:00,356.0,337.0,651.0,28.19,28.19,294.003,43.362,586.88,31.1,49.44,2771.28,2.7713,7,7
2022-08-22T15:00:00,826.0,102.0,724.0,41.18,41.155,281.605,50.676,627.29,31.0,50.6,2948.91,2.9489,0,0
2022-08-22T16:00:00,566.0,157.0,485.0,54.66,54.63,273.611,59.501,441.66,31.0,44.8,2122.58,2.1226,8,0
2022-08-22T17:00:00,623.0,75.0,306.0,68.25,68.222,267.199,69.085,296.8,30.8,40.08,1451.76,1.4518,0,0
2022-08-22T18:00:00,13.0,59.0,61.0,81.71,81.745,261.209,78.859,59.49,30.4,32.26,299.38,0.2994,8,7
2022-08-22T19:00:00,0.0,0.0,0.0,95.12,95.046,0.0,119.12,0.0,30.3,30.3,0.0,0.0,0,0
2022-08-22T20:00:00,0.0,0.0,0.0,107.99,107.927,0.0,131.99,0.0,30.2,30.2,0.0,0.0,0,0
2022-08-22T21:00:00,0.0,0.0,0.0,120.12,120.067,0.0,144.12,0.0,30.1,30.1,0.0,0.0,7,0
2022-08-22T22:00:00,0.0,0.0,0.0,130.91,130.872,0.0,154.91,0.0,29.9,29.9,0.0,0.0,0,0
2022-08-22T23:00:00,0.0,0.0,0.0,139.25,139.241,0.0,163.25,0.0,29.7,29.7,0.0,0.0,0,0
2022-08-23T00:00:00,0.0,0.0,0.0,143.41,143.799,0.0,167.41,0.0,29.6,29.6,0.0,0.0,0,0
2022-08-23T01:00:00,0.0,0.0,0.0,141.98,142.376,0.0,165.98,0.0,29.4,29.4,0.0,0.0,7,0
2022-08-23T02:00:00,0.0,0.0,0.0,135.51,135.858,0.0,159.51,0.0,29.3,29.3,0.0,0.0,0,0
2022-08-23T03:00:00,0.0,0.0,0.0,125.77,126.071,0.0,149.77,0.0,29.2,29.2,0.0,0.0,0,0
2022-08-23T04:00:00,0.0,0.0,0.0,114.21,114.477,0.0,138.21,0.0,29.1,29.1,0.0,0.0,0,0
2022-08-23T05:00:00,0.0,0.0,0.0,101.66,101.895,0.0,125.66,0.0,29.1,29.1,0.0,0.0,0,0
2022-08-23T06:00:00,70.0,13.0,15.0,88.24,88.759,101.616,83.689,20.26,29.3,29.93,102.82,0.1028,0,0
2022-08-23T07:00:00,526.0,59.0,194.0,75.05,75.318,95.541,74.12,202.05,29.6,35.91,1003.49,1.0035,0,0
2022-08-23T08:00:00,713.0,80.0,420.0,61.51,61.738,89.414,64.398,388.27,29.8,41.93,1886.09,1.8861,0,0
2022-08-23T09:00:00,1.0,212.0,213.0,47.96,48.181,82.368,55.135,205.25,30.0,36.41,1017.51,1.0175,3,0
2022-08-23T10:00:00,871.0,92.0,808.0,34.67,34.901,72.678,46.965,689.42,30.2,51.74,3226.77,3.2268,1,0
2022-08-23T11:00:00,898.0,95.0,926.0,22.37,22.614,55.411,40.807,778.61,30.5,54.83,3600.77,3.6008,0,0
2022-08-23T12:00:00,450.0,317.0,753.0,14.12,14.374,15.255,37.794,665.4,30.7,51.49,3117.37,3.1174,7,0
2022-08-23T13:00:00,470.0,269.0,717.0,17.38,17.49,320.697,38.938,629.15,30.8,50.46,2959.25,2.9593,7,0
2022-08-23T14:00:00,13.0,318.0,329.0,28.42,28.435,294.561,43.699,316.5,30.9,40.79,1543.99,1.544,6,0
2022-08-23T15:00:00,496.0,204.0,576.0,41.38,41.363,282.05,50.998,512.31,30.9,46.91,2442.6,2.4426,7,0
2022-08-23T16:00:00,36.0,206.0,226.0,54.85,54.825,273.981,59.811,217.15,30.7,37.49,1072.32,1.0723,6,0
2022-08-23T17:00:00,666.0,64.0,309.0,68.44,68.416,267.525,69.388,298.37,30.4,39.72,1461.29,1.4613,0,0
2022-08-23T18:00:00,382.0,37.0,91.0,81.91,81.947,261.51,79.163,108.01,29.8,33.18,541.77,0.5418,0,0
2022-08-23T19:00:00,0.0,0.0,0.0,95.33,95.262,0.0,119.33,0.0,29.4,29.4,0.0,0.0,0,0
2022-08-23T20:00:00,0.0,0.0,0.0,108.22,108.165,0.0,132.22,0.0,29.2,29.2,0.0,0.0,0,0
2022-08-23T21:00:00,0.0,0.0,0.0,120.38,120.334,0.0,144.38,0.0,28.9,28.9,0.0,0.0,0,0
2022-08-23T22:00:00,0.0,0.0,0.0,131.21,131.178,0.0,155.21,0.0,28.8,28.8,0.0,0.0,0,0
2022-08-23T23:00:00,0.0,0.0,0.0,139.59,139.586,0.0,163.59,0.0,28.7,28.7,0.0,0.0,0,0
2022-08-24T00:00:00,0.0,0.0,0.0,143.76,144.162,0.0,167.76,0.0,28.6,28.6,0.0,0.0,0,0
2022-08-24T01:00:00,0.0,0.0,0.0,142.29,142.699,0.0,166.29,0.0,28.5,28.5,0.0,0.0,0,0
2022-08-24T02:00:00,0.0,0.0,0.0,135.75,136.113,0.0,159.75,0.0,28.4,28.4,0.0,0.0,0,0
2022-08-24T03:00:00,0.0,0.0,0.0,125.95,126.263,0.0,149.95,0.0,28.4,28.4,0.0,0.0,0,0
2022-08-24T04:00:00,0.0,0.0,0.0,114.35,114.623,0.0,138.35,0.0,28.4,28.4,0.0,0.0,7,0
2022-08-24T05:00:00,0.0,0.0,0.0,101.76,102.009,0.0,125.76,0.0,28.4,28.4,0.0,0.0,0,0
2022-08-24T06:00:00,116.0,12.0,16.0,88.32,88.852,101.265,83.904,23.94,28.7,29.45,121.69,0.1217,0,0
2022-08-24T07:00:00,575.0,51.0,199.0,75.13,75.398,95.175,74.342,205.71,29.1,35.53,1023.08,1.0231,0,0
2022-08-24T08:00:00,746.0,70.0,425.0,61.58,61.815,89.011,64.621,390.39,29.3,41.5,1899.46,1.8995,0,0
2022-08-24T09:00:00,830.0,82.0,637.0,48.04,48.265,81.894,55.378,555.53,29.5,46.86,2649.16,2.6492,0,0
2022-08-24T10:00:00,874.0,91.0,809.0,34.78,35.013,72.074,47.24,687.44,29.7,51.18,3224.49,3.2245,1,0
2022-08-24T11:00:00,899.0,96.0,927.0,22.54,22.798,54.599,41.111,777.21,29.9,54.19,3603.32,3.6033,1,0
2022-08-24T12:00:00,909.0,98.0,979.0,14.44,14.706,14.662,38.135,817.21,30.1,55.64,3767.37,3.7674,0,0
2022-08-24T13:00:00,899.0,102.0,958.0,17.7,17.819,321.207,39.293,801.62,30.2,55.25,3701.12,3.7011,0,0
2022-08-24T14:00:00,882.0,98.0,872.0,28.66,28.685,295.113,44.042,735.31,30.2,53.18,3422.48,3.4225,0,0
2022-08-24T15:00:00,847.0,91.0,724.0,41.59,41.577,282.494,51.329,622.57,30.2,49.66,2937.37,2.9374,1,0
2022-08-24T16:00:00,784.0,80.0,529.0,55.05,55.026,274.352,60.13,471.58,30.1,44.84,2266.03,2.266,0,0
2022-08-24T17:00:00,664.0,64.0,306.0,68.63,68.615,267.852,69.691,294.34,30.0,39.2,1444.38,1.4444,1,0
2022-08-24T18:00:00,384.0,36.0,89.0,82.1,82.153,261.813,79.459,105.46,29.7,33.0,529.33,0.5293,0,0
2022-08-24T19:00:00,0.0,0.0,0.0,95.54,95.482,0.0,119.54,0.0,29.6,29.6,0.0,0.0,0,0
2022-08-24T20:00:00,0.0,0.0,0.0,108.46,108.406,0.0,132.46,0.0,29.5,29.5,0.0,0.0,0,0
2022-08-24T21:00:00,0.0,0.0,0.0,120.65,120.605,0.0,144.65,0.0,29.4,29.4,0.0,0.0,0,0
2022-08-24T22:00:00,0.0,0.0,0.0,131.51,131.487,0.0,155.51,0.0,29.3,29.3,0.0,0.0,0,0
2022-08-24T23:00:00,0.0,0.0,0.0,139.92,139.934,0.0,163.92,0.0,29.2,29.2,0.0,0.0,0,0
2022-08-25T00:00:00,0.0,0.0,0.0,144.11,144.528,0.0,168.11,0.0,29.1,29.1,0.0,0.0,0,0
2022-08-25T01:00:00,0.0,0.0,0.0,142.6,143.024,0.0,166.6,0.0,29.0,29.0,0.0,0.0,0,0
2022-08-25T02:00:00,0.0,0.0,0.0,135.99,136.367,0.0,159.99,0.0,28.9,28.9,0.0,0.0,0,0
2022-08-25T03:00:00,0.0,0.0,0.0,126.13,126.454,0.0,150.13,0.0,28.8,28.8,0.0,0.0,0,0
2022-08-25T04:00:00,0.0,0.0,0.0,114.48,114.768,0.0,138.48,0.0,28.8,28.8,0.0,0.0,1,0
2022-08-25T05:00:00,0.0,0.0,0.0,101.87,102.122,0.0,125.87,0.0,28.8,28.8,0.0,0.0,0,0
2022-08-25T06:00:00,96.0,12.0,15.0,88.39,88.944,100.909,84.11,21.46,29.0,29.67,109.01,0.109,0,0
2022-08-25T07:00:00,556.0,54.0,196.0,75.2,75.479,94.805,74.556,201.42,29.4,35.69,1001.17,1.0012,0,0
2022-08-25T08:00:00,732.0,76.0,424.0,61.65,61.893,88.604,64.844,387.54,29.6,41.71,1884.11,1.8841,0,0
2022-08-25T09:00:00,817.0,90.0,636.0,48.11,48.351,81.416,55.613,553.04,29.8,47.08,2635.02,2.635,0,0
2022-08-25T10:00:00,885.0,88.0,813.0,34.88,35.128,71.467,47.507,689.04,30.1,51.63,3226.38,3.2264,0,0
2022-08-25T11:00:00,910.0,92.0,931.0,22.71,22.987,53.789,41.414,778.53,30.5,54.83,3600.43,3.6004,0,0
2022-08-25T12:00:00,917.0,95.0,982.0,14.76,15.041,14.083,38.474,817.29,30.7,56.24,3758.84,3.7588,0,0
2022-08-25T13:00:00,878.0,119.0,954.0,18.02,18.153,321.698,39.647,798.16,31.0,55.94,3675.14,3.6751,0,0
2022-08-25T14:00:00,860.0,114.0,867.0,28.91,28.941,295.658,44.393,731.09,31.1,53.95,3392.68,3.3927,0,0
2022-08-25T15:00:00,822.0,105.0,718.0,41.8,41.796,282.938,51.66,616.58,31.2,50.47,2900.06,2.9001,0,0
2022-08-25T16:00:00,754.0,93.0,522.0,55.25,55.23,274.724,60.449,465.36,31.1,45.64,2229.4,2.2294,0,0
2022-08-25T17:00:00,625.0,73.0,299.0,68.83,68.818,268.18,70.004,286.15,30.9,39.84,1400.86,1.4009,0,0
2022-08-25T18:00:00,332.0,39.0,84.0,82.31,82.362,262.117,79.774,96.98,30.4,33.43,485.99,0.486,0,0
2022-08-25T19:00:00,0.0,0.0,0.0,95.76,95.705,0.0,119.76,0.0,30.2,30.2,0.0,0.0,0,0
2022-08-25T20:00:00,0.0,0.0,0.0,108.7,108.65,0.0,132.7,0.0,30.1,30.1,0.0,0.0,0,0
2022-08-25T21:00:00,0.0,0.0,0.0,120.91,120.879,0.0,144.91,0.0,30.0,30.0,0.0,0.0,0,0
2022-08-25T22:00:00,0.0,0.0,0.0,131.81,131.8,0.0,155.81,0.0,29.8,29.8,0.0,0.0,0,0
2022-08-25T23:00:00,0.0,0.0,0.0,140.26,140.287,0.0,164.26,0.0,29.6,29.6,0.0,0.0,0,0
2022-08-26T00:00:00,0.0,0.0,0.0,144.46,144.897,0.0,168.46,0.0,29.4,29.4,0.0,0.0,0,0
2022-08-26T01:00:00,0.0,0.0,0.0,142.91,143.35,0.0,166.91,0.0,29.2,29.2,0.0,0.0,0,0
2022-08-26T02:00:00,0.0,0.0,0.0,136.23,136.621,0.0,160.23,0.0,29.1,29.1,0.0,0.0,0,0
2022-08-26T03:00:00,0.0,0.0,0.0,126.31,126.645,0.0,150.31,0.0,28.9,28.9,0.0,0.0,0,0
2022-08-26T04:00:00,0.0,0.0,0.0,114.62,114.912,0.0,138.62,0.0,28.9,28.9,0.0,0.0,0,0
2022-08-26T05:00:00,0.0,0.0,0.0,101.97,102.234,0.0,125.97,0.0,29.0,29.0,0.0,0.0,0,0
2022-08-26T06:00:00,98.0,12.0,15.0,88.47,89.036,100.55,84.328,21.3,29.2,29.87,108.1,0.1081,0,0
2022-08-26T07:00:00,209.0,110.0,163.0,75.27,75.559,94.431,74.771,161.55,29.6,34.65,806.05,0.806,7,0
2022-08-26T08:00:00,306.0,176.0,321.0,61.72,61.97,88.193,65.069,300.15,29.8,39.18,1473.0,1.473,7,0
2022-08-26T09:00:00,370.0,241.0,488.0,48.19,48.438,80.934,55.857,442.47,30.1,43.93,2133.43,2.1334,7,0
2022-08-26T10:00:00,91.0,356.0,431.0,34.99,35.246,70.857,47.783,405.48,30.3,42.97,1962.12,1.9621,7,0
2022-08-26T11:00:00,525.0,270.0,753.0,22.9,23.18,52.983,41.733,656.62,30.6,51.12,3080.68,3.0807,7,0
2022-08-26T12:00:00,886.0,47.0,903.0,15.08,15.381,13.518,38.813,743.14,30.8,54.02,3447.6,3.4476,7,0
2022-08-26T13:00:00,912.0,93.0,959.0,18.34,18.492,322.173,39.999,795.91,30.9,55.77,3667.25,3.6672,1,0
2022-08-26T14:00:00,893.0,91.0,871.0,29.16,29.203,296.198,44.743,728.87,31.0,53.78,3384.62,3.3846,0,0
2022-08-26T15:00:00,349.0,266.0,526.0,42.01,42.019,283.38,51.99,473.96,31.0,45.81,2269.15,2.2692,8,0
2022-08-26T16:00:00,790.0,77.0,525.0,55.45,55.439,275.096,60.769,464.0,30.9,45.4,2224.89,2.2249,0,0
2022-08-26T17:00:00,665.0,62.0,300.0,69.02,69.024,268.51,70.308,285.99,30.7,39.64,1401.14,1.4011,0,0
2022-08-26T18:00:00,374.0,34.0,83.0,82.51,82.574,262.424,80.081,97.67,30.3,33.35,489.6,0.4896,0,0
2022-08-26T19:00:00,0.0,0.0,0.0,95.97,95.93,0.0,119.97,0.0,30.0,30.0,0.0,0.0,0,0
2022-08-26T20:00:00,0.0,0.0,0.0,108.93,108.897,0.0,132.93,0.0,29.9,29.9,0.0,0.0,0,0
2022-08-26T21:00:00,0.0,0.0,0.0,121.18,121.155,0.0,145.18,0.0,29.8,29.8,0.0,0.0,7,0
2022-08-26T22:00:00,0.0,0.0,0.0,132.12,132.115,0.0,156.12,0.0,29.6,29.6,0.0,0.0,0,0
2022-08-26T23:00:00,0.0,0.0,0.0,140.61,140.643,0.0,164.61,0.0,29.5,29.5,0.0,0.0,0,0
2022-08-27T00:00:00,0.0,0.0,0.0,144.81,145.269,0.0,168.81,0.0,29.5,29.5,0.0,0.0,0,0
2022-08-27T01:00:00,0.0,0.0,0.0,143.22,143.678,0.0,167.22,0.0,29.4,29.4,0.0,0.0,0,0
2022-08-27T02:00:00,0.0,0.0,0.0,136.47,136.876,0.0,160.47,0.0,29.3,29.3,0.0,0.0,0,0
2022-08-27T03:00:00,0.0,0.0,0.0,126.49,126.834,0.0,150.49,0.0,29.3,29.3,0.0,0.0,0,0
2022-08-27T04:00:00,0.0,0.0,0.0,114.76,115.055,0.0,138.76,0.0,29.2,29.2,0.0,0.0,7,0
2022-08-27T05:00:00,0.0,0.0,0.0,102.08,102.346,0.0,126.08,0.0,29.3,29.3,0.0,0.0,0,0
2022-08-27T06:00:00,54.0,11.0,13.0,88.55,89.127,100.187,84.547,15.77,29.4,29.89,80.03,0.08,0,0
2022-08-27T07:00:00,498.0,62.0,188.0,75.35,75.639,94.054,74.997,189.86,29.7,35.63,943.91,0.9439,0,0
2022-08-27T08:00:00,687.0,88.0,412.0,61.79,62.049,87.779,65.295,374.89,29.7,41.42,1824.6,1.8246,0,0
2022-08-27T09:00:00,779.0,104.0,623.0,48.28,48.527,80.449,56.111,539.25,29.8,46.65,2573.53,2.5735,0,0
2022-08-27T10:00:00,835.0,112.0,795.0,35.1,35.366,70.245,48.059,672.12,30.0,51.0,3154.78,3.1548,1,0
2022-08-27T11:00:00,861.0,119.0,911.0,23.08,23.378,52.181,42.042,761.16,30.3,54.09,3530.31,3.5303,1,0
2022-08-27T12:00:00,65.0,410.0,473.0,15.41,15.725,12.968,39.161,446.77,30.5,44.46,2149.85,2.1498,8,7
2022-08-27T13:00:00,159.0,409.0,559.0,18.67,18.836,322.63,40.36,517.31,30.6,46.77,2467.76,2.4678,7,0
2022-08-27T14:00:00,35.0,354.0,385.0,29.41,29.47,296.732,45.092,366.74,30.7,42.16,1779.99,1.78,7,0
2022-08-27T15:00:00,187.0,313.0,452.0,42.23,42.248,283.821,52.329,417.66,30.7,43.75,2015.14,2.0151,8,0
2022-08-27T16:00:00,0.0,128.0,128.0,55.65,55.652,275.469,61.088,123.57,30.6,34.46,616.97,0.617,5,0
2022-08-27T17:00:00,644.0,65.0,294.0,69.23,69.234,268.841,70.631,278.31,30.4,39.1,1366.24,1.3662,7,5
2022-08-27T18:00:00,349.0,35.0,79.0,82.71,82.79,262.731,80.389,92.44,30.1,32.99,464.0,0.464,0,0
2022-08-27T19:00:00,0.0,0.0,0.0,96.2,96.159,0.0,120.2,0.0,29.9,29.9,0.0,0.0,5,0
2022-08-27T20:00:00,0.0,0.0,0.0,109.18,109.146,0.0,133.18,0.0,29.8,29.8,0.0,0.0,4,0
2022-08-27T21:00:00,0.0,0.0,0.0,121.45,121.435,0.0,145.45,0.0,29.6,29.6,0.0,0.0,4,0
2022-08-27T22:00:00,0.0,0.0,0.0,132.42,132.434,0.0,156.42,0.0,29.4,29.4,0.0,0.0,4,0
2022-08-27T23:00:00,0.0,0.0,0.0,140.95,141.002,0.0,164.95,0.0,29.1,29.1,0.0,0.0,5,0
2022-08-28T00:00:00,0.0,0.0,0.0,145.17,145.644,0.0,169.17,0.0,28.9,28.9,0.0,0.0,3,0
2022-08-28T01:00:00,0.0,0.0,0.0,143.54,144.008,0.0,167.54,0.0,28.7,28.7,0.0,0.0,4,0
2022-08-28T02:00:00,0.0,0.0,0.0,136.72,137.13,0.0,160.72,0.0,28.6,28.6,0.0,0.0,4,0
2022-08-28T03:00:00,0.0,0.0,0.0,126.67,127.023,0.0,150.67,0.0,28.5,28.5,0.0,0.0,0,0
2022-08-28T04:00:00,0.0,0.0,0.0,114.89,115.197,0.0,138.89,0.0,28.4,28.4,0.0,0.0,8,0
2022-08-28T05:00:00,0.0,0.0,0.0,102.18,102.456,0.0,126.18,0.0,28.4,28.4,0.0,0.0,8,0
2022-08-28T06:00:00,0.0,7.0,7.0,88.63,89.218,99.821,84.767,6.76,28.7,28.91,34.42,0.0344,7,7
2022-08-28T07:00:00,251.0,108.0,171.0,75.42,75.719,93.674,75.215,168.86,29.2,34.48,843.04,0.843,7,0
2022-08-28T08:00:00,8.0,132.0,136.0,61.86,62.127,87.362,65.522,130.78,29.4,33.49,655.28,0.6553,7,0
2022-08-28T09:00:00,33.0,230.0,252.0,48.36,48.617,79.961,56.357,240.52,29.6,37.12,1189.31,1.1893,8,0
2022-08-28T10:00:00,378.0,300.0,609.0,35.22,35.489,69.63,48.343,543.54,29.8,46.79,2592.7,2.5927,8,0
2022-08-28T11:00:00,887.0,104.0,919.0,23.27,23.581,51.383,42.358,762.89,29.9,53.74,3543.12,3.5431,0,0
2022-08-28T12:00:00,482.0,301.0,765.0,15.74,16.072,12.432,39.508,666.48,30.0,50.83,3130.45,3.1305,8,0
2022-08-28T13:00:00,837.0,74.0,866.0,19.0,19.185,323.072,40.719,712.67,30.1,52.37,3327.49,3.3275,7,0
2022-08-28T14:00:00,462.0,270.0,672.0,29.67,29.743,297.259,45.448,588.26,30.1,48.48,2787.95,2.788,7,0
2022-08-28T15:00:00,494.0,215.0,579.0,42.46,42.481,284.26,52.675,510.24,30.1,46.04,2440.68,2.4407,8,0
2022-08-28T16:00:00,502.0,168.0,450.0,55.86,55.869,275.842,61.417,404.8,30.1,42.75,1960.44,1.9604,7,0
2022-08-28T17:00:00,414.0,117.0,262.0,69.43,69.448,269.173,70.945,249.37,29.9,37.69,1230.46,1.2305,8,0
2022-08-28T18:00:00,3.0,40.0,40.0,82.92,83.009,263.041,80.706,39.1,29.5,30.72,197.87,0.1979,7,7
2022-08-28T19:00:00,0.0,0.0,0.0,96.42,96.391,0.0,120.42,0.0,29.3,29.3,0.0,0.0,7,0
2022-08-28T20:00:00,0.0,0.0,0.0,109.42,109.399,0.0,133.42,0.0,29.2,29.2,0.0,0.0,0,0
2022-08-28T21:00:00,0.0,0.0,0.0,121.72,121.717,0.0,145.72,0.0,29.0,29.0,0.0,0.0,0,0
2022-08-28T22:00:00,0.0,0.0,0.0,132.73,132.755,0.0,156.73,0.0,28.9,28.9,0.0,0.0,0,0
2022-08-28T23:00:00,0.0,0.0,0.0,141.3,141.364,0.0,165.3,0.0,28.8,28.8,0.0,0.0,0,0
2022-08-29T00:00:00,0.0,0.0,0.0,145.53,146.022,0.0,169.53,0.0,28.8,28.8,0.0,0.0,0,0
2022-08-29T01:00:00,0.0,0.0,0.0,143.85,144.338,0.0,167.85,0.0,28.7,28.7,0.0,0.0,0,0
2022-08-29T02:00:00,0.0,0.0,0.0,136.96,137.383,0.0,160.96,0.0,28.8,28.8,0.0,0.0,0,0
2022-08-29T03:00:00,0.0,0.0,0.0,126.85,127.21,0.0,150.85,0.0,28.8,28.8,0.0,0.0,0,0
2022-08-29T04:00:00,0.0,0.0,0.0,115.02,115.337,0.0,139.02,0.0,28.8,28.8,0.0,0.0,8,0
2022-08-29T05:00:00,0.0,0.0,0.0,102.29,102.566,0.0,126.29,0.0,28.8,28.8,0.0,0.0,7,0
2022-08-29T06:00:00,0.0,5.0,5.0,88.7,89.308,99.452,84.98,4.83,29.0,29.15,24.56,0.0246,7,7
2022-08-29T07:00:00,0.0,24.0,24.0,75.49,75.799,93.291,75.434,23.17,29.3,30.02,117.54,0.1175,7,0
2022-08-29T08:00:00,105.0,214.0,264.0,61.94,62.207,86.942,65.759,250.14,29.5,37.32,1235.99,1.236,7,0
2022-08-29T09:00:00,512.0,215.0,555.0,48.44,48.709,79.47,56.604,492.32,29.7,45.09,2363.52,2.3635,8,0
2022-08-29T10:00:00,808.0,132.0,791.0,35.33,35.614,69.013,48.619,667.27,30.0,50.85,3133.85,3.1339,0,0
2022-08-29T11:00:00,676.0,228.0,848.0,23.47,23.788,50.589,42.682,722.42,30.1,52.68,3369.05,3.369,8,7
2022-08-29T12:00:00,850.0,141.0,958.0,16.08,16.423,11.909,39.864,795.62,30.1,54.96,3677.54,3.6775,0,1
2022-08-29T13:00:00,881.0,115.0,947.0,19.34,19.538,323.498,41.087,782.24,30.1,54.55,3621.6,3.6216,1,0
2022-08-29T14:00:00,858.0,113.0,857.0,29.94,30.021,297.779,45.812,713.57,30.0,52.3,3332.63,3.3326,0,0
2022-08-29T15:00:00,815.0,106.0,705.0,42.68,42.719,284.698,53.013,597.84,29.9,48.58,2832.31,2.8323,0,0
2022-08-29T16:00:00,744.0,93.0,508.0,56.07,56.09,276.215,61.745,445.57,29.8,43.72,2150.05,2.15,0,0
2022-08-29T17:00:00,601.0,74.0,283.0,69.64,69.665,269.506,71.269,266.24,29.7,38.02,1312.17,1.3122,0,0
2022-08-29T18:00:00,277.0,38.0,71.0,83.13,83.231,263.351,81.023,80.19,29.5,32.01,403.93,0.4039,0,0
2022-08-29T19:00:00,0.0,0.0,0.0,96.65,96.626,0.0,120.65,0.0,29.4,29.4,0.0,0.0,0,0
2022-08-29T20:00:00,0.0,0.0,0.0,109.67,109.654,0.0,133.67,0.0,29.5,29.5,0.0,0.0,0,0
2022-08-29T21:00:00,0.0,0.0,0.0,122.0,122.001,0.0,146.0,0.0,29.5,29.5,0.0,0.0,0,0
2022-08-29T22:00:00,0.0,0.0,0.0,133.05,133.079,0.0,157.05,0.0,29.4,29.4,0.0,0.0,0,0
2022-08-29T23:00:00,0.0,0.0,0.0,141.65,141.729,0.0,165.65,0.0,29.4,29.4,0.0,0.0,0,0
2022-08-30T00:00:00,0.0,0.0,0.0,145.89,146.403,0.0,169.89,0.0,29.3,29.3,0.0,0.0,0,0
2022-08-30T01:00:00,0.0,0.0,0.0,144.17,144.67,0.0,168.17,0.0,29.2,29.2,0.0,0.0,0,0
2022-08-30T02:00:00,0.0,0.0,0.0,137.2,137.636,0.0,161.2,0.0,29.2,29.2,0.0,0.0,0,0
2022-08-30T03:00:00,0.0,0.0,0.0,127.03,127.396,0.0,151.03,0.0,29.1,29.1,0.0,0.0,0,0
2022-08-30T04:00:00,0.0,0.0,0.0,115.16,115.477,0.0,139.16,0.0,29.1,29.1,0.0,0.0,0,0
2022-08-30T05:00:00,0.0,0.0,0.0,102.39,102.674,0.0,126.39,0.0,29.1,29.1,0.0,0.0,0,0
2022-08-30T06:00:00,48.0,11.0,12.0,88.78,89.397,99.08,85.203,14.64,29.3,29.76,74.35,0.0743,0,0
2022-08-30T07:00:00,0.0,7.0,7.0,75.57,75.879,92.904,75.664,6.76,29.7,29.91,34.3,0.0343,3,0
2022-08-30T08:00:00,716.0,81.0,417.0,62.01,62.287,86.518,65.988,372.47,29.9,41.54,1811.99,1.812,0,0
2022-08-30T09:00:00,8.0,188.0,194.0,48.53,48.802,78.976,56.859,185.92,30.1,35.91,923.4,0.9234,7,0
2022-08-30T10:00:00,865.0,100.0,804.0,35.45,35.743,68.395,48.903,671.22,30.3,51.28,3147.27,3.1473,1,0
2022-08-30T11:00:00,887.0,107.0,919.0,23.66,24.0,49.802,42.996,759.07,30.4,54.12,3520.16,3.5202,0,0
2022-08-30T12:00:00,893.0,111.0,967.0,16.42,16.777,11.399,40.219,796.44,30.5,55.39,3675.19,3.6752,1,0
2022-08-30T13:00:00,887.0,110.0,946.0,19.68,19.895,323.909,41.453,778.23,30.5,54.82,3599.16,3.5992,0,0
2022-08-30T14:00:00,457.0,273.0,668.0,30.2,30.304,298.293,46.165,583.48,30.4,48.63,2763.73,2.7637,8,0
2022-08-30T15:00:00,820.0,102.0,703.0,42.91,42.961,285.134,53.359,593.05,30.3,48.83,2806.9,2.8069,1,0
2022-08-30T16:00:00,744.0,91.0,504.0,56.29,56.315,276.588,62.083,439.76,30.1,43.84,2121.05,2.121,0,0
2022-08-30T17:00:00,599.0,73.0,279.0,69.85,69.886,269.84,71.593,261.4,29.7,37.87,1289.01,1.289,0,0
2022-08-30T18:00:00,264.0,37.0,67.0,83.35,83.456,263.663,81.351,75.68,29.3,31.67,381.68,0.3817,0,0
2022-08-30T19:00:00,0.0,0.0,0.0,96.87,96.863,0.0,120.87,0.0,29.1,29.1,0.0,0.0,0,0
2022-08-30T20:00:00,0.0,0.0,0.0,109.91,109.911,0.0,133.91,0.0,29.0,29.0,0.0,0.0,0,0
2022-08-30T21:00:00,0.0,0.0,0.0,122.27,122.288,0.0,146.27,0.0,28.9,28.9,0.0,0.0,0,0
2022-08-30T22:00:00,0.0,0.0,0.0,133.36,133.405,0.0,157.36,0.0,28.9,28.9,0.0,0.0,0,0
2022-08-30T23:00:00,0.0,0.0,0.0,142.01,142.098,0.0,166.01,0.0,28.8,28.8,0.0,0.0,0,0
2022-08-31T00:00:00,0.0,0.0,0.0,146.25,146.786,0.0,170.25,0.0,28.6,28.6,0.0,0.0,0,0
2022-08-31T01:00:00,0.0,0.0,0.0,144.48,145.002,0.0,168.48,0.0,28.5,28.5,0.0,0.0,0,0
2022-08-31T02:00:00,0.0,0.0,0.0,137.44,137.888,0.0,161.44,0.0,28.4,28.4,0.0,0.0,0,0
2022-08-31T03:00:00,0.0,0.0,0.0,127.2,127.581,0.0,151.2,0.0,28.4,28.4,0.0,0.0,0,0
2022-08-31T04:00:00,0.0,0.0,0.0,115.29,115.615,0.0,139.29,0.0,28.4,28.4,0.0,0.0,0,0
2022-08-31T05:00:00,0.0,0.0,0.0,102.49,102.782,0.0,126.49,0.0,28.4,28.4,0.0,0.0,0,0
2022-08-31T06:00:00,59.0,10.0,12.0,88.85,89.486,98.704,85.419,14.38,28.4,28.85,73.28,0.0733,0,0
2022-08-31T07:00:00,541.0,55.0,190.0,75.64,75.958,92.515,75.885,186.2,28.6,34.42,929.77,0.9298,0,0
2022-08-31T08:00:00,447.0,148.0,357.0,62.08,62.367,86.092,66.218,324.95,28.8,38.95,1596.0,1.596,8,0
2022-08-31T09:00:00,827.0,89.0,636.0,48.61,48.896,78.479,57.107,539.77,28.9,45.77,2584.65,2.5847,0,0
2022-08-31T10:00:00,458.0,278.0,651.0,35.57,35.875,67.775,49.187,570.96,29.1,46.94,2721.85,2.7219,7,0
2022-08-31T11:00:00,891.0,109.0,924.0,23.87,24.216,49.019,43.326,760.45,29.4,53.16,3539.69,3.5397,1,0
2022-08-31T12:00:00,1.0,214.0,215.0,16.76,17.134,10.903,40.574,207.37,29.8,36.28,1028.52,1.0285,7,0
2022-08-31T13:00:00,21.0,367.0,387.0,20.02,20.256,324.305,41.819,370.13,30.0,41.57,1800.45,1.8004,8,0
2022-08-31T14:00:00,246.0,370.0,582.0,30.48,30.591,298.8,46.535,528.26,30.0,46.51,2522.47,2.5225,8,0
2022-08-31T15:00:00,579.0,199.0,621.0,43.15,43.208,285.569,53.713,538.44,30.0,46.83,2567.96,2.568,8,0
2022-08-31T16:00:00,519.0,166.0,453.0,56.51,56.543,276.961,62.42,403.03,29.8,42.39,1954.43,1.9544,8,0
2022-08-31T17:00:00,239.0,141.0,223.0,70.07,70.109,270.174,71.926,210.98,29.5,36.09,1047.15,1.0472,7,0
2022-08-31T18:00:00,8.0,46.0,47.0,83.56,83.684,263.977,81.67,45.58,29.2,30.62,230.71,0.2307,8,7
2022-08-31T19:00:00,0.0,0.0,0.0,97.11,97.102,0.0,121.11,0.0,29.0,29.0,0.0,0.0,7,0
2022-08-31T20:00:00,0.0,0.0,0.0,110.16,110.171,0.0,134.16,0.0,29.0,29.0,0.0,0.0,0,0
2022-08-31T21:00:00,0.0,0.0,0.0,122.55,122.578,0.0,146.55,0.0,28.9,28.9,0.0,0.0,0,0
2022-08-31T22:00:00,0.0,0.0,0.0,133.68,133.734,0.0,157.68,0.0,28.7,28.7,0.0,0.0,0,0
2022-08-31T23:00:00,0.0,0.0,0.0,142.36,142.469,0.0,166.36,0.0,28.6,28.6,0.0,0.0,0,0
2022-09-01T00:00:00,0.0,0.0,0.0,146.62,147.172,0.0,170.62,0.0,28.5,28.5,0.0,0.0,0,0
2022-09-01T01:00:00,0.0,0.0,0.0,144.8,145.335,0.0,168.8,0.0,28.4,28.4,0.0,0.0,0,0
2022-09-01T02:00:00,0.0,0.0,0.0,137.68,138.139,0.0,161.68,0.0,28.3,28.3,0.0,0.0,0,0
2022-09-01T03:00:00,0.0,0.0,0.0,127.38,127.765,0.0,151.38,0.0,28.3,28.3,0.0,0.0,0,0
2022-09-01T04:00:00,0.0,0.0,0.0,115.42,115.752,0.0,139.42,0.0,28.2,28.2,0.0,0.0,0,0
2022-09-01T05:00:00,0.0,0.0,0.0,102.59,102.889,0.0,126.59,0.0,28.2,28.2,0.0,0.0,0,0
2022-09-01T06:00:00,48.0,10.0,11.0,88.93,89.574,98.326,85.644,13.31,28.4,28.82,67.8,0.0678,0,0
2022-09-01T07:00:00,519.0,58.0,187.0,75.72,76.038,92.123,76.117,181.64,28.8,34.48,906.83,0.9068,0,0
2022-09-01T08:00:00,713.0,82.0,415.0,62.16,62.449,85.664,66.457,366.84,29.0,40.46,1791.75,1.7918,0,0
2022-09-01T09:00:00,808.0,96.0,629.0,48.7,48.993,77.98,57.364,533.05,29.3,45.96,2550.62,2.5506,0,0
2022-09-01T10:00:00,867.0,101.0,805.0,35.7,36.01,67.155,49.479,666.91,29.6,50.44,3137.1,3.1371,1,0
2022-09-01T11:00:00,897.0,104.0,923.0,24.07,24.437,48.243,43.645,756.58,30.0,53.64,3515.15,3.5151,0,0
2022-09-01T12:00:00,906.0,106.0,972.0,17.1,17.495,10.42,40.928,794.34,30.3,55.12,3669.31,3.6693,0,0
2022-09-01T13:00:00,906.0,102.0,952.0,20.37,20.62,324.688,42.193,777.06,30.5,54.78,3594.29,3.5943,0,0
2022-09-01T14:00:00,886.0,98.0,860.0,30.76,30.884,299.3,46.904,706.53,30.7,52.78,3293.64,3.2936,0,0
2022-09-01T15:00:00,847.0,92.0,707.0,43.39,43.459,286.001,54.066,591.2,30.8,49.27,2793.42,2.7934,0,0
2022-09-01T16:00:00,774.0,81.0,506.0,56.73,56.776,277.333,62.758,436.17,30.7,44.33,2099.9,2.0999,0,0
2022-09-01T17:00:00,639.0,64.0,280.0,70.28,70.336,270.509,72.251,258.45,30.5,38.58,1271.17,1.2712,0,0
2022-09-01T18:00:00,312.0,32.0,65.0,83.78,83.914,264.291,81.998,74.61,30.1,32.43,375.24,0.3752,0,0
2022-09-01T19:00:00,0.0,0.0,0.0,97.34,97.344,0.0,121.34,0.0,29.9,29.9,0.0,0.0,0,0
2022-09-01T20:00:00,0.0,0.0,0.0,110.42,110.432,0.0,134.42,0.0,29.8,29.8,0.0,0.0,0,0
2022-09-01T21:00:00,0.0,0.0,0.0,122.83,122.869,0.0,146.83,0.0,29.6,29.6,0.0,0.0,0,0
2022-09-01T22:00:00,0.0,0.0,0.0,134.0,134.065,0.0,158.0,0.0,29.4,29.4,0.0,0.0,0,0
2022-09-01T23:00:00,0.0,0.0,0.0,142.72,142.843,0.0,166.72,0.0,29.2,29.2,0.0,0.0,0,0
2022-09-02T00:00:00,0.0,0.0,0.0,146.99,147.56,0.0,170.99,0.0,29.1,29.1,0.0,0.0,0,0
2022-09-02T01:00:00,0.0,0.0,0.0,145.12,145.669,0.0,169.12,0.0,29.0,29.0,0.0,0.0,0,0
2022-09-02T02:00:00,0.0,0.0,0.0,137.92,138.39,0.0,161.92,0.0,28.8,28.8,0.0,0.0,0,0
2022-09-02T03:00:00,0.0,0.0,0.0,127.55,127.947,0.0,151.55,0.0,28.7,28.7,0.0,0.0,0,0
2022-09-02T04:00:00,0.0,0.0,0.0,115.55,115.888,0.0,139.55,0.0,28.6,28.6,0.0,0.0,0,0
2022-09-02T05:00:00,0.0,0.0,0.0,102.69,102.995,0.0,126.69,0.0,28.6,28.6,0.0,0.0,0,0
2022-09-02T06:00:00,0.0,0.0,0.0,89.0,89.662,97.945,85.862,0.0,28.8,28.8,0.0,0.0,0,0
2022-09-02T07:00:00,554.0,52.0,189.0,75.79,76.118,91.729,76.341,182.21,29.3,34.99,907.99,0.908,0,0
2022-09-02T08:00:00,741.0,72.0,417.0,62.23,62.531,85.233,66.688,365.73,29.5,40.93,1783.25,1.7833,0,0
2022-09-02T09:00:00,830.0,84.0,631.0,48.79,49.091,77.479,57.621,530.31,29.7,46.27,2534.5,2.5345,0,0
2022-09-02T10:00:00,877.0,93.0,803.0,35.83,36.147,66.533,49.771,662.33,30.0,50.7,3112.5,3.1125,0,0
2022-09-02T11:00:00,901.0,98.0,920.0,24.29,24.662,47.474,43.98,750.06,30.3,53.74,3483.54,3.4835,0,0
2022-09-02T12:00:00,911.0,101.0,970.0,17.45,17.859,9.949,41.291,789.52,30.5,55.17,3646.33,3.6463,0,0
2022-09-02T13:00:00,9.0,400.0,409.0,20.72,20.989,325.057,42.566,392.87,30.7,42.98,1901.05,1.9011,3,0
2022-09-02T14:00:00,892.0,94.0,859.0,31.04,31.181,299.794,47.272,702.61,30.8,52.76,3275.62,3.2756,0,0
2022-09-02T15:00:00,853.0,89.0,706.0,43.63,43.714,286.43,54.419,587.58,30.8,49.16,2777.52,2.7775,0,0
2022-09-02T16:00:00,783.0,79.0,506.0,56.95,57.011,277.706,63.095,434.27,30.7,44.27,2091.23,2.0912,0,0
2022-09-02T17:00:00,643.0,63.0,278.0,70.5,70.566,270.845,72.585,255.13,30.4,38.37,1255.75,1.2558,0,0
2022-09-02T18:00:00,303.0,31.0,63.0,84.0,84.148,264.607,82.327,70.66,30.0,32.21,355.66,0.3557,0,0
2022-09-02T19:00:00,0.0,0.0,0.0,97.57,97.589,0.0,121.57,0.0,29.8,29.8,0.0,0.0,0,0
2022-09-02T20:00:00,0.0,0.0,0.0,110.67,110.696,0.0,134.67,0.0,29.6,29.6,0.0,0.0,0,0
2022-09-02T21:00:00,0.0,0.0,0.0,123.12,123.162,0.0,147.12,0.0,29.5,29.5,0.0,0.0,0,0
2022-09-02T22:00:00,0.0,0.0,0.0,134.32,134.398,0.0,158.32,0.0,29.4,29.4,0.0,0.0,0,0
2022-09-02T23:00:00,0.0,0.0,0.0,143.08,143.219,0.0,167.08,0.0,29.3,29.3,0.0,0.0,0,0
2022-09-03T00:00:00,0.0,0.0,0.0,147.36,147.951,0.0,171.36,0.0,29.1,29.1,0.0,0.0,0,1
2022-09-03T01:00:00,0.0,0.0,0.0,145.44,146.003,0.0,169.44,0.0,29.0,29.0,0.0,0.0,0,0
2022-09-03T02:00:00,0.0,0.0,0.0,138.16,138.639,0.0,162.16,0.0,28.9,28.9,0.0,0.0,0,0
2022-09-03T03:00:00,0.0,0.0,0.0,127.73,128.128,0.0,151.73,0.0,28.8,28.8,0.0,0.0,0,0
2022-09-03T04:00:00,0.0,0.0,0.0,115.68,116.023,0.0,139.68,0.0,28.8,28.8,0.0,0.0,0,0
2022-09-03T05:00:00,0.0,0.0,0.0,102.79,103.1,0.0,126.79,0.0,28.8,28.8,0.0,0.0,0,0
2022-09-03T06:00:00,0.0,0.0,0.0,89.08,89.75,97.561,86.09,0.0,29.1,29.1,0.0,0.0,0,1
2022-09-03T07:00:00,500.0,61.0,183.0,75.86,76.198,91.332,76.565,176.12,29.5,35.0,877.58,0.8776,0,0
2022-09-03T08:00:00,700.0,86.0,411.0,62.31,62.614,84.799,66.929,360.14,29.8,41.05,1755.19,1.7552,0,0
2022-09-03T09:00:00,797.0,100.0,624.0,48.89,49.191,76.976,57.887,524.76,30.1,46.5,2505.81,2.5058,0,0
2022-09-03T10:00:00,877.0,94.0,804.0,35.96,36.288,65.911,50.062,659.89,30.2,50.82,3099.56,3.0996,0,0
2022-09-03T11:00:00,50.0,381.0,426.0,24.5,24.892,46.712,44.304,404.0,30.4,43.02,1954.52,1.9545,7,0
2022-09-03T12:00:00,250.0,350.0,588.0,17.8,18.226,9.49,41.654,526.75,30.5,46.96,2510.93,2.5109,7,0
2022-09-03T13:00:00,901.0,103.0,944.0,21.07,21.36,325.414,42.939,766.32,30.5,54.45,3549.23,3.5492,0,0
2022-09-03T14:00:00,105.0,384.0,474.0,31.32,31.482,300.28,47.638,442.25,30.6,44.42,2128.44,2.1284,7,0
2022-09-03T15:00:00,314.0,290.0,516.0,43.88,43.973,286.858,54.78,463.01,30.5,44.97,2223.79,2.2238,7,0
2022-09-03T16:00:00,3.0,128.0,129.0,57.18,57.251,278.077,63.441,124.92,30.4,34.3,624.07,0.6241,6,0
2022-09-03T17:00:00,352.0,120.0,236.0,70.73,70.799,271.181,72.928,220.19,30.2,37.08,1088.94,1.0889,8,0
2022-09-03T18:00:00,283.0,31.0,59.0,84.22,84.383,264.923,82.657,66.34,29.8,31.87,334.33,0.3343,0,0
2022-09-03T19:00:00,0.0,0.0,0.0,97.81,97.835,0.0,121.81,0.0,29.7,29.7,0.0,0.0,0,0
2022-09-03T20:00:00,0.0,0.0,0.0,110.93,110.962,0.0,134.93,0.0,29.6,29.6,0.0,0.0,0,0
2022-09-03T21:00:00,0.0,0.0,0.0,123.4,123.457,0.0,147.4,0.0,29.5,29.5,0.0,0.0,0,0
2022-09-03T22:00:00,0.0,0.0,0.0,134.64,134.733,0.0,158.64,0.0,29.3,29.3,0.0,0.0,0,0
2022-09-03T23:00:00,0.0,0.0,0.0,143.45,143.597,0.0,167.45,0.0,29.2,29.2,0.0,0.0,0,0
2022-09-04T00:00:00,0.0,0.0,0.0,147.74,148.343,0.0,171.74,0.0,29.0,29.0,0.0,0.0,0,1
2022-09-04T01:00:00,0.0,0.0,0.0,145.75,146.338,0.0,169.75,0.0,28.8,28.8,0.0,0.0,0,0
2022-09-04T02:00:00,0.0,0.0,0.0,138.39,138.887,0.0,162.39,0.0,28.7,28.7,0.0,0.0,0,0
2022-09-04T03:00:00,0.0,0.0,0.0,127.9,128.308,0.0,151.9,0.0,28.6,28.6,0.0,0.0,0,0
2022-09-04T04:00:00,0.0,0.0,0.0,115.81,116.156,0.0,139.81,0.0,28.6,28.6,0.0,0.0,0,0
2022-09-04T05:00:00,0.0,0.0,0.0,102.89,103.204,0.0,126.89,0.0,28.6,28.6,0.0,0.0,0,0
2022-09-04T06:00:00,0.0,0.0,0.0,89.15,89.837,97.175,86.31,0.0,28.8,28.8,0.0,0.0,0,0
2022-09-04T07:00:00,524.0,57.0,184.0,75.94,76.279,90.933,76.799,175.79,29.2,34.69,876.93,0.8769,1,0
2022-09-04T08:00:00,718.0,79.0,412.0,62.39,62.698,84.364,67.171,357.72,29.3,40.48,1747.11,1.7471,0,0
2022-09-04T09:00:00,815.0,91.0,626.0,48.98,49.292,76.471,58.144,522.63,29.5,45.83,2501.94,2.5019,0,0
2022-09-04T10:00:00,868.0,98.0,799.0,36.09,36.432,65.29,50.352,654.52,29.6,50.05,3083.41,3.0834,0,0
2022-09-04T11:00:00,894.0,102.0,915.0,24.72,25.126,45.957,44.636,741.66,29.7,52.88,3456.07,3.4561,0,0
2022-09-04T12:00:00,810.0,94.0,864.0,18.15,18.596,9.044,42.015,699.21,29.7,51.55,3275.03,3.275,7,0
2022-09-04T13:00:00,901.0,101.0,940.0,21.43,21.735,325.759,43.32,760.27,29.7,53.46,3534.82,3.5348,1,0
2022-09-04T14:00:00,881.0,98.0,848.0,31.61,31.788,300.759,48.012,690.46,29.6,51.18,3238.73,3.2387,0,0
2022-09-04T15:00:00,538.0,210.0,596.0,44.13,44.236,287.283,55.14,513.58,29.5,45.55,2461.26,2.4613,8,0
2022-09-04T16:00:00,516.0,153.0,431.0,57.41,57.493,278.449,63.787,378.03,29.5,41.31,1840.61,1.8406,8,0
2022-09-04T17:00:00,224.0,145.0,218.0,70.95,71.035,271.517,73.262,205.13,29.4,35.81,1019.15,1.0192,7,0
2022-09-04T18:00:00,4.0,36.0,36.0,84.45,84.621,265.241,82.996,35.24,29.2,30.3,178.61,0.1786,8,7
2022-09-04T19:00:00,0.0,0.0,0.0,98.05,98.084,0.0,122.05,0.0,29.2,29.2,0.0,0.0,8,0
2022-09-04T20:00:00,0.0,0.0,0.0,111.18,111.229,0.0,135.18,0.0,29.2,29.2,0.0,0.0,0,0
2022-09-04T21:00:00,0.0,0.0,0.0,123.69,123.753,0.0,147.69,0.0,29.2,29.2,0.0,0.0,2,0
2022-09-04T22:00:00,0.0,0.0,0.0,134.96,135.07,0.0,158.96,0.0,29.2,29.2,0.0,0.0,0,0
2022-09-04T23:00:00,0.0,0.0,0.0,143.81,143.978,0.0,167.81,0.0,29.1,29.1,0.0,0.0,0,0
2022-09-05T00:00:00,0.0,0.0,0.0,148.11,148.738,0.0,172.11,0.0,29.1,29.1,0.0,0.0,0,0
2022-09-05T01:00:00,0.0,0.0,0.0,146.07,146.672,0.0,170.07,0.0,29.0,29.0,0.0,0.0,8,0
2022-09-05T02:00:00,0.0,0.0,0.0,138.63,139.134,0.0,162.63,0.0,29.0,29.0,0.0,0.0,0,0
2022-09-05T03:00:00,0.0,0.0,0.0,128.07,128.486,0.0,152.07,0.0,29.0,29.0,0.0,0.0,0,0
2022-09-05T04:00:00,0.0,0.0,0.0,115.93,116.288,0.0,139.93,0.0,29.0,29.0,0.0,0.0,7,0
2022-09-05T05:00:00,0.0,0.0,0.0,102.99,103.307,0.0,126.99,0.0,29.1,29.1,0.0,0.0,8,0
2022-09-05T06:00:00,0.0,0.0,0.0,89.22,89.924,96.787,86.532,0.0,29.3,29.3,0.0,0.0,7,7
2022-09-05T07:00:00,541.0,53.0,184.0,76.01,76.359,90.532,77.025,173.76,29.8,35.23,865.15,0.8651,0,0
2022-09-05T08:00:00,730.0,75.0,412.0,62.47,62.783,83.927,67.413,355.71,30.1,41.22,1732.54,1.7325,0,0
2022-09-05T09:00:00,823.0,87.0,626.0,49.08,49.396,75.964,58.41,519.77,30.3,46.54,2481.59,2.4816,1,0
2022-09-05T10:00:00,884.0,89.0,802.0,36.23,36.58,64.668,50.65,652.59,30.5,50.89,3064.43,3.0644,0,0
2022-09-05T11:00:00,907.0,95.0,918.0,24.95,25.364,45.21,44.975,740.45,30.7,53.84,3437.59,3.4376,0,0
2022-09-05T12:00:00,916.0,98.0,967.0,18.51,18.968,8.61,42.386,778.69,30.9,55.23,3595.49,3.5955,0,0
2022-09-05T13:00:00,912.0,97.0,944.0,21.79,22.113,326.092,43.7,760.31,31.0,54.76,3517.14,3.5171,0,0
2022-09-05T14:00:00,894.0,93.0,852.0,31.91,32.097,301.232,48.393,689.97,31.1,52.66,3217.92,3.2179,0,0
2022-09-05T15:00:00,855.0,87.0,698.0,44.38,44.503,287.705,55.5,573.55,31.0,48.92,2713.7,2.7137,0,0
2022-09-05T16:00:00,587.0,126.0,441.0,57.65,57.739,278.819,64.142,380.38,30.9,42.79,1841.93,1.8419,8,0
2022-09-05T17:00:00,288.0,122.0,215.0,71.18,71.273,271.854,73.605,199.87,30.7,36.95,988.94,0.9889,8,0
2022-09-05T18:00:00,12.0,40.0,41.0,84.67,84.861,265.56,83.326,40.02,30.3,31.55,201.92,0.2019,7,7
2022-09-05T19:00:00,0.0,0.0,0.0,98.29,98.334,0.0,122.29,0.0,30.0,30.0,0.0,0.0,7,0
2022-09-05T20:00:00,0.0,0.0,0.0,111.44,111.498,0.0,135.44,0.0,29.9,29.9,0.0,0.0,0,0
2022-09-05T21:00:00,0.0,0.0,0.0,123.97,124.051,0.0,147.97,0.0,29.7,29.7,0.0,0.0,0,0
2022-09-05T22:00:00,0.0,0.0,0.0,135.29,135.409,0.0,159.29,0.0,29.4,29.4,0.0,0.0,0,0
2022-09-05T23:00:00,0.0,0.0,0.0,144.18,144.361,0.0,168.18,0.0,29.3,29.3,0.0,0.0,3,0
2022-09-06T00:00:00,0.0,0.0,0.0,148.49,149.134,0.0,172.49,0.0,29.1,29.1,0.0,0.0,0,0
2022-09-06T01:00:00,0.0,0.0,0.0,146.39,147.007,0.0,170.39,0.0,28.9,28.9,0.0,0.0,0,0
2022-09-06T02:00:00,0.0,0.0,0.0,138.87,139.38,0.0,162.87,0.0,28.8,28.8,0.0,0.0,3,0
2022-09-06T03:00:00,0.0,0.0,0.0,128.24,128.662,0.0,152.24,0.0,28.7,28.7,0.0,0.0,3,0
2022-09-06T04:00:00,0.0,0.0,0.0,116.06,116.418,0.0,140.06,0.0,28.7,28.7,0.0,0.0,0,0
2022-09-06T05:00:00,0.0,0.0,0.0,103.09,103.409,0.0,127.09,0.0,28.7,28.7,0.0,0.0,0,0
2022-09-06T06:00:00,0.0,0.0,0.0,89.29,90.01,0.0,113.29,0.0,29.0,29.0,0.0,0.0,0,0
2022-09-06T07:00:00,575.0,48.0,186.0,76.09,76.44,90.129,77.261,174.32,29.4,34.85,869.13,0.8691,0,0
2022-09-06T08:00:00,756.0,67.0,416.0,62.55,62.868,83.488,67.655,355.12,29.7,40.8,1732.35,1.7324,0,0
2022-09-06T09:00:00,843.0,79.0,629.0,49.17,49.502,75.456,58.667,519.39,30.0,46.23,2482.71,2.4827,0,0
2022-09-06T10:00:00,890.0,85.0,802.0,36.37,36.73,64.047,50.947,648.99,30.3,50.58,3051.19,3.0512,0,0
2022-09-06T11:00:00,914.0,90.0,917.0,25.17,25.607,44.471,45.303,736.91,30.6,53.63,3423.93,3.4239,1,0
2022-09-06T12:00:00,266.0,383.0,634.0,18.86,19.344,8.187,42.747,567.26,30.9,48.63,2686.98,2.687,7,7
2022-09-06T13:00:00,382.0,325.0,679.0,22.15,22.494,326.414,44.08,591.24,31.1,49.58,2790.41,2.7904,7,0
2022-09-06T14:00:00,3.0,215.0,218.0,32.2,32.411,301.697,48.765,209.57,31.3,37.85,1033.49,1.0335,6,0
2022-09-06T15:00:00,0.0,91.0,92.0,44.64,44.773,288.125,55.867,87.86,31.3,34.05,439.33,0.4393,6,0
2022-09-06T16:00:00,100.0,232.0,285.0,57.88,57.988,279.189,64.487,267.51,31.1,39.46,1311.43,1.3114,7,0
2022-09-06T17:00:00,240.0,134.0,210.0,71.41,71.513,272.191,73.949,196.38,30.8,36.94,971.7,0.9717,7,0
2022-09-06T18:00:00,294.0,26.0,52.0,84.9,85.104,265.879,83.666,57.76,30.3,32.11,290.84,0.2908,0,0
2022-09-06T19:00:00,0.0,0.0,0.0,98.53,98.586,0.0,122.53,0.0,30.0,30.0,0.0,0.0,0,0
2022-09-06T20:00:00,0.0,0.0,0.0,111.7,111.768,0.0,135.7,0.0,29.8,29.8,0.0,0.0,0,0
2022-09-06T21:00:00,0.0,0.0,0.0,124.26,124.35,0.0,148.26,0.0,29.6,29.6,0.0,0.0,3,0
2022-09-06T22:00:00,0.0,0.0,0.0,135.62,135.748,0.0,159.62,0.0,29.4,29.4,0.0,0.0,0,0
2022-09-06T23:00:00,0.0,0.0,0.0,144.55,144.746,0.0,168.55,0.0,29.2,29.2,0.0,0.0,3,0
2022-09-07T00:00:00,0.0,0.0,0.0,148.87,149.532,0.0,172.87,0.0,29.1,29.1,0.0,0.0,0,0
2022-09-07T01:00:00,0.0,0.0,0.0,146.71,147.341,0.0,170.71,0.0,29.0,29.0,0.0,0.0,0,0
2022-09-07T02:00:00,0.0,0.0,0.0,139.1,139.624,0.0,163.1,0.0,29.0,29.0,0.0,0.0,0,0
2022-09-07T03:00:00,0.0,0.0,0.0,128.41,128.836,0.0,152.41,0.0,28.9,28.9,0.0,0.0,0,0
2022-09-07T04:00:00,0.0,0.0,0.0,116.18,116.548,0.0,140.18,0.0,28.8,28.8,0.0,0.0,0,0
2022-09-07T05:00:00,0.0,0.0,0.0,103.18,103.51,0.0,127.18,0.0,28.8,28.8,0.0,0.0,0,0
2022-09-07T06:00:00,0.0,0.0,0.0,89.37,90.096,0.0,113.37,0.0,28.9,28.9,0.0,0.0,0,0
2022-09-07T07:00:00,555.0,50.0,183.0,76.17,76.521,89.724,77.498,169.56,29.2,34.5,846.48,0.8465,0,0
2022-09-07T08:00:00,737.0,71.0,410.0,62.63,62.955,83.047,67.898,348.78,29.3,40.2,1705.2,1.7052,0,0
2022-09-07T09:00:00,825.0,85.0,623.0,49.27,49.609,74.948,58.933,512.44,29.5,45.51,2456.14,2.4561,0,0
2022-09-07T10:00:00,466.0,319.0,694.0,36.51,36.884,63.428,51.243,602.93,29.8,48.64,2855.78,2.8558,3,0
2022-09-07T11:00:00,265.0,450.0,689.0,25.41,25.854,43.74,45.647,621.76,30.0,49.43,2936.09,2.9361,3,0
2022-09-07T12:00:00,19.0,336.0,354.0,19.22,19.721,7.776,43.117,338.41,30.1,40.68,1651.57,1.6516,7,0
2022-09-07T13:00:00,0.0,65.0,65.0,22.51,22.878,326.725,44.458,62.75,30.1,32.06,316.03,0.316,6,0
2022-09-07T14:00:00,2.0,185.0,187.0,32.5,32.728,302.156,49.144,179.93,30.2,35.82,893.91,0.8939,6,0
2022-09-07T15:00:00,630.0,142.0,588.0,44.9,45.047,288.542,56.234,491.1,30.2,45.55,2353.55,2.3535,8,0
2022-09-07T16:00:00,780.0,73.0,486.0,58.12,58.239,279.559,64.841,405.65,30.1,42.78,1964.33,1.9643,0,0
2022-09-07T17:00:00,639.0,57.0,259.0,71.64,71.757,272.528,74.293,229.77,29.9,37.08,1136.3,1.1363,0,0
2022-09-07T18:00:00,291.0,25.0,50.0,85.13,85.348,266.2,84.006,54.74,29.6,31.31,276.41,0.2764,0,0
2022-09-07T19:00:00,0.0,0.0,0.0,98.77,98.839,0.0,122.77,0.0,29.5,29.5,0.0,0.0,0,0
2022-09-07T20:00:00,0.0,0.0,0.0,111.96,112.04,0.0,135.96,0.0,29.4,29.4,0.0,0.0,0,0
2022-09-07T21:00:00,0.0,0.0,0.0,124.55,124.65,0.0,148.55,0.0,29.4,29.4,0.0,0.0,0,0
2022-09-07T22:00:00,0.0,0.0,0.0,135.94,136.089,0.0,159.94,0.0,29.3,29.3,0.0,0.0,0,0
2022-09-07T23:00:00,0.0,0.0,0.0,144.92,145.133,0.0,168.92,0.0,29.2,29.2,0.0,0.0,0,0
2022-09-08T00:00:00,0.0,0.0,0.0,149.25,149.931,0.0,173.25,0.0,29.2,29.2,0.0,0.0,0,0
2022-09-08T01:00:00,0.0,0.0,0.0,147.03,147.676,0.0,171.03,0.0,29.2,29.2,0.0,0.0,0,0
2022-09-08T02:00:00,0.0,0.0,0.0,139.33,139.867,0.0,163.33,0.0,29.1,29.1,0.0,0.0,0,0
2022-09-08T03:00:00,0.0,0.0,0.0,128.57,129.009,0.0,152.57,0.0,29.1,29.1,0.0,0.0,0,0
2022-09-08T04:00:00,0.0,0.0,0.0,116.3,116.676,0.0,140.3,0.0,29.1,29.1,0.0,0.0,0,0
2022-09-08T05:00:00,0.0,0.0,0.0,103.28,103.611,0.0,127.28,0.0,29.0,29.0,0.0,0.0,0,0
2022-09-08T06:00:00,0.0,0.0,0.0,89.44,90.182,0.0,113.44,0.0,29.1,29.1,0.0,0.0,0,0
2022-09-08T07:00:00,570.0,48.0,183.0,76.24,76.602,89.318,77.726,168.68,29.3,34.57,841.85,0.8419,0,0
2022-09-08T08:00:00,316.0,169.0,314.0,62.71,63.043,82.605,68.141,282.07,29.4,38.21,1389.15,1.3891,8,0
2022-09-08T09:00:00,268.0,265.0,440.0,49.38,49.719,74.438,59.208,394.55,29.6,41.93,1916.61,1.9166,8,0
2022-09-08T10:00:00,65.0,332.0,384.0,36.66,37.041,62.809,51.547,361.39,29.8,41.09,1761.01,1.761,8,0
2022-09-08T11:00:00,502.0,264.0,717.0,25.64,26.105,43.019,45.98,607.63,30.2,49.19,2872.02,2.872,8,0
2022-09-08T12:00:00,605.0,236.0,807.0,19.59,20.101,7.376,43.496,671.65,30.6,51.59,3145.49,3.1455,8,0
2022-09-08T13:00:00,325.0,362.0,662.0,22.88,23.264,327.026,44.846,582.5,30.9,49.1,2754.14,2.7541,7,0
2022-09-08T14:00:00,167.0,432.0,573.0,32.81,33.049,302.608,49.53,526.67,31.1,47.56,2504.87,2.5049,3,0
2022-09-08T15:00:00,236.0,301.0,467.0,45.16,45.323,288.956,56.6,421.94,31.3,44.49,2030.19,2.0302,8,0
2022-09-08T16:00:00,7.0,148.0,151.0,58.36,58.493,279.927,65.195,145.84,31.2,35.76,724.75,0.7247,7,0
2022-09-08T17:00:00,638.0,57.0,256.0,71.87,72.002,272.866,74.636,225.78,31.0,38.06,1112.62,1.1126,0,0
2022-09-08T18:00:00,282.0,24.0,47.0,85.36,85.594,266.521,84.347,51.15,30.6,32.2,257.46,0.2575,0,0
2022-09-08T19:00:00,0.0,0.0,0.0,99.02,99.094,0.0,123.02,0.0,30.4,30.4,0.0,0.0,0,0
2022-09-08T20:00:00,0.0,0.0,0.0,112.22,112.313,0.0,136.22,0.0,30.2,30.2,0.0,0.0,0,0
2022-09-08T21:00:00,0.0,0.0,0.0,124.84,124.951,0.0,148.84,0.0,30.0,30.0,0.0,0.0,0,0
2022-09-08T22:00:00,0.0,0.0,0.0,136.27,136.431,0.0,160.27,0.0,29.8,29.8,0.0,0.0,0,0
2022-09-08T23:00:00,0.0,0.0,0.0,145.29,145.521,0.0,169.29,0.0,29.6,29.6,0.0,0.0,7,0
2022-09-09T00:00:00,0.0,0.0,0.0,149.63,150.332,0.0,173.63,0.0,29.4,29.4,0.0,0.0,8,0
2022-09-09T01:00:00,0.0,0.0,0.0,147.35,148.01,0.0,171.35,0.0,29.2,29.2,0.0,0.0,8,0
2022-09-09T02:00:00,0.0,0.0,0.0,139.57,140.108,0.0,163.57,0.0,29.1,29.1,0.0,0.0,7,0
2022-09-09T03:00:00,0.0,0.0,0.0,128.74,129.18,0.0,152.74,0.0,29.0,29.0,0.0,0.0,8,0
2022-09-09T04:00:00,0.0,0.0,0.0,116.43,116.802,0.0,140.43,0.0,29.0,29.0,0.0,0.0,8,0
2022-09-09T05:00:00,0.0,0.0,0.0,103.38,103.711,0.0,127.38,0.0,29.1,29.1,0.0,0.0,0,0
2022-09-09T06:00:00,0.0,0.0,0.0,89.51,90.267,0.0,113.51,0.0,29.3,29.3,0.0,0.0,0,0
2022-09-09T07:00:00,519.0,55.0,178.0,76.32,76.684,88.91,77.964,162.39,29.9,34.97,809.27,0.8093,0,0
2022-09-09T08:00:00,708.0,80.0,404.0,62.79,63.132,82.161,68.384,340.85,30.2,40.85,1662.43,1.6624,0,0
2022-09-09T09:00:00,796.0,97.0,614.0,49.48,49.831,73.928,59.473,502.44,30.5,46.2,2401.94,2.4019,0,0
2022-09-09T10:00:00,851.0,105.0,786.0,36.81,37.201,62.192,51.85,632.94,30.8,50.58,2975.72,2.9757,0,0
2022-09-09T11:00:00,219.0,385.0,582.0,25.88,26.36,42.306,46.32,524.64,31.1,47.49,2495.8,2.4958,7,7
2022-09-09T12:00:00,805.0,105.0,862.0,19.95,20.483,6.987,43.865,688.3,31.3,52.81,3208.27,3.2083,7,0
2022-09-09T13:00:00,301.0,364.0,641.0,23.25,23.652,327.318,45.233,565.78,31.3,48.98,2676.32,2.6763,7,0
2022-09-09T14:00:00,76.0,367.0,431.0,33.12,33.373,303.052,49.916,403.8,31.3,43.92,1947.05,1.947,7,0
2022-09-09T15:00:00,101.0,305.0,375.0,45.42,45.603,289.368,56.965,350.12,31.3,42.24,1698.82,1.6988,7,0
2022-09-09T16:00:00,132.0,235.0,304.0,58.61,58.75,280.294,65.557,282.09,31.1,39.92,1380.6,1.3806,7,0
2022-09-09T17:00:00,97.0,132.0,162.0,72.11,72.249,273.203,74.989,152.82,30.8,35.58,759.91,0.7599,8,0
2022-09-09T18:00:00,1.0,22.0,22.0,85.59,85.841,266.843,84.688,21.33,30.5,31.17,107.77,0.1078,7,7
2022-09-09T19:00:00,0.0,0.0,0.0,99.26,99.35,0.0,123.26,0.0,30.3,30.3,0.0,0.0,8,0
2022-09-09T20:00:00,0.0,0.0,0.0,112.49,112.586,0.0,136.49,0.0,30.2,30.2,0.0,0.0,8,0
2022-09-09T21:00:00,0.0,0.0,0.0,125.13,125.253,0.0,149.13,0.0,30.0,30.0,0.0,0.0,0,0
2022-09-09T22:00:00,0.0,0.0,0.0,136.6,136.774,0.0,160.6,0.0,29.9,29.9,0.0,0.0,0,0
2022-09-09T23:00:00,0.0,0.0,0.0,145.66,145.91,0.0,169.66,0.0,29.7,29.7,0.0,0.0,0,0
2022-09-10T00:00:00,0.0,0.0,0.0,150.01,150.735,0.0,174.01,0.0,29.5,29.5,0.0,0.0,1,0
2022-09-10T01:00:00,0.0,0.0,0.0,147.67,148.343,0.0,171.67,0.0,29.4,29.4,0.0,0.0,7,0
2022-09-10T02:00:00,0.0,0.0,0.0,139.8,140.347,0.0,163.8,0.0,29.3,29.3,0.0,0.0,8,0
2022-09-10T03:00:00,0.0,0.0,0.0,128.9,129.35,0.0,152.9,0.0,29.2,29.2,0.0,0.0,0,0
2022-09-10T04:00:00,0.0,0.0,0.0,116.55,116.927,0.0,140.55,0.0,29.2,29.2,0.0,0.0,0,0
2022-09-10T05:00:00,0.0,0.0,0.0,103.47,103.809,0.0,127.47,0.0,29.2,29.2,0.0,0.0,1,0
2022-09-10T06:00:00,0.0,0.0,0.0,89.58,90.352,0.0,113.58,0.0,29.4,29.4,0.0,0.0,0,0
2022-09-10T07:00:00,518.0,55.0,176.0,76.4,76.766,88.5,78.202,160.06,29.8,34.8,798.14,0.7981,0,0
2022-09-10T08:00:00,717.0,78.0,405.0,62.88,63.223,81.717,68.636,339.33,30.1,40.7,1655.88,1.6559,0,0
2022-09-10T09:00:00,529.0,185.0,528.0,49.59,49.944,73.417,59.747,448.09,30.3,44.3,2157.49,2.1575,8,0
2022-09-10T10:00:00,286.0,390.0,618.0,36.96,37.364,61.577,52.152,553.97,30.6,47.91,2631.15,2.6312,3,0
2022-09-10T11:00:00,904.0,96.0,908.0,26.13,26.619,41.603,46.667,720.05,31.0,53.5,3347.27,3.3473,0,0
2022-09-10T12:00:00,252.0,475.0,711.0,20.32,20.868,6.609,44.243,641.14,31.3,51.34,3005.54,3.0055,2,0
2022-09-10T13:00:00,887.0,111.0,924.0,23.62,24.043,327.6,45.62,734.57,31.5,54.46,3402.09,3.4021,0,0
2022-09-10T14:00:00,864.0,107.0,828.0,33.42,33.7,303.491,50.291,661.53,31.6,52.27,3089.89,3.0899,0,0
2022-09-10T15:00:00,819.0,99.0,672.0,45.69,45.886,289.776,57.339,542.52,31.7,48.65,2569.52,2.5695,0,0
2022-09-10T16:00:00,738.0,87.0,469.0,58.85,59.009,280.661,65.91,388.52,31.6,43.74,1874.62,1.8746,0,0
2022-09-10T17:00:00,578.0,66.0,242.0,72.34,72.498,273.541,75.333,211.59,31.3,37.91,1043.23,1.0432,0,0
2022-09-10T18:00:00,0.0,25.0,25.0,85.82,86.09,267.165,85.029,24.14,30.8,31.55,121.77,0.1218,3,7
2022-09-10T19:00:00,0.0,0.0,0.0,99.51,99.607,0.0,123.51,0.0,30.6,30.6,0.0,0.0,0,0
2022-09-10T20:00:00,0.0,0.0,0.0,112.75,112.86,0.0,136.75,0.0,30.4,30.4,0.0,0.0,0,0
2022-09-10T21:00:00,0.0,0.0,0.0,125.42,125.555,0.0,149.42,0.0,30.2,30.2,0.0,0.0,0,0
2022-09-10T22:00:00,0.0,0.0,0.0,136.93,137.118,0.0,160.93,0.0,29.9,29.9,0.0,0.0,0,0
2022-09-10T23:00:00,0.0,0.0,0.0,146.04,146.301,0.0,170.04,0.0,29.7,29.7,0.0,0.0,0,0
2022-09-11T00:00:00,0.0,0.0,0.0,150.4,151.138,0.0,174.4,0.0,29.4,29.4,0.0,0.0,0,0
2022-09-11T01:00:00,0.0,0.0,0.0,147.99,148.675,0.0,171.99,0.0,29.2,29.2,0.0,0.0,0,0
2022-09-11T02:00:00,0.0,0.0,0.0,140.03,140.584,0.0,164.03,0.0,29.0,29.0,0.0,0.0,3,0
2022-09-11T03:00:00,0.0,0.0,0.0,129.06,129.517,0.0,153.06,0.0,28.9,28.9,0.0,0.0,0,0
2022-09-11T04:00:00,0.0,0.0,0.0,116.67,117.051,0.0,140.67,0.0,28.8,28.8,0.0,0.0,0,0
2022-09-11T05:00:00,0.0,0.0,0.0,103.57,103.908,0.0,127.57,0.0,28.8,28.8,0.0,0.0,8,0
2022-09-11T06:00:00,0.0,0.0,0.0,89.65,90.437,0.0,113.65,0.0,29.0,29.0,0.0,0.0,1,0
2022-09-11T07:00:00,545.0,51.0,179.0,76.47,76.848,88.09,78.431,159.64,29.5,34.49,796.96,0.797,0,0
2022-09-11T08:00:00,735.0,73.0,408.0,62.96,63.314,81.271,68.879,338.21,29.7,40.27,1653.12,1.6531,0,0
2022-09-11T09:00:00,827.0,87.0,622.0,49.69,50.061,72.906,60.012,501.97,30.0,45.69,2404.39,2.4044,0,0
2022-09-11T10:00:00,881.0,92.0,794.0,37.11,37.531,60.964,52.452,631.79,30.4,50.14,2975.31,2.9753,0,0
2022-09-11T11:00:00,84.0,425.0,500.0,26.38,26.882,40.91,47.013,468.23,30.8,45.43,2244.9,2.2449,3,0
2022-09-11T12:00:00,917.0,97.0,955.0,20.69,21.254,6.241,44.621,753.76,31.1,54.66,3488.24,3.4882,0,0
2022-09-11T13:00:00,917.0,92.0,930.0,23.99,24.435,327.874,46.006,732.99,31.3,54.21,3398.09,3.3981,0,0
2022-09-11T14:00:00,895.0,89.0,834.0,33.74,34.03,303.922,50.684,659.44,31.4,52.01,3083.29,3.0833,0,0
2022-09-11T15:00:00,853.0,83.0,677.0,45.96,46.171,290.182,57.711,540.93,31.3,48.2,2566.37,2.5664,0,0
2022-09-11T16:00:00,777.0,74.0,472.0,59.1,59.271,281.026,66.272,387.54,31.1,43.21,1873.63,1.8736,0,0
2022-09-11T17:00:00,627.0,56.0,244.0,72.58,72.749,273.878,75.685,210.71,30.9,37.48,1040.52,1.0405,0,0
2022-09-11T18:00:00,247.0,22.0,39.0,86.05,86.341,267.488,85.37,41.32,30.4,31.69,208.38,0.2084,0,0
2022-09-11T19:00:00,0.0,0.0,0.0,99.76,99.865,0.0,123.76,0.0,30.2,30.2,0.0,0.0,0,0
2022-09-11T20:00:00,0.0,0.0,0.0,113.01,113.135,0.0,137.01,0.0,30.1,30.1,0.0,0.0,3,0
2022-09-11T21:00:00,0.0,0.0,0.0,125.71,125.858,0.0,149.71,0.0,30.0,30.0,0.0,0.0,0,0
2022-09-11T22:00:00,0.0,0.0,0.0,137.26,137.462,0.0,161.26,0.0,29.8,29.8,0.0,0.0,0,0
2022-09-11T23:00:00,0.0,0.0,0.0,146.41,146.693,0.0,170.41,0.0,29.6,29.6,0.0,0.0,0,0
2022-09-12T00:00:00,0.0,0.0,0.0,150.78,151.543,0.0,174.78,0.0,29.5,29.5,0.0,0.0,0,0
2022-09-12T01:00:00,0.0,0.0,0.0,148.31,149.007,0.0,172.31,0.0,29.4,29.4,0.0,0.0,0,0
2022-09-12T02:00:00,0.0,0.0,0.0,140.25,140.819,0.0,164.25,0.0,29.2,29.2,0.0,0.0,0,0
2022-09-12T03:00:00,0.0,0.0,0.0,129.23,129.683,0.0,153.23,0.0,29.1,29.1,0.0,0.0,0,0
2022-09-12T04:00:00,0.0,0.0,0.0,116.79,117.174,0.0,140.79,0.0,29.1,29.1,0.0,0.0,3,0
2022-09-12T05:00:00,0.0,0.0,0.0,103.66,104.005,0.0,127.66,0.0,29.0,29.0,0.0,0.0,0,0
2022-09-12T06:00:00,0.0,0.0,0.0,89.72,90.522,0.0,113.72,0.0,29.0,29.0,0.0,0.0,0,0
2022-09-12T07:00:00,568.0,47.0,179.0,76.55,76.931,87.678,78.67,158.11,29.2,34.14,790.3,0.7903,0,0
2022-09-12T08:00:00,755.0,66.0,409.0,63.05,63.407,80.825,69.132,335.63,29.4,39.89,1642.79,1.6428,0,0
2022-09-12T09:00:00,844.0,77.0,622.0,49.8,50.179,72.395,60.284,497.42,29.6,45.14,2387.44,2.3874,1,0
2022-09-12T10:00:00,1.0,240.0,241.0,37.27,37.701,60.354,52.76,232.31,30.0,37.26,1148.14,1.1481,3,0
2022-09-12T11:00:00,921.0,84.0,907.0,26.63,27.149,40.227,47.356,712.14,30.5,52.75,3320.08,3.3201,0,0
2022-09-12T12:00:00,928.0,87.0,953.0,21.06,21.642,5.884,44.998,747.7,31.0,54.37,3464.11,3.4641,0,0
2022-09-12T13:00:00,919.0,88.0,926.0,24.37,24.829,328.14,46.401,725.95,31.4,54.09,3367.0,3.367,0,0
2022-09-12T14:00:00,898.0,86.0,830.0,34.05,34.362,304.347,51.066,653.79,31.7,52.13,3055.41,3.0554,0,0
2022-09-12T15:00:00,857.0,80.0,672.0,46.24,46.459,290.584,58.092,535.33,31.9,48.63,2535.69,2.5357,0,0
2022-09-12T16:00:00,782.0,71.0,469.0,59.35,59.534,281.39,66.633,382.14,31.8,43.74,1843.84,1.8438,1,0
2022-09-12T17:00:00,633.0,54.0,241.0,72.82,73.002,274.215,76.038,206.48,31.5,37.95,1017.86,1.0179,1,0
2022-09-12T18:00:00,252.0,20.0,37.0,86.28,86.592,267.812,85.712,38.3,31.1,32.3,192.7,0.1927,1,0
2022-09-12T19:00:00,0.0,0.0,0.0,100.01,100.124,0.0,124.01,0.0,30.8,30.8,0.0,0.0,1,0
2022-09-12T20:00:00,0.0,0.0,0.0,113.28,113.411,0.0,137.28,0.0,30.6,30.6,0.0,0.0,0,0
2022-09-12T21:00:00,0.0,0.0,0.0,126.0,126.161,0.0,150.0,0.0,30.4,30.4,0.0,0.0,0,0
2022-09-12T22:00:00,0.0,0.0,0.0,137.59,137.806,0.0,161.59,0.0,30.2,30.2,0.0,0.0,7,0
2022-09-12T23:00:00,0.0,0.0,0.0,146.79,147.086,0.0,170.79,0.0,29.9,29.9,0.0,0.0,6,0
2022-09-13T00:00:00,0.0,0.0,0.0,151.17,151.948,0.0,175.17,0.0,29.7,29.7,0.0,0.0,7,0
2022-09-13T01:00:00,0.0,0.0,0.0,148.62,149.338,0.0,172.62,0.0,29.5,29.5,0.0,0.0,7,0
2022-09-13T02:00:00,0.0,0.0,0.0,140.48,141.052,0.0,164.48,0.0,29.3,29.3,0.0,0.0,7,0
2022-09-13T03:00:00,0.0,0.0,0.0,129.38,129.847,0.0,153.38,0.0,29.1,29.1,0.0,0.0,0,0
2022-09-13T04:00:00,0.0,0.0,0.0,116.9,117.295,0.0,140.9,0.0,29.1,29.1,0.0,0.0,0,0
2022-09-13T05:00:00,0.0,0.0,0.0,103.75,104.101,0.0,127.75,0.0,29.1,29.1,0.0,0.0,8,0
2022-09-13T06:00:00,0.0,0.0,0.0,89.79,90.607,0.0,113.79,0.0,29.2,29.2,0.0,0.0,0,0
2022-09-13T07:00:00,254.0,98.0,156.0,76.63,77.015,87.265,78.909,143.97,29.4,33.9,720.29,0.7203,8,0
2022-09-13T08:00:00,236.0,187.0,293.0,63.14,63.501,80.378,69.384,264.55,29.6,37.87,1304.53,1.3045,7,0
2022-09-13T09:00:00,605.0,157.0,547.0,49.92,50.299,71.885,60.566,452.26,29.8,43.93,2180.58,2.1806,7,0
2022-09-13T10:00:00,564.0,208.0,656.0,37.44,37.875,59.747,53.075,543.51,29.9,46.88,2591.59,2.5916,7,0
2022-09-13T11:00:00,835.0,84.0,829.0,26.88,27.42,39.554,47.697,649.54,30.0,50.3,3057.06,3.0571,7,0
2022-09-13T12:00:00,0.0,42.0,42.0,21.43,22.032,5.537,45.374,40.55,30.1,31.37,204.71,0.2047,9,0
2022-09-13T13:00:00,138.0,417.0,543.0,24.75,25.225,328.398,46.796,498.14,30.0,45.57,2387.12,2.3871,6,0
2022-09-13T14:00:00,110.0,364.0,454.0,34.37,34.697,304.765,51.456,420.73,30.0,43.15,2034.57,2.0346,6,0
2022-09-13T15:00:00,0.0,58.0,58.0,46.51,46.75,290.984,58.462,55.99,29.9,31.65,282.41,0.2824,6,0
2022-09-13T16:00:00,0.0,28.0,28.0,59.6,59.8,281.753,66.994,27.03,29.7,30.54,136.88,0.1369,6,0
2022-09-13T17:00:00,0.0,4.0,4.0,73.06,73.256,274.552,76.391,3.86,29.4,29.52,19.63,0.0196,6,0
2022-09-13T18:00:00,0.0,12.0,12.0,86.51,86.845,268.136,86.054,11.59,29.1,29.46,58.89,0.0589,6,7
2022-09-13T19:00:00,0.0,0.0,0.0,100.25,100.384,0.0,124.25,0.0,28.9,28.9,0.0,0.0,8,0
2022-09-13T20:00:00,0.0,0.0,0.0,113.54,113.686,0.0,137.54,0.0,28.8,28.8,0.0,0.0,7,0
2022-09-13T21:00:00,0.0,0.0,0.0,126.29,126.464,0.0,150.29,0.0,28.6,28.6,0.0,0.0,7,0
2022-09-13T22:00:00,0.0,0.0,0.0,137.92,138.151,0.0,161.92,0.0,28.4,28.4,0.0,0.0,0,0
2022-09-13T23:00:00,0.0,0.0,0.0,147.17,147.48,0.0,171.17,0.0,28.3,28.3,0.0,0.0,7,0
2022-09-14T00:00:00,0.0,0.0,0.0,151.56,152.355,0.0,175.56,0.0,28.2,28.2,0.0,0.0,8,0
2022-09-14T01:00:00,0.0,0.0,0.0,148.94,149.667,0.0,172.94,0.0,28.1,28.1,0.0,0.0,0,0
2022-09-14T02:00:00,0.0,0.0,0.0,140.7,141.283,0.0,164.7,0.0,28.0,28.0,0.0,0.0,7,0
2022-09-14T03:00:00,0.0,0.0,0.0,129.54,130.008,0.0,153.54,0.0,27.8,27.8,0.0,0.0,8,0
2022-09-14T04:00:00,0.0,0.0,0.0,117.02,117.415,0.0,141.02,0.0,27.9,27.9,0.0,0.0,8,0
2022-09-14T05:00:00,0.0,0.0,0.0,103.85,104.197,0.0,127.85,0.0,28.0,28.0,0.0,0.0,1,0
2022-09-14T06:00:00,0.0,0.0,0.0,89.85,90.692,0.0,113.85,0.0,28.2,28.2,0.0,0.0,7,7
2022-09-14T07:00:00,177.0,107.0,148.0,76.71,77.099,86.852,79.148,136.98,28.6,32.88,687.81,0.6878,8,0
2022-09-14T08:00:00,260.0,181.0,298.0,63.23,63.597,79.931,69.636,266.23,28.8,37.12,1316.42,1.3164,7,0
2022-09-14T09:00:00,802.0,94.0,609.0,50.03,50.422,71.375,60.837,486.01,29.0,44.19,2341.1,2.3411,0,0
2022-09-14T10:00:00,839.0,111.0,776.0,37.6,38.052,59.143,53.38,613.38,29.2,48.37,2908.29,2.9083,0,0
2022-09-14T11:00:00,867.0,117.0,888.0,27.14,27.695,38.891,48.045,699.25,29.5,51.35,3277.72,3.2777,0,0
2022-09-14T12:00:00,529.0,286.0,777.0,21.81,22.423,5.201,45.76,649.42,29.8,50.09,3058.9,3.0589,8,0
2022-09-14T13:00:00,410.0,405.0,776.0,25.12,25.622,328.648,47.181,672.87,29.9,50.93,3159.25,3.1593,3,0
2022-09-14T14:00:00,0.0,37.0,37.0,34.69,35.035,305.177,51.845,35.72,29.9,31.02,180.57,0.1806,9,0
2022-09-14T15:00:00,0.0,18.0,18.0,46.79,47.042,291.38,58.841,17.38,29.8,30.34,88.06,0.0881,9,0
2022-09-14T16:00:00,0.0,10.0,10.0,59.86,60.067,282.114,67.363,9.65,29.5,29.8,49.01,0.049,9,0
2022-09-14T17:00:00,0.0,9.0,9.0,73.31,73.512,274.889,76.752,8.69,29.0,29.27,44.2,0.0442,9,0
2022-09-14T18:00:00,0.0,10.0,10.0,86.75,87.098,268.461,86.405,9.65,28.6,28.9,49.17,0.0492,9,7
2022-09-14T19:00:00,0.0,0.0,0.0,100.5,100.644,0.0,124.5,0.0,28.3,28.3,0.0,0.0,6,0
2022-09-14T20:00:00,0.0,0.0,0.0,113.81,113.962,0.0,137.81,0.0,28.2,28.2,0.0,0.0,6,0
2022-09-14T21:00:00,0.0,0.0,0.0,126.58,126.767,0.0,150.58,0.0,28.1,28.1,0.0,0.0,7,0
2022-09-14T22:00:00,0.0,0.0,0.0,138.26,138.495,0.0,162.26,0.0,28.1,28.1,0.0,0.0,8,0
2022-09-14T23:00:00,0.0,0.0,0.0,147.55,147.874,0.0,171.55,0.0,28.1,28.1,0.0,0.0,7,0
2022-09-15T00:00:00,0.0,0.0,0.0,151.95,152.761,0.0,175.95,0.0,28.1,28.1,0.0,0.0,7,0
2022-09-15T01:00:00,0.0,0.0,0.0,149.26,149.996,0.0,173.26,0.0,28.2,28.2,0.0,0.0,7,0
2022-09-15T02:00:00,0.0,0.0,0.0,140.93,141.512,0.0,164.93,0.0,28.3,28.3,0.0,0.0,7,0
2022-09-15T03:00:00,0.0,0.0,0.0,129.7,130.168,0.0,153.7,0.0,28.4,28.4,0.0,0.0,1,0
2022-09-15T04:00:00,0.0,0.0,0.0,117.14,117.533,0.0,141.14,0.0,28.4,28.4,0.0,0.0,1,0
2022-09-15T05:00:00,0.0,0.0,0.0,103.94,104.293,0.0,127.94,0.0,28.4,28.4,0.0,0.0,7,0
2022-09-15T06:00:00,0.0,0.0,0.0,89.92,90.776,0.0,113.92,0.0,28.5,28.5,0.0,0.0,7,7
2022-09-15T07:00:00,24.0,93.0,99.0,76.79,77.184,86.438,79.388,94.26,29.0,31.95,474.88,0.4749,7,0
2022-09-15T08:00:00,224.0,196.0,297.0,63.32,63.694,79.484,69.888,267.12,29.2,37.55,1318.76,1.3188,8,0
2022-09-15T09:00:00,782.0,103.0,604.0,50.15,50.548,70.865,61.117,481.5,29.4,44.45,2317.1,2.3171,0,0
2022-09-15T10:00:00,320.0,319.0,572.0,37.77,38.232,58.542,53.692,499.64,29.7,45.31,2396.56,2.3966,8,0
2022-09-15T11:00:00,172.0,458.0,611.0,27.41,27.973,38.238,48.401,557.68,30.1,47.53,2652.66,2.6527,3,0
2022-09-15T12:00:00,874.0,122.0,931.0,22.18,22.816,4.874,46.136,730.41,30.4,53.23,3399.07,3.3991,1,0
2022-09-15T13:00:00,10.0,317.0,326.0,25.5,26.021,328.891,47.575,312.86,30.6,40.38,1528.59,1.5286,6,0
2022-09-15T14:00:00,0.0,85.0,85.0,35.01,35.374,305.583,52.233,82.06,30.8,33.36,411.33,0.4113,6,0
2022-09-15T15:00:00,0.0,31.0,31.0,47.07,47.337,291.773,59.219,29.93,30.8,31.74,150.9,0.1509,9,0
2022-09-15T16:00:00,0.0,16.0,16.0,60.11,60.336,282.474,67.723,15.45,30.7,31.18,78.04,0.078,9,0
2022-09-15T17:00:00,0.0,11.0,11.0,73.55,73.768,275.225,77.105,10.62,30.4,30.73,53.74,0.0537,9,0
2022-09-15T18:00:00,0.0,12.0,12.0,86.98,87.352,268.786,86.748,11.59,30.1,30.46,58.68,0.0587,6,7
2022-09-15T19:00:00,0.0,0.0,0.0,100.75,100.904,0.0,124.75,0.0,29.9,29.9,0.0,0.0,6,0
2022-09-15T20:00:00,0.0,0.0,0.0,114.07,114.238,0.0,138.07,0.0,29.6,29.6,0.0,0.0,7,0
2022-09-15T21:00:00,0.0,0.0,0.0,126.87,127.07,0.0,150.87,0.0,29.4,29.4,0.0,0.0,8,0
2022-09-15T22:00:00,0.0,0.0,0.0,138.59,138.839,0.0,162.59,0.0,29.2,29.2,0.0,0.0,8,0
2022-09-15T23:00:00,0.0,0.0,0.0,147.93,148.269,0.0,171.93,0.0,29.0,29.0,0.0,0.0,1,0
2022-09-16T00:00:00,0.0,0.0,0.0,152.34,153.169,0.0,176.34,0.0,28.9,28.9,0.0,0.0,8,0
2022-09-16T01:00:00,0.0,0.0,0.0,149.57,150.323,0.0,173.57,0.0,28.8,28.8,0.0,0.0,8,0
2022-09-16T02:00:00,0.0,0.0,0.0,141.15,141.739,0.0,165.15,0.0,28.8,28.8,0.0,0.0,6,0
2022-09-16T03:00:00,0.0,0.0,0.0,129.85,130.326,0.0,153.85,0.0,28.8,28.8,0.0,0.0,6,0
2022-09-16T04:00:00,0.0,0.0,0.0,117.25,117.65,0.0,141.25,0.0,28.8,28.8,0.0,0.0,7,0
2022-09-16T05:00:00,0.0,0.0,0.0,104.03,104.387,0.0,128.03,0.0,28.9,28.9,0.0,0.0,7,0
2022-09-16T06:00:00,0.0,0.0,0.0,89.99,90.861,0.0,113.99,0.0,29.0,29.0,0.0,0.0,7,7
2022-09-16T07:00:00,82.0,100.0,118.0,76.87,77.27,86.024,79.627,111.46,29.4,32.88,559.68,0.5597,8,0
2022-09-16T08:00:00,283.0,187.0,314.0,63.41,63.792,79.037,70.139,277.78,29.6,38.28,1367.69,1.3677,8,0
2022-09-16T09:00:00,82.0,325.0,377.0,50.27,50.675,70.357,61.396,353.47,29.8,40.85,1724.0,1.724,3,0
2022-09-16T10:00:00,889.0,91.0,792.0,37.94,38.415,57.945,54.003,616.42,30.0,49.26,2912.74,2.9127,1,0
2022-09-16T11:00:00,912.0,96.0,904.0,27.67,28.254,37.597,48.745,701.05,30.4,52.31,3274.06,3.2741,1,0
2022-09-16T12:00:00,918.0,98.0,946.0,22.56,23.21,4.558,46.521,733.61,30.6,53.53,3409.96,3.41,0,0
2022-09-16T13:00:00,884.0,115.0,910.0,25.89,26.42,329.128,47.978,709.66,30.8,52.98,3305.7,3.3057,0,0
2022-09-16T14:00:00,858.0,111.0,811.0,35.34,35.716,305.982,52.628,634.0,30.9,50.71,2979.21,2.9792,0,0
2022-09-16T15:00:00,811.0,102.0,651.0,47.35,47.634,292.163,59.596,513.66,30.9,46.95,2448.61,2.4486,0,0
2022-09-16T16:00:00,593.0,150.0,443.0,60.37,60.607,282.833,68.091,368.61,30.7,42.22,1788.7,1.7887,7,0
2022-09-16T17:00:00,344.0,112.0,208.0,73.8,74.026,275.561,77.466,183.61,30.3,36.04,911.5,0.9115,8,0
2022-09-16T18:00:00,131.0,19.0,25.0,87.21,87.607,269.111,87.09,25.05,29.8,30.58,126.8,0.1268,0,0
2022-09-16T19:00:00,0.0,0.0,0.0,101.0,101.165,0.0,125.0,0.0,29.6,29.6,0.0,0.0,7,0
2022-09-16T20:00:00,0.0,0.0,0.0,114.34,114.513,0.0,138.34,0.0,29.5,29.5,0.0,0.0,8,0
2022-09-16T21:00:00,0.0,0.0,0.0,127.16,127.372,0.0,151.16,0.0,29.5,29.5,0.0,0.0,8,0
2022-09-16T22:00:00,0.0,0.0,0.0,138.92,139.183,0.0,162.92,0.0,29.5,29.5,0.0,0.0,7,0
2022-09-16T23:00:00,0.0,0.0,0.0,148.31,148.664,0.0,172.31,0.0,29.4,29.4,0.0,0.0,8,0
2022-09-17T00:00:00,0.0,0.0,0.0,152.73,153.577,0.0,176.73,0.0,29.3,29.3,0.0,0.0,6,0
2022-09-17T01:00:00,0.0,0.0,0.0,149.89,150.648,0.0,173.89,0.0,29.3,29.3,0.0,0.0,7,0
2022-09-17T02:00:00,0.0,0.0,0.0,141.37,141.963,0.0,165.37,0.0,29.2,29.2,0.0,0.0,3,0
2022-09-17T03:00:00,0.0,0.0,0.0,130.01,130.482,0.0,154.01,0.0,29.1,29.1,0.0,0.0,0,0
2022-09-17T04:00:00,0.0,0.0,0.0,117.37,117.766,0.0,141.37,0.0,29.1,29.1,0.0,0.0,1,0
2022-09-17T05:00:00,0.0,0.0,0.0,104.12,104.481,0.0,128.12,0.0,29.2,29.2,0.0,0.0,0,0
2022-09-17T06:00:00,0.0,0.0,0.0,90.06,90.946,0.0,114.06,0.0,29.3,29.3,0.0,0.0,0,0
2022-09-17T07:00:00,481.0,58.0,166.0,76.95,77.357,85.609,79.866,141.56,29.8,34.22,707.37,0.7074,0,0
2022-09-17T08:00:00,690.0,84.0,392.0,63.51,63.892,78.59,70.399,315.23,30.2,40.05,1542.0,1.542,1,0
2022-09-17T09:00:00,790.0,101.0,605.0,50.39,50.805,69.85,61.673,476.72,30.4,45.3,2286.77,2.2868,0,0
2022-09-17T10:00:00,108.0,386.0,471.0,38.12,38.602,57.353,54.32,436.38,30.7,44.34,2100.84,2.1008,2,0
2022-09-17T11:00:00,890.0,104.0,891.0,27.94,28.539,36.966,49.096,689.97,30.8,52.36,3221.65,3.2217,0,0
2022-09-17T12:00:00,894.0,109.0,933.0,22.94,23.605,4.25,46.906,723.14,30.9,53.5,3361.64,3.3616,0,0
2022-09-17T13:00:00,853.0,130.0,895.0,26.27,26.821,329.359,48.371,698.77,30.8,52.64,3259.26,3.2593,1,0
2022-09-17T14:00:00,824.0,127.0,796.0,35.66,36.059,306.376,53.014,624.13,30.8,50.3,2937.4,2.9374,0,0
2022-09-17T15:00:00,622.0,171.0,589.0,47.63,47.932,292.55,59.973,479.96,30.7,45.7,2298.84,2.2988,7,0
2022-09-17T16:00:00,677.0,101.0,433.0,60.63,60.878,283.19,68.459,348.95,30.5,41.4,1698.42,1.6984,0,0
2022-09-17T17:00:00,490.0,73.0,208.0,74.04,74.285,275.897,77.818,175.04,30.2,35.67,870.12,0.8701,7,5
2022-09-17T18:00:00,0.0,16.0,16.0,87.44,87.862,269.437,87.433,15.45,29.8,30.28,78.29,0.0783,8,7
2022-09-17T19:00:00,0.0,0.0,0.0,101.25,101.425,0.0,125.25,0.0,29.7,29.7,0.0,0.0,7,0
2022-09-17T20:00:00,0.0,0.0,0.0,114.6,114.788,0.0,138.6,0.0,29.6,29.6,0.0,0.0,8,0
2022-09-17T21:00:00,0.0,0.0,0.0,127.46,127.674,0.0,151.46,0.0,29.5,29.5,0.0,0.0,8,0
2022-09-17T22:00:00,0.0,0.0,0.0,139.25,139.526,0.0,163.25,0.0,29.3,29.3,0.0,0.0,0,0
2022-09-17T23:00:00,0.0,0.0,0.0,148.69,149.059,0.0,172.69,0.0,29.2,29.2,0.0,0.0,0,0
2022-09-18T00:00:00,0.0,0.0,0.0,153.12,153.985,0.0,177.12,0.0,29.1,29.1,0.0,0.0,0,0
2022-09-18T01:00:00,0.0,0.0,0.0,150.2,150.972,0.0,174.2,0.0,29.0,29.0,0.0,0.0,0,0
2022-09-18T02:00:00,0.0,0.0,0.0,141.59,142.185,0.0,165.59,0.0,28.9,28.9,0.0,0.0,0,0
2022-09-18T03:00:00,0.0,0.0,0.0,130.16,130.637,0.0,154.16,0.0,28.9,28.9,0.0,0.0,0,0
2022-09-18T04:00:00,0.0,0.0,0.0,117.48,117.881,0.0,141.48,0.0,28.9,28.9,0.0,0.0,7,0
2022-09-18T05:00:00,0.0,0.0,0.0,104.22,104.575,0.0,128.22,0.0,28.9,28.9,0.0,0.0,7,0
2022-09-18T06:00:00,0.0,0.0,0.0,90.13,91.031,0.0,114.13,0.0,29.0,29.0,0.0,0.0,7,0
2022-09-18T07:00:00,490.0,57.0,167.0,77.04,77.444,85.195,80.115,140.1,29.6,33.98,700.72,0.7007,0,0
2022-09-18T08:00:00,706.0,82.0,396.0,63.6,63.994,78.143,70.65,315.8,29.9,39.77,1546.43,1.5464,1,0
2022-09-18T09:00:00,804.0,97.0,608.0,50.51,50.937,69.344,61.95,476.13,30.2,45.08,2285.85,2.2859,0,0
2022-09-18T10:00:00,867.0,101.0,781.0,38.3,38.792,56.764,54.636,605.17,30.6,49.51,2856.87,2.8569,0,0
2022-09-18T11:00:00,893.0,106.0,892.0,28.22,28.827,36.346,49.455,689.62,30.9,52.45,3218.91,3.2189,0,0
2022-09-18T12:00:00,899.0,108.0,934.0,23.32,24.001,3.953,47.29,721.19,31.1,53.64,3350.76,3.3508,0,0
2022-09-18T13:00:00,892.0,107.0,904.0,26.65,27.222,329.584,48.764,698.17,31.2,53.02,3251.62,3.2516,0,0
2022-09-18T14:00:00,867.0,102.0,804.0,35.99,36.404,306.763,53.408,621.37,31.1,50.52,2922.04,2.922,0,0
2022-09-18T15:00:00,700.0,143.0,613.0,47.92,48.232,292.934,60.357,488.33,31.0,46.26,2334.0,2.334,7,0
2022-09-18T16:00:00,361.0,193.0,369.0,60.89,61.151,283.546,68.827,318.24,30.8,40.74,1552.74,1.5527,7,0
2022-09-18T17:00:00,101.0,131.0,158.0,74.29,74.544,276.232,78.179,147.39,30.5,35.11,734.18,0.7342,7,0
2022-09-18T18:00:00,0.0,13.0,13.0,87.67,88.117,269.763,87.775,12.55,30.1,30.49,63.56,0.0636,7,7
2022-09-18T19:00:00,0.0,0.0,0.0,101.5,101.685,0.0,125.5,0.0,29.9,29.9,0.0,0.0,7,0
2022-09-18T20:00:00,0.0,0.0,0.0,114.87,115.063,0.0,138.87,0.0,29.8,29.8,0.0,0.0,7,0
2022-09-18T21:00:00,0.0,0.0,0.0,127.74,127.974,0.0,151.74,0.0,29.6,29.6,0.0,0.0,8,0
2022-09-18T22:00:00,0.0,0.0,0.0,139.58,139.869,0.0,163.58,0.0,29.5,29.5,0.0,0.0,7,0
2022-09-18T23:00:00,0.0,0.0,0.0,149.07,149.454,0.0,173.07,0.0,29.3,29.3,0.0,0.0,1,0
2022-09-19T00:00:00,0.0,0.0,0.0,153.51,154.393,0.0,177.51,0.0,29.1,29.1,0.0,0.0,7,0
2022-09-19T01:00:00,0.0,0.0,0.0,150.51,151.294,0.0,174.51,0.0,29.0,29.0,0.0,0.0,3,0
2022-09-19T02:00:00,0.0,0.0,0.0,141.8,142.404,0.0,165.8,0.0,28.9,28.9,0.0,0.0,8,0
2022-09-19T03:00:00,0.0,0.0,0.0,130.31,130.789,0.0,154.31,0.0,28.8,28.8,0.0,0.0,7,0
2022-09-19T04:00:00,0.0,0.0,0.0,117.59,117.995,0.0,141.59,0.0,28.8,28.8,0.0,0.0,7,0
2022-09-19T05:00:00,0.0,0.0,0.0,104.31,104.668,0.0,128.31,0.0,28.8,28.8,0.0,0.0,8,0
2022-09-19T06:00:00,0.0,0.0,0.0,90.2,91.116,0.0,114.2,0.0,28.9,28.9,0.0,0.0,7,0
2022-09-19T07:00:00,489.0,55.0,164.0,77.12,77.532,84.78,80.354,135.98,29.4,33.65,680.91,0.6809,0,0
2022-09-19T08:00:00,521.0,130.0,361.0,63.7,64.097,77.697,70.909,297.9,29.6,38.91,1463.41,1.4634,7,0
2022-09-19T09:00:00,349.0,245.0,466.0,50.64,51.072,68.84,62.235,401.02,29.7,42.23,1945.87,1.9459,7,0
2022-09-19T10:00:00,595.0,193.0,658.0,38.48,38.985,56.18,54.951,532.04,29.9,46.53,2540.35,2.5404,8,0
2022-09-19T11:00:00,566.0,216.0,713.0,28.5,29.118,35.738,49.811,578.07,30.1,48.16,2743.0,2.743,8,0
2022-09-19T12:00:00,357.0,343.0,670.0,23.7,24.398,3.664,47.674,574.35,30.3,48.25,2724.48,2.7245,7,0
2022-09-19T13:00:00,272.0,382.0,624.0,27.04,27.624,329.803,49.166,548.73,30.3,47.45,2610.9,2.6109,7,0
2022-09-19T14:00:00,710.0,169.0,741.0,36.32,36.75,307.145,53.801,587.42,30.4,48.76,2781.09,2.7811,7,0
2022-09-19T15:00:00,412.0,246.0,521.0,48.2,48.533,293.314,60.731,441.3,30.5,44.29,2124.9,2.1249,7,0
2022-09-19T16:00:00,154.0,215.0,290.0,61.15,61.425,283.901,69.193,262.92,30.5,38.72,1292.46,1.2925,7,0
2022-09-19T17:00:00,212.0,115.0,171.0,74.53,74.804,276.566,78.53,153.66,30.3,35.1,765.42,0.7654,8,0
2022-09-19T18:00:00,0.0,13.0,13.0,87.9,88.373,270.089,88.118,12.55,30.0,30.39,63.58,0.0636,8,7
2022-09-19T19:00:00,0.0,0.0,0.0,101.75,101.945,0.0,125.75,0.0,29.8,29.8,0.0,0.0,7,0
2022-09-19T20:00:00,0.0,0.0,0.0,115.13,115.336,0.0,139.13,0.0,29.7,29.7,0.0,0.0,0,0
2022-09-19T21:00:00,0.0,0.0,0.0,128.03,128.274,0.0,152.03,0.0,29.6,29.6,0.0,0.0,0,0
2022-09-19T22:00:00,0.0,0.0,0.0,139.91,140.21,0.0,163.91,0.0,29.4,29.4,0.0,0.0,1,0
2022-09-19T23:00:00,0.0,0.0,0.0,149.45,149.849,0.0,173.45,0.0,29.1,29.1,0.0,0.0,0,0
2022-09-20T00:00:00,0.0,0.0,0.0,153.9,154.801,0.0,177.9,0.0,29.0,29.0,0.0,0.0,7,0
2022-09-20T01:00:00,0.0,0.0,0.0,150.83,151.614,0.0,174.83,0.0,28.8,28.8,0.0,0.0,0,0
2022-09-20T02:00:00,0.0,0.0,0.0,142.01,142.621,0.0,166.01,0.0,28.7,28.7,0.0,0.0,0,0
2022-09-20T03:00:00,0.0,0.0,0.0,130.46,130.939,0.0,154.46,0.0,28.6,28.6,0.0,0.0,0,0
2022-09-20T04:00:00,0.0,0.0,0.0,117.7,118.107,0.0,141.7,0.0,28.6,28.6,0.0,0.0,0,0
2022-09-20T05:00:00,0.0,0.0,0.0,104.4,104.76,0.0,128.4,0.0,28.6,28.6,0.0,0.0,0,0
2022-09-20T06:00:00,0.0,0.0,0.0,90.86,91.201,0.0,114.86,0.0,28.8,28.8,0.0,0.0,0,0
2022-09-20T07:00:00,484.0,57.0,164.0,77.21,77.621,84.366,80.602,134.99,29.3,33.52,676.27,0.6763,0,0
2022-09-20T08:00:00,698.0,84.0,392.0,63.8,64.202,77.251,71.168,309.07,29.6,39.26,1516.33,1.5163,1,0
2022-09-20T09:00:00,800.0,100.0,606.0,50.77,51.21,68.338,62.519,470.08,29.9,44.59,2260.96,2.261,0,0
2022-09-20T10:00:00,864.0,105.0,780.0,38.67,39.181,55.601,55.272,599.41,30.1,48.83,2837.02,2.837,0,0
2022-09-20T11:00:00,891.0,110.0,891.0,28.78,29.412,35.141,50.166,683.69,30.4,51.77,3199.7,3.1997,0,0
2022-09-20T12:00:00,900.0,112.0,933.0,24.08,24.796,3.385,48.058,716.77,30.6,53.0,3338.51,3.3385,0,0
2022-09-20T13:00:00,905.0,102.0,906.0,27.42,28.026,330.017,49.558,692.47,30.6,52.24,3234.85,3.2348,0,0
2022-09-20T14:00:00,881.0,98.0,805.0,36.65,37.098,307.521,54.193,616.16,30.6,49.86,2904.92,2.9049,0,0
2022-09-20T15:00:00,836.0,90.0,644.0,48.49,48.835,293.691,61.114,495.52,30.5,45.99,2370.82,2.3708,0,0
2022-09-20T16:00:00,750.0,78.0,436.0,61.41,61.7,284.253,69.56,340.32,30.2,40.84,1659.95,1.6599,0,0
2022-09-20T17:00:00,114.0,121.0,151.0,74.78,75.064,276.9,78.891,139.04,29.8,34.15,694.99,0.695,7,7
2022-09-20T18:00:00,0.0,11.0,11.0,88.13,88.628,270.416,88.461,10.62,29.4,29.73,53.93,0.0539,7,7
2022-09-20T19:00:00,0.0,0.0,0.0,102.0,102.204,0.0,126.0,0.0,29.3,29.3,0.0,0.0,0,0
2022-09-20T20:00:00,0.0,0.0,0.0,115.39,115.609,0.0,139.39,0.0,29.3,29.3,0.0,0.0,0,0
2022-09-20T21:00:00,0.0,0.0,0.0,128.32,128.572,0.0,152.32,0.0,29.2,29.2,0.0,0.0,0,0
2022-09-20T22:00:00,0.0,0.0,0.0,140.24,140.55,0.0,164.24,0.0,29.2,29.2,0.0,0.0,0,0
2022-09-20T23:00:00,0.0,0.0,0.0,149.83,150.243,0.0,173.83,0.0,29.1,29.1,0.0,0.0,0,0
2022-09-21T00:00:00,0.0,0.0,0.0,154.29,155.209,0.0,178.29,0.0,29.0,29.0,0.0,0.0,0,0
2022-09-21T01:00:00,0.0,0.0,0.0,151.14,151.932,0.0,175.14,0.0,28.9,28.9,0.0,0.0,0,0
2022-09-21T02:00:00,0.0,0.0,0.0,142.23,142.835,0.0,166.23,0.0,28.7,28.7,0.0,0.0,0,0
2022-09-21T03:00:00,0.0,0.0,0.0,130.61,131.087,0.0,154.61,0.0,28.7,28.7,0.0,0.0,0,0
2022-09-21T04:00:00,0.0,0.0,0.0,117.82,118.218,0.0,141.82,0.0,28.6,28.6,0.0,0.0,0,0
2022-09-21T05:00:00,0.0,0.0,0.0,104.49,104.852,0.0,128.49,0.0,28.6,28.6,0.0,0.0,0,0
2022-09-21T06:00:00,0.0,0.0,0.0,90.94,91.287,0.0,114.94,0.0,28.6,28.6,0.0,0.0,0,0
2022-09-21T07:00:00,471.0,58.0,161.0,77.29,77.711,83.952,80.84,131.86,29.1,33.22,661.32,0.6613,0,0
2022-09-21T08:00:00,688.0,85.0,387.0,63.9,64.308,76.807,71.425,303.83,29.3,38.79,1493.13,1.4931,0,0
2022-09-21T09:00:00,790.0,101.0,599.0,50.9,51.349,67.838,62.801,462.91,29.5,43.97,2231.67,2.2317,0,0
2022-09-21T10:00:00,873.0,95.0,775.0,38.85,39.38,55.028,55.582,591.03,29.6,48.07,2805.51,2.8055,0,0
2022-09-21T11:00:00,15.0,387.0,400.0,29.06,29.709,34.555,50.518,383.27,29.8,41.78,1862.88,1.8629,3,0
2022-09-21T12:00:00,11.0,395.0,404.0,24.47,25.195,3.115,48.451,388.71,29.9,42.05,1887.46,1.8875,2,0
2022-09-21T13:00:00,194.0,460.0,632.0,27.81,28.428,330.226,49.96,570.38,30.0,47.82,2710.03,2.71,3,0
2022-09-21T14:00:00,869.0,102.0,797.0,36.98,37.446,307.892,54.584,608.08,30.0,49.0,2876.18,2.8762,1,0
2022-09-21T15:00:00,816.0,96.0,634.0,48.78,49.138,294.066,61.496,486.75,30.0,45.21,2335.64,2.3356,0,0
2022-09-21T16:00:00,715.0,86.0,425.0,61.67,61.975,284.605,69.925,331.38,30.0,40.36,1619.19,1.6192,0,0
2022-09-21T17:00:00,517.0,64.0,197.0,75.03,75.324,277.234,79.251,159.36,29.8,34.78,794.72,0.7947,0,0
2022-09-21T18:00:00,49.0,13.0,15.0,88.36,88.883,270.743,88.804,13.59,29.4,29.82,68.99,0.069,0,0
2022-09-21T19:00:00,0.0,0.0,0.0,102.25,102.463,0.0,126.25,0.0,29.3,29.3,0.0,0.0,0,0
2022-09-21T20:00:00,0.0,0.0,0.0,115.65,115.881,0.0,139.65,0.0,29.2,29.2,0.0,0.0,0,0
2022-09-21T21:00:00,0.0,0.0,0.0,128.61,128.869,0.0,152.61,0.0,29.0,29.0,0.0,0.0,0,0
2022-09-21T22:00:00,0.0,0.0,0.0,140.56,140.889,0.0,164.56,0.0,28.9,28.9,0.0,0.0,0,0
2022-09-21T23:00:00,0.0,0.0,0.0,150.21,150.637,0.0,174.21,0.0,28.8,28.8,0.0,0.0,0,0
2022-09-22T00:00:00,0.0,0.0,0.0,154.69,155.616,0.0,178.69,0.0,28.7,28.7,0.0,0.0,0,0
2022-09-22T01:00:00,0.0,0.0,0.0,151.44,152.247,0.0,175.44,0.0,28.6,28.6,0.0,0.0,0,0
2022-09-22T02:00:00,0.0,0.0,0.0,142.44,143.047,0.0,166.44,0.0,28.6,28.6,0.0,0.0,0,0
2022-09-22T03:00:00,0.0,0.0,0.0,130.75,131.234,0.0,154.75,0.0,28.6,28.6,0.0,0.0,0,0
2022-09-22T04:00:00,0.0,0.0,0.0,117.93,118.328,0.0,141.93,0.0,28.5,28.5,0.0,0.0,0,0
2022-09-22T05:00:00,0.0,0.0,0.0,104.58,104.944,0.0,128.58,0.0,28.5,28.5,0.0,0.0,0,0
2022-09-22T06:00:00,0.0,0.0,0.0,91.03,91.373,0.0,115.03,0.0,28.7,28.7,0.0,0.0,0,0
2022-09-22T07:00:00,483.0,55.0,160.0,77.38,77.803,83.538,81.087,128.84,29.2,33.23,646.12,0.6461,0,0
2022-09-22T08:00:00,699.0,79.0,386.0,64.0,64.417,76.363,71.682,298.61,29.4,38.73,1467.82,1.4678,0,0
2022-09-22T09:00:00,801.0,93.0,597.0,51.04,51.491,67.341,63.091,456.65,29.6,43.87,2202.3,2.2023,0,0
2022-09-22T10:00:00,884.0,85.0,772.0,39.05,39.583,54.459,55.909,583.49,29.7,47.93,2771.14,2.7711,0,0
2022-09-22T11:00:00,373.0,326.0,652.0,29.35,30.008,33.98,50.878,552.9,29.9,47.18,2633.4,2.6334,8,0
2022-09-22T12:00:00,301.0,370.0,644.0,24.85,25.593,2.854,48.834,557.71,30.1,47.53,2652.78,2.6528,7,7
2022-09-22T13:00:00,500.0,274.0,715.0,28.19,28.831,330.431,50.352,587.37,30.1,48.46,2784.05,2.784,7,0
2022-09-22T14:00:00,878.0,92.0,790.0,37.31,37.795,308.257,54.974,598.78,30.1,48.81,2834.28,2.8343,0,0
2022-09-22T15:00:00,831.0,85.0,629.0,49.07,49.442,294.437,61.877,478.47,30.1,45.05,2297.32,2.2973,0,0
2022-09-22T16:00:00,745.0,73.0,424.0,61.93,62.251,284.954,70.29,324.77,30.0,40.15,1588.09,1.5881,0,0
2022-09-22T17:00:00,570.0,53.0,198.0,75.28,75.584,277.567,79.611,155.21,29.6,34.45,774.94,0.7749,0,0
2022-09-22T18:00:00,111.0,11.0,14.0,88.58,89.138,271.069,89.138,12.32,29.3,29.68,62.56,0.0626,0,0
2022-09-22T19:00:00,0.0,0.0,0.0,102.5,102.721,0.0,126.5,0.0,29.1,29.1,0.0,0.0,0,0
2022-09-22T20:00:00,0.0,0.0,0.0,115.91,116.151,0.0,139.91,0.0,29.0,29.0,0.0,0.0,0,0
2022-09-22T21:00:00,0.0,0.0,0.0,128.89,129.165,0.0,152.89,0.0,28.9,28.9,0.0,0.0,0,0
2022-09-22T22:00:00,0.0,0.0,0.0,140.89,141.226,0.0,164.89,0.0,28.8,28.8,0.0,0.0,0,0
2022-09-22T23:00:00,0.0,0.0,0.0,150.59,151.03,0.0,174.59,0.0,28.7,28.7,0.0,0.0,0,0
2022-09-23T00:00:00,0.0,0.0,0.0,155.08,156.024,0.0,179.08,0.0,28.7,28.7,0.0,0.0,0,0
2022-09-23T01:00:00,0.0,0.0,0.0,151.75,152.561,0.0,175.75,0.0,28.6,28.6,0.0,0.0,0,0
2022-09-23T02:00:00,0.0,0.0,0.0,142.64,143.256,0.0,166.64,0.0,28.5,28.5,0.0,0.0,0,0
2022-09-23T03:00:00,0.0,0.0,0.0,130.9,131.378,0.0,154.9,0.0,28.4,28.4,0.0,0.0,0,0
2022-09-23T04:00:00,0.0,0.0,0.0,118.03,118.437,0.0,142.03,0.0,28.4,28.4,0.0,0.0,0,0
2022-09-23T05:00:00,0.0,0.0,0.0,104.67,105.035,0.0,128.67,0.0,28.5,28.5,0.0,0.0,8,0
2022-09-23T06:00:00,0.0,0.0,0.0,91.11,91.459,0.0,115.11,0.0,28.7,28.7,0.0,0.0,7,0
2022-09-23T07:00:00,539.0,47.0,164.0,77.47,77.895,83.126,81.334,127.6,29.3,33.29,639.77,0.6398,0,0
2022-09-23T08:00:00,738.0,69.0,391.0,64.11,64.527,75.921,71.948,298.09,29.6,38.92,1464.3,1.4643,0,0
2022-09-23T09:00:00,831.0,83.0,604.0,51.18,51.636,66.846,63.38,456.98,30.0,44.28,2200.5,2.2005,0,0
2022-09-23T10:00:00,169.0,405.0,536.0,39.24,39.788,53.897,56.225,486.08,30.3,45.49,2329.99,2.33,3,0
2022-09-23T11:00:00,214.0,374.0,560.0,29.63,30.31,33.417,51.227,496.69,30.7,46.22,2374.28,2.3743,7,0
2022-09-23T12:00:00,575.0,254.0,774.0,25.24,25.992,2.602,49.226,625.23,30.9,50.44,2941.07,2.9411,8,0
2022-09-23T13:00:00,1.0,187.0,189.0,28.58,29.233,330.631,50.753,181.18,31.1,36.76,897.07,0.8971,7,0
2022-09-23T14:00:00,51.0,301.0,341.0,37.65,38.145,308.617,55.372,319.92,31.2,41.2,1558.32,1.5583,8,0
2022-09-23T15:00:00,849.0,81.0,633.0,49.36,49.747,294.805,62.257,478.19,31.3,46.24,2285.67,2.2857,1,0
2022-09-23T16:00:00,763.0,70.0,426.0,62.19,62.527,285.302,70.655,323.41,31.1,41.21,1575.28,1.5753,0,0
2022-09-23T17:00:00,588.0,51.0,198.0,75.52,75.844,277.899,79.962,153.0,30.7,35.48,761.06,0.7611,0,0
2022-09-23T18:00:00,101.0,11.0,13.0,88.8,89.392,271.396,89.471,11.57,30.2,30.56,58.58,0.0586,0,0
2022-09-23T19:00:00,0.0,0.0,0.0,102.74,102.978,0.0,126.74,0.0,29.9,29.9,0.0,0.0,0,0
2022-09-23T20:00:00,0.0,0.0,0.0,116.17,116.42,0.0,140.17,0.0,29.8,29.8,0.0,0.0,0,0
2022-09-23T21:00:00,0.0,0.0,0.0,129.18,129.458,0.0,153.18,0.0,29.7,29.7,0.0,0.0,0,0
2022-09-23T22:00:00,0.0,0.0,0.0,141.21,141.561,0.0,165.21,0.0,29.6,29.6,0.0,0.0,3,0
2022-09-23T23:00:00,0.0,0.0,0.0,150.96,151.422,0.0,174.96,0.0,29.4,29.4,0.0,0.0,1,0
2022-09-24T00:00:00,0.0,0.0,0.0,155.47,156.43,0.0,179.47,0.0,29.3,29.3,0.0,0.0,0,0
2022-09-24T01:00:00,0.0,0.0,0.0,152.06,152.872,0.0,176.06,0.0,29.2,29.2,0.0,0.0,0,0
2022-09-24T02:00:00,0.0,0.0,0.0,142.85,143.462,0.0,166.85,0.0,29.0,29.0,0.0,0.0,0,0
2022-09-24T03:00:00,0.0,0.0,0.0,131.04,131.52,0.0,155.04,0.0,28.8,28.8,0.0,0.0,0,0
2022-09-24T04:00:00,0.0,0.0,0.0,118.14,118.545,0.0,142.14,0.0,28.6,28.6,0.0,0.0,0,0
2022-09-24T05:00:00,0.0,0.0,0.0,104.76,105.127,0.0,128.76,0.0,28.5,28.5,0.0,0.0,0,0
2022-09-24T06:00:00,0.0,0.0,0.0,91.2,91.546,0.0,115.2,0.0,28.5,28.5,0.0,0.0,3,0
2022-09-24T07:00:00,545.0,50.0,167.0,77.56,77.988,82.714,81.581,129.08,29.1,33.13,647.57,0.6476,0,0
2022-09-24T08:00:00,747.0,73.0,398.0,64.22,64.638,75.48,72.212,301.49,29.3,38.72,1482.04,1.482,0,0
2022-09-24T09:00:00,839.0,88.0,613.0,51.32,51.783,66.353,63.667,461.66,29.6,44.03,2225.15,2.2252,0,0
2022-09-24T10:00:00,901.0,91.0,787.0,39.44,39.997,53.34,56.547,590.55,29.9,48.35,2800.17,2.8002,0,0
2022-09-24T11:00:00,923.0,97.0,896.0,29.93,30.615,32.866,51.592,673.97,30.2,51.26,3160.33,3.1603,0,0
2022-09-24T12:00:00,927.0,100.0,936.0,25.62,26.392,2.358,49.609,704.47,30.5,52.51,3287.38,3.2874,0,0
2022-09-24T13:00:00,908.0,106.0,901.0,28.96,29.635,330.827,51.145,678.84,30.6,51.81,3176.41,3.1764,0,0
2022-09-24T14:00:00,882.0,102.0,798.0,37.98,38.495,308.972,55.76,600.75,30.7,49.47,2836.42,2.8364,0,0
2022-09-24T15:00:00,829.0,95.0,632.0,49.65,50.052,295.17,62.636,477.41,30.7,45.62,2287.3,2.2873,0,0
2022-09-24T16:00:00,283.0,218.0,349.0,62.46,62.803,285.649,71.028,303.6,30.6,40.09,1484.93,1.4849,3,0
2022-09-24T17:00:00,542.0,59.0,192.0,75.77,76.104,278.23,80.321,149.23,30.2,34.86,744.0,0.744,0,0
2022-09-24T18:00:00,0.0,0.0,0.0,89.02,89.646,271.723,89.805,0.0,29.7,29.7,0.0,0.0,3,7
2022-09-24T19:00:00,0.0,0.0,0.0,102.99,103.233,0.0,126.99,0.0,29.5,29.5,0.0,0.0,8,0
2022-09-24T20:00:00,0.0,0.0,0.0,116.43,116.688,0.0,140.43,0.0,29.3,29.3,0.0,0.0,8,0
2022-09-24T21:00:00,0.0,0.0,0.0,129.46,129.75,0.0,153.46,0.0,29.2,29.2,0.0,0.0,3,0
2022-09-24T22:00:00,0.0,0.0,0.0,141.54,141.895,0.0,165.54,0.0,29.1,29.1,0.0,0.0,7,0
2022-09-24T23:00:00,0.0,0.0,0.0,151.34,151.812,0.0,175.34,0.0,29.0,29.0,0.0,0.0,0,0
2022-09-25T00:00:00,0.0,0.0,0.0,155.86,156.836,0.0,179.86,0.0,28.8,28.8,0.0,0.0,7,0
2022-09-25T01:00:00,0.0,0.0,0.0,152.36,153.18,0.0,176.36,0.0,28.7,28.7,0.0,0.0,0,0
2022-09-25T02:00:00,0.0,0.0,0.0,143.05,143.665,0.0,167.05,0.0,28.6,28.6,0.0,0.0,1,0
2022-09-25T03:00:00,0.0,0.0,0.0,131.18,131.661,0.0,155.18,0.0,28.5,28.5,0.0,0.0,1,0
2022-09-25T04:00:00,0.0,0.0,0.0,118.25,118.652,0.0,142.25,0.0,28.4,28.4,0.0,0.0,0,0
2022-09-25T05:00:00,0.0,0.0,0.0,104.85,105.217,0.0,128.85,0.0,28.5,28.5,0.0,0.0,7,0
2022-09-25T06:00:00,0.0,0.0,0.0,91.28,91.633,0.0,115.28,0.0,28.7,28.7,0.0,0.0,7,0
2022-09-25T07:00:00,523.0,49.0,161.0,77.65,78.082,82.303,81.826,122.63,29.3,33.13,615.21,0.6152,0,0
2022-09-25T08:00:00,733.0,70.0,388.0,64.33,64.752,75.041,72.476,291.04,29.6,38.7,1430.83,1.4308,0,0
2022-09-25T09:00:00,826.0,83.0,598.0,51.46,51.933,65.864,63.953,447.28,30.0,43.98,2156.25,2.1563,1,0
2022-09-25T10:00:00,881.0,89.0,768.0,39.64,40.208,52.79,56.868,573.32,30.4,48.32,2718.9,2.7189,0,0
2022-09-25T11:00:00,905.0,95.0,878.0,30.22,30.922,32.326,51.946,656.33,30.7,51.21,3078.21,3.0782,0,0
2022-09-25T12:00:00,911.0,99.0,917.0,26.01,26.791,2.123,50.001,688.22,31.0,52.51,3211.65,3.2116,0,0
2022-09-25T13:00:00,901.0,101.0,886.0,29.35,30.037,331.02,51.546,664.61,31.2,51.97,3107.96,3.108,0,0
2022-09-25T14:00:00,874.0,98.0,784.0,38.32,38.845,309.321,56.157,587.29,31.3,49.65,2770.95,2.771,0,0
2022-09-25T15:00:00,822.0,91.0,620.0,49.94,50.357,295.531,63.014,465.43,31.2,45.74,2228.86,2.2289,0,0
2022-09-25T16:00:00,482.0,149.0,370.0,62.72,63.079,285.994,71.391,299.57,30.9,40.26,1464.27,1.4643,8,0
2022-09-25T17:00:00,6.0,72.0,74.0,76.02,76.364,278.561,80.68,70.5,30.4,32.6,354.35,0.3544,7,0
2022-09-25T18:00:00,0.0,0.0,0.0,89.23,89.898,272.049,90.13,0.0,29.8,29.8,0.0,0.0,0,0
2022-09-25T19:00:00,0.0,0.0,0.0,103.23,103.488,0.0,127.23,0.0,29.5,29.5,0.0,0.0,7,0
2022-09-25T20:00:00,0.0,0.0,0.0,116.69,116.953,0.0,140.69,0.0,29.3,29.3,0.0,0.0,7,0
2022-09-25T21:00:00,0.0,0.0,0.0,129.74,130.039,0.0,153.74,0.0,29.1,29.1,0.0,0.0,8,0
2022-09-25T22:00:00,0.0,0.0,0.0,141.86,142.226,0.0,165.86,0.0,28.8,28.8,0.0,0.0,7,0
2022-09-25T23:00:00,0.0,0.0,0.0,151.72,152.202,0.0,175.72,0.0,28.6,28.6,0.0,0.0,6,0
2022-09-26T00:00:00,0.0,0.0,0.0,156.26,157.242,0.0,179.74,0.0,28.4,28.4,0.0,0.0,6,0
2022-09-26T01:00:00,0.0,0.0,0.0,152.66,153.486,0.0,176.66,0.0,28.3,28.3,0.0,0.0,6,0
2022-09-26T02:00:00,0.0,0.0,0.0,143.26,143.866,0.0,167.26,0.0,28.1,28.1,0.0,0.0,6,0
2022-09-26T03:00:00,0.0,0.0,0.0,131.32,131.8,0.0,155.32,0.0,28.0,28.0,0.0,0.0,7,0
2022-09-26T04:00:00,0.0,0.0,0.0,118.36,118.758,0.0,142.36,0.0,28.0,28.0,0.0,0.0,7,0
2022-09-26T05:00:00,0.0,0.0,0.0,104.94,105.308,0.0,128.94,0.0,28.0,28.0,0.0,0.0,7,0
2022-09-26T06:00:00,0.0,0.0,0.0,91.37,91.721,0.0,115.37,0.0,28.2,28.2,0.0,0.0,7,0
2022-09-26T07:00:00,8.0,78.0,79.0,77.74,78.178,81.893,82.071,76.41,28.6,30.99,386.32,0.3863,7,0
2022-09-26T08:00:00,72.0,201.0,232.0,64.44,64.868,74.604,72.738,215.68,29.0,35.74,1071.86,1.0719,8,0
2022-09-26T09:00:00,64.0,305.0,344.0,51.6,52.085,65.378,64.237,322.61,29.2,39.28,1582.59,1.5826,5,0
2022-09-26T10:00:00,237.0,328.0,510.0,39.85,40.422,52.245,57.196,446.63,29.5,43.46,2157.3,2.1573,8,0
2022-09-26T11:00:00,3.0,332.0,335.0,30.52,31.231,31.798,52.308,322.38,29.8,39.87,1578.02,1.578,4,0
2022-09-26T12:00:00,133.0,435.0,555.0,26.39,27.19,1.897,50.383,505.8,30.0,45.81,2421.64,2.4216,3,0
2022-09-26T13:00:00,251.0,444.0,661.0,29.74,30.438,331.209,51.947,585.24,30.0,48.29,2775.69,2.7757,3,0
2022-09-26T14:00:00,357.0,288.0,566.0,38.65,39.195,309.666,56.543,477.26,30.1,45.01,2291.81,2.2918,7,0
2022-09-26T15:00:00,0.0,38.0,38.0,50.23,50.663,295.89,63.391,36.69,30.1,31.25,185.3,0.1853,6,0
2022-09-26T16:00:00,0.0,68.0,68.0,62.99,63.355,286.336,71.763,65.65,29.9,31.95,330.74,0.3307,6,0
2022-09-26T17:00:00,0.0,25.0,25.0,76.27,76.623,278.891,81.039,24.14,29.5,30.25,122.34,0.1223,6,0
2022-09-26T18:00:00,0.0,0.0,0.0,89.44,90.15,0.0,113.44,0.0,29.2,29.2,0.0,0.0,6,7
2022-09-26T19:00:00,0.0,0.0,0.0,103.48,103.74,0.0,127.48,0.0,29.1,29.1,0.0,0.0,7,0
2022-09-26T20:00:00,0.0,0.0,0.0,116.94,117.217,0.0,140.94,0.0,29.1,29.1,0.0,0.0,7,0
2022-09-26T21:00:00,0.0,0.0,0.0,130.02,130.326,0.0,154.02,0.0,29.0,29.0,0.0,0.0,6,0
2022-09-26T22:00:00,0.0,0.0,0.0,142.18,142.554,0.0,166.18,0.0,29.0,29.0,0.0,0.0,6,0
2022-09-26T23:00:00,0.0,0.0,0.0,152.09,152.589,0.0,176.09,0.0,28.9,28.9,0.0,0.0,9,0
2022-09-27T00:00:00,0.0,0.0,0.0,156.65,157.646,0.0,179.35,0.0,28.8,28.8,0.0,0.0,9,0
2022-09-27T01:00:00,0.0,0.0,0.0,152.96,153.789,0.0,176.96,0.0,28.6,28.6,0.0,0.0,9,0
2022-09-27T02:00:00,0.0,0.0,0.0,143.45,144.064,0.0,167.45,0.0,28.4,28.4,0.0,0.0,7,0
2022-09-27T03:00:00,0.0,0.0,0.0,131.46,131.937,0.0,155.46,0.0,28.3,28.3,0.0,0.0,6,0
2022-09-27T04:00:00,0.0,0.0,0.0,118.46,118.863,0.0,142.46,0.0,28.2,28.2,0.0,0.0,6,0
2022-09-27T05:00:00,0.0,0.0,0.0,105.03,105.399,0.0,129.03,0.0,28.0,28.0,0.0,0.0,6,0
2022-09-27T06:00:00,0.0,0.0,0.0,91.45,91.809,0.0,115.45,0.0,27.9,27.9,0.0,0.0,7,0
2022-09-27T07:00:00,3.0,58.0,58.0,77.84,78.274,81.485,82.325,56.39,28.0,29.76,286.36,0.2864,7,0
2022-09-27T08:00:00,126.0,185.0,239.0,64.55,64.985,74.169,73.0,215.91,28.0,34.75,1076.87,1.0769,7,0
2022-09-27T09:00:00,30.0,225.0,244.0,51.75,52.239,64.895,64.529,230.28,27.9,35.1,1147.11,1.1471,7,0
2022-09-27T10:00:00,0.0,77.0,77.0,40.05,40.639,51.708,57.512,74.34,28.1,30.42,376.57,0.3766,6,0
2022-09-27T11:00:00,0.0,99.0,99.0,30.82,31.542,31.281,52.667,95.58,28.4,31.39,482.5,0.4825,6,0
2022-09-27T12:00:00,0.0,36.0,36.0,26.78,27.589,1.678,50.774,34.76,28.8,29.89,176.4,0.1764,6,0
2022-09-27T13:00:00,9.0,296.0,303.0,30.12,30.838,331.395,52.338,291.32,29.0,38.1,1435.33,1.4353,6,0
2022-09-27T14:00:00,37.0,317.0,345.0,38.99,39.545,310.007,56.939,326.46,29.1,39.3,1601.4,1.6014,6,0
2022-09-27T15:00:00,100.0,274.0,338.0,50.52,50.968,296.246,63.768,309.28,29.1,38.76,1520.1,1.5201,6,0
2022-09-27T16:00:00,0.0,32.0,32.0,63.25,63.631,286.678,72.125,30.89,29.1,30.07,156.7,0.1567,6,0
2022-09-27T17:00:00,0.0,37.0,37.0,76.51,76.881,279.22,81.388,35.72,29.0,30.12,181.15,0.1811,6,0
2022-09-27T18:00:00,0.0,0.0,0.0,89.65,90.4,0.0,113.65,0.0,29.0,29.0,0.0,0.0,7,7
2022-09-27T19:00:00,0.0,0.0,0.0,103.72,103.992,0.0,127.72,0.0,29.0,29.0,0.0,0.0,7,0
2022-09-27T20:00:00,0.0,0.0,0.0,117.2,117.478,0.0,141.2,0.0,29.1,29.1,0.0,0.0,7,0
2022-09-27T21:00:00,0.0,0.0,0.0,130.3,130.611,0.0,154.3,0.0,29.1,29.1,0.0,0.0,6,0
2022-09-27T22:00:00,0.0,0.0,0.0,142.49,142.88,0.0,166.49,0.0,29.1,29.1,0.0,0.0,7,0
2022-09-27T23:00:00,0.0,0.0,0.0,152.47,152.975,0.0,176.47,0.0,29.1,29.1,0.0,0.0,7,0
2022-09-28T00:00:00,0.0,0.0,0.0,157.04,158.049,0.0,178.96,0.0,29.0,29.0,0.0,0.0,7,0
2022-09-28T01:00:00,0.0,0.0,0.0,153.26,154.09,0.0,177.26,0.0,29.0,29.0,0.0,0.0,6,0
2022-09-28T02:00:00,0.0,0.0,0.0,143.65,144.259,0.0,167.65,0.0,29.0,29.0,0.0,0.0,6,0
2022-09-28T03:00:00,0.0,0.0,0.0,131.6,132.072,0.0,155.6,0.0,28.9,28.9,0.0,0.0,6,0
2022-09-28T04:00:00,0.0,0.0,0.0,118.57,118.967,0.0,142.57,0.0,28.9,28.9,0.0,0.0,6,0
2022-09-28T05:00:00,0.0,0.0,0.0,105.13,105.489,0.0,129.13,0.0,28.9,28.9,0.0,0.0,6,0
2022-09-28T06:00:00,0.0,0.0,0.0,91.54,91.898,0.0,115.54,0.0,28.9,28.9,0.0,0.0,6,0
2022-09-28T07:00:00,0.0,3.0,3.0,77.93,78.372,81.078,82.568,2.9,29.0,29.09,14.74,0.0147,6,0
2022-09-28T08:00:00,270.0,186.0,301.0,64.66,65.104,73.736,73.26,258.33,29.2,37.27,1276.66,1.2767,8,0
2022-09-28T09:00:00,629.0,138.0,526.0,51.9,52.396,64.416,64.819,404.2,29.4,42.03,1962.79,1.9628,8,0
2022-09-28T10:00:00,491.0,238.0,613.0,40.26,40.859,51.177,57.835,494.4,29.7,45.15,2372.9,2.3729,8,0
2022-09-28T11:00:00,653.0,199.0,758.0,31.12,31.855,30.776,53.025,589.71,29.9,48.33,2796.47,2.7965,8,0
2022-09-28T12:00:00,550.0,264.0,753.0,27.17,27.987,1.468,51.166,603.99,30.1,48.97,2857.14,2.8571,8,0
2022-09-28T13:00:00,799.0,109.0,797.0,30.51,31.237,331.578,52.739,594.93,30.2,48.79,2816.28,2.8163,7,0
2022-09-28T14:00:00,754.0,124.0,708.0,39.32,39.895,310.342,57.324,531.84,30.2,46.82,2536.56,2.5366,7,0
2022-09-28T15:00:00,537.0,171.0,510.0,50.81,51.273,296.598,64.143,402.21,30.1,42.67,1948.49,1.9485,8,0
2022-09-28T16:00:00,536.0,143.0,382.0,63.51,63.906,287.017,72.486,301.43,29.9,39.32,1478.48,1.4785,7,0
2022-09-28T17:00:00,149.0,113.0,147.0,76.76,77.138,279.548,81.746,130.78,29.7,33.79,654.53,0.6545,7,0
2022-09-28T18:00:00,0.0,0.0,0.0,89.86,90.649,0.0,113.86,0.0,29.4,29.4,0.0,0.0,6,7
2022-09-28T19:00:00,0.0,0.0,0.0,103.96,104.241,0.0,127.96,0.0,29.3,29.3,0.0,0.0,9,0
2022-09-28T20:00:00,0.0,0.0,0.0,117.45,117.738,0.0,141.45,0.0,29.3,29.3,0.0,0.0,6,0
2022-09-28T21:00:00,0.0,0.0,0.0,130.57,130.893,0.0,154.57,0.0,29.2,29.2,0.0,0.0,6,0
2022-09-28T22:00:00,0.0,0.0,0.0,142.81,143.204,0.0,166.81,0.0,29.1,29.1,0.0,0.0,7,0
2022-09-28T23:00:00,0.0,0.0,0.0,152.84,153.359,0.0,176.84,0.0,28.9,28.9,0.0,0.0,7,0
2022-09-29T00:00:00,0.0,0.0,0.0,157.43,158.451,0.0,178.57,0.0,28.7,28.7,0.0,0.0,6,0
2022-09-29T01:00:00,0.0,0.0,0.0,153.55,154.387,0.0,177.55,0.0,28.6,28.6,0.0,0.0,7,0
2022-09-29T02:00:00,0.0,0.0,0.0,143.85,144.452,0.0,167.85,0.0,28.5,28.5,0.0,0.0,7,0
2022-09-29T03:00:00,0.0,0.0,0.0,131.74,132.205,0.0,155.74,0.0,28.4,28.4,0.0,0.0,7,0
2022-09-29T04:00:00,0.0,0.0,0.0,118.67,119.07,0.0,142.67,0.0,28.3,28.3,0.0,0.0,7,0
2022-09-29T05:00:00,0.0,0.0,0.0,105.22,105.58,0.0,129.22,0.0,28.2,28.2,0.0,0.0,7,0
2022-09-29T06:00:00,0.0,0.0,0.0,91.63,91.988,0.0,115.63,0.0,28.2,28.2,0.0,0.0,7,0
2022-09-29T07:00:00,24.0,87.0,92.0,78.03,78.472,80.673,82.82,87.03,28.4,31.12,439.8,0.4398,7,0
2022-09-29T08:00:00,335.0,161.0,304.0,64.78,65.225,73.305,73.528,251.66,28.5,36.36,1247.81,1.2478,7,0
2022-09-29T09:00:00,477.0,174.0,467.0,52.05,52.556,63.941,65.108,371.29,28.5,40.1,1815.91,1.8159,8,0
2022-09-29T10:00:00,233.0,322.0,499.0,40.48,41.082,50.653,58.166,435.29,28.7,42.3,2111.63,2.1116,8,0
2022-09-29T11:00:00,246.0,360.0,570.0,31.42,32.17,30.283,53.381,496.1,29.0,44.5,2386.88,2.3869,7,0
2022-09-29T12:00:00,79.0,383.0,452.0,27.55,28.385,1.266,51.547,419.48,29.3,42.41,2034.11,2.0341,8,0
2022-09-29T13:00:00,74.0,367.0,431.0,30.9,31.635,331.758,53.139,399.25,29.3,41.78,1940.58,1.9406,8,0
2022-09-29T14:00:00,404.0,278.0,589.0,39.66,40.244,310.674,57.717,486.85,29.3,44.51,2342.28,2.3423,8,0
2022-09-29T15:00:00,180.0,275.0,388.0,51.11,51.578,296.948,64.527,343.88,29.2,39.95,1682.83,1.6828,8,0
2022-09-29T16:00:00,203.0,192.0,282.0,63.78,64.18,287.355,72.856,245.98,28.9,36.59,1218.66,1.2187,8,0
2022-09-29T17:00:00,243.0,97.0,152.0,77.0,77.394,279.875,82.095,127.54,28.7,32.69,640.88,0.6409,8,0
2022-09-29T18:00:00,0.0,0.0,0.0,90.06,90.896,0.0,114.06,0.0,28.3,28.3,0.0,0.0,3,0
2022-09-29T19:00:00,0.0,0.0,0.0,104.2,104.488,0.0,128.2,0.0,28.2,28.2,0.0,0.0,8,0
2022-09-29T20:00:00,0.0,0.0,0.0,117.7,117.995,0.0,141.7,0.0,28.1,28.1,0.0,0.0,0,0
2022-09-29T21:00:00,0.0,0.0,0.0,130.84,131.172,0.0,154.84,0.0,28.1,28.1,0.0,0.0,0,0
2022-09-29T22:00:00,0.0,0.0,0.0,143.12,143.524,0.0,167.12,0.0,28.0,28.0,0.0,0.0,0,0
2022-09-29T23:00:00,0.0,0.0,0.0,153.22,153.741,0.0,177.22,0.0,27.9,27.9,0.0,0.0,0,0
2022-09-30T00:00:00,0.0,0.0,0.0,157.82,158.852,0.0,178.18,0.0,27.7,27.7,0.0,0.0,0,0
2022-09-30T01:00:00,0.0,0.0,0.0,153.85,154.681,0.0,177.85,0.0,27.6,27.6,0.0,0.0,0,0
2022-09-30T02:00:00,0.0,0.0,0.0,144.04,144.641,0.0,168.04,0.0,27.6,27.6,0.0,0.0,0,0
2022-09-30T03:00:00,0.0,0.0,0.0,131.87,132.337,0.0,155.87,0.0,27.5,27.5,0.0,0.0,0,0
2022-09-30T04:00:00,0.0,0.0,0.0,118.78,119.173,0.0,142.78,0.0,27.4,27.4,0.0,0.0,0,0
2022-09-30T05:00:00,0.0,0.0,0.0,105.31,105.67,0.0,129.31,0.0,27.4,27.4,0.0,0.0,0,0
2022-09-30T06:00:00,0.0,0.0,0.0,91.72,92.078,0.0,115.72,0.0,27.5,27.5,0.0,0.0,0,0
2022-09-30T07:00:00,493.0,52.0,153.0,78.12,78.572,80.269,83.062,110.63,28.0,31.46,558.33,0.5583,0,0
2022-09-30T08:00:00,721.0,75.0,381.0,64.9,65.348,72.877,73.795,276.27,28.1,36.73,1368.0,1.368,0,0
2022-09-30T09:00:00,823.0,89.0,593.0,52.21,52.717,63.47,65.404,432.83,28.3,41.83,2103.4,2.1034,0,0
2022-09-30T10:00:00,877.0,97.0,761.0,40.69,41.307,50.137,58.485,557.82,28.5,45.93,2669.4,2.6694,1,0
2022-09-30T11:00:00,0.0,240.0,241.0,31.73,32.486,29.801,53.745,231.71,28.6,35.84,1151.09,1.1511,3,0
2022-09-30T12:00:00,910.0,101.0,905.0,27.94,28.782,1.072,51.938,665.49,28.7,49.5,3141.8,3.1418,1,0
2022-09-30T13:00:00,24.0,389.0,410.0,31.28,32.032,331.935,53.53,389.99,28.8,40.99,1901.15,1.9012,3,0
2022-09-30T14:00:00,133.0,398.0,500.0,39.99,40.593,311.001,58.101,455.4,28.8,43.03,2203.16,2.2032,3,0
2022-09-30T15:00:00,53.0,287.0,320.0,51.4,51.881,297.294,64.901,299.84,28.8,38.17,1476.94,1.4769,3,0
2022-09-30T16:00:00,751.0,67.0,395.0,64.04,64.453,287.691,73.216,284.38,28.7,37.59,1403.8,1.4038,0,0
2022-09-30T17:00:00,555.0,47.0,169.0,77.25,77.649,280.201,82.452,119.33,28.4,32.13,600.83,0.6008,0,0
2022-09-30T18:00:00,0.0,0.0,0.0,90.84,91.142,0.0,114.84,0.0,28.1,28.1,0.0,0.0,0,0
2022-09-30T19:00:00,0.0,0.0,0.0,104.44,104.734,0.0,128.44,0.0,27.9,27.9,0.0,0.0,3,0
2022-09-30T20:00:00,0.0,0.0,0.0,117.95,118.249,0.0,141.95,0.0,27.7,27.7,0.0,0.0,3,0
2022-09-30T21:00:00,0.0,0.0,0.0,131.11,131.448,0.0,155.11,0.0,27.6,27.6,0.0,0.0,3,0
2022-09-30T22:00:00,0.0,0.0,0.0,143.43,143.841,0.0,167.43,0.0,27.4,27.4,0.0,0.0,3,0
2022-09-30T23:00:00,0.0,0.0,0.0,153.59,154.121,0.0,177.59,0.0,27.3,27.3,0.0,0.0,1,0
2022-10-01T00:00:00,0.0,0.0,0.0,158.21,159.251,0.0,177.79,0.0,27.3,27.3,0.0,0.0,3,0
2022-10-01T01:00:00,0.0,0.0,0.0,154.14,154.972,0.0,178.14,0.0,27.2,27.2,0.0,0.0,0,0
2022-10-01T02:00:00,0.0,0.0,0.0,144.23,144.828,0.0,168.23,0.0,27.1,27.1,0.0,0.0,0,0
2022-10-01T03:00:00,0.0,0.0,0.0,132.0,132.467,0.0,156.0,0.0,27.1,27.1,0.0,0.0,0,0
2022-10-01T04:00:00,0.0,0.0,0.0,118.88,119.275,0.0,142.88,0.0,27.1,27.1,0.0,0.0,0,0
2022-10-01T05:00:00,0.0,0.0,0.0,105.4,105.761,0.0,129.4,0.0,27.1,27.1,0.0,0.0,0,0
2022-10-01T06:00:00,0.0,0.0,0.0,91.81,92.169,0.0,115.81,0.0,27.3,27.3,0.0,0.0,0,0
2022-10-01T07:00:00,551.0,42.0,155.0,78.22,78.674,79.868,83.312,105.69,27.8,31.1,534.12,0.5341,0,0
2022-10-01T08:00:00,750.0,63.0,380.0,65.02,65.473,72.451,74.06,269.53,28.1,36.52,1335.67,1.3357,0,0
2022-10-01T09:00:00,841.0,75.0,588.0,52.37,52.882,63.003,65.698,422.95,28.4,41.62,2057.01,2.057,0,0
2022-10-01T10:00:00,898.0,77.0,755.0,40.91,41.534,49.627,58.811,545.24,28.7,45.74,2611.13,2.6111,0,0
2022-10-01T11:00:00,920.0,82.0,862.0,32.04,32.804,29.331,54.107,625.28,29.0,48.54,2962.78,2.9628,1,0
2022-10-01T12:00:00,924.0,86.0,899.0,28.33,29.179,0.885,52.328,654.74,29.3,49.76,3087.93,3.0879,0,0
2022-10-01T13:00:00,459.0,350.0,741.0,31.66,32.428,332.111,53.921,611.58,29.5,48.61,2897.07,2.8971,2,0
2022-10-01T14:00:00,185.0,330.0,471.0,40.33,40.941,311.323,58.493,416.49,29.5,42.52,2018.8,2.0188,7,0
2022-10-01T15:00:00,9.0,185.0,190.0,51.69,52.184,297.638,65.275,182.41,29.5,35.2,908.29,0.9083,7,0
2022-10-01T16:00:00,135.0,182.0,241.0,64.3,64.725,288.025,73.575,214.39,29.4,36.1,1064.04,1.064,7,0
2022-10-01T17:00:00,534.0,48.0,163.0,77.49,77.902,280.526,82.8,114.27,29.2,32.77,573.99,0.574,0,0
2022-10-01T18:00:00,0.0,0.0,0.0,91.07,91.386,0.0,115.07,0.0,28.8,28.8,0.0,0.0,0,0
2022-10-01T19:00:00,0.0,0.0,0.0,104.68,104.977,0.0,128.68,0.0,28.7,28.7,0.0,0.0,0,0
2022-10-01T20:00:00,0.0,0.0,0.0,118.19,118.501,0.0,142.19,0.0,28.6,28.6,0.0,0.0,0,0
2022-10-01T21:00:00,0.0,0.0,0.0,131.38,131.721,0.0,155.38,0.0,28.6,28.6,0.0,0.0,0,0
2022-10-01T22:00:00,0.0,0.0,0.0,143.74,144.155,0.0,167.74,0.0,28.4,28.4,0.0,0.0,0,0
2022-10-01T23:00:00,0.0,0.0,0.0,153.95,154.498,0.0,177.95,0.0,28.2,28.2,0.0,0.0,0,0
2022-10-02T00:00:00,0.0,0.0,0.0,158.6,159.649,0.0,177.4,0.0,28.0,28.0,0.0,0.0,0,0
2022-10-02T01:00:00,0.0,0.0,0.0,154.42,155.26,0.0,178.42,0.0,27.7,27.7,0.0,0.0,0,0
2022-10-02T02:00:00,0.0,0.0,0.0,144.42,145.012,0.0,168.42,0.0,27.4,27.4,0.0,0.0,0,0
2022-10-02T03:00:00,0.0,0.0,0.0,132.13,132.595,0.0,156.13,0.0,27.1,27.1,0.0,0.0,0,0
2022-10-02T04:00:00,0.0,0.0,0.0,118.98,119.376,0.0,142.98,0.0,27.0,27.0,0.0,0.0,0,0
2022-10-02T05:00:00,0.0,0.0,0.0,105.49,105.851,0.0,129.49,0.0,26.8,26.8,0.0,0.0,0,0
2022-10-02T06:00:00,0.0,0.0,0.0,91.9,92.261,0.0,115.9,0.0,26.8,26.8,0.0,0.0,0,0
2022-10-02T07:00:00,0.0,47.0,47.0,78.32,78.777,79.469,83.561,45.37,27.1,28.52,231.42,0.2314,3,0
2022-10-02T08:00:00,24.0,196.0,206.0,65.14,65.599,72.029,74.324,195.79,27.2,33.32,981.59,0.9816,3,0
2022-10-02T09:00:00,76.0,309.0,356.0,52.53,53.048,62.541,65.99,329.64,27.3,37.6,1627.13,1.6271,3,0
2022-10-02T10:00:00,141.0,394.0,501.0,41.13,41.764,49.126,59.135,453.64,27.5,41.68,2205.74,2.2057,2,0
2022-10-02T11:00:00,929.0,82.0,867.0,32.35,33.123,28.873,54.467,625.86,27.9,47.46,2977.75,2.9778,0,0
2022-10-02T12:00:00,938.0,83.0,906.0,28.71,29.574,0.707,52.709,655.55,28.1,48.59,3105.64,3.1056,0,0
2022-10-02T13:00:00,929.0,83.0,870.0,32.05,32.822,332.284,54.322,628.76,28.3,47.95,2985.97,2.986,0,0
2022-10-02T14:00:00,905.0,80.0,766.0,40.67,41.287,311.642,58.884,550.84,28.4,45.61,2639.18,2.6392,0,0
2022-10-02T15:00:00,852.0,76.0,601.0,51.98,52.486,297.979,65.647,429.24,28.4,41.81,2086.06,2.0861,0,0
2022-10-02T16:00:00,752.0,67.0,390.0,64.56,64.996,288.357,73.934,275.59,28.3,36.91,1363.75,1.3638,0,0
2022-10-02T17:00:00,2.0,85.0,86.0,77.73,78.154,280.851,83.147,82.31,28.2,30.77,416.43,0.4164,3,0
2022-10-02T18:00:00,0.0,0.0,0.0,91.31,91.628,0.0,115.31,0.0,27.9,27.9,0.0,0.0,0,0
2022-10-02T19:00:00,0.0,0.0,0.0,104.91,105.217,0.0,128.91,0.0,27.9,27.9,0.0,0.0,0,0
2022-10-02T20:00:00,0.0,0.0,0.0,118.44,118.749,0.0,142.44,0.0,27.7,27.7,0.0,0.0,0,0
2022-10-02T21:00:00,0.0,0.0,0.0,131.64,131.99,0.0,155.64,0.0,27.6,27.6,0.0,0.0,0,0
2022-10-02T22:00:00,0.0,0.0,0.0,144.04,144.464,0.0,168.04,0.0,27.5,27.5,0.0,0.0,0,0
2022-10-02T23:00:00,0.0,0.0,0.0,154.32,154.872,0.0,178.32,0.0,27.4,27.4,0.0,0.0,0,0
2022-10-03T00:00:00,0.0,0.0,0.0,158.99,160.045,0.0,177.01,0.0,27.4,27.4,0.0,0.0,0,0
2022-10-03T01:00:00,0.0,0.0,0.0,154.71,155.545,0.0,178.71,0.0,27.3,27.3,0.0,0.0,0,0
2022-10-03T02:00:00,0.0,0.0,0.0,144.6,145.193,0.0,168.6,0.0,27.3,27.3,0.0,0.0,0,0
2022-10-03T03:00:00,0.0,0.0,0.0,132.26,132.722,0.0,156.26,0.0,27.2,27.2,0.0,0.0,0,0
2022-10-03T04:00:00,0.0,0.0,0.0,119.09,119.476,0.0,143.09,0.0,27.2,27.2,0.0,0.0,0,0
2022-10-03T05:00:00,0.0,0.0,0.0,105.58,105.942,0.0,129.58,0.0,27.2,27.2,0.0,0.0,0,0
2022-10-03T06:00:00,0.0,0.0,0.0,91.99,92.353,0.0,115.99,0.0,27.4,27.4,0.0,0.0,0,0
2022-10-03T07:00:00,539.0,46.0,154.0,78.42,78.882,79.072,83.809,103.47,28.1,31.33,522.45,0.5224,1,0
2022-10-03T08:00:00,5.0,158.0,160.0,65.26,65.728,71.609,74.587,153.88,28.4,33.21,771.78,0.7718,3,0
2022-10-03T09:00:00,851.0,79.0,595.0,52.69,53.217,62.083,66.28,423.05,28.6,41.82,2055.94,2.0559,0,0
2022-10-03T10:00:00,112.0,386.0,471.0,41.36,41.996,48.632,59.466,430.29,29.0,42.45,2086.23,2.0862,3,0
2022-10-03T11:00:00,198.0,447.0,614.0,32.66,33.443,28.426,54.825,547.05,29.3,46.4,2613.29,2.6133,2,0
2022-10-03T12:00:00,0.0,206.0,207.0,29.1,29.968,0.536,53.099,198.88,29.6,35.82,988.12,0.9881,2,0
2022-10-03T13:00:00,81.0,413.0,481.0,32.43,33.215,332.455,54.712,446.1,29.8,43.74,2152.44,2.1524,2,0
2022-10-03T14:00:00,883.0,96.0,762.0,41.0,41.632,311.957,59.266,549.7,29.9,47.08,2619.18,2.6192,0,0
2022-10-03T15:00:00,824.0,90.0,594.0,52.27,52.787,298.317,66.018,426.15,29.9,43.22,2060.25,2.0602,0,0
2022-10-03T16:00:00,720.0,77.0,383.0,64.82,65.266,288.688,74.292,271.92,29.7,38.2,1339.25,1.3392,0,0
2022-10-03T17:00:00,501.0,52.0,156.0,77.98,78.404,281.174,83.503,107.79,29.3,32.67,541.67,0.5417,0,0
2022-10-03T18:00:00,0.0,0.0,0.0,91.54,91.868,0.0,115.54,0.0,28.9,28.9,0.0,0.0,0,0
2022-10-03T19:00:00,0.0,0.0,0.0,105.14,105.455,0.0,129.14,0.0,28.7,28.7,0.0,0.0,0,0
2022-10-03T20:00:00,0.0,0.0,0.0,118.68,118.995,0.0,142.68,0.0,28.5,28.5,0.0,0.0,0,0
2022-10-03T21:00:00,0.0,0.0,0.0,131.91,132.256,0.0,155.91,0.0,28.3,28.3,0.0,0.0,0,0
2022-10-03T22:00:00,0.0,0.0,0.0,144.35,144.771,0.0,168.35,0.0,28.1,28.1,0.0,0.0,0,0
2022-10-03T23:00:00,0.0,0.0,0.0,154.68,155.243,0.0,178.68,0.0,27.9,27.9,0.0,0.0,0,0
2022-10-04T00:00:00,0.0,0.0,0.0,159.38,160.44,0.0,176.62,0.0,27.7,27.7,0.0,0.0,0,0
2022-10-04T01:00:00,0.0,0.0,0.0,154.99,155.826,0.0,178.99,0.0,27.6,27.6,0.0,0.0,0,0
2022-10-04T02:00:00,0.0,0.0,0.0,144.78,145.372,0.0,168.78,0.0,27.4,27.4,0.0,0.0,3,0
2022-10-04T03:00:00,0.0,0.0,0.0,132.39,132.847,0.0,156.39,0.0,27.2,27.2,0.0,0.0,0,0
2022-10-04T04:00:00,0.0,0.0,0.0,119.19,119.576,0.0,143.19,0.0,27.0,27.0,0.0,0.0,0,0
2022-10-04T05:00:00,0.0,0.0,0.0,105.67,106.033,0.0,129.67,0.0,26.9,26.9,0.0,0.0,0,0
2022-10-04T06:00:00,0.0,0.0,0.0,92.08,92.447,0.0,116.08,0.0,26.9,26.9,0.0,0.0,3,0
2022-10-04T07:00:00,485.0,51.0,147.0,78.53,78.988,78.677,84.065,100.22,27.2,30.33,507.83,0.5078,0,0
2022-10-04T08:00:00,24.0,200.0,210.0,65.39,65.858,71.193,74.857,199.44,27.3,33.53,999.1,0.9991,3,0
2022-10-04T09:00:00,831.0,84.0,586.0,52.85,53.388,61.63,66.569,415.88,27.5,40.5,2031.03,2.031,0,0
2022-10-04T10:00:00,892.0,88.0,756.0,41.58,42.231,48.146,59.785,539.63,27.9,44.76,2593.76,2.5938,0,0
2022-10-04T11:00:00,47.0,399.0,439.0,32.97,33.764,27.99,55.182,412.38,28.2,41.09,2009.55,2.0095,3,0
2022-10-04T12:00:00,0.0,127.0,127.0,29.48,30.361,0.372,53.48,122.61,28.5,32.33,616.87,0.6169,2,0
2022-10-04T13:00:00,0.0,231.0,231.0,32.81,33.605,332.624,55.103,223.01,28.5,35.47,1109.38,1.1094,3,0
2022-10-04T14:00:00,2.0,289.0,291.0,41.33,41.976,312.268,59.646,280.03,28.5,37.25,1384.02,1.384,3,0
2022-10-04T15:00:00,0.0,26.0,26.0,52.56,53.087,298.652,66.389,25.1,28.4,29.18,127.72,0.1277,3,0
2022-10-04T16:00:00,747.0,68.0,383.0,65.08,65.534,289.017,74.649,266.13,28.2,36.52,1318.82,1.3188,1,0
2022-10-04T17:00:00,1.0,59.0,59.0,78.22,78.652,281.496,83.849,57.07,27.9,29.68,289.85,0.2898,3,0
2022-10-04T18:00:00,0.0,0.0,0.0,91.77,92.106,0.0,115.77,0.0,27.5,27.5,0.0,0.0,0,0
2022-10-04T19:00:00,0.0,0.0,0.0,105.37,105.691,0.0,129.37,0.0,27.4,27.4,0.0,0.0,0,0
2022-10-04T20:00:00,0.0,0.0,0.0,118.91,119.237,0.0,142.91,0.0,27.2,27.2,0.0,0.0,0,0
2022-10-04T21:00:00,0.0,0.0,0.0,132.16,132.519,0.0,156.16,0.0,27.1,27.1,0.0,0.0,0,0
2022-10-04T22:00:00,0.0,0.0,0.0,144.64,145.073,0.0,168.64,0.0,26.9,26.9,0.0,0.0,0,0
2022-10-04T23:00:00,0.0,0.0,0.0,155.05,155.611,0.0,179.05,0.0,26.8,26.8,0.0,0.0,0,0
2022-10-05T00:00:00,0.0,0.0,0.0,159.76,160.832,0.0,176.24,0.0,26.8,26.8,0.0,0.0,0,0
2022-10-05T01:00:00,0.0,0.0,0.0,155.27,156.104,0.0,179.27,0.0,26.7,26.7,0.0,0.0,0,0
2022-10-05T02:00:00,0.0,0.0,0.0,144.96,145.547,0.0,168.96,0.0,26.6,26.6,0.0,0.0,0,0
2022-10-05T03:00:00,0.0,0.0,0.0,132.52,132.97,0.0,156.52,0.0,26.6,26.6,0.0,0.0,0,0
2022-10-05T04:00:00,0.0,0.0,0.0,119.29,119.676,0.0,143.29,0.0,26.5,26.5,0.0,0.0,0,0
2022-10-05T05:00:00,0.0,0.0,0.0,105.76,106.125,0.0,129.76,0.0,26.4,26.4,0.0,0.0,0,0
2022-10-05T06:00:00,0.0,0.0,0.0,92.18,92.541,0.0,116.18,0.0,26.5,26.5,0.0,0.0,1,0
2022-10-05T07:00:00,570.0,41.0,153.0,78.63,79.096,78.285,84.311,97.06,27.1,30.13,492.18,0.4922,0,0
2022-10-05T08:00:00,778.0,60.0,382.0,65.52,65.991,70.78,75.126,260.42,27.3,35.44,1295.59,1.2956,0,0
2022-10-05T09:00:00,870.0,71.0,594.0,53.02,53.561,61.182,66.864,414.9,27.6,40.57,2025.71,2.0257,0,0
2022-10-05T10:00:00,923.0,74.0,762.0,41.81,42.467,47.667,60.111,537.33,27.9,44.69,2583.42,2.5834,0,0
2022-10-05T11:00:00,15.0,379.0,392.0,33.28,34.086,27.566,55.537,374.49,28.2,39.9,1832.93,1.8329,3,0
2022-10-05T12:00:00,344.0,423.0,721.0,29.87,30.753,0.216,53.87,613.78,28.3,47.48,2920.02,2.92,3,0
2022-10-05T13:00:00,0.0,61.0,61.0,33.19,33.994,332.792,55.494,58.89,28.4,30.24,298.52,0.2985,3,0
2022-10-05T14:00:00,1.0,240.0,240.0,41.67,42.319,312.575,60.036,232.2,28.4,35.66,1154.3,1.1543,3,0
2022-10-05T15:00:00,7.0,247.0,251.0,52.85,53.385,298.984,66.759,241.26,28.3,35.84,1198.52,1.1985,3,0
2022-10-05T16:00:00,0.0,62.0,62.0,65.34,65.801,289.343,75.006,59.86,28.2,30.07,303.6,0.3036,3,0
2022-10-05T17:00:00,15.0,96.0,99.0,78.45,78.899,281.817,84.186,94.23,27.9,30.84,476.6,0.4766,3,0
2022-10-05T18:00:00,0.0,0.0,0.0,92.0,92.341,0.0,116.0,0.0,27.5,27.5,0.0,0.0,1,0
2022-10-05T19:00:00,0.0,0.0,0.0,105.6,105.923,0.0,129.6,0.0,27.4,27.4,0.0,0.0,0,0
2022-10-05T20:00:00,0.0,0.0,0.0,119.15,119.476,0.0,143.15,0.0,27.3,27.3,0.0,0.0,0,0
2022-10-05T21:00:00,0.0,0.0,0.0,132.42,132.777,0.0,156.42,0.0,27.3,27.3,0.0,0.0,0,0
2022-10-05T22:00:00,0.0,0.0,0.0,144.94,145.371,0.0,168.94,0.0,27.2,27.2,0.0,0.0,0,0
2022-10-05T23:00:00,0.0,0.0,0.0,155.41,155.976,0.0,179.41,0.0,27.1,27.1,0.0,0.0,0,0
2022-10-06T00:00:00,0.0,0.0,0.0,160.15,161.223,0.0,175.85,0.0,27.0,27.0,0.0,0.0,0,0
2022-10-06T01:00:00,0.0,0.0,0.0,155.55,156.378,0.0,179.55,0.0,26.9,26.9,0.0,0.0,0,0
2022-10-06T02:00:00,0.0,0.0,0.0,145.14,145.72,0.0,169.14,0.0,26.8,26.8,0.0,0.0,0,0
2022-10-06T03:00:00,0.0,0.0,0.0,132.64,133.092,0.0,156.64,0.0,26.7,26.7,0.0,0.0,1,0
2022-10-06T04:00:00,0.0,0.0,0.0,119.39,119.775,0.0,143.39,0.0,26.6,26.6,0.0,0.0,0,0
2022-10-06T05:00:00,0.0,0.0,0.0,105.85,106.216,0.0,129.85,0.0,26.5,26.5,0.0,0.0,0,0
2022-10-06T06:00:00,0.0,0.0,0.0,92.27,92.636,0.0,116.27,0.0,26.6,26.6,0.0,0.0,1,0
2022-10-06T07:00:00,565.0,41.0,151.0,78.74,79.205,77.896,84.564,94.06,27.1,30.04,477.12,0.4771,0,0
2022-10-06T08:00:00,772.0,60.0,378.0,65.65,66.125,70.371,75.393,255.36,27.3,35.28,1271.17,1.2712,0,0
2022-10-06T09:00:00,24.0,266.0,281.0,53.19,53.737,60.739,67.158,266.25,27.6,35.92,1322.29,1.3223,3,0
2022-10-06T10:00:00,913.0,75.0,754.0,42.04,42.706,47.197,60.436,528.75,27.9,44.42,2544.72,2.5447,0,0
2022-10-06T11:00:00,937.0,79.0,860.0,33.6,34.409,27.154,55.9,608.33,28.1,47.11,2898.2,2.8982,1,0
2022-10-06T12:00:00,943.0,82.0,897.0,30.25,31.143,0.067,54.25,637.16,28.3,48.21,3022.84,3.0228,0,0
2022-10-06T13:00:00,154.0,436.0,565.0,33.57,34.38,332.958,55.885,508.41,28.3,44.19,2448.99,2.449,2,0
2022-10-06T14:00:00,906.0,81.0,754.0,42.0,42.659,312.879,60.416,531.31,28.4,45.0,2551.49,2.5515,0,0
2022-10-06T15:00:00,851.0,75.0,586.0,53.14,53.681,299.313,67.128,407.59,28.3,41.04,1986.54,1.9865,0,0
2022-10-06T16:00:00,751.0,65.0,375.0,65.6,66.066,289.668,75.361,255.23,28.1,36.08,1266.83,1.2668,0,0
2022-10-06T17:00:00,535.0,44.0,149.0,78.69,79.143,282.136,84.531,94.38,27.7,30.65,477.71,0.4777,0,0
2022-10-06T18:00:00,0.0,0.0,0.0,92.23,92.573,0.0,116.23,0.0,27.4,27.4,0.0,0.0,1,0
2022-10-06T19:00:00,0.0,0.0,0.0,105.83,106.153,0.0,129.83,0.0,27.3,27.3,0.0,0.0,1,0
2022-10-06T20:00:00,0.0,0.0,0.0,119.38,119.712,0.0,143.38,0.0,27.3,27.3,0.0,0.0,0,0
2022-10-06T21:00:00,0.0,0.0,0.0,132.67,133.031,0.0,156.67,0.0,27.3,27.3,0.0,0.0,3,0
2022-10-06T22:00:00,0.0,0.0,0.0,145.23,145.664,0.0,169.23,0.0,27.3,27.3,0.0,0.0,3,0
2022-10-06T23:00:00,0.0,0.0,0.0,155.76,156.337,0.0,179.76,0.0,27.2,27.2,0.0,0.0,3,0
2022-10-07T00:00:00,0.0,0.0,0.0,160.53,161.611,0.0,175.47,0.0,27.2,27.2,0.0,0.0,3,1
2022-10-07T01:00:00,0.0,0.0,0.0,155.82,156.648,0.0,179.82,0.0,27.1,27.1,0.0,0.0,3,0
2022-10-07T02:00:00,0.0,0.0,0.0,145.32,145.89,0.0,169.32,0.0,27.0,27.0,0.0,0.0,0,0
2022-10-07T03:00:00,0.0,0.0,0.0,132.77,133.213,0.0,156.77,0.0,27.0,27.0,0.0,0.0,0,0
2022-10-07T04:00:00,0.0,0.0,0.0,119.49,119.873,0.0,143.49,0.0,27.0,27.0,0.0,0.0,1,0
2022-10-07T05:00:00,0.0,0.0,0.0,105.95,106.308,0.0,129.95,0.0,27.0,27.0,0.0,0.0,1,0
2022-10-07T06:00:00,0.0,0.0,0.0,92.37,92.733,0.0,116.37,0.0,27.1,27.1,0.0,0.0,0,0
2022-10-07T07:00:00,497.0,47.0,144.0,78.84,79.315,77.509,84.807,91.2,27.6,30.45,461.94,0.4619,0,0
2022-10-07T08:00:00,723.0,72.0,368.0,65.78,66.261,69.965,75.659,251.15,27.9,35.75,1248.1,1.2481,0,0
2022-10-07T09:00:00,817.0,89.0,576.0,53.36,53.914,60.301,67.45,403.45,28.1,40.71,1968.77,1.9688,0,0
2022-10-07T10:00:00,888.0,88.0,745.0,42.27,42.946,46.736,60.758,524.43,28.4,44.79,2520.47,2.5205,0,0
2022-10-07T11:00:00,907.0,96.0,849.0,33.91,34.732,26.753,56.252,603.06,28.7,47.55,2868.34,2.8683,0,0
2022-10-07T12:00:00,908.0,101.0,883.0,30.63,31.531,359.926,54.63,629.87,28.8,48.48,2985.15,2.9852,0,0
2022-10-07T13:00:00,1.0,300.0,301.0,33.95,34.764,333.123,56.276,290.19,28.9,37.97,1430.45,1.4305,2,0
2022-10-07T14:00:00,122.0,387.0,477.0,42.33,42.998,313.179,60.795,433.92,28.9,42.46,2103.75,2.1037,3,0
2022-10-07T15:00:00,94.0,317.0,373.0,53.43,53.976,299.64,67.496,342.5,28.7,39.4,1679.43,1.6794,3,0
2022-10-07T16:00:00,49.0,214.0,234.0,65.85,66.328,289.991,75.707,218.87,28.4,35.24,1089.68,1.0897,3,0
2022-10-07T17:00:00,0.0,27.0,27.0,78.93,79.385,282.455,84.875,26.07,28.1,28.91,132.76,0.1328,3,0
2022-10-07T18:00:00,0.0,0.0,0.0,92.46,92.803,0.0,116.46,0.0,27.8,27.8,0.0,0.0,3,0
2022-10-07T19:00:00,0.0,0.0,0.0,106.05,106.379,0.0,130.05,0.0,27.7,27.7,0.0,0.0,3,0
2022-10-07T20:00:00,0.0,0.0,0.0,119.61,119.944,0.0,143.61,0.0,27.7,27.7,0.0,0.0,1,0
2022-10-07T21:00:00,0.0,0.0,0.0,132.92,133.281,0.0,156.92,0.0,27.6,27.6,0.0,0.0,1,0
2022-10-07T22:00:00,0.0,0.0,0.0,145.52,145.953,0.0,169.52,0.0,27.5,27.5,0.0,0.0,3,0
2022-10-07T23:00:00,0.0,0.0,0.0,156.11,156.695,0.0,179.89,0.0,27.5,27.5,0.0,0.0,3,0
2022-10-08T00:00:00,0.0,0.0,0.0,160.91,161.998,0.0,175.09,0.0,27.6,27.6,0.0,0.0,3,0
2022-10-08T01:00:00,0.0,0.0,0.0,156.09,156.915,0.0,179.91,0.0,27.6,27.6,0.0,0.0,3,0
2022-10-08T02:00:00,0.0,0.0,0.0,145.49,146.058,0.0,169.49,0.0,27.7,27.7,0.0,0.0,0,0
2022-10-08T03:00:00,0.0,0.0,0.0,132.89,133.332,0.0,156.89,0.0,27.7,27.7,0.0,0.0,0,0
2022-10-08T04:00:00,0.0,0.0,0.0,119.59,119.971,0.0,143.59,0.0,27.6,27.6,0.0,0.0,3,0
2022-10-08T05:00:00,0.0,0.0,0.0,106.04,106.4,0.0,130.04,0.0,27.5,27.5,0.0,0.0,3,0
2022-10-08T06:00:00,0.0,0.0,0.0,92.46,92.83,0.0,116.46,0.0,27.5,27.5,0.0,0.0,0,0
2022-10-08T07:00:00,480.0,47.0,139.0,78.95,79.427,77.126,85.058,87.52,28.0,30.74,442.87,0.4429,0,0
2022-10-08T08:00:00,704.0,72.0,360.0,65.91,66.4,69.563,75.923,243.23,28.2,35.8,1208.52,1.2085,0,0
2022-10-08T09:00:00,807.0,86.0,566.0,53.53,54.094,59.869,67.739,392.89,28.5,40.78,1916.73,1.9167,0,0
2022-10-08T10:00:00,873.0,89.0,732.0,42.51,43.188,46.282,61.087,513.56,28.9,44.95,2466.75,2.4668,0,0
2022-10-08T11:00:00,902.0,91.0,837.0,34.23,35.056,26.362,56.612,590.68,29.2,47.66,2808.22,2.8082,0,0
2022-10-08T12:00:00,913.0,90.0,873.0,31.01,31.918,359.791,55.01,617.2,29.4,48.69,2922.85,2.9229,0,0
2022-10-08T13:00:00,886.0,101.0,832.0,34.32,35.146,333.287,56.657,590.82,29.5,47.96,2805.64,2.8056,1,0
2022-10-08T14:00:00,860.0,94.0,727.0,42.66,43.334,313.476,61.173,510.89,29.5,45.47,2449.12,2.4491,1,0
2022-10-08T15:00:00,475.0,184.0,466.0,53.71,54.269,299.964,67.855,359.13,29.4,40.62,1753.06,1.7531,8,0
2022-10-08T16:00:00,567.0,125.0,355.0,66.11,66.589,290.312,76.062,259.24,29.1,37.2,1281.49,1.2815,7,0
2022-10-08T17:00:00,35.0,88.0,94.0,79.16,79.624,282.772,85.21,87.93,28.8,31.55,443.65,0.4436,8,0
2022-10-08T18:00:00,0.0,0.0,0.0,92.68,93.031,0.0,116.68,0.0,28.5,28.5,0.0,0.0,7,0
2022-10-08T19:00:00,0.0,0.0,0.0,106.27,106.602,0.0,130.27,0.0,28.4,28.4,0.0,0.0,0,0
2022-10-08T20:00:00,0.0,0.0,0.0,119.84,120.172,0.0,143.84,0.0,28.3,28.3,0.0,0.0,3,0
2022-10-08T21:00:00,0.0,0.0,0.0,133.16,133.527,0.0,157.16,0.0,28.3,28.3,0.0,0.0,3,0
2022-10-08T22:00:00,0.0,0.0,0.0,145.8,146.238,0.0,169.8,0.0,28.2,28.2,0.0,0.0,0,0
2022-10-08T23:00:00,0.0,0.0,0.0,156.47,157.048,0.0,179.53,0.0,28.1,28.1,0.0,0.0,7,0
2022-10-09T00:00:00,0.0,0.0,0.0,161.29,162.382,0.0,174.71,0.0,27.9,27.9,0.0,0.0,7,0
2022-10-09T01:00:00,0.0,0.0,0.0,156.36,157.179,0.0,179.64,0.0,27.8,27.8,0.0,0.0,7,0
2022-10-09T02:00:00,0.0,0.0,0.0,145.66,146.223,0.0,169.66,0.0,27.7,27.7,0.0,0.0,5,0
2022-10-09T03:00:00,0.0,0.0,0.0,133.01,133.45,0.0,157.01,0.0,27.7,27.7,0.0,0.0,0,0
2022-10-09T04:00:00,0.0,0.0,0.0,119.69,120.069,0.0,143.69,0.0,27.7,27.7,0.0,0.0,1,0
2022-10-09T05:00:00,0.0,0.0,0.0,106.13,106.493,0.0,130.13,0.0,27.8,27.8,0.0,0.0,7,0
2022-10-09T06:00:00,0.0,0.0,0.0,92.56,92.928,0.0,116.56,0.0,28.0,28.0,0.0,0.0,0,0
2022-10-09T07:00:00,470.0,48.0,137.0,79.06,79.541,76.746,85.307,85.56,28.6,31.27,432.12,0.4321,0,0
2022-10-09T08:00:00,699.0,74.0,357.0,66.05,66.539,69.165,76.194,240.69,29.0,36.52,1192.76,1.1928,0,0
2022-10-09T09:00:00,801.0,90.0,564.0,53.71,54.276,59.442,68.036,390.58,29.4,41.61,1899.64,1.8996,0,0
2022-10-09T10:00:00,866.0,96.0,732.0,42.75,43.432,45.837,61.414,512.54,29.7,45.72,2454.74,2.4547,0,0
2022-10-09T11:00:00,892.0,104.0,838.0,34.55,35.38,25.984,56.971,592.95,29.9,48.43,2810.77,2.8108,0,0
2022-10-09T12:00:00,902.0,105.0,875.0,31.39,32.303,359.663,55.39,620.35,30.0,49.39,2929.94,2.9299,0,0
2022-10-09T13:00:00,894.0,104.0,839.0,34.7,35.525,333.449,57.048,593.04,30.0,48.53,2810.08,2.8101,0,0
2022-10-09T14:00:00,751.0,127.0,676.0,42.99,43.668,313.77,61.551,485.11,30.0,45.16,2328.26,2.3283,7,0
2022-10-09T15:00:00,547.0,170.0,491.0,54.0,54.559,300.285,68.221,369.85,29.9,41.46,1799.78,1.7998,8,0
2022-10-09T16:00:00,255.0,169.0,272.0,66.36,66.847,290.631,76.406,223.98,29.7,36.7,1109.21,1.1092,7,0
2022-10-09T17:00:00,15.0,73.0,76.0,79.39,79.861,283.088,85.545,71.67,29.4,31.64,361.47,0.3615,7,0
2022-10-09T18:00:00,0.0,0.0,0.0,92.9,93.255,0.0,116.9,0.0,29.1,29.1,0.0,0.0,7,0
2022-10-09T19:00:00,0.0,0.0,0.0,106.49,106.822,0.0,130.49,0.0,29.0,29.0,0.0,0.0,7,0
2022-10-09T20:00:00,0.0,0.0,0.0,120.06,120.396,0.0,144.06,0.0,29.0,29.0,0.0,0.0,0,0
2022-10-09T21:00:00,0.0,0.0,0.0,133.41,133.768,0.0,157.41,0.0,28.9,28.9,0.0,0.0,0,0
2022-10-09T22:00:00,0.0,0.0,0.0,146.08,146.517,0.0,170.08,0.0,28.8,28.8,0.0,0.0,0,0
2022-10-09T23:00:00,0.0,0.0,0.0,156.81,157.397,0.0,179.19,0.0,28.7,28.7,0.0,0.0,0,0
2022-10-10T00:00:00,0.0,0.0,0.0,161.67,162.763,0.0,174.33,0.0,28.6,28.6,0.0,0.0,0,0
2022-10-10T01:00:00,0.0,0.0,0.0,156.62,157.438,0.0,179.38,0.0,28.6,28.6,0.0,0.0,0,0
2022-10-10T02:00:00,0.0,0.0,0.0,145.83,146.385,0.0,169.83,0.0,28.5,28.5,0.0,0.0,0,0
2022-10-10T03:00:00,0.0,0.0,0.0,133.13,133.567,0.0,157.13,0.0,28.4,28.4,0.0,0.0,0,0
2022-10-10T04:00:00,0.0,0.0,0.0,119.79,120.167,0.0,143.79,0.0,28.2,28.2,0.0,0.0,0,0
2022-10-10T05:00:00,0.0,0.0,0.0,106.23,106.586,0.0,130.23,0.0,28.1,28.1,0.0,0.0,0,0
2022-10-10T06:00:00,0.0,0.0,0.0,92.66,93.027,0.0,116.66,0.0,28.1,28.1,0.0,0.0,0,0
2022-10-10T07:00:00,1.0,67.0,67.0,79.17,79.655,76.369,85.555,64.76,28.7,30.72,327.71,0.3277,3,0
2022-10-10T08:00:00,716.0,72.0,361.0,66.18,66.681,68.772,76.454,239.71,29.1,36.59,1187.59,1.1876,0,0
2022-10-10T09:00:00,821.0,84.0,568.0,53.89,54.459,59.022,68.33,388.44,29.4,41.54,1889.68,1.8897,0,0
2022-10-10T10:00:00,874.0,94.0,733.0,42.98,43.677,45.401,61.729,510.24,29.7,45.64,2444.37,2.4444,0,0
2022-10-10T11:00:00,899.0,100.0,837.0,34.87,35.704,25.616,57.327,588.23,29.9,48.28,2789.94,2.7899,1,0
2022-10-10T12:00:00,904.0,102.0,871.0,31.77,32.686,359.543,55.77,613.64,30.1,49.28,2899.46,2.8995,1,0
2022-10-10T13:00:00,894.0,100.0,832.0,35.07,35.902,333.611,57.429,584.15,30.2,48.45,2768.78,2.7688,0,0
2022-10-10T14:00:00,517.0,216.0,592.0,43.31,44.0,314.06,61.919,455.15,30.2,44.42,2190.48,2.1905,8,0
2022-10-10T15:00:00,808.0,87.0,558.0,54.28,54.847,300.604,68.578,383.17,30.2,42.17,1859.67,1.8597,1,0
2022-10-10T16:00:00,309.0,155.0,278.0,66.61,67.103,290.949,76.75,221.52,30.1,37.02,1095.76,1.0958,8,0
2022-10-10T17:00:00,210.0,81.0,119.0,79.62,80.095,283.402,85.879,93.62,29.7,32.63,470.53,0.4705,7,0
2022-10-10T18:00:00,0.0,0.0,0.0,93.12,93.476,0.0,117.12,0.0,29.3,29.3,0.0,0.0,0,0
2022-10-10T19:00:00,0.0,0.0,0.0,106.7,107.038,0.0,130.7,0.0,29.1,29.1,0.0,0.0,8,0
2022-10-10T20:00:00,0.0,0.0,0.0,120.28,120.616,0.0,144.28,0.0,28.9,28.9,0.0,0.0,0,0
2022-10-10T21:00:00,0.0,0.0,0.0,133.64,134.005,0.0,157.64,0.0,28.8,28.8,0.0,0.0,0,0
2022-10-10T22:00:00,0.0,0.0,0.0,146.36,146.791,0.0,170.36,0.0,28.7,28.7,0.0,0.0,0,0
2022-10-10T23:00:00,0.0,0.0,0.0,157.16,157.742,0.0,178.84,0.0,28.6,28.6,0.0,0.0,0,0
2022-10-11T00:00:00,0.0,0.0,0.0,162.05,163.142,0.0,173.95,0.0,28.5,28.5,0.0,0.0,0,0
2022-10-11T01:00:00,0.0,0.0,0.0,156.89,157.694,0.0,179.11,0.0,28.4,28.4,0.0,0.0,0,0
2022-10-11T02:00:00,0.0,0.0,0.0,145.99,146.545,0.0,169.99,0.0,28.4,28.4,0.0,0.0,0,0
2022-10-11T03:00:00,0.0,0.0,0.0,133.25,133.682,0.0,157.25,0.0,28.3,28.3,0.0,0.0,0,0
2022-10-11T04:00:00,0.0,0.0,0.0,119.89,120.264,0.0,143.89,0.0,28.3,28.3,0.0,0.0,0,0
2022-10-11T05:00:00,0.0,0.0,0.0,106.32,106.68,0.0,130.32,0.0,28.3,28.3,0.0,0.0,0,0
2022-10-11T06:00:00,0.0,0.0,0.0,92.76,93.128,0.0,116.76,0.0,28.4,28.4,0.0,0.0,0,0
2022-10-11T07:00:00,468.0,47.0,134.0,79.29,79.772,75.995,85.81,80.32,28.8,31.31,405.58,0.4056,0,0
2022-10-11T08:00:00,707.0,72.0,356.0,66.32,66.825,68.382,76.722,234.35,29.1,36.42,1161.72,1.1617,0,0
2022-10-11T09:00:00,812.0,86.0,563.0,54.07,54.645,58.607,68.623,383.13,29.3,41.27,1865.7,1.8657,1,0
2022-10-11T10:00:00,868.0,95.0,727.0,43.22,43.924,44.973,62.051,503.99,29.6,45.35,2417.14,2.4171,0,0
2022-10-11T11:00:00,896.0,99.0,831.0,35.18,36.027,25.259,57.673,581.04,29.7,47.86,2760.31,2.7603,0,0
2022-10-11T12:00:00,907.0,99.0,867.0,32.15,33.066,359.429,56.149,607.44,29.9,48.88,2874.49,2.8745,0,0
2022-10-11T13:00:00,910.0,90.0,831.0,35.44,36.275,333.772,57.81,578.07,30.0,48.06,2744.05,2.744,0,0
2022-10-11T14:00:00,885.0,85.0,725.0,43.64,44.33,314.348,62.296,499.04,30.0,45.6,2391.17,2.3912,0,0
2022-10-11T15:00:00,832.0,77.0,559.0,54.56,55.133,300.92,68.934,377.56,29.9,41.7,1835.69,1.8357,0,0
2022-10-11T16:00:00,729.0,64.0,351.0,66.86,67.356,291.264,77.093,227.1,29.8,36.9,1123.85,1.1239,0,0
2022-10-11T17:00:00,489.0,42.0,128.0,79.85,80.326,283.715,86.212,73.6,29.4,31.7,371.12,0.3711,0,0
2022-10-11T18:00:00,0.0,0.0,0.0,93.34,93.694,0.0,117.34,0.0,28.9,28.9,0.0,0.0,0,0
2022-10-11T19:00:00,0.0,0.0,0.0,106.92,107.251,0.0,130.92,0.0,28.8,28.8,0.0,0.0,3,0
2022-10-11T20:00:00,0.0,0.0,0.0,120.5,120.832,0.0,144.5,0.0,28.7,28.7,0.0,0.0,3,0
2022-10-11T21:00:00,0.0,0.0,0.0,133.87,134.237,0.0,157.87,0.0,28.7,28.7,0.0,0.0,0,0
2022-10-11T22:00:00,0.0,0.0,0.0,146.63,147.06,0.0,170.63,0.0,28.6,28.6,0.0,0.0,0,0
2022-10-11T23:00:00,0.0,0.0,0.0,157.5,158.082,0.0,178.5,0.0,28.5,28.5,0.0,0.0,0,0
2022-10-12T00:00:00,0.0,0.0,0.0,162.42,163.518,0.0,173.58,0.0,28.3,28.3,0.0,0.0,0,0
2022-10-12T01:00:00,0.0,0.0,0.0,157.14,157.945,0.0,178.86,0.0,28.2,28.2,0.0,0.0,0,0
2022-10-12T02:00:00,0.0,0.0,0.0,146.16,146.702,0.0,170.16,0.0,28.1,28.1,0.0,0.0,0,0
2022-10-12T03:00:00,0.0,0.0,0.0,133.37,133.797,0.0,157.37,0.0,28.1,28.1,0.0,0.0,0,0
2022-10-12T04:00:00,0.0,0.0,0.0,119.99,120.362,0.0,143.99,0.0,28.0,28.0,0.0,0.0,0,0
2022-10-12T05:00:00,0.0,0.0,0.0,106.41,106.775,0.0,130.41,0.0,28.0,28.0,0.0,0.0,0,0
2022-10-12T06:00:00,0.0,0.0,0.0,92.86,93.229,0.0,116.86,0.0,28.1,28.1,0.0,0.0,1,0
2022-10-12T07:00:00,475.0,46.0,133.0,79.4,79.89,75.625,86.055,77.84,28.5,30.93,393.59,0.3936,0,0
2022-10-12T08:00:00,710.0,70.0,354.0,66.47,66.97,67.997,76.997,229.79,28.8,35.98,1140.95,1.141,0,0
2022-10-12T09:00:00,812.0,85.0,559.0,54.25,54.832,58.198,68.913,378.3,29.0,40.82,1845.28,1.8453,1,0
2022-10-12T10:00:00,864.0,94.0,721.0,43.47,44.172,44.554,62.381,496.71,29.2,44.72,2387.85,2.3878,0,0
2022-10-12T11:00:00,889.0,100.0,823.0,35.5,36.351,24.913,58.027,573.53,29.4,47.32,2730.19,2.7302,0,0
2022-10-12T12:00:00,894.0,102.0,856.0,32.53,33.444,359.322,56.529,598.05,29.5,48.19,2837.52,2.8375,0,0
2022-10-12T13:00:00,24.0,315.0,335.0,35.81,36.646,333.932,58.192,316.93,29.5,39.4,1554.04,1.554,6,0
2022-10-12T14:00:00,4.0,201.0,205.0,43.96,44.656,314.633,62.662,195.92,29.5,35.62,974.07,0.9741,6,0
2022-10-12T15:00:00,7.0,165.0,169.0,54.84,55.416,301.233,69.289,161.8,29.5,34.56,807.57,0.8076,7,0
2022-10-12T16:00:00,678.0,74.0,337.0,67.11,67.606,291.577,77.436,221.2,29.4,36.31,1097.01,1.097,7,5
2022-10-12T17:00:00,414.0,47.0,119.0,80.07,80.554,284.027,86.535,71.02,29.1,31.32,358.6,0.3586,0,0
2022-10-12T18:00:00,0.0,0.0,0.0,93.55,93.908,0.0,117.55,0.0,28.9,28.9,0.0,0.0,0,0
2022-10-12T19:00:00,0.0,0.0,0.0,107.12,107.459,0.0,131.12,0.0,28.9,28.9,0.0,0.0,7,0
2022-10-12T20:00:00,0.0,0.0,0.0,120.71,121.044,0.0,144.71,0.0,28.8,28.8,0.0,0.0,8,0
2022-10-12T21:00:00,0.0,0.0,0.0,134.1,134.464,0.0,158.1,0.0,28.8,28.8,0.0,0.0,8,0
2022-10-12T22:00:00,0.0,0.0,0.0,146.89,147.324,0.0,170.89,0.0,28.7,28.7,0.0,0.0,1,0
2022-10-12T23:00:00,0.0,0.0,0.0,157.83,158.417,0.0,178.17,0.0,28.6,28.6,0.0,0.0,3,0
2022-10-13T00:00:00,0.0,0.0,0.0,162.8,163.892,0.0,173.2,0.0,28.4,28.4,0.0,0.0,0,0
2022-10-13T01:00:00,0.0,0.0,0.0,157.4,158.193,0.0,178.6,0.0,28.3,28.3,0.0,0.0,0,0
2022-10-13T02:00:00,0.0,0.0,0.0,146.32,146.856,0.0,170.32,0.0,28.1,28.1,0.0,0.0,7,0
2022-10-13T03:00:00,0.0,0.0,0.0,133.49,133.91,0.0,157.49,0.0,28.0,28.0,0.0,0.0,7,0
2022-10-13T04:00:00,0.0,0.0,0.0,120.09,120.459,0.0,144.09,0.0,28.0,28.0,0.0,0.0,7,0
2022-10-13T05:00:00,0.0,0.0,0.0,106.51,106.869,0.0,130.51,0.0,28.0,28.0,0.0,0.0,8,0
2022-10-13T06:00:00,0.0,0.0,0.0,92.96,93.332,0.0,116.96,0.0,28.0,28.0,0.0,0.0,8,0
2022-10-13T07:00:00,282.0,78.0,129.0,79.52,80.009,75.259,86.308,93.9,28.3,31.23,474.32,0.4743,7,0
2022-10-13T08:00:00,75.0,168.0,198.0,66.61,67.117,67.617,77.261,178.99,28.7,34.29,894.19,0.8942,8,0
2022-10-13T09:00:00,545.0,167.0,484.0,54.43,55.021,57.796,69.201,357.49,28.9,40.07,1748.6,1.7486,8,0
2022-10-13T10:00:00,328.0,290.0,527.0,43.71,44.422,44.143,62.699,432.46,29.1,42.61,2095.46,2.0955,7,0
2022-10-13T11:00:00,341.0,324.0,601.0,35.82,36.674,24.578,58.38,493.97,29.3,44.74,2374.54,2.3745,7,0
2022-10-13T12:00:00,879.0,108.0,846.0,32.9,33.82,359.221,56.899,590.69,29.4,47.86,2806.13,2.8061,0,0
2022-10-13T13:00:00,329.0,335.0,600.0,36.17,37.014,334.092,58.563,497.3,29.3,44.84,2389.6,2.3896,8,0
2022-10-13T14:00:00,55.0,302.0,342.0,44.28,44.98,314.914,63.029,316.85,29.1,39.0,1555.94,1.5559,7,0
2022-10-13T15:00:00,5.0,150.0,153.0,55.12,55.696,301.544,69.643,146.58,28.9,33.48,734.43,0.7344,7,0
2022-10-13T16:00:00,0.0,17.0,17.0,67.35,67.854,291.889,77.768,16.41,28.4,28.91,83.59,0.0836,6,0
2022-10-13T17:00:00,0.0,6.0,6.0,80.29,80.779,284.337,86.858,5.79,27.9,28.08,29.59,0.0296,6,0
2022-10-13T18:00:00,0.0,0.0,0.0,93.76,94.119,0.0,117.76,0.0,27.6,27.6,0.0,0.0,9,0
2022-10-13T19:00:00,0.0,0.0,0.0,107.33,107.664,0.0,131.33,0.0,27.4,27.4,0.0,0.0,6,0
2022-10-13T20:00:00,0.0,0.0,0.0,120.92,121.252,0.0,144.92,0.0,27.2,27.2,0.0,0.0,6,0
2022-10-13T21:00:00,0.0,0.0,0.0,134.33,134.686,0.0,158.33,0.0,27.1,27.1,0.0,0.0,7,0
2022-10-13T22:00:00,0.0,0.0,0.0,147.15,147.582,0.0,171.15,0.0,27.0,27.0,0.0,0.0,5,0
2022-10-13T23:00:00,0.0,0.0,0.0,158.16,158.747,0.0,177.84,0.0,26.9,26.9,0.0,0.0,8,0
2022-10-14T00:00:00,0.0,0.0,0.0,163.17,164.263,0.0,172.83,0.0,26.9,26.9,0.0,0.0,8,0
2022-10-14T01:00:00,0.0,0.0,0.0,157.65,158.437,0.0,178.35,0.0,26.9,26.9,0.0,0.0,7,0
2022-10-14T02:00:00,0.0,0.0,0.0,146.48,147.008,0.0,170.48,0.0,26.9,26.9,0.0,0.0,8,0
2022-10-14T03:00:00,0.0,0.0,0.0,133.61,134.022,0.0,157.61,0.0,26.9,26.9,0.0,0.0,8,0
2022-10-14T04:00:00,0.0,0.0,0.0,120.19,120.556,0.0,144.19,0.0,27.0,27.0,0.0,0.0,8,0
2022-10-14T05:00:00,0.0,0.0,0.0,106.61,106.965,0.0,130.61,0.0,27.1,27.1,0.0,0.0,8,0
2022-10-14T06:00:00,0.0,0.0,0.0,93.06,93.435,0.0,117.06,0.0,27.1,27.1,0.0,0.0,8,0
2022-10-14T07:00:00,133.0,89.0,113.0,79.63,80.13,74.897,86.549,94.14,27.3,30.24,477.17,0.4772,8,0
2022-10-14T08:00:00,696.0,71.0,346.0,66.75,67.266,67.241,77.523,221.29,27.5,34.42,1105.04,1.105,0,0
2022-10-14T09:00:00,803.0,85.0,550.0,54.62,55.212,57.399,69.496,367.35,27.7,39.18,1802.74,1.8027,0,0
2022-10-14T10:00:00,406.0,264.0,556.0,43.96,44.672,43.742,63.024,441.56,27.9,41.7,2146.85,2.1469,8,0
2022-10-14T11:00:00,889.0,96.0,814.0,36.14,36.997,24.253,58.731,560.33,28.2,45.71,2683.66,2.6837,0,0
2022-10-14T12:00:00,897.0,98.0,847.0,33.27,34.193,359.127,57.268,586.1,28.5,46.82,2795.39,2.7954,0,0
2022-10-14T13:00:00,340.0,385.0,658.0,36.53,37.378,334.251,58.935,549.49,28.6,45.77,2631.14,2.6311,3,0
2022-10-14T14:00:00,286.0,293.0,497.0,44.6,45.301,315.193,63.395,412.71,28.6,41.5,2008.1,2.0081,7,7
2022-10-14T15:00:00,781.0,91.0,534.0,55.39,55.974,301.852,69.988,358.96,28.6,39.82,1757.44,1.7574,1,0
2022-10-14T16:00:00,88.0,169.0,203.0,67.6,68.099,292.198,78.109,181.58,28.5,34.17,907.54,0.9075,8,0
2022-10-14T17:00:00,150.0,80.0,105.0,80.51,81.001,284.645,87.18,84.83,28.2,30.85,429.06,0.4291,8,0
2022-10-14T18:00:00,0.0,0.0,0.0,93.97,94.327,0.0,117.97,0.0,28.1,28.1,0.0,0.0,3,0
2022-10-14T19:00:00,0.0,0.0,0.0,107.53,107.865,0.0,131.53,0.0,28.1,28.1,0.0,0.0,7,0
2022-10-14T20:00:00,0.0,0.0,0.0,121.12,121.454,0.0,145.12,0.0,28.2,28.2,0.0,0.0,8,0
2022-10-14T21:00:00,0.0,0.0,0.0,134.55,134.903,0.0,158.55,0.0,28.2,28.2,0.0,0.0,0,0
2022-10-14T22:00:00,0.0,0.0,0.0,147.41,147.834,0.0,171.41,0.0,28.1,28.1,0.0,0.0,0,0
2022-10-14T23:00:00,0.0,0.0,0.0,158.49,159.072,0.0,177.51,0.0,28.0,28.0,0.0,0.0,3,0
2022-10-15T00:00:00,0.0,0.0,0.0,163.54,164.63,0.0,172.46,0.0,27.9,27.9,0.0,0.0,0,0
2022-10-15T01:00:00,0.0,0.0,0.0,157.9,158.677,0.0,178.1,0.0,27.8,27.8,0.0,0.0,0,0
2022-10-15T02:00:00,0.0,0.0,0.0,146.63,147.158,0.0,170.63,0.0,27.7,27.7,0.0,0.0,0,0
2022-10-15T03:00:00,0.0,0.0,0.0,133.72,134.134,0.0,157.72,0.0,27.6,27.6,0.0,0.0,0,0
2022-10-15T04:00:00,0.0,0.0,0.0,120.29,120.653,0.0,144.29,0.0,27.5,27.5,0.0,0.0,0,0
2022-10-15T05:00:00,0.0,0.0,0.0,106.7,107.061,0.0,130.7,0.0,27.5,27.5,0.0,0.0,0,0
2022-10-15T06:00:00,0.0,0.0,0.0,93.17,93.54,0.0,117.17,0.0,27.5,27.5,0.0,0.0,0,0
2022-10-15T07:00:00,466.0,44.0,127.0,79.75,80.252,74.538,86.798,69.23,28.0,30.16,351.0,0.351,0,0
2022-10-15T08:00:00,20.0,183.0,191.0,66.9,67.417,66.871,77.792,180.97,28.2,33.86,905.52,0.9055,3,0
2022-10-15T09:00:00,3.0,216.0,218.0,54.81,55.404,57.01,69.789,209.58,28.4,34.95,1044.55,1.0446,3,0
2022-10-15T10:00:00,865.0,92.0,711.0,44.21,44.923,43.349,63.347,482.19,28.5,43.57,2328.1,2.3281,0,0
2022-10-15T11:00:00,892.0,97.0,814.0,36.46,37.319,23.939,59.081,558.18,28.7,46.14,2668.99,2.669,0,0
2022-10-15T12:00:00,901.0,98.0,847.0,33.64,34.564,359.04,57.638,583.36,28.7,46.93,2781.13,2.7811,0,0
2022-10-15T13:00:00,899.0,92.0,810.0,36.89,37.739,334.41,59.307,553.91,28.7,46.01,2649.92,2.6499,0,0
2022-10-15T14:00:00,870.0,87.0,703.0,44.91,45.619,315.47,63.75,474.1,28.7,43.52,2289.49,2.2895,0,0
2022-10-15T15:00:00,814.0,79.0,538.0,55.67,56.248,302.158,70.341,354.09,28.7,39.77,1733.93,1.7339,0,0
2022-10-15T16:00:00,706.0,65.0,331.0,67.84,68.34,292.505,78.44,206.53,28.6,35.05,1028.96,1.029,0,0
2022-10-15T17:00:00,6.0,72.0,73.0,80.73,81.219,284.952,87.502,69.78,28.3,30.48,353.42,0.3534,3,0
2022-10-15T18:00:00,0.0,0.0,0.0,94.17,94.531,0.0,118.17,0.0,28.0,28.0,0.0,0.0,7,0
2022-10-15T19:00:00,0.0,0.0,0.0,107.73,108.062,0.0,131.73,0.0,28.0,28.0,0.0,0.0,3,0
2022-10-15T20:00:00,0.0,0.0,0.0,121.32,121.653,0.0,145.32,0.0,28.0,28.0,0.0,0.0,8,0
2022-10-15T21:00:00,0.0,0.0,0.0,134.76,135.115,0.0,158.76,0.0,27.9,27.9,0.0,0.0,7,0
2022-10-15T22:00:00,0.0,0.0,0.0,147.66,148.08,0.0,171.66,0.0,27.8,27.8,0.0,0.0,1,0
2022-10-15T23:00:00,0.0,0.0,0.0,158.81,159.392,0.0,177.19,0.0,27.7,27.7,0.0,0.0,7,0
2022-10-16T00:00:00,0.0,0.0,0.0,163.9,164.995,0.0,172.1,0.0,27.6,27.6,0.0,0.0,7,0
2022-10-16T01:00:00,0.0,0.0,0.0,158.15,158.913,0.0,177.85,0.0,27.6,27.6,0.0,0.0,7,0
2022-10-16T02:00:00,0.0,0.0,0.0,146.79,147.306,0.0,170.79,0.0,27.5,27.5,0.0,0.0,8,0
2022-10-16T03:00:00,0.0,0.0,0.0,133.84,134.244,0.0,157.84,0.0,27.5,27.5,0.0,0.0,7,0
2022-10-16T04:00:00,0.0,0.0,0.0,120.39,120.75,0.0,144.39,0.0,27.5,27.5,0.0,0.0,7,0
2022-10-16T05:00:00,0.0,0.0,0.0,106.8,107.158,0.0,130.8,0.0,27.5,27.5,0.0,0.0,8,0
2022-10-16T06:00:00,0.0,0.0,0.0,93.27,93.646,0.0,117.27,0.0,27.6,27.6,0.0,0.0,7,0
2022-10-16T07:00:00,13.0,74.0,76.0,79.88,80.376,74.184,87.054,72.13,28.0,30.25,365.59,0.3656,7,0
2022-10-16T08:00:00,22.0,140.0,148.0,67.05,67.569,66.505,78.059,139.78,28.3,32.67,702.41,0.7024,7,0
2022-10-16T09:00:00,764.0,102.0,540.0,55.0,55.598,56.626,70.08,362.56,28.5,39.83,1775.0,1.775,0,0
2022-10-16T10:00:00,836.0,109.0,706.0,44.46,45.176,42.966,63.668,481.21,28.7,43.74,2321.91,2.3219,0,0
2022-10-16T11:00:00,875.0,111.0,812.0,36.78,37.64,23.636,59.43,558.24,28.9,46.35,2667.26,2.6673,0,0
2022-10-16T12:00:00,887.0,112.0,847.0,34.01,34.931,358.958,58.007,584.42,29.0,47.26,2782.66,2.7827,0,0
2022-10-16T13:00:00,904.0,95.0,815.0,37.25,38.096,334.569,59.679,554.32,29.0,46.32,2648.75,2.6488,0,0
2022-10-16T14:00:00,878.0,89.0,707.0,45.23,45.933,315.743,64.115,474.57,28.9,43.73,2289.89,2.2899,0,0
2022-10-16T15:00:00,822.0,80.0,541.0,55.94,56.52,302.461,70.684,353.12,28.8,39.84,1728.77,1.7288,0,0
2022-10-16T16:00:00,711.0,67.0,332.0,68.07,68.578,292.81,78.76,205.56,28.6,35.02,1024.2,1.0242,0,0
2022-10-16T17:00:00,452.0,41.0,112.0,80.94,81.434,285.258,87.813,57.44,28.2,30.0,291.43,0.2914,0,0
2022-10-16T18:00:00,0.0,0.0,0.0,94.37,94.731,0.0,118.37,0.0,27.9,27.9,0.0,0.0,0,0
2022-10-16T19:00:00,0.0,0.0,0.0,107.92,108.255,0.0,131.92,0.0,27.7,27.7,0.0,0.0,0,0
2022-10-16T20:00:00,0.0,0.0,0.0,121.52,121.846,0.0,145.52,0.0,27.6,27.6,0.0,0.0,0,0
2022-10-16T21:00:00,0.0,0.0,0.0,134.97,135.321,0.0,158.97,0.0,27.5,27.5,0.0,0.0,0,0
2022-10-16T22:00:00,0.0,0.0,0.0,147.9,148.321,0.0,171.9,0.0,27.3,27.3,0.0,0.0,0,0
2022-10-16T23:00:00,0.0,0.0,0.0,159.13,159.706,0.0,176.87,0.0,27.1,27.1,0.0,0.0,0,0
2022-10-17T00:00:00,0.0,0.0,0.0,164.27,165.357,0.0,171.73,0.0,27.0,27.0,0.0,0.0,0,0
2022-10-17T01:00:00,0.0,0.0,0.0,158.39,159.146,0.0,177.61,0.0,26.9,26.9,0.0,0.0,0,0
2022-10-17T02:00:00,0.0,0.0,0.0,146.94,147.451,0.0,170.94,0.0,26.8,26.8,0.0,0.0,0,0
2022-10-17T03:00:00,0.0,0.0,0.0,133.95,134.354,0.0,157.95,0.0,26.7,26.7,0.0,0.0,0,0
2022-10-17T04:00:00,0.0,0.0,0.0,120.49,120.847,0.0,144.49,0.0,26.7,26.7,0.0,0.0,0,0
2022-10-17T05:00:00,0.0,0.0,0.0,106.9,107.256,0.0,130.9,0.0,26.6,26.6,0.0,0.0,0,0
2022-10-17T06:00:00,0.0,0.0,0.0,93.38,93.753,0.0,117.38,0.0,26.7,26.7,0.0,0.0,0,0
2022-10-17T07:00:00,469.0,46.0,127.0,80.0,80.502,73.834,87.3,67.21,27.4,29.5,341.57,0.3416,0,0
2022-10-17T08:00:00,715.0,71.0,348.0,67.2,67.722,66.144,78.325,215.63,27.8,34.54,1076.3,1.0763,0,0
2022-10-17T09:00:00,822.0,85.0,554.0,55.19,55.793,56.25,70.368,362.28,28.1,39.42,1776.31,1.7763,0,0
2022-10-17T10:00:00,879.0,93.0,717.0,44.71,45.429,42.591,63.987,480.69,28.4,43.42,2322.1,2.3221,0,0
2022-10-17T11:00:00,909.0,96.0,821.0,37.1,37.961,23.343,59.777,556.51,28.7,46.09,2661.53,2.6615,0,0
2022-10-17T12:00:00,917.0,96.0,853.0,34.38,35.296,358.883,58.377,580.03,28.9,47.03,2764.24,2.7642,0,0
2022-10-17T13:00:00,898.0,99.0,810.0,37.61,38.45,334.727,60.051,550.03,29.1,46.29,2628.6,2.6286,0,0
2022-10-17T14:00:00,868.0,93.0,701.0,45.54,46.244,316.014,64.47,469.13,29.1,43.76,2263.41,2.2634,0,0
2022-10-17T15:00:00,636.0,130.0,484.0,56.2,56.788,302.761,71.016,335.46,29.1,39.58,1643.8,1.6438,7,0
2022-10-17T16:00:00,479.0,127.0,305.0,68.31,68.813,293.113,79.09,214.81,29.0,35.71,1067.63,1.0676,7,0
2022-10-17T17:00:00,418.0,42.0,107.0,81.15,81.646,285.561,88.124,54.79,28.6,30.31,277.67,0.2777,0,0
2022-10-17T18:00:00,0.0,0.0,0.0,94.57,94.927,0.0,118.57,0.0,28.2,28.2,0.0,0.0,0,0
2022-10-17T19:00:00,0.0,0.0,0.0,108.11,108.443,0.0,132.11,0.0,28.1,28.1,0.0,0.0,8,0
2022-10-17T20:00:00,0.0,0.0,0.0,121.71,122.035,0.0,145.71,0.0,28.1,28.1,0.0,0.0,7,0
2022-10-17T21:00:00,0.0,0.0,0.0,135.18,135.522,0.0,159.18,0.0,28.0,28.0,0.0,0.0,0,0
2022-10-17T22:00:00,0.0,0.0,0.0,148.14,148.555,0.0,172.14,0.0,27.9,27.9,0.0,0.0,0,0
2022-10-17T23:00:00,0.0,0.0,0.0,159.44,160.013,0.0,176.56,0.0,27.7,27.7,0.0,0.0,0,0
2022-10-18T00:00:00,0.0,0.0,0.0,164.63,165.715,0.0,171.37,0.0,27.5,27.5,0.0,0.0,0,0
2022-10-18T01:00:00,0.0,0.0,0.0,158.63,159.374,0.0,177.37,0.0,27.3,27.3,0.0,0.0,0,0
2022-10-18T02:00:00,0.0,0.0,0.0,147.09,147.594,0.0,171.09,0.0,27.2,27.2,0.0,0.0,0,0
2022-10-18T03:00:00,0.0,0.0,0.0,134.07,134.462,0.0,158.07,0.0,27.2,27.2,0.0,0.0,0,0
2022-10-18T04:00:00,0.0,0.0,0.0,120.59,120.945,0.0,144.59,0.0,27.2,27.2,0.0,0.0,0,0
2022-10-18T05:00:00,0.0,0.0,0.0,107.0,107.354,0.0,131.0,0.0,27.2,27.2,0.0,0.0,7,0
2022-10-18T06:00:00,0.0,0.0,0.0,93.49,93.862,0.0,117.49,0.0,27.3,27.3,0.0,0.0,0,0
2022-10-18T07:00:00,0.0,3.0,3.0,80.12,80.628,73.488,87.543,2.9,27.8,27.89,14.8,0.0148,7,0
2022-10-18T08:00:00,474.0,15.0,197.0,67.35,67.878,65.789,78.588,109.84,28.1,31.53,554.24,0.5542,6,0
2022-10-18T09:00:00,0.0,112.0,112.0,55.39,55.99,55.88,70.664,108.13,28.3,31.68,545.29,0.5453,3,0
2022-10-18T10:00:00,0.0,23.0,23.0,44.96,45.682,42.226,64.304,22.2,28.5,29.19,112.98,0.113,6,0
2022-10-18T11:00:00,0.0,70.0,70.0,37.42,38.28,23.06,60.123,67.58,28.7,30.81,341.86,0.3419,7,0
2022-10-18T12:00:00,70.0,354.0,411.0,34.74,35.658,358.814,58.737,378.58,28.8,40.63,1847.94,1.8479,8,0
2022-10-18T13:00:00,886.0,97.0,796.0,37.96,38.801,334.885,60.413,537.14,28.9,45.69,2572.86,2.5729,0,0
2022-10-18T14:00:00,864.0,89.0,691.0,45.85,46.551,316.283,64.825,458.66,29.0,43.33,2216.44,2.2164,0,0
2022-10-18T15:00:00,813.0,78.0,527.0,56.47,57.052,303.06,71.358,339.07,29.1,39.7,1660.81,1.6608,0,0
2022-10-18T16:00:00,383.0,129.0,269.0,68.54,69.044,293.414,79.409,196.14,29.0,35.13,976.93,0.9769,8,0
2022-10-18T17:00:00,28.0,66.0,71.0,81.36,81.853,285.863,88.434,64.53,28.6,30.62,326.65,0.3266,7,7
2022-10-18T18:00:00,0.0,0.0,0.0,94.77,95.119,0.0,118.77,0.0,28.2,28.2,0.0,0.0,0,0
2022-10-18T19:00:00,0.0,0.0,0.0,108.3,108.627,0.0,132.3,0.0,28.1,28.1,0.0,0.0,1,0
2022-10-18T20:00:00,0.0,0.0,0.0,121.9,122.219,0.0,145.9,0.0,27.9,27.9,0.0,0.0,0,0
2022-10-18T21:00:00,0.0,0.0,0.0,135.38,135.718,0.0,159.38,0.0,27.8,27.8,0.0,0.0,0,0
2022-10-18T22:00:00,0.0,0.0,0.0,148.38,148.782,0.0,172.38,0.0,27.7,27.7,0.0,0.0,0,0
2022-10-18T23:00:00,0.0,0.0,0.0,159.75,160.315,0.0,176.25,0.0,27.6,27.6,0.0,0.0,1,0
2022-10-19T00:00:00,0.0,0.0,0.0,164.99,166.071,0.0,171.01,0.0,27.5,27.5,0.0,0.0,8,0
2022-10-19T01:00:00,0.0,0.0,0.0,158.86,159.598,0.0,177.14,0.0,27.5,27.5,0.0,0.0,1,0
2022-10-19T02:00:00,0.0,0.0,0.0,147.24,147.735,0.0,171.24,0.0,27.4,27.4,0.0,0.0,8,0
2022-10-19T03:00:00,0.0,0.0,0.0,134.18,134.57,0.0,158.18,0.0,27.4,27.4,0.0,0.0,8,0
2022-10-19T04:00:00,0.0,0.0,0.0,120.69,121.042,0.0,144.69,0.0,27.4,27.4,0.0,0.0,8,0
2022-10-19T05:00:00,0.0,0.0,0.0,107.1,107.453,0.0,131.1,0.0,27.5,27.5,0.0,0.0,6,0
2022-10-19T06:00:00,0.0,0.0,0.0,93.59,93.971,0.0,117.59,0.0,27.6,27.6,0.0,0.0,7,0
2022-10-19T07:00:00,195.0,78.0,111.0,80.25,80.757,73.147,87.794,83.09,28.0,30.6,420.67,0.4207,7,0
2022-10-19T08:00:00,359.0,138.0,275.0,67.51,68.034,65.439,78.858,203.79,28.3,34.67,1016.69,1.0167,8,0
2022-10-19T09:00:00,8.0,163.0,167.0,55.58,56.188,55.517,70.948,160.01,28.3,33.3,802.24,0.8022,7,0
2022-10-19T10:00:00,29.0,273.0,293.0,45.21,45.936,41.869,64.618,276.16,28.3,36.93,1366.49,1.3665,7,0
2022-10-19T11:00:00,4.0,222.0,225.0,37.74,38.598,22.787,60.468,216.32,28.1,34.86,1078.48,1.0785,6,0
2022-10-19T12:00:00,180.0,352.0,499.0,35.1,36.016,358.751,59.096,433.55,27.9,41.45,2109.84,2.1098,7,0
2022-10-19T13:00:00,47.0,329.0,365.0,38.31,39.147,335.043,60.776,340.88,27.7,38.35,1677.96,1.678,7,0
2022-10-19T14:00:00,135.0,310.0,403.0,46.15,46.855,316.549,65.169,356.78,27.6,38.75,1753.64,1.7536,7,0
2022-10-19T15:00:00,226.0,240.0,364.0,56.73,57.313,303.355,71.689,303.78,27.4,36.89,1503.33,1.5033,8,0
2022-10-19T16:00:00,181.0,180.0,245.0,68.77,69.272,293.713,79.727,206.62,27.2,33.66,1034.59,1.0346,8,0
2022-10-19T17:00:00,1.0,42.0,42.0,81.56,82.057,286.163,88.735,40.57,27.0,28.27,207.1,0.2071,8,7
2022-10-19T18:00:00,0.0,0.0,0.0,94.96,95.307,0.0,118.96,0.0,26.8,26.8,0.0,0.0,7,0
2022-10-19T19:00:00,0.0,0.0,0.0,108.48,108.806,0.0,132.48,0.0,26.6,26.6,0.0,0.0,8,0
2022-10-19T20:00:00,0.0,0.0,0.0,122.08,122.398,0.0,146.08,0.0,26.4,26.4,0.0,0.0,8,0
2022-10-19T21:00:00,0.0,0.0,0.0,135.57,135.907,0.0,159.57,0.0,26.3,26.3,0.0,0.0,7,0
2022-10-19T22:00:00,0.0,0.0,0.0,148.61,149.004,0.0,172.61,0.0,26.2,26.2,0.0,0.0,6,0
2022-10-19T23:00:00,0.0,0.0,0.0,160.05,160.61,0.0,175.95,0.0,26.1,26.1,0.0,0.0,7,0
2022-10-20T00:00:00,0.0,0.0,0.0,165.35,166.422,0.0,170.65,0.0,26.1,26.1,0.0,0.0,8,0
2022-10-20T01:00:00,0.0,0.0,0.0,159.09,159.818,0.0,176.91,0.0,26.0,26.0,0.0,0.0,7,0
2022-10-20T02:00:00,0.0,0.0,0.0,147.39,147.873,0.0,171.39,0.0,25.9,25.9,0.0,0.0,7,0
2022-10-20T03:00:00,0.0,0.0,0.0,134.29,134.678,0.0,158.29,0.0,25.7,25.7,0.0,0.0,7,0
2022-10-20T04:00:00,0.0,0.0,0.0,120.79,121.14,0.0,144.79,0.0,25.6,25.6,0.0,0.0,7,0
2022-10-20T05:00:00,0.0,0.0,0.0,107.2,107.553,0.0,131.2,0.0,25.6,25.6,0.0,0.0,7,0
2022-10-20T06:00:00,0.0,0.0,0.0,93.71,94.082,0.0,117.71,0.0,25.6,25.6,0.0,0.0,7,0
2022-10-20T07:00:00,0.0,3.0,3.0,80.38,80.886,72.81,88.043,2.9,25.8,25.89,14.91,0.0149,7,0
2022-10-20T08:00:00,3.0,80.0,81.0,67.67,68.193,65.094,79.126,77.81,26.1,28.53,396.82,0.3968,8,0
2022-10-20T09:00:00,0.0,54.0,54.0,55.78,56.387,55.161,71.239,52.13,26.4,28.03,266.35,0.2663,8,0
2022-10-20T10:00:00,3.0,178.0,180.0,45.46,46.19,41.522,64.931,173.13,26.7,32.11,871.77,0.8718,7,0
2022-10-20T11:00:00,0.0,110.0,110.0,38.06,38.915,22.524,60.812,106.2,26.9,30.22,538.35,0.5384,7,0
2022-10-20T12:00:00,0.0,28.0,28.0,35.46,36.371,358.694,59.456,27.03,27.0,27.84,138.2,0.1382,6,0
2022-10-20T13:00:00,1.0,133.0,134.0,38.65,39.489,335.201,61.128,128.89,27.1,31.13,651.29,0.6513,7,0
2022-10-20T14:00:00,120.0,362.0,445.0,46.46,47.155,316.813,65.523,399.92,27.0,39.5,1960.29,1.9603,3,0
2022-10-20T15:00:00,1.0,175.0,175.0,56.99,57.571,303.648,72.019,169.26,27.1,32.39,851.4,0.8514,3,0
2022-10-20T16:00:00,7.0,141.0,144.0,68.99,69.496,294.01,80.035,137.36,27.0,31.29,693.68,0.6937,3,0
2022-10-20T17:00:00,396.0,40.0,97.0,81.76,82.257,286.462,89.034,45.79,26.9,28.33,233.67,0.2337,0,0
2022-10-20T18:00:00,0.0,0.0,0.0,95.14,95.49,0.0,119.14,0.0,26.7,26.7,0.0,0.0,0,0
2022-10-20T19:00:00,0.0,0.0,0.0,108.66,108.981,0.0,132.66,0.0,26.6,26.6,0.0,0.0,3,0
2022-10-20T20:00:00,0.0,0.0,0.0,122.26,122.571,0.0,146.26,0.0,26.5,26.5,0.0,0.0,3,0
2022-10-20T21:00:00,0.0,0.0,0.0,135.76,136.091,0.0,159.76,0.0,26.3,26.3,0.0,0.0,3,0
2022-10-20T22:00:00,0.0,0.0,0.0,148.83,149.219,0.0,172.83,0.0,26.1,26.1,0.0,0.0,0,0
2022-10-20T23:00:00,0.0,0.0,0.0,160.35,160.899,0.0,175.65,0.0,25.8,25.8,0.0,0.0,7,0
2022-10-21T00:00:00,0.0,0.0,0.0,165.7,166.771,0.0,170.3,0.0,25.7,25.7,0.0,0.0,5,0
2022-10-21T01:00:00,0.0,0.0,0.0,159.32,160.035,0.0,176.68,0.0,25.6,25.6,0.0,0.0,0,0
2022-10-21T02:00:00,0.0,0.0,0.0,147.54,148.01,0.0,171.54,0.0,25.5,25.5,0.0,0.0,3,0
2022-10-21T03:00:00,0.0,0.0,0.0,134.4,134.785,0.0,158.4,0.0,25.5,25.5,0.0,0.0,0,0
2022-10-21T04:00:00,0.0,0.0,0.0,120.89,121.238,0.0,144.89,0.0,25.4,25.4,0.0,0.0,0,0
2022-10-21T05:00:00,0.0,0.0,0.0,107.3,107.654,0.0,131.3,0.0,25.4,25.4,0.0,0.0,1,0
2022-10-21T06:00:00,0.0,0.0,0.0,93.82,94.194,0.0,117.82,0.0,25.4,25.4,0.0,0.0,0,0
2022-10-21T07:00:00,446.0,43.0,117.0,80.51,81.017,72.478,88.29,55.46,25.8,27.53,283.86,0.2839,0,0
2022-10-21T08:00:00,699.0,69.0,333.0,67.82,68.352,64.755,79.383,197.69,26.1,32.28,994.8,0.9948,0,0
2022-10-21T09:00:00,109.0,301.0,362.0,55.98,56.587,54.813,71.528,325.65,26.3,36.48,1614.05,1.6141,3,0
2022-10-21T10:00:00,277.0,349.0,543.0,45.72,46.445,41.183,65.251,454.57,26.6,40.81,2217.46,2.2175,2,0
2022-10-21T11:00:00,897.0,95.0,798.0,38.38,39.23,22.272,61.155,530.55,26.8,43.38,2563.37,2.5634,0,0
2022-10-21T12:00:00,377.0,376.0,682.0,35.82,36.723,358.643,59.816,555.19,26.9,44.25,2673.72,2.6737,2,0
2022-10-21T13:00:00,27.0,354.0,375.0,39.0,39.828,335.359,61.491,354.83,27.0,38.09,1748.3,1.7483,3,0
2022-10-21T14:00:00,872.0,86.0,683.0,46.75,47.451,317.075,65.857,444.85,27.1,41.0,2168.43,2.1684,0,0
2022-10-21T15:00:00,102.0,289.0,344.0,57.24,57.824,303.939,72.34,310.43,27.2,36.9,1536.19,1.5362,2,0
2022-10-21T16:00:00,691.0,64.0,310.0,69.22,69.716,294.304,80.352,179.72,27.1,32.72,902.97,0.903,0,0
2022-10-21T17:00:00,400.0,39.0,95.0,81.96,82.453,286.758,89.332,42.8,26.9,28.24,218.48,0.2185,0,0
2022-10-21T18:00:00,0.0,0.0,0.0,95.33,95.67,0.0,119.33,0.0,26.6,26.6,0.0,0.0,3,0
2022-10-21T19:00:00,0.0,0.0,0.0,108.84,109.151,0.0,132.84,0.0,26.5,26.5,0.0,0.0,7,0
2022-10-21T20:00:00,0.0,0.0,0.0,122.43,122.74,0.0,146.43,0.0,26.5,26.5,0.0,0.0,0,0
2022-10-21T21:00:00,0.0,0.0,0.0,135.95,136.269,0.0,159.95,0.0,26.4,26.4,0.0,0.0,0,0
2022-10-21T22:00:00,0.0,0.0,0.0,149.04,149.427,0.0,173.04,0.0,26.3,26.3,0.0,0.0,0,0
2022-10-21T23:00:00,0.0,0.0,0.0,160.64,161.181,0.0,175.36,0.0,26.2,26.2,0.0,0.0,3,0
2022-10-22T00:00:00,0.0,0.0,0.0,166.06,167.116,0.0,169.94,0.0,26.2,26.2,0.0,0.0,0,0
2022-10-22T01:00:00,0.0,0.0,0.0,159.55,160.247,0.0,176.45,0.0,26.1,26.1,0.0,0.0,0,0
2022-10-22T02:00:00,0.0,0.0,0.0,147.68,148.145,0.0,171.68,0.0,26.0,26.0,0.0,0.0,3,0
2022-10-22T03:00:00,0.0,0.0,0.0,134.51,134.891,0.0,158.51,0.0,26.0,26.0,0.0,0.0,0,0
2022-10-22T04:00:00,0.0,0.0,0.0,120.99,121.337,0.0,144.99,0.0,26.0,26.0,0.0,0.0,0,0
2022-10-22T05:00:00,0.0,0.0,0.0,107.41,107.756,0.0,131.41,0.0,26.0,26.0,0.0,0.0,0,0
2022-10-22T06:00:00,0.0,0.0,0.0,93.93,94.307,0.0,117.93,0.0,26.1,26.1,0.0,0.0,0,0
2022-10-22T07:00:00,410.0,47.0,114.0,80.64,81.15,72.151,88.535,56.44,26.7,28.46,287.89,0.2879,0,0
2022-10-22T08:00:00,690.0,75.0,333.0,67.98,68.513,64.422,79.647,198.64,27.0,33.21,996.28,0.9963,0,0
2022-10-22T09:00:00,814.0,88.0,541.0,56.18,56.788,54.471,71.814,342.92,27.3,38.02,1690.09,1.6901,0,0
2022-10-22T10:00:00,878.0,95.0,705.0,45.97,46.7,40.854,65.559,460.27,27.6,41.98,2235.42,2.2354,1,0
2022-10-22T11:00:00,52.0,379.0,419.0,38.7,39.543,22.029,61.496,391.05,27.8,40.02,1913.15,1.9131,3,0
2022-10-22T12:00:00,111.0,407.0,497.0,36.17,37.071,358.598,60.165,448.93,27.9,41.93,2180.79,2.1808,2,0
2022-10-22T13:00:00,0.0,224.0,224.0,39.34,40.162,335.517,61.844,216.25,28.0,34.76,1078.54,1.0785,2,0
2022-10-22T14:00:00,888.0,88.0,693.0,47.05,47.743,317.334,66.2,448.53,27.9,41.92,2178.97,2.179,0,0
2022-10-22T15:00:00,825.0,80.0,524.0,57.5,58.074,304.227,72.669,326.84,27.7,37.91,1611.43,1.6114,0,0
2022-10-22T16:00:00,701.0,66.0,313.0,69.43,69.932,294.597,80.649,179.75,27.3,32.92,902.45,0.9025,0,0
2022-10-22T17:00:00,393.0,40.0,94.0,82.15,82.645,287.052,89.621,41.68,26.8,28.1,212.91,0.2129,0,0
2022-10-22T18:00:00,0.0,0.0,0.0,95.51,95.845,0.0,119.51,0.0,26.5,26.5,0.0,0.0,0,0
2022-10-22T19:00:00,0.0,0.0,0.0,109.01,109.317,0.0,133.01,0.0,26.5,26.5,0.0,0.0,0,0
2022-10-22T20:00:00,0.0,0.0,0.0,122.6,122.904,0.0,146.6,0.0,26.4,26.4,0.0,0.0,0,0
2022-10-22T21:00:00,0.0,0.0,0.0,136.13,136.441,0.0,160.13,0.0,26.3,26.3,0.0,0.0,0,0
2022-10-22T22:00:00,0.0,0.0,0.0,149.25,149.628,0.0,173.25,0.0,26.2,26.2,0.0,0.0,0,0
2022-10-22T23:00:00,0.0,0.0,0.0,160.92,161.456,0.0,175.08,0.0,26.1,26.1,0.0,0.0,0,0
2022-10-23T00:00:00,0.0,0.0,0.0,166.41,167.457,0.0,169.59,0.0,26.0,26.0,0.0,0.0,0,0
2022-10-23T01:00:00,0.0,0.0,0.0,159.77,160.456,0.0,176.23,0.0,25.9,25.9,0.0,0.0,0,0
2022-10-23T02:00:00,0.0,0.0,0.0,147.82,148.278,0.0,171.82,0.0,25.8,25.8,0.0,0.0,0,0
2022-10-23T03:00:00,0.0,0.0,0.0,134.63,134.997,0.0,158.63,0.0,25.7,25.7,0.0,0.0,0,0
2022-10-23T04:00:00,0.0,0.0,0.0,121.09,121.435,0.0,145.09,0.0,25.6,25.6,0.0,0.0,0,0
2022-10-23T05:00:00,0.0,0.0,0.0,107.51,107.858,0.0,131.51,0.0,25.6,25.6,0.0,0.0,0,0
2022-10-23T06:00:00,0.0,0.0,0.0,94.05,94.421,0.0,118.05,0.0,25.6,25.6,0.0,0.0,0,0
2022-10-23T07:00:00,490.0,41.0,120.0,80.77,81.283,71.829,88.778,50.72,26.3,27.88,259.24,0.2592,0,0
2022-10-23T08:00:00,746.0,64.0,342.0,68.15,68.675,64.094,79.917,194.79,26.7,32.79,978.43,0.9784,0,0
2022-10-23T09:00:00,855.0,77.0,550.0,56.38,56.99,54.136,72.098,341.24,27.0,37.66,1683.97,1.684,0,0
2022-10-23T10:00:00,906.0,85.0,712.0,46.23,46.954,40.534,65.875,457.79,27.3,41.61,2226.53,2.2265,0,0
2022-10-23T11:00:00,931.0,91.0,814.0,39.01,39.855,21.795,61.827,533.66,27.6,44.28,2569.78,2.5698,0,0
2022-10-23T12:00:00,934.0,93.0,844.0,36.52,37.416,358.558,60.515,555.99,27.7,45.07,2669.26,2.6693,1,0
2022-10-23T13:00:00,1.0,269.0,269.0,39.67,40.492,335.675,62.187,260.16,27.7,35.83,1292.5,1.2925,2,0
2022-10-23T14:00:00,895.0,86.0,693.0,47.34,48.031,317.592,66.534,444.67,27.7,41.6,2162.8,2.1628,1,0
2022-10-23T15:00:00,833.0,78.0,523.0,57.75,58.32,304.513,72.987,322.87,27.6,37.69,1593.17,1.5932,0,0
2022-10-23T16:00:00,714.0,64.0,313.0,69.65,70.145,294.887,80.955,176.19,27.3,32.81,884.92,0.8849,0,0
2022-10-23T17:00:00,423.0,38.0,94.0,82.34,82.832,287.345,89.909,37.85,26.9,28.08,193.31,0.1933,0,0
2022-10-23T18:00:00,0.0,0.0,0.0,95.68,96.016,0.0,119.68,0.0,26.6,26.6,0.0,0.0,0,0
2022-10-23T19:00:00,0.0,0.0,0.0,109.17,109.477,0.0,133.17,0.0,26.5,26.5,0.0,0.0,0,0
2022-10-23T20:00:00,0.0,0.0,0.0,122.77,123.062,0.0,146.77,0.0,26.3,26.3,0.0,0.0,0,0
2022-10-23T21:00:00,0.0,0.0,0.0,136.3,136.608,0.0,160.3,0.0,26.2,26.2,0.0,0.0,0,0
2022-10-23T22:00:00,0.0,0.0,0.0,149.46,149.822,0.0,173.46,0.0,26.1,26.1,0.0,0.0,3,0
2022-10-23T23:00:00,0.0,0.0,0.0,161.2,161.724,0.0,174.8,0.0,26.0,26.0,0.0,0.0,3,0
2022-10-24T00:00:00,0.0,0.0,0.0,166.75,167.795,0.0,169.25,0.0,25.9,25.9,0.0,0.0,0,0
2022-10-24T01:00:00,0.0,0.0,0.0,159.99,160.661,0.0,176.01,0.0,25.8,25.8,0.0,0.0,0,0
2022-10-24T02:00:00,0.0,0.0,0.0,147.96,148.409,0.0,171.96,0.0,25.8,25.8,0.0,0.0,0,0
2022-10-24T03:00:00,0.0,0.0,0.0,134.74,135.102,0.0,158.74,0.0,25.7,25.7,0.0,0.0,1,0
2022-10-24T04:00:00,0.0,0.0,0.0,121.19,121.534,0.0,145.19,0.0,25.6,25.6,0.0,0.0,1,0
2022-10-24T05:00:00,0.0,0.0,0.0,107.61,107.961,0.0,131.61,0.0,25.6,25.6,0.0,0.0,0,0
2022-10-24T06:00:00,0.0,0.0,0.0,94.16,94.536,0.0,118.16,0.0,25.6,25.6,0.0,0.0,0,0
2022-10-24T07:00:00,522.0,39.0,121.0,80.9,81.418,71.512,89.019,47.3,26.5,27.98,241.7,0.2417,0,0
2022-10-24T08:00:00,771.0,60.0,345.0,68.31,68.839,63.772,80.177,191.93,27.1,33.1,962.97,0.963,0,0
2022-10-24T09:00:00,877.0,72.0,555.0,56.58,57.193,53.809,72.38,339.15,27.4,38.0,1671.62,1.6716,0,0
2022-10-24T10:00:00,926.0,79.0,717.0,46.49,47.208,40.223,66.189,455.63,27.8,42.04,2212.47,2.2125,0,0
2022-10-24T11:00:00,948.0,84.0,817.0,39.33,40.164,21.571,62.166,530.06,28.0,44.56,2549.67,2.5497,1,0
2022-10-24T12:00:00,951.0,86.0,847.0,36.87,37.757,358.524,60.865,552.62,28.0,45.27,2651.16,2.6512,0,0
2022-10-24T13:00:00,929.0,90.0,801.0,40.01,40.818,335.833,62.54,521.43,28.1,44.39,2509.75,2.5097,0,0
2022-10-24T14:00:00,895.0,86.0,689.0,47.63,48.315,317.847,66.866,439.86,28.0,41.75,2138.22,2.1382,0,0
2022-10-24T15:00:00,826.0,79.0,516.0,57.99,58.561,304.796,73.296,317.46,27.9,37.82,1565.72,1.5657,0,0
2022-10-24T16:00:00,702.0,65.0,306.0,69.86,70.353,295.174,81.251,171.62,27.7,33.06,861.18,0.8612,0,0
2022-10-24T17:00:00,405.0,37.0,89.0,82.52,83.016,287.635,90.186,36.17,27.2,28.33,184.6,0.1846,0,0
2022-10-24T18:00:00,0.0,0.0,0.0,95.85,96.182,0.0,119.85,0.0,26.7,26.7,0.0,0.0,0,0
2022-10-24T19:00:00,0.0,0.0,0.0,109.33,109.633,0.0,133.33,0.0,26.5,26.5,0.0,0.0,0,0
2022-10-24T20:00:00,0.0,0.0,0.0,122.93,123.215,0.0,146.93,0.0,26.4,26.4,0.0,0.0,0,0
2022-10-24T21:00:00,0.0,0.0,0.0,136.47,136.768,0.0,160.47,0.0,26.2,26.2,0.0,0.0,0,0
2022-10-24T22:00:00,0.0,0.0,0.0,149.66,150.01,0.0,173.66,0.0,26.0,26.0,0.0,0.0,0,0
2022-10-24T23:00:00,0.0,0.0,0.0,161.47,161.985,0.0,174.53,0.0,25.9,25.9,0.0,0.0,3,0
2022-10-25T00:00:00,0.0,0.0,0.0,167.1,168.128,0.0,168.9,0.0,25.8,25.8,0.0,0.0,0,0
2022-10-25T01:00:00,0.0,0.0,0.0,160.2,160.861,0.0,175.8,0.0,25.7,25.7,0.0,0.0,3,0
2022-10-25T02:00:00,0.0,0.0,0.0,148.1,148.539,0.0,172.1,0.0,25.6,25.6,0.0,0.0,0,0
2022-10-25T03:00:00,0.0,0.0,0.0,134.85,135.207,0.0,158.85,0.0,25.6,25.6,0.0,0.0,0,0
2022-10-25T04:00:00,0.0,0.0,0.0,121.3,121.634,0.0,145.3,0.0,25.6,25.6,0.0,0.0,0,0
2022-10-25T05:00:00,0.0,0.0,0.0,107.72,108.066,0.0,131.72,0.0,25.6,25.6,0.0,0.0,0,0
2022-10-25T06:00:00,0.0,0.0,0.0,94.28,94.653,0.0,118.28,0.0,25.7,25.7,0.0,0.0,0,0
2022-10-25T07:00:00,483.0,40.0,115.0,81.04,81.554,71.199,89.267,45.45,26.3,27.72,232.44,0.2324,0,0
2022-10-25T08:00:00,737.0,64.0,334.0,68.47,69.003,63.457,80.434,186.6,26.7,32.53,938.14,0.9381,0,0
2022-10-25T09:00:00,847.0,76.0,540.0,56.79,57.397,53.489,72.669,329.69,27.0,37.3,1629.14,1.6291,0,0
2022-10-25T10:00:00,902.0,83.0,701.0,46.74,47.463,39.921,66.491,445.27,27.4,41.31,2167.98,2.168,0,0
2022-10-25T11:00:00,0.0,128.0,128.0,39.64,40.472,21.357,62.495,123.57,27.6,31.46,623.67,0.6237,3,0
2022-10-25T12:00:00,105.0,389.0,473.0,37.22,38.094,358.495,61.214,426.83,27.8,41.14,2079.57,2.0796,2,0
2022-10-25T13:00:00,8.0,330.0,337.0,40.33,41.139,335.992,62.873,322.3,27.9,37.97,1588.7,1.5887,3,0
2022-10-25T14:00:00,3.0,264.0,266.0,47.92,48.594,318.1,67.199,256.05,27.9,35.9,1271.73,1.2717,3,0
2022-10-25T15:00:00,848.0,67.0,513.0,58.24,58.798,305.077,73.614,307.77,27.8,37.42,1520.18,1.5202,0,0
2022-10-25T16:00:00,0.0,75.0,75.0,70.07,70.556,295.46,81.545,72.41,27.5,29.76,367.66,0.3677,3,0
2022-10-25T17:00:00,0.0,15.0,15.0,82.71,83.195,287.923,90.472,14.48,27.0,27.45,74.14,0.0741,3,7
2022-10-25T18:00:00,0.0,0.0,0.0,96.02,96.344,0.0,120.02,0.0,26.5,26.5,0.0,0.0,3,0
2022-10-25T19:00:00,0.0,0.0,0.0,109.49,109.784,0.0,133.49,0.0,26.3,26.3,0.0,0.0,3,0
2022-10-25T20:00:00,0.0,0.0,0.0,123.08,123.362,0.0,147.08,0.0,26.2,26.2,0.0,0.0,0,0
2022-10-25T21:00:00,0.0,0.0,0.0,136.63,136.922,0.0,160.63,0.0,26.1,26.1,0.0,0.0,0,0
2022-10-25T22:00:00,0.0,0.0,0.0,149.85,150.19,0.0,173.85,0.0,26.0,26.0,0.0,0.0,0,0
2022-10-25T23:00:00,0.0,0.0,0.0,161.74,162.238,0.0,174.26,0.0,25.9,25.9,0.0,0.0,0,0
2022-10-26T00:00:00,0.0,0.0,0.0,167.44,168.458,0.0,168.56,0.0,25.9,25.9,0.0,0.0,3,0
2022-10-26T01:00:00,0.0,0.0,0.0,160.41,161.059,0.0,175.59,0.0,25.9,25.9,0.0,0.0,3,0
2022-10-26T02:00:00,0.0,0.0,0.0,148.24,148.667,0.0,172.24,0.0,25.8,25.8,0.0,0.0,1,0
2022-10-26T03:00:00,0.0,0.0,0.0,134.96,135.312,0.0,158.96,0.0,25.8,25.8,0.0,0.0,3,0
2022-10-26T04:00:00,0.0,0.0,0.0,121.4,121.734,0.0,145.4,0.0,25.7,25.7,0.0,0.0,1,0
2022-10-26T05:00:00,0.0,0.0,0.0,107.83,108.171,0.0,131.83,0.0,25.7,25.7,0.0,0.0,0,0
2022-10-26T06:00:00,0.0,0.0,0.0,94.4,94.77,0.0,118.4,0.0,25.7,25.7,0.0,0.0,2,0
2022-10-26T07:00:00,1.0,59.0,59.0,81.18,81.692,70.892,89.513,56.97,26.3,28.08,291.0,0.291,3,0
2022-10-26T08:00:00,129.0,198.0,245.0,68.64,69.169,63.147,80.698,212.41,26.7,33.34,1064.82,1.0648,3,0
2022-10-26T09:00:00,867.0,68.0,540.0,56.99,57.601,53.177,72.947,323.99,27.0,37.12,1601.99,1.602,0,0
2022-10-26T10:00:00,7.0,290.0,295.0,47.0,47.716,39.628,66.801,282.77,27.3,36.14,1403.25,1.4032,3,0
2022-10-26T11:00:00,1.0,240.0,241.0,39.95,40.777,21.152,62.822,232.17,27.6,34.86,1157.49,1.1575,3,0
2022-10-26T12:00:00,292.0,410.0,641.0,37.56,38.427,358.472,61.554,536.91,27.7,44.48,2583.44,2.5834,3,0
2022-10-26T13:00:00,289.0,327.0,547.0,40.66,41.455,336.15,63.217,447.82,27.8,41.79,2176.52,2.1765,7,0
2022-10-26T14:00:00,915.0,73.0,683.0,48.2,48.869,318.351,67.521,425.59,27.9,41.2,2073.03,2.073,1,0
2022-10-26T15:00:00,0.0,121.0,121.0,58.47,59.031,305.355,73.911,116.82,27.8,31.45,589.59,0.5896,3,0
2022-10-26T16:00:00,14.0,156.0,160.0,70.27,70.756,295.743,81.83,152.63,27.6,32.37,767.81,0.7678,3,0
2022-10-26T17:00:00,1.0,49.0,49.0,82.88,83.369,288.209,90.738,47.31,27.1,28.58,241.21,0.2412,3,7
2022-10-26T18:00:00,0.0,0.0,0.0,96.18,96.501,0.0,120.18,0.0,26.7,26.7,0.0,0.0,3,0
2022-10-26T19:00:00,0.0,0.0,0.0,109.64,109.93,0.0,133.64,0.0,26.5,26.5,0.0,0.0,2,0
2022-10-26T20:00:00,0.0,0.0,0.0,123.23,123.504,0.0,147.23,0.0,26.2,26.2,0.0,0.0,0,0
2022-10-26T21:00:00,0.0,0.0,0.0,136.79,137.07,0.0,160.79,0.0,26.1,26.1,0.0,0.0,0,0
2022-10-26T22:00:00,0.0,0.0,0.0,150.03,150.364,0.0,174.03,0.0,25.9,25.9,0.0,0.0,0,0
2022-10-26T23:00:00,0.0,0.0,0.0,162.0,162.483,0.0,174.0,0.0,25.7,25.7,0.0,0.0,0,0
2022-10-27T00:00:00,0.0,0.0,0.0,167.77,168.784,0.0,168.23,0.0,25.6,25.6,0.0,0.0,0,0
2022-10-27T01:00:00,0.0,0.0,0.0,160.62,161.252,0.0,175.38,0.0,25.4,25.4,0.0,0.0,0,0
2022-10-27T02:00:00,0.0,0.0,0.0,148.37,148.793,0.0,172.37,0.0,25.3,25.3,0.0,0.0,0,0
2022-10-27T03:00:00,0.0,0.0,0.0,135.07,135.416,0.0,159.07,0.0,25.2,25.2,0.0,0.0,0,0
2022-10-27T04:00:00,0.0,0.0,0.0,121.5,121.834,0.0,145.5,0.0,25.2,25.2,0.0,0.0,0,0
2022-10-27T05:00:00,0.0,0.0,0.0,107.94,108.277,0.0,131.94,0.0,25.3,25.3,0.0,0.0,0,0
2022-10-27T06:00:00,0.0,0.0,0.0,94.52,94.889,0.0,118.52,0.0,25.4,25.4,0.0,0.0,0,0
2022-10-27T07:00:00,550.0,33.0,116.0,81.31,81.83,70.591,89.747,35.0,25.9,26.99,179.49,0.1795,0,0
2022-10-27T08:00:00,793.0,52.0,339.0,68.81,69.335,62.843,80.96,177.28,26.3,31.84,893.51,0.8935,0,0
2022-10-27T09:00:00,893.0,62.0,546.0,57.2,57.805,52.872,73.231,321.68,26.6,36.65,1593.33,1.5933,0,0
2022-10-27T10:00:00,941.0,68.0,707.0,47.26,47.969,39.344,67.109,437.2,27.0,40.66,2133.84,2.1338,0,0
2022-10-27T11:00:00,965.0,72.0,809.0,40.26,41.081,20.956,63.149,511.75,27.2,43.19,2474.28,2.4743,0,0
2022-10-27T12:00:00,970.0,73.0,838.0,37.9,38.756,358.454,61.894,534.06,27.4,44.09,2573.49,2.5735,0,0
2022-10-27T13:00:00,954.0,75.0,796.0,40.98,41.767,336.309,63.55,503.56,27.5,43.24,2434.31,2.4343,0,0
2022-10-27T14:00:00,922.0,72.0,683.0,48.48,49.139,318.6,67.843,422.51,27.6,40.8,2061.08,2.0611,0,0
2022-10-27T15:00:00,865.0,65.0,514.0,58.71,59.26,305.631,74.218,301.9,27.5,36.93,1493.81,1.4938,0,0
2022-10-27T16:00:00,747.0,54.0,303.0,70.47,70.951,296.024,82.113,156.78,27.4,32.3,788.91,0.7889,0,0
2022-10-27T17:00:00,461.0,31.0,86.0,83.06,83.539,288.493,91.013,30.4,27.0,27.95,155.37,0.1554,0,0
2022-10-27T18:00:00,0.0,0.0,0.0,96.34,96.653,0.0,120.34,0.0,26.7,26.7,0.0,0.0,0,0
2022-10-27T19:00:00,0.0,0.0,0.0,109.79,110.071,0.0,133.79,0.0,26.6,26.6,0.0,0.0,0,0
2022-10-27T20:00:00,0.0,0.0,0.0,123.37,123.641,0.0,147.37,0.0,26.7,26.7,0.0,0.0,0,0
2022-10-27T21:00:00,0.0,0.0,0.0,136.94,137.212,0.0,160.94,0.0,26.7,26.7,0.0,0.0,0,0
2022-10-27T22:00:00,0.0,0.0,0.0,150.21,150.53,0.0,174.21,0.0,26.6,26.6,0.0,0.0,0,0
2022-10-27T23:00:00,0.0,0.0,0.0,162.25,162.72,0.0,173.75,0.0,26.6,26.6,0.0,0.0,0,0
2022-10-28T00:00:00,0.0,0.0,0.0,168.11,169.106,0.0,167.89,0.0,26.5,26.5,0.0,0.0,0,0
2022-10-28T01:00:00,0.0,0.0,0.0,160.83,161.442,0.0,175.17,0.0,26.4,26.4,0.0,0.0,1,0
2022-10-28T02:00:00,0.0,0.0,0.0,148.51,148.918,0.0,172.51,0.0,26.3,26.3,0.0,0.0,0,0
2022-10-28T03:00:00,0.0,0.0,0.0,135.18,135.52,0.0,159.18,0.0,26.2,26.2,0.0,0.0,0,0
2022-10-28T04:00:00,0.0,0.0,0.0,121.61,121.935,0.0,145.61,0.0,26.1,26.1,0.0,0.0,1,0
2022-10-28T05:00:00,0.0,0.0,0.0,108.04,108.384,0.0,132.04,0.0,26.1,26.1,0.0,0.0,0,0
2022-10-28T06:00:00,0.0,0.0,0.0,94.64,95.009,0.0,118.64,0.0,26.1,26.1,0.0,0.0,1,0
2022-10-28T07:00:00,470.0,38.0,108.0,81.45,81.97,70.294,89.989,37.38,26.6,27.77,191.17,0.1912,0,0
2022-10-28T08:00:00,729.0,62.0,324.0,68.98,69.503,62.546,81.22,173.4,26.9,32.32,872.44,0.8724,0,0
2022-10-28T09:00:00,839.0,74.0,526.0,57.41,58.01,52.574,73.513,313.45,27.2,37.0,1550.62,1.5506,1,0
2022-10-28T10:00:00,896.0,82.0,687.0,47.51,48.221,39.069,67.406,428.64,27.4,40.8,2091.04,2.091,0,0
2022-10-28T11:00:00,925.0,85.0,787.0,40.57,41.381,20.769,63.474,501.23,27.6,43.26,2422.79,2.4228,1,0
2022-10-28T12:00:00,936.0,85.0,820.0,38.23,39.081,358.441,62.224,524.61,27.7,44.09,2527.9,2.5279,0,0
2022-10-28T13:00:00,929.0,82.0,780.0,41.3,42.074,336.468,63.884,494.14,27.9,43.34,2387.79,2.3878,0,0
2022-10-28T14:00:00,901.0,78.0,672.0,48.75,49.405,318.847,68.156,415.69,27.9,40.89,2027.14,2.0271,0,0
2022-10-28T15:00:00,843.0,70.0,505.0,58.94,59.484,305.905,74.514,296.42,27.9,37.16,1465.49,1.4655,0,0
2022-10-28T16:00:00,726.0,57.0,297.0,70.67,71.141,296.302,82.396,153.17,27.8,32.59,769.94,0.7699,0,0
2022-10-28T17:00:00,430.0,32.0,82.0,83.23,83.704,288.775,91.278,31.33,27.5,28.48,159.79,0.1598,0,0
2022-10-28T18:00:00,0.0,0.0,0.0,96.49,96.8,0.0,120.49,0.0,27.2,27.2,0.0,0.0,0,0
2022-10-28T19:00:00,0.0,0.0,0.0,109.93,110.207,0.0,133.93,0.0,27.2,27.2,0.0,0.0,1,0
2022-10-28T20:00:00,0.0,0.0,0.0,123.51,123.772,0.0,147.51,0.0,27.2,27.2,0.0,0.0,3,0
2022-10-28T21:00:00,0.0,0.0,0.0,137.08,137.348,0.0,161.08,0.0,27.2,27.2,0.0,0.0,3,0
2022-10-28T22:00:00,0.0,0.0,0.0,150.38,150.689,0.0,174.38,0.0,27.0,27.0,0.0,0.0,3,0
2022-10-28T23:00:00,0.0,0.0,0.0,162.49,162.95,0.0,173.51,0.0,26.9,26.9,0.0,0.0,0,0
2022-10-29T00:00:00,0.0,0.0,0.0,168.44,169.424,0.0,167.56,0.0,26.8,26.8,0.0,0.0,0,0
2022-10-29T01:00:00,0.0,0.0,0.0,161.03,161.628,0.0,174.97,0.0,26.7,26.7,0.0,0.0,0,0
2022-10-29T02:00:00,0.0,0.0,0.0,148.64,149.041,0.0,172.64,0.0,26.6,26.6,0.0,0.0,0,0
2022-10-29T03:00:00,0.0,0.0,0.0,135.29,135.624,0.0,159.29,0.0,26.5,26.5,0.0,0.0,0,0
2022-10-29T04:00:00,0.0,0.0,0.0,121.71,122.036,0.0,145.71,0.0,26.5,26.5,0.0,0.0,0,0
2022-10-29T05:00:00,0.0,0.0,0.0,108.15,108.491,0.0,132.15,0.0,26.6,26.6,0.0,0.0,0,0
2022-10-29T06:00:00,0.0,0.0,0.0,94.76,95.13,0.0,118.76,0.0,26.7,26.7,0.0,0.0,0,0
2022-10-29T07:00:00,410.0,41.0,101.0,81.59,82.111,70.003,90.228,40.1,27.3,28.55,204.5,0.2045,0,0
2022-10-29T08:00:00,685.0,69.0,313.0,69.15,69.671,62.255,81.477,170.24,27.7,33.02,854.4,0.8544,0,0
2022-10-29T09:00:00,806.0,82.0,514.0,57.62,58.216,52.284,73.793,307.85,28.0,37.62,1519.47,1.5195,0,0
2022-10-29T10:00:00,379.0,308.0,563.0,47.77,48.473,38.802,67.71,443.31,28.3,42.15,2151.69,2.1517,2,0
2022-10-29T11:00:00,886.0,99.0,769.0,40.88,41.679,20.59,63.799,492.56,28.4,43.79,2376.15,2.3761,0,0
2022-10-29T12:00:00,888.0,104.0,798.0,38.57,39.401,358.434,62.564,515.56,28.5,44.61,2479.48,2.4795,0,0
2022-10-29T13:00:00,364.0,354.0,626.0,41.61,42.376,336.628,64.208,502.49,28.5,44.2,2420.34,2.4203,2,0
2022-10-29T14:00:00,833.0,100.0,646.0,49.02,49.666,319.092,68.467,407.0,28.5,41.22,1982.35,1.9824,1,0
2022-10-29T15:00:00,760.0,91.0,480.0,59.17,59.703,306.176,74.81,290.36,28.4,37.47,1433.87,1.4339,0,0
2022-10-29T16:00:00,623.0,72.0,276.0,70.86,71.327,296.578,82.668,150.78,28.2,32.91,757.01,0.757,0,0
2022-10-29T17:00:00,304.0,37.0,72.0,83.39,83.865,289.054,91.532,36.02,27.8,28.93,183.46,0.1835,0,0
2022-10-29T18:00:00,0.0,0.0,0.0,96.64,96.943,0.0,120.64,0.0,27.4,27.4,0.0,0.0,0,0
2022-10-29T19:00:00,0.0,0.0,0.0,110.07,110.337,0.0,134.07,0.0,27.3,27.3,0.0,0.0,0,0
2022-10-29T20:00:00,0.0,0.0,0.0,123.65,123.897,0.0,147.65,0.0,27.2,27.2,0.0,0.0,3,0
2022-10-29T21:00:00,0.0,0.0,0.0,137.22,137.478,0.0,161.22,0.0,27.0,27.0,0.0,0.0,3,0
2022-10-29T22:00:00,0.0,0.0,0.0,150.54,150.84,0.0,174.54,0.0,27.0,27.0,0.0,0.0,3,0
2022-10-29T23:00:00,0.0,0.0,0.0,162.73,163.171,0.0,173.27,0.0,26.9,26.9,0.0,0.0,3,0
2022-10-30T00:00:00,0.0,0.0,0.0,168.77,169.738,0.0,167.23,0.0,26.8,26.8,0.0,0.0,3,0
2022-10-30T01:00:00,0.0,0.0,0.0,161.23,161.81,0.0,174.77,0.0,26.7,26.7,0.0,0.0,3,0
2022-10-30T02:00:00,0.0,0.0,0.0,148.77,149.163,0.0,172.77,0.0,26.6,26.6,0.0,0.0,0,0
2022-10-30T03:00:00,0.0,0.0,0.0,135.39,135.728,0.0,159.39,0.0,26.5,26.5,0.0,0.0,3,0
2022-10-30T04:00:00,0.0,0.0,0.0,121.82,122.138,0.0,145.82,0.0,26.5,26.5,0.0,0.0,3,0
2022-10-30T05:00:00,0.0,0.0,0.0,108.27,108.6,0.0,132.27,0.0,26.5,26.5,0.0,0.0,0,0
2022-10-30T06:00:00,0.0,0.0,0.0,94.89,95.252,0.0,118.89,0.0,26.6,26.6,0.0,0.0,0,0
2022-10-30T07:00:00,424.0,39.0,100.0,81.74,82.253,69.718,90.475,38.18,27.2,28.39,194.8,0.1948,0,0
2022-10-30T08:00:00,700.0,64.0,311.0,69.32,69.84,61.97,81.733,164.58,27.5,32.64,827.1,0.8271,0,0
2022-10-30T09:00:00,38.0,250.0,271.0,57.83,58.421,52.002,74.071,251.96,27.8,35.67,1252.48,1.2525,3,0
2022-10-30T10:00:00,77.0,334.0,385.0,48.03,48.723,38.545,68.012,351.72,28.1,39.09,1726.62,1.7266,3,0
2022-10-30T11:00:00,909.0,86.0,770.0,41.18,41.975,20.421,64.113,485.81,28.2,43.38,2347.2,2.3472,0,0
2022-10-30T12:00:00,921.0,85.0,801.0,38.89,39.717,358.431,62.884,508.04,28.4,44.28,2446.39,2.4464,1,0
2022-10-30T13:00:00,924.0,73.0,761.0,41.92,42.673,336.788,64.532,473.75,28.5,43.3,2289.61,2.2896,0,0
2022-10-30T14:00:00,894.0,70.0,653.0,49.29,49.922,319.335,68.778,396.23,28.5,40.88,1932.28,1.9323,1,0
2022-10-30T15:00:00,833.0,64.0,488.0,59.39,59.918,306.445,75.095,279.72,28.5,37.24,1382.5,1.3825,0,0
2022-10-30T16:00:00,709.0,54.0,284.0,71.05,71.508,296.851,82.94,141.26,28.3,32.71,709.76,0.7098,0,0
2022-10-30T17:00:00,404.0,30.0,75.0,83.55,84.021,289.33,91.786,29.35,28.0,28.92,149.49,0.1495,0,0
2022-10-30T18:00:00,0.0,0.0,0.0,96.79,97.08,0.0,120.79,0.0,27.7,27.7,0.0,0.0,0,0
2022-10-30T19:00:00,0.0,0.0,0.0,110.2,110.463,0.0,134.2,0.0,27.7,27.7,0.0,0.0,0,0
2022-10-30T20:00:00,0.0,0.0,0.0,123.77,124.017,0.0,147.77,0.0,27.6,27.6,0.0,0.0,0,0
2022-10-30T21:00:00,0.0,0.0,0.0,137.36,137.601,0.0,161.36,0.0,27.6,27.6,0.0,0.0,0,0
2022-10-30T22:00:00,0.0,0.0,0.0,150.7,150.985,0.0,174.7,0.0,27.5,27.5,0.0,0.0,0,0
2022-10-30T23:00:00,0.0,0.0,0.0,162.95,163.383,0.0,173.05,0.0,27.5,27.5,0.0,0.0,1,0
2022-10-31T00:00:00,0.0,0.0,0.0,169.09,170.048,0.0,166.91,0.0,27.4,27.4,0.0,0.0,0,0
2022-10-31T01:00:00,0.0,0.0,0.0,161.42,161.99,0.0,174.58,0.0,27.3,27.3,0.0,0.0,0,0
2022-10-31T02:00:00,0.0,0.0,0.0,148.9,149.284,0.0,172.9,0.0,27.3,27.3,0.0,0.0,0,0
2022-10-31T03:00:00,0.0,0.0,0.0,135.5,135.832,0.0,159.5,0.0,27.3,27.3,0.0,0.0,0,0
2022-10-31T04:00:00,0.0,0.0,0.0,121.92,122.241,0.0,145.92,0.0,27.3,27.3,0.0,0.0,3,0
2022-10-31T05:00:00,0.0,0.0,0.0,108.38,108.71,0.0,132.38,0.0,27.3,27.3,0.0,0.0,0,0
2022-10-31T06:00:00,0.0,0.0,0.0,95.01,95.375,0.0,119.01,0.0,27.4,27.4,0.0,0.0,0,0
2022-10-31T07:00:00,1.0,50.0,50.0,81.88,82.395,69.439,90.71,48.27,27.9,29.41,245.41,0.2454,3,0
2022-10-31T08:00:00,673.0,69.0,305.0,69.49,70.01,61.692,81.985,162.49,28.3,33.38,814.44,0.8144,0,0
2022-10-31T09:00:00,797.0,82.0,504.0,58.04,58.627,51.727,74.347,297.86,28.6,37.91,1468.57,1.4686,0,0
2022-10-31T10:00:00,859.0,90.0,662.0,48.28,48.973,38.297,68.303,409.4,28.9,41.69,1990.52,1.9905,0,0
2022-10-31T11:00:00,889.0,94.0,761.0,41.48,42.267,20.26,64.426,480.28,29.2,44.21,2313.3,2.3133,0,0
2022-10-31T12:00:00,897.0,95.0,790.0,39.22,40.029,358.433,63.214,501.97,29.3,44.99,2410.71,2.4107,0,0
2022-10-31T13:00:00,878.0,97.0,747.0,42.22,42.965,336.948,64.846,472.46,29.4,44.16,2276.02,2.276,0,0
2022-10-31T14:00:00,11.0,221.0,228.0,49.55,50.173,319.576,69.08,217.35,29.4,36.19,1078.36,1.0784,6,0
2022-10-31T15:00:00,5.0,128.0,130.0,59.61,60.128,306.711,75.379,124.85,29.3,33.2,626.2,0.6262,7,0
2022-10-31T16:00:00,124.0,148.0,188.0,71.24,71.685,297.122,83.21,157.89,29.1,34.03,789.51,0.7895,8,0
2022-10-31T17:00:00,318.0,34.0,69.0,83.71,84.172,289.604,92.038,33.13,28.7,29.74,168.22,0.1682,0,0
2022-10-31T18:00:00,0.0,0.0,0.0,96.93,97.213,0.0,120.93,0.0,28.4,28.4,0.0,0.0,0,0
2022-10-31T19:00:00,0.0,0.0,0.0,110.33,110.583,0.0,134.33,0.0,28.2,28.2,0.0,0.0,0,1
2022-10-31T20:00:00,0.0,0.0,0.0,123.9,124.131,0.0,147.9,0.0,28.2,28.2,0.0,0.0,0,1
2022-10-31T21:00:00,0.0,0.0,0.0,137.48,137.718,0.0,161.48,0.0,28.1,28.1,0.0,0.0,0,1
2022-10-31T22:00:00,0.0,0.0,0.0,150.85,151.122,0.0,174.85,0.0,28.0,28.0,0.0,0.0,0,0
2022-10-31T23:00:00,0.0,0.0,0.0,163.17,163.588,0.0,172.83,0.0,28.0,28.0,0.0,0.0,0,0
2022-11-01T00:00:00,0.0,0.0,0.0,169.41,170.353,0.0,166.59,0.0,27.9,27.9,0.0,0.0,3,0
2022-11-01T01:00:00,0.0,0.0,0.0,161.61,162.165,0.0,174.39,0.0,27.9,27.9,0.0,0.0,0,0
2022-11-01T02:00:00,0.0,0.0,0.0,149.03,149.403,0.0,173.03,0.0,27.8,27.8,0.0,0.0,0,0
2022-11-01T03:00:00,0.0,0.0,0.0,135.61,135.936,0.0,159.61,0.0,27.8,27.8,0.0,0.0,3,0
2022-11-01T04:00:00,0.0,0.0,0.0,122.03,122.344,0.0,146.03,0.0,27.8,27.8,0.0,0.0,0,0
2022-11-01T05:00:00,0.0,0.0,0.0,108.49,108.82,0.0,132.49,0.0,27.8,27.8,0.0,0.0,0,0
2022-11-01T06:00:00,0.0,0.0,0.0,95.14,95.499,0.0,119.14,0.0,27.8,27.8,0.0,0.0,0,0
2022-11-01T07:00:00,384.0,40.0,93.0,82.02,82.539,69.165,90.942,39.07,28.2,29.42,198.65,0.1987,0,0
2022-11-01T08:00:00,675.0,68.0,302.0,69.66,70.18,61.42,82.236,158.86,28.6,33.56,795.72,0.7957,0,0
2022-11-01T09:00:00,798.0,82.0,502.0,58.24,58.832,51.46,74.61,294.57,28.9,38.11,1451.31,1.4513,0,0
2022-11-01T10:00:00,860.0,91.0,660.0,48.54,49.221,38.057,68.602,406.54,29.1,41.8,1975.8,1.9758,0,0
2022-11-01T11:00:00,887.0,96.0,758.0,41.78,42.557,20.108,64.738,476.94,29.3,44.2,2297.26,2.2973,0,0
2022-11-01T12:00:00,896.0,97.0,788.0,39.54,40.336,358.44,63.534,498.94,29.5,45.09,2395.22,2.3952,0,0
2022-11-01T13:00:00,908.0,82.0,751.0,42.52,43.252,337.108,65.16,466.38,29.6,44.17,2246.65,2.2467,0,0
2022-11-01T14:00:00,874.0,78.0,643.0,49.8,50.419,319.816,69.371,388.11,29.6,41.73,1886.77,1.8868,0,0
2022-11-01T15:00:00,812.0,70.0,478.0,59.82,60.333,306.974,75.654,272.3,29.5,38.01,1342.09,1.3421,0,0
2022-11-01T16:00:00,686.0,57.0,275.0,71.42,71.857,297.39,83.47,134.92,29.3,33.52,675.94,0.6759,0,0
2022-11-01T17:00:00,368.0,30.0,69.0,83.86,84.319,289.876,92.28,29.3,28.8,29.72,148.8,0.1488,0,0
2022-11-01T18:00:00,0.0,0.0,0.0,97.06,97.341,0.0,121.06,0.0,28.4,28.4,0.0,0.0,0,0
2022-11-01T19:00:00,0.0,0.0,0.0,110.46,110.699,0.0,134.46,0.0,28.2,28.2,0.0,0.0,0,0
2022-11-01T20:00:00,0.0,0.0,0.0,124.02,124.24,0.0,148.02,0.0,28.1,28.1,0.0,0.0,1,0
2022-11-01T21:00:00,0.0,0.0,0.0,137.6,137.829,0.0,161.6,0.0,28.0,28.0,0.0,0.0,0,0
2022-11-01T22:00:00,0.0,0.0,0.0,150.99,151.252,0.0,174.99,0.0,28.0,28.0,0.0,0.0,3,0
2022-11-01T23:00:00,0.0,0.0,0.0,163.39,163.783,0.0,172.61,0.0,27.9,27.9,0.0,0.0,0,0
2022-11-02T00:00:00,0.0,0.0,0.0,169.73,170.655,0.0,166.27,0.0,27.8,27.8,0.0,0.0,0,0
2022-11-02T01:00:00,0.0,0.0,0.0,161.8,162.338,0.0,174.2,0.0,27.7,27.7,0.0,0.0,0,0
2022-11-02T02:00:00,0.0,0.0,0.0,149.15,149.522,0.0,173.15,0.0,27.7,27.7,0.0,0.0,0,0
2022-11-02T03:00:00,0.0,0.0,0.0,135.72,136.04,0.0,159.72,0.0,27.7,27.7,0.0,0.0,0,0
2022-11-02T04:00:00,0.0,0.0,0.0,122.14,122.448,0.0,146.14,0.0,27.6,27.6,0.0,0.0,0,0
2022-11-02T05:00:00,0.0,0.0,0.0,108.6,108.931,0.0,132.6,0.0,27.6,27.6,0.0,0.0,0,0
2022-11-02T06:00:00,0.0,0.0,0.0,95.26,95.624,0.0,119.26,0.0,27.6,27.6,0.0,0.0,0,0
2022-11-02T07:00:00,444.0,35.0,96.0,82.17,82.684,68.896,91.182,34.32,28.0,29.07,174.68,0.1747,0,0
2022-11-02T08:00:00,716.0,59.0,306.0,69.84,70.351,61.154,82.494,152.63,28.4,33.17,765.62,0.7656,0,0
2022-11-02T09:00:00,675.0,128.0,481.0,58.45,59.038,51.2,74.882,302.68,28.6,38.06,1491.51,1.4915,7,0
2022-11-02T10:00:00,261.0,335.0,507.0,48.79,49.468,37.826,68.889,418.91,28.8,41.89,2035.25,2.0352,3,0
2022-11-02T11:00:00,911.0,84.0,760.0,42.08,42.843,19.964,65.049,471.24,28.9,43.63,2274.71,2.2747,0,0
2022-11-02T12:00:00,918.0,84.0,789.0,39.85,40.639,358.452,63.844,491.86,29.0,44.37,2367.65,2.3677,0,0
2022-11-02T13:00:00,911.0,80.0,748.0,42.82,43.534,337.269,65.475,461.16,29.0,43.41,2227.86,2.2279,0,0
2022-11-02T14:00:00,694.0,128.0,573.0,50.06,50.66,320.053,69.671,368.52,29.0,40.52,1799.6,1.7996,7,0
2022-11-02T15:00:00,349.0,192.0,366.0,60.03,60.533,307.236,75.927,271.73,28.8,37.29,1342.76,1.3428,7,0
2022-11-02T16:00:00,237.0,133.0,208.0,71.59,72.023,297.656,83.72,154.97,28.6,33.44,776.59,0.7766,8,0
2022-11-02T17:00:00,14.0,46.0,47.0,84.01,84.46,290.145,92.521,44.42,28.2,29.59,225.68,0.2257,7,7
2022-11-02T18:00:00,0.0,0.0,0.0,97.2,97.464,0.0,121.2,0.0,28.0,28.0,0.0,0.0,0,0
2022-11-02T19:00:00,0.0,0.0,0.0,110.57,110.808,0.0,134.57,0.0,27.9,27.9,0.0,0.0,0,0
2022-11-02T20:00:00,0.0,0.0,0.0,124.13,124.343,0.0,148.13,0.0,27.8,27.8,0.0,0.0,3,0
2022-11-02T21:00:00,0.0,0.0,0.0,137.72,137.934,0.0,161.72,0.0,27.8,27.8,0.0,0.0,0,0
2022-11-02T22:00:00,0.0,0.0,0.0,151.12,151.375,0.0,175.12,0.0,27.7,27.7,0.0,0.0,8,0
2022-11-02T23:00:00,0.0,0.0,0.0,163.59,163.97,0.0,172.41,0.0,27.6,27.6,0.0,0.0,8,0
2022-11-03T00:00:00,0.0,0.0,0.0,170.04,170.951,0.0,165.96,0.0,27.4,27.4,0.0,0.0,7,0
2022-11-03T01:00:00,0.0,0.0,0.0,161.98,162.507,0.0,174.02,0.0,27.3,27.3,0.0,0.0,8,0
2022-11-03T02:00:00,0.0,0.0,0.0,149.28,149.639,0.0,173.28,0.0,27.2,27.2,0.0,0.0,7,0
2022-11-03T03:00:00,0.0,0.0,0.0,135.83,136.143,0.0,159.83,0.0,27.1,27.1,0.0,0.0,8,0
2022-11-03T04:00:00,0.0,0.0,0.0,122.24,122.552,0.0,146.24,0.0,27.1,27.1,0.0,0.0,8,0
2022-11-03T05:00:00,0.0,0.0,0.0,108.72,109.044,0.0,132.72,0.0,27.2,27.2,0.0,0.0,7,0
2022-11-03T06:00:00,0.0,0.0,0.0,95.39,95.75,0.0,119.39,0.0,27.2,27.2,0.0,0.0,3,0
2022-11-03T07:00:00,82.0,66.0,77.0,82.31,82.829,68.634,91.41,63.81,27.6,29.59,324.21,0.3242,8,0
2022-11-03T08:00:00,697.0,61.0,300.0,70.01,70.523,60.896,82.739,149.05,28.0,32.66,749.01,0.749,1,0
2022-11-03T09:00:00,815.0,75.0,498.0,58.67,59.243,50.948,75.16,284.8,28.3,37.2,1407.86,1.4079,0,0
2022-11-03T10:00:00,576.0,179.0,557.0,49.05,49.713,37.604,69.185,380.76,28.5,40.4,1860.21,1.8602,8,0
2022-11-03T11:00:00,905.0,86.0,755.0,42.38,43.127,19.828,65.36,466.13,28.6,43.17,2253.91,2.2539,0,0
2022-11-03T12:00:00,914.0,87.0,786.0,40.17,40.937,358.469,64.164,488.35,28.6,43.86,2355.26,2.3553,1,0
2022-11-03T13:00:00,912.0,82.0,747.0,43.11,43.811,337.43,65.779,459.06,28.6,42.95,2221.6,2.2216,0,0
2022-11-03T14:00:00,879.0,79.0,640.0,50.3,50.895,320.289,69.952,382.44,28.5,40.45,1868.04,1.868,0,0
2022-11-03T15:00:00,811.0,72.0,474.0,60.24,60.728,307.494,76.2,266.44,28.4,36.73,1319.35,1.3193,0,0
2022-11-03T16:00:00,678.0,58.0,271.0,71.76,72.185,297.919,83.969,129.07,28.1,32.13,649.84,0.6498,0,0
2022-11-03T17:00:00,351.0,30.0,66.0,84.15,84.597,290.411,92.751,29.27,27.6,28.51,149.3,0.1493,0,0
2022-11-03T18:00:00,0.0,0.0,0.0,97.32,97.581,0.0,121.32,0.0,27.3,27.3,0.0,0.0,0,0
2022-11-03T19:00:00,0.0,0.0,0.0,110.69,110.913,0.0,134.69,0.0,27.1,27.1,0.0,0.0,3,0
2022-11-03T20:00:00,0.0,0.0,0.0,124.23,124.441,0.0,148.23,0.0,27.0,27.0,0.0,0.0,0,0
2022-11-03T21:00:00,0.0,0.0,0.0,137.83,138.032,0.0,161.83,0.0,26.9,26.9,0.0,0.0,0,0
2022-11-03T22:00:00,0.0,0.0,0.0,151.25,151.49,0.0,175.25,0.0,26.7,26.7,0.0,0.0,0,0
2022-11-03T23:00:00,0.0,0.0,0.0,163.78,164.147,0.0,172.22,0.0,26.5,26.5,0.0,0.0,0,0
2022-11-04T00:00:00,0.0,0.0,0.0,170.35,171.244,0.0,165.65,0.0,26.3,26.3,0.0,0.0,0,0
2022-11-04T01:00:00,0.0,0.0,0.0,162.16,162.672,0.0,173.84,0.0,26.1,26.1,0.0,0.0,0,0
2022-11-04T02:00:00,0.0,0.0,0.0,149.4,149.756,0.0,173.4,0.0,25.9,25.9,0.0,0.0,0,0
2022-11-04T03:00:00,0.0,0.0,0.0,135.94,136.247,0.0,159.94,0.0,25.7,25.7,0.0,0.0,0,0
2022-11-04T04:00:00,0.0,0.0,0.0,122.35,122.657,0.0,146.35,0.0,25.6,25.6,0.0,0.0,0,0
2022-11-04T05:00:00,0.0,0.0,0.0,108.83,109.157,0.0,132.83,0.0,25.5,25.5,0.0,0.0,0,0
2022-11-04T06:00:00,0.0,0.0,0.0,95.52,95.877,0.0,119.52,0.0,25.5,25.5,0.0,0.0,0,0
2022-11-04T07:00:00,446.0,36.0,94.0,82.46,82.975,68.378,91.645,35.26,26.1,27.2,180.65,0.1807,0,0
2022-11-04T08:00:00,728.0,61.0,308.0,70.19,70.695,60.643,82.992,149.84,26.6,31.28,756.74,0.7567,0,0
2022-11-04T09:00:00,845.0,73.0,510.0,58.88,59.447,50.704,75.426,286.88,27.0,35.96,1424.5,1.4245,0,0
2022-11-04T10:00:00,388.0,307.0,560.0,49.3,49.957,37.391,69.468,434.65,27.5,41.08,2118.09,2.1181,2,0
2022-11-04T11:00:00,925.0,86.0,766.0,42.67,43.407,19.701,65.659,470.16,27.8,42.49,2279.13,2.2791,0,0
2022-11-04T12:00:00,926.0,90.0,794.0,40.47,41.23,358.49,64.464,492.15,27.9,43.28,2378.75,2.3787,0,0
2022-11-04T13:00:00,20.0,336.0,350.0,43.39,44.082,337.591,66.074,332.61,27.9,38.29,1637.61,1.6376,2,0
2022-11-04T14:00:00,873.0,87.0,642.0,50.55,51.126,320.522,70.242,383.9,27.8,39.8,1879.72,1.8797,0,0
2022-11-04T15:00:00,802.0,78.0,474.0,60.44,60.918,307.75,76.462,266.46,27.7,36.03,1322.83,1.3228,0,0
2022-11-04T16:00:00,87.0,168.0,195.0,71.93,72.342,298.179,84.217,171.19,27.5,32.85,859.7,0.8597,2,0
2022-11-04T17:00:00,318.0,32.0,63.0,84.29,84.728,290.674,92.98,31.16,27.1,28.07,159.18,0.1592,0,0
2022-11-04T18:00:00,0.0,0.0,0.0,97.44,97.694,0.0,121.44,0.0,26.9,26.9,0.0,0.0,0,0
2022-11-04T19:00:00,0.0,0.0,0.0,110.8,111.013,0.0,134.8,0.0,26.9,26.9,0.0,0.0,2,0
2022-11-04T20:00:00,0.0,0.0,0.0,124.34,124.533,0.0,148.34,0.0,26.9,26.9,0.0,0.0,3,0
2022-11-04T21:00:00,0.0,0.0,0.0,137.93,138.125,0.0,161.93,0.0,26.8,26.8,0.0,0.0,0,0
2022-11-04T22:00:00,0.0,0.0,0.0,151.37,151.598,0.0,175.37,0.0,26.6,26.6,0.0,0.0,3,0
2022-11-04T23:00:00,0.0,0.0,0.0,163.97,164.316,0.0,172.03,0.0,26.4,26.4,0.0,0.0,0,0
2022-11-05T00:00:00,0.0,0.0,0.0,170.65,171.532,0.0,165.35,0.0,26.2,26.2,0.0,0.0,0,0
2022-11-05T01:00:00,0.0,0.0,0.0,162.34,162.835,0.0,173.66,0.0,26.1,26.1,0.0,0.0,0,0
2022-11-05T02:00:00,0.0,0.0,0.0,149.53,149.871,0.0,173.53,0.0,26.0,26.0,0.0,0.0,0,0
2022-11-05T03:00:00,0.0,0.0,0.0,136.05,136.351,0.0,160.05,0.0,25.9,25.9,0.0,0.0,0,0
2022-11-05T04:00:00,0.0,0.0,0.0,122.46,122.762,0.0,146.46,0.0,25.8,25.8,0.0,0.0,0,0
2022-11-05T05:00:00,0.0,0.0,0.0,108.95,109.271,0.0,132.95,0.0,25.8,25.8,0.0,0.0,0,0
2022-11-05T06:00:00,0.0,0.0,0.0,95.65,96.005,0.0,119.65,0.0,25.8,25.8,0.0,0.0,0,0
2022-11-05T07:00:00,393.0,36.0,87.0,82.61,83.122,68.127,91.878,35.2,26.3,27.4,180.22,0.1802,0,0
2022-11-05T08:00:00,683.0,64.0,293.0,70.36,70.867,60.398,83.234,144.24,26.8,31.31,728.37,0.7284,0,0
2022-11-05T09:00:00,803.0,78.0,491.0,59.09,59.652,50.467,75.691,277.34,27.0,35.67,1378.64,1.3786,0,0
2022-11-05T10:00:00,880.0,79.0,650.0,49.55,50.199,37.186,69.75,385.78,27.2,39.26,1892.68,1.8927,0,0
2022-11-05T11:00:00,907.0,84.0,748.0,42.96,43.683,19.581,65.958,456.35,27.5,41.76,2218.25,2.2182,0,0
2022-11-05T12:00:00,914.0,85.0,777.0,40.78,41.518,358.516,64.774,477.58,27.6,42.52,2314.82,2.3148,0,0
2022-11-05T13:00:00,907.0,82.0,738.0,43.67,44.348,337.753,66.369,448.4,27.6,41.61,2180.82,2.1808,0,0
2022-11-05T14:00:00,875.0,77.0,631.0,50.78,51.351,320.754,70.512,371.03,27.7,39.29,1820.05,1.82,1,0
2022-11-05T15:00:00,0.0,84.0,84.0,60.63,61.103,308.004,76.715,81.1,27.7,30.23,411.08,0.4111,3,0
2022-11-05T16:00:00,680.0,56.0,265.0,72.09,72.494,298.437,84.454,121.58,27.6,31.4,613.77,0.6138,1,0
2022-11-05T17:00:00,341.0,29.0,62.0,84.42,84.855,290.935,93.199,28.28,27.1,27.98,144.52,0.1445,0,0
2022-11-05T18:00:00,0.0,0.0,0.0,97.56,97.802,0.0,121.56,0.0,26.9,26.9,0.0,0.0,0,0
2022-11-05T19:00:00,0.0,0.0,0.0,110.9,111.107,0.0,134.9,0.0,26.8,26.8,0.0,0.0,0,0
2022-11-05T20:00:00,0.0,0.0,0.0,124.43,124.619,0.0,148.43,0.0,26.8,26.8,0.0,0.0,0,0
2022-11-05T21:00:00,0.0,0.0,0.0,138.03,138.211,0.0,162.03,0.0,26.7,26.7,0.0,0.0,0,0
2022-11-05T22:00:00,0.0,0.0,0.0,151.49,151.699,0.0,175.49,0.0,26.7,26.7,0.0,0.0,0,0
2022-11-05T23:00:00,0.0,0.0,0.0,164.15,164.476,0.0,171.85,0.0,26.6,26.6,0.0,0.0,0,0
2022-11-06T00:00:00,0.0,0.0,0.0,170.95,171.815,0.0,165.05,0.0,26.5,26.5,0.0,0.0,0,0
2022-11-06T01:00:00,0.0,0.0,0.0,162.51,162.995,0.0,173.49,0.0,26.5,26.5,0.0,0.0,0,0
2022-11-06T02:00:00,0.0,0.0,0.0,149.65,149.986,0.0,173.65,0.0,26.4,26.4,0.0,0.0,0,0
2022-11-06T03:00:00,0.0,0.0,0.0,136.16,136.456,0.0,160.16,0.0,26.4,26.4,0.0,0.0,0,0
2022-11-06T04:00:00,0.0,0.0,0.0,122.57,122.868,0.0,146.57,0.0,26.4,26.4,0.0,0.0,0,0
2022-11-06T05:00:00,0.0,0.0,0.0,109.07,109.385,0.0,133.07,0.0,26.4,26.4,0.0,0.0,0,0
2022-11-06T06:00:00,0.0,0.0,0.0,95.78,96.133,0.0,119.78,0.0,26.3,26.3,0.0,0.0,0,0
2022-11-06T07:00:00,244.0,46.0,77.0,82.76,83.269,67.883,92.108,44.68,26.6,28.0,228.28,0.2283,0,0
2022-11-06T08:00:00,531.0,94.0,271.0,70.54,71.039,60.159,83.482,152.56,26.9,31.67,769.39,0.7694,0,0
2022-11-06T09:00:00,688.0,114.0,466.0,59.3,59.855,50.238,75.953,280.09,27.1,35.85,1391.38,1.3914,0,0
2022-11-06T10:00:00,851.0,89.0,639.0,49.8,50.44,36.989,70.031,381.31,27.4,39.32,1870.31,1.8703,0,0
2022-11-06T11:00:00,879.0,97.0,737.0,43.25,43.956,19.47,66.256,453.11,27.8,41.96,2200.84,2.2008,0,0
2022-11-06T12:00:00,249.0,400.0,588.0,41.08,41.801,358.546,65.075,492.73,28.1,43.5,2379.61,2.3796,3,0
2022-11-06T13:00:00,879.0,98.0,731.0,43.95,44.608,337.915,66.664,448.28,28.2,42.21,2175.39,2.1754,0,0
2022-11-06T14:00:00,836.0,96.0,622.0,51.02,51.57,320.984,70.792,372.27,28.3,39.93,1821.84,1.8218,0,0
2022-11-06T15:00:00,752.0,89.0,455.0,60.83,61.283,308.255,76.975,258.56,28.2,36.28,1282.45,1.2824,0,0
2022-11-06T16:00:00,583.0,73.0,251.0,72.25,72.641,298.691,84.691,125.96,27.9,31.84,634.87,0.6349,0,0
2022-11-06T17:00:00,5.0,41.0,41.0,84.55,84.976,291.192,93.417,39.58,27.5,28.74,201.72,0.2017,7,7
2022-11-06T18:00:00,0.0,0.0,0.0,97.67,97.904,0.0,121.67,0.0,27.3,27.3,0.0,0.0,0,0
2022-11-06T19:00:00,0.0,0.0,0.0,111.0,111.196,0.0,135.0,0.0,27.2,27.2,0.0,0.0,0,0
2022-11-06T20:00:00,0.0,0.0,0.0,124.52,124.7,0.0,148.52,0.0,27.1,27.1,0.0,0.0,0,0
2022-11-06T21:00:00,0.0,0.0,0.0,138.12,138.291,0.0,162.12,0.0,27.0,27.0,0.0,0.0,2,0
2022-11-06T22:00:00,0.0,0.0,0.0,151.59,151.792,0.0,175.59,0.0,26.9,26.9,0.0,0.0,1,0
2022-11-06T23:00:00,0.0,0.0,0.0,164.31,164.627,0.0,171.69,0.0,26.8,26.8,0.0,0.0,0,0
2022-11-07T00:00:00,0.0,0.0,0.0,171.25,172.093,0.0,164.75,0.0,26.7,26.7,0.0,0.0,0,0
2022-11-07T01:00:00,0.0,0.0,0.0,162.68,163.152,0.0,173.32,0.0,26.5,26.5,0.0,0.0,0,0
2022-11-07T02:00:00,0.0,0.0,0.0,149.77,150.1,0.0,173.77,0.0,26.5,26.5,0.0,0.0,1,0
2022-11-07T03:00:00,0.0,0.0,0.0,136.27,136.56,0.0,160.27,0.0,26.4,26.4,0.0,0.0,0,0
2022-11-07T04:00:00,0.0,0.0,0.0,122.68,122.975,0.0,146.68,0.0,26.3,26.3,0.0,0.0,3,0
2022-11-07T05:00:00,0.0,0.0,0.0,109.19,109.501,0.0,133.19,0.0,26.2,26.2,0.0,0.0,0,0
2022-11-07T06:00:00,0.0,0.0,0.0,95.92,96.262,0.0,119.92,0.0,26.2,26.2,0.0,0.0,0,0
2022-11-07T07:00:00,0.0,14.0,14.0,82.91,83.417,67.645,92.336,13.52,26.5,26.92,69.32,0.0693,3,0
2022-11-07T08:00:00,6.0,133.0,135.0,70.72,71.211,59.927,83.728,129.07,26.9,30.93,652.66,0.6527,3,0
2022-11-07T09:00:00,768.0,98.0,487.0,59.51,60.058,50.017,76.213,281.0,27.1,35.88,1395.74,1.3957,0,0
2022-11-07T10:00:00,861.0,99.0,651.0,50.05,50.678,36.802,70.31,390.45,27.3,39.5,1913.86,1.9139,0,0
2022-11-07T11:00:00,889.0,104.0,748.0,43.53,44.226,19.366,66.544,459.84,27.4,41.77,2235.11,2.2351,0,0
2022-11-07T12:00:00,132.0,412.0,511.0,41.37,42.079,358.58,65.365,453.63,27.5,41.68,2205.72,2.2057,2,0
2022-11-07T13:00:00,875.0,102.0,729.0,44.22,44.863,338.077,66.949,446.51,27.5,41.45,2172.87,2.1729,0,0
2022-11-07T14:00:00,823.0,103.0,617.0,51.25,51.785,321.212,71.061,370.99,27.5,39.09,1821.21,1.8212,0,0
2022-11-07T15:00:00,742.0,93.0,453.0,61.01,61.457,308.503,77.217,257.08,27.5,35.53,1278.54,1.2785,0,0
2022-11-07T16:00:00,599.0,71.0,252.0,72.4,72.783,298.943,84.917,123.18,27.3,31.15,622.4,0.6224,1,0
2022-11-07T17:00:00,229.0,33.0,55.0,84.67,85.093,291.447,93.624,32.05,26.9,27.9,163.81,0.1638,0,0
2022-11-07T18:00:00,0.0,0.0,0.0,97.78,98.001,0.0,121.78,0.0,26.7,26.7,0.0,0.0,2,0
2022-11-07T19:00:00,0.0,0.0,0.0,111.09,111.279,0.0,135.09,0.0,26.7,26.7,0.0,0.0,0,0
2022-11-07T20:00:00,0.0,0.0,0.0,124.61,124.775,0.0,148.61,0.0,26.6,26.6,0.0,0.0,1,0
2022-11-07T21:00:00,0.0,0.0,0.0,138.2,138.365,0.0,162.2,0.0,26.6,26.6,0.0,0.0,0,0
2022-11-07T22:00:00,0.0,0.0,0.0,151.69,151.879,0.0,175.69,0.0,26.4,26.4,0.0,0.0,0,0
2022-11-07T23:00:00,0.0,0.0,0.0,164.47,164.768,0.0,171.53,0.0,26.3,26.3,0.0,0.0,0,0
2022-11-08T00:00:00,0.0,0.0,0.0,171.54,172.367,0.0,164.46,0.0,26.1,26.1,0.0,0.0,0,0
2022-11-08T01:00:00,0.0,0.0,0.0,162.85,163.306,0.0,173.15,0.0,26.0,26.0,0.0,0.0,1,0
2022-11-08T02:00:00,0.0,0.0,0.0,149.89,150.213,0.0,173.89,0.0,25.9,25.9,0.0,0.0,1,0
2022-11-08T03:00:00,0.0,0.0,0.0,136.37,136.665,0.0,160.37,0.0,25.9,25.9,0.0,0.0,0,0
2022-11-08T04:00:00,0.0,0.0,0.0,122.79,123.083,0.0,146.79,0.0,25.9,25.9,0.0,0.0,3,0
2022-11-08T05:00:00,0.0,0.0,0.0,109.31,109.617,0.0,133.31,0.0,25.8,25.8,0.0,0.0,0,0
2022-11-08T06:00:00,0.0,0.0,0.0,96.05,96.392,0.0,120.05,0.0,25.8,25.8,0.0,0.0,3,0
2022-11-08T07:00:00,0.0,38.0,38.0,83.06,83.566,67.413,92.562,36.69,26.1,27.25,187.95,0.1879,3,0
2022-11-08T08:00:00,513.0,97.0,265.0,70.89,71.384,59.702,83.962,149.06,26.4,31.06,753.39,0.7534,0,0
2022-11-08T09:00:00,643.0,131.0,455.0,59.72,60.261,49.804,76.471,279.69,26.7,35.44,1391.48,1.3915,0,0
2022-11-08T10:00:00,810.0,109.0,626.0,50.3,50.914,36.622,70.587,378.93,27.0,38.84,1861.89,1.8619,0,0
2022-11-08T11:00:00,844.0,114.0,723.0,43.81,44.492,19.269,66.83,447.4,27.0,40.98,2181.03,2.181,0,0
2022-11-08T12:00:00,845.0,120.0,751.0,41.66,42.352,358.618,65.655,469.64,27.1,41.78,2282.7,2.2827,1,0
2022-11-08T13:00:00,0.0,128.0,128.0,44.49,45.112,338.239,67.234,123.57,27.1,30.96,624.79,0.6248,3,0
2022-11-08T14:00:00,782.0,114.0,601.0,51.47,51.993,321.438,71.321,364.72,27.1,38.5,1794.35,1.7944,1,0
2022-11-08T15:00:00,668.0,112.0,434.0,61.19,61.626,308.749,77.457,255.98,27.2,35.2,1274.65,1.2747,1,0
2022-11-08T16:00:00,1.0,90.0,90.0,72.55,72.919,299.192,85.141,86.97,27.1,29.82,441.53,0.4415,3,0
2022-11-08T17:00:00,135.0,36.0,49.0,84.79,85.204,291.699,93.83,34.87,26.8,27.89,178.23,0.1782,1,0
2022-11-08T18:00:00,0.0,0.0,0.0,97.88,98.093,0.0,121.88,0.0,26.4,26.4,0.0,0.0,3,0
2022-11-08T19:00:00,0.0,0.0,0.0,111.18,111.357,0.0,135.18,0.0,26.2,26.2,0.0,0.0,4,0
2022-11-08T20:00:00,0.0,0.0,0.0,124.69,124.845,0.0,148.69,0.0,26.0,26.0,0.0,0.0,1,0
2022-11-08T21:00:00,0.0,0.0,0.0,138.28,138.433,0.0,162.28,0.0,25.8,25.8,0.0,0.0,1,0
2022-11-08T22:00:00,0.0,0.0,0.0,151.78,151.958,0.0,175.78,0.0,25.6,25.6,0.0,0.0,3,0
2022-11-08T23:00:00,0.0,0.0,0.0,164.62,164.9,0.0,171.38,0.0,25.6,25.6,0.0,0.0,0,0
2022-11-09T00:00:00,0.0,0.0,0.0,171.83,172.637,0.0,164.17,0.0,25.8,25.8,0.0,0.0,1,0
2022-11-09T01:00:00,0.0,0.0,0.0,163.02,163.457,0.0,172.98,0.0,25.9,25.9,0.0,0.0,7,0
2022-11-09T02:00:00,0.0,0.0,0.0,150.01,150.326,0.0,174.01,0.0,25.9,25.9,0.0,0.0,3,0
2022-11-09T03:00:00,0.0,0.0,0.0,136.48,136.77,0.0,160.48,0.0,25.8,25.8,0.0,0.0,1,0
2022-11-09T04:00:00,0.0,0.0,0.0,122.9,123.191,0.0,146.9,0.0,25.5,25.5,0.0,0.0,4,0
2022-11-09T05:00:00,0.0,0.0,0.0,109.43,109.734,0.0,133.43,0.0,25.3,25.3,0.0,0.0,3,0
2022-11-09T06:00:00,0.0,0.0,0.0,96.18,96.523,0.0,120.18,0.0,25.2,25.2,0.0,0.0,0,0
2022-11-09T07:00:00,7.0,40.0,41.0,83.21,83.715,67.187,92.785,38.63,25.3,26.51,198.4,0.1984,0,0
2022-11-09T08:00:00,153.0,172.0,221.0,71.07,71.556,59.484,84.203,181.93,25.8,31.49,918.11,0.9181,0,0
2022-11-09T09:00:00,338.0,237.0,406.0,59.93,60.462,49.598,76.727,307.87,26.2,35.82,1529.54,1.5295,1,0
2022-11-09T10:00:00,504.0,244.0,564.0,50.54,51.149,36.451,70.853,403.64,26.5,39.11,1981.34,1.9813,1,0
2022-11-09T11:00:00,473.0,304.0,644.0,44.09,44.754,19.181,67.116,480.36,26.6,41.61,2336.23,2.3362,0,0
2022-11-09T12:00:00,393.0,365.0,657.0,41.95,42.62,358.661,65.945,515.09,26.6,42.7,2495.06,2.4951,1,0
2022-11-09T13:00:00,331.0,378.0,613.0,44.75,45.355,338.402,67.509,493.58,26.5,41.92,2397.76,2.3978,1,0
2022-11-09T14:00:00,294.0,334.0,516.0,51.69,52.196,321.663,71.58,416.92,26.4,39.43,2044.16,2.0442,1,0
2022-11-09T15:00:00,240.0,257.0,372.0,61.37,61.789,308.991,77.696,300.25,26.3,35.68,1492.45,1.4924,0,0
2022-11-09T16:00:00,6.0,123.0,125.0,72.69,73.05,299.438,85.356,119.25,26.3,30.03,604.94,0.6049,8,7
2022-11-09T17:00:00,4.0,27.0,28.0,84.91,85.31,291.947,94.035,26.07,26.3,27.11,133.65,0.1336,8,5
2022-11-09T18:00:00,0.0,0.0,0.0,97.98,98.181,0.0,121.98,0.0,26.2,26.2,0.0,0.0,7,0
2022-11-09T19:00:00,0.0,0.0,0.0,111.26,111.431,0.0,135.26,0.0,26.2,26.2,0.0,0.0,8,0
2022-11-09T20:00:00,0.0,0.0,0.0,124.76,124.909,0.0,148.76,0.0,26.2,26.2,0.0,0.0,7,0
2022-11-09T21:00:00,0.0,0.0,0.0,138.35,138.495,0.0,162.35,0.0,26.2,26.2,0.0,0.0,6,0
2022-11-09T22:00:00,0.0,0.0,0.0,151.87,152.031,0.0,175.87,0.0,26.2,26.2,0.0,0.0,7,0
2022-11-09T23:00:00,0.0,0.0,0.0,164.76,165.024,0.0,171.24,0.0,26.2,26.2,0.0,0.0,8,0
2022-11-10T00:00:00,0.0,0.0,0.0,172.12,172.901,0.0,163.88,0.0,26.2,26.2,0.0,0.0,0,0
2022-11-10T01:00:00,0.0,0.0,0.0,163.18,163.606,0.0,172.82,0.0,26.3,26.3,0.0,0.0,0,0
2022-11-10T02:00:00,0.0,0.0,0.0,150.13,150.438,0.0,174.13,0.0,26.3,26.3,0.0,0.0,0,0
2022-11-10T03:00:00,0.0,0.0,0.0,136.59,136.875,0.0,160.59,0.0,26.4,26.4,0.0,0.0,0,0
2022-11-10T04:00:00,0.0,0.0,0.0,123.02,123.299,0.0,147.02,0.0,26.3,26.3,0.0,0.0,0,0
2022-11-10T05:00:00,0.0,0.0,0.0,109.55,109.852,0.0,133.55,0.0,26.3,26.3,0.0,0.0,3,0
2022-11-10T06:00:00,0.0,0.0,0.0,96.32,96.654,0.0,120.32,0.0,26.4,26.4,0.0,0.0,3,0
2022-11-10T07:00:00,196.0,44.0,67.0,83.36,83.864,66.967,93.006,42.68,26.7,28.03,218.03,0.218,0,0
2022-11-10T08:00:00,516.0,93.0,259.0,71.25,71.728,59.272,84.442,141.2,27.2,31.61,712.22,0.7122,1,0
2022-11-10T09:00:00,58.0,224.0,253.0,60.14,60.662,49.4,76.981,229.57,27.6,34.77,1144.89,1.1449,7,0
2022-11-10T10:00:00,411.0,244.0,503.0,50.79,51.38,36.288,71.126,370.75,27.9,39.49,1817.4,1.8174,7,0
2022-11-10T11:00:00,837.0,113.0,711.0,44.36,45.012,19.099,67.392,436.03,28.1,41.73,2119.73,2.1197,0,0
2022-11-10T12:00:00,512.0,232.0,611.0,42.23,42.883,358.708,66.226,433.66,28.2,41.75,2108.01,2.108,8,0
2022-11-10T13:00:00,847.0,106.0,705.0,45.0,45.592,338.565,67.774,427.9,28.2,41.57,2081.41,2.0814,0,0
2022-11-10T14:00:00,192.0,281.0,399.0,51.9,52.394,321.885,71.828,332.18,28.1,38.48,1634.37,1.6344,8,0
2022-11-10T15:00:00,83.0,216.0,255.0,61.54,61.948,309.232,77.925,226.23,28.0,35.07,1127.02,1.127,8,0
2022-11-10T16:00:00,296.0,120.0,208.0,72.83,73.176,299.681,85.569,139.48,27.7,32.06,702.44,0.7024,8,0
2022-11-10T17:00:00,3.0,33.0,33.0,85.02,85.411,292.192,94.229,31.86,27.4,28.4,162.56,0.1626,8,7
2022-11-10T18:00:00,0.0,0.0,0.0,98.07,98.262,0.0,122.07,0.0,27.1,27.1,0.0,0.0,7,0
2022-11-10T19:00:00,0.0,0.0,0.0,111.34,111.498,0.0,135.34,0.0,27.0,27.0,0.0,0.0,5,0
2022-11-10T20:00:00,0.0,0.0,0.0,124.83,124.968,0.0,148.83,0.0,26.9,26.9,0.0,0.0,7,0
2022-11-10T21:00:00,0.0,0.0,0.0,138.42,138.551,0.0,162.42,0.0,26.8,26.8,0.0,0.0,8,0
2022-11-10T22:00:00,0.0,0.0,0.0,151.95,152.096,0.0,175.95,0.0,26.7,26.7,0.0,0.0,3,0
2022-11-10T23:00:00,0.0,0.0,0.0,164.89,165.138,0.0,171.11,0.0,26.6,26.6,0.0,0.0,1,0
2022-11-11T00:00:00,0.0,0.0,0.0,172.4,173.16,0.0,163.6,0.0,26.6,26.6,0.0,0.0,1,0
2022-11-11T01:00:00,0.0,0.0,0.0,163.34,163.752,0.0,172.66,0.0,26.5,26.5,0.0,0.0,0,0
2022-11-11T02:00:00,0.0,0.0,0.0,150.25,150.549,0.0,174.25,0.0,26.5,26.5,0.0,0.0,5,0
2022-11-11T03:00:00,0.0,0.0,0.0,136.7,136.98,0.0,160.7,0.0,26.4,26.4,0.0,0.0,0,0
2022-11-11T04:00:00,0.0,0.0,0.0,123.13,123.409,0.0,147.13,0.0,26.2,26.2,0.0,0.0,0,0
2022-11-11T05:00:00,0.0,0.0,0.0,109.67,109.971,0.0,133.67,0.0,26.1,26.1,0.0,0.0,0,0
2022-11-11T06:00:00,0.0,0.0,0.0,96.46,96.786,0.0,120.46,0.0,26.0,26.0,0.0,0.0,0,0
2022-11-11T07:00:00,346.0,34.0,73.0,83.51,84.013,66.754,93.224,33.16,26.4,27.44,169.78,0.1698,0,0
2022-11-11T08:00:00,408.0,123.0,253.0,71.43,71.9,59.068,84.679,157.71,26.9,31.83,794.91,0.7949,7,0
2022-11-11T09:00:00,436.0,174.0,389.0,60.34,60.862,49.209,77.223,266.27,27.3,35.62,1323.84,1.3238,8,0
2022-11-11T10:00:00,863.0,85.0,627.0,51.03,51.61,36.133,71.389,362.16,27.6,38.92,1779.02,1.779,0,0
2022-11-11T11:00:00,895.0,88.0,725.0,44.63,45.266,19.025,67.666,430.56,27.9,41.36,2096.04,2.096,1,0
2022-11-11T12:00:00,906.0,87.0,755.0,42.5,43.14,358.758,66.496,451.09,28.2,42.3,2188.31,2.1883,0,0
2022-11-11T13:00:00,200.0,316.0,456.0,45.25,45.824,338.728,68.039,381.08,28.4,40.31,1862.35,1.8624,8,0
2022-11-11T14:00:00,46.0,259.0,287.0,52.11,52.585,322.106,72.077,264.44,28.5,36.76,1309.29,1.3093,8,0
2022-11-11T15:00:00,2.0,107.0,108.0,61.71,62.1,309.469,78.153,103.72,28.5,31.74,522.94,0.5229,7,0
2022-11-11T16:00:00,450.0,98.0,229.0,72.96,73.297,299.921,85.772,128.92,28.3,32.33,648.64,0.6486,7,0
2022-11-11T17:00:00,9.0,38.0,38.0,85.12,85.507,292.434,94.413,36.69,27.7,28.85,186.89,0.1869,8,7
2022-11-11T18:00:00,0.0,0.0,0.0,98.15,98.339,0.0,122.15,0.0,27.4,27.4,0.0,0.0,8,0
2022-11-11T19:00:00,0.0,0.0,0.0,111.41,111.561,0.0,135.41,0.0,27.2,27.2,0.0,0.0,0,0
2022-11-11T20:00:00,0.0,0.0,0.0,124.89,125.021,0.0,148.89,0.0,27.0,27.0,0.0,0.0,0,0
2022-11-11T21:00:00,0.0,0.0,0.0,138.48,138.601,0.0,162.48,0.0,26.8,26.8,0.0,0.0,0,0
2022-11-11T22:00:00,0.0,0.0,0.0,152.02,152.154,0.0,176.02,0.0,26.7,26.7,0.0,0.0,1,0
2022-11-11T23:00:00,0.0,0.0,0.0,165.02,165.243,0.0,170.98,0.0,26.6,26.6,0.0,0.0,8,0
2022-11-12T00:00:00,0.0,0.0,0.0,172.67,173.415,0.0,163.33,0.0,26.4,26.4,0.0,0.0,1,0
2022-11-12T01:00:00,0.0,0.0,0.0,163.5,163.896,0.0,172.5,0.0,26.3,26.3,0.0,0.0,0,0
2022-11-12T02:00:00,0.0,0.0,0.0,150.37,150.66,0.0,174.37,0.0,26.2,26.2,0.0,0.0,0,0
2022-11-12T03:00:00,0.0,0.0,0.0,136.82,137.086,0.0,160.82,0.0,26.1,26.1,0.0,0.0,0,0
2022-11-12T04:00:00,0.0,0.0,0.0,123.24,123.519,0.0,147.24,0.0,26.1,26.1,0.0,0.0,0,0
2022-11-12T05:00:00,0.0,0.0,0.0,109.79,110.09,0.0,133.79,0.0,26.2,26.2,0.0,0.0,0,0
2022-11-12T06:00:00,0.0,0.0,0.0,96.59,96.919,0.0,120.59,0.0,26.3,26.3,0.0,0.0,0,0
2022-11-12T07:00:00,360.0,32.0,72.0,83.67,84.163,66.547,93.45,31.24,26.4,27.38,159.97,0.16,0,0
2022-11-12T08:00:00,670.0,60.0,271.0,71.61,72.071,58.87,84.913,119.16,26.8,30.52,603.41,0.6034,0,0
2022-11-12T09:00:00,359.0,188.0,365.0,60.55,61.06,49.026,77.472,260.9,27.0,35.15,1299.36,1.2994,8,0
2022-11-12T10:00:00,869.0,77.0,621.0,51.27,51.837,35.986,71.65,352.62,27.2,38.22,1736.58,1.7366,0,0
2022-11-12T11:00:00,430.0,305.0,610.0,44.9,45.516,18.958,67.94,458.58,27.5,41.83,2228.52,2.2285,3,1
2022-11-12T12:00:00,89.0,358.0,423.0,42.77,43.392,358.813,66.766,381.29,27.7,39.62,1868.17,1.8682,3,0
2022-11-12T13:00:00,46.0,285.0,318.0,45.49,46.05,338.892,68.295,292.44,27.8,36.94,1447.0,1.447,7,0
2022-11-12T14:00:00,2.0,130.0,131.0,52.31,52.771,322.324,72.315,126.12,27.9,31.84,635.66,0.6357,7,0
2022-11-12T15:00:00,0.0,58.0,58.0,61.87,62.248,309.704,78.371,55.99,28.0,29.75,284.33,0.2843,8,0
2022-11-12T16:00:00,686.0,50.0,249.0,73.08,73.412,300.158,85.964,98.27,27.8,30.87,497.03,0.497,0,0
2022-11-12T17:00:00,357.0,23.0,53.0,85.22,85.597,292.673,94.595,22.46,27.5,28.2,114.7,0.1147,0,0
2022-11-12T18:00:00,0.0,0.0,0.0,98.24,98.411,0.0,122.24,0.0,27.3,27.3,0.0,0.0,0,0
2022-11-12T19:00:00,0.0,0.0,0.0,111.48,111.618,0.0,135.48,0.0,27.2,27.2,0.0,0.0,0,0
2022-11-12T20:00:00,0.0,0.0,0.0,124.95,125.069,0.0,148.95,0.0,27.2,27.2,0.0,0.0,0,0
2022-11-12T21:00:00,0.0,0.0,0.0,138.53,138.645,0.0,162.53,0.0,27.1,27.1,0.0,0.0,0,0
2022-11-12T22:00:00,0.0,0.0,0.0,152.08,152.206,0.0,176.08,0.0,27.0,27.0,0.0,0.0,0,0
2022-11-12T23:00:00,0.0,0.0,0.0,165.13,165.338,0.0,170.87,0.0,26.8,26.8,0.0,0.0,1,0
2022-11-13T00:00:00,0.0,0.0,0.0,172.94,173.664,0.0,163.06,0.0,26.7,26.7,0.0,0.0,1,0
2022-11-13T01:00:00,0.0,0.0,0.0,163.65,164.037,0.0,172.35,0.0,26.6,26.6,0.0,0.0,0,0
2022-11-13T02:00:00,0.0,0.0,0.0,150.49,150.771,0.0,174.49,0.0,26.4,26.4,0.0,0.0,0,0
2022-11-13T03:00:00,0.0,0.0,0.0,136.93,137.192,0.0,160.93,0.0,26.3,26.3,0.0,0.0,3,0
2022-11-13T04:00:00,0.0,0.0,0.0,123.36,123.629,0.0,147.36,0.0,26.2,26.2,0.0,0.0,0,0
2022-11-13T05:00:00,0.0,0.0,0.0,109.92,110.21,0.0,133.92,0.0,26.2,26.2,0.0,0.0,0,0
2022-11-13T06:00:00,0.0,0.0,0.0,96.73,97.051,0.0,120.73,0.0,26.2,26.2,0.0,0.0,0,0
2022-11-13T07:00:00,421.0,27.0,73.0,83.82,84.313,66.347,93.663,26.46,26.5,27.33,135.54,0.1355,0,0
2022-11-13T08:00:00,500.0,94.0,251.0,71.78,72.242,58.679,85.135,134.51,26.8,31.0,679.97,0.68,7,0
2022-11-13T09:00:00,302.0,193.0,340.0,60.76,61.256,48.851,77.719,251.83,27.1,34.97,1255.02,1.255,8,0
2022-11-13T10:00:00,159.0,278.0,377.0,51.51,52.061,35.847,71.91,318.61,27.4,37.36,1574.09,1.5741,7,0
2022-11-13T11:00:00,94.0,305.0,371.0,45.16,45.762,18.898,68.204,329.93,27.7,38.01,1626.08,1.6261,8,0
2022-11-13T12:00:00,621.0,161.0,615.0,43.04,43.638,358.871,67.037,401.64,27.9,40.45,1961.79,1.9618,7,0
2022-11-13T13:00:00,3.0,272.0,274.0,45.73,46.27,339.055,68.55,263.71,28.0,36.24,1308.15,1.3081,3,0
2022-11-13T14:00:00,733.0,119.0,565.0,52.5,52.951,322.541,72.543,338.63,28.1,38.68,1664.87,1.6649,7,0
2022-11-13T15:00:00,1.0,67.0,67.0,62.02,62.389,309.936,78.579,64.88,28.1,30.13,329.02,0.329,7,0
2022-11-13T16:00:00,157.0,140.0,186.0,73.21,73.523,300.391,86.164,146.06,27.9,32.46,734.51,0.7345,7,0
2022-11-13T17:00:00,0.0,18.0,18.0,85.31,85.683,292.908,94.767,17.38,27.4,27.94,88.81,0.0888,8,7
2022-11-13T18:00:00,0.0,0.0,0.0,98.31,98.477,0.0,122.31,0.0,27.0,27.0,0.0,0.0,3,0
2022-11-13T19:00:00,0.0,0.0,0.0,111.54,111.671,0.0,135.54,0.0,26.8,26.8,0.0,0.0,3,0
2022-11-13T20:00:00,0.0,0.0,0.0,125.0,125.111,0.0,149.0,0.0,26.6,26.6,0.0,0.0,3,0
2022-11-13T21:00:00,0.0,0.0,0.0,138.58,138.683,0.0,162.58,0.0,26.5,26.5,0.0,0.0,0,0
2022-11-13T22:00:00,0.0,0.0,0.0,152.13,152.251,0.0,176.13,0.0,26.4,26.4,0.0,0.0,0,0
2022-11-13T23:00:00,0.0,0.0,0.0,165.23,165.425,0.0,170.77,0.0,26.3,26.3,0.0,0.0,0,0
2022-11-14T00:00:00,0.0,0.0,0.0,173.21,173.909,0.0,162.79,0.0,26.2,26.2,0.0,0.0,0,0
2022-11-14T01:00:00,0.0,0.0,0.0,163.81,164.176,0.0,172.19,0.0,26.0,26.0,0.0,0.0,0,0
2022-11-14T02:00:00,0.0,0.0,0.0,150.6,150.881,0.0,174.6,0.0,25.9,25.9,0.0,0.0,0,0
2022-11-14T03:00:00,0.0,0.0,0.0,137.04,137.299,0.0,161.04,0.0,25.7,25.7,0.0,0.0,0,0
2022-11-14T04:00:00,0.0,0.0,0.0,123.47,123.74,0.0,147.47,0.0,25.6,25.6,0.0,0.0,0,0
2022-11-14T05:00:00,0.0,0.0,0.0,110.04,110.33,0.0,134.04,0.0,25.6,25.6,0.0,0.0,0,0
2022-11-14T06:00:00,0.0,0.0,0.0,96.87,97.185,0.0,120.87,0.0,25.6,25.6,0.0,0.0,0,0
2022-11-14T07:00:00,361.0,31.0,69.0,83.97,84.463,66.153,93.874,30.26,26.1,27.05,155.12,0.1551,0,0
2022-11-14T08:00:00,679.0,60.0,270.0,71.96,72.413,58.495,85.365,114.61,26.6,30.18,581.08,0.5811,0,0
2022-11-14T09:00:00,811.0,74.0,468.0,60.96,61.451,48.683,77.955,244.08,26.9,34.53,1218.36,1.2184,0,0
2022-11-14T10:00:00,889.0,76.0,626.0,51.74,52.283,35.716,72.158,350.51,27.2,38.15,1726.61,1.7266,0,0
2022-11-14T11:00:00,918.0,80.0,725.0,45.42,46.003,18.844,68.467,419.76,27.5,40.62,2049.03,2.049,0,0
2022-11-14T12:00:00,927.0,81.0,756.0,43.3,43.879,358.933,67.297,441.81,27.7,41.51,2149.61,2.1496,0,0
2022-11-14T13:00:00,917.0,79.0,717.0,45.96,46.484,339.219,68.796,413.46,27.8,40.72,2017.53,2.0175,0,0
2022-11-14T14:00:00,885.0,75.0,611.0,52.69,53.125,322.756,72.771,339.17,27.8,38.4,1669.27,1.6693,0,0
2022-11-14T15:00:00,819.0,67.0,449.0,62.17,62.525,310.165,78.785,227.27,27.7,34.8,1133.32,1.1333,0,0
2022-11-14T16:00:00,683.0,53.0,249.0,73.32,73.627,300.622,86.345,96.4,27.5,30.51,488.2,0.4882,0,0
2022-11-14T17:00:00,335.0,24.0,51.0,85.4,85.763,293.139,94.937,23.4,27.0,27.73,119.69,0.1197,0,0
2022-11-14T18:00:00,0.0,0.0,0.0,98.38,98.538,0.0,122.38,0.0,26.7,26.7,0.0,0.0,0,0
2022-11-14T19:00:00,0.0,0.0,0.0,111.59,111.718,0.0,135.59,0.0,26.6,26.6,0.0,0.0,0,0
2022-11-14T20:00:00,0.0,0.0,0.0,125.04,125.148,0.0,149.04,0.0,26.5,26.5,0.0,0.0,0,0
2022-11-14T21:00:00,0.0,0.0,0.0,138.62,138.716,0.0,162.62,0.0,26.5,26.5,0.0,0.0,0,0
2022-11-14T22:00:00,0.0,0.0,0.0,152.18,152.29,0.0,176.18,0.0,26.4,26.4,0.0,0.0,0,0
2022-11-14T23:00:00,0.0,0.0,0.0,165.33,165.503,0.0,170.67,0.0,26.3,26.3,0.0,0.0,0,0
2022-11-15T00:00:00,0.0,0.0,0.0,173.47,174.148,0.0,162.53,0.0,26.1,26.1,0.0,0.0,0,0
2022-11-15T01:00:00,0.0,0.0,0.0,163.96,164.313,0.0,172.04,0.0,26.0,26.0,0.0,0.0,1,0
2022-11-15T02:00:00,0.0,0.0,0.0,150.72,150.991,0.0,174.72,0.0,25.8,25.8,0.0,0.0,0,0
2022-11-15T03:00:00,0.0,0.0,0.0,137.15,137.406,0.0,161.15,0.0,25.8,25.8,0.0,0.0,0,0
2022-11-15T04:00:00,0.0,0.0,0.0,123.59,123.852,0.0,147.59,0.0,25.7,25.7,0.0,0.0,0,0
2022-11-15T05:00:00,0.0,0.0,0.0,110.17,110.451,0.0,134.17,0.0,25.8,25.8,0.0,0.0,0,0
2022-11-15T06:00:00,0.0,0.0,0.0,97.01,97.318,0.0,121.01,0.0,25.9,25.9,0.0,0.0,0,0
2022-11-15T07:00:00,395.0,29.0,69.0,84.13,84.613,65.965,94.092,28.34,26.4,27.29,145.19,0.1452,0,0
2022-11-15T08:00:00,706.0,55.0,272.0,72.14,72.583,58.318,85.592,109.23,27.0,30.41,553.36,0.5534,0,0
2022-11-15T09:00:00,831.0,68.0,469.0,61.17,61.645,48.523,78.198,239.07,27.3,34.77,1192.29,1.1923,0,0
2022-11-15T10:00:00,893.0,75.0,625.0,51.97,52.501,35.593,72.405,347.1,27.7,38.55,1707.37,1.7074,0,0
2022-11-15T11:00:00,922.0,79.0,723.0,45.67,46.24,18.798,68.719,416.47,28.0,41.01,2030.01,2.03,0,0
2022-11-15T12:00:00,929.0,80.0,753.0,43.55,44.114,358.999,67.547,437.86,28.2,41.88,2127.37,2.1274,0,0
2022-11-15T13:00:00,921.0,77.0,714.0,46.19,46.692,339.383,69.041,409.29,28.4,41.19,1993.7,1.9937,0,0
2022-11-15T14:00:00,888.0,73.0,609.0,52.88,53.294,322.968,72.998,334.77,28.5,38.96,1644.18,1.6442,0,0
2022-11-15T15:00:00,820.0,66.0,447.0,62.31,62.656,310.391,78.981,223.74,28.5,35.49,1112.91,1.1129,0,0
2022-11-15T16:00:00,682.0,53.0,247.0,73.43,73.727,300.849,86.524,94.19,28.4,31.34,475.59,0.4756,0,0
2022-11-15T17:00:00,327.0,24.0,50.0,85.48,85.838,293.367,95.096,23.39,28.0,28.73,119.23,0.1192,0,0
2022-11-15T18:00:00,0.0,0.0,0.0,98.45,98.595,0.0,122.45,0.0,27.7,27.7,0.0,0.0,0,0
2022-11-15T19:00:00,0.0,0.0,0.0,111.64,111.76,0.0,135.64,0.0,27.6,27.6,0.0,0.0,0,0
2022-11-15T20:00:00,0.0,0.0,0.0,125.08,125.18,0.0,149.08,0.0,27.5,27.5,0.0,0.0,0,0
2022-11-15T21:00:00,0.0,0.0,0.0,138.66,138.743,0.0,162.66,0.0,27.4,27.4,0.0,0.0,0,0
2022-11-15T22:00:00,0.0,0.0,0.0,152.23,152.322,0.0,176.23,0.0,27.3,27.3,0.0,0.0,0,0
2022-11-15T23:00:00,0.0,0.0,0.0,165.41,165.572,0.0,170.59,0.0,27.1,27.1,0.0,0.0,0,0
2022-11-16T00:00:00,0.0,0.0,0.0,173.72,174.382,0.0,162.28,0.0,26.9,26.9,0.0,0.0,0,0
2022-11-16T01:00:00,0.0,0.0,0.0,164.1,164.448,0.0,171.9,0.0,26.7,26.7,0.0,0.0,0,0
2022-11-16T02:00:00,0.0,0.0,0.0,150.84,151.1,0.0,174.84,0.0,26.5,26.5,0.0,0.0,0,0
2022-11-16T03:00:00,0.0,0.0,0.0,137.26,137.513,0.0,161.26,0.0,26.3,26.3,0.0,0.0,1,0
2022-11-16T04:00:00,0.0,0.0,0.0,123.71,123.964,0.0,147.71,0.0,26.2,26.2,0.0,0.0,0,0
2022-11-16T05:00:00,0.0,0.0,0.0,110.3,110.572,0.0,134.3,0.0,26.2,26.2,0.0,0.0,0,0
2022-11-16T06:00:00,0.0,0.0,0.0,97.15,97.452,0.0,121.15,0.0,26.2,26.2,0.0,0.0,0,0
2022-11-16T07:00:00,404.0,27.0,68.0,84.28,84.763,65.784,94.299,26.42,26.6,27.43,135.27,0.1353,0,0
2022-11-16T08:00:00,716.0,52.0,269.0,72.32,72.752,58.148,85.817,104.3,27.1,30.36,528.48,0.5285,0,0
2022-11-16T09:00:00,842.0,63.0,467.0,61.37,61.837,48.37,78.43,233.19,27.4,34.69,1163.29,1.1633,0,0
2022-11-16T10:00:00,905.0,68.0,623.0,52.21,52.717,35.478,72.66,340.17,27.7,38.33,1674.62,1.6746,0,0
2022-11-16T11:00:00,932.0,72.0,720.0,45.92,46.473,18.758,68.97,409.56,28.0,40.8,1997.93,1.9979,0,0
2022-11-16T12:00:00,938.0,73.0,750.0,43.8,44.343,359.068,67.798,430.78,28.2,41.66,2094.71,2.0947,0,0
2022-11-16T13:00:00,909.0,83.0,710.0,46.41,46.893,339.546,69.276,407.21,28.3,41.03,1984.79,1.9848,0,0
2022-11-16T14:00:00,874.0,78.0,604.0,53.05,53.456,323.179,73.205,332.39,28.3,38.69,1634.14,1.6341,0,0
2022-11-16T15:00:00,805.0,70.0,443.0,62.45,62.781,310.615,79.176,221.97,28.3,35.24,1105.14,1.1051,0,0
2022-11-16T16:00:00,665.0,55.0,243.0,73.54,73.821,301.072,86.702,92.98,28.1,31.01,470.03,0.47,0,0
2022-11-16T17:00:00,313.0,24.0,49.0,85.56,85.908,293.592,95.254,23.39,27.6,28.33,119.35,0.1194,0,0
2022-11-16T18:00:00,0.0,0.0,0.0,98.51,98.646,0.0,122.51,0.0,27.2,27.2,0.0,0.0,0,0
2022-11-16T19:00:00,0.0,0.0,0.0,111.69,111.797,0.0,135.69,0.0,27.0,27.0,0.0,0.0,0,0
2022-11-16T20:00:00,0.0,0.0,0.0,125.12,125.207,0.0,149.12,0.0,26.8,26.8,0.0,0.0,0,0
2022-11-16T21:00:00,0.0,0.0,0.0,138.68,138.765,0.0,162.68,0.0,26.6,26.6,0.0,0.0,0,0
2022-11-16T22:00:00,0.0,0.0,0.0,152.26,152.348,0.0,176.26,0.0,26.5,26.5,0.0,0.0,0,0
2022-11-16T23:00:00,0.0,0.0,0.0,165.48,165.633,0.0,170.52,0.0,26.4,26.4,0.0,0.0,3,0
2022-11-17T00:00:00,0.0,0.0,0.0,173.97,174.61,0.0,162.03,0.0,26.4,26.4,0.0,0.0,1,0
2022-11-17T01:00:00,0.0,0.0,0.0,164.25,164.581,0.0,171.75,0.0,26.3,26.3,0.0,0.0,3,0
2022-11-17T02:00:00,0.0,0.0,0.0,150.96,151.21,0.0,174.96,0.0,26.3,26.3,0.0,0.0,3,0
2022-11-17T03:00:00,0.0,0.0,0.0,137.38,137.62,0.0,161.38,0.0,26.3,26.3,0.0,0.0,8,0
2022-11-17T04:00:00,0.0,0.0,0.0,123.83,124.077,0.0,147.83,0.0,26.2,26.2,0.0,0.0,0,0
2022-11-17T05:00:00,0.0,0.0,0.0,110.42,110.694,0.0,134.42,0.0,26.1,26.1,0.0,0.0,0,0
2022-11-17T06:00:00,0.0,0.0,0.0,97.29,97.587,0.0,121.29,0.0,26.0,26.0,0.0,0.0,0,0
2022-11-17T07:00:00,414.0,26.0,66.0,84.44,84.912,65.609,94.512,25.45,26.3,27.1,130.44,0.1304,0,0
2022-11-17T08:00:00,720.0,49.0,266.0,72.5,72.92,57.985,86.04,98.91,26.6,29.69,502.34,0.5023,0,0
2022-11-17T09:00:00,838.0,62.0,461.0,61.57,62.027,48.225,78.66,228.08,26.9,34.03,1140.55,1.1406,0,0
2022-11-17T10:00:00,893.0,71.0,616.0,52.43,52.93,35.37,72.894,335.92,27.1,37.6,1658.13,1.6581,0,0
2022-11-17T11:00:00,920.0,76.0,713.0,46.17,46.701,18.724,69.221,405.26,27.4,40.06,1982.32,1.9823,1,0
2022-11-17T12:00:00,928.0,77.0,745.0,44.04,44.567,359.14,68.038,427.18,27.7,41.05,2081.92,2.0819,1,0
2022-11-17T13:00:00,149.0,310.0,413.0,46.62,47.089,339.71,69.502,352.35,27.7,38.71,1732.12,1.7321,7,0
2022-11-17T14:00:00,0.0,38.0,38.0,53.23,53.612,323.388,73.422,36.69,27.7,28.85,186.89,0.1869,3,0
2022-11-17T15:00:00,0.0,26.0,26.0,62.58,62.9,310.835,79.361,25.1,27.6,28.38,128.08,0.1281,4,0
2022-11-17T16:00:00,8.0,126.0,128.0,73.64,73.909,301.293,86.869,122.1,27.2,31.02,617.2,0.6172,3,0
2022-11-17T17:00:00,0.0,12.0,12.0,85.63,85.972,293.812,95.401,11.59,26.6,26.96,59.41,0.0594,3,7
2022-11-17T18:00:00,0.0,0.0,0.0,98.56,98.692,0.0,122.56,0.0,26.2,26.2,0.0,0.0,3,0
2022-11-17T19:00:00,0.0,0.0,0.0,111.73,111.828,0.0,135.73,0.0,26.0,26.0,0.0,0.0,3,0
2022-11-17T20:00:00,0.0,0.0,0.0,125.15,125.229,0.0,149.15,0.0,25.8,25.8,0.0,0.0,3,0
2022-11-17T21:00:00,0.0,0.0,0.0,138.71,138.781,0.0,162.71,0.0,25.7,25.7,0.0,0.0,3,0
2022-11-17T22:00:00,0.0,0.0,0.0,152.29,152.367,0.0,176.29,0.0,25.6,25.6,0.0,0.0,1,0
2022-11-17T23:00:00,0.0,0.0,0.0,165.55,165.685,0.0,170.45,0.0,25.4,25.4,0.0,0.0,3,0
2022-11-18T00:00:00,0.0,0.0,0.0,174.22,174.833,0.0,161.78,0.0,25.2,25.2,0.0,0.0,1,0
2022-11-18T01:00:00,0.0,0.0,0.0,164.4,164.712,0.0,171.6,0.0,25.1,25.1,0.0,0.0,1,0
2022-11-18T02:00:00,0.0,0.0,0.0,151.07,151.319,0.0,175.07,0.0,25.0,25.0,0.0,0.0,3,0
2022-11-18T03:00:00,0.0,0.0,0.0,137.49,137.728,0.0,161.49,0.0,25.0,25.0,0.0,0.0,3,0
2022-11-18T04:00:00,0.0,0.0,0.0,123.94,124.19,0.0,147.94,0.0,25.0,25.0,0.0,0.0,3,0
2022-11-18T05:00:00,0.0,0.0,0.0,110.55,110.817,0.0,134.55,0.0,25.0,25.0,0.0,0.0,3,0
2022-11-18T06:00:00,0.0,0.0,0.0,97.43,97.721,0.0,121.43,0.0,25.0,25.0,0.0,0.0,8,0
2022-11-18T07:00:00,5.0,38.0,39.0,84.59,85.062,65.441,94.713,36.69,25.4,26.55,188.46,0.1885,7,7
2022-11-18T08:00:00,1.0,99.0,99.0,72.67,73.088,57.829,86.251,95.64,25.7,28.69,487.49,0.4875,3,0
2022-11-18T09:00:00,258.0,236.0,358.0,61.78,62.216,48.087,78.897,278.58,25.9,34.61,1390.14,1.3901,3,0
2022-11-18T10:00:00,0.0,133.0,133.0,52.66,53.14,35.27,73.137,128.4,26.1,30.11,651.16,0.6512,3,0
2022-11-18T11:00:00,0.0,62.0,62.0,46.41,46.925,18.697,69.462,59.86,26.3,28.17,305.65,0.3057,3,0
2022-11-18T12:00:00,0.0,57.0,57.0,44.28,44.785,359.216,68.278,55.03,26.4,28.12,281.05,0.2811,3,0
2022-11-18T13:00:00,0.0,192.0,192.0,46.83,47.278,339.874,69.728,185.36,26.4,32.19,933.06,0.9331,3,0
2022-11-18T14:00:00,0.0,18.0,18.0,53.39,53.763,323.594,73.618,17.38,26.5,27.04,89.09,0.0891,8,7
2022-11-18T15:00:00,0.0,59.0,59.0,62.71,63.013,311.052,79.545,56.96,26.4,28.18,290.85,0.2909,8,0
2022-11-18T16:00:00,6.0,79.0,81.0,73.73,73.992,301.509,87.026,76.6,26.3,28.69,390.41,0.3904,8,7
2022-11-18T17:00:00,1.0,28.0,28.0,85.69,86.032,294.029,95.538,27.03,26.0,26.84,138.68,0.1387,8,7
2022-11-18T18:00:00,0.0,0.0,0.0,98.61,98.733,0.0,122.61,0.0,25.9,25.9,0.0,0.0,7,0
2022-11-18T19:00:00,0.0,0.0,0.0,111.76,111.855,0.0,135.76,0.0,25.8,25.8,0.0,0.0,7,0
2022-11-18T20:00:00,0.0,0.0,0.0,125.17,125.245,0.0,149.17,0.0,25.7,25.7,0.0,0.0,7,0
2022-11-18T21:00:00,0.0,0.0,0.0,138.73,138.792,0.0,162.73,0.0,25.7,25.7,0.0,0.0,7,0
2022-11-18T22:00:00,0.0,0.0,0.0,152.31,152.38,0.0,176.31,0.0,25.7,25.7,0.0,0.0,6,0
2022-11-18T23:00:00,0.0,0.0,0.0,165.61,165.728,0.0,170.39,0.0,25.7,25.7,0.0,0.0,6,0
2022-11-19T00:00:00,0.0,0.0,0.0,174.46,175.05,0.0,161.54,0.0,25.8,25.8,0.0,0.0,7,0
2022-11-19T01:00:00,0.0,0.0,0.0,164.54,164.842,0.0,171.46,0.0,25.8,25.8,0.0,0.0,8,0
2022-11-19T02:00:00,0.0,0.0,0.0,151.19,151.428,0.0,175.19,0.0,25.9,25.9,0.0,0.0,3,0
2022-11-19T03:00:00,0.0,0.0,0.0,137.61,137.837,0.0,161.61,0.0,26.0,26.0,0.0,0.0,8,0
2022-11-19T04:00:00,0.0,0.0,0.0,124.06,124.304,0.0,148.06,0.0,26.0,26.0,0.0,0.0,7,0
2022-11-19T05:00:00,0.0,0.0,0.0,110.68,110.94,0.0,134.68,0.0,26.0,26.0,0.0,0.0,8,0
2022-11-19T06:00:00,0.0,0.0,0.0,97.57,97.856,0.0,121.57,0.0,26.0,26.0,0.0,0.0,7,0
2022-11-19T07:00:00,255.0,31.0,54.0,84.75,85.211,65.28,94.921,30.13,26.3,27.24,154.35,0.1543,1,0
2022-11-19T08:00:00,615.0,64.0,246.0,72.85,73.254,57.68,86.469,101.24,26.6,29.76,514.05,0.514,0,0
2022-11-19T09:00:00,320.0,218.0,368.0,61.98,62.402,47.957,79.123,272.14,26.8,35.3,1354.6,1.3546,2,0
2022-11-19T10:00:00,580.0,169.0,518.0,52.88,53.346,35.178,73.368,332.18,27.1,37.48,1640.38,1.6404,7,0
2022-11-19T11:00:00,884.0,87.0,693.0,46.65,47.143,18.677,69.701,395.9,27.3,39.67,1939.36,1.9394,0,0
2022-11-19T12:00:00,4.0,289.0,292.0,44.51,44.997,359.295,68.509,280.5,27.4,36.17,1391.81,1.3918,3,0
2022-11-19T13:00:00,64.0,288.0,332.0,47.03,47.462,340.038,69.943,300.37,27.4,36.79,1487.05,1.4871,8,7
2022-11-19T14:00:00,0.0,25.0,25.0,53.55,53.907,323.799,73.815,24.14,27.4,28.15,123.25,0.1233,3,0
2022-11-19T15:00:00,8.0,132.0,136.0,62.83,63.121,311.267,79.718,128.9,27.3,31.33,650.85,0.6509,7,0
2022-11-19T16:00:00,12.0,97.0,100.0,73.82,74.07,301.723,87.182,94.26,27.2,30.15,477.98,0.478,8,0
2022-11-19T17:00:00,3.0,29.0,29.0,85.76,86.086,294.242,95.682,28.0,26.8,27.67,143.22,0.1432,7,7
2022-11-19T18:00:00,0.0,0.0,0.0,98.65,98.769,0.0,122.65,0.0,26.7,26.7,0.0,0.0,7,0
2022-11-19T19:00:00,0.0,0.0,0.0,111.79,111.877,0.0,135.79,0.0,26.7,26.7,0.0,0.0,8,0
2022-11-19T20:00:00,0.0,0.0,0.0,125.19,125.257,0.0,149.19,0.0,26.6,26.6,0.0,0.0,8,0
2022-11-19T21:00:00,0.0,0.0,0.0,138.74,138.798,0.0,162.74,0.0,26.6,26.6,0.0,0.0,8,0
2022-11-19T22:00:00,0.0,0.0,0.0,152.32,152.388,0.0,176.32,0.0,26.5,26.5,0.0,0.0,8,0
2022-11-19T23:00:00,0.0,0.0,0.0,165.65,165.764,0.0,170.35,0.0,26.4,26.4,0.0,0.0,8,0
2022-11-20T00:00:00,0.0,0.0,0.0,174.69,175.261,0.0,161.31,0.0,26.3,26.3,0.0,0.0,7,0
2022-11-20T01:00:00,0.0,0.0,0.0,164.68,164.97,0.0,171.32,0.0,26.3,26.3,0.0,0.0,8,0
2022-11-20T02:00:00,0.0,0.0,0.0,151.31,151.537,0.0,175.31,0.0,26.2,26.2,0.0,0.0,0,0
2022-11-20T03:00:00,0.0,0.0,0.0,137.72,137.945,0.0,161.72,0.0,26.1,26.1,0.0,0.0,0,0
2022-11-20T04:00:00,0.0,0.0,0.0,124.19,124.418,0.0,148.19,0.0,26.0,26.0,0.0,0.0,1,0
2022-11-20T05:00:00,0.0,0.0,0.0,110.81,111.063,0.0,134.81,0.0,26.0,26.0,0.0,0.0,0,0
2022-11-20T06:00:00,0.0,0.0,0.0,97.72,97.99,0.0,121.72,0.0,26.0,26.0,0.0,0.0,0,0
2022-11-20T07:00:00,362.0,25.0,57.0,84.9,85.359,65.125,95.118,24.41,26.3,27.06,125.15,0.1251,0,0
2022-11-20T08:00:00,689.0,50.0,251.0,73.03,73.42,57.538,86.685,89.85,26.7,29.51,456.66,0.4567,0,0
2022-11-20T09:00:00,25.0,169.0,180.0,62.17,62.587,47.834,79.337,167.88,26.8,32.05,845.49,0.8455,8,7
2022-11-20T10:00:00,49.0,280.0,310.0,53.1,53.549,35.093,73.598,284.41,27.0,35.89,1412.67,1.4127,3,0
2022-11-20T11:00:00,342.0,324.0,558.0,46.88,47.357,18.662,69.931,432.18,27.2,40.71,2108.99,2.109,3,0
2022-11-20T12:00:00,914.0,79.0,728.0,44.74,45.203,359.377,68.739,413.31,27.3,40.22,2020.58,2.0206,0,0
2022-11-20T13:00:00,894.0,83.0,690.0,47.23,47.639,340.202,70.159,388.82,27.3,39.45,1906.21,1.9062,0,0
2022-11-20T14:00:00,862.0,78.0,588.0,53.7,54.045,324.001,74.0,317.3,27.2,37.12,1569.0,1.569,1,0
2022-11-20T15:00:00,793.0,69.0,430.0,62.94,63.223,311.478,79.881,209.06,27.2,33.73,1046.52,1.0465,0,0
2022-11-20T16:00:00,650.0,54.0,234.0,73.9,74.142,301.933,87.326,84.01,27.0,29.63,426.78,0.4268,0,0
2022-11-20T17:00:00,8.0,33.0,33.0,85.81,86.135,294.451,95.806,31.86,26.7,27.7,162.96,0.163,7,7
2022-11-20T18:00:00,0.0,0.0,0.0,98.69,98.8,0.0,122.69,0.0,26.4,26.4,0.0,0.0,3,0
2022-11-20T19:00:00,0.0,0.0,0.0,111.81,111.894,0.0,135.81,0.0,26.3,26.3,0.0,0.0,3,0
2022-11-20T20:00:00,0.0,0.0,0.0,125.2,125.264,0.0,149.2,0.0,26.2,26.2,0.0,0.0,5,0
2022-11-20T21:00:00,0.0,0.0,0.0,138.74,138.798,0.0,162.74,0.0,26.2,26.2,0.0,0.0,3,0
2022-11-20T22:00:00,0.0,0.0,0.0,152.33,152.39,0.0,176.33,0.0,26.1,26.1,0.0,0.0,3,0
2022-11-20T23:00:00,0.0,0.0,0.0,165.69,165.791,0.0,170.31,0.0,25.9,25.9,0.0,0.0,3,0
2022-11-21T00:00:00,0.0,0.0,0.0,174.92,175.466,0.0,161.08,0.0,25.8,25.8,0.0,0.0,3,0
2022-11-21T01:00:00,0.0,0.0,0.0,164.82,165.096,0.0,171.18,0.0,25.7,25.7,0.0,0.0,7,0
2022-11-21T02:00:00,0.0,0.0,0.0,151.42,151.646,0.0,175.42,0.0,25.6,25.6,0.0,0.0,5,0
2022-11-21T03:00:00,0.0,0.0,0.0,137.84,138.054,0.0,161.84,0.0,25.5,25.5,0.0,0.0,8,0
2022-11-21T04:00:00,0.0,0.0,0.0,124.31,124.533,0.0,148.31,0.0,25.5,25.5,0.0,0.0,8,0
2022-11-21T05:00:00,0.0,0.0,0.0,110.94,111.186,0.0,134.94,0.0,25.5,25.5,0.0,0.0,3,0
2022-11-21T06:00:00,0.0,0.0,0.0,97.86,98.125,0.0,121.86,0.0,25.5,25.5,0.0,0.0,7,0
2022-11-21T07:00:00,4.0,33.0,33.0,85.05,85.507,64.976,95.312,31.86,25.8,26.8,163.48,0.1635,7,7
2022-11-21T08:00:00,176.0,125.0,176.0,73.2,73.584,57.402,86.889,130.67,26.1,30.18,662.51,0.6625,7,0
2022-11-21T09:00:00,0.0,116.0,116.0,62.37,62.769,47.718,79.559,111.99,26.4,29.9,568.36,0.5684,3,0
2022-11-21T10:00:00,0.0,25.0,25.0,53.32,53.749,35.015,73.827,24.14,26.6,27.35,123.6,0.1236,3,0
2022-11-21T11:00:00,88.0,350.0,410.0,47.11,47.567,18.654,70.159,368.28,26.9,38.41,1812.47,1.8125,3,0
2022-11-21T12:00:00,81.0,348.0,406.0,44.96,45.403,359.463,68.959,365.55,27.0,38.42,1798.92,1.7989,3,0
2022-11-21T13:00:00,23.0,250.0,266.0,47.42,47.809,340.365,70.364,249.22,27.1,34.89,1242.38,1.2424,8,0
2022-11-21T14:00:00,29.0,224.0,241.0,53.85,54.178,324.202,74.186,224.3,27.1,34.11,1121.32,1.1213,8,0
2022-11-21T15:00:00,132.0,195.0,255.0,63.05,63.319,311.686,80.043,211.6,27.0,33.61,1059.71,1.0597,8,0
2022-11-21T16:00:00,333.0,114.0,206.0,73.98,74.209,302.139,87.47,125.55,27.0,30.92,634.89,0.6349,7,0
2022-11-21T17:00:00,0.0,18.0,18.0,85.86,86.179,294.656,95.928,17.38,26.8,27.34,89.0,0.089,3,7
2022-11-21T18:00:00,0.0,0.0,0.0,98.72,98.826,0.0,122.72,0.0,26.7,26.7,0.0,0.0,7,0
2022-11-21T19:00:00,0.0,0.0,0.0,111.83,111.906,0.0,135.83,0.0,26.8,26.8,0.0,0.0,8,0
2022-11-21T20:00:00,0.0,0.0,0.0,125.21,125.266,0.0,149.21,0.0,26.8,26.8,0.0,0.0,7,0
2022-11-21T21:00:00,0.0,0.0,0.0,138.74,138.793,0.0,162.74,0.0,26.9,26.9,0.0,0.0,8,0
2022-11-21T22:00:00,0.0,0.0,0.0,152.33,152.386,0.0,176.33,0.0,26.9,26.9,0.0,0.0,7,0
2022-11-21T23:00:00,0.0,0.0,0.0,165.72,165.811,0.0,170.28,0.0,26.8,26.8,0.0,0.0,7,0
2022-11-22T00:00:00,0.0,0.0,0.0,175.14,175.665,0.0,160.86,0.0,26.7,26.7,0.0,0.0,0,0
2022-11-22T01:00:00,0.0,0.0,0.0,164.95,165.221,0.0,171.05,0.0,26.6,26.6,0.0,0.0,0,0
2022-11-22T02:00:00,0.0,0.0,0.0,151.54,151.755,0.0,175.54,0.0,26.6,26.6,0.0,0.0,1,0
2022-11-22T03:00:00,0.0,0.0,0.0,137.95,138.164,0.0,161.95,0.0,26.5,26.5,0.0,0.0,0,0
2022-11-22T04:00:00,0.0,0.0,0.0,124.43,124.648,0.0,148.43,0.0,26.5,26.5,0.0,0.0,0,0
2022-11-22T05:00:00,0.0,0.0,0.0,111.07,111.31,0.0,135.07,0.0,26.5,26.5,0.0,0.0,0,0
2022-11-22T06:00:00,0.0,0.0,0.0,98.0,98.259,0.0,122.0,0.0,26.5,26.5,0.0,0.0,3,0
2022-11-22T07:00:00,293.0,27.0,51.0,85.21,85.655,64.835,95.513,26.27,26.7,27.52,134.47,0.1345,0,0
2022-11-22T08:00:00,641.0,57.0,241.0,73.38,73.747,57.274,87.1,89.05,27.1,29.88,451.97,0.452,0,0
2022-11-22T09:00:00,781.0,73.0,433.0,62.56,62.949,47.609,79.769,212.31,27.3,33.93,1062.01,1.062,0,0
2022-11-22T10:00:00,860.0,78.0,589.0,53.53,53.945,34.944,74.044,316.13,27.5,37.38,1561.7,1.5617,0,0
2022-11-22T11:00:00,891.0,83.0,687.0,47.34,47.771,18.651,70.387,384.42,27.7,39.71,1882.85,1.8828,0,0
2022-11-22T12:00:00,901.0,84.0,719.0,45.17,45.598,359.551,69.169,406.99,27.8,40.52,1987.43,1.9874,0,0
2022-11-22T13:00:00,735.0,131.0,627.0,47.6,47.974,340.529,70.56,375.39,27.9,39.63,1839.14,1.8391,7,0
2022-11-22T14:00:00,871.0,73.0,585.0,53.99,54.304,324.4,74.361,309.7,27.9,37.58,1528.82,1.5288,0,0
2022-11-22T15:00:00,806.0,65.0,429.0,63.16,63.409,311.891,80.204,203.03,27.9,34.24,1014.49,1.0145,0,0
2022-11-22T16:00:00,670.0,51.0,235.0,74.05,74.271,302.341,87.603,78.85,27.7,30.16,399.82,0.3998,0,0
2022-11-22T17:00:00,304.0,23.0,44.0,85.91,86.218,294.857,96.049,22.39,27.2,27.9,114.42,0.1144,0,0
2022-11-22T18:00:00,0.0,0.0,0.0,98.75,98.847,0.0,122.75,0.0,26.9,26.9,0.0,0.0,0,0
2022-11-22T19:00:00,0.0,0.0,0.0,111.84,111.914,0.0,135.84,0.0,26.7,26.7,0.0,0.0,0,0
2022-11-22T20:00:00,0.0,0.0,0.0,125.21,125.263,0.0,149.21,0.0,26.5,26.5,0.0,0.0,0,0
2022-11-22T21:00:00,0.0,0.0,0.0,138.74,138.784,0.0,162.74,0.0,26.3,26.3,0.0,0.0,0,0
2022-11-22T22:00:00,0.0,0.0,0.0,152.33,152.376,0.0,176.33,0.0,26.2,26.2,0.0,0.0,0,0
2022-11-22T23:00:00,0.0,0.0,0.0,165.74,165.823,0.0,170.26,0.0,26.1,26.1,0.0,0.0,0,0
2022-11-23T00:00:00,0.0,0.0,0.0,175.36,175.857,0.0,160.64,0.0,26.0,26.0,0.0,0.0,0,0
2022-11-23T01:00:00,0.0,0.0,0.0,165.09,165.345,0.0,170.91,0.0,26.0,26.0,0.0,0.0,3,0
2022-11-23T02:00:00,0.0,0.0,0.0,151.66,151.864,0.0,175.66,0.0,26.1,26.1,0.0,0.0,3,0
2022-11-23T03:00:00,0.0,0.0,0.0,138.07,138.274,0.0,162.07,0.0,26.2,26.2,0.0,0.0,1,0
2022-11-23T04:00:00,0.0,0.0,0.0,124.55,124.764,0.0,148.55,0.0,26.2,26.2,0.0,0.0,0,0
2022-11-23T05:00:00,0.0,0.0,0.0,111.21,111.433,0.0,135.21,0.0,26.2,26.2,0.0,0.0,0,0
2022-11-23T06:00:00,0.0,0.0,0.0,98.14,98.393,0.0,122.14,0.0,26.3,26.3,0.0,0.0,0,0
2022-11-23T07:00:00,298.0,25.0,49.0,85.36,85.802,64.7,95.702,24.34,26.5,27.26,124.71,0.1247,0,0
2022-11-23T08:00:00,643.0,56.0,238.0,73.55,73.909,57.153,87.3,85.93,26.9,29.59,436.6,0.4366,0,0
2022-11-23T09:00:00,779.0,72.0,428.0,62.76,63.126,47.508,79.987,208.03,27.2,33.7,1041.52,1.0415,0,0
2022-11-23T10:00:00,644.0,163.0,545.0,53.74,54.137,34.881,74.26,335.36,27.7,38.18,1651.85,1.6518,7,0
2022-11-23T11:00:00,15.0,232.0,242.0,47.55,47.97,18.654,70.595,229.05,28.0,35.16,1140.69,1.1407,7,0
2022-11-23T12:00:00,329.0,292.0,523.0,45.38,45.786,359.643,69.38,399.76,28.3,40.79,1950.18,1.9502,7,0
2022-11-23T13:00:00,42.0,253.0,282.0,47.77,48.132,340.692,70.745,258.35,28.4,36.47,1280.49,1.2805,8,0
2022-11-23T14:00:00,20.0,208.0,220.0,54.13,54.423,324.596,74.536,206.24,28.5,34.95,1027.92,1.0279,8,0
2022-11-23T15:00:00,118.0,245.0,298.0,63.25,63.494,312.092,80.345,256.78,28.5,36.52,1272.45,1.2724,3,0
2022-11-23T16:00:00,157.0,134.0,177.0,74.11,74.327,302.54,87.725,135.97,28.3,32.55,683.57,0.6836,8,0
2022-11-23T17:00:00,203.0,25.0,40.0,85.95,86.252,295.054,96.159,24.27,27.9,28.66,123.69,0.1237,0,0
2022-11-23T18:00:00,0.0,0.0,0.0,98.77,98.863,0.0,122.77,0.0,27.6,27.6,0.0,0.0,0,0
2022-11-23T19:00:00,0.0,0.0,0.0,111.85,111.916,0.0,135.85,0.0,27.5,27.5,0.0,0.0,0,0
2022-11-23T20:00:00,0.0,0.0,0.0,125.21,125.255,0.0,149.21,0.0,27.3,27.3,0.0,0.0,0,0
2022-11-23T21:00:00,0.0,0.0,0.0,138.73,138.77,0.0,162.73,0.0,27.1,27.1,0.0,0.0,0,0
2022-11-23T22:00:00,0.0,0.0,0.0,152.32,152.361,0.0,176.32,0.0,26.9,26.9,0.0,0.0,0,0
2022-11-23T23:00:00,0.0,0.0,0.0,165.76,165.828,0.0,170.24,0.0,26.7,26.7,0.0,0.0,0,0
2022-11-24T00:00:00,0.0,0.0,0.0,175.57,176.043,0.0,160.43,0.0,26.6,26.6,0.0,0.0,0,0
2022-11-24T01:00:00,0.0,0.0,0.0,165.22,165.467,0.0,170.78,0.0,26.4,26.4,0.0,0.0,0,0
2022-11-24T02:00:00,0.0,0.0,0.0,151.77,151.974,0.0,175.77,0.0,26.3,26.3,0.0,0.0,0,0
2022-11-24T03:00:00,0.0,0.0,0.0,138.19,138.384,0.0,162.19,0.0,26.1,26.1,0.0,0.0,0,0
2022-11-24T04:00:00,0.0,0.0,0.0,124.67,124.88,0.0,148.67,0.0,26.1,26.1,0.0,0.0,0,0
2022-11-24T05:00:00,0.0,0.0,0.0,111.34,111.557,0.0,135.34,0.0,26.0,26.0,0.0,0.0,0,0
2022-11-24T06:00:00,0.0,0.0,0.0,98.29,98.527,0.0,122.29,0.0,26.1,26.1,0.0,0.0,0,0
2022-11-24T07:00:00,328.0,23.0,49.0,85.51,85.948,64.571,95.889,22.43,26.4,27.1,114.97,0.115,0,0
2022-11-24T08:00:00,669.0,50.0,238.0,73.72,74.069,57.038,87.497,79.11,26.9,29.37,402.27,0.4023,0,0
2022-11-24T09:00:00,801.0,64.0,428.0,62.95,63.302,47.414,80.193,201.36,27.2,33.49,1008.88,1.0089,0,0
2022-11-24T10:00:00,853.0,77.0,579.0,53.95,54.326,34.824,74.475,306.99,27.6,37.19,1517.57,1.5176,0,0
2022-11-24T11:00:00,884.0,83.0,676.0,47.77,48.164,18.663,70.812,375.8,27.8,39.54,1841.76,1.8418,0,0
2022-11-24T12:00:00,892.0,85.0,709.0,45.58,45.968,359.737,69.58,398.68,27.9,40.36,1948.0,1.948,0,0
2022-11-24T13:00:00,873.0,87.0,672.0,47.94,48.283,340.855,70.93,374.27,28.0,39.7,1833.24,1.8332,0,0
2022-11-24T14:00:00,837.0,83.0,572.0,54.26,54.537,324.789,74.7,305.22,28.0,37.54,1506.92,1.5069,0,0
2022-11-24T15:00:00,764.0,74.0,417.0,63.34,63.573,312.291,80.485,200.7,28.0,34.27,1002.75,1.0028,0,0
2022-11-24T16:00:00,607.0,59.0,224.0,74.17,74.377,302.734,87.845,81.21,27.8,30.34,411.51,0.4115,0,0
2022-11-24T17:00:00,224.0,25.0,40.0,85.98,86.28,295.247,96.258,24.27,27.3,28.06,123.96,0.124,0,0
2022-11-24T18:00:00,0.0,0.0,0.0,98.79,98.875,0.0,122.79,0.0,27.0,27.0,0.0,0.0,0,0
2022-11-24T19:00:00,0.0,0.0,0.0,111.85,111.914,0.0,135.85,0.0,26.9,26.9,0.0,0.0,0,0
2022-11-24T20:00:00,0.0,0.0,0.0,125.2,125.243,0.0,149.2,0.0,26.8,26.8,0.0,0.0,0,0
2022-11-24T21:00:00,0.0,0.0,0.0,138.71,138.751,0.0,162.71,0.0,26.7,26.7,0.0,0.0,0,0
2022-11-24T22:00:00,0.0,0.0,0.0,152.3,152.341,0.0,176.3,0.0,26.6,26.6,0.0,0.0,0,0
2022-11-24T23:00:00,0.0,0.0,0.0,165.76,165.825,0.0,170.24,0.0,26.5,26.5,0.0,0.0,0,0
2022-11-25T00:00:00,0.0,0.0,0.0,175.77,176.222,0.0,160.23,0.0,26.4,26.4,0.0,0.0,0,0
2022-11-25T01:00:00,0.0,0.0,0.0,165.36,165.588,0.0,170.64,0.0,26.2,26.2,0.0,0.0,0,0
2022-11-25T02:00:00,0.0,0.0,0.0,151.89,152.083,0.0,175.89,0.0,26.1,26.1,0.0,0.0,0,0
2022-11-25T03:00:00,0.0,0.0,0.0,138.31,138.494,0.0,162.31,0.0,26.1,26.1,0.0,0.0,0,0
2022-11-25T04:00:00,0.0,0.0,0.0,124.8,124.996,0.0,148.8,0.0,26.1,26.1,0.0,0.0,0,0
2022-11-25T05:00:00,0.0,0.0,0.0,111.47,111.681,0.0,135.47,0.0,26.1,26.1,0.0,0.0,3,0
2022-11-25T06:00:00,0.0,0.0,0.0,98.43,98.661,0.0,122.43,0.0,26.1,26.1,0.0,0.0,3,0
2022-11-25T07:00:00,1.0,21.0,21.0,85.67,86.093,64.45,96.082,20.27,26.5,27.13,103.91,0.1039,7,7
2022-11-25T08:00:00,1.0,83.0,83.0,73.89,74.227,56.931,87.692,80.17,27.0,29.51,407.45,0.4074,3,0
2022-11-25T09:00:00,5.0,171.0,173.0,63.13,63.474,47.327,80.388,165.94,27.3,32.49,834.42,0.8344,3,0
2022-11-25T10:00:00,319.0,277.0,464.0,54.15,54.511,34.775,74.679,353.33,27.6,38.64,1737.38,1.7374,3,0
2022-11-25T11:00:00,1.0,232.0,233.0,47.98,48.353,18.678,71.018,224.31,27.9,34.91,1118.11,1.1181,3,0
2022-11-25T12:00:00,48.0,332.0,365.0,45.78,46.144,359.834,69.78,337.39,28.0,38.54,1659.63,1.6596,3,0
2022-11-25T13:00:00,374.0,306.0,556.0,48.11,48.428,341.017,71.116,418.63,28.2,41.28,2038.5,2.0385,3,0
2022-11-25T14:00:00,2.0,211.0,212.0,54.38,54.645,324.98,74.854,204.23,28.2,34.58,1019.25,1.0192,3,0
2022-11-25T15:00:00,803.0,62.0,421.0,63.43,63.646,312.486,80.624,193.79,28.3,34.36,967.89,0.9679,0,0
2022-11-25T16:00:00,667.0,49.0,230.0,74.23,74.423,302.925,87.964,72.56,28.3,30.57,367.4,0.3674,1,0
2022-11-25T17:00:00,313.0,21.0,43.0,86.01,86.304,295.435,96.356,20.46,28.1,28.74,104.29,0.1043,1,0
2022-11-25T18:00:00,0.0,0.0,0.0,98.8,98.881,0.0,122.8,0.0,27.9,27.9,0.0,0.0,0,0
2022-11-25T19:00:00,0.0,0.0,0.0,111.85,111.908,0.0,135.85,0.0,27.8,27.8,0.0,0.0,0,0
2022-11-25T20:00:00,0.0,0.0,0.0,125.18,125.226,0.0,149.18,0.0,27.6,27.6,0.0,0.0,0,0
2022-11-25T21:00:00,0.0,0.0,0.0,138.69,138.727,0.0,162.69,0.0,27.5,27.5,0.0,0.0,0,0
2022-11-25T22:00:00,0.0,0.0,0.0,152.28,152.316,0.0,176.28,0.0,27.3,27.3,0.0,0.0,0,0
2022-11-25T23:00:00,0.0,0.0,0.0,165.76,165.816,0.0,170.24,0.0,27.1,27.1,0.0,0.0,0,0
2022-11-26T00:00:00,0.0,0.0,0.0,175.97,176.393,0.0,160.03,0.0,26.9,26.9,0.0,0.0,0,0
2022-11-26T01:00:00,0.0,0.0,0.0,165.49,165.708,0.0,170.51,0.0,26.6,26.6,0.0,0.0,0,0
2022-11-26T02:00:00,0.0,0.0,0.0,152.01,152.192,0.0,176.01,0.0,26.4,26.4,0.0,0.0,0,0
2022-11-26T03:00:00,0.0,0.0,0.0,138.42,138.605,0.0,162.42,0.0,26.1,26.1,0.0,0.0,7,0
2022-11-26T04:00:00,0.0,0.0,0.0,124.92,125.112,0.0,148.92,0.0,26.0,26.0,0.0,0.0,0,0
2022-11-26T05:00:00,0.0,0.0,0.0,111.6,111.805,0.0,135.6,0.0,26.0,26.0,0.0,0.0,0,0
2022-11-26T06:00:00,0.0,0.0,0.0,98.57,98.795,0.0,122.57,0.0,26.0,26.0,0.0,0.0,0,0
2022-11-26T07:00:00,333.0,22.0,46.0,85.82,86.238,64.335,96.264,21.45,26.2,26.87,110.02,0.11,0,0
2022-11-26T08:00:00,677.0,49.0,235.0,74.06,74.384,56.83,87.885,73.9,26.6,28.91,376.38,0.3764,0,0
2022-11-26T09:00:00,812.0,62.0,427.0,63.32,63.644,47.248,80.591,195.76,26.8,32.92,982.83,0.9828,0,0
2022-11-26T10:00:00,873.0,71.0,580.0,54.35,54.692,34.732,74.881,300.64,27.1,36.5,1489.99,1.49,0,0
2022-11-26T11:00:00,906.0,75.0,679.0,48.18,48.537,18.698,71.215,369.38,27.4,38.94,1814.32,1.8143,0,0
2022-11-26T12:00:00,915.0,77.0,713.0,45.97,46.314,359.933,69.97,393.23,27.7,39.99,1924.04,1.924,0,0
2022-11-26T13:00:00,904.0,76.0,678.0,48.26,48.567,341.18,71.281,368.69,27.9,39.42,1807.74,1.8077,0,0
2022-11-26T14:00:00,869.0,72.0,577.0,54.49,54.746,325.169,74.998,298.82,28.0,37.34,1476.41,1.4764,0,0
2022-11-26T15:00:00,801.0,65.0,422.0,63.51,63.713,312.677,80.752,194.57,28.0,34.08,972.78,0.9728,0,0
2022-11-26T16:00:00,659.0,51.0,230.0,74.28,74.463,303.112,88.073,72.95,27.9,30.18,369.85,0.3699,0,0
2022-11-26T17:00:00,294.0,22.0,42.0,86.04,86.322,295.619,96.451,21.41,27.4,28.07,109.38,0.1094,1,0
2022-11-26T18:00:00,0.0,0.0,0.0,98.81,98.883,0.0,122.81,0.0,27.2,27.2,0.0,0.0,0,0
2022-11-26T19:00:00,0.0,0.0,0.0,111.84,111.896,0.0,135.84,0.0,27.1,27.1,0.0,0.0,1,0
2022-11-26T20:00:00,0.0,0.0,0.0,125.16,125.205,0.0,149.16,0.0,27.0,27.0,0.0,0.0,0,0
2022-11-26T21:00:00,0.0,0.0,0.0,138.67,138.699,0.0,162.67,0.0,26.9,26.9,0.0,0.0,0,0
2022-11-26T22:00:00,0.0,0.0,0.0,152.26,152.286,0.0,176.26,0.0,26.8,26.8,0.0,0.0,0,0
2022-11-26T23:00:00,0.0,0.0,0.0,165.75,165.8,0.0,170.25,0.0,26.7,26.7,0.0,0.0,0,0
2022-11-27T00:00:00,0.0,0.0,0.0,176.15,176.557,0.0,159.85,0.0,26.7,26.7,0.0,0.0,0,0
2022-11-27T01:00:00,0.0,0.0,0.0,165.62,165.827,0.0,170.38,0.0,26.6,26.6,0.0,0.0,0,0
2022-11-27T02:00:00,0.0,0.0,0.0,152.13,152.301,0.0,176.13,0.0,26.6,26.6,0.0,0.0,0,0
2022-11-27T03:00:00,0.0,0.0,0.0,138.54,138.716,0.0,162.54,0.0,26.5,26.5,0.0,0.0,0,0
2022-11-27T04:00:00,0.0,0.0,0.0,125.05,125.229,0.0,149.05,0.0,26.5,26.5,0.0,0.0,0,0
2022-11-27T05:00:00,0.0,0.0,0.0,111.74,111.929,0.0,135.74,0.0,26.6,26.6,0.0,0.0,0,0
2022-11-27T06:00:00,0.0,0.0,0.0,98.72,98.928,0.0,122.72,0.0,26.6,26.6,0.0,0.0,0,0
2022-11-27T07:00:00,277.0,23.0,42.0,85.97,86.381,64.226,96.443,22.37,26.9,27.6,114.46,0.1145,0,0
2022-11-27T08:00:00,644.0,54.0,229.0,74.23,74.539,56.736,88.075,75.27,27.4,29.75,382.23,0.3822,0,0
2022-11-27T09:00:00,328.0,203.0,350.0,63.5,63.812,47.175,80.782,249.79,27.6,35.41,1242.89,1.2429,3,0
2022-11-27T10:00:00,874.0,69.0,576.0,54.54,54.87,34.697,75.073,296.14,27.9,37.15,1464.12,1.4641,1,0
2022-11-27T11:00:00,1.0,209.0,209.0,48.38,48.716,18.724,71.41,202.09,28.3,34.62,1008.43,1.0084,3,0
2022-11-27T12:00:00,0.0,195.0,195.0,46.15,46.477,0.036,70.15,188.26,28.6,34.48,939.84,0.9398,2,0
2022-11-27T13:00:00,8.0,279.0,284.0,48.41,48.699,341.342,71.446,271.94,28.8,37.3,1343.79,1.3438,3,0
2022-11-27T14:00:00,317.0,277.0,460.0,54.6,54.841,325.356,75.141,350.29,28.9,39.85,1714.84,1.7148,3,0
2022-11-27T15:00:00,3.0,163.0,165.0,63.58,63.775,312.865,80.869,157.86,28.9,33.83,789.93,0.7899,3,0
2022-11-27T16:00:00,0.0,44.0,44.0,74.32,74.497,303.295,88.17,42.48,28.7,30.03,215.49,0.2155,3,0
2022-11-27T17:00:00,306.0,21.0,42.0,86.06,86.336,295.798,96.536,20.46,28.3,28.94,104.17,0.1042,1,0
2022-11-27T18:00:00,0.0,0.0,0.0,98.81,98.88,0.0,122.81,0.0,28.0,28.0,0.0,0.0,1,0
2022-11-27T19:00:00,0.0,0.0,0.0,111.83,111.881,0.0,135.83,0.0,27.9,27.9,0.0,0.0,0,0
2022-11-27T20:00:00,0.0,0.0,0.0,125.14,125.179,0.0,149.14,0.0,27.8,27.8,0.0,0.0,3,0
2022-11-27T21:00:00,0.0,0.0,0.0,138.64,138.666,0.0,162.64,0.0,27.7,27.7,0.0,0.0,3,0
2022-11-27T22:00:00,0.0,0.0,0.0,152.22,152.251,0.0,176.22,0.0,27.5,27.5,0.0,0.0,3,0
2022-11-27T23:00:00,0.0,0.0,0.0,165.73,165.778,0.0,170.27,0.0,27.3,27.3,0.0,0.0,0,0
2022-11-28T00:00:00,0.0,0.0,0.0,176.34,176.713,0.0,159.66,0.0,27.1,27.1,0.0,0.0,1,0
2022-11-28T01:00:00,0.0,0.0,0.0,165.75,165.946,0.0,170.25,0.0,26.9,26.9,0.0,0.0,1,0
2022-11-28T02:00:00,0.0,0.0,0.0,152.24,152.411,0.0,176.24,0.0,26.8,26.8,0.0,0.0,0,0
2022-11-28T03:00:00,0.0,0.0,0.0,138.66,138.828,0.0,162.66,0.0,26.6,26.6,0.0,0.0,0,0
2022-11-28T04:00:00,0.0,0.0,0.0,125.17,125.345,0.0,149.17,0.0,26.6,26.6,0.0,0.0,0,0
2022-11-28T05:00:00,0.0,0.0,0.0,111.87,112.053,0.0,135.87,0.0,26.6,26.6,0.0,0.0,0,0
2022-11-28T06:00:00,0.0,0.0,0.0,98.86,99.06,0.0,122.86,0.0,26.7,26.7,0.0,0.0,0,0
2022-11-28T07:00:00,322.0,21.0,43.0,86.12,86.523,64.125,96.62,20.46,26.9,27.54,104.73,0.1047,0,0
2022-11-28T08:00:00,679.0,48.0,230.0,74.4,74.693,56.649,88.264,68.49,27.4,29.54,348.02,0.348,0,0
2022-11-28T09:00:00,818.0,60.0,422.0,63.68,63.976,47.109,80.972,189.42,27.7,33.62,948.6,0.9486,0,0
2022-11-28T10:00:00,887.0,64.0,577.0,54.73,55.043,34.668,75.263,291.86,28.0,37.12,1443.18,1.4432,0,0
2022-11-28T11:00:00,920.0,67.0,676.0,48.57,48.889,18.754,71.595,360.42,28.3,39.56,1766.26,1.7663,1,0
2022-11-28T12:00:00,930.0,68.0,710.0,46.33,46.635,0.14,70.33,384.24,28.4,40.41,1877.12,1.8771,0,0
2022-11-28T13:00:00,4.0,263.0,265.0,48.55,48.825,341.503,71.602,255.18,28.6,36.57,1264.33,1.2643,3,0
2022-11-28T14:00:00,130.0,315.0,390.0,54.71,54.93,325.54,75.284,337.78,28.6,39.16,1657.79,1.6578,3,0
2022-11-28T15:00:00,809.0,63.0,423.0,63.64,63.831,313.05,80.977,190.82,28.5,34.46,952.7,0.9527,0,0
2022-11-28T16:00:00,673.0,49.0,231.0,74.35,74.526,303.474,88.257,69.35,28.2,30.37,351.37,0.3514,0,0
2022-11-28T17:00:00,321.0,21.0,43.0,86.07,86.344,295.973,96.609,20.46,27.6,28.24,104.47,0.1045,0,0
2022-11-28T18:00:00,0.0,0.0,0.0,98.81,98.873,0.0,122.81,0.0,27.1,27.1,0.0,0.0,1,0
2022-11-28T19:00:00,0.0,0.0,0.0,111.81,111.861,0.0,135.81,0.0,26.8,26.8,0.0,0.0,0,0
2022-11-28T20:00:00,0.0,0.0,0.0,125.11,125.149,0.0,149.11,0.0,26.5,26.5,0.0,0.0,0,0
2022-11-28T21:00:00,0.0,0.0,0.0,138.6,138.629,0.0,162.6,0.0,26.3,26.3,0.0,0.0,3,0
2022-11-28T22:00:00,0.0,0.0,0.0,152.18,152.211,0.0,176.18,0.0,26.2,26.2,0.0,0.0,3,0
2022-11-28T23:00:00,0.0,0.0,0.0,165.71,165.75,0.0,170.29,0.0,26.1,26.1,0.0,0.0,0,0
2022-11-29T00:00:00,0.0,0.0,0.0,176.51,176.86,0.0,159.49,0.0,26.0,26.0,0.0,0.0,0,0
2022-11-29T01:00:00,0.0,0.0,0.0,165.88,166.063,0.0,170.12,0.0,26.0,26.0,0.0,0.0,0,0
2022-11-29T02:00:00,0.0,0.0,0.0,152.36,152.52,0.0,176.36,0.0,26.0,26.0,0.0,0.0,0,0
2022-11-29T03:00:00,0.0,0.0,0.0,138.78,138.939,0.0,162.78,0.0,26.0,26.0,0.0,0.0,0,0
2022-11-29T04:00:00,0.0,0.0,0.0,125.3,125.462,0.0,149.3,0.0,25.9,25.9,0.0,0.0,0,0
2022-11-29T05:00:00,0.0,0.0,0.0,112.0,112.177,0.0,136.0,0.0,26.0,26.0,0.0,0.0,0,0
2022-11-29T06:00:00,0.0,0.0,0.0,99.0,99.192,0.0,123.0,0.0,26.0,26.0,0.0,0.0,1,0
2022-11-29T07:00:00,0.0,18.0,18.0,86.26,86.665,64.03,96.785,17.38,26.4,26.94,89.12,0.0891,3,7
2022-11-29T08:00:00,0.0,14.0,14.0,74.56,74.844,56.569,88.441,13.52,26.8,27.22,69.25,0.0692,3,0
2022-11-29T09:00:00,1.0,131.0,131.0,63.86,64.138,47.05,81.159,126.62,27.0,30.96,640.22,0.6402,3,0
2022-11-29T10:00:00,1.0,188.0,189.0,54.92,55.212,34.645,75.452,181.76,27.2,32.88,912.67,0.9127,3,0
2022-11-29T11:00:00,908.0,73.0,672.0,48.76,49.057,18.79,71.779,359.56,27.3,38.54,1768.73,1.7687,0,0
2022-11-29T12:00:00,916.0,76.0,706.0,46.5,46.786,0.248,70.5,384.59,27.4,39.42,1885.7,1.8857,0,0
2022-11-29T13:00:00,902.0,77.0,672.0,48.69,48.945,341.664,71.757,361.86,27.4,38.71,1778.88,1.7789,0,0
2022-11-29T14:00:00,867.0,74.0,573.0,54.8,55.012,325.721,75.406,294.21,27.3,36.49,1458.09,1.4581,0,0
2022-11-29T15:00:00,796.0,67.0,419.0,63.7,63.881,313.231,81.082,191.12,27.2,33.17,958.65,0.9586,1,0
2022-11-29T16:00:00,646.0,53.0,227.0,74.39,74.55,303.649,88.352,71.25,27.0,29.23,362.49,0.3625,0,0
2022-11-29T17:00:00,267.0,23.0,41.0,86.08,86.348,296.144,96.681,22.36,26.6,27.3,114.53,0.1145,0,0
2022-11-29T18:00:00,0.0,0.0,0.0,98.8,98.861,0.0,122.8,0.0,26.5,26.5,0.0,0.0,0,0
2022-11-29T19:00:00,0.0,0.0,0.0,111.79,111.836,0.0,135.79,0.0,26.4,26.4,0.0,0.0,0,0
2022-11-29T20:00:00,0.0,0.0,0.0,125.08,125.115,0.0,149.08,0.0,26.2,26.2,0.0,0.0,0,0
2022-11-29T21:00:00,0.0,0.0,0.0,138.56,138.588,0.0,162.56,0.0,26.1,26.1,0.0,0.0,3,0
2022-11-29T22:00:00,0.0,0.0,0.0,152.14,152.168,0.0,176.14,0.0,26.0,26.0,0.0,0.0,0,0
2022-11-29T23:00:00,0.0,0.0,0.0,165.68,165.716,0.0,170.32,0.0,26.0,26.0,0.0,0.0,0,0
2022-11-30T00:00:00,0.0,0.0,0.0,176.67,176.999,0.0,159.33,0.0,25.9,25.9,0.0,0.0,0,0
2022-11-30T01:00:00,0.0,0.0,0.0,166.0,166.18,0.0,170.0,0.0,25.9,25.9,0.0,0.0,0,0
2022-11-30T02:00:00,0.0,0.0,0.0,152.48,152.63,0.0,176.48,0.0,26.0,26.0,0.0,0.0,0,0
2022-11-30T03:00:00,0.0,0.0,0.0,138.9,139.051,0.0,162.9,0.0,26.0,26.0,0.0,0.0,1,0
2022-11-30T04:00:00,0.0,0.0,0.0,125.42,125.579,0.0,149.42,0.0,26.0,26.0,0.0,0.0,0,0
2022-11-30T05:00:00,0.0,0.0,0.0,112.13,112.301,0.0,136.13,0.0,26.1,26.1,0.0,0.0,1,0
2022-11-30T06:00:00,0.0,0.0,0.0,99.14,99.323,0.0,123.14,0.0,26.1,26.1,0.0,0.0,0,0
2022-11-30T07:00:00,196.0,23.0,35.0,86.41,86.805,63.941,96.957,22.31,26.3,27.0,114.39,0.1144,0,0
2022-11-30T08:00:00,590.0,59.0,215.0,74.72,74.993,56.495,88.615,72.57,26.7,28.97,369.52,0.3695,0,0
2022-11-30T09:00:00,745.0,77.0,403.0,64.03,64.297,46.998,81.335,189.39,26.9,32.82,951.2,0.9512,0,0
2022-11-30T10:00:00,48.0,275.0,302.0,55.1,55.377,34.629,75.629,277.64,27.1,35.78,1379.57,1.3796,3,0
2022-11-30T11:00:00,8.0,198.0,203.0,48.94,49.219,18.832,71.953,193.67,27.3,33.35,970.85,0.9709,7,0
2022-11-30T12:00:00,893.0,82.0,695.0,46.66,46.931,0.357,70.66,380.21,27.4,39.28,1865.16,1.8652,0,0
2022-11-30T13:00:00,278.0,328.0,511.0,48.82,49.057,341.824,71.902,404.6,27.4,40.04,1979.25,1.9792,3,0
2022-11-30T14:00:00,841.0,79.0,563.0,54.89,55.089,325.9,75.528,290.62,27.4,36.48,1440.38,1.4404,0,0
2022-11-30T15:00:00,768.0,71.0,411.0,63.76,63.925,313.409,81.187,189.14,27.4,33.31,948.28,0.9483,1,0
2022-11-30T16:00:00,623.0,55.0,223.0,74.41,74.569,303.819,88.426,71.66,27.3,29.54,364.17,0.3642,0,0
2022-11-30T17:00:00,252.0,23.0,40.0,86.08,86.347,296.309,96.742,22.35,26.9,27.6,114.37,0.1144,0,0
2022-11-30T18:00:00,0.0,0.0,0.0,98.79,98.844,0.0,122.79,0.0,26.7,26.7,0.0,0.0,3,0
2022-11-30T19:00:00,0.0,0.0,0.0,111.76,111.807,0.0,135.76,0.0,26.5,26.5,0.0,0.0,7,0
2022-11-30T20:00:00,0.0,0.0,0.0,125.04,125.077,0.0,149.04,0.0,26.4,26.4,0.0,0.0,7,0
2022-11-30T21:00:00,0.0,0.0,0.0,138.52,138.543,0.0,162.52,0.0,26.3,26.3,0.0,0.0,0,0
2022-11-30T22:00:00,0.0,0.0,0.0,152.09,152.119,0.0,176.09,0.0,26.1,26.1,0.0,0.0,0,0
2022-11-30T23:00:00,0.0,0.0,0.0,165.64,165.676,0.0,170.36,0.0,26.1,26.1,0.0,0.0,7,0
2022-12-01T00:00:00,0.0,0.0,0.0,176.82,177.128,0.0,159.18,0.0,26.0,26.0,0.0,0.0,0,0
2022-12-01T01:00:00,0.0,0.0,0.0,166.13,166.295,0.0,169.87,0.0,25.9,25.9,0.0,0.0,0,0
2022-12-01T02:00:00,0.0,0.0,0.0,152.6,152.739,0.0,176.6,0.0,25.8,25.8,0.0,0.0,0,0
2022-12-01T03:00:00,0.0,0.0,0.0,139.02,139.163,0.0,163.02,0.0,25.7,25.7,0.0,0.0,0,0
2022-12-01T04:00:00,0.0,0.0,0.0,125.55,125.696,0.0,149.55,0.0,25.6,25.6,0.0,0.0,0,0
2022-12-01T05:00:00,0.0,0.0,0.0,112.27,112.424,0.0,136.27,0.0,25.5,25.5,0.0,0.0,0,0
2022-12-01T06:00:00,0.0,0.0,0.0,99.28,99.454,0.0,123.28,0.0,25.4,25.4,0.0,0.0,0,0
2022-12-01T07:00:00,292.0,20.0,37.0,86.55,86.943,63.86,97.117,19.46,25.6,26.21,100.04,0.1,0,0
2022-12-01T08:00:00,668.0,49.0,223.0,74.88,75.141,56.429,88.787,62.95,26.0,27.97,321.66,0.3217,0,0
2022-12-01T09:00:00,806.0,64.0,415.0,64.2,64.452,46.953,81.51,183.82,26.2,31.94,926.13,0.9261,0,0
2022-12-01T10:00:00,872.0,73.0,569.0,55.28,55.537,34.62,75.806,288.58,26.5,35.52,1435.3,1.4353,0,0
2022-12-01T11:00:00,901.0,79.0,669.0,49.11,49.376,18.878,72.117,358.04,26.8,37.99,1764.79,1.7648,0,0
2022-12-01T12:00:00,907.0,83.0,704.0,46.82,47.069,0.469,70.819,383.49,27.1,39.08,1882.63,1.8826,0,0
2022-12-01T13:00:00,894.0,83.0,671.0,48.94,49.164,341.984,72.037,360.93,27.3,38.58,1775.18,1.7752,1,1
2022-12-01T14:00:00,855.0,80.0,571.0,54.97,55.159,326.077,75.64,293.53,27.4,36.57,1454.32,1.4543,0,0
2022-12-01T15:00:00,777.0,73.0,416.0,63.8,63.963,313.583,81.272,191.34,27.4,33.38,959.07,0.9591,1,0
2022-12-01T16:00:00,620.0,58.0,225.0,74.43,74.582,303.985,88.499,73.68,27.2,29.5,374.46,0.3745,0,0
2022-12-01T17:00:00,230.0,24.0,40.0,86.08,86.341,296.471,96.801,23.31,26.8,27.53,119.29,0.1193,1,0
2022-12-01T18:00:00,0.0,0.0,0.0,98.77,98.823,0.0,122.77,0.0,26.6,26.6,0.0,0.0,0,0
2022-12-01T19:00:00,0.0,0.0,0.0,111.73,111.775,0.0,135.73,0.0,26.5,26.5,0.0,0.0,0,0
2022-12-01T20:00:00,0.0,0.0,0.0,125.0,125.035,0.0,149.0,0.0,26.3,26.3,0.0,0.0,3,0
2022-12-01T21:00:00,0.0,0.0,0.0,138.47,138.494,0.0,162.47,0.0,26.2,26.2,0.0,0.0,0,0
2022-12-01T22:00:00,0.0,0.0,0.0,152.04,152.067,0.0,176.04,0.0,25.9,25.9,0.0,0.0,7,0
2022-12-01T23:00:00,0.0,0.0,0.0,165.6,165.631,0.0,170.4,0.0,25.7,25.7,0.0,0.0,8,0
2022-12-02T00:00:00,0.0,0.0,0.0,176.97,177.246,0.0,159.03,0.0,25.6,25.6,0.0,0.0,8,0
2022-12-02T01:00:00,0.0,0.0,0.0,166.26,166.411,0.0,169.74,0.0,25.4,25.4,0.0,0.0,0,0
2022-12-02T02:00:00,0.0,0.0,0.0,152.71,152.849,0.0,176.71,0.0,25.3,25.3,0.0,0.0,1,0
2022-12-02T03:00:00,0.0,0.0,0.0,139.14,139.276,0.0,163.14,0.0,25.2,25.2,0.0,0.0,3,0
2022-12-02T04:00:00,0.0,0.0,0.0,125.67,125.813,0.0,149.67,0.0,25.2,25.2,0.0,0.0,0,0
2022-12-02T05:00:00,0.0,0.0,0.0,112.4,112.547,0.0,136.4,0.0,25.1,25.1,0.0,0.0,1,0
2022-12-02T06:00:00,0.0,0.0,0.0,99.42,99.583,0.0,123.42,0.0,25.1,25.1,0.0,0.0,0,0
2022-12-02T07:00:00,1.0,24.0,24.0,86.69,87.08,63.785,97.275,23.17,25.3,26.02,119.22,0.1192,3,7
2022-12-02T08:00:00,604.0,61.0,217.0,75.04,75.286,56.369,88.958,71.23,25.6,27.83,364.16,0.3642,0,0
2022-12-02T09:00:00,147.0,239.0,303.0,64.37,64.605,46.915,81.682,252.55,25.9,33.79,1263.99,1.264,3,0
2022-12-02T10:00:00,836.0,92.0,566.0,55.45,55.694,34.617,75.972,295.56,26.2,35.44,1470.46,1.4705,0,0
2022-12-02T11:00:00,876.0,97.0,668.0,49.28,49.528,18.929,72.28,365.21,26.4,37.81,1801.26,1.8013,1,0
2022-12-02T12:00:00,78.0,352.0,405.0,46.97,47.201,0.583,70.969,365.72,26.6,38.03,1802.37,1.8024,3,0
2022-12-02T13:00:00,879.0,95.0,671.0,49.05,49.263,342.143,72.161,365.96,26.7,38.14,1802.86,1.8029,1,0
2022-12-02T14:00:00,838.0,91.0,572.0,55.05,55.223,326.251,75.751,298.27,26.7,36.02,1480.8,1.4808,1,0
2022-12-02T15:00:00,746.0,85.0,414.0,63.85,63.996,313.753,81.365,196.9,26.6,32.75,989.17,0.9892,0,0
2022-12-02T16:00:00,562.0,70.0,220.0,74.44,74.59,304.147,88.561,82.99,26.3,28.89,422.7,0.4227,1,0
2022-12-02T17:00:00,124.0,29.0,37.0,86.07,86.33,296.627,96.849,28.07,25.8,26.68,144.08,0.1441,1,0
2022-12-02T18:00:00,0.0,0.0,0.0,98.75,98.797,0.0,122.75,0.0,25.5,25.5,0.0,0.0,3,0
2022-12-02T19:00:00,0.0,0.0,0.0,111.7,111.737,0.0,135.7,0.0,25.4,25.4,0.0,0.0,3,0
2022-12-02T20:00:00,0.0,0.0,0.0,124.96,124.989,0.0,148.96,0.0,25.3,25.3,0.0,0.0,1,0
2022-12-02T21:00:00,0.0,0.0,0.0,138.42,138.442,0.0,162.42,0.0,25.3,25.3,0.0,0.0,3,0
2022-12-02T22:00:00,0.0,0.0,0.0,151.99,152.011,0.0,175.99,0.0,25.3,25.3,0.0,0.0,3,0
2022-12-02T23:00:00,0.0,0.0,0.0,165.55,165.581,0.0,170.45,0.0,25.3,25.3,0.0,0.0,3,0
2022-12-03T00:00:00,0.0,0.0,0.0,177.1,177.354,0.0,158.9,0.0,25.4,25.4,0.0,0.0,0,0
2022-12-03T01:00:00,0.0,0.0,0.0,166.38,166.525,0.0,169.62,0.0,25.4,25.4,0.0,0.0,0,0
2022-12-03T02:00:00,0.0,0.0,0.0,152.83,152.959,0.0,176.83,0.0,25.4,25.4,0.0,0.0,0,0
2022-12-03T03:00:00,0.0,0.0,0.0,139.26,139.388,0.0,163.26,0.0,25.4,25.4,0.0,0.0,0,0
2022-12-03T04:00:00,0.0,0.0,0.0,125.8,125.93,0.0,149.8,0.0,25.3,25.3,0.0,0.0,0,0
2022-12-03T05:00:00,0.0,0.0,0.0,112.53,112.669,0.0,136.53,0.0,25.3,25.3,0.0,0.0,1,0
2022-12-03T06:00:00,0.0,0.0,0.0,99.56,99.712,0.0,123.56,0.0,25.2,25.2,0.0,0.0,0,0
2022-12-03T07:00:00,68.0,25.0,28.0,86.84,87.216,63.717,97.439,24.16,25.4,26.16,124.26,0.1243,1,0
2022-12-03T08:00:00,479.0,81.0,203.0,75.2,75.429,56.315,89.126,86.56,25.7,28.41,441.66,0.4417,0,0
2022-12-03T09:00:00,676.0,106.0,396.0,64.53,64.754,46.883,81.843,200.75,25.9,32.17,1010.6,1.0106,0,0
2022-12-03T10:00:00,859.0,87.0,572.0,55.62,55.846,34.62,76.136,294.01,26.1,35.29,1463.54,1.4635,0,0
2022-12-03T11:00:00,890.0,95.0,674.0,49.44,49.674,18.985,72.433,365.35,26.3,37.72,1802.59,1.8026,0,0
2022-12-03T12:00:00,900.0,99.0,712.0,47.11,47.327,0.699,71.109,392.27,26.3,38.56,1929.48,1.9295,0,0
2022-12-03T13:00:00,888.0,98.0,679.0,49.16,49.356,342.302,72.286,369.82,26.3,37.86,1823.73,1.8237,1,0
2022-12-03T14:00:00,0.0,134.0,134.0,55.12,55.28,326.422,75.852,129.37,26.3,30.34,655.52,0.6555,3,0
2022-12-03T15:00:00,760.0,86.0,421.0,63.88,64.023,313.919,81.438,199.07,26.3,32.52,1000.87,1.0009,0,0
2022-12-03T16:00:00,588.0,69.0,226.0,74.45,74.593,304.305,88.621,82.12,26.0,28.57,418.74,0.4187,0,0
2022-12-03T17:00:00,0.0,28.0,28.0,86.06,86.314,296.778,96.895,27.03,25.5,26.34,138.93,0.1389,2,7
2022-12-03T18:00:00,0.0,0.0,0.0,98.72,98.767,0.0,122.72,0.0,25.4,25.4,0.0,0.0,1,0
2022-12-03T19:00:00,0.0,0.0,0.0,111.66,111.696,0.0,135.66,0.0,25.3,25.3,0.0,0.0,0,0
2022-12-03T20:00:00,0.0,0.0,0.0,124.91,124.939,0.0,148.91,0.0,25.2,25.2,0.0,0.0,3,0
2022-12-03T21:00:00,0.0,0.0,0.0,138.36,138.385,0.0,162.36,0.0,25.1,25.1,0.0,0.0,3,0
2022-12-03T22:00:00,0.0,0.0,0.0,151.92,151.951,0.0,175.92,0.0,24.9,24.9,0.0,0.0,1,0
2022-12-03T23:00:00,0.0,0.0,0.0,165.49,165.526,0.0,170.51,0.0,24.8,24.8,0.0,0.0,1,0
2022-12-04T00:00:00,0.0,0.0,0.0,177.22,177.451,0.0,158.78,0.0,24.7,24.7,0.0,0.0,0,0
2022-12-04T01:00:00,0.0,0.0,0.0,166.5,166.639,0.0,169.5,0.0,24.6,24.6,0.0,0.0,0,0
2022-12-04T02:00:00,0.0,0.0,0.0,152.95,153.069,0.0,176.95,0.0,24.5,24.5,0.0,0.0,0,0
2022-12-04T03:00:00,0.0,0.0,0.0,139.38,139.5,0.0,163.38,0.0,24.3,24.3,0.0,0.0,0,0
2022-12-04T04:00:00,0.0,0.0,0.0,125.92,126.046,0.0,149.92,0.0,24.2,24.2,0.0,0.0,0,0
2022-12-04T05:00:00,0.0,0.0,0.0,112.66,112.791,0.0,136.66,0.0,24.1,24.1,0.0,0.0,0,0
2022-12-04T06:00:00,0.0,0.0,0.0,99.7,99.84,0.0,123.7,0.0,24.1,24.1,0.0,0.0,0,0
2022-12-04T07:00:00,182.0,21.0,31.0,86.97,87.35,63.655,97.583,20.36,24.5,25.14,105.09,0.1051,1,0
2022-12-04T08:00:00,609.0,60.0,214.0,75.35,75.569,56.269,89.282,66.89,25.2,27.29,342.62,0.3426,0,0
2022-12-04T09:00:00,771.0,79.0,409.0,64.69,64.9,46.858,82.003,186.39,25.5,31.32,941.14,0.9411,0,0
2022-12-04T10:00:00,5.0,231.0,235.0,55.78,55.993,34.629,76.29,224.23,25.7,32.71,1126.64,1.1266,2,0
2022-12-04T11:00:00,903.0,88.0,673.0,49.6,49.814,19.045,72.585,360.28,25.8,37.06,1781.87,1.7819,0,0
2022-12-04T12:00:00,909.0,91.0,708.0,47.24,47.446,0.818,71.238,385.55,25.8,37.85,1901.37,1.9014,0,0
2022-12-04T13:00:00,6.0,278.0,283.0,49.26,49.443,342.459,72.401,270.24,25.7,34.15,1350.8,1.3508,2,0
2022-12-04T14:00:00,76.0,312.0,355.0,55.18,55.332,326.59,75.942,320.04,25.5,35.5,1591.88,1.5919,2,0
2022-12-04T15:00:00,781.0,77.0,421.0,63.91,64.044,314.082,81.51,192.61,25.3,31.32,972.61,0.9726,1,0
2022-12-04T16:00:00,631.0,60.0,229.0,74.46,74.591,304.458,88.68,73.92,25.0,27.31,378.6,0.3786,1,0
2022-12-04T17:00:00,251.0,25.0,42.0,86.04,86.294,296.925,96.93,24.28,24.5,25.26,125.27,0.1253,1,0
2022-12-04T18:00:00,0.0,0.0,0.0,98.69,98.733,0.0,122.69,0.0,24.3,24.3,0.0,0.0,3,0
2022-12-04T19:00:00,0.0,0.0,0.0,111.61,111.651,0.0,135.61,0.0,24.3,24.3,0.0,0.0,3,0
2022-12-04T20:00:00,0.0,0.0,0.0,124.85,124.885,0.0,148.85,0.0,24.2,24.2,0.0,0.0,0,0
2022-12-04T21:00:00,0.0,0.0,0.0,138.3,138.325,0.0,162.3,0.0,24.1,24.1,0.0,0.0,0,0
2022-12-04T22:00:00,0.0,0.0,0.0,151.86,151.887,0.0,175.86,0.0,23.9,23.9,0.0,0.0,1,0
2022-12-04T23:00:00,0.0,0.0,0.0,165.43,165.467,0.0,170.57,0.0,23.8,23.8,0.0,0.0,1,0
2022-12-05T00:00:00,0.0,0.0,0.0,177.33,177.536,0.0,158.67,0.0,23.6,23.6,0.0,0.0,1,0
2022-12-05T01:00:00,0.0,0.0,0.0,166.63,166.753,0.0,169.37,0.0,23.5,23.5,0.0,0.0,1,0
2022-12-05T02:00:00,0.0,0.0,0.0,153.07,153.179,0.0,177.07,0.0,23.3,23.3,0.0,0.0,1,0
2022-12-05T03:00:00,0.0,0.0,0.0,139.5,139.613,0.0,163.5,0.0,23.2,23.2,0.0,0.0,1,0
2022-12-05T04:00:00,0.0,0.0,0.0,126.05,126.163,0.0,150.05,0.0,23.2,23.2,0.0,0.0,1,0
2022-12-05T05:00:00,0.0,0.0,0.0,112.79,112.912,0.0,136.79,0.0,23.2,23.2,0.0,0.0,1,0
2022-12-05T06:00:00,0.0,0.0,0.0,99.84,99.967,0.0,123.84,0.0,23.2,23.2,0.0,0.0,1,0
2022-12-05T07:00:00,220.0,19.0,30.0,87.11,87.483,63.6,97.733,18.44,23.7,24.28,95.45,0.0955,1,0
2022-12-05T08:00:00,628.0,55.0,212.0,75.5,75.708,56.229,89.436,60.63,24.4,26.29,311.68,0.3117,0,0
2022-12-05T09:00:00,781.0,72.0,404.0,64.85,65.042,46.84,82.161,178.91,24.8,30.39,906.4,0.9064,0,0
2022-12-05T10:00:00,825.0,93.0,555.0,55.94,56.136,34.645,76.442,287.18,25.2,34.17,1435.3,1.4353,0,0
2022-12-05T11:00:00,860.0,100.0,656.0,49.75,49.948,19.11,72.726,356.71,25.4,36.55,1767.54,1.7675,0,0
2022-12-05T12:00:00,871.0,102.0,692.0,47.37,47.559,0.938,71.368,381.85,25.5,37.43,1886.0,1.886,0,0
2022-12-05T13:00:00,820.0,117.0,651.0,49.36,49.523,342.616,72.515,363.94,25.6,36.97,1800.56,1.8006,0,0
2022-12-05T14:00:00,79.0,316.0,361.0,55.23,55.377,326.756,76.022,324.54,25.5,35.64,1613.44,1.6134,3,0
2022-12-05T15:00:00,668.0,106.0,399.0,63.93,64.059,314.24,81.571,202.78,25.5,31.84,1022.06,1.0221,0,0
2022-12-05T16:00:00,491.0,80.0,211.0,74.45,74.583,304.607,88.719,89.34,25.3,28.09,456.35,0.4564,0,0
2022-12-05T17:00:00,0.0,23.0,23.0,86.02,86.269,297.066,96.963,22.2,24.9,25.59,114.42,0.1144,3,7
2022-12-05T18:00:00,0.0,0.0,0.0,98.65,98.695,0.0,122.65,0.0,24.8,24.8,0.0,0.0,3,0
2022-12-05T19:00:00,0.0,0.0,0.0,111.56,111.602,0.0,135.56,0.0,24.8,24.8,0.0,0.0,3,0
2022-12-05T20:00:00,0.0,0.0,0.0,124.79,124.828,0.0,148.79,0.0,24.8,24.8,0.0,0.0,3,0
2022-12-05T21:00:00,0.0,0.0,0.0,138.23,138.262,0.0,162.23,0.0,24.8,24.8,0.0,0.0,3,0
2022-12-05T22:00:00,0.0,0.0,0.0,151.79,151.82,0.0,175.79,0.0,24.8,24.8,0.0,0.0,0,0
2022-12-05T23:00:00,0.0,0.0,0.0,165.37,165.403,0.0,170.63,0.0,24.7,24.7,0.0,0.0,1,0
2022-12-06T00:00:00,0.0,0.0,0.0,177.43,177.608,0.0,158.57,0.0,24.6,24.6,0.0,0.0,3,0
2022-12-06T01:00:00,0.0,0.0,0.0,166.75,166.866,0.0,169.25,0.0,24.5,24.5,0.0,0.0,3,0
2022-12-06T02:00:00,0.0,0.0,0.0,153.19,153.289,0.0,177.19,0.0,24.4,24.4,0.0,0.0,1,0
2022-12-06T03:00:00,0.0,0.0,0.0,139.62,139.725,0.0,163.62,0.0,24.3,24.3,0.0,0.0,1,0
2022-12-06T04:00:00,0.0,0.0,0.0,126.17,126.279,0.0,150.17,0.0,24.2,24.2,0.0,0.0,3,0
2022-12-06T05:00:00,0.0,0.0,0.0,112.92,113.033,0.0,136.92,0.0,24.2,24.2,0.0,0.0,0,0
2022-12-06T06:00:00,0.0,0.0,0.0,99.98,100.092,0.0,123.98,0.0,24.1,24.1,0.0,0.0,0,0
2022-12-06T07:00:00,209.0,18.0,28.0,87.25,87.614,63.551,97.881,17.46,24.5,25.05,90.17,0.0902,0,0
2022-12-06T08:00:00,621.0,54.0,208.0,75.65,75.843,56.195,89.588,57.93,25.1,26.91,297.11,0.2971,0,0
2022-12-06T09:00:00,782.0,71.0,402.0,65.0,65.181,46.828,82.307,176.09,25.4,30.9,890.5,0.8905,0,0
2022-12-06T10:00:00,870.0,75.0,560.0,56.1,56.274,34.666,76.593,278.32,25.7,34.4,1389.89,1.3899,0,0
2022-12-06T11:00:00,905.0,80.0,663.0,49.9,50.077,19.18,72.867,348.87,25.9,36.8,1727.08,1.7271,0,0
2022-12-06T12:00:00,913.0,83.0,700.0,47.49,47.665,1.06,71.487,375.36,26.0,37.73,1851.91,1.8519,0,0
2022-12-06T13:00:00,898.0,83.0,667.0,49.44,49.596,342.772,72.609,353.58,26.0,37.05,1748.78,1.7488,0,0
2022-12-06T14:00:00,864.0,79.0,571.0,55.28,55.416,326.918,76.101,288.06,26.0,35.0,1435.39,1.4354,1,0
2022-12-06T15:00:00,791.0,71.0,418.0,63.95,64.069,314.395,81.631,186.67,25.9,31.73,941.2,0.9412,0,0
2022-12-06T16:00:00,627.0,58.0,227.0,74.44,74.571,304.751,88.756,71.07,25.7,27.92,363.22,0.3632,0,0
2022-12-06T17:00:00,254.0,24.0,42.0,86.0,86.239,297.203,96.994,23.33,25.2,25.93,120.06,0.1201,0,0
2022-12-06T18:00:00,0.0,0.0,0.0,98.61,98.652,0.0,122.61,0.0,25.1,25.1,0.0,0.0,0,0
2022-12-06T19:00:00,0.0,0.0,0.0,111.51,111.55,0.0,135.51,0.0,25.1,25.1,0.0,0.0,0,0
2022-12-06T20:00:00,0.0,0.0,0.0,124.73,124.767,0.0,148.73,0.0,25.1,25.1,0.0,0.0,1,0
2022-12-06T21:00:00,0.0,0.0,0.0,138.16,138.195,0.0,162.16,0.0,25.1,25.1,0.0,0.0,0,0
2022-12-06T22:00:00,0.0,0.0,0.0,151.72,151.75,0.0,175.72,0.0,25.0,25.0,0.0,0.0,0,0
2022-12-06T23:00:00,0.0,0.0,0.0,165.3,165.335,0.0,170.7,0.0,24.8,24.8,0.0,0.0,3,0
2022-12-07T00:00:00,0.0,0.0,0.0,177.51,177.668,0.0,158.49,0.0,24.7,24.7,0.0,0.0,3,0
2022-12-07T01:00:00,0.0,0.0,0.0,166.87,166.979,0.0,169.13,0.0,24.7,24.7,0.0,0.0,1,0
2022-12-07T02:00:00,0.0,0.0,0.0,153.3,153.399,0.0,177.3,0.0,24.6,24.6,0.0,0.0,1,0
2022-12-07T03:00:00,0.0,0.0,0.0,139.74,139.837,0.0,163.74,0.0,24.6,24.6,0.0,0.0,3,0
2022-12-07T04:00:00,0.0,0.0,0.0,126.3,126.395,0.0,150.3,0.0,24.5,24.5,0.0,0.0,3,0
2022-12-07T05:00:00,0.0,0.0,0.0,113.05,113.153,0.0,137.05,0.0,24.5,24.5,0.0,0.0,0,0
2022-12-07T06:00:00,0.0,0.0,0.0,100.11,100.217,0.0,124.11,0.0,24.4,24.4,0.0,0.0,0,0
2022-12-07T07:00:00,137.0,19.0,26.0,87.38,87.743,63.51,98.017,18.4,24.5,25.08,95.01,0.095,0,0
2022-12-07T08:00:00,578.0,60.0,202.0,75.79,75.976,56.168,89.729,61.89,24.9,26.83,317.52,0.3175,0,0
2022-12-07T09:00:00,751.0,79.0,395.0,65.15,65.317,46.822,82.452,177.66,25.1,30.65,899.22,0.8992,0,0
2022-12-07T10:00:00,875.0,74.0,560.0,56.24,56.408,34.694,76.724,276.58,25.3,33.94,1383.48,1.3835,1,0
2022-12-07T11:00:00,905.0,81.0,662.0,50.04,50.2,19.254,72.998,347.85,25.5,36.37,1724.72,1.7247,0,0
2022-12-07T12:00:00,909.0,86.0,699.0,47.61,47.765,1.184,71.606,375.16,25.5,37.22,1854.34,1.8543,0,0
2022-12-07T13:00:00,896.0,86.0,668.0,49.52,49.663,342.927,72.704,354.45,25.5,36.58,1756.14,1.7561,0,0
2022-12-07T14:00:00,857.0,84.0,571.0,55.32,55.448,327.078,76.17,290.16,25.4,34.47,1448.66,1.4487,0,0
2022-12-07T15:00:00,781.0,76.0,419.0,63.96,64.073,314.546,81.681,189.34,25.2,31.12,956.78,0.9568,0,0
2022-12-07T16:00:00,623.0,61.0,228.0,74.43,74.553,304.89,88.791,73.47,24.9,27.2,376.49,0.3765,0,0
2022-12-07T17:00:00,229.0,26.0,42.0,85.96,86.205,297.334,97.004,25.24,24.4,25.19,130.24,0.1302,0,0
2022-12-07T18:00:00,0.0,0.0,0.0,98.56,98.605,0.0,122.56,0.0,24.3,24.3,0.0,0.0,0,0
2022-12-07T19:00:00,0.0,0.0,0.0,111.45,111.493,0.0,135.45,0.0,24.2,24.2,0.0,0.0,0,0
2022-12-07T20:00:00,0.0,0.0,0.0,124.67,124.703,0.0,148.67,0.0,24.1,24.1,0.0,0.0,0,0
2022-12-07T21:00:00,0.0,0.0,0.0,138.09,138.125,0.0,162.09,0.0,24.0,24.0,0.0,0.0,0,0
2022-12-07T22:00:00,0.0,0.0,0.0,151.64,151.676,0.0,175.64,0.0,23.9,23.9,0.0,0.0,0,0
2022-12-07T23:00:00,0.0,0.0,0.0,165.22,165.264,0.0,170.78,0.0,23.8,23.8,0.0,0.0,0,0
2022-12-08T00:00:00,0.0,0.0,0.0,177.58,177.714,0.0,158.42,0.0,23.7,23.7,0.0,0.0,0,0
2022-12-08T01:00:00,0.0,0.0,0.0,166.99,167.091,0.0,169.01,0.0,23.6,23.6,0.0,0.0,1,0
2022-12-08T02:00:00,0.0,0.0,0.0,153.42,153.509,0.0,177.42,0.0,23.6,23.6,0.0,0.0,0,0
2022-12-08T03:00:00,0.0,0.0,0.0,139.86,139.95,0.0,163.86,0.0,23.5,23.5,0.0,0.0,0,0
2022-12-08T04:00:00,0.0,0.0,0.0,126.42,126.511,0.0,150.42,0.0,23.5,23.5,0.0,0.0,0,0
2022-12-08T05:00:00,0.0,0.0,0.0,113.18,113.272,0.0,137.18,0.0,23.5,23.5,0.0,0.0,1,0
2022-12-08T06:00:00,0.0,0.0,0.0,100.24,100.34,0.0,124.24,0.0,23.5,23.5,0.0,0.0,2,0
2022-12-08T07:00:00,144.0,19.0,25.0,87.51,87.87,63.474,98.151,18.39,23.7,24.27,95.23,0.0952,0,0
2022-12-08T08:00:00,594.0,58.0,203.0,75.94,76.107,56.148,89.877,58.53,24.2,26.03,301.12,0.3011,0,0
2022-12-08T09:00:00,768.0,76.0,397.0,65.3,65.449,46.823,82.594,175.14,24.5,29.97,888.62,0.8886,0,0
2022-12-08T10:00:00,871.0,78.0,560.0,56.39,56.537,34.727,76.863,277.43,24.8,33.47,1390.11,1.3901,0,0
2022-12-08T11:00:00,85.0,344.0,399.0,50.17,50.317,19.333,73.118,357.26,25.0,36.16,1772.73,1.7727,3,0
2022-12-08T12:00:00,911.0,87.0,700.0,47.72,47.858,1.31,71.715,375.11,25.1,36.82,1856.82,1.8568,1,0
2022-12-08T13:00:00,900.0,86.0,669.0,49.59,49.723,343.081,72.788,354.39,25.2,36.27,1757.76,1.7578,0,0
2022-12-08T14:00:00,1.0,205.0,205.0,55.36,55.475,327.235,76.239,198.15,25.3,31.49,999.94,0.9999,3,0
2022-12-08T15:00:00,0.0,34.0,34.0,63.96,64.072,314.692,81.719,32.82,25.2,26.23,168.77,0.1688,3,0
2022-12-08T16:00:00,1.0,85.0,86.0,74.41,74.53,305.025,88.816,82.09,25.0,27.57,420.09,0.4201,3,0
2022-12-08T17:00:00,260.0,25.0,43.0,85.93,86.166,297.461,97.022,24.29,24.6,25.36,125.28,0.1253,1,0
2022-12-08T18:00:00,0.0,0.0,0.0,98.51,98.555,0.0,122.51,0.0,24.4,24.4,0.0,0.0,3,0
2022-12-08T19:00:00,0.0,0.0,0.0,111.39,111.433,0.0,135.39,0.0,24.3,24.3,0.0,0.0,0,0
2022-12-08T20:00:00,0.0,0.0,0.0,124.6,124.635,0.0,148.6,0.0,24.2,24.2,0.0,0.0,3,0
2022-12-08T21:00:00,0.0,0.0,0.0,138.01,138.052,0.0,162.01,0.0,24.1,24.1,0.0,0.0,3,0
2022-12-08T22:00:00,0.0,0.0,0.0,151.56,151.599,0.0,175.56,0.0,24.0,24.0,0.0,0.0,0,0
2022-12-08T23:00:00,0.0,0.0,0.0,165.14,165.188,0.0,170.86,0.0,23.8,23.8,0.0,0.0,0,0
2022-12-09T00:00:00,0.0,0.0,0.0,177.63,177.747,0.0,158.37,0.0,23.7,23.7,0.0,0.0,1,0
2022-12-09T01:00:00,0.0,0.0,0.0,167.11,167.203,0.0,168.89,0.0,23.7,23.7,0.0,0.0,1,0
2022-12-09T02:00:00,0.0,0.0,0.0,153.54,153.62,0.0,177.54,0.0,23.6,23.6,0.0,0.0,1,0
2022-12-09T03:00:00,0.0,0.0,0.0,139.98,140.062,0.0,163.98,0.0,23.6,23.6,0.0,0.0,1,0
2022-12-09T04:00:00,0.0,0.0,0.0,126.55,126.626,0.0,150.55,0.0,23.5,23.5,0.0,0.0,1,0
2022-12-09T05:00:00,0.0,0.0,0.0,113.31,113.391,0.0,137.31,0.0,23.5,23.5,0.0,0.0,1,0
2022-12-09T06:00:00,0.0,0.0,0.0,100.38,100.462,0.0,124.38,0.0,23.5,23.5,0.0,0.0,1,0
2022-12-09T07:00:00,202.0,16.0,25.0,87.64,87.995,63.446,98.283,15.52,23.8,24.29,80.37,0.0804,1,0
2022-12-09T08:00:00,635.0,50.0,203.0,76.08,76.234,56.134,90.013,49.59,24.5,26.05,255.15,0.2551,0,0
2022-12-09T09:00:00,794.0,66.0,396.0,65.44,65.577,46.83,82.726,167.1,24.8,30.02,847.71,0.8477,0,0
2022-12-09T10:00:00,874.0,73.0,555.0,56.53,56.661,34.766,76.991,271.38,25.1,33.58,1359.25,1.3592,1,0
2022-12-09T11:00:00,911.0,77.0,659.0,50.3,50.429,19.415,73.238,342.1,25.3,35.99,1698.56,1.6986,0,0
2022-12-09T12:00:00,927.0,77.0,700.0,47.82,47.945,1.437,71.814,369.04,25.4,36.93,1826.04,1.826,0,0
2022-12-09T13:00:00,920.0,75.0,671.0,49.66,49.776,343.234,72.871,348.51,25.5,36.39,1727.89,1.7279,0,0
2022-12-09T14:00:00,890.0,71.0,576.0,55.39,55.495,327.389,76.296,283.75,25.5,34.37,1417.18,1.4172,0,0
2022-12-09T15:00:00,825.0,63.0,425.0,63.96,64.065,314.835,81.756,182.24,25.4,31.1,920.97,0.921,0,0
2022-12-09T16:00:00,693.0,50.0,236.0,74.39,74.502,305.155,88.839,63.92,25.2,27.2,327.55,0.3275,0,0
2022-12-09T17:00:00,339.0,22.0,47.0,85.89,86.123,297.582,97.029,21.46,24.8,25.47,110.61,0.1106,0,0
2022-12-09T18:00:00,0.0,0.0,0.0,98.45,98.5,0.0,122.45,0.0,24.6,24.6,0.0,0.0,0,0
2022-12-09T19:00:00,0.0,0.0,0.0,111.33,111.369,0.0,135.33,0.0,24.6,24.6,0.0,0.0,0,0
2022-12-09T20:00:00,0.0,0.0,0.0,124.52,124.565,0.0,148.52,0.0,24.6,24.6,0.0,0.0,0,0
2022-12-09T21:00:00,0.0,0.0,0.0,137.93,137.975,0.0,161.93,0.0,24.6,24.6,0.0,0.0,0,0
2022-12-09T22:00:00,0.0,0.0,0.0,151.48,151.519,0.0,175.48,0.0,24.5,24.5,0.0,0.0,0,0
2022-12-09T23:00:00,0.0,0.0,0.0,165.06,165.11,0.0,170.94,0.0,24.4,24.4,0.0,0.0,0,0
2022-12-10T00:00:00,0.0,0.0,0.0,177.67,177.767,0.0,158.33,0.0,24.3,24.3,0.0,0.0,1,0
2022-12-10T01:00:00,0.0,0.0,0.0,167.23,167.315,0.0,168.77,0.0,24.2,24.2,0.0,0.0,1,0
2022-12-10T02:00:00,0.0,0.0,0.0,153.66,153.73,0.0,177.66,0.0,24.1,24.1,0.0,0.0,1,0
2022-12-10T03:00:00,0.0,0.0,0.0,140.1,140.174,0.0,164.1,0.0,24.0,24.0,0.0,0.0,1,0
2022-12-10T04:00:00,0.0,0.0,0.0,126.67,126.74,0.0,150.67,0.0,23.9,23.9,0.0,0.0,1,0
2022-12-10T05:00:00,0.0,0.0,0.0,113.44,113.508,0.0,137.44,0.0,23.9,23.9,0.0,0.0,1,0
2022-12-10T06:00:00,0.0,0.0,0.0,100.51,100.582,0.0,124.51,0.0,23.9,23.9,0.0,0.0,1,0
2022-12-10T07:00:00,253.0,15.0,25.0,87.77,88.118,63.424,98.412,14.57,24.3,24.76,75.29,0.0753,1,0
2022-12-10T08:00:00,673.0,45.0,206.0,76.21,76.359,56.127,90.138,44.84,25.1,26.5,230.3,0.2303,0,0
2022-12-10T09:00:00,828.0,60.0,402.0,65.58,65.701,46.844,82.856,163.86,25.5,30.62,829.47,0.8295,0,0
2022-12-10T10:00:00,874.0,79.0,559.0,56.66,56.78,34.811,77.109,275.41,25.8,34.41,1375.32,1.3753,0,0
2022-12-10T11:00:00,910.0,85.0,664.0,50.42,50.534,19.502,73.347,347.84,26.0,36.87,1721.56,1.7216,0,0
2022-12-10T12:00:00,921.0,87.0,704.0,47.91,48.025,1.566,71.903,375.41,26.1,37.83,1851.46,1.8515,0,0
2022-12-10T13:00:00,329.0,330.0,543.0,49.71,49.823,343.385,72.935,416.98,26.2,39.23,2045.91,2.0459,3,0
2022-12-10T14:00:00,261.0,304.0,452.0,55.41,55.509,327.54,76.344,356.39,26.2,37.34,1760.83,1.7608,2,0
2022-12-10T15:00:00,782.0,80.0,423.0,63.95,64.052,314.973,81.783,191.96,26.1,32.1,966.62,0.9666,1,0
2022-12-10T16:00:00,623.0,63.0,231.0,74.36,74.47,305.28,88.851,74.77,25.9,28.24,381.73,0.3817,0,0
2022-12-10T17:00:00,248.0,26.0,44.0,85.84,86.076,297.698,97.024,25.26,25.3,26.09,129.92,0.1299,0,0
2022-12-10T18:00:00,0.0,0.0,0.0,98.39,98.441,0.0,122.39,0.0,25.0,25.0,0.0,0.0,0,0
2022-12-10T19:00:00,0.0,0.0,0.0,111.26,111.302,0.0,135.26,0.0,25.0,25.0,0.0,0.0,1,0
2022-12-10T20:00:00,0.0,0.0,0.0,124.45,124.491,0.0,148.45,0.0,25.0,25.0,0.0,0.0,1,0
2022-12-10T21:00:00,0.0,0.0,0.0,137.85,137.896,0.0,161.85,0.0,24.9,24.9,0.0,0.0,1,0
2022-12-10T22:00:00,0.0,0.0,0.0,151.39,151.437,0.0,175.39,0.0,24.9,24.9,0.0,0.0,1,0
2022-12-10T23:00:00,0.0,0.0,0.0,164.98,165.028,0.0,171.02,0.0,24.8,24.8,0.0,0.0,1,0
2022-12-11T00:00:00,0.0,0.0,0.0,177.69,177.774,0.0,158.31,0.0,24.7,24.7,0.0,0.0,1,0
2022-12-11T01:00:00,0.0,0.0,0.0,167.35,167.426,0.0,168.65,0.0,24.7,24.7,0.0,0.0,1,0
2022-12-11T02:00:00,0.0,0.0,0.0,153.78,153.84,0.0,177.78,0.0,24.6,24.6,0.0,0.0,1,0
2022-12-11T03:00:00,0.0,0.0,0.0,140.22,140.285,0.0,164.22,0.0,24.6,24.6,0.0,0.0,1,0
2022-12-11T04:00:00,0.0,0.0,0.0,126.79,126.854,0.0,150.79,0.0,24.6,24.6,0.0,0.0,1,0
2022-12-11T05:00:00,0.0,0.0,0.0,113.56,113.624,0.0,137.56,0.0,24.6,24.6,0.0,0.0,1,0
2022-12-11T06:00:00,0.0,0.0,0.0,100.64,100.701,0.0,124.64,0.0,24.5,24.5,0.0,0.0,1,0
2022-12-11T07:00:00,174.0,15.0,22.0,87.89,88.239,63.408,98.529,14.54,24.6,25.05,75.08,0.0751,1,0
2022-12-11T08:00:00,612.0,52.0,197.0,76.35,76.481,56.126,90.27,51.46,25.2,26.81,264.02,0.264,0,0
2022-12-11T09:00:00,780.0,69.0,390.0,65.71,65.822,46.864,82.975,164.79,25.6,30.75,833.81,0.8338,0,0
2022-12-11T10:00:00,845.0,82.0,545.0,56.79,56.895,34.861,77.225,270.02,25.9,34.34,1348.73,1.3487,0,0
2022-12-11T11:00:00,884.0,87.0,649.0,50.53,50.634,19.593,73.446,340.71,26.1,36.75,1687.03,1.687,0,0
2022-12-11T12:00:00,900.0,88.0,690.0,47.99,48.099,1.697,71.982,368.55,26.3,37.82,1817.7,1.8177,1,0
2022-12-11T13:00:00,858.0,101.0,655.0,49.76,49.863,343.536,72.999,353.17,26.3,37.34,1744.93,1.7449,1,0
2022-12-11T14:00:00,826.0,93.0,562.0,55.42,55.517,327.687,76.381,288.33,26.2,35.21,1435.68,1.4357,0,0
2022-12-11T15:00:00,755.0,81.0,413.0,63.94,64.034,315.107,81.808,188.64,26.1,32.0,950.26,0.9503,0,0
2022-12-11T16:00:00,612.0,61.0,227.0,74.32,74.432,305.401,88.851,72.6,25.9,28.17,370.71,0.3707,0,0
2022-12-11T17:00:00,262.0,25.0,44.0,85.79,86.024,297.808,97.017,24.3,25.3,26.06,125.01,0.125,0,0
2022-12-11T18:00:00,0.0,0.0,0.0,98.33,98.379,0.0,122.33,0.0,25.0,25.0,0.0,0.0,0,0
2022-12-11T19:00:00,0.0,0.0,0.0,111.18,111.231,0.0,135.18,0.0,24.8,24.8,0.0,0.0,0,0
2022-12-11T20:00:00,0.0,0.0,0.0,124.37,124.414,0.0,148.37,0.0,24.6,24.6,0.0,0.0,0,0
2022-12-11T21:00:00,0.0,0.0,0.0,137.76,137.814,0.0,161.76,0.0,24.5,24.5,0.0,0.0,1,0
2022-12-11T22:00:00,0.0,0.0,0.0,151.3,151.352,0.0,175.3,0.0,24.5,24.5,0.0,0.0,0,0
2022-12-11T23:00:00,0.0,0.0,0.0,164.89,164.944,0.0,171.11,0.0,24.4,24.4,0.0,0.0,1,0
2022-12-12T00:00:00,0.0,0.0,0.0,177.7,177.767,0.0,158.3,0.0,24.3,24.3,0.0,0.0,1,0
2022-12-12T01:00:00,0.0,0.0,0.0,167.47,167.537,0.0,168.53,0.0,24.2,24.2,0.0,0.0,1,0
2022-12-12T02:00:00,0.0,0.0,0.0,153.89,153.949,0.0,177.89,0.0,24.0,24.0,0.0,0.0,1,0
2022-12-12T03:00:00,0.0,0.0,0.0,140.34,140.397,0.0,164.34,0.0,23.8,23.8,0.0,0.0,1,0
2022-12-12T04:00:00,0.0,0.0,0.0,126.92,126.967,0.0,150.92,0.0,23.6,23.6,0.0,0.0,1,0
2022-12-12T05:00:00,0.0,0.0,0.0,113.69,113.74,0.0,137.69,0.0,23.4,23.4,0.0,0.0,1,0
2022-12-12T06:00:00,0.0,0.0,0.0,100.77,100.818,0.0,124.77,0.0,23.2,23.2,0.0,0.0,1,0
2022-12-12T07:00:00,159.0,15.0,20.0,88.01,88.357,63.399,98.644,14.52,23.4,23.85,75.3,0.0753,1,0
2022-12-12T08:00:00,592.0,53.0,191.0,76.48,76.6,56.131,90.391,52.36,23.6,25.24,270.15,0.2702,0,0
2022-12-12T09:00:00,758.0,72.0,382.0,65.84,65.938,46.889,83.092,163.36,23.7,28.81,832.34,0.8323,0,0
2022-12-12T10:00:00,841.0,82.0,541.0,56.91,57.004,34.917,77.33,267.59,24.1,32.46,1345.67,1.3457,0,0
2022-12-12T11:00:00,320.0,316.0,519.0,50.64,50.728,19.688,73.545,397.47,24.5,36.92,1966.81,1.9668,2,0
2022-12-12T12:00:00,892.0,91.0,688.0,48.07,48.166,1.829,72.061,367.76,24.8,36.29,1823.96,1.824,0,0
2022-12-12T13:00:00,875.0,95.0,659.0,49.81,49.897,343.685,73.062,351.51,25.0,35.98,1745.32,1.7453,0,0
2022-12-12T14:00:00,837.0,91.0,567.0,55.43,55.518,327.832,76.417,288.54,25.2,34.22,1441.88,1.4419,0,0
2022-12-12T15:00:00,758.0,83.0,417.0,63.92,64.01,315.237,81.823,190.83,25.4,31.36,963.44,0.9634,0,0
2022-12-12T16:00:00,599.0,66.0,229.0,74.28,74.39,305.516,88.85,77.15,25.3,27.71,394.58,0.3946,0,0
2022-12-12T17:00:00,233.0,27.0,44.0,85.74,85.968,297.914,97.009,26.21,24.8,25.62,135.07,0.1351,0,0
2022-12-12T18:00:00,0.0,0.0,0.0,98.26,98.312,0.0,122.26,0.0,24.5,24.5,0.0,0.0,0,0
2022-12-12T19:00:00,0.0,0.0,0.0,111.11,111.157,0.0,135.11,0.0,24.4,24.4,0.0,0.0,0,0
2022-12-12T20:00:00,0.0,0.0,0.0,124.28,124.334,0.0,148.28,0.0,24.3,24.3,0.0,0.0,0,0
2022-12-12T21:00:00,0.0,0.0,0.0,137.68,137.73,0.0,161.68,0.0,24.2,24.2,0.0,0.0,1,0
2022-12-12T22:00:00,0.0,0.0,0.0,151.21,151.264,0.0,175.21,0.0,24.1,24.1,0.0,0.0,1,0
2022-12-12T23:00:00,0.0,0.0,0.0,164.79,164.856,0.0,171.21,0.0,24.0,24.0,0.0,0.0,1,0
2022-12-13T00:00:00,0.0,0.0,0.0,177.7,177.749,0.0,158.3,0.0,23.9,23.9,0.0,0.0,1,0
2022-12-13T01:00:00,0.0,0.0,0.0,167.59,167.647,0.0,168.41,0.0,23.8,23.8,0.0,0.0,1,0
2022-12-13T02:00:00,0.0,0.0,0.0,154.01,154.059,0.0,178.01,0.0,23.8,23.8,0.0,0.0,1,0
2022-12-13T03:00:00,0.0,0.0,0.0,140.46,140.507,0.0,164.46,0.0,23.7,23.7,0.0,0.0,1,0
2022-12-13T04:00:00,0.0,0.0,0.0,127.04,127.08,0.0,151.04,0.0,23.7,23.7,0.0,0.0,1,0
2022-12-13T05:00:00,0.0,0.0,0.0,113.81,113.854,0.0,137.81,0.0,23.7,23.7,0.0,0.0,1,0
2022-12-13T06:00:00,0.0,0.0,0.0,100.89,100.934,0.0,124.89,0.0,23.8,23.8,0.0,0.0,1,0
2022-12-13T07:00:00,107.0,15.0,19.0,88.13,88.474,63.396,98.757,14.52,24.0,24.45,75.1,0.0751,1,0
2022-12-13T08:00:00,554.0,60.0,189.0,76.6,76.716,56.143,90.5,59.04,24.6,26.45,303.33,0.3033,0,0
2022-12-13T09:00:00,735.0,81.0,380.0,65.97,66.051,46.921,83.207,167.72,25.0,30.24,850.19,0.8502,0,0
2022-12-13T10:00:00,849.0,83.0,545.0,57.03,57.109,34.978,77.435,268.83,25.3,33.7,1345.88,1.3459,0,0
2022-12-13T11:00:00,886.0,89.0,649.0,50.74,50.815,19.787,73.633,340.43,25.5,36.14,1689.38,1.6894,0,0
2022-12-13T12:00:00,901.0,90.0,691.0,48.14,48.226,1.963,72.129,368.57,25.7,37.22,1821.83,1.8218,0,0
2022-12-13T13:00:00,862.0,103.0,658.0,49.84,49.924,343.833,73.105,354.74,25.8,36.89,1755.61,1.7556,0,0
2022-12-13T14:00:00,828.0,96.0,566.0,55.43,55.514,327.973,76.443,290.84,25.8,34.89,1449.83,1.4498,0,0
2022-12-13T15:00:00,754.0,85.0,417.0,63.89,63.981,315.362,81.827,192.12,25.8,31.8,968.45,0.9684,0,0
2022-12-13T16:00:00,583.0,69.0,228.0,74.23,74.342,305.627,88.838,79.81,25.5,27.99,407.79,0.4078,0,0
2022-12-13T17:00:00,219.0,28.0,45.0,85.68,85.907,298.013,96.989,27.18,24.9,25.75,139.98,0.14,0,0
2022-12-13T18:00:00,0.0,0.0,0.0,98.19,98.243,0.0,122.19,0.0,24.6,24.6,0.0,0.0,1,0
2022-12-13T19:00:00,0.0,0.0,0.0,111.02,111.08,0.0,135.02,0.0,24.5,24.5,0.0,0.0,1,0
2022-12-13T20:00:00,0.0,0.0,0.0,124.19,124.251,0.0,148.19,0.0,24.3,24.3,0.0,0.0,0,0
2022-12-13T21:00:00,0.0,0.0,0.0,137.58,137.643,0.0,161.58,0.0,24.1,24.1,0.0,0.0,1,0
2022-12-13T22:00:00,0.0,0.0,0.0,151.11,151.174,0.0,175.11,0.0,24.0,24.0,0.0,0.0,3,0
2022-12-13T23:00:00,0.0,0.0,0.0,164.7,164.766,0.0,171.3,0.0,23.8,23.8,0.0,0.0,3,0
2022-12-14T00:00:00,0.0,0.0,0.0,177.68,177.719,0.0,158.32,0.0,23.7,23.7,0.0,0.0,1,0
2022-12-14T01:00:00,0.0,0.0,0.0,167.71,167.757,0.0,168.29,0.0,23.6,23.6,0.0,0.0,1,0
2022-12-14T02:00:00,0.0,0.0,0.0,154.13,154.168,0.0,178.13,0.0,23.5,23.5,0.0,0.0,3,0
2022-12-14T03:00:00,0.0,0.0,0.0,140.58,140.618,0.0,164.58,0.0,23.5,23.5,0.0,0.0,3,0
2022-12-14T04:00:00,0.0,0.0,0.0,127.16,127.192,0.0,151.16,0.0,23.4,23.4,0.0,0.0,3,0
2022-12-14T05:00:00,0.0,0.0,0.0,113.93,113.967,0.0,137.93,0.0,23.5,23.5,0.0,0.0,3,0
2022-12-14T06:00:00,0.0,0.0,0.0,101.02,101.048,0.0,125.02,0.0,23.5,23.5,0.0,0.0,3,0
2022-12-14T07:00:00,147.0,14.0,19.0,88.25,88.588,63.4,98.867,13.56,23.9,24.32,70.18,0.0702,0,0
2022-12-14T08:00:00,2.0,83.0,84.0,76.73,76.829,56.161,90.616,80.14,24.5,27.0,410.91,0.4109,3,0
2022-12-14T09:00:00,41.0,214.0,231.0,66.09,66.16,46.959,83.311,211.52,24.9,31.51,1067.36,1.0674,3,0
2022-12-14T10:00:00,849.0,79.0,539.0,57.14,57.208,35.044,77.528,263.6,25.2,33.44,1320.95,1.3209,1,0
2022-12-14T11:00:00,60.0,310.0,347.0,50.83,50.897,19.89,73.71,316.43,25.4,35.29,1575.12,1.5751,3,0
2022-12-14T12:00:00,0.0,115.0,115.0,48.21,48.28,2.097,72.198,111.02,25.5,28.97,565.33,0.5653,3,0
2022-12-14T13:00:00,263.0,337.0,507.0,49.87,49.944,343.98,73.148,403.06,25.6,38.2,1985.17,1.9852,3,0
2022-12-14T14:00:00,336.0,275.0,465.0,55.42,55.503,328.11,76.458,345.81,25.7,36.51,1713.75,1.7138,2,0
2022-12-14T15:00:00,37.0,226.0,242.0,63.86,63.946,315.483,81.829,223.58,25.7,32.69,1123.46,1.1235,3,0
2022-12-14T16:00:00,6.0,117.0,119.0,74.18,74.29,305.732,88.825,113.09,25.6,29.13,575.54,0.5755,3,0
2022-12-14T17:00:00,0.0,26.0,26.0,85.61,85.843,298.108,96.958,25.1,25.1,25.88,129.21,0.1292,3,7
2022-12-14T18:00:00,0.0,0.0,0.0,98.11,98.169,0.0,122.11,0.0,24.9,24.9,0.0,0.0,3,0
2022-12-14T19:00:00,0.0,0.0,0.0,110.94,111.0,0.0,134.94,0.0,24.8,24.8,0.0,0.0,0,0
2022-12-14T20:00:00,0.0,0.0,0.0,124.1,124.165,0.0,148.1,0.0,24.7,24.7,0.0,0.0,0,0
2022-12-14T21:00:00,0.0,0.0,0.0,137.49,137.553,0.0,161.49,0.0,24.6,24.6,0.0,0.0,0,0
2022-12-14T22:00:00,0.0,0.0,0.0,151.01,151.082,0.0,175.01,0.0,24.6,24.6,0.0,0.0,0,0
2022-12-14T23:00:00,0.0,0.0,0.0,164.6,164.674,0.0,171.4,0.0,24.6,24.6,0.0,0.0,0,0
2022-12-15T00:00:00,0.0,0.0,0.0,177.65,177.679,0.0,158.35,0.0,24.5,24.5,0.0,0.0,0,0
2022-12-15T01:00:00,0.0,0.0,0.0,167.83,167.866,0.0,168.17,0.0,24.4,24.4,0.0,0.0,0,0
2022-12-15T02:00:00,0.0,0.0,0.0,154.25,154.277,0.0,178.25,0.0,24.3,24.3,0.0,0.0,0,0
2022-12-15T03:00:00,0.0,0.0,0.0,140.7,140.728,0.0,164.7,0.0,24.2,24.2,0.0,0.0,0,0
2022-12-15T04:00:00,0.0,0.0,0.0,127.28,127.302,0.0,151.28,0.0,24.2,24.2,0.0,0.0,0,0
2022-12-15T05:00:00,0.0,0.0,0.0,114.06,114.079,0.0,138.06,0.0,24.2,24.2,0.0,0.0,0,0
2022-12-15T06:00:00,0.0,0.0,0.0,101.14,101.16,0.0,125.14,0.0,24.1,24.1,0.0,0.0,0,0
2022-12-15T07:00:00,156.0,14.0,18.0,88.36,88.699,63.41,98.965,13.55,24.5,24.92,69.99,0.07,1,0
2022-12-15T08:00:00,620.0,49.0,190.0,76.85,76.938,56.185,90.721,48.52,25.1,26.62,249.15,0.2492,0,0
2022-12-15T09:00:00,789.0,66.0,384.0,66.2,66.264,47.003,83.404,157.1,25.6,30.51,795.57,0.7956,0,0
2022-12-15T10:00:00,877.0,72.0,546.0,57.25,57.302,35.116,77.62,261.63,25.9,34.08,1308.05,1.3081,0,0
2022-12-15T11:00:00,915.0,76.0,653.0,50.92,50.973,19.996,73.787,333.83,26.1,36.53,1654.23,1.6542,0,0
2022-12-15T12:00:00,927.0,77.0,694.0,48.26,48.327,2.233,72.246,362.34,26.3,37.62,1788.37,1.7884,0,0
2022-12-15T13:00:00,917.0,76.0,667.0,49.89,49.958,344.125,73.181,343.81,26.4,37.14,1699.9,1.6999,0,0
2022-12-15T14:00:00,886.0,71.0,574.0,55.41,55.487,328.245,76.473,280.13,26.4,35.15,1395.12,1.3951,0,0
2022-12-15T15:00:00,824.0,63.0,427.0,63.82,63.906,315.599,81.821,181.19,26.3,31.96,912.83,0.9128,0,0
2022-12-15T16:00:00,691.0,50.0,239.0,74.12,74.234,305.832,88.8,64.38,26.0,28.01,328.93,0.3289,0,0
2022-12-15T17:00:00,349.0,24.0,51.0,85.54,85.774,298.197,96.924,23.4,25.4,26.13,120.37,0.1204,0,0
2022-12-15T18:00:00,0.0,0.0,0.0,98.03,98.092,0.0,122.03,0.0,25.0,25.0,0.0,0.0,0,0
2022-12-15T19:00:00,0.0,0.0,0.0,110.85,110.916,0.0,134.85,0.0,24.8,24.8,0.0,0.0,0,0
2022-12-15T20:00:00,0.0,0.0,0.0,124.01,124.077,0.0,148.01,0.0,24.5,24.5,0.0,0.0,0,0
2022-12-15T21:00:00,0.0,0.0,0.0,137.39,137.461,0.0,161.39,0.0,24.4,24.4,0.0,0.0,1,0
2022-12-15T22:00:00,0.0,0.0,0.0,150.91,150.987,0.0,174.91,0.0,24.2,24.2,0.0,0.0,7,0
2022-12-15T23:00:00,0.0,0.0,0.0,164.5,164.579,0.0,171.5,0.0,24.1,24.1,0.0,0.0,1,0
2022-12-16T00:00:00,0.0,0.0,0.0,177.6,177.629,0.0,158.4,0.0,24.1,24.1,0.0,0.0,8,0
2022-12-16T01:00:00,0.0,0.0,0.0,167.95,167.975,0.0,168.05,0.0,24.0,24.0,0.0,0.0,1,0
2022-12-16T02:00:00,0.0,0.0,0.0,154.36,154.386,0.0,178.36,0.0,23.9,23.9,0.0,0.0,1,0
2022-12-16T03:00:00,0.0,0.0,0.0,140.82,140.837,0.0,164.82,0.0,23.8,23.8,0.0,0.0,0,0
2022-12-16T04:00:00,0.0,0.0,0.0,127.4,127.412,0.0,151.4,0.0,23.8,23.8,0.0,0.0,0,0
2022-12-16T05:00:00,0.0,0.0,0.0,114.18,114.189,0.0,138.18,0.0,23.7,23.7,0.0,0.0,3,0
2022-12-16T06:00:00,0.0,0.0,0.0,101.26,101.27,0.0,125.26,0.0,23.7,23.7,0.0,0.0,3,0
2022-12-16T07:00:00,128.0,13.0,16.0,88.47,88.808,63.427,99.061,12.58,24.0,24.39,65.08,0.0651,0,0
2022-12-16T08:00:00,579.0,52.0,182.0,76.96,77.044,56.215,90.815,51.33,24.5,26.1,264.01,0.264,0,0
2022-12-16T09:00:00,438.0,139.0,315.0,66.31,66.365,47.053,83.495,185.33,24.8,30.59,938.29,0.9383,8,0
2022-12-16T10:00:00,427.0,191.0,422.0,57.35,57.391,35.193,77.702,277.34,25.3,33.97,1387.18,1.3872,7,0
2022-12-16T11:00:00,312.0,270.0,466.0,51.0,51.042,20.106,73.854,349.12,25.8,36.71,1728.88,1.7289,8,0
2022-12-16T12:00:00,184.0,304.0,427.0,48.31,48.368,2.371,72.294,350.51,26.1,37.05,1733.59,1.7336,8,7
2022-12-16T13:00:00,157.0,291.0,392.0,49.9,49.965,344.269,73.204,327.18,26.3,36.52,1621.32,1.6213,8,7
2022-12-16T14:00:00,814.0,92.0,554.0,55.39,55.464,328.376,76.477,283.15,26.4,35.25,1409.68,1.4097,1,0
2022-12-16T15:00:00,507.0,136.0,360.0,63.77,63.861,315.711,81.802,205.53,26.4,32.82,1032.23,1.0322,7,0
2022-12-16T16:00:00,597.0,63.0,226.0,74.06,74.172,305.927,88.773,75.01,26.2,28.54,382.53,0.3825,7,5
2022-12-16T17:00:00,4.0,32.0,32.0,85.47,85.702,298.28,96.889,30.89,25.8,26.77,158.54,0.1585,7,7
2022-12-16T18:00:00,0.0,0.0,0.0,97.95,98.011,0.0,121.95,0.0,25.5,25.5,0.0,0.0,6,0
2022-12-16T19:00:00,0.0,0.0,0.0,110.76,110.83,0.0,134.76,0.0,25.3,25.3,0.0,0.0,6,0
2022-12-16T20:00:00,0.0,0.0,0.0,123.91,123.986,0.0,147.91,0.0,25.2,25.2,0.0,0.0,7,0
2022-12-16T21:00:00,0.0,0.0,0.0,137.29,137.367,0.0,161.29,0.0,25.0,25.0,0.0,0.0,3,0
2022-12-16T22:00:00,0.0,0.0,0.0,150.81,150.891,0.0,174.81,0.0,24.8,24.8,0.0,0.0,7,0
2022-12-16T23:00:00,0.0,0.0,0.0,164.4,164.482,0.0,171.6,0.0,24.6,24.6,0.0,0.0,7,0
2022-12-17T00:00:00,0.0,0.0,0.0,177.55,177.569,0.0,158.45,0.0,24.5,24.5,0.0,0.0,8,0
2022-12-17T01:00:00,0.0,0.0,0.0,168.06,168.083,0.0,167.94,0.0,24.4,24.4,0.0,0.0,3,0
2022-12-17T02:00:00,0.0,0.0,0.0,154.48,154.494,0.0,178.48,0.0,24.4,24.4,0.0,0.0,3,0
2022-12-17T03:00:00,0.0,0.0,0.0,140.94,140.945,0.0,164.94,0.0,24.3,24.3,0.0,0.0,3,0
2022-12-17T04:00:00,0.0,0.0,0.0,127.52,127.521,0.0,151.52,0.0,24.3,24.3,0.0,0.0,3,0
2022-12-17T05:00:00,0.0,0.0,0.0,114.29,114.298,0.0,138.29,0.0,24.3,24.3,0.0,0.0,7,0
2022-12-17T06:00:00,0.0,0.0,0.0,101.38,101.378,0.0,125.38,0.0,24.3,24.3,0.0,0.0,7,0
2022-12-17T07:00:00,0.0,7.0,7.0,88.58,88.915,63.45,99.155,6.76,24.4,24.61,34.94,0.0349,7,7
2022-12-17T08:00:00,9.0,76.0,78.0,77.08,77.147,56.252,90.916,73.39,24.7,26.99,376.32,0.3763,7,0
2022-12-17T09:00:00,72.0,169.0,198.0,66.42,66.461,47.109,83.585,171.45,24.9,30.26,869.04,0.869,7,0
2022-12-17T10:00:00,2.0,118.0,119.0,57.44,57.475,35.276,77.773,114.35,25.2,28.77,582.68,0.5827,6,0
2022-12-17T11:00:00,0.0,55.0,55.0,51.07,51.105,20.22,73.911,53.1,25.5,27.16,272.11,0.2721,6,0
2022-12-17T12:00:00,356.0,270.0,506.0,48.36,48.402,2.509,72.342,370.69,25.7,37.28,1831.84,1.8318,8,0
2022-12-17T13:00:00,547.0,181.0,533.0,49.91,49.965,344.411,73.226,335.64,25.8,36.29,1664.7,1.6647,7,0
2022-12-17T14:00:00,14.0,184.0,192.0,55.36,55.435,328.503,76.471,180.98,25.9,31.56,913.1,0.9131,7,0
2022-12-17T15:00:00,212.0,185.0,279.0,63.72,63.81,315.819,81.782,209.72,26.0,32.55,1054.31,1.0543,7,0
2022-12-17T16:00:00,143.0,124.0,163.0,73.99,74.106,306.017,88.736,123.2,25.9,29.75,625.62,0.6256,7,0
2022-12-17T17:00:00,7.0,34.0,35.0,85.39,85.625,298.357,96.842,32.83,25.5,26.53,168.64,0.1686,7,7
2022-12-17T18:00:00,0.0,0.0,0.0,97.86,97.927,0.0,121.86,0.0,25.3,25.3,0.0,0.0,7,0
2022-12-17T19:00:00,0.0,0.0,0.0,110.67,110.741,0.0,134.67,0.0,25.1,25.1,0.0,0.0,7,0
2022-12-17T20:00:00,0.0,0.0,0.0,123.81,123.893,0.0,147.81,0.0,24.9,24.9,0.0,0.0,8,0
2022-12-17T21:00:00,0.0,0.0,0.0,137.19,137.271,0.0,161.19,0.0,24.7,24.7,0.0,0.0,3,0
2022-12-17T22:00:00,0.0,0.0,0.0,150.7,150.793,0.0,174.7,0.0,24.6,24.6,0.0,0.0,7,0
2022-12-17T23:00:00,0.0,0.0,0.0,164.29,164.384,0.0,171.71,0.0,24.4,24.4,0.0,0.0,7,0
2022-12-18T00:00:00,0.0,0.0,0.0,177.48,177.502,0.0,158.52,0.0,24.2,24.2,0.0,0.0,7,0
2022-12-18T01:00:00,0.0,0.0,0.0,168.18,168.191,0.0,167.82,0.0,24.1,24.1,0.0,0.0,7,0
2022-12-18T02:00:00,0.0,0.0,0.0,154.6,154.602,0.0,178.6,0.0,24.1,24.1,0.0,0.0,7,0
2022-12-18T03:00:00,0.0,0.0,0.0,141.05,141.053,0.0,165.05,0.0,24.0,24.0,0.0,0.0,8,0
2022-12-18T04:00:00,0.0,0.0,0.0,127.63,127.629,0.0,151.63,0.0,24.0,24.0,0.0,0.0,8,0
2022-12-18T05:00:00,0.0,0.0,0.0,114.41,114.405,0.0,138.41,0.0,24.0,24.0,0.0,0.0,1,0
2022-12-18T06:00:00,0.0,0.0,0.0,101.49,101.484,0.0,125.49,0.0,24.0,24.0,0.0,0.0,7,0
2022-12-18T07:00:00,0.0,7.0,7.0,88.68,89.018,63.479,99.237,6.76,24.1,24.31,34.98,0.035,7,7
2022-12-18T08:00:00,234.0,103.0,155.0,77.19,77.247,56.294,91.005,99.89,24.6,27.72,510.88,0.5109,8,0
2022-12-18T09:00:00,720.0,75.0,362.0,66.52,66.553,47.17,83.663,154.35,24.9,29.72,783.86,0.7839,0,0
2022-12-18T10:00:00,85.0,244.0,289.0,57.53,57.554,35.363,77.842,253.85,25.2,33.13,1273.52,1.2735,7,0
2022-12-18T11:00:00,10.0,196.0,202.0,51.13,51.163,20.337,73.957,192.04,25.5,31.5,969.07,0.9691,6,0
2022-12-18T12:00:00,5.0,213.0,216.0,48.39,48.429,2.648,72.37,207.17,25.6,32.07,1043.31,1.0433,6,0
2022-12-18T13:00:00,0.0,17.0,17.0,49.9,49.959,344.552,73.229,16.41,25.5,26.01,84.45,0.0844,9,0
2022-12-18T14:00:00,0.0,19.0,19.0,55.33,55.4,328.627,76.464,18.34,25.4,25.97,94.4,0.0944,9,0
2022-12-18T15:00:00,0.0,8.0,8.0,63.66,63.754,315.921,81.751,7.72,25.3,25.54,39.81,0.0398,6,0
2022-12-18T16:00:00,12.0,99.0,102.0,73.92,74.036,306.102,88.696,95.88,25.2,28.2,489.54,0.4895,7,0
2022-12-18T17:00:00,3.0,32.0,32.0,85.31,85.545,298.429,96.794,30.89,24.8,25.77,159.1,0.1591,8,7
2022-12-18T18:00:00,0.0,0.0,0.0,97.77,97.84,0.0,121.77,0.0,24.7,24.7,0.0,0.0,7,0
2022-12-18T19:00:00,0.0,0.0,0.0,110.57,110.649,0.0,134.57,0.0,24.6,24.6,0.0,0.0,8,0
2022-12-18T20:00:00,0.0,0.0,0.0,123.71,123.797,0.0,147.71,0.0,24.6,24.6,0.0,0.0,7,0
2022-12-18T21:00:00,0.0,0.0,0.0,137.08,137.173,0.0,161.08,0.0,24.6,24.6,0.0,0.0,3,0
2022-12-18T22:00:00,0.0,0.0,0.0,150.6,150.693,0.0,174.6,0.0,24.5,24.5,0.0,0.0,8,0
2022-12-18T23:00:00,0.0,0.0,0.0,164.18,164.283,0.0,171.82,0.0,24.4,24.4,0.0,0.0,8,0
2022-12-19T00:00:00,0.0,0.0,0.0,177.41,177.428,0.0,158.59,0.0,24.3,24.3,0.0,0.0,3,0
2022-12-19T01:00:00,0.0,0.0,0.0,168.3,168.298,0.0,167.7,0.0,24.2,24.2,0.0,0.0,3,0
2022-12-19T02:00:00,0.0,0.0,0.0,154.71,154.709,0.0,178.71,0.0,24.1,24.1,0.0,0.0,1,0
2022-12-19T03:00:00,0.0,0.0,0.0,141.17,141.16,0.0,165.17,0.0,24.1,24.1,0.0,0.0,0,0
2022-12-19T04:00:00,0.0,0.0,0.0,127.75,127.735,0.0,151.75,0.0,24.0,24.0,0.0,0.0,7,0
2022-12-19T05:00:00,0.0,0.0,0.0,114.53,114.51,0.0,138.53,0.0,24.0,24.0,0.0,0.0,1,0
2022-12-19T06:00:00,0.0,0.0,0.0,101.61,101.588,0.0,125.61,0.0,23.9,23.9,0.0,0.0,8,0
2022-12-19T07:00:00,35.0,11.0,12.0,88.78,89.119,63.515,99.317,10.63,24.1,24.43,54.99,0.055,1,0
2022-12-19T08:00:00,485.0,62.0,169.0,77.29,77.342,56.343,91.083,60.78,24.4,26.3,312.43,0.3124,0,0
2022-12-19T09:00:00,691.0,84.0,358.0,66.62,66.64,47.237,83.74,158.81,24.6,29.56,806.94,0.8069,0,0
2022-12-19T10:00:00,1.0,174.0,175.0,57.61,57.627,35.455,77.901,168.2,24.8,30.06,853.18,0.8532,3,0
2022-12-19T11:00:00,33.0,296.0,316.0,51.19,51.214,20.458,74.002,295.03,24.9,34.12,1474.84,1.4748,3,0
2022-12-19T12:00:00,864.0,99.0,672.0,48.42,48.45,2.789,72.398,361.8,24.9,36.21,1794.98,1.795,0,0
2022-12-19T13:00:00,868.0,92.0,652.0,49.89,49.946,344.69,73.231,344.1,24.9,35.65,1710.58,1.7106,0,0
2022-12-19T14:00:00,829.0,89.0,561.0,55.29,55.359,328.747,76.446,284.29,24.9,33.78,1422.85,1.4228,1,0
2022-12-19T15:00:00,0.0,95.0,95.0,63.6,63.693,316.019,81.718,91.71,24.7,27.57,469.34,0.4693,3,0
2022-12-19T16:00:00,596.0,65.0,231.0,73.84,73.961,306.181,88.646,78.27,24.5,26.95,401.42,0.4014,0,0
2022-12-19T17:00:00,235.0,30.0,49.0,85.22,85.461,298.496,96.733,29.13,24.2,25.11,150.35,0.1503,1,0
2022-12-19T18:00:00,0.0,0.0,0.0,97.67,97.75,0.0,121.67,0.0,24.0,24.0,0.0,0.0,3,0
2022-12-19T19:00:00,0.0,0.0,0.0,110.47,110.554,0.0,134.47,0.0,23.9,23.9,0.0,0.0,3,0
2022-12-19T20:00:00,0.0,0.0,0.0,123.61,123.699,0.0,147.61,0.0,23.9,23.9,0.0,0.0,1,0
2022-12-19T21:00:00,0.0,0.0,0.0,136.98,137.073,0.0,160.98,0.0,23.9,23.9,0.0,0.0,1,0
2022-12-19T22:00:00,0.0,0.0,0.0,150.49,150.591,0.0,174.49,0.0,23.9,23.9,0.0,0.0,1,0
2022-12-19T23:00:00,0.0,0.0,0.0,164.07,164.181,0.0,171.93,0.0,23.9,23.9,0.0,0.0,3,0
2022-12-20T00:00:00,0.0,0.0,0.0,177.33,177.347,0.0,158.67,0.0,23.9,23.9,0.0,0.0,3,0
2022-12-20T01:00:00,0.0,0.0,0.0,168.41,168.404,0.0,167.59,0.0,24.0,24.0,0.0,0.0,0,0
2022-12-20T02:00:00,0.0,0.0,0.0,154.83,154.815,0.0,178.83,0.0,24.1,24.1,0.0,0.0,0,0
2022-12-20T03:00:00,0.0,0.0,0.0,141.28,141.266,0.0,165.28,0.0,24.2,24.2,0.0,0.0,0,0
2022-12-20T04:00:00,0.0,0.0,0.0,127.86,127.84,0.0,151.86,0.0,24.2,24.2,0.0,0.0,1,0
2022-12-20T05:00:00,0.0,0.0,0.0,114.64,114.614,0.0,138.64,0.0,24.1,24.1,0.0,0.0,3,0
2022-12-20T06:00:00,0.0,0.0,0.0,101.72,101.689,0.0,125.72,0.0,24.1,24.1,0.0,0.0,1,0
2022-12-20T07:00:00,38.0,11.0,12.0,88.87,89.217,63.557,99.385,10.63,24.3,24.63,54.95,0.055,1,0
2022-12-20T08:00:00,499.0,59.0,168.0,77.39,77.435,56.398,91.159,57.9,24.7,26.51,297.41,0.2974,0,0
2022-12-20T09:00:00,695.0,81.0,356.0,66.71,66.723,47.31,83.806,155.56,24.9,29.76,789.9,0.7899,0,0
2022-12-20T10:00:00,128.0,303.0,371.0,57.69,57.696,35.552,77.959,319.81,25.1,35.09,1593.08,1.5931,3,0
2022-12-20T11:00:00,851.0,92.0,625.0,51.25,51.259,20.582,74.047,327.32,25.3,35.53,1627.93,1.6279,0,0
2022-12-20T12:00:00,76.0,289.0,339.0,48.43,48.463,2.93,72.406,302.41,25.3,34.75,1508.28,1.5083,8,0
2022-12-20T13:00:00,50.0,277.0,309.0,49.88,49.927,344.827,73.232,282.12,25.3,34.12,1410.33,1.4103,7,0
2022-12-20T14:00:00,147.0,267.0,350.0,55.24,55.312,328.863,76.418,293.0,25.3,34.46,1462.93,1.4629,7,0
2022-12-20T15:00:00,2.0,158.0,159.0,63.53,63.626,316.112,81.675,152.83,25.0,29.78,776.01,0.776,3,0
2022-12-20T16:00:00,557.0,71.0,227.0,73.76,73.881,306.255,88.594,83.56,24.8,27.41,427.86,0.4279,1,0
2022-12-20T17:00:00,0.0,29.0,29.0,85.13,85.373,298.556,96.671,28.0,24.5,25.37,144.38,0.1444,3,7
2022-12-20T18:00:00,0.0,0.0,0.0,97.57,97.656,0.0,121.57,0.0,24.4,24.4,0.0,0.0,4,0
2022-12-20T19:00:00,0.0,0.0,0.0,110.36,110.456,0.0,134.36,0.0,24.3,24.3,0.0,0.0,6,0
2022-12-20T20:00:00,0.0,0.0,0.0,123.5,123.599,0.0,147.5,0.0,24.3,24.3,0.0,0.0,6,0
2022-12-20T21:00:00,0.0,0.0,0.0,136.87,136.97,0.0,160.87,0.0,24.2,24.2,0.0,0.0,6,0
2022-12-20T22:00:00,0.0,0.0,0.0,150.38,150.488,0.0,174.38,0.0,24.2,24.2,0.0,0.0,6,0
2022-12-20T23:00:00,0.0,0.0,0.0,163.96,164.078,0.0,172.04,0.0,24.1,24.1,0.0,0.0,6,0
2022-12-21T00:00:00,0.0,0.0,0.0,177.24,177.26,0.0,158.76,0.0,24.0,24.0,0.0,0.0,6,0
2022-12-21T01:00:00,0.0,0.0,0.0,168.53,168.51,0.0,167.47,0.0,24.0,24.0,0.0,0.0,6,0
2022-12-21T02:00:00,0.0,0.0,0.0,154.94,154.92,0.0,178.94,0.0,24.0,24.0,0.0,0.0,3,0
2022-12-21T03:00:00,0.0,0.0,0.0,141.4,141.371,0.0,165.4,0.0,24.1,24.1,0.0,0.0,1,0
2022-12-21T04:00:00,0.0,0.0,0.0,127.97,127.944,0.0,151.97,0.0,24.2,24.2,0.0,0.0,0,0
2022-12-21T05:00:00,0.0,0.0,0.0,114.75,114.716,0.0,138.75,0.0,24.3,24.3,0.0,0.0,0,0
2022-12-21T06:00:00,0.0,0.0,0.0,101.83,101.789,0.0,125.83,0.0,24.3,24.3,0.0,0.0,7,0
2022-12-21T07:00:00,0.0,4.0,4.0,88.97,89.312,63.605,99.46,3.86,24.5,24.62,19.97,0.02,8,7
2022-12-21T08:00:00,581.0,47.0,173.0,77.49,77.524,56.458,91.233,46.46,24.9,26.35,238.79,0.2388,0,0
2022-12-21T09:00:00,760.0,64.0,363.0,66.8,66.802,47.388,83.87,145.52,25.1,29.65,739.23,0.7392,0,0
2022-12-21T10:00:00,835.0,76.0,521.0,57.76,57.758,35.654,78.006,250.74,25.4,33.24,1257.43,1.2574,0,0
2022-12-21T11:00:00,875.0,82.0,629.0,51.29,51.298,20.709,74.072,324.02,25.5,35.63,1610.95,1.6109,0,0
2022-12-21T12:00:00,890.0,84.0,674.0,48.45,48.471,3.072,72.424,354.95,25.5,36.59,1758.53,1.7585,0,0
2022-12-21T13:00:00,333.0,256.0,471.0,49.85,49.901,344.963,73.214,345.18,25.5,36.29,1711.99,1.712,8,0
2022-12-21T14:00:00,843.0,82.0,563.0,55.19,55.259,328.976,76.389,281.7,25.4,34.2,1407.78,1.4078,0,0
2022-12-21T15:00:00,234.0,197.0,301.0,63.46,63.554,316.2,81.63,225.15,25.3,32.34,1132.76,1.1328,7,0
2022-12-21T16:00:00,656.0,55.0,240.0,73.67,73.797,306.324,88.53,71.52,25.1,27.34,366.31,0.3663,0,0
2022-12-21T17:00:00,8.0,37.0,38.0,85.04,85.281,298.611,96.607,35.73,24.7,25.82,183.97,0.184,7,7
2022-12-21T18:00:00,0.0,0.0,0.0,97.47,97.559,0.0,121.47,0.0,24.5,24.5,0.0,0.0,8,0
2022-12-21T19:00:00,0.0,0.0,0.0,110.26,110.356,0.0,134.26,0.0,24.5,24.5,0.0,0.0,7,0
2022-12-21T20:00:00,0.0,0.0,0.0,123.39,123.497,0.0,147.39,0.0,24.4,24.4,0.0,0.0,0,0
2022-12-21T21:00:00,0.0,0.0,0.0,136.75,136.867,0.0,160.75,0.0,24.4,24.4,0.0,0.0,0,0
2022-12-21T22:00:00,0.0,0.0,0.0,150.27,150.383,0.0,174.27,0.0,24.3,24.3,0.0,0.0,0,0
2022-12-21T23:00:00,0.0,0.0,0.0,163.85,163.973,0.0,172.15,0.0,24.2,24.2,0.0,0.0,0,0
2022-12-22T00:00:00,0.0,0.0,0.0,177.15,177.168,0.0,158.85,0.0,24.1,24.1,0.0,0.0,0,0
2022-12-22T01:00:00,0.0,0.0,0.0,168.64,168.614,0.0,167.36,0.0,24.0,24.0,0.0,0.0,0,0
2022-12-22T02:00:00,0.0,0.0,0.0,155.06,155.025,0.0,179.06,0.0,23.9,23.9,0.0,0.0,0,0
2022-12-22T03:00:00,0.0,0.0,0.0,141.51,141.475,0.0,165.51,0.0,23.8,23.8,0.0,0.0,0,0
2022-12-22T04:00:00,0.0,0.0,0.0,128.09,128.046,0.0,152.09,0.0,23.7,23.7,0.0,0.0,0,0
2022-12-22T05:00:00,0.0,0.0,0.0,114.86,114.816,0.0,138.86,0.0,23.7,23.7,0.0,0.0,1,0
2022-12-22T06:00:00,0.0,0.0,0.0,101.93,101.885,0.0,125.93,0.0,23.7,23.7,0.0,0.0,0,0
2022-12-22T07:00:00,0.0,0.0,0.0,89.06,89.405,63.659,99.524,0.0,23.9,23.9,0.0,0.0,0,0
2022-12-22T08:00:00,611.0,45.0,176.0,77.58,77.609,56.525,91.296,44.58,24.4,25.79,229.54,0.2295,0,0
2022-12-22T09:00:00,785.0,60.0,369.0,66.88,66.876,47.472,83.923,143.7,24.8,29.29,730.87,0.7309,0,0
2022-12-22T10:00:00,861.0,71.0,530.0,57.82,57.816,35.761,78.042,250.9,25.4,33.24,1258.22,1.2582,0,0
2022-12-22T11:00:00,899.0,77.0,639.0,51.33,51.33,20.84,74.096,325.55,25.8,35.97,1616.47,1.6165,0,0
2022-12-22T12:00:00,907.0,81.0,683.0,48.45,48.471,3.215,72.421,357.33,26.1,37.27,1765.96,1.766,0,0
2022-12-22T13:00:00,894.0,83.0,660.0,49.82,49.869,345.096,73.195,343.58,26.3,37.04,1699.43,1.6994,0,0
2022-12-22T14:00:00,863.0,80.0,573.0,55.13,55.2,329.085,76.35,285.16,26.3,35.21,1419.85,1.4199,0,0
2022-12-22T15:00:00,798.0,71.0,428.0,63.38,63.478,316.283,81.575,188.55,26.2,32.09,949.48,0.9495,0,0
2022-12-22T16:00:00,666.0,56.0,244.0,73.57,73.709,306.387,88.456,73.64,26.0,28.3,375.86,0.3759,0,0
2022-12-22T17:00:00,337.0,27.0,57.0,84.94,85.186,298.66,96.531,26.33,25.4,26.22,135.36,0.1354,0,0
2022-12-22T18:00:00,0.0,0.0,0.0,97.36,97.46,0.0,121.36,0.0,25.1,25.1,0.0,0.0,7,0
2022-12-22T19:00:00,0.0,0.0,0.0,110.15,110.254,0.0,134.15,0.0,24.9,24.9,0.0,0.0,0,0
2022-12-22T20:00:00,0.0,0.0,0.0,123.28,123.392,0.0,147.28,0.0,24.8,24.8,0.0,0.0,8,0
2022-12-22T21:00:00,0.0,0.0,0.0,136.64,136.761,0.0,160.64,0.0,24.7,24.7,0.0,0.0,1,0
2022-12-22T22:00:00,0.0,0.0,0.0,150.15,150.277,0.0,174.15,0.0,24.6,24.6,0.0,0.0,8,0
2022-12-22T23:00:00,0.0,0.0,0.0,163.74,163.866,0.0,172.26,0.0,24.4,24.4,0.0,0.0,7,0
2022-12-23T00:00:00,0.0,0.0,0.0,177.05,177.071,0.0,158.95,0.0,24.2,24.2,0.0,0.0,7,0
2022-12-23T01:00:00,0.0,0.0,0.0,168.75,168.717,0.0,167.25,0.0,24.1,24.1,0.0,0.0,7,0
2022-12-23T02:00:00,0.0,0.0,0.0,155.17,155.129,0.0,179.17,0.0,24.0,24.0,0.0,0.0,8,0
2022-12-23T03:00:00,0.0,0.0,0.0,141.62,141.577,0.0,165.62,0.0,23.9,23.9,0.0,0.0,7,0
2022-12-23T04:00:00,0.0,0.0,0.0,128.19,128.147,0.0,152.19,0.0,23.9,23.9,0.0,0.0,8,0
2022-12-23T05:00:00,0.0,0.0,0.0,114.97,114.914,0.0,138.97,0.0,23.9,23.9,0.0,0.0,1,0
2022-12-23T06:00:00,0.0,0.0,0.0,102.03,101.98,0.0,126.03,0.0,23.9,23.9,0.0,0.0,3,0
2022-12-23T07:00:00,0.0,0.0,0.0,89.14,89.494,63.72,99.576,0.0,24.2,24.2,0.0,0.0,8,7
2022-12-23T08:00:00,224.0,99.0,147.0,77.67,77.69,56.597,91.357,95.99,24.6,27.6,491.17,0.4912,8,0
2022-12-23T09:00:00,208.0,178.0,260.0,66.96,66.946,47.561,83.975,194.39,24.9,30.97,982.77,0.9828,7,0
2022-12-23T10:00:00,470.0,174.0,424.0,57.88,57.868,35.872,78.078,267.24,25.1,33.45,1339.14,1.3391,8,0
2022-12-23T11:00:00,73.0,279.0,325.0,51.36,51.356,20.973,74.11,289.74,25.4,34.45,1446.62,1.4466,7,0
2022-12-23T12:00:00,2.0,165.0,166.0,48.45,48.465,3.359,72.419,159.91,25.6,30.6,809.54,0.8095,6,0
2022-12-23T13:00:00,10.0,218.0,225.0,49.78,49.83,345.227,73.166,213.42,25.6,32.27,1074.0,1.074,7,0
2022-12-23T14:00:00,24.0,216.0,230.0,55.06,55.136,329.19,76.3,214.34,25.7,32.4,1078.12,1.0781,8,0
2022-12-23T15:00:00,12.0,147.0,152.0,63.29,63.396,316.361,81.508,143.73,25.6,30.09,728.97,0.729,6,0
2022-12-23T16:00:00,103.0,141.0,170.0,73.48,73.617,306.444,88.389,139.27,25.4,29.75,707.2,0.7072,7,0
2022-12-23T17:00:00,4.0,37.0,38.0,84.84,85.087,298.702,96.453,35.73,25.1,26.22,183.71,0.1837,7,7
2022-12-23T18:00:00,0.0,0.0,0.0,97.25,97.357,0.0,121.25,0.0,25.0,25.0,0.0,0.0,7,0
2022-12-23T19:00:00,0.0,0.0,0.0,110.03,110.149,0.0,134.03,0.0,24.9,24.9,0.0,0.0,7,0
2022-12-23T20:00:00,0.0,0.0,0.0,123.17,123.286,0.0,147.17,0.0,24.9,24.9,0.0,0.0,0,0
2022-12-23T21:00:00,0.0,0.0,0.0,136.53,136.654,0.0,160.53,0.0,24.8,24.8,0.0,0.0,1,0
2022-12-23T22:00:00,0.0,0.0,0.0,150.04,150.169,0.0,174.04,0.0,24.7,24.7,0.0,0.0,0,0
2022-12-23T23:00:00,0.0,0.0,0.0,163.62,163.759,0.0,172.38,0.0,24.6,24.6,0.0,0.0,0,0
2022-12-24T00:00:00,0.0,0.0,0.0,176.94,176.97,0.0,159.06,0.0,24.5,24.5,0.0,0.0,7,0
2022-12-24T01:00:00,0.0,0.0,0.0,168.86,168.819,0.0,167.14,0.0,24.3,24.3,0.0,0.0,8,0
2022-12-24T02:00:00,0.0,0.0,0.0,155.28,155.231,0.0,179.28,0.0,24.1,24.1,0.0,0.0,0,0
2022-12-24T03:00:00,0.0,0.0,0.0,141.73,141.678,0.0,165.73,0.0,23.8,23.8,0.0,0.0,8,0
2022-12-24T04:00:00,0.0,0.0,0.0,128.3,128.246,0.0,152.3,0.0,23.5,23.5,0.0,0.0,1,0
2022-12-24T05:00:00,0.0,0.0,0.0,115.07,115.01,0.0,139.07,0.0,23.2,23.2,0.0,0.0,1,0
2022-12-24T06:00:00,0.0,0.0,0.0,102.13,102.072,0.0,126.13,0.0,23.0,23.0,0.0,0.0,1,1
2022-12-24T07:00:00,0.0,0.0,0.0,89.22,89.58,63.786,99.626,0.0,23.1,23.1,0.0,0.0,3,7
2022-12-24T08:00:00,1.0,67.0,67.0,77.76,77.767,56.675,91.415,64.68,23.3,25.32,333.63,0.3336,3,0
2022-12-24T09:00:00,1.0,115.0,115.0,67.03,67.011,47.656,84.015,111.13,23.3,26.77,570.27,0.5703,3,0
2022-12-24T10:00:00,166.0,251.0,338.0,57.94,57.914,35.988,78.112,277.27,23.2,31.86,1397.34,1.3973,7,7
2022-12-24T11:00:00,0.0,133.0,133.0,51.38,51.377,21.11,74.113,128.4,23.0,27.01,658.36,0.6584,3,0
2022-12-24T12:00:00,0.0,128.0,128.0,48.44,48.452,3.503,72.406,123.57,22.8,26.66,634.39,0.6344,3,0
2022-12-24T13:00:00,0.0,68.0,68.0,49.74,49.785,345.357,73.137,65.65,22.5,24.55,339.52,0.3395,3,0
2022-12-24T14:00:00,6.0,158.0,161.0,54.99,55.065,329.29,76.249,153.99,22.2,27.01,789.56,0.7896,7,7
2022-12-24T15:00:00,0.0,55.0,56.0,63.2,63.309,316.434,81.44,53.11,22.0,23.66,275.52,0.2755,7,0
2022-12-24T16:00:00,0.0,4.0,4.0,73.37,73.52,306.496,88.301,3.86,21.7,21.82,20.16,0.0202,7,0
2022-12-24T17:00:00,2.0,36.0,37.0,84.73,84.985,298.739,96.363,34.76,21.4,22.49,181.09,0.1811,8,7
2022-12-24T18:00:00,0.0,0.0,0.0,97.14,97.252,0.0,121.14,0.0,21.4,21.4,0.0,0.0,7,0
2022-12-24T19:00:00,0.0,0.0,0.0,109.92,110.041,0.0,133.92,0.0,21.4,21.4,0.0,0.0,7,0
2022-12-24T20:00:00,0.0,0.0,0.0,123.05,123.178,0.0,147.05,0.0,21.4,21.4,0.0,0.0,7,0
2022-12-24T21:00:00,0.0,0.0,0.0,136.41,136.545,0.0,160.41,0.0,21.4,21.4,0.0,0.0,7,0
2022-12-24T22:00:00,0.0,0.0,0.0,149.92,150.061,0.0,173.92,0.0,21.3,21.3,0.0,0.0,8,0
2022-12-24T23:00:00,0.0,0.0,0.0,163.5,163.65,0.0,172.5,0.0,21.2,21.2,0.0,0.0,7,0
2022-12-25T00:00:00,0.0,0.0,0.0,176.83,176.865,0.0,159.17,0.0,21.2,21.2,0.0,0.0,7,0
2022-12-25T01:00:00,0.0,0.0,0.0,168.97,168.919,0.0,167.03,0.0,21.1,21.1,0.0,0.0,8,0
2022-12-25T02:00:00,0.0,0.0,0.0,155.39,155.333,0.0,179.39,0.0,21.1,21.1,0.0,0.0,7,0
2022-12-25T03:00:00,0.0,0.0,0.0,141.84,141.778,0.0,165.84,0.0,21.2,21.2,0.0,0.0,7,0
2022-12-25T04:00:00,0.0,0.0,0.0,128.41,128.343,0.0,152.41,0.0,21.2,21.2,0.0,0.0,7,0
2022-12-25T05:00:00,0.0,0.0,0.0,115.17,115.104,0.0,139.17,0.0,21.3,21.3,0.0,0.0,7,0
2022-12-25T06:00:00,0.0,0.0,0.0,102.23,102.161,0.0,126.23,0.0,21.3,21.3,0.0,0.0,7,0
2022-12-25T07:00:00,0.0,0.0,0.0,89.3,89.662,63.859,99.673,0.0,21.5,21.5,0.0,0.0,7,7
2022-12-25T08:00:00,2.0,57.0,57.0,77.84,77.841,56.758,91.463,55.03,21.9,23.62,285.53,0.2855,7,0
2022-12-25T09:00:00,0.0,14.0,14.0,67.1,67.071,47.756,84.054,13.52,22.2,22.62,70.37,0.0704,7,0
2022-12-25T10:00:00,0.0,46.0,46.0,57.98,57.955,36.109,78.126,44.41,22.3,23.69,230.37,0.2304,8,0
2022-12-25T11:00:00,0.0,70.0,70.0,51.4,51.39,21.25,74.117,67.58,22.1,24.21,349.93,0.3499,7,0
2022-12-25T12:00:00,0.0,101.0,101.0,48.42,48.433,3.647,72.383,97.51,21.8,24.85,503.77,0.5038,7,0
2022-12-25T13:00:00,0.0,80.0,80.0,49.68,49.733,345.484,73.088,77.23,21.7,24.11,400.05,0.4001,7,0
2022-12-25T14:00:00,10.0,169.0,175.0,54.91,54.989,329.387,76.188,165.59,21.5,26.67,850.08,0.8501,7,0
2022-12-25T15:00:00,0.0,19.0,19.0,63.1,63.217,316.502,81.362,18.34,21.5,22.07,95.69,0.0957,7,0
2022-12-25T16:00:00,0.0,46.0,46.0,73.27,73.419,306.543,88.221,44.41,21.5,22.89,231.01,0.231,7,0
2022-12-25T17:00:00,0.0,15.0,15.0,84.62,84.879,298.77,96.272,14.48,21.4,21.85,75.6,0.0756,7,7
2022-12-25T18:00:00,0.0,0.0,0.0,97.02,97.143,0.0,121.02,0.0,21.4,21.4,0.0,0.0,7,0
2022-12-25T19:00:00,0.0,0.0,0.0,109.8,109.932,0.0,133.8,0.0,21.4,21.4,0.0,0.0,4,0
2022-12-25T20:00:00,0.0,0.0,0.0,122.93,123.068,0.0,146.93,0.0,21.4,21.4,0.0,0.0,7,0
2022-12-25T21:00:00,0.0,0.0,0.0,136.29,136.435,0.0,160.29,0.0,21.4,21.4,0.0,0.0,7,0
2022-12-25T22:00:00,0.0,0.0,0.0,149.8,149.951,0.0,173.8,0.0,21.3,21.3,0.0,0.0,7,0
2022-12-25T23:00:00,0.0,0.0,0.0,163.39,163.54,0.0,172.61,0.0,21.1,21.1,0.0,0.0,6,0
2022-12-26T00:00:00,0.0,0.0,0.0,176.72,176.757,0.0,159.28,0.0,21.0,21.0,0.0,0.0,7,0
2022-12-26T01:00:00,0.0,0.0,0.0,169.07,169.018,0.0,166.93,0.0,20.9,20.9,0.0,0.0,7,0
2022-12-26T02:00:00,0.0,0.0,0.0,155.49,155.433,0.0,179.49,0.0,21.0,21.0,0.0,0.0,6,0
2022-12-26T03:00:00,0.0,0.0,0.0,141.94,141.877,0.0,165.94,0.0,21.1,21.1,0.0,0.0,7,0
2022-12-26T04:00:00,0.0,0.0,0.0,128.51,128.439,0.0,152.51,0.0,21.2,21.2,0.0,0.0,7,0
2022-12-26T05:00:00,0.0,0.0,0.0,115.27,115.196,0.0,139.27,0.0,21.3,21.3,0.0,0.0,7,0
2022-12-26T06:00:00,0.0,0.0,0.0,102.32,102.247,0.0,126.32,0.0,21.4,21.4,0.0,0.0,7,0
2022-12-26T07:00:00,0.0,0.0,0.0,89.37,89.742,63.937,99.709,0.0,21.7,21.7,0.0,0.0,7,7
2022-12-26T08:00:00,7.0,77.0,78.0,77.91,77.911,56.848,91.499,74.35,22.2,24.52,384.54,0.3845,7,0
2022-12-26T09:00:00,43.0,166.0,183.0,67.16,67.127,47.861,84.082,164.84,22.5,27.65,843.29,0.8433,7,0
2022-12-26T10:00:00,247.0,240.0,371.0,58.02,57.99,36.234,78.138,283.6,22.8,31.66,1430.31,1.4303,7,0
2022-12-26T11:00:00,220.0,288.0,425.0,51.41,51.398,21.392,74.109,339.46,22.9,33.51,1700.7,1.7007,8,0
2022-12-26T12:00:00,220.0,299.0,445.0,48.39,48.407,3.793,72.35,356.63,23.1,34.24,1781.95,1.7819,8,7
2022-12-26T13:00:00,93.0,293.0,353.0,49.62,49.675,345.609,73.039,310.52,23.2,32.9,1559.08,1.5591,8,0
2022-12-26T14:00:00,3.0,138.0,140.0,54.82,54.907,329.48,76.116,133.96,23.3,27.49,685.74,0.6857,7,0
2022-12-26T15:00:00,10.0,139.0,144.0,63.0,63.12,316.565,81.282,135.75,23.4,27.64,694.51,0.6945,8,0
2022-12-26T16:00:00,167.0,143.0,191.0,73.16,73.315,306.583,88.13,143.92,23.4,27.9,735.63,0.7356,7,0
2022-12-26T17:00:00,2.0,34.0,34.0,84.5,84.77,298.795,96.169,32.82,23.1,24.13,170.01,0.17,8,7
2022-12-26T18:00:00,0.0,0.0,0.0,96.9,97.033,0.0,120.9,0.0,23.1,23.1,0.0,0.0,7,0
2022-12-26T19:00:00,0.0,0.0,0.0,109.68,109.82,0.0,133.68,0.0,23.1,23.1,0.0,0.0,7,0
2022-12-26T20:00:00,0.0,0.0,0.0,122.81,122.956,0.0,146.81,0.0,23.1,23.1,0.0,0.0,7,0
2022-12-26T21:00:00,0.0,0.0,0.0,136.17,136.324,0.0,160.17,0.0,23.0,23.0,0.0,0.0,7,0
2022-12-26T22:00:00,0.0,0.0,0.0,149.69,149.84,0.0,173.69,0.0,23.0,23.0,0.0,0.0,8,0
2022-12-26T23:00:00,0.0,0.0,0.0,163.27,163.43,0.0,172.73,0.0,23.0,23.0,0.0,0.0,8,0
2022-12-27T00:00:00,0.0,0.0,0.0,176.6,176.644,0.0,159.4,0.0,23.0,23.0,0.0,0.0,7,0
2022-12-27T01:00:00,0.0,0.0,0.0,169.18,169.115,0.0,166.82,0.0,22.9,22.9,0.0,0.0,7,0
2022-12-27T02:00:00,0.0,0.0,0.0,155.6,155.531,0.0,179.6,0.0,22.9,22.9,0.0,0.0,4,0
2022-12-27T03:00:00,0.0,0.0,0.0,142.05,141.973,0.0,166.05,0.0,22.9,22.9,0.0,0.0,5,0
2022-12-27T04:00:00,0.0,0.0,0.0,128.61,128.532,0.0,152.61,0.0,22.9,22.9,0.0,0.0,7,0
2022-12-27T05:00:00,0.0,0.0,0.0,115.37,115.285,0.0,139.37,0.0,22.9,22.9,0.0,0.0,7,0
2022-12-27T06:00:00,0.0,0.0,0.0,102.41,102.331,0.0,126.41,0.0,22.8,22.8,0.0,0.0,7,0
2022-12-27T07:00:00,0.0,0.0,0.0,89.45,89.818,64.022,99.752,0.0,23.0,23.0,0.0,0.0,7,7
2022-12-27T08:00:00,10.0,77.0,79.0,77.98,77.976,56.943,91.533,74.35,23.3,25.62,383.11,0.3831,7,0
2022-12-27T09:00:00,334.0,163.0,293.0,67.21,67.178,47.971,84.099,192.83,23.4,29.43,980.29,0.9803,7,0
2022-12-27T10:00:00,178.0,243.0,337.0,58.05,58.02,36.363,78.141,271.99,23.6,32.1,1369.59,1.3696,8,0
2022-12-27T11:00:00,0.0,37.0,37.0,51.41,51.399,21.538,74.092,35.72,23.6,24.72,184.63,0.1846,5,0
2022-12-27T12:00:00,1.0,112.0,113.0,48.36,48.374,3.938,72.317,108.44,23.5,26.89,556.25,0.5563,8,0
2022-12-27T13:00:00,0.0,77.0,77.0,49.55,49.61,345.731,72.979,74.34,23.4,25.72,382.89,0.3829,7,0
2022-12-27T14:00:00,0.0,14.0,14.0,54.73,54.819,329.568,76.044,13.52,23.1,23.52,70.15,0.0702,6,0
2022-12-27T15:00:00,0.0,9.0,9.0,62.89,63.019,316.622,81.19,8.69,22.8,23.07,45.17,0.0452,6,0
2022-12-27T16:00:00,0.0,41.0,41.0,73.04,73.206,306.618,88.027,39.58,22.4,23.64,205.37,0.2054,7,0
2022-12-27T17:00:00,0.0,24.0,24.0,84.39,84.658,298.814,96.073,23.17,22.2,22.92,120.51,0.1205,5,7
2022-12-27T18:00:00,0.0,0.0,0.0,96.78,96.919,0.0,120.78,0.0,22.2,22.2,0.0,0.0,7,0
2022-12-27T19:00:00,0.0,0.0,0.0,109.56,109.707,0.0,133.56,0.0,22.2,22.2,0.0,0.0,7,0
2022-12-27T20:00:00,0.0,0.0,0.0,122.69,122.843,0.0,146.69,0.0,22.3,22.3,0.0,0.0,7,0
2022-12-27T21:00:00,0.0,0.0,0.0,136.06,136.211,0.0,160.06,0.0,22.4,22.4,0.0,0.0,8,0
2022-12-27T22:00:00,0.0,0.0,0.0,149.57,149.728,0.0,173.57,0.0,22.4,22.4,0.0,0.0,0,0
2022-12-27T23:00:00,0.0,0.0,0.0,163.15,163.318,0.0,172.85,0.0,22.4,22.4,0.0,0.0,0,0
2022-12-28T00:00:00,0.0,0.0,0.0,176.48,176.529,0.0,159.52,0.0,22.4,22.4,0.0,0.0,0,0
2022-12-28T01:00:00,0.0,0.0,0.0,169.28,169.21,0.0,166.72,0.0,22.5,22.5,0.0,0.0,0,0
2022-12-28T02:00:00,0.0,0.0,0.0,155.7,155.628,0.0,179.7,0.0,22.5,22.5,0.0,0.0,0,0
2022-12-28T03:00:00,0.0,0.0,0.0,142.15,142.068,0.0,166.15,0.0,22.6,22.6,0.0,0.0,0,0
2022-12-28T04:00:00,0.0,0.0,0.0,128.71,128.624,0.0,152.71,0.0,22.7,22.7,0.0,0.0,0,0
2022-12-28T05:00:00,0.0,0.0,0.0,115.46,115.372,0.0,139.46,0.0,22.8,22.8,0.0,0.0,3,0
2022-12-28T06:00:00,0.0,0.0,0.0,102.5,102.412,0.0,126.5,0.0,22.9,22.9,0.0,0.0,3,0
2022-12-28T07:00:00,0.0,0.0,0.0,89.52,89.891,64.112,99.784,0.0,23.1,23.1,0.0,0.0,3,7
2022-12-28T08:00:00,0.0,38.0,38.0,78.05,78.038,57.043,91.565,36.69,23.6,24.75,189.6,0.1896,3,0
2022-12-28T09:00:00,1.0,129.0,130.0,67.26,67.224,48.087,84.114,124.65,23.9,27.8,637.36,0.6374,3,0
2022-12-28T10:00:00,126.0,301.0,368.0,58.08,58.045,36.497,78.142,317.06,24.1,34.01,1585.61,1.5856,3,0
2022-12-28T11:00:00,875.0,90.0,636.0,51.41,51.394,21.686,74.074,331.71,24.2,34.57,1655.52,1.6555,1,0
2022-12-28T12:00:00,5.0,278.0,282.0,48.32,48.335,4.084,72.274,269.94,24.3,32.74,1356.18,1.3562,3,0
2022-12-28T13:00:00,10.0,285.0,292.0,49.48,49.539,345.852,72.919,278.14,24.3,32.99,1396.08,1.3961,3,0
2022-12-28T14:00:00,6.0,242.0,246.0,54.63,54.725,329.652,75.96,235.12,24.3,31.65,1185.86,1.1859,3,0
2022-12-28T15:00:00,0.0,101.0,101.0,62.78,62.912,316.674,81.098,97.51,24.3,27.35,499.37,0.4994,3,0
2022-12-28T16:00:00,0.0,60.0,60.0,72.92,73.093,306.647,87.923,57.93,24.1,25.91,298.16,0.2982,3,0
2022-12-28T17:00:00,0.0,38.0,38.0,84.27,84.543,298.827,95.965,36.69,23.7,24.85,189.54,0.1895,3,7
2022-12-28T18:00:00,0.0,0.0,0.0,96.66,96.803,0.0,120.66,0.0,23.6,23.6,0.0,0.0,3,0
2022-12-28T19:00:00,0.0,0.0,0.0,109.44,109.591,0.0,133.44,0.0,23.6,23.6,0.0,0.0,1,0
2022-12-28T20:00:00,0.0,0.0,0.0,122.57,122.728,0.0,146.57,0.0,23.5,23.5,0.0,0.0,3,0
2022-12-28T21:00:00,0.0,0.0,0.0,135.93,136.098,0.0,159.93,0.0,23.5,23.5,0.0,0.0,3,0
2022-12-28T22:00:00,0.0,0.0,0.0,149.45,149.616,0.0,173.45,0.0,23.6,23.6,0.0,0.0,3,0
2022-12-28T23:00:00,0.0,0.0,0.0,163.03,163.206,0.0,172.97,0.0,23.6,23.6,0.0,0.0,3,0
2022-12-29T00:00:00,0.0,0.0,0.0,176.36,176.411,0.0,159.64,0.0,23.6,23.6,0.0,0.0,1,0
2022-12-29T01:00:00,0.0,0.0,0.0,169.38,169.302,0.0,166.62,0.0,23.7,23.7,0.0,0.0,3,0
2022-12-29T02:00:00,0.0,0.0,0.0,155.81,155.724,0.0,179.81,0.0,23.7,23.7,0.0,0.0,0,0
2022-12-29T03:00:00,0.0,0.0,0.0,142.25,142.161,0.0,166.25,0.0,23.7,23.7,0.0,0.0,7,0
2022-12-29T04:00:00,0.0,0.0,0.0,128.8,128.713,0.0,152.8,0.0,23.8,23.8,0.0,0.0,3,0
2022-12-29T05:00:00,0.0,0.0,0.0,115.55,115.456,0.0,139.55,0.0,23.8,23.8,0.0,0.0,7,0
2022-12-29T06:00:00,0.0,0.0,0.0,102.58,102.489,0.0,126.58,0.0,23.8,23.8,0.0,0.0,1,0
2022-12-29T07:00:00,0.0,0.0,0.0,89.58,89.96,64.208,99.803,0.0,24.0,24.0,0.0,0.0,3,7
2022-12-29T08:00:00,438.0,63.0,154.0,78.11,78.095,57.149,91.586,61.61,24.4,26.33,316.65,0.3167,0,0
2022-12-29T09:00:00,652.0,91.0,343.0,67.31,67.265,48.207,84.128,156.74,24.7,29.6,796.33,0.7963,1,0
2022-12-29T10:00:00,4.0,204.0,206.0,58.1,58.063,36.635,78.132,197.79,25.0,31.18,999.22,0.9992,3,0
2022-12-29T11:00:00,437.0,223.0,496.0,51.4,51.383,21.837,74.045,337.77,25.3,35.86,1677.89,1.6779,8,0
2022-12-29T12:00:00,885.0,90.0,680.0,48.27,48.289,4.231,72.22,362.23,25.4,36.72,1793.75,1.7937,0,0
2022-12-29T13:00:00,886.0,87.0,663.0,49.4,49.462,345.97,72.848,350.25,25.5,36.45,1736.17,1.7362,1,0
2022-12-29T14:00:00,17.0,256.0,266.0,54.52,54.626,329.731,75.867,251.38,25.5,33.36,1260.12,1.2601,3,0
2022-12-29T15:00:00,791.0,74.0,437.0,62.66,62.801,316.721,80.995,198.39,25.5,31.7,1000.43,1.0004,0,0
2022-12-29T16:00:00,36.0,121.0,132.0,72.8,72.977,306.67,87.816,118.28,25.3,29.0,602.24,0.6022,8,7
2022-12-29T17:00:00,351.0,31.0,67.0,84.14,84.425,298.834,95.846,30.24,24.9,25.84,155.69,0.1557,0,0
2022-12-29T18:00:00,0.0,0.0,0.0,96.53,96.685,0.0,120.53,0.0,24.8,24.8,0.0,0.0,1,0
2022-12-29T19:00:00,0.0,0.0,0.0,109.31,109.473,0.0,133.31,0.0,24.7,24.7,0.0,0.0,0,0
2022-12-29T20:00:00,0.0,0.0,0.0,122.45,122.612,0.0,146.45,0.0,24.7,24.7,0.0,0.0,0,0
2022-12-29T21:00:00,0.0,0.0,0.0,135.81,135.983,0.0,159.81,0.0,24.6,24.6,0.0,0.0,7,0
2022-12-29T22:00:00,0.0,0.0,0.0,149.33,149.502,0.0,173.33,0.0,24.6,24.6,0.0,0.0,0,0
2022-12-29T23:00:00,0.0,0.0,0.0,162.91,163.093,0.0,173.09,0.0,24.5,24.5,0.0,0.0,0,0
2022-12-30T00:00:00,0.0,0.0,0.0,176.23,176.289,0.0,159.77,0.0,24.4,24.4,0.0,0.0,0,0
2022-12-30T01:00:00,0.0,0.0,0.0,169.48,169.393,0.0,166.52,0.0,24.3,24.3,0.0,0.0,0,0
2022-12-30T02:00:00,0.0,0.0,0.0,155.91,155.817,0.0,179.91,0.0,24.3,24.3,0.0,0.0,3,0
2022-12-30T03:00:00,0.0,0.0,0.0,142.34,142.252,0.0,166.34,0.0,24.2,24.2,0.0,0.0,0,0
2022-12-30T04:00:00,0.0,0.0,0.0,128.9,128.8,0.0,152.9,0.0,24.2,24.2,0.0,0.0,0,0
2022-12-30T05:00:00,0.0,0.0,0.0,115.64,115.538,0.0,139.64,0.0,24.2,24.2,0.0,0.0,0,0
2022-12-30T06:00:00,0.0,0.0,0.0,102.66,102.564,0.0,126.66,0.0,24.1,24.1,0.0,0.0,7,0
2022-12-30T07:00:00,0.0,0.0,0.0,89.64,90.025,0.0,113.64,0.0,24.4,24.4,0.0,0.0,1,0
2022-12-30T08:00:00,27.0,90.0,96.0,78.17,78.149,57.26,91.605,86.94,24.9,27.62,444.82,0.4448,8,0
2022-12-30T09:00:00,738.0,69.0,353.0,67.35,67.301,48.333,84.131,144.54,25.1,29.62,734.3,0.7343,0,0
2022-12-30T10:00:00,848.0,73.0,521.0,58.12,58.076,36.777,78.121,248.9,25.4,33.18,1248.47,1.2485,0,0
2022-12-30T11:00:00,890.0,78.0,633.0,51.38,51.365,21.991,74.007,325.32,25.7,35.87,1615.98,1.616,0,0
2022-12-30T12:00:00,906.0,80.0,684.0,48.21,48.236,4.377,72.157,360.07,26.0,37.25,1779.56,1.7796,0,0
2022-12-30T13:00:00,898.0,81.0,666.0,49.31,49.378,346.085,72.768,349.28,26.1,37.02,1727.77,1.7278,0,0
2022-12-30T14:00:00,869.0,77.0,582.0,54.41,54.521,329.806,75.772,292.29,26.2,35.33,1454.71,1.4547,0,0
2022-12-30T15:00:00,808.0,69.0,442.0,62.54,62.686,316.762,80.89,197.77,26.3,32.48,994.51,0.9945,0,0
2022-12-30T16:00:00,685.0,56.0,260.0,72.67,72.857,306.687,87.699,83.33,26.1,28.7,424.72,0.4247,0,0
2022-12-30T17:00:00,12.0,46.0,47.0,84.02,84.303,298.835,95.735,44.42,25.6,26.99,227.77,0.2278,8,7
2022-12-30T18:00:00,0.0,0.0,0.0,96.41,96.564,0.0,120.41,0.0,25.4,25.4,0.0,0.0,0,0
2022-12-30T19:00:00,0.0,0.0,0.0,109.19,109.354,0.0,133.19,0.0,25.2,25.2,0.0,0.0,7,0
2022-12-30T20:00:00,0.0,0.0,0.0,122.32,122.494,0.0,146.32,0.0,25.0,25.0,0.0,0.0,0,0
2022-12-30T21:00:00,0.0,0.0,0.0,135.69,135.867,0.0,159.69,0.0,24.9,24.9,0.0,0.0,7,0
2022-12-30T22:00:00,0.0,0.0,0.0,149.21,149.388,0.0,173.21,0.0,24.9,24.9,0.0,0.0,0,0
2022-12-30T23:00:00,0.0,0.0,0.0,162.79,162.979,0.0,173.21,0.0,24.8,24.8,0.0,0.0,0,0
2022-12-31T00:00:00,0.0,0.0,0.0,176.1,176.165,0.0,159.9,0.0,24.7,24.7,0.0,0.0,0,0
2022-12-31T01:00:00,0.0,0.0,0.0,169.57,169.481,0.0,166.43,0.0,24.6,24.6,0.0,0.0,0,0
2022-12-31T02:00:00,0.0,0.0,0.0,156.0,155.909,0.0,180.0,0.0,24.6,24.6,0.0,0.0,0,0
2022-12-31T03:00:00,0.0,0.0,0.0,142.44,142.342,0.0,166.44,0.0,24.6,24.6,0.0,0.0,0,0
2022-12-31T04:00:00,0.0,0.0,0.0,128.99,128.885,0.0,152.99,0.0,24.5,24.5,0.0,0.0,0,0
2022-12-31T05:00:00,0.0,0.0,0.0,115.72,115.617,0.0,139.72,0.0,24.5,24.5,0.0,0.0,1,0
2022-12-31T06:00:00,0.0,0.0,0.0,102.74,102.636,0.0,126.74,0.0,24.5,24.5,0.0,0.0,3,0
2022-12-31T07:00:00,0.0,0.0,0.0,89.7,90.087,0.0,113.7,0.0,24.7,24.7,0.0,0.0,0,0
2022-12-31T08:00:00,598.0,43.0,165.0,78.22,78.198,57.377,91.613,42.57,25.2,26.53,218.63,0.2186,0,0
2022-12-31T09:00:00,779.0,60.0,360.0,67.38,67.333,48.463,84.122,140.29,25.5,29.88,712.05,0.712,0,0
2022-12-31T10:00:00,867.0,68.0,526.0,58.12,58.084,36.923,78.09,248.53,25.8,33.57,1244.86,1.2449,0,0
2022-12-31T11:00:00,907.0,73.0,640.0,51.35,51.341,22.147,73.958,326.03,26.0,36.19,1617.6,1.6176,0,0
2022-12-31T12:00:00,925.0,75.0,692.0,48.15,48.177,4.524,72.093,362.15,26.2,37.52,1788.13,1.7881,0,0
2022-12-31T13:00:00,919.0,76.0,676.0,49.21,49.288,346.198,72.677,352.2,26.4,37.41,1739.69,1.7397,0,0
2022-12-31T14:00:00,895.0,71.0,593.0,54.29,54.411,329.877,75.667,294.62,26.5,35.71,1464.35,1.4644,0,0
2022-12-31T15:00:00,838.0,64.0,452.0,62.41,62.565,316.797,80.774,199.5,26.5,32.73,1002.27,1.0023,0,0
2022-12-31T16:00:00,720.0,52.0,268.0,72.54,72.733,306.698,87.58,82.48,26.2,28.78,420.26,0.4203,0,0
2022-12-31T17:00:00,425.0,29.0,74.0,83.89,84.179,298.829,95.611,28.39,25.6,26.49,145.82,0.1458,0,0
2022-12-31T18:00:00,0.0,0.0,0.0,96.28,96.441,0.0,120.28,0.0,25.2,25.2,0.0,0.0,0,0
2022-12-31T19:00:00,0.0,0.0,0.0,109.03,109.233,0.0,133.03,0.0,25.1,25.1,0.0,0.0,0,0
2022-12-31T20:00:00,0.0,0.0,0.0,122.17,122.375,0.0,146.17,0.0,24.9,24.9,0.0,0.0,0,0
2022-12-31T21:00:00,0.0,0.0,0.0,135.54,135.75,0.0,159.54,0.0,24.7,24.7,0.0,0.0,0,0
2022-12-31T22:00:00,0.0,0.0,0.0,149.06,149.273,0.0,173.06,0.0,24.6,24.6,0.0,0.0,0,0
2022-12-31T23:00:00,0.0,0.0,0.0,162.64,162.864,0.0,173.36,0.0,24.5,24.5,0.0,0.0,0,0
