Source,Location ID,City,State,Country,Latitude,Longitude,Time Zone,Elevation,Local Time Zone,Clearsky DHI Units,Clearsky DNI Units,Clearsky GHI Units,Dew Point Units,DHI Units,DNI Units,GHI Units,Solar Zenith Angle Units,Temperature Units,Pressure Units,Relative Humidity Units,Precipitable Water Units,Wind Direction Units,Wind Speed Units,Cloud Type -15,Cloud Type 0,Cloud Type 1,Cloud Type 2,Cloud Type 3,Cloud Type 4,Cloud Type 5,Cloud Type 6,Cloud Type 7,Cloud Type 8,Cloud Type 9,Cloud Type 10,Cloud Type 11,Cloud Type 12,Fill Flag 0,Fill Flag 1,Fill Flag 2,Fill Flag 3,Fill Flag 4,Fill Flag 5,Surface Albedo Units,Version
NSRDB,4469509,-,-,-,24.96,-78.05,-5,9,-5,w/m2,w/m2,w/m2,c,w/m2,w/m2,w/m2,Degree,c,mbar,%,cm,Degrees,m/s,N/A,Clear,Probably Clear,Fog,Water,Super-Cooled Water,Mixed,Opaque Ice,Cirrus,Overlapping,Overshooting,Unknown,Dust,Smoke,N/A,Missing Image,Low Irradiance,Exceeds Clearsky,Missing CLoud Properties,Rayleigh Violation,N/A,4.0.1
Year,Month,Day,Hour,Minute,Temperature,Clearsky DHI,Clearsky DNI,Clearsky GHI,Cloud Type,DHI,DNI,Fill Flag,GHI,Solar Zenith Angle,Wind Direction,Wind Speed
2023,1,1,0,0,24.400000000000002,0,0,0,0,0,0,0,0,175.97,123,3.5
2023,1,1,1,0,24.3,0,0,0,3,0,0,0,0,169.66,124,3.4000000000000004
2023,1,1,2,0,24.3,0,0,0,7,0,0,0,0,156.1,124,3.2
2023,1,1,3,0,24.200000000000003,0,0,0,1,0,0,0,0,142.53,125,3
2023,1,1,4,0,24.200000000000003,0,0,0,0,0,0,0,0,129.07,127,2.6
2023,1,1,5,0,24.200000000000003,0,0,0,0,0,0,0,0,115.8,129,2.2
2023,1,1,6,0,24.3,0,0,0,1,0,0,0,0,102.81,128,1.7000000000000002
2023,1,1,7,0,24.5,0,0,0,1,0,0,0,0,89.75,118,1.1
2023,1,1,8,0,25,47,581,165,0,47,581,0,165,78.27,84,0.9
2023,1,1,9,0,25.400000000000002,65,775,362,0,65,775,0,362,67.41,54,1.2000000000000002
2023,1,1,10,0,25.700000000000003,70,874,532,0,70,874,0,532,58.120000000000005,46,1.5
2023,1,1,11,0,25.900000000000002,74,915,646,0,74,915,0,646,51.32,43,1.8
2023,1,1,12,0,26.1,76,929,697,0,76,929,0,697,48.08,43,2.1
2023,1,1,13,0,26.200000000000003,77,922,680,0,77,922,0,680,49.11,44,2.4000000000000004
2023,1,1,14,0,26.200000000000003,73,893,596,0,73,893,0,596,54.17,46,2.8000000000000003
2023,1,1,15,0,26.1,65,838,455,0,65,838,0,455,62.28,45,3.1
2023,1,1,16,0,25.900000000000002,53,721,271,0,53,721,0,271,72.4,46,3.3000000000000003
2023,1,1,17,0,25.400000000000002,29,441,77,0,29,441,0,77,83.76,53,3.1
2023,1,1,18,0,25.1,0,0,0,0,0,0,0,0,96.14,61,3.4000000000000004
2023,1,1,19,0,24.900000000000002,0,0,0,0,0,0,0,0,108.93,67,3.6
2023,1,1,20,0,24.900000000000002,0,0,0,0,0,0,0,0,122.07000000000001,74,3.7
2023,1,1,21,0,24.8,0,0,0,0,0,0,0,0,135.44,83,3.9000000000000004
2023,1,1,22,0,24.8,0,0,0,0,0,0,0,0,148.96,89,4
2023,1,1,23,0,24.700000000000003,0,0,0,0,0,0,0,0,162.55,91,3.9000000000000004
2023,1,2,0,0,24.6,0,0,0,0,0,0,0,0,175.83,93,3.7
2023,1,2,1,0,24.5,0,0,0,0,0,0,0,0,169.74,94,3.5
2023,1,2,2,0,24.400000000000002,0,0,0,0,0,0,0,0,156.19,93,3.4000000000000004
2023,1,2,3,0,24.3,0,0,0,0,0,0,0,0,142.62,90,3.2
2023,1,2,4,0,24.3,0,0,0,0,0,0,0,0,129.16,83,3.1
2023,1,2,5,0,24.200000000000003,0,0,0,0,0,0,0,0,115.88,76,3
2023,1,2,6,0,24.200000000000003,0,0,0,0,0,0,0,0,102.88,71,3.1
2023,1,2,7,0,24.400000000000002,0,0,0,0,0,0,0,0,89.8,68,3.2
2023,1,2,8,0,25,44,595,165,0,44,595,0,165,78.31,66,3.9000000000000004
2023,1,2,9,0,25.200000000000003,61,779,360,0,61,779,0,360,67.43,65,4.3
2023,1,2,10,0,25.5,67,871,528,2,218,8,0,222,58.120000000000005,65,4.6000000000000005
2023,1,2,11,0,25.700000000000003,73,911,643,0,73,911,0,643,51.28,67,4.9
2023,1,2,12,0,25.900000000000002,77,922,694,3,337,308,0,543,48,69,5.1000000000000005
2023,1,2,13,0,25.900000000000002,78,914,678,1,78,914,0,678,49,72,5.1000000000000005
2023,1,2,14,0,25.900000000000002,76,883,594,8,176,534,0,490,54.04,74,5.1000000000000005
2023,1,2,15,0,25.8,69,822,453,7,194,296,0,332,62.14,75,5
2023,1,2,16,0,25.6,57,696,269,1,57,696,0,269,72.26,76,4.9
2023,1,2,17,0,25.200000000000003,32,399,76,0,32,399,0,76,83.62,75,4.6000000000000005
2023,1,2,18,0,25,0,0,0,0,0,0,0,0,96.01,74,4.800000000000001
2023,1,2,19,0,24.900000000000002,0,0,0,0,0,0,0,0,108.8,73,5.1000000000000005
2023,1,2,20,0,24.8,0,0,0,0,0,0,0,0,121.94,73,5.4
2023,1,2,21,0,24.8,0,0,0,0,0,0,0,0,135.32,75,5.6000000000000005
2023,1,2,22,0,24.8,0,0,0,0,0,0,0,0,148.84,79,5.6000000000000005
2023,1,2,23,0,24.700000000000003,0,0,0,0,0,0,0,0,162.43,85,5.5
2023,1,3,0,0,24.700000000000003,0,0,0,0,0,0,0,0,175.69,90,5.4
2023,1,3,1,0,24.6,0,0,0,0,0,0,0,0,169.83,94,5.2
2023,1,3,2,0,24.6,0,0,0,0,0,0,0,0,156.28,96,5
2023,1,3,3,0,24.6,0,0,0,0,0,0,0,0,142.70000000000002,98,4.7
2023,1,3,4,0,24.5,0,0,0,0,0,0,0,0,129.24,98,4.6000000000000005
2023,1,3,5,0,24.5,0,0,0,0,0,0,0,0,115.95,98,4.5
2023,1,3,6,0,24.6,0,0,0,1,0,0,0,0,102.94,99,4.6000000000000005
2023,1,3,7,0,24.900000000000002,0,0,0,3,0,0,7,0,89.84,100,4.7
2023,1,3,8,0,25.400000000000002,44,606,166,0,44,606,0,166,78.34,102,5.300000000000001
2023,1,3,9,0,25.700000000000003,60,798,366,0,60,798,0,366,67.44,106,5.4
2023,1,3,10,0,25.900000000000002,66,891,536,0,66,891,0,536,58.1,110,5.4
2023,1,3,11,0,26.200000000000003,71,930,653,0,71,930,0,653,51.230000000000004,114,5.2
2023,1,3,12,0,26.3,74,944,707,1,74,944,0,707,47.910000000000004,118,5
2023,1,3,13,0,26.400000000000002,74,939,692,0,74,939,0,692,48.88,121,4.800000000000001
2023,1,3,14,0,26.5,72,911,609,0,72,911,0,609,53.9,122,4.6000000000000005
2023,1,3,15,0,26.400000000000002,66,849,465,0,66,849,0,465,62,121,4.4
2023,1,3,16,0,26.200000000000003,55,729,279,0,55,729,0,279,72.12,119,4.2
2023,1,3,17,0,25.6,32,436,81,0,32,436,0,81,83.48,117,3.8000000000000003
2023,1,3,18,0,25.3,0,0,0,0,0,0,0,0,95.87,116,3.9000000000000004
2023,1,3,19,0,25.200000000000003,0,0,0,0,0,0,0,0,108.67,116,4
2023,1,3,20,0,25.1,0,0,0,0,0,0,0,0,121.81,116,4
2023,1,3,21,0,25.1,0,0,0,0,0,0,0,0,135.19,117,4
2023,1,3,22,0,25.1,0,0,0,0,0,0,0,0,148.72,119,4.2
2023,1,3,23,0,25,0,0,0,0,0,0,0,0,162.3,122,4.4
2023,1,4,0,0,24.900000000000002,0,0,0,3,0,0,0,0,175.55,125,4.7
2023,1,4,1,0,24.8,0,0,0,0,0,0,0,0,169.9,126,5.1000000000000005
2023,1,4,2,0,24.700000000000003,0,0,0,0,0,0,0,0,156.36,127,5.300000000000001
2023,1,4,3,0,24.6,0,0,0,0,0,0,0,0,142.79,128,5.4
2023,1,4,4,0,24.5,0,0,0,0,0,0,0,0,129.31,129,5.300000000000001
2023,1,4,5,0,24.400000000000002,0,0,0,0,0,0,0,0,116.02,129,5.2
2023,1,4,6,0,24.3,0,0,0,0,0,0,0,0,103,130,5.1000000000000005
2023,1,4,7,0,24.6,0,0,0,0,0,0,0,0,89.88,132,5.2
2023,1,4,8,0,25.200000000000003,40,634,168,0,40,634,0,168,78.37,134,5.6000000000000005
2023,1,4,9,0,25.400000000000002,55,812,366,0,55,812,0,366,67.45,137,5.4
2023,1,4,10,0,25.8,69,881,535,0,69,881,0,535,58.09,140,5
2023,1,4,11,0,26.1,73,924,653,0,73,924,0,653,51.18,142,4.7
2023,1,4,12,0,26.3,75,941,707,1,75,941,0,707,47.82,142,4.3
2023,1,4,13,0,26.5,78,930,691,0,78,930,0,691,48.76,141,3.9000000000000004
2023,1,4,14,0,26.6,75,904,609,0,75,904,0,609,53.76,138,3.5
2023,1,4,15,0,26.6,68,847,467,0,68,847,0,467,61.85,135,3.3000000000000003
2023,1,4,16,0,26.400000000000002,56,730,281,0,56,730,0,281,71.98,130,3.2
2023,1,4,17,0,25.8,32,443,84,0,32,443,0,84,83.34,125,2.9000000000000004
2023,1,4,18,0,25.5,0,0,0,0,0,0,0,0,95.73,120,3.1
2023,1,4,19,0,25.3,0,0,0,0,0,0,0,0,108.53,116,3.3000000000000003
2023,1,4,20,0,25.1,0,0,0,1,0,0,0,0,121.68,114,3.6
2023,1,4,21,0,24.900000000000002,0,0,0,0,0,0,0,0,135.07,113,3.8000000000000003
2023,1,4,22,0,24.8,0,0,0,3,0,0,0,0,148.6,115,4
2023,1,4,23,0,24.6,0,0,0,0,0,0,0,0,162.18,118,4.2
2023,1,5,0,0,24.400000000000002,0,0,0,1,0,0,0,0,175.41,121,4.3
2023,1,5,1,0,24.3,0,0,0,0,0,0,0,0,169.97,123,4.5
2023,1,5,2,0,24.200000000000003,0,0,0,0,0,0,0,0,156.44,125,4.6000000000000005
2023,1,5,3,0,24.1,0,0,0,1,0,0,0,0,142.87,126,4.5
2023,1,5,4,0,24,0,0,0,1,0,0,0,0,129.39000000000001,125,4.4
2023,1,5,5,0,23.900000000000002,0,0,0,1,0,0,0,0,116.08,124,4.3
2023,1,5,6,0,23.900000000000002,0,0,0,1,0,0,0,0,103.06,124,4.2
2023,1,5,7,0,24.3,0,0,0,1,0,0,0,0,89.92,125,4.2
2023,1,5,8,0,25,42,638,171,0,42,638,0,171,78.4,126,4.4
2023,1,5,9,0,25.400000000000002,59,814,371,0,59,814,0,371,67.46000000000001,126,4.2
2023,1,5,10,0,25.700000000000003,68,892,539,0,68,892,0,539,58.06,128,3.9000000000000004
2023,1,5,11,0,26.1,74,925,655,0,74,925,0,655,51.120000000000005,131,3.4000000000000004
2023,1,5,12,0,26.3,76,937,706,1,76,937,0,706,47.72,135,2.8000000000000003
2023,1,5,13,0,26.5,75,929,689,0,75,929,0,689,48.63,137,2.1
2023,1,5,14,0,26.5,70,902,606,0,70,902,0,606,53.61,137,1.4000000000000001
2023,1,5,15,0,26.5,63,846,464,0,63,846,0,464,61.7,124,1
2023,1,5,16,0,26.400000000000002,56,716,279,0,56,716,0,279,71.83,105,1.1
2023,1,5,17,0,26,32,430,83,0,32,430,0,83,83.2,96,1.3
2023,1,5,18,0,25.700000000000003,0,0,0,0,0,0,0,0,95.59,90,1.4000000000000001
2023,1,5,19,0,25.6,0,0,0,0,0,0,0,0,108.4,87,1.5
2023,1,5,20,0,25.400000000000002,0,0,0,0,0,0,0,0,121.55,86,1.4000000000000001
2023,1,5,21,0,25.400000000000002,0,0,0,3,0,0,0,0,134.94,80,1.3
2023,1,5,22,0,25.200000000000003,0,0,0,0,0,0,0,0,148.47,60,1.1
2023,1,5,23,0,25.1,0,0,0,0,0,0,0,0,162.06,29,1.3
2023,1,6,0,0,24.8,0,0,0,0,0,0,0,0,175.26,11,1.8
2023,1,6,1,0,24.5,0,0,0,0,0,0,0,0,170.04,5,2.5
2023,1,6,2,0,24.3,0,0,0,0,0,0,0,0,156.52,4,3.1
2023,1,6,3,0,24.1,0,0,0,0,0,0,0,0,142.94,6,3.6
2023,1,6,4,0,24,0,0,0,0,0,0,0,0,129.46,8,3.9000000000000004
2023,1,6,5,0,23.900000000000002,0,0,0,0,0,0,0,0,116.15,10,3.9000000000000004
2023,1,6,6,0,23.8,0,0,0,0,0,0,0,0,103.11,13,3.7
2023,1,6,7,0,24.1,0,0,0,0,0,0,0,0,89.95,15,3.6
2023,1,6,8,0,24.5,43,594,162,0,43,594,0,162,78.42,17,3.7
2023,1,6,9,0,24.700000000000003,60,780,359,0,60,780,0,359,67.45,18,3.5
2023,1,6,10,0,25,64,877,528,0,64,877,0,528,58.03,18,3.4000000000000004
2023,1,6,11,0,25.3,67,921,647,0,67,921,0,647,51.050000000000004,15,3.5
2023,1,6,12,0,25.6,69,939,703,3,342,79,0,396,47.61,13,3.8000000000000003
2023,1,6,13,0,25.700000000000003,75,926,689,0,75,926,0,689,48.49,10,4.2
2023,1,6,14,0,25.700000000000003,74,897,608,2,26,0,0,26,53.46,9,4.800000000000001
2023,1,6,15,0,25.5,68,837,467,1,68,837,0,467,61.54,12,5.300000000000001
2023,1,6,16,0,25.200000000000003,57,716,283,0,57,716,0,283,71.67,15,5.6000000000000005
2023,1,6,17,0,24.6,34,427,85,0,34,427,0,85,83.05,18,5.4
2023,1,6,18,0,24.400000000000002,0,0,0,0,0,0,0,0,95.45,20,5.5
2023,1,6,19,0,24.3,0,0,0,0,0,0,0,0,108.26,22,5.6000000000000005
2023,1,6,20,0,24.200000000000003,0,0,0,0,0,0,0,0,121.42,24,5.6000000000000005
2023,1,6,21,0,24.1,0,0,0,0,0,0,0,0,134.81,26,5.5
2023,1,6,22,0,23.900000000000002,0,0,0,0,0,0,0,0,148.35,25,5.300000000000001
2023,1,6,23,0,23.700000000000003,0,0,0,0,0,0,0,0,161.94,24,5.300000000000001
2023,1,7,0,0,23.6,0,0,0,0,0,0,0,0,175.11,25,5.300000000000001
2023,1,7,1,0,23.400000000000002,0,0,0,0,0,0,0,0,170.1,26,5.300000000000001
2023,1,7,2,0,23.3,0,0,0,0,0,0,0,0,156.6,29,5.2
2023,1,7,3,0,23.200000000000003,0,0,0,0,0,0,0,0,143.02,33,5
2023,1,7,4,0,23.200000000000003,0,0,0,0,0,0,0,0,129.52,35,4.7
2023,1,7,5,0,23.200000000000003,0,0,0,0,0,0,0,0,116.2,33,4.6000000000000005
2023,1,7,6,0,23.200000000000003,0,0,0,0,0,0,1,0,103.16,33,4.6000000000000005
2023,1,7,7,0,23.5,0,0,0,0,0,0,0,0,89.97,35,4.800000000000001
2023,1,7,8,0,24,50,558,161,0,50,558,0,161,78.43,39,5.1000000000000005
2023,1,7,9,0,24.3,71,755,360,0,71,755,0,360,67.45,41,5
2023,1,7,10,0,24.6,71,880,538,1,71,880,0,538,57.99,44,5
2023,1,7,11,0,24.8,79,918,657,2,318,63,0,358,50.97,44,5
2023,1,7,12,0,24.8,82,933,712,1,82,933,0,712,47.5,43,4.9
2023,1,7,13,0,24.8,74,942,701,2,334,71,0,381,48.34,40,4.800000000000001
2023,1,7,14,0,24.700000000000003,73,912,618,0,73,912,0,618,53.300000000000004,33,4.800000000000001
2023,1,7,15,0,24.6,68,852,476,1,68,852,0,476,61.38,27,5
2023,1,7,16,0,24.400000000000002,58,727,289,0,58,727,0,289,71.52,23,5.300000000000001
2023,1,7,17,0,24,35,441,89,0,35,441,0,89,82.9,22,5.4
2023,1,7,18,0,23.8,0,0,0,0,0,0,0,0,95.31,26,5.6000000000000005
2023,1,7,19,0,23.700000000000003,0,0,0,0,0,0,0,0,108.12,30,5.800000000000001
2023,1,7,20,0,23.6,0,0,0,0,0,0,0,0,121.29,32,5.800000000000001
2023,1,7,21,0,23.5,0,0,0,0,0,0,0,0,134.69,35,5.800000000000001
2023,1,7,22,0,23.3,0,0,0,0,0,0,0,0,148.23,38,5.7
2023,1,7,23,0,23.1,0,0,0,0,0,0,0,0,161.81,43,5.5
2023,1,8,0,0,22.900000000000002,0,0,0,0,0,0,0,0,174.96,48,5.4
2023,1,8,1,0,22.8,0,0,0,0,0,0,0,0,170.16,52,5.1000000000000005
2023,1,8,2,0,22.700000000000003,0,0,0,1,0,0,0,0,156.67000000000002,55,4.800000000000001
2023,1,8,3,0,22.6,0,0,0,0,0,0,0,0,143.08,62,4.6000000000000005
2023,1,8,4,0,22.6,0,0,0,1,0,0,0,0,129.59,69,4.7
2023,1,8,5,0,22.6,0,0,0,0,0,0,0,0,116.26,73,4.7
2023,1,8,6,0,22.700000000000003,0,0,0,1,0,0,0,0,103.2,72,4.6000000000000005
2023,1,8,7,0,23.200000000000003,0,0,0,0,0,0,0,0,90,72,4.6000000000000005
2023,1,8,8,0,23.900000000000002,48,581,164,0,48,581,0,164,78.44,75,4.9
2023,1,8,9,0,24.3,65,781,364,0,65,781,0,364,67.43,78,4.7
2023,1,8,10,0,24.6,66,887,537,0,66,887,0,537,57.94,78,4.5
2023,1,8,11,0,24.8,71,926,655,0,71,926,0,655,50.89,77,4.3
2023,1,8,12,0,24.8,72,942,710,1,72,942,0,710,47.37,79,4
2023,1,8,13,0,24.900000000000002,86,909,693,2,356,88,0,415,48.19,84,3.8000000000000003
2023,1,8,14,0,24.900000000000002,80,888,612,3,334,174,0,438,53.14,89,3.4000000000000004
2023,1,8,15,0,24.900000000000002,72,830,471,3,223,26,0,235,61.22,91,3.2
2023,1,8,16,0,24.900000000000002,59,712,286,3,10,0,0,10,71.36,87,2.9000000000000004
2023,1,8,17,0,24.6,35,435,89,0,35,435,0,89,82.75,79,2.6
2023,1,8,18,0,24.5,0,0,0,0,0,0,0,0,95.16,75,2.8000000000000003
2023,1,8,19,0,24.5,0,0,0,3,0,0,0,0,107.99000000000001,77,3
2023,1,8,20,0,24.5,0,0,0,3,0,0,0,0,121.16,82,3.2
2023,1,8,21,0,24.5,0,0,0,3,0,0,0,0,134.56,91,3.3000000000000003
2023,1,8,22,0,24.400000000000002,0,0,0,8,0,0,0,0,148.1,102,3.3000000000000003
2023,1,8,23,0,24.3,0,0,0,7,0,0,0,0,161.69,110,3.2
2023,1,9,0,0,24.3,0,0,0,7,0,0,0,0,174.8,120,3.1
2023,1,9,1,0,24.200000000000003,0,0,0,0,0,0,0,0,170.21,127,3.1
2023,1,9,2,0,24.200000000000003,0,0,0,0,0,0,0,0,156.74,133,2.7
2023,1,9,3,0,24.200000000000003,0,0,0,0,0,0,0,0,143.15,141,1.9000000000000001
2023,1,9,4,0,24.3,0,0,0,0,0,0,0,0,129.64000000000001,152,1.4000000000000001
2023,1,9,5,0,24.400000000000002,0,0,0,1,0,0,0,0,116.31,158,1.3
2023,1,9,6,0,24.400000000000002,0,0,0,0,0,0,0,0,103.24000000000001,162,1.2000000000000002
2023,1,9,7,0,24.6,0,0,0,0,0,0,0,0,90.02,170,1
2023,1,9,8,0,25,43,589,161,0,43,589,0,161,78.45,207,0.8
2023,1,9,9,0,25.200000000000003,59,780,359,0,59,780,0,359,67.41,248,1
2023,1,9,10,0,25.400000000000002,74,851,526,0,74,851,0,526,57.89,263,1.2000000000000002
2023,1,9,11,0,25.5,78,897,645,0,78,897,0,645,50.800000000000004,271,1.4000000000000001
2023,1,9,12,0,25.6,80,916,702,8,303,62,0,346,47.25,283,1.7000000000000002
2023,1,9,13,0,25.6,77,919,692,2,350,256,0,522,48.03,296,2
2023,1,9,14,0,25.5,73,898,613,2,192,1,0,193,52.97,311,2.4000000000000004
2023,1,9,15,0,25.400000000000002,67,842,474,0,67,842,0,474,61.050000000000004,327,2.9000000000000004
2023,1,9,16,0,25.1,55,734,291,3,168,32,0,179,71.2,340,3.5
2023,1,9,17,0,24.5,33,468,93,0,33,468,0,93,82.60000000000001,351,3.6
2023,1,9,18,0,24.1,0,0,0,3,0,0,0,0,95.02,1,3.7
2023,1,9,19,0,23.900000000000002,0,0,0,0,0,0,0,0,107.85000000000001,6,3.8000000000000003
2023,1,9,20,0,23.700000000000003,0,0,0,0,0,0,0,0,121.03,11,3.8000000000000003
2023,1,9,21,0,23.5,0,0,0,3,0,0,0,0,134.44,18,3.8000000000000003
2023,1,9,22,0,23.400000000000002,0,0,0,0,0,0,0,0,147.98,21,3.8000000000000003
2023,1,9,23,0,23.200000000000003,0,0,0,0,0,0,0,0,161.56,24,3.8000000000000003
2023,1,10,0,0,23.1,0,0,0,0,0,0,0,0,174.64000000000001,29,3.9000000000000004
2023,1,10,1,0,22.900000000000002,0,0,0,1,0,0,0,0,170.25,33,3.9000000000000004
2023,1,10,2,0,22.700000000000003,0,0,0,1,0,0,0,0,156.8,34,3.8000000000000003
2023,1,10,3,0,22.6,0,0,0,1,0,0,0,0,143.21,34,3.8000000000000003
2023,1,10,4,0,22.5,0,0,0,1,0,0,0,0,129.7,31,3.6
2023,1,10,5,0,22.5,0,0,0,1,0,0,0,0,116.35000000000001,27,3.5
2023,1,10,6,0,22.5,0,0,0,1,0,0,0,0,103.27,21,3.4000000000000004
2023,1,10,7,0,22.900000000000002,0,0,0,1,0,0,0,0,90.03,17,3.4000000000000004
2023,1,10,8,0,23.6,45,617,168,0,45,617,0,168,78.45,16,3.6
2023,1,10,9,0,24,62,808,373,0,62,808,0,373,67.39,19,3.4000000000000004
2023,1,10,10,0,24.3,69,902,549,0,69,902,0,549,57.83,24,3.4000000000000004
2023,1,10,11,0,24.5,74,941,670,1,74,941,0,670,50.7,27,3.4000000000000004
2023,1,10,12,0,24.5,76,955,726,3,32,0,0,32,47.11,26,3.5
2023,1,10,13,0,24.5,76,948,712,0,76,948,0,712,47.870000000000005,26,3.4000000000000004
2023,1,10,14,0,24.5,72,924,631,0,72,924,0,631,52.800000000000004,30,3.2
2023,1,10,15,0,24.3,66,871,490,0,66,871,0,490,60.88,32,3
2023,1,10,16,0,24.1,54,761,302,3,11,0,0,11,71.03,36,2.8000000000000003
2023,1,10,17,0,23.700000000000003,33,506,99,0,33,506,0,99,82.45,41,2.3000000000000003
2023,1,10,18,0,23.5,0,0,0,0,0,0,0,0,94.87,51,2.1
2023,1,10,19,0,23.5,0,0,0,1,0,0,0,0,107.71000000000001,63,1.9000000000000001
2023,1,10,20,0,23.6,0,0,0,1,0,0,0,0,120.89,69,1.7000000000000002
2023,1,10,21,0,23.700000000000003,0,0,0,1,0,0,0,0,134.31,65,1.3
2023,1,10,22,0,23.700000000000003,0,0,0,1,0,0,0,0,147.86,46,1
2023,1,10,23,0,23.5,0,0,0,1,0,0,0,0,161.44,14,1.1
2023,1,11,0,0,23.3,0,0,0,1,0,0,0,0,174.48,1,1.3
2023,1,11,1,0,23.200000000000003,0,0,0,1,0,0,0,0,170.29,359,1.4000000000000001
2023,1,11,2,0,23,0,0,0,1,0,0,0,0,156.86,1,1.2000000000000002
2023,1,11,3,0,22.900000000000002,0,0,0,1,0,0,0,0,143.27,5,1
2023,1,11,4,0,22.900000000000002,0,0,0,3,0,0,0,0,129.75,356,0.8
2023,1,11,5,0,22.900000000000002,0,0,0,3,0,0,0,0,116.39,339,0.8
2023,1,11,6,0,22.900000000000002,0,0,0,3,0,0,0,0,103.3,341,1
2023,1,11,7,0,23.200000000000003,0,0,0,3,0,0,0,0,90.05,351,0.8
2023,1,11,8,0,23.700000000000003,44,622,169,0,44,622,0,169,78.44,358,0.5
2023,1,11,9,0,24.200000000000003,62,810,374,0,62,810,0,374,67.35,326,0.30000000000000004
2023,1,11,10,0,24.6,69,899,548,0,69,899,0,548,57.77,319,0.8
2023,1,11,11,0,24.900000000000002,74,944,673,0,74,944,0,673,50.6,330,1
2023,1,11,12,0,25,75,965,734,2,89,0,0,89,46.97,344,0.9
2023,1,11,13,0,25,78,958,722,3,127,0,0,127,47.7,358,0.8
2023,1,11,14,0,24.900000000000002,74,938,643,2,350,134,0,431,52.620000000000005,10,0.7000000000000001
2023,1,11,15,0,24.8,67,885,500,0,67,885,0,500,60.7,16,0.7000000000000001
2023,1,11,16,0,24.700000000000003,56,777,311,0,56,777,0,311,70.86,17,0.9
2023,1,11,17,0,24.3,34,519,104,0,34,519,0,104,82.29,26,1.1
2023,1,11,18,0,24.1,0,0,0,0,0,0,0,0,94.72,44,1.3
2023,1,11,19,0,24,0,0,0,1,0,0,0,0,107.57000000000001,59,1.7000000000000002
2023,1,11,20,0,23.900000000000002,0,0,0,1,0,0,0,0,120.76,69,2.1
2023,1,11,21,0,23.8,0,0,0,1,0,0,0,0,134.18,79,2.3000000000000003
2023,1,11,22,0,23.700000000000003,0,0,0,3,0,0,0,0,147.73,90,2.6
2023,1,11,23,0,23.5,0,0,0,2,0,0,0,0,161.31,99,2.7
2023,1,12,0,0,23.3,0,0,0,1,0,0,0,0,174.31,104,2.9000000000000004
2023,1,12,1,0,23.1,0,0,0,1,0,0,0,0,170.31,105,3
2023,1,12,2,0,22.900000000000002,0,0,0,2,0,0,0,0,156.91,103,3
2023,1,12,3,0,22.700000000000003,0,0,0,1,0,0,0,0,143.32,101,3
2023,1,12,4,0,22.6,0,0,0,1,0,0,0,0,129.8,98,3
2023,1,12,5,0,22.6,0,0,0,1,0,0,0,0,116.43,96,3
2023,1,12,6,0,22.5,0,0,0,1,0,0,0,0,103.32000000000001,94,3.1
2023,1,12,7,0,22.8,0,0,0,1,0,0,0,0,90.05,94,3.1
2023,1,12,8,0,23.400000000000002,43,637,171,0,43,637,0,171,78.43,95,3.5
2023,1,12,9,0,23.700000000000003,60,824,378,0,60,824,0,378,67.32000000000001,97,3.7
2023,1,12,10,0,24,64,918,555,0,64,918,0,555,57.7,100,3.9000000000000004
2023,1,12,11,0,24.3,68,960,679,0,68,960,0,679,50.49,104,3.9000000000000004
2023,1,12,12,0,24.400000000000002,70,979,740,0,70,979,0,740,46.82,107,3.9000000000000004
2023,1,12,13,0,24.6,70,976,729,0,70,976,0,729,47.52,108,3.8000000000000003
2023,1,12,14,0,24.6,67,953,648,0,67,953,0,648,52.43,107,3.6
2023,1,12,15,0,24.6,62,901,506,0,62,901,0,506,60.52,106,3.5
2023,1,12,16,0,24.400000000000002,53,794,315,0,53,794,0,315,70.69,107,3.4000000000000004
2023,1,12,17,0,23.8,33,540,107,2,67,7,7,68,82.13,112,3.2
2023,1,12,18,0,23.5,0,0,0,0,0,0,0,0,94.57000000000001,117,3.2
2023,1,12,19,0,23.5,0,0,0,0,0,0,0,0,107.43,123,3.1
2023,1,12,20,0,23.400000000000002,0,0,0,1,0,0,0,0,120.63,132,2.9000000000000004
2023,1,12,21,0,23.400000000000002,0,0,0,1,0,0,0,0,134.05,143,2.7
2023,1,12,22,0,23.3,0,0,0,1,0,0,0,0,147.61,156,2.5
2023,1,12,23,0,23.5,0,0,0,1,0,0,0,0,161.18,168,2.3000000000000003
2023,1,13,0,0,23.6,0,0,0,1,0,0,0,0,174.15,179,2.3000000000000003
2023,1,13,1,0,23.700000000000003,0,0,0,1,0,0,0,0,170.33,182,2.5
2023,1,13,2,0,23.700000000000003,0,0,0,1,0,0,0,0,156.96,177,2.8000000000000003
2023,1,13,3,0,23.5,0,0,0,1,0,0,0,0,143.37,175,3.2
2023,1,13,4,0,23.5,0,0,0,1,0,0,0,0,129.84,181,3.1
2023,1,13,5,0,23.5,0,0,0,1,0,0,0,0,116.46000000000001,192,2.8000000000000003
2023,1,13,6,0,23.5,0,0,0,1,0,0,0,0,103.34,199,2.5
2023,1,13,7,0,23.700000000000003,0,0,0,1,0,0,0,0,90.06,198,2.5
2023,1,13,8,0,24.200000000000003,40,621,165,0,40,621,0,165,78.42,194,3
2023,1,13,9,0,24.400000000000002,55,801,365,0,55,801,0,365,67.27,192,3.6
2023,1,13,10,0,24.5,64,883,537,0,64,883,0,537,57.620000000000005,196,4.2
2023,1,13,11,0,24.6,67,926,658,0,67,926,0,658,50.370000000000005,201,4.7
2023,1,13,12,0,24.8,69,947,719,0,69,947,0,719,46.660000000000004,206,5.300000000000001
2023,1,13,13,0,25.1,78,935,712,0,78,935,0,712,47.34,213,5.800000000000001
2023,1,13,14,0,25.3,74,919,637,3,263,7,0,267,52.24,223,6.1000000000000005
2023,1,13,15,0,25.3,70,861,497,0,70,861,0,497,60.34,235,6.4
2023,1,13,16,0,25,62,737,307,0,62,737,0,307,70.52,243,6.7
2023,1,13,17,0,24.400000000000002,39,451,102,0,39,451,0,102,81.97,245,6.300000000000001
2023,1,13,18,0,24.1,0,0,0,0,0,0,0,0,94.42,245,6.2
2023,1,13,19,0,24,0,0,0,1,0,0,0,0,107.28,250,6.6000000000000005
2023,1,13,20,0,23.8,0,0,0,3,0,0,0,0,120.49000000000001,264,7.6000000000000005
2023,1,13,21,0,23.200000000000003,0,0,0,3,0,0,0,0,133.93,281,8.8
2023,1,13,22,0,22.200000000000003,0,0,0,0,0,0,0,0,147.49,294,9.600000000000001
2023,1,13,23,0,21.1,0,0,0,1,0,0,0,0,161.06,298,9.700000000000001
2023,1,14,0,0,20.200000000000003,0,0,0,0,0,0,0,0,173.97,298,9.700000000000001
2023,1,14,1,0,19.5,0,0,0,0,0,0,0,0,170.34,298,10
2023,1,14,2,0,18.8,0,0,0,3,0,0,0,0,157,299,10.3
2023,1,14,3,0,18.3,0,0,0,3,0,0,0,0,143.41,300,10.600000000000001
2023,1,14,4,0,18,0,0,0,3,0,0,0,0,129.88,299,10.600000000000001
2023,1,14,5,0,17.8,0,0,0,3,0,0,0,0,116.49000000000001,299,10.600000000000001
2023,1,14,6,0,17.6,0,0,0,3,0,0,0,0,103.36,299,10.9
2023,1,14,7,0,17.3,0,0,0,3,0,0,0,0,90.05,302,11.700000000000001
2023,1,14,8,0,16.8,68,452,159,3,44,0,0,44,78.39,303,12.3
2023,1,14,9,0,16.2,90,730,373,3,97,0,0,97,67.22,303,12.5
2023,1,14,10,0,15.8,95,873,564,3,282,40,0,303,57.54,302,12.4
2023,1,14,11,0,15.700000000000001,94,947,700,0,94,947,0,700,50.24,301,12.100000000000001
2023,1,14,12,0,15.8,93,980,768,0,93,980,0,768,46.49,302,11.5
2023,1,14,13,0,16.1,91,981,758,1,91,981,0,758,47.15,302,10.9
2023,1,14,14,0,16.3,84,963,676,1,84,963,0,676,52.050000000000004,302,10.3
2023,1,14,15,0,16.6,74,916,530,2,275,46,0,298,60.15,302,9.600000000000001
2023,1,14,16,0,16.7,61,807,332,0,61,807,0,332,70.34,302,9.1
2023,1,14,17,0,16.6,38,545,116,1,38,545,0,116,81.81,302,8.3
2023,1,14,18,0,16.7,0,0,0,1,0,0,0,0,94.27,302,7.7
2023,1,14,19,0,16.900000000000002,0,0,0,1,0,0,0,0,107.14,304,7.4
2023,1,14,20,0,17.1,0,0,0,1,0,0,0,0,120.36,305,7.2
2023,1,14,21,0,17.3,0,0,0,1,0,0,0,0,133.8,306,7.1000000000000005
2023,1,14,22,0,17.400000000000002,0,0,0,1,0,0,0,0,147.36,307,7
2023,1,14,23,0,17.400000000000002,0,0,0,1,0,0,0,0,160.93,308,7
2023,1,15,0,0,17.3,0,0,0,2,0,0,0,0,173.8,311,7
2023,1,15,1,0,17,0,0,0,1,0,0,0,0,170.35,312,6.9
2023,1,15,2,0,16.8,0,0,0,2,0,0,0,0,157.04,315,6.9
2023,1,15,3,0,16.6,0,0,0,2,0,0,0,0,143.45000000000002,318,6.9
2023,1,15,4,0,16.5,0,0,0,2,0,0,0,0,129.91,322,6.800000000000001
2023,1,15,5,0,16.6,0,0,0,2,0,0,0,0,116.52,327,6.5
2023,1,15,6,0,16.7,0,0,0,2,0,0,0,0,103.37,332,6.1000000000000005
2023,1,15,7,0,17.3,0,0,0,2,0,0,0,0,90.04,337,5.6000000000000005
2023,1,15,8,0,18.2,51,602,172,1,51,602,0,172,78.36,337,5.5
2023,1,15,9,0,18.7,73,798,382,1,73,798,0,382,67.17,334,5.1000000000000005
2023,1,15,10,0,19.1,82,899,565,0,82,899,0,565,57.45,326,5
2023,1,15,11,0,19.400000000000002,90,941,693,0,90,941,0,693,50.11,322,5.2
2023,1,15,12,0,19.6,93,958,755,0,93,958,0,755,46.32,324,5.2
2023,1,15,13,0,19.700000000000003,88,965,747,2,371,320,0,590,46.96,328,5.1000000000000005
2023,1,15,14,0,19.8,84,942,666,1,84,942,0,666,51.85,331,5
2023,1,15,15,0,19.900000000000002,76,886,519,1,76,886,0,519,59.96,335,4.800000000000001
2023,1,15,16,0,19.8,62,780,327,2,177,19,0,183,70.17,341,4.4
2023,1,15,17,0,19.3,39,527,115,2,74,9,7,75,81.65,345,3.6
2023,1,15,18,0,19.200000000000003,0,0,0,1,0,0,0,0,94.11,346,3.3000000000000003
2023,1,15,19,0,19.200000000000003,0,0,0,1,0,0,0,0,107,346,3.1
2023,1,15,20,0,19.3,0,0,0,1,0,0,0,0,120.23,348,2.9000000000000004
2023,1,15,21,0,19.400000000000002,0,0,0,3,0,0,0,0,133.67000000000002,349,2.8000000000000003
2023,1,15,22,0,19.400000000000002,0,0,0,2,0,0,0,0,147.24,348,2.8000000000000003
2023,1,15,23,0,19.3,0,0,0,3,0,0,0,0,160.8,348,2.8000000000000003
2023,1,16,0,0,19.200000000000003,0,0,0,1,0,0,0,0,173.62,351,2.6
2023,1,16,1,0,19.1,0,0,0,3,0,0,0,0,170.34,351,2.5
2023,1,16,2,0,19,0,0,0,2,0,0,0,0,157.07,352,2.3000000000000003
2023,1,16,3,0,19,0,0,0,2,0,0,0,0,143.49,351,2.2
2023,1,16,4,0,18.900000000000002,0,0,0,3,0,0,0,0,129.94,353,2
2023,1,16,5,0,19,0,0,0,3,0,0,0,0,116.53,1,1.7000000000000002
2023,1,16,6,0,19.1,0,0,0,3,0,0,0,0,103.38,3,1.5
2023,1,16,7,0,19.3,0,0,0,0,0,0,0,0,90.03,352,1.4000000000000001
2023,1,16,8,0,19.8,44,652,176,1,44,652,0,176,78.33,343,1.6
2023,1,16,9,0,20.1,62,839,388,0,62,839,0,388,67.11,340,1.7000000000000002
2023,1,16,10,0,20.5,77,910,568,0,77,910,0,568,57.35,339,1.6
2023,1,16,11,0,20.700000000000003,81,957,697,1,81,957,0,697,49.97,332,1.3
2023,1,16,12,0,20.8,82,977,759,0,82,977,0,759,46.15,321,1
2023,1,16,13,0,21,79,984,753,1,79,984,0,753,46.75,310,1
2023,1,16,14,0,21.1,74,964,673,2,365,128,0,444,51.64,309,1.1
2023,1,16,15,0,21.200000000000003,68,914,528,2,256,35,0,274,59.76,320,1.3
2023,1,16,16,0,21,56,811,334,0,56,811,0,334,69.99,336,1.3
2023,1,16,17,0,20.6,36,568,121,0,36,568,0,121,81.48,347,1.3
2023,1,16,18,0,20.400000000000002,0,0,0,1,0,0,0,0,93.96000000000001,356,1.5
2023,1,16,19,0,20.3,0,0,0,1,0,0,0,0,106.86,7,1.8
2023,1,16,20,0,20.200000000000003,0,0,0,1,0,0,0,0,120.09,22,1.8
2023,1,16,21,0,20.1,0,0,0,2,0,0,0,0,133.55,37,1.8
2023,1,16,22,0,20,0,0,0,2,0,0,0,0,147.12,46,1.6
2023,1,16,23,0,19.8,0,0,0,3,0,0,0,0,160.67000000000002,49,1.4000000000000001
2023,1,17,0,0,19.700000000000003,0,0,0,3,0,0,0,0,173.43,61,1.1
2023,1,17,1,0,19.6,0,0,0,3,0,0,0,0,170.33,84,1
2023,1,17,2,0,19.5,0,0,0,3,0,0,0,0,157.1,105,1.1
2023,1,17,3,0,19.3,0,0,0,3,0,0,0,0,143.52,116,1.3
2023,1,17,4,0,19.3,0,0,0,3,0,0,0,0,129.96,117,1.4000000000000001
2023,1,17,5,0,19.400000000000002,0,0,0,3,0,0,0,0,116.55,111,1.4000000000000001
2023,1,17,6,0,19.5,0,0,0,3,0,0,0,0,103.38,108,1.6
2023,1,17,7,0,19.8,0,0,0,3,0,0,0,0,90.02,113,2
2023,1,17,8,0,20.5,45,639,175,0,45,639,0,175,78.29,122,2.6
2023,1,17,9,0,20.900000000000002,62,828,385,0,62,828,0,385,67.04,130,2.9000000000000004
2023,1,17,10,0,21.3,69,921,567,0,69,921,0,567,57.25,135,3.1
2023,1,17,11,0,21.700000000000003,73,963,694,1,73,963,0,694,49.83,140,3.1
2023,1,17,12,0,22,74,978,754,1,74,978,0,754,45.96,148,3
2023,1,17,13,0,22.400000000000002,71,980,745,2,311,472,0,636,46.550000000000004,157,3
2023,1,17,14,0,22.6,66,957,663,0,66,957,0,663,51.43,166,3
2023,1,17,15,0,22.8,60,911,521,0,60,911,0,521,59.56,173,3
2023,1,17,16,0,22.700000000000003,50,815,332,0,50,815,0,332,69.8,176,2.8000000000000003
2023,1,17,17,0,22.200000000000003,33,590,122,0,33,590,0,122,81.32000000000001,179,2.3000000000000003
2023,1,17,18,0,22,0,0,0,0,0,0,0,0,93.81,178,2.2
2023,1,17,19,0,21.900000000000002,0,0,0,1,0,0,0,0,106.71000000000001,178,2
2023,1,17,20,0,21.8,0,0,0,1,0,0,0,0,119.96000000000001,180,1.8
2023,1,17,21,0,21.8,0,0,0,1,0,0,0,0,133.42000000000002,181,1.5
2023,1,17,22,0,21.6,0,0,0,1,0,0,0,0,146.99,181,1.5
2023,1,17,23,0,21.5,0,0,0,1,0,0,0,0,160.54,184,1.5
2023,1,18,0,0,21.400000000000002,0,0,0,1,0,0,0,0,173.24,187,1.5
2023,1,18,1,0,21.200000000000003,0,0,0,1,0,0,0,0,170.3,190,1.5
2023,1,18,2,0,21.1,0,0,0,1,0,0,0,0,157.12,192,1.5
2023,1,18,3,0,21,0,0,0,1,0,0,0,0,143.54,188,1.4000000000000001
2023,1,18,4,0,21,0,0,0,1,0,0,0,0,129.98,181,1.2000000000000002
2023,1,18,5,0,21.1,0,0,0,1,0,0,0,0,116.56,168,0.9
2023,1,18,6,0,21.1,0,0,0,1,0,0,0,0,103.37,147,1
2023,1,18,7,0,21.5,0,0,0,0,0,0,0,0,90.01,138,1.3
2023,1,18,8,0,22.1,41,651,174,0,41,651,0,174,78.25,139,1.9000000000000001
2023,1,18,9,0,22.900000000000002,57,832,382,0,57,832,0,382,66.97,140,2.3000000000000003
2023,1,18,10,0,23.400000000000002,64,917,561,0,64,917,0,561,57.14,143,2.7
2023,1,18,11,0,23.8,69,954,686,0,69,954,0,686,49.68,146,2.9000000000000004
2023,1,18,12,0,24,70,971,748,1,70,971,0,748,45.77,148,2.8000000000000003
2023,1,18,13,0,24.200000000000003,74,964,740,2,394,152,0,499,46.33,145,2.6
2023,1,18,14,0,24.3,70,944,661,0,70,944,0,661,51.22,139,2.7
2023,1,18,15,0,24.3,64,895,520,0,64,895,0,520,59.36,133,2.9000000000000004
2023,1,18,16,0,24.1,55,795,332,0,55,795,0,332,69.62,130,2.8000000000000003
2023,1,18,17,0,23.6,36,562,122,2,80,24,7,83,81.15,128,2.3000000000000003
2023,1,18,18,0,23.400000000000002,0,0,0,1,0,0,0,0,93.65,126,2.3000000000000003
2023,1,18,19,0,23.3,0,0,0,0,0,0,0,0,106.57000000000001,125,2.5
2023,1,18,20,0,23.200000000000003,0,0,0,1,0,0,0,0,119.83,125,2.8000000000000003
2023,1,18,21,0,23.1,0,0,0,1,0,0,0,0,133.29,125,3.1
2023,1,18,22,0,22.900000000000002,0,0,0,1,0,0,0,0,146.87,125,3.3000000000000003
2023,1,18,23,0,22.8,0,0,0,1,0,0,0,0,160.41,126,3.4000000000000004
2023,1,19,0,0,22.8,0,0,0,1,0,0,0,0,173.05,128,3.5
2023,1,19,1,0,22.700000000000003,0,0,0,1,0,0,0,0,170.26,131,3.5
2023,1,19,2,0,22.700000000000003,0,0,0,3,0,0,0,0,157.13,134,3.4000000000000004
2023,1,19,3,0,22.700000000000003,0,0,0,3,0,0,0,0,143.56,138,3.4000000000000004
2023,1,19,4,0,22.6,0,0,0,1,0,0,0,0,130,143,3.4000000000000004
2023,1,19,5,0,22.5,0,0,0,1,0,0,0,0,116.56,148,3.2
2023,1,19,6,0,22.400000000000002,0,0,0,1,0,0,0,0,103.36,154,3
2023,1,19,7,0,22.700000000000003,0,0,0,1,0,0,0,0,89.98,158,2.8000000000000003
2023,1,19,8,0,23.3,43,636,173,0,43,636,0,173,78.2,159,2.9000000000000004
2023,1,19,9,0,23.700000000000003,59,821,381,0,59,821,0,381,66.89,155,2.9000000000000004
2023,1,19,10,0,24.1,67,906,560,0,67,906,0,560,57.02,153,3
2023,1,19,11,0,24.400000000000002,71,950,687,2,370,132,0,456,49.52,156,3
2023,1,19,12,0,24.6,72,967,749,3,286,3,0,288,45.57,163,2.8000000000000003
2023,1,19,13,0,24.700000000000003,76,960,741,2,392,199,0,530,46.11,172,2.5
2023,1,19,14,0,24.8,73,938,663,3,237,1,0,238,51,185,2
2023,1,19,15,0,24.700000000000003,67,889,522,3,172,1,0,172,59.160000000000004,203,1.6
2023,1,19,16,0,24.5,57,786,333,3,37,0,0,37,69.43,222,1.4000000000000001
2023,1,19,17,0,23.900000000000002,37,555,124,3,73,5,7,74,80.98,236,1.3
2023,1,19,18,0,23.400000000000002,0,0,0,3,0,0,0,0,93.5,240,1.4000000000000001
2023,1,19,19,0,23,0,0,0,1,0,0,0,0,106.43,235,1.4000000000000001
2023,1,19,20,0,22.6,0,0,0,0,0,0,0,0,119.69,226,1.5
2023,1,19,21,0,22.3,0,0,0,7,0,0,0,0,133.17000000000002,219,1.6
2023,1,19,22,0,22,0,0,0,1,0,0,0,0,146.75,217,1.7000000000000002
2023,1,19,23,0,21.6,0,0,0,1,0,0,0,0,160.28,217,1.8
2023,1,20,0,0,21.400000000000002,0,0,0,1,0,0,0,0,172.86,216,1.9000000000000001
2023,1,20,1,0,21.1,0,0,0,3,0,0,0,0,170.22,219,2
2023,1,20,2,0,21.1,0,0,0,1,0,0,0,0,157.14000000000001,226,1.8
2023,1,20,3,0,21.1,0,0,0,1,0,0,0,0,143.57,237,1.5
2023,1,20,4,0,21.1,0,0,0,1,0,0,0,0,130,256,1.1
2023,1,20,5,0,21.200000000000003,0,0,0,1,0,0,0,0,116.56,294,0.8
2023,1,20,6,0,21.200000000000003,0,0,0,3,0,0,0,0,103.35000000000001,331,0.9
2023,1,20,7,0,21.400000000000002,0,0,0,7,0,0,7,0,89.96000000000001,352,1.1
2023,1,20,8,0,21.900000000000002,46,616,172,8,104,175,0,140,78.15,10,1.2000000000000002
2023,1,20,9,0,22.700000000000003,63,808,382,7,197,71,0,225,66.81,44,1.1
2023,1,20,10,0,23.5,67,907,563,1,67,907,0,563,56.9,83,1.2000000000000002
2023,1,20,11,0,24.1,69,953,690,3,326,348,0,552,49.35,108,1.3
2023,1,20,12,0,24.5,69,975,754,2,365,88,0,427,45.37,126,1.3
2023,1,20,13,0,24.700000000000003,72,969,747,1,72,969,0,747,45.89,138,1.2000000000000002
2023,1,20,14,0,25,70,944,667,0,70,944,0,667,50.78,148,0.8
2023,1,20,15,0,25.200000000000003,65,896,527,2,283,206,0,389,58.95,158,0.4
2023,1,20,16,0,25.1,55,799,338,0,55,799,0,338,69.25,71,0.1
2023,1,20,17,0,24.700000000000003,36,574,128,3,84,55,7,93,80.81,29,0.4
2023,1,20,18,0,24.3,0,0,0,0,0,0,0,0,93.34,21,0.9
2023,1,20,19,0,23.900000000000002,0,0,0,7,0,0,0,0,106.29,29,1.2000000000000002
2023,1,20,20,0,23.6,0,0,0,7,0,0,0,0,119.56,45,1.4000000000000001
2023,1,20,21,0,23.400000000000002,0,0,0,7,0,0,0,0,133.04,65,1.5
2023,1,20,22,0,23.3,0,0,0,7,0,0,0,0,146.62,80,1.5
2023,1,20,23,0,23.3,0,0,0,7,0,0,0,0,160.14000000000001,91,1.5
2023,1,21,0,0,23.200000000000003,0,0,0,7,0,0,0,0,172.66,101,1.4000000000000001
2023,1,21,1,0,23.1,0,0,0,7,0,0,0,0,170.16,113,1.5
2023,1,21,2,0,22.900000000000002,0,0,0,7,0,0,0,0,157.15,120,1.6
2023,1,21,3,0,22.8,0,0,0,7,0,0,0,0,143.58,121,1.5
2023,1,21,4,0,22.8,0,0,0,7,0,0,0,0,130.01,117,1.4000000000000001
2023,1,21,5,0,22.8,0,0,0,7,0,0,0,0,116.56,110,1.2000000000000002
2023,1,21,6,0,22.900000000000002,0,0,0,1,0,0,0,0,103.33,101,1.1
2023,1,21,7,0,23,0,0,0,1,0,0,0,0,89.93,100,1.2000000000000002
2023,1,21,8,0,23.5,46,602,170,8,102,178,0,139,78.09,109,1.8
2023,1,21,9,0,23.900000000000002,64,793,377,3,219,145,0,276,66.72,114,2.1
2023,1,21,10,0,24.3,73,882,556,0,73,882,0,556,56.77,114,2
2023,1,21,11,0,24.700000000000003,78,927,684,7,216,513,0,551,49.18,112,1.7000000000000002
2023,1,21,12,0,24.900000000000002,81,941,745,7,190,590,0,605,45.160000000000004,109,1.6
2023,1,21,13,0,25.1,79,942,738,0,79,942,0,738,45.660000000000004,103,1.5
2023,1,21,14,0,25.200000000000003,75,922,661,7,188,531,0,526,50.550000000000004,94,1.7000000000000002
2023,1,21,15,0,25.200000000000003,68,875,522,0,68,875,0,522,58.74,86,1.9000000000000001
2023,1,21,16,0,25.1,57,778,335,1,57,778,0,335,69.06,84,2.1
2023,1,21,17,0,24.6,37,555,128,7,61,7,0,62,80.64,87,2.2
2023,1,21,18,0,24.3,0,0,0,8,0,0,0,0,93.18,92,2.5
2023,1,21,19,0,24.1,0,0,0,8,0,0,0,0,106.14,95,2.7
2023,1,21,20,0,24,0,0,0,1,0,0,0,0,119.43,98,2.8000000000000003
2023,1,21,21,0,23.900000000000002,0,0,0,8,0,0,0,0,132.92000000000002,102,2.9000000000000004
2023,1,21,22,0,23.8,0,0,0,7,0,0,0,0,146.5,104,3.2
2023,1,21,23,0,23.700000000000003,0,0,0,0,0,0,0,0,160.01,106,3.6
2023,1,22,0,0,23.5,0,0,0,1,0,0,0,0,172.45000000000002,108,4
2023,1,22,1,0,23.400000000000002,0,0,0,1,0,0,0,0,170.1,112,4.4
2023,1,22,2,0,23.3,0,0,0,1,0,0,0,0,157.14000000000001,117,4.7
2023,1,22,3,0,23.1,0,0,0,1,0,0,0,0,143.59,124,4.7
2023,1,22,4,0,23.1,0,0,0,1,0,0,0,0,130.01,132,4.6000000000000005
2023,1,22,5,0,23,0,0,0,1,0,0,0,0,116.55,141,4.5
2023,1,22,6,0,23,0,0,0,1,0,0,0,0,103.31,148,4.5
2023,1,22,7,0,23.5,0,0,0,1,0,0,0,0,89.89,153,4.800000000000001
2023,1,22,8,0,24,40,645,174,3,96,6,0,97,78.02,157,5.4
2023,1,22,9,0,24.5,56,823,383,1,56,823,0,383,66.62,159,5.7
2023,1,22,10,0,25,70,895,562,7,192,435,0,431,56.64,163,6
2023,1,22,11,0,25.400000000000002,78,935,691,2,307,412,0,578,49.01,168,6.1000000000000005
2023,1,22,12,0,25.700000000000003,83,951,756,7,294,340,0,535,44.94,175,6.2
2023,1,22,13,0,25.900000000000002,91,932,745,1,91,932,0,745,45.42,182,6.1000000000000005
2023,1,22,14,0,26,86,910,668,7,282,315,0,483,50.32,187,5.9
2023,1,22,15,0,25.8,77,861,527,0,77,861,0,527,58.53,191,5.6000000000000005
2023,1,22,16,0,25.5,63,766,339,0,63,766,0,339,68.87,190,5.1000000000000005
2023,1,22,17,0,24.8,40,538,130,0,40,538,0,130,80.47,187,4.3
2023,1,22,18,0,24.3,0,0,0,8,0,0,0,0,93.03,181,4
2023,1,22,19,0,24.1,0,0,0,3,0,0,0,0,106,174,3.9000000000000004
2023,1,22,20,0,23.900000000000002,0,0,0,0,0,0,0,0,119.3,169,4.1000000000000005
2023,1,22,21,0,23.8,0,0,0,0,0,0,0,0,132.79,165,4.3
2023,1,22,22,0,23.700000000000003,0,0,0,0,0,0,0,0,146.38,163,4.4
2023,1,22,23,0,23.6,0,0,0,3,0,0,0,0,159.87,164,4.5
2023,1,23,0,0,23.5,0,0,0,0,0,0,0,0,172.24,164,4.5
2023,1,23,1,0,23.400000000000002,0,0,0,0,0,0,0,0,170.02,165,4.5
2023,1,23,2,0,23.3,0,0,0,1,0,0,0,0,157.13,168,4.6000000000000005
2023,1,23,3,0,23.200000000000003,0,0,0,1,0,0,0,0,143.58,170,4.7
2023,1,23,4,0,23.200000000000003,0,0,0,0,0,0,0,0,130,172,4.800000000000001
2023,1,23,5,0,23.200000000000003,0,0,0,0,0,0,0,0,116.53,174,5
2023,1,23,6,0,23.1,0,0,0,0,0,0,0,0,103.28,175,5
2023,1,23,7,0,23.6,0,0,0,0,0,0,0,0,89.85000000000001,175,5.2
2023,1,23,8,0,24.400000000000002,52,565,170,0,52,565,0,170,77.95,176,5.5
2023,1,23,9,0,25,73,762,377,0,73,762,0,377,66.52,178,5.300000000000001
2023,1,23,10,0,25.6,83,857,556,0,83,857,0,556,56.5,183,4.6000000000000005
2023,1,23,11,0,26.1,91,899,683,0,91,899,0,683,48.82,193,3.7
2023,1,23,12,0,26.400000000000002,94,914,744,0,94,914,0,744,44.72,203,3.1
2023,1,23,13,0,26.6,95,909,735,3,319,12,0,327,45.18,207,2.7
2023,1,23,14,0,26.6,90,886,659,1,90,886,0,659,50.09,209,2.2
2023,1,23,15,0,26.6,81,838,522,7,145,586,0,453,58.32,212,1.9000000000000001
2023,1,23,16,0,26.5,66,741,336,0,66,741,0,336,68.67,215,1.6
2023,1,23,17,0,26,43,516,129,2,74,3,0,75,80.3,227,1.3
2023,1,23,18,0,25.5,0,0,0,0,0,0,0,0,92.87,259,1.3
2023,1,23,19,0,24.900000000000002,0,0,0,0,0,0,0,0,105.86,296,1.6
2023,1,23,20,0,24.3,0,0,0,0,0,0,0,0,119.17,322,2.3000000000000003
2023,1,23,21,0,23.8,0,0,0,0,0,0,0,0,132.67000000000002,344,3.1
2023,1,23,22,0,23.5,0,0,0,0,0,0,0,0,146.25,359,3.9000000000000004
2023,1,23,23,0,23.3,0,0,0,1,0,0,0,0,159.74,8,4.800000000000001
2023,1,24,0,0,23.200000000000003,0,0,0,0,0,0,0,0,172.03,14,5.5
2023,1,24,1,0,23.1,0,0,0,0,0,0,0,0,169.93,19,5.9
2023,1,24,2,0,22.900000000000002,0,0,0,1,0,0,0,0,157.11,24,6.1000000000000005
2023,1,24,3,0,22.8,0,0,0,0,0,0,0,0,143.57,29,6.1000000000000005
2023,1,24,4,0,22.700000000000003,0,0,0,1,0,0,0,0,129.99,36,6
2023,1,24,5,0,22.8,0,0,0,0,0,0,0,0,116.51,42,6
2023,1,24,6,0,22.900000000000002,0,0,0,0,0,0,0,0,103.24000000000001,46,5.9
2023,1,24,7,0,23.3,0,0,0,0,0,0,0,0,89.81,50,6.300000000000001
2023,1,24,8,0,23.8,59,491,163,0,59,491,0,163,77.87,55,6.5
2023,1,24,9,0,24.1,82,715,368,0,82,715,0,368,66.41,59,6.4
2023,1,24,10,0,24.3,93,821,548,1,93,821,0,548,56.36,63,6.300000000000001
2023,1,24,11,0,24.6,101,870,676,0,101,870,0,676,48.63,67,6
2023,1,24,12,0,24.700000000000003,103,890,738,1,103,890,0,738,44.49,69,5.800000000000001
2023,1,24,13,0,24.8,95,904,735,1,95,904,0,735,44.94,70,5.7
2023,1,24,14,0,24.900000000000002,91,879,658,0,91,879,0,658,49.85,70,5.6000000000000005
2023,1,24,15,0,24.900000000000002,83,828,520,0,83,828,0,520,58.1,70,5.7
2023,1,24,16,0,24.700000000000003,70,719,334,0,70,719,0,334,68.48,71,5.800000000000001
2023,1,24,17,0,24.400000000000002,46,481,128,0,46,481,0,128,80.13,74,5.7
2023,1,24,18,0,24.200000000000003,0,0,0,1,0,0,0,0,92.72,80,5.7
2023,1,24,19,0,24.200000000000003,0,0,0,1,0,0,0,0,105.72,86,5.9
2023,1,24,20,0,24.1,0,0,0,1,0,0,0,0,119.03,92,6
2023,1,24,21,0,24.1,0,0,0,0,0,0,0,0,132.54,97,6
2023,1,24,22,0,24,0,0,0,3,0,0,0,0,146.13,100,6.1000000000000005
2023,1,24,23,0,24,0,0,0,0,0,0,0,0,159.6,101,6.1000000000000005
2023,1,25,0,0,24,0,0,0,1,0,0,0,0,171.82,103,5.9
2023,1,25,1,0,24,0,0,0,0,0,0,0,0,169.83,105,5.7
2023,1,25,2,0,24.1,0,0,0,3,0,0,0,0,157.09,110,5.4
2023,1,25,3,0,24.200000000000003,0,0,0,3,0,0,0,0,143.56,115,5.1000000000000005
2023,1,25,4,0,24.200000000000003,0,0,0,3,0,0,0,0,129.97,120,4.800000000000001
2023,1,25,5,0,24.3,0,0,0,0,0,0,0,0,116.48,126,4.800000000000001
2023,1,25,6,0,24.200000000000003,0,0,0,0,0,0,0,0,103.2,132,4.9
2023,1,25,7,0,24.6,0,0,0,0,0,0,0,0,89.76,136,5.4
2023,1,25,8,0,25.1,45,636,179,0,45,636,0,179,77.79,138,6.300000000000001
2023,1,25,9,0,25.400000000000002,62,819,391,0,62,819,0,391,66.3,140,6.800000000000001
2023,1,25,10,0,25.700000000000003,68,909,574,0,68,909,0,574,56.2,143,7.2
2023,1,25,11,0,26.1,71,950,702,1,71,950,0,702,48.44,146,7.2
2023,1,25,12,0,26.3,74,962,763,0,74,962,0,763,44.26,150,7.1000000000000005
2023,1,25,13,0,26.400000000000002,73,958,755,0,73,958,0,755,44.69,154,6.7
2023,1,25,14,0,26.5,72,935,678,0,72,935,0,678,49.61,158,6.300000000000001
2023,1,25,15,0,26.5,70,878,537,0,70,878,0,537,57.88,161,5.800000000000001
2023,1,25,16,0,26.3,62,773,348,0,62,773,0,348,68.29,163,5.5
2023,1,25,17,0,25.700000000000003,43,543,137,0,43,543,0,137,79.96000000000001,166,5.1000000000000005
2023,1,25,18,0,25.3,0,0,0,0,0,0,0,0,92.56,169,5.1000000000000005
2023,1,25,19,0,24.900000000000002,0,0,0,0,0,0,0,0,105.58,171,5.1000000000000005
2023,1,25,20,0,24.6,0,0,0,0,0,0,0,0,118.9,172,4.9
2023,1,25,21,0,24.400000000000002,0,0,0,0,0,0,0,0,132.42000000000002,172,4.7
2023,1,25,22,0,24.200000000000003,0,0,0,0,0,0,0,0,146.01,173,4.6000000000000005
2023,1,25,23,0,24,0,0,0,0,0,0,0,0,159.46,173,4.4
2023,1,26,0,0,23.8,0,0,0,0,0,0,0,0,171.59,174,4.2
2023,1,26,1,0,23.700000000000003,0,0,0,0,0,0,0,0,169.72,176,4.2
2023,1,26,2,0,23.6,0,0,0,0,0,0,0,0,157.05,179,4.1000000000000005
2023,1,26,3,0,23.400000000000002,0,0,0,0,0,0,0,0,143.54,181,4
2023,1,26,4,0,23.400000000000002,0,0,0,0,0,0,0,0,129.95,184,3.8000000000000003
2023,1,26,5,0,23.400000000000002,0,0,0,1,0,0,0,0,116.45,186,3.5
2023,1,26,6,0,23.5,0,0,0,1,0,0,0,0,103.16,187,3.2
2023,1,26,7,0,24.1,0,0,0,0,0,0,0,0,89.71000000000001,186,3
2023,1,26,8,0,24.700000000000003,53,539,168,1,53,539,0,168,77.71000000000001,184,3.1
2023,1,26,9,0,25.200000000000003,75,741,374,0,75,741,0,374,66.18,186,3
2023,1,26,10,0,25.700000000000003,80,852,556,0,80,852,0,556,56.050000000000004,191,2.8000000000000003
2023,1,26,11,0,26.1,86,897,683,0,86,897,0,683,48.230000000000004,199,2.6
2023,1,26,12,0,26.5,88,917,747,0,88,917,0,747,44.01,210,2.4000000000000004
2023,1,26,13,0,26.6,92,907,740,0,92,907,0,740,44.43,223,2.2
2023,1,26,14,0,26.6,89,882,664,0,89,882,0,664,49.36,236,2.1
2023,1,26,15,0,26.5,83,825,524,3,231,14,0,239,57.660000000000004,250,1.9000000000000001
2023,1,26,16,0,26.200000000000003,71,718,338,0,71,718,0,338,68.09,267,1.7000000000000002
2023,1,26,17,0,25.6,47,480,132,1,47,480,0,132,79.79,295,1.5
2023,1,26,18,0,25.1,0,0,0,0,0,0,0,0,92.41,326,1.7000000000000002
2023,1,26,19,0,24.8,0,0,0,0,0,0,0,0,105.43,349,2.3000000000000003
2023,1,26,20,0,24.400000000000002,0,0,0,0,0,0,0,0,118.77,1,2.9000000000000004
2023,1,26,21,0,24.1,0,0,0,0,0,0,0,0,132.3,8,3.5
2023,1,26,22,0,23.900000000000002,0,0,0,0,0,0,0,0,145.88,14,4.1000000000000005
2023,1,26,23,0,23.700000000000003,0,0,0,0,0,0,0,0,159.32,22,4.4
2023,1,27,0,0,23.5,0,0,0,0,0,0,0,0,171.37,28,4.6000000000000005
2023,1,27,1,0,23.3,0,0,0,0,0,0,0,0,169.6,32,4.6000000000000005
2023,1,27,2,0,23.200000000000003,0,0,0,1,0,0,0,0,157.01,35,4.6000000000000005
2023,1,27,3,0,23.200000000000003,0,0,0,1,0,0,0,0,143.51,35,4.6000000000000005
2023,1,27,4,0,23.200000000000003,0,0,0,0,0,0,0,0,129.92000000000002,34,4.6000000000000005
2023,1,27,5,0,23.1,0,0,0,0,0,0,0,0,116.41,34,4.5
2023,1,27,6,0,23.200000000000003,0,0,0,1,0,0,0,0,103.11,35,4.5
2023,1,27,7,0,23.700000000000003,0,0,0,0,0,0,0,0,89.65,38,4.7
2023,1,27,8,0,24,53,532,167,0,53,532,0,167,77.61,40,5
2023,1,27,9,0,24.3,76,727,371,0,76,727,0,371,66.06,41,5
2023,1,27,10,0,24.5,87,823,548,1,87,823,0,548,55.88,40,5
2023,1,27,11,0,24.400000000000002,97,862,673,0,97,862,0,673,48.03,37,5.300000000000001
2023,1,27,12,0,24.3,103,875,735,2,342,38,0,370,43.77,33,5.6000000000000005
2023,1,27,13,0,24.200000000000003,111,857,726,1,111,857,0,726,44.17,30,6
2023,1,27,14,0,24.200000000000003,107,830,650,8,301,201,0,433,49.11,29,6.5
2023,1,27,15,0,24.1,99,769,513,3,22,0,0,22,57.44,30,6.9
2023,1,27,16,0,24.1,84,654,330,8,168,242,0,259,67.89,33,7.1000000000000005
2023,1,27,17,0,23.900000000000002,55,404,128,7,13,0,0,13,79.61,35,6.800000000000001
2023,1,27,18,0,23.900000000000002,0,0,0,8,0,0,0,0,92.25,36,6.7
2023,1,27,19,0,24,0,0,0,3,0,0,0,0,105.29,37,6.7
2023,1,27,20,0,24,0,0,0,3,0,0,0,0,118.64,37,6.6000000000000005
2023,1,27,21,0,24,0,0,0,3,0,0,0,0,132.17000000000002,37,6.5
2023,1,27,22,0,24,0,0,0,3,0,0,0,0,145.76,39,6.5
2023,1,27,23,0,23.900000000000002,0,0,0,1,0,0,0,0,159.18,42,6.4
2023,1,28,0,0,23.900000000000002,0,0,0,3,0,0,0,0,171.14000000000001,46,6.4
2023,1,28,1,0,23.900000000000002,0,0,0,3,0,0,0,0,169.47,50,6.5
2023,1,28,2,0,23.8,0,0,0,1,0,0,0,0,156.96,53,6.6000000000000005
2023,1,28,3,0,23.8,0,0,0,1,0,0,0,0,143.48,55,6.7
2023,1,28,4,0,23.8,0,0,0,1,0,0,0,0,129.89000000000001,55,6.7
2023,1,28,5,0,23.8,0,0,0,0,0,0,0,0,116.37,54,6.7
2023,1,28,6,0,23.700000000000003,0,0,0,1,0,0,0,0,103.05,53,6.9
2023,1,28,7,0,23.900000000000002,0,0,0,1,0,0,0,0,89.58,54,7.300000000000001
2023,1,28,8,0,24.200000000000003,58,499,166,1,58,499,0,166,77.52,57,7.9
2023,1,28,9,0,24.400000000000002,83,706,371,1,83,706,0,371,65.93,60,8.1
2023,1,28,10,0,24.700000000000003,96,805,550,1,96,805,0,550,55.71,62,8.200000000000001
2023,1,28,11,0,24.900000000000002,104,854,678,1,104,854,0,678,47.81,62,8.200000000000001
2023,1,28,12,0,25,109,873,742,0,109,873,0,742,43.51,63,8.200000000000001
2023,1,28,13,0,25.1,99,891,741,1,99,891,0,741,43.9,63,8.1
2023,1,28,14,0,25.200000000000003,97,864,666,0,97,864,0,666,48.86,63,8.1
2023,1,28,15,0,25.200000000000003,92,804,527,0,92,804,0,527,57.21,63,8
2023,1,28,16,0,25,78,694,342,1,78,694,0,342,67.7,64,7.9
2023,1,28,17,0,24.6,52,456,136,1,52,456,0,136,79.44,64,7.6000000000000005
2023,1,28,18,0,24.3,0,0,0,3,0,0,0,0,92.10000000000001,65,7.4
2023,1,28,19,0,24.200000000000003,0,0,0,3,0,0,0,0,105.15,66,7.4
2023,1,28,20,0,24.1,0,0,0,3,0,0,0,0,118.52,67,7.300000000000001
2023,1,28,21,0,24,0,0,0,1,0,0,0,0,132.05,68,7.2
2023,1,28,22,0,23.900000000000002,0,0,0,1,0,0,0,0,145.63,68,7
2023,1,28,23,0,23.8,0,0,0,0,0,0,0,0,159.04,68,6.9
2023,1,29,0,0,23.700000000000003,0,0,0,0,0,0,0,0,170.91,67,6.800000000000001
2023,1,29,1,0,23.700000000000003,0,0,0,0,0,0,0,0,169.32,67,6.800000000000001
2023,1,29,2,0,23.700000000000003,0,0,0,0,0,0,0,0,156.91,66,6.800000000000001
2023,1,29,3,0,23.700000000000003,0,0,0,3,0,0,0,0,143.44,67,6.9
2023,1,29,4,0,23.700000000000003,0,0,0,0,0,0,0,0,129.85,69,6.800000000000001
2023,1,29,5,0,23.700000000000003,0,0,0,0,0,0,0,0,116.32000000000001,71,6.6000000000000005
2023,1,29,6,0,23.700000000000003,0,0,0,1,0,0,0,0,102.99000000000001,74,6.4
2023,1,29,7,0,24.200000000000003,0,0,0,3,0,0,7,0,89.51,77,6.7
2023,1,29,8,0,24.6,54,544,172,3,6,0,0,6,77.41,81,6.9
2023,1,29,9,0,25.1,74,748,380,1,74,748,0,380,65.79,85,6.9
2023,1,29,10,0,25.400000000000002,81,852,563,1,81,852,0,563,55.54,88,6.6000000000000005
2023,1,29,11,0,25.6,85,901,693,0,85,901,0,693,47.59,90,6.2
2023,1,29,12,0,25.8,86,924,758,0,86,924,0,758,43.26,91,5.800000000000001
2023,1,29,13,0,25.8,93,907,750,1,93,907,0,750,43.63,90,5.4
2023,1,29,14,0,25.8,87,891,676,0,87,891,0,676,48.61,90,5.300000000000001
2023,1,29,15,0,25.700000000000003,79,842,537,0,79,842,0,537,56.99,89,5.5
2023,1,29,16,0,25.5,66,746,352,0,66,746,0,352,67.5,90,5.7
2023,1,29,17,0,25.1,45,535,144,1,45,535,0,144,79.27,90,5.6000000000000005
2023,1,29,18,0,24.8,0,0,0,3,0,0,0,0,91.94,90,5.5
2023,1,29,19,0,24.700000000000003,0,0,0,0,0,0,0,0,105.02,92,5.6000000000000005
2023,1,29,20,0,24.6,0,0,0,0,0,0,0,0,118.39,94,5.7
2023,1,29,21,0,24.6,0,0,0,0,0,0,0,0,131.93,95,5.7
2023,1,29,22,0,24.400000000000002,0,0,0,0,0,0,0,0,145.51,97,5.7
2023,1,29,23,0,24.3,0,0,0,3,0,0,0,0,158.89000000000001,99,5.7
2023,1,30,0,0,24.200000000000003,0,0,0,0,0,0,0,0,170.67000000000002,102,5.6000000000000005
2023,1,30,1,0,24.1,0,0,0,0,0,0,0,0,169.17000000000002,105,5.6000000000000005
2023,1,30,2,0,24,0,0,0,2,0,0,0,0,156.84,108,5.6000000000000005
2023,1,30,3,0,24,0,0,0,0,0,0,0,0,143.4,111,5.6000000000000005
2023,1,30,4,0,24.1,0,0,0,0,0,0,0,0,129.8,111,5.4
2023,1,30,5,0,24.200000000000003,0,0,0,0,0,0,0,0,116.27,110,5.1000000000000005
2023,1,30,6,0,24.3,0,0,0,0,0,0,0,0,102.92,108,4.800000000000001
2023,1,30,7,0,24.8,0,0,0,0,0,0,0,0,89.44,105,4.7
2023,1,30,8,0,25.400000000000002,55,558,177,0,55,558,0,177,77.3,104,4.800000000000001
2023,1,30,9,0,25.900000000000002,76,755,388,0,76,755,0,388,65.65,105,5
2023,1,30,10,0,26.200000000000003,79,871,574,0,79,871,0,574,55.36,107,4.9
2023,1,30,11,0,26.400000000000002,85,918,707,1,85,918,0,707,47.37,107,4.6000000000000005
2023,1,30,12,0,26.5,88,937,773,0,88,937,0,773,42.99,106,4.2
2023,1,30,13,0,26.5,85,939,768,0,85,939,0,768,43.36,103,4
2023,1,30,14,0,26.400000000000002,82,921,694,0,82,921,0,694,48.35,100,3.9000000000000004
2023,1,30,15,0,26.3,75,873,554,0,75,873,0,554,56.76,97,3.9000000000000004
2023,1,30,16,0,26,64,778,365,0,64,778,0,365,67.3,94,4.1000000000000005
2023,1,30,17,0,25.3,45,562,151,0,45,562,0,151,79.10000000000001,90,3.9000000000000004
2023,1,30,18,0,24.900000000000002,0,0,0,0,0,0,0,0,91.79,87,3.9000000000000004
2023,1,30,19,0,24.700000000000003,0,0,0,0,0,0,0,0,104.88,86,3.9000000000000004
2023,1,30,20,0,24.5,0,0,0,0,0,0,0,0,118.26,84,3.8000000000000003
2023,1,30,21,0,24.5,0,0,0,0,0,0,0,0,131.81,84,3.8000000000000003
2023,1,30,22,0,24.400000000000002,0,0,0,0,0,0,0,0,145.39000000000001,85,3.8000000000000003
2023,1,30,23,0,24.3,0,0,0,0,0,0,0,0,158.74,89,3.9000000000000004
2023,1,31,0,0,24.200000000000003,0,0,0,0,0,0,0,0,170.43,95,4.1000000000000005
2023,1,31,1,0,24.1,0,0,0,0,0,0,0,0,169.01,101,4.2
2023,1,31,2,0,24,0,0,0,0,0,0,0,0,156.77,106,4.3
2023,1,31,3,0,23.900000000000002,0,0,0,0,0,0,0,0,143.34,110,4.4
2023,1,31,4,0,24,0,0,0,0,0,0,0,0,129.75,113,4.3
2023,1,31,5,0,24.1,0,0,0,0,0,0,0,0,116.21000000000001,116,4
2023,1,31,6,0,24.200000000000003,0,0,0,1,0,0,0,0,102.85000000000001,117,3.8000000000000003
2023,1,31,7,0,24.700000000000003,0,0,0,1,0,0,0,0,89.36,117,3.6
2023,1,31,8,0,25.400000000000002,50,598,183,0,50,598,0,183,77.19,116,3.5
2023,1,31,9,0,25.8,70,783,395,0,70,783,0,395,65.51,116,3.1
2023,1,31,10,0,26.1,76,882,580,0,76,882,0,580,55.17,113,2.6
2023,1,31,11,0,26.3,82,922,710,0,82,922,0,710,47.13,106,2.3000000000000003
2023,1,31,12,0,26.400000000000002,84,942,776,0,84,942,0,776,42.72,99,2.1
2023,1,31,13,0,26.5,81,945,771,0,81,945,0,771,43.08,93,2.1
2023,1,31,14,0,26.5,78,925,696,0,78,925,0,696,48.09,88,2.2
2023,1,31,15,0,26.400000000000002,73,878,556,0,73,878,0,556,56.53,85,2.4000000000000004
2023,1,31,16,0,26.200000000000003,62,785,368,0,62,785,0,368,67.1,84,2.8000000000000003
2023,1,31,17,0,25.700000000000003,44,579,155,0,44,579,0,155,78.93,84,3
2023,1,31,18,0,25.3,0,0,0,0,0,0,0,0,91.64,86,3.4000000000000004
2023,1,31,19,0,24.900000000000002,0,0,0,0,0,0,0,0,104.74000000000001,88,3.7
2023,1,31,20,0,24.700000000000003,0,0,0,0,0,0,0,0,118.13,92,3.8000000000000003
2023,1,31,21,0,24.6,0,0,0,0,0,0,0,0,131.69,97,3.8000000000000003
2023,1,31,22,0,24.5,0,0,0,0,0,0,0,0,145.26,100,3.7
2023,1,31,23,0,24.3,0,0,0,0,0,0,0,0,158.6,103,3.6
2023,2,1,0,0,24.200000000000003,0,0,0,0,0,0,0,0,170.19,105,3.6
2023,2,1,1,0,24.200000000000003,0,0,0,0,0,0,0,0,168.83,108,3.6
2023,2,1,2,0,24.1,0,0,0,0,0,0,0,0,156.69,112,3.6
2023,2,1,3,0,24,0,0,0,0,0,0,0,0,143.29,115,3.6
2023,2,1,4,0,23.900000000000002,0,0,0,0,0,0,0,0,129.7,120,3.5
2023,2,1,5,0,23.900000000000002,0,0,0,0,0,0,0,0,116.15,124,3.3000000000000003
2023,2,1,6,0,23.900000000000002,0,0,0,1,0,0,0,0,102.78,125,3.1
2023,2,1,7,0,24.5,0,0,0,0,0,0,0,0,89.28,123,2.9000000000000004
2023,2,1,8,0,24.900000000000002,48,621,187,0,48,621,0,187,77.07000000000001,118,2.9000000000000004
2023,2,1,9,0,25.200000000000003,66,802,400,0,66,802,0,400,65.36,113,2.8000000000000003
2023,2,1,10,0,25.6,68,902,586,0,68,902,0,586,54.980000000000004,110,2.7
2023,2,1,11,0,25.900000000000002,74,941,717,0,74,941,0,717,46.9,108,2.4000000000000004
2023,2,1,12,0,26.1,76,956,782,0,76,956,0,782,42.45,105,2
2023,2,1,13,0,26.200000000000003,77,953,777,0,77,953,0,777,42.79,101,1.7000000000000002
2023,2,1,14,0,26.3,75,931,700,0,75,931,0,700,47.83,95,1.6
2023,2,1,15,0,26.200000000000003,69,887,561,0,69,887,0,561,56.300000000000004,91,1.6
2023,2,1,16,0,26.1,59,797,372,0,59,797,0,372,66.91,91,1.8
2023,2,1,17,0,25.700000000000003,42,596,158,0,42,596,0,158,78.75,93,2.1
2023,2,1,18,0,25.400000000000002,0,0,0,0,0,0,0,0,91.48,98,2.4000000000000004
2023,2,1,19,0,25.3,0,0,0,0,0,0,0,0,104.60000000000001,103,2.7
2023,2,1,20,0,25.200000000000003,0,0,0,0,0,0,0,0,118.01,105,2.9000000000000004
2023,2,1,21,0,25.1,0,0,0,0,0,0,0,0,131.57,105,2.9000000000000004
2023,2,1,22,0,25,0,0,0,0,0,0,0,0,145.14000000000001,103,2.9000000000000004
2023,2,1,23,0,24.8,0,0,0,0,0,0,0,0,158.45000000000002,99,2.9000000000000004
2023,2,2,0,0,24.6,0,0,0,0,0,0,0,0,169.94,96,3.1
2023,2,2,1,0,24.5,0,0,0,0,0,0,0,0,168.65,94,3.4000000000000004
2023,2,2,2,0,24.3,0,0,0,0,0,0,0,0,156.61,95,3.6
2023,2,2,3,0,24.1,0,0,0,1,0,0,0,0,143.22,98,3.8000000000000003
2023,2,2,4,0,24,0,0,0,0,0,0,0,0,129.63,100,4
2023,2,2,5,0,23.900000000000002,0,0,0,0,0,0,0,0,116.08,102,4.1000000000000005
2023,2,2,6,0,23.8,0,0,0,0,0,0,0,0,102.69,103,4.2
2023,2,2,7,0,24.200000000000003,0,0,0,1,0,0,0,0,89.19,104,4.5
2023,2,2,8,0,24.6,46,648,193,0,46,648,0,193,76.95,105,4.800000000000001
2023,2,2,9,0,24.900000000000002,62,825,408,0,62,825,0,408,65.2,108,4.800000000000001
2023,2,2,10,0,25.200000000000003,72,904,594,0,72,904,0,594,54.78,111,4.800000000000001
2023,2,2,11,0,25.6,78,945,726,0,78,945,0,726,46.65,116,4.6000000000000005
2023,2,2,12,0,25.900000000000002,81,959,792,0,81,959,0,792,42.17,122,4.2
2023,2,2,13,0,26.1,80,959,787,0,80,959,0,787,42.5,127,3.8000000000000003
2023,2,2,14,0,26.200000000000003,77,936,709,0,77,936,0,709,47.56,132,3.5
2023,2,2,15,0,26.200000000000003,71,891,569,0,71,891,0,569,56.07,134,3.3000000000000003
2023,2,2,16,0,26.1,61,800,377,0,61,800,0,377,66.71000000000001,133,3.3000000000000003
2023,2,2,17,0,25.6,43,604,162,0,43,604,0,162,78.58,130,3.2
2023,2,2,18,0,25.200000000000003,0,0,0,0,0,0,0,0,91.33,127,3.2
2023,2,2,19,0,25,0,0,0,0,0,0,0,0,104.47,125,3.3000000000000003
2023,2,2,20,0,24.700000000000003,0,0,0,0,0,0,0,0,117.88,125,3.4000000000000004
2023,2,2,21,0,24.6,0,0,0,0,0,0,0,0,131.44,125,3.5
2023,2,2,22,0,24.400000000000002,0,0,0,0,0,0,0,0,145.01,127,3.4000000000000004
2023,2,2,23,0,24.200000000000003,0,0,0,1,0,0,0,0,158.29,130,3.3000000000000003
2023,2,3,0,0,24,0,0,0,1,0,0,0,0,169.68,132,3.3000000000000003
2023,2,3,1,0,24,0,0,0,1,0,0,0,0,168.45000000000002,135,3.2
2023,2,3,2,0,24,0,0,0,0,0,0,0,0,156.51,139,3.1
2023,2,3,3,0,24,0,0,0,1,0,0,0,0,143.15,143,2.9000000000000004
2023,2,3,4,0,24,0,0,0,0,0,0,0,0,129.57,146,2.8000000000000003
2023,2,3,5,0,24.1,0,0,0,0,0,0,0,0,116.01,151,2.8000000000000003
2023,2,3,6,0,24.200000000000003,0,0,0,0,0,0,0,0,102.61,157,2.8000000000000003
2023,2,3,7,0,24.700000000000003,0,0,0,0,0,0,0,0,89.10000000000001,164,2.9000000000000004
2023,2,3,8,0,25.200000000000003,45,664,196,0,45,664,0,196,76.82000000000001,172,3.2
2023,2,3,9,0,25.6,60,836,412,0,60,836,0,412,65.04,179,3.4000000000000004
2023,2,3,10,0,26.1,68,916,599,0,68,916,0,599,54.58,185,3.5
2023,2,3,11,0,26.400000000000002,72,956,732,0,72,956,0,732,46.410000000000004,192,3.5
2023,2,3,12,0,26.700000000000003,75,973,799,1,75,973,0,799,41.88,200,3.5
2023,2,3,13,0,26.8,83,957,792,1,83,957,0,792,42.21,208,3.5
2023,2,3,14,0,26.900000000000002,81,934,714,2,338,49,0,372,47.29,215,3.5
2023,2,3,15,0,26.8,74,888,573,2,265,38,0,286,55.84,221,3.3000000000000003
2023,2,3,16,0,26.6,64,795,381,0,64,795,0,381,66.51,228,3.1
2023,2,3,17,0,26.1,45,596,164,0,45,596,0,164,78.41,237,2.8000000000000003
2023,2,3,18,0,25.6,0,0,0,0,0,0,0,0,91.18,245,2.5
2023,2,3,19,0,25.400000000000002,0,0,0,0,0,0,0,0,104.33,252,2.3000000000000003
2023,2,3,20,0,25.200000000000003,0,0,0,0,0,0,0,0,117.76,259,2.1
2023,2,3,21,0,25,0,0,0,0,0,0,0,0,131.32,263,1.9000000000000001
2023,2,3,22,0,24.900000000000002,0,0,0,0,0,0,0,0,144.89000000000001,273,1.5
2023,2,3,23,0,24.8,0,0,0,0,0,0,0,0,158.14000000000001,301,1.2000000000000002
2023,2,4,0,0,24.700000000000003,0,0,0,0,0,0,0,0,169.43,338,1.5
2023,2,4,1,0,24.400000000000002,0,0,0,1,0,0,0,0,168.25,4,2.3000000000000003
2023,2,4,2,0,24.200000000000003,0,0,0,0,0,0,0,0,156.41,19,3.3000000000000003
2023,2,4,3,0,24,0,0,0,0,0,0,0,0,143.07,31,4.7
2023,2,4,4,0,23.900000000000002,0,0,0,3,0,0,0,0,129.49,39,5.7
2023,2,4,5,0,23.8,0,0,0,1,0,0,0,0,115.93,44,6
2023,2,4,6,0,23.700000000000003,0,0,0,3,0,0,0,0,102.51,48,6.1000000000000005
2023,2,4,7,0,24.1,0,0,0,1,0,0,0,0,89,51,6.5
2023,2,4,8,0,24.400000000000002,72,440,173,0,72,440,0,173,76.69,54,6.7
2023,2,4,9,0,24.8,104,647,379,3,16,0,0,16,64.87,58,6.6000000000000005
2023,2,4,10,0,25,119,757,560,3,188,1,0,189,54.38,61,6.7
2023,2,4,11,0,24.900000000000002,133,802,689,7,202,4,1,205,46.15,63,6.9
2023,2,4,12,0,24.8,140,820,753,7,210,3,0,212,41.59,66,7.1000000000000005
2023,2,4,13,0,24.700000000000003,124,849,755,3,409,124,0,502,41.92,67,7.300000000000001
2023,2,4,14,0,24.5,124,813,678,4,228,1,0,228,47.02,68,7.5
2023,2,4,15,0,24.200000000000003,123,735,538,4,142,0,0,142,55.6,68,7.7
2023,2,4,16,0,24.1,108,601,350,4,129,1,0,129,66.31,69,7.800000000000001
2023,2,4,17,0,23.8,75,333,142,4,5,0,0,5,78.24,71,7.800000000000001
2023,2,4,18,0,23.8,0,0,0,4,0,0,0,0,91.03,74,7.800000000000001
2023,2,4,19,0,23.900000000000002,0,0,0,5,0,0,0,0,104.2,77,7.800000000000001
2023,2,4,20,0,24.1,0,0,0,3,0,0,0,0,117.63,81,7.9
2023,2,4,21,0,24.3,0,0,0,3,0,0,0,0,131.21,85,7.9
2023,2,4,22,0,24.400000000000002,0,0,0,3,0,0,0,0,144.76,87,7.800000000000001
2023,2,4,23,0,24.400000000000002,0,0,0,3,0,0,0,0,157.98,89,7.800000000000001
2023,2,5,0,0,24.400000000000002,0,0,0,3,0,0,0,0,169.16,91,7.6000000000000005
2023,2,5,1,0,24.3,0,0,0,4,0,0,0,0,168.03,93,7.4
2023,2,5,2,0,24.3,0,0,0,4,0,0,0,0,156.3,96,7.2
2023,2,5,3,0,24.200000000000003,0,0,0,4,0,0,0,0,142.99,98,6.800000000000001
2023,2,5,4,0,24.200000000000003,0,0,0,5,0,0,0,0,129.41,100,6.4
2023,2,5,5,0,24.200000000000003,0,0,0,4,0,0,0,0,115.84,103,5.9
2023,2,5,6,0,24.200000000000003,0,0,0,3,0,0,0,0,102.42,107,5.7
2023,2,5,7,0,24.900000000000002,11,93,13,0,11,93,0,13,88.9,112,6
2023,2,5,8,0,25.400000000000002,52,595,190,0,52,595,0,190,76.55,119,6.300000000000001
2023,2,5,9,0,25.8,72,771,401,0,72,771,0,401,64.7,128,6.6000000000000005
2023,2,5,10,0,26.1,85,850,582,1,85,850,0,582,54.160000000000004,136,6.7
2023,2,5,11,0,26.400000000000002,92,893,713,1,92,893,0,713,45.89,143,6.5
2023,2,5,12,0,26.5,95,910,779,2,381,98,0,455,41.300000000000004,151,6.2
2023,2,5,13,0,26.6,94,910,774,0,94,910,0,774,41.62,157,5.9
2023,2,5,14,0,26.6,89,893,701,3,31,0,0,31,46.75,163,5.5
2023,2,5,15,0,26.6,81,848,563,0,81,848,0,563,55.370000000000005,170,5
2023,2,5,16,0,26.400000000000002,69,756,375,1,69,756,0,375,66.11,176,4.5
2023,2,5,17,0,25.8,47,560,163,0,47,560,0,163,78.07000000000001,178,3.8000000000000003
2023,2,5,18,0,25.3,0,0,0,0,0,0,0,0,90.88,180,3.5
2023,2,5,19,0,25,0,0,0,0,0,0,0,0,104.07000000000001,180,3.5
2023,2,5,20,0,24.8,0,0,0,0,0,0,0,0,117.51,183,3.4000000000000004
2023,2,5,21,0,24.5,0,0,0,0,0,0,0,0,131.09,188,3.4000000000000004
2023,2,5,22,0,24.3,0,0,0,0,0,0,0,0,144.64000000000001,193,3.4000000000000004
2023,2,5,23,0,24.1,0,0,0,0,0,0,0,0,157.83,196,3.3000000000000003
2023,2,6,0,0,24,0,0,0,1,0,0,0,0,168.9,199,3
2023,2,6,1,0,23.8,0,0,0,0,0,0,0,0,167.81,204,2.6
2023,2,6,2,0,23.700000000000003,0,0,0,3,0,0,0,0,156.18,212,2
2023,2,6,3,0,23.6,0,0,0,0,0,0,0,0,142.9,224,1.4000000000000001
2023,2,6,4,0,23.5,0,0,0,3,0,0,0,0,129.33,254,0.8
2023,2,6,5,0,23.5,0,0,0,3,0,0,0,0,115.75,313,1
2023,2,6,6,0,23.5,0,0,0,0,0,0,0,0,102.32000000000001,346,1.6
2023,2,6,7,0,23.8,12,75,13,1,12,75,0,13,88.79,2,2.3000000000000003
2023,2,6,8,0,24.1,54,574,189,0,54,574,0,189,76.4,10,3.3000000000000003
2023,2,6,9,0,24.400000000000002,75,759,401,0,75,759,0,401,64.53,17,4.1000000000000005
2023,2,6,10,0,24.700000000000003,79,865,588,3,266,387,0,494,53.95,24,4.7
2023,2,6,11,0,24.900000000000002,86,907,720,1,86,907,0,720,45.63,29,5.2
2023,2,6,12,0,25.1,91,924,788,0,91,924,0,788,41,32,5.5
2023,2,6,13,0,25.200000000000003,91,924,785,3,378,95,0,449,41.31,34,5.6000000000000005
2023,2,6,14,0,25.200000000000003,89,905,712,3,150,0,0,150,46.47,35,5.800000000000001
2023,2,6,15,0,25,81,863,575,0,81,863,0,575,55.13,36,5.9
2023,2,6,16,0,24.8,70,773,385,0,70,773,0,385,65.91,38,6
2023,2,6,17,0,24.400000000000002,49,576,170,0,49,576,0,170,77.9,40,5.7
2023,2,6,18,0,24.1,0,0,0,0,0,0,0,0,90.16,42,5.6000000000000005
2023,2,6,19,0,24,0,0,0,0,0,0,0,0,103.93,43,5.7
2023,2,6,20,0,23.8,0,0,0,0,0,0,0,0,117.39,45,5.800000000000001
2023,2,6,21,0,23.700000000000003,0,0,0,0,0,0,0,0,130.97,46,5.800000000000001
2023,2,6,22,0,23.5,0,0,0,0,0,0,0,0,144.51,48,5.7
2023,2,6,23,0,23.200000000000003,0,0,0,0,0,0,0,0,157.67000000000002,50,5.5
2023,2,7,0,0,23,0,0,0,0,0,0,0,0,168.63,52,5.4
2023,2,7,1,0,22.8,0,0,0,0,0,0,0,0,167.58,53,5.300000000000001
2023,2,7,2,0,22.6,0,0,0,0,0,0,0,0,156.05,54,5.300000000000001
2023,2,7,3,0,22.400000000000002,0,0,0,1,0,0,0,0,142.8,55,5.4
2023,2,7,4,0,22.200000000000003,0,0,0,0,0,0,0,0,129.24,55,5.5
2023,2,7,5,0,22.1,0,0,0,0,0,0,0,0,115.66,56,5.7
2023,2,7,6,0,22,0,0,0,0,0,0,0,0,102.21000000000001,58,5.9
2023,2,7,7,0,22.5,13,118,15,0,13,118,0,15,88.68,59,6.4
2023,2,7,8,0,22.900000000000002,53,638,205,0,53,638,0,205,76.26,61,6.6000000000000005
2023,2,7,9,0,23.1,73,814,426,0,73,814,0,426,64.35,63,6.4
2023,2,7,10,0,23.5,81,906,617,1,81,906,0,617,53.730000000000004,66,6.2
2023,2,7,11,0,23.900000000000002,88,949,755,0,88,949,0,755,45.36,68,6
2023,2,7,12,0,24.1,93,964,824,0,93,964,0,824,40.69,71,5.9
2023,2,7,13,0,24.3,89,969,821,2,376,396,0,675,41,74,5.800000000000001
2023,2,7,14,0,24.3,87,947,743,0,87,947,0,743,46.2,76,5.9
2023,2,7,15,0,24.3,82,897,598,2,333,155,0,422,54.9,77,6
2023,2,7,16,0,24.1,72,802,402,1,72,802,0,402,65.71000000000001,78,6.1000000000000005
2023,2,7,17,0,23.700000000000003,53,589,178,1,53,589,0,178,77.73,80,6
2023,2,7,18,0,23.5,0,0,0,0,0,0,0,0,90.03,81,6
2023,2,7,19,0,23.400000000000002,0,0,0,0,0,0,0,0,103.8,81,6.1000000000000005
2023,2,7,20,0,23.3,0,0,0,0,0,0,0,0,117.27,82,6.1000000000000005
2023,2,7,21,0,23.200000000000003,0,0,0,0,0,0,0,0,130.85,84,6.1000000000000005
2023,2,7,22,0,23,0,0,0,0,0,0,0,0,144.38,86,6.1000000000000005
2023,2,7,23,0,22.900000000000002,0,0,0,0,0,0,0,0,157.5,90,6.1000000000000005
2023,2,8,0,0,22.700000000000003,0,0,0,0,0,0,0,0,168.35,94,5.9
2023,2,8,1,0,22.6,0,0,0,0,0,0,0,0,167.34,97,5.7
2023,2,8,2,0,22.5,0,0,0,1,0,0,0,0,155.91,99,5.5
2023,2,8,3,0,22.400000000000002,0,0,0,0,0,0,0,0,142.70000000000002,101,5.4
2023,2,8,4,0,22.400000000000002,0,0,0,1,0,0,0,0,129.14000000000001,101,5.300000000000001
2023,2,8,5,0,22.400000000000002,0,0,0,3,0,0,0,0,115.55,100,5.300000000000001
2023,2,8,6,0,22.400000000000002,0,0,0,1,0,0,0,0,102.10000000000001,100,5.300000000000001
2023,2,8,7,0,23.1,14,103,16,3,6,0,7,6,88.56,100,5.5
2023,2,8,8,0,23.700000000000003,58,617,206,3,57,0,0,57,76.10000000000001,99,5.7
2023,2,8,9,0,24.1,78,803,428,0,78,803,0,428,64.16,97,5.5
2023,2,8,10,0,24.5,87,895,619,0,87,895,0,619,53.5,92,5.2
2023,2,8,11,0,24.700000000000003,93,935,754,0,93,935,0,754,45.09,87,5
2023,2,8,12,0,24.8,97,950,820,0,97,950,0,820,40.38,83,4.9
2023,2,8,13,0,24.900000000000002,93,953,815,2,381,51,0,419,40.69,80,5
2023,2,8,14,0,24.900000000000002,90,929,736,3,262,1,0,263,45.92,78,5.2
2023,2,8,15,0,24.700000000000003,83,880,592,3,127,0,0,127,54.660000000000004,76,5.5
2023,2,8,16,0,24.5,72,782,396,3,23,0,0,23,65.52,76,5.800000000000001
2023,2,8,17,0,24.1,52,576,176,3,20,0,0,20,77.57000000000001,79,5.9
2023,2,8,18,0,23.8,0,0,0,3,0,0,7,0,89.91,82,6.1000000000000005
2023,2,8,19,0,23.700000000000003,0,0,0,0,0,0,0,0,103.67,86,6.5
2023,2,8,20,0,23.6,0,0,0,0,0,0,0,0,117.15,90,6.7
2023,2,8,21,0,23.5,0,0,0,0,0,0,0,0,130.73,93,6.7
2023,2,8,22,0,23.400000000000002,0,0,0,0,0,0,0,0,144.25,95,6.6000000000000005
2023,2,8,23,0,23.400000000000002,0,0,0,0,0,0,0,0,157.34,95,6.4
2023,2,9,0,0,23.3,0,0,0,0,0,0,0,0,168.08,95,6.1000000000000005
2023,2,9,1,0,23.3,0,0,0,0,0,0,0,0,167.09,95,6
2023,2,9,2,0,23.200000000000003,0,0,0,0,0,0,0,0,155.77,96,5.9
2023,2,9,3,0,23.200000000000003,0,0,0,0,0,0,0,0,142.59,97,5.9
2023,2,9,4,0,23.1,0,0,0,1,0,0,0,0,129.04,97,5.800000000000001
2023,2,9,5,0,23.1,0,0,0,1,0,0,0,0,115.45,96,5.9
2023,2,9,6,0,23.1,0,0,0,1,0,0,0,0,101.98,97,5.9
2023,2,9,7,0,23.700000000000003,13,155,17,1,13,155,0,17,88.44,98,6.300000000000001
2023,2,9,8,0,24.200000000000003,50,654,209,3,48,0,0,48,75.95,100,6.6000000000000005
2023,2,9,9,0,24.6,67,824,429,3,180,7,0,183,63.97,100,6.4
2023,2,9,10,0,24.900000000000002,76,905,617,3,313,65,0,351,53.27,99,6.1000000000000005
2023,2,9,11,0,25.1,81,944,750,3,187,0,0,187,44.81,98,5.9
2023,2,9,12,0,25.200000000000003,84,959,818,1,84,959,0,818,40.07,98,5.9
2023,2,9,13,0,25.3,94,939,809,1,94,939,0,809,40.38,98,6
2023,2,9,14,0,25.3,91,917,732,3,371,281,0,567,45.64,99,6.1000000000000005
2023,2,9,15,0,25.200000000000003,82,878,593,0,82,878,0,593,54.43,100,6.4
2023,2,9,16,0,24.900000000000002,70,790,400,0,70,790,0,400,65.32000000000001,101,6.5
2023,2,9,17,0,24.6,50,598,181,0,50,598,0,181,77.4,102,6.300000000000001
2023,2,9,18,0,24.200000000000003,0,0,0,0,0,0,0,0,89.79,104,6
2023,2,9,19,0,24.1,0,0,0,0,0,0,0,0,103.54,105,5.800000000000001
2023,2,9,20,0,24,0,0,0,0,0,0,0,0,117.03,106,5.6000000000000005
2023,2,9,21,0,23.900000000000002,0,0,0,0,0,0,0,0,130.61,106,5.4
2023,2,9,22,0,23.8,0,0,0,0,0,0,0,0,144.13,106,5.300000000000001
2023,2,9,23,0,23.6,0,0,0,0,0,0,0,0,157.17000000000002,106,5.300000000000001
2023,2,10,0,0,23.400000000000002,0,0,0,0,0,0,0,0,167.79,105,5.2
2023,2,10,1,0,23.200000000000003,0,0,0,0,0,0,0,0,166.83,104,5.1000000000000005
2023,2,10,2,0,23,0,0,0,0,0,0,0,0,155.62,104,5.1000000000000005
2023,2,10,3,0,22.900000000000002,0,0,0,0,0,0,0,0,142.47,104,5.2
2023,2,10,4,0,22.8,0,0,0,0,0,0,0,0,128.93,105,5.1000000000000005
2023,2,10,5,0,22.700000000000003,0,0,0,0,0,0,0,0,115.34,106,5.1000000000000005
2023,2,10,6,0,22.8,0,0,0,0,0,0,0,0,101.86,107,4.9
2023,2,10,7,0,23.5,15,147,19,0,15,147,0,19,88.32000000000001,108,5
2023,2,10,8,0,24.1,54,656,215,0,54,656,0,215,75.79,109,5.2
2023,2,10,9,0,24.5,70,831,438,0,70,831,0,438,63.78,111,5.1000000000000005
2023,2,10,10,0,25,78,915,628,0,78,915,0,628,53.03,114,5.1000000000000005
2023,2,10,11,0,25.400000000000002,81,955,761,0,81,955,0,761,44.53,117,5
2023,2,10,12,0,25.700000000000003,82,970,828,0,82,970,0,828,39.75,119,4.9
2023,2,10,13,0,25.8,86,958,819,0,86,958,0,819,40.06,121,4.9
2023,2,10,14,0,26,83,936,741,0,83,936,0,741,45.36,122,5
2023,2,10,15,0,26,78,886,597,0,78,886,0,597,54.19,123,4.9
2023,2,10,16,0,25.900000000000002,71,787,402,0,71,787,0,402,65.12,123,5
2023,2,10,17,0,25.5,54,572,180,0,54,572,0,180,77.23,122,4.7
2023,2,10,18,0,25.1,0,0,0,0,0,0,0,0,89.67,121,4.5
2023,2,10,19,0,24.8,0,0,0,0,0,0,0,0,103.41,121,4.3
2023,2,10,20,0,24.6,0,0,0,0,0,0,0,0,116.91,120,4.1000000000000005
2023,2,10,21,0,24.5,0,0,0,0,0,0,0,0,130.49,121,3.8000000000000003
2023,2,10,22,0,24.3,0,0,0,0,0,0,0,0,144,121,3.7
2023,2,10,23,0,24.200000000000003,0,0,0,0,0,0,0,0,157,121,3.7
2023,2,11,0,0,24,0,0,0,0,0,0,0,0,167.51,120,3.7
2023,2,11,1,0,23.900000000000002,0,0,0,0,0,0,0,0,166.57,120,3.8000000000000003
2023,2,11,2,0,23.8,0,0,0,0,0,0,0,0,155.46,121,3.8000000000000003
2023,2,11,3,0,23.8,0,0,0,0,0,0,0,0,142.35,123,4.1000000000000005
2023,2,11,4,0,23.8,0,0,0,0,0,0,0,0,128.81,124,4.3
2023,2,11,5,0,23.8,0,0,0,0,0,0,0,0,115.22,126,4.4
2023,2,11,6,0,23.900000000000002,0,0,0,0,0,0,0,0,101.73,129,4.5
2023,2,11,7,0,24.5,14,168,19,0,14,168,0,19,88.19,132,5
2023,2,11,8,0,25,50,647,211,0,50,647,0,211,75.62,137,5.5
2023,2,11,9,0,25.400000000000002,68,810,428,0,68,810,0,428,63.58,142,5.7
2023,2,11,10,0,25.700000000000003,78,892,617,0,78,892,0,617,52.79,147,5.9
2023,2,11,11,0,26,82,937,754,1,82,937,0,754,44.24,150,6
2023,2,11,12,0,26.3,84,957,824,0,84,957,0,824,39.43,152,6
2023,2,11,13,0,26.5,90,949,820,0,90,949,0,820,39.74,153,6
2023,2,11,14,0,26.5,86,932,745,0,86,932,0,745,45.07,153,5.800000000000001
2023,2,11,15,0,26.400000000000002,79,889,603,0,79,889,0,603,53.95,152,5.6000000000000005
2023,2,11,16,0,26.200000000000003,65,813,410,0,65,813,0,410,64.93,149,5.5
2023,2,11,17,0,25.700000000000003,48,624,187,0,48,624,0,187,77.07000000000001,145,5.300000000000001
2023,2,11,18,0,25.1,0,0,0,0,0,0,0,0,89.55,142,5.300000000000001
2023,2,11,19,0,24.900000000000002,0,0,0,0,0,0,0,0,103.28,142,5.5
2023,2,11,20,0,24.700000000000003,0,0,0,0,0,0,0,0,116.79,144,5.7
2023,2,11,21,0,24.700000000000003,0,0,0,0,0,0,0,0,130.37,147,5.9
2023,2,11,22,0,24.700000000000003,0,0,0,0,0,0,0,0,143.86,151,6
2023,2,11,23,0,24.6,0,0,0,0,0,0,0,0,156.83,153,6.1000000000000005
2023,2,12,0,0,24.6,0,0,0,0,0,0,0,0,167.22,156,6.2
2023,2,12,1,0,24.5,0,0,0,0,0,0,0,0,166.3,157,6.300000000000001
2023,2,12,2,0,24.5,0,0,0,0,0,0,0,0,155.3,159,6.4
2023,2,12,3,0,24.400000000000002,0,0,0,0,0,0,0,0,142.22,161,6.6000000000000005
2023,2,12,4,0,24.400000000000002,0,0,0,0,0,0,0,0,128.69,163,6.7
2023,2,12,5,0,24.200000000000003,0,0,0,0,0,0,0,0,115.10000000000001,167,6.6000000000000005
2023,2,12,6,0,24.1,0,0,0,0,0,0,0,0,101.60000000000001,171,6.5
2023,2,12,7,0,24.5,15,133,20,1,15,133,0,20,88.05,177,7
2023,2,12,8,0,25,56,606,209,8,99,22,0,105,75.45,182,7.5
2023,2,12,9,0,25.400000000000002,76,778,425,0,76,778,0,425,63.38,187,7.9
2023,2,12,10,0,25.900000000000002,96,839,606,1,96,839,0,606,52.550000000000004,193,8.1
2023,2,12,11,0,26.200000000000003,103,885,741,0,103,885,0,741,43.95,202,8
2023,2,12,12,0,26.3,106,904,807,3,208,0,0,209,39.1,215,7.9
2023,2,12,13,0,26,105,901,801,3,210,0,0,210,39.42,229,7.9
2023,2,12,14,0,25.5,97,886,726,3,100,0,0,100,44.79,242,7.6000000000000005
2023,2,12,15,0,24.900000000000002,91,835,585,1,91,835,0,585,53.72,251,7
2023,2,12,16,0,24.400000000000002,82,730,393,1,82,730,0,393,64.73,257,6.4
2023,2,12,17,0,24,62,501,175,1,62,501,0,175,76.91,264,6.4
2023,2,12,18,0,23.6,0,0,0,3,0,0,7,0,89.42,271,7
2023,2,12,19,0,23.400000000000002,0,0,0,3,0,0,0,0,103.16,273,7.4
2023,2,12,20,0,23.3,0,0,0,3,0,0,0,0,116.67,273,7.7
2023,2,12,21,0,23.1,0,0,0,3,0,0,0,0,130.26,274,7.9
2023,2,12,22,0,22.8,0,0,0,0,0,0,0,0,143.73,275,7.7
2023,2,12,23,0,22.3,0,0,0,0,0,0,0,0,156.65,277,7.5
2023,2,13,0,0,21.900000000000002,0,0,0,0,0,0,0,0,166.92000000000002,282,7.5
2023,2,13,1,0,21.5,0,0,0,1,0,0,0,0,166.02,288,7.6000000000000005
2023,2,13,2,0,21.200000000000003,0,0,0,3,0,0,0,0,155.12,295,7.7
2023,2,13,3,0,21,0,0,0,2,0,0,0,0,142.08,300,7.7
2023,2,13,4,0,20.900000000000002,0,0,0,2,0,0,0,0,128.57,304,7.800000000000001
2023,2,13,5,0,20.6,0,0,0,3,0,0,0,0,114.97,308,8
2023,2,13,6,0,20.3,0,0,0,2,0,0,0,0,101.47,311,7.9
2023,2,13,7,0,20.5,17,123,22,3,10,0,7,10,87.91,314,7.9
2023,2,13,8,0,20.700000000000003,61,638,223,3,55,0,0,55,75.28,316,7.6000000000000005
2023,2,13,9,0,21,79,824,451,3,184,5,0,186,63.17,317,7.4
2023,2,13,10,0,21.3,89,912,647,3,351,94,0,409,52.300000000000004,317,7.1000000000000005
2023,2,13,11,0,21.5,95,956,786,0,95,956,0,786,43.65,316,6.9
2023,2,13,12,0,21.6,97,975,857,0,97,975,0,857,38.77,316,6.800000000000001
2023,2,13,13,0,21.700000000000003,95,977,853,0,95,977,0,853,39.09,317,6.6000000000000005
2023,2,13,14,0,21.6,90,959,775,0,90,959,0,775,44.5,319,6.2
2023,2,13,15,0,21.5,83,916,629,1,83,916,0,629,53.480000000000004,322,5.800000000000001
2023,2,13,16,0,21.3,72,830,429,0,72,830,0,429,64.54,325,5.5
2023,2,13,17,0,20.900000000000002,52,645,200,0,52,645,0,200,76.74,329,5
2023,2,13,18,0,20.400000000000002,0,0,0,0,0,0,0,0,89.29,333,4.4
2023,2,13,19,0,20.3,0,0,0,1,0,0,0,0,103.03,337,4.2
2023,2,13,20,0,20.200000000000003,0,0,0,1,0,0,0,0,116.55,341,3.9000000000000004
2023,2,13,21,0,20.1,0,0,0,1,0,0,0,0,130.14000000000001,345,3.7
2023,2,13,22,0,19.900000000000002,0,0,0,1,0,0,0,0,143.6,349,3.6
2023,2,13,23,0,19.8,0,0,0,1,0,0,0,0,156.47,355,3.4000000000000004
2023,2,14,0,0,19.700000000000003,0,0,0,1,0,0,0,0,166.63,3,3.4000000000000004
2023,2,14,1,0,19.6,0,0,0,2,0,0,0,0,165.73,9,3.4000000000000004
2023,2,14,2,0,19.5,0,0,0,2,0,0,0,0,154.94,14,3.5
2023,2,14,3,0,19.5,0,0,0,3,0,0,0,0,141.94,20,3.6
2023,2,14,4,0,19.6,0,0,0,3,0,0,0,0,128.44,27,3.6
2023,2,14,5,0,19.900000000000002,0,0,0,3,0,0,0,0,114.84,35,3.5
2023,2,14,6,0,20.1,0,0,0,1,0,0,0,0,101.33,43,3.5
2023,2,14,7,0,20.900000000000002,16,235,25,1,16,235,0,25,87.76,51,3.7
2023,2,14,8,0,21.5,51,699,230,0,51,699,0,230,75.10000000000001,59,3.9000000000000004
2023,2,14,9,0,22,65,861,457,0,65,861,0,457,62.96,69,3.9000000000000004
2023,2,14,10,0,22.5,78,928,649,0,78,928,0,649,52.050000000000004,79,4
2023,2,14,11,0,22.900000000000002,84,966,787,0,84,966,0,787,43.35,85,4.1000000000000005
2023,2,14,12,0,23.200000000000003,87,979,854,0,87,979,0,854,38.43,89,4.2
2023,2,14,13,0,23.5,85,980,850,2,443,157,0,565,38.76,91,4.3
2023,2,14,14,0,23.6,83,961,771,1,83,961,0,771,44.22,92,4.4
2023,2,14,15,0,23.6,77,915,624,0,77,915,0,624,53.25,93,4.6000000000000005
2023,2,14,16,0,23.400000000000002,67,832,427,0,67,832,0,427,64.34,93,4.7
2023,2,14,17,0,23,49,656,201,0,49,656,0,201,76.58,95,4.5
2023,2,14,18,0,22.6,0,0,0,0,0,0,0,0,89.17,97,4.3
2023,2,14,19,0,22.5,0,0,0,0,0,0,0,0,102.91,98,4.3
2023,2,14,20,0,22.5,0,0,0,1,0,0,0,0,116.43,99,4.3
2023,2,14,21,0,22.5,0,0,0,0,0,0,0,0,130.02,100,4.4
2023,2,14,22,0,22.400000000000002,0,0,0,1,0,0,0,0,143.47,101,4.6000000000000005
2023,2,14,23,0,22.3,0,0,0,1,0,0,0,0,156.29,102,4.9
2023,2,15,0,0,22.3,0,0,0,1,0,0,0,0,166.33,103,5.1000000000000005
2023,2,15,1,0,22.200000000000003,0,0,0,0,0,0,0,0,165.44,103,5.300000000000001
2023,2,15,2,0,22.1,0,0,0,1,0,0,0,0,154.75,103,5.4
2023,2,15,3,0,22,0,0,0,1,0,0,0,0,141.79,103,5.4
2023,2,15,4,0,22,0,0,0,0,0,0,0,0,128.3,104,5.5
2023,2,15,5,0,22.1,0,0,0,0,0,0,0,0,114.71000000000001,104,5.7
2023,2,15,6,0,22.200000000000003,0,0,0,0,0,0,0,0,101.18,105,5.9
2023,2,15,7,0,22.8,17,219,26,0,17,219,0,26,87.61,105,6.4
2023,2,15,8,0,23.3,53,678,230,1,53,678,0,230,74.92,106,6.9
2023,2,15,9,0,23.8,72,834,454,0,72,834,0,454,62.75,107,7.1000000000000005
2023,2,15,10,0,24.200000000000003,80,917,647,0,80,917,0,647,51.79,108,7
2023,2,15,11,0,24.5,87,950,782,0,87,950,0,782,43.050000000000004,108,6.7
2023,2,15,12,0,24.700000000000003,92,963,850,2,384,24,0,403,38.09,108,6.300000000000001
2023,2,15,13,0,24.8,95,957,845,0,95,957,0,845,38.43,107,6
2023,2,15,14,0,24.900000000000002,92,933,764,0,92,933,0,764,43.93,105,5.7
2023,2,15,15,0,24.8,85,889,620,0,85,889,0,620,53.01,104,5.6000000000000005
2023,2,15,16,0,24.5,73,805,424,0,73,805,0,424,64.15,103,5.5
2023,2,15,17,0,24.1,53,620,199,0,53,620,0,199,76.42,102,5.300000000000001
2023,2,15,18,0,23.700000000000003,0,0,0,0,0,0,0,0,89.05,102,5.1000000000000005
2023,2,15,19,0,23.6,0,0,0,0,0,0,0,0,102.78,101,5.1000000000000005
2023,2,15,20,0,23.6,0,0,0,1,0,0,0,0,116.32000000000001,101,5.2
2023,2,15,21,0,23.6,0,0,0,0,0,0,0,0,129.9,101,5.2
2023,2,15,22,0,23.6,0,0,0,0,0,0,0,0,143.33,101,5.300000000000001
2023,2,15,23,0,23.6,0,0,0,0,0,0,0,0,156.11,103,5.5
2023,2,16,0,0,23.6,0,0,0,0,0,0,0,0,166.02,105,5.7
2023,2,16,1,0,23.6,0,0,0,0,0,0,0,0,165.14000000000001,107,5.9
2023,2,16,2,0,23.5,0,0,0,0,0,0,0,0,154.56,110,6.1000000000000005
2023,2,16,3,0,23.5,0,0,0,1,0,0,0,0,141.64000000000001,113,6.2
2023,2,16,4,0,23.5,0,0,0,3,0,0,0,0,128.16,115,6.1000000000000005
2023,2,16,5,0,23.5,0,0,0,1,0,0,0,0,114.57000000000001,119,6
2023,2,16,6,0,23.5,0,0,0,0,0,0,0,0,101.03,122,5.800000000000001
2023,2,16,7,0,24.200000000000003,18,227,28,1,18,227,0,28,87.46000000000001,126,6
2023,2,16,8,0,24.8,52,686,233,0,52,686,0,233,74.73,129,6.1000000000000005
2023,2,16,9,0,25.3,68,844,458,0,68,844,0,458,62.53,131,5.9
2023,2,16,10,0,25.700000000000003,80,912,647,0,80,912,0,647,51.53,134,5.6000000000000005
2023,2,16,11,0,26,86,947,782,0,86,947,0,782,42.74,134,5.2
2023,2,16,12,0,26.200000000000003,89,958,847,0,89,958,0,847,37.75,133,5
2023,2,16,13,0,26.3,86,959,841,0,86,959,0,841,38.09,131,4.9
2023,2,16,14,0,26.200000000000003,84,937,762,0,84,937,0,762,43.64,129,4.9
2023,2,16,15,0,26.1,79,890,617,1,79,890,0,617,52.77,125,5
2023,2,16,16,0,25.8,70,798,420,0,70,798,0,420,63.96,119,5.2
2023,2,16,17,0,25.3,54,596,195,3,69,1,7,69,76.26,114,5.4
2023,2,16,18,0,24.8,11,66,12,3,4,0,7,4,88.93,110,5.5
2023,2,16,19,0,24.6,0,0,0,3,0,0,0,0,102.66,108,5.7
2023,2,16,20,0,24.5,0,0,0,3,0,0,0,0,116.2,108,5.9
2023,2,16,21,0,24.400000000000002,0,0,0,3,0,0,0,0,129.78,110,6.1000000000000005
2023,2,16,22,0,24.400000000000002,0,0,0,3,0,0,0,0,143.19,112,6.2
2023,2,16,23,0,24.3,0,0,0,1,0,0,0,0,155.92000000000002,114,6.1000000000000005
2023,2,17,0,0,24.3,0,0,0,1,0,0,0,0,165.71,116,6.1000000000000005
2023,2,17,1,0,24.200000000000003,0,0,0,3,0,0,0,0,164.83,119,6.2
2023,2,17,2,0,24.1,0,0,0,3,0,0,0,0,154.35,122,6.2
2023,2,17,3,0,24,0,0,0,1,0,0,0,0,141.48,127,6.300000000000001
2023,2,17,4,0,23.900000000000002,0,0,0,1,0,0,0,0,128.02,132,6.300000000000001
2023,2,17,5,0,23.900000000000002,0,0,0,1,0,0,0,0,114.42,137,6.300000000000001
2023,2,17,6,0,23.8,0,0,0,0,0,0,0,0,100.88,141,6.2
2023,2,17,7,0,24.400000000000002,19,190,28,0,19,190,0,28,87.3,146,6.6000000000000005
2023,2,17,8,0,24.8,55,653,229,0,55,653,0,229,74.54,149,6.7
2023,2,17,9,0,25.200000000000003,71,820,452,0,71,820,0,452,62.31,152,6.4
2023,2,17,10,0,25.6,88,877,637,0,88,877,0,637,51.27,154,6
2023,2,17,11,0,26,92,924,774,0,92,924,0,774,42.43,155,5.6000000000000005
2023,2,17,12,0,26.3,92,947,844,1,92,947,0,844,37.4,157,5.1000000000000005
2023,2,17,13,0,26.5,88,952,840,2,436,219,0,609,37.75,158,4.6000000000000005
2023,2,17,14,0,26.6,84,932,762,2,328,12,0,337,43.35,160,4.1000000000000005
2023,2,17,15,0,26.5,79,886,618,0,79,886,0,618,52.54,162,3.6
2023,2,17,16,0,26.400000000000002,70,800,423,3,27,0,0,27,63.77,164,3.1
2023,2,17,17,0,26,52,617,200,3,16,0,0,16,76.10000000000001,165,2.5
2023,2,17,18,0,25.5,12,101,14,3,4,0,7,4,88.81,162,2.2
2023,2,17,19,0,25.200000000000003,0,0,0,0,0,0,0,0,102.54,157,2.2
2023,2,17,20,0,25,0,0,0,0,0,0,0,0,116.08,154,2.2
2023,2,17,21,0,24.700000000000003,0,0,0,3,0,0,0,0,129.66,153,2.1
2023,2,17,22,0,24.5,0,0,0,1,0,0,0,0,143.06,153,2.2
2023,2,17,23,0,24.3,0,0,0,0,0,0,0,0,155.73,154,2.3000000000000003
2023,2,18,0,0,24.1,0,0,0,1,0,0,0,0,165.4,153,2.5
2023,2,18,1,0,23.900000000000002,0,0,0,0,0,0,0,0,164.52,151,2.8000000000000003
2023,2,18,2,0,23.8,0,0,0,0,0,0,0,0,154.14000000000001,152,3.1
2023,2,18,3,0,23.8,0,0,0,0,0,0,0,0,141.31,153,3.3000000000000003
2023,2,18,4,0,23.700000000000003,0,0,0,0,0,0,0,0,127.87,156,3.2
2023,2,18,5,0,23.700000000000003,0,0,0,0,0,0,0,0,114.27,161,2.7
2023,2,18,6,0,23.700000000000003,0,0,0,0,0,0,0,0,100.72,169,2.2
2023,2,18,7,0,24.200000000000003,20,183,29,0,20,183,0,29,87.14,177,1.8
2023,2,18,8,0,24.5,56,646,230,0,56,646,0,230,74.35000000000001,187,1.3
2023,2,18,9,0,24.900000000000002,70,818,453,0,70,818,0,453,62.08,206,0.7000000000000001
2023,2,18,10,0,25.400000000000002,87,877,639,3,291,26,0,307,51,289,0.4
2023,2,18,11,0,26,89,926,776,2,409,191,1,550,42.11,345,1
2023,2,18,12,0,26.200000000000003,88,948,845,2,423,275,0,642,37.050000000000004,358,1.8
2023,2,18,13,0,26.400000000000002,98,930,837,3,37,0,0,37,37.410000000000004,10,2.5
2023,2,18,14,0,26.400000000000002,92,916,761,2,302,4,0,305,43.06,21,3.3000000000000003
2023,2,18,15,0,26.3,84,873,618,1,84,873,0,618,52.31,29,4.3
2023,2,18,16,0,25.900000000000002,78,767,420,1,78,767,0,420,63.58,37,5.2
2023,2,18,17,0,25.3,58,575,198,0,58,575,0,198,75.95,43,5.800000000000001
2023,2,18,18,0,24.900000000000002,12,66,14,0,12,66,0,14,88.68,47,5.9
2023,2,18,19,0,24.8,0,0,0,0,0,0,0,0,102.41,50,5.9
2023,2,18,20,0,24.700000000000003,0,0,0,0,0,0,0,0,115.97,53,5.6000000000000005
2023,2,18,21,0,24.6,0,0,0,1,0,0,0,0,129.54,57,5.300000000000001
2023,2,18,22,0,24.5,0,0,0,0,0,0,0,0,142.92000000000002,62,5.1000000000000005
2023,2,18,23,0,24.3,0,0,0,3,0,0,0,0,155.54,68,4.800000000000001
2023,2,19,0,0,24.200000000000003,0,0,0,1,0,0,0,0,165.08,74,4.6000000000000005
2023,2,19,1,0,24.1,0,0,0,0,0,0,0,0,164.20000000000002,78,4.3
2023,2,19,2,0,24,0,0,0,0,0,0,0,0,153.93,81,4.1000000000000005
2023,2,19,3,0,24,0,0,0,0,0,0,0,0,141.14000000000001,86,3.9000000000000004
2023,2,19,4,0,24,0,0,0,0,0,0,0,0,127.71000000000001,92,3.9000000000000004
2023,2,19,5,0,24,0,0,0,0,0,0,0,0,114.12,95,3.9000000000000004
2023,2,19,6,0,24.1,0,0,0,0,0,0,0,0,100.56,95,3.8000000000000003
2023,2,19,7,0,24.8,19,249,32,0,19,249,0,32,86.97,95,4.2
2023,2,19,8,0,25.1,51,672,235,0,51,672,0,235,74.15,95,4.4
2023,2,19,9,0,25.400000000000002,66,826,455,0,66,826,0,455,61.85,97,4.6000000000000005
2023,2,19,10,0,25.700000000000003,79,890,642,0,79,890,0,642,50.730000000000004,101,4.6000000000000005
2023,2,19,11,0,25.900000000000002,82,932,777,0,82,932,0,777,41.800000000000004,107,4.6000000000000005
2023,2,19,12,0,26.1,85,948,845,0,85,948,0,845,36.7,112,4.3
2023,2,19,13,0,26.3,89,940,839,0,89,940,0,839,37.07,113,3.8000000000000003
2023,2,19,14,0,26.3,87,920,762,0,87,920,0,762,42.77,111,3.3000000000000003
2023,2,19,15,0,26.3,82,873,619,0,82,873,0,619,52.07,105,3
2023,2,19,16,0,26.1,73,783,423,0,73,783,0,423,63.39,99,3
2023,2,19,17,0,25.700000000000003,54,602,202,0,54,602,0,202,75.79,94,3.1
2023,2,19,18,0,25.3,13,108,15,0,13,108,0,15,88.56,92,3.1
2023,2,19,19,0,25.1,0,0,0,0,0,0,0,0,102.29,94,3.3000000000000003
2023,2,19,20,0,24.8,0,0,0,0,0,0,0,0,115.85000000000001,100,3.4000000000000004
2023,2,19,21,0,24.700000000000003,0,0,0,0,0,0,0,0,129.42000000000002,104,3.5
2023,2,19,22,0,24.6,0,0,0,0,0,0,0,0,142.78,102,3.3000000000000003
2023,2,19,23,0,24.5,0,0,0,0,0,0,0,0,155.34,104,3.2
2023,2,20,0,0,24.400000000000002,0,0,0,0,0,0,0,0,164.77,108,3.3000000000000003
2023,2,20,1,0,24.3,0,0,0,0,0,0,0,0,163.88,111,3.3000000000000003
2023,2,20,2,0,24.200000000000003,0,0,0,0,0,0,0,0,153.70000000000002,114,3.4000000000000004
2023,2,20,3,0,24,0,0,0,1,0,0,0,0,140.96,119,3.5
2023,2,20,4,0,23.900000000000002,0,0,0,0,0,0,0,0,127.55,120,3.5
2023,2,20,5,0,23.900000000000002,0,0,0,1,0,0,0,0,113.96000000000001,117,3.1
2023,2,20,6,0,23.900000000000002,0,0,0,1,0,0,0,0,100.4,112,2.9000000000000004
2023,2,20,7,0,24.5,21,224,33,1,21,224,0,33,86.8,107,3.2
2023,2,20,8,0,24.900000000000002,56,658,238,0,56,658,0,238,73.95,108,3.5
2023,2,20,9,0,25.3,72,821,462,0,72,821,0,462,61.620000000000005,116,3.9000000000000004
2023,2,20,10,0,25.700000000000003,76,910,655,0,76,910,0,655,50.46,125,4.1000000000000005
2023,2,20,11,0,26.1,81,948,791,0,81,948,0,791,41.47,133,3.9000000000000004
2023,2,20,12,0,26.5,83,964,859,0,83,964,0,859,36.34,139,3.4000000000000004
2023,2,20,13,0,26.700000000000003,83,962,854,0,83,962,0,854,36.730000000000004,144,2.9000000000000004
2023,2,20,14,0,26.900000000000002,80,944,776,2,257,1,0,258,42.480000000000004,149,2.4000000000000004
2023,2,20,15,0,26.900000000000002,74,905,633,0,74,905,0,633,51.84,156,2
2023,2,20,16,0,26.8,64,831,438,0,64,831,0,438,63.2,162,1.9000000000000001
2023,2,20,17,0,26.5,47,668,213,7,73,5,0,75,75.64,163,1.9000000000000001
2023,2,20,18,0,26,13,186,18,0,13,186,0,18,88.44,160,1.6
2023,2,20,19,0,25.8,0,0,0,0,0,0,0,0,102.17,155,1.7000000000000002
2023,2,20,20,0,25.5,0,0,0,0,0,0,0,0,115.74000000000001,155,2.1
2023,2,20,21,0,25.200000000000003,0,0,0,0,0,0,0,0,129.31,158,2.6
2023,2,20,22,0,25,0,0,0,0,0,0,0,0,142.64000000000001,160,2.8000000000000003
2023,2,20,23,0,24.8,0,0,0,0,0,0,0,0,155.14000000000001,161,2.8000000000000003
2023,2,21,0,0,24.6,0,0,0,0,0,0,0,0,164.44,163,2.8000000000000003
2023,2,21,1,0,24.5,0,0,0,0,0,0,0,0,163.55,165,2.8000000000000003
2023,2,21,2,0,24.3,0,0,0,1,0,0,0,0,153.47,168,2.7
2023,2,21,3,0,24.200000000000003,0,0,0,1,0,0,0,0,140.77,170,2.5
2023,2,21,4,0,24.200000000000003,0,0,0,0,0,0,0,0,127.38000000000001,171,2.3000000000000003
2023,2,21,5,0,24.1,0,0,0,0,0,0,0,0,113.79,170,2.2
2023,2,21,6,0,24.1,0,0,0,1,0,0,0,0,100.23,171,2.3000000000000003
2023,2,21,7,0,24.700000000000003,19,322,38,1,19,322,0,38,86.62,172,2.7
2023,2,21,8,0,25.1,48,722,250,0,48,722,0,250,73.75,175,3
2023,2,21,9,0,25.6,62,865,476,0,62,865,0,476,61.39,178,3
2023,2,21,10,0,26.1,69,932,666,0,69,932,0,666,50.18,183,3
2023,2,21,11,0,26.5,74,967,802,2,387,317,0,626,41.15,187,2.9000000000000004
2023,2,21,12,0,26.8,77,979,869,3,308,2,0,310,35.980000000000004,189,2.9000000000000004
2023,2,21,13,0,26.900000000000002,82,972,864,3,335,3,0,338,36.38,190,2.9000000000000004
2023,2,21,14,0,27,79,952,784,3,157,0,0,157,42.19,190,2.8000000000000003
2023,2,21,15,0,26.900000000000002,73,909,638,2,346,141,0,433,51.61,191,2.6
2023,2,21,16,0,26.700000000000003,64,831,441,2,175,4,0,177,63.02,194,2.3000000000000003
2023,2,21,17,0,26.400000000000002,48,669,216,1,48,669,0,216,75.48,193,2
2023,2,21,18,0,26.1,13,193,19,1,13,193,0,19,88.32000000000001,187,1.8
2023,2,21,19,0,25.8,0,0,0,2,0,0,0,0,102.06,174,1.7000000000000002
2023,2,21,20,0,25.6,0,0,0,0,0,0,0,0,115.63,159,1.8
2023,2,21,21,0,25.400000000000002,0,0,0,3,0,0,0,0,129.19,145,2
2023,2,21,22,0,25.200000000000003,0,0,0,1,0,0,0,0,142.49,136,2.3000000000000003
2023,2,21,23,0,24.900000000000002,0,0,0,0,0,0,0,0,154.94,132,2.6
2023,2,22,0,0,24.700000000000003,0,0,0,0,0,0,0,0,164.12,130,2.9000000000000004
2023,2,22,1,0,24.400000000000002,0,0,0,0,0,0,0,0,163.22,130,3.1
2023,2,22,2,0,24.200000000000003,0,0,0,0,0,0,0,0,153.23,130,3.2
2023,2,22,3,0,23.900000000000002,0,0,0,0,0,0,0,0,140.58,128,3.3000000000000003
2023,2,22,4,0,23.8,0,0,0,0,0,0,0,0,127.21000000000001,125,3.3000000000000003
2023,2,22,5,0,23.8,0,0,0,0,0,0,0,0,113.63,125,3.5
2023,2,22,6,0,23.8,0,0,0,0,0,0,0,0,100.05,126,3.7
2023,2,22,7,0,24.6,20,331,41,0,20,331,0,41,86.44,128,4.3
2023,2,22,8,0,25.1,50,726,256,0,50,726,0,256,73.54,130,4.6000000000000005
2023,2,22,9,0,25.6,66,863,483,0,66,863,0,483,61.15,131,4.6000000000000005
2023,2,22,10,0,26.1,72,935,674,1,72,935,0,674,49.9,133,4.7
2023,2,22,11,0,26.6,81,962,809,2,71,0,0,71,40.82,134,4.800000000000001
2023,2,22,12,0,26.900000000000002,88,971,877,0,88,971,0,877,35.62,133,4.7
2023,2,22,13,0,27.1,87,968,870,0,87,968,0,870,36.04,132,4.800000000000001
2023,2,22,14,0,27.200000000000003,87,945,790,0,87,945,0,790,41.9,131,4.9
2023,2,22,15,0,27.1,80,904,645,0,80,904,0,645,51.38,130,5
2023,2,22,16,0,26.8,69,827,447,0,69,827,0,447,62.83,129,5.2
2023,2,22,17,0,26.3,51,666,219,0,51,666,0,219,75.33,128,5.1000000000000005
2023,2,22,18,0,25.700000000000003,14,187,20,0,14,187,0,20,88.2,129,4.9
2023,2,22,19,0,25.6,0,0,0,0,0,0,0,0,101.94,131,5
2023,2,22,20,0,25.400000000000002,0,0,0,0,0,0,0,0,115.51,132,5.1000000000000005
2023,2,22,21,0,25.3,0,0,0,0,0,0,0,0,129.07,133,5
2023,2,22,22,0,25.200000000000003,0,0,0,0,0,0,0,0,142.35,134,5
2023,2,22,23,0,25.1,0,0,0,1,0,0,0,0,154.73,134,5
2023,2,23,0,0,25,0,0,0,0,0,0,0,0,163.79,134,4.9
2023,2,23,1,0,24.8,0,0,0,0,0,0,0,0,162.88,132,4.7
2023,2,23,2,0,24.6,0,0,0,0,0,0,0,0,152.99,128,4.5
2023,2,23,3,0,24.5,0,0,0,0,0,0,0,0,140.39000000000001,125,4.3
2023,2,23,4,0,24.400000000000002,0,0,0,0,0,0,0,0,127.03,122,4.3
2023,2,23,5,0,24.400000000000002,0,0,0,0,0,0,0,0,113.45,122,4.4
2023,2,23,6,0,24.5,0,0,0,0,0,0,0,0,99.88,124,4.6000000000000005
2023,2,23,7,0,25.1,22,299,42,0,22,299,0,42,86.26,127,5.1000000000000005
2023,2,23,8,0,25.5,54,711,258,0,54,711,0,258,73.33,129,5.4
2023,2,23,9,0,25.8,69,859,486,0,69,859,0,486,60.910000000000004,130,5.4
2023,2,23,10,0,26.200000000000003,75,935,681,0,75,935,0,681,49.620000000000005,133,5.4
2023,2,23,11,0,26.6,81,969,818,1,81,969,0,818,40.49,135,5.2
2023,2,23,12,0,26.900000000000002,85,979,885,0,85,979,0,885,35.25,136,4.800000000000001
2023,2,23,13,0,27.200000000000003,85,977,879,0,85,977,0,879,35.69,133,4.3
2023,2,23,14,0,27.3,84,954,797,0,84,954,0,797,41.62,126,3.9000000000000004
2023,2,23,15,0,27.200000000000003,78,913,651,0,78,913,0,651,51.15,118,3.7
2023,2,23,16,0,27,69,832,451,0,69,832,0,451,62.65,110,3.9000000000000004
2023,2,23,17,0,26.6,52,664,222,0,52,664,0,222,75.18,105,4.1000000000000005
2023,2,23,18,0,26,15,183,21,0,15,183,0,21,88.08,103,4.1000000000000005
2023,2,23,19,0,25.8,0,0,0,0,0,0,0,0,101.82000000000001,103,4.3
2023,2,23,20,0,25.6,0,0,0,0,0,0,0,0,115.4,105,4.4
2023,2,23,21,0,25.3,0,0,0,0,0,0,0,0,128.94,107,4.4
2023,2,23,22,0,25,0,0,0,0,0,0,0,0,142.20000000000002,110,4.3
2023,2,23,23,0,24.700000000000003,0,0,0,0,0,0,0,0,154.53,111,4.1000000000000005
2023,2,24,0,0,24.5,0,0,0,0,0,0,0,0,163.46,109,3.8000000000000003
2023,2,24,1,0,24.3,0,0,0,0,0,0,0,0,162.53,104,3.6
2023,2,24,2,0,24.1,0,0,0,1,0,0,0,0,152.74,98,3.5
2023,2,24,3,0,24,0,0,0,1,0,0,0,0,140.19,94,3.5
2023,2,24,4,0,24.1,0,0,0,3,0,0,0,0,126.85000000000001,90,3.4000000000000004
2023,2,24,5,0,24.200000000000003,0,0,0,0,0,0,0,0,113.28,88,3.5
2023,2,24,6,0,24.400000000000002,0,0,0,0,0,0,0,0,99.7,85,3.6
2023,2,24,7,0,25,24,295,44,0,24,295,0,44,86.08,83,4.1000000000000005
2023,2,24,8,0,25.400000000000002,57,699,260,0,57,699,0,260,73.12,81,4.6000000000000005
2023,2,24,9,0,25.700000000000003,73,851,489,0,73,851,0,489,60.660000000000004,81,4.9
2023,2,24,10,0,26,76,934,685,0,76,934,0,685,49.34,81,5.1000000000000005
2023,2,24,11,0,26.3,81,970,823,0,81,970,0,823,40.15,80,5.1000000000000005
2023,2,24,12,0,26.400000000000002,84,984,891,1,84,984,0,891,34.88,78,5.2
2023,2,24,13,0,26.5,86,980,885,0,86,980,0,885,35.34,77,5.2
2023,2,24,14,0,26.400000000000002,85,959,805,0,85,959,0,805,41.33,77,5.300000000000001
2023,2,24,15,0,26.3,80,917,658,0,80,917,0,658,50.92,77,5.2
2023,2,24,16,0,26,70,838,457,0,70,838,0,457,62.47,77,5.2
2023,2,24,17,0,25.6,53,671,226,0,53,671,0,226,75.03,75,4.9
2023,2,24,18,0,25.200000000000003,15,199,22,1,15,199,0,22,87.96000000000001,72,4.4
2023,2,24,19,0,25.1,0,0,0,0,0,0,0,0,101.71000000000001,68,4.2
2023,2,24,20,0,25,0,0,0,0,0,0,0,0,115.29,63,4.1000000000000005
2023,2,24,21,0,24.900000000000002,0,0,0,0,0,0,0,0,128.82,59,4
2023,2,24,22,0,24.8,0,0,0,0,0,0,0,0,142.06,59,3.9000000000000004
2023,2,24,23,0,24.6,0,0,0,0,0,0,0,0,154.31,63,3.9000000000000004
2023,2,25,0,0,24.400000000000002,0,0,0,0,0,0,1,0,163.12,67,3.8000000000000003
2023,2,25,1,0,24.3,0,0,0,0,0,0,0,0,162.19,69,3.7
2023,2,25,2,0,24.200000000000003,0,0,0,0,0,0,0,0,152.48,69,3.7
2023,2,25,3,0,24,0,0,0,0,0,0,0,0,139.98,70,3.6
2023,2,25,4,0,23.900000000000002,0,0,0,0,0,0,0,0,126.67,70,3.5
2023,2,25,5,0,23.900000000000002,0,0,0,0,0,0,0,0,113.10000000000001,68,3.5
2023,2,25,6,0,23.900000000000002,0,0,0,1,0,0,0,0,99.51,67,3.5
2023,2,25,7,0,24.5,23,338,48,1,23,338,0,48,85.88,66,3.8000000000000003
2023,2,25,8,0,24.8,55,723,268,3,39,0,0,39,72.9,66,3.9000000000000004
2023,2,25,9,0,25.200000000000003,70,866,498,0,70,866,0,498,60.42,66,3.7
2023,2,25,10,0,25.5,74,944,693,2,362,226,0,511,49.050000000000004,69,3.3000000000000003
2023,2,25,11,0,25.900000000000002,80,978,831,2,368,416,0,688,39.81,73,3
2023,2,25,12,0,26.1,82,993,901,1,82,993,0,901,34.51,74,2.6
2023,2,25,13,0,26.200000000000003,82,992,895,0,82,992,0,895,34.980000000000004,72,2.3000000000000003
2023,2,25,14,0,26.3,79,974,814,0,79,974,0,814,41.04,66,2.1
2023,2,25,15,0,26.3,74,935,667,0,74,935,0,667,50.7,58,2.1
2023,2,25,16,0,26.1,65,863,467,0,65,863,0,467,62.29,52,2.4000000000000004
2023,2,25,17,0,25.700000000000003,49,706,234,0,49,706,0,234,74.89,49,2.6
2023,2,25,18,0,25.1,15,248,25,0,15,248,0,25,87.84,47,2.7
2023,2,25,19,0,24.8,0,0,0,0,0,0,0,0,101.59,46,2.9000000000000004
2023,2,25,20,0,24.5,0,0,0,0,0,0,0,0,115.17,47,3.1
2023,2,25,21,0,24.200000000000003,0,0,0,0,0,0,0,0,128.7,50,3.1
2023,2,25,22,0,23.900000000000002,0,0,0,0,0,0,0,0,141.91,53,2.9000000000000004
2023,2,25,23,0,23.6,0,0,0,0,0,0,0,0,154.1,53,2.7
2023,2,26,0,0,23.3,0,0,0,0,0,0,1,0,162.79,52,2.6
2023,2,26,1,0,23.1,0,0,0,1,0,0,0,0,161.84,48,2.5
2023,2,26,2,0,22.900000000000002,0,0,0,0,0,0,0,0,152.22,44,2.4000000000000004
2023,2,26,3,0,22.8,0,0,0,0,0,0,0,0,139.77,38,2.3000000000000003
2023,2,26,4,0,22.700000000000003,0,0,0,0,0,0,0,0,126.47,33,2.3000000000000003
2023,2,26,5,0,22.6,0,0,0,0,0,0,0,0,112.91,33,2.3000000000000003
2023,2,26,6,0,22.700000000000003,0,0,0,1,0,0,0,0,99.32000000000001,39,2.2
2023,2,26,7,0,23.200000000000003,24,352,51,0,24,352,0,51,85.69,48,2.1
2023,2,26,8,0,23.6,57,723,272,0,57,723,0,272,72.68,61,1.8
2023,2,26,9,0,23.900000000000002,74,863,503,0,74,863,0,503,60.17,78,1.5
2023,2,26,10,0,24.5,86,927,698,0,86,927,0,698,48.76,90,1.5
2023,2,26,11,0,25.200000000000003,94,958,833,0,94,958,0,833,39.47,92,1.6
2023,2,26,12,0,25.8,99,970,902,0,99,970,0,902,34.13,88,1.6
2023,2,26,13,0,26.3,101,963,893,0,101,963,0,893,34.63,84,1.6
2023,2,26,14,0,26.6,99,941,812,0,99,941,0,812,40.75,82,1.8
2023,2,26,15,0,26.8,93,893,661,0,93,893,0,661,50.47,81,2
2023,2,26,16,0,26.6,81,809,459,0,81,809,0,459,62.11,82,2.1
2023,2,26,17,0,26.200000000000003,60,636,228,0,60,636,0,228,74.74,81,1.8
2023,2,26,18,0,25.6,17,168,24,0,17,168,0,24,87.73,79,1.5
2023,2,26,19,0,25.3,0,0,0,0,0,0,0,0,101.48,79,1.4000000000000001
2023,2,26,20,0,25.1,0,0,0,0,0,0,0,0,115.06,82,1.2000000000000002
2023,2,26,21,0,25,0,0,0,0,0,0,0,0,128.58,86,1.1
2023,2,26,22,0,24.900000000000002,0,0,0,0,0,0,0,0,141.76,86,0.9
2023,2,26,23,0,24.8,0,0,0,0,0,0,0,0,153.88,94,0.7000000000000001
2023,2,27,0,0,24.700000000000003,0,0,0,0,0,0,1,0,162.45000000000002,110,0.7000000000000001
2023,2,27,1,0,24.5,0,0,0,0,0,0,0,0,161.48,128,0.7000000000000001
2023,2,27,2,0,24.3,0,0,0,1,0,0,0,0,151.96,144,0.8
2023,2,27,3,0,24.200000000000003,0,0,0,1,0,0,0,0,139.55,157,1.1
2023,2,27,4,0,24,0,0,0,1,0,0,0,0,126.28,161,1.4000000000000001
2023,2,27,5,0,24,0,0,0,1,0,0,0,0,112.72,162,1.6
2023,2,27,6,0,23.900000000000002,0,0,0,1,0,0,0,0,99.13,161,1.8
2023,2,27,7,0,24.400000000000002,27,310,51,0,27,310,0,51,85.5,160,2.2
2023,2,27,8,0,24.8,62,697,272,0,62,697,0,272,72.46000000000001,160,2.4000000000000004
2023,2,27,9,0,25.200000000000003,77,852,504,0,77,852,0,504,59.92,162,2.8000000000000003
2023,2,27,10,0,25.700000000000003,78,941,702,0,78,941,0,702,48.46,165,3.3000000000000003
2023,2,27,11,0,26.1,82,982,843,0,82,982,0,843,39.13,169,3.7
2023,2,27,12,0,26.400000000000002,82,999,912,0,82,999,0,912,33.76,174,3.9000000000000004
2023,2,27,13,0,26.700000000000003,80,999,906,0,80,999,0,906,34.28,180,3.8000000000000003
2023,2,27,14,0,26.900000000000002,76,984,825,2,418,261,0,617,40.46,186,3.7
2023,2,27,15,0,26.900000000000002,70,948,676,2,323,63,0,364,50.25,190,3.6
2023,2,27,16,0,26.8,62,872,472,0,62,872,0,472,61.940000000000005,194,3.5
2023,2,27,17,0,26.3,47,721,239,0,47,721,0,239,74.60000000000001,197,3.2
2023,2,27,18,0,25.700000000000003,16,280,27,0,16,280,0,27,87.61,198,2.8000000000000003
2023,2,27,19,0,25.400000000000002,0,0,0,0,0,0,0,0,101.36,196,2.7
2023,2,27,20,0,25.200000000000003,0,0,0,1,0,0,0,0,114.95,192,2.7
2023,2,27,21,0,24.900000000000002,0,0,0,0,0,0,0,0,128.46,189,2.9000000000000004
2023,2,27,22,0,24.5,0,0,0,0,0,0,0,0,141.61,185,3.3000000000000003
2023,2,27,23,0,24.200000000000003,0,0,0,0,0,0,0,0,153.66,181,3.8000000000000003
2023,2,28,0,0,23.900000000000002,0,0,0,0,0,0,1,0,162.11,179,4.2
2023,2,28,1,0,23.6,0,0,0,1,0,0,0,0,161.12,179,4.5
2023,2,28,2,0,23.400000000000002,0,0,0,0,0,0,0,0,151.68,181,4.6000000000000005
2023,2,28,3,0,23.1,0,0,0,0,0,0,0,0,139.33,183,4.7
2023,2,28,4,0,23,0,0,0,0,0,0,0,0,126.08,188,4.5
2023,2,28,5,0,23,0,0,0,0,0,0,0,0,112.53,194,4.1000000000000005
2023,2,28,6,0,23.1,0,0,0,0,0,0,0,0,98.94,203,3.6
2023,2,28,7,0,24,25,384,57,0,25,384,0,57,85.3,209,3.5
2023,2,28,8,0,24.400000000000002,56,745,283,0,56,745,0,283,72.24,212,3.3000000000000003
2023,2,28,9,0,24.900000000000002,71,877,514,0,71,877,0,514,59.660000000000004,213,3
2023,2,28,10,0,25.5,81,943,709,0,81,943,0,709,48.17,215,3
2023,2,28,11,0,26,86,977,848,0,86,977,0,848,38.78,219,2.9000000000000004
2023,2,28,12,0,26.3,89,991,917,0,89,991,0,917,33.38,223,2.9000000000000004
2023,2,28,13,0,26.6,89,990,911,0,89,990,0,911,33.92,225,3
2023,2,28,14,0,26.700000000000003,85,973,829,1,85,973,0,829,40.18,223,3.1
2023,2,28,15,0,26.8,79,934,679,0,79,934,0,679,50.03,219,3.3000000000000003
2023,2,28,16,0,26.6,69,858,475,0,69,858,0,475,61.77,218,3.4000000000000004
2023,2,28,17,0,26.200000000000003,53,702,241,0,53,702,0,241,74.46000000000001,219,3.3000000000000003
2023,2,28,18,0,25.5,17,245,28,0,17,245,0,28,87.5,223,3.1
2023,2,28,19,0,25.200000000000003,0,0,0,0,0,0,0,0,101.25,226,3.1
2023,2,28,20,0,24.900000000000002,0,0,0,0,0,0,0,0,114.84,228,3.1
2023,2,28,21,0,24.6,0,0,0,0,0,0,0,0,128.34,228,2.9000000000000004
2023,2,28,22,0,24.3,0,0,0,0,0,0,0,0,141.45000000000002,226,2.7
2023,2,28,23,0,24.1,0,0,0,0,0,0,0,0,153.44,228,2.4000000000000004
2023,3,1,0,0,23.8,0,0,0,0,0,0,1,0,161.76,234,2.1
2023,3,1,1,0,23.6,0,0,0,0,0,0,0,0,160.76,237,1.8
2023,3,1,2,0,23.400000000000002,0,0,0,0,0,0,0,0,151.41,228,1.5
2023,3,1,3,0,23.200000000000003,0,0,0,0,0,0,0,0,139.1,211,1.5
2023,3,1,4,0,23,0,0,0,0,0,0,0,0,125.88000000000001,202,1.5
2023,3,1,5,0,23,0,0,0,0,0,0,0,0,112.34,203,1.5
2023,3,1,6,0,23.1,0,0,0,0,0,0,0,0,98.74000000000001,205,1.4000000000000001
2023,3,1,7,0,23.5,27,387,60,0,27,387,0,60,85.09,205,1.5
2023,3,1,8,0,24,57,747,288,0,57,747,0,288,72.01,204,1.6
2023,3,1,9,0,24.5,73,883,522,0,73,883,0,522,59.410000000000004,201,1.8
2023,3,1,10,0,25.1,78,954,718,0,78,954,0,718,47.870000000000005,192,1.9000000000000001
2023,3,1,11,0,25.6,84,988,857,0,84,988,0,857,38.44,183,2.2
2023,3,1,12,0,26.1,85,1003,927,0,85,1003,0,927,33,178,2.3000000000000003
2023,3,1,13,0,26.400000000000002,86,997,917,0,86,997,0,917,33.57,175,2.1
2023,3,1,14,0,26.700000000000003,83,980,835,1,83,980,0,835,39.89,171,1.7000000000000002
2023,3,1,15,0,26.700000000000003,77,941,685,2,342,75,0,390,49.81,157,1.4000000000000001
2023,3,1,16,0,26.6,67,868,480,0,67,868,0,480,61.59,140,1.4000000000000001
2023,3,1,17,0,26.1,51,710,243,0,51,710,0,243,74.32000000000001,128,1.5
2023,3,1,18,0,25.5,17,272,30,0,17,272,0,30,87.38,122,1.7000000000000002
2023,3,1,19,0,25.1,0,0,0,0,0,0,0,0,101.14,122,2.5
2023,3,1,20,0,24.700000000000003,0,0,0,0,0,0,0,0,114.73,122,2.9000000000000004
2023,3,1,21,0,24.3,0,0,0,0,0,0,0,0,128.21,119,3
2023,3,1,22,0,24,0,0,0,0,0,0,0,0,141.3,119,3.3000000000000003
2023,3,1,23,0,23.6,0,0,0,0,0,0,0,0,153.22,121,3.7
2023,3,2,0,0,23.3,0,0,0,0,0,0,1,0,161.41,125,4.1000000000000005
2023,3,2,1,0,23.1,0,0,0,0,0,0,0,0,160.39000000000001,130,4.4
2023,3,2,2,0,22.900000000000002,0,0,0,0,0,0,0,0,151.12,133,4.4
2023,3,2,3,0,22.8,0,0,0,0,0,0,0,0,138.87,133,4
2023,3,2,4,0,22.8,0,0,0,1,0,0,0,0,125.67,135,3.8000000000000003
2023,3,2,5,0,22.8,0,0,0,3,0,0,0,0,112.14,139,3.7
2023,3,2,6,0,23,0,0,0,0,0,0,0,0,98.54,141,3.5
2023,3,2,7,0,23.900000000000002,27,381,61,0,27,381,0,61,84.89,145,3.8000000000000003
2023,3,2,8,0,24.5,57,739,288,0,57,739,0,288,71.78,151,4.800000000000001
2023,3,2,9,0,25,71,876,521,0,71,876,0,521,59.15,157,5.5
2023,3,2,10,0,25.6,77,945,715,0,77,945,0,715,47.57,159,6
2023,3,2,11,0,26,80,982,853,0,80,982,0,853,38.09,164,5.9
2023,3,2,12,0,26.400000000000002,81,994,919,0,81,994,1,919,32.61,171,5.300000000000001
2023,3,2,13,0,26.700000000000003,87,982,909,0,87,982,0,909,33.21,177,4.7
2023,3,2,14,0,26.8,83,963,825,0,83,963,0,825,39.61,179,4.5
2023,3,2,15,0,26.8,76,928,677,0,76,928,0,677,49.6,178,4.6000000000000005
2023,3,2,16,0,26.5,65,860,477,0,65,860,0,477,61.43,174,4.6000000000000005
2023,3,2,17,0,26.200000000000003,50,710,243,3,76,0,0,76,74.18,169,4.4
2023,3,2,18,0,25.6,17,274,30,1,17,274,0,30,87.27,162,3.9000000000000004
2023,3,2,19,0,25.5,0,0,0,0,0,0,0,0,101.03,155,4
2023,3,2,20,0,25.3,0,0,0,0,0,0,0,0,114.62,150,4
2023,3,2,21,0,25.200000000000003,0,0,0,0,0,0,0,0,128.09,148,4.1000000000000005
2023,3,2,22,0,25,0,0,0,0,0,0,0,0,141.14000000000001,148,4.4
2023,3,2,23,0,24.8,0,0,0,0,0,0,0,0,152.99,148,4.6000000000000005
2023,3,3,0,0,24.6,0,0,0,0,0,0,1,0,161.06,150,4.5
2023,3,3,1,0,24.5,0,0,0,0,0,0,0,0,160.03,153,4.4
2023,3,3,2,0,24.3,0,0,0,0,0,0,0,0,150.83,155,4.4
2023,3,3,3,0,24.200000000000003,0,0,0,0,0,0,0,0,138.63,157,4.5
2023,3,3,4,0,24.200000000000003,0,0,0,0,0,0,0,0,125.46000000000001,158,4.4
2023,3,3,5,0,24.3,0,0,0,3,0,0,0,0,111.93,156,4.3
2023,3,3,6,0,24.400000000000002,0,0,0,0,0,0,0,0,98.33,153,4.3
2023,3,3,7,0,25.1,32,283,58,0,32,283,0,58,84.68,151,4.800000000000001
2023,3,3,8,0,25.5,70,661,279,0,70,661,0,279,71.55,150,5.2
2023,3,3,9,0,25.900000000000002,86,815,507,0,86,815,0,507,58.89,151,5.6000000000000005
2023,3,3,10,0,26.400000000000002,97,888,700,0,97,888,0,700,47.27,153,6.1000000000000005
2023,3,3,11,0,26.8,102,930,838,0,102,930,0,838,37.730000000000004,156,6.6000000000000005
2023,3,3,12,0,27.3,104,947,905,0,104,947,1,905,32.230000000000004,158,7
2023,3,3,13,0,27.6,98,957,902,0,98,957,0,902,32.86,160,7.300000000000001
2023,3,3,14,0,27.700000000000003,95,941,823,0,95,941,0,823,39.33,162,7.4
2023,3,3,15,0,27.6,89,898,674,1,89,898,1,674,49.38,163,7.4
2023,3,3,16,0,27.400000000000002,78,821,473,1,78,821,0,473,61.26,163,7.300000000000001
2023,3,3,17,0,26.8,59,660,240,0,59,660,0,240,74.05,161,6.9
2023,3,3,18,0,26.1,20,208,30,0,20,208,0,30,87.16,159,6.1000000000000005
2023,3,3,19,0,25.8,0,0,0,0,0,0,0,0,100.92,155,5.4
2023,3,3,20,0,25.5,0,0,0,0,0,0,0,0,114.51,152,4.6000000000000005
2023,3,3,21,0,25.3,0,0,0,7,0,0,0,0,127.97,150,4
2023,3,3,22,0,25.1,0,0,0,7,0,0,0,0,140.98,147,3.9000000000000004
2023,3,3,23,0,24.900000000000002,0,0,0,7,0,0,0,0,152.76,146,4.2
2023,3,4,0,0,24.700000000000003,0,0,0,7,0,0,0,0,160.71,147,4.6000000000000005
2023,3,4,1,0,24.6,0,0,0,7,0,0,0,0,159.65,149,4.9
2023,3,4,2,0,24.400000000000002,0,0,0,7,0,0,0,0,150.54,152,5.2
2023,3,4,3,0,24.3,0,0,0,7,0,0,0,0,138.39000000000001,156,5.4
2023,3,4,4,0,24.3,0,0,0,3,0,0,0,0,125.24000000000001,158,5.5
2023,3,4,5,0,24.200000000000003,0,0,0,0,0,0,0,0,111.73,160,5.4
2023,3,4,6,0,24.3,0,0,0,1,0,0,0,0,98.13,162,5.2
2023,3,4,7,0,25,35,243,58,0,35,243,0,58,84.47,165,5.300000000000001
2023,3,4,8,0,25.5,82,606,277,0,82,606,0,277,71.32000000000001,168,4.9
2023,3,4,9,0,26,106,762,503,0,106,762,0,503,58.63,173,4.5
2023,3,4,10,0,26.6,107,869,700,0,107,869,0,700,46.97,176,4.2
2023,3,4,11,0,27.3,113,910,836,1,113,910,1,836,37.38,179,3.9000000000000004
2023,3,4,12,0,27.8,114,931,905,1,114,931,1,905,31.84,184,3.3000000000000003
2023,3,4,13,0,28.200000000000003,130,898,888,3,111,0,0,111,32.5,190,2.6
2023,3,4,14,0,28.200000000000003,127,870,803,3,104,0,0,104,39.050000000000004,196,2
2023,3,4,15,0,28.200000000000003,119,819,654,3,42,0,0,42,49.17,201,1.6
2023,3,4,16,0,28,107,712,451,3,19,0,0,19,61.09,207,1.5
2023,3,4,17,0,27.700000000000003,75,539,224,3,8,0,0,8,73.91,212,1.4000000000000001
2023,3,4,18,0,27.3,20,121,27,3,18,0,7,18,87.05,210,1.1
2023,3,4,19,0,27.1,0,0,0,0,0,0,0,0,100.81,196,1.1
2023,3,4,20,0,27,0,0,0,0,0,0,0,0,114.4,171,1.1
2023,3,4,21,0,26.700000000000003,0,0,0,0,0,0,0,0,127.84,152,1.5
2023,3,4,22,0,26.400000000000002,0,0,0,0,0,0,0,0,140.82,142,2.1
2023,3,4,23,0,26,0,0,0,0,0,0,0,0,152.52,141,2.6
2023,3,5,0,0,25.700000000000003,0,0,0,0,0,0,0,0,160.36,145,3
2023,3,5,1,0,25.400000000000002,0,0,0,0,0,0,0,0,159.28,149,3.2
2023,3,5,2,0,25.200000000000003,0,0,0,0,0,0,0,0,150.25,153,3.2
2023,3,5,3,0,25,0,0,0,0,0,0,0,0,138.15,156,3
2023,3,5,4,0,24.900000000000002,0,0,0,0,0,0,0,0,125.02,159,2.7
2023,3,5,5,0,24.900000000000002,0,0,0,0,0,0,0,0,111.52,162,2.3000000000000003
2023,3,5,6,0,25.1,0,0,0,0,0,0,0,0,97.92,163,1.9000000000000001
2023,3,5,7,0,25.6,35,251,60,0,35,251,0,60,84.25,162,1.7000000000000002
2023,3,5,8,0,26.1,80,604,276,0,80,604,0,276,71.08,160,1.2000000000000002
2023,3,5,9,0,26.8,102,756,499,0,102,756,0,499,58.370000000000005,161,0.4
2023,3,5,10,0,27.200000000000003,124,816,684,0,124,816,0,684,46.660000000000004,349,0.4
2023,3,5,11,0,27.6,133,859,819,0,133,859,0,819,37.03,350,0.7000000000000001
2023,3,5,12,0,27.8,135,880,886,0,135,880,1,886,31.45,348,0.9
2023,3,5,13,0,27.900000000000002,134,879,879,3,315,1,0,316,32.14,348,1
2023,3,5,14,0,27.900000000000002,128,859,798,3,440,169,0,572,38.77,351,1.4000000000000001
2023,3,5,15,0,27.8,118,812,651,0,118,812,0,651,48.96,358,1.7000000000000002
2023,3,5,16,0,27.6,102,721,452,0,102,721,0,452,60.93,6,2.1
2023,3,5,17,0,27.200000000000003,73,555,228,0,73,555,0,228,73.78,16,2.4000000000000004
2023,3,5,18,0,26.6,20,142,27,0,20,142,0,27,86.94,27,2.3000000000000003
2023,3,5,19,0,26.3,0,0,0,3,0,0,0,0,100.7,40,2.3000000000000003
2023,3,5,20,0,26,0,0,0,3,0,0,0,0,114.29,51,2.3000000000000003
2023,3,5,21,0,25.8,0,0,0,0,0,0,0,0,127.71000000000001,60,2.3000000000000003
2023,3,5,22,0,25.6,0,0,0,0,0,0,0,0,140.66,66,2.1
2023,3,5,23,0,25.5,0,0,0,0,0,0,0,0,152.28,74,1.9000000000000001
2023,3,6,0,0,25.400000000000002,0,0,0,0,0,0,0,0,160,83,1.7000000000000002
2023,3,6,1,0,25.400000000000002,0,0,0,0,0,0,0,0,158.9,88,1.6
2023,3,6,2,0,25.3,0,0,0,0,0,0,0,0,149.94,88,1.4000000000000001
2023,3,6,3,0,25.3,0,0,0,0,0,0,0,0,137.9,86,1.2000000000000002
2023,3,6,4,0,25.200000000000003,0,0,0,0,0,0,0,0,124.8,87,1
2023,3,6,5,0,25.200000000000003,0,0,0,0,0,0,0,0,111.31,95,0.9
2023,3,6,6,0,25.1,0,0,0,1,0,0,0,0,97.71000000000001,107,0.8
2023,3,6,7,0,25.6,34,300,65,0,34,300,0,65,84.04,117,1
2023,3,6,8,0,25.900000000000002,74,647,286,0,74,647,0,286,70.85000000000001,121,0.9
2023,3,6,9,0,26.400000000000002,93,797,514,0,93,797,0,514,58.1,114,0.8
2023,3,6,10,0,27.1,95,893,711,0,95,893,0,711,46.36,90,0.6000000000000001
2023,3,6,11,0,27.6,102,929,847,0,102,929,0,847,36.67,61,0.6000000000000001
2023,3,6,12,0,28,105,944,914,0,105,944,1,914,31.060000000000002,46,0.8
2023,3,6,13,0,28.3,100,949,907,0,100,949,0,907,31.78,46,0.9
2023,3,6,14,0,28.400000000000002,98,929,824,0,98,929,0,824,38.49,49,1
2023,3,6,15,0,28.400000000000002,91,886,675,0,91,886,0,675,48.75,48,1.1
2023,3,6,16,0,28.200000000000003,80,801,471,0,80,801,0,471,60.77,48,1.2000000000000002
2023,3,6,17,0,27.8,61,637,240,0,61,637,0,240,73.65,56,1.2000000000000002
2023,3,6,18,0,27.3,20,216,32,0,20,216,0,32,86.83,76,1
2023,3,6,19,0,27,0,0,0,0,0,0,0,0,100.60000000000001,102,1
2023,3,6,20,0,26.700000000000003,0,0,0,0,0,0,0,0,114.17,125,1.1
2023,3,6,21,0,26.5,0,0,0,0,0,0,0,0,127.59,144,1.2000000000000002
2023,3,6,22,0,26.3,0,0,0,0,0,0,0,0,140.5,162,1.3
2023,3,6,23,0,26.1,0,0,0,0,0,0,0,0,152.04,176,1.4000000000000001
2023,3,7,0,0,25.900000000000002,0,0,0,0,0,0,0,0,159.64000000000001,187,1.6
2023,3,7,1,0,25.700000000000003,0,0,0,0,0,0,0,0,158.52,196,1.8
2023,3,7,2,0,25.5,0,0,0,1,0,0,0,0,149.64000000000001,202,2
2023,3,7,3,0,25.3,0,0,0,1,0,0,0,0,137.65,209,2.3000000000000003
2023,3,7,4,0,25.200000000000003,0,0,0,1,0,0,0,0,124.57000000000001,215,2.4000000000000004
2023,3,7,5,0,25.1,0,0,0,1,0,0,0,0,111.09,224,2.3000000000000003
2023,3,7,6,0,25.1,0,0,0,1,0,0,0,0,97.49000000000001,232,2.3000000000000003
2023,3,7,7,0,25.700000000000003,35,324,70,1,35,324,0,70,83.82000000000001,239,2.5
2023,3,7,8,0,26.1,72,656,290,0,72,656,0,290,70.61,245,2.4000000000000004
2023,3,7,9,0,26.5,92,797,516,0,92,797,0,516,57.84,252,2.3000000000000003
2023,3,7,10,0,27,109,859,705,0,109,859,0,705,46.050000000000004,259,2.3000000000000003
2023,3,7,11,0,27.5,117,897,839,0,117,897,0,839,36.31,268,2.5
2023,3,7,12,0,27.8,120,912,905,0,120,912,0,905,30.67,277,2.8000000000000003
2023,3,7,13,0,28,109,926,899,0,109,926,0,899,31.43,283,3.2
2023,3,7,14,0,28.1,107,902,816,0,107,902,0,816,38.21,288,3.6
2023,3,7,15,0,28,100,856,667,3,365,114,0,440,48.54,294,3.9000000000000004
2023,3,7,16,0,27.700000000000003,86,778,468,3,134,0,0,134,60.61,300,3.8000000000000003
2023,3,7,17,0,27.200000000000003,62,626,240,3,60,0,0,60,73.52,306,3.4000000000000004
2023,3,7,18,0,26.700000000000003,21,218,33,2,20,0,7,20,86.72,311,2.6
2023,3,7,19,0,26.400000000000002,0,0,0,1,0,0,0,0,100.49000000000001,312,2.1
2023,3,7,20,0,26.200000000000003,0,0,0,0,0,0,0,0,114.06,308,1.8
2023,3,7,21,0,26,0,0,0,0,0,0,0,0,127.46000000000001,302,1.6
2023,3,7,22,0,25.8,0,0,0,0,0,0,0,0,140.33,295,1.7000000000000002
2023,3,7,23,0,25.6,0,0,0,0,0,0,0,0,151.8,288,1.9000000000000001
2023,3,8,0,0,25.400000000000002,0,0,0,0,0,0,0,0,159.28,279,2.1
2023,3,8,1,0,25.200000000000003,0,0,0,0,0,0,0,0,158.14000000000001,275,2.3000000000000003
2023,3,8,2,0,25,0,0,0,0,0,0,0,0,149.33,279,2.2
2023,3,8,3,0,24.8,0,0,0,1,0,0,0,0,137.39000000000001,290,2
2023,3,8,4,0,24.700000000000003,0,0,0,1,0,0,0,0,124.34,305,1.9000000000000001
2023,3,8,5,0,24.700000000000003,0,0,0,1,0,0,0,0,110.87,310,1.9000000000000001
2023,3,8,6,0,24.8,0,0,0,1,0,0,0,0,97.28,312,2
2023,3,8,7,0,25.400000000000002,37,322,73,0,37,322,0,73,83.60000000000001,317,2.3000000000000003
2023,3,8,8,0,25.900000000000002,74,660,296,0,74,660,0,296,70.37,323,2.5
2023,3,8,9,0,26.5,93,802,523,0,93,802,0,523,57.57,325,2.9000000000000004
2023,3,8,10,0,27,108,865,712,3,348,50,0,383,45.75,326,3.1
2023,3,8,11,0,27.3,115,901,845,3,70,0,0,70,35.95,331,3.1
2023,3,8,12,0,27.5,118,916,909,2,461,294,0,715,30.27,337,3.4000000000000004
2023,3,8,13,0,27.5,119,910,898,3,443,329,0,725,31.07,340,3.8000000000000003
2023,3,8,14,0,27.3,117,884,814,3,174,0,0,174,37.94,344,3.9000000000000004
2023,3,8,15,0,27.1,110,832,663,3,273,4,0,276,48.34,349,3.9000000000000004
2023,3,8,16,0,26.700000000000003,97,739,462,3,246,35,0,263,60.45,357,4
2023,3,8,17,0,26.3,73,563,234,3,135,10,0,138,73.39,6,4.1000000000000005
2023,3,8,18,0,25.900000000000002,23,147,32,3,13,0,7,13,86.61,15,4.2
2023,3,8,19,0,25.6,0,0,0,3,0,0,0,0,100.38,24,4.800000000000001
2023,3,8,20,0,25.200000000000003,0,0,0,3,0,0,0,0,113.95,31,5.9
2023,3,8,21,0,24.8,0,0,0,0,0,0,0,0,127.33,36,6.6000000000000005
2023,3,8,22,0,24.3,0,0,0,0,0,0,0,0,140.16,40,6.9
2023,3,8,23,0,24,0,0,0,1,0,0,0,0,151.56,42,6.6000000000000005
2023,3,9,0,0,23.8,0,0,0,3,0,0,0,0,158.92000000000002,46,6.300000000000001
2023,3,9,1,0,23.6,0,0,0,0,0,0,0,0,157.76,48,6.1000000000000005
2023,3,9,2,0,23.400000000000002,0,0,0,1,0,0,0,0,149.02,49,5.800000000000001
2023,3,9,3,0,23.1,0,0,0,0,0,0,0,0,137.13,48,5.7
2023,3,9,4,0,23,0,0,0,1,0,0,0,0,124.11,45,5.800000000000001
2023,3,9,5,0,22.8,0,0,0,1,0,0,0,0,110.65,43,5.800000000000001
2023,3,9,6,0,22.8,0,0,0,3,0,0,0,0,97.06,43,5.800000000000001
2023,3,9,7,0,23.200000000000003,40,323,77,7,55,11,7,56,83.38,42,6.4
2023,3,9,8,0,23.5,79,668,306,2,194,72,0,219,70.13,41,6.6000000000000005
2023,3,9,9,0,23.700000000000003,96,818,538,0,96,818,0,538,57.300000000000004,42,6.6000000000000005
2023,3,9,10,0,23.900000000000002,103,905,737,0,103,905,0,737,45.44,43,6.4
2023,3,9,11,0,24.1,108,940,873,0,108,940,0,873,35.59,45,6.1000000000000005
2023,3,9,12,0,24.200000000000003,110,957,940,0,110,957,0,940,29.88,48,5.9
2023,3,9,13,0,24.3,112,952,930,0,112,952,0,930,30.71,48,5.7
2023,3,9,14,0,24.200000000000003,108,932,846,0,108,932,0,846,37.67,46,5.5
2023,3,9,15,0,24,98,890,692,0,98,890,0,692,48.14,47,5.300000000000001
2023,3,9,16,0,23.8,85,815,489,0,85,815,0,489,60.300000000000004,51,5.2
2023,3,9,17,0,23.5,64,654,253,0,64,654,0,253,73.26,54,5.1000000000000005
2023,3,9,18,0,23,24,213,37,0,24,213,0,37,86.5,58,4.7
2023,3,9,19,0,22.900000000000002,0,0,0,0,0,0,0,0,100.28,60,4.7
2023,3,9,20,0,22.700000000000003,0,0,0,1,0,0,0,0,113.84,61,4.7
2023,3,9,21,0,22.6,0,0,0,1,0,0,0,0,127.2,62,4.7
2023,3,9,22,0,22.400000000000002,0,0,0,1,0,0,0,0,139.99,64,4.7
2023,3,9,23,0,22.3,0,0,0,1,0,0,0,0,151.31,67,4.7
2023,3,10,0,0,22.1,0,0,0,1,0,0,0,0,158.56,65,4.6000000000000005
2023,3,10,1,0,22,0,0,0,1,0,0,0,0,157.37,64,4.5
2023,3,10,2,0,21.900000000000002,0,0,0,1,0,0,0,0,148.70000000000002,68,4.4
2023,3,10,3,0,21.8,0,0,0,1,0,0,0,0,136.87,73,4
2023,3,10,4,0,21.8,0,0,0,1,0,0,0,0,123.87,72,3.5
2023,3,10,5,0,21.8,0,0,0,2,0,0,0,0,110.43,73,3.3000000000000003
2023,3,10,6,0,21.900000000000002,0,0,0,2,0,0,0,0,96.84,79,3.4000000000000004
2023,3,10,7,0,22.6,36,390,83,1,36,390,0,83,83.15,85,3.7
2023,3,10,8,0,23,67,712,312,0,67,712,0,312,69.89,90,3.7
2023,3,10,9,0,23.400000000000002,82,845,542,0,82,845,0,542,57.03,97,3.8000000000000003
2023,3,10,10,0,23.900000000000002,90,916,736,0,90,916,0,736,45.13,107,3.4000000000000004
2023,3,10,11,0,24.200000000000003,96,950,872,0,96,950,0,872,35.230000000000004,118,2.8000000000000003
2023,3,10,12,0,24.400000000000002,99,962,936,0,99,962,0,936,29.48,124,2.3000000000000003
2023,3,10,13,0,24.6,98,960,927,0,98,960,0,927,30.36,129,1.7000000000000002
2023,3,10,14,0,24.700000000000003,94,941,841,0,94,941,0,841,37.4,139,1.2000000000000002
2023,3,10,15,0,24.8,87,901,690,3,258,2,0,259,47.94,158,1.1
2023,3,10,16,0,24.8,75,828,487,3,81,0,0,81,60.15,183,1.2000000000000002
2023,3,10,17,0,24.700000000000003,57,676,253,3,9,0,0,9,73.14,192,1.5
2023,3,10,18,0,24.400000000000002,22,265,39,0,22,265,0,39,86.4,186,1.8
2023,3,10,19,0,24.3,0,0,0,0,0,0,0,0,100.17,182,2.3000000000000003
2023,3,10,20,0,24.1,0,0,0,3,0,0,0,0,113.73,184,2.5
2023,3,10,21,0,24,0,0,0,1,0,0,0,0,127.07000000000001,189,2.7
2023,3,10,22,0,23.900000000000002,0,0,0,1,0,0,0,0,139.82,196,3
2023,3,10,23,0,23.700000000000003,0,0,0,1,0,0,0,0,151.06,206,3.6
2023,3,11,0,0,23.5,0,0,0,1,0,0,0,0,158.19,211,4.3
2023,3,11,1,0,23.3,0,0,0,1,0,0,0,0,156.99,215,4.7
2023,3,11,2,0,23.200000000000003,0,0,0,1,0,0,0,0,148.38,214,4.9
2023,3,11,3,0,23.1,0,0,0,1,0,0,0,0,136.6,214,5.2
2023,3,11,4,0,23,0,0,0,1,0,0,0,0,123.64,214,5.6000000000000005
2023,3,11,5,0,23,0,0,0,1,0,0,0,0,110.2,223,5.7
2023,3,11,6,0,23.3,0,0,0,1,0,0,0,0,96.61,234,5.7
2023,3,11,7,0,24.1,40,319,80,1,40,319,0,80,82.93,241,6.2
2023,3,11,8,0,24.6,82,621,298,0,82,621,0,298,69.64,250,6.4
2023,3,11,9,0,24.900000000000002,104,759,520,0,104,759,0,520,56.76,258,6.7
2023,3,11,10,0,25.3,105,858,713,3,372,255,0,553,44.82,260,6.800000000000001
2023,3,11,11,0,25.700000000000003,111,896,846,0,111,896,0,846,34.87,262,6.800000000000001
2023,3,11,12,0,26,115,910,910,3,475,221,0,668,29.080000000000002,265,6.7
2023,3,11,13,0,26.200000000000003,118,904,901,2,458,144,0,583,30,270,6.6000000000000005
2023,3,11,14,0,26.3,113,888,821,0,113,888,0,821,37.13,274,6.4
2023,3,11,15,0,26.3,104,849,675,0,104,849,0,675,47.74,278,6
2023,3,11,16,0,26.1,91,769,476,0,91,769,0,476,59.99,280,5.5
2023,3,11,17,0,25.8,69,600,244,0,69,600,0,244,73.02,282,5
2023,3,11,18,0,25.400000000000002,25,176,36,0,25,176,0,36,86.3,287,4.3
2023,3,11,19,0,25.200000000000003,0,0,0,0,0,0,0,0,100.07000000000001,295,3.8000000000000003
2023,3,11,20,0,25,0,0,0,0,0,0,0,0,113.62,303,3.3000000000000003
2023,3,11,21,0,24.900000000000002,0,0,0,3,0,0,0,0,126.94,309,2.9000000000000004
2023,3,11,22,0,24.700000000000003,0,0,0,3,0,0,0,0,139.65,316,2.4000000000000004
2023,3,11,23,0,24.6,0,0,0,0,0,0,0,0,150.8,323,1.8
2023,3,12,0,0,24.5,0,0,0,0,0,0,0,0,157.83,332,1.2000000000000002
2023,3,12,1,0,24.400000000000002,0,0,0,3,0,0,0,0,156.6,4,0.5
2023,3,12,2,0,24.3,0,0,0,0,0,0,0,0,148.06,88,0.7000000000000001
2023,3,12,3,0,24.1,0,0,0,3,0,0,0,0,136.33,107,1.1
2023,3,12,4,0,23.900000000000002,0,0,0,3,0,0,0,0,123.39,119,1.1
2023,3,12,5,0,23.900000000000002,0,0,0,3,0,0,0,0,109.98,128,1
2023,3,12,6,0,24,0,0,0,0,0,0,0,0,96.39,136,1.1
2023,3,12,7,0,24.400000000000002,41,327,83,0,41,327,0,83,82.7,151,1.3
2023,3,12,8,0,24.6,76,657,307,0,76,657,0,307,69.4,164,1.6
2023,3,12,9,0,24.900000000000002,91,803,535,0,91,803,0,535,56.49,181,1.9000000000000001
2023,3,12,10,0,25.3,107,863,723,0,107,863,0,723,44.51,193,2.3000000000000003
2023,3,12,11,0,25.8,111,906,858,0,111,906,0,858,34.5,201,2.8000000000000003
2023,3,12,12,0,26.400000000000002,110,930,926,0,110,930,0,926,28.68,209,3.4000000000000004
2023,3,12,13,0,26.8,100,945,921,0,100,945,0,921,29.650000000000002,220,3.9000000000000004
2023,3,12,14,0,27.1,95,931,840,0,95,931,0,840,36.86,233,4.1000000000000005
2023,3,12,15,0,27.1,87,893,690,0,87,893,0,690,47.550000000000004,241,4.3
2023,3,12,16,0,27,76,818,487,0,76,818,0,487,59.85,244,4.4
2023,3,12,17,0,26.6,59,663,254,0,59,663,0,254,72.89,243,4.4
2023,3,12,18,0,26,23,257,40,0,23,257,0,40,86.19,241,3.9000000000000004
2023,3,12,19,0,25.700000000000003,0,0,0,0,0,0,0,0,99.96000000000001,236,3.6
2023,3,12,20,0,25.5,0,0,0,0,0,0,0,0,113.51,231,3.4000000000000004
2023,3,12,21,0,25.3,0,0,0,0,0,0,0,0,126.81,225,3.4000000000000004
2023,3,12,22,0,25.1,0,0,0,0,0,0,0,0,139.47,218,3.6
2023,3,12,23,0,25,0,0,0,1,0,0,0,0,150.55,214,4
2023,3,13,0,0,24.900000000000002,0,0,0,1,0,0,0,0,157.46,211,4.4
2023,3,13,1,0,24.8,0,0,0,1,0,0,0,0,156.21,209,4.9
2023,3,13,2,0,24.8,0,0,0,0,0,0,0,0,147.73,208,5.300000000000001
2023,3,13,3,0,24.900000000000002,0,0,0,1,0,0,0,0,136.05,207,5.7
2023,3,13,4,0,25,0,0,0,0,0,0,0,0,123.15,206,5.7
2023,3,13,5,0,25,0,0,0,0,0,0,0,0,109.75,207,5.6000000000000005
2023,3,13,6,0,25.200000000000003,0,0,0,0,0,0,0,0,96.16,209,5.5
2023,3,13,7,0,25.900000000000002,45,296,83,0,45,296,0,83,82.47,215,5.800000000000001
2023,3,13,8,0,26.3,86,613,305,0,86,613,0,305,69.16,224,5.6000000000000005
2023,3,13,9,0,26.700000000000003,108,757,529,0,108,757,0,529,56.22,230,5.4
2023,3,13,10,0,27.1,134,809,713,0,134,809,0,713,44.2,233,5.4
2023,3,13,11,0,27.6,136,860,847,1,136,860,0,847,34.14,232,5.5
2023,3,13,12,0,27.900000000000002,133,889,916,1,133,889,0,916,28.28,231,5.800000000000001
2023,3,13,13,0,28.1,130,893,909,0,130,893,0,909,29.29,232,6.2
2023,3,13,14,0,28,114,894,831,0,114,894,0,831,36.6,234,6.4
2023,3,13,15,0,27.8,98,865,684,0,98,865,0,684,47.36,236,6.300000000000001
2023,3,13,16,0,27.400000000000002,83,793,483,0,83,793,0,483,59.7,240,6
2023,3,13,17,0,26.900000000000002,64,631,251,0,64,631,0,251,72.77,245,5.5
2023,3,13,18,0,26.3,24,215,39,0,24,215,0,39,86.09,247,4.7
2023,3,13,19,0,26.1,0,0,0,0,0,0,0,0,99.86,247,4.4
2023,3,13,20,0,25.900000000000002,0,0,0,0,0,0,0,0,113.4,245,4.1000000000000005
2023,3,13,21,0,25.8,0,0,0,0,0,0,0,0,126.67,242,4.1000000000000005
2023,3,13,22,0,25.700000000000003,0,0,0,0,0,0,0,0,139.29,242,4.1000000000000005
2023,3,13,23,0,25.5,0,0,0,0,0,0,0,0,150.29,245,4.2
2023,3,14,0,0,25.400000000000002,0,0,0,0,0,0,0,0,157.09,247,4.3
2023,3,14,1,0,25.200000000000003,0,0,0,0,0,0,0,0,155.82,248,4.3
2023,3,14,2,0,25.1,0,0,0,0,0,0,0,0,147.41,250,4.2
2023,3,14,3,0,24.900000000000002,0,0,0,1,0,0,0,0,135.78,249,3.9000000000000004
2023,3,14,4,0,24.8,0,0,0,2,0,0,0,0,122.9,243,3.7
2023,3,14,5,0,24.8,0,0,0,2,0,0,0,0,109.52,240,3.8000000000000003
2023,3,14,6,0,24.900000000000002,0,0,0,7,0,0,0,0,95.93,242,3.7
2023,3,14,7,0,25.5,44,321,87,2,56,1,0,56,82.25,248,4
2023,3,14,8,0,25.8,82,631,310,7,6,0,0,6,68.91,256,3.8000000000000003
2023,3,14,9,0,26,102,769,533,7,147,4,0,150,55.95,263,3.8000000000000003
2023,3,14,10,0,26.3,102,865,726,8,235,472,0,576,43.89,270,3.8000000000000003
2023,3,14,11,0,26.5,113,892,855,3,383,17,0,397,33.78,274,3.9000000000000004
2023,3,14,12,0,26.6,125,891,913,3,480,233,0,687,27.88,280,4
2023,3,14,13,0,26.6,139,867,898,2,481,222,0,676,28.94,286,3.9000000000000004
2023,3,14,14,0,26.6,149,818,808,0,149,818,0,808,36.34,295,3.9000000000000004
2023,3,14,15,0,26.400000000000002,151,738,652,0,151,738,0,652,47.17,306,3.9000000000000004
2023,3,14,16,0,26.1,138,619,451,1,138,619,0,451,59.550000000000004,320,4.2
2023,3,14,17,0,25.5,102,422,227,3,133,5,0,135,72.66,335,4.4
2023,3,14,18,0,25,27,77,32,3,21,0,7,21,85.99,348,4.6000000000000005
2023,3,14,19,0,24.700000000000003,0,0,0,0,0,0,0,0,99.76,359,5.1000000000000005
2023,3,14,20,0,24.400000000000002,0,0,0,7,0,0,0,0,113.28,8,5.7
2023,3,14,21,0,24.1,0,0,0,0,0,0,0,0,126.54,15,6
2023,3,14,22,0,23.900000000000002,0,0,0,7,0,0,0,0,139.11,18,6
2023,3,14,23,0,23.8,0,0,0,7,0,0,0,0,150.03,19,5.9
2023,3,15,0,0,23.6,0,0,0,7,0,0,0,0,156.72,16,5.9
2023,3,15,1,0,23.400000000000002,0,0,0,7,0,0,0,0,155.43,12,6.1000000000000005
2023,3,15,2,0,23.200000000000003,0,0,0,7,0,0,0,0,147.08,11,6.2
2023,3,15,3,0,23,0,0,0,7,0,0,0,0,135.5,10,6.4
2023,3,15,4,0,22.8,0,0,0,8,0,0,0,0,122.65,9,6.5
2023,3,15,5,0,22.700000000000003,0,0,0,8,0,0,0,0,109.28,10,6.5
2023,3,15,6,0,22.700000000000003,0,0,0,7,0,0,0,0,95.71000000000001,14,6.2
2023,3,15,7,0,22.900000000000002,57,188,83,7,72,13,0,74,82.01,20,6.2
2023,3,15,8,0,23.1,125,472,297,7,183,44,0,199,68.66,23,6.300000000000001
2023,3,15,9,0,23.3,165,622,515,7,250,45,0,275,55.68,23,6.2
2023,3,15,10,0,23.400000000000002,157,767,713,7,336,286,0,543,43.58,27,6
2023,3,15,11,0,23.400000000000002,162,822,848,7,230,5,0,234,33.410000000000004,32,6.1000000000000005
2023,3,15,12,0,23.400000000000002,164,843,912,7,217,2,0,219,27.48,34,6.1000000000000005
2023,3,15,13,0,23.200000000000003,159,845,901,4,117,0,0,117,28.59,28,6
2023,3,15,14,0,22.700000000000003,161,806,813,4,57,0,0,57,36.08,14,6.800000000000001
2023,3,15,15,0,22.1,151,750,663,4,161,0,0,161,46.980000000000004,10,7.800000000000001
2023,3,15,16,0,21.6,131,653,464,4,96,0,0,96,59.410000000000004,7,8.4
2023,3,15,17,0,21,95,475,237,5,9,0,0,9,72.54,7,8.3
2023,3,15,18,0,20.6,29,119,37,4,17,0,7,17,85.88,15,7.800000000000001
2023,3,15,19,0,20.5,0,0,0,5,0,0,0,0,99.65,26,7.2
2023,3,15,20,0,20.5,0,0,0,4,0,0,0,0,113.17,35,6.7
2023,3,15,21,0,20.6,0,0,0,4,0,0,0,0,126.4,39,6.5
2023,3,15,22,0,20.400000000000002,0,0,0,5,0,0,0,0,138.93,37,6.4
2023,3,15,23,0,20.3,0,0,0,1,0,0,0,0,149.76,36,6.6000000000000005
2023,3,16,0,0,20.3,0,0,0,1,0,0,0,0,156.35,37,6.7
2023,3,16,1,0,20.200000000000003,0,0,0,1,0,0,0,0,155.03,40,6.6000000000000005
2023,3,16,2,0,20.200000000000003,0,0,0,2,0,0,0,0,146.74,43,6.6000000000000005
2023,3,16,3,0,20.3,0,0,0,2,0,0,0,0,135.22,46,6.7
2023,3,16,4,0,20.400000000000002,0,0,0,2,0,0,0,0,122.4,48,6.800000000000001
2023,3,16,5,0,20.5,0,0,0,1,0,0,0,0,109.05,49,7
2023,3,16,6,0,20.8,0,0,0,2,0,0,0,0,95.48,49,7.2
2023,3,16,7,0,21.6,43,445,106,2,47,0,0,47,81.78,51,7.800000000000001
2023,3,16,8,0,21.900000000000002,73,743,346,0,73,743,0,346,68.42,53,7.800000000000001
2023,3,16,9,0,22.3,90,871,584,0,90,871,0,584,55.410000000000004,55,7.6000000000000005
2023,3,16,10,0,22.5,98,938,781,2,425,165,0,545,43.27,57,7.300000000000001
2023,3,16,11,0,22.700000000000003,104,971,918,0,104,971,0,918,33.05,59,7.1000000000000005
2023,3,16,12,0,22.900000000000002,107,983,983,0,107,983,0,983,27.080000000000002,60,6.9
2023,3,16,13,0,22.900000000000002,106,982,972,0,106,982,0,972,28.240000000000002,61,6.7
2023,3,16,14,0,22.900000000000002,102,964,884,1,102,964,0,884,35.82,62,6.5
2023,3,16,15,0,22.900000000000002,95,924,728,0,95,924,0,728,46.800000000000004,64,6.4
2023,3,16,16,0,22.700000000000003,83,845,515,0,83,845,0,515,59.27,67,6.300000000000001
2023,3,16,17,0,22.3,65,688,273,0,65,688,0,273,72.42,71,6.300000000000001
2023,3,16,18,0,21.8,27,269,47,2,32,1,7,32,85.78,75,5.9
2023,3,16,19,0,21.6,0,0,0,0,0,0,0,0,99.55,79,5.800000000000001
2023,3,16,20,0,21.400000000000002,0,0,0,1,0,0,0,0,113.06,83,5.800000000000001
2023,3,16,21,0,21.200000000000003,0,0,0,0,0,0,0,0,126.27,86,5.9
2023,3,16,22,0,21,0,0,0,1,0,0,0,0,138.75,91,5.9
2023,3,16,23,0,21,0,0,0,0,0,0,0,0,149.49,96,6
2023,3,17,0,0,20.900000000000002,0,0,0,1,0,0,0,0,155.97,101,5.9
2023,3,17,1,0,20.900000000000002,0,0,0,0,0,0,0,0,154.64000000000001,107,5.800000000000001
2023,3,17,2,0,20.900000000000002,0,0,0,1,0,0,0,0,146.41,113,5.7
2023,3,17,3,0,20.900000000000002,0,0,0,1,0,0,0,0,134.93,118,5.5
2023,3,17,4,0,21,0,0,0,2,0,0,0,0,122.15,122,5.300000000000001
2023,3,17,5,0,21.1,0,0,0,1,0,0,0,0,108.81,125,5.2
2023,3,17,6,0,21.400000000000002,0,0,0,1,0,0,0,0,95.24,127,5.1000000000000005
2023,3,17,7,0,22.400000000000002,44,439,108,1,44,439,0,108,81.55,129,5.7
2023,3,17,8,0,23,72,737,346,0,72,737,0,346,68.17,129,5.9
2023,3,17,9,0,23.6,87,863,580,0,87,863,0,580,55.14,130,6
2023,3,17,10,0,24.1,95,927,774,0,95,927,0,774,42.96,131,6
2023,3,17,11,0,24.5,103,955,906,3,416,30,0,441,32.68,132,5.800000000000001
2023,3,17,12,0,24.8,107,963,967,3,496,178,0,655,26.68,133,5.4
2023,3,17,13,0,25,106,962,956,1,106,962,0,956,27.89,132,5.1000000000000005
2023,3,17,14,0,25.1,102,941,867,2,425,329,0,692,35.57,131,5.1000000000000005
2023,3,17,15,0,25.1,94,901,713,0,94,901,0,713,46.62,132,5.300000000000001
2023,3,17,16,0,24.900000000000002,82,825,506,0,82,825,0,506,59.13,133,5.6000000000000005
2023,3,17,17,0,24.5,63,673,268,0,63,673,0,268,72.31,134,5.7
2023,3,17,18,0,24,27,266,47,0,27,266,0,47,85.68,136,5.5
2023,3,17,19,0,23.700000000000003,0,0,0,0,0,0,0,0,99.45,137,5.6000000000000005
2023,3,17,20,0,23.6,0,0,0,0,0,0,0,0,112.95,137,5.6000000000000005
2023,3,17,21,0,23.400000000000002,0,0,0,0,0,0,0,0,126.13000000000001,137,5.7
2023,3,17,22,0,23.3,0,0,0,1,0,0,0,0,138.56,139,5.6000000000000005
2023,3,17,23,0,23.200000000000003,0,0,0,1,0,0,0,0,149.23,142,5.5
2023,3,18,0,0,23.1,0,0,0,1,0,0,0,0,155.6,145,5.4
2023,3,18,1,0,23.1,0,0,0,1,0,0,0,0,154.24,149,5.2
2023,3,18,2,0,23,0,0,0,7,0,0,0,0,146.07,155,5
2023,3,18,3,0,23,0,0,0,1,0,0,0,0,134.65,161,4.9
2023,3,18,4,0,23.1,0,0,0,1,0,0,0,0,121.9,163,4.800000000000001
2023,3,18,5,0,23.1,0,0,0,1,0,0,0,0,108.57000000000001,163,4.7
2023,3,18,6,0,23.3,0,0,0,1,0,0,0,0,95.01,163,4.7
2023,3,18,7,0,24.1,48,370,104,0,48,370,0,104,81.32000000000001,162,5.300000000000001
2023,3,18,8,0,24.700000000000003,81,676,336,0,81,676,0,336,67.93,164,5.6000000000000005
2023,3,18,9,0,25.3,95,818,566,0,95,818,0,566,54.870000000000005,167,5.5
2023,3,18,10,0,25.8,100,892,757,0,100,892,0,757,42.65,170,5.4
2023,3,18,11,0,26.400000000000002,103,931,890,1,103,931,0,890,32.32,173,5.4
2023,3,18,12,0,26.700000000000003,102,953,956,2,451,82,0,525,26.28,176,5.4
2023,3,18,13,0,26.900000000000002,104,946,943,2,376,4,0,379,27.54,178,5.4
2023,3,18,14,0,27,100,928,858,2,368,455,0,739,35.32,181,5.2
2023,3,18,15,0,26.900000000000002,93,886,703,7,288,349,0,528,46.44,183,4.9
2023,3,18,16,0,26.700000000000003,82,806,497,0,82,806,0,497,59,185,4.5
2023,3,18,17,0,26.3,65,645,262,0,65,645,0,262,72.2,185,4.2
2023,3,18,18,0,25.700000000000003,27,242,46,0,27,242,0,46,85.58,181,3.8000000000000003
2023,3,18,19,0,25.400000000000002,0,0,0,3,0,0,0,0,99.34,176,3.8000000000000003
2023,3,18,20,0,25.1,0,0,0,0,0,0,0,0,112.83,170,4
2023,3,18,21,0,25,0,0,0,1,0,0,0,0,125.99000000000001,167,4.4
2023,3,18,22,0,24.900000000000002,0,0,0,0,0,0,0,0,138.37,168,5
2023,3,18,23,0,24.8,0,0,0,3,0,0,0,0,148.95000000000002,172,5.2
2023,3,19,0,0,24.8,0,0,0,3,0,0,0,0,155.23,177,5.4
2023,3,19,1,0,24.8,0,0,0,3,0,0,0,0,153.85,183,5.2
2023,3,19,2,0,24.700000000000003,0,0,0,7,0,0,0,0,145.73,191,4.800000000000001
2023,3,19,3,0,24.6,0,0,0,8,0,0,0,0,134.36,199,4.3
2023,3,19,4,0,24.5,0,0,0,4,0,0,0,0,121.64,205,3.8000000000000003
2023,3,19,5,0,24.400000000000002,0,0,0,3,0,0,0,0,108.33,209,3.2
2023,3,19,6,0,24.400000000000002,0,0,0,1,0,0,0,0,94.78,208,2.7
2023,3,19,7,0,24.700000000000003,55,279,98,0,55,279,0,98,81.09,203,2.6
2023,3,19,8,0,24.900000000000002,98,583,320,0,98,583,0,320,67.68,201,2
2023,3,19,9,0,25.1,120,727,542,3,319,152,0,407,54.6,185,1.6
2023,3,19,10,0,25.5,132,806,728,3,404,197,0,550,42.34,160,1.8
2023,3,19,11,0,25.8,140,843,856,3,196,0,0,197,31.96,166,1.7000000000000002
2023,3,19,12,0,26,152,845,912,8,32,0,0,32,25.88,180,1.4000000000000001
2023,3,19,13,0,26.1,142,855,903,8,103,0,0,104,27.19,187,1
2023,3,19,14,0,26.200000000000003,139,829,817,7,253,8,0,260,35.07,189,0.7000000000000001
2023,3,19,15,0,26.200000000000003,128,781,668,7,39,0,0,39,46.26,176,0.30000000000000004
2023,3,19,16,0,25.900000000000002,112,688,468,7,12,0,0,12,58.86,5,0.2
2023,3,19,17,0,25.5,85,515,243,8,9,0,0,9,72.09,357,1
2023,3,19,18,0,25,30,135,41,7,15,0,7,15,85.48,357,1.7000000000000002
2023,3,19,19,0,24.700000000000003,0,0,0,7,0,0,0,0,99.24000000000001,356,2.2
2023,3,19,20,0,24.400000000000002,0,0,0,7,0,0,0,0,112.72,356,2.8000000000000003
2023,3,19,21,0,24.200000000000003,0,0,0,7,0,0,0,0,125.85000000000001,358,3.4000000000000004
2023,3,19,22,0,24,0,0,0,7,0,0,0,0,138.18,360,3.7
2023,3,19,23,0,23.900000000000002,0,0,0,6,0,0,0,0,148.68,4,3.9000000000000004
2023,3,20,0,0,23.8,0,0,0,7,0,0,0,0,154.85,9,4.1000000000000005
2023,3,20,1,0,23.8,0,0,0,8,0,0,0,0,153.45000000000002,14,4.2
2023,3,20,2,0,23.700000000000003,0,0,0,4,0,0,0,0,145.39000000000001,15,4.2
2023,3,20,3,0,23.6,0,0,0,4,0,0,0,0,134.07,13,4.4
2023,3,20,4,0,23.5,0,0,0,8,0,0,0,0,121.38,12,4.800000000000001
2023,3,20,5,0,23.5,0,0,0,5,0,0,0,0,108.09,12,5.2
2023,3,20,6,0,23.400000000000002,0,0,0,7,0,0,0,0,94.55,12,5.9
2023,3,20,7,0,23.5,51,338,104,5,27,0,0,27,80.85000000000001,10,6.800000000000001
2023,3,20,8,0,23.5,88,619,326,5,13,0,0,13,67.43,10,7.4
2023,3,20,9,0,23.400000000000002,112,744,545,4,128,0,0,128,54.33,9,7.9
2023,3,20,10,0,23.400000000000002,132,800,726,8,291,32,0,315,42.04,6,8.200000000000001
2023,3,20,11,0,23.400000000000002,142,836,854,5,105,0,0,105,31.59,5,8.3
2023,3,20,12,0,23.3,146,852,915,8,221,3,1,223,25.47,4,8.200000000000001
2023,3,20,13,0,23.3,148,845,902,7,372,32,0,401,26.85,4,8.200000000000001
2023,3,20,14,0,23.3,141,825,818,5,321,2,0,323,34.83,5,8.1
2023,3,20,15,0,23.200000000000003,131,778,670,8,158,2,0,159,46.09,6,7.9
2023,3,20,16,0,23.200000000000003,111,697,473,7,11,0,0,11,58.730000000000004,9,7.800000000000001
2023,3,20,17,0,23.200000000000003,81,541,249,7,8,0,7,8,71.97,13,7.6000000000000005
2023,3,20,18,0,23.200000000000003,30,170,44,0,30,170,0,44,85.38,16,7.2
2023,3,20,19,0,23.200000000000003,0,0,0,5,0,0,0,0,99.14,20,6.9
2023,3,20,20,0,23.200000000000003,0,0,0,5,0,0,0,0,112.60000000000001,23,6.800000000000001
2023,3,20,21,0,23.200000000000003,0,0,0,3,0,0,0,0,125.7,24,6.7
2023,3,20,22,0,23.200000000000003,0,0,0,3,0,0,0,0,137.99,24,6.6000000000000005
2023,3,20,23,0,23.1,0,0,0,3,0,0,0,0,148.41,24,6.5
2023,3,21,0,0,22.900000000000002,0,0,0,3,0,0,0,0,154.48,23,6.5
2023,3,21,1,0,22.8,0,0,0,3,0,0,0,0,153.06,25,6.300000000000001
2023,3,21,2,0,22.6,0,0,0,3,0,0,0,0,145.05,29,6.1000000000000005
2023,3,21,3,0,22.5,0,0,0,1,0,0,0,0,133.78,31,6
2023,3,21,4,0,22.400000000000002,0,0,0,3,0,0,0,0,121.12,29,6
2023,3,21,5,0,22.3,0,0,0,1,0,0,0,0,107.85000000000001,28,6.1000000000000005
2023,3,21,6,0,22.400000000000002,0,0,0,0,0,0,0,0,94.31,29,6.300000000000001
2023,3,21,7,0,22.8,51,393,115,0,51,393,0,115,80.62,32,6.6000000000000005
2023,3,21,8,0,23,84,677,347,0,84,677,0,347,67.19,35,6.4
2023,3,21,9,0,23.3,104,805,576,0,104,805,0,576,54.07,38,6.1000000000000005
2023,3,21,10,0,23.6,88,925,778,0,88,925,0,778,41.730000000000004,39,5.9
2023,3,21,11,0,23.900000000000002,94,956,911,0,94,956,0,911,31.23,39,6
2023,3,21,12,0,24.1,97,970,975,0,97,970,0,975,25.07,39,6.1000000000000005
2023,3,21,13,0,24.1,92,976,966,0,92,976,0,966,26.5,38,6.1000000000000005
2023,3,21,14,0,24.200000000000003,91,954,877,0,91,954,0,877,34.59,38,6.1000000000000005
2023,3,21,15,0,24.1,87,915,724,0,87,915,0,724,45.92,38,6.2
2023,3,21,16,0,24.200000000000003,78,835,514,0,78,835,0,514,58.6,41,6
2023,3,21,17,0,24.200000000000003,62,685,275,0,62,685,0,275,71.87,45,5.5
2023,3,21,18,0,24,27,295,52,0,27,295,0,52,85.29,50,4.9
2023,3,21,19,0,24,0,0,0,0,0,0,0,0,99.04,57,4.800000000000001
2023,3,21,20,0,24,0,0,0,0,0,0,0,0,112.49000000000001,63,5
2023,3,21,21,0,24,0,0,0,0,0,0,0,0,125.56,68,5.300000000000001
2023,3,21,22,0,23.900000000000002,0,0,0,0,0,0,0,0,137.8,71,5.5
2023,3,21,23,0,23.700000000000003,0,0,0,0,0,0,0,0,148.13,72,5.6000000000000005
2023,3,22,0,0,23.5,0,0,0,1,0,0,0,0,154.1,72,5.6000000000000005
2023,3,22,1,0,23.3,0,0,0,2,0,0,0,0,152.66,71,5.6000000000000005
2023,3,22,2,0,23.200000000000003,0,0,0,1,0,0,0,0,144.71,70,5.6000000000000005
2023,3,22,3,0,23,0,0,0,0,0,0,0,0,133.49,68,5.6000000000000005
2023,3,22,4,0,23,0,0,0,1,0,0,0,0,120.86,66,5.7
2023,3,22,5,0,22.900000000000002,0,0,0,3,0,0,0,0,107.61,62,5.9
2023,3,22,6,0,23,0,0,0,1,0,0,0,0,94.08,59,6.4
2023,3,22,7,0,23.5,47,454,123,0,47,454,0,123,80.39,59,7.2
2023,3,22,8,0,23.8,77,720,359,0,77,720,0,359,66.94,61,7.300000000000001
2023,3,22,9,0,24.1,94,838,589,0,94,838,0,589,53.800000000000004,64,7
2023,3,22,10,0,24.400000000000002,101,907,781,0,101,907,0,781,41.42,65,6.800000000000001
2023,3,22,11,0,24.6,107,940,913,0,107,940,0,913,30.87,64,6.5
2023,3,22,12,0,24.8,108,954,975,0,108,954,0,975,24.67,63,6.300000000000001
2023,3,22,13,0,24.900000000000002,110,948,961,0,110,948,0,961,26.16,63,6.1000000000000005
2023,3,22,14,0,24.900000000000002,107,927,872,0,107,927,0,872,34.35,63,6
2023,3,22,15,0,24.900000000000002,100,884,717,0,100,884,0,717,45.75,61,6
2023,3,22,16,0,24.700000000000003,89,803,509,0,89,803,0,509,58.47,61,6
2023,3,22,17,0,24.5,68,650,272,0,68,650,0,272,71.76,63,6
2023,3,22,18,0,24.1,29,262,51,0,29,262,0,51,85.19,65,5.7
2023,3,22,19,0,23.900000000000002,0,0,0,0,0,0,0,0,98.93,68,5.7
2023,3,22,20,0,23.8,0,0,0,0,0,0,0,0,112.37,71,5.6000000000000005
2023,3,22,21,0,23.700000000000003,0,0,0,2,0,0,0,0,125.41,71,5.6000000000000005
2023,3,22,22,0,23.5,0,0,0,3,0,0,0,0,137.6,70,5.6000000000000005
2023,3,22,23,0,23.400000000000002,0,0,0,3,0,0,0,0,147.85,69,5.5
2023,3,23,0,0,23.3,0,0,0,3,0,0,0,0,153.72,69,5.5
2023,3,23,1,0,23.200000000000003,0,0,0,0,0,0,0,0,152.26,72,5.4
2023,3,23,2,0,23.1,0,0,0,0,0,0,0,0,144.36,74,5.2
2023,3,23,3,0,23.1,0,0,0,1,0,0,0,0,133.19,76,5
2023,3,23,4,0,23,0,0,0,1,0,0,0,0,120.60000000000001,76,4.9
2023,3,23,5,0,22.900000000000002,0,0,0,0,0,0,0,0,107.37,74,4.9
2023,3,23,6,0,23.1,0,0,0,1,0,0,0,0,93.84,71,5
2023,3,23,7,0,23.700000000000003,48,468,128,1,48,468,0,128,80.15,69,5.6000000000000005
2023,3,23,8,0,24,76,728,364,1,76,728,0,364,66.7,69,5.6000000000000005
2023,3,23,9,0,24.3,92,843,593,0,92,843,0,593,53.53,70,5.6000000000000005
2023,3,23,10,0,24.6,90,927,788,0,90,927,0,788,41.12,71,5.4
2023,3,23,11,0,24.900000000000002,95,955,917,2,440,129,0,551,30.51,72,5.1000000000000005
2023,3,23,12,0,25.1,97,964,976,2,457,141,0,586,24.27,70,4.9
2023,3,23,13,0,25.3,107,947,959,1,107,947,0,959,25.82,67,4.7
2023,3,23,14,0,25.3,100,930,870,2,430,123,0,531,34.11,63,4.800000000000001
2023,3,23,15,0,25.1,93,888,715,0,93,888,0,715,45.58,60,5
2023,3,23,16,0,24.900000000000002,83,811,509,2,116,0,0,116,58.35,61,5.1000000000000005
2023,3,23,17,0,24.6,65,660,273,2,113,2,0,113,71.65,64,5.2
2023,3,23,18,0,24.3,29,278,53,0,29,278,0,53,85.09,69,5.1000000000000005
2023,3,23,19,0,24.200000000000003,0,0,0,2,0,0,0,0,98.83,75,5.1000000000000005
2023,3,23,20,0,24,0,0,0,0,0,0,0,0,112.25,81,5.1000000000000005
2023,3,23,21,0,23.900000000000002,0,0,0,0,0,0,0,0,125.27,86,5.1000000000000005
2023,3,23,22,0,23.8,0,0,0,0,0,0,0,0,137.4,90,5.1000000000000005
2023,3,23,23,0,23.6,0,0,0,0,0,0,0,0,147.57,94,5.1000000000000005
2023,3,24,0,0,23.400000000000002,0,0,0,0,0,0,0,0,153.35,98,5
2023,3,24,1,0,23.3,0,0,0,0,0,0,0,0,151.87,100,4.800000000000001
2023,3,24,2,0,23.200000000000003,0,0,0,0,0,0,0,0,144.02,102,4.7
2023,3,24,3,0,23.1,0,0,0,0,0,0,0,0,132.9,104,4.5
2023,3,24,4,0,23.1,0,0,0,0,0,0,0,0,120.34,105,4.3
2023,3,24,5,0,23.1,0,0,0,0,0,0,0,0,107.12,106,4.1000000000000005
2023,3,24,6,0,23.400000000000002,0,0,0,0,0,0,0,0,93.61,109,4
2023,3,24,7,0,24,40,549,136,0,40,549,0,136,79.92,111,4.2
2023,3,24,8,0,24.400000000000002,61,789,376,0,61,789,0,376,66.45,113,3.9000000000000004
2023,3,24,9,0,24.8,73,887,603,1,73,887,0,603,53.27,115,3.6
2023,3,24,10,0,25.3,80,940,792,0,80,940,0,792,40.82,118,3.3000000000000003
2023,3,24,11,0,25.6,83,968,920,2,433,76,0,499,30.150000000000002,122,3
2023,3,24,12,0,26,85,977,979,1,85,977,0,979,23.87,124,2.7
2023,3,24,13,0,26.200000000000003,96,960,963,2,484,174,0,642,25.48,122,2.4000000000000004
2023,3,24,14,0,26.3,91,941,873,1,91,941,0,873,33.88,118,2.4000000000000004
2023,3,24,15,0,26.400000000000002,85,903,719,1,85,903,0,719,45.42,116,2.5
2023,3,24,16,0,26.400000000000002,75,833,514,0,75,833,0,514,58.22,115,2.8000000000000003
2023,3,24,17,0,26.1,59,693,278,3,100,1,0,100,71.55,113,3.3000000000000003
2023,3,24,18,0,25.700000000000003,27,333,56,2,35,1,7,35,85,113,3.8000000000000003
2023,3,24,19,0,25.3,0,0,0,0,0,0,0,0,98.73,114,4.4
2023,3,24,20,0,25,0,0,0,1,0,0,0,0,112.14,116,4.9
2023,3,24,21,0,24.700000000000003,0,0,0,1,0,0,0,0,125.12,118,5.300000000000001
2023,3,24,22,0,24.400000000000002,0,0,0,0,0,0,0,0,137.20000000000002,121,5.300000000000001
2023,3,24,23,0,24.200000000000003,0,0,0,0,0,0,0,0,147.29,123,5.1000000000000005
2023,3,25,0,0,24,0,0,0,0,0,0,0,0,152.97,127,4.800000000000001
2023,3,25,1,0,23.8,0,0,0,0,0,0,0,0,151.47,131,4.5
2023,3,25,2,0,23.700000000000003,0,0,0,0,0,0,0,0,143.67000000000002,136,4.4
2023,3,25,3,0,23.5,0,0,0,0,0,0,0,0,132.6,141,4.5
2023,3,25,4,0,23.5,0,0,0,0,0,0,0,0,120.08,145,4.4
2023,3,25,5,0,23.400000000000002,0,0,0,0,0,0,0,0,106.88,147,4.3
2023,3,25,6,0,23.700000000000003,0,0,0,0,0,0,0,0,93.37,148,4.4
2023,3,25,7,0,24.400000000000002,40,565,141,0,40,565,0,141,79.69,148,5
2023,3,25,8,0,24.900000000000002,61,795,382,0,61,795,0,382,66.21000000000001,148,4.9
2023,3,25,9,0,25.5,73,895,612,0,73,895,0,612,53,148,4.800000000000001
2023,3,25,10,0,26.1,81,947,801,0,81,947,0,801,40.52,149,4.5
2023,3,25,11,0,26.700000000000003,85,973,929,0,85,973,0,929,29.79,151,4.1000000000000005
2023,3,25,12,0,27.200000000000003,88,983,990,0,88,983,0,990,23.47,154,3.3000000000000003
2023,3,25,13,0,27.5,89,976,973,1,89,976,0,973,25.150000000000002,158,2.4000000000000004
2023,3,25,14,0,27.6,86,956,882,3,50,0,0,50,33.65,157,1.7000000000000002
2023,3,25,15,0,27.6,80,918,726,1,80,918,0,726,45.26,148,1.6
2023,3,25,16,0,27.5,70,853,521,0,70,853,0,521,58.1,136,1.7000000000000002
2023,3,25,17,0,27.200000000000003,55,718,284,0,55,718,0,284,71.45,124,2
2023,3,25,18,0,26.700000000000003,26,367,58,0,26,367,0,58,84.9,115,2.4000000000000004
2023,3,25,19,0,26.200000000000003,0,0,0,0,0,0,0,0,98.63,111,3.2
2023,3,25,20,0,25.8,0,0,0,0,0,0,0,0,112.02,109,3.9000000000000004
2023,3,25,21,0,25.400000000000002,0,0,0,0,0,0,0,0,124.97,111,4.3
2023,3,25,22,0,25,0,0,0,0,0,0,0,0,137,114,4.7
2023,3,25,23,0,24.700000000000003,0,0,0,0,0,0,0,0,147,115,4.7
2023,3,26,0,0,24.5,0,0,0,0,0,0,0,0,152.59,116,4.5
2023,3,26,1,0,24.400000000000002,0,0,0,0,0,0,0,0,151.08,117,4.2
2023,3,26,2,0,24.3,0,0,0,0,0,0,0,0,143.33,119,4.1000000000000005
2023,3,26,3,0,24.200000000000003,0,0,0,0,0,0,0,0,132.31,125,4.5
2023,3,26,4,0,24.3,0,0,0,0,0,0,0,0,119.81,131,4.7
2023,3,26,5,0,24.5,0,0,0,0,0,0,0,0,106.63,133,4.5
2023,3,26,6,0,24.8,0,0,0,0,0,0,0,0,93.14,135,4.6000000000000005
2023,3,26,7,0,25.400000000000002,42,557,144,0,42,557,0,144,79.45,137,5.300000000000001
2023,3,26,8,0,25.8,62,790,384,0,62,790,0,384,65.97,139,5.5
2023,3,26,9,0,26.200000000000003,73,893,614,0,73,893,0,614,52.74,142,5.4
2023,3,26,10,0,26.700000000000003,86,940,803,0,86,940,0,803,40.22,145,5.300000000000001
2023,3,26,11,0,27,90,966,931,1,90,966,0,931,29.44,147,5.1000000000000005
2023,3,26,12,0,27.400000000000002,92,975,989,0,92,975,0,989,23.07,148,4.800000000000001
2023,3,26,13,0,27.6,95,966,971,3,441,392,0,798,24.82,149,4.4
2023,3,26,14,0,27.8,92,945,881,0,92,945,0,881,33.43,148,4
2023,3,26,15,0,27.8,84,910,726,0,84,910,0,726,45.11,147,3.6
2023,3,26,16,0,27.6,75,835,518,0,75,835,0,518,57.980000000000004,143,3.2
2023,3,26,17,0,27.3,58,698,282,0,58,698,0,282,71.34,136,2.9000000000000004
2023,3,26,18,0,26.8,27,341,58,0,27,341,0,58,84.81,125,2.7
2023,3,26,19,0,26.400000000000002,0,0,0,0,0,0,0,0,98.52,116,3.1
2023,3,26,20,0,26.1,0,0,0,0,0,0,0,0,111.9,111,3.9000000000000004
2023,3,26,21,0,25.8,0,0,0,0,0,0,0,0,124.82000000000001,112,4.7
2023,3,26,22,0,25.6,0,0,0,0,0,0,0,0,136.8,115,5
2023,3,26,23,0,25.400000000000002,0,0,0,0,0,0,0,0,146.72,117,5
2023,3,27,0,0,25.200000000000003,0,0,0,0,0,0,0,0,152.22,121,5.2
2023,3,27,1,0,25.1,0,0,0,0,0,0,0,0,150.68,126,5.5
2023,3,27,2,0,24.900000000000002,0,0,0,0,0,0,0,0,142.98,132,5.800000000000001
2023,3,27,3,0,24.8,0,0,0,0,0,0,0,0,132.01,136,6
2023,3,27,4,0,24.700000000000003,0,0,0,0,0,0,0,0,119.55,139,5.9
2023,3,27,5,0,24.6,0,0,0,0,0,0,0,0,106.39,141,5.800000000000001
2023,3,27,6,0,24.8,0,0,0,0,0,0,0,0,92.9,145,5.6000000000000005
2023,3,27,7,0,25.400000000000002,45,549,147,0,45,549,0,147,79.22,149,5.6000000000000005
2023,3,27,8,0,25.900000000000002,67,782,389,0,67,782,0,389,65.73,152,5
2023,3,27,9,0,26.400000000000002,80,885,619,3,331,85,0,383,52.480000000000004,156,4.4
2023,3,27,10,0,26.900000000000002,85,944,809,3,257,1,0,258,39.92,159,4
2023,3,27,11,0,27.3,89,974,939,2,313,1,0,314,29.080000000000002,160,3.6
2023,3,27,12,0,27.8,90,983,997,3,42,0,0,42,22.67,160,3.2
2023,3,27,13,0,28,88,982,982,3,473,156,0,615,24.490000000000002,159,2.8000000000000003
2023,3,27,14,0,28.200000000000003,84,966,892,3,206,0,0,207,33.21,156,2.4000000000000004
2023,3,27,15,0,28.200000000000003,78,930,737,3,53,0,0,53,44.95,152,2.2
2023,3,27,16,0,28,69,861,527,3,72,0,0,72,57.86,146,1.8
2023,3,27,17,0,27.8,56,725,289,3,10,0,0,10,71.24,134,1.6
2023,3,27,18,0,27.3,27,369,61,1,27,369,0,61,84.72,113,1.6
2023,3,27,19,0,27,0,0,0,1,0,0,0,0,98.42,101,2.1
2023,3,27,20,0,26.700000000000003,0,0,0,3,0,0,0,0,111.78,100,2.8000000000000003
2023,3,27,21,0,26.3,0,0,0,3,0,0,0,0,124.67,101,3.5
2023,3,27,22,0,26,0,0,0,0,0,0,0,0,136.6,103,3.8000000000000003
2023,3,27,23,0,25.6,0,0,0,0,0,0,0,0,146.43,107,4
2023,3,28,0,0,25.3,0,0,0,0,0,0,0,0,151.84,113,4.2
2023,3,28,1,0,24.900000000000002,0,0,0,0,0,0,0,0,150.29,118,4.1000000000000005
2023,3,28,2,0,24.6,0,0,0,0,0,0,0,0,142.63,121,3.9000000000000004
2023,3,28,3,0,24.3,0,0,0,0,0,0,0,0,131.71,125,3.7
2023,3,28,4,0,24.1,0,0,0,0,0,0,0,0,119.28,129,3.6
2023,3,28,5,0,24,0,0,0,0,0,0,0,0,106.14,134,3.4000000000000004
2023,3,28,6,0,24.200000000000003,0,0,0,0,0,0,0,0,92.67,139,3.1
2023,3,28,7,0,24.8,43,565,151,0,43,565,0,151,78.99,144,3
2023,3,28,8,0,25.3,65,787,392,0,65,787,0,392,65.49,148,2.6
2023,3,28,9,0,25.8,78,886,621,0,78,886,0,621,52.22,150,2.3000000000000003
2023,3,28,10,0,26.400000000000002,82,946,810,0,82,946,0,810,39.63,150,2.1
2023,3,28,11,0,27,86,974,940,1,86,974,0,940,28.73,149,1.9000000000000001
2023,3,28,12,0,27.6,88,984,999,2,459,382,0,813,22.27,151,1.8
2023,3,28,13,0,27.900000000000002,89,980,983,3,50,0,0,50,24.16,154,1.6
2023,3,28,14,0,28.200000000000003,87,958,891,3,445,141,0,564,32.99,162,1
2023,3,28,15,0,28.3,82,917,733,1,82,917,0,733,44.800000000000004,195,0.4
2023,3,28,16,0,28.200000000000003,73,846,524,3,174,1,0,174,57.75,271,0.2
2023,3,28,17,0,27.900000000000002,57,711,287,3,152,14,0,157,71.14,335,0.30000000000000004
2023,3,28,18,0,27.400000000000002,27,368,61,3,39,1,7,39,84.62,359,0.5
2023,3,28,19,0,27.1,0,0,0,0,0,0,0,0,98.32000000000001,14,0.7000000000000001
2023,3,28,20,0,26.700000000000003,0,0,0,0,0,0,0,0,111.66,28,0.8
2023,3,28,21,0,26.400000000000002,0,0,0,0,0,0,0,0,124.52,47,0.8
2023,3,28,22,0,26.1,0,0,0,0,0,0,0,0,136.39000000000001,87,0.8
2023,3,28,23,0,25.8,0,0,0,0,0,0,0,0,146.14000000000001,120,1.1
2023,3,29,0,0,25.6,0,0,0,0,0,0,0,0,151.47,139,1.4000000000000001
2023,3,29,1,0,25.3,0,0,0,0,0,0,0,0,149.9,151,1.7000000000000002
2023,3,29,2,0,25.200000000000003,0,0,0,0,0,0,0,0,142.29,160,1.8
2023,3,29,3,0,25.1,0,0,0,0,0,0,0,0,131.41,169,1.8
2023,3,29,4,0,25.1,0,0,0,0,0,0,0,0,119.02,179,1.8
2023,3,29,5,0,25.200000000000003,0,0,0,0,0,0,0,0,105.9,187,2
2023,3,29,6,0,25.400000000000002,0,0,0,0,0,0,0,0,92.44,198,2.1
2023,3,29,7,0,26,50,478,143,0,50,478,0,143,78.76,209,2.3000000000000003
2023,3,29,8,0,26.5,78,710,375,0,78,710,0,375,65.25,217,2.2
2023,3,29,9,0,27,95,814,596,1,95,814,0,596,51.97,231,2
2023,3,29,10,0,27.5,106,869,778,0,106,869,0,778,39.33,251,1.9000000000000001
2023,3,29,11,0,27.700000000000003,114,897,903,1,114,897,0,903,28.38,273,1.9000000000000001
2023,3,29,12,0,27.900000000000002,119,906,959,2,492,242,0,717,21.87,295,2
2023,3,29,13,0,28,122,895,941,1,122,895,0,941,23.84,312,2.3000000000000003
2023,3,29,14,0,27.900000000000002,122,867,852,2,412,344,0,701,32.78,323,2.8000000000000003
2023,3,29,15,0,27.700000000000003,115,821,699,3,31,0,0,31,44.65,331,3.2
2023,3,29,16,0,27.400000000000002,98,746,498,1,98,746,0,498,57.63,337,3.3000000000000003
2023,3,29,17,0,27.1,74,603,270,2,131,5,0,132,71.05,342,3.4000000000000004
2023,3,29,18,0,26.700000000000003,32,254,56,0,32,254,0,56,84.53,350,3.3000000000000003
2023,3,29,19,0,26.5,0,0,0,3,0,0,0,0,98.22,359,3.2
2023,3,29,20,0,26.200000000000003,0,0,0,0,0,0,0,0,111.54,8,3.2
2023,3,29,21,0,26.1,0,0,0,7,0,0,0,0,124.37,16,3.2
2023,3,29,22,0,25.8,0,0,0,8,0,0,0,0,136.18,21,3.2
2023,3,29,23,0,25.6,0,0,0,7,0,0,0,0,145.85,23,3.2
2023,3,30,0,0,25.3,0,0,0,7,0,0,0,0,151.09,21,3.4000000000000004
2023,3,30,1,0,25,0,0,0,2,0,0,0,0,149.5,17,3.8000000000000003
2023,3,30,2,0,24.700000000000003,0,0,0,0,0,0,0,0,141.94,17,4.1000000000000005
2023,3,30,3,0,24.3,0,0,0,3,0,0,0,0,131.11,20,4.1000000000000005
2023,3,30,4,0,24.1,0,0,0,0,0,0,0,0,118.75,25,3.8000000000000003
2023,3,30,5,0,24,0,0,0,0,0,0,0,0,105.66,35,3.6
2023,3,30,6,0,24.3,0,0,0,0,0,0,0,0,92.2,45,3.6
2023,3,30,7,0,24.8,52,470,145,0,52,470,0,145,78.53,53,3.8000000000000003
2023,3,30,8,0,25.200000000000003,76,715,378,3,221,150,0,285,65.01,49,3.6
2023,3,30,9,0,25.6,89,829,602,0,89,829,0,602,51.71,40,3.5
2023,3,30,10,0,25.900000000000002,104,875,784,1,104,875,0,784,39.04,38,3.8000000000000003
2023,3,30,11,0,26.1,110,908,911,3,204,0,0,204,28.03,40,4.5
2023,3,30,12,0,26.200000000000003,112,920,968,0,112,920,0,968,21.48,42,5.1000000000000005
2023,3,30,13,0,26.3,116,910,950,3,456,98,0,546,23.52,44,5.6000000000000005
2023,3,30,14,0,26.3,110,892,862,2,415,113,0,510,32.57,48,6
2023,3,30,15,0,26.200000000000003,103,850,709,3,379,111,0,458,44.51,52,6.5
2023,3,30,16,0,26,90,775,506,3,285,71,0,323,57.52,57,6.800000000000001
2023,3,30,17,0,25.6,69,630,274,0,69,630,0,274,70.95,61,6.9
2023,3,30,18,0,25.200000000000003,31,280,58,3,34,0,7,34,84.43,65,7
2023,3,30,19,0,24.900000000000002,0,0,0,3,0,0,0,0,98.12,69,7.1000000000000005
2023,3,30,20,0,24.700000000000003,0,0,0,0,0,0,0,0,111.42,71,7.300000000000001
2023,3,30,21,0,24.400000000000002,0,0,0,0,0,0,0,0,124.21000000000001,72,7.300000000000001
2023,3,30,22,0,24.200000000000003,0,0,0,0,0,0,0,0,135.97,74,7.4
2023,3,30,23,0,24.1,0,0,0,1,0,0,0,0,145.56,76,7.4
2023,3,31,0,0,23.900000000000002,0,0,0,1,0,0,0,0,150.72,76,7.2
2023,3,31,1,0,23.700000000000003,0,0,0,1,0,0,0,0,149.11,74,6.9
2023,3,31,2,0,23.6,0,0,0,0,0,0,0,0,141.59,72,6.800000000000001
2023,3,31,3,0,23.5,0,0,0,0,0,0,0,0,130.81,72,6.800000000000001
2023,3,31,4,0,23.5,0,0,0,0,0,0,0,0,118.49000000000001,74,6.9
2023,3,31,5,0,23.6,0,0,0,0,0,0,0,0,105.41,75,6.800000000000001
2023,3,31,6,0,23.900000000000002,0,0,0,0,0,0,0,0,91.97,76,6.9
2023,3,31,7,0,24.400000000000002,51,512,155,0,51,512,0,155,78.3,78,7.300000000000001
2023,3,31,8,0,24.900000000000002,78,739,393,0,78,739,0,393,64.78,82,7.7
2023,3,31,9,0,25.400000000000002,96,840,619,0,96,840,0,619,51.46,87,7.7
2023,3,31,10,0,25.900000000000002,108,891,803,2,431,164,0,559,38.76,91,7.6000000000000005
2023,3,31,11,0,26.200000000000003,118,914,927,0,118,914,0,927,27.68,92,7.300000000000001
2023,3,31,12,0,26.5,124,919,982,1,124,919,0,982,21.080000000000002,92,6.9
2023,3,31,13,0,26.6,114,927,966,1,114,927,0,966,23.2,94,6.800000000000001
2023,3,31,14,0,26.5,111,904,874,2,424,83,0,494,32.36,95,6.5
2023,3,31,15,0,26.400000000000002,105,859,719,1,105,859,0,719,44.36,95,6.2
2023,3,31,16,0,26.200000000000003,94,776,512,3,283,58,0,314,57.410000000000004,94,6.2
2023,3,31,17,0,26,76,611,277,3,119,2,0,120,70.85000000000001,95,6.300000000000001
2023,3,31,18,0,25.700000000000003,35,230,58,1,35,230,0,58,84.34,97,6.1000000000000005
2023,3,31,19,0,25.5,0,0,0,0,0,0,0,0,98.01,100,6
2023,3,31,20,0,25.400000000000002,0,0,0,3,0,0,0,0,111.3,103,6.1000000000000005
2023,3,31,21,0,25.400000000000002,0,0,0,1,0,0,0,0,124.06,106,6.2
2023,3,31,22,0,25.3,0,0,0,0,0,0,0,0,135.76,110,6.2
2023,3,31,23,0,25.200000000000003,0,0,0,3,0,0,0,0,145.27,113,6.1000000000000005
2023,4,1,0,0,25,0,0,0,7,0,0,0,0,150.34,116,6.1000000000000005
2023,4,1,1,0,24.900000000000002,0,0,0,7,0,0,0,0,148.72,119,6.1000000000000005
2023,4,1,2,0,24.8,0,0,0,3,0,0,0,0,141.25,122,5.9
2023,4,1,3,0,24.8,0,0,0,8,0,0,0,0,130.51,123,5.800000000000001
2023,4,1,4,0,24.8,0,0,0,0,0,0,0,0,118.22,123,5.800000000000001
2023,4,1,5,0,24.8,0,0,0,0,0,0,0,0,105.17,123,5.7
2023,4,1,6,0,25.1,0,0,0,3,0,0,1,0,91.74,123,5.7
2023,4,1,7,0,25.700000000000003,55,498,157,0,55,498,0,157,78.08,123,6
2023,4,1,8,0,26.1,80,733,395,0,80,733,0,395,64.54,124,5.9
2023,4,1,9,0,26.6,94,841,621,0,94,841,0,621,51.21,127,5.7
2023,4,1,10,0,27.1,107,891,804,0,107,891,0,804,38.47,130,5.5
2023,4,1,11,0,27.5,110,926,933,0,110,926,0,933,27.34,134,4.9
2023,4,1,12,0,27.900000000000002,109,940,989,0,109,940,0,989,20.69,139,4.4
2023,4,1,13,0,28.200000000000003,106,940,972,0,106,940,0,972,22.89,143,3.8000000000000003
2023,4,1,14,0,28.3,101,921,881,0,101,921,0,881,32.160000000000004,147,3.1
2023,4,1,15,0,28.3,93,883,726,3,380,107,0,456,44.230000000000004,150,2.4000000000000004
2023,4,1,16,0,28.1,81,814,521,3,62,0,0,62,57.300000000000004,148,1.9000000000000001
2023,4,1,17,0,27.8,63,678,286,3,151,12,0,155,70.76,141,1.6
2023,4,1,18,0,27.400000000000002,30,337,64,3,38,1,7,38,84.25,127,1.7000000000000002
2023,4,1,19,0,27,0,0,0,3,0,0,0,0,97.91,121,2.2
2023,4,1,20,0,26.6,0,0,0,0,0,0,0,0,111.17,123,2.8000000000000003
2023,4,1,21,0,26.3,0,0,0,0,0,0,0,0,123.9,129,3.1
2023,4,1,22,0,25.900000000000002,0,0,0,0,0,0,0,0,135.55,136,3.3000000000000003
2023,4,1,23,0,25.6,0,0,0,0,0,0,0,0,144.98,144,3.5
2023,4,2,0,0,25.3,0,0,0,0,0,0,0,0,149.97,151,3.4000000000000004
2023,4,2,1,0,25.1,0,0,0,0,0,0,0,0,148.34,157,3
2023,4,2,2,0,24.900000000000002,0,0,0,0,0,0,0,0,140.9,163,2.8000000000000003
2023,4,2,3,0,24.700000000000003,0,0,0,0,0,0,0,0,130.22,167,2.9000000000000004
2023,4,2,4,0,24.6,0,0,0,1,0,0,0,0,117.96000000000001,170,3.1
2023,4,2,5,0,24.6,0,0,0,0,0,0,0,0,104.92,176,3.1
2023,4,2,6,0,25,0,0,0,0,0,0,0,0,91.51,184,3.2
2023,4,2,7,0,25.6,52,513,160,0,52,513,0,160,77.85000000000001,192,3.3000000000000003
2023,4,2,8,0,26.1,80,721,392,3,234,101,0,278,64.31,203,3.2
2023,4,2,9,0,26.6,93,828,614,3,336,190,0,455,50.96,213,3.1
2023,4,2,10,0,27.3,94,898,800,2,411,133,0,516,38.19,219,3
2023,4,2,11,0,27.8,100,923,923,3,452,298,0,718,27,224,2.6
2023,4,2,12,0,28.1,104,932,979,0,104,932,0,979,20.3,236,2.1
2023,4,2,13,0,28.200000000000003,114,912,955,0,114,912,0,955,22.580000000000002,267,1.9000000000000001
2023,4,2,14,0,28.200000000000003,111,888,864,2,348,496,0,769,31.96,295,2.1
2023,4,2,15,0,28,103,845,710,2,333,365,0,595,44.09,313,2.4000000000000004
2023,4,2,16,0,27.6,90,772,508,0,90,772,0,508,57.2,325,2.6
2023,4,2,17,0,27.200000000000003,69,634,278,0,69,634,0,278,70.66,336,2.6
2023,4,2,18,0,26.8,31,303,62,1,31,303,0,62,84.16,350,2.3000000000000003
2023,4,2,19,0,26.5,0,0,0,0,0,0,0,0,97.81,8,2
2023,4,2,20,0,26.200000000000003,0,0,0,0,0,0,0,0,111.05,27,1.8
2023,4,2,21,0,25.900000000000002,0,0,0,0,0,0,0,0,123.74000000000001,43,1.7000000000000002
2023,4,2,22,0,25.700000000000003,0,0,0,0,0,0,0,0,135.34,59,1.6
2023,4,2,23,0,25.5,0,0,0,0,0,0,0,0,144.69,73,1.5
2023,4,3,0,0,25.400000000000002,0,0,0,0,0,0,0,0,149.6,83,1.4000000000000001
2023,4,3,1,0,25.3,0,0,0,0,0,0,0,0,147.95000000000002,93,1.4000000000000001
2023,4,3,2,0,25.200000000000003,0,0,0,0,0,0,0,0,140.56,94,1.3
2023,4,3,3,0,25.1,0,0,0,0,0,0,0,0,129.92000000000002,99,1.5
2023,4,3,4,0,25,0,0,0,0,0,0,0,0,117.69,105,1.6
2023,4,3,5,0,25.1,0,0,0,0,0,0,0,0,104.68,106,1.7000000000000002
2023,4,3,6,0,25.3,0,0,0,0,0,0,0,0,91.28,105,2
2023,4,3,7,0,25.900000000000002,60,467,160,0,60,467,0,160,77.63,105,2.6
2023,4,3,8,0,26.3,91,697,395,0,91,697,0,395,64.08,104,2.8000000000000003
2023,4,3,9,0,26.900000000000002,107,810,620,0,107,810,0,620,50.71,105,2.9000000000000004
2023,4,3,10,0,27.5,114,878,806,0,114,878,0,806,37.910000000000004,110,3.2
2023,4,3,11,0,28,119,912,934,0,119,912,0,934,26.66,114,3.4000000000000004
2023,4,3,12,0,28.3,122,922,988,0,122,922,0,988,19.91,115,3.4000000000000004
2023,4,3,13,0,28.5,114,926,971,0,114,926,0,971,22.27,115,3.2
2023,4,3,14,0,28.6,112,902,879,0,112,902,0,879,31.76,113,2.9000000000000004
2023,4,3,15,0,28.6,105,858,722,0,105,858,0,722,43.95,111,2.6
2023,4,3,16,0,28.400000000000002,93,778,516,0,93,778,0,516,57.09,102,2.6
2023,4,3,17,0,28,72,629,282,0,72,629,0,282,70.57000000000001,95,3
2023,4,3,18,0,27.5,33,295,63,0,33,295,0,63,84.07000000000001,95,3.5
2023,4,3,19,0,26.900000000000002,0,0,0,0,0,0,0,0,97.7,100,3.9000000000000004
2023,4,3,20,0,26.5,0,0,0,1,0,0,0,0,110.93,107,4.3
2023,4,3,21,0,26.200000000000003,0,0,0,0,0,0,0,0,123.58,113,4.4
2023,4,3,22,0,25.900000000000002,0,0,0,0,0,0,0,0,135.13,117,4.4
2023,4,3,23,0,25.8,0,0,0,0,0,0,0,0,144.39000000000001,117,4.2
2023,4,4,0,0,25.700000000000003,0,0,0,0,0,0,0,0,149.23,115,3.9000000000000004
2023,4,4,1,0,25.6,0,0,0,0,0,0,0,0,147.56,112,3.8000000000000003
2023,4,4,2,0,25.6,0,0,0,0,0,0,0,0,140.21,108,3.9000000000000004
2023,4,4,3,0,25.6,0,0,0,0,0,0,0,0,129.62,104,4
2023,4,4,4,0,25.6,0,0,0,0,0,0,0,0,117.43,104,4.1000000000000005
2023,4,4,5,0,25.700000000000003,0,0,0,0,0,0,0,0,104.44,105,4.1000000000000005
2023,4,4,6,0,26,0,0,0,0,0,0,0,0,91.05,107,4.5
2023,4,4,7,0,26.5,63,451,161,0,63,451,0,161,77.4,108,5
2023,4,4,8,0,26.700000000000003,97,670,392,0,97,670,0,392,63.85,110,5
2023,4,4,9,0,27,116,781,613,0,116,781,0,613,50.47,112,5.1000000000000005
2023,4,4,10,0,27.400000000000002,113,869,802,0,113,869,0,802,37.63,114,5.2
2023,4,4,11,0,27.700000000000003,118,904,928,0,118,904,0,928,26.32,114,5.1000000000000005
2023,4,4,12,0,28,117,922,986,0,117,922,0,986,19.52,111,4.800000000000001
2023,4,4,13,0,28.1,106,935,973,0,106,935,0,973,21.96,108,4.7
2023,4,4,14,0,28.200000000000003,99,923,885,0,99,923,0,885,31.57,103,4.7
2023,4,4,15,0,28.1,90,890,733,0,90,890,0,733,43.82,99,4.800000000000001
2023,4,4,16,0,27.8,78,827,528,0,78,827,0,528,56.99,95,4.9
2023,4,4,17,0,27.3,61,695,293,0,61,695,0,293,70.48,90,5
2023,4,4,18,0,26.700000000000003,30,371,69,0,30,371,0,69,83.98,88,4.9
2023,4,4,19,0,26.3,0,0,0,0,0,0,0,0,97.60000000000001,90,5
2023,4,4,20,0,26,0,0,0,0,0,0,0,0,110.8,91,5
2023,4,4,21,0,25.900000000000002,0,0,0,1,0,0,0,0,123.42,91,5.1000000000000005
2023,4,4,22,0,25.700000000000003,0,0,0,0,0,0,0,0,134.91,91,5.300000000000001
2023,4,4,23,0,25.6,0,0,0,0,0,0,0,0,144.1,92,5.5
2023,4,5,0,0,25.400000000000002,0,0,0,0,0,0,0,0,148.86,92,5.6000000000000005
2023,4,5,1,0,25.3,0,0,0,0,0,0,0,0,147.18,93,5.7
2023,4,5,2,0,25.200000000000003,0,0,0,0,0,0,0,0,139.87,94,5.800000000000001
2023,4,5,3,0,25.1,0,0,0,0,0,0,0,0,129.32,96,5.800000000000001
2023,4,5,4,0,25.1,0,0,0,0,0,0,0,0,117.17,97,5.7
2023,4,5,5,0,25.200000000000003,0,0,0,0,0,0,0,0,104.2,97,5.5
2023,4,5,6,0,25.6,0,0,0,0,0,0,0,0,90.23,96,5.5
2023,4,5,7,0,26,53,558,176,0,53,558,0,176,77.18,95,6
2023,4,5,8,0,26.3,74,772,417,3,219,262,0,335,63.63,96,6.300000000000001
2023,4,5,9,0,26.6,84,872,642,3,354,159,0,456,50.230000000000004,96,6.4
2023,4,5,10,0,26.900000000000002,91,924,825,3,240,1,0,240,37.36,97,6.5
2023,4,5,11,0,27.200000000000003,93,954,951,2,469,159,0,612,25.990000000000002,98,6.6000000000000005
2023,4,5,12,0,27.3,94,964,1004,2,475,161,0,627,19.13,99,6.6000000000000005
2023,4,5,13,0,27.400000000000002,94,959,985,2,452,38,0,487,21.66,99,6.5
2023,4,5,14,0,27.5,92,941,896,0,92,941,0,896,31.38,99,6.5
2023,4,5,15,0,27.400000000000002,88,900,739,0,88,900,0,739,43.69,98,6.6000000000000005
2023,4,5,16,0,27.200000000000003,80,825,531,0,80,825,0,531,56.89,97,6.800000000000001
2023,4,5,17,0,26.8,67,674,293,0,67,674,0,293,70.39,96,6.7
2023,4,5,18,0,26.400000000000002,35,307,67,0,35,307,0,67,83.89,94,6.300000000000001
2023,4,5,19,0,26.200000000000003,0,0,0,0,0,0,0,0,97.5,91,6
2023,4,5,20,0,26.1,0,0,0,0,0,0,0,0,110.68,89,6.1000000000000005
2023,4,5,21,0,26,0,0,0,0,0,0,0,0,123.26,89,6.300000000000001
2023,4,5,22,0,25.900000000000002,0,0,0,0,0,0,0,0,134.69,92,6.5
2023,4,5,23,0,25.700000000000003,0,0,0,2,0,0,0,0,143.81,93,6.4
2023,4,6,0,0,25.6,0,0,0,0,0,0,0,0,148.49,92,6.1000000000000005
2023,4,6,1,0,25.400000000000002,0,0,0,3,0,0,0,0,146.8,89,6
2023,4,6,2,0,25.200000000000003,0,0,0,3,0,0,0,0,139.53,88,6.1000000000000005
2023,4,6,3,0,25.1,0,0,0,0,0,0,0,0,129.03,88,6.4
2023,4,6,4,0,25,0,0,0,0,0,0,0,0,116.9,88,6.6000000000000005
2023,4,6,5,0,25,0,0,0,0,0,0,0,0,103.96000000000001,88,6.6000000000000005
2023,4,6,6,0,25.3,0,0,0,0,0,0,0,0,90.04,89,6.7
2023,4,6,7,0,25.700000000000003,60,506,174,0,60,506,0,174,76.96000000000001,90,7
2023,4,6,8,0,26.1,85,730,412,0,85,730,0,412,63.410000000000004,90,6.9
2023,4,6,9,0,26.400000000000002,97,841,638,0,97,841,0,638,49.99,90,6.800000000000001
2023,4,6,10,0,26.8,98,913,826,1,98,913,0,826,37.09,91,6.7
2023,4,6,11,0,27.200000000000003,101,941,950,1,101,941,0,950,25.66,91,6.4
2023,4,6,12,0,27.5,103,953,1005,0,103,953,0,1005,18.75,90,6.1000000000000005
2023,4,6,13,0,27.700000000000003,105,944,985,0,105,944,0,985,21.37,89,5.7
2023,4,6,14,0,27.8,100,925,892,0,100,925,0,892,31.2,87,5.5
2023,4,6,15,0,27.8,94,886,735,0,94,886,0,735,43.57,86,5.5
2023,4,6,16,0,27.6,83,811,527,0,83,811,0,527,56.79,84,5.7
2023,4,6,17,0,27.1,66,671,292,0,66,671,0,292,70.3,83,6
2023,4,6,18,0,26.6,33,333,69,0,33,333,0,69,83.8,83,6
2023,4,6,19,0,26.3,0,0,0,1,0,0,0,0,97.39,82,6
2023,4,6,20,0,26,0,0,0,0,0,0,0,0,110.55,81,6.2
2023,4,6,21,0,25.8,0,0,0,0,0,0,0,0,123.10000000000001,79,6.5
2023,4,6,22,0,25.5,0,0,0,0,0,0,0,0,134.48,78,6.5
2023,4,6,23,0,25.400000000000002,0,0,0,0,0,0,0,0,143.51,78,6.5
2023,4,7,0,0,25.200000000000003,0,0,0,0,0,0,0,0,148.12,80,6.4
2023,4,7,1,0,25,0,0,0,0,0,0,0,0,146.42000000000002,81,6.4
2023,4,7,2,0,24.8,0,0,0,0,0,0,0,0,139.19,83,6.4
2023,4,7,3,0,24.700000000000003,0,0,0,0,0,0,0,0,128.73,84,6.300000000000001
2023,4,7,4,0,24.6,0,0,0,0,0,0,0,0,116.64,83,6.300000000000001
2023,4,7,5,0,24.400000000000002,0,0,0,0,0,0,0,0,103.72,82,6.300000000000001
2023,4,7,6,0,24.700000000000003,0,0,0,0,0,0,0,0,89.85000000000001,81,6.5
2023,4,7,7,0,25.1,54,580,187,1,54,580,0,187,76.75,80,6.9
2023,4,7,8,0,25.5,76,781,428,0,76,781,0,428,63.190000000000005,81,6.9
2023,4,7,9,0,25.900000000000002,89,872,653,0,89,872,0,653,49.76,81,6.800000000000001
2023,4,7,10,0,26.200000000000003,105,907,831,0,105,907,0,831,36.83,80,6.4
2023,4,7,11,0,26.6,107,933,950,3,206,0,0,207,25.330000000000002,77,5.800000000000001
2023,4,7,12,0,26.900000000000002,106,945,1002,1,106,945,0,1002,18.36,73,5.300000000000001
2023,4,7,13,0,27,99,948,983,3,460,63,0,519,21.080000000000002,68,5
2023,4,7,14,0,27,97,924,890,1,97,924,0,890,31.01,65,4.7
2023,4,7,15,0,26.900000000000002,94,880,733,0,94,880,0,733,43.44,63,4.6000000000000005
2023,4,7,16,0,26.700000000000003,84,805,526,0,84,805,0,526,56.69,63,4.6000000000000005
2023,4,7,17,0,26.3,67,665,292,1,67,665,0,292,70.21000000000001,65,4.6000000000000005
2023,4,7,18,0,25.900000000000002,33,331,70,0,33,331,0,70,83.7,69,4.6000000000000005
2023,4,7,19,0,25.700000000000003,0,0,0,0,0,0,0,0,97.29,72,4.7
2023,4,7,20,0,25.5,0,0,0,0,0,0,0,0,110.42,74,4.9
2023,4,7,21,0,25.3,0,0,0,3,0,0,0,0,122.94,75,4.9
2023,4,7,22,0,25.1,0,0,0,1,0,0,0,0,134.26,76,5.1000000000000005
2023,4,7,23,0,25,0,0,0,0,0,0,0,0,143.22,77,5.4
2023,4,8,0,0,24.8,0,0,0,0,0,0,1,0,147.75,79,5.7
2023,4,8,1,0,24.6,0,0,0,3,0,0,0,0,146.04,82,5.9
2023,4,8,2,0,24.5,0,0,0,3,0,0,0,0,138.85,85,6.2
2023,4,8,3,0,24.5,0,0,0,0,0,0,0,0,128.44,87,6.300000000000001
2023,4,8,4,0,24.400000000000002,0,0,0,0,0,0,0,0,116.38,88,5.800000000000001
2023,4,8,5,0,24.400000000000002,0,0,0,0,0,0,0,0,103.49000000000001,87,5.2
2023,4,8,6,0,24.8,0,0,0,0,0,0,0,0,89.66,87,5
2023,4,8,7,0,25.3,51,573,185,0,51,573,0,185,76.53,88,5
2023,4,8,8,0,25.6,71,770,421,0,71,770,0,421,62.97,91,4.7
2023,4,8,9,0,26.1,82,865,644,1,82,865,0,644,49.53,94,4.2
2023,4,8,10,0,26.5,86,918,824,0,86,918,0,824,36.56,95,3.9000000000000004
2023,4,8,11,0,26.900000000000002,91,943,945,0,91,943,0,945,25.01,96,3.7
2023,4,8,12,0,27.3,92,954,999,0,92,954,0,999,17.98,97,3.8000000000000003
2023,4,8,13,0,27.5,101,935,975,0,101,935,0,975,20.79,96,3.7
2023,4,8,14,0,27.6,96,916,883,0,96,916,0,883,30.84,94,3.5
2023,4,8,15,0,27.6,90,879,729,0,90,879,0,729,43.32,88,3.2
2023,4,8,16,0,27.3,79,808,524,0,79,808,0,524,56.59,80,3.1
2023,4,8,17,0,27,63,669,291,0,63,669,0,291,70.12,74,3.1
2023,4,8,18,0,26.5,32,341,70,0,32,341,0,70,83.61,72,3.2
2023,4,8,19,0,26.200000000000003,0,0,0,0,0,0,0,0,97.18,76,3.1
2023,4,8,20,0,26,0,0,0,0,0,0,0,0,110.3,83,3
2023,4,8,21,0,25.8,0,0,0,1,0,0,0,0,122.77,90,2.7
2023,4,8,22,0,25.6,0,0,0,3,0,0,0,0,134.04,100,2.5
2023,4,8,23,0,25.400000000000002,0,0,0,3,0,0,0,0,142.92000000000002,114,2.2
2023,4,9,0,0,25.3,0,0,0,3,0,0,1,0,147.39000000000001,131,2
2023,4,9,1,0,25.1,0,0,0,0,0,0,0,0,145.66,152,1.8
2023,4,9,2,0,25,0,0,0,0,0,0,0,0,138.51,177,1.7000000000000002
2023,4,9,3,0,24.900000000000002,0,0,0,0,0,0,0,0,128.14000000000001,202,1.6
2023,4,9,4,0,24.8,0,0,0,0,0,0,0,0,116.12,221,1.8
2023,4,9,5,0,24.700000000000003,0,0,0,0,0,0,0,0,103.25,237,2
2023,4,9,6,0,25,0,0,0,0,0,0,0,0,89.48,247,2.4000000000000004
2023,4,9,7,0,25.3,49,585,188,0,49,585,0,188,76.32000000000001,252,2.7
2023,4,9,8,0,25.5,68,774,423,0,68,774,0,423,62.75,255,2.8000000000000003
2023,4,9,9,0,25.8,81,861,642,0,81,861,0,642,49.300000000000004,258,2.9000000000000004
2023,4,9,10,0,26.400000000000002,91,903,819,0,91,903,0,819,36.31,266,3.2
2023,4,9,11,0,26.900000000000002,107,913,936,0,107,913,0,936,24.69,277,3.6
2023,4,9,12,0,27.200000000000003,119,906,983,0,119,906,0,983,17.61,287,4
2023,4,9,13,0,27.3,126,890,959,0,126,890,0,959,20.5,296,4.1000000000000005
2023,4,9,14,0,27.400000000000002,128,856,865,0,128,856,0,865,30.66,304,4.2
2023,4,9,15,0,27.3,120,811,712,0,120,811,0,712,43.2,312,4.3
2023,4,9,16,0,27.1,103,740,511,0,103,740,0,511,56.5,319,4.4
2023,4,9,17,0,26.8,79,598,283,0,79,598,0,283,70.03,323,4.2
2023,4,9,18,0,26.400000000000002,36,274,67,2,46,1,7,46,83.52,323,3.8000000000000003
2023,4,9,19,0,26.1,0,0,0,0,0,0,0,0,97.08,323,3.4000000000000004
2023,4,9,20,0,25.900000000000002,0,0,0,2,0,0,0,0,110.17,323,3.1
2023,4,9,21,0,25.700000000000003,0,0,0,3,0,0,0,0,122.61,321,2.8000000000000003
2023,4,9,22,0,25.5,0,0,0,8,0,0,0,0,133.82,318,2.6
2023,4,9,23,0,25.3,0,0,0,3,0,0,0,0,142.63,316,2.6
2023,4,10,0,0,25.1,0,0,0,3,0,0,1,0,147.03,317,2.8000000000000003
2023,4,10,1,0,24.900000000000002,0,0,0,0,0,0,0,0,145.29,322,3
2023,4,10,2,0,24.700000000000003,0,0,0,8,0,0,0,0,138.18,329,3.2
2023,4,10,3,0,24.6,0,0,0,8,0,0,0,0,127.85000000000001,336,3.4000000000000004
2023,4,10,4,0,24.6,0,0,0,3,0,0,0,0,115.87,339,3.5
2023,4,10,5,0,24.6,0,0,0,7,0,0,0,0,103.02,335,3.6
2023,4,10,6,0,24.700000000000003,0,0,0,1,0,0,0,0,89.29,329,3.9000000000000004
2023,4,10,7,0,24.900000000000002,77,397,172,0,77,397,0,172,76.11,325,4.2
2023,4,10,8,0,24.900000000000002,112,627,401,0,112,627,0,401,62.54,319,4.3
2023,4,10,9,0,25,135,738,618,2,343,75,0,392,49.07,313,4.4
2023,4,10,10,0,25.1,147,804,797,1,147,804,0,797,36.050000000000004,313,4.3
2023,4,10,11,0,25.1,152,839,916,3,137,0,0,137,24.38,321,3.9000000000000004
2023,4,10,12,0,25.200000000000003,151,857,970,8,402,319,0,707,17.23,331,3.5
2023,4,10,13,0,25.3,120,895,960,3,128,0,0,129,20.22,344,3.1
2023,4,10,14,0,25.3,119,869,868,3,38,0,0,38,30.490000000000002,359,2.9000000000000004
2023,4,10,15,0,25.200000000000003,112,826,715,2,274,2,0,276,43.08,18,2.8000000000000003
2023,4,10,16,0,25.1,99,748,513,8,249,133,0,323,56.4,37,3.1
2023,4,10,17,0,25.1,79,597,283,7,5,0,0,5,69.94,52,3.9000000000000004
2023,4,10,18,0,25.1,38,258,68,3,41,0,7,41,83.43,62,4.9
2023,4,10,19,0,25,0,0,0,0,0,0,0,0,96.97,68,5.800000000000001
2023,4,10,20,0,24.8,0,0,0,7,0,0,0,0,110.04,70,7
2023,4,10,21,0,24.700000000000003,0,0,0,6,0,0,0,0,122.44,70,8
2023,4,10,22,0,24.5,0,0,0,7,0,0,0,0,133.59,71,8.4
2023,4,10,23,0,24.3,0,0,0,8,0,0,0,0,142.33,74,8.5
2023,4,11,0,0,24.200000000000003,0,0,0,8,0,0,1,0,146.67000000000002,76,8.3
2023,4,11,1,0,24.1,0,0,0,7,0,0,0,0,144.92000000000002,78,8
2023,4,11,2,0,24.1,0,0,0,8,0,0,0,0,137.84,79,7.800000000000001
2023,4,11,3,0,24.1,0,0,0,7,0,0,0,0,127.56,79,7.6000000000000005
2023,4,11,4,0,24.1,0,0,0,6,0,0,0,0,115.61,80,7.5
2023,4,11,5,0,24.1,0,0,0,6,0,0,0,0,102.79,79,7.5
2023,4,11,6,0,24.200000000000003,0,0,0,6,0,0,7,0,89.09,79,7.7
2023,4,11,7,0,24.5,101,257,164,6,4,0,0,4,75.9,79,8.200000000000001
2023,4,11,8,0,24.8,161,479,384,7,89,1,0,89,62.33,79,8.6
2023,4,11,9,0,25,191,620,599,8,109,1,0,110,48.85,80,8.8
2023,4,11,10,0,25.200000000000003,182,742,784,8,225,4,0,228,35.800000000000004,80,8.700000000000001
2023,4,11,11,0,25.3,193,777,902,7,370,35,0,402,24.07,79,8.5
2023,4,11,12,0,25.200000000000003,199,786,952,7,324,7,0,331,16.86,78,8.5
2023,4,11,13,0,25.1,202,775,930,7,255,2,0,257,19.95,76,8.700000000000001
2023,4,11,14,0,24.900000000000002,193,750,841,8,355,340,0,649,30.330000000000002,76,9
2023,4,11,15,0,24.8,174,705,690,8,328,59,0,371,42.97,76,9.200000000000001
2023,4,11,16,0,24.5,155,600,488,7,202,28,0,218,56.31,75,9.4
2023,4,11,17,0,24.3,118,424,264,7,6,0,0,6,69.86,74,9.5
2023,4,11,18,0,24.1,48,103,60,7,24,0,7,24,83.34,74,9.600000000000001
2023,4,11,19,0,24,0,0,0,7,0,0,0,0,96.87,75,9.8
2023,4,11,20,0,24,0,0,0,8,0,0,0,0,109.91,77,9.9
2023,4,11,21,0,23.900000000000002,0,0,0,4,0,0,0,0,122.27,80,10.200000000000001
2023,4,11,22,0,23.900000000000002,0,0,0,7,0,0,0,0,133.37,83,10.200000000000001
2023,4,11,23,0,24,0,0,0,3,0,0,0,0,142.04,86,9.9
2023,4,12,0,0,24,0,0,0,3,0,0,1,0,146.31,87,9.4
2023,4,12,1,0,24.1,0,0,0,5,0,0,0,0,144.55,87,9
2023,4,12,2,0,24.1,0,0,0,7,0,0,0,0,137.51,86,8.700000000000001
2023,4,12,3,0,24.1,0,0,0,7,0,0,0,0,127.28,85,8.5
2023,4,12,4,0,24.1,0,0,0,7,0,0,0,0,115.36,85,8.3
2023,4,12,5,0,24.1,0,0,0,7,0,0,0,0,102.56,85,8.200000000000001
2023,4,12,6,0,24.200000000000003,8,6,8,7,3,0,7,3,88.9,85,8.1
2023,4,12,7,0,24.5,81,387,177,7,117,24,0,123,75.69,86,8.200000000000001
2023,4,12,8,0,24.8,121,600,402,8,161,19,0,170,62.120000000000005,88,8.200000000000001
2023,4,12,9,0,25.200000000000003,146,711,616,8,26,0,0,26,48.63,89,8.1
2023,4,12,10,0,25.5,156,783,794,3,205,0,0,205,35.550000000000004,91,7.7
2023,4,12,11,0,25.6,161,821,913,4,261,0,0,261,23.76,93,6.9
2023,4,12,12,0,25.8,164,837,966,4,298,1,0,299,16.48,97,6.300000000000001
2023,4,12,13,0,25.900000000000002,186,798,938,7,404,31,0,433,19.67,99,5.800000000000001
2023,4,12,14,0,25.900000000000002,180,773,848,7,360,22,0,379,30.16,101,5.4
2023,4,12,15,0,25.900000000000002,165,725,697,7,169,3,0,171,42.86,103,5.2
2023,4,12,16,0,25.8,139,647,499,8,257,160,0,347,56.22,104,5.2
2023,4,12,17,0,25.5,103,496,275,3,103,1,0,103,69.77,103,5.300000000000001
2023,4,12,18,0,25.1,45,183,66,3,36,0,7,36,83.25,104,5.2
2023,4,12,19,0,24.8,0,0,0,1,0,0,0,0,96.76,106,5.300000000000001
2023,4,12,20,0,24.700000000000003,0,0,0,0,0,0,0,0,109.78,110,5.5
2023,4,12,21,0,24.6,0,0,0,0,0,0,0,0,122.11,114,5.4
2023,4,12,22,0,24.6,0,0,0,0,0,0,0,0,133.15,119,5.6000000000000005
2023,4,12,23,0,24.700000000000003,0,0,0,0,0,0,0,0,141.74,123,5.9
2023,4,13,0,0,24.700000000000003,0,0,0,1,0,0,1,0,145.95000000000002,127,6.1000000000000005
2023,4,13,1,0,24.8,0,0,0,0,0,0,0,0,144.19,132,6.1000000000000005
2023,4,13,2,0,24.8,0,0,0,0,0,0,0,0,137.18,136,6
2023,4,13,3,0,24.8,0,0,0,0,0,0,0,0,126.99000000000001,139,5.800000000000001
2023,4,13,4,0,24.8,0,0,0,0,0,0,0,0,115.11,141,5.5
2023,4,13,5,0,24.8,0,0,0,0,0,0,0,0,102.33,142,5.1000000000000005
2023,4,13,6,0,25.1,11,29,11,8,6,0,7,6,88.71000000000001,141,4.9
2023,4,13,7,0,25.5,70,469,188,0,70,469,0,188,75.49,140,5
2023,4,13,8,0,25.900000000000002,98,680,418,0,98,680,0,418,61.92,138,4.800000000000001
2023,4,13,9,0,26.200000000000003,113,789,636,3,352,198,0,484,48.42,138,4.5
2023,4,13,10,0,26.6,115,860,817,3,434,174,0,576,35.31,140,4.1000000000000005
2023,4,13,11,0,27,117,894,937,3,473,165,0,624,23.46,143,3.7
2023,4,13,12,0,27.3,116,908,989,3,327,1,0,328,16.12,146,3.2
2023,4,13,13,0,27.5,118,901,967,7,46,0,0,46,19.41,149,2.7
2023,4,13,14,0,27.6,111,883,876,8,50,0,0,50,30.01,153,2.2
2023,4,13,15,0,27.700000000000003,103,844,723,3,370,96,0,441,42.75,153,1.8
2023,4,13,16,0,27.6,90,773,521,0,90,773,0,521,56.13,140,1.4000000000000001
2023,4,13,17,0,27.400000000000002,71,640,293,0,71,640,0,293,69.68,114,1.4000000000000001
2023,4,13,18,0,26.900000000000002,36,325,75,5,41,1,7,41,83.16,97,1.6
2023,4,13,19,0,26.6,0,0,0,5,0,0,0,0,96.65,93,2.4000000000000004
2023,4,13,20,0,26.200000000000003,0,0,0,0,0,0,0,0,109.65,96,3.2
2023,4,13,21,0,26,0,0,0,0,0,0,0,0,121.94,100,3.8000000000000003
2023,4,13,22,0,25.700000000000003,0,0,0,0,0,0,0,0,132.93,108,4
2023,4,13,23,0,25.5,0,0,0,7,0,0,0,0,141.45000000000002,116,4.2
2023,4,14,0,0,25.400000000000002,0,0,0,0,0,0,1,0,145.59,124,4.3
2023,4,14,1,0,25.200000000000003,0,0,0,0,0,0,0,0,143.82,131,4.3
2023,4,14,2,0,25.200000000000003,0,0,0,0,0,0,0,0,136.86,136,4.3
2023,4,14,3,0,25.200000000000003,0,0,0,0,0,0,0,0,126.71000000000001,140,4.2
2023,4,14,4,0,25.200000000000003,0,0,0,0,0,0,0,0,114.86,144,4.1000000000000005
2023,4,14,5,0,25.200000000000003,0,0,0,0,0,0,0,0,102.10000000000001,147,4.1000000000000005
2023,4,14,6,0,25.5,12,67,14,1,12,67,0,14,88.52,150,4.3
2023,4,14,7,0,25.900000000000002,62,529,197,8,105,284,0,178,75.29,153,4.800000000000001
2023,4,14,8,0,26.200000000000003,87,721,428,1,87,721,0,428,61.72,158,4.9
2023,4,14,9,0,26.6,104,811,644,3,344,232,0,498,48.21,162,5
2023,4,14,10,0,27,98,891,827,3,394,74,0,454,35.08,163,4.800000000000001
2023,4,14,11,0,27.3,104,914,944,3,432,371,0,774,23.16,164,4.4
2023,4,14,12,0,27.5,106,924,995,8,397,297,0,683,15.75,167,4
2023,4,14,13,0,27.700000000000003,120,897,968,8,68,0,0,68,19.14,169,3.6
2023,4,14,14,0,27.8,110,884,877,7,123,0,0,123,29.85,170,3.2
2023,4,14,15,0,27.8,99,850,724,7,47,0,0,47,42.64,171,3
2023,4,14,16,0,27.700000000000003,86,783,523,6,10,0,0,10,56.04,167,2.8000000000000003
2023,4,14,17,0,27.5,68,647,294,7,35,0,0,35,69.60000000000001,161,2.8000000000000003
2023,4,14,18,0,27,35,335,76,7,43,5,7,44,83.07000000000001,151,2.8000000000000003
2023,4,14,19,0,26.700000000000003,0,0,0,6,0,0,0,0,96.55,143,3.4000000000000004
2023,4,14,20,0,26.5,0,0,0,7,0,0,0,0,109.51,137,3.8000000000000003
2023,4,14,21,0,26.400000000000002,0,0,0,7,0,0,0,0,121.77,136,4
2023,4,14,22,0,26.200000000000003,0,0,0,8,0,0,0,0,132.7,140,4.1000000000000005
2023,4,14,23,0,26.1,0,0,0,8,0,0,0,0,141.15,145,4.1000000000000005
2023,4,15,0,0,25.900000000000002,0,0,0,7,0,0,1,0,145.24,149,3.9000000000000004
2023,4,15,1,0,25.8,0,0,0,3,0,0,0,0,143.46,151,3.7
2023,4,15,2,0,25.700000000000003,0,0,0,7,0,0,0,0,136.53,152,3.3000000000000003
2023,4,15,3,0,25.700000000000003,0,0,0,7,0,0,0,0,126.42,153,3
2023,4,15,4,0,25.700000000000003,0,0,0,7,0,0,0,0,114.61,152,2.5
2023,4,15,5,0,25.8,0,0,0,7,0,0,0,0,101.88,148,2.1
2023,4,15,6,0,25.900000000000002,13,88,16,7,9,0,1,9,88.33,140,1.8
2023,4,15,7,0,26.3,59,555,202,8,122,119,0,152,75.09,130,2
2023,4,15,8,0,26.5,81,742,435,8,155,437,0,363,61.52,124,2.2
2023,4,15,9,0,26.700000000000003,95,833,652,7,199,603,0,602,48.01,121,2.4000000000000004
2023,4,15,10,0,26.900000000000002,114,867,826,8,179,619,0,686,34.84,119,2.5
2023,4,15,11,0,27.200000000000003,120,894,943,2,486,188,0,659,22.87,115,2.5
2023,4,15,12,0,27.3,122,905,994,0,122,905,0,994,15.39,110,2.3000000000000003
2023,4,15,13,0,27.400000000000002,117,907,975,0,117,907,0,975,18.88,103,2.5
2023,4,15,14,0,27.400000000000002,111,889,883,6,214,2,0,215,29.7,99,2.8000000000000003
2023,4,15,15,0,27.400000000000002,102,853,731,6,95,0,0,95,42.53,99,3.1
2023,4,15,16,0,27.3,90,784,529,6,16,0,0,16,55.95,102,3.6
2023,4,15,17,0,27,70,653,298,0,70,653,0,298,69.51,106,3.9000000000000004
2023,4,15,18,0,26.5,36,345,78,0,36,345,0,78,82.98,110,3.8000000000000003
2023,4,15,19,0,26.3,0,0,0,0,0,0,0,0,96.44,113,3.8000000000000003
2023,4,15,20,0,26.1,0,0,0,0,0,0,0,0,109.38,115,3.8000000000000003
2023,4,15,21,0,26,0,0,0,0,0,0,0,0,121.60000000000001,117,3.5
2023,4,15,22,0,25.900000000000002,0,0,0,0,0,0,0,0,132.48,118,2.9000000000000004
2023,4,15,23,0,25.700000000000003,0,0,0,0,0,0,0,0,140.86,120,2.3000000000000003
2023,4,16,0,0,25.700000000000003,0,0,0,0,0,0,1,0,144.89000000000001,123,1.9000000000000001
2023,4,16,1,0,25.6,0,0,0,0,0,0,0,0,143.11,125,1.8
2023,4,16,2,0,25.5,0,0,0,0,0,0,0,0,136.21,127,1.8
2023,4,16,3,0,25.400000000000002,0,0,0,0,0,0,0,0,126.14,127,1.8
2023,4,16,4,0,25.5,0,0,0,0,0,0,0,0,114.36,132,1.6
2023,4,16,5,0,25.5,0,0,0,0,0,0,0,0,101.66,143,1.3
2023,4,16,6,0,25.700000000000003,14,124,18,0,14,124,0,18,88.15,158,1.1
2023,4,16,7,0,26.1,56,589,210,0,56,589,0,210,74.9,171,1.3
2023,4,16,8,0,26.400000000000002,76,767,444,0,76,767,0,444,61.33,188,1.3
2023,4,16,9,0,26.8,88,857,663,0,88,857,0,663,47.800000000000004,209,1.4000000000000001
2023,4,16,10,0,27.200000000000003,89,913,840,1,89,913,0,840,34.62,205,1.2000000000000002
2023,4,16,11,0,27.700000000000003,91,939,958,0,91,939,0,958,22.59,172,1.1
2023,4,16,12,0,28,92,948,1008,0,92,948,0,1008,15.030000000000001,145,1.4000000000000001
2023,4,16,13,0,28.3,91,943,985,7,367,17,0,384,18.63,134,1.9000000000000001
2023,4,16,14,0,28.3,91,920,891,7,249,4,0,252,29.55,128,2.5
2023,4,16,15,0,28.3,89,875,735,0,89,875,0,735,42.43,125,3.1
2023,4,16,16,0,28,84,793,529,0,84,793,0,529,55.86,125,3.5
2023,4,16,17,0,27.700000000000003,69,652,298,0,69,652,0,298,69.43,129,3.7
2023,4,16,18,0,27.200000000000003,37,339,78,0,37,339,0,78,82.89,136,3.5
2023,4,16,19,0,27,0,0,0,0,0,0,0,0,96.33,144,3.4000000000000004
2023,4,16,20,0,26.8,0,0,0,0,0,0,0,0,109.25,150,3.3000000000000003
2023,4,16,21,0,26.700000000000003,0,0,0,0,0,0,0,0,121.42,157,3.1
2023,4,16,22,0,26.5,0,0,0,0,0,0,0,0,132.25,166,2.8000000000000003
2023,4,16,23,0,26.400000000000002,0,0,0,0,0,0,0,0,140.57,172,2.6
2023,4,17,0,0,26.200000000000003,0,0,0,0,0,0,0,0,144.54,176,2.6
2023,4,17,1,0,26.1,0,0,0,0,0,0,0,0,142.75,179,2.5
2023,4,17,2,0,26,0,0,0,0,0,0,0,0,135.89000000000001,181,2.5
2023,4,17,3,0,25.900000000000002,0,0,0,1,0,0,0,0,125.87,183,2.5
2023,4,17,4,0,25.900000000000002,0,0,0,7,0,0,0,0,114.12,178,2.7
2023,4,17,5,0,26,0,0,0,7,0,0,0,0,101.44,171,2.9000000000000004
2023,4,17,6,0,26.200000000000003,15,102,18,7,11,0,7,11,87.96000000000001,171,3.1
2023,4,17,7,0,26.700000000000003,62,544,206,8,109,315,0,192,74.71000000000001,177,3.7
2023,4,17,8,0,27,85,729,437,7,218,119,0,275,61.14,184,4.2
2023,4,17,9,0,27.200000000000003,100,817,651,7,259,379,0,514,47.61,190,4.4
2023,4,17,10,0,27.5,114,861,824,0,114,861,0,824,34.39,193,4.4
2023,4,17,11,0,27.700000000000003,114,896,943,0,114,896,0,943,22.3,183,4.1000000000000005
2023,4,17,12,0,28,111,914,996,1,111,914,0,996,14.67,170,4.6000000000000005
2023,4,17,13,0,28.200000000000003,101,925,979,0,101,925,0,979,18.38,173,5.300000000000001
2023,4,17,14,0,28.3,101,899,884,0,101,899,0,884,29.400000000000002,180,5.6000000000000005
2023,4,17,15,0,28.200000000000003,100,850,728,0,100,850,0,728,42.32,187,5.7
2023,4,17,16,0,27.900000000000002,95,761,523,0,95,761,0,523,55.77,192,5.7
2023,4,17,17,0,27.5,85,579,289,0,85,579,0,289,69.34,196,5.7
2023,4,17,18,0,27,44,241,74,0,44,241,0,74,82.8,200,5.300000000000001
2023,4,17,19,0,26.700000000000003,0,0,0,0,0,0,0,0,96.22,204,5.1000000000000005
2023,4,17,20,0,26.6,0,0,0,0,0,0,0,0,109.11,208,4.9
2023,4,17,21,0,26.5,0,0,0,0,0,0,0,0,121.25,214,4.9
2023,4,17,22,0,26.5,0,0,0,0,0,0,0,0,132.03,223,4.9
2023,4,17,23,0,26.400000000000002,0,0,0,0,0,0,0,0,140.28,235,4.7
2023,4,18,0,0,26.3,0,0,0,0,0,0,0,0,144.20000000000002,249,4.5
2023,4,18,1,0,26.200000000000003,0,0,0,8,0,0,0,0,142.4,264,4.4
2023,4,18,2,0,26,0,0,0,0,0,0,0,0,135.58,283,4.1000000000000005
2023,4,18,3,0,25.700000000000003,0,0,0,0,0,0,0,0,125.59,306,4.2
2023,4,18,4,0,25.3,0,0,0,0,0,0,0,0,113.88,326,4.800000000000001
2023,4,18,5,0,25,0,0,0,1,0,0,0,0,101.23,337,5.5
2023,4,18,6,0,25,16,38,17,1,16,38,0,17,87.77,345,6.300000000000001
2023,4,18,7,0,25.3,84,444,202,8,80,4,0,81,74.52,348,6.7
2023,4,18,8,0,25.700000000000003,114,666,437,0,114,666,0,437,60.95,349,6.4
2023,4,18,9,0,26.1,130,781,658,0,130,781,0,658,47.410000000000004,349,5.9
2023,4,18,10,0,26.400000000000002,115,885,847,1,115,885,0,847,34.18,352,5.7
2023,4,18,11,0,26.6,121,911,966,3,223,0,0,223,22.03,358,5.800000000000001
2023,4,18,12,0,26.700000000000003,123,922,1017,2,475,46,0,519,14.31,3,5.800000000000001
2023,4,18,13,0,26.700000000000003,124,917,996,2,481,109,0,585,18.14,7,5.6000000000000005
2023,4,18,14,0,26.6,120,896,902,1,120,896,0,902,29.26,10,5.5
2023,4,18,15,0,26.400000000000002,110,860,747,0,110,860,0,747,42.22,13,5.5
2023,4,18,16,0,26.200000000000003,96,793,542,0,96,793,0,542,55.69,16,5.4
2023,4,18,17,0,25.900000000000002,73,666,309,0,73,666,0,309,69.26,17,5.2
2023,4,18,18,0,25.400000000000002,38,364,84,0,38,364,0,84,82.7,15,4.7
2023,4,18,19,0,25.1,0,0,0,0,0,0,0,0,96.11,10,4.5
2023,4,18,20,0,24.900000000000002,0,0,0,0,0,0,0,0,108.98,10,4.6000000000000005
2023,4,18,21,0,24.6,0,0,0,0,0,0,0,0,121.08,10,4.5
2023,4,18,22,0,24.3,0,0,0,0,0,0,0,0,131.8,9,4.3
2023,4,18,23,0,23.900000000000002,0,0,0,0,0,0,0,0,139.99,10,3.8000000000000003
2023,4,19,0,0,23.6,0,0,0,0,0,0,0,0,143.85,16,3.6
2023,4,19,1,0,23.400000000000002,0,0,0,0,0,0,0,0,142.05,17,3.3000000000000003
2023,4,19,2,0,23.200000000000003,0,0,0,1,0,0,0,0,135.26,22,3.1
2023,4,19,3,0,23.1,0,0,0,1,0,0,0,0,125.32000000000001,27,3.1
2023,4,19,4,0,23,0,0,0,1,0,0,0,0,113.64,28,3.1
2023,4,19,5,0,22.900000000000002,0,0,0,3,0,0,0,0,101.01,35,3.4000000000000004
2023,4,19,6,0,23.400000000000002,17,126,22,3,13,0,7,13,87.59,41,3.6
2023,4,19,7,0,24,65,585,223,8,120,256,0,189,74.33,46,4
2023,4,19,8,0,24.400000000000002,92,759,462,8,178,465,0,405,60.77,47,3.9000000000000004
2023,4,19,9,0,24.8,110,842,682,0,110,842,0,682,47.22,45,3.7
2023,4,19,10,0,25.200000000000003,115,903,864,0,115,903,0,864,33.96,43,3.5
2023,4,19,11,0,25.5,118,934,986,0,118,934,0,986,21.76,37,3.3000000000000003
2023,4,19,12,0,25.8,119,946,1037,1,119,946,0,1037,13.96,30,3.1
2023,4,19,13,0,26,111,952,1017,1,111,952,0,1017,17.89,24,3
2023,4,19,14,0,26.200000000000003,106,932,920,0,106,932,0,920,29.12,23,3
2023,4,19,15,0,26.200000000000003,99,893,761,7,256,456,0,594,42.13,27,3
2023,4,19,16,0,26.200000000000003,90,817,552,7,263,182,0,366,55.6,34,3
2023,4,19,17,0,26,73,673,313,7,146,336,0,265,69.17,40,2.9000000000000004
2023,4,19,18,0,25.6,40,355,85,3,57,3,7,58,82.61,48,2.7
2023,4,19,19,0,25.5,0,0,0,8,0,0,0,0,96,55,2.8000000000000003
2023,4,19,20,0,25.400000000000002,0,0,0,8,0,0,0,0,108.84,63,3.2
2023,4,19,21,0,25.400000000000002,0,0,0,1,0,0,0,0,120.9,69,3.8000000000000003
2023,4,19,22,0,25.200000000000003,0,0,0,0,0,0,0,0,131.57,72,4.1000000000000005
2023,4,19,23,0,25.1,0,0,0,8,0,0,0,0,139.70000000000002,75,4.2
2023,4,20,0,0,24.900000000000002,0,0,0,0,0,0,0,0,143.51,77,4.1000000000000005
2023,4,20,1,0,24.900000000000002,0,0,0,7,0,0,0,0,141.71,78,4.2
2023,4,20,2,0,24.8,0,0,0,7,0,0,0,0,134.95,80,4.4
2023,4,20,3,0,24.8,0,0,0,3,0,0,0,0,125.05,83,4.5
2023,4,20,4,0,24.6,0,0,0,5,0,0,0,0,113.41,80,4.5
2023,4,20,5,0,24.5,0,0,0,8,0,0,0,0,100.8,72,4.4
2023,4,20,6,0,24.8,18,112,23,7,16,0,7,16,87.41,65,4.7
2023,4,20,7,0,25.1,67,547,216,0,67,547,0,216,74.15,62,5.1000000000000005
2023,4,20,8,0,25.3,90,731,449,0,90,731,0,449,60.59,60,4.9
2023,4,20,9,0,25.6,105,824,666,1,105,824,0,666,47.04,58,4.7
2023,4,20,10,0,25.8,105,891,846,2,412,322,0,680,33.75,55,4.4
2023,4,20,11,0,26.1,109,917,962,7,171,726,0,847,21.490000000000002,53,4.3
2023,4,20,12,0,26.3,111,928,1012,0,111,928,0,1012,13.620000000000001,50,4.1000000000000005
2023,4,20,13,0,26.400000000000002,111,921,989,0,111,921,0,989,17.66,45,4
2023,4,20,14,0,26.5,108,900,896,0,108,900,0,896,28.990000000000002,40,3.9000000000000004
2023,4,20,15,0,26.5,101,860,740,0,101,860,0,740,42.03,37,3.9000000000000004
2023,4,20,16,0,26.3,89,792,537,0,89,792,0,537,55.52,36,4
2023,4,20,17,0,26,70,666,307,0,70,666,0,307,69.09,39,4.1000000000000005
2023,4,20,18,0,25.5,37,367,85,0,37,367,0,85,82.52,42,3.8000000000000003
2023,4,20,19,0,25.200000000000003,0,0,0,0,0,0,0,0,95.89,48,3.5
2023,4,20,20,0,25,0,0,0,0,0,0,0,0,108.7,55,3.4000000000000004
2023,4,20,21,0,24.900000000000002,0,0,0,0,0,0,0,0,120.73,62,3.2
2023,4,20,22,0,24.700000000000003,0,0,0,0,0,0,0,0,131.35,71,3.1
2023,4,20,23,0,24.6,0,0,0,0,0,0,0,0,139.41,81,2.9000000000000004
2023,4,21,0,0,24.5,0,0,0,0,0,0,0,0,143.18,87,2.6
2023,4,21,1,0,24.400000000000002,0,0,0,0,0,0,0,0,141.37,91,2.3000000000000003
2023,4,21,2,0,24.3,0,0,0,0,0,0,0,0,134.65,93,2.3000000000000003
2023,4,21,3,0,24.200000000000003,0,0,0,0,0,0,0,0,124.79,93,2.3000000000000003
2023,4,21,4,0,24.1,0,0,0,1,0,0,0,0,113.18,92,2.3000000000000003
2023,4,21,5,0,24.1,0,0,0,1,0,0,0,0,100.60000000000001,91,2.2
2023,4,21,6,0,24.5,18,170,26,1,18,170,0,26,87.23,93,2.2
2023,4,21,7,0,24.8,59,608,227,0,59,608,0,227,73.97,98,2.3000000000000003
2023,4,21,8,0,25.1,79,779,464,0,79,779,0,464,60.42,100,2.1
2023,4,21,9,0,25.400000000000002,90,865,682,0,90,865,0,682,46.86,95,2
2023,4,21,10,0,25.700000000000003,99,911,858,0,99,911,0,858,33.55,85,2.1
2023,4,21,11,0,26.1,102,938,977,0,102,938,0,977,21.23,77,2.3000000000000003
2023,4,21,12,0,26.5,103,946,1024,1,103,946,0,1024,13.27,73,2.5
2023,4,21,13,0,26.8,106,936,999,4,287,1,0,287,17.43,70,2.6
2023,4,21,14,0,27,102,916,904,1,102,916,0,904,28.85,68,2.5
2023,4,21,15,0,27,94,879,748,1,94,879,0,748,41.93,68,2.5
2023,4,21,16,0,26.900000000000002,84,809,543,0,84,809,0,543,55.43,72,2.8000000000000003
2023,4,21,17,0,26.700000000000003,67,677,310,0,67,677,0,310,69,78,3.1
2023,4,21,18,0,26.3,37,375,87,0,37,375,0,87,82.43,85,3.2
2023,4,21,19,0,26.1,0,0,0,0,0,0,0,0,95.78,94,3.3000000000000003
2023,4,21,20,0,25.900000000000002,0,0,0,0,0,0,0,0,108.57000000000001,102,3.3000000000000003
2023,4,21,21,0,25.6,0,0,0,0,0,0,0,0,120.56,110,3.4000000000000004
2023,4,21,22,0,25.400000000000002,0,0,0,0,0,0,0,0,131.12,117,3.4000000000000004
2023,4,21,23,0,25.200000000000003,0,0,0,0,0,0,0,0,139.12,121,3.3000000000000003
2023,4,22,0,0,25,0,0,0,0,0,0,0,0,142.84,125,3.2
2023,4,22,1,0,24.8,0,0,0,0,0,0,0,0,141.03,128,3.2
2023,4,22,2,0,24.700000000000003,0,0,0,0,0,0,0,0,134.34,131,3
2023,4,22,3,0,24.6,0,0,0,3,0,0,0,0,124.52,133,2.9000000000000004
2023,4,22,4,0,24.6,0,0,0,0,0,0,0,0,112.95,133,2.9000000000000004
2023,4,22,5,0,24.6,0,0,0,0,0,0,0,0,100.39,137,2.7
2023,4,22,6,0,25,19,171,27,0,19,171,0,27,87.05,143,2.5
2023,4,22,7,0,25.200000000000003,60,590,225,0,60,590,0,225,73.8,148,2.4000000000000004
2023,4,22,8,0,25.3,80,760,457,0,80,760,0,457,60.25,149,2.1
2023,4,22,9,0,25.5,92,844,672,0,92,844,0,672,46.68,153,2
2023,4,22,10,0,25.8,97,897,847,2,440,206,0,612,33.35,150,1.9000000000000001
2023,4,22,11,0,26,101,921,961,3,456,102,0,551,20.98,149,1.8
2023,4,22,12,0,26.3,103,930,1010,0,103,930,0,1010,12.93,149,1.4000000000000001
2023,4,22,13,0,26.400000000000002,110,915,984,8,37,0,0,37,17.2,146,0.8
2023,4,22,14,0,26.5,106,897,893,8,292,9,0,300,28.73,85,0.4
2023,4,22,15,0,26.6,98,862,740,3,107,0,0,107,41.84,47,1
2023,4,22,16,0,26.5,86,798,539,3,108,0,0,108,55.35,58,1.7000000000000002
2023,4,22,17,0,26.400000000000002,68,673,310,3,190,84,0,220,68.92,76,2.1
2023,4,22,18,0,26,37,388,89,0,37,388,0,89,82.33,91,2.4000000000000004
2023,4,22,19,0,25.8,0,0,0,0,0,0,0,0,95.67,102,2.6
2023,4,22,20,0,25.700000000000003,0,0,0,0,0,0,0,0,108.43,110,2.6
2023,4,22,21,0,25.6,0,0,0,0,0,0,0,0,120.38,118,2.5
2023,4,22,22,0,25.5,0,0,0,0,0,0,0,0,130.9,119,2.4000000000000004
2023,4,22,23,0,25.200000000000003,0,0,0,0,0,0,0,0,138.84,114,2.5
2023,4,23,0,0,25,0,0,0,0,0,0,0,0,142.51,110,2.7
2023,4,23,1,0,24.8,0,0,0,0,0,0,0,0,140.70000000000002,108,2.8000000000000003
2023,4,23,2,0,24.6,0,0,0,1,0,0,0,0,134.04,107,2.7
2023,4,23,3,0,24.400000000000002,0,0,0,1,0,0,0,0,124.26,104,2.5
2023,4,23,4,0,24.400000000000002,0,0,0,1,0,0,0,0,112.72,102,2.1
2023,4,23,5,0,24.400000000000002,0,0,0,0,0,0,0,0,100.19,98,1.6
2023,4,23,6,0,24.700000000000003,19,191,30,1,19,191,0,30,86.88,87,1.4000000000000001
2023,4,23,7,0,25,60,604,230,0,60,604,0,230,73.63,76,1.4000000000000001
2023,4,23,8,0,25.3,80,769,464,0,80,769,0,464,60.08,64,1.3
2023,4,23,9,0,25.700000000000003,93,850,678,0,93,850,0,678,46.51,48,1.4000000000000001
2023,4,23,10,0,26.1,92,912,855,0,92,912,0,855,33.160000000000004,43,1.6
2023,4,23,11,0,26.6,99,932,970,0,99,932,0,970,20.73,41,1.8
2023,4,23,12,0,27,104,935,1016,8,194,1,0,195,12.6,31,1.9000000000000001
2023,4,23,13,0,27.3,109,922,991,7,424,123,0,541,16.98,27,2.3000000000000003
2023,4,23,14,0,27.400000000000002,107,899,896,0,107,899,0,896,28.6,31,2.7
2023,4,23,15,0,27.400000000000002,100,860,741,0,100,860,0,741,41.75,34,2.9000000000000004
2023,4,23,16,0,27.200000000000003,89,789,539,0,89,789,0,539,55.27,40,3.2
2023,4,23,17,0,26.8,71,662,310,0,71,662,0,310,68.84,50,3.7
2023,4,23,18,0,26.3,38,377,89,0,38,377,0,89,82.24,61,3.7
2023,4,23,19,0,25.900000000000002,0,0,0,0,0,0,0,0,95.56,71,3.8000000000000003
2023,4,23,20,0,25.700000000000003,0,0,0,0,0,0,0,0,108.29,79,4
2023,4,23,21,0,25.6,0,0,0,0,0,0,0,0,120.21000000000001,84,4.1000000000000005
2023,4,23,22,0,25.400000000000002,0,0,0,0,0,0,0,0,130.67000000000002,86,4.1000000000000005
2023,4,23,23,0,25.200000000000003,0,0,0,0,0,0,0,0,138.55,88,3.9000000000000004
2023,4,24,0,0,25,0,0,0,1,0,0,0,0,142.18,88,3.7
2023,4,24,1,0,24.900000000000002,0,0,0,1,0,0,0,0,140.37,86,3.6
2023,4,24,2,0,24.8,0,0,0,7,0,0,0,0,133.74,87,3.6
2023,4,24,3,0,24.700000000000003,0,0,0,3,0,0,0,0,124.01,92,3.7
2023,4,24,4,0,24.6,0,0,0,8,0,0,0,0,112.5,97,3.8000000000000003
2023,4,24,5,0,24.6,0,0,0,1,0,0,0,0,99.99000000000001,98,3.8000000000000003
2023,4,24,6,0,25,20,191,31,3,19,0,7,19,86.7,99,3.9000000000000004
2023,4,24,7,0,25.5,61,603,233,8,114,311,0,203,73.46000000000001,98,4
2023,4,24,8,0,25.8,82,765,465,7,178,422,0,390,59.92,96,3.7
2023,4,24,9,0,26.200000000000003,95,846,679,7,150,691,0,627,46.34,93,3.2
2023,4,24,10,0,26.6,104,892,852,1,104,892,0,852,32.97,90,2.9000000000000004
2023,4,24,11,0,26.900000000000002,109,914,965,0,109,914,0,965,20.490000000000002,91,2.5
2023,4,24,12,0,27.200000000000003,111,923,1014,0,111,923,0,1014,12.26,94,2.1
2023,4,24,13,0,27.5,100,933,993,0,100,933,0,993,16.77,95,2.1
2023,4,24,14,0,27.6,101,905,897,7,382,41,0,418,28.48,94,2.1
2023,4,24,15,0,27.6,97,862,741,7,201,553,0,614,41.660000000000004,88,1.8
2023,4,24,16,0,27.5,85,796,539,7,229,282,0,390,55.19,74,2
2023,4,24,17,0,27.3,70,663,310,7,110,12,0,114,68.75,64,2.6
2023,4,24,18,0,26.8,39,369,89,3,58,3,7,58,82.15,66,3.2
2023,4,24,19,0,26.5,0,0,0,8,0,0,0,0,95.45,70,3.8000000000000003
2023,4,24,20,0,26.200000000000003,0,0,0,8,0,0,0,0,108.15,76,4.1000000000000005
2023,4,24,21,0,26,0,0,0,3,0,0,0,0,120.03,83,4.2
2023,4,24,22,0,25.8,0,0,0,0,0,0,0,0,130.45,89,4.2
2023,4,24,23,0,25.6,0,0,0,0,0,0,0,0,138.27,93,4
2023,4,25,0,0,25.5,0,0,0,7,0,0,0,0,141.86,96,3.8000000000000003
2023,4,25,1,0,25.3,0,0,0,0,0,0,0,0,140.04,99,3.8000000000000003
2023,4,25,2,0,25.200000000000003,0,0,0,1,0,0,0,0,133.45,104,3.8000000000000003
2023,4,25,3,0,25.1,0,0,0,0,0,0,0,0,123.75,107,3.9000000000000004
2023,4,25,4,0,25.200000000000003,0,0,0,0,0,0,0,0,112.28,113,4
2023,4,25,5,0,25.3,0,0,0,0,0,0,0,0,99.8,119,4.1000000000000005
2023,4,25,6,0,25.700000000000003,22,156,32,2,20,0,7,20,86.53,125,4.5
2023,4,25,7,0,26.200000000000003,69,548,227,8,126,247,0,197,73.3,129,5
2023,4,25,8,0,26.5,96,714,455,0,96,714,0,455,59.76,133,5
2023,4,25,9,0,26.700000000000003,114,797,666,8,268,307,0,481,46.18,136,5
2023,4,25,10,0,27,117,859,839,2,372,417,0,723,32.79,140,5
2023,4,25,11,0,27.200000000000003,125,882,952,1,125,882,0,952,20.25,144,4.9
2023,4,25,12,0,27.5,128,888,997,2,466,69,0,534,11.93,146,4.800000000000001
2023,4,25,13,0,27.6,129,880,973,7,257,3,0,260,16.56,147,4.6000000000000005
2023,4,25,14,0,27.6,126,856,879,8,98,0,0,98,28.36,147,4.3
2023,4,25,15,0,27.5,118,813,726,8,24,0,0,24,41.57,148,4.1000000000000005
2023,4,25,16,0,27.5,104,739,527,8,109,2,0,110,55.11,149,4
2023,4,25,17,0,27.400000000000002,82,604,302,4,44,0,0,44,68.67,148,3.6
2023,4,25,18,0,27.1,44,309,86,4,36,0,7,36,82.06,146,2.9000000000000004
2023,4,25,19,0,26.900000000000002,0,0,0,8,0,0,0,0,95.33,143,2.6
2023,4,25,20,0,26.8,0,0,0,1,0,0,0,0,108.02,141,2.5
2023,4,25,21,0,26.6,0,0,0,3,0,0,0,0,119.86,141,2.5
2023,4,25,22,0,26.400000000000002,0,0,0,0,0,0,0,0,130.23,136,2.8000000000000003
2023,4,25,23,0,26.1,0,0,0,0,0,0,0,0,137.99,129,3.2
2023,4,26,0,0,25.8,0,0,0,0,0,0,0,0,141.53,129,3.6
2023,4,26,1,0,25.6,0,0,0,3,0,0,0,0,139.72,132,3.8000000000000003
2023,4,26,2,0,25.400000000000002,0,0,0,3,0,0,0,0,133.16,135,3.6
2023,4,26,3,0,25.200000000000003,0,0,0,3,0,0,0,0,123.5,135,3.2
2023,4,26,4,0,25.1,0,0,0,3,0,0,0,0,112.06,138,3
2023,4,26,5,0,25.1,0,0,0,8,0,0,0,0,99.61,140,3.1
2023,4,26,6,0,25.3,24,114,31,7,23,1,7,23,86.37,142,3.2
2023,4,26,7,0,25.6,76,519,226,7,140,203,0,199,73.14,148,3.5
2023,4,26,8,0,25.700000000000003,99,706,457,0,99,706,0,457,59.6,154,3.6
2023,4,26,9,0,25.8,115,798,669,0,115,798,0,669,46.02,160,3.6
2023,4,26,10,0,26.1,134,837,839,0,134,837,0,839,32.62,163,3.6
2023,4,26,11,0,26.5,137,871,955,0,137,871,0,955,20.02,164,3.4000000000000004
2023,4,26,12,0,26.900000000000002,137,885,1004,3,488,156,0,641,11.61,162,3.3000000000000003
2023,4,26,13,0,27.200000000000003,123,900,987,8,117,0,0,117,16.35,164,3
2023,4,26,14,0,27.5,117,884,896,8,357,29,0,382,28.240000000000002,161,2.8000000000000003
2023,4,26,15,0,27.8,109,845,742,8,292,365,0,566,41.480000000000004,162,2.3000000000000003
2023,4,26,16,0,27.700000000000003,98,770,539,7,239,280,0,399,55.03,158,2.1
2023,4,26,17,0,27.5,79,632,310,7,164,253,0,256,68.59,145,1.8
2023,4,26,18,0,27.1,43,331,90,7,66,21,7,69,81.96000000000001,123,1.6
2023,4,26,19,0,26.8,0,0,0,3,0,0,0,0,95.22,105,2
2023,4,26,20,0,26.6,0,0,0,1,0,0,0,0,107.88,101,2.6
2023,4,26,21,0,26.3,0,0,0,3,0,0,0,0,119.68,102,3.1
2023,4,26,22,0,26.1,0,0,0,0,0,0,0,0,130,107,3.4000000000000004
2023,4,26,23,0,25.900000000000002,0,0,0,3,0,0,0,0,137.71,111,3.4000000000000004
2023,4,27,0,0,25.700000000000003,0,0,0,8,0,0,0,0,141.22,114,3.4000000000000004
2023,4,27,1,0,25.6,0,0,0,0,0,0,0,0,139.4,113,3.3000000000000003
2023,4,27,2,0,25.5,0,0,0,0,0,0,0,0,132.88,110,3.5
2023,4,27,3,0,25.400000000000002,0,0,0,0,0,0,0,0,123.26,107,3.8000000000000003
2023,4,27,4,0,25.400000000000002,0,0,0,0,0,0,0,0,111.85000000000001,107,3.9000000000000004
2023,4,27,5,0,25.400000000000002,0,0,0,0,0,0,0,0,99.42,110,3.8000000000000003
2023,4,27,6,0,25.900000000000002,24,163,35,0,24,163,0,35,86.2,111,3.6
2023,4,27,7,0,26.400000000000002,69,563,234,0,69,563,0,234,72.98,110,3.9000000000000004
2023,4,27,8,0,26.700000000000003,92,733,465,0,92,733,0,465,59.45,110,4.2
2023,4,27,9,0,27.1,108,822,680,0,108,822,0,680,45.87,113,4.7
2023,4,27,10,0,27.5,116,874,853,0,116,874,0,853,32.45,117,5.1000000000000005
2023,4,27,11,0,28,121,900,968,0,121,900,0,968,19.8,124,5.1000000000000005
2023,4,27,12,0,28.200000000000003,124,907,1014,0,124,907,0,1014,11.290000000000001,129,5.1000000000000005
2023,4,27,13,0,28.400000000000002,134,885,985,0,134,885,0,985,16.15,136,4.9
2023,4,27,14,0,28.5,132,858,889,0,132,858,0,889,28.13,143,4.4
2023,4,27,15,0,28.5,123,813,733,7,155,1,0,156,41.4,146,4.1000000000000005
2023,4,27,16,0,28.3,108,738,532,0,108,738,0,532,54.95,146,3.9000000000000004
2023,4,27,17,0,28.1,86,598,305,0,86,598,0,305,68.5,141,3.6
2023,4,27,18,0,27.6,46,301,88,0,46,301,0,88,81.87,133,3.1
2023,4,27,19,0,27.3,0,0,0,0,0,0,0,0,95.11,124,3.1
2023,4,27,20,0,27,0,0,0,0,0,0,0,0,107.74000000000001,119,3.5
2023,4,27,21,0,26.900000000000002,0,0,0,0,0,0,0,0,119.51,116,3.7
2023,4,27,22,0,26.700000000000003,0,0,0,0,0,0,0,0,129.78,117,4
2023,4,27,23,0,26.400000000000002,0,0,0,0,0,0,0,0,137.44,124,4.3
2023,4,28,0,0,26.400000000000002,0,0,0,0,0,0,0,0,140.9,129,4
2023,4,28,1,0,26.3,0,0,0,0,0,0,0,0,139.08,132,3.7
2023,4,28,2,0,26.200000000000003,0,0,0,0,0,0,0,0,132.59,133,3.9000000000000004
2023,4,28,3,0,26.200000000000003,0,0,0,0,0,0,0,0,123.01,137,4.4
2023,4,28,4,0,26.1,0,0,0,0,0,0,0,0,111.64,141,4.7
2023,4,28,5,0,26.1,0,0,0,7,0,0,0,0,99.23,144,4.7
2023,4,28,6,0,26.400000000000002,25,142,35,0,25,142,0,35,86.04,148,4.800000000000001
2023,4,28,7,0,26.900000000000002,79,502,228,0,79,502,0,228,72.83,152,5.1000000000000005
2023,4,28,8,0,27.200000000000003,110,672,453,0,110,672,0,453,59.300000000000004,157,5
2023,4,28,9,0,27.6,128,766,663,0,128,766,0,663,45.72,163,4.800000000000001
2023,4,28,10,0,28,127,839,837,7,200,611,0,717,32.28,168,4.7
2023,4,28,11,0,28.400000000000002,133,867,950,0,133,867,0,950,19.59,172,4.7
2023,4,28,12,0,28.8,137,875,995,3,290,1,0,291,10.97,176,4.6000000000000005
2023,4,28,13,0,29,125,886,977,3,435,20,0,455,15.950000000000001,181,4.4
2023,4,28,14,0,29.1,124,859,883,0,124,859,0,883,28.02,185,4.1000000000000005
2023,4,28,15,0,29,122,806,727,1,122,806,0,727,41.31,186,3.8000000000000003
2023,4,28,16,0,28.900000000000002,115,711,525,1,115,711,0,525,54.870000000000005,187,3.6
2023,4,28,17,0,28.8,101,532,296,1,101,532,0,296,68.42,185,3.4000000000000004
2023,4,28,18,0,28.400000000000002,50,252,86,3,36,0,7,36,81.78,180,3.1
2023,4,28,19,0,28.1,0,0,0,0,0,0,0,0,95,175,3.2
2023,4,28,20,0,27.900000000000002,0,0,0,0,0,0,0,0,107.60000000000001,173,3.3000000000000003
2023,4,28,21,0,27.700000000000003,0,0,0,0,0,0,0,0,119.33,171,3.4000000000000004
2023,4,28,22,0,27.5,0,0,0,0,0,0,0,0,129.56,167,3.6
2023,4,28,23,0,27.1,0,0,0,0,0,0,0,0,137.16,163,3.6
2023,4,29,0,0,26.8,0,0,0,0,0,0,0,0,140.59,163,3.5
2023,4,29,1,0,26.5,0,0,0,0,0,0,0,0,138.78,163,3.5
2023,4,29,2,0,26.3,0,0,0,7,0,0,0,0,132.32,161,3.5
2023,4,29,3,0,26.1,0,0,0,7,0,0,0,0,122.77,158,3.5
2023,4,29,4,0,26,0,0,0,7,0,0,0,0,111.43,159,3.4000000000000004
2023,4,29,5,0,25.900000000000002,0,0,0,7,0,0,0,0,99.05,162,3.2
2023,4,29,6,0,26.200000000000003,25,161,37,7,20,0,7,20,85.89,165,3.2
2023,4,29,7,0,26.5,78,519,233,7,136,60,0,154,72.68,166,3.6
2023,4,29,8,0,26.8,105,696,462,0,105,696,0,462,59.160000000000004,168,3.8000000000000003
2023,4,29,9,0,27.200000000000003,119,792,674,0,119,792,0,674,45.57,168,4.1000000000000005
2023,4,29,10,0,27.700000000000003,129,847,846,0,129,847,0,846,32.12,164,5
2023,4,29,11,0,28.200000000000003,126,891,966,0,126,891,0,966,19.38,165,5.800000000000001
2023,4,29,12,0,28.700000000000003,124,907,1015,7,202,656,0,847,10.66,168,6.2
2023,4,29,13,0,29,142,873,982,7,155,749,0,877,15.76,173,6
2023,4,29,14,0,29.200000000000003,138,848,887,2,442,89,0,520,27.91,177,5.6000000000000005
2023,4,29,15,0,29.200000000000003,129,801,731,2,340,22,0,356,41.230000000000004,181,5.1000000000000005
2023,4,29,16,0,29,116,716,529,0,116,716,0,529,54.79,187,4.800000000000001
2023,4,29,17,0,28.700000000000003,95,558,301,0,95,558,0,301,68.34,189,4.6000000000000005
2023,4,29,18,0,28.1,50,254,87,8,73,35,7,78,81.68,185,4.2
2023,4,29,19,0,27.8,0,0,0,8,0,0,0,0,94.88,177,4.2
2023,4,29,20,0,27.6,0,0,0,7,0,0,0,0,107.46000000000001,168,4.5
2023,4,29,21,0,27.400000000000002,0,0,0,7,0,0,0,0,119.16,162,5
2023,4,29,22,0,27.200000000000003,0,0,0,7,0,0,0,0,129.34,158,5.6000000000000005
2023,4,29,23,0,27,0,0,0,8,0,0,0,0,136.89000000000001,157,6.2
2023,4,30,0,0,26.8,0,0,0,6,0,0,0,0,140.28,160,6.800000000000001
2023,4,30,1,0,26.8,0,0,0,6,0,0,0,0,138.47,164,7.300000000000001
2023,4,30,2,0,26.700000000000003,0,0,0,7,0,0,0,0,132.04,169,7.4
2023,4,30,3,0,26.700000000000003,0,0,0,3,0,0,0,0,122.54,171,7.4
2023,4,30,4,0,26.8,0,0,0,1,0,0,0,0,111.23,175,7.800000000000001
2023,4,30,5,0,26.900000000000002,0,0,0,0,0,0,0,0,98.87,179,8.200000000000001
2023,4,30,6,0,27.3,27,135,38,3,25,0,7,25,85.73,182,8.700000000000001
2023,4,30,7,0,27.8,83,496,232,0,83,496,0,232,72.53,188,9.200000000000001
2023,4,30,8,0,28.200000000000003,118,652,454,0,118,652,0,454,59.02,195,9.5
2023,4,30,9,0,28.6,151,721,657,8,225,551,0,612,45.43,203,9.600000000000001
2023,4,30,10,0,28.8,148,805,830,7,351,333,0,634,31.970000000000002,212,9.700000000000001
2023,4,30,11,0,28.8,152,838,943,7,366,325,0,673,19.17,219,9.700000000000001
2023,4,30,12,0,28.8,160,841,987,6,449,164,0,611,10.35,223,9.700000000000001
2023,4,30,13,0,28.8,173,815,958,7,444,152,0,591,15.58,223,9.700000000000001
2023,4,30,14,0,28.700000000000003,181,767,860,7,355,16,0,370,27.8,224,9.600000000000001
2023,4,30,15,0,28.6,185,684,700,7,255,10,0,262,41.15,229,9.200000000000001
2023,4,30,16,0,28.6,171,572,501,7,242,34,0,262,54.72,236,8.8
2023,4,30,17,0,28.3,132,409,284,6,118,6,0,121,68.26,244,8.5
2023,4,30,18,0,27.900000000000002,59,137,79,7,37,1,7,37,81.59,253,8
2023,4,30,19,0,27.400000000000002,0,0,0,7,0,0,0,0,94.77,260,7.6000000000000005
2023,4,30,20,0,27,0,0,0,0,0,0,0,0,107.32000000000001,264,7.1000000000000005
2023,4,30,21,0,26.700000000000003,0,0,0,3,0,0,0,0,118.98,266,6.7
2023,4,30,22,0,26.6,0,0,0,3,0,0,0,0,129.12,267,6.7
2023,4,30,23,0,26.5,0,0,0,0,0,0,0,0,136.62,270,7.1000000000000005
2023,5,1,0,0,26.3,0,0,0,0,0,0,0,0,139.98,273,7.6000000000000005
2023,5,1,1,0,26,0,0,0,8,0,0,0,0,138.17000000000002,276,7.7
2023,5,1,2,0,25.700000000000003,0,0,0,3,0,0,0,0,131.77,281,7.7
2023,5,1,3,0,25.3,0,0,0,1,0,0,0,0,122.31,287,7.7
2023,5,1,4,0,24.900000000000002,0,0,0,1,0,0,0,0,111.03,293,7.5
2023,5,1,5,0,24.6,0,0,0,0,0,0,0,0,98.7,297,7
2023,5,1,6,0,24.900000000000002,30,114,38,0,30,114,0,38,85.58,301,6.9
2023,5,1,7,0,25.200000000000003,92,492,241,0,92,492,0,241,72.39,304,6.9
2023,5,1,8,0,25.400000000000002,121,683,474,0,121,683,0,474,58.89,307,6.7
2023,5,1,9,0,25.6,134,797,695,0,134,797,0,695,45.300000000000004,308,6.300000000000001
2023,5,1,10,0,25.8,131,875,875,0,131,875,0,875,31.82,310,5.7
2023,5,1,11,0,26.1,128,917,995,0,128,917,0,995,18.98,312,4.9
2023,5,1,12,0,26.3,125,934,1045,1,125,934,0,1045,10.05,315,4.2
2023,5,1,13,0,26.400000000000002,113,947,1026,0,113,947,0,1026,15.4,316,3.5
2023,5,1,14,0,26.400000000000002,108,930,931,0,108,930,0,931,27.7,315,2.9000000000000004
2023,5,1,15,0,26.400000000000002,100,895,774,0,100,895,0,774,41.07,315,2.2
2023,5,1,16,0,26.3,88,833,570,0,88,833,0,570,54.64,309,1.5
2023,5,1,17,0,26.1,71,710,335,0,71,710,0,335,68.17,277,0.9
2023,5,1,18,0,25.8,41,430,105,0,41,430,0,105,81.49,231,1
2023,5,1,19,0,25.5,0,0,0,0,0,0,0,0,94.66,213,1.4000000000000001
2023,5,1,20,0,25.400000000000002,0,0,0,0,0,0,0,0,107.18,208,1.9000000000000001
2023,5,1,21,0,25.200000000000003,0,0,0,0,0,0,0,0,118.81,208,2.5
2023,5,1,22,0,25,0,0,0,0,0,0,0,0,128.9,213,2.8000000000000003
2023,5,1,23,0,24.8,0,0,0,0,0,0,0,0,136.36,221,3
2023,5,2,0,0,24.6,0,0,0,1,0,0,0,0,139.68,229,3.2
2023,5,2,1,0,24.5,0,0,0,1,0,0,0,0,137.87,238,3.3000000000000003
2023,5,2,2,0,24.3,0,0,0,1,0,0,0,0,131.51,247,3.4000000000000004
2023,5,2,3,0,24.200000000000003,0,0,0,1,0,0,0,0,122.08,256,3.6
2023,5,2,4,0,24.200000000000003,0,0,0,1,0,0,0,0,110.83,258,3.4000000000000004
2023,5,2,5,0,24.200000000000003,0,0,0,1,0,0,0,0,98.53,253,3
2023,5,2,6,0,24.8,28,207,45,1,28,207,0,45,85.43,254,2.8000000000000003
2023,5,2,7,0,25.3,75,579,251,0,75,579,0,251,72.25,259,2.9000000000000004
2023,5,2,8,0,25.700000000000003,100,742,484,0,100,742,0,484,58.76,264,2.8000000000000003
2023,5,2,9,0,26.200000000000003,115,830,700,0,115,830,0,700,45.17,263,2.6
2023,5,2,10,0,26.700000000000003,116,893,875,0,116,893,0,875,31.68,255,2.4000000000000004
2023,5,2,11,0,27.3,118,922,991,0,118,922,0,991,18.79,239,2.3000000000000003
2023,5,2,12,0,27.700000000000003,119,930,1036,0,119,930,0,1036,9.75,222,2.4000000000000004
2023,5,2,13,0,28.1,118,923,1009,0,118,923,0,1009,15.22,217,2.7
2023,5,2,14,0,28.400000000000002,114,900,912,8,188,667,0,780,27.6,221,3.1
2023,5,2,15,0,28.5,109,855,754,3,406,212,0,565,40.99,229,3.3000000000000003
2023,5,2,16,0,28.400000000000002,99,777,549,0,99,777,0,549,54.56,237,3.6
2023,5,2,17,0,28.1,82,634,318,0,82,634,0,318,68.09,243,3.8000000000000003
2023,5,2,18,0,27.6,47,335,97,3,75,22,7,78,81.4,245,3.6
2023,5,2,19,0,27.200000000000003,0,0,0,0,0,0,0,0,94.54,241,3.5
2023,5,2,20,0,27,0,0,0,0,0,0,0,0,107.04,235,3.6
2023,5,2,21,0,26.900000000000002,0,0,0,1,0,0,0,0,118.64,229,3.9000000000000004
2023,5,2,22,0,26.8,0,0,0,3,0,0,0,0,128.69,223,4.1000000000000005
2023,5,2,23,0,26.6,0,0,0,8,0,0,0,0,136.09,220,4.5
2023,5,3,0,0,26.400000000000002,0,0,0,7,0,0,0,0,139.38,222,4.9
2023,5,3,1,0,26.400000000000002,0,0,0,7,0,0,0,0,137.58,228,5
2023,5,3,2,0,26.3,0,0,0,7,0,0,0,0,131.25,236,5
2023,5,3,3,0,26.3,0,0,0,7,0,0,0,0,121.85000000000001,244,4.800000000000001
2023,5,3,4,0,26.200000000000003,0,0,0,3,0,0,0,0,110.64,253,4.800000000000001
2023,5,3,5,0,26.200000000000003,0,0,0,3,0,0,0,0,98.36,263,4.800000000000001
2023,5,3,6,0,26.400000000000002,31,125,42,7,33,2,7,33,85.29,273,5
2023,5,3,7,0,26.5,91,486,240,8,144,241,0,218,72.12,278,5.4
2023,5,3,8,0,26.700000000000003,125,661,469,8,233,234,0,355,58.63,282,5.6000000000000005
2023,5,3,9,0,26.8,139,771,684,8,310,270,0,501,45.050000000000004,287,5.7
2023,5,3,10,0,27,134,857,865,0,134,857,0,865,31.54,293,5.7
2023,5,3,11,0,27.200000000000003,143,882,980,0,143,882,1,980,18.61,297,5.300000000000001
2023,5,3,12,0,27.5,146,894,1028,0,146,894,0,1028,9.46,299,4.800000000000001
2023,5,3,13,0,27.700000000000003,144,889,1002,0,144,889,0,1002,15.05,301,4.4
2023,5,3,14,0,27.8,140,865,908,0,140,865,0,908,27.5,305,4
2023,5,3,15,0,27.8,137,808,747,7,236,503,0,617,40.910000000000004,307,3.4000000000000004
2023,5,3,16,0,27.6,129,710,542,7,235,333,0,428,54.49,304,2.6
2023,5,3,17,0,27.400000000000002,105,559,314,3,206,130,0,254,68.01,299,2.1
2023,5,3,18,0,27,53,290,97,8,74,23,7,77,81.31,293,1.7000000000000002
2023,5,3,19,0,26.700000000000003,0,0,0,7,0,0,0,0,94.43,291,1.5
2023,5,3,20,0,26.5,0,0,0,0,0,0,0,0,106.9,290,1.6
2023,5,3,21,0,26.3,0,0,0,8,0,0,0,0,118.46000000000001,276,1.6
2023,5,3,22,0,26.1,0,0,0,3,0,0,0,0,128.47,261,1.5
2023,5,3,23,0,26,0,0,0,3,0,0,0,0,135.83,265,1.4000000000000001
2023,5,4,0,0,25.900000000000002,0,0,0,3,0,0,0,0,139.09,278,1.2000000000000002
2023,5,4,1,0,25.700000000000003,0,0,0,0,0,0,0,0,137.29,297,1.2000000000000002
2023,5,4,2,0,25.6,0,0,0,0,0,0,0,0,130.99,310,1.4000000000000001
2023,5,4,3,0,25.5,0,0,0,1,0,0,0,0,121.64,322,1.5
2023,5,4,4,0,25.400000000000002,0,0,0,1,0,0,0,0,110.45,318,1.5
2023,5,4,5,0,25.400000000000002,0,0,0,0,0,0,0,0,98.2,310,1.6
2023,5,4,6,0,25.8,31,154,44,7,36,3,7,36,85.15,304,1.7000000000000002
2023,5,4,7,0,26.1,90,488,241,0,90,488,0,241,71.99,295,1.7000000000000002
2023,5,4,8,0,26.5,123,660,468,3,266,262,0,402,58.51,274,1.5
2023,5,4,9,0,27,143,753,676,1,143,753,0,676,44.93,254,1.7000000000000002
2023,5,4,10,0,27.5,166,793,842,2,417,381,0,742,31.41,247,1.9000000000000001
2023,5,4,11,0,28,171,827,956,0,171,827,0,956,18.43,249,2.3000000000000003
2023,5,4,12,0,28.3,170,841,1000,0,170,841,0,1000,9.17,253,2.6
2023,5,4,13,0,28.6,178,820,971,1,178,820,0,971,14.88,260,2.9000000000000004
2023,5,4,14,0,28.700000000000003,173,793,877,3,384,7,0,390,27.400000000000002,273,3.4000000000000004
2023,5,4,15,0,28.6,163,739,722,3,350,28,0,371,40.83,287,4
2023,5,4,16,0,28.200000000000003,143,657,525,3,145,0,0,145,54.410000000000004,297,4.3
2023,5,4,17,0,27.6,109,521,305,3,161,8,0,164,67.93,305,3.9000000000000004
2023,5,4,18,0,26.900000000000002,54,258,93,0,54,258,0,93,81.21000000000001,313,3.4000000000000004
2023,5,4,19,0,26.400000000000002,0,0,0,0,0,0,0,0,94.32000000000001,322,3.1
2023,5,4,20,0,26,0,0,0,0,0,0,0,0,106.76,327,2.9000000000000004
2023,5,4,21,0,25.700000000000003,0,0,0,0,0,0,0,0,118.29,334,2.6
2023,5,4,22,0,25.400000000000002,0,0,0,0,0,0,0,0,128.26,340,2.2
2023,5,4,23,0,25.3,0,0,0,0,0,0,0,0,135.58,340,2.3000000000000003
2023,5,5,0,0,25.200000000000003,0,0,0,0,0,0,0,0,138.81,338,2.4000000000000004
2023,5,5,1,0,25.1,0,0,0,0,0,0,0,0,137.01,338,2.3000000000000003
2023,5,5,2,0,25.1,0,0,0,0,0,0,0,0,130.74,341,2
2023,5,5,3,0,25.1,0,0,0,0,0,0,0,0,121.42,350,1.5
2023,5,5,4,0,25.1,0,0,0,1,0,0,0,0,110.27,358,0.8
2023,5,5,5,0,25.200000000000003,0,0,0,1,0,0,0,0,98.04,339,0.8
2023,5,5,6,0,25.6,31,169,46,1,31,169,0,46,85.02,332,1.1
2023,5,5,7,0,26.1,88,502,244,0,88,502,0,244,71.86,336,1.4000000000000001
2023,5,5,8,0,26.6,120,668,471,0,120,668,0,471,58.39,338,1.7000000000000002
2023,5,5,9,0,27.200000000000003,143,756,679,0,143,756,0,679,44.81,340,2.2
2023,5,5,10,0,27.700000000000003,113,878,863,0,113,878,0,863,31.28,349,2.6
2023,5,5,11,0,28,119,900,974,1,119,900,0,974,18.27,358,2.9000000000000004
2023,5,5,12,0,28.3,123,904,1017,0,123,904,0,1017,8.88,4,3.2
2023,5,5,13,0,28.400000000000002,126,894,990,0,126,894,0,990,14.72,15,3.6
2023,5,5,14,0,28.3,127,864,895,7,154,745,0,816,27.310000000000002,26,3.9000000000000004
2023,5,5,15,0,28,120,819,740,0,120,819,0,740,40.76,31,4.2
2023,5,5,16,0,27.700000000000003,105,747,540,0,105,747,0,540,54.34,33,4.5
2023,5,5,17,0,27.400000000000002,86,609,315,0,86,609,0,315,67.84,35,4.6000000000000005
2023,5,5,18,0,26.8,48,329,99,0,48,329,0,99,81.12,39,4.5
2023,5,5,19,0,26.5,0,0,0,0,0,0,0,0,94.2,43,4.2
2023,5,5,20,0,26.400000000000002,0,0,0,1,0,0,0,0,106.63,52,3.9000000000000004
2023,5,5,21,0,26.3,0,0,0,0,0,0,0,0,118.12,66,3.6
2023,5,5,22,0,26.3,0,0,0,0,0,0,0,0,128.04,78,3.2
2023,5,5,23,0,26.200000000000003,0,0,0,1,0,0,0,0,135.32,87,2.7
2023,5,6,0,0,26.200000000000003,0,0,0,0,0,0,0,0,138.52,88,2
2023,5,6,1,0,26.1,0,0,0,3,0,0,0,0,136.74,79,1.6
2023,5,6,2,0,26.1,0,0,0,3,0,0,0,0,130.5,60,1.4000000000000001
2023,5,6,3,0,26,0,0,0,1,0,0,0,0,121.21000000000001,50,1.4000000000000001
2023,5,6,4,0,26,0,0,0,1,0,0,0,0,110.09,31,1.3
2023,5,6,5,0,26,0,0,0,1,0,0,0,0,97.89,14,1.2000000000000002
2023,5,6,6,0,26.200000000000003,32,177,47,1,32,177,0,47,84.88,357,1.3
2023,5,6,7,0,26.6,85,516,247,0,85,516,0,247,71.74,347,1.8
2023,5,6,8,0,26.900000000000002,114,682,472,0,114,682,0,472,58.28,346,2.2
2023,5,6,9,0,27.3,131,771,680,0,131,771,0,680,44.7,344,2.7
2023,5,6,10,0,27.700000000000003,150,812,845,0,150,812,0,845,31.16,348,2.8000000000000003
2023,5,6,11,0,28.1,155,844,957,0,155,844,0,957,18.11,353,2.8000000000000003
2023,5,6,12,0,28.400000000000002,158,853,1002,2,529,214,0,740,8.61,355,2.9000000000000004
2023,5,6,13,0,28.5,146,863,981,1,146,863,0,981,14.57,358,3.1
2023,5,6,14,0,28.6,138,846,890,0,138,846,0,890,27.22,359,3.6
2023,5,6,15,0,28.400000000000002,129,804,738,0,129,804,0,738,40.68,3,3.9000000000000004
2023,5,6,16,0,28.1,115,724,538,0,115,724,0,538,54.26,9,4.3
2023,5,6,17,0,27.5,94,581,314,0,94,581,0,314,67.76,20,4.5
2023,5,6,18,0,27,51,314,100,0,51,314,0,100,81.02,31,4.6000000000000005
2023,5,6,19,0,26.6,0,0,0,0,0,0,0,0,94.09,43,4.6000000000000005
2023,5,6,20,0,26.3,0,0,0,0,0,0,0,0,106.49000000000001,55,4.9
2023,5,6,21,0,26.1,0,0,0,0,0,0,0,0,117.95,65,5.300000000000001
2023,5,6,22,0,25.900000000000002,0,0,0,3,0,0,0,0,127.83,71,5.9
2023,5,6,23,0,25.700000000000003,0,0,0,0,0,0,0,0,135.07,74,6.2
2023,5,7,0,0,25.6,0,0,0,0,0,0,0,0,138.25,74,6.4
2023,5,7,1,0,25.400000000000002,0,0,0,0,0,0,0,0,136.46,73,6.6000000000000005
2023,5,7,2,0,25.3,0,0,0,0,0,0,0,0,130.25,71,6.800000000000001
2023,5,7,3,0,25.200000000000003,0,0,0,0,0,0,0,0,121,68,7
2023,5,7,4,0,25.200000000000003,0,0,0,0,0,0,0,0,109.91,65,7.2
2023,5,7,5,0,25.1,0,0,0,0,0,0,0,0,97.74000000000001,63,7.5
2023,5,7,6,0,25.400000000000002,35,148,48,0,35,148,0,48,84.75,61,8.1
2023,5,7,7,0,25.700000000000003,87,505,246,0,87,505,0,246,71.62,60,8.4
2023,5,7,8,0,26,114,681,473,1,114,681,0,473,58.17,61,8.6
2023,5,7,9,0,26.3,130,775,682,3,344,49,0,379,44.59,62,8.700000000000001
2023,5,7,10,0,26.5,121,859,858,2,423,118,0,525,31.05,63,8.6
2023,5,7,11,0,26.700000000000003,127,885,969,1,127,885,0,969,17.95,65,8.4
2023,5,7,12,0,26.8,131,894,1015,0,131,894,0,1015,8.33,66,8.3
2023,5,7,13,0,26.8,137,878,987,1,137,878,0,987,14.42,65,8.200000000000001
2023,5,7,14,0,26.700000000000003,133,855,894,1,133,855,0,894,27.13,64,8.1
2023,5,7,15,0,26.5,124,813,741,0,124,813,0,741,40.61,64,8
2023,5,7,16,0,26.3,109,740,543,1,109,740,0,543,54.19,64,7.7
2023,5,7,17,0,26,89,604,318,1,89,604,0,318,67.68,63,7.6000000000000005
2023,5,7,18,0,25.6,52,313,101,3,33,0,7,33,80.93,62,7.4
2023,5,7,19,0,25.3,0,0,0,3,0,0,0,0,93.97,62,7.2
2023,5,7,20,0,25.1,0,0,0,0,0,0,0,0,106.35000000000001,62,7
2023,5,7,21,0,24.900000000000002,0,0,0,1,0,0,0,0,117.78,62,6.800000000000001
2023,5,7,22,0,24.8,0,0,0,0,0,0,0,0,127.63000000000001,64,6.5
2023,5,7,23,0,24.700000000000003,0,0,0,0,0,0,0,0,134.82,67,6.2
2023,5,8,0,0,24.6,0,0,0,0,0,0,0,0,137.97,69,5.9
2023,5,8,1,0,24.6,0,0,0,0,0,0,0,0,136.2,71,5.7
2023,5,8,2,0,24.700000000000003,0,0,0,0,0,0,0,0,130.02,73,5.4
2023,5,8,3,0,24.700000000000003,0,0,0,0,0,0,0,0,120.8,75,5.1000000000000005
2023,5,8,4,0,24.8,0,0,0,0,0,0,0,0,109.74000000000001,77,4.9
2023,5,8,5,0,24.8,0,0,0,0,0,0,0,0,97.59,79,4.7
2023,5,8,6,0,25.3,32,227,54,1,32,227,0,54,84.63,83,5
2023,5,8,7,0,25.700000000000003,72,595,260,0,72,595,0,260,71.51,83,5.1000000000000005
2023,5,8,8,0,26.1,91,755,490,1,91,755,0,490,58.07,79,5
2023,5,8,9,0,26.400000000000002,103,837,700,0,103,837,0,700,44.49,75,4.9
2023,5,8,10,0,26.700000000000003,109,885,868,0,109,885,0,868,30.94,73,4.800000000000001
2023,5,8,11,0,26.900000000000002,116,904,977,0,116,904,0,977,17.81,71,4.6000000000000005
2023,5,8,12,0,27.200000000000003,123,905,1019,2,496,170,0,665,8.07,67,4.5
2023,5,8,13,0,27.3,116,908,996,1,116,908,0,996,14.27,63,4.5
2023,5,8,14,0,27.3,116,881,901,0,116,881,0,901,27.04,61,4.6000000000000005
2023,5,8,15,0,27.200000000000003,109,841,748,0,109,841,0,748,40.53,62,4.800000000000001
2023,5,8,16,0,27,97,772,550,1,97,772,0,550,54.11,63,5.1000000000000005
2023,5,8,17,0,26.900000000000002,79,646,325,0,79,646,0,325,67.6,66,5.5
2023,5,8,18,0,26.5,46,377,107,0,46,377,0,107,80.83,70,5.6000000000000005
2023,5,8,19,0,26.3,0,0,0,0,0,0,0,0,93.86,75,5.7
2023,5,8,20,0,26.200000000000003,0,0,0,0,0,0,0,0,106.21000000000001,80,5.800000000000001
2023,5,8,21,0,26.1,0,0,0,0,0,0,0,0,117.61,84,5.7
2023,5,8,22,0,26.1,0,0,0,0,0,0,0,0,127.42,87,5.5
2023,5,8,23,0,25.900000000000002,0,0,0,2,0,0,0,0,134.58,89,5.300000000000001
2023,5,9,0,0,25.900000000000002,0,0,0,1,0,0,0,0,137.70000000000002,91,5.1000000000000005
2023,5,9,1,0,25.8,0,0,0,0,0,0,0,0,135.93,93,4.9
2023,5,9,2,0,25.700000000000003,0,0,0,0,0,0,0,0,129.78,94,4.800000000000001
2023,5,9,3,0,25.6,0,0,0,0,0,0,0,0,120.60000000000001,95,4.6000000000000005
2023,5,9,4,0,25.5,0,0,0,0,0,0,0,0,109.58,97,4.3
2023,5,9,5,0,25.6,0,0,0,0,0,0,0,0,97.45,98,4.1000000000000005
2023,5,9,6,0,26.1,32,254,56,0,32,254,0,56,84.51,97,4.2
2023,5,9,7,0,26.5,70,606,263,0,70,606,0,263,71.4,97,4.3
2023,5,9,8,0,26.900000000000002,90,755,491,0,90,755,0,491,57.97,95,4
2023,5,9,9,0,27.3,104,832,699,0,104,832,0,699,44.4,92,3.7
2023,5,9,10,0,27.6,112,878,866,1,112,878,0,866,30.84,87,3.6
2023,5,9,11,0,27.900000000000002,117,902,976,0,117,902,0,976,17.67,80,3.6
2023,5,9,12,0,28.1,117,910,1019,0,117,910,0,1019,7.8,73,3.5
2023,5,9,13,0,28.200000000000003,115,906,993,0,115,906,0,993,14.120000000000001,63,3.3000000000000003
2023,5,9,14,0,28.200000000000003,110,885,899,1,110,885,0,899,26.96,54,3.4000000000000004
2023,5,9,15,0,28.1,103,848,748,2,335,19,0,350,40.46,47,3.7
2023,5,9,16,0,28,94,775,549,8,185,528,0,495,54.04,43,4.1000000000000005
2023,5,9,17,0,27.700000000000003,82,628,322,3,38,0,0,38,67.52,44,4.4
2023,5,9,18,0,27.3,51,335,105,3,69,3,7,69,80.74,46,4.5
2023,5,9,19,0,26.900000000000002,0,0,0,3,0,0,0,0,93.75,49,4.3
2023,5,9,20,0,26.8,0,0,0,0,0,0,0,0,106.07000000000001,53,4.3
2023,5,9,21,0,26.700000000000003,0,0,0,3,0,0,0,0,117.44,58,4.2
2023,5,9,22,0,26.5,0,0,0,8,0,0,0,0,127.21000000000001,64,3.9000000000000004
2023,5,9,23,0,26.400000000000002,0,0,0,8,0,0,0,0,134.33,69,3.6
2023,5,10,0,0,26.200000000000003,0,0,0,8,0,0,0,0,137.44,74,3.2
2023,5,10,1,0,26.1,0,0,0,1,0,0,0,0,135.68,76,2.9000000000000004
2023,5,10,2,0,26,0,0,0,8,0,0,0,0,129.56,74,2.5
2023,5,10,3,0,25.900000000000002,0,0,0,1,0,0,0,0,120.41,67,2.2
2023,5,10,4,0,25.900000000000002,0,0,0,0,0,0,0,0,109.42,54,2
2023,5,10,5,0,25.900000000000002,0,0,0,3,0,0,0,0,97.31,36,2
2023,5,10,6,0,26.3,31,266,57,8,42,7,7,43,84.39,22,2.4000000000000004
2023,5,10,7,0,26.6,70,601,263,0,70,601,0,263,71.3,16,3
2023,5,10,8,0,26.900000000000002,93,746,489,0,93,746,0,489,57.870000000000005,15,3.3000000000000003
2023,5,10,9,0,27.200000000000003,108,823,697,0,108,823,0,697,44.31,15,3.4000000000000004
2023,5,10,10,0,27.5,112,874,864,0,112,874,0,864,30.740000000000002,18,3.7
2023,5,10,11,0,27.8,120,894,972,0,120,894,0,972,17.54,22,4
2023,5,10,12,0,28,126,894,1013,0,126,894,0,1013,7.55,24,4.3
2023,5,10,13,0,28.1,127,885,986,0,127,885,0,986,13.99,27,4.5
2023,5,10,14,0,28.1,124,862,893,0,124,862,0,893,26.87,30,4.7
2023,5,10,15,0,28,116,822,742,0,116,822,0,742,40.39,33,4.9
2023,5,10,16,0,27.900000000000002,102,754,545,0,102,754,0,545,53.96,39,4.9
2023,5,10,17,0,27.6,82,631,324,0,82,631,0,324,67.43,45,4.800000000000001
2023,5,10,18,0,27.3,46,379,108,0,46,379,0,108,80.64,52,4.5
2023,5,10,19,0,27,0,0,0,0,0,0,0,0,93.63,59,4.2
2023,5,10,20,0,26.900000000000002,0,0,0,0,0,0,0,0,105.94,66,4
2023,5,10,21,0,26.8,0,0,0,0,0,0,0,0,117.28,74,3.8000000000000003
2023,5,10,22,0,26.6,0,0,0,0,0,0,0,0,127.01,81,3.7
2023,5,10,23,0,26.3,0,0,0,0,0,0,0,0,134.09,86,3.5
2023,5,11,0,0,26.1,0,0,0,0,0,0,0,0,137.18,88,3.4000000000000004
2023,5,11,1,0,25.8,0,0,0,0,0,0,0,0,135.43,87,3.4000000000000004
2023,5,11,2,0,25.6,0,0,0,0,0,0,0,0,129.33,84,3.4000000000000004
2023,5,11,3,0,25.400000000000002,0,0,0,0,0,0,0,0,120.22,82,3.4000000000000004
2023,5,11,4,0,25.3,0,0,0,0,0,0,0,0,109.26,79,3.4000000000000004
2023,5,11,5,0,25.200000000000003,0,0,0,0,0,0,0,0,97.18,77,3.3000000000000003
2023,5,11,6,0,25.700000000000003,32,259,58,0,32,259,0,58,84.28,75,3.4000000000000004
2023,5,11,7,0,26,72,591,263,0,72,591,0,263,71.2,72,3.6
2023,5,11,8,0,26.400000000000002,93,748,491,2,258,270,0,402,57.78,70,3.6
2023,5,11,9,0,26.900000000000002,105,832,701,0,105,832,0,701,44.22,70,3.7
2023,5,11,10,0,27.3,113,878,868,1,113,878,0,868,30.650000000000002,69,3.9000000000000004
2023,5,11,11,0,27.700000000000003,119,902,979,2,456,143,0,593,17.41,67,4
2023,5,11,12,0,28.1,122,906,1021,0,122,906,0,1021,7.3,65,4.1000000000000005
2023,5,11,13,0,28.3,124,898,995,0,124,898,0,995,13.85,62,4.3
2023,5,11,14,0,28.400000000000002,118,878,902,0,118,878,0,902,26.79,60,4.6000000000000005
2023,5,11,15,0,28.3,110,839,750,0,110,839,0,750,40.31,59,5
2023,5,11,16,0,28.1,98,771,552,0,98,771,0,552,53.89,60,5.4
2023,5,11,17,0,27.8,79,646,328,0,79,646,0,328,67.35,62,5.800000000000001
2023,5,11,18,0,27.3,48,380,110,0,48,380,0,110,80.55,65,6
2023,5,11,19,0,26.900000000000002,0,0,0,0,0,0,0,0,93.52,70,6.300000000000001
2023,5,11,20,0,26.700000000000003,0,0,0,0,0,0,0,0,105.8,75,6.7
2023,5,11,21,0,26.400000000000002,0,0,0,0,0,0,0,0,117.11,78,6.800000000000001
2023,5,11,22,0,26.200000000000003,0,0,0,0,0,0,0,0,126.81,82,6.7
2023,5,11,23,0,26,0,0,0,8,0,0,0,0,133.86,85,6.5
2023,5,12,0,0,25.8,0,0,0,8,0,0,0,0,136.92000000000002,87,6.300000000000001
2023,5,12,1,0,25.700000000000003,0,0,0,0,0,0,0,0,135.18,89,6
2023,5,12,2,0,25.700000000000003,0,0,0,8,0,0,0,0,129.12,89,5.9
2023,5,12,3,0,25.700000000000003,0,0,0,3,0,0,0,0,120.04,89,5.7
2023,5,12,4,0,25.700000000000003,0,0,0,0,0,0,0,0,109.10000000000001,88,5.6000000000000005
2023,5,12,5,0,25.8,0,0,0,8,0,0,0,0,97.05,88,5.6000000000000005
2023,5,12,6,0,26.3,36,196,56,3,38,0,7,38,84.17,87,6
2023,5,12,7,0,26.6,84,532,257,3,171,56,0,189,71.10000000000001,86,6.2
2023,5,12,8,0,26.900000000000002,111,690,480,0,111,690,0,480,57.7,85,6.300000000000001
2023,5,12,9,0,27.1,127,779,686,8,312,235,0,481,44.14,85,6.4
2023,5,12,10,0,27.400000000000002,125,849,857,8,266,7,0,271,30.560000000000002,85,6.5
2023,5,12,11,0,27.5,132,873,965,2,454,76,0,527,17.3,83,6.5
2023,5,12,12,0,27.6,136,880,1009,3,453,23,0,476,7.05,81,6.5
2023,5,12,13,0,27.700000000000003,150,851,976,2,454,392,0,834,13.72,78,6.5
2023,5,12,14,0,27.700000000000003,147,825,884,8,290,547,0,779,26.71,75,6.5
2023,5,12,15,0,27.6,140,777,733,2,377,310,0,613,40.24,73,6.7
2023,5,12,16,0,27.5,127,693,536,7,245,246,0,390,53.81,72,6.9
2023,5,12,17,0,27.200000000000003,104,545,315,8,165,274,0,271,67.27,73,7.2
2023,5,12,18,0,26.8,59,263,103,1,59,263,0,103,80.45,76,7.300000000000001
2023,5,12,19,0,26.5,0,0,0,7,0,0,0,0,93.41,80,7.1000000000000005
2023,5,12,20,0,26.400000000000002,0,0,0,7,0,0,0,0,105.67,83,6.9
2023,5,12,21,0,26.200000000000003,0,0,0,7,0,0,0,0,116.95,85,6.6000000000000005
2023,5,12,22,0,26.1,0,0,0,7,0,0,0,0,126.61,86,6.5
2023,5,12,23,0,26,0,0,0,7,0,0,0,0,133.63,86,6.4
2023,5,13,0,0,25.900000000000002,0,0,0,7,0,0,0,0,136.67000000000002,86,6.2
2023,5,13,1,0,25.8,0,0,0,7,0,0,0,0,134.94,85,6
2023,5,13,2,0,25.700000000000003,0,0,0,3,0,0,0,0,128.91,83,5.9
2023,5,13,3,0,25.6,0,0,0,7,0,0,0,0,119.86,81,5.9
2023,5,13,4,0,25.6,0,0,0,7,0,0,0,0,108.96000000000001,79,6
2023,5,13,5,0,25.5,0,0,0,7,0,0,0,0,96.93,77,6.1000000000000005
2023,5,13,6,0,25.700000000000003,38,171,56,7,39,2,7,39,84.07000000000001,78,6.300000000000001
2023,5,13,7,0,25.900000000000002,93,493,254,7,159,122,0,199,71.01,79,6.6000000000000005
2023,5,13,8,0,26.1,123,660,476,7,234,57,0,265,57.620000000000005,80,6.6000000000000005
2023,5,13,9,0,26.3,140,755,683,6,334,66,0,382,44.06,80,6.4
2023,5,13,10,0,26.5,154,804,847,6,289,7,0,296,30.48,79,6.2
2023,5,13,11,0,26.700000000000003,159,836,957,6,341,9,0,349,17.19,76,6.2
2023,5,13,12,0,26.8,161,845,1000,6,457,95,0,552,6.8100000000000005,79,6.4
2023,5,13,13,0,27,159,840,975,6,439,111,0,547,13.59,85,6.4
2023,5,13,14,0,27,146,826,885,7,431,146,0,561,26.63,84,6
2023,5,13,15,0,26.900000000000002,129,796,738,7,330,65,0,380,40.17,79,5.9
2023,5,13,16,0,26.8,111,733,544,7,255,232,0,393,53.74,76,5.800000000000001
2023,5,13,17,0,26.6,87,611,324,7,156,295,0,270,67.18,73,5.6000000000000005
2023,5,13,18,0,26.3,50,357,110,7,3,0,0,3,80.36,72,5.4
2023,5,13,19,0,26.1,0,0,0,7,0,0,0,0,93.29,71,5.2
2023,5,13,20,0,25.900000000000002,0,0,0,7,0,0,0,0,105.53,71,5.300000000000001
2023,5,13,21,0,25.8,0,0,0,7,0,0,0,0,116.78,71,5.1000000000000005
2023,5,13,22,0,25.700000000000003,0,0,0,7,0,0,0,0,126.42,73,5.1000000000000005
2023,5,13,23,0,25.700000000000003,0,0,0,7,0,0,0,0,133.4,76,5.1000000000000005
2023,5,14,0,0,25.6,0,0,0,7,0,0,0,0,136.43,81,5
2023,5,14,1,0,25.5,0,0,0,7,0,0,0,0,134.7,87,5
2023,5,14,2,0,25.400000000000002,0,0,0,8,0,0,0,0,128.7,93,5
2023,5,14,3,0,25.3,0,0,0,7,0,0,0,0,119.69,99,5.2
2023,5,14,4,0,25.200000000000003,0,0,0,7,0,0,0,0,108.81,104,5.300000000000001
2023,5,14,5,0,25.200000000000003,0,0,0,8,0,0,0,0,96.81,107,5.1000000000000005
2023,5,14,6,0,25.5,33,268,61,4,21,0,7,21,83.97,107,5.1000000000000005
2023,5,14,7,0,25.900000000000002,69,600,265,5,110,2,0,111,70.92,107,5.2
2023,5,14,8,0,26.200000000000003,87,750,489,8,179,430,0,409,57.54,106,5.1000000000000005
2023,5,14,9,0,26.5,97,830,694,6,124,1,0,124,43.99,104,4.800000000000001
2023,5,14,10,0,26.900000000000002,94,892,863,8,370,187,0,531,30.41,98,4.6000000000000005
2023,5,14,11,0,27.200000000000003,99,913,971,7,62,0,0,62,17.080000000000002,89,4.5
2023,5,14,12,0,27.400000000000002,101,922,1016,6,123,0,0,123,6.58,81,4.4
2023,5,14,13,0,27.5,108,907,990,6,113,0,0,113,13.47,75,4.3
2023,5,14,14,0,27.6,106,884,897,7,231,2,0,233,26.55,67,4.1000000000000005
2023,5,14,15,0,27.6,101,845,747,7,319,200,0,472,40.1,59,4
2023,5,14,16,0,27.400000000000002,91,776,551,7,238,292,0,410,53.67,54,3.8000000000000003
2023,5,14,17,0,27.1,75,653,329,2,192,170,0,258,67.1,52,3.7
2023,5,14,18,0,26.700000000000003,46,397,113,0,46,397,0,113,80.26,54,3.6
2023,5,14,19,0,26.400000000000002,0,0,0,3,0,0,0,0,93.18,59,3.6
2023,5,14,20,0,26.200000000000003,0,0,0,2,0,0,0,0,105.4,63,3.7
2023,5,14,21,0,26,0,0,0,0,0,0,0,0,116.62,65,3.7
2023,5,14,22,0,25.8,0,0,0,0,0,0,0,0,126.22,63,3.5
2023,5,14,23,0,25.700000000000003,0,0,0,0,0,0,0,0,133.18,58,3.2
2023,5,15,0,0,25.6,0,0,0,0,0,0,0,0,136.19,48,3
2023,5,15,1,0,25.5,0,0,0,0,0,0,0,0,134.47,39,3.1
2023,5,15,2,0,25.5,0,0,0,2,0,0,0,0,128.5,32,3.4000000000000004
2023,5,15,3,0,25.5,0,0,0,3,0,0,0,0,119.52,30,3.8000000000000003
2023,5,15,4,0,25.6,0,0,0,7,0,0,0,0,108.67,30,4.2
2023,5,15,5,0,25.700000000000003,0,0,0,1,0,0,0,0,96.69,32,4.5
2023,5,15,6,0,26.1,39,164,57,0,39,164,0,57,83.88,35,4.9
2023,5,15,7,0,26.5,91,493,253,0,91,493,0,253,70.84,39,5.1000000000000005
2023,5,15,8,0,26.8,118,662,474,0,118,662,0,474,57.47,42,5.2
2023,5,15,9,0,27,133,755,677,0,133,755,0,677,43.92,42,5.300000000000001
2023,5,15,10,0,27.200000000000003,108,864,854,2,303,1,0,304,30.34,42,5.300000000000001
2023,5,15,11,0,27.400000000000002,114,886,962,0,114,886,0,962,16.990000000000002,40,5.5
2023,5,15,12,0,27.400000000000002,117,893,1005,0,117,893,0,1005,6.3500000000000005,38,5.6000000000000005
2023,5,15,13,0,27.3,96,918,988,0,96,918,0,988,13.35,36,5.7
2023,5,15,14,0,27.200000000000003,97,893,897,8,308,432,0,694,26.47,35,5.800000000000001
2023,5,15,15,0,27,93,856,748,8,174,647,0,669,40.03,36,5.800000000000001
2023,5,15,16,0,26.700000000000003,85,791,554,0,85,791,0,554,53.59,38,5.6000000000000005
2023,5,15,17,0,26.5,70,673,333,0,70,673,0,333,67.02,41,5.4
2023,5,15,18,0,26.3,44,424,116,0,44,424,0,116,80.17,43,5
2023,5,15,19,0,26.1,0,0,0,0,0,0,0,0,93.07000000000001,46,4.5
2023,5,15,20,0,26,0,0,0,0,0,0,0,0,105.26,49,4.1000000000000005
2023,5,15,21,0,25.900000000000002,0,0,0,0,0,0,0,0,116.46000000000001,50,3.7
2023,5,15,22,0,25.8,0,0,0,0,0,0,0,0,126.03,51,3.2
2023,5,15,23,0,25.6,0,0,0,0,0,0,0,0,132.96,49,2.8000000000000003
2023,5,16,0,0,25.400000000000002,0,0,0,0,0,0,0,0,135.95,43,2.4000000000000004
2023,5,16,1,0,25.3,0,0,0,0,0,0,0,0,134.25,35,2.2
2023,5,16,2,0,25.1,0,0,0,0,0,0,0,0,128.3,25,2.1
2023,5,16,3,0,25,0,0,0,0,0,0,0,0,119.36,14,2.1
2023,5,16,4,0,24.900000000000002,0,0,0,0,0,0,0,0,108.54,1,2.3000000000000003
2023,5,16,5,0,24.900000000000002,0,0,0,0,0,0,0,0,96.58,351,2.5
2023,5,16,6,0,25.5,31,333,67,0,31,333,0,67,83.78,347,3.1
2023,5,16,7,0,25.900000000000002,63,651,277,0,63,651,0,277,70.76,347,3.5
2023,5,16,8,0,26.3,79,790,505,0,79,790,0,505,57.4,347,3.8000000000000003
2023,5,16,9,0,26.8,91,862,712,0,91,862,0,712,43.86,347,3.9000000000000004
2023,5,16,10,0,27.200000000000003,97,905,879,3,365,455,0,759,30.27,349,3.6
2023,5,16,11,0,27.6,101,925,986,1,101,925,0,986,16.9,355,3.3000000000000003
2023,5,16,12,0,27.900000000000002,104,931,1029,1,104,931,0,1029,6.13,359,3.1
2023,5,16,13,0,28.1,105,922,1002,0,105,922,0,1002,13.24,359,2.8000000000000003
2023,5,16,14,0,28.3,102,901,909,0,102,901,0,909,26.400000000000002,358,2.4000000000000004
2023,5,16,15,0,28.3,96,864,758,0,96,864,0,758,39.96,1,2.1
2023,5,16,16,0,28.200000000000003,87,798,561,0,87,798,0,561,53.52,7,2
2023,5,16,17,0,27.900000000000002,71,682,338,0,71,682,0,338,66.94,18,1.8
2023,5,16,18,0,27.5,44,442,120,0,44,442,0,120,80.08,34,1.5
2023,5,16,19,0,27.3,0,0,0,0,0,0,0,0,92.96000000000001,60,1
2023,5,16,20,0,27.1,0,0,0,0,0,0,0,0,105.13,109,0.8
2023,5,16,21,0,27.1,0,0,0,0,0,0,0,0,116.3,154,1.1
2023,5,16,22,0,27,0,0,0,1,0,0,0,0,125.85000000000001,177,1.6
2023,5,16,23,0,27,0,0,0,3,0,0,0,0,132.74,196,2
2023,5,17,0,0,26.900000000000002,0,0,0,3,0,0,0,0,135.72,211,2.3000000000000003
2023,5,17,1,0,26.900000000000002,0,0,0,3,0,0,0,0,134.03,222,2.6
2023,5,17,2,0,26.8,0,0,0,7,0,0,0,0,128.11,231,2.8000000000000003
2023,5,17,3,0,26.700000000000003,0,0,0,7,0,0,0,0,119.2,240,2.9000000000000004
2023,5,17,4,0,26.6,0,0,0,0,0,0,0,0,108.41,245,2.8000000000000003
2023,5,17,5,0,26.700000000000003,0,0,0,0,0,0,0,0,96.47,249,2.4000000000000004
2023,5,17,6,0,27.1,34,286,65,0,34,286,0,65,83.7,250,2.3000000000000003
2023,5,17,7,0,27.5,70,605,270,0,70,605,0,270,70.69,247,2.3000000000000003
2023,5,17,8,0,27.8,90,748,493,0,90,748,0,493,57.33,243,2.4000000000000004
2023,5,17,9,0,28.200000000000003,102,824,697,0,102,824,0,697,43.800000000000004,241,2.5
2023,5,17,10,0,28.6,103,879,862,0,103,879,0,862,30.22,237,2.6
2023,5,17,11,0,28.900000000000002,106,903,971,0,106,903,0,971,16.82,234,2.6
2023,5,17,12,0,29.200000000000003,107,911,1013,0,107,911,0,1013,5.92,232,2.6
2023,5,17,13,0,29.400000000000002,107,906,989,0,107,906,0,989,13.120000000000001,233,2.7
2023,5,17,14,0,29.5,103,887,898,0,103,887,0,898,26.32,235,2.7
2023,5,17,15,0,29.400000000000002,95,853,749,0,95,853,0,749,39.89,236,2.7
2023,5,17,16,0,29.3,85,792,556,0,85,792,0,556,53.45,236,2.6
2023,5,17,17,0,29.1,69,682,337,0,69,682,0,337,66.85,236,2.4000000000000004
2023,5,17,18,0,28.8,43,446,120,2,48,1,0,48,79.98,233,2.1
2023,5,17,19,0,28.400000000000002,0,0,0,0,0,0,0,0,92.84,226,1.8
2023,5,17,20,0,28.200000000000003,0,0,0,0,0,0,0,0,105,213,1.6
2023,5,17,21,0,28,0,0,0,0,0,0,0,0,116.15,195,1.6
2023,5,17,22,0,27.8,0,0,0,1,0,0,0,0,125.66,185,1.8
2023,5,17,23,0,27.5,0,0,0,0,0,0,0,0,132.53,180,2
2023,5,18,0,0,27.3,0,0,0,0,0,0,0,0,135.5,179,2.3000000000000003
2023,5,18,1,0,27.1,0,0,0,0,0,0,0,0,133.82,179,2.6
2023,5,18,2,0,26.900000000000002,0,0,0,0,0,0,0,0,127.93,178,2.9000000000000004
2023,5,18,3,0,26.8,0,0,0,0,0,0,0,0,119.05,178,3.1
2023,5,18,4,0,26.700000000000003,0,0,0,0,0,0,0,0,108.29,176,3.2
2023,5,18,5,0,26.700000000000003,0,0,0,0,0,0,0,0,96.37,174,3.3000000000000003
2023,5,18,6,0,27.200000000000003,32,320,67,0,32,320,0,67,83.62,169,3.7
2023,5,18,7,0,27.5,64,629,273,0,64,629,0,273,70.62,166,3.8000000000000003
2023,5,18,8,0,27.8,82,765,496,0,82,765,0,496,57.28,163,3.8000000000000003
2023,5,18,9,0,28.3,94,836,699,0,94,836,0,699,43.75,162,3.8000000000000003
2023,5,18,10,0,28.8,103,877,861,1,103,877,0,861,30.16,163,3.7
2023,5,18,11,0,29.200000000000003,108,898,968,2,486,206,0,683,16.740000000000002,164,3.6
2023,5,18,12,0,29.6,110,906,1012,7,320,7,0,327,5.72,164,3.4000000000000004
2023,5,18,13,0,29.8,108,902,987,7,279,4,0,283,13.02,162,3.1
2023,5,18,14,0,29.900000000000002,105,883,896,8,292,6,0,297,26.25,158,2.7
2023,5,18,15,0,29.900000000000002,98,845,747,8,23,0,0,23,39.82,152,2.5
2023,5,18,16,0,29.700000000000003,88,782,555,8,217,316,0,405,53.370000000000005,145,2.3000000000000003
2023,5,18,17,0,29.5,72,669,336,0,72,669,0,336,66.77,136,2.3000000000000003
2023,5,18,18,0,29,45,432,121,0,45,432,0,121,79.89,126,2.3000000000000003
2023,5,18,19,0,28.6,0,0,0,0,0,0,0,0,92.73,118,2.6
2023,5,18,20,0,28.3,0,0,0,0,0,0,0,0,104.87,115,2.9000000000000004
2023,5,18,21,0,27.900000000000002,0,0,0,0,0,0,0,0,115.99000000000001,115,3.3000000000000003
2023,5,18,22,0,27.700000000000003,0,0,0,0,0,0,0,0,125.48,117,3.5
2023,5,18,23,0,27.400000000000002,0,0,0,0,0,0,0,0,132.32,121,3.6
2023,5,19,0,0,27.200000000000003,0,0,0,0,0,0,0,0,135.28,123,3.7
2023,5,19,1,0,27.1,0,0,0,1,0,0,0,0,133.61,124,3.7
2023,5,19,2,0,27,0,0,0,0,0,0,0,0,127.75,125,3.6
2023,5,19,3,0,26.900000000000002,0,0,0,0,0,0,0,0,118.9,124,3.5
2023,5,19,4,0,26.8,0,0,0,0,0,0,0,0,108.17,121,3.3000000000000003
2023,5,19,5,0,26.900000000000002,0,0,0,0,0,0,0,0,96.27,117,3.3000000000000003
2023,5,19,6,0,27.400000000000002,32,322,68,0,32,322,0,68,83.54,115,3.7
2023,5,19,7,0,27.700000000000003,65,622,272,0,65,622,0,272,70.55,116,3.9000000000000004
2023,5,19,8,0,28,84,754,492,0,84,754,0,492,57.22,118,4
2023,5,19,9,0,28.3,98,823,693,1,98,823,0,693,43.7,120,4.1000000000000005
2023,5,19,10,0,28.400000000000002,117,849,851,6,112,0,0,112,30.11,121,4.1000000000000005
2023,5,19,11,0,28.5,122,872,958,6,90,0,0,90,16.67,121,4
2023,5,19,12,0,28.5,125,880,1001,7,428,107,0,534,5.5200000000000005,119,3.8000000000000003
2023,5,19,13,0,28.400000000000002,131,866,975,6,92,0,0,92,12.91,116,3.6
2023,5,19,14,0,28.3,127,844,884,6,102,0,0,102,26.18,114,3.5
2023,5,19,15,0,28.200000000000003,118,805,737,6,42,0,0,42,39.75,111,3.6
2023,5,19,16,0,28.1,104,740,546,7,242,175,0,347,53.300000000000004,107,3.9000000000000004
2023,5,19,17,0,27.900000000000002,82,625,330,0,82,625,0,330,66.69,103,4.2
2023,5,19,18,0,27.6,50,383,118,0,50,383,0,118,79.79,102,4.3
2023,5,19,19,0,27.200000000000003,0,0,0,0,0,0,0,0,92.62,102,4.1000000000000005
2023,5,19,20,0,27,0,0,0,0,0,0,0,0,104.74000000000001,102,4
2023,5,19,21,0,26.900000000000002,0,0,0,0,0,0,0,0,115.84,100,3.7
2023,5,19,22,0,26.8,0,0,0,0,0,0,0,0,125.3,96,3.3000000000000003
2023,5,19,23,0,26.700000000000003,0,0,0,0,0,0,0,0,132.12,93,3
2023,5,20,0,0,26.6,0,0,0,0,0,0,0,0,135.07,95,2.9000000000000004
2023,5,20,1,0,26.6,0,0,0,0,0,0,0,0,133.41,98,3.1
2023,5,20,2,0,26.5,0,0,0,0,0,0,0,0,127.58,99,3.1
2023,5,20,3,0,26.5,0,0,0,0,0,0,0,0,118.76,97,3.2
2023,5,20,4,0,26.6,0,0,0,0,0,0,0,0,108.05,95,3.2
2023,5,20,5,0,26.6,0,0,0,0,0,0,0,0,96.18,91,3.2
2023,5,20,6,0,27,35,292,68,0,35,292,0,68,83.46000000000001,89,3.5
2023,5,20,7,0,27.200000000000003,70,604,271,0,70,604,0,271,70.49,89,3.6
2023,5,20,8,0,27.400000000000002,89,743,492,1,89,743,0,492,57.17,90,3.5
2023,5,20,9,0,27.6,102,818,694,1,102,818,0,694,43.660000000000004,90,3.4000000000000004
2023,5,20,10,0,28,108,865,857,3,445,178,0,599,30.07,88,3.3000000000000003
2023,5,20,11,0,28.400000000000002,114,887,963,0,114,887,0,963,16.61,83,3.2
2023,5,20,12,0,28.700000000000003,115,895,1007,0,115,895,0,1007,5.33,77,3.1
2023,5,20,13,0,29,110,898,986,0,110,898,0,986,12.81,71,3.1
2023,5,20,14,0,29.1,105,881,896,0,105,881,0,896,26.1,65,3.2
2023,5,20,15,0,29.200000000000003,98,848,750,3,328,13,0,338,39.68,60,3.5
2023,5,20,16,0,29,86,789,559,0,86,789,0,559,53.22,58,3.9000000000000004
2023,5,20,17,0,28.700000000000003,70,682,341,0,70,682,0,341,66.61,59,4.3
2023,5,20,18,0,28.3,44,455,125,0,44,455,0,125,79.7,63,4.6000000000000005
2023,5,20,19,0,27.900000000000002,0,0,0,0,0,0,0,0,92.51,68,4.6000000000000005
2023,5,20,20,0,27.700000000000003,0,0,0,0,0,0,0,0,104.61,73,4.7
2023,5,20,21,0,27.400000000000002,0,0,0,0,0,0,0,0,115.69,77,4.7
2023,5,20,22,0,27.200000000000003,0,0,0,0,0,0,0,0,125.12,80,4.4
2023,5,20,23,0,26.900000000000002,0,0,0,0,0,0,0,0,131.92000000000002,80,4
2023,5,21,0,0,26.700000000000003,0,0,0,0,0,0,0,0,134.86,79,3.6
2023,5,21,1,0,26.5,0,0,0,0,0,0,0,0,133.21,75,3.1
2023,5,21,2,0,26.400000000000002,0,0,0,0,0,0,0,0,127.41,67,2.7
2023,5,21,3,0,26.3,0,0,0,0,0,0,0,0,118.62,65,2.8000000000000003
2023,5,21,4,0,26.200000000000003,0,0,0,0,0,0,0,0,107.94,55,2.7
2023,5,21,5,0,26.3,0,0,0,0,0,0,0,0,96.09,48,2.6
2023,5,21,6,0,26.700000000000003,33,330,71,0,33,330,0,71,83.39,50,2.9000000000000004
2023,5,21,7,0,27.1,66,629,276,0,66,629,0,276,70.44,40,2.9000000000000004
2023,5,21,8,0,27.400000000000002,83,768,499,1,83,768,0,499,57.120000000000005,29,3.1
2023,5,21,9,0,27.8,93,841,702,0,93,841,0,702,43.62,24,3.3000000000000003
2023,5,21,10,0,28.200000000000003,97,888,866,0,97,888,0,866,30.03,27,3.5
2023,5,21,11,0,28.5,102,910,975,0,102,910,0,975,16.55,30,3.7
2023,5,21,12,0,28.6,107,915,1017,0,107,915,0,1017,5.14,29,3.8000000000000003
2023,5,21,13,0,28.700000000000003,105,911,994,0,105,911,0,994,12.71,27,4
2023,5,21,14,0,28.700000000000003,98,899,905,0,98,899,0,905,26.03,29,4.3
2023,5,21,15,0,28.5,91,865,758,0,91,865,0,758,39.62,35,4.7
2023,5,21,16,0,28.400000000000002,82,805,565,0,82,805,0,565,53.15,38,5
2023,5,21,17,0,28.1,68,695,345,0,68,695,0,345,66.53,40,4.800000000000001
2023,5,21,18,0,27.900000000000002,44,460,127,0,44,460,0,127,79.61,45,4.5
2023,5,21,19,0,27.6,0,0,0,0,0,0,0,0,92.41,50,3.9000000000000004
2023,5,21,20,0,27.6,0,0,0,0,0,0,0,0,104.48,55,3.5
2023,5,21,21,0,27.5,0,0,0,0,0,0,0,0,115.54,57,3
2023,5,21,22,0,27.400000000000002,0,0,0,0,0,0,0,0,124.95,58,2.7
2023,5,21,23,0,27.3,0,0,0,0,0,0,0,0,131.72,57,2.6
2023,5,22,0,0,27.1,0,0,0,0,0,0,0,0,134.66,53,2.7
2023,5,22,1,0,27,0,0,0,0,0,0,0,0,133.03,46,2.7
2023,5,22,2,0,26.900000000000002,0,0,0,0,0,0,0,0,127.25,40,2.8000000000000003
2023,5,22,3,0,26.8,0,0,0,0,0,0,0,0,118.49000000000001,36,2.8000000000000003
2023,5,22,4,0,26.8,0,0,0,0,0,0,0,0,107.83,37,2.8000000000000003
2023,5,22,5,0,26.8,0,0,0,8,0,0,0,0,96.01,42,2.8000000000000003
2023,5,22,6,0,27.3,36,288,70,7,27,1,7,27,83.33,44,3.1
2023,5,22,7,0,27.5,73,594,272,7,140,63,0,161,70.38,42,3.2
2023,5,22,8,0,27.700000000000003,92,739,494,0,92,739,0,494,57.08,40,3.3000000000000003
2023,5,22,9,0,28.1,104,817,696,1,104,817,0,696,43.58,38,3.3000000000000003
2023,5,22,10,0,28.400000000000002,100,882,863,0,100,882,0,863,29.990000000000002,36,3.3000000000000003
2023,5,22,11,0,28.6,106,901,969,3,232,0,0,232,16.5,30,3.4000000000000004
2023,5,22,12,0,28.700000000000003,107,909,1013,2,499,204,0,702,4.97,24,3.7
2023,5,22,13,0,28.700000000000003,102,911,991,2,376,3,0,380,12.61,22,4
2023,5,22,14,0,28.700000000000003,96,896,902,0,96,896,0,902,25.96,22,4.4
2023,5,22,15,0,28.6,90,862,755,0,90,862,0,755,39.550000000000004,24,4.6000000000000005
2023,5,22,16,0,28.400000000000002,81,803,563,0,81,803,0,563,53.08,27,4.7
2023,5,22,17,0,28.1,67,695,345,0,67,695,0,345,66.44,31,4.7
2023,5,22,18,0,27.8,44,463,128,2,89,37,0,95,79.51,32,4.6000000000000005
2023,5,22,19,0,27.6,0,0,0,0,0,0,0,0,92.3,35,4.3
2023,5,22,20,0,27.5,0,0,0,7,0,0,0,0,104.36,41,4.1000000000000005
2023,5,22,21,0,27.400000000000002,0,0,0,8,0,0,0,0,115.4,46,3.8000000000000003
2023,5,22,22,0,27.3,0,0,0,0,0,0,0,0,124.78,46,3.5
2023,5,22,23,0,27.1,0,0,0,0,0,0,0,0,131.53,43,3.1
2023,5,23,0,0,26.900000000000002,0,0,0,0,0,0,0,0,134.46,39,2.7
2023,5,23,1,0,26.8,0,0,0,0,0,0,0,0,132.84,33,2.3000000000000003
2023,5,23,2,0,26.700000000000003,0,0,0,0,0,0,0,0,127.09,22,2
2023,5,23,3,0,26.700000000000003,0,0,0,0,0,0,0,0,118.37,8,1.8
2023,5,23,4,0,26.700000000000003,0,0,0,0,0,0,0,0,107.73,5,1.8
2023,5,23,5,0,26.700000000000003,0,0,0,0,0,0,0,0,95.93,10,1.8
2023,5,23,6,0,27.1,34,330,72,0,34,330,0,72,83.27,14,2
2023,5,23,7,0,27.400000000000002,65,633,278,0,65,633,0,278,70.33,15,2.1
2023,5,23,8,0,27.700000000000003,82,771,501,0,82,771,0,501,57.04,14,2.2
2023,5,23,9,0,28.1,92,844,704,0,92,844,0,704,43.550000000000004,12,2.2
2023,5,23,10,0,28.5,102,879,864,0,102,879,0,864,29.96,10,2.2
2023,5,23,11,0,28.900000000000002,107,901,971,2,459,153,0,606,16.46,5,2.2
2023,5,23,12,0,29.200000000000003,108,910,1015,2,485,318,0,802,4.8,356,2.3000000000000003
2023,5,23,13,0,29.400000000000002,107,906,992,3,486,180,0,661,12.52,353,2.3000000000000003
2023,5,23,14,0,29.400000000000002,104,888,902,2,307,581,0,830,25.900000000000002,354,2.3000000000000003
2023,5,23,15,0,29.400000000000002,97,852,755,3,186,0,0,186,39.480000000000004,357,2.4000000000000004
2023,5,23,16,0,29.200000000000003,87,791,563,3,50,0,0,50,53.01,6,2.6
2023,5,23,17,0,28.900000000000002,72,679,344,3,191,27,0,201,66.36,16,2.9000000000000004
2023,5,23,18,0,28.400000000000002,46,450,128,2,90,62,0,101,79.42,29,3
2023,5,23,19,0,27.900000000000002,0,0,0,3,0,0,0,0,92.19,47,3
2023,5,23,20,0,27.5,0,0,0,0,0,0,0,0,104.23,72,3
2023,5,23,21,0,27.3,0,0,0,0,0,0,0,0,115.25,58,2.2
2023,5,23,22,0,27.1,0,0,0,0,0,0,0,0,124.62,31,2.4000000000000004
2023,5,23,23,0,26.700000000000003,0,0,0,7,0,0,0,0,131.35,43,2.1
2023,5,24,0,0,26.5,0,0,0,6,0,0,0,0,134.27,52,1.6
2023,5,24,1,0,26.3,0,0,0,0,0,0,0,0,132.67000000000002,52,1.3
2023,5,24,2,0,26.200000000000003,0,0,0,8,0,0,0,0,126.94,46,1
2023,5,24,3,0,26.200000000000003,0,0,0,8,0,0,0,0,118.24000000000001,33,0.7000000000000001
2023,5,24,4,0,26.3,0,0,0,0,0,0,0,0,107.64,42,0.5
2023,5,24,5,0,26.400000000000002,0,0,0,0,0,0,0,0,95.85000000000001,97,0.4
2023,5,24,6,0,26.8,34,320,72,3,38,0,7,38,83.21000000000001,128,0.8
2023,5,24,7,0,27.200000000000003,69,611,275,6,8,0,0,8,70.29,146,1.1
2023,5,24,8,0,27.6,89,744,494,9,14,0,0,14,57,162,1.4000000000000001
2023,5,24,9,0,28,103,814,693,9,103,0,0,103,43.52,175,1.7000000000000002
2023,5,24,10,0,28.3,136,817,844,9,36,0,0,36,29.94,180,2.2
2023,5,24,11,0,28.5,142,843,950,9,69,0,0,69,16.42,182,2.5
2023,5,24,12,0,28.6,144,852,993,7,431,114,0,544,4.64,185,2.7
2023,5,24,13,0,28.700000000000003,168,810,959,7,298,518,0,804,12.43,190,2.9000000000000004
2023,5,24,14,0,28.6,167,780,869,7,313,423,0,694,25.830000000000002,193,3.1
2023,5,24,15,0,28.1,158,732,723,7,308,28,0,330,39.410000000000004,192,3.2
2023,5,24,16,0,27.5,140,653,534,7,206,17,0,217,52.93,199,3
2023,5,24,17,0,26.900000000000002,112,522,322,7,170,38,0,186,66.28,207,2.8000000000000003
2023,5,24,18,0,26.6,62,302,118,7,80,10,0,81,79.33,206,2.4000000000000004
2023,5,24,19,0,26.5,0,0,0,7,0,0,0,0,92.09,193,1.8
2023,5,24,20,0,26.5,0,0,0,7,0,0,0,0,104.11,154,1.3
2023,5,24,21,0,26.400000000000002,0,0,0,7,0,0,0,0,115.11,118,1.6
2023,5,24,22,0,26.200000000000003,0,0,0,8,0,0,0,0,124.45,103,2.3000000000000003
2023,5,24,23,0,26,0,0,0,7,0,0,0,0,131.17000000000002,95,3.5
2023,5,25,0,0,25.8,0,0,0,9,0,0,0,0,134.09,102,3.6
2023,5,25,1,0,25.700000000000003,0,0,0,9,0,0,0,0,132.49,128,3
2023,5,25,2,0,25.700000000000003,0,0,0,7,0,0,0,0,126.8,132,2.9000000000000004
2023,5,25,3,0,25.6,0,0,0,1,0,0,0,0,118.13,126,2.8000000000000003
2023,5,25,4,0,25.6,0,0,0,1,0,0,0,0,107.55,125,2.5
2023,5,25,5,0,25.8,0,0,0,3,0,0,0,0,95.78,123,2.6
2023,5,25,6,0,26.200000000000003,33,332,73,0,33,332,0,73,83.16,128,3.9000000000000004
2023,5,25,7,0,26.5,66,625,277,0,66,625,0,277,70.25,128,4.800000000000001
2023,5,25,8,0,26.5,82,764,498,0,82,764,0,498,56.97,126,5
2023,5,25,9,0,26.6,93,836,699,0,93,836,0,699,43.5,118,4.5
2023,5,25,10,0,26.8,114,856,855,0,114,856,0,855,29.91,112,4.5
2023,5,25,11,0,27,115,885,965,7,364,294,0,645,16.39,107,4.9
2023,5,25,12,0,27.1,117,894,1008,0,117,894,0,1008,4.49,106,5
2023,5,25,13,0,27.400000000000002,108,901,989,2,361,530,0,879,12.34,109,4.6000000000000005
2023,5,25,14,0,27.6,105,882,899,6,282,5,0,287,25.76,114,2.8000000000000003
2023,5,25,15,0,27.8,101,841,751,7,284,18,0,298,39.35,129,1.5
2023,5,25,16,0,27.700000000000003,93,771,559,6,176,8,0,181,52.86,139,1.5
2023,5,25,17,0,27.6,79,646,340,6,8,0,0,8,66.2,130,1.9000000000000001
2023,5,25,18,0,27.400000000000002,53,389,125,7,71,13,0,73,79.24,120,2.1
2023,5,25,19,0,27.1,0,0,0,7,0,0,0,0,91.98,117,2.2
2023,5,25,20,0,27,0,0,0,7,0,0,0,0,103.99000000000001,101,1.6
2023,5,25,21,0,26.8,0,0,0,3,0,0,0,0,114.97,80,1.7000000000000002
2023,5,25,22,0,26.6,0,0,0,9,0,0,0,0,124.29,106,3.1
2023,5,25,23,0,26.5,0,0,0,6,0,0,0,0,130.99,116,3.7
2023,5,26,0,0,26.400000000000002,0,0,0,6,0,0,0,0,133.91,122,3.3000000000000003
2023,5,26,1,0,26.400000000000002,0,0,0,3,0,0,0,0,132.33,136,2.7
2023,5,26,2,0,26.5,0,0,0,3,0,0,0,0,126.66,157,2.6
2023,5,26,3,0,26.700000000000003,0,0,0,7,0,0,0,0,118.02,171,3
2023,5,26,4,0,26.900000000000002,0,0,0,3,0,0,0,0,107.46000000000001,176,3.4000000000000004
2023,5,26,5,0,27,0,0,0,8,0,0,0,0,95.72,180,3.5
2023,5,26,6,0,27.5,35,305,72,9,23,0,7,23,83.11,185,3.6
2023,5,26,7,0,27.900000000000002,69,605,274,9,30,0,0,30,70.21000000000001,190,4
2023,5,26,8,0,28.1,87,745,494,6,11,0,0,11,56.95,194,4
2023,5,26,9,0,28.400000000000002,100,818,694,6,108,0,0,108,43.480000000000004,197,3.9000000000000004
2023,5,26,10,0,28.700000000000003,101,872,857,0,101,872,0,857,29.900000000000002,203,4
2023,5,26,11,0,29,107,893,964,0,107,893,0,964,16.36,210,4.2
2023,5,26,12,0,29.200000000000003,111,899,1007,1,111,899,0,1007,4.3500000000000005,216,4.5
2023,5,26,13,0,29.3,107,897,984,0,107,897,0,984,12.26,219,4.6000000000000005
2023,5,26,14,0,29.3,105,878,896,8,387,87,0,466,25.69,222,4.7
2023,5,26,15,0,29,99,841,750,7,292,242,0,479,39.28,223,4.800000000000001
2023,5,26,16,0,28.700000000000003,91,775,559,3,310,208,0,435,52.79,227,4.4
2023,5,26,17,0,28.3,76,658,343,0,76,658,0,343,66.12,233,3.7
2023,5,26,18,0,27.8,49,424,129,0,49,424,0,129,79.15,237,2.8000000000000003
2023,5,26,19,0,27.400000000000002,0,0,0,0,0,0,0,0,91.88,238,2.1
2023,5,26,20,0,27.200000000000003,0,0,0,0,0,0,0,0,103.87,235,1.7000000000000002
2023,5,26,21,0,27,0,0,0,3,0,0,0,0,114.84,226,1.3
2023,5,26,22,0,26.900000000000002,0,0,0,0,0,0,1,0,124.14,210,1.4000000000000001
2023,5,26,23,0,26.700000000000003,0,0,0,0,0,0,0,0,130.82,198,1.8
2023,5,27,0,0,26.6,0,0,0,7,0,0,0,0,133.73,197,2.3000000000000003
2023,5,27,1,0,26.6,0,0,0,3,0,0,0,0,132.17000000000002,198,2.7
2023,5,27,2,0,26.5,0,0,0,0,0,0,0,0,126.53,201,2.9000000000000004
2023,5,27,3,0,26.5,0,0,0,0,0,0,0,0,117.91,205,3
2023,5,27,4,0,26.6,0,0,0,0,0,0,0,0,107.38,209,3
2023,5,27,5,0,26.700000000000003,0,0,0,0,0,0,0,0,95.66,212,2.9000000000000004
2023,5,27,6,0,27.3,38,279,72,0,38,279,0,72,83.06,211,3.1
2023,5,27,7,0,27.700000000000003,78,572,272,0,78,572,0,272,70.18,211,3.2
2023,5,27,8,0,28,101,712,489,0,101,712,0,489,56.92,211,3.4000000000000004
2023,5,27,9,0,28.400000000000002,115,792,689,0,115,792,0,689,43.46,212,3.7
2023,5,27,10,0,28.8,110,861,856,3,383,389,0,720,29.88,212,4
2023,5,27,11,0,29.1,112,887,964,3,221,0,0,221,16.34,214,4
2023,5,27,12,0,29.400000000000002,112,898,1008,0,112,898,0,1008,4.22,219,4
2023,5,27,13,0,29.5,117,886,983,0,117,886,0,983,12.18,225,3.9000000000000004
2023,5,27,14,0,29.5,112,869,895,2,409,370,0,742,25.63,230,3.6
2023,5,27,15,0,29.400000000000002,104,835,751,2,363,316,0,608,39.21,234,3.2
2023,5,27,16,0,29.3,91,779,563,1,91,779,0,563,52.72,231,2.8000000000000003
2023,5,27,17,0,29.1,74,673,347,0,74,673,0,347,66.04,221,2.6
2023,5,27,18,0,28.900000000000002,47,450,133,3,89,15,7,92,79.06,208,2.5
2023,5,27,19,0,28.6,0,0,0,0,0,0,0,0,91.78,195,2.5
2023,5,27,20,0,28.400000000000002,0,0,0,8,0,0,0,0,103.76,186,2.9000000000000004
2023,5,27,21,0,28.3,0,0,0,0,0,0,0,0,114.7,180,3.2
2023,5,27,22,0,28.1,0,0,0,0,0,0,0,0,123.99000000000001,177,3.5
2023,5,27,23,0,27.900000000000002,0,0,0,0,0,0,0,0,130.66,176,3.7
2023,5,28,0,0,27.700000000000003,0,0,0,0,0,0,0,0,133.57,177,3.8000000000000003
2023,5,28,1,0,27.5,0,0,0,3,0,0,0,0,132.02,178,3.9000000000000004
2023,5,28,2,0,27.3,0,0,0,7,0,0,0,0,126.4,179,4
2023,5,28,3,0,27.3,0,0,0,3,0,0,0,0,117.81,181,4
2023,5,28,4,0,27.400000000000002,0,0,0,0,0,0,0,0,107.31,182,4
2023,5,28,5,0,27.6,0,0,0,0,0,0,0,0,95.60000000000001,186,3.9000000000000004
2023,5,28,6,0,28.3,40,251,70,1,40,251,0,70,83.02,190,4.1000000000000005
2023,5,28,7,0,28.8,79,562,270,0,79,562,0,270,70.15,196,4.2
2023,5,28,8,0,29.200000000000003,100,712,488,0,100,712,0,488,56.9,202,4.1000000000000005
2023,5,28,9,0,29.5,110,798,690,0,110,798,0,690,43.45,206,4
2023,5,28,10,0,29.700000000000003,108,861,855,0,108,861,0,855,29.87,207,3.7
2023,5,28,11,0,29.900000000000002,110,890,964,3,333,2,0,335,16.32,210,3.5
2023,5,28,12,0,30.1,111,900,1009,3,403,6,0,409,4.09,217,3.3000000000000003
2023,5,28,13,0,30.200000000000003,117,886,983,1,117,886,0,983,12.09,221,3.1
2023,5,28,14,0,30.200000000000003,113,868,897,2,457,165,0,606,25.560000000000002,223,2.9000000000000004
2023,5,28,15,0,30.1,107,833,752,2,379,100,0,457,39.15,224,2.6
2023,5,28,16,0,30,96,769,563,1,96,769,0,563,52.65,223,2.6
2023,5,28,17,0,29.8,82,648,346,0,82,648,0,346,65.96000000000001,219,2.6
2023,5,28,18,0,29.400000000000002,53,415,132,0,53,415,0,132,78.97,215,2.4000000000000004
2023,5,28,19,0,29,0,0,0,0,0,0,0,0,91.68,214,2.2
2023,5,28,20,0,28.8,0,0,0,0,0,0,0,0,103.64,213,2.2
2023,5,28,21,0,28.6,0,0,0,0,0,0,0,0,114.57000000000001,212,2.2
2023,5,28,22,0,28.400000000000002,0,0,0,0,0,0,0,0,123.84,216,2.2
2023,5,28,23,0,28.200000000000003,0,0,0,0,0,0,0,0,130.5,220,2.1
2023,5,29,0,0,28,0,0,0,1,0,0,0,0,133.41,221,2.1
2023,5,29,1,0,27.900000000000002,0,0,0,7,0,0,0,0,131.87,223,2.1
2023,5,29,2,0,27.700000000000003,0,0,0,7,0,0,0,0,126.28,225,2
2023,5,29,3,0,27.6,0,0,0,7,0,0,0,0,117.72,228,1.9000000000000001
2023,5,29,4,0,27.5,0,0,0,7,0,0,0,0,107.23,229,2
2023,5,29,5,0,27.5,0,0,0,1,0,0,0,0,95.55,229,2.2
2023,5,29,6,0,27.900000000000002,38,289,73,3,46,1,0,46,82.98,231,2.5
2023,5,29,7,0,28.200000000000003,77,580,274,0,77,580,0,274,70.12,232,2.6
2023,5,29,8,0,28.400000000000002,99,720,492,0,99,720,0,492,56.89,234,2.7
2023,5,29,9,0,28.700000000000003,112,800,692,9,170,2,0,171,43.44,235,2.8000000000000003
2023,5,29,10,0,28.900000000000002,125,838,852,5,283,1,0,284,29.87,242,2.8000000000000003
2023,5,29,11,0,29.200000000000003,129,864,958,4,292,1,0,293,16.31,254,2.8000000000000003
2023,5,29,12,0,29.400000000000002,134,870,1001,7,275,540,0,813,3.98,267,3
2023,5,29,13,0,29.3,162,824,968,8,298,5,0,303,12.02,280,3
2023,5,29,14,0,29.1,155,805,881,8,266,575,0,786,25.5,293,3
2023,5,29,15,0,29,144,764,737,7,293,39,0,323,39.08,302,3
2023,5,29,16,0,28.900000000000002,126,696,549,7,201,483,0,495,52.57,312,2.8000000000000003
2023,5,29,17,0,28.700000000000003,102,574,336,8,155,366,0,304,65.88,322,2.4000000000000004
2023,5,29,18,0,28.400000000000002,61,342,127,0,61,342,0,127,78.89,332,1.9000000000000001
2023,5,29,19,0,28.1,0,0,0,7,0,0,0,0,91.58,343,1.4000000000000001
2023,5,29,20,0,28.1,0,0,0,7,0,0,0,0,103.53,9,0.9
2023,5,29,21,0,28,0,0,0,7,0,0,0,0,114.45,62,0.7000000000000001
2023,5,29,22,0,28,0,0,0,0,0,0,0,0,123.7,96,0.6000000000000001
2023,5,29,23,0,28,0,0,0,0,0,0,0,0,130.35,118,0.7000000000000001
2023,5,30,0,0,27.900000000000002,0,0,0,3,0,0,0,0,133.25,131,0.7000000000000001
2023,5,30,1,0,27.8,0,0,0,3,0,0,0,0,131.73,137,0.8
2023,5,30,2,0,27.8,0,0,0,0,0,0,0,0,126.17,142,0.8
2023,5,30,3,0,27.700000000000003,0,0,0,7,0,0,0,0,117.63,140,0.7000000000000001
2023,5,30,4,0,27.700000000000003,0,0,0,8,0,0,0,0,107.17,137,0.6000000000000001
2023,5,30,5,0,27.700000000000003,0,0,0,7,0,0,0,0,95.5,137,0.4
2023,5,30,6,0,27.900000000000002,41,237,71,7,46,5,0,47,82.95,106,0.2
2023,5,30,7,0,28,90,516,266,7,153,62,0,173,70.10000000000001,58,0.30000000000000004
2023,5,30,8,0,28,121,658,480,7,177,509,0,456,56.870000000000005,73,0.4
2023,5,30,9,0,28.1,136,747,679,8,321,124,0,412,43.43,94,0.4
2023,5,30,10,0,28.200000000000003,148,796,838,7,375,183,0,534,29.87,106,0.4
2023,5,30,11,0,28.3,156,820,943,6,426,167,0,587,16.3,95,0.8
2023,5,30,12,0,28.400000000000002,158,831,987,9,47,0,1,47,3.87,99,0.8
2023,5,30,13,0,28.5,160,820,963,7,155,0,0,156,11.94,90,0.7000000000000001
2023,5,30,14,0,28.6,155,799,876,7,300,7,0,306,25.44,79,1.1
2023,5,30,15,0,28.6,147,753,732,7,345,130,0,446,39.02,64,1.5
2023,5,30,16,0,28.5,130,681,545,7,267,122,0,341,52.5,61,2.2
2023,5,30,17,0,28.400000000000002,107,550,332,7,180,139,0,236,65.81,69,2.6
2023,5,30,18,0,28.200000000000003,65,306,125,7,97,65,0,109,78.8,85,2.9000000000000004
2023,5,30,19,0,28,0,0,0,6,0,0,0,0,91.48,100,3.4000000000000004
2023,5,30,20,0,27.900000000000002,0,0,0,6,0,0,0,0,103.42,112,3.9000000000000004
2023,5,30,21,0,27.8,0,0,0,7,0,0,0,0,114.32000000000001,122,4.1000000000000005
2023,5,30,22,0,27.6,0,0,0,6,0,0,0,0,123.56,130,4.1000000000000005
2023,5,30,23,0,27.3,0,0,0,6,0,0,0,0,130.2,131,4.1000000000000005
2023,5,31,0,0,27,0,0,0,6,0,0,0,0,133.1,133,4.1000000000000005
2023,5,31,1,0,26.700000000000003,0,0,0,6,0,0,0,0,131.6,136,3.6
2023,5,31,2,0,26.3,0,0,0,7,0,0,0,0,126.06,134,3.1
2023,5,31,3,0,26,0,0,0,7,0,0,0,0,117.55,120,2.7
2023,5,31,4,0,25.900000000000002,0,0,0,7,0,0,0,0,107.11,107,2.6
2023,5,31,5,0,26,0,0,0,7,0,0,0,0,95.46000000000001,101,2.7
2023,5,31,6,0,26.3,43,207,68,7,62,31,0,66,82.92,95,3.1
2023,5,31,7,0,26.6,92,505,264,8,156,208,0,227,70.08,92,3.9000000000000004
2023,5,31,8,0,26.900000000000002,117,663,479,7,168,555,0,471,56.870000000000005,94,4.2
2023,5,31,9,0,27.1,129,757,679,7,331,233,0,500,43.43,99,3.8000000000000003
2023,5,31,10,0,27.3,135,812,839,6,97,0,0,97,29.87,111,3.1
2023,5,31,11,0,27.400000000000002,141,839,946,6,144,0,0,144,16.3,135,2.5
2023,5,31,12,0,27.5,144,847,989,7,419,33,0,452,3.77,162,2
2023,5,31,13,0,27.700000000000003,142,843,968,7,407,125,0,528,11.86,185,1.7000000000000002
2023,5,31,14,0,28,135,827,883,6,310,9,0,317,25.37,204,1.5
2023,5,31,15,0,28.200000000000003,125,791,741,6,243,8,0,249,38.95,207,1.5
2023,5,31,16,0,28.200000000000003,111,726,554,6,214,22,0,228,52.43,197,1.4000000000000001
2023,5,31,17,0,28.1,90,611,342,7,188,53,0,210,65.73,169,1.3
2023,5,31,18,0,27.900000000000002,56,392,132,7,12,0,0,12,78.71000000000001,149,1.6
2023,5,31,19,0,27.700000000000003,0,0,0,7,0,0,0,0,91.38,146,2.2
2023,5,31,20,0,27.700000000000003,0,0,0,6,0,0,0,0,103.31,145,2.7
2023,5,31,21,0,27.6,0,0,0,7,0,0,0,0,114.2,150,3.2
2023,5,31,22,0,27.5,0,0,0,6,0,0,0,0,123.43,161,3.6
2023,5,31,23,0,27.5,0,0,0,7,0,0,0,0,130.05,173,3.9000000000000004
2023,6,1,0,0,27.400000000000002,0,0,0,6,0,0,0,0,132.96,184,4
2023,6,1,1,0,27.3,0,0,0,6,0,0,0,0,131.48,193,4.1000000000000005
2023,6,1,2,0,27.3,0,0,0,8,0,0,0,0,125.96000000000001,200,4.1000000000000005
2023,6,1,3,0,27.200000000000003,0,0,0,8,0,0,0,0,117.47,205,4
2023,6,1,4,0,27.200000000000003,0,0,0,1,0,0,0,0,107.05,207,3.7
2023,6,1,5,0,27.200000000000003,0,0,0,0,0,0,0,0,95.42,210,3.5
2023,6,1,6,0,27.400000000000002,39,279,73,0,39,279,0,73,82.9,213,3.4000000000000004
2023,6,1,7,0,27.8,76,576,272,7,153,181,0,215,70.07000000000001,217,3.6
2023,6,1,8,0,27.900000000000002,97,716,489,7,214,320,0,389,56.86,226,3.7
2023,6,1,9,0,28.1,112,792,687,7,232,453,0,562,43.43,236,3.8000000000000003
2023,6,1,10,0,28.200000000000003,118,842,848,7,329,347,0,630,29.87,242,4
2023,6,1,11,0,28.400000000000002,123,866,955,6,419,56,0,473,16.3,244,4.1000000000000005
2023,6,1,12,0,28.6,124,876,998,6,430,41,0,471,3.68,246,4
2023,6,1,13,0,28.700000000000003,122,874,977,7,286,472,0,748,11.790000000000001,247,3.9000000000000004
2023,6,1,14,0,28.700000000000003,117,857,892,6,412,117,0,518,25.310000000000002,248,3.7
2023,6,1,15,0,28.6,109,822,749,7,315,237,0,500,38.89,248,3.4000000000000004
2023,6,1,16,0,28.400000000000002,97,760,561,7,257,102,0,320,52.36,251,3.2
2023,6,1,17,0,28.1,79,652,348,7,171,247,0,273,65.65,255,3
2023,6,1,18,0,27.700000000000003,51,435,136,7,72,12,7,74,78.63,257,2.7
2023,6,1,19,0,27.5,0,0,0,0,0,0,0,0,91.29,254,2.5
2023,6,1,20,0,27.400000000000002,0,0,0,7,0,0,0,0,103.21000000000001,247,2.4000000000000004
2023,6,1,21,0,27.3,0,0,0,7,0,0,0,0,114.08,237,2.3000000000000003
2023,6,1,22,0,27.200000000000003,0,0,0,7,0,0,0,0,123.3,225,2.4000000000000004
2023,6,1,23,0,27.200000000000003,0,0,0,7,0,0,0,0,129.92000000000002,214,2.6
2023,6,2,0,0,27.200000000000003,0,0,0,7,0,0,0,0,132.83,208,2.8000000000000003
2023,6,2,1,0,27.1,0,0,0,7,0,0,0,0,131.36,209,3
2023,6,2,2,0,27.1,0,0,0,8,0,0,0,0,125.86,211,3
2023,6,2,3,0,27.1,0,0,0,7,0,0,0,0,117.4,214,2.8000000000000003
2023,6,2,4,0,27.1,0,0,0,7,0,0,0,0,107,219,2.5
2023,6,2,5,0,27.1,0,0,0,7,0,0,0,0,95.38,223,2.2
2023,6,2,6,0,27.3,37,305,74,7,3,0,0,3,82.87,231,2
2023,6,2,7,0,27.5,71,597,274,7,44,0,0,44,70.06,241,2.3000000000000003
2023,6,2,8,0,27.5,90,734,491,7,218,54,0,247,56.86,250,2.3000000000000003
2023,6,2,9,0,27.700000000000003,101,810,689,7,139,1,0,140,43.43,256,2.1
2023,6,2,10,0,27.900000000000002,116,841,846,7,245,4,0,248,29.88,259,1.6
2023,6,2,11,0,28.1,122,865,952,4,441,48,0,487,16.3,264,1.2000000000000002
2023,6,2,12,0,28.200000000000003,125,873,996,3,193,0,0,193,3.6,277,0.9
2023,6,2,13,0,28.200000000000003,135,854,971,3,228,0,0,228,11.72,308,0.8
2023,6,2,14,0,28.3,128,838,886,3,444,290,0,707,25.25,342,0.8
2023,6,2,15,0,28.200000000000003,117,806,746,0,117,806,0,746,38.82,6,1
2023,6,2,16,0,28.200000000000003,101,751,560,0,101,751,0,560,52.300000000000004,10,1.2000000000000002
2023,6,2,17,0,28.200000000000003,81,649,349,0,81,649,0,349,65.58,5,1.5
2023,6,2,18,0,28,51,437,138,3,35,0,0,35,78.55,3,1.8
2023,6,2,19,0,27.700000000000003,0,0,0,0,0,0,0,0,91.2,8,2
2023,6,2,20,0,27.6,0,0,0,0,0,0,0,0,103.11,18,2.4000000000000004
2023,6,2,21,0,27.400000000000002,0,0,0,7,0,0,0,0,113.97,27,2.9000000000000004
2023,6,2,22,0,27.200000000000003,0,0,0,0,0,0,0,0,123.17,39,3.1
2023,6,2,23,0,27.1,0,0,0,0,0,0,0,0,129.78,54,2.3000000000000003
2023,6,3,0,0,27.1,0,0,0,0,0,0,0,0,132.7,145,0.6000000000000001
2023,6,3,1,0,27,0,0,0,0,0,0,0,0,131.24,322,0.2
2023,6,3,2,0,26.900000000000002,0,0,0,0,0,0,0,0,125.77,302,1.3
2023,6,3,3,0,26.900000000000002,0,0,0,0,0,0,0,0,117.33,284,2.6
2023,6,3,4,0,27,0,0,0,0,0,0,0,0,106.95,288,2.9000000000000004
2023,6,3,5,0,27.1,0,0,0,0,0,0,0,0,95.35000000000001,299,2.8000000000000003
2023,6,3,6,0,27.5,35,336,77,0,35,336,0,77,82.86,311,2.8000000000000003
2023,6,3,7,0,27.900000000000002,65,634,281,0,65,634,0,281,70.05,318,2.9000000000000004
2023,6,3,8,0,28.1,80,768,500,0,80,768,0,500,56.86,320,2.7
2023,6,3,9,0,28.3,89,842,700,1,89,842,0,700,43.44,319,2.5
2023,6,3,10,0,28.6,91,890,862,2,266,630,0,812,29.89,315,2.1
2023,6,3,11,0,28.900000000000002,94,913,969,3,443,63,0,504,16.31,305,1.7000000000000002
2023,6,3,12,0,29.200000000000003,94,923,1014,3,295,1,0,296,3.54,287,1.5
2023,6,3,13,0,29.400000000000002,97,913,991,3,455,60,0,514,11.65,272,1.5
2023,6,3,14,0,29.5,94,896,905,3,448,153,0,586,25.19,263,1.6
2023,6,3,15,0,29.5,89,861,761,3,134,0,0,134,38.76,257,1.5
2023,6,3,16,0,29.5,82,800,572,4,26,0,0,26,52.230000000000004,249,1.4000000000000001
2023,6,3,17,0,29.3,69,694,357,1,69,694,0,357,65.5,229,1.1
2023,6,3,18,0,29.200000000000003,45,488,143,8,64,6,0,65,78.47,202,1.1
2023,6,3,19,0,29,0,0,0,0,0,0,0,0,91.11,198,1.3
2023,6,3,20,0,28.8,0,0,0,0,0,0,0,0,103.01,192,1.4000000000000001
2023,6,3,21,0,28.700000000000003,0,0,0,0,0,0,0,0,113.86,179,1.6
2023,6,3,22,0,28.400000000000002,0,0,0,0,0,0,0,0,123.05,173,1.9000000000000001
2023,6,3,23,0,28.200000000000003,0,0,0,0,0,0,0,0,129.66,176,2.3000000000000003
2023,6,4,0,0,27.900000000000002,0,0,0,0,0,0,0,0,132.57,178,2.7
2023,6,4,1,0,27.700000000000003,0,0,0,7,0,0,0,0,131.14000000000001,182,2.9000000000000004
2023,6,4,2,0,27.6,0,0,0,6,0,0,0,0,125.69,187,3.1
2023,6,4,3,0,27.5,0,0,0,7,0,0,0,0,117.27,191,3.1
2023,6,4,4,0,27.400000000000002,0,0,0,7,0,0,0,0,106.91,194,3.3000000000000003
2023,6,4,5,0,27.3,0,0,0,7,0,0,0,0,95.32000000000001,198,3.7
2023,6,4,6,0,27.8,39,276,73,7,31,1,0,31,82.84,204,4.7
2023,6,4,7,0,27.900000000000002,75,579,273,7,89,4,0,91,70.05,209,5.6000000000000005
2023,6,4,8,0,28,94,725,490,7,184,17,0,193,56.86,213,6.2
2023,6,4,9,0,28.1,107,802,689,7,262,18,0,275,43.45,215,6.5
2023,6,4,10,0,28.200000000000003,120,839,847,7,351,164,0,493,29.91,216,6.300000000000001
2023,6,4,11,0,28.400000000000002,123,867,955,8,397,44,0,440,16.32,215,5.800000000000001
2023,6,4,12,0,28.5,125,875,999,7,443,53,0,496,3.47,217,5.4
2023,6,4,13,0,28.700000000000003,130,862,974,0,130,862,0,974,11.58,219,4.9
2023,6,4,14,0,28.8,130,835,887,6,38,0,0,38,25.12,224,4.4
2023,6,4,15,0,28.900000000000002,126,789,742,9,25,0,0,25,38.7,231,3.8000000000000003
2023,6,4,16,0,28.900000000000002,117,713,554,0,117,713,0,554,52.160000000000004,237,3.3000000000000003
2023,6,4,17,0,28.8,97,589,342,0,97,589,0,342,65.43,241,2.9000000000000004
2023,6,4,18,0,28.5,63,345,133,0,63,345,0,133,78.39,245,2.2
2023,6,4,19,0,28.3,0,0,0,0,0,0,0,0,91.02,253,1.8
2023,6,4,20,0,28.1,0,0,0,0,0,0,0,0,102.91,259,1.6
2023,6,4,21,0,28,0,0,0,0,0,0,0,0,113.75,268,1.8
2023,6,4,22,0,27.8,0,0,0,0,0,0,0,0,122.93,283,2.4000000000000004
2023,6,4,23,0,27.6,0,0,0,0,0,0,0,0,129.53,292,3.4000000000000004
2023,6,5,0,0,27.400000000000002,0,0,0,0,0,0,0,0,132.46,294,4.1000000000000005
2023,6,5,1,0,27.200000000000003,0,0,0,0,0,0,0,0,131.03,292,4.5
2023,6,5,2,0,27.1,0,0,0,0,0,0,0,0,125.61,290,4.6000000000000005
2023,6,5,3,0,27,0,0,0,0,0,0,0,0,117.22,288,4.5
2023,6,5,4,0,26.900000000000002,0,0,0,0,0,0,0,0,106.87,288,4.4
2023,6,5,5,0,27,0,0,0,0,0,0,0,0,95.3,287,4.3
2023,6,5,6,0,27.5,37,320,77,0,37,320,0,77,82.83,286,4.5
2023,6,5,7,0,27.700000000000003,70,613,279,0,70,613,0,279,70.05,284,4.5
2023,6,5,8,0,27.900000000000002,88,750,498,0,88,750,0,498,56.870000000000005,281,4.4
2023,6,5,9,0,28.200000000000003,99,825,698,0,99,825,0,698,43.47,278,4.4
2023,6,5,10,0,28.400000000000002,95,886,863,0,95,886,0,863,29.92,278,4.3
2023,6,5,11,0,28.8,100,908,971,1,100,908,0,971,16.34,282,4.1000000000000005
2023,6,5,12,0,29.1,104,913,1015,3,265,1,0,266,3.42,286,4.1000000000000005
2023,6,5,13,0,29.3,110,899,991,0,110,899,0,991,11.52,290,4
2023,6,5,14,0,29.200000000000003,106,882,905,0,106,882,0,905,25.060000000000002,296,3.8000000000000003
2023,6,5,15,0,29.1,100,846,761,0,100,846,0,761,38.63,304,3.5
2023,6,5,16,0,28.900000000000002,90,786,573,0,90,786,0,573,52.09,314,3.3000000000000003
2023,6,5,17,0,28.6,76,674,357,0,76,674,0,357,65.36,324,3.1
2023,6,5,18,0,28.200000000000003,52,452,143,0,52,452,0,143,78.31,335,2.7
2023,6,5,19,0,27.900000000000002,0,0,0,0,0,0,0,0,90.93,346,2.4000000000000004
2023,6,5,20,0,27.8,0,0,0,0,0,0,0,0,102.81,357,2.3000000000000003
2023,6,5,21,0,27.700000000000003,0,0,0,0,0,0,0,0,113.65,5,2.2
2023,6,5,22,0,27.6,0,0,0,7,0,0,0,0,122.82000000000001,11,2
2023,6,5,23,0,27.5,0,0,0,7,0,0,0,0,129.42000000000002,13,1.8
2023,6,6,0,0,27.400000000000002,0,0,0,7,0,0,0,0,132.35,17,1.8
2023,6,6,1,0,27.3,0,0,0,7,0,0,0,0,130.94,23,1.8
2023,6,6,2,0,27.3,0,0,0,7,0,0,0,0,125.54,28,1.8
2023,6,6,3,0,27.3,0,0,0,7,0,0,0,0,117.17,34,1.7000000000000002
2023,6,6,4,0,27.200000000000003,0,0,0,7,0,0,0,0,106.84,39,1.7000000000000002
2023,6,6,5,0,27.1,0,0,0,7,0,0,0,0,95.28,45,1.9000000000000001
2023,6,6,6,0,27.200000000000003,40,274,74,8,50,9,0,52,82.83,41,1.9000000000000001
2023,6,6,7,0,27.3,76,575,273,7,108,9,0,111,70.05,39,2
2023,6,6,8,0,27.3,97,718,489,6,176,13,0,183,56.88,39,2.2
2023,6,6,9,0,27.400000000000002,111,794,687,7,297,271,0,494,43.480000000000004,42,2.2
2023,6,6,10,0,27.5,124,833,845,1,124,833,0,845,29.94,51,2.4000000000000004
2023,6,6,11,0,27.700000000000003,135,849,949,0,135,849,0,949,16.36,61,2.7
2023,6,6,12,0,27.900000000000002,142,852,992,7,418,141,0,558,3.38,69,3
2023,6,6,13,0,28.1,145,842,970,7,368,314,0,676,11.450000000000001,76,3
2023,6,6,14,0,28.200000000000003,141,819,883,6,259,3,0,262,25,84,2.9000000000000004
2023,6,6,15,0,28.3,132,780,742,6,320,43,0,354,38.57,94,2.9000000000000004
2023,6,6,16,0,28.3,117,714,557,6,43,0,0,43,52.03,102,2.8000000000000003
2023,6,6,17,0,28.200000000000003,95,599,346,6,7,0,0,7,65.29,107,2.9000000000000004
2023,6,6,18,0,28,60,376,137,7,78,8,0,79,78.23,112,3
2023,6,6,19,0,27.8,0,0,0,7,0,0,0,0,90.85000000000001,117,3.1
2023,6,6,20,0,27.8,0,0,0,7,0,0,0,0,102.72,124,3.3000000000000003
2023,6,6,21,0,27.8,0,0,0,7,0,0,0,0,113.55,130,3.3000000000000003
2023,6,6,22,0,27.700000000000003,0,0,0,7,0,0,0,0,122.71000000000001,137,3.5
2023,6,6,23,0,27.6,0,0,0,8,0,0,0,0,129.31,148,3.7
2023,6,7,0,0,27.5,0,0,0,7,0,0,0,0,132.24,158,3.9000000000000004
2023,6,7,1,0,27.400000000000002,0,0,0,7,0,0,0,0,130.85,167,4
2023,6,7,2,0,27.3,0,0,0,6,0,0,0,0,125.47,175,4.1000000000000005
2023,6,7,3,0,27.3,0,0,0,7,0,0,0,0,117.12,182,4.2
2023,6,7,4,0,27.3,0,0,0,7,0,0,0,0,106.82000000000001,188,4.4
2023,6,7,5,0,27.400000000000002,0,0,0,7,0,0,0,0,95.27,192,4.6000000000000005
2023,6,7,6,0,27.700000000000003,44,215,70,7,48,5,7,48,82.83,193,5
2023,6,7,7,0,28,89,520,266,6,95,5,0,97,70.05,191,5.5
2023,6,7,8,0,28.200000000000003,111,680,482,6,37,0,0,37,56.89,191,5.800000000000001
2023,6,7,9,0,28.400000000000002,126,763,680,6,68,0,0,68,43.5,191,6.1000000000000005
2023,6,7,10,0,28.5,148,793,835,7,70,0,0,70,29.97,190,6.300000000000001
2023,6,7,11,0,28.700000000000003,150,826,943,7,325,15,0,340,16.38,192,6.4
2023,6,7,12,0,29,150,840,989,8,157,1,0,157,3.35,197,6.4
2023,6,7,13,0,29.200000000000003,130,862,975,7,117,0,0,117,11.39,201,6.4
2023,6,7,14,0,29.200000000000003,127,842,890,7,314,9,0,323,24.94,204,6.300000000000001
2023,6,7,15,0,29.200000000000003,120,803,748,0,120,803,0,748,38.51,207,6.300000000000001
2023,6,7,16,0,29,106,741,563,0,106,741,0,563,51.96,207,6.2
2023,6,7,17,0,28.700000000000003,87,629,351,0,87,629,0,351,65.21000000000001,205,6
2023,6,7,18,0,28.3,57,407,140,0,57,407,0,140,78.15,201,5.6000000000000005
2023,6,7,19,0,28,0,0,0,0,0,0,0,0,90.19,197,5.5
2023,6,7,20,0,27.8,0,0,0,0,0,0,0,0,102.63,193,5.5
2023,6,7,21,0,27.700000000000003,0,0,0,0,0,0,0,0,113.45,190,5.6000000000000005
2023,6,7,22,0,27.6,0,0,0,0,0,0,0,0,122.61,190,5.7
2023,6,7,23,0,27.5,0,0,0,0,0,0,0,0,129.2,191,5.7
2023,6,8,0,0,27.5,0,0,0,0,0,0,0,0,132.14000000000001,194,5.7
2023,6,8,1,0,27.6,0,0,0,0,0,0,0,0,130.77,198,5.6000000000000005
2023,6,8,2,0,27.700000000000003,0,0,0,7,0,0,0,0,125.41,203,5.5
2023,6,8,3,0,27.8,0,0,0,7,0,0,0,0,117.08,209,5.4
2023,6,8,4,0,27.8,0,0,0,7,0,0,0,0,106.79,211,5.2
2023,6,8,5,0,27.900000000000002,0,0,0,8,0,0,0,0,95.26,211,5.2
2023,6,8,6,0,28.1,42,225,71,7,38,1,0,39,82.83,210,5.4
2023,6,8,7,0,28.400000000000002,87,522,265,7,44,0,0,44,70.06,209,5.800000000000001
2023,6,8,8,0,28.6,112,670,478,8,173,501,0,447,56.910000000000004,208,6.1000000000000005
2023,6,8,9,0,28.8,129,753,675,7,194,567,0,605,43.52,208,6.300000000000001
2023,6,8,10,0,28.900000000000002,103,862,849,1,103,862,0,849,29.990000000000002,209,6.2
2023,6,8,11,0,29.200000000000003,106,886,956,0,106,886,0,956,16.41,209,5.9
2023,6,8,12,0,29.3,109,892,1000,0,109,892,0,1000,3.3200000000000003,210,5.800000000000001
2023,6,8,13,0,29.400000000000002,120,873,976,3,477,167,0,640,11.32,211,5.5
2023,6,8,14,0,29.3,119,849,890,3,407,31,0,435,24.88,209,5.300000000000001
2023,6,8,15,0,29.200000000000003,115,807,747,7,297,329,0,555,38.45,207,5.1000000000000005
2023,6,8,16,0,29,107,734,560,7,255,55,0,289,51.89,205,5
2023,6,8,17,0,28.700000000000003,91,611,348,7,130,17,0,137,65.15,202,4.9
2023,6,8,18,0,28.400000000000002,60,385,139,7,95,65,0,109,78.08,197,4.800000000000001
2023,6,8,19,0,28.200000000000003,0,0,0,7,0,0,0,0,90.13,194,4.9
2023,6,8,20,0,28.1,0,0,0,7,0,0,0,0,102.54,195,5.2
2023,6,8,21,0,28,0,0,0,7,0,0,0,0,113.36,198,5.300000000000001
2023,6,8,22,0,28,0,0,0,7,0,0,0,0,122.51,202,5.4
2023,6,8,23,0,28,0,0,0,7,0,0,0,0,129.11,205,5.6000000000000005
2023,6,9,0,0,27.900000000000002,0,0,0,6,0,0,0,0,132.05,206,5.800000000000001
2023,6,9,1,0,27.900000000000002,0,0,0,6,0,0,0,0,130.7,207,6
2023,6,9,2,0,27.8,0,0,0,7,0,0,0,0,125.36,208,6.1000000000000005
2023,6,9,3,0,27.8,0,0,0,7,0,0,0,0,117.05,210,6.2
2023,6,9,4,0,27.900000000000002,0,0,0,8,0,0,0,0,106.78,209,5.9
2023,6,9,5,0,27.900000000000002,0,0,0,8,0,0,0,0,95.26,206,5.6000000000000005
2023,6,9,6,0,28.1,45,184,68,7,55,6,0,56,82.83,202,5.800000000000001
2023,6,9,7,0,28.3,94,489,261,7,94,489,5,261,70.08,198,6.2
2023,6,9,8,0,28.5,121,645,473,7,209,327,0,388,56.93,197,6.7
2023,6,9,9,0,28.700000000000003,135,740,671,7,318,184,0,452,43.550000000000004,197,7.1000000000000005
2023,6,9,10,0,28.900000000000002,144,793,831,7,206,578,0,706,30.02,199,7.4
2023,6,9,11,0,28.900000000000002,146,827,940,7,407,74,0,478,16.43,201,7.4
2023,6,9,12,0,29,148,839,985,7,424,197,0,620,3.3000000000000003,202,7.4
2023,6,9,13,0,28.900000000000002,134,853,970,7,396,249,0,641,11.26,203,7.2
2023,6,9,14,0,28.8,132,830,885,7,210,589,0,745,24.830000000000002,203,6.9
2023,6,9,15,0,28.6,124,792,745,6,160,1,0,161,38.39,202,6.5
2023,6,9,16,0,28.5,112,726,560,6,76,0,0,76,51.83,201,6.2
2023,6,9,17,0,28.400000000000002,91,615,350,7,34,0,0,34,65.08,201,5.800000000000001
2023,6,9,18,0,28.200000000000003,59,394,141,8,74,11,0,77,78.01,200,5.300000000000001
2023,6,9,19,0,28.1,0,0,0,7,0,0,0,0,90.06,197,5
2023,6,9,20,0,28,0,0,0,8,0,0,0,0,102.46000000000001,195,4.9
2023,6,9,21,0,28,0,0,0,7,0,0,0,0,113.27,194,4.9
2023,6,9,22,0,28,0,0,0,7,0,0,0,0,122.42,196,5.1000000000000005
2023,6,9,23,0,28,0,0,0,7,0,0,0,0,129.01,200,5.300000000000001
2023,6,10,0,0,28.1,0,0,0,7,0,0,0,0,131.97,205,5.6000000000000005
2023,6,10,1,0,28.1,0,0,0,7,0,0,0,0,130.63,210,5.800000000000001
2023,6,10,2,0,28.1,0,0,0,0,0,0,0,0,125.31,216,5.9
2023,6,10,3,0,28.1,0,0,0,0,0,0,0,0,117.02,224,5.7
2023,6,10,4,0,28.1,0,0,0,2,0,0,0,0,106.76,231,5.1000000000000005
2023,6,10,5,0,28.1,0,0,0,2,0,0,0,0,95.26,237,4.4
2023,6,10,6,0,28.400000000000002,46,164,67,1,46,164,1,67,82.84,239,4
2023,6,10,7,0,28.6,99,465,258,0,99,465,0,258,70.09,236,3.7
2023,6,10,8,0,28.8,129,624,470,0,129,624,0,470,56.95,227,3.4000000000000004
2023,6,10,9,0,29.1,150,712,665,3,372,93,0,439,43.57,216,3.4000000000000004
2023,6,10,10,0,29.3,108,850,845,3,423,132,0,537,30.05,206,3.5
2023,6,10,11,0,29.5,118,868,950,0,118,868,0,950,16.46,200,3.6
2023,6,10,12,0,29.6,123,873,995,1,123,873,0,995,3.29,199,3.7
2023,6,10,13,0,29.700000000000003,121,871,976,1,121,871,0,976,11.200000000000001,201,3.5
2023,6,10,14,0,29.700000000000003,118,853,892,0,118,853,0,892,24.77,205,3.2
2023,6,10,15,0,29.700000000000003,110,819,752,1,110,819,0,752,38.33,209,2.8000000000000003
2023,6,10,16,0,29.6,101,753,567,3,95,0,0,95,51.77,213,2.4000000000000004
2023,6,10,17,0,29.400000000000002,83,646,356,0,83,646,0,356,65.01,213,2.2
2023,6,10,18,0,29,55,431,145,0,55,431,0,145,77.94,209,2
2023,6,10,19,0,28.700000000000003,0,0,0,8,0,0,0,0,90,201,1.7000000000000002
2023,6,10,20,0,28.5,0,0,0,8,0,0,0,0,102.38,196,1.5
2023,6,10,21,0,28.400000000000002,0,0,0,2,0,0,0,0,113.18,198,0.9
2023,6,10,22,0,28.200000000000003,0,0,0,0,0,0,0,0,122.33,192,0.5
2023,6,10,23,0,28,0,0,0,0,0,0,0,0,128.93,164,1.9000000000000001
2023,6,11,0,0,28,0,0,0,0,0,0,0,0,131.89000000000001,161,3.5
2023,6,11,1,0,27.8,0,0,0,0,0,0,0,0,130.57,166,3.8000000000000003
2023,6,11,2,0,27.700000000000003,0,0,0,1,0,0,0,0,125.27,171,3.5
2023,6,11,3,0,27.5,0,0,0,0,0,0,0,0,117,170,3
2023,6,11,4,0,27.400000000000002,0,0,0,1,0,0,0,0,106.75,165,2.5
2023,6,11,5,0,27.400000000000002,0,0,0,3,0,0,0,0,95.26,156,2.1
2023,6,11,6,0,27.700000000000003,41,255,72,0,41,255,0,72,82.85000000000001,148,1.7000000000000002
2023,6,11,7,0,27.900000000000002,79,558,269,0,79,558,0,269,70.11,159,0.8
2023,6,11,8,0,28.3,96,718,487,0,96,718,0,487,56.980000000000004,263,0.6000000000000001
2023,6,11,9,0,28.8,103,807,688,0,103,807,0,688,43.6,270,1.3
2023,6,11,10,0,29.1,111,851,847,3,429,136,0,547,30.080000000000002,249,1.8
2023,6,11,11,0,29.200000000000003,113,878,955,3,474,173,0,640,16.5,228,2.5
2023,6,11,12,0,29.3,115,886,999,7,322,6,0,328,3.29,215,3.2
2023,6,11,13,0,29.3,116,878,978,6,211,1,0,212,11.14,205,3.9000000000000004
2023,6,11,14,0,29.200000000000003,115,856,893,8,389,162,0,537,24.71,199,4.3
2023,6,11,15,0,29,111,814,750,8,315,49,0,354,38.27,194,4.6000000000000005
2023,6,11,16,0,29,102,747,565,0,102,747,0,565,51.7,190,4.800000000000001
2023,6,11,17,0,28.900000000000002,85,635,354,7,171,25,0,181,64.94,188,4.9
2023,6,11,18,0,28.700000000000003,57,417,144,6,3,0,0,3,77.87,186,4.9
2023,6,11,19,0,28.6,0,0,0,6,0,0,7,0,89.93,185,4.800000000000001
2023,6,11,20,0,28.5,0,0,0,7,0,0,0,0,102.3,183,5
2023,6,11,21,0,28.400000000000002,0,0,0,4,0,0,0,0,113.10000000000001,182,5.2
2023,6,11,22,0,28.3,0,0,0,7,0,0,0,0,122.25,180,5.4
2023,6,11,23,0,28.200000000000003,0,0,0,7,0,0,0,0,128.85,178,5.6000000000000005
2023,6,12,0,0,28,0,0,0,7,0,0,0,0,131.82,177,5.7
2023,6,12,1,0,27.900000000000002,0,0,0,7,0,0,0,0,130.52,177,5.7
2023,6,12,2,0,27.8,0,0,0,7,0,0,0,0,125.24000000000001,179,5.5
2023,6,12,3,0,27.700000000000003,0,0,0,7,0,0,0,0,116.98,180,5.2
2023,6,12,4,0,27.700000000000003,0,0,0,7,0,0,0,0,106.75,183,4.9
2023,6,12,5,0,27.900000000000002,0,0,0,8,0,0,0,0,95.27,186,4.6000000000000005
2023,6,12,6,0,28.200000000000003,41,242,71,4,29,0,0,29,82.87,189,4.4
2023,6,12,7,0,28.6,83,535,264,8,142,247,0,226,70.14,191,4.5
2023,6,12,8,0,28.8,107,678,477,0,107,678,0,477,57,195,4.6000000000000005
2023,6,12,9,0,28.900000000000002,123,759,672,3,348,280,0,551,43.64,201,4.7
2023,6,12,10,0,28.900000000000002,131,809,831,0,131,809,0,831,30.12,205,5
2023,6,12,11,0,28.6,138,834,937,7,285,469,0,735,16.53,203,5.1000000000000005
2023,6,12,12,0,28.200000000000003,140,845,983,7,415,154,0,569,3.29,199,4.800000000000001
2023,6,12,13,0,27.8,143,835,962,7,365,14,0,379,11.08,193,4.6000000000000005
2023,6,12,14,0,27.400000000000002,152,794,874,9,37,0,0,37,24.650000000000002,192,4.5
2023,6,12,15,0,27.1,159,723,728,9,21,0,0,21,38.21,190,4.3
2023,6,12,16,0,27,152,628,542,6,36,0,0,36,51.64,184,4
2023,6,12,17,0,27,122,504,336,7,196,77,0,229,64.88,171,3.5
2023,6,12,18,0,27,72,300,136,7,98,19,0,102,77.8,159,3.2
2023,6,12,19,0,27.1,0,0,0,6,0,0,7,0,89.87,152,2.9000000000000004
2023,6,12,20,0,27.200000000000003,0,0,0,6,0,0,0,0,102.23,149,2.5
2023,6,12,21,0,27.200000000000003,0,0,0,6,0,0,0,0,113.02,147,2.3000000000000003
2023,6,12,22,0,27.3,0,0,0,6,0,0,0,0,122.17,155,2.4000000000000004
2023,6,12,23,0,27.3,0,0,0,7,0,0,0,0,128.77,168,2.7
2023,6,13,0,0,27.3,0,0,0,7,0,0,0,0,131.76,179,2.9000000000000004
2023,6,13,1,0,27.3,0,0,0,7,0,0,0,0,130.47,185,3.1
2023,6,13,2,0,27.400000000000002,0,0,0,7,0,0,0,0,125.21000000000001,186,3.2
2023,6,13,3,0,27.400000000000002,0,0,0,7,0,0,0,0,116.97,186,3.3000000000000003
2023,6,13,4,0,27.400000000000002,0,0,0,7,0,0,0,0,106.75,185,3.1
2023,6,13,5,0,27.5,0,0,0,7,0,0,0,0,95.28,181,2.9000000000000004
2023,6,13,6,0,27.8,39,269,72,8,59,36,0,64,82.89,177,2.7
2023,6,13,7,0,28,75,569,268,8,117,424,0,260,70.16,173,2.8000000000000003
2023,6,13,8,0,28.1,95,713,483,0,95,713,0,483,57.04,169,2.9000000000000004
2023,6,13,9,0,28.200000000000003,107,794,681,0,107,794,0,681,43.67,166,2.8000000000000003
2023,6,13,10,0,28.400000000000002,108,851,844,0,108,851,0,844,30.16,164,2.9000000000000004
2023,6,13,11,0,28.700000000000003,111,877,952,0,111,877,0,952,16.57,162,3
2023,6,13,12,0,28.900000000000002,111,889,999,2,496,213,0,709,3.3000000000000003,158,3.1
2023,6,13,13,0,29.1,114,882,980,8,39,0,0,39,11.02,154,3.1
2023,6,13,14,0,29.3,110,866,897,6,302,8,0,309,24.59,152,3.1
2023,6,13,15,0,29.3,103,832,757,0,103,832,0,757,38.15,149,3.1
2023,6,13,16,0,29.3,92,773,573,0,92,773,0,573,51.58,149,3
2023,6,13,17,0,29.1,77,670,362,0,77,670,0,362,64.82000000000001,148,2.9000000000000004
2023,6,13,18,0,28.900000000000002,52,461,150,1,52,461,0,150,77.73,147,2.8000000000000003
2023,6,13,19,0,28.6,0,0,0,0,0,0,0,0,89.82000000000001,146,2.8000000000000003
2023,6,13,20,0,28.5,0,0,0,0,0,0,0,0,102.16,148,3.1
2023,6,13,21,0,28.3,0,0,0,7,0,0,0,0,112.95,152,3.3000000000000003
2023,6,13,22,0,28.200000000000003,0,0,0,3,0,0,0,0,122.10000000000001,157,3.5
2023,6,13,23,0,28,0,0,0,0,0,0,0,0,128.7,160,3.6
2023,6,14,0,0,27.8,0,0,0,0,0,0,0,0,131.7,163,3.6
2023,6,14,1,0,27.700000000000003,0,0,0,0,0,0,0,0,130.43,166,3.4000000000000004
2023,6,14,2,0,27.5,0,0,0,0,0,0,0,0,125.19,166,3.2
2023,6,14,3,0,27.400000000000002,0,0,0,0,0,0,0,0,116.96000000000001,165,3
2023,6,14,4,0,27.400000000000002,0,0,0,8,0,0,0,0,106.76,165,2.8000000000000003
2023,6,14,5,0,27.400000000000002,0,0,0,8,0,0,0,0,95.29,165,2.7
2023,6,14,6,0,27.8,34,354,78,0,34,354,0,78,82.91,165,2.7
2023,6,14,7,0,28.200000000000003,63,643,281,0,63,643,0,281,70.19,165,2.9000000000000004
2023,6,14,8,0,28.5,79,775,500,0,79,775,0,500,57.07,164,2.8000000000000003
2023,6,14,9,0,29,88,847,700,0,88,847,0,700,43.71,164,2.7
2023,6,14,10,0,29.6,95,887,862,0,95,887,0,862,30.19,162,2.5
2023,6,14,11,0,30.1,99,910,971,0,99,910,0,971,16.61,155,2.3000000000000003
2023,6,14,12,0,30.400000000000002,99,919,1016,0,99,919,0,1016,3.31,149,2.3000000000000003
2023,6,14,13,0,30.6,99,915,997,0,99,915,0,997,10.96,143,2.1
2023,6,14,14,0,30.700000000000003,95,898,912,7,272,477,0,706,24.54,137,1.9000000000000001
2023,6,14,15,0,30.700000000000003,90,867,772,6,32,0,0,32,38.09,128,1.8
2023,6,14,16,0,30.5,81,811,585,2,264,374,0,497,51.52,118,1.7000000000000002
2023,6,14,17,0,30.3,67,715,372,0,67,715,0,372,64.75,111,1.9000000000000001
2023,6,14,18,0,29.8,46,519,157,0,46,519,0,157,77.67,110,2.3000000000000003
2023,6,14,19,0,29.3,0,0,0,0,0,0,0,0,89.76,115,2.8000000000000003
2023,6,14,20,0,28.900000000000002,0,0,0,0,0,0,0,0,102.09,122,3.5
2023,6,14,21,0,28.5,0,0,0,0,0,0,0,0,112.88,131,4.1000000000000005
2023,6,14,22,0,28.3,0,0,0,7,0,0,0,0,122.03,137,4.2
2023,6,14,23,0,28.1,0,0,0,7,0,0,0,0,128.64000000000001,143,4.1000000000000005
2023,6,15,0,0,27.900000000000002,0,0,0,8,0,0,0,0,131.65,149,3.8000000000000003
2023,6,15,1,0,27.8,0,0,0,8,0,0,0,0,130.4,154,3.5
2023,6,15,2,0,27.700000000000003,0,0,0,3,0,0,0,0,125.17,158,3.3000000000000003
2023,6,15,3,0,27.6,0,0,0,0,0,0,0,0,116.96000000000001,158,3.1
2023,6,15,4,0,27.6,0,0,0,0,0,0,0,0,106.77,157,2.9000000000000004
2023,6,15,5,0,27.6,0,0,0,0,0,0,0,0,95.31,153,2.5
2023,6,15,6,0,28,32,372,78,0,32,372,0,78,82.93,144,2.4000000000000004
2023,6,15,7,0,28.200000000000003,60,648,279,8,104,440,0,253,70.22,133,2.4000000000000004
2023,6,15,8,0,28.3,76,772,495,0,76,772,0,495,57.1,124,2.5
2023,6,15,9,0,28.5,86,840,693,8,150,603,0,585,43.74,120,2.4000000000000004
2023,6,15,10,0,28.900000000000002,112,849,846,0,112,849,0,846,30.23,121,2.4000000000000004
2023,6,15,11,0,29.3,116,875,954,0,116,875,0,954,16.65,127,2.4000000000000004
2023,6,15,12,0,29.700000000000003,116,887,1002,0,116,887,0,1002,3.33,135,2.4000000000000004
2023,6,15,13,0,29.900000000000002,114,886,984,0,114,886,0,984,10.9,145,2.5
2023,6,15,14,0,30.1,111,869,902,1,111,869,0,902,24.48,154,2.5
2023,6,15,15,0,30.200000000000003,106,831,760,2,216,0,0,216,38.03,161,2.4000000000000004
2023,6,15,16,0,30.200000000000003,96,770,576,3,319,90,0,375,51.46,166,2.5
2023,6,15,17,0,30,80,663,364,7,174,298,0,302,64.69,168,2.5
2023,6,15,18,0,29.8,54,452,151,1,54,452,0,151,77.61,168,2.3000000000000003
2023,6,15,19,0,29.6,0,0,0,7,0,0,7,0,89.71000000000001,167,2.3000000000000003
2023,6,15,20,0,29.400000000000002,0,0,0,8,0,0,0,0,102.02,164,2.7
2023,6,15,21,0,29.3,0,0,0,6,0,0,0,0,112.82000000000001,164,3.3000000000000003
2023,6,15,22,0,29.1,0,0,0,3,0,0,0,0,121.97,166,3.7
2023,6,15,23,0,29,0,0,0,0,0,0,0,0,128.58,170,3.9000000000000004
2023,6,16,0,0,28.900000000000002,0,0,0,0,0,0,0,0,131.6,173,3.9000000000000004
2023,6,16,1,0,28.8,0,0,0,0,0,0,0,0,130.37,177,3.7
2023,6,16,2,0,28.700000000000003,0,0,0,0,0,0,0,0,125.16,179,3.5
2023,6,16,3,0,28.700000000000003,0,0,0,0,0,0,0,0,116.97,180,3.5
2023,6,16,4,0,28.6,0,0,0,0,0,0,0,0,106.78,175,3.6
2023,6,16,5,0,28.6,0,0,0,0,0,0,0,0,95.34,171,4.1000000000000005
2023,6,16,6,0,28.900000000000002,34,353,77,0,34,353,0,77,82.96000000000001,172,4.7
2023,6,16,7,0,29.200000000000003,63,635,278,7,35,0,0,35,70.25,176,5.1000000000000005
2023,6,16,8,0,29.5,81,761,494,3,270,196,0,376,57.14,183,4.9
2023,6,16,9,0,29.700000000000003,94,827,691,3,326,43,0,358,43.78,190,4.6000000000000005
2023,6,16,10,0,30.1,106,861,849,0,106,861,0,849,30.28,196,4.3
2023,6,16,11,0,30.3,111,882,956,0,111,882,0,956,16.69,201,4.1000000000000005
2023,6,16,12,0,30.6,114,888,1000,0,114,888,0,1000,3.36,204,4
2023,6,16,13,0,30.8,145,839,969,7,431,161,0,589,10.85,207,3.8000000000000003
2023,6,16,14,0,30.900000000000002,144,813,885,3,402,409,0,775,24.43,212,3.6
2023,6,16,15,0,30.900000000000002,140,765,743,8,245,531,0,664,37.980000000000004,222,3.3000000000000003
2023,6,16,16,0,30.900000000000002,125,699,561,0,125,699,0,561,51.410000000000004,232,3
2023,6,16,17,0,30.6,99,596,354,0,99,596,0,354,64.64,235,2.7
2023,6,16,18,0,30.400000000000002,63,390,147,0,63,390,0,147,77.55,233,2.5
2023,6,16,19,0,30.1,0,0,0,7,0,0,7,0,89.66,226,2.3000000000000003
2023,6,16,20,0,30.1,0,0,0,0,0,0,0,0,101.96000000000001,217,2.4000000000000004
2023,6,16,21,0,29.900000000000002,0,0,0,7,0,0,0,0,112.76,204,2.5
2023,6,16,22,0,29.700000000000003,0,0,0,7,0,0,0,0,121.91,189,2.8000000000000003
2023,6,16,23,0,29.400000000000002,0,0,0,7,0,0,0,0,128.53,180,3.4000000000000004
2023,6,17,0,0,29.200000000000003,0,0,0,7,0,0,0,0,131.57,182,3.6
2023,6,17,1,0,29.1,0,0,0,7,0,0,0,0,130.35,192,3.5
2023,6,17,2,0,29,0,0,0,7,0,0,0,0,125.16,207,3.3000000000000003
2023,6,17,3,0,28.900000000000002,0,0,0,1,0,0,0,0,116.98,223,3
2023,6,17,4,0,29,0,0,0,0,0,0,0,0,106.8,238,3
2023,6,17,5,0,29.1,0,0,0,0,0,0,0,0,95.36,245,3.1
2023,6,17,6,0,29.5,38,287,73,1,38,287,0,73,83,244,3
2023,6,17,7,0,29.900000000000002,73,585,270,0,73,585,0,270,70.29,241,2.9000000000000004
2023,6,17,8,0,30.200000000000003,95,724,487,8,195,400,0,412,57.18,234,2.8000000000000003
2023,6,17,9,0,30.400000000000002,110,796,684,8,178,648,0,645,43.83,226,2.8000000000000003
2023,6,17,10,0,30.6,119,840,843,0,119,840,0,843,30.32,219,2.7
2023,6,17,11,0,30.700000000000003,126,860,949,0,126,860,0,949,16.740000000000002,206,2.5
2023,6,17,12,0,30.8,130,865,994,0,130,865,0,994,3.39,192,2.7
2023,6,17,13,0,30.700000000000003,157,823,965,0,157,823,0,965,10.790000000000001,185,3.2
2023,6,17,14,0,30.6,150,805,883,7,310,453,0,722,24.37,182,3.6
2023,6,17,15,0,30.400000000000002,136,775,747,6,283,16,0,296,37.92,178,3.9000000000000004
2023,6,17,16,0,30,127,696,562,7,258,159,0,357,51.35,176,4
2023,6,17,17,0,29.5,103,587,355,7,182,47,0,202,64.58,171,3.9000000000000004
2023,6,17,18,0,29,66,371,147,7,45,1,0,45,77.49,167,3.9000000000000004
2023,6,17,19,0,28.6,0,0,0,7,0,0,7,0,89.60000000000001,163,4.1000000000000005
2023,6,17,20,0,28.3,0,0,0,8,0,0,0,0,101.91,161,4.6000000000000005
2023,6,17,21,0,28.1,0,0,0,0,0,0,0,0,112.7,164,5.1000000000000005
2023,6,17,22,0,28.1,0,0,0,7,0,0,0,0,121.86,170,5.300000000000001
2023,6,17,23,0,28,0,0,0,8,0,0,0,0,128.49,176,5.300000000000001
2023,6,18,0,0,27.900000000000002,0,0,0,7,0,0,0,0,131.54,182,5
2023,6,18,1,0,27.900000000000002,0,0,0,6,0,0,0,0,130.33,190,4.6000000000000005
2023,6,18,2,0,27.900000000000002,0,0,0,6,0,0,0,0,125.16,197,4.1000000000000005
2023,6,18,3,0,27.900000000000002,0,0,0,6,0,0,0,0,116.99000000000001,203,3.5
2023,6,18,4,0,27.900000000000002,0,0,0,6,0,0,0,0,106.83,203,3.3000000000000003
2023,6,18,5,0,28,0,0,0,6,0,0,0,0,95.39,200,3.4000000000000004
2023,6,18,6,0,28.400000000000002,40,251,70,7,59,21,0,61,83.03,196,3.7
2023,6,18,7,0,28.8,82,542,265,8,144,312,0,249,70.33,194,4.3
2023,6,18,8,0,29,108,683,478,7,174,461,0,424,57.22,195,4.800000000000001
2023,6,18,9,0,29.200000000000003,124,764,675,7,276,317,0,504,43.87,198,5
2023,6,18,10,0,29.5,137,808,834,7,323,360,0,634,30.37,202,5.1000000000000005
2023,6,18,11,0,29.8,143,835,942,7,281,503,0,763,16.78,206,5
2023,6,18,12,0,29.900000000000002,148,843,989,7,362,354,0,716,3.42,210,4.9
2023,6,18,13,0,30,145,840,971,7,321,439,0,752,10.74,215,4.7
2023,6,18,14,0,30,145,814,887,7,194,639,0,776,24.32,220,4.5
2023,6,18,15,0,30,140,767,746,8,254,526,0,670,37.87,225,4.2
2023,6,18,16,0,29.8,130,688,561,8,230,417,0,491,51.300000000000004,228,3.9000000000000004
2023,6,18,17,0,29.400000000000002,110,560,351,7,203,227,0,301,64.53,230,3.7
2023,6,18,18,0,29.1,72,333,144,6,62,3,0,63,77.44,229,3.5
2023,6,18,19,0,28.8,0,0,0,6,0,0,7,0,89.56,228,3.4000000000000004
2023,6,18,20,0,28.700000000000003,0,0,0,7,0,0,0,0,101.85000000000001,224,3.3000000000000003
2023,6,18,21,0,28.5,0,0,0,5,0,0,0,0,112.65,218,3.2
2023,6,18,22,0,28.5,0,0,0,3,0,0,0,0,121.81,214,3.3000000000000003
2023,6,18,23,0,28.400000000000002,0,0,0,8,0,0,0,0,128.45,209,3.5
2023,6,19,0,0,28.3,0,0,0,7,0,0,0,0,131.51,205,3.8000000000000003
2023,6,19,1,0,28.1,0,0,0,8,0,0,0,0,130.33,200,4.1000000000000005
2023,6,19,2,0,28.1,0,0,0,8,0,0,0,0,125.17,196,4.5
2023,6,19,3,0,28,0,0,0,0,0,0,0,0,117.01,193,4.800000000000001
2023,6,19,4,0,28,0,0,0,8,0,0,0,0,106.86,191,5
2023,6,19,5,0,28.1,0,0,0,0,0,0,0,0,95.43,191,5
2023,6,19,6,0,28.400000000000002,41,216,67,0,41,216,0,67,83.07000000000001,192,4.9
2023,6,19,7,0,28.900000000000002,90,508,260,0,90,508,0,260,70.37,194,5
2023,6,19,8,0,29.200000000000003,118,656,473,0,118,656,0,473,57.27,197,4.800000000000001
2023,6,19,9,0,29.5,138,737,669,0,138,737,0,669,43.92,201,4.4
2023,6,19,10,0,29.8,159,772,825,0,159,772,0,825,30.41,207,4
2023,6,19,11,0,30,167,799,932,0,167,799,0,932,16.830000000000002,213,3.7
2023,6,19,12,0,30.1,168,813,980,3,493,153,0,646,3.46,216,3.4000000000000004
2023,6,19,13,0,30.200000000000003,169,807,962,3,429,12,0,441,10.69,218,3.1
2023,6,19,14,0,30.3,162,789,881,3,236,0,0,236,24.27,218,2.8000000000000003
2023,6,19,15,0,30.400000000000002,153,748,743,6,53,0,0,53,37.82,218,2.4000000000000004
2023,6,19,16,0,30.1,139,672,560,6,15,0,0,15,51.24,219,1.9000000000000001
2023,6,19,17,0,29.700000000000003,114,550,351,6,7,0,0,7,64.47,214,1.5
2023,6,19,18,0,29.200000000000003,72,333,145,7,7,0,0,7,77.39,203,1.1
2023,6,19,19,0,28.6,0,0,0,4,0,0,7,0,89.51,187,0.8
2023,6,19,20,0,28.200000000000003,0,0,0,8,0,0,0,0,101.8,168,0.7000000000000001
2023,6,19,21,0,27.8,0,0,0,7,0,0,0,0,112.60000000000001,148,0.8
2023,6,19,22,0,27.6,0,0,0,7,0,0,0,0,121.77,142,1.3
2023,6,19,23,0,27.6,0,0,0,7,0,0,0,0,128.42000000000002,138,1.9000000000000001
2023,6,20,0,0,27.5,0,0,0,7,0,0,0,0,131.5,134,2.5
2023,6,20,1,0,27.400000000000002,0,0,0,7,0,0,0,0,130.33,133,2.9000000000000004
2023,6,20,2,0,27.400000000000002,0,0,0,5,0,0,0,0,125.18,133,3.2
2023,6,20,3,0,27.400000000000002,0,0,0,8,0,0,0,0,117.04,134,3.5
2023,6,20,4,0,27.400000000000002,0,0,0,1,0,0,0,0,106.89,135,3.7
2023,6,20,5,0,27.5,0,0,0,0,0,0,0,0,95.47,135,3.9000000000000004
2023,6,20,6,0,28,40,245,69,7,54,13,7,56,83.11,134,4
2023,6,20,7,0,28.5,84,541,265,3,171,36,0,184,70.41,134,4.1000000000000005
2023,6,20,8,0,28.700000000000003,109,688,480,0,109,688,0,480,57.31,135,3.8000000000000003
2023,6,20,9,0,29,125,771,680,7,300,309,0,523,43.96,137,3.5
2023,6,20,10,0,29.3,133,822,842,8,238,531,0,696,30.46,140,3.3000000000000003
2023,6,20,11,0,29.5,143,843,950,8,244,642,0,858,16.88,142,3.4000000000000004
2023,6,20,12,0,29.700000000000003,148,849,996,0,148,849,0,996,3.5,143,3.3000000000000003
2023,6,20,13,0,29.8,158,829,973,3,467,370,0,831,10.64,143,3.3000000000000003
2023,6,20,14,0,29.900000000000002,150,812,891,6,118,0,0,119,24.22,142,3.3000000000000003
2023,6,20,15,0,29.8,139,776,752,6,188,2,0,189,37.76,140,3.3000000000000003
2023,6,20,16,0,29.700000000000003,123,713,570,7,56,0,0,56,51.19,136,3.1
2023,6,20,17,0,29.400000000000002,100,603,360,8,176,285,0,299,64.42,130,2.9000000000000004
2023,6,20,18,0,29,65,391,151,0,65,391,0,151,77.34,123,2.9000000000000004
2023,6,20,19,0,28.6,0,0,0,0,0,0,0,0,89.47,116,3
2023,6,20,20,0,28.400000000000002,0,0,0,0,0,0,0,0,101.76,113,3.2
2023,6,20,21,0,28.3,0,0,0,0,0,0,0,0,112.56,111,3.4000000000000004
2023,6,20,22,0,28,0,0,0,8,0,0,0,0,121.74000000000001,109,3.3000000000000003
2023,6,20,23,0,27.700000000000003,0,0,0,7,0,0,0,0,128.4,107,3
2023,6,21,0,0,27.400000000000002,0,0,0,3,0,0,0,0,131.49,103,2.7
2023,6,21,1,0,27.200000000000003,0,0,0,0,0,0,0,0,130.33,97,2.4000000000000004
2023,6,21,2,0,26.900000000000002,0,0,0,8,0,0,0,0,125.2,89,2.2
2023,6,21,3,0,26.700000000000003,0,0,0,6,0,0,0,0,117.07000000000001,82,2.4000000000000004
2023,6,21,4,0,26.700000000000003,0,0,0,6,0,0,0,0,106.93,82,2.5
2023,6,21,5,0,26.900000000000002,0,0,0,7,0,0,0,0,95.51,83,2.7
2023,6,21,6,0,27.3,38,259,69,7,42,3,7,42,83.15,87,3
2023,6,21,7,0,27.6,76,560,263,7,133,26,0,142,70.46000000000001,92,3.6
2023,6,21,8,0,27.8,98,703,477,7,211,338,0,394,57.36,100,3.9000000000000004
2023,6,21,9,0,28,113,779,674,7,192,554,0,590,44.01,105,3.8000000000000003
2023,6,21,10,0,28.200000000000003,135,806,829,7,166,691,0,761,30.51,110,3.8000000000000003
2023,6,21,11,0,28.5,138,838,940,8,269,550,0,795,16.93,116,4
2023,6,21,12,0,28.700000000000003,138,853,990,8,222,660,0,881,3.54,120,4.1000000000000005
2023,6,21,13,0,29,120,874,979,0,120,874,0,979,10.59,126,4.3
2023,6,21,14,0,29.1,115,860,899,0,115,860,0,899,24.17,132,4.4
2023,6,21,15,0,29.3,107,829,763,7,120,750,0,714,37.72,139,4.6000000000000005
2023,6,21,16,0,29.3,95,775,581,7,260,105,0,325,51.14,146,4.5
2023,6,21,17,0,29.3,78,679,371,8,133,530,0,363,64.37,153,4.1000000000000005
2023,6,21,18,0,29.1,52,487,159,7,97,58,0,109,77.29,161,3.5
2023,6,21,19,0,28.900000000000002,0,0,0,9,0,0,7,0,89.43,171,3.1
2023,6,21,20,0,28.900000000000002,0,0,0,6,0,0,0,0,101.71000000000001,179,2.7
2023,6,21,21,0,29,0,0,0,7,0,0,0,0,112.52,181,2.5
2023,6,21,22,0,28.900000000000002,0,0,0,4,0,0,0,0,121.71000000000001,173,2.3000000000000003
2023,6,21,23,0,28.6,0,0,0,7,0,0,0,0,128.38,150,2.1
2023,6,22,0,0,28.3,0,0,0,3,0,0,0,0,131.48,121,2.1
2023,6,22,1,0,28,0,0,0,0,0,0,0,0,130.35,100,2.6
2023,6,22,2,0,27.8,0,0,0,0,0,0,0,0,125.23,91,3
2023,6,22,3,0,27.6,0,0,0,7,0,0,0,0,117.10000000000001,89,3.1
2023,6,22,4,0,27.6,0,0,0,7,0,0,0,0,106.97,91,3.2
2023,6,22,5,0,27.700000000000003,0,0,0,9,0,0,0,0,95.55,93,3.4000000000000004
2023,6,22,6,0,28,35,294,70,9,17,0,7,17,83.2,97,3.6
2023,6,22,7,0,28.3,68,597,268,9,19,0,0,19,70.51,104,4
2023,6,22,8,0,28.5,87,735,483,6,83,1,0,83,57.410000000000004,110,4.1000000000000005
2023,6,22,9,0,28.6,99,812,682,6,107,0,0,107,44.06,116,4
2023,6,22,10,0,28.900000000000002,131,817,834,7,351,279,0,591,30.560000000000002,122,4
2023,6,22,11,0,29.200000000000003,133,850,946,6,230,2,0,232,16.98,127,3.9000000000000004
2023,6,22,12,0,29.5,133,862,994,6,392,17,0,409,3.59,130,3.8000000000000003
2023,6,22,13,0,29.8,131,860,977,6,386,18,0,404,10.540000000000001,131,3.5
2023,6,22,14,0,29.900000000000002,128,840,895,6,410,77,0,480,24.12,128,3.1
2023,6,22,15,0,29.900000000000002,121,802,756,7,325,46,0,362,37.67,123,2.7
2023,6,22,16,0,29.900000000000002,109,740,573,6,256,50,0,288,51.1,113,2.5
2023,6,22,17,0,29.6,90,633,364,6,177,39,0,194,64.33,106,2.5
2023,6,22,18,0,29.3,60,429,154,6,55,2,0,56,77.25,103,2.7
2023,6,22,19,0,29,0,0,0,7,0,0,7,0,89.4,105,3.1
2023,6,22,20,0,28.8,0,0,0,7,0,0,0,0,101.68,109,3.5
2023,6,22,21,0,28.700000000000003,0,0,0,7,0,0,0,0,112.49000000000001,111,4
2023,6,22,22,0,28.6,0,0,0,7,0,0,0,0,121.68,113,4.2
2023,6,22,23,0,28.5,0,0,0,7,0,0,0,0,128.37,117,4.2
2023,6,23,0,0,28.400000000000002,0,0,0,7,0,0,0,0,131.49,120,3.9000000000000004
2023,6,23,1,0,28.3,0,0,0,8,0,0,0,0,130.36,120,3.6
2023,6,23,2,0,28.200000000000003,0,0,0,8,0,0,0,0,125.26,117,3.3000000000000003
2023,6,23,3,0,28.200000000000003,0,0,0,3,0,0,0,0,117.14,110,3
2023,6,23,4,0,28.200000000000003,0,0,0,7,0,0,0,0,107.01,102,2.8000000000000003
2023,6,23,5,0,28.3,0,0,0,7,0,0,0,0,95.60000000000001,95,2.6
2023,6,23,6,0,28.6,41,198,65,7,41,2,7,41,83.25,89,2.5
2023,6,23,7,0,28.900000000000002,87,509,256,7,137,333,0,247,70.56,80,2.6
2023,6,23,8,0,29.1,113,662,470,7,242,170,0,333,57.46,75,2.7
2023,6,23,9,0,29.3,130,748,667,7,265,25,0,283,44.11,73,2.8000000000000003
2023,6,23,10,0,29.5,142,796,827,7,335,26,0,357,30.61,77,3
2023,6,23,11,0,29.6,151,820,935,7,361,384,0,727,17.03,84,3.3000000000000003
2023,6,23,12,0,29.8,157,825,980,3,505,279,0,784,3.64,91,3.5
2023,6,23,13,0,29.8,174,795,956,1,174,795,0,956,10.49,96,3.7
2023,6,23,14,0,29.900000000000002,169,772,874,7,300,476,0,734,24.07,100,3.9000000000000004
2023,6,23,15,0,29.8,161,727,737,7,204,3,0,207,37.62,104,4
2023,6,23,16,0,29.700000000000003,146,651,556,6,52,0,0,52,51.050000000000004,105,4
2023,6,23,17,0,29.6,122,520,348,6,168,17,0,176,64.28,108,3.9000000000000004
2023,6,23,18,0,29.3,80,284,143,6,36,0,0,36,77.2,111,3.7
2023,6,23,19,0,29.200000000000003,0,0,0,7,0,0,7,0,89.36,113,3.7
2023,6,23,20,0,29.1,0,0,0,7,0,0,0,0,101.64,114,3.6
2023,6,23,21,0,29.1,0,0,0,7,0,0,0,0,112.46000000000001,114,3.7
2023,6,23,22,0,29,0,0,0,7,0,0,0,0,121.67,115,3.6
2023,6,23,23,0,28.900000000000002,0,0,0,8,0,0,0,0,128.36,116,3.5
2023,6,24,0,0,28.8,0,0,0,8,0,0,0,0,131.5,116,3.5
2023,6,24,1,0,28.700000000000003,0,0,0,8,0,0,0,0,130.39000000000001,117,3.5
2023,6,24,2,0,28.6,0,0,0,7,0,0,0,0,125.3,119,3.6
2023,6,24,3,0,28.5,0,0,0,7,0,0,0,0,117.19,121,3.7
2023,6,24,4,0,28.5,0,0,0,0,0,0,0,0,107.06,121,3.9000000000000004
2023,6,24,5,0,28.400000000000002,0,0,0,0,0,0,0,0,95.65,121,4.1000000000000005
2023,6,24,6,0,28.700000000000003,42,184,63,1,42,184,1,63,83.3,119,4.4
2023,6,24,7,0,28.900000000000002,87,507,256,8,151,158,0,204,70.61,117,4.800000000000001
2023,6,24,8,0,29.1,112,666,470,7,179,490,0,442,57.51,116,4.9
2023,6,24,9,0,29.200000000000003,129,752,668,7,318,192,0,456,44.160000000000004,115,5
2023,6,24,10,0,29.400000000000002,164,764,821,7,375,147,0,501,30.66,116,5.1000000000000005
2023,6,24,11,0,29.5,170,796,931,7,390,257,0,636,17.080000000000002,119,5.2
2023,6,24,12,0,29.700000000000003,171,811,980,3,413,476,0,888,3.69,121,5.1000000000000005
2023,6,24,13,0,29.8,182,789,958,7,365,377,0,735,10.450000000000001,121,4.9
2023,6,24,14,0,29.8,173,772,878,8,209,629,0,783,24.02,121,4.6000000000000005
2023,6,24,15,0,29.8,159,736,742,7,341,186,0,489,37.58,119,4.3
2023,6,24,16,0,29.700000000000003,140,669,561,0,140,669,0,561,51.01,111,3.7
2023,6,24,17,0,29.400000000000002,113,554,354,6,7,0,0,7,64.24,99,3.2
2023,6,24,18,0,29,73,340,148,6,31,0,0,31,77.17,89,2.7
2023,6,24,19,0,28.700000000000003,0,0,0,7,0,0,7,0,89.33,79,2.5
2023,6,24,20,0,28.5,0,0,0,7,0,0,0,0,101.61,71,2.5
2023,6,24,21,0,28.400000000000002,0,0,0,7,0,0,0,0,112.44,65,2.5
2023,6,24,22,0,28.3,0,0,0,7,0,0,0,0,121.65,68,2.4000000000000004
2023,6,24,23,0,28.1,0,0,0,6,0,0,0,0,128.36,78,2.6
2023,6,25,0,0,28,0,0,0,6,0,0,0,0,131.52,88,2.7
2023,6,25,1,0,27.900000000000002,0,0,0,6,0,0,0,0,130.42000000000002,97,3
2023,6,25,2,0,27.8,0,0,0,7,0,0,0,0,125.34,104,3.4000000000000004
2023,6,25,3,0,27.700000000000003,0,0,0,8,0,0,0,0,117.24000000000001,110,3.5
2023,6,25,4,0,27.8,0,0,0,7,0,0,0,0,107.11,113,3.5
2023,6,25,5,0,27.900000000000002,0,0,0,7,0,0,0,0,95.7,115,3.4000000000000004
2023,6,25,6,0,28.3,34,304,69,3,42,1,7,42,83.35000000000001,117,3.2
2023,6,25,7,0,28.6,66,610,268,7,148,163,0,202,70.66,117,3.3000000000000003
2023,6,25,8,0,28.8,85,747,485,7,229,216,0,345,57.56,116,3.2
2023,6,25,9,0,29,97,820,685,7,257,355,0,511,44.22,115,3.1
2023,6,25,10,0,29.200000000000003,124,833,840,7,341,302,0,600,30.72,119,3.2
2023,6,25,11,0,29.400000000000002,131,856,949,7,242,542,0,760,17.13,123,3.2
2023,6,25,12,0,29.5,134,863,996,7,275,509,0,783,3.74,123,3.2
2023,6,25,13,0,29.700000000000003,136,856,977,7,143,732,0,864,10.4,120,3
2023,6,25,14,0,29.8,132,835,895,7,226,562,0,740,23.98,114,2.8000000000000003
2023,6,25,15,0,29.700000000000003,126,795,756,7,281,385,0,587,37.53,106,2.8000000000000003
2023,6,25,16,0,29.6,113,730,573,9,168,5,0,171,50.97,98,2.8000000000000003
2023,6,25,17,0,29.200000000000003,94,620,364,9,67,1,0,67,64.2,94,2.9000000000000004
2023,6,25,18,0,28.900000000000002,62,411,154,6,4,0,0,4,77.13,96,3
2023,6,25,19,0,28.6,0,0,0,7,0,0,7,0,89.3,103,3
2023,6,25,20,0,28.5,0,0,0,7,0,0,0,0,101.59,112,3.3000000000000003
2023,6,25,21,0,28.3,0,0,0,7,0,0,0,0,112.42,121,3.6
2023,6,25,22,0,28.3,0,0,0,7,0,0,0,0,121.65,128,3.9000000000000004
2023,6,25,23,0,28.200000000000003,0,0,0,7,0,0,0,0,128.37,133,3.9000000000000004
2023,6,26,0,0,28.200000000000003,0,0,0,7,0,0,0,0,131.54,136,3.8000000000000003
2023,6,26,1,0,28.200000000000003,0,0,0,5,0,0,0,0,130.46,137,3.6
2023,6,26,2,0,28.200000000000003,0,0,0,5,0,0,0,0,125.39,137,3.2
2023,6,26,3,0,28.3,0,0,0,7,0,0,0,0,117.29,137,2.8000000000000003
2023,6,26,4,0,28.3,0,0,0,7,0,0,0,0,107.17,136,2.4000000000000004
2023,6,26,5,0,28.5,0,0,0,7,0,0,0,0,95.76,132,2.2
2023,6,26,6,0,28.700000000000003,40,195,62,7,44,5,7,45,83.41,129,2.3000000000000003
2023,6,26,7,0,29.1,81,525,254,0,81,525,0,254,70.72,127,2.7
2023,6,26,8,0,29.200000000000003,99,691,469,7,156,497,0,423,57.620000000000005,127,3.1
2023,6,26,9,0,29.400000000000002,110,781,669,7,285,268,0,477,44.27,130,3.3000000000000003
2023,6,26,10,0,29.5,129,810,826,7,348,107,0,440,30.77,134,3.5
2023,6,26,11,0,29.700000000000003,131,844,938,6,258,3,0,261,17.19,138,3.8000000000000003
2023,6,26,12,0,29.8,131,861,989,7,256,554,0,809,3.8000000000000003,141,3.9000000000000004
2023,6,26,13,0,29.8,125,866,977,8,408,170,0,575,10.36,142,3.9000000000000004
2023,6,26,14,0,29.8,120,852,898,7,359,314,0,646,23.94,142,3.8000000000000003
2023,6,26,15,0,29.8,112,820,763,6,101,0,0,101,37.49,142,3.7
2023,6,26,16,0,29.700000000000003,101,760,580,7,148,590,0,520,50.93,140,3.6
2023,6,26,17,0,29.6,85,654,370,6,157,14,0,163,64.17,137,3.6
2023,6,26,18,0,29.400000000000002,58,448,158,6,62,3,0,62,77.10000000000001,136,3.6
2023,6,26,19,0,29.200000000000003,0,0,0,7,0,0,7,0,89.28,138,3.8000000000000003
2023,6,26,20,0,29.200000000000003,0,0,0,8,0,0,0,0,101.57000000000001,140,4
2023,6,26,21,0,29.1,0,0,0,0,0,0,0,0,112.41,143,4.1000000000000005
2023,6,26,22,0,29,0,0,0,0,0,0,0,0,121.65,145,4.2
2023,6,26,23,0,28.8,0,0,0,1,0,0,0,0,128.39000000000001,148,4.2
2023,6,27,0,0,28.6,0,0,0,0,0,0,0,0,131.57,149,4.2
2023,6,27,1,0,28.5,0,0,0,3,0,0,0,0,130.51,149,4.1000000000000005
2023,6,27,2,0,28.400000000000002,0,0,0,0,0,0,0,0,125.44,148,4
2023,6,27,3,0,28.3,0,0,0,0,0,0,0,0,117.35000000000001,146,3.8000000000000003
2023,6,27,4,0,28.200000000000003,0,0,0,0,0,0,0,0,107.23,145,3.5
2023,6,27,5,0,28.200000000000003,0,0,0,7,0,0,0,0,95.82000000000001,145,3.2
2023,6,27,6,0,28.700000000000003,34,293,67,7,45,8,7,46,83.46000000000001,143,3.1
2023,6,27,7,0,29,66,600,263,7,37,0,0,37,70.78,141,2.9000000000000004
2023,6,27,8,0,29.200000000000003,85,735,478,7,54,0,0,54,57.68,139,2.7
2023,6,27,9,0,29.400000000000002,97,811,677,7,128,712,0,638,44.33,140,2.5
2023,6,27,10,0,29.700000000000003,104,855,838,0,104,855,0,838,30.82,140,2.4000000000000004
2023,6,27,11,0,29.900000000000002,107,882,949,2,426,372,0,782,17.240000000000002,140,2.4000000000000004
2023,6,27,12,0,30.1,107,892,997,3,461,79,0,539,3.86,142,2.5
2023,6,27,13,0,30.200000000000003,105,891,982,9,229,2,0,230,10.32,143,2.5
2023,6,27,14,0,30.3,102,876,902,7,319,10,0,328,23.900000000000002,144,2.5
2023,6,27,15,0,30.400000000000002,97,843,766,7,213,567,0,663,37.45,144,2.6
2023,6,27,16,0,30.3,89,785,584,2,268,367,0,499,50.89,144,2.6
2023,6,27,17,0,30.1,75,683,373,0,75,683,0,373,64.14,144,2.8000000000000003
2023,6,27,18,0,29.8,53,480,160,0,53,480,0,160,77.07000000000001,144,2.9000000000000004
2023,6,27,19,0,29.400000000000002,0,0,0,0,0,0,0,0,89.26,146,2.9000000000000004
2023,6,27,20,0,29.200000000000003,0,0,0,0,0,0,0,0,101.55,148,3
2023,6,27,21,0,29,0,0,0,0,0,0,0,0,112.4,150,3.1
2023,6,27,22,0,28.900000000000002,0,0,0,0,0,0,0,0,121.65,154,3.1
2023,6,27,23,0,28.700000000000003,0,0,0,0,0,0,0,0,128.41,159,3
2023,6,28,0,0,28.6,0,0,0,0,0,0,0,0,131.61,165,2.8000000000000003
2023,6,28,1,0,28.5,0,0,0,0,0,0,0,0,130.56,170,2.7
2023,6,28,2,0,28.400000000000002,0,0,0,0,0,0,0,0,125.5,174,2.6
2023,6,28,3,0,28.400000000000002,0,0,0,0,0,0,0,0,117.41,176,2.5
2023,6,28,4,0,28.400000000000002,0,0,0,0,0,0,0,0,107.29,173,2.3000000000000003
2023,6,28,5,0,28.400000000000002,0,0,0,0,0,0,0,0,95.88,168,2.2
2023,6,28,6,0,28.700000000000003,33,303,67,0,33,303,0,67,83.52,164,2.3000000000000003
2023,6,28,7,0,29,65,609,265,0,65,609,0,265,70.84,161,2.5
2023,6,28,8,0,29.200000000000003,84,744,481,0,84,744,0,481,57.730000000000004,160,2.4000000000000004
2023,6,28,9,0,29.400000000000002,97,816,680,7,221,444,0,539,44.38,162,2.3000000000000003
2023,6,28,10,0,29.6,105,860,843,7,224,537,0,686,30.88,163,2.2
2023,6,28,11,0,29.900000000000002,109,885,954,7,344,372,0,699,17.29,162,2.1
2023,6,28,12,0,30.1,110,896,1004,8,430,107,0,536,3.92,162,2
2023,6,28,13,0,30.3,109,893,988,8,441,130,0,569,10.290000000000001,165,1.9000000000000001
2023,6,28,14,0,30.5,104,880,909,8,293,442,0,698,23.86,166,1.7000000000000002
2023,6,28,15,0,30.700000000000003,96,852,772,0,96,852,0,772,37.410000000000004,163,1.4000000000000001
2023,6,28,16,0,30.8,87,796,589,3,221,2,0,222,50.86,156,1.3
2023,6,28,17,0,30.700000000000003,74,695,377,8,153,381,0,319,64.1,153,1.3
2023,6,28,18,0,30.400000000000002,53,489,163,0,53,489,0,163,77.04,153,1.4000000000000001
2023,6,28,19,0,30.1,0,0,0,0,0,0,0,0,89.24,155,1.5
2023,6,28,20,0,30,0,0,0,0,0,0,0,0,101.54,156,1.9000000000000001
2023,6,28,21,0,29.8,0,0,0,0,0,0,0,0,112.4,158,2.2
2023,6,28,22,0,29.6,0,0,0,0,0,0,0,0,121.66,158,2.4000000000000004
2023,6,28,23,0,29.400000000000002,0,0,0,1,0,0,0,0,128.43,157,2.5
2023,6,29,0,0,29.200000000000003,0,0,0,0,0,0,0,0,131.65,157,2.6
2023,6,29,1,0,29,0,0,0,3,0,0,0,0,130.62,158,2.6
2023,6,29,2,0,28.8,0,0,0,8,0,0,0,0,125.57000000000001,158,2.6
2023,6,29,3,0,28.700000000000003,0,0,0,0,0,0,0,0,117.48,159,2.6
2023,6,29,4,0,28.6,0,0,0,0,0,0,0,0,107.36,161,2.6
2023,6,29,5,0,28.700000000000003,0,0,0,0,0,0,0,0,95.95,163,2.5
2023,6,29,6,0,29.200000000000003,32,315,67,0,32,315,0,67,83.59,166,2.4000000000000004
2023,6,29,7,0,29.5,62,617,264,0,62,617,0,264,70.9,169,2.3000000000000003
2023,6,29,8,0,29.700000000000003,80,750,480,0,80,750,0,480,57.79,172,1.9000000000000001
2023,6,29,9,0,29.900000000000002,93,822,680,0,93,822,0,680,44.44,175,1.6
2023,6,29,10,0,30.1,94,875,845,0,94,875,0,845,30.93,169,1.4000000000000001
2023,6,29,11,0,30.3,98,899,956,2,432,364,0,779,17.35,161,1.5
2023,6,29,12,0,30.400000000000002,100,907,1005,3,484,184,0,667,3.99,153,1.4000000000000001
2023,6,29,13,0,30.5,110,891,987,7,285,6,0,291,10.25,141,1.4000000000000001
2023,6,29,14,0,30.5,107,875,907,7,274,7,0,280,23.82,129,1.4000000000000001
2023,6,29,15,0,30.5,100,843,770,8,262,411,0,588,37.38,117,1.6
2023,6,29,16,0,30.400000000000002,91,786,588,3,319,87,0,374,50.82,113,1.7000000000000002
2023,6,29,17,0,30.3,76,687,376,0,76,687,0,376,64.08,112,1.9000000000000001
2023,6,29,18,0,30,53,491,163,7,20,0,0,20,77.02,116,1.9000000000000001
2023,6,29,19,0,29.8,0,0,0,3,0,0,7,0,89.23,122,2.1
2023,6,29,20,0,29.700000000000003,0,0,0,0,0,0,0,0,101.53,125,2.2
2023,6,29,21,0,29.6,0,0,0,0,0,0,0,0,112.41,127,2.3000000000000003
2023,6,29,22,0,29.5,0,0,0,0,0,0,0,0,121.68,125,2.2
2023,6,29,23,0,29.3,0,0,0,0,0,0,0,0,128.47,121,2.2
2023,6,30,0,0,29.1,0,0,0,0,0,0,0,0,131.7,118,2.3000000000000003
2023,6,30,1,0,29,0,0,0,0,0,0,0,0,130.68,118,2.4000000000000004
2023,6,30,2,0,28.8,0,0,0,0,0,0,0,0,125.64,123,2.5
2023,6,30,3,0,28.700000000000003,0,0,0,0,0,0,0,0,117.55,127,2.6
2023,6,30,4,0,28.6,0,0,0,0,0,0,0,0,107.43,130,2.7
2023,6,30,5,0,28.700000000000003,0,0,0,1,0,0,0,0,96.02,133,2.6
2023,6,30,6,0,29.200000000000003,32,302,65,1,32,302,0,65,83.65,137,2.7
2023,6,30,7,0,29.5,64,606,262,0,64,606,0,262,70.96000000000001,140,2.7
2023,6,30,8,0,29.700000000000003,82,745,478,7,161,449,0,400,57.85,141,2.5
2023,6,30,9,0,30,92,821,678,0,92,821,0,678,44.5,144,2.1
2023,6,30,10,0,30.3,103,860,840,8,185,635,0,729,30.990000000000002,143,1.7000000000000002
2023,6,30,11,0,30.5,109,881,950,7,347,269,0,603,17.400000000000002,123,1.2000000000000002
2023,6,30,12,0,30.700000000000003,113,888,999,1,113,888,0,999,4.05,86,1
2023,6,30,13,0,30.8,112,886,983,3,330,1,0,332,10.22,56,1.2000000000000002
2023,6,30,14,0,30.8,109,867,903,7,387,229,0,596,23.79,45,1.7000000000000002
2023,6,30,15,0,30.8,104,832,765,6,331,71,0,388,37.35,43,2.3000000000000003
2023,6,30,16,0,30.6,95,770,582,7,143,620,0,535,50.800000000000004,44,2.7
2023,6,30,17,0,30.3,80,667,372,7,128,516,0,354,64.05,47,2.8000000000000003
2023,6,30,18,0,29.900000000000002,55,466,160,7,55,466,5,160,77,51,2.7
2023,6,30,19,0,29.6,0,0,0,7,0,0,7,0,89.22,58,2.4000000000000004
2023,6,30,20,0,29.400000000000002,0,0,0,7,0,0,0,0,101.53,65,2.3000000000000003
2023,6,30,21,0,29.200000000000003,0,0,0,7,0,0,0,0,112.41,75,2.1
2023,6,30,22,0,29.1,0,0,0,8,0,0,0,0,121.7,91,2.1
2023,6,30,23,0,29,0,0,0,0,0,0,0,0,128.51,108,2.2
2023,7,1,0,0,28.900000000000002,0,0,0,8,0,0,0,0,131.76,119,2.5
2023,7,1,1,0,28.700000000000003,0,0,0,8,0,0,0,0,130.75,126,2.7
2023,7,1,2,0,28.6,0,0,0,7,0,0,0,0,125.72,131,2.9000000000000004
2023,7,1,3,0,28.5,0,0,0,8,0,0,0,0,117.63,134,3.2
2023,7,1,4,0,28.5,0,0,0,7,0,0,0,0,107.51,138,3.2
2023,7,1,5,0,28.6,0,0,0,7,0,0,0,0,96.09,142,3
2023,7,1,6,0,29.1,33,280,63,1,33,280,0,63,83.72,145,2.9000000000000004
2023,7,1,7,0,29.5,67,591,259,0,67,591,0,259,71.02,147,2.6
2023,7,1,8,0,29.700000000000003,86,730,474,7,161,466,0,409,57.910000000000004,146,2
2023,7,1,9,0,29.900000000000002,99,804,673,7,171,624,0,616,44.550000000000004,145,1.5
2023,7,1,10,0,30.1,117,834,831,0,117,834,0,831,31.04,138,1.1
2023,7,1,11,0,30.200000000000003,124,857,941,3,392,450,0,821,17.46,115,0.8
2023,7,1,12,0,30.200000000000003,126,866,990,9,112,0,0,112,4.12,75,0.8
2023,7,1,13,0,30.3,163,812,961,9,104,0,0,104,10.19,54,1.3
2023,7,1,14,0,30.3,158,791,882,6,124,0,0,124,23.75,51,1.9000000000000001
2023,7,1,15,0,30.200000000000003,149,750,746,6,134,1,0,135,37.32,56,2.4000000000000004
2023,7,1,16,0,30.1,126,698,568,7,264,219,0,402,50.77,62,2.6
2023,7,1,17,0,29.900000000000002,104,585,360,7,201,114,0,251,64.03,72,2.7
2023,7,1,18,0,29.700000000000003,68,375,153,7,56,2,0,56,76.99,86,2.6
2023,7,1,19,0,29.5,0,0,0,7,0,0,7,0,89.21000000000001,99,2.5
2023,7,1,20,0,29.400000000000002,0,0,0,0,0,0,0,0,101.53,110,2.5
2023,7,1,21,0,29.400000000000002,0,0,0,0,0,0,0,0,112.43,118,2.4000000000000004
2023,7,1,22,0,29.3,0,0,0,0,0,0,0,0,121.73,123,2.3000000000000003
2023,7,1,23,0,29.200000000000003,0,0,0,0,0,0,0,0,128.55,124,2.4000000000000004
2023,7,2,0,0,29,0,0,0,0,0,0,0,0,131.83,122,2.3000000000000003
2023,7,2,1,0,28.900000000000002,0,0,0,0,0,0,0,0,130.83,118,2.3000000000000003
2023,7,2,2,0,28.8,0,0,0,0,0,0,0,0,125.8,116,2.2
2023,7,2,3,0,28.6,0,0,0,8,0,0,0,0,117.71000000000001,116,2
2023,7,2,4,0,28.6,0,0,0,0,0,0,0,0,107.58,116,1.7000000000000002
2023,7,2,5,0,28.700000000000003,0,0,0,0,0,0,0,0,96.16,112,1.4000000000000001
2023,7,2,6,0,28.900000000000002,35,227,60,0,35,227,0,60,83.79,99,1.1
2023,7,2,7,0,29.1,75,548,252,0,75,548,0,252,71.09,75,0.9
2023,7,2,8,0,29.400000000000002,95,702,468,0,95,702,0,468,57.97,43,0.9
2023,7,2,9,0,29.700000000000003,107,786,667,0,107,786,0,667,44.61,23,1.1
2023,7,2,10,0,30,99,860,836,0,99,860,0,836,31.1,19,1.3
2023,7,2,11,0,30.3,103,885,947,3,436,56,0,489,17.51,22,1.5
2023,7,2,12,0,30.6,105,894,997,7,306,6,0,311,4.2,24,1.6
2023,7,2,13,0,30.8,107,888,981,6,272,3,0,275,10.16,30,1.6
2023,7,2,14,0,31,105,869,901,6,151,0,0,151,23.72,39,1.5
2023,7,2,15,0,31,101,834,765,7,183,546,0,618,37.29,51,1.4000000000000001
2023,7,2,16,0,30.900000000000002,93,772,582,7,152,554,0,502,50.75,58,1.3
2023,7,2,17,0,30.8,79,669,372,7,164,306,0,298,64.01,65,1.3
2023,7,2,18,0,30.5,55,468,160,7,55,468,5,160,76.97,76,1.4000000000000001
2023,7,2,19,0,30.3,0,0,0,8,0,0,7,0,89.21000000000001,86,1.4000000000000001
2023,7,2,20,0,30.1,0,0,0,0,0,0,0,0,101.53,95,1.5
2023,7,2,21,0,30,0,0,0,0,0,0,0,0,112.44,102,1.4000000000000001
2023,7,2,22,0,30,0,0,0,0,0,0,0,0,121.76,107,1.3
2023,7,2,23,0,29.900000000000002,0,0,0,0,0,0,0,0,128.61,104,1.1
2023,7,3,0,0,29.900000000000002,0,0,0,0,0,0,0,0,131.9,82,0.8
2023,7,3,1,0,29.8,0,0,0,0,0,0,0,0,130.91,48,0.9
2023,7,3,2,0,29.700000000000003,0,0,0,0,0,0,0,0,125.89,30,1.2000000000000002
2023,7,3,3,0,29.6,0,0,0,0,0,0,0,0,117.79,25,1.5
2023,7,3,4,0,29.5,0,0,0,0,0,0,0,0,107.66,29,1.7000000000000002
2023,7,3,5,0,29.400000000000002,0,0,0,0,0,0,0,0,96.24000000000001,37,1.9000000000000001
2023,7,3,6,0,29.6,33,266,61,1,33,266,0,61,83.85000000000001,46,2
2023,7,3,7,0,29.8,67,582,255,0,67,582,0,255,71.15,54,2.1
2023,7,3,8,0,29.900000000000002,85,728,471,0,85,728,0,471,58.03,62,2
2023,7,3,9,0,30.1,97,805,670,0,97,805,0,670,44.67,71,1.8
2023,7,3,10,0,30.200000000000003,107,845,831,0,107,845,0,831,31.150000000000002,80,1.8
2023,7,3,11,0,30.3,115,866,940,2,475,232,0,696,17.57,88,1.8
2023,7,3,12,0,30.400000000000002,120,872,990,3,433,18,0,451,4.2700000000000005,93,1.8
2023,7,3,13,0,30.400000000000002,119,869,974,8,342,359,0,696,10.14,96,1.8
2023,7,3,14,0,30.400000000000002,118,848,895,6,231,2,0,233,23.7,98,1.8
2023,7,3,15,0,30.400000000000002,113,810,758,6,307,30,0,331,37.26,99,1.9000000000000001
2023,7,3,16,0,30.3,103,748,577,6,267,94,0,327,50.72,106,1.9000000000000001
2023,7,3,17,0,30.3,87,640,368,7,112,6,0,115,64,119,1.9000000000000001
2023,7,3,18,0,30.200000000000003,60,433,157,7,108,96,0,129,76.96000000000001,134,2
2023,7,3,19,0,30.1,0,0,0,7,0,0,7,0,89.21000000000001,146,2.1
2023,7,3,20,0,30.1,0,0,0,8,0,0,0,0,101.54,156,2.2
2023,7,3,21,0,30.1,0,0,0,1,0,0,0,0,112.47,165,2.3000000000000003
2023,7,3,22,0,30,0,0,0,8,0,0,0,0,121.81,177,2.3000000000000003
2023,7,3,23,0,29.900000000000002,0,0,0,0,0,0,0,0,128.67000000000002,194,2.1
2023,7,4,0,0,29.8,0,0,0,0,0,0,0,0,131.98,215,1.9000000000000001
2023,7,4,1,0,29.8,0,0,0,0,0,0,0,0,131,239,1.7000000000000002
2023,7,4,2,0,29.700000000000003,0,0,0,0,0,0,0,0,125.98,265,1.6
2023,7,4,3,0,29.700000000000003,0,0,0,0,0,0,0,0,117.88,289,1.5
2023,7,4,4,0,29.6,0,0,0,1,0,0,0,0,107.75,307,1.4000000000000001
2023,7,4,5,0,29.6,0,0,0,0,0,0,0,0,96.32000000000001,321,1.2000000000000002
2023,7,4,6,0,29.700000000000003,35,204,57,1,35,204,0,57,83.93,336,0.9
2023,7,4,7,0,29.8,79,520,246,0,79,520,0,246,71.22,349,0.8
2023,7,4,8,0,29.8,102,675,459,0,102,675,0,459,58.1,354,0.8
2023,7,4,9,0,29.900000000000002,118,758,657,0,118,758,0,657,44.730000000000004,359,0.8
2023,7,4,10,0,30,122,816,821,0,122,816,0,821,31.21,17,0.9
2023,7,4,11,0,30.200000000000003,127,844,932,1,127,844,0,932,17.62,38,1
2023,7,4,12,0,30.3,129,857,983,8,220,672,0,890,4.3500000000000005,54,1.2000000000000002
2023,7,4,13,0,30.3,135,846,967,7,421,189,0,607,10.120000000000001,69,1.4000000000000001
2023,7,4,14,0,30.400000000000002,130,829,889,6,301,7,0,308,23.67,81,1.7000000000000002
2023,7,4,15,0,30.400000000000002,121,797,755,6,342,81,0,406,37.24,90,2.1
2023,7,4,16,0,30.400000000000002,108,737,575,7,286,188,0,405,50.71,98,2.3000000000000003
2023,7,4,17,0,30.200000000000003,90,630,367,7,163,20,0,172,63.980000000000004,106,2.5
2023,7,4,18,0,30.1,62,419,156,7,91,16,0,95,76.96000000000001,114,2.6
2023,7,4,19,0,29.900000000000002,0,0,0,7,0,0,7,0,89.21000000000001,122,2.7
2023,7,4,20,0,29.900000000000002,0,0,0,8,0,0,0,0,101.56,128,2.9000000000000004
2023,7,4,21,0,30,0,0,0,0,0,0,0,0,112.5,132,3.2
2023,7,4,22,0,29.900000000000002,0,0,0,0,0,0,0,0,121.85000000000001,134,3.4000000000000004
2023,7,4,23,0,29.8,0,0,0,0,0,0,0,0,128.73,135,3.5
2023,7,5,0,0,29.700000000000003,0,0,0,0,0,0,0,0,132.06,137,3.5
2023,7,5,1,0,29.5,0,0,0,0,0,0,0,0,131.1,138,3.4000000000000004
2023,7,5,2,0,29.400000000000002,0,0,0,0,0,0,0,0,126.08,138,3.2
2023,7,5,3,0,29.200000000000003,0,0,0,0,0,0,0,0,117.98,136,3
2023,7,5,4,0,29.1,0,0,0,0,0,0,0,0,107.83,133,2.6
2023,7,5,5,0,29.1,0,0,0,0,0,0,0,0,96.4,127,2.2
2023,7,5,6,0,29.400000000000002,36,192,56,0,36,192,0,56,84,118,1.9000000000000001
2023,7,5,7,0,29.6,80,522,248,0,80,522,0,248,71.29,109,2.1
2023,7,5,8,0,29.700000000000003,105,679,463,0,105,679,0,463,58.160000000000004,104,2.2
2023,7,5,9,0,29.8,121,763,663,0,121,763,0,663,44.79,101,2.3000000000000003
2023,7,5,10,0,30.1,139,801,823,0,139,801,0,823,31.27,101,2.5
2023,7,5,11,0,30.400000000000002,144,831,935,0,144,831,0,935,17.68,101,2.7
2023,7,5,12,0,30.700000000000003,145,844,987,0,145,844,0,987,4.43,99,2.8000000000000003
2023,7,5,13,0,30.900000000000002,134,855,975,0,134,855,0,975,10.11,96,2.9000000000000004
2023,7,5,14,0,31.1,129,837,896,0,129,837,0,896,23.650000000000002,93,3.1
2023,7,5,15,0,31.200000000000003,122,801,760,0,122,801,0,760,37.22,91,3.4000000000000004
2023,7,5,16,0,31.200000000000003,109,740,578,0,109,740,0,578,50.69,88,3.7
2023,7,5,17,0,31,91,632,369,0,91,632,0,369,63.97,87,3.8000000000000003
2023,7,5,18,0,30.700000000000003,62,422,157,0,62,422,0,157,76.96000000000001,90,3.8000000000000003
2023,7,5,19,0,30.3,0,0,0,0,0,0,0,0,89.22,95,3.8000000000000003
2023,7,5,20,0,30.200000000000003,0,0,0,0,0,0,0,0,101.58,102,4
2023,7,5,21,0,30,0,0,0,0,0,0,0,0,112.53,108,4.1000000000000005
2023,7,5,22,0,29.8,0,0,0,8,0,0,0,0,121.9,114,4.2
2023,7,5,23,0,29.6,0,0,0,0,0,0,0,0,128.81,120,4.2
2023,7,6,0,0,29.5,0,0,0,0,0,0,0,0,132.15,127,4.1000000000000005
2023,7,6,1,0,29.400000000000002,0,0,0,0,0,0,0,0,131.2,133,4
2023,7,6,2,0,29.3,0,0,0,0,0,0,0,0,126.18,138,3.9000000000000004
2023,7,6,3,0,29.400000000000002,0,0,0,0,0,0,0,0,118.08,142,3.8000000000000003
2023,7,6,4,0,29.400000000000002,0,0,0,0,0,0,0,0,107.93,147,3.6
2023,7,6,5,0,29.400000000000002,0,0,0,8,0,0,0,0,96.48,153,3.2
2023,7,6,6,0,29.700000000000003,38,153,53,0,38,153,0,53,84.07000000000001,159,3
2023,7,6,7,0,29.900000000000002,86,484,241,0,86,484,0,241,71.36,166,3
2023,7,6,8,0,30,111,652,454,0,111,652,0,454,58.230000000000004,174,2.8000000000000003
2023,7,6,9,0,30.1,125,747,654,0,125,747,0,654,44.85,184,2.7
2023,7,6,10,0,30.3,127,812,820,0,127,812,0,820,31.32,185,2.8000000000000003
2023,7,6,11,0,30.5,129,845,934,0,129,845,0,934,17.740000000000002,181,2.9000000000000004
2023,7,6,12,0,30.700000000000003,128,861,986,7,305,434,0,738,4.51,179,2.9000000000000004
2023,7,6,13,0,30.8,131,853,971,8,431,105,0,535,10.09,178,3
2023,7,6,14,0,31,123,842,894,7,409,146,0,543,23.63,177,3
2023,7,6,15,0,31.1,113,813,761,7,215,4,0,218,37.2,177,2.9000000000000004
2023,7,6,16,0,31.1,101,756,580,7,266,291,0,450,50.68,181,2.9000000000000004
2023,7,6,17,0,31,83,655,371,7,166,34,0,181,63.97,188,2.9000000000000004
2023,7,6,18,0,30.6,56,458,159,3,101,10,7,103,76.96000000000001,192,2.8000000000000003
2023,7,6,19,0,30.3,0,0,0,5,0,0,7,0,89.23,194,3
2023,7,6,20,0,30.200000000000003,0,0,0,8,0,0,0,0,101.60000000000001,196,3.4000000000000004
2023,7,6,21,0,30.1,0,0,0,7,0,0,0,0,112.57000000000001,199,3.8000000000000003
2023,7,6,22,0,29.900000000000002,0,0,0,3,0,0,0,0,121.96000000000001,201,4
2023,7,6,23,0,29.8,0,0,0,8,0,0,0,0,128.89000000000001,204,4.2
2023,7,7,0,0,29.700000000000003,0,0,0,8,0,0,0,0,132.25,206,4.3
2023,7,7,1,0,29.6,0,0,0,8,0,0,0,0,131.31,208,4.2
2023,7,7,2,0,29.6,0,0,0,7,0,0,0,0,126.29,210,4
2023,7,7,3,0,29.6,0,0,0,7,0,0,0,0,118.18,212,3.8000000000000003
2023,7,7,4,0,29.6,0,0,0,3,0,0,0,0,108.02,213,3.6
2023,7,7,5,0,29.700000000000003,0,0,0,0,0,0,0,0,96.56,211,3.5
2023,7,7,6,0,30.1,34,208,55,1,34,208,0,55,84.15,209,3.5
2023,7,7,7,0,30.5,77,526,245,0,77,526,0,245,71.43,207,3.7
2023,7,7,8,0,30.700000000000003,103,675,458,0,103,675,0,458,58.29,203,3.7
2023,7,7,9,0,30.900000000000002,121,756,657,0,121,756,0,657,44.910000000000004,200,3.7
2023,7,7,10,0,31.1,139,795,818,0,139,795,0,818,31.38,196,3.7
2023,7,7,11,0,31.3,149,820,929,0,149,820,0,929,17.8,194,3.5
2023,7,7,12,0,31.400000000000002,154,828,980,3,512,200,0,711,4.6000000000000005,194,3.3000000000000003
2023,7,7,13,0,31.5,160,816,964,9,141,0,0,141,10.09,194,3
2023,7,7,14,0,31.6,153,802,887,6,404,179,0,569,23.61,195,2.6
2023,7,7,15,0,31.6,141,767,752,7,300,310,0,547,37.19,191,2.3000000000000003
2023,7,7,16,0,31.5,125,706,572,7,251,253,0,411,50.67,188,2
2023,7,7,17,0,31.3,102,596,364,7,192,88,0,230,63.96,185,1.7000000000000002
2023,7,7,18,0,30.900000000000002,68,384,154,7,71,5,0,73,76.96000000000001,182,1.5
2023,7,7,19,0,30.6,0,0,0,7,0,0,7,0,89.24,182,1.5
2023,7,7,20,0,30.400000000000002,0,0,0,7,0,0,0,0,101.63,186,1.7000000000000002
2023,7,7,21,0,30.200000000000003,0,0,0,7,0,0,0,0,112.61,188,1.9000000000000001
2023,7,7,22,0,30,0,0,0,8,0,0,0,0,122.03,191,2.2
2023,7,7,23,0,29.8,0,0,0,8,0,0,0,0,128.97,193,2.6
2023,7,8,0,0,29.700000000000003,0,0,0,7,0,0,0,0,132.36,196,2.8000000000000003
2023,7,8,1,0,29.6,0,0,0,7,0,0,0,0,131.42000000000002,199,3
2023,7,8,2,0,29.400000000000002,0,0,0,8,0,0,0,0,126.4,201,3
2023,7,8,3,0,29.3,0,0,0,0,0,0,0,0,118.28,201,3
2023,7,8,4,0,29.200000000000003,0,0,0,1,0,0,0,0,108.11,197,2.9000000000000004
2023,7,8,5,0,29.200000000000003,0,0,0,0,0,0,0,0,96.65,188,2.9000000000000004
2023,7,8,6,0,29.5,36,192,55,0,36,192,1,55,84.23,181,3.1
2023,7,8,7,0,29.700000000000003,81,524,247,0,81,524,0,247,71.5,177,3.5
2023,7,8,8,0,29.8,108,678,464,0,108,678,0,464,58.36,177,3.6
2023,7,8,9,0,30,127,760,665,0,127,760,0,665,44.97,178,3.6
2023,7,8,10,0,30.3,165,769,821,0,165,769,0,821,31.44,181,3.6
2023,7,8,11,0,30.700000000000003,174,797,933,0,174,797,0,933,17.85,186,3.5
2023,7,8,12,0,31.1,179,807,983,0,179,807,0,983,4.69,192,3.4000000000000004
2023,7,8,13,0,31.400000000000002,195,778,962,0,195,778,0,962,10.08,198,3.3000000000000003
2023,7,8,14,0,31.6,191,752,881,1,191,752,0,881,23.6,204,3.1
2023,7,8,15,0,31.8,181,705,743,3,251,1,0,252,37.18,210,2.9000000000000004
2023,7,8,16,0,31.700000000000003,171,610,558,3,333,64,0,374,50.660000000000004,218,2.7
2023,7,8,17,0,31.3,141,474,349,6,34,0,0,34,63.97,229,2.3000000000000003
2023,7,8,18,0,30.900000000000002,88,246,144,6,10,0,0,10,76.97,239,1.9000000000000001
2023,7,8,19,0,30.6,0,0,0,7,0,0,7,0,89.26,246,1.7000000000000002
2023,7,8,20,0,30.5,0,0,0,3,0,0,0,0,101.66,243,1.4000000000000001
2023,7,8,21,0,30.400000000000002,0,0,0,1,0,0,0,0,112.66,227,1.2000000000000002
2023,7,8,22,0,30.1,0,0,0,8,0,0,0,0,122.10000000000001,197,1.4000000000000001
2023,7,8,23,0,29.8,0,0,0,0,0,0,0,0,129.06,181,2
2023,7,9,0,0,29.5,0,0,0,0,0,0,0,0,132.47,173,2.6
2023,7,9,1,0,29.3,0,0,0,0,0,0,0,0,131.54,169,3.2
2023,7,9,2,0,29.200000000000003,0,0,0,0,0,0,0,0,126.52,166,3.7
2023,7,9,3,0,29,0,0,0,0,0,0,0,0,118.39,165,4
2023,7,9,4,0,28.900000000000002,0,0,0,0,0,0,0,0,108.21000000000001,165,4.1000000000000005
2023,7,9,5,0,28.900000000000002,0,0,0,0,0,0,0,0,96.74000000000001,165,4.1000000000000005
2023,7,9,6,0,29.1,39,63,46,0,39,63,0,46,84.31,167,4.1000000000000005
2023,7,9,7,0,29.3,113,364,227,0,113,364,0,227,71.58,169,4.1000000000000005
2023,7,9,8,0,29.5,151,552,440,0,151,552,0,440,58.42,172,3.9000000000000004
2023,7,9,9,0,29.700000000000003,173,662,640,0,173,662,0,640,45.03,175,3.6
2023,7,9,10,0,30,164,762,814,3,389,401,0,731,31.5,176,3.4000000000000004
2023,7,9,11,0,30.5,167,802,930,1,167,802,0,930,17.91,176,3.2
2023,7,9,12,0,30.900000000000002,166,821,984,2,519,194,0,713,4.79,177,2.9000000000000004
2023,7,9,13,0,31.3,167,814,969,3,490,150,0,637,10.09,178,2.6
2023,7,9,14,0,31.6,159,799,891,3,446,90,0,529,23.59,177,2.3000000000000003
2023,7,9,15,0,31.900000000000002,147,766,757,1,147,766,0,757,37.17,173,2.1
2023,7,9,16,0,31.900000000000002,131,699,574,1,131,699,0,574,50.660000000000004,175,1.8
2023,7,9,17,0,31.900000000000002,108,583,364,0,108,583,0,364,63.97,179,1.6
2023,7,9,18,0,31.700000000000003,72,362,153,0,72,362,0,153,76.99,178,1.4000000000000001
2023,7,9,19,0,31.400000000000002,0,0,0,0,0,0,0,0,89.28,175,1.5
2023,7,9,20,0,31.3,0,0,0,0,0,0,0,0,101.7,174,1.8
2023,7,9,21,0,31.200000000000003,0,0,0,0,0,0,0,0,112.72,173,1.9000000000000001
2023,7,9,22,0,31,0,0,0,0,0,0,0,0,122.17,169,1.9000000000000001
2023,7,9,23,0,30.700000000000003,0,0,0,0,0,0,0,0,129.16,161,2
2023,7,10,0,0,30.400000000000002,0,0,0,0,0,0,0,0,132.59,155,2.2
2023,7,10,1,0,30,0,0,0,0,0,0,0,0,131.67000000000002,153,2.5
2023,7,10,2,0,29.700000000000003,0,0,0,0,0,0,0,0,126.64,153,2.9000000000000004
2023,7,10,3,0,29.3,0,0,0,0,0,0,0,0,118.51,152,3.2
2023,7,10,4,0,29.1,0,0,0,0,0,0,0,0,108.32000000000001,153,3.7
2023,7,10,5,0,28.900000000000002,0,0,0,0,0,0,0,0,96.83,154,4.2
2023,7,10,6,0,29.3,35,175,53,0,35,175,0,53,84.39,154,4.5
2023,7,10,7,0,29.5,80,528,246,0,80,528,0,246,71.65,154,4.5
2023,7,10,8,0,29.700000000000003,104,696,467,0,104,696,0,467,58.49,154,4
2023,7,10,9,0,30,119,785,673,0,119,785,0,673,45.09,152,3.5
2023,7,10,10,0,30.5,128,837,841,0,128,837,0,841,31.55,152,3
2023,7,10,11,0,30.900000000000002,134,865,957,0,134,865,0,957,17.97,153,2.6
2023,7,10,12,0,31.3,138,875,1010,0,138,875,0,1010,4.89,154,2.3000000000000003
2023,7,10,13,0,31.700000000000003,138,868,993,0,138,868,0,993,10.09,152,1.9000000000000001
2023,7,10,14,0,31.900000000000002,133,848,911,0,133,848,0,911,23.580000000000002,147,1.5
2023,7,10,15,0,32,125,811,772,0,125,811,0,772,37.160000000000004,133,1.2000000000000002
2023,7,10,16,0,31.900000000000002,113,747,586,0,113,747,0,586,50.660000000000004,113,1.1
2023,7,10,17,0,31.700000000000003,95,635,373,0,95,635,0,373,63.980000000000004,98,1.3
2023,7,10,18,0,31.400000000000002,64,416,158,0,64,416,0,158,77,95,1.5
2023,7,10,19,0,31,0,0,0,0,0,0,0,0,89.3,100,1.7000000000000002
2023,7,10,20,0,30.700000000000003,0,0,0,0,0,0,0,0,101.74000000000001,107,2.1
2023,7,10,21,0,30.5,0,0,0,0,0,0,0,0,112.78,114,2.4000000000000004
2023,7,10,22,0,30.200000000000003,0,0,0,0,0,0,0,0,122.25,123,2.6
2023,7,10,23,0,29.900000000000002,0,0,0,0,0,0,0,0,129.27,132,2.9000000000000004
2023,7,11,0,0,29.6,0,0,0,0,0,0,0,0,132.71,139,3.2
2023,7,11,1,0,29.400000000000002,0,0,0,0,0,0,0,0,131.8,145,3.4000000000000004
2023,7,11,2,0,29.200000000000003,0,0,0,0,0,0,0,0,126.77,151,3.4000000000000004
2023,7,11,3,0,29,0,0,0,0,0,0,0,0,118.62,155,3.3000000000000003
2023,7,11,4,0,29,0,0,0,0,0,0,0,0,108.42,158,3.1
2023,7,11,5,0,29,0,0,0,0,0,0,0,0,96.92,159,2.8000000000000003
2023,7,11,6,0,29.5,28,299,57,0,28,299,0,57,84.47,157,2.5
2023,7,11,7,0,29.8,59,623,254,0,59,623,0,254,71.72,154,2.1
2023,7,11,8,0,29.900000000000002,76,758,471,0,76,758,0,471,58.56,146,1.3
2023,7,11,9,0,30,87,830,673,1,87,830,0,673,45.15,122,0.8
2023,7,11,10,0,30.200000000000003,94,872,836,1,94,872,0,836,31.61,96,0.8
2023,7,11,11,0,30.6,99,893,948,0,99,893,0,948,18.03,93,1
2023,7,11,12,0,30.8,102,900,999,8,407,49,0,456,4.99,94,1.1
2023,7,11,13,0,31,107,889,982,7,354,373,0,721,10.1,93,1.2000000000000002
2023,7,11,14,0,31.1,104,873,904,6,272,5,0,277,23.580000000000002,91,1.3
2023,7,11,15,0,31.200000000000003,99,840,768,7,340,93,0,414,37.160000000000004,91,1.3
2023,7,11,16,0,31.200000000000003,89,785,586,7,154,528,0,489,50.660000000000004,90,1.4000000000000001
2023,7,11,17,0,31,75,686,376,3,133,1,0,134,63.99,87,1.6
2023,7,11,18,0,30.8,53,485,161,3,84,2,0,85,77.02,85,1.7000000000000002
2023,7,11,19,0,30.5,0,0,0,1,0,0,0,0,89.33,88,1.9000000000000001
2023,7,11,20,0,30.400000000000002,0,0,0,7,0,0,0,0,101.79,97,2.3000000000000003
2023,7,11,21,0,30.3,0,0,0,7,0,0,0,0,112.85000000000001,107,2.7
2023,7,11,22,0,30.1,0,0,0,7,0,0,0,0,122.34,115,3
2023,7,11,23,0,30,0,0,0,0,0,0,0,0,129.38,121,3.3000000000000003
2023,7,12,0,0,29.900000000000002,0,0,0,0,0,0,0,0,132.84,126,3.5
2023,7,12,1,0,29.700000000000003,0,0,0,3,0,0,0,0,131.94,128,3.7
2023,7,12,2,0,29.6,0,0,0,0,0,0,0,0,126.9,131,3.8000000000000003
2023,7,12,3,0,29.5,0,0,0,0,0,0,0,0,118.74000000000001,134,3.9000000000000004
2023,7,12,4,0,29.400000000000002,0,0,0,0,0,0,0,0,108.53,137,4
2023,7,12,5,0,29.400000000000002,0,0,0,0,0,0,0,0,97.02,139,3.9000000000000004
2023,7,12,6,0,29.8,31,224,52,0,31,224,0,52,84.55,141,3.8000000000000003
2023,7,12,7,0,30.1,68,565,245,0,68,565,0,245,71.8,140,3.6
2023,7,12,8,0,30.3,89,714,461,0,89,714,0,461,58.63,136,3.1
2023,7,12,9,0,30.5,104,792,662,0,104,792,0,662,45.22,129,2.7
2023,7,12,10,0,30.700000000000003,115,834,826,0,115,834,0,826,31.67,120,2.4000000000000004
2023,7,12,11,0,30.900000000000002,122,860,939,0,122,860,0,939,18.09,112,2.4000000000000004
2023,7,12,12,0,31.1,123,872,992,0,123,872,0,992,5.09,104,2.3000000000000003
2023,7,12,13,0,31.200000000000003,128,862,976,6,235,2,0,237,10.120000000000001,95,2.2
2023,7,12,14,0,31.3,123,846,899,7,134,0,0,134,23.580000000000002,85,2.2
2023,7,12,15,0,31.400000000000002,115,814,764,8,197,612,0,685,37.160000000000004,75,2.3000000000000003
2023,7,12,16,0,31.200000000000003,104,754,582,7,159,540,0,502,50.67,68,2.4000000000000004
2023,7,12,17,0,31,87,648,371,7,194,138,0,254,64,67,2.5
2023,7,12,18,0,30.6,59,443,158,7,103,211,0,150,77.05,72,2.5
2023,7,12,19,0,30.3,0,0,0,7,0,0,7,0,89.36,80,2.5
2023,7,12,20,0,30.1,0,0,0,8,0,0,0,0,101.84,89,2.6
2023,7,12,21,0,30,0,0,0,0,0,0,0,0,112.92,98,2.8000000000000003
2023,7,12,22,0,29.8,0,0,0,0,0,0,0,0,122.43,105,3.1
2023,7,12,23,0,29.700000000000003,0,0,0,0,0,0,0,0,129.5,108,3.5
2023,7,13,0,0,29.6,0,0,0,3,0,0,0,0,132.98,111,3.7
2023,7,13,1,0,29.5,0,0,0,8,0,0,0,0,132.09,112,3.8000000000000003
2023,7,13,2,0,29.400000000000002,0,0,0,7,0,0,0,0,127.04,114,3.9000000000000004
2023,7,13,3,0,29.3,0,0,0,8,0,0,0,0,118.87,115,4
2023,7,13,4,0,29.3,0,0,0,0,0,0,0,0,108.64,117,3.8000000000000003
2023,7,13,5,0,29.3,0,0,0,0,0,0,0,0,97.12,119,3.6
2023,7,13,6,0,29.700000000000003,34,152,48,0,34,152,0,48,84.64,120,3.3000000000000003
2023,7,13,7,0,30,82,493,236,0,82,493,0,236,71.87,119,3.1
2023,7,13,8,0,30.1,109,656,450,0,109,656,0,450,58.69,116,2.8000000000000003
2023,7,13,9,0,30.200000000000003,126,747,651,0,126,747,0,651,45.28,112,2.4000000000000004
2023,7,13,10,0,30.400000000000002,122,823,822,0,122,823,0,822,31.73,110,2.3000000000000003
2023,7,13,11,0,30.700000000000003,125,853,936,0,125,853,0,936,18.150000000000002,109,2.3000000000000003
2023,7,13,12,0,30.900000000000002,127,865,988,0,127,865,0,988,5.2,106,2.3000000000000003
2023,7,13,13,0,31,123,866,976,0,123,866,0,976,10.14,100,2.3000000000000003
2023,7,13,14,0,31.1,119,851,899,7,381,225,0,587,23.580000000000002,93,2.3000000000000003
2023,7,13,15,0,31.1,111,819,763,7,292,356,0,575,37.17,87,2.4000000000000004
2023,7,13,16,0,31,100,759,581,7,150,585,0,520,50.68,79,2.6
2023,7,13,17,0,30.8,84,655,371,1,84,655,0,371,64.02,74,2.7
2023,7,13,18,0,30.6,58,446,157,8,104,76,0,121,77.08,74,2.9000000000000004
2023,7,13,19,0,30.3,0,0,0,0,0,0,0,0,89.4,77,3.1
2023,7,13,20,0,30.200000000000003,0,0,0,3,0,0,0,0,101.9,82,3.2
2023,7,13,21,0,30.1,0,0,0,7,0,0,0,0,112.99000000000001,87,3.3000000000000003
2023,7,13,22,0,29.900000000000002,0,0,0,8,0,0,0,0,122.53,95,3.4000000000000004
2023,7,13,23,0,29.700000000000003,0,0,0,3,0,0,0,0,129.62,103,3.4000000000000004
2023,7,14,0,0,29.6,0,0,0,3,0,0,0,0,133.12,110,3.3000000000000003
2023,7,14,1,0,29.400000000000002,0,0,0,0,0,0,0,0,132.23,117,3.2
2023,7,14,2,0,29.3,0,0,0,3,0,0,0,0,127.18,122,3.1
2023,7,14,3,0,29.3,0,0,0,1,0,0,0,0,118.99000000000001,127,2.9000000000000004
2023,7,14,4,0,29.200000000000003,0,0,0,8,0,0,0,0,108.75,130,2.8000000000000003
2023,7,14,5,0,29.200000000000003,0,0,0,7,0,0,0,0,97.22,131,2.7
2023,7,14,6,0,29.6,32,181,48,3,32,0,7,32,84.72,130,2.6
2023,7,14,7,0,29.8,75,521,236,0,75,521,0,236,71.95,125,2.7
2023,7,14,8,0,29.900000000000002,99,679,451,0,99,679,0,451,58.76,120,2.6
2023,7,14,9,0,29.900000000000002,115,764,652,1,115,764,0,652,45.34,116,2.5
2023,7,14,10,0,30.1,112,835,822,6,382,89,0,458,31.79,116,2.6
2023,7,14,11,0,30.3,117,862,935,2,463,165,0,619,18.21,117,2.7
2023,7,14,12,0,30.400000000000002,118,874,988,1,118,874,0,988,5.32,118,2.7
2023,7,14,13,0,30.5,130,854,971,0,130,854,0,971,10.17,119,2.6
2023,7,14,14,0,30.700000000000003,124,840,894,0,124,840,0,894,23.59,117,2.5
2023,7,14,15,0,30.8,114,811,760,8,323,290,0,554,37.18,115,2.5
2023,7,14,16,0,30.700000000000003,102,752,579,7,252,263,0,418,50.69,105,2.4000000000000004
2023,7,14,17,0,30.5,86,646,368,8,176,256,0,289,64.04,95,2.7
2023,7,14,18,0,30.200000000000003,58,435,155,7,70,7,0,72,77.11,92,2.8000000000000003
2023,7,14,19,0,29.900000000000002,0,0,0,7,0,0,7,0,89.44,94,3
2023,7,14,20,0,29.700000000000003,0,0,0,2,0,0,0,0,101.96000000000001,97,3.2
2023,7,14,21,0,29.6,0,0,0,8,0,0,0,0,113.07000000000001,103,3.4000000000000004
2023,7,14,22,0,29.5,0,0,0,3,0,0,0,0,122.64,115,3.5
2023,7,14,23,0,29.400000000000002,0,0,0,3,0,0,0,0,129.75,128,3.7
2023,7,15,0,0,29.3,0,0,0,7,0,0,0,0,133.27,141,3.9000000000000004
2023,7,15,1,0,29.200000000000003,0,0,0,8,0,0,0,0,132.39000000000001,152,4
2023,7,15,2,0,29,0,0,0,8,0,0,0,0,127.33,161,4
2023,7,15,3,0,28.900000000000002,0,0,0,8,0,0,0,0,119.13,166,3.9000000000000004
2023,7,15,4,0,28.900000000000002,0,0,0,3,0,0,0,0,108.86,167,3.8000000000000003
2023,7,15,5,0,29,0,0,0,3,0,0,0,0,97.32000000000001,167,3.8000000000000003
2023,7,15,6,0,29.200000000000003,31,189,48,0,31,189,0,48,84.81,165,4
2023,7,15,7,0,29.5,74,524,235,0,74,524,0,235,72.03,164,4.5
2023,7,15,8,0,29.6,99,676,449,0,99,676,0,449,58.83,165,4.6000000000000005
2023,7,15,9,0,29.900000000000002,119,754,648,8,190,593,0,606,45.4,167,4.6000000000000005
2023,7,15,10,0,30.1,160,755,801,3,382,33,0,410,31.85,170,4.4
2023,7,15,11,0,30.5,171,781,913,3,310,1,0,311,18.28,173,4
2023,7,15,12,0,30.8,178,791,965,3,357,2,0,359,5.44,178,3.6
2023,7,15,13,0,31.1,199,757,944,7,442,159,0,598,10.21,182,3
2023,7,15,14,0,31.3,197,730,866,8,392,53,0,440,23.6,185,2.3000000000000003
2023,7,15,15,0,31.5,184,688,732,3,412,268,0,625,37.19,185,1.6
2023,7,15,16,0,31.5,170,601,550,6,15,0,0,15,50.71,181,1
2023,7,15,17,0,31.3,139,469,344,8,196,305,0,329,64.07000000000001,153,0.7000000000000001
2023,7,15,18,0,31,86,243,140,0,86,243,0,140,77.15,127,1
2023,7,15,19,0,30.700000000000003,0,0,0,0,0,0,0,0,89.48,126,1.4000000000000001
2023,7,15,20,0,30.5,0,0,0,3,0,0,0,0,102.03,131,1.9000000000000001
2023,7,15,21,0,30.3,0,0,0,8,0,0,0,0,113.16,136,2.3000000000000003
2023,7,15,22,0,30.1,0,0,0,0,0,0,0,0,122.75,141,2.5
2023,7,15,23,0,29.900000000000002,0,0,0,0,0,0,0,0,129.89000000000001,145,2.5
2023,7,16,0,0,29.700000000000003,0,0,0,0,0,0,0,0,133.43,146,2.4000000000000004
2023,7,16,1,0,29.5,0,0,0,0,0,0,0,0,132.55,145,2.5
2023,7,16,2,0,29.400000000000002,0,0,0,0,0,0,0,0,127.48,144,2.5
2023,7,16,3,0,29.3,0,0,0,0,0,0,0,0,119.26,142,2.5
2023,7,16,4,0,29.200000000000003,0,0,0,0,0,0,0,0,108.98,144,2.6
2023,7,16,5,0,29.1,0,0,0,0,0,0,0,0,97.42,148,2.7
2023,7,16,6,0,29.3,35,88,42,0,35,88,0,42,84.89,151,2.9000000000000004
2023,7,16,7,0,29.6,93,430,226,0,93,430,0,226,72.11,153,3.2
2023,7,16,8,0,29.6,123,616,441,0,123,616,0,441,58.9,155,3.3000000000000003
2023,7,16,9,0,29.700000000000003,140,718,643,0,140,718,0,643,45.47,155,3.2
2023,7,16,10,0,29.900000000000002,164,754,805,1,164,754,0,805,31.900000000000002,152,3.1
2023,7,16,11,0,30.200000000000003,168,794,921,0,168,794,0,921,18.34,147,2.8000000000000003
2023,7,16,12,0,30.5,168,812,976,3,507,279,0,785,5.5600000000000005,144,2.5
2023,7,16,13,0,30.8,171,805,963,1,171,805,0,963,10.25,139,2.3000000000000003
2023,7,16,14,0,31,165,786,885,7,261,524,0,741,23.62,131,2
2023,7,16,15,0,31.200000000000003,154,748,750,8,172,2,0,174,37.21,122,2
2023,7,16,16,0,31.1,139,677,567,7,225,402,0,479,50.730000000000004,112,2
2023,7,16,17,0,30.8,114,555,357,7,187,277,0,308,64.1,104,1.9000000000000001
2023,7,16,18,0,30.5,75,326,147,7,113,126,0,141,77.19,107,1.8
2023,7,16,19,0,30.200000000000003,0,0,0,7,0,0,7,0,89.53,116,1.7000000000000002
2023,7,16,20,0,30,0,0,0,7,0,0,0,0,102.10000000000001,128,1.8
2023,7,16,21,0,29.900000000000002,0,0,0,7,0,0,0,0,113.25,139,1.8
2023,7,16,22,0,29.8,0,0,0,7,0,0,0,0,122.87,147,2
2023,7,16,23,0,29.700000000000003,0,0,0,7,0,0,0,0,130.03,152,2.1
2023,7,17,0,0,29.6,0,0,0,7,0,0,0,0,133.59,156,2.1
2023,7,17,1,0,29.6,0,0,0,7,0,0,0,0,132.72,156,2.2
2023,7,17,2,0,29.5,0,0,0,7,0,0,0,0,127.63000000000001,156,2.1
2023,7,17,3,0,29.400000000000002,0,0,0,7,0,0,0,0,119.4,156,1.9000000000000001
2023,7,17,4,0,29.400000000000002,0,0,0,7,0,0,0,0,109.10000000000001,151,1.8
2023,7,17,5,0,29.400000000000002,0,0,0,7,0,0,0,0,97.52,140,2
2023,7,17,6,0,29.6,32,142,44,1,32,142,0,44,84.98,133,2.4000000000000004
2023,7,17,7,0,29.900000000000002,80,495,232,0,80,495,0,232,72.18,129,3.1
2023,7,17,8,0,30,106,664,448,8,202,339,0,377,58.97,127,3.7
2023,7,17,9,0,30.1,121,756,651,8,262,388,0,534,45.53,126,4.3
2023,7,17,10,0,30.400000000000002,131,809,818,8,306,17,0,321,31.96,127,4.6000000000000005
2023,7,17,11,0,30.700000000000003,137,839,933,7,133,748,0,842,18.41,127,4.5
2023,7,17,12,0,30.900000000000002,139,853,987,7,125,752,0,874,5.69,127,4.3
2023,7,17,13,0,31,136,853,976,0,136,853,0,976,10.290000000000001,127,4.2
2023,7,17,14,0,31.1,132,836,897,0,132,836,0,897,23.64,127,4
2023,7,17,15,0,31.200000000000003,123,802,762,7,212,575,0,669,37.230000000000004,126,3.8000000000000003
2023,7,17,16,0,31.1,111,739,579,7,255,268,0,425,50.76,122,3.4000000000000004
2023,7,17,17,0,30.8,92,631,367,8,151,415,0,332,64.13,113,2.9000000000000004
2023,7,17,18,0,30.400000000000002,62,413,153,7,105,130,0,134,77.23,104,2.5
2023,7,17,19,0,30.1,0,0,0,7,0,0,7,0,89.58,98,2.3000000000000003
2023,7,17,20,0,30,0,0,0,7,0,0,0,0,102.17,96,2.3000000000000003
2023,7,17,21,0,29.900000000000002,0,0,0,7,0,0,0,0,113.35000000000001,97,2.2
2023,7,17,22,0,29.8,0,0,0,8,0,0,0,0,122.99000000000001,104,2.5
2023,7,17,23,0,29.6,0,0,0,0,0,0,0,0,130.18,112,2.9000000000000004
2023,7,18,0,0,29.5,0,0,0,7,0,0,0,0,133.76,118,3.2
2023,7,18,1,0,29.3,0,0,0,7,0,0,0,0,132.89000000000001,121,3.5
2023,7,18,2,0,29.200000000000003,0,0,0,7,0,0,0,0,127.79,123,3.8000000000000003
2023,7,18,3,0,29.1,0,0,0,8,0,0,0,0,119.54,124,3.8000000000000003
2023,7,18,4,0,29.1,0,0,0,7,0,0,0,0,109.22,124,3.6
2023,7,18,5,0,29.1,0,0,0,7,0,0,0,0,97.62,123,3.2
2023,7,18,6,0,29.400000000000002,30,177,45,8,33,2,7,33,85.07000000000001,121,2.9000000000000004
2023,7,18,7,0,29.6,69,547,236,7,138,109,0,172,72.26,116,2.8000000000000003
2023,7,18,8,0,29.6,87,715,455,0,87,715,0,455,59.04,111,2.6
2023,7,18,9,0,29.700000000000003,99,800,659,1,99,800,0,659,45.59,104,2.5
2023,7,18,10,0,29.8,106,849,826,7,333,283,0,573,32.02,101,2.5
2023,7,18,11,0,30,112,872,939,0,112,872,0,939,18.47,100,2.6
2023,7,18,12,0,30.200000000000003,115,880,991,8,227,632,0,855,5.82,98,2.8000000000000003
2023,7,18,13,0,30.5,117,874,977,0,117,874,0,977,10.35,95,3
2023,7,18,14,0,30.6,114,857,899,0,114,857,0,899,23.66,94,3.3000000000000003
2023,7,18,15,0,30.8,109,821,762,7,273,355,0,555,37.25,94,3.8000000000000003
2023,7,18,16,0,30.700000000000003,101,754,578,6,253,48,0,283,50.79,92,4
2023,7,18,17,0,30.5,87,637,365,7,202,101,0,246,64.17,90,4
2023,7,18,18,0,30.3,60,414,151,7,83,15,0,87,77.28,92,4
2023,7,18,19,0,30.1,0,0,0,7,0,0,7,0,89.63,95,4.2
2023,7,18,20,0,29.900000000000002,0,0,0,7,0,0,0,0,102.25,101,4.4
2023,7,18,21,0,29.8,0,0,0,7,0,0,0,0,113.45,109,4.800000000000001
2023,7,18,22,0,29.700000000000003,0,0,0,0,0,0,0,0,123.12,117,5.2
2023,7,18,23,0,29.6,0,0,0,0,0,0,0,0,130.34,126,5.5
2023,7,19,0,0,29.5,0,0,0,0,0,0,0,0,133.93,130,5.300000000000001
2023,7,19,1,0,29.400000000000002,0,0,0,0,0,0,0,0,133.06,131,4.9
2023,7,19,2,0,29.3,0,0,0,0,0,0,0,0,127.96000000000001,129,4.7
2023,7,19,3,0,29.200000000000003,0,0,0,0,0,0,0,0,119.68,127,4.6000000000000005
2023,7,19,4,0,29.200000000000003,0,0,0,0,0,0,0,0,109.34,124,4.5
2023,7,19,5,0,29.1,0,0,0,7,0,0,0,0,97.73,122,4.3
2023,7,19,6,0,29.400000000000002,32,93,40,0,32,93,0,40,85.16,118,4.3
2023,7,19,7,0,29.700000000000003,90,438,222,0,90,438,0,222,72.34,116,4.5
2023,7,19,8,0,29.8,119,620,437,0,119,620,0,437,59.11,115,4.5
2023,7,19,9,0,30,137,719,640,3,299,16,0,310,45.65,115,4.6000000000000005
2023,7,19,10,0,30.200000000000003,137,795,811,9,213,2,0,215,32.08,117,4.7
2023,7,19,11,0,30.5,142,827,926,9,120,0,0,121,18.54,120,4.800000000000001
2023,7,19,12,0,30.700000000000003,143,842,981,9,59,0,0,59,5.96,122,4.7
2023,7,19,13,0,30.900000000000002,186,778,952,9,313,5,0,319,10.41,122,4.4
2023,7,19,14,0,31,181,757,874,7,423,107,0,522,23.69,119,4.1000000000000005
2023,7,19,15,0,31.1,171,712,738,8,289,418,0,621,37.28,116,3.9000000000000004
2023,7,19,16,0,31,156,632,555,7,194,539,0,535,50.82,113,3.9000000000000004
2023,7,19,17,0,30.8,131,491,345,7,192,267,0,308,64.21000000000001,111,3.7
2023,7,19,18,0,30.5,84,246,138,8,110,53,7,121,77.33,109,3.4000000000000004
2023,7,19,19,0,30.3,0,0,0,7,0,0,7,0,89.69,106,3.3000000000000003
2023,7,19,20,0,30.200000000000003,0,0,0,7,0,0,0,0,102.34,101,3.2
2023,7,19,21,0,30.1,0,0,0,7,0,0,0,0,113.56,94,3.2
2023,7,19,22,0,30.1,0,0,0,8,0,0,0,0,123.25,89,3.4000000000000004
2023,7,19,23,0,30.1,0,0,0,8,0,0,0,0,130.5,87,3.7
2023,7,20,0,0,30,0,0,0,3,0,0,0,0,134.11,89,4
2023,7,20,1,0,29.900000000000002,0,0,0,3,0,0,0,0,133.25,93,4.2
2023,7,20,2,0,29.8,0,0,0,0,0,0,0,0,128.12,101,4.4
2023,7,20,3,0,29.700000000000003,0,0,0,0,0,0,0,0,119.82000000000001,107,4.5
2023,7,20,4,0,29.6,0,0,0,7,0,0,0,0,109.47,114,4.5
2023,7,20,5,0,29.5,0,0,0,7,0,0,0,0,97.84,120,4.3
2023,7,20,6,0,29.6,32,38,35,1,32,38,0,35,85.24,125,4.4
2023,7,20,7,0,29.8,105,363,214,8,145,196,0,204,72.42,128,4.6000000000000005
2023,7,20,8,0,29.900000000000002,134,579,431,0,134,579,0,431,59.18,129,4.3
2023,7,20,9,0,29.900000000000002,143,708,637,1,143,708,0,637,45.72,129,3.8000000000000003
2023,7,20,10,0,30.1,199,695,788,0,199,695,0,788,32.14,126,3.6
2023,7,20,11,0,30.200000000000003,204,738,903,1,204,738,0,903,18.61,120,3.7
2023,7,20,12,0,30.400000000000002,206,755,957,3,508,306,0,812,6.1000000000000005,115,3.9000000000000004
2023,7,20,13,0,30.5,213,740,941,7,315,523,0,829,10.48,112,4.3
2023,7,20,14,0,30.700000000000003,203,722,864,0,203,722,0,864,23.73,112,4.7
2023,7,20,15,0,30.900000000000002,188,682,731,7,226,586,0,691,37.31,111,5.1000000000000005
2023,7,20,16,0,30.8,166,610,551,7,245,360,0,473,50.86,111,5.2
2023,7,20,17,0,30.6,133,486,344,7,186,36,0,202,64.26,112,5.1000000000000005
2023,7,20,18,0,30.3,82,262,139,8,113,74,0,129,77.39,113,5
2023,7,20,19,0,30,0,0,0,7,0,0,7,0,89.76,115,4.800000000000001
2023,7,20,20,0,29.8,0,0,0,3,0,0,0,0,102.43,117,4.6000000000000005
2023,7,20,21,0,29.700000000000003,0,0,0,0,0,0,0,0,113.67,120,4.5
2023,7,20,22,0,29.6,0,0,0,0,0,0,0,0,123.39,122,4.3
2023,7,20,23,0,29.5,0,0,0,0,0,0,0,0,130.66,125,4
2023,7,21,0,0,29.5,0,0,0,3,0,0,0,0,134.3,131,3.6
2023,7,21,1,0,29.400000000000002,0,0,0,0,0,0,0,0,133.43,139,3.3000000000000003
2023,7,21,2,0,29.400000000000002,0,0,0,3,0,0,0,0,128.29,148,3.1
2023,7,21,3,0,29.400000000000002,0,0,0,0,0,0,0,0,119.97,156,2.9000000000000004
2023,7,21,4,0,29.3,0,0,0,0,0,0,0,0,109.59,162,2.9000000000000004
2023,7,21,5,0,29.3,0,0,0,0,0,0,0,0,97.94,166,2.9000000000000004
2023,7,21,6,0,29.5,31,85,38,0,31,85,0,38,85.33,166,2.8000000000000003
2023,7,21,7,0,29.700000000000003,89,440,221,0,89,440,0,221,72.5,166,2.8000000000000003
2023,7,21,8,0,29.8,120,620,437,0,120,620,0,437,59.25,166,2.6
2023,7,21,9,0,29.900000000000002,141,717,641,0,141,717,0,641,45.78,168,2.5
2023,7,21,10,0,30.3,177,740,803,0,177,740,0,803,32.2,173,2.4000000000000004
2023,7,21,11,0,30.700000000000003,185,776,920,1,185,776,0,920,18.68,180,2.3000000000000003
2023,7,21,12,0,31.1,190,789,974,1,190,789,0,974,6.25,188,2
2023,7,21,13,0,31.5,210,756,953,3,156,0,0,156,10.56,196,1.8
2023,7,21,14,0,31.700000000000003,206,730,874,3,498,156,0,641,23.77,201,1.7000000000000002
2023,7,21,15,0,31.8,194,683,737,3,144,0,0,144,37.35,203,1.6
2023,7,21,16,0,31.700000000000003,174,600,553,7,281,228,0,425,50.9,206,1.4000000000000001
2023,7,21,17,0,31.6,142,463,342,0,142,463,0,342,64.31,206,1.2000000000000002
2023,7,21,18,0,31.200000000000003,87,224,135,0,87,224,0,135,77.46000000000001,210,1.1
2023,7,21,19,0,31,0,0,0,0,0,0,0,0,89.82000000000001,216,1
2023,7,21,20,0,30.8,0,0,0,0,0,0,0,0,102.53,218,1.1
2023,7,21,21,0,30.700000000000003,0,0,0,0,0,0,0,0,113.79,214,1.2000000000000002
2023,7,21,22,0,30.400000000000002,0,0,0,0,0,0,0,0,123.54,207,1.6
2023,7,21,23,0,30.1,0,0,0,0,0,0,0,0,130.84,201,2
2023,7,22,0,0,29.8,0,0,0,0,0,0,0,0,134.49,201,2.2
2023,7,22,1,0,29.6,0,0,0,0,0,0,0,0,133.63,201,2.3000000000000003
2023,7,22,2,0,29.3,0,0,0,0,0,0,0,0,128.47,200,2.3000000000000003
2023,7,22,3,0,29.1,0,0,0,0,0,0,0,0,120.12,199,2.4000000000000004
2023,7,22,4,0,29,0,0,0,0,0,0,0,0,109.72,196,2.4000000000000004
2023,7,22,5,0,28.900000000000002,0,0,0,1,0,0,0,0,98.05,193,2.4000000000000004
2023,7,22,6,0,29.200000000000003,30,42,34,0,30,42,1,34,85.42,190,2.6
2023,7,22,7,0,29.400000000000002,105,361,213,0,105,361,0,213,72.58,187,2.9000000000000004
2023,7,22,8,0,29.5,142,561,429,0,142,561,0,429,59.32,185,2.9000000000000004
2023,7,22,9,0,29.700000000000003,163,674,633,0,163,674,0,633,45.84,183,3
2023,7,22,10,0,30.1,177,739,802,0,177,739,0,802,32.26,183,3
2023,7,22,11,0,30.6,183,777,919,0,183,777,1,919,18.75,185,3
2023,7,22,12,0,31.1,187,792,974,0,187,792,0,974,6.41,188,2.8000000000000003
2023,7,22,13,0,31.6,199,770,955,0,199,770,0,955,10.64,192,2.5
2023,7,22,14,0,31.900000000000002,190,751,877,1,190,751,0,877,23.82,200,2.1
2023,7,22,15,0,32.1,177,708,740,3,432,139,0,542,37.39,211,1.6
2023,7,22,16,0,32.1,155,640,558,3,292,41,0,318,50.95,226,1.2000000000000002
2023,7,22,17,0,32,126,513,347,7,178,36,0,194,64.37,242,0.9
2023,7,22,18,0,31.700000000000003,79,278,139,0,79,278,0,139,77.52,250,0.8
2023,7,22,19,0,31.5,0,0,0,0,0,0,0,0,89.89,246,0.8
2023,7,22,20,0,31.3,0,0,0,0,0,0,0,0,102.63,235,0.9
2023,7,22,21,0,31.200000000000003,0,0,0,0,0,0,0,0,113.92,223,1.1
2023,7,22,22,0,31,0,0,0,0,0,0,0,0,123.69,220,1.2000000000000002
2023,7,22,23,0,30.700000000000003,0,0,0,0,0,0,0,0,131.02,221,1.4000000000000001
2023,7,23,0,0,30.400000000000002,0,0,0,0,0,0,0,0,134.69,224,1.7000000000000002
2023,7,23,1,0,30.1,0,0,0,0,0,0,0,0,133.82,225,2
2023,7,23,2,0,29.8,0,0,0,0,0,0,0,0,128.65,226,2.2
2023,7,23,3,0,29.6,0,0,0,0,0,0,0,0,120.28,226,2.4000000000000004
2023,7,23,4,0,29.400000000000002,0,0,0,0,0,0,0,0,109.85000000000001,223,2.5
2023,7,23,5,0,29.400000000000002,0,0,0,1,0,0,0,0,98.16,216,2.6
2023,7,23,6,0,29.700000000000003,30,91,37,8,32,2,7,32,85.51,209,2.8000000000000003
2023,7,23,7,0,30,88,446,221,8,143,137,0,183,72.66,204,3.2
2023,7,23,8,0,30.200000000000003,118,630,438,0,118,630,0,438,59.39,198,3.2
2023,7,23,9,0,30.400000000000002,135,730,643,0,135,730,0,643,45.9,195,3.1
2023,7,23,10,0,30.700000000000003,162,763,806,0,162,763,0,806,32.32,194,3.1
2023,7,23,11,0,31.200000000000003,168,797,922,1,168,797,0,922,18.82,197,3
2023,7,23,12,0,31.5,170,813,977,0,170,813,0,977,6.5600000000000005,204,2.8000000000000003
2023,7,23,13,0,31.900000000000002,186,786,958,3,488,105,0,591,10.73,211,2.3000000000000003
2023,7,23,14,0,32.2,181,764,880,1,181,764,0,880,23.87,218,1.8
2023,7,23,15,0,32.5,170,719,741,8,335,174,0,473,37.44,227,1.2000000000000002
2023,7,23,16,0,32.5,154,641,557,3,163,0,0,163,51,239,1
2023,7,23,17,0,32.300000000000004,126,511,346,7,80,373,0,241,64.43,242,0.8
2023,7,23,18,0,32,79,272,137,3,110,22,0,114,77.59,213,0.6000000000000001
2023,7,23,19,0,31.700000000000003,0,0,0,0,0,0,0,0,89.97,178,0.9
2023,7,23,20,0,31.400000000000002,0,0,0,0,0,0,0,0,102.73,169,1.4000000000000001
2023,7,23,21,0,31.1,0,0,0,0,0,0,0,0,114.05,168,1.9000000000000001
2023,7,23,22,0,30.8,0,0,0,0,0,0,0,0,123.85000000000001,166,2.1
2023,7,23,23,0,30.5,0,0,0,0,0,0,0,0,131.2,161,2
2023,7,24,0,0,30.3,0,0,0,0,0,0,0,0,134.89000000000001,155,1.8
2023,7,24,1,0,30,0,0,0,0,0,0,0,0,134.03,145,1.7000000000000002
2023,7,24,2,0,29.700000000000003,0,0,0,3,0,0,0,0,128.83,134,1.6
2023,7,24,3,0,29.5,0,0,0,7,0,0,0,0,120.43,122,1.6
2023,7,24,4,0,29.5,0,0,0,3,0,0,0,0,109.98,119,1.5
2023,7,24,5,0,29.6,0,0,0,0,0,0,0,0,98.27,120,1.5
2023,7,24,6,0,29.8,29,90,36,0,29,90,0,36,85.60000000000001,119,1.4000000000000001
2023,7,24,7,0,30.200000000000003,86,452,220,0,86,452,0,220,72.74,115,1.6
2023,7,24,8,0,30.400000000000002,115,636,438,0,115,636,0,438,59.45,108,1.6
2023,7,24,9,0,30.700000000000003,132,735,643,0,132,735,0,643,45.97,98,1.6
2023,7,24,10,0,30.900000000000002,144,791,812,0,144,791,0,812,32.38,87,1.8
2023,7,24,11,0,31.200000000000003,148,826,929,0,148,826,0,929,18.89,77,2.2
2023,7,24,12,0,31.400000000000002,147,843,984,0,147,843,0,984,6.73,68,2.5
2023,7,24,13,0,31.5,168,807,961,7,334,8,0,342,10.83,62,2.9000000000000004
2023,7,24,14,0,31.6,164,785,882,0,164,785,0,882,23.92,57,3.3000000000000003
2023,7,24,15,0,31.5,155,742,744,3,374,350,0,652,37.49,53,3.7
2023,7,24,16,0,31.400000000000002,139,669,560,0,139,669,0,560,51.050000000000004,49,4
2023,7,24,17,0,31.200000000000003,114,544,348,0,114,544,0,348,64.49,46,3.9000000000000004
2023,7,24,18,0,30.8,72,311,139,0,72,311,0,139,77.67,43,3.7
2023,7,24,19,0,30.6,0,0,0,0,0,0,0,0,90.04,40,3.7
2023,7,24,20,0,30.5,0,0,0,0,0,0,0,0,102.84,40,3.7
2023,7,24,21,0,30.400000000000002,0,0,0,2,0,0,0,0,114.18,43,3.6
2023,7,24,22,0,30.3,0,0,0,0,0,0,0,0,124.01,47,3.6
2023,7,24,23,0,30.1,0,0,0,0,0,0,0,0,131.39000000000001,51,3.8000000000000003
2023,7,25,0,0,30,0,0,0,0,0,0,0,0,135.1,55,3.9000000000000004
2023,7,25,1,0,29.900000000000002,0,0,0,3,0,0,0,0,134.23,61,4.1000000000000005
2023,7,25,2,0,29.8,0,0,0,0,0,0,0,0,129.02,66,4.2
2023,7,25,3,0,29.700000000000003,0,0,0,8,0,0,0,0,120.59,73,4.3
2023,7,25,4,0,29.6,0,0,0,3,0,0,0,0,110.11,77,4.3
2023,7,25,5,0,29.6,0,0,0,0,0,0,0,0,98.38,81,4.3
2023,7,25,6,0,30,28,111,36,0,28,111,0,36,85.69,83,4.5
2023,7,25,7,0,30.3,80,473,220,0,80,473,0,220,72.82000000000001,84,4.800000000000001
2023,7,25,8,0,30.5,108,648,436,0,108,648,0,436,59.52,83,4.800000000000001
2023,7,25,9,0,30.700000000000003,126,740,640,1,126,740,0,640,46.03,80,4.7
2023,7,25,10,0,30.900000000000002,141,788,806,7,287,415,0,637,32.44,77,4.6000000000000005
2023,7,25,11,0,31.1,148,818,921,1,148,818,0,921,18.97,75,4.6000000000000005
2023,7,25,12,0,31.3,151,830,975,1,151,830,0,975,6.9,70,4.5
2023,7,25,13,0,31.400000000000002,151,826,962,0,151,826,0,962,10.94,65,4.5
2023,7,25,14,0,31.400000000000002,145,808,884,8,228,641,0,813,23.98,61,4.7
2023,7,25,15,0,31.3,135,772,747,7,198,562,0,644,37.54,58,4.800000000000001
2023,7,25,16,0,31.200000000000003,121,705,564,0,121,705,0,564,51.11,54,4.800000000000001
2023,7,25,17,0,30.900000000000002,101,585,352,7,160,406,0,334,64.56,52,4.800000000000001
2023,7,25,18,0,30.6,66,351,140,7,56,2,0,56,77.75,51,4.4
2023,7,25,19,0,30.3,0,0,0,9,0,0,0,0,90.12,51,4.3
2023,7,25,20,0,30.200000000000003,0,0,0,6,0,0,0,0,102.96000000000001,51,4.3
2023,7,25,21,0,30.200000000000003,0,0,0,7,0,0,0,0,114.32000000000001,53,4.3
2023,7,25,22,0,30.1,0,0,0,7,0,0,0,0,124.18,55,4.1000000000000005
2023,7,25,23,0,29.900000000000002,0,0,0,8,0,0,0,0,131.59,56,3.9000000000000004
2023,7,26,0,0,29.8,0,0,0,7,0,0,0,0,135.32,55,3.8000000000000003
2023,7,26,1,0,29.700000000000003,0,0,0,7,0,0,0,0,134.44,56,3.8000000000000003
2023,7,26,2,0,29.700000000000003,0,0,0,7,0,0,0,0,129.2,57,4.1000000000000005
2023,7,26,3,0,29.6,0,0,0,9,0,0,0,0,120.75,58,4.3
2023,7,26,4,0,29.400000000000002,0,0,0,9,0,0,0,0,110.25,59,4.5
2023,7,26,5,0,29.200000000000003,0,0,0,9,0,0,0,0,98.49000000000001,62,4.7
2023,7,26,6,0,29.400000000000002,28,77,33,9,13,0,7,13,85.79,65,5
2023,7,26,7,0,29.400000000000002,86,433,214,9,53,1,0,53,72.9,67,5.5
2023,7,26,8,0,29.400000000000002,116,618,429,9,16,0,0,16,59.59,70,5.800000000000001
2023,7,26,9,0,29.400000000000002,135,716,632,9,48,0,0,48,46.09,74,5.9
2023,7,26,10,0,29.400000000000002,142,782,801,6,183,1,0,184,32.51,77,6
2023,7,26,11,0,29.5,150,811,917,6,322,9,0,331,19.04,80,6.1000000000000005
2023,7,26,12,0,29.6,153,824,971,6,440,133,0,571,7.07,82,6.1000000000000005
2023,7,26,13,0,29.700000000000003,166,802,954,6,434,115,0,547,11.05,82,6.1000000000000005
2023,7,26,14,0,29.8,159,787,877,7,407,68,0,469,24.05,82,6.1000000000000005
2023,7,26,15,0,29.900000000000002,146,753,743,7,319,82,0,384,37.6,82,6
2023,7,26,16,0,29.8,131,683,559,6,205,13,0,214,51.18,81,5.9
2023,7,26,17,0,29.6,109,556,348,9,21,0,0,21,64.63,82,5.800000000000001
2023,7,26,18,0,29.3,71,314,137,9,3,0,0,3,77.83,85,5.6000000000000005
2023,7,26,19,0,29.1,0,0,0,9,0,0,0,0,90.2,89,5.6000000000000005
2023,7,26,20,0,29,0,0,0,9,0,0,0,0,103.08,94,5.5
2023,7,26,21,0,29,0,0,0,6,0,0,0,0,114.46000000000001,99,5.4
2023,7,26,22,0,29,0,0,0,6,0,0,0,0,124.35000000000001,104,5.2
2023,7,26,23,0,29,0,0,0,7,0,0,0,0,131.79,110,5
2023,7,27,0,0,28.900000000000002,0,0,0,6,0,0,0,0,135.54,116,4.9
2023,7,27,1,0,28.900000000000002,0,0,0,6,0,0,0,0,134.66,120,4.7
2023,7,27,2,0,28.900000000000002,0,0,0,7,0,0,0,0,129.4,123,4.5
2023,7,27,3,0,28.900000000000002,0,0,0,7,0,0,0,0,120.91,123,4.5
2023,7,27,4,0,28.900000000000002,0,0,0,7,0,0,0,0,110.38,122,4.3
2023,7,27,5,0,29,0,0,0,7,0,0,0,0,98.60000000000001,119,4
2023,7,27,6,0,29.5,28,60,32,7,26,0,7,26,85.88,114,4.1000000000000005
2023,7,27,7,0,30,92,402,210,7,145,169,0,194,72.97,110,4.5
2023,7,27,8,0,30.3,130,581,423,7,204,328,0,370,59.660000000000004,108,4.6000000000000005
2023,7,27,9,0,30.5,155,678,624,7,308,249,0,481,46.15,107,4.7
2023,7,27,10,0,30.6,173,732,790,9,272,8,0,279,32.57,105,5
2023,7,27,11,0,30.400000000000002,184,762,904,6,402,219,0,609,19.12,101,5.300000000000001
2023,7,27,12,0,30.200000000000003,188,775,957,7,398,244,0,640,7.25,99,5.5
2023,7,27,13,0,30,188,770,943,9,98,0,0,98,11.18,98,5.800000000000001
2023,7,27,14,0,29.700000000000003,184,746,865,9,80,0,0,80,24.12,98,6
2023,7,27,15,0,29.5,175,697,727,9,32,0,0,32,37.67,97,6.1000000000000005
2023,7,27,16,0,29.5,159,616,545,9,15,0,0,15,51.25,100,6.300000000000001
2023,7,27,17,0,29.400000000000002,127,493,337,9,23,0,0,23,64.71000000000001,104,6.5
2023,7,27,18,0,29.400000000000002,75,275,132,9,8,0,0,8,77.92,109,6.5
2023,7,27,19,0,29.3,0,0,0,9,0,0,0,0,90.88,113,6.6000000000000005
2023,7,27,20,0,29.3,0,0,0,9,0,0,0,0,103.2,117,6.5
2023,7,27,21,0,29.3,0,0,0,6,0,0,0,0,114.61,120,6.4
2023,7,27,22,0,29.3,0,0,0,6,0,0,0,0,124.53,121,6.1000000000000005
2023,7,27,23,0,29.200000000000003,0,0,0,7,0,0,0,0,132,120,5.800000000000001
2023,7,28,0,0,29.200000000000003,0,0,0,8,0,0,0,0,135.77,118,5.5
2023,7,28,1,0,29.1,0,0,0,7,0,0,0,0,134.88,115,5.300000000000001
2023,7,28,2,0,29.1,0,0,0,5,0,0,0,0,129.59,113,5.2
2023,7,28,3,0,29,0,0,0,4,0,0,0,0,121.08,111,5
2023,7,28,4,0,29,0,0,0,8,0,0,0,0,110.52,110,5
2023,7,28,5,0,29.1,0,0,0,1,0,0,0,0,98.72,111,5
2023,7,28,6,0,29.400000000000002,27,90,33,0,27,90,0,33,85.97,112,5.2
2023,7,28,7,0,29.8,80,462,215,0,80,462,0,215,73.05,112,5.5
2023,7,28,8,0,30.1,108,641,431,1,108,641,0,431,59.730000000000004,113,5.6000000000000005
2023,7,28,9,0,30.3,125,739,636,0,125,739,0,636,46.21,114,5.6000000000000005
2023,7,28,10,0,30.5,115,829,813,1,115,829,0,813,32.63,117,5.300000000000001
2023,7,28,11,0,30.700000000000003,118,860,930,7,224,578,0,770,19.2,118,5
2023,7,28,12,0,30.8,120,871,984,7,324,419,0,740,7.44,117,4.5
2023,7,28,13,0,30.900000000000002,129,856,968,3,442,379,0,813,11.31,113,4
2023,7,28,14,0,30.900000000000002,126,838,890,2,443,139,0,570,24.2,107,3.7
2023,7,28,15,0,30.900000000000002,118,802,752,0,118,802,0,752,37.74,101,3.6
2023,7,28,16,0,30.8,106,741,569,0,106,741,0,569,51.32,96,3.7
2023,7,28,17,0,30.700000000000003,87,630,356,0,87,630,0,356,64.79,93,3.8000000000000003
2023,7,28,18,0,30.3,57,409,142,8,90,225,0,137,78.01,95,4
2023,7,28,19,0,30.1,0,0,0,8,0,0,0,0,90.99,100,4.5
2023,7,28,20,0,30.1,0,0,0,3,0,0,0,0,103.33,105,4.9
2023,7,28,21,0,30,0,0,0,0,0,0,0,0,114.77,109,5.300000000000001
2023,7,28,22,0,29.900000000000002,0,0,0,0,0,0,0,0,124.71000000000001,114,5.4
2023,7,28,23,0,29.8,0,0,0,0,0,0,0,0,132.22,118,5.4
2023,7,29,0,0,29.700000000000003,0,0,0,0,0,0,0,0,136,120,5.1000000000000005
2023,7,29,1,0,29.6,0,0,0,0,0,0,0,0,135.11,122,4.800000000000001
2023,7,29,2,0,29.6,0,0,0,0,0,0,0,0,129.79,121,4.6000000000000005
2023,7,29,3,0,29.5,0,0,0,0,0,0,0,0,121.24000000000001,120,4.4
2023,7,29,4,0,29.400000000000002,0,0,0,1,0,0,0,0,110.65,118,4.3
2023,7,29,5,0,29.400000000000002,0,0,0,1,0,0,0,0,98.83,116,4.1000000000000005
2023,7,29,6,0,29.8,25,139,35,0,25,139,0,35,86.06,112,4.2
2023,7,29,7,0,30.1,69,531,223,0,69,531,0,223,73.13,108,4.5
2023,7,29,8,0,30.3,91,704,445,0,91,704,0,445,59.800000000000004,105,4.6000000000000005
2023,7,29,9,0,30.5,105,791,652,0,105,791,0,652,46.28,103,4.9
2023,7,29,10,0,30.700000000000003,112,841,820,0,112,841,0,820,32.69,103,5
2023,7,29,11,0,30.900000000000002,120,863,934,1,120,863,0,934,19.28,104,5
2023,7,29,12,0,31.1,126,867,985,0,126,867,0,985,7.63,106,4.7
2023,7,29,13,0,31.200000000000003,125,863,971,0,125,863,0,971,11.450000000000001,109,4.3
2023,7,29,14,0,31.200000000000003,125,839,889,0,125,839,0,889,24.29,113,3.6
2023,7,29,15,0,31.1,121,796,749,1,121,796,0,749,37.81,121,3.1
2023,7,29,16,0,31,104,741,567,7,237,284,0,414,51.4,129,2.8000000000000003
2023,7,29,17,0,30.8,85,633,354,6,7,0,0,7,64.87,137,2.7
2023,7,29,18,0,30.5,55,416,141,7,55,416,5,141,78.11,143,2.7
2023,7,29,19,0,30.400000000000002,0,0,0,0,0,0,0,0,91.10000000000001,148,3
2023,7,29,20,0,30.3,0,0,0,7,0,0,0,0,103.47,149,3.3000000000000003
2023,7,29,21,0,30.1,0,0,0,7,0,0,0,0,114.93,148,3.7
2023,7,29,22,0,29.900000000000002,0,0,0,8,0,0,0,0,124.9,147,3.9000000000000004
2023,7,29,23,0,29.700000000000003,0,0,0,0,0,0,0,0,132.44,147,3.8000000000000003
2023,7,30,0,0,29.5,0,0,0,0,0,0,0,0,136.24,149,3.5
2023,7,30,1,0,29.3,0,0,0,0,0,0,0,0,135.34,151,3.1
2023,7,30,2,0,29.200000000000003,0,0,0,0,0,0,0,0,129.99,151,2.7
2023,7,30,3,0,29,0,0,0,0,0,0,0,0,121.41,148,2.4000000000000004
2023,7,30,4,0,28.900000000000002,0,0,0,0,0,0,0,0,110.79,142,2.2
2023,7,30,5,0,28.900000000000002,0,0,0,0,0,0,0,0,98.94,135,2
2023,7,30,6,0,29.200000000000003,24,160,35,0,24,160,0,35,86.15,129,2.1
2023,7,30,7,0,29.400000000000002,64,557,225,0,64,557,0,225,73.21000000000001,126,2.4000000000000004
2023,7,30,8,0,29.6,85,723,448,0,85,723,0,448,59.870000000000005,124,2.6
2023,7,30,9,0,29.8,98,810,657,0,98,810,0,657,46.34,122,2.8000000000000003
2023,7,30,10,0,30.1,99,870,831,3,270,1,0,271,32.76,123,3
2023,7,30,11,0,30.5,101,902,952,2,475,241,0,702,19.37,126,3.1
2023,7,30,12,0,30.8,101,916,1008,0,101,916,0,1008,7.82,129,3.3000000000000003
2023,7,30,13,0,31.1,102,911,994,0,102,911,0,994,11.59,132,3.5
2023,7,30,14,0,31.200000000000003,98,896,915,0,98,896,0,915,24.38,133,3.5
2023,7,30,15,0,31.400000000000002,92,864,774,2,384,111,0,472,37.89,133,3.4000000000000004
2023,7,30,16,0,31.3,83,805,585,1,83,805,0,585,51.480000000000004,133,3.3000000000000003
2023,7,30,17,0,31,71,695,365,0,71,695,0,365,64.96000000000001,133,3.2
2023,7,30,18,0,30.6,49,470,145,0,49,470,0,145,78.21000000000001,132,3
2023,7,30,19,0,30.3,0,0,0,3,0,0,0,0,91.22,133,2.9000000000000004
2023,7,30,20,0,30.1,0,0,0,2,0,0,0,0,103.61,134,2.9000000000000004
2023,7,30,21,0,30,0,0,0,0,0,0,0,0,115.09,135,2.9000000000000004
2023,7,30,22,0,29.900000000000002,0,0,0,0,0,0,0,0,125.10000000000001,138,2.8000000000000003
2023,7,30,23,0,29.700000000000003,0,0,0,0,0,0,0,0,132.66,140,2.5
2023,7,31,0,0,29.6,0,0,0,0,0,0,0,0,136.48,144,2.3000000000000003
2023,7,31,1,0,29.5,0,0,0,0,0,0,0,0,135.57,148,2.2
2023,7,31,2,0,29.400000000000002,0,0,0,3,0,0,0,0,130.2,153,2
2023,7,31,3,0,29.3,0,0,0,0,0,0,0,0,121.58,160,2
2023,7,31,4,0,29.3,0,0,0,0,0,0,0,0,110.93,164,2.1
2023,7,31,5,0,29.3,0,0,0,0,0,0,0,0,99.05,169,2.2
2023,7,31,6,0,29.6,24,128,32,1,24,128,0,32,86.24,172,2.3000000000000003
2023,7,31,7,0,29.8,69,515,217,7,129,169,0,177,73.29,176,2.6
2023,7,31,8,0,29.900000000000002,93,687,437,0,93,687,0,437,59.93,179,2.7
2023,7,31,9,0,30.1,107,779,644,8,214,495,0,555,46.4,185,2.7
2023,7,31,10,0,30.200000000000003,111,840,816,7,338,312,0,601,32.82,191,2.6
2023,7,31,11,0,30.400000000000002,115,869,935,6,407,59,0,462,19.45,193,2.4000000000000004
2023,7,31,12,0,30.5,117,881,989,7,390,304,0,692,8.02,197,2
2023,7,31,13,0,30.6,116,878,976,8,422,82,0,503,11.75,203,1.6
2023,7,31,14,0,30.700000000000003,113,862,897,7,328,362,0,657,24.47,194,1.3
2023,7,31,15,0,30.700000000000003,106,827,758,6,26,0,0,26,37.980000000000004,171,1.2000000000000002
2023,7,31,16,0,30.700000000000003,96,765,571,6,15,0,0,15,51.57,156,1.2000000000000002
2023,7,31,17,0,30.6,80,655,356,6,7,0,0,7,65.06,147,1.2000000000000002
2023,7,31,18,0,30.400000000000002,52,433,140,8,93,129,0,119,78.32000000000001,135,1.2000000000000002
2023,7,31,19,0,30.3,0,0,0,7,0,0,0,0,91.35000000000001,131,1.3
2023,7,31,20,0,30.3,0,0,0,2,0,0,0,0,103.75,130,1.5
2023,7,31,21,0,30.200000000000003,0,0,0,3,0,0,0,0,115.26,132,1.9000000000000001
2023,7,31,22,0,30,0,0,0,0,0,0,0,0,125.3,137,2.5
2023,7,31,23,0,29.8,0,0,0,3,0,0,0,0,132.89000000000001,143,3.2
2023,8,1,0,0,29.700000000000003,0,0,0,0,0,0,0,0,136.73,148,3.7
2023,8,1,1,0,29.6,0,0,0,7,0,0,0,0,135.81,153,4
2023,8,1,2,0,29.5,0,0,0,8,0,0,0,0,130.4,158,3.9000000000000004
2023,8,1,3,0,29.5,0,0,0,7,0,0,0,0,121.75,162,3.5
2023,8,1,4,0,29.5,0,0,0,3,0,0,0,0,111.07000000000001,166,3.2
2023,8,1,5,0,29.5,0,0,0,3,0,0,0,0,99.17,169,2.8000000000000003
2023,8,1,6,0,29.900000000000002,24,95,30,3,20,0,7,20,86.33,170,2.3000000000000003
2023,8,1,7,0,30.200000000000003,76,477,213,0,76,477,0,213,73.37,168,2.1
2023,8,1,8,0,30.400000000000002,102,662,433,0,102,662,0,433,60,163,1.7000000000000002
2023,8,1,9,0,30.6,117,759,640,7,275,327,0,500,46.46,150,1.2000000000000002
2023,8,1,10,0,30.700000000000003,139,794,806,0,139,794,0,806,32.88,135,0.9
2023,8,1,11,0,31,142,830,924,7,231,614,0,810,19.54,108,0.6000000000000001
2023,8,1,12,0,31.1,142,847,980,7,371,360,0,727,8.23,64,0.6000000000000001
2023,8,1,13,0,31.200000000000003,135,852,969,7,408,231,0,634,11.91,33,0.9
2023,8,1,14,0,31.400000000000002,129,838,890,6,117,0,0,117,24.580000000000002,29,1.3
2023,8,1,15,0,31.5,119,805,752,6,320,44,0,355,38.07,33,1.5
2023,8,1,16,0,31.400000000000002,105,744,567,6,217,24,0,232,51.660000000000004,38,1.9000000000000001
2023,8,1,17,0,31.1,87,631,352,6,78,1,0,79,65.16,45,2.1
2023,8,1,18,0,30.8,56,402,136,7,53,4,0,54,78.43,58,1.9000000000000001
2023,8,1,19,0,30.5,0,0,0,7,0,0,0,0,91.47,79,1.8
2023,8,1,20,0,30.400000000000002,0,0,0,8,0,0,0,0,103.9,100,1.9000000000000001
2023,8,1,21,0,30.3,0,0,0,0,0,0,0,0,115.44,119,1.9000000000000001
2023,8,1,22,0,30.3,0,0,0,0,0,0,0,0,125.5,138,1.8
2023,8,1,23,0,30.200000000000003,0,0,0,0,0,0,0,0,133.13,153,1.8
2023,8,2,0,0,30.200000000000003,0,0,0,0,0,0,0,0,136.98,167,1.7000000000000002
2023,8,2,1,0,30.200000000000003,0,0,0,0,0,0,0,0,136.05,179,1.6
2023,8,2,2,0,30.200000000000003,0,0,0,0,0,0,0,0,130.61,190,1.5
2023,8,2,3,0,30.200000000000003,0,0,0,0,0,0,0,0,121.92,202,1.4000000000000001
2023,8,2,4,0,30.200000000000003,0,0,0,0,0,0,0,0,111.21000000000001,219,1.2000000000000002
2023,8,2,5,0,30.200000000000003,0,0,0,0,0,0,0,0,99.28,242,1.2000000000000002
2023,8,2,6,0,30.3,22,137,31,0,22,137,0,31,86.42,267,1.2000000000000002
2023,8,2,7,0,30.5,68,520,216,7,126,176,0,176,73.45,287,1.3
2023,8,2,8,0,30.6,91,691,436,7,197,349,0,371,60.07,301,1.5
2023,8,2,9,0,30.8,106,780,642,1,106,780,0,642,46.52,309,1.5
2023,8,2,10,0,31,106,846,816,7,345,50,0,387,32.95,313,1.4000000000000001
2023,8,2,11,0,31.200000000000003,111,873,933,6,91,0,0,91,19.63,315,1.2000000000000002
2023,8,2,12,0,31.400000000000002,112,884,987,6,172,1,0,173,8.44,319,1.1
2023,8,2,13,0,31.5,115,877,973,7,370,322,0,684,12.08,328,1
2023,8,2,14,0,31.6,110,863,895,7,304,425,0,690,24.68,344,1
2023,8,2,15,0,31.6,103,831,756,7,220,488,0,603,38.160000000000004,3,1.1
2023,8,2,16,0,31.5,92,772,570,8,228,32,0,248,51.75,6,1.3
2023,8,2,17,0,31.3,76,665,355,8,139,400,0,307,65.26,5,1.5
2023,8,2,18,0,30.900000000000002,50,440,138,0,50,440,0,138,78.54,6,1.5
2023,8,2,19,0,30.6,0,0,0,0,0,0,0,0,91.60000000000001,8,1.4000000000000001
2023,8,2,20,0,30.400000000000002,0,0,0,0,0,0,0,0,104.05,13,1.4000000000000001
2023,8,2,21,0,30.3,0,0,0,0,0,0,0,0,115.61,18,1.3
2023,8,2,22,0,30.1,0,0,0,0,0,0,0,0,125.71000000000001,33,1.2000000000000002
2023,8,2,23,0,29.900000000000002,0,0,0,0,0,0,0,0,133.37,51,1.3
2023,8,3,0,0,29.700000000000003,0,0,0,0,0,0,0,0,137.24,61,1.4000000000000001
2023,8,3,1,0,29.5,0,0,0,0,0,0,0,0,136.3,64,1.6
2023,8,3,2,0,29.400000000000002,0,0,0,0,0,0,0,0,130.83,65,1.8
2023,8,3,3,0,29.200000000000003,0,0,0,0,0,0,0,0,122.10000000000001,67,2
2023,8,3,4,0,29.1,0,0,0,0,0,0,0,0,111.35000000000001,69,2.2
2023,8,3,5,0,29.1,0,0,0,0,0,0,0,0,99.39,69,2.3000000000000003
2023,8,3,6,0,29.5,21,156,31,0,21,156,0,31,86.51,68,2.7
2023,8,3,7,0,29.700000000000003,63,543,217,0,63,543,0,217,73.52,67,2.9000000000000004
2023,8,3,8,0,29.8,85,710,438,0,85,710,0,438,60.14,66,2.9000000000000004
2023,8,3,9,0,30.1,99,795,645,0,99,795,0,645,46.59,68,2.9000000000000004
2023,8,3,10,0,30.3,116,829,811,3,310,515,0,741,33.02,73,2.7
2023,8,3,11,0,30.700000000000003,122,857,928,8,230,607,0,802,19.73,79,2.5
2023,8,3,12,0,31,125,867,982,3,172,0,0,172,8.66,80,2.2
2023,8,3,13,0,31.200000000000003,120,870,970,7,431,143,0,570,12.26,76,2
2023,8,3,14,0,31.400000000000002,117,851,890,7,333,13,0,345,24.8,69,1.9000000000000001
2023,8,3,15,0,31.400000000000002,112,812,750,7,184,583,0,642,38.26,61,1.8
2023,8,3,16,0,31.3,102,745,563,0,102,745,0,563,51.85,55,2
2023,8,3,17,0,31,86,625,347,0,86,625,0,347,65.37,56,2.3000000000000003
2023,8,3,18,0,30.6,55,388,132,6,21,0,0,21,78.66,62,2.3000000000000003
2023,8,3,19,0,30.3,0,0,0,3,0,0,0,0,91.74,71,2.3000000000000003
2023,8,3,20,0,30.1,0,0,0,1,0,0,0,0,104.21000000000001,81,2.4000000000000004
2023,8,3,21,0,30,0,0,0,0,0,0,0,0,115.8,88,2.4000000000000004
2023,8,3,22,0,29.900000000000002,0,0,0,3,0,0,0,0,125.93,94,2.4000000000000004
2023,8,3,23,0,29.8,0,0,0,7,0,0,0,0,133.61,102,2.4000000000000004
2023,8,4,0,0,29.6,0,0,0,0,0,0,0,0,137.5,108,2.4000000000000004
2023,8,4,1,0,29.5,0,0,0,8,0,0,0,0,136.55,110,2.3000000000000003
2023,8,4,2,0,29.400000000000002,0,0,0,0,0,0,0,0,131.04,111,2.2
2023,8,4,3,0,29.3,0,0,0,0,0,0,0,0,122.27,112,2
2023,8,4,4,0,29.3,0,0,0,7,0,0,0,0,111.49000000000001,114,1.8
2023,8,4,5,0,29.200000000000003,0,0,0,3,0,0,0,0,99.51,115,1.9000000000000001
2023,8,4,6,0,29.5,21,147,29,1,21,147,0,29,86.60000000000001,114,2.3000000000000003
2023,8,4,7,0,29.5,64,530,214,0,64,530,0,214,73.60000000000001,114,2.6
2023,8,4,8,0,29.6,87,699,434,0,87,699,0,434,60.2,117,2.8000000000000003
2023,8,4,9,0,29.6,101,786,640,0,101,786,0,640,46.65,122,2.8000000000000003
2023,8,4,10,0,29.8,97,856,815,0,97,856,0,815,33.08,133,2.6
2023,8,4,11,0,30.1,102,881,931,1,102,881,0,931,19.82,149,2.3000000000000003
2023,8,4,12,0,30.5,104,892,985,8,198,1,0,199,8.88,169,2
2023,8,4,13,0,30.8,108,883,970,7,300,423,0,713,12.450000000000001,193,1.6
2023,8,4,14,0,31,105,867,891,7,373,32,0,402,24.92,221,1.4000000000000001
2023,8,4,15,0,31.200000000000003,98,834,752,7,144,1,0,145,38.37,246,1.3
2023,8,4,16,0,31.1,88,777,566,7,66,0,0,66,51.96,284,1
2023,8,4,17,0,31,72,673,351,8,181,74,0,211,65.48,337,1
2023,8,4,18,0,30.8,46,459,135,7,93,56,0,103,78.78,20,1.2000000000000002
2023,8,4,19,0,30.6,0,0,0,7,0,0,0,0,91.88,49,1.6
2023,8,4,20,0,30.5,0,0,0,3,0,0,0,0,104.37,68,2
2023,8,4,21,0,30.5,0,0,0,0,0,0,0,0,115.99000000000001,82,2.4000000000000004
2023,8,4,22,0,30.3,0,0,0,3,0,0,0,0,126.15,97,2.5
2023,8,4,23,0,30.1,0,0,0,0,0,0,0,0,133.87,113,2.4000000000000004
2023,8,5,0,0,30,0,0,0,0,0,0,0,0,137.77,131,1.9000000000000001
2023,8,5,1,0,29.900000000000002,0,0,0,0,0,0,0,0,136.8,153,1.5
2023,8,5,2,0,29.700000000000003,0,0,0,0,0,0,0,0,131.26,157,1.8
2023,8,5,3,0,29.6,0,0,0,0,0,0,0,0,122.45,153,2.6
2023,8,5,4,0,29.5,0,0,0,0,0,0,0,0,111.63,152,3.4000000000000004
2023,8,5,5,0,29.5,0,0,0,0,0,0,0,0,99.62,156,3.8000000000000003
2023,8,5,6,0,30,19,191,30,0,19,191,1,30,86.69,162,4.2
2023,8,5,7,0,30.3,56,576,218,0,56,576,0,218,73.68,167,4.4
2023,8,5,8,0,30.6,75,733,439,0,75,733,0,439,60.27,171,4.3
2023,8,5,9,0,30.8,89,811,645,0,89,811,0,645,46.71,176,4.2
2023,8,5,10,0,31.1,99,854,814,7,329,282,0,565,33.15,177,4
2023,8,5,11,0,31.400000000000002,106,876,930,7,197,624,0,784,19.92,178,3.7
2023,8,5,12,0,31.700000000000003,111,884,983,0,111,884,0,983,9.11,179,3.4000000000000004
2023,8,5,13,0,31.8,114,876,968,8,394,34,0,427,12.65,180,3
2023,8,5,14,0,32,112,857,888,6,88,0,0,88,25.05,181,2.6
2023,8,5,15,0,32,106,820,748,7,278,383,0,578,38.480000000000004,178,2.1
2023,8,5,16,0,32,95,759,562,7,265,234,0,409,52.07,179,1.7000000000000002
2023,8,5,17,0,31.8,79,647,346,0,79,647,0,346,65.59,181,1.4000000000000001
2023,8,5,18,0,31.6,50,415,130,0,50,415,0,130,78.91,174,1.2000000000000002
2023,8,5,19,0,31.3,0,0,0,0,0,0,0,0,92.02,162,1.2000000000000002
2023,8,5,20,0,31.200000000000003,0,0,0,0,0,0,0,0,104.53,151,1.4000000000000001
2023,8,5,21,0,31,0,0,0,0,0,0,0,0,116.18,145,1.7000000000000002
2023,8,5,22,0,30.8,0,0,0,1,0,0,0,0,126.37,141,2.2
2023,8,5,23,0,30.6,0,0,0,7,0,0,0,0,134.12,139,2.7
2023,8,6,0,0,30.5,0,0,0,0,0,0,0,0,138.04,139,3
2023,8,6,1,0,30.3,0,0,0,0,0,0,0,0,137.06,141,3.2
2023,8,6,2,0,30.200000000000003,0,0,0,0,0,0,0,0,131.48,142,3.2
2023,8,6,3,0,30.1,0,0,0,0,0,0,0,0,122.62,143,3.1
2023,8,6,4,0,30,0,0,0,0,0,0,0,0,111.77,143,3.2
2023,8,6,5,0,29.900000000000002,0,0,0,0,0,0,0,0,99.74000000000001,144,3.3000000000000003
2023,8,6,6,0,30.3,20,143,28,0,20,143,0,28,86.78,143,3.6
2023,8,6,7,0,30.5,60,559,217,0,60,559,0,217,73.75,144,3.9000000000000004
2023,8,6,8,0,30.700000000000003,79,732,442,0,79,732,0,442,60.34,144,3.8000000000000003
2023,8,6,9,0,30.900000000000002,91,818,652,0,91,818,0,652,46.77,143,3.7
2023,8,6,10,0,31.200000000000003,95,874,826,3,197,0,0,197,33.22,144,3.6
2023,8,6,11,0,31.6,97,901,944,0,97,901,0,944,20.03,144,3.3000000000000003
2023,8,6,12,0,31.8,98,911,997,1,98,911,0,997,9.34,144,2.9000000000000004
2023,8,6,13,0,32.1,99,906,982,3,382,4,0,387,12.85,142,2.5
2023,8,6,14,0,32.2,96,888,900,3,142,0,0,142,25.18,138,2.2
2023,8,6,15,0,32.300000000000004,92,852,758,7,328,192,0,478,38.6,134,2.1
2023,8,6,16,0,32.2,85,788,568,0,85,788,0,568,52.18,127,2
2023,8,6,17,0,32,72,674,349,3,140,3,0,141,65.71000000000001,117,1.9000000000000001
2023,8,6,18,0,31.6,48,434,130,0,48,434,0,130,79.04,108,1.9000000000000001
2023,8,6,19,0,31.400000000000002,0,0,0,0,0,0,0,0,92.17,104,2.2
2023,8,6,20,0,31.200000000000003,0,0,0,0,0,0,0,0,104.7,106,2.8000000000000003
2023,8,6,21,0,31,0,0,0,0,0,0,0,0,116.38,112,3.3000000000000003
2023,8,6,22,0,30.900000000000002,0,0,0,0,0,0,0,0,126.60000000000001,118,3.7
2023,8,6,23,0,30.8,0,0,0,0,0,0,0,0,134.38,124,4
2023,8,7,0,0,30.700000000000003,0,0,0,0,0,0,0,0,138.32,128,4.4
2023,8,7,1,0,30.5,0,0,0,0,0,0,0,0,137.32,131,4.7
2023,8,7,2,0,30.3,0,0,0,0,0,0,0,0,131.7,133,4.9
2023,8,7,3,0,30.200000000000003,0,0,0,0,0,0,0,0,122.8,135,4.9
2023,8,7,4,0,30,0,0,0,0,0,0,0,0,111.91,136,4.800000000000001
2023,8,7,5,0,29.8,0,0,0,0,0,0,0,0,99.85000000000001,137,4.6000000000000005
2023,8,7,6,0,30.1,21,101,27,0,21,101,0,27,86.86,136,4.5
2023,8,7,7,0,30.3,68,525,215,0,68,525,0,215,73.83,136,4.5
2023,8,7,8,0,30.5,92,709,442,0,92,709,0,442,60.4,135,4.2
2023,8,7,9,0,30.8,107,800,655,0,107,800,0,655,46.84,133,4
2023,8,7,10,0,31.200000000000003,115,854,829,0,115,854,0,829,33.29,132,3.9000000000000004
2023,8,7,11,0,31.6,119,880,945,1,119,880,0,945,20.13,132,3.8000000000000003
2023,8,7,12,0,32,120,889,997,0,120,889,0,997,9.58,131,3.6
2023,8,7,13,0,32.2,121,881,979,1,121,881,0,979,13.06,129,3.5
2023,8,7,14,0,32.4,117,860,894,0,117,860,0,894,25.32,125,3.3000000000000003
2023,8,7,15,0,32.4,109,823,752,0,109,823,0,752,38.72,118,3.1
2023,8,7,16,0,32.2,98,757,561,7,156,544,0,489,52.300000000000004,108,3.2
2023,8,7,17,0,31.900000000000002,81,637,342,7,131,449,0,314,65.84,103,3.4000000000000004
2023,8,7,18,0,31.5,52,388,125,8,52,388,5,125,79.18,101,3.5
2023,8,7,19,0,31.3,0,0,0,0,0,0,0,0,92.32000000000001,104,3.8000000000000003
2023,8,7,20,0,31.200000000000003,0,0,0,7,0,0,0,0,104.88,108,4.2
2023,8,7,21,0,31.1,0,0,0,0,0,0,0,0,116.58,114,4.6000000000000005
2023,8,7,22,0,30.900000000000002,0,0,0,0,0,0,0,0,126.84,119,4.800000000000001
2023,8,7,23,0,30.8,0,0,0,8,0,0,0,0,134.65,124,4.800000000000001
2023,8,8,0,0,30.6,0,0,0,7,0,0,0,0,138.6,128,4.9
2023,8,8,1,0,30.5,0,0,0,1,0,0,0,0,137.58,131,4.9
2023,8,8,2,0,30.400000000000002,0,0,0,1,0,0,0,0,131.92000000000002,134,4.9
2023,8,8,3,0,30.3,0,0,0,6,0,0,0,0,122.98,137,5
2023,8,8,4,0,30.200000000000003,0,0,0,0,0,0,0,0,112.06,139,4.9
2023,8,8,5,0,30.1,0,0,0,0,0,0,0,0,99.96000000000001,142,4.7
2023,8,8,6,0,30.200000000000003,21,36,23,0,21,36,0,23,86.95,142,4.7
2023,8,8,7,0,30.400000000000002,88,401,199,0,88,401,0,199,73.91,144,4.9
2023,8,8,8,0,30.5,124,597,418,0,124,597,0,418,60.47,144,4.9
2023,8,8,9,0,30.8,148,700,626,0,148,700,0,626,46.9,145,4.6000000000000005
2023,8,8,10,0,31.1,162,761,797,0,162,761,0,797,33.36,145,4.4
2023,8,8,11,0,31.6,168,797,916,0,168,797,0,916,20.240000000000002,145,4.1000000000000005
2023,8,8,12,0,32,172,811,971,0,172,811,0,971,9.82,145,3.7
2023,8,8,13,0,32.2,191,778,948,0,191,778,0,948,13.27,142,3.3000000000000003
2023,8,8,14,0,32.300000000000004,184,755,866,0,184,755,0,866,25.46,138,2.9000000000000004
2023,8,8,15,0,32.300000000000004,172,709,724,0,172,709,0,724,38.84,131,2.6
2023,8,8,16,0,32.2,152,630,536,0,152,630,0,536,52.42,117,2.3000000000000003
2023,8,8,17,0,31.900000000000002,122,490,321,0,122,490,0,321,65.97,101,2.3000000000000003
2023,8,8,18,0,31.6,70,230,113,0,70,230,0,113,79.32000000000001,96,2.7
2023,8,8,19,0,31.3,0,0,0,0,0,0,0,0,92.48,98,3.1
2023,8,8,20,0,31,0,0,0,0,0,0,0,0,105.05,102,3.6
2023,8,8,21,0,30.8,0,0,0,0,0,0,0,0,116.78,108,4
2023,8,8,22,0,30.6,0,0,0,0,0,0,0,0,127.07000000000001,114,4.3
2023,8,8,23,0,30.400000000000002,0,0,0,0,0,0,0,0,134.92000000000002,119,4.3
2023,8,9,0,0,30.3,0,0,0,0,0,0,0,0,138.89000000000001,125,4.3
2023,8,9,1,0,30.1,0,0,0,0,0,0,0,0,137.85,131,4.3
2023,8,9,2,0,29.900000000000002,0,0,0,0,0,0,0,0,132.15,137,4.2
2023,8,9,3,0,29.8,0,0,0,0,0,0,0,0,123.16,144,3.9000000000000004
2023,8,9,4,0,29.700000000000003,0,0,0,0,0,0,0,0,112.2,150,3.6
2023,8,9,5,0,29.6,0,0,0,0,0,0,0,0,100.08,155,3.2
2023,8,9,6,0,29.900000000000002,20,33,22,0,20,33,0,22,87.04,158,2.9000000000000004
2023,8,9,7,0,30,88,404,199,0,88,404,0,199,73.98,160,2.6
2023,8,9,8,0,30.200000000000003,122,606,420,0,122,606,0,420,60.54,156,2.1
2023,8,9,9,0,30.400000000000002,141,717,630,0,141,717,0,630,46.97,150,1.8
2023,8,9,10,0,30.700000000000003,134,811,810,0,134,811,0,810,33.44,144,1.8
2023,8,9,11,0,31.1,138,845,930,0,138,845,0,930,20.36,140,1.8
2023,8,9,12,0,31.400000000000002,139,860,986,0,139,860,0,986,10.07,137,1.7000000000000002
2023,8,9,13,0,31.700000000000003,141,853,970,0,141,853,0,970,13.5,131,1.6
2023,8,9,14,0,31.900000000000002,135,835,888,0,135,835,0,888,25.61,120,1.5
2023,8,9,15,0,32.1,125,797,745,0,125,797,0,745,38.97,107,1.5
2023,8,9,16,0,32,111,731,555,0,111,731,0,555,52.550000000000004,89,1.8
2023,8,9,17,0,31.700000000000003,89,613,338,0,89,613,0,338,66.1,85,2.2
2023,8,9,18,0,31.3,55,364,121,0,55,364,0,121,79.46000000000001,91,2.4000000000000004
2023,8,9,19,0,31,0,0,0,0,0,0,0,0,92.64,98,2.7
2023,8,9,20,0,30.8,0,0,0,0,0,0,0,0,105.24000000000001,105,2.9000000000000004
2023,8,9,21,0,30.6,0,0,0,0,0,0,0,0,116.99000000000001,111,3
2023,8,9,22,0,30.400000000000002,0,0,0,0,0,0,0,0,127.32000000000001,116,3.2
2023,8,9,23,0,30.200000000000003,0,0,0,0,0,0,0,0,135.2,121,3.3000000000000003
2023,8,10,0,0,30.1,0,0,0,0,0,0,0,0,139.18,123,3.5
2023,8,10,1,0,29.900000000000002,0,0,0,0,0,0,0,0,138.13,124,3.5
2023,8,10,2,0,29.8,0,0,0,0,0,0,0,0,132.37,124,3.6
2023,8,10,3,0,29.700000000000003,0,0,0,0,0,0,0,0,123.34,124,3.6
2023,8,10,4,0,29.6,0,0,0,0,0,0,0,0,112.34,126,3.5
2023,8,10,5,0,29.6,0,0,0,0,0,0,0,0,100.19,128,3.3000000000000003
2023,8,10,6,0,30,20,105,25,0,20,105,0,25,87.13,131,3.3000000000000003
2023,8,10,7,0,30.400000000000002,67,527,212,0,67,527,0,212,74.06,134,3.3000000000000003
2023,8,10,8,0,30.6,91,706,437,0,91,706,0,437,60.61,136,2.9000000000000004
2023,8,10,9,0,30.900000000000002,106,798,649,0,106,798,0,649,47.03,135,2.3000000000000003
2023,8,10,10,0,31.200000000000003,112,854,824,1,112,854,0,824,33.51,133,1.9000000000000001
2023,8,10,11,0,31.700000000000003,116,883,943,1,116,883,0,943,20.47,133,1.7000000000000002
2023,8,10,12,0,32.2,117,895,998,2,487,171,0,655,10.32,131,1.2000000000000002
2023,8,10,13,0,32.5,122,884,980,3,468,154,0,617,13.73,114,0.7000000000000001
2023,8,10,14,0,32.7,117,866,897,3,439,135,0,561,25.77,61,0.6000000000000001
2023,8,10,15,0,32.9,110,828,753,3,214,0,0,214,39.11,45,1
2023,8,10,16,0,32.800000000000004,100,761,561,2,280,47,0,308,52.68,41,1.6
2023,8,10,17,0,32.4,82,642,340,3,92,0,0,92,66.24,45,2.3000000000000003
2023,8,10,18,0,31.700000000000003,51,392,121,0,51,392,0,121,79.61,55,2.7
2023,8,10,19,0,31.3,0,0,0,0,0,0,0,0,92.81,65,3.1
2023,8,10,20,0,30.900000000000002,0,0,0,0,0,0,0,0,105.42,76,3.4000000000000004
2023,8,10,21,0,30.700000000000003,0,0,0,0,0,0,0,0,117.21000000000001,87,3.7
2023,8,10,22,0,30.5,0,0,0,0,0,0,0,0,127.56,98,4
2023,8,10,23,0,30.400000000000002,0,0,0,0,0,0,0,0,135.48,107,4.3
2023,8,11,0,0,30.3,0,0,0,0,0,0,0,0,139.47,113,4.6000000000000005
2023,8,11,1,0,30.200000000000003,0,0,0,0,0,0,0,0,138.4,115,4.6000000000000005
2023,8,11,2,0,30.200000000000003,0,0,0,0,0,0,0,0,132.6,115,4.5
2023,8,11,3,0,30.200000000000003,0,0,0,0,0,0,0,0,123.52,115,4.2
2023,8,11,4,0,30.1,0,0,0,0,0,0,0,0,112.48,117,3.9000000000000004
2023,8,11,5,0,30,0,0,0,1,0,0,0,0,100.3,118,3.6
2023,8,11,6,0,30.3,19,61,22,0,19,61,0,22,87.22,119,3.4000000000000004
2023,8,11,7,0,30.5,76,459,201,0,76,459,0,201,74.14,117,3.5
2023,8,11,8,0,30.6,106,648,423,0,106,648,0,423,60.67,113,3.3000000000000003
2023,8,11,9,0,30.700000000000003,123,748,632,0,123,748,0,632,47.1,106,3.1
2023,8,11,10,0,31,104,856,817,0,104,856,0,817,33.59,99,3.1
2023,8,11,11,0,31.3,108,884,935,0,108,884,0,935,20.59,91,3
2023,8,11,12,0,31.6,108,897,990,0,108,897,0,990,10.58,82,3.1
2023,8,11,13,0,31.8,119,877,970,0,119,877,0,970,13.97,75,3.3000000000000003
2023,8,11,14,0,31.900000000000002,117,858,888,0,117,858,0,888,25.94,72,3.6
2023,8,11,15,0,31.900000000000002,111,817,744,0,111,817,0,744,39.25,71,3.9000000000000004
2023,8,11,16,0,31.700000000000003,100,748,552,0,100,748,0,552,52.82,72,4.4
2023,8,11,17,0,31.400000000000002,82,626,333,3,206,102,0,246,66.38,77,4.800000000000001
2023,8,11,18,0,30.900000000000002,50,374,117,8,73,19,0,76,79.76,85,5
2023,8,11,19,0,30.6,0,0,0,0,0,0,0,0,92.97,96,5.2
2023,8,11,20,0,30.400000000000002,0,0,0,7,0,0,0,0,105.61,106,5.300000000000001
2023,8,11,21,0,30.200000000000003,0,0,0,7,0,0,0,0,117.42,115,5.2
2023,8,11,22,0,30,0,0,0,7,0,0,0,0,127.82000000000001,121,5.1000000000000005
2023,8,11,23,0,29.900000000000002,0,0,0,7,0,0,0,0,135.76,126,4.9
2023,8,12,0,0,29.700000000000003,0,0,0,7,0,0,0,0,139.77,129,4.6000000000000005
2023,8,12,1,0,29.5,0,0,0,7,0,0,0,0,138.68,130,4.2
2023,8,12,2,0,29.400000000000002,0,0,0,7,0,0,0,0,132.83,127,3.6
2023,8,12,3,0,29.200000000000003,0,0,0,7,0,0,0,0,123.71000000000001,121,3.2
2023,8,12,4,0,29.1,0,0,0,8,0,0,0,0,112.63,116,2.8000000000000003
2023,8,12,5,0,29.1,0,0,0,8,0,0,0,0,100.42,114,2.6
2023,8,12,6,0,29.400000000000002,18,111,23,3,13,0,7,13,87.3,115,2.5
2023,8,12,7,0,29.6,60,539,207,0,60,539,0,207,74.21000000000001,124,2.4000000000000004
2023,8,12,8,0,29.700000000000003,81,713,429,0,81,713,0,429,60.74,141,2.4000000000000004
2023,8,12,9,0,29.8,93,800,637,0,93,800,0,637,47.160000000000004,161,2.9000000000000004
2023,8,12,10,0,30,139,784,791,3,85,0,0,85,33.67,171,3.6
2023,8,12,11,0,30.3,149,810,907,3,195,0,0,195,20.71,175,4.2
2023,8,12,12,0,30.5,156,817,959,7,231,2,0,233,10.85,176,4.9
2023,8,12,13,0,30.700000000000003,153,817,945,6,131,0,0,131,14.21,174,5.5
2023,8,12,14,0,30.700000000000003,149,795,863,9,64,0,0,64,26.1,174,6
2023,8,12,15,0,30.700000000000003,140,754,722,6,54,0,0,54,39.4,173,6.4
2023,8,12,16,0,30.400000000000002,124,683,535,6,32,0,0,32,52.96,176,6.6000000000000005
2023,8,12,17,0,30,97,563,321,6,26,0,0,26,66.53,180,6.6000000000000005
2023,8,12,18,0,29.6,55,316,110,9,27,0,0,27,79.91,182,6.1000000000000005
2023,8,12,19,0,29.3,0,0,0,9,0,0,0,0,93.15,184,5.2
2023,8,12,20,0,29.1,0,0,0,9,0,0,0,0,105.81,185,4.7
2023,8,12,21,0,28.900000000000002,0,0,0,9,0,0,0,0,117.64,182,4.4
2023,8,12,22,0,28.8,0,0,0,9,0,0,0,0,128.07,174,4
2023,8,12,23,0,28.8,0,0,0,6,0,0,0,0,136.05,167,3.9000000000000004
2023,8,13,0,0,28.8,0,0,0,6,0,0,0,0,140.08,161,3.7
2023,8,13,1,0,28.8,0,0,0,7,0,0,0,0,138.96,154,3.3000000000000003
2023,8,13,2,0,28.8,0,0,0,8,0,0,0,0,133.07,144,2.8000000000000003
2023,8,13,3,0,28.8,0,0,0,4,0,0,0,0,123.89,135,2.7
2023,8,13,4,0,28.900000000000002,0,0,0,4,0,0,0,0,112.77,126,3.3000000000000003
2023,8,13,5,0,29,0,0,0,7,0,0,0,0,100.53,120,4.4
2023,8,13,6,0,29.400000000000002,18,78,21,8,18,1,7,18,87.39,117,5.4
2023,8,13,7,0,29.8,71,478,201,3,137,42,0,149,74.29,117,6.1000000000000005
2023,8,13,8,0,30,104,648,420,7,160,453,0,381,60.81,120,6.1000000000000005
2023,8,13,9,0,30.3,131,730,626,0,131,730,0,626,47.230000000000004,124,6
2023,8,13,10,0,30.6,164,753,790,8,354,306,0,609,33.75,129,5.7
2023,8,13,11,0,31,180,777,906,8,420,229,0,634,20.84,134,5.300000000000001
2023,8,13,12,0,31.200000000000003,188,784,958,0,188,784,0,958,11.11,138,4.7
2023,8,13,13,0,31.5,206,755,937,0,206,755,0,937,14.46,139,4.2
2023,8,13,14,0,31.6,193,741,858,0,193,741,0,858,26.28,137,3.8000000000000003
2023,8,13,15,0,31.700000000000003,174,706,718,0,174,706,0,718,39.550000000000004,132,3.3000000000000003
2023,8,13,16,0,31.6,149,636,530,0,149,636,0,530,53.11,125,3.1
2023,8,13,17,0,31.3,116,503,315,0,116,503,0,315,66.68,119,3.1
2023,8,13,18,0,30.8,64,237,105,0,64,237,0,105,80.07000000000001,114,2.9000000000000004
2023,8,13,19,0,30.5,0,0,0,0,0,0,0,0,93.32000000000001,110,3
2023,8,13,20,0,30.3,0,0,0,0,0,0,0,0,106,106,3.3000000000000003
2023,8,13,21,0,30.200000000000003,0,0,0,0,0,0,0,0,117.87,104,3.6
2023,8,13,22,0,30,0,0,0,0,0,0,0,0,128.33,101,3.7
2023,8,13,23,0,29.900000000000002,0,0,0,1,0,0,0,0,136.35,97,3.7
2023,8,14,0,0,29.700000000000003,0,0,0,0,0,0,0,0,140.39000000000001,91,3.8000000000000003
2023,8,14,1,0,29.6,0,0,0,0,0,0,0,0,139.24,85,3.8000000000000003
2023,8,14,2,0,29.5,0,0,0,0,0,0,0,0,133.3,80,4
2023,8,14,3,0,29.5,0,0,0,0,0,0,0,0,124.07000000000001,77,4.3
2023,8,14,4,0,29.5,0,0,0,0,0,0,0,0,112.91,77,4.4
2023,8,14,5,0,29.5,0,0,0,0,0,0,0,0,100.64,79,4.5
2023,8,14,6,0,29.8,17,29,18,0,17,29,0,18,87.47,82,4.7
2023,8,14,7,0,30.200000000000003,84,401,192,0,84,401,0,192,74.36,84,5
2023,8,14,8,0,30.400000000000002,119,603,412,0,119,603,0,412,60.88,87,4.9
2023,8,14,9,0,30.700000000000003,138,713,622,0,138,713,0,622,47.300000000000004,88,4.6000000000000005
2023,8,14,10,0,31,108,847,812,3,365,20,0,382,33.83,88,4.4
2023,8,14,11,0,31.3,113,876,931,0,113,876,0,931,20.97,83,4.3
2023,8,14,12,0,31.6,117,886,985,0,117,886,0,985,11.39,76,4.2
2023,8,14,13,0,31.8,132,861,965,0,132,861,0,965,14.72,69,4.3
2023,8,14,14,0,31.900000000000002,130,838,881,7,188,659,0,778,26.46,64,4.5
2023,8,14,15,0,31.900000000000002,123,796,736,6,192,3,0,194,39.7,60,4.800000000000001
2023,8,14,16,0,31.700000000000003,112,720,543,6,149,4,0,151,53.26,58,4.9
2023,8,14,17,0,31.400000000000002,94,579,321,6,93,3,0,94,66.83,57,4.800000000000001
2023,8,14,18,0,31,56,302,107,7,38,1,0,38,80.23,57,4.6000000000000005
2023,8,14,19,0,30.700000000000003,0,0,0,3,0,0,0,0,93.5,58,4.7
2023,8,14,20,0,30.6,0,0,0,1,0,0,0,0,106.2,61,4.800000000000001
2023,8,14,21,0,30.5,0,0,0,7,0,0,0,0,118.10000000000001,65,4.800000000000001
2023,8,14,22,0,30.3,0,0,0,6,0,0,0,0,128.6,72,4.800000000000001
2023,8,14,23,0,30.200000000000003,0,0,0,6,0,0,0,0,136.64000000000001,79,4.800000000000001
2023,8,15,0,0,30.1,0,0,0,7,0,0,0,0,140.70000000000002,89,4.800000000000001
2023,8,15,1,0,29.900000000000002,0,0,0,6,0,0,0,0,139.53,101,4.7
2023,8,15,2,0,29.8,0,0,0,6,0,0,0,0,133.54,112,4.9
2023,8,15,3,0,29.8,0,0,0,7,0,0,0,0,124.26,123,5.1000000000000005
2023,8,15,4,0,29.700000000000003,0,0,0,7,0,0,0,0,113.05,132,5.1000000000000005
2023,8,15,5,0,29.700000000000003,0,0,0,6,0,0,0,0,100.75,138,5
2023,8,15,6,0,29.900000000000002,17,42,19,9,10,0,7,10,87.56,141,4.9
2023,8,15,7,0,30.200000000000003,76,436,193,6,15,0,0,15,74.44,141,4.9
2023,8,15,8,0,30.3,108,628,413,6,82,1,0,82,60.94,143,4.7
2023,8,15,9,0,30.400000000000002,128,727,620,7,301,112,0,377,47.37,146,4.4
2023,8,15,10,0,30.5,134,794,793,7,331,282,0,565,33.910000000000004,146,4.1000000000000005
2023,8,15,11,0,30.6,143,821,909,8,381,333,0,692,21.11,146,3.8000000000000003
2023,8,15,12,0,30.700000000000003,152,824,960,2,499,247,0,741,11.67,147,3.6
2023,8,15,13,0,30.8,164,802,939,1,164,802,0,939,14.99,149,3.4000000000000004
2023,8,15,14,0,30.8,162,775,855,0,162,775,0,855,26.650000000000002,152,3.2
2023,8,15,15,0,30.900000000000002,154,727,711,8,305,266,0,509,39.86,152,3
2023,8,15,16,0,30.8,137,647,522,6,37,0,0,37,53.410000000000004,153,3
2023,8,15,17,0,30.6,108,510,307,6,136,13,0,141,66.99,152,3.1
2023,8,15,18,0,30.200000000000003,59,238,99,7,83,31,0,88,80.4,150,3.1
2023,8,15,19,0,30,0,0,0,6,0,0,0,0,93.68,150,3.4000000000000004
2023,8,15,20,0,29.900000000000002,0,0,0,6,0,0,0,0,106.41,149,3.7
2023,8,15,21,0,29.8,0,0,0,7,0,0,0,0,118.33,149,3.9000000000000004
2023,8,15,22,0,29.8,0,0,0,7,0,0,0,0,128.86,150,4
2023,8,15,23,0,29.8,0,0,0,7,0,0,0,0,136.95000000000002,153,4.1000000000000005
2023,8,16,0,0,29.700000000000003,0,0,0,7,0,0,0,0,141.01,158,4
2023,8,16,1,0,29.700000000000003,0,0,0,7,0,0,0,0,139.82,163,4
2023,8,16,2,0,29.700000000000003,0,0,0,7,0,0,0,0,133.77,166,4
2023,8,16,3,0,29.6,0,0,0,6,0,0,0,0,124.44,169,3.9000000000000004
2023,8,16,4,0,29.700000000000003,0,0,0,7,0,0,0,0,113.2,167,3.7
2023,8,16,5,0,29.8,0,0,0,7,0,0,0,0,100.87,161,3.6
2023,8,16,6,0,30.1,16,26,17,7,14,0,7,14,87.64,156,3.6
2023,8,16,7,0,30.6,82,407,190,7,85,7,0,87,74.52,151,3.9000000000000004
2023,8,16,8,0,30.900000000000002,119,600,410,8,171,441,0,385,61.01,144,4.3
2023,8,16,9,0,31.200000000000003,145,696,616,3,362,138,0,456,47.43,137,4.5
2023,8,16,10,0,31.400000000000002,178,726,780,0,178,726,0,780,34,134,4.800000000000001
2023,8,16,11,0,31.700000000000003,190,758,896,1,190,758,0,896,21.240000000000002,137,4.800000000000001
2023,8,16,12,0,31.8,195,770,948,8,433,204,0,632,11.950000000000001,143,4.7
2023,8,16,13,0,31.900000000000002,174,793,940,8,436,113,0,545,15.26,148,4.5
2023,8,16,14,0,31.900000000000002,171,767,855,9,79,0,0,79,26.84,152,4.3
2023,8,16,15,0,31.900000000000002,161,718,711,9,190,3,0,192,40.03,153,4.2
2023,8,16,16,0,31.700000000000003,143,634,520,6,54,0,0,54,53.57,153,4.1000000000000005
2023,8,16,17,0,31.3,116,480,302,7,92,3,0,93,67.15,153,3.9000000000000004
2023,8,16,18,0,30.900000000000002,63,188,94,7,57,2,0,57,80.57000000000001,152,3.8000000000000003
2023,8,16,19,0,30.6,0,0,0,7,0,0,0,0,93.87,148,3.8000000000000003
2023,8,16,20,0,30.400000000000002,0,0,0,7,0,0,0,0,106.62,143,4
2023,8,16,21,0,30.3,0,0,0,7,0,0,0,0,118.57000000000001,139,4.1000000000000005
2023,8,16,22,0,30.1,0,0,0,7,0,0,0,0,129.14000000000001,133,4.2
2023,8,16,23,0,30,0,0,0,8,0,0,0,0,137.25,127,4.2
2023,8,17,0,0,29.900000000000002,0,0,0,0,0,0,0,0,141.33,122,4.2
2023,8,17,1,0,29.700000000000003,0,0,0,0,0,0,0,0,140.11,119,4.4
2023,8,17,2,0,29.700000000000003,0,0,0,0,0,0,0,0,134.01,119,4.800000000000001
2023,8,17,3,0,29.6,0,0,0,7,0,0,0,0,124.62,121,5
2023,8,17,4,0,29.6,0,0,0,5,0,0,0,0,113.34,126,5.2
2023,8,17,5,0,29.5,0,0,0,3,0,0,0,0,100.98,132,5.1000000000000005
2023,8,17,6,0,29.6,13,5,13,0,13,5,0,13,87.73,138,4.9
2023,8,17,7,0,29.900000000000002,100,300,180,0,100,300,0,180,74.59,143,4.7
2023,8,17,8,0,30,150,506,395,0,150,506,0,395,61.08,149,4.5
2023,8,17,9,0,30.1,181,620,600,0,181,620,0,600,47.5,154,4.2
2023,8,17,10,0,30.3,187,710,775,0,187,710,0,775,34.08,157,4
2023,8,17,11,0,30.5,195,751,894,7,397,331,0,705,21.39,156,3.8000000000000003
2023,8,17,12,0,30.700000000000003,194,773,950,7,402,343,0,738,12.23,158,3.7
2023,8,17,13,0,30.900000000000002,207,750,930,7,379,342,0,709,15.530000000000001,159,3.4000000000000004
2023,8,17,14,0,31,195,734,849,7,398,167,0,547,27.04,161,3.1
2023,8,17,15,0,31.1,178,693,707,6,232,6,0,236,40.2,162,2.6
2023,8,17,16,0,31,162,596,514,6,115,1,0,115,53.74,159,2
2023,8,17,17,0,30.8,126,444,298,7,109,5,0,111,67.32000000000001,139,1.3
2023,8,17,18,0,30.5,65,162,91,7,23,0,0,23,80.74,109,1.4000000000000001
2023,8,17,19,0,30.200000000000003,0,0,0,7,0,0,0,0,94.06,95,2.1
2023,8,17,20,0,30,0,0,0,7,0,0,0,0,106.83,93,2.8000000000000003
2023,8,17,21,0,29.900000000000002,0,0,0,7,0,0,0,0,118.81,97,3.5
2023,8,17,22,0,29.700000000000003,0,0,0,7,0,0,0,0,129.41,103,4
2023,8,17,23,0,29.6,0,0,0,1,0,0,0,0,137.56,108,4.4
2023,8,18,0,0,29.5,0,0,0,3,0,0,0,0,141.66,111,4.5
2023,8,18,1,0,29.400000000000002,0,0,0,1,0,0,0,0,140.41,112,4.6000000000000005
2023,8,18,2,0,29.3,0,0,0,1,0,0,0,0,134.25,112,4.6000000000000005
2023,8,18,3,0,29.3,0,0,0,0,0,0,0,0,124.81,112,4.5
2023,8,18,4,0,29.400000000000002,0,0,0,0,0,0,0,0,113.48,113,4.4
2023,8,18,5,0,29.5,0,0,0,0,0,0,0,0,101.09,114,4.2
2023,8,18,6,0,29.700000000000003,13,6,13,3,10,0,7,10,87.81,114,3.9000000000000004
2023,8,18,7,0,30.1,98,314,181,0,98,314,0,181,74.66,111,3.9000000000000004
2023,8,18,8,0,30.3,147,519,397,0,147,519,0,397,61.15,106,3.9000000000000004
2023,8,18,9,0,30.400000000000002,176,636,605,0,176,636,0,605,47.57,98,3.8000000000000003
2023,8,18,10,0,30.5,147,782,794,3,351,10,0,359,34.17,92,3.7
2023,8,18,11,0,30.6,155,813,912,0,155,813,0,912,21.53,86,3.8000000000000003
2023,8,18,12,0,30.5,159,824,964,0,159,824,0,964,12.530000000000001,80,3.9000000000000004
2023,8,18,13,0,30.400000000000002,171,801,942,0,171,801,0,942,15.81,75,4
2023,8,18,14,0,30.200000000000003,169,771,854,7,380,287,0,635,27.25,72,4.2
2023,8,18,15,0,29.900000000000002,164,712,706,3,409,168,0,536,40.38,71,4.5
2023,8,18,16,0,29.6,152,609,511,7,255,58,0,289,53.9,71,4.7
2023,8,18,17,0,29.3,123,444,293,7,125,10,0,129,67.48,72,4.800000000000001
2023,8,18,18,0,29,64,150,87,7,44,1,0,44,80.92,78,4.9
2023,8,18,19,0,28.900000000000002,0,0,0,7,0,0,0,0,94.26,87,5
2023,8,18,20,0,29,0,0,0,7,0,0,0,0,107.04,97,5.1000000000000005
2023,8,18,21,0,29,0,0,0,7,0,0,0,0,119.05,106,5.4
2023,8,18,22,0,29.200000000000003,0,0,0,8,0,0,0,0,129.69,113,5.9
2023,8,18,23,0,29.3,0,0,0,0,0,0,0,0,137.88,117,6.1000000000000005
2023,8,19,0,0,29.3,0,0,0,0,0,0,0,0,141.99,119,6
2023,8,19,1,0,29.3,0,0,0,8,0,0,0,0,140.70000000000002,120,5.7
2023,8,19,2,0,29.400000000000002,0,0,0,0,0,0,0,0,134.49,120,5.5
2023,8,19,3,0,29.400000000000002,0,0,0,8,0,0,0,0,124.99000000000001,118,5.4
2023,8,19,4,0,29.3,0,0,0,6,0,0,0,0,113.62,115,5.2
2023,8,19,5,0,29.3,0,0,0,6,0,0,0,0,101.2,113,5.2
2023,8,19,6,0,29.400000000000002,13,8,13,6,11,0,1,11,87.89,111,5.2
2023,8,19,7,0,29.700000000000003,96,313,178,7,75,5,0,77,74.74,109,5.4
2023,8,19,8,0,29.8,152,495,390,9,12,0,0,12,61.22,107,5.5
2023,8,19,9,0,29.900000000000002,201,575,588,9,37,0,0,37,47.65,106,5.5
2023,8,19,10,0,29.900000000000002,206,673,763,6,40,0,0,40,34.26,106,5.4
2023,8,19,11,0,29.900000000000002,226,698,875,6,102,0,0,102,21.68,108,5.2
2023,8,19,12,0,29.900000000000002,237,706,925,6,235,2,0,237,12.82,110,5
2023,8,19,13,0,29.8,252,677,903,6,215,1,0,216,16.1,113,4.9
2023,8,19,14,0,29.6,254,633,816,7,422,259,0,652,27.46,118,4.7
2023,8,19,15,0,29.3,248,556,670,7,363,126,0,459,40.56,124,4.7
2023,8,19,16,0,29.200000000000003,219,448,482,6,105,1,0,106,54.08,131,4.7
2023,8,19,17,0,29.200000000000003,163,290,273,6,124,4,0,126,67.66,137,4.6000000000000005
2023,8,19,18,0,29.1,67,74,78,7,53,1,7,54,81.10000000000001,139,4.4
2023,8,19,19,0,29.1,0,0,0,7,0,0,0,0,94.45,139,4.3
2023,8,19,20,0,29.1,0,0,0,7,0,0,0,0,107.26,134,4.2
2023,8,19,21,0,29.200000000000003,0,0,0,0,0,0,0,0,119.3,126,4.2
2023,8,19,22,0,29.200000000000003,0,0,0,1,0,0,0,0,129.97,119,4.5
2023,8,19,23,0,29.3,0,0,0,3,0,0,0,0,138.20000000000002,115,4.9
2023,8,20,0,0,29.3,0,0,0,0,0,0,0,0,142.32,112,5.300000000000001
2023,8,20,1,0,29.400000000000002,0,0,0,0,0,0,0,0,141,110,5.6000000000000005
2023,8,20,2,0,29.400000000000002,0,0,0,0,0,0,0,0,134.73,108,5.9
2023,8,20,3,0,29.5,0,0,0,6,0,0,0,0,125.17,107,6
2023,8,20,4,0,29.5,0,0,0,7,0,0,0,0,113.76,106,6.2
2023,8,20,5,0,29.5,0,0,0,7,0,0,0,0,101.31,105,6.300000000000001
2023,8,20,6,0,29.700000000000003,10,2,10,7,10,0,7,10,87.98,105,6.4
2023,8,20,7,0,30.1,102,278,175,0,102,278,0,175,74.81,104,6.6000000000000005
2023,8,20,8,0,30.400000000000002,153,494,391,0,153,494,0,391,61.28,105,6.800000000000001
2023,8,20,9,0,30.700000000000003,186,610,597,0,186,610,0,597,47.72,105,6.7
2023,8,20,10,0,31,194,701,773,0,194,701,0,773,34.36,104,6.7
2023,8,20,11,0,31.3,200,745,892,0,200,745,0,892,21.84,101,6.7
2023,8,20,12,0,31.400000000000002,196,771,947,0,196,771,0,947,13.120000000000001,97,6.800000000000001
2023,8,20,13,0,31.3,193,769,930,0,193,769,0,930,16.39,93,6.9
2023,8,20,14,0,31.1,183,748,846,0,183,748,0,846,27.68,90,6.9
2023,8,20,15,0,31,169,702,701,0,169,702,0,701,40.75,86,7
2023,8,20,16,0,30.8,147,622,510,0,147,622,0,510,54.25,82,7
2023,8,20,17,0,30.5,113,480,294,3,12,0,0,12,67.84,80,6.800000000000001
2023,8,20,18,0,30,57,202,87,0,57,202,0,87,81.29,77,6.4
2023,8,20,19,0,29.700000000000003,0,0,0,2,0,0,0,0,94.65,76,6.4
2023,8,20,20,0,29.6,0,0,0,0,0,0,0,0,107.48,77,6.4
2023,8,20,21,0,29.5,0,0,0,0,0,0,0,0,119.55,79,6.300000000000001
2023,8,20,22,0,29.400000000000002,0,0,0,0,0,0,0,0,130.26,82,6.300000000000001
2023,8,20,23,0,29.400000000000002,0,0,0,0,0,0,0,0,138.52,87,6.5
2023,8,21,0,0,29.3,0,0,0,8,0,0,0,0,142.65,92,6.7
2023,8,21,1,0,29.3,0,0,0,7,0,0,0,0,141.3,96,6.800000000000001
2023,8,21,2,0,29.200000000000003,0,0,0,7,0,0,0,0,134.97,99,6.9
2023,8,21,3,0,29.200000000000003,0,0,0,2,0,0,0,0,125.36,99,7
2023,8,21,4,0,29.200000000000003,0,0,0,2,0,0,0,0,113.9,96,7
2023,8,21,5,0,29.200000000000003,0,0,0,0,0,0,0,0,101.42,91,6.9
2023,8,21,6,0,29.400000000000002,13,13,14,0,13,13,0,14,88.06,86,7
2023,8,21,7,0,29.6,82,390,184,8,82,390,5,184,74.89,82,7.2
2023,8,21,8,0,29.8,117,605,407,8,198,305,0,344,61.35,77,7.300000000000001
2023,8,21,9,0,29.900000000000002,138,716,618,8,234,443,0,531,47.79,73,7.300000000000001
2023,8,21,10,0,30,141,792,794,8,223,602,0,719,34.45,70,7.300000000000001
2023,8,21,11,0,30.200000000000003,149,822,911,8,249,607,0,812,22,68,7.4
2023,8,21,12,0,30.400000000000002,152,832,962,1,152,832,0,962,13.43,68,7.5
2023,8,21,13,0,30.5,149,831,945,8,310,501,0,790,16.69,71,7.800000000000001
2023,8,21,14,0,30.5,145,809,860,7,274,481,0,699,27.900000000000002,73,7.9
2023,8,21,15,0,30.5,135,767,714,7,198,585,0,640,40.94,74,7.800000000000001
2023,8,21,16,0,30.3,122,683,519,7,245,106,0,307,54.43,75,7.7
2023,8,21,17,0,30,98,536,298,8,176,93,0,211,68.02,75,7.4
2023,8,21,18,0,29.700000000000003,52,238,88,3,60,1,7,60,81.47,76,7.2
2023,8,21,19,0,29.6,0,0,0,0,0,0,0,0,94.86,76,7
2023,8,21,20,0,29.5,0,0,0,1,0,0,0,0,107.71000000000001,76,7
2023,8,21,21,0,29.400000000000002,0,0,0,2,0,0,0,0,119.8,76,6.800000000000001
2023,8,21,22,0,29.3,0,0,0,0,0,0,0,0,130.55,75,6.6000000000000005
2023,8,21,23,0,29.3,0,0,0,1,0,0,0,0,138.85,75,6.5
2023,8,22,0,0,29.200000000000003,0,0,0,0,0,0,0,0,142.99,74,6.4
2023,8,22,1,0,29.200000000000003,0,0,0,0,0,0,0,0,141.61,74,6.300000000000001
2023,8,22,2,0,29.200000000000003,0,0,0,0,0,0,0,0,135.21,72,6.2
2023,8,22,3,0,29.1,0,0,0,0,0,0,0,0,125.54,71,6.1000000000000005
2023,8,22,4,0,29.1,0,0,0,0,0,0,0,0,114.04,69,6.1000000000000005
2023,8,22,5,0,29.1,0,0,0,0,0,0,0,0,101.52,65,6
2023,8,22,6,0,29.3,13,17,14,3,9,0,7,9,88.14,61,6.2
2023,8,22,7,0,29.700000000000003,80,412,187,0,80,412,0,187,74.96000000000001,57,6.7
2023,8,22,8,0,29.900000000000002,109,632,412,0,109,632,0,412,61.42,53,7
2023,8,22,9,0,30.1,123,749,626,7,94,0,0,95,47.870000000000005,53,7.300000000000001
2023,8,22,10,0,30.200000000000003,132,812,801,7,43,0,0,43,34.550000000000004,54,7.6000000000000005
2023,8,22,11,0,30.400000000000002,140,840,918,8,244,620,0,818,22.16,56,7.7
2023,8,22,12,0,30.400000000000002,143,853,971,1,143,853,0,971,13.73,57,7.7
2023,8,22,13,0,30.5,141,849,953,0,141,849,0,953,17,58,7.6000000000000005
2023,8,22,14,0,30.5,141,821,865,0,141,821,0,865,28.13,60,7.5
2023,8,22,15,0,30.400000000000002,134,773,716,7,184,633,0,661,41.13,61,7.4
2023,8,22,16,0,30.3,120,690,520,8,167,508,0,461,54.620000000000005,62,7.300000000000001
2023,8,22,17,0,30,99,533,297,2,195,125,0,241,68.2,64,6.800000000000001
2023,8,22,18,0,29.700000000000003,53,222,85,3,63,3,7,64,81.67,67,6.300000000000001
2023,8,22,19,0,29.5,0,0,0,0,0,0,0,0,95.06,69,6.1000000000000005
2023,8,22,20,0,29.400000000000002,0,0,0,8,0,0,0,0,107.94,71,5.9
2023,8,22,21,0,29.400000000000002,0,0,0,1,0,0,0,0,120.06,73,5.800000000000001
2023,8,22,22,0,29.3,0,0,0,0,0,0,0,0,130.84,73,5.6000000000000005
2023,8,22,23,0,29.200000000000003,0,0,0,0,0,0,0,0,139.17000000000002,73,5.5
2023,8,23,0,0,29.1,0,0,0,0,0,0,0,0,143.33,74,5.300000000000001
2023,8,23,1,0,29,0,0,0,0,0,0,0,0,141.91,74,5.2
2023,8,23,2,0,28.900000000000002,0,0,0,0,0,0,0,0,135.45,73,5
2023,8,23,3,0,28.700000000000003,0,0,0,1,0,0,0,0,125.72,70,4.9
2023,8,23,4,0,28.700000000000003,0,0,0,0,0,0,0,0,114.18,66,4.800000000000001
2023,8,23,5,0,28.6,0,0,0,0,0,0,0,0,101.63,62,4.7
2023,8,23,6,0,28.8,13,20,13,0,13,20,0,13,88.22,59,4.7
2023,8,23,7,0,29.3,80,408,185,0,80,408,0,185,75.04,57,5.2
2023,8,23,8,0,29.5,115,613,408,0,115,613,0,408,61.49,56,5.4
2023,8,23,9,0,29.8,136,720,618,0,136,720,0,618,47.94,56,5.300000000000001
2023,8,23,10,0,30.1,141,793,794,0,141,793,0,794,34.65,56,5.2
2023,8,23,11,0,30.3,146,828,912,0,146,828,0,912,22.330000000000002,56,5.2
2023,8,23,12,0,30.400000000000002,147,843,965,0,147,843,0,965,14.05,57,5.1000000000000005
2023,8,23,13,0,30.5,138,850,949,2,462,107,0,564,17.31,58,5
2023,8,23,14,0,30.5,134,828,863,7,291,443,0,681,28.36,60,4.9
2023,8,23,15,0,30.400000000000002,126,784,715,0,126,784,0,715,41.33,62,4.800000000000001
2023,8,23,16,0,30.3,113,705,519,0,113,705,0,519,54.81,62,4.7
2023,8,23,17,0,30,90,560,297,0,90,560,0,297,68.39,61,4.6000000000000005
2023,8,23,18,0,29.700000000000003,48,256,85,2,62,3,7,62,81.86,62,4.3
2023,8,23,19,0,29.5,0,0,0,7,0,0,0,0,95.27,65,4.2
2023,8,23,20,0,29.5,0,0,0,7,0,0,0,0,108.17,67,4
2023,8,23,21,0,29.400000000000002,0,0,0,7,0,0,0,0,120.32000000000001,68,3.9000000000000004
2023,8,23,22,0,29.3,0,0,0,7,0,0,0,0,131.14000000000001,68,3.8000000000000003
2023,8,23,23,0,29.200000000000003,0,0,0,8,0,0,0,0,139.51,68,3.7
2023,8,24,0,0,29,0,0,0,8,0,0,0,0,143.67000000000002,67,3.7
2023,8,24,1,0,28.900000000000002,0,0,0,3,0,0,0,0,142.22,66,3.6
2023,8,24,2,0,28.8,0,0,0,0,0,0,0,0,135.69,66,3.5
2023,8,24,3,0,28.8,0,0,0,0,0,0,0,0,125.91,66,3.4000000000000004
2023,8,24,4,0,28.700000000000003,0,0,0,0,0,0,0,0,114.32000000000001,65,3.2
2023,8,24,5,0,28.700000000000003,0,0,0,0,0,0,0,0,101.74000000000001,63,3
2023,8,24,6,0,28.900000000000002,13,81,15,0,13,81,0,15,88.3,59,2.8000000000000003
2023,8,24,7,0,29.200000000000003,57,541,196,1,57,541,0,196,75.11,53,2.9000000000000004
2023,8,24,8,0,29.5,79,724,423,0,79,724,0,423,61.56,45,2.9000000000000004
2023,8,24,9,0,29.700000000000003,93,813,637,7,330,151,0,431,48.02,39,2.9000000000000004
2023,8,24,10,0,29.900000000000002,120,831,803,0,120,831,0,803,34.75,35,3
2023,8,24,11,0,30.1,126,860,921,0,126,860,0,921,22.5,30,3.1
2023,8,24,12,0,30.3,128,872,973,0,128,872,0,973,14.36,25,3.5
2023,8,24,13,0,30.400000000000002,122,877,957,7,240,570,0,783,17.62,21,3.9000000000000004
2023,8,24,14,0,30.400000000000002,120,852,869,7,341,332,0,632,28.6,20,4.2
2023,8,24,15,0,30.400000000000002,115,807,719,8,270,374,0,550,41.54,20,4.3
2023,8,24,16,0,30.200000000000003,105,724,521,0,105,724,0,521,55,19,4.3
2023,8,24,17,0,30,85,577,296,0,85,577,0,296,68.58,18,4.2
2023,8,24,18,0,29.6,45,274,83,2,59,3,7,59,82.06,20,3.8000000000000003
2023,8,24,19,0,29.5,0,0,0,0,0,0,0,0,95.49,22,3.6
2023,8,24,20,0,29.400000000000002,0,0,0,0,0,0,0,0,108.4,23,3.5
2023,8,24,21,0,29.400000000000002,0,0,0,0,0,0,0,0,120.58,23,3.3000000000000003
2023,8,24,22,0,29.3,0,0,0,0,0,0,0,0,131.44,23,3.2
2023,8,24,23,0,29.3,0,0,0,0,0,0,0,0,139.84,22,3.1
2023,8,25,0,0,29.200000000000003,0,0,0,0,0,0,0,0,144.02,21,3
2023,8,25,1,0,29.1,0,0,0,0,0,0,0,0,142.53,20,2.9000000000000004
2023,8,25,2,0,29.1,0,0,0,0,0,0,0,0,135.93,19,3
2023,8,25,3,0,29,0,0,0,2,0,0,0,0,126.09,19,3.1
2023,8,25,4,0,28.900000000000002,0,0,0,0,0,0,0,0,114.45,17,3.3000000000000003
2023,8,25,5,0,28.900000000000002,0,0,0,0,0,0,0,0,101.84,15,3.5
2023,8,25,6,0,29.1,12,60,14,1,12,60,0,14,88.38,13,3.8000000000000003
2023,8,25,7,0,29.400000000000002,61,506,191,3,115,10,0,117,75.18,12,4.3
2023,8,25,8,0,29.6,85,697,416,3,99,0,0,99,61.63,11,4.6000000000000005
2023,8,25,9,0,29.8,99,795,629,1,99,795,0,629,48.1,10,4.7
2023,8,25,10,0,30,107,848,803,1,107,848,0,803,34.86,10,4.800000000000001
2023,8,25,11,0,30.200000000000003,111,879,922,1,111,879,0,922,22.67,11,4.9
2023,8,25,12,0,30.3,112,892,975,0,112,892,0,975,14.68,12,5
2023,8,25,13,0,30.3,122,874,953,0,122,874,0,953,17.94,12,5.1000000000000005
2023,8,25,14,0,30.200000000000003,117,856,867,0,117,856,0,867,28.85,12,5.2
2023,8,25,15,0,30.200000000000003,110,816,719,0,110,816,0,719,41.75,11,5.300000000000001
2023,8,25,16,0,30.1,98,742,522,0,98,742,0,522,55.2,11,5.300000000000001
2023,8,25,17,0,29.900000000000002,79,603,297,0,79,603,0,297,68.78,10,5
2023,8,25,18,0,29.5,43,294,82,0,43,294,0,82,82.26,9,4.3
2023,8,25,19,0,29.3,0,0,0,1,0,0,0,0,95.7,9,3.9000000000000004
2023,8,25,20,0,29.3,0,0,0,3,0,0,0,0,108.64,7,3.6
2023,8,25,21,0,29.1,0,0,0,0,0,0,0,0,120.85000000000001,4,3.4000000000000004
2023,8,25,22,0,29,0,0,0,0,0,0,0,0,131.74,360,3.2
2023,8,25,23,0,28.900000000000002,0,0,0,0,0,0,0,0,140.18,356,3.3000000000000003
2023,8,26,0,0,28.700000000000003,0,0,0,0,0,0,0,0,144.37,353,3.3000000000000003
2023,8,26,1,0,28.6,0,0,0,0,0,0,0,0,142.84,350,3.4000000000000004
2023,8,26,2,0,28.5,0,0,0,0,0,0,0,0,136.17000000000002,347,3.4000000000000004
2023,8,26,3,0,28.5,0,0,0,0,0,0,0,0,126.27,343,3.4000000000000004
2023,8,26,4,0,28.400000000000002,0,0,0,0,0,0,0,0,114.59,340,3.4000000000000004
2023,8,26,5,0,28.400000000000002,0,0,0,0,0,0,0,0,101.95,335,3.3000000000000003
2023,8,26,6,0,28.700000000000003,12,59,14,1,12,59,0,14,88.46000000000001,327,3.3000000000000003
2023,8,26,7,0,29.1,59,522,192,0,59,522,0,192,75.26,320,3.6
2023,8,26,8,0,29.400000000000002,82,710,419,0,82,710,0,419,61.7,314,3.6
2023,8,26,9,0,29.6,97,801,631,1,97,801,0,631,48.17,310,3.5
2023,8,26,10,0,29.900000000000002,99,862,806,1,99,862,0,806,34.97,310,3.3000000000000003
2023,8,26,11,0,30.200000000000003,104,887,922,2,418,368,0,757,22.85,311,3.2
2023,8,26,12,0,30.400000000000002,107,895,972,7,357,247,0,596,15,311,3.1
2023,8,26,13,0,30.400000000000002,105,893,953,7,377,243,0,609,18.26,312,3.1
2023,8,26,14,0,30.400000000000002,100,875,865,7,356,248,0,572,29.1,312,3
2023,8,26,15,0,30.3,92,840,717,3,366,105,0,444,41.96,311,2.9000000000000004
2023,8,26,16,0,30.1,80,776,521,3,23,0,0,23,55.4,310,2.6
2023,8,26,17,0,29.900000000000002,64,649,297,7,160,76,0,187,68.98,303,2.2
2023,8,26,18,0,29.6,36,351,82,3,61,18,7,63,82.46000000000001,290,1.7000000000000002
2023,8,26,19,0,29.5,0,0,0,0,0,0,0,0,95.92,272,1.5
2023,8,26,20,0,29.5,0,0,0,0,0,0,0,0,108.88,254,1.5
2023,8,26,21,0,29.400000000000002,0,0,0,0,0,0,0,0,121.12,238,1.6
2023,8,26,22,0,29.3,0,0,0,0,0,0,0,0,132.04,232,1.8
2023,8,26,23,0,29.1,0,0,0,0,0,0,0,0,140.52,234,2
2023,8,27,0,0,29,0,0,0,0,0,0,0,0,144.73,239,2
2023,8,27,1,0,28.900000000000002,0,0,0,0,0,0,0,0,143.15,245,2
2023,8,27,2,0,28.8,0,0,0,0,0,0,0,0,136.41,253,1.9000000000000001
2023,8,27,3,0,28.700000000000003,0,0,0,0,0,0,0,0,126.45,260,1.9000000000000001
2023,8,27,4,0,28.700000000000003,0,0,0,0,0,0,0,0,114.72,264,2
2023,8,27,5,0,28.6,0,0,0,0,0,0,0,0,102.05,265,2
2023,8,27,6,0,28.900000000000002,12,91,14,0,12,91,0,14,88.53,263,2
2023,8,27,7,0,29.1,52,568,195,0,52,568,0,195,75.33,257,1.9000000000000001
2023,8,27,8,0,29.200000000000003,70,748,424,0,70,748,0,424,61.77,244,1.7000000000000002
2023,8,27,9,0,29.400000000000002,81,835,637,0,81,835,0,637,48.25,228,1.7000000000000002
2023,8,27,10,0,29.700000000000003,91,879,810,0,91,879,0,810,35.07,212,1.7000000000000002
2023,8,27,11,0,30.1,95,905,928,1,95,905,0,928,23.04,197,1.8
2023,8,27,12,0,30.5,95,917,979,3,435,376,0,798,15.33,186,1.9000000000000001
2023,8,27,13,0,30.700000000000003,93,915,961,3,108,0,0,108,18.59,177,2
2023,8,27,14,0,30.900000000000002,90,896,872,3,449,245,0,662,29.35,175,2.2
2023,8,27,15,0,31.1,84,862,722,7,290,284,0,500,42.18,182,2.2
2023,8,27,16,0,31.1,73,800,526,7,238,94,0,291,55.6,195,2.3000000000000003
2023,8,27,17,0,30.900000000000002,58,685,301,7,158,93,0,191,69.18,209,2.6
2023,8,27,18,0,30.5,32,407,83,7,50,12,7,52,82.67,217,2.5
2023,8,27,19,0,30.3,0,0,0,7,0,0,0,0,96.14,221,2.6
2023,8,27,20,0,30.1,0,0,0,0,0,0,0,0,109.12,221,2.4000000000000004
2023,8,27,21,0,30,0,0,0,0,0,0,0,0,121.39,216,2.3000000000000003
2023,8,27,22,0,29.8,0,0,0,0,0,0,0,0,132.35,208,2.1
2023,8,27,23,0,29.700000000000003,0,0,0,1,0,0,0,0,140.87,198,1.9000000000000001
2023,8,28,0,0,29.5,0,0,0,0,0,0,0,0,145.08,188,1.8
2023,8,28,1,0,29.3,0,0,0,0,0,0,0,0,143.46,177,1.8
2023,8,28,2,0,29.200000000000003,0,0,0,8,0,0,0,0,136.66,170,1.9000000000000001
2023,8,28,3,0,29,0,0,0,1,0,0,0,0,126.63000000000001,170,2
2023,8,28,4,0,29,0,0,0,0,0,0,0,0,114.86,175,2
2023,8,28,5,0,29.1,0,0,0,0,0,0,0,0,102.16,183,1.9000000000000001
2023,8,28,6,0,29.400000000000002,11,127,14,1,11,127,0,14,88.61,187,1.9000000000000001
2023,8,28,7,0,29.900000000000002,49,585,196,0,49,585,0,196,75.4,186,1.9000000000000001
2023,8,28,8,0,30.200000000000003,68,754,423,0,68,754,0,423,61.84,188,1.9000000000000001
2023,8,28,9,0,30.6,79,836,635,0,79,836,0,635,48.34,202,2.1
2023,8,28,10,0,31,83,888,809,2,396,271,0,617,35.19,211,2.6
2023,8,28,11,0,31.3,88,910,924,1,88,910,0,924,23.22,213,3
2023,8,28,12,0,31.6,90,918,974,0,90,918,0,974,15.66,214,3.1
2023,8,28,13,0,31.6,89,915,954,1,89,915,0,954,18.92,218,3.1
2023,8,28,14,0,31.6,87,895,865,3,411,128,0,522,29.61,222,3.1
2023,8,28,15,0,31.6,81,860,716,1,81,860,0,716,42.4,228,3.1
2023,8,28,16,0,31.400000000000002,72,797,520,0,72,797,0,520,55.81,232,3
2023,8,28,17,0,31.1,58,674,295,0,58,674,0,295,69.38,231,2.9000000000000004
2023,8,28,18,0,30.700000000000003,32,383,79,0,32,383,0,79,82.87,226,2.6
2023,8,28,19,0,30.5,0,0,0,0,0,0,0,0,96.37,219,2.8000000000000003
2023,8,28,20,0,30.400000000000002,0,0,0,0,0,0,0,0,109.36,211,3
2023,8,28,21,0,30.3,0,0,0,0,0,0,0,0,121.66,201,3.4000000000000004
2023,8,28,22,0,30.200000000000003,0,0,0,0,0,0,0,0,132.66,193,3.7
2023,8,28,23,0,30.1,0,0,0,0,0,0,0,0,141.22,188,3.9000000000000004
2023,8,29,0,0,30,0,0,0,0,0,0,1,0,145.44,185,4
2023,8,29,1,0,29.900000000000002,0,0,0,0,0,0,0,0,143.77,182,4
2023,8,29,2,0,29.8,0,0,0,0,0,0,0,0,136.9,179,3.9000000000000004
2023,8,29,3,0,29.700000000000003,0,0,0,0,0,0,0,0,126.8,176,3.7
2023,8,29,4,0,29.700000000000003,0,0,0,0,0,0,0,0,114.99000000000001,170,3.6
2023,8,29,5,0,29.700000000000003,0,0,0,7,0,0,0,0,102.26,165,3.6
2023,8,29,6,0,30.1,11,65,12,6,4,0,7,4,88.69,161,3.9000000000000004
2023,8,29,7,0,30.5,59,508,187,7,27,0,0,27,75.47,162,4.4
2023,8,29,8,0,30.8,87,684,409,6,8,0,0,8,61.92,166,4.800000000000001
2023,8,29,9,0,31,107,772,619,6,26,0,0,26,48.42,172,5.1000000000000005
2023,8,29,10,0,31.200000000000003,125,812,788,7,353,196,0,513,35.300000000000004,175,5.5
2023,8,29,11,0,31.5,128,850,907,7,270,514,0,741,23.42,177,5.800000000000001
2023,8,29,12,0,31.700000000000003,125,869,961,8,248,613,0,837,16,180,6.2
2023,8,29,13,0,31.8,119,873,944,0,119,873,0,944,19.25,181,6.4
2023,8,29,14,0,31.8,113,857,856,0,113,857,0,856,29.87,181,6.5
2023,8,29,15,0,31.900000000000002,102,821,707,0,102,821,0,707,42.63,179,6.4
2023,8,29,16,0,31.700000000000003,90,750,509,0,90,750,0,509,56.02,179,6.300000000000001
2023,8,29,17,0,31.3,71,612,285,0,71,612,0,285,69.59,178,6
2023,8,29,18,0,30.8,36,296,72,0,36,296,0,72,83.09,176,5.7
2023,8,29,19,0,30.6,0,0,0,7,0,0,0,0,96.59,174,5.7
2023,8,29,20,0,30.400000000000002,0,0,0,7,0,0,0,0,109.61,172,5.800000000000001
2023,8,29,21,0,30.400000000000002,0,0,0,7,0,0,0,0,121.93,171,6.1000000000000005
2023,8,29,22,0,30.3,0,0,0,7,0,0,0,0,132.97,171,6.4
2023,8,29,23,0,30.3,0,0,0,7,0,0,0,0,141.57,171,6.7
2023,8,30,0,0,30.3,0,0,0,7,0,0,1,0,145.8,174,6.7
2023,8,30,1,0,30.3,0,0,0,7,0,0,0,0,144.09,179,6.5
2023,8,30,2,0,30.400000000000002,0,0,0,7,0,0,0,0,137.14000000000001,186,6.5
2023,8,30,3,0,30.400000000000002,0,0,0,7,0,0,0,0,126.98,193,6.5
2023,8,30,4,0,30.400000000000002,0,0,0,7,0,0,0,0,115.12,197,6.6000000000000005
2023,8,30,5,0,30.400000000000002,0,0,0,7,0,0,0,0,102.36,197,6.7
2023,8,30,6,0,30.5,9,12,10,7,6,0,7,6,88.76,196,7.1000000000000005
2023,8,30,7,0,30.700000000000003,78,391,176,7,121,150,0,159,75.55,195,7.800000000000001
2023,8,30,8,0,30.900000000000002,116,599,397,7,172,392,0,356,61.99,195,8.3
2023,8,30,9,0,31,138,708,607,8,289,272,0,469,48.5,196,8.4
2023,8,30,10,0,31.1,148,774,779,7,315,378,0,623,35.42,199,8.3
2023,8,30,11,0,31.3,160,800,893,7,325,408,0,698,23.61,201,8.1
2023,8,30,12,0,31.5,170,802,940,8,411,275,0,676,16.330000000000002,203,7.9
2023,8,30,13,0,31.5,146,829,927,7,347,398,0,722,19.59,205,7.6000000000000005
2023,8,30,14,0,31.5,141,806,838,0,141,806,0,838,30.14,207,7.4
2023,8,30,15,0,31.3,132,759,688,4,213,0,0,214,42.86,207,7.300000000000001
2023,8,30,16,0,31.1,116,675,492,8,204,32,0,221,56.24,206,7
2023,8,30,17,0,30.8,90,521,270,8,140,331,0,255,69.8,205,6.7
2023,8,30,18,0,30.5,41,201,65,8,17,0,7,17,83.3,203,6.4
2023,8,30,19,0,30.400000000000002,0,0,0,4,0,0,0,0,96.82000000000001,201,6.4
2023,8,30,20,0,30.400000000000002,0,0,0,4,0,0,0,0,109.86,203,6.4
2023,8,30,21,0,30.3,0,0,0,5,0,0,0,0,122.21000000000001,205,6.4
2023,8,30,22,0,30.200000000000003,0,0,0,7,0,0,0,0,133.29,207,6.2
2023,8,30,23,0,30.1,0,0,0,7,0,0,0,0,141.92000000000002,209,5.9
2023,8,31,0,0,30.1,0,0,0,7,0,0,1,0,146.17000000000002,210,5.6000000000000005
2023,8,31,1,0,30.1,0,0,0,7,0,0,0,0,144.4,210,5.4
2023,8,31,2,0,30.1,0,0,0,8,0,0,0,0,137.38,210,5.2
2023,8,31,3,0,30.1,0,0,0,1,0,0,0,0,127.16,211,5
2023,8,31,4,0,30,0,0,0,0,0,0,0,0,115.25,211,4.800000000000001
2023,8,31,5,0,30,0,0,0,0,0,0,0,0,102.46000000000001,214,4.6000000000000005
2023,8,31,6,0,30.200000000000003,8,7,8,1,8,7,0,8,88.84,217,4.3
2023,8,31,7,0,30.5,79,377,173,0,79,377,0,173,75.62,221,4.1000000000000005
2023,8,31,8,0,30.6,114,601,395,0,114,601,0,395,62.06,224,3.8000000000000003
2023,8,31,9,0,30.700000000000003,130,722,607,0,130,722,0,607,48.59,225,3.5
2023,8,31,10,0,31,120,822,788,0,120,822,0,788,35.54,226,3.3000000000000003
2023,8,31,11,0,31.3,121,858,906,0,121,858,0,906,23.82,227,3.2
2023,8,31,12,0,31.5,120,875,958,0,120,875,0,958,16.67,230,3.2
2023,8,31,13,0,31.6,127,859,935,0,127,859,0,935,19.94,234,3.1
2023,8,31,14,0,31.6,120,843,847,0,120,843,0,847,30.41,240,3.2
2023,8,31,15,0,31.6,110,805,698,0,110,805,0,698,43.09,246,3.2
2023,8,31,16,0,31.3,103,713,497,8,176,525,0,466,56.45,252,2.9000000000000004
2023,8,31,17,0,30.8,80,568,273,0,80,568,0,273,70.02,261,2.4000000000000004
2023,8,31,18,0,30.400000000000002,37,249,65,0,37,249,0,65,83.51,269,2
2023,8,31,19,0,30.1,0,0,0,0,0,0,0,0,97.05,277,1.6
2023,8,31,20,0,29.900000000000002,0,0,0,7,0,0,0,0,110.11,295,1.1
2023,8,31,21,0,29.700000000000003,0,0,0,6,0,0,0,0,122.49000000000001,321,0.7000000000000001
2023,8,31,22,0,29.700000000000003,0,0,0,7,0,0,0,0,133.6,333,0.4
2023,8,31,23,0,29.700000000000003,0,0,0,7,0,0,0,0,142.28,276,0.1
2023,9,1,0,0,29.6,0,0,0,7,0,0,1,0,146.53,196,0.2
2023,9,1,1,0,29.6,0,0,0,7,0,0,0,0,144.72,204,0.30000000000000004
2023,9,1,2,0,29.6,0,0,0,8,0,0,0,0,137.62,262,0.4
2023,9,1,3,0,29.6,0,0,0,7,0,0,0,0,127.33,302,0.8
2023,9,1,4,0,29.5,0,0,0,0,0,0,0,0,115.38,316,1.5
2023,9,1,5,0,29.5,0,0,0,0,0,0,0,0,102.56,323,2
2023,9,1,6,0,29.6,10,64,11,1,10,64,0,11,88.91,327,2.3000000000000003
2023,9,1,7,0,29.900000000000002,58,514,185,0,58,514,0,185,75.69,331,2.7
2023,9,1,8,0,30.1,83,701,411,0,83,701,0,411,62.14,333,3
2023,9,1,9,0,30.400000000000002,100,791,622,0,100,791,0,622,48.68,336,3.1
2023,9,1,10,0,30.700000000000003,110,842,794,1,110,842,0,794,35.660000000000004,339,3
2023,9,1,11,0,31,118,868,910,2,468,219,0,668,24.02,343,2.9000000000000004
2023,9,1,12,0,31.200000000000003,122,875,959,8,414,100,7,510,17.02,346,2.9000000000000004
2023,9,1,13,0,31.3,136,850,933,8,344,415,0,733,20.28,350,3
2023,9,1,14,0,31.3,132,825,842,1,132,825,0,842,30.69,358,3.2
2023,9,1,15,0,31.3,124,778,690,2,308,13,0,317,43.33,5,3.4000000000000004
2023,9,1,16,0,31,110,692,491,7,149,602,0,479,56.68,11,3.6
2023,9,1,17,0,30.5,86,534,267,8,154,190,0,218,70.23,17,3.6
2023,9,1,18,0,30.1,38,202,60,0,38,202,0,60,83.73,24,3.6
2023,9,1,19,0,29.900000000000002,0,0,0,7,0,0,0,0,97.29,31,3.7
2023,9,1,20,0,29.700000000000003,0,0,0,7,0,0,0,0,110.36,37,3.8000000000000003
2023,9,1,21,0,29.6,0,0,0,7,0,0,0,0,122.77,42,3.9000000000000004
2023,9,1,22,0,29.5,0,0,0,3,0,0,0,0,133.92000000000002,41,3.8000000000000003
2023,9,1,23,0,29.3,0,0,0,3,0,0,0,0,142.64000000000001,35,3.8000000000000003
2023,9,2,0,0,29.1,0,0,0,7,0,0,1,0,146.9,30,3.8000000000000003
2023,9,2,1,0,28.900000000000002,0,0,0,7,0,0,0,0,145.04,29,4.1000000000000005
2023,9,2,2,0,28.700000000000003,0,0,0,0,0,0,0,0,137.86,31,4.3
2023,9,2,3,0,28.5,0,0,0,3,0,0,0,0,127.51,35,4.5
2023,9,2,4,0,28.5,0,0,0,0,0,0,0,0,115.51,39,4.6000000000000005
2023,9,2,5,0,28.6,0,0,0,1,0,0,0,0,102.66,44,4.6000000000000005
2023,9,2,6,0,29,9,38,10,0,9,38,1,10,88.98,45,4.800000000000001
2023,9,2,7,0,29.5,61,494,182,0,61,494,0,182,75.77,45,5.300000000000001
2023,9,2,8,0,29.700000000000003,85,695,409,0,85,695,0,409,62.21,43,5.5
2023,9,2,9,0,29.8,97,798,623,3,340,103,0,408,48.77,41,5.7
2023,9,2,10,0,29.900000000000002,118,832,793,0,118,832,0,793,35.79,39,5.9
2023,9,2,11,0,29.900000000000002,119,871,913,0,119,871,0,913,24.23,39,6
2023,9,2,12,0,29.8,117,891,968,0,117,891,0,968,17.36,39,6
2023,9,2,13,0,29.900000000000002,139,859,943,0,139,859,0,943,20.63,38,5.9
2023,9,2,14,0,29.900000000000002,126,855,859,0,126,855,0,859,30.970000000000002,36,5.800000000000001
2023,9,2,15,0,30,112,828,712,3,353,321,0,586,43.58,35,5.6000000000000005
2023,9,2,16,0,29.900000000000002,93,767,512,8,154,532,0,445,56.9,34,5.5
2023,9,2,17,0,29.700000000000003,72,625,282,7,88,5,0,90,70.45,32,5.2
2023,9,2,18,0,29.3,35,263,63,8,44,7,7,45,83.95,33,4.800000000000001
2023,9,2,19,0,29.1,0,0,0,8,0,0,0,0,97.52,36,4.7
2023,9,2,20,0,29,0,0,0,8,0,0,0,0,110.61,41,4.800000000000001
2023,9,2,21,0,28.900000000000002,0,0,0,7,0,0,0,0,123.05,46,4.9
2023,9,2,22,0,28.8,0,0,0,8,0,0,0,0,134.24,52,5.1000000000000005
2023,9,2,23,0,28.6,0,0,0,3,0,0,0,0,143,56,5.2
2023,9,3,0,0,28.400000000000002,0,0,0,3,0,0,1,0,147.27,59,5.2
2023,9,3,1,0,28.200000000000003,0,0,0,3,0,0,0,0,145.36,60,5
2023,9,3,2,0,28.1,0,0,0,3,0,0,0,0,138.09,60,4.7
2023,9,3,3,0,28.1,0,0,0,3,0,0,0,0,127.68,59,4.5
2023,9,3,4,0,28,0,0,0,3,0,0,0,0,115.64,58,4.3
2023,9,3,5,0,28,0,0,0,3,0,0,0,0,102.76,58,4.3
2023,9,3,6,0,28.3,0,0,0,3,0,0,7,0,89.06,59,4.4
2023,9,3,7,0,29,62,511,187,3,40,0,0,40,75.84,60,5
2023,9,3,8,0,29.200000000000003,87,713,419,1,87,713,0,419,62.29,61,5.300000000000001
2023,9,3,9,0,29.5,101,813,636,3,174,0,0,174,48.86,61,5.5
2023,9,3,10,0,29.700000000000003,103,878,814,3,109,0,0,109,35.92,61,5.7
2023,9,3,11,0,30,108,906,933,3,180,0,0,180,24.45,61,5.800000000000001
2023,9,3,12,0,30.1,109,918,983,3,143,0,0,143,17.71,61,5.800000000000001
2023,9,3,13,0,30.1,105,918,962,3,109,0,0,109,20.98,60,5.7
2023,9,3,14,0,30.1,99,903,871,3,125,0,0,125,31.26,59,5.800000000000001
2023,9,3,15,0,30,94,861,715,3,213,1,0,213,43.82,58,5.9
2023,9,3,16,0,29.900000000000002,84,785,510,3,247,35,0,266,57.13,59,6
2023,9,3,17,0,29.6,68,636,278,0,68,636,0,278,70.67,61,5.9
2023,9,3,18,0,29.1,33,283,61,1,33,283,0,61,84.17,64,5.5
2023,9,3,19,0,28.8,0,0,0,0,0,0,0,0,97.76,68,5.5
2023,9,3,20,0,28.6,0,0,0,1,0,0,0,0,110.87,71,5.4
2023,9,3,21,0,28.5,0,0,0,1,0,0,0,0,123.33,74,5.2
2023,9,3,22,0,28.3,0,0,0,0,0,0,0,0,134.56,76,5.1000000000000005
2023,9,3,23,0,28.200000000000003,0,0,0,0,0,0,0,0,143.36,78,5.1000000000000005
2023,9,4,0,0,28.1,0,0,0,0,0,0,1,0,147.64000000000001,79,4.9
2023,9,4,1,0,28.1,0,0,0,0,0,0,0,0,145.67000000000002,79,4.800000000000001
2023,9,4,2,0,28,0,0,0,8,0,0,0,0,138.33,79,4.7
2023,9,4,3,0,28,0,0,0,1,0,0,0,0,127.85000000000001,79,4.7
2023,9,4,4,0,27.900000000000002,0,0,0,1,0,0,0,0,115.77,79,4.7
2023,9,4,5,0,27.900000000000002,0,0,0,0,0,0,0,0,102.86,80,4.6000000000000005
2023,9,4,6,0,28.200000000000003,0,0,0,3,0,0,7,0,89.13,80,4.7
2023,9,4,7,0,28.8,57,542,189,0,57,542,0,189,75.92,80,5.2
2023,9,4,8,0,29.1,79,742,423,0,79,742,0,423,62.370000000000005,80,5.300000000000001
2023,9,4,9,0,29.400000000000002,91,836,641,0,91,836,0,641,48.95,80,5.2
2023,9,4,10,0,29.8,99,891,819,0,99,891,0,819,36.050000000000004,79,5.1000000000000005
2023,9,4,11,0,30.1,105,916,937,0,105,916,0,937,24.66,76,5
2023,9,4,12,0,30.200000000000003,107,925,987,0,107,925,0,987,18.06,72,4.9
2023,9,4,13,0,30.3,103,925,965,0,103,925,0,965,21.34,67,4.800000000000001
2023,9,4,14,0,30.400000000000002,99,904,870,0,99,904,0,870,31.55,64,4.800000000000001
2023,9,4,15,0,30.3,92,864,713,0,92,864,0,713,44.07,63,4.7
2023,9,4,16,0,30.1,81,792,508,0,81,792,0,508,57.36,63,4.6000000000000005
2023,9,4,17,0,29.8,63,650,276,0,63,650,0,276,70.9,65,4.5
2023,9,4,18,0,29.3,30,304,60,0,30,304,0,60,84.4,68,4
2023,9,4,19,0,29,0,0,0,0,0,0,0,0,97.99000000000001,72,3.9000000000000004
2023,9,4,20,0,28.900000000000002,0,0,0,0,0,0,0,0,111.12,75,4
2023,9,4,21,0,28.700000000000003,0,0,0,0,0,0,0,0,123.62,76,4.1000000000000005
2023,9,4,22,0,28.6,0,0,0,0,0,0,0,0,134.89000000000001,79,4.2
2023,9,4,23,0,28.5,0,0,0,0,0,0,0,0,143.72,82,4.2
2023,9,5,0,0,28.400000000000002,0,0,0,0,0,0,1,0,148.02,83,4.2
2023,9,5,1,0,28.3,0,0,0,0,0,0,0,0,145.99,84,4.1000000000000005
2023,9,5,2,0,28.200000000000003,0,0,0,0,0,0,0,0,138.57,84,4
2023,9,5,3,0,28.1,0,0,0,0,0,0,0,0,128.02,84,3.9000000000000004
2023,9,5,4,0,28,0,0,0,0,0,0,0,0,115.9,81,3.7
2023,9,5,5,0,27.900000000000002,0,0,0,0,0,0,0,0,102.96000000000001,77,3.7
2023,9,5,6,0,28.200000000000003,0,0,0,0,0,0,0,0,89.2,71,3.8000000000000003
2023,9,5,7,0,28.8,55,544,187,0,55,544,0,187,75.99,66,4.3
2023,9,5,8,0,29,78,736,418,0,78,736,0,418,62.440000000000005,63,4.4
2023,9,5,9,0,29.3,91,830,635,0,91,830,0,635,49.050000000000004,61,4.5
2023,9,5,10,0,29.6,92,893,813,1,92,893,0,813,36.19,62,4.5
2023,9,5,11,0,29.900000000000002,97,917,929,0,97,917,0,929,24.89,64,4.4
2023,9,5,12,0,30.1,99,926,978,0,99,926,0,978,18.42,64,4.2
2023,9,5,13,0,30.200000000000003,98,922,955,3,423,394,0,789,21.7,64,4
2023,9,5,14,0,30.3,95,901,860,1,95,901,0,860,31.84,62,3.8000000000000003
2023,9,5,15,0,30.3,89,859,703,0,89,859,0,703,44.32,61,3.7
2023,9,5,16,0,30.200000000000003,79,783,499,0,79,783,0,499,57.59,61,3.6
2023,9,5,17,0,29.900000000000002,63,635,268,1,63,635,0,268,71.13,63,3.4000000000000004
2023,9,5,18,0,29.400000000000002,29,282,55,1,29,282,0,55,84.62,66,3
2023,9,5,19,0,29.1,0,0,0,3,0,0,0,0,98.23,69,2.8000000000000003
2023,9,5,20,0,28.900000000000002,0,0,0,0,0,0,0,0,111.38,70,2.7
2023,9,5,21,0,28.8,0,0,0,1,0,0,0,0,123.9,70,2.7
2023,9,5,22,0,28.6,0,0,0,3,0,0,0,0,135.21,69,2.6
2023,9,5,23,0,28.400000000000002,0,0,0,0,0,0,0,0,144.09,66,2.6
2023,9,6,0,0,28.3,0,0,0,0,0,0,0,0,148.39000000000001,63,2.6
2023,9,6,1,0,28.200000000000003,0,0,0,0,0,0,0,0,146.31,60,2.6
2023,9,6,2,0,28.1,0,0,0,0,0,0,0,0,138.8,58,2.7
2023,9,6,3,0,28,0,0,0,0,0,0,0,0,128.19,57,2.8000000000000003
2023,9,6,4,0,27.900000000000002,0,0,0,0,0,0,0,0,116.02,56,2.8000000000000003
2023,9,6,5,0,27.900000000000002,0,0,0,1,0,0,0,0,103.06,56,2.8000000000000003
2023,9,6,6,0,28.200000000000003,0,0,0,0,0,0,0,0,89.27,57,2.8000000000000003
2023,9,6,7,0,28.700000000000003,53,559,188,0,53,559,0,188,76.07000000000001,58,3
2023,9,6,8,0,28.8,73,753,421,0,73,753,0,421,62.52,59,2.8000000000000003
2023,9,6,9,0,29,85,846,638,0,85,846,0,638,49.15,58,2.7
2023,9,6,10,0,29.200000000000003,97,884,810,3,283,1,0,284,36.33,55,2.7
2023,9,6,11,0,29.400000000000002,103,910,927,7,248,580,0,772,25.11,49,2.8000000000000003
2023,9,6,12,0,29.6,104,919,974,7,204,653,0,822,18.77,43,3
2023,9,6,13,0,29.700000000000003,101,918,952,0,101,918,0,952,22.06,38,3.2
2023,9,6,14,0,29.700000000000003,98,897,857,8,217,593,0,719,32.13,34,3.5
2023,9,6,15,0,29.700000000000003,93,853,700,0,93,853,0,700,44.58,33,3.9000000000000004
2023,9,6,16,0,29.5,84,771,495,7,149,7,0,153,57.83,34,4
2023,9,6,17,0,29.3,67,619,264,0,67,619,0,264,71.35000000000001,38,3.9000000000000004
2023,9,6,18,0,28.8,29,259,52,0,29,259,0,52,84.85000000000001,42,3.5
2023,9,6,19,0,28.6,0,0,0,0,0,0,0,0,98.48,48,3.3000000000000003
2023,9,6,20,0,28.6,0,0,0,8,0,0,0,0,111.64,54,3.2
2023,9,6,21,0,28.5,0,0,0,8,0,0,0,0,124.19,59,3.1
2023,9,6,22,0,28.400000000000002,0,0,0,8,0,0,0,0,135.54,64,3.1
2023,9,6,23,0,28.200000000000003,0,0,0,8,0,0,0,0,144.46,69,3.1
2023,9,7,0,0,28.1,0,0,0,7,0,0,0,0,148.77,71,2.9000000000000004
2023,9,7,1,0,28.1,0,0,0,3,0,0,0,0,146.63,71,2.7
2023,9,7,2,0,28,0,0,0,8,0,0,0,0,139.04,73,2.7
2023,9,7,3,0,27.900000000000002,0,0,0,7,0,0,0,0,128.36,76,2.6
2023,9,7,4,0,27.8,0,0,0,7,0,0,0,0,116.15,72,2.4000000000000004
2023,9,7,5,0,27.8,0,0,0,3,0,0,0,0,103.16,64,2.2
2023,9,7,6,0,27.900000000000002,0,0,0,7,0,0,7,0,89.34,60,2.4000000000000004
2023,9,7,7,0,28.3,59,517,182,7,80,8,0,82,76.14,60,2.9000000000000004
2023,9,7,8,0,28.400000000000002,84,714,413,7,181,35,0,197,62.6,59,3.2
2023,9,7,9,0,28.5,98,812,628,7,287,107,0,357,49.24,57,3.4000000000000004
2023,9,7,10,0,28.700000000000003,102,874,805,7,355,152,0,478,36.47,59,3.6
2023,9,7,11,0,29,108,899,920,7,204,2,0,206,25.35,61,3.7
2023,9,7,12,0,29.200000000000003,110,908,968,0,110,908,0,968,19.13,60,3.8000000000000003
2023,9,7,13,0,29.400000000000002,110,901,943,0,110,901,0,943,22.42,58,3.8000000000000003
2023,9,7,14,0,29.5,105,881,849,0,105,881,0,849,32.43,56,3.9000000000000004
2023,9,7,15,0,29.5,97,840,693,0,97,840,0,693,44.84,55,3.9000000000000004
2023,9,7,16,0,29.400000000000002,79,780,492,0,79,780,0,492,58.07,57,3.9000000000000004
2023,9,7,17,0,29.200000000000003,61,640,263,0,61,640,0,263,71.59,61,3.7
2023,9,7,18,0,28.700000000000003,26,287,51,0,26,287,0,51,85.07000000000001,67,3.3000000000000003
2023,9,7,19,0,28.5,0,0,0,0,0,0,0,0,98.72,73,3.2
2023,9,7,20,0,28.400000000000002,0,0,0,0,0,0,0,0,111.9,79,3.2
2023,9,7,21,0,28.3,0,0,0,0,0,0,0,0,124.48,86,3.3000000000000003
2023,9,7,22,0,28.200000000000003,0,0,0,0,0,0,0,0,135.86,91,3.3000000000000003
2023,9,7,23,0,28.1,0,0,0,0,0,0,0,0,144.83,93,3.2
2023,9,8,0,0,28,0,0,0,0,0,0,0,0,149.15,93,3.1
2023,9,8,1,0,28,0,0,0,0,0,0,0,0,146.95000000000002,92,3
2023,9,8,2,0,28,0,0,0,0,0,0,0,0,139.27,89,3
2023,9,8,3,0,27.900000000000002,0,0,0,1,0,0,0,0,128.53,86,3
2023,9,8,4,0,27.900000000000002,0,0,0,0,0,0,0,0,116.27,82,3
2023,9,8,5,0,27.900000000000002,0,0,0,0,0,0,0,0,103.25,77,2.9000000000000004
2023,9,8,6,0,28.1,0,0,0,0,0,0,0,0,89.42,74,2.8000000000000003
2023,9,8,7,0,28.6,56,529,182,0,56,529,0,182,76.22,71,3
2023,9,8,8,0,28.8,80,726,413,0,80,726,0,413,62.690000000000005,68,3
2023,9,8,9,0,29,94,819,627,0,94,819,0,627,49.35,65,2.9000000000000004
2023,9,8,10,0,29.3,106,864,799,0,106,864,0,799,36.62,65,3
2023,9,8,11,0,29.700000000000003,112,888,913,1,112,888,0,913,25.580000000000002,66,3.3000000000000003
2023,9,8,12,0,30,113,899,960,8,306,481,0,759,19.5,68,3.6
2023,9,8,13,0,30.1,112,890,933,2,460,295,0,732,22.79,71,3.9000000000000004
2023,9,8,14,0,30.1,109,867,838,7,37,0,0,37,32.74,73,4.2
2023,9,8,15,0,30.1,101,821,680,6,20,0,0,20,45.1,76,4.5
2023,9,8,16,0,29.900000000000002,88,742,478,7,232,272,0,375,58.31,77,4.5
2023,9,8,17,0,29.5,67,590,251,8,5,0,7,5,71.82000000000001,79,4.2
2023,9,8,18,0,29.1,27,221,45,8,32,3,7,32,85.3,84,3.6
2023,9,8,19,0,29,0,0,0,3,0,0,0,0,98.96000000000001,94,3.3000000000000003
2023,9,8,20,0,29,0,0,0,0,0,0,0,0,112.16,106,2.9000000000000004
2023,9,8,21,0,28.900000000000002,0,0,0,0,0,0,0,0,124.77,120,2.7
2023,9,8,22,0,28.8,0,0,0,0,0,0,0,0,136.19,136,2.7
2023,9,8,23,0,28.700000000000003,0,0,0,0,0,0,0,0,145.20000000000002,147,3
2023,9,9,0,0,28.6,0,0,0,0,0,0,0,0,149.53,155,3.2
2023,9,9,1,0,28.6,0,0,0,0,0,0,0,0,147.27,159,3.5
2023,9,9,2,0,28.5,0,0,0,0,0,0,0,0,139.51,160,3.7
2023,9,9,3,0,28.5,0,0,0,7,0,0,0,0,128.69,160,3.9000000000000004
2023,9,9,4,0,28.5,0,0,0,0,0,0,0,0,116.39,160,3.9000000000000004
2023,9,9,5,0,28.5,0,0,0,0,0,0,0,0,103.35000000000001,159,3.8000000000000003
2023,9,9,6,0,28.700000000000003,0,0,0,1,0,0,0,0,89.49,159,3.8000000000000003
2023,9,9,7,0,29.1,54,527,179,6,33,0,0,33,76.3,158,3.9000000000000004
2023,9,9,8,0,29.200000000000003,76,724,407,7,46,0,0,46,62.77,157,3.8000000000000003
2023,9,9,9,0,29.3,88,820,621,7,118,1,0,118,49.45,155,3.6
2023,9,9,10,0,29.5,92,877,795,6,294,18,0,308,36.77,152,3.6
2023,9,9,11,0,29.700000000000003,96,904,910,7,329,406,0,694,25.82,150,3.6
2023,9,9,12,0,29.900000000000002,97,916,958,0,97,916,0,958,19.86,149,3.6
2023,9,9,13,0,30.1,94,913,934,0,94,913,0,934,23.16,147,3.5
2023,9,9,14,0,30.200000000000003,89,897,840,0,89,897,0,840,33.04,145,3.5
2023,9,9,15,0,30.200000000000003,80,862,686,0,80,862,0,686,45.36,143,3.5
2023,9,9,16,0,30.1,69,794,483,0,69,794,0,483,58.550000000000004,138,3.3000000000000003
2023,9,9,17,0,29.900000000000002,53,659,256,2,145,178,0,200,72.05,132,3
2023,9,9,18,0,29.5,23,301,46,1,23,301,0,46,85.53,126,2.8000000000000003
2023,9,9,19,0,29.3,0,0,0,0,0,0,0,0,99.21000000000001,122,2.8000000000000003
2023,9,9,20,0,29.200000000000003,0,0,0,0,0,0,0,0,112.43,120,3
2023,9,9,21,0,29.1,0,0,0,0,0,0,0,0,125.06,120,3.1
2023,9,9,22,0,28.900000000000002,0,0,0,0,0,0,0,0,136.52,123,3.2
2023,9,9,23,0,28.8,0,0,0,0,0,0,0,0,145.57,125,3.2
2023,9,10,0,0,28.700000000000003,0,0,0,0,0,0,0,0,149.92000000000002,127,3.1
2023,9,10,1,0,28.6,0,0,0,0,0,0,0,0,147.59,128,3
2023,9,10,2,0,28.400000000000002,0,0,0,0,0,0,0,0,139.74,129,2.8000000000000003
2023,9,10,3,0,28.3,0,0,0,0,0,0,0,0,128.86,129,2.6
2023,9,10,4,0,28.400000000000002,0,0,0,0,0,0,0,0,116.51,130,2.4000000000000004
2023,9,10,5,0,28.5,0,0,0,0,0,0,0,0,103.45,131,2.2
2023,9,10,6,0,28.700000000000003,0,0,0,0,0,0,0,0,89.56,131,1.9000000000000001
2023,9,10,7,0,29.1,55,522,178,0,55,522,0,178,76.37,129,1.8
2023,9,10,8,0,29.400000000000002,77,723,407,0,77,723,0,407,62.85,123,1.6
2023,9,10,9,0,29.6,90,818,621,0,90,818,0,621,49.56,114,1.3
2023,9,10,10,0,30.1,95,874,794,0,95,874,0,794,36.92,112,1.4000000000000001
2023,9,10,11,0,30.6,100,899,908,3,309,1,0,310,26.07,114,1.6
2023,9,10,12,0,31,102,908,954,3,425,22,0,445,20.23,115,1.6
2023,9,10,13,0,31.3,103,900,928,7,350,27,0,374,23.53,117,1.4000000000000001
2023,9,10,14,0,31.6,98,879,833,7,346,218,0,528,33.35,116,1.2000000000000002
2023,9,10,15,0,31.8,91,837,676,6,88,0,0,88,45.63,111,1.1
2023,9,10,16,0,31.700000000000003,80,757,473,7,139,5,0,141,58.800000000000004,108,1.2000000000000002
2023,9,10,17,0,31.5,62,601,245,3,158,93,0,186,72.29,103,1.4000000000000001
2023,9,10,18,0,31.1,24,217,40,6,24,1,7,24,85.76,101,1.6
2023,9,10,19,0,30.8,0,0,0,7,0,0,0,0,99.45,100,1.9000000000000001
2023,9,10,20,0,30.700000000000003,0,0,0,0,0,0,0,0,112.69,100,2.1
2023,9,10,21,0,30.5,0,0,0,0,0,0,0,0,125.35000000000001,101,2.4000000000000004
2023,9,10,22,0,30.3,0,0,0,0,0,0,0,0,136.85,102,2.6
2023,9,10,23,0,30.200000000000003,0,0,0,0,0,0,0,0,145.95000000000002,103,2.8000000000000003
2023,9,11,0,0,29.900000000000002,0,0,0,0,0,0,0,0,150.3,103,2.9000000000000004
2023,9,11,1,0,29.700000000000003,0,0,0,0,0,0,0,0,147.91,102,3.1
2023,9,11,2,0,29.5,0,0,0,0,0,0,0,0,139.97,101,3.2
2023,9,11,3,0,29.3,0,0,0,0,0,0,0,0,129.02,98,3.4000000000000004
2023,9,11,4,0,29.200000000000003,0,0,0,0,0,0,0,0,116.64,95,3.4000000000000004
2023,9,11,5,0,29,0,0,0,3,0,0,0,0,103.54,91,3.4000000000000004
2023,9,11,6,0,29,0,0,0,1,0,0,0,0,89.63,87,3.4000000000000004
2023,9,11,7,0,29.200000000000003,54,527,177,7,116,92,0,137,76.45,83,3.7
2023,9,11,8,0,29.3,76,726,406,0,76,726,0,406,62.940000000000005,79,3.6
2023,9,11,9,0,29.400000000000002,88,822,620,0,88,822,0,620,49.660000000000004,75,3.4000000000000004
2023,9,11,10,0,29.6,89,886,796,0,89,886,0,796,37.07,70,3.4000000000000004
2023,9,11,11,0,30,92,913,911,0,92,913,0,911,26.310000000000002,66,3.4000000000000004
2023,9,11,12,0,30.3,93,923,957,0,93,923,0,957,20.6,61,3.5
2023,9,11,13,0,30.5,92,919,932,0,92,919,0,932,23.900000000000002,55,3.6
2023,9,11,14,0,30.5,88,899,836,0,88,899,0,836,33.660000000000004,50,3.8000000000000003
2023,9,11,15,0,30.5,82,858,679,0,82,858,0,679,45.9,47,4
2023,9,11,16,0,30.3,71,784,475,0,71,784,0,475,59.04,46,4.2
2023,9,11,17,0,30.1,54,639,246,0,54,639,0,246,72.53,46,4.3
2023,9,11,18,0,29.700000000000003,22,262,40,0,22,262,0,40,85.99,49,4
2023,9,11,19,0,29.5,0,0,0,0,0,0,0,0,99.7,52,4.1000000000000005
2023,9,11,20,0,29.5,0,0,0,0,0,0,0,0,112.95,56,4.2
2023,9,11,21,0,29.400000000000002,0,0,0,0,0,0,0,0,125.64,60,4.2
2023,9,11,22,0,29.3,0,0,0,0,0,0,0,0,137.18,61,4.1000000000000005
2023,9,11,23,0,29.200000000000003,0,0,0,0,0,0,0,0,146.32,61,3.9000000000000004
2023,9,12,0,0,29,0,0,0,0,0,0,0,0,150.69,62,3.8000000000000003
2023,9,12,1,0,28.900000000000002,0,0,0,0,0,0,0,0,148.23,62,3.6
2023,9,12,2,0,28.700000000000003,0,0,0,0,0,0,0,0,140.20000000000002,58,3.4000000000000004
2023,9,12,3,0,28.6,0,0,0,0,0,0,0,0,129.18,53,3.4000000000000004
2023,9,12,4,0,28.5,0,0,0,0,0,0,0,0,116.76,48,3.4000000000000004
2023,9,12,5,0,28.5,0,0,0,0,0,0,0,0,103.64,45,3.5
2023,9,12,6,0,28.700000000000003,0,0,0,0,0,0,0,0,89.7,41,3.7
2023,9,12,7,0,29.200000000000003,49,558,179,0,49,558,0,179,76.53,37,4.2
2023,9,12,8,0,29.5,71,743,408,0,71,743,0,408,63.03,32,4.5
2023,9,12,9,0,29.8,85,831,621,0,85,831,0,621,49.77,28,4.7
2023,9,12,10,0,30.1,88,887,794,0,88,887,0,794,37.230000000000004,26,4.800000000000001
2023,9,12,11,0,30.3,93,911,908,1,93,911,0,908,26.57,26,5
2023,9,12,12,0,30.400000000000002,96,919,953,1,96,919,0,953,20.97,26,5
2023,9,12,13,0,30.400000000000002,96,911,927,0,96,911,0,927,24.28,25,5.1000000000000005
2023,9,12,14,0,30.400000000000002,94,888,830,0,94,888,0,830,33.980000000000004,24,5.300000000000001
2023,9,12,15,0,30.3,88,842,672,0,88,842,0,672,46.17,25,5.5
2023,9,12,16,0,30.200000000000003,79,760,467,0,79,760,0,467,59.29,28,5.7
2023,9,12,17,0,30,61,597,238,0,61,597,0,238,72.77,32,5.7
2023,9,12,18,0,29.6,23,193,35,0,23,193,0,35,86.23,36,5.300000000000001
2023,9,12,19,0,29.5,0,0,0,0,0,0,0,0,99.95,40,5.2
2023,9,12,20,0,29.400000000000002,0,0,0,0,0,0,0,0,113.22,43,5
2023,9,12,21,0,29.3,0,0,0,0,0,0,0,0,125.93,44,4.6000000000000005
2023,9,12,22,0,29.200000000000003,0,0,0,0,0,0,0,0,137.51,44,4.2
2023,9,12,23,0,29.1,0,0,0,0,0,0,0,0,146.70000000000002,42,3.8000000000000003
2023,9,13,0,0,28.900000000000002,0,0,0,3,0,0,0,0,151.07,37,3.5
2023,9,13,1,0,28.8,0,0,0,0,0,0,0,0,148.55,30,3.3000000000000003
2023,9,13,2,0,28.700000000000003,0,0,0,0,0,0,0,0,140.42000000000002,25,3.2
2023,9,13,3,0,28.700000000000003,0,0,0,8,0,0,0,0,129.34,21,3.3000000000000003
2023,9,13,4,0,28.700000000000003,0,0,0,7,0,0,0,0,116.87,19,3.4000000000000004
2023,9,13,5,0,28.700000000000003,0,0,0,1,0,0,0,0,103.73,16,3.4000000000000004
2023,9,13,6,0,28.900000000000002,0,0,0,0,0,0,0,0,89.77,11,3.5
2023,9,13,7,0,29.200000000000003,51,535,175,0,51,535,0,175,76.61,5,4.2
2023,9,13,8,0,29.400000000000002,71,736,404,0,71,736,0,404,63.11,0,4.5
2023,9,13,9,0,29.5,82,831,617,2,253,6,0,257,49.89,356,4.9
2023,9,13,10,0,29.700000000000003,90,879,788,0,90,879,0,788,37.39,355,5.1000000000000005
2023,9,13,11,0,29.900000000000002,94,905,902,0,94,905,0,902,26.82,356,5.2
2023,9,13,12,0,30.1,97,914,948,0,97,914,0,948,21.34,358,5.300000000000001
2023,9,13,13,0,30.3,96,909,922,0,96,909,0,922,24.650000000000002,359,5.4
2023,9,13,14,0,30.3,93,887,825,0,93,887,0,825,34.29,359,5.5
2023,9,13,15,0,30.3,86,843,667,0,86,843,0,667,46.45,1,5.5
2023,9,13,16,0,30.200000000000003,76,763,463,0,76,763,0,463,59.54,5,5.5
2023,9,13,17,0,29.900000000000002,59,599,234,0,59,599,0,234,73.01,8,5.300000000000001
2023,9,13,18,0,29.6,21,184,33,0,21,184,0,33,86.46000000000001,12,4.7
2023,9,13,19,0,29.400000000000002,0,0,0,0,0,0,0,0,100.2,17,4.5
2023,9,13,20,0,29.400000000000002,0,0,0,0,0,0,0,0,113.48,21,4.2
2023,9,13,21,0,29.3,0,0,0,0,0,0,0,0,126.22,21,3.8000000000000003
2023,9,13,22,0,29.200000000000003,0,0,0,0,0,0,0,0,137.84,17,3.3000000000000003
2023,9,13,23,0,29,0,0,0,0,0,0,0,0,147.08,9,3
2023,9,14,0,0,28.8,0,0,0,0,0,0,0,0,151.46,359,2.9000000000000004
2023,9,14,1,0,28.6,0,0,0,0,0,0,0,0,148.86,352,2.8000000000000003
2023,9,14,2,0,28.5,0,0,0,0,0,0,0,0,140.65,348,2.9000000000000004
2023,9,14,3,0,28.3,0,0,0,0,0,0,0,0,129.5,347,3
2023,9,14,4,0,28.3,0,0,0,0,0,0,0,0,116.99000000000001,347,3.2
2023,9,14,5,0,28.3,0,0,0,0,0,0,0,0,103.82000000000001,347,3.4000000000000004
2023,9,14,6,0,28.6,0,0,0,0,0,0,0,0,89.84,347,3.8000000000000003
2023,9,14,7,0,29.1,54,518,173,0,54,518,0,173,76.69,347,4.4
2023,9,14,8,0,29.400000000000002,76,726,403,0,76,726,0,403,63.2,348,4.5
2023,9,14,9,0,29.700000000000003,87,827,618,0,87,827,0,618,50,349,4.5
2023,9,14,10,0,30,82,899,795,0,82,899,0,795,37.56,349,4.3
2023,9,14,11,0,30.3,86,924,909,0,86,924,0,909,27.080000000000002,348,4.1000000000000005
2023,9,14,12,0,30.5,88,933,954,0,88,933,0,954,21.71,346,3.9000000000000004
2023,9,14,13,0,30.6,92,921,926,1,92,921,0,926,25.03,344,3.9000000000000004
2023,9,14,14,0,30.700000000000003,89,900,829,1,89,900,0,829,34.61,345,4
2023,9,14,15,0,30.6,83,855,669,0,83,855,0,669,46.72,349,4.1000000000000005
2023,9,14,16,0,30.400000000000002,68,793,466,0,68,793,0,466,59.800000000000004,351,4.1000000000000005
2023,9,14,17,0,30.1,53,636,236,0,53,636,0,236,73.25,354,3.8000000000000003
2023,9,14,18,0,29.5,19,223,32,0,19,223,0,32,86.69,358,3.1
2023,9,14,19,0,29.3,0,0,0,0,0,0,0,0,100.44,4,2.7
2023,9,14,20,0,29.200000000000003,0,0,0,0,0,0,0,0,113.75,11,2.3000000000000003
2023,9,14,21,0,29.1,0,0,0,0,0,0,0,0,126.51,19,1.8
2023,9,14,22,0,29.1,0,0,0,0,0,0,0,0,138.18,25,1.6
2023,9,14,23,0,29.1,0,0,0,0,0,0,0,0,147.46,26,1.4000000000000001
2023,9,15,0,0,29.1,0,0,0,0,0,0,0,0,151.85,25,1.3
2023,9,15,1,0,29.1,0,0,0,0,0,0,0,0,149.18,20,1.1
2023,9,15,2,0,29.1,0,0,0,0,0,0,0,0,140.87,8,1.1
2023,9,15,3,0,29.1,0,0,0,0,0,0,0,0,129.66,357,1.3
2023,9,15,4,0,29.1,0,0,0,0,0,0,0,0,117.11,356,1.5
2023,9,15,5,0,29,0,0,0,0,0,0,0,0,103.92,0,1.5
2023,9,15,6,0,29.1,0,0,0,0,0,0,0,0,89.91,7,1.5
2023,9,15,7,0,29.5,49,556,176,0,49,556,0,176,76.77,17,1.7000000000000002
2023,9,15,8,0,29.8,69,747,405,0,69,747,0,405,63.300000000000004,26,1.8
2023,9,15,9,0,30.1,82,837,618,0,82,837,0,618,50.120000000000005,32,1.9000000000000001
2023,9,15,10,0,30.400000000000002,94,878,788,0,94,878,0,788,37.730000000000004,35,2
2023,9,15,11,0,30.700000000000003,99,903,901,2,379,433,0,764,27.34,36,2.1
2023,9,15,12,0,30.900000000000002,102,910,945,3,140,0,0,140,22.09,36,2.2
2023,9,15,13,0,31,107,894,914,0,107,894,0,914,25.41,35,2.3000000000000003
2023,9,15,14,0,31.1,104,868,816,3,416,253,0,623,34.93,36,2.4000000000000004
2023,9,15,15,0,31,97,820,656,3,309,39,0,336,47,41,2.7
2023,9,15,16,0,30.900000000000002,85,735,451,0,85,735,0,451,60.050000000000004,48,2.8000000000000003
2023,9,15,17,0,30.6,64,566,224,0,64,566,0,224,73.49,56,2.7
2023,9,15,18,0,30.200000000000003,20,154,28,3,17,0,7,17,86.92,66,2.4000000000000004
2023,9,15,19,0,30,0,0,0,0,0,0,0,0,100.69,79,2.2
2023,9,15,20,0,29.900000000000002,0,0,0,0,0,0,0,0,114.01,94,2.1
2023,9,15,21,0,29.900000000000002,0,0,0,0,0,0,0,0,126.8,110,2.1
2023,9,15,22,0,29.700000000000003,0,0,0,0,0,0,0,0,138.51,122,2.2
2023,9,15,23,0,29.6,0,0,0,0,0,0,0,0,147.84,127,2.3000000000000003
2023,9,16,0,0,29.5,0,0,0,0,0,0,0,0,152.24,131,2.3000000000000003
2023,9,16,1,0,29.400000000000002,0,0,0,0,0,0,0,0,149.5,134,2.1
2023,9,16,2,0,29.400000000000002,0,0,0,0,0,0,0,0,141.09,135,1.9000000000000001
2023,9,16,3,0,29.3,0,0,0,0,0,0,0,0,129.82,134,1.7000000000000002
2023,9,16,4,0,29.3,0,0,0,0,0,0,0,0,117.23,134,1.5
2023,9,16,5,0,29.3,0,0,0,0,0,0,0,0,104.01,135,1.4000000000000001
2023,9,16,6,0,29.3,0,0,0,0,0,0,0,0,89.98,133,1.4000000000000001
2023,9,16,7,0,29.700000000000003,54,516,171,0,54,516,0,171,76.85000000000001,129,1.5
2023,9,16,8,0,29.900000000000002,78,716,398,0,78,716,0,398,63.39,123,1.5
2023,9,16,9,0,30.200000000000003,92,810,610,0,92,810,0,610,50.24,116,1.4000000000000001
2023,9,16,10,0,30.5,96,872,784,0,96,872,0,784,37.9,104,1.3
2023,9,16,11,0,30.8,101,898,897,1,101,898,0,897,27.61,88,1.3
2023,9,16,12,0,30.900000000000002,103,906,941,3,435,66,0,495,22.47,71,1.4000000000000001
2023,9,16,13,0,31,101,903,914,3,94,0,0,94,25.79,57,1.7000000000000002
2023,9,16,14,0,31,97,880,816,6,29,0,0,29,35.26,50,2
2023,9,16,15,0,30.900000000000002,90,835,657,6,94,0,0,94,47.28,50,2.4000000000000004
2023,9,16,16,0,30.700000000000003,79,752,451,6,9,0,0,9,60.31,52,2.9000000000000004
2023,9,16,17,0,30.3,59,587,223,7,4,0,0,4,73.74,57,3.2
2023,9,16,18,0,29.8,18,166,26,7,12,0,7,12,87.15,65,3.1
2023,9,16,19,0,29.5,0,0,0,3,0,0,0,0,100.94,75,3.2
2023,9,16,20,0,29.3,0,0,0,0,0,0,0,0,114.27,86,3.2
2023,9,16,21,0,29.200000000000003,0,0,0,0,0,0,0,0,127.09,96,3.2
2023,9,16,22,0,29.200000000000003,0,0,0,3,0,0,0,0,138.84,109,3.3000000000000003
2023,9,16,23,0,29.1,0,0,0,0,0,0,0,0,148.21,122,3.3000000000000003
2023,9,17,0,0,29.1,0,0,0,0,0,0,0,0,152.63,133,3.5
2023,9,17,1,0,29.1,0,0,0,0,0,0,0,0,149.81,142,3.5
2023,9,17,2,0,29,0,0,0,0,0,0,0,0,141.32,153,3.3000000000000003
2023,9,17,3,0,29,0,0,0,0,0,0,0,0,129.97,177,2.5
2023,9,17,4,0,29,0,0,0,0,0,0,0,0,117.34,197,2.1
2023,9,17,5,0,29,0,0,0,0,0,0,0,0,104.10000000000001,185,2
2023,9,17,6,0,29.1,0,0,0,0,0,0,0,0,90.05,166,2.3000000000000003
2023,9,17,7,0,29.5,47,566,175,0,47,566,0,175,76.93,157,2.8000000000000003
2023,9,17,8,0,29.8,66,757,404,0,66,757,0,404,63.480000000000004,154,2.9000000000000004
2023,9,17,9,0,30.200000000000003,78,846,618,0,78,846,0,618,50.36,153,3
2023,9,17,10,0,30.5,83,898,790,0,83,898,0,790,38.08,153,3
2023,9,17,11,0,30.900000000000002,86,922,901,1,86,922,0,901,27.88,157,2.8000000000000003
2023,9,17,12,0,31.3,88,931,945,0,88,931,0,945,22.85,162,2.7
2023,9,17,13,0,31.6,88,922,916,1,88,922,0,916,26.18,167,2.5
2023,9,17,14,0,31.8,85,900,818,3,380,348,0,663,35.58,171,2.3000000000000003
2023,9,17,15,0,31.900000000000002,79,857,657,6,83,0,0,83,47.56,174,2.2
2023,9,17,16,0,31.8,70,777,452,7,170,20,0,179,60.56,176,2.1
2023,9,17,17,0,31.6,53,613,222,7,124,73,0,144,73.98,177,2.1
2023,9,17,18,0,31.200000000000003,17,178,25,6,15,1,7,15,87.39,177,2
2023,9,17,19,0,31,0,0,0,7,0,0,0,0,101.19,176,2.2
2023,9,17,20,0,30.900000000000002,0,0,0,3,0,0,0,0,114.54,174,2.4000000000000004
2023,9,17,21,0,30.8,0,0,0,0,0,0,0,0,127.38000000000001,173,2.7
2023,9,17,22,0,30.6,0,0,0,0,0,0,0,0,139.17000000000002,174,3
2023,9,17,23,0,30.400000000000002,0,0,0,0,0,0,0,0,148.59,174,3.3000000000000003
2023,9,18,0,0,30.200000000000003,0,0,0,0,0,0,0,0,153.02,175,3.5
2023,9,18,1,0,30,0,0,0,0,0,0,0,0,150.13,176,3.8000000000000003
2023,9,18,2,0,29.8,0,0,0,0,0,0,0,0,141.53,177,3.9000000000000004
2023,9,18,3,0,29.6,0,0,0,0,0,0,0,0,130.12,179,3.9000000000000004
2023,9,18,4,0,29.5,0,0,0,0,0,0,0,0,117.45,181,3.6
2023,9,18,5,0,29.400000000000002,0,0,0,0,0,0,0,0,104.19,183,3.2
2023,9,18,6,0,29.5,0,0,0,0,0,0,0,0,90.12,185,2.9000000000000004
2023,9,18,7,0,29.900000000000002,54,508,168,0,54,508,0,168,77.02,184,2.8000000000000003
2023,9,18,8,0,30.1,78,711,394,0,78,711,0,394,63.58,183,2.5
2023,9,18,9,0,30.3,92,808,606,0,92,808,0,606,50.49,180,2.3000000000000003
2023,9,18,10,0,30.700000000000003,91,878,781,1,91,878,0,781,38.25,179,2.2
2023,9,18,11,0,31.200000000000003,94,906,893,3,403,368,0,727,28.150000000000002,182,2
2023,9,18,12,0,31.6,95,916,936,3,462,171,0,619,23.23,189,1.6
2023,9,18,13,0,31.900000000000002,91,913,908,0,91,913,0,908,26.560000000000002,200,1.3
2023,9,18,14,0,32.1,88,892,810,6,64,0,0,64,35.910000000000004,219,0.9
2023,9,18,15,0,32.300000000000004,81,849,651,6,47,0,0,47,47.85,252,0.6000000000000001
2023,9,18,16,0,32.2,70,770,445,7,73,1,0,73,60.82,293,0.5
2023,9,18,17,0,31.900000000000002,53,603,217,7,30,0,0,30,74.23,325,0.4
2023,9,18,18,0,31.700000000000003,16,158,22,8,14,1,7,14,87.62,32,0.30000000000000004
2023,9,18,19,0,31.5,0,0,0,0,0,0,0,0,101.44,87,0.7000000000000001
2023,9,18,20,0,31.200000000000003,0,0,0,3,0,0,0,0,114.8,103,1.1
2023,9,18,21,0,30.900000000000002,0,0,0,3,0,0,0,0,127.67,112,1.5
2023,9,18,22,0,30.700000000000003,0,0,0,3,0,0,0,0,139.5,118,1.8
2023,9,18,23,0,30.400000000000002,0,0,0,0,0,0,0,0,148.97,120,2.1
2023,9,19,0,0,30.200000000000003,0,0,0,0,0,0,0,0,153.42000000000002,122,2.2
2023,9,19,1,0,30.1,0,0,0,0,0,0,0,0,150.44,123,2.3000000000000003
2023,9,19,2,0,29.900000000000002,0,0,0,0,0,0,0,0,141.75,123,2.2
2023,9,19,3,0,29.8,0,0,0,0,0,0,0,0,130.28,121,2.1
2023,9,19,4,0,29.700000000000003,0,0,0,0,0,0,0,0,117.57000000000001,121,2
2023,9,19,5,0,29.6,0,0,0,0,0,0,0,0,104.29,121,1.8
2023,9,19,6,0,29.6,0,0,0,0,0,0,0,0,90.19,121,1.6
2023,9,19,7,0,29.8,49,534,168,0,49,534,0,168,77.10000000000001,121,1.6
2023,9,19,8,0,29.900000000000002,70,733,395,0,70,733,0,395,63.68,123,1.7000000000000002
2023,9,19,9,0,30,82,828,607,0,82,828,0,607,50.61,128,1.7000000000000002
2023,9,19,10,0,30.200000000000003,89,879,777,0,89,879,0,777,38.44,133,1.8
2023,9,19,11,0,30.400000000000002,93,905,889,1,93,905,0,889,28.43,136,1.9000000000000001
2023,9,19,12,0,30.6,95,912,931,7,296,6,0,302,23.61,138,2
2023,9,19,13,0,30.700000000000003,100,897,900,7,351,284,0,605,26.94,139,1.9000000000000001
2023,9,19,14,0,30.8,97,872,800,7,263,9,0,270,36.24,136,1.9000000000000001
2023,9,19,15,0,30.8,90,826,641,7,327,135,0,417,48.13,131,1.9000000000000001
2023,9,19,16,0,30.700000000000003,79,738,435,6,10,0,0,10,61.08,118,2
2023,9,19,17,0,30.400000000000002,58,563,209,7,86,7,0,87,74.47,100,2.2
2023,9,19,18,0,30.1,15,122,19,7,12,0,7,12,87.85000000000001,92,2.5
2023,9,19,19,0,29.8,0,0,0,8,0,0,0,0,101.69,88,3
2023,9,19,20,0,29.700000000000003,0,0,0,0,0,0,0,0,115.07000000000001,88,3.5
2023,9,19,21,0,29.5,0,0,0,0,0,0,0,0,127.96000000000001,88,3.8000000000000003
2023,9,19,22,0,29.3,0,0,0,7,0,0,0,0,139.83,92,4.4
2023,9,19,23,0,29,0,0,0,7,0,0,0,0,149.35,99,5.1000000000000005
2023,9,20,0,0,28.900000000000002,0,0,0,3,0,0,0,0,153.81,105,5.800000000000001
2023,9,20,1,0,28.8,0,0,0,6,0,0,0,0,150.75,111,6.5
2023,9,20,2,0,28.8,0,0,0,6,0,0,0,0,141.96,116,7
2023,9,20,3,0,28.8,0,0,0,6,0,0,0,0,130.43,120,7.1000000000000005
2023,9,20,4,0,28.700000000000003,0,0,0,6,0,0,0,0,117.68,123,6.2
2023,9,20,5,0,28.6,0,0,0,6,0,0,0,0,104.38,123,4.800000000000001
2023,9,20,6,0,28.6,0,0,0,6,0,0,0,0,90.84,115,3.6
2023,9,20,7,0,28.8,56,474,161,7,24,0,0,24,77.19,98,3.2
2023,9,20,8,0,28.900000000000002,81,694,387,7,91,2,0,92,63.78,80,3.2
2023,9,20,9,0,28.900000000000002,93,800,600,7,271,71,0,316,50.74,69,3.3000000000000003
2023,9,20,10,0,29,101,857,770,7,203,561,0,642,38.62,64,3.3000000000000003
2023,9,20,11,0,29.1,104,888,882,8,217,565,0,712,28.71,65,3.2
2023,9,20,12,0,29.200000000000003,103,902,927,8,191,626,0,763,23.990000000000002,66,3.1
2023,9,20,13,0,29.1,100,898,898,1,100,898,0,898,27.330000000000002,70,2.9000000000000004
2023,9,20,14,0,29.200000000000003,95,877,799,8,222,521,0,640,36.57,70,2.7
2023,9,20,15,0,29.1,88,832,640,7,310,217,0,454,48.42,67,2.7
2023,9,20,16,0,29,76,745,434,0,76,745,0,434,61.34,59,2.8000000000000003
2023,9,20,17,0,28.700000000000003,56,570,206,7,96,339,0,186,74.72,55,2.8000000000000003
2023,9,20,18,0,28.3,14,116,18,3,9,0,7,9,88.07000000000001,56,2.8000000000000003
2023,9,20,19,0,28.200000000000003,0,0,0,0,0,0,0,0,101.94,60,2.7
2023,9,20,20,0,28,0,0,0,0,0,0,0,0,115.33,68,2.6
2023,9,20,21,0,27.900000000000002,0,0,0,0,0,0,0,0,128.25,73,2.4000000000000004
2023,9,20,22,0,27.8,0,0,0,0,0,0,0,0,140.16,72,2
2023,9,20,23,0,27.700000000000003,0,0,0,0,0,0,0,0,149.73,64,1.6
2023,9,21,0,0,27.6,0,0,0,0,0,0,0,0,154.20000000000002,47,1.6
2023,9,21,1,0,27.5,0,0,0,0,0,0,0,0,151.06,33,1.6
2023,9,21,2,0,27.5,0,0,0,0,0,0,0,0,142.18,26,1.6
2023,9,21,3,0,27.5,0,0,0,0,0,0,0,0,130.57,18,1.5
2023,9,21,4,0,27.6,0,0,0,0,0,0,0,0,117.79,13,1.3
2023,9,21,5,0,27.700000000000003,0,0,0,0,0,0,0,0,104.47,10,1
2023,9,21,6,0,27.8,0,0,0,0,0,0,0,0,90.92,360,0.8
2023,9,21,7,0,28.1,50,521,164,0,50,521,0,164,77.27,346,0.5
2023,9,21,8,0,28.200000000000003,73,721,390,0,73,721,0,390,63.88,311,0.4
2023,9,21,9,0,28.400000000000002,86,817,601,0,86,817,0,601,50.870000000000005,270,0.6000000000000001
2023,9,21,10,0,28.700000000000003,85,883,773,0,85,883,0,773,38.81,273,0.9
2023,9,21,11,0,29.1,88,911,885,0,88,911,0,885,28.990000000000002,286,1.2000000000000002
2023,9,21,12,0,29.5,89,920,927,0,89,920,0,927,24.37,296,1.6
2023,9,21,13,0,29.700000000000003,88,915,898,3,450,186,0,615,27.71,302,2.1
2023,9,21,14,0,29.900000000000002,85,893,799,7,326,245,0,522,36.9,308,2.7
2023,9,21,15,0,30,79,847,638,7,146,653,0,577,48.71,314,3.2
2023,9,21,16,0,29.900000000000002,66,773,434,7,197,200,0,292,61.61,317,3.5
2023,9,21,17,0,29.6,50,601,206,8,102,247,0,166,74.97,318,3.5
2023,9,21,18,0,29.200000000000003,12,149,17,2,8,0,7,8,88.3,320,3.2
2023,9,21,19,0,29.1,0,0,0,3,0,0,0,0,102.19,322,3.2
2023,9,21,20,0,29,0,0,0,7,0,0,0,0,115.59,323,3.1
2023,9,21,21,0,28.900000000000002,0,0,0,8,0,0,0,0,128.54,322,2.9000000000000004
2023,9,21,22,0,28.8,0,0,0,7,0,0,0,0,140.48,322,2.8000000000000003
2023,9,21,23,0,28.6,0,0,0,7,0,0,0,0,150.11,325,2.7
2023,9,22,0,0,28.6,0,0,0,7,0,0,0,0,154.59,326,2.6
2023,9,22,1,0,28.5,0,0,0,5,0,0,0,0,151.37,328,2.5
2023,9,22,2,0,28.400000000000002,0,0,0,7,0,0,0,0,142.39000000000001,329,2.2
2023,9,22,3,0,28.400000000000002,0,0,0,6,0,0,0,0,130.72,329,1.9000000000000001
2023,9,22,4,0,28.400000000000002,0,0,0,7,0,0,0,0,117.9,326,1.7000000000000002
2023,9,22,5,0,28.400000000000002,0,0,0,7,0,0,0,0,104.56,315,1.7000000000000002
2023,9,22,6,0,28.5,0,0,0,7,0,0,0,0,91.01,302,1.7000000000000002
2023,9,22,7,0,28.700000000000003,54,488,160,7,102,40,0,111,77.36,285,1.7000000000000002
2023,9,22,8,0,28.900000000000002,79,700,386,6,29,0,0,29,63.980000000000004,266,1.8
2023,9,22,9,0,29,93,799,596,7,163,596,0,539,51.01,254,1.9000000000000001
2023,9,22,10,0,29.200000000000003,100,858,766,7,322,267,0,530,39,253,1.9000000000000001
2023,9,22,11,0,29.3,105,883,876,2,423,92,0,503,29.28,261,1.8
2023,9,22,12,0,29.3,108,890,917,7,375,42,0,413,24.76,271,1.6
2023,9,22,13,0,29.3,113,873,883,6,110,0,0,110,28.1,280,1.4000000000000001
2023,9,22,14,0,29.400000000000002,110,846,783,6,166,1,0,167,37.230000000000004,290,1.3
2023,9,22,15,0,29.400000000000002,102,793,622,6,68,0,0,68,49,306,1.3
2023,9,22,16,0,29.400000000000002,88,697,417,6,8,0,0,8,61.870000000000005,318,1.3
2023,9,22,17,0,29.200000000000003,63,507,192,7,79,9,0,81,75.22,328,1.1
2023,9,22,18,0,29.1,12,58,13,7,7,0,7,7,88.52,339,0.7000000000000001
2023,9,22,19,0,29,0,0,0,7,0,0,0,0,102.44,9,0.4
2023,9,22,20,0,29,0,0,0,7,0,0,0,0,115.85000000000001,69,0.5
2023,9,22,21,0,28.900000000000002,0,0,0,8,0,0,0,0,128.82,84,0.8
2023,9,22,22,0,28.8,0,0,0,1,0,0,0,0,140.81,88,0.9
2023,9,22,23,0,28.700000000000003,0,0,0,1,0,0,0,0,150.49,88,0.8
2023,9,23,0,0,28.5,0,0,0,6,0,0,0,0,154.98,89,0.8
2023,9,23,1,0,28.400000000000002,0,0,0,6,0,0,0,0,151.68,89,0.8
2023,9,23,2,0,28.3,0,0,0,7,0,0,0,0,142.6,96,1
2023,9,23,3,0,28.1,0,0,0,7,0,0,0,0,130.87,103,1.3
2023,9,23,4,0,27.900000000000002,0,0,0,9,0,0,0,0,118.01,103,1.6
2023,9,23,5,0,27.700000000000003,0,0,0,9,0,0,0,0,104.65,102,2.2
2023,9,23,6,0,27.6,0,0,0,6,0,0,0,0,91.09,102,2.8000000000000003
2023,9,23,7,0,27.700000000000003,56,461,156,6,9,0,0,9,77.45,102,3.6
2023,9,23,8,0,27.700000000000003,82,685,381,7,99,3,0,100,64.08,100,4
2023,9,23,9,0,27.700000000000003,93,798,593,7,195,18,0,206,51.14,100,4
2023,9,23,10,0,27.8,99,857,763,7,248,13,0,258,39.19,100,4.1000000000000005
2023,9,23,11,0,28,104,884,873,7,327,377,0,655,29.57,99,4.1000000000000005
2023,9,23,12,0,28.1,107,891,914,7,350,337,0,655,25.14,97,4
2023,9,23,13,0,28.200000000000003,103,888,884,8,319,404,0,674,28.490000000000002,93,3.8000000000000003
2023,9,23,14,0,28.1,101,859,782,7,339,182,0,483,37.57,87,3.6
2023,9,23,15,0,28,95,806,621,7,290,43,0,317,49.29,78,3.3000000000000003
2023,9,23,16,0,27.700000000000003,85,703,414,9,8,0,0,8,62.13,66,3.1
2023,9,23,17,0,27.3,62,502,188,9,13,0,0,13,75.46000000000001,55,3
2023,9,23,18,0,27.1,10,46,11,6,5,0,7,5,88.74,45,2.8000000000000003
2023,9,23,19,0,27,0,0,0,6,0,0,0,0,102.68,43,2.8000000000000003
2023,9,23,20,0,27,0,0,0,6,0,0,0,0,116.11,46,2.7
2023,9,23,21,0,27,0,0,0,6,0,0,0,0,129.11,54,2.4000000000000004
2023,9,23,22,0,27,0,0,0,6,0,0,0,0,141.14000000000001,72,2
2023,9,23,23,0,27,0,0,0,6,0,0,0,0,150.87,96,1.7000000000000002
2023,9,24,0,0,27.1,0,0,0,7,0,0,0,0,155.38,120,1.4000000000000001
2023,9,24,1,0,27,0,0,0,7,0,0,0,0,151.98,150,1.2000000000000002
2023,9,24,2,0,27.1,0,0,0,7,0,0,0,0,142.8,180,1.2000000000000002
2023,9,24,3,0,27.1,0,0,0,7,0,0,0,0,131.01,201,1.4000000000000001
2023,9,24,4,0,27.200000000000003,0,0,0,7,0,0,0,0,118.12,211,1.8
2023,9,24,5,0,27.3,0,0,0,7,0,0,0,0,104.74000000000001,215,2.2
2023,9,24,6,0,27.5,0,0,0,8,0,0,0,0,91.17,218,2.4000000000000004
2023,9,24,7,0,28,51,499,159,7,95,51,0,106,77.54,221,2.5
2023,9,24,8,0,28.3,74,715,385,7,147,409,0,325,64.19,222,2.4000000000000004
2023,9,24,9,0,28.5,87,814,596,7,141,589,0,509,51.28,223,2.1
2023,9,24,10,0,28.8,95,866,764,7,213,515,0,610,39.39,228,1.6
2023,9,24,11,0,29,100,892,874,7,191,605,0,716,29.86,244,1.1
2023,9,24,12,0,29.3,101,902,915,0,101,902,0,915,25.53,280,0.8
2023,9,24,13,0,29.5,99,898,885,8,336,331,0,626,28.87,328,0.7000000000000001
2023,9,24,14,0,29.6,94,876,785,8,265,411,0,590,37.9,25,0.9
2023,9,24,15,0,29.700000000000003,87,826,623,0,87,826,0,623,49.58,68,1.8
2023,9,24,16,0,29.700000000000003,75,737,417,2,235,157,0,308,62.39,86,2.7
2023,9,24,17,0,29.5,54,550,190,6,62,3,0,63,75.71000000000001,96,3.3000000000000003
2023,9,24,18,0,29.200000000000003,10,72,11,6,4,0,7,4,88.96000000000001,106,3.7
2023,9,24,19,0,29.200000000000003,0,0,0,7,0,0,0,0,102.93,116,4.2
2023,9,24,20,0,29.200000000000003,0,0,0,0,0,0,0,0,116.37,124,4.5
2023,9,24,21,0,29.1,0,0,0,7,0,0,0,0,129.39000000000001,131,4.6000000000000005
2023,9,24,22,0,29,0,0,0,7,0,0,0,0,141.46,137,4.4
2023,9,24,23,0,28.900000000000002,0,0,0,7,0,0,0,0,151.25,141,4
2023,9,25,0,0,28.8,0,0,0,7,0,0,0,0,155.77,144,3.7
2023,9,25,1,0,28.8,0,0,0,7,0,0,0,0,152.29,145,3.3000000000000003
2023,9,25,2,0,28.700000000000003,0,0,0,7,0,0,0,0,143,145,2.8000000000000003
2023,9,25,3,0,28.6,0,0,0,7,0,0,0,0,131.15,139,2.5
2023,9,25,4,0,28.6,0,0,0,7,0,0,0,0,118.22,124,2.5
2023,9,25,5,0,28.6,0,0,0,8,0,0,0,0,104.83,110,3
2023,9,25,6,0,28.700000000000003,0,0,0,7,0,0,0,0,91.26,102,3.5
2023,9,25,7,0,29.200000000000003,50,505,159,7,71,7,0,72,77.63,97,4.2
2023,9,25,8,0,29.5,74,716,384,7,184,218,0,279,64.3,97,5
2023,9,25,9,0,29.700000000000003,87,814,595,7,247,225,0,388,51.42,96,5.4
2023,9,25,10,0,29.900000000000002,98,862,762,0,98,862,0,762,39.59,97,5.7
2023,9,25,11,0,30.200000000000003,103,891,873,7,214,610,0,742,30.150000000000002,97,5.7
2023,9,25,12,0,30.3,104,900,913,7,388,219,0,584,25.91,95,5.6000000000000005
2023,9,25,13,0,30.400000000000002,109,881,878,3,443,150,0,574,29.26,92,5.6000000000000005
2023,9,25,14,0,30.400000000000002,106,852,775,0,106,852,0,775,38.24,89,5.5
2023,9,25,15,0,30.3,98,797,612,0,98,797,0,612,49.870000000000005,87,5.5
2023,9,25,16,0,30,85,695,405,7,125,11,0,130,62.660000000000004,83,5.4
2023,9,25,17,0,29.700000000000003,62,486,180,8,90,11,0,93,75.96000000000001,79,5.300000000000001
2023,9,25,18,0,29.5,0,0,0,0,0,0,0,0,89.18,79,5.2
2023,9,25,19,0,29.400000000000002,0,0,0,6,0,0,0,0,103.18,81,5.300000000000001
2023,9,25,20,0,29.400000000000002,0,0,0,7,0,0,0,0,116.63,83,5.300000000000001
2023,9,25,21,0,29.3,0,0,0,6,0,0,0,0,129.67000000000002,85,5.2
2023,9,25,22,0,29.3,0,0,0,7,0,0,0,0,141.78,90,5.1000000000000005
2023,9,25,23,0,29.200000000000003,0,0,0,7,0,0,0,0,151.63,97,5.1000000000000005
2023,9,26,0,0,29.200000000000003,0,0,0,7,0,0,0,0,156.16,101,5.300000000000001
2023,9,26,1,0,29.1,0,0,0,8,0,0,0,0,152.59,105,5.2
2023,9,26,2,0,29,0,0,0,7,0,0,0,0,143.21,107,5
2023,9,26,3,0,28.900000000000002,0,0,0,6,0,0,0,0,131.29,106,4.9
2023,9,26,4,0,28.900000000000002,0,0,0,7,0,0,0,0,118.33,104,4.9
2023,9,26,5,0,28.900000000000002,0,0,0,7,0,0,0,0,104.92,104,5
2023,9,26,6,0,29,0,0,0,6,0,0,0,0,91.35000000000001,104,5.2
2023,9,26,7,0,29.3,49,513,158,6,38,1,0,38,77.72,103,5.7
2023,9,26,8,0,29.5,73,717,383,7,113,5,0,115,64.41,101,6.2
2023,9,26,9,0,29.6,89,808,591,7,216,20,0,228,51.57,101,6.2
2023,9,26,10,0,29.900000000000002,104,848,756,7,251,9,0,257,39.800000000000004,102,5.9
2023,9,26,11,0,30.1,114,869,863,7,302,10,0,311,30.45,106,5.300000000000001
2023,9,26,12,0,30.3,119,873,901,7,376,308,0,652,26.3,109,4.7
2023,9,26,13,0,30.5,121,859,868,7,382,146,0,509,29.650000000000002,112,4
2023,9,26,14,0,30.5,117,829,765,6,294,20,0,310,38.57,112,3.5
2023,9,26,15,0,30.5,109,771,603,6,195,7,1,199,50.160000000000004,110,3
2023,9,26,16,0,30.3,94,666,397,7,184,307,0,323,62.92,106,2.7
2023,9,26,17,0,30.1,66,453,174,7,80,5,0,81,76.21000000000001,98,2.5
2023,9,26,18,0,29.8,0,0,0,9,0,0,7,0,89.39,94,2.4000000000000004
2023,9,26,19,0,29.6,0,0,0,6,0,0,0,0,103.42,95,2.4000000000000004
2023,9,26,20,0,29.400000000000002,0,0,0,7,0,0,0,0,116.88,92,2.3000000000000003
2023,9,26,21,0,29.3,0,0,0,7,0,0,0,0,129.95,87,2.2
2023,9,26,22,0,29.1,0,0,0,7,0,0,0,0,142.1,77,2.5
2023,9,26,23,0,28.900000000000002,0,0,0,7,0,0,0,0,152,75,3.4000000000000004
2023,9,27,0,0,28.700000000000003,0,0,0,7,0,0,0,0,156.55,82,4.1000000000000005
2023,9,27,1,0,28.6,0,0,0,8,0,0,0,0,152.89000000000001,91,4.4
2023,9,27,2,0,28.5,0,0,0,7,0,0,0,0,143.41,98,4.4
2023,9,27,3,0,28.5,0,0,0,7,0,0,0,0,131.43,104,4.4
2023,9,27,4,0,28.5,0,0,0,7,0,0,0,0,118.44,111,4.2
2023,9,27,5,0,28.6,0,0,0,6,0,0,0,0,105.01,119,4
2023,9,27,6,0,28.6,0,0,0,7,0,0,0,0,91.43,126,3.7
2023,9,27,7,0,28.900000000000002,59,434,151,7,7,0,0,7,77.81,132,3.6
2023,9,27,8,0,29.1,88,665,374,6,90,2,0,90,64.52,138,3.5
2023,9,27,9,0,29.200000000000003,104,774,584,7,213,18,0,224,51.71,145,3.3000000000000003
2023,9,27,10,0,29.400000000000002,114,834,752,7,323,100,0,399,40,148,3.2
2023,9,27,11,0,29.700000000000003,118,864,861,7,359,89,0,435,30.740000000000002,146,2.9000000000000004
2023,9,27,12,0,29.900000000000002,121,871,900,7,433,113,0,535,26.69,145,2.7
2023,9,27,13,0,30.1,117,866,867,7,270,6,0,275,30.03,141,2.3000000000000003
2023,9,27,14,0,30.200000000000003,115,834,764,8,337,243,0,526,38.910000000000004,133,1.9000000000000001
2023,9,27,15,0,30.3,105,779,602,8,162,4,0,165,50.45,120,1.8
2023,9,27,16,0,30.3,90,675,395,8,7,0,0,7,63.190000000000005,101,1.7000000000000002
2023,9,27,17,0,30,63,464,172,8,5,0,7,5,76.45,81,1.6
2023,9,27,18,0,29.700000000000003,0,0,0,8,0,0,7,0,89.60000000000001,72,1.7000000000000002
2023,9,27,19,0,29.6,0,0,0,8,0,0,0,0,103.66,70,1.9000000000000001
2023,9,27,20,0,29.5,0,0,0,3,0,0,0,0,117.14,72,2
2023,9,27,21,0,29.3,0,0,0,3,0,0,0,0,130.23,78,2.1
2023,9,27,22,0,29.200000000000003,0,0,0,8,0,0,0,0,142.42000000000002,88,2.1
2023,9,27,23,0,29.1,0,0,0,8,0,0,0,0,152.38,101,2.1
2023,9,28,0,0,28.900000000000002,0,0,0,8,0,0,0,0,156.95000000000002,112,2.1
2023,9,28,1,0,28.8,0,0,0,7,0,0,0,0,153.18,120,2
2023,9,28,2,0,28.700000000000003,0,0,0,7,0,0,0,0,143.6,125,1.9000000000000001
2023,9,28,3,0,28.6,0,0,0,7,0,0,0,0,131.57,129,1.9000000000000001
2023,9,28,4,0,28.6,0,0,0,7,0,0,0,0,118.54,142,1.9000000000000001
2023,9,28,5,0,28.5,0,0,0,7,0,0,0,0,105.10000000000001,158,2.1
2023,9,28,6,0,28.5,0,0,0,7,0,0,0,0,91.52,166,2.1
2023,9,28,7,0,28.8,53,469,152,7,74,12,0,76,77.91,170,2.3000000000000003
2023,9,28,8,0,28.900000000000002,80,687,375,7,157,19,0,165,64.63,173,2.3000000000000003
2023,9,28,9,0,29,97,787,583,7,268,208,0,397,51.86,175,2.3000000000000003
2023,9,28,10,0,29.3,103,849,751,8,329,162,0,453,40.21,172,1.9000000000000001
2023,9,28,11,0,29.5,108,877,859,7,357,259,0,579,31.04,159,1.3
2023,9,28,12,0,29.700000000000003,107,889,899,8,388,180,0,548,27.07,135,1
2023,9,28,13,0,29.700000000000003,105,884,867,8,369,71,0,430,30.42,112,1
2023,9,28,14,0,29.700000000000003,99,860,765,8,24,0,0,24,39.24,100,1.3
2023,9,28,15,0,29.700000000000003,89,814,604,7,140,2,0,141,50.75,97,1.5
2023,9,28,16,0,29.700000000000003,76,720,397,6,8,0,0,8,63.45,93,1.6
2023,9,28,17,0,29.5,53,525,173,7,22,0,0,22,76.7,88,1.8
2023,9,28,18,0,29.3,0,0,0,7,0,0,7,0,89.81,82,2
2023,9,28,19,0,29.3,0,0,0,4,0,0,0,0,103.91,80,2.5
2023,9,28,20,0,29.3,0,0,0,5,0,0,0,0,117.39,79,3
2023,9,28,21,0,29.200000000000003,0,0,0,0,0,0,0,0,130.51,82,3.6
2023,9,28,22,0,29.1,0,0,0,7,0,0,0,0,142.74,86,4
2023,9,28,23,0,29,0,0,0,7,0,0,0,0,152.75,92,4.3
2023,9,29,0,0,28.900000000000002,0,0,0,1,0,0,0,0,157.34,96,4.4
2023,9,29,1,0,28.8,0,0,0,0,0,0,0,0,153.48,100,4.4
2023,9,29,2,0,28.700000000000003,0,0,0,0,0,0,0,0,143.8,104,4.4
2023,9,29,3,0,28.700000000000003,0,0,0,0,0,0,0,0,131.7,108,4.3
2023,9,29,4,0,28.700000000000003,0,0,0,7,0,0,0,0,118.65,112,4
2023,9,29,5,0,28.8,0,0,0,7,0,0,0,0,105.19,117,3.5
2023,9,29,6,0,29,0,0,0,8,0,0,0,0,91.61,122,3.1
2023,9,29,7,0,29.5,48,511,154,8,98,115,0,122,78,127,2.9000000000000004
2023,9,29,8,0,29.8,70,726,380,1,70,726,0,380,64.75,131,2.5
2023,9,29,9,0,30.1,81,828,591,0,81,828,0,591,52.01,136,2
2023,9,29,10,0,30.400000000000002,83,888,760,0,83,888,0,760,40.42,144,1.4000000000000001
2023,9,29,11,0,30.6,87,914,868,1,87,914,0,868,31.35,151,0.8
2023,9,29,12,0,30.900000000000002,88,922,907,2,456,188,0,622,27.46,177,0.2
2023,9,29,13,0,31.1,88,914,873,1,88,914,0,873,30.8,332,0.6000000000000001
2023,9,29,14,0,31.3,86,885,768,2,345,374,0,633,39.58,344,1.3
2023,9,29,15,0,31.3,80,834,604,7,255,247,0,411,51.04,356,1.8
2023,9,29,16,0,31.1,69,740,397,6,8,0,0,8,63.71,6,2.5
2023,9,29,17,0,30.700000000000003,49,541,171,7,44,1,0,44,76.95,14,2.9000000000000004
2023,9,29,18,0,30.200000000000003,0,0,0,7,0,0,0,0,90.01,24,3.2
2023,9,29,19,0,29.900000000000002,0,0,0,7,0,0,0,0,104.15,33,3.4000000000000004
2023,9,29,20,0,29.6,0,0,0,8,0,0,0,0,117.64,41,3.5
2023,9,29,21,0,29.400000000000002,0,0,0,7,0,0,0,0,130.78,48,3.5
2023,9,29,22,0,29.3,0,0,0,7,0,0,0,0,143.05,57,3.3000000000000003
2023,9,29,23,0,29.200000000000003,0,0,0,0,0,0,0,0,153.13,69,3.1
2023,9,30,0,0,29.1,0,0,0,3,0,0,0,0,157.73,81,3.1
2023,9,30,1,0,29.1,0,0,0,0,0,0,0,0,153.77,91,3.1
2023,9,30,2,0,29,0,0,0,0,0,0,0,0,143.99,101,3.1
2023,9,30,3,0,28.900000000000002,0,0,0,0,0,0,0,0,131.83,110,3
2023,9,30,4,0,28.900000000000002,0,0,0,0,0,0,0,0,118.75,118,3
2023,9,30,5,0,29,0,0,0,0,0,0,0,0,105.28,125,3
2023,9,30,6,0,29.1,0,0,0,0,0,0,0,0,91.69,130,3
2023,9,30,7,0,29.5,50,489,151,0,50,489,0,151,78.10000000000001,134,3.2
2023,9,30,8,0,29.8,74,705,374,0,74,705,0,374,64.87,134,3.2
2023,9,30,9,0,30,89,804,582,1,89,804,0,582,52.17,133,3.1
2023,9,30,10,0,30.3,95,864,751,3,208,0,0,209,40.64,133,3
2023,9,30,11,0,30.6,101,891,859,2,408,118,0,509,31.650000000000002,135,2.8000000000000003
2023,9,30,12,0,30.900000000000002,102,900,898,6,169,1,0,170,27.85,136,2.3000000000000003
2023,9,30,13,0,31,95,902,867,3,328,3,0,330,31.19,134,1.8
2023,9,30,14,0,31.1,90,879,764,3,367,68,0,419,39.92,125,1.2000000000000002
2023,9,30,15,0,31.1,83,828,601,6,79,0,0,79,51.33,102,0.9
2023,9,30,16,0,31,70,736,393,7,14,552,0,256,63.980000000000004,53,0.9
2023,9,30,17,0,30.700000000000003,49,536,168,6,39,1,0,39,77.19,25,1.6
2023,9,30,18,0,30.200000000000003,0,0,0,7,0,0,0,0,90.21000000000001,23,2.1
2023,9,30,19,0,30.1,0,0,0,8,0,0,0,0,104.39,27,2.4000000000000004
2023,9,30,20,0,29.900000000000002,0,0,0,8,0,0,0,0,117.89,33,2.6
2023,9,30,21,0,29.700000000000003,0,0,0,8,0,0,0,0,131.05,41,2.7
2023,9,30,22,0,29.5,0,0,0,7,0,0,0,0,143.36,53,2.7
2023,9,30,23,0,29.3,0,0,0,0,0,0,0,0,153.5,69,2.8000000000000003
2023,10,1,0,0,29.200000000000003,0,0,0,0,0,0,0,0,158.12,84,3
2023,10,1,1,0,29.1,0,0,0,0,0,0,0,0,154.06,94,3.3000000000000003
2023,10,1,2,0,29,0,0,0,0,0,0,0,0,144.18,98,3.4000000000000004
2023,10,1,3,0,28.900000000000002,0,0,0,1,0,0,0,0,131.97,98,3.5
2023,10,1,4,0,28.900000000000002,0,0,0,0,0,0,0,0,118.85000000000001,95,3.4000000000000004
2023,10,1,5,0,28.900000000000002,0,0,0,0,0,0,0,0,105.37,89,3.2
2023,10,1,6,0,29,0,0,0,0,0,0,0,0,91.78,85,3.1
2023,10,1,7,0,29.400000000000002,51,482,150,1,51,482,0,150,78.19,79,3.2
2023,10,1,8,0,29.700000000000003,78,700,374,3,184,16,0,191,64.98,71,3.2
2023,10,1,9,0,29.900000000000002,94,800,583,0,94,800,0,583,52.32,63,3.2
2023,10,1,10,0,30.1,96,870,754,7,321,113,0,407,40.85,58,3.1
2023,10,1,11,0,30.3,102,894,860,8,279,493,0,697,31.96,52,3.1
2023,10,1,12,0,30.3,104,901,898,7,285,472,0,701,28.23,44,3.1
2023,10,1,13,0,30.3,101,895,864,7,381,205,0,556,31.57,36,3.2
2023,10,1,14,0,30.1,97,867,759,7,249,9,0,256,40.25,30,3.4000000000000004
2023,10,1,15,0,29.900000000000002,90,813,595,8,220,384,0,458,51.620000000000005,28,3.6
2023,10,1,16,0,29.700000000000003,76,714,386,0,76,714,0,386,64.24,28,4.1000000000000005
2023,10,1,17,0,29.3,53,502,162,8,87,312,0,154,77.44,32,4.4
2023,10,1,18,0,29,0,0,0,7,0,0,0,0,91.02,37,4.6000000000000005
2023,10,1,19,0,29,0,0,0,7,0,0,0,0,104.62,44,4.9
2023,10,1,20,0,28.900000000000002,0,0,0,7,0,0,0,0,118.14,51,5.1000000000000005
2023,10,1,21,0,28.900000000000002,0,0,0,7,0,0,0,0,131.32,57,5.2
2023,10,1,22,0,28.900000000000002,0,0,0,0,0,0,0,0,143.67000000000002,63,5.300000000000001
2023,10,1,23,0,28.900000000000002,0,0,0,0,0,0,0,0,153.87,67,5.2
2023,10,2,0,0,28.8,0,0,0,2,0,0,0,0,158.51,67,5
2023,10,2,1,0,28.8,0,0,0,3,0,0,0,0,154.35,65,4.800000000000001
2023,10,2,2,0,28.8,0,0,0,7,0,0,0,0,144.37,60,4.7
2023,10,2,3,0,28.8,0,0,0,8,0,0,0,0,132.1,58,4.6000000000000005
2023,10,2,4,0,28.8,0,0,0,7,0,0,0,0,118.95,56,4.5
2023,10,2,5,0,28.700000000000003,0,0,0,8,0,0,0,0,105.46000000000001,53,4.5
2023,10,2,6,0,28.6,0,0,0,6,0,0,0,0,91.87,52,4.7
2023,10,2,7,0,28.8,60,392,140,6,14,0,0,14,78.29,53,5.2
2023,10,2,8,0,28.900000000000002,90,643,360,6,87,1,0,87,65.11,56,5.7
2023,10,2,9,0,28.900000000000002,101,772,571,8,252,63,0,291,52.480000000000004,59,6
2023,10,2,10,0,29,104,842,739,7,350,169,0,478,41.07,62,6.300000000000001
2023,10,2,11,0,28.900000000000002,104,879,847,8,32,0,0,32,32.27,65,6.300000000000001
2023,10,2,12,0,28.8,103,892,886,7,336,22,0,356,28.62,67,6.4
2023,10,2,13,0,28.5,110,870,848,6,314,11,0,324,31.96,69,6.300000000000001
2023,10,2,14,0,28.3,100,852,746,6,101,0,0,101,40.59,69,6.1000000000000005
2023,10,2,15,0,28.1,90,801,584,6,15,0,0,15,51.910000000000004,67,5.9
2023,10,2,16,0,27.900000000000002,76,701,378,8,152,21,0,161,64.5,64,5.7
2023,10,2,17,0,27.900000000000002,52,485,156,0,52,485,0,156,77.68,60,5.5
2023,10,2,18,0,27.8,0,0,0,0,0,0,0,0,91.26,56,5.300000000000001
2023,10,2,19,0,27.8,0,0,0,0,0,0,0,0,104.86,55,5.5
2023,10,2,20,0,27.8,0,0,0,0,0,0,0,0,118.38,54,5.7
2023,10,2,21,0,27.8,0,0,0,0,0,0,0,0,131.58,54,5.800000000000001
2023,10,2,22,0,27.700000000000003,0,0,0,1,0,0,0,0,143.97,56,5.9
2023,10,2,23,0,27.6,0,0,0,3,0,0,0,0,154.23,59,5.9
2023,10,3,0,0,27.5,0,0,0,3,0,0,0,0,158.89000000000001,62,5.9
2023,10,3,1,0,27.400000000000002,0,0,0,2,0,0,0,0,154.64000000000001,64,5.800000000000001
2023,10,3,2,0,27.3,0,0,0,3,0,0,0,0,144.55,66,5.9
2023,10,3,3,0,27.200000000000003,0,0,0,3,0,0,0,0,132.23,68,5.9
2023,10,3,4,0,27.200000000000003,0,0,0,3,0,0,0,0,119.06,68,5.9
2023,10,3,5,0,27.1,0,0,0,3,0,0,0,0,105.55,67,6
2023,10,3,6,0,27.200000000000003,0,0,0,2,0,0,0,0,91.97,66,6.1000000000000005
2023,10,3,7,0,27.5,43,534,151,3,58,1,0,58,78.39,65,6.5
2023,10,3,8,0,27.700000000000003,63,745,375,3,134,1,0,134,65.23,66,6.5
2023,10,3,9,0,27.8,74,841,584,3,224,3,0,225,52.64,65,6.2
2023,10,3,10,0,28.1,92,872,747,7,250,412,0,560,41.300000000000004,64,5.9
2023,10,3,11,0,28.3,95,901,854,7,90,825,0,786,32.58,61,5.7
2023,10,3,12,0,28.5,98,908,892,7,346,351,0,652,29,58,5.5
2023,10,3,13,0,28.700000000000003,109,880,853,7,274,460,0,663,32.34,55,5.4
2023,10,3,14,0,28.700000000000003,107,846,747,8,225,544,0,636,40.92,52,5.4
2023,10,3,15,0,28.700000000000003,103,779,580,8,241,315,0,435,52.2,50,5.6000000000000005
2023,10,3,16,0,28.6,91,655,371,7,129,10,0,133,64.76,48,5.7
2023,10,3,17,0,28.3,62,410,148,8,41,1,7,41,77.92,48,5.7
2023,10,3,18,0,27.900000000000002,0,0,0,3,0,0,0,0,91.49,49,5.4
2023,10,3,19,0,27.900000000000002,0,0,0,3,0,0,0,0,105.09,51,5.5
2023,10,3,20,0,27.8,0,0,0,3,0,0,0,0,118.62,52,5.5
2023,10,3,21,0,27.8,0,0,0,3,0,0,0,0,131.85,54,5.5
2023,10,3,22,0,27.700000000000003,0,0,0,3,0,0,0,0,144.28,57,5.5
2023,10,3,23,0,27.700000000000003,0,0,0,3,0,0,0,0,154.6,60,5.4
2023,10,4,0,0,27.700000000000003,0,0,0,3,0,0,0,0,159.28,61,5.2
2023,10,4,1,0,27.6,0,0,0,3,0,0,0,0,154.92000000000002,62,5.1000000000000005
2023,10,4,2,0,27.6,0,0,0,1,0,0,0,0,144.73,62,5.1000000000000005
2023,10,4,3,0,27.6,0,0,0,3,0,0,0,0,132.36,63,5.1000000000000005
2023,10,4,4,0,27.700000000000003,0,0,0,3,0,0,0,0,119.16,62,5.1000000000000005
2023,10,4,5,0,27.700000000000003,0,0,0,3,0,0,0,0,105.64,60,5.1000000000000005
2023,10,4,6,0,27.8,0,0,0,0,0,0,0,0,92.06,58,5.1000000000000005
2023,10,4,7,0,28.3,50,474,145,1,50,474,0,145,78.5,57,5.6000000000000005
2023,10,4,8,0,28.6,75,705,369,0,75,705,0,369,65.35,58,5.7
2023,10,4,9,0,28.8,88,810,578,0,88,810,0,578,52.81,60,5.6000000000000005
2023,10,4,10,0,29,90,878,747,0,90,878,0,747,41.52,62,5.4
2023,10,4,11,0,29.1,96,902,853,3,418,297,0,667,32.89,65,5.1000000000000005
2023,10,4,12,0,29.3,99,908,890,3,401,23,0,421,29.39,67,4.7
2023,10,4,13,0,29.400000000000002,111,878,849,3,382,18,0,397,32.72,66,4.3
2023,10,4,14,0,29.5,103,855,746,0,103,855,0,746,41.25,63,3.9000000000000004
2023,10,4,15,0,29.5,91,808,583,0,91,808,0,583,52.5,61,3.6
2023,10,4,16,0,29.400000000000002,75,710,375,0,75,710,0,375,65.02,58,3.5
2023,10,4,17,0,29.1,50,494,151,0,50,494,0,151,78.16,57,3.3000000000000003
2023,10,4,18,0,28.700000000000003,0,0,0,0,0,0,0,0,91.72,59,3
2023,10,4,19,0,28.6,0,0,0,0,0,0,0,0,105.32000000000001,61,2.9000000000000004
2023,10,4,20,0,28.6,0,0,0,0,0,0,0,0,118.86,61,2.7
2023,10,4,21,0,28.6,0,0,0,0,0,0,0,0,132.1,62,2.4000000000000004
2023,10,4,22,0,28.5,0,0,0,0,0,0,0,0,144.58,68,2.1
2023,10,4,23,0,28.400000000000002,0,0,0,2,0,0,0,0,154.96,77,2
2023,10,5,0,0,28.3,0,0,0,0,0,0,0,0,159.67000000000002,88,2
2023,10,5,1,0,28.200000000000003,0,0,0,0,0,0,0,0,155.20000000000002,100,2.1
2023,10,5,2,0,28.1,0,0,0,0,0,0,0,0,144.91,110,2.3000000000000003
2023,10,5,3,0,28,0,0,0,0,0,0,0,0,132.48,114,2.4000000000000004
2023,10,5,4,0,27.900000000000002,0,0,0,0,0,0,0,0,119.26,116,2.5
2023,10,5,5,0,28,0,0,0,1,0,0,0,0,105.74000000000001,118,2.4000000000000004
2023,10,5,6,0,28,0,0,0,1,0,0,0,0,92.15,122,2.2
2023,10,5,7,0,28.5,49,481,145,0,49,481,0,145,78.60000000000001,127,2.3000000000000003
2023,10,5,8,0,28.700000000000003,74,712,369,0,74,712,0,369,65.48,133,2.3000000000000003
2023,10,5,9,0,28.900000000000002,86,819,579,0,86,819,0,579,52.97,137,2.1
2023,10,5,10,0,29.200000000000003,86,888,749,0,86,888,0,749,41.75,131,1.8
2023,10,5,11,0,29.6,90,915,855,0,90,915,0,855,33.2,124,1.5
2023,10,5,12,0,29.8,91,923,892,0,91,923,0,892,29.77,91,0.9
2023,10,5,13,0,30,87,918,856,0,87,918,0,856,33.1,40,1.1
2023,10,5,14,0,30,82,895,751,3,391,127,0,486,41.59,38,1.5
2023,10,5,15,0,29.900000000000002,74,847,587,2,318,100,0,378,52.78,47,1.9000000000000001
2023,10,5,16,0,29.6,62,755,378,0,62,755,0,378,65.28,47,2.2
2023,10,5,17,0,29.200000000000003,42,554,153,0,42,554,0,153,78.4,47,2.3000000000000003
2023,10,5,18,0,28.700000000000003,0,0,0,0,0,0,0,0,91.95,45,2.1
2023,10,5,19,0,28.5,0,0,0,0,0,0,0,0,105.55,37,2
2023,10,5,20,0,28.3,0,0,0,0,0,0,0,0,119.10000000000001,27,1.9000000000000001
2023,10,5,21,0,28.1,0,0,0,0,0,0,0,0,132.36,21,1.8
2023,10,5,22,0,27.900000000000002,0,0,0,0,0,0,0,0,144.87,20,1.6
2023,10,5,23,0,27.8,0,0,0,0,0,0,0,0,155.32,19,1.5
2023,10,6,0,0,27.700000000000003,0,0,0,0,0,0,1,0,160.05,23,1.3
2023,10,6,1,0,27.700000000000003,0,0,0,0,0,0,0,0,155.48,29,1.2000000000000002
2023,10,6,2,0,27.6,0,0,0,0,0,0,0,0,145.09,18,1.1
2023,10,6,3,0,27.6,0,0,0,0,0,0,0,0,132.61,357,1.2000000000000002
2023,10,6,4,0,27.6,0,0,0,0,0,0,0,0,119.36,342,1.2000000000000002
2023,10,6,5,0,27.6,0,0,0,0,0,0,0,0,105.83,339,1.1
2023,10,6,6,0,27.6,0,0,0,0,0,0,0,0,92.24,339,0.9
2023,10,6,7,0,28,38,581,152,0,38,581,0,152,78.71000000000001,327,0.9
2023,10,6,8,0,28.3,56,779,378,0,56,779,0,378,65.61,318,1
2023,10,6,9,0,28.700000000000003,66,868,587,2,260,382,0,489,53.14,311,1.2000000000000002
2023,10,6,10,0,29.1,82,901,751,8,194,605,0,644,41.980000000000004,308,1.3
2023,10,6,11,0,29.5,86,925,857,7,306,332,0,583,33.52,305,1.4000000000000001
2023,10,6,12,0,29.700000000000003,87,931,893,7,333,318,0,608,30.16,302,1.5
2023,10,6,13,0,29.900000000000002,88,920,856,3,408,82,0,476,33.480000000000004,303,1.8
2023,10,6,14,0,30,83,895,749,8,268,387,0,556,41.92,310,2
2023,10,6,15,0,30,76,845,584,8,12,0,7,12,53.07,321,2.1
2023,10,6,16,0,29.900000000000002,64,747,374,8,171,231,0,267,65.54,327,2.2
2023,10,6,17,0,29.5,43,535,149,0,43,535,0,149,78.64,331,2.2
2023,10,6,18,0,29,0,0,0,0,0,0,0,0,92.18,335,2
2023,10,6,19,0,28.8,0,0,0,0,0,0,0,0,105.78,340,1.8
2023,10,6,20,0,28.6,0,0,0,0,0,0,0,0,119.33,345,1.5
2023,10,6,21,0,28.5,0,0,0,0,0,0,0,0,132.61,351,1
2023,10,6,22,0,28.5,0,0,0,0,0,0,0,0,145.16,355,0.6000000000000001
2023,10,6,23,0,28.400000000000002,0,0,0,0,0,0,0,0,155.68,344,0.4
2023,10,7,0,0,28.3,0,0,0,0,0,0,1,0,160.44,326,0.5
2023,10,7,1,0,28.3,0,0,0,0,0,0,0,0,155.75,324,0.7000000000000001
2023,10,7,2,0,28.200000000000003,0,0,0,0,0,0,0,0,145.27,328,0.8
2023,10,7,3,0,28.200000000000003,0,0,0,0,0,0,0,0,132.73,335,0.9
2023,10,7,4,0,28.1,0,0,0,0,0,0,0,0,119.46000000000001,339,1
2023,10,7,5,0,28.1,0,0,0,0,0,0,0,0,105.92,335,1
2023,10,7,6,0,28.1,0,0,0,0,0,0,0,0,92.34,327,1.2000000000000002
2023,10,7,7,0,28.5,43,539,147,0,43,539,0,147,78.81,322,1.4000000000000001
2023,10,7,8,0,28.700000000000003,64,755,374,0,64,755,0,374,65.74,315,1.5
2023,10,7,9,0,29,75,854,585,0,75,854,0,585,53.31,304,1.5
2023,10,7,10,0,29.3,80,907,752,0,80,907,0,752,42.21,296,1.4000000000000001
2023,10,7,11,0,29.700000000000003,84,932,858,0,84,932,0,858,33.83,290,1.5
2023,10,7,12,0,30,86,937,893,2,454,174,0,604,30.54,291,1.8
2023,10,7,13,0,30.1,82,931,856,2,398,111,0,491,33.86,295,2
2023,10,7,14,0,30.200000000000003,79,904,748,1,79,904,0,748,42.25,302,2.2
2023,10,7,15,0,30.200000000000003,73,852,581,0,73,852,0,581,53.36,312,2.3000000000000003
2023,10,7,16,0,30.1,62,754,371,0,62,754,0,371,65.8,320,2.1
2023,10,7,17,0,29.700000000000003,42,539,146,0,42,539,0,146,78.87,327,1.7000000000000002
2023,10,7,18,0,29.3,0,0,0,0,0,0,0,0,92.41,335,1.2000000000000002
2023,10,7,19,0,29.200000000000003,0,0,0,0,0,0,0,0,106,344,0.8
2023,10,7,20,0,29.200000000000003,0,0,0,0,0,0,0,0,119.56,6,0.30000000000000004
2023,10,7,21,0,29.1,0,0,0,0,0,0,0,0,132.86,151,0.4
2023,10,7,22,0,29,0,0,0,0,0,0,0,0,145.45000000000002,165,0.8
2023,10,7,23,0,28.900000000000002,0,0,0,0,0,0,0,0,156.03,177,1
2023,10,8,0,0,28.8,0,0,0,0,0,0,1,0,160.82,188,1.1
2023,10,8,1,0,28.700000000000003,0,0,0,0,0,0,0,0,156.02,199,1.2000000000000002
2023,10,8,2,0,28.5,0,0,0,0,0,0,0,0,145.44,211,1.2000000000000002
2023,10,8,3,0,28.400000000000002,0,0,0,0,0,0,0,0,132.86,226,1.3
2023,10,8,4,0,28.3,0,0,0,0,0,0,0,0,119.56,228,1.3
2023,10,8,5,0,28.3,0,0,0,0,0,0,0,0,106.01,219,1.3
2023,10,8,6,0,28.3,0,0,0,0,0,0,0,0,92.43,213,1.5
2023,10,8,7,0,28.8,40,557,147,0,40,557,0,147,78.92,208,1.9000000000000001
2023,10,8,8,0,29.1,59,768,373,0,59,768,0,373,65.88,199,2.3000000000000003
2023,10,8,9,0,29.6,70,863,583,0,70,863,0,583,53.49,191,2.8000000000000003
2023,10,8,10,0,30,76,910,748,0,76,910,0,748,42.45,192,3.1
2023,10,8,11,0,30.400000000000002,80,933,852,2,437,177,0,583,34.15,201,3.1
2023,10,8,12,0,30.8,82,937,886,1,82,937,0,886,30.92,212,3
2023,10,8,13,0,31,86,922,848,1,86,922,0,848,34.230000000000004,225,2.8000000000000003
2023,10,8,14,0,31.1,83,893,740,0,83,893,0,740,42.58,238,2.5
2023,10,8,15,0,31.1,77,838,573,0,77,838,0,573,53.65,255,2.3000000000000003
2023,10,8,16,0,30.900000000000002,64,740,365,0,64,740,0,365,66.05,273,2
2023,10,8,17,0,30.5,43,520,141,0,43,520,0,141,79.11,291,1.8
2023,10,8,18,0,30.1,0,0,0,0,0,0,0,0,92.63,312,1.4000000000000001
2023,10,8,19,0,29.900000000000002,0,0,0,0,0,0,0,0,106.22,337,1.2000000000000002
2023,10,8,20,0,29.8,0,0,0,0,0,0,0,0,119.79,2,1.1
2023,10,8,21,0,29.6,0,0,0,0,0,0,0,0,133.11,27,1
2023,10,8,22,0,29.5,0,0,0,0,0,0,0,0,145.73,47,0.9
2023,10,8,23,0,29.3,0,0,0,1,0,0,0,0,156.38,54,0.9
2023,10,9,0,0,29.200000000000003,0,0,0,3,0,0,1,0,161.20000000000002,52,0.8
2023,10,9,1,0,29.1,0,0,0,0,0,0,0,0,156.29,35,0.6000000000000001
2023,10,9,2,0,28.900000000000002,0,0,0,0,0,0,0,0,145.61,5,0.4
2023,10,9,3,0,28.8,0,0,0,0,0,0,0,0,132.98,318,0.30000000000000004
2023,10,9,4,0,28.8,0,0,0,0,0,0,0,0,119.66,287,0.2
2023,10,9,5,0,28.8,0,0,0,0,0,0,0,0,106.11,180,0.30000000000000004
2023,10,9,6,0,28.900000000000002,0,0,0,0,0,0,0,0,92.53,168,0.7000000000000001
2023,10,9,7,0,29.3,43,515,141,0,43,515,0,141,79.03,169,1.2000000000000002
2023,10,9,8,0,29.6,65,733,364,0,65,733,0,364,66.01,173,1.9000000000000001
2023,10,9,9,0,30,78,830,570,7,156,588,0,504,53.660000000000004,184,2.3000000000000003
2023,10,9,10,0,30.400000000000002,87,880,734,0,87,880,0,734,42.68,199,2.5
2023,10,9,11,0,30.6,93,904,838,3,432,215,0,609,34.47,216,2.6
2023,10,9,12,0,30.8,95,911,873,2,449,181,0,604,31.3,229,2.6
2023,10,9,13,0,30.900000000000002,108,877,830,7,354,275,0,581,34.61,241,2.5
2023,10,9,14,0,30.8,103,849,725,7,314,276,0,516,42.910000000000004,257,2.6
2023,10,9,15,0,30.700000000000003,94,791,559,0,94,791,0,559,53.93,274,2.6
2023,10,9,16,0,30.400000000000002,78,682,352,0,78,682,0,352,66.3,286,2.6
2023,10,9,17,0,30,49,448,132,0,49,448,0,132,79.34,289,2.2
2023,10,9,18,0,29.6,0,0,0,1,0,0,0,0,92.85000000000001,285,1.6
2023,10,9,19,0,29.5,0,0,0,0,0,0,0,0,106.44,269,1.2000000000000002
2023,10,9,20,0,29.5,0,0,0,0,0,0,0,0,120.01,234,1
2023,10,9,21,0,29.400000000000002,0,0,0,0,0,0,0,0,133.35,204,1.4000000000000001
2023,10,9,22,0,29.200000000000003,0,0,0,0,0,0,0,0,146.01,196,1.7000000000000002
2023,10,9,23,0,29.1,0,0,0,0,0,0,0,0,156.73,196,1.8
2023,10,10,0,0,28.900000000000002,0,0,0,0,0,0,1,0,161.58,197,1.8
2023,10,10,1,0,28.8,0,0,0,0,0,0,0,0,156.56,198,1.8
2023,10,10,2,0,28.700000000000003,0,0,0,0,0,0,0,0,145.78,196,1.7000000000000002
2023,10,10,3,0,28.700000000000003,0,0,0,0,0,0,0,0,133.1,193,1.5
2023,10,10,4,0,28.700000000000003,0,0,0,0,0,0,0,0,119.76,190,1.5
2023,10,10,5,0,28.6,0,0,0,0,0,0,0,0,106.2,186,1.6
2023,10,10,6,0,28.700000000000003,0,0,0,0,0,0,0,0,92.63,184,1.8
2023,10,10,7,0,29,45,496,138,0,45,496,0,138,79.14,187,2
2023,10,10,8,0,29.3,68,721,359,0,68,721,0,359,66.15,191,2.4000000000000004
2023,10,10,9,0,29.5,81,819,565,0,81,819,0,565,53.84,199,2.5
2023,10,10,10,0,29.8,100,850,723,0,100,850,0,723,42.92,208,2.6
2023,10,10,11,0,30.200000000000003,105,878,826,1,105,878,0,826,34.79,217,2.7
2023,10,10,12,0,30.5,106,888,862,3,445,160,0,581,31.68,225,2.6
2023,10,10,13,0,30.700000000000003,109,870,822,8,283,457,0,657,34.980000000000004,233,2.6
2023,10,10,14,0,30.8,102,844,717,0,102,844,0,717,43.24,243,2.5
2023,10,10,15,0,30.900000000000002,92,788,553,8,184,467,0,457,54.21,251,2.3000000000000003
2023,10,10,16,0,30.700000000000003,76,677,346,0,76,677,0,346,66.55,259,2
2023,10,10,17,0,30.400000000000002,49,433,127,3,67,1,0,67,79.57000000000001,261,1.7000000000000002
2023,10,10,18,0,30,0,0,0,7,0,0,0,0,93.07000000000001,259,1.4000000000000001
2023,10,10,19,0,29.900000000000002,0,0,0,8,0,0,0,0,106.65,249,1.1
2023,10,10,20,0,29.8,0,0,0,7,0,0,0,0,120.23,228,0.9
2023,10,10,21,0,29.6,0,0,0,0,0,0,0,0,133.59,204,0.9
2023,10,10,22,0,29.5,0,0,0,7,0,0,0,0,146.29,184,1.1
2023,10,10,23,0,29.3,0,0,0,0,0,0,0,0,157.07,177,1.5
2023,10,11,0,0,29.200000000000003,0,0,0,0,0,0,1,0,161.96,173,1.7000000000000002
2023,10,11,1,0,29.1,0,0,0,8,0,0,0,0,156.82,173,2
2023,10,11,2,0,29,0,0,0,1,0,0,0,0,145.95000000000002,173,2.1
2023,10,11,3,0,28.900000000000002,0,0,0,7,0,0,0,0,133.22,171,2.3000000000000003
2023,10,11,4,0,28.900000000000002,0,0,0,1,0,0,0,0,119.86,170,2.6
2023,10,11,5,0,28.900000000000002,0,0,0,3,0,0,0,0,106.3,172,2.8000000000000003
2023,10,11,6,0,29,0,0,0,7,0,0,0,0,92.73,176,3
2023,10,11,7,0,29.200000000000003,50,426,130,8,90,54,0,100,79.26,181,3.5
2023,10,11,8,0,29.400000000000002,79,664,346,7,155,304,0,277,66.29,188,3.9000000000000004
2023,10,11,9,0,29.5,95,775,550,8,261,154,0,352,54.02,196,4.2
2023,10,11,10,0,29.6,95,850,715,5,377,122,0,466,43.160000000000004,204,4.3
2023,10,11,11,0,29.700000000000003,99,880,818,3,422,219,0,601,35.11,212,4.3
2023,10,11,12,0,29.700000000000003,99,890,853,8,349,294,0,599,32.06,217,4.4
2023,10,11,13,0,29.700000000000003,107,865,813,3,377,39,0,409,35.35,222,4.2
2023,10,11,14,0,29.700000000000003,97,846,710,7,281,64,0,327,43.56,227,3.8000000000000003
2023,10,11,15,0,29.700000000000003,84,799,548,7,216,311,0,397,54.49,232,3.1
2023,10,11,16,0,29.6,68,701,344,3,126,1,0,127,66.8,235,2.3000000000000003
2023,10,11,17,0,29.400000000000002,43,470,126,8,83,129,0,106,79.79,223,1.4000000000000001
2023,10,11,18,0,29.3,0,0,0,8,0,0,0,0,93.29,182,1
2023,10,11,19,0,29.200000000000003,0,0,0,8,0,0,0,0,106.87,152,1.5
2023,10,11,20,0,29.200000000000003,0,0,0,7,0,0,0,0,120.45,144,2.1
2023,10,11,21,0,29.1,0,0,0,7,0,0,0,0,133.82,143,2.7
2023,10,11,22,0,29.1,0,0,0,7,0,0,0,0,146.56,144,3.2
2023,10,11,23,0,29,0,0,0,7,0,0,0,0,157.41,149,3.7
2023,10,12,0,0,28.900000000000002,0,0,0,7,0,0,1,0,162.33,154,4.2
2023,10,12,1,0,28.900000000000002,0,0,0,7,0,0,0,0,157.08,161,4.5
2023,10,12,2,0,28.8,0,0,0,7,0,0,0,0,146.12,168,4.9
2023,10,12,3,0,28.900000000000002,0,0,0,7,0,0,0,0,133.34,174,5.1000000000000005
2023,10,12,4,0,28.900000000000002,0,0,0,7,0,0,0,0,119.96000000000001,180,5.2
2023,10,12,5,0,29,0,0,0,7,0,0,0,0,106.39,184,5.300000000000001
2023,10,12,6,0,29.200000000000003,0,0,0,7,0,0,0,0,92.83,189,5.300000000000001
2023,10,12,7,0,29.8,47,462,132,6,24,0,0,24,79.37,192,5.800000000000001
2023,10,12,8,0,30.200000000000003,75,686,349,7,166,279,0,278,66.43,196,6.2
2023,10,12,9,0,30.5,94,783,552,8,164,563,0,493,54.2,200,6.4
2023,10,12,10,0,30.8,105,837,713,7,314,123,0,403,43.410000000000004,203,6.5
2023,10,12,11,0,30.900000000000002,113,861,814,8,342,301,0,588,35.43,206,6.4
2023,10,12,12,0,31,116,867,848,7,355,292,0,602,32.43,209,6.300000000000001
2023,10,12,13,0,31,120,847,808,7,315,314,0,570,35.72,211,6.1000000000000005
2023,10,12,14,0,31,112,821,704,7,282,323,0,515,43.88,213,5.7
2023,10,12,15,0,30.900000000000002,100,763,541,7,246,118,0,314,54.77,214,5.300000000000001
2023,10,12,16,0,30.700000000000003,82,648,335,7,138,422,0,302,67.05,215,4.800000000000001
2023,10,12,17,0,30.400000000000002,51,386,118,7,83,55,0,92,80.02,215,4.2
2023,10,12,18,0,30,0,0,0,7,0,0,0,0,93.5,213,3.9000000000000004
2023,10,12,19,0,29.900000000000002,0,0,0,7,0,0,0,0,107.07000000000001,208,3.8000000000000003
2023,10,12,20,0,29.900000000000002,0,0,0,7,0,0,0,0,120.66,201,3.9000000000000004
2023,10,12,21,0,29.8,0,0,0,7,0,0,0,0,134.05,195,4.3
2023,10,12,22,0,29.8,0,0,0,7,0,0,0,0,146.83,193,4.7
2023,10,12,23,0,29.900000000000002,0,0,0,7,0,0,0,0,157.75,195,5.2
2023,10,13,0,0,29.900000000000002,0,0,0,7,0,0,1,0,162.71,200,5.7
2023,10,13,1,0,29.900000000000002,0,0,0,7,0,0,0,0,157.34,209,6.1000000000000005
2023,10,13,2,0,29.8,0,0,0,7,0,0,0,0,146.28,217,6.5
2023,10,13,3,0,29.700000000000003,0,0,0,6,0,0,0,0,133.46,223,6.6000000000000005
2023,10,13,4,0,29.6,0,0,0,6,0,0,0,0,120.06,229,6.4
2023,10,13,5,0,29.6,0,0,0,7,0,0,0,0,106.49000000000001,232,6.1000000000000005
2023,10,13,6,0,29.6,0,0,0,7,0,0,0,0,92.93,232,5.6000000000000005
2023,10,13,7,0,29.8,58,351,122,8,91,136,0,116,79.49,231,5.5
2023,10,13,8,0,30,92,615,337,7,150,372,0,298,66.57000000000001,228,5.6000000000000005
2023,10,13,9,0,30.200000000000003,108,744,542,7,144,564,0,473,54.39,227,5.6000000000000005
2023,10,13,10,0,30.400000000000002,107,832,709,7,239,446,0,562,43.65,227,5.6000000000000005
2023,10,13,11,0,30.6,112,864,813,7,212,626,1,720,35.75,230,5.6000000000000005
2023,10,13,12,0,30.700000000000003,112,876,848,7,271,516,0,705,32.81,232,5.4
2023,10,13,13,0,30.8,109,869,811,0,109,869,0,811,36.08,236,5.300000000000001
2023,10,13,14,0,30.900000000000002,103,841,706,0,103,841,0,706,44.2,241,5.1000000000000005
2023,10,13,15,0,31,92,783,541,7,161,588,0,497,55.050000000000004,245,4.7
2023,10,13,16,0,30.900000000000002,76,665,333,7,146,341,0,277,67.3,249,4.5
2023,10,13,17,0,30.5,48,404,116,7,81,70,0,93,80.24,252,4.1000000000000005
2023,10,13,18,0,30.1,0,0,0,7,0,0,0,0,93.71000000000001,256,3.9000000000000004
2023,10,13,19,0,30,0,0,0,7,0,0,0,0,107.28,258,3.6
2023,10,13,20,0,29.8,0,0,0,7,0,0,0,0,120.87,256,3.4000000000000004
2023,10,13,21,0,29.6,0,0,0,7,0,0,0,0,134.27,253,3.2
2023,10,13,22,0,29.400000000000002,0,0,0,0,0,0,0,0,147.09,248,3.1
2023,10,13,23,0,29.3,0,0,0,0,0,0,0,0,158.08,244,3.2
2023,10,14,0,0,29.1,0,0,0,0,0,0,0,0,163.08,243,3.3000000000000003
2023,10,14,1,0,29,0,0,0,7,0,0,0,0,157.59,243,3.6
2023,10,14,2,0,29,0,0,0,0,0,0,0,0,146.44,244,3.8000000000000003
2023,10,14,3,0,28.900000000000002,0,0,0,8,0,0,0,0,133.58,245,3.9000000000000004
2023,10,14,4,0,28.8,0,0,0,8,0,0,0,0,120.16,246,3.9000000000000004
2023,10,14,5,0,28.8,0,0,0,8,0,0,0,0,106.58,247,3.9000000000000004
2023,10,14,6,0,28.900000000000002,0,0,0,3,0,0,0,0,93.04,248,3.9000000000000004
2023,10,14,7,0,29.3,50,426,126,8,84,181,0,116,79.61,250,4.3
2023,10,14,8,0,29.6,78,673,344,0,78,673,0,344,66.72,252,4.6000000000000005
2023,10,14,9,0,29.8,94,783,548,0,94,783,0,548,54.57,255,4.800000000000001
2023,10,14,10,0,30.1,102,842,709,0,102,842,0,709,43.9,257,5.1000000000000005
2023,10,14,11,0,30.200000000000003,106,872,811,0,106,872,0,811,36.07,260,5.5
2023,10,14,12,0,30.200000000000003,108,877,843,0,108,877,0,843,33.18,263,5.800000000000001
2023,10,14,13,0,30.1,96,884,808,8,144,705,0,710,36.45,264,5.9
2023,10,14,14,0,30,93,853,701,7,263,334,0,501,44.52,262,5.9
2023,10,14,15,0,29.8,86,790,535,7,186,396,0,411,55.33,258,5.9
2023,10,14,16,0,29.700000000000003,73,668,328,0,73,668,0,328,67.54,255,6
2023,10,14,17,0,29.5,47,390,112,0,47,390,0,112,80.46000000000001,254,5.9
2023,10,14,18,0,29.400000000000002,0,0,0,0,0,0,0,0,93.92,253,5.800000000000001
2023,10,14,19,0,29.400000000000002,0,0,0,1,0,0,0,0,107.48,253,5.9
2023,10,14,20,0,29.400000000000002,0,0,0,1,0,0,0,0,121.07000000000001,252,5.9
2023,10,14,21,0,29.400000000000002,0,0,0,0,0,0,0,0,134.5,251,6
2023,10,14,22,0,29.400000000000002,0,0,0,0,0,0,0,0,147.35,251,6.2
2023,10,14,23,0,29.3,0,0,0,7,0,0,0,0,158.41,251,6.300000000000001
2023,10,15,0,0,29.3,0,0,0,7,0,0,0,0,163.45000000000002,253,6.5
2023,10,15,1,0,29.200000000000003,0,0,0,3,0,0,0,0,157.84,256,6.5
2023,10,15,2,0,29.1,0,0,0,7,0,0,0,0,146.6,260,6.4
2023,10,15,3,0,29.1,0,0,0,6,0,0,0,0,133.69,266,6.4
2023,10,15,4,0,29,0,0,0,3,0,0,0,0,120.26,272,6.1000000000000005
2023,10,15,5,0,29,0,0,0,7,0,0,0,0,106.68,279,5.9
2023,10,15,6,0,28.900000000000002,0,0,0,3,0,0,0,0,93.14,286,5.6000000000000005
2023,10,15,7,0,29,51,393,121,3,43,0,0,43,79.73,292,5.5
2023,10,15,8,0,29.1,80,652,336,5,13,0,0,13,66.87,297,5.300000000000001
2023,10,15,9,0,29.3,96,769,540,3,24,0,0,24,54.76,299,4.800000000000001
2023,10,15,10,0,29.400000000000002,110,821,699,3,341,52,0,378,44.15,298,4.4
2023,10,15,11,0,29.6,115,851,801,8,318,31,0,344,36.39,291,3.9000000000000004
2023,10,15,12,0,29.6,118,858,834,3,347,6,0,352,33.55,281,3.7
2023,10,15,13,0,29.5,118,844,794,3,322,4,0,325,36.81,270,3.7
2023,10,15,14,0,29.3,111,813,688,3,184,0,0,184,44.84,259,3.9000000000000004
2023,10,15,15,0,29.1,99,753,525,7,137,4,0,139,55.6,252,4
2023,10,15,16,0,28.900000000000002,80,637,321,3,16,0,0,16,67.78,248,4.2
2023,10,15,17,0,28.700000000000003,47,378,108,3,61,1,0,61,80.68,247,4.2
2023,10,15,18,0,28.6,0,0,0,8,0,0,0,0,94.12,246,4.3
2023,10,15,19,0,28.6,0,0,0,3,0,0,0,0,107.68,245,4.5
2023,10,15,20,0,28.6,0,0,0,3,0,0,0,0,121.27,244,4.7
2023,10,15,21,0,28.5,0,0,0,1,0,0,0,0,134.71,244,4.9
2023,10,15,22,0,28.6,0,0,0,3,0,0,0,0,147.6,247,5.300000000000001
2023,10,15,23,0,28.6,0,0,0,3,0,0,0,0,158.74,252,5.5
2023,10,16,0,0,28.5,0,0,0,3,0,0,0,0,163.82,261,5.800000000000001
2023,10,16,1,0,28.3,0,0,0,3,0,0,0,0,158.09,273,6.1000000000000005
2023,10,16,2,0,27.900000000000002,0,0,0,3,0,0,0,0,146.75,286,6.5
2023,10,16,3,0,27.5,0,0,0,8,0,0,0,0,133.81,298,6.9
2023,10,16,4,0,26.900000000000002,0,0,0,6,0,0,0,0,120.36,305,7.1000000000000005
2023,10,16,5,0,26.5,0,0,0,3,0,0,0,0,106.78,308,7
2023,10,16,6,0,26.3,0,0,0,3,0,0,0,0,93.25,309,6.7
2023,10,16,7,0,26.400000000000002,58,334,117,1,58,334,0,117,79.85000000000001,310,6.9
2023,10,16,8,0,26.5,91,616,332,0,91,616,0,332,67.01,309,7
2023,10,16,9,0,26.6,105,754,538,3,156,0,0,156,54.95,308,7.1000000000000005
2023,10,16,10,0,26.700000000000003,97,855,708,0,97,855,0,708,44.4,306,7
2023,10,16,11,0,26.8,102,884,811,1,102,884,0,811,36.71,305,6.9
2023,10,16,12,0,26.8,105,889,843,3,363,12,0,373,33.92,305,6.800000000000001
2023,10,16,13,0,26.8,101,882,804,3,418,145,0,534,37.17,305,6.7
2023,10,16,14,0,26.700000000000003,97,850,697,3,288,6,0,292,45.15,305,6.7
2023,10,16,15,0,26.5,90,785,530,1,90,785,0,530,55.870000000000005,305,6.7
2023,10,16,16,0,26.3,74,666,324,1,74,666,0,324,68.02,305,6.4
2023,10,16,17,0,26,44,406,108,0,44,406,0,108,80.89,304,5.800000000000001
2023,10,16,18,0,25.6,0,0,0,0,0,0,0,0,94.33,305,5.1000000000000005
2023,10,16,19,0,25.5,0,0,0,3,0,0,0,0,107.88,306,4.6000000000000005
2023,10,16,20,0,25.400000000000002,0,0,0,1,0,0,0,0,121.47,305,4.2
2023,10,16,21,0,25.400000000000002,0,0,0,2,0,0,0,0,134.92000000000002,305,3.9000000000000004
2023,10,16,22,0,25.400000000000002,0,0,0,1,0,0,0,0,147.84,305,4
2023,10,16,23,0,25.3,0,0,0,3,0,0,0,0,159.05,308,4.3
2023,10,17,0,0,25.200000000000003,0,0,0,3,0,0,0,0,164.18,312,4.5
2023,10,17,1,0,25.200000000000003,0,0,0,3,0,0,0,0,158.33,315,4.9
2023,10,17,2,0,25.1,0,0,0,1,0,0,0,0,146.91,317,5.2
2023,10,17,3,0,24.900000000000002,0,0,0,3,0,0,0,0,133.93,319,5.5
2023,10,17,4,0,24.700000000000003,0,0,0,3,0,0,0,0,120.46000000000001,320,5.7
2023,10,17,5,0,24.6,0,0,0,3,0,0,0,0,106.88,322,5.7
2023,10,17,6,0,24.5,0,0,0,3,0,0,0,0,93.35000000000001,323,5.4
2023,10,17,7,0,24.8,51,400,120,3,33,0,0,33,79.97,324,5.300000000000001
2023,10,17,8,0,25,81,658,336,3,112,1,0,113,67.17,325,5
2023,10,17,9,0,25.200000000000003,97,774,540,3,175,1,0,176,55.15,326,4.6000000000000005
2023,10,17,10,0,25.400000000000002,96,859,706,3,259,2,0,261,44.65,325,4
2023,10,17,11,0,25.6,101,885,808,3,198,0,0,198,37.03,321,3.5
2023,10,17,12,0,25.700000000000003,104,892,841,3,191,0,0,191,34.29,316,3.3000000000000003
2023,10,17,13,0,25.700000000000003,103,880,801,3,286,1,0,287,37.52,312,3.4000000000000004
2023,10,17,14,0,25.700000000000003,98,849,693,3,186,0,0,187,45.46,311,3.6
2023,10,17,15,0,25.6,88,788,527,4,128,0,0,128,56.14,314,3.7
2023,10,17,16,0,25.400000000000002,69,684,323,8,114,11,7,118,68.25,319,3.7
2023,10,17,17,0,25.3,42,420,107,8,34,1,7,34,81.10000000000001,326,3.4000000000000004
2023,10,17,18,0,25.1,0,0,0,4,0,0,0,0,94.52,334,3
2023,10,17,19,0,25.1,0,0,0,4,0,0,0,0,108.07000000000001,342,2.8000000000000003
2023,10,17,20,0,25.200000000000003,0,0,0,8,0,0,0,0,121.66,350,2.6
2023,10,17,21,0,25.200000000000003,0,0,0,5,0,0,0,0,135.13,358,2.6
2023,10,17,22,0,25.200000000000003,0,0,0,1,0,0,0,0,148.09,5,2.7
2023,10,17,23,0,25.1,0,0,0,2,0,0,0,0,159.37,11,3
2023,10,18,0,0,25.1,0,0,0,1,0,0,0,0,164.55,16,3.3000000000000003
2023,10,18,1,0,25.1,0,0,0,1,0,0,0,0,158.57,21,3.7
2023,10,18,2,0,25.1,0,0,0,1,0,0,0,0,147.06,28,3.9000000000000004
2023,10,18,3,0,25.1,0,0,0,1,0,0,0,0,134.04,34,4.1000000000000005
2023,10,18,4,0,25.200000000000003,0,0,0,1,0,0,0,0,120.56,37,4.3
2023,10,18,5,0,25.200000000000003,0,0,0,1,0,0,0,0,106.98,40,4.4
2023,10,18,6,0,25.3,0,0,0,0,0,0,0,0,93.46000000000001,42,4.5
2023,10,18,7,0,25.8,42,496,127,3,51,1,0,51,80.09,43,5
2023,10,18,8,0,26.1,65,736,349,3,173,15,0,179,67.32000000000001,44,5.300000000000001
2023,10,18,9,0,26.400000000000002,77,844,557,0,77,844,0,557,55.34,44,5.4
2023,10,18,10,0,26.6,84,899,720,1,84,899,0,720,44.9,45,5.300000000000001
2023,10,18,11,0,26.900000000000002,89,924,823,3,371,35,0,399,37.35,43,5.2
2023,10,18,12,0,27.1,90,931,856,3,227,0,0,227,34.65,40,5.1000000000000005
2023,10,18,13,0,27.3,97,908,813,1,97,908,0,813,37.88,36,5.1000000000000005
2023,10,18,14,0,27.5,92,878,704,2,352,282,0,549,45.77,34,5.300000000000001
2023,10,18,15,0,27.5,83,818,536,3,34,0,0,34,56.4,34,5.6000000000000005
2023,10,18,16,0,27.400000000000002,68,704,326,3,161,12,0,165,68.48,37,5.800000000000001
2023,10,18,17,0,27.1,41,432,106,3,28,0,7,28,81.31,41,5.6000000000000005
2023,10,18,18,0,26.700000000000003,0,0,0,3,0,0,0,0,94.72,44,5.5
2023,10,18,19,0,26.700000000000003,0,0,0,3,0,0,0,0,108.25,47,5.5
2023,10,18,20,0,26.700000000000003,0,0,0,3,0,0,0,0,121.85000000000001,50,5.6000000000000005
2023,10,18,21,0,26.6,0,0,0,3,0,0,0,0,135.33,52,5.7
2023,10,18,22,0,26.5,0,0,0,3,0,0,0,0,148.32,54,5.7
2023,10,18,23,0,26.400000000000002,0,0,0,3,0,0,0,0,159.68,54,5.6000000000000005
2023,10,19,0,0,26.3,0,0,0,3,0,0,0,0,164.91,53,5.4
2023,10,19,1,0,26.1,0,0,0,3,0,0,0,0,158.81,52,5.2
2023,10,19,2,0,26.1,0,0,0,3,0,0,0,0,147.21,51,5
2023,10,19,3,0,26,0,0,0,3,0,0,0,0,134.15,50,4.800000000000001
2023,10,19,4,0,26,0,0,0,0,0,0,0,0,120.66,48,4.7
2023,10,19,5,0,26,0,0,0,3,0,0,0,0,107.08,47,4.6000000000000005
2023,10,19,6,0,26,0,0,0,0,0,0,0,0,93.57000000000001,47,4.7
2023,10,19,7,0,26.6,43,460,121,3,28,0,0,28,80.22,49,5.1000000000000005
2023,10,19,8,0,26.900000000000002,69,703,338,3,76,0,0,76,67.47,49,5.2
2023,10,19,9,0,27.1,83,809,540,1,83,809,0,540,55.54,49,5.300000000000001
2023,10,19,10,0,27.400000000000002,88,872,703,1,88,872,0,703,45.15,50,5.300000000000001
2023,10,19,11,0,27.6,93,896,802,0,93,896,0,802,37.67,49,5
2023,10,19,12,0,27.700000000000003,95,902,833,1,95,902,0,833,35.02,45,4.800000000000001
2023,10,19,13,0,27.8,111,861,787,3,405,122,0,500,38.230000000000004,43,4.7
2023,10,19,14,0,27.8,106,825,678,3,363,106,0,436,46.08,40,4.6000000000000005
2023,10,19,15,0,27.8,95,761,513,7,175,452,0,423,56.67,38,4.5
2023,10,19,16,0,27.6,78,634,308,7,170,159,0,228,68.71000000000001,36,4.4
2023,10,19,17,0,27.400000000000002,45,351,97,7,58,10,7,59,81.51,36,4.2
2023,10,19,18,0,27.1,0,0,0,7,0,0,0,0,94.91,36,3.9000000000000004
2023,10,19,19,0,27.1,0,0,0,7,0,0,0,0,108.44,35,3.8000000000000003
2023,10,19,20,0,27,0,0,0,8,0,0,0,0,122.04,38,3.5
2023,10,19,21,0,26.900000000000002,0,0,0,7,0,0,0,0,135.53,40,3.3000000000000003
2023,10,19,22,0,26.8,0,0,0,7,0,0,0,0,148.55,37,3
2023,10,19,23,0,26.700000000000003,0,0,0,7,0,0,0,0,159.98,31,2.8000000000000003
2023,10,20,0,0,26.700000000000003,0,0,0,7,0,0,0,0,165.26,22,2.8000000000000003
2023,10,20,1,0,26.6,0,0,0,7,0,0,0,0,159.04,13,3
2023,10,20,2,0,26.6,0,0,0,7,0,0,0,0,147.36,10,3.3000000000000003
2023,10,20,3,0,26.400000000000002,0,0,0,7,0,0,0,0,134.27,9,3.5
2023,10,20,4,0,26.3,0,0,0,6,0,0,0,0,120.77,6,3.7
2023,10,20,5,0,26.1,0,0,0,6,0,0,0,0,107.18,5,3.9000000000000004
2023,10,20,6,0,26,0,0,0,7,0,0,0,0,93.68,10,4
2023,10,20,7,0,26,44,435,117,6,16,0,0,16,80.35000000000001,21,4.1000000000000005
2023,10,20,8,0,26.200000000000003,67,698,333,6,35,0,0,36,67.63,31,4.3
2023,10,20,9,0,26.3,78,812,536,6,54,0,0,54,55.730000000000004,37,4.2
2023,10,20,10,0,26.400000000000002,89,863,695,6,105,0,0,106,45.4,41,3.8000000000000003
2023,10,20,11,0,26.5,92,895,797,6,156,1,0,157,37.99,42,3.6
2023,10,20,12,0,26.5,91,906,830,7,236,5,0,240,35.38,37,3
2023,10,20,13,0,26.400000000000002,90,897,791,6,209,4,0,212,38.57,20,2.1
2023,10,20,14,0,26.3,83,872,684,6,159,2,0,161,46.38,36,2
2023,10,20,15,0,26.3,72,822,520,6,186,16,0,195,56.93,51,2.2
2023,10,20,16,0,26.3,58,715,315,6,68,1,0,69,68.94,60,2
2023,10,20,17,0,26.1,34,466,101,7,13,0,7,13,81.71000000000001,68,1.8
2023,10,20,18,0,25.900000000000002,0,0,0,7,0,0,0,0,95.10000000000001,77,1.7000000000000002
2023,10,20,19,0,25.900000000000002,0,0,0,7,0,0,0,0,108.62,90,1.5
2023,10,20,20,0,25.900000000000002,0,0,0,8,0,0,0,0,122.22,112,1.3
2023,10,20,21,0,25.900000000000002,0,0,0,2,0,0,0,0,135.72,139,1.3
2023,10,20,22,0,25.8,0,0,0,1,0,0,0,0,148.77,167,1.3
2023,10,20,23,0,25.700000000000003,0,0,0,0,0,0,0,0,160.28,189,1.6
2023,10,21,0,0,25.6,0,0,0,0,0,0,0,0,165.62,203,2
2023,10,21,1,0,25.400000000000002,0,0,0,0,0,0,0,0,159.27,215,2.3000000000000003
2023,10,21,2,0,25.200000000000003,0,0,0,0,0,0,0,0,147.5,227,2.7
2023,10,21,3,0,25,0,0,0,0,0,0,0,0,134.38,239,2.9000000000000004
2023,10,21,4,0,24.700000000000003,0,0,0,0,0,0,0,0,120.87,249,3.1
2023,10,21,5,0,24.6,0,0,0,0,0,0,0,0,107.28,259,3.1
2023,10,21,6,0,24.6,0,0,0,1,0,0,0,0,93.79,269,3
2023,10,21,7,0,25.200000000000003,34,553,125,0,34,553,0,125,80.48,283,3.3000000000000003
2023,10,21,8,0,25.700000000000003,53,772,345,0,53,772,0,345,67.79,301,3.4000000000000004
2023,10,21,9,0,26.200000000000003,65,868,552,0,65,868,0,552,55.93,317,3.5
2023,10,21,10,0,26.6,74,919,716,0,74,919,0,716,45.660000000000004,329,3.6
2023,10,21,11,0,27,80,943,820,0,80,943,0,820,38.300000000000004,335,3.5
2023,10,21,12,0,27.400000000000002,84,951,855,0,84,951,0,855,35.730000000000004,338,3.2
2023,10,21,13,0,27.6,81,948,818,0,81,948,0,818,38.92,339,3
2023,10,21,14,0,27.8,78,921,710,0,78,921,0,710,46.68,340,2.7
2023,10,21,15,0,27.8,71,866,541,0,71,866,0,541,57.18,341,2.5
2023,10,21,16,0,27.700000000000003,59,758,329,0,59,758,0,329,69.16,343,2.3000000000000003
2023,10,21,17,0,27.200000000000003,35,492,105,0,35,492,0,105,81.91,342,1.8
2023,10,21,18,0,26.8,0,0,0,0,0,0,0,0,95.28,337,1.4000000000000001
2023,10,21,19,0,26.700000000000003,0,0,0,0,0,0,0,0,108.79,328,1.1
2023,10,21,20,0,26.5,0,0,0,0,0,0,0,0,122.39,315,0.9
2023,10,21,21,0,26.3,0,0,0,0,0,0,0,0,135.9,299,0.8
2023,10,21,22,0,26,0,0,0,1,0,0,0,0,148.99,290,0.8
2023,10,21,23,0,25.8,0,0,0,1,0,0,0,0,160.57,290,0.8
2023,10,22,0,0,25.6,0,0,0,1,0,0,0,0,165.97,297,0.9
2023,10,22,1,0,25.400000000000002,0,0,0,1,0,0,0,0,159.5,312,1.1
2023,10,22,2,0,25.200000000000003,0,0,0,1,0,0,0,0,147.65,323,1.3
2023,10,22,3,0,25.1,0,0,0,1,0,0,0,0,134.49,328,1.3
2023,10,22,4,0,25.1,0,0,0,1,0,0,0,0,120.97,337,1.2000000000000002
2023,10,22,5,0,25.1,0,0,0,1,0,0,0,0,107.38,353,1.1
2023,10,22,6,0,25.200000000000003,0,0,0,1,0,0,0,0,93.91,13,1
2023,10,22,7,0,25.6,41,514,124,0,41,514,0,124,80.61,35,1.1
2023,10,22,8,0,26,63,760,349,0,63,760,0,349,67.95,52,1.3
2023,10,22,9,0,26.400000000000002,75,868,558,0,75,868,0,558,56.13,67,1.5
2023,10,22,10,0,26.8,82,922,723,7,231,475,0,561,45.910000000000004,79,1.5
2023,10,22,11,0,27.3,86,945,824,7,236,514,0,638,38.62,73,1.1
2023,10,22,12,0,27.700000000000003,87,953,857,7,181,649,0,705,36.09,38,0.9
2023,10,22,13,0,28,85,942,814,7,237,515,0,636,39.26,9,1.1
2023,10,22,14,0,28.200000000000003,80,912,702,8,307,221,0,458,46.980000000000004,2,1.3
2023,10,22,15,0,28.3,71,857,533,7,187,439,0,424,57.44,2,1.5
2023,10,22,16,0,28.1,58,745,321,7,146,30,0,157,69.38,6,1.6
2023,10,22,17,0,27.700000000000003,34,476,100,7,64,26,7,67,82.10000000000001,13,1.5
2023,10,22,18,0,27.3,0,0,0,7,0,0,0,0,95.46000000000001,19,1.4000000000000001
2023,10,22,19,0,27.200000000000003,0,0,0,7,0,0,0,0,108.96000000000001,23,1.5
2023,10,22,20,0,27,0,0,0,8,0,0,0,0,122.56,23,1.4000000000000001
2023,10,22,21,0,26.900000000000002,0,0,0,1,0,0,0,0,136.08,20,1.3
2023,10,22,22,0,26.700000000000003,0,0,0,1,0,0,0,0,149.20000000000002,14,1.3
2023,10,22,23,0,26.5,0,0,0,1,0,0,0,0,160.86,7,1.5
2023,10,23,0,0,26.200000000000003,0,0,0,1,0,0,0,0,166.32,6,1.9000000000000001
2023,10,23,1,0,25.900000000000002,0,0,0,1,0,0,0,0,159.72,8,2.2
2023,10,23,2,0,25.700000000000003,0,0,0,1,0,0,0,0,147.79,11,2.5
2023,10,23,3,0,25.400000000000002,0,0,0,3,0,0,0,0,134.6,15,2.7
2023,10,23,4,0,25.3,0,0,0,8,0,0,0,0,121.07000000000001,16,2.7
2023,10,23,5,0,25.400000000000002,0,0,0,3,0,0,0,0,107.49000000000001,15,2.7
2023,10,23,6,0,25.6,0,0,0,1,0,0,0,0,94.02,17,2.6
2023,10,23,7,0,26.3,39,508,120,3,64,2,0,64,80.74,19,2.7
2023,10,23,8,0,26.700000000000003,62,747,340,8,146,358,0,279,68.11,23,2.8000000000000003
2023,10,23,9,0,27.1,74,852,546,0,74,852,0,546,56.33,31,2.7
2023,10,23,10,0,27.5,84,903,709,0,84,903,0,709,46.17,43,2.8000000000000003
2023,10,23,11,0,27.900000000000002,87,934,813,8,240,549,0,666,38.94,50,3.3000000000000003
2023,10,23,12,0,28.1,87,943,846,0,87,943,0,846,36.44,51,3.7
2023,10,23,13,0,28.3,85,936,807,0,85,936,0,807,39.59,50,4.2
2023,10,23,14,0,28.200000000000003,82,904,696,0,82,904,0,696,47.27,50,4.7
2023,10,23,15,0,28.1,76,845,527,0,76,845,0,527,57.69,50,5.2
2023,10,23,16,0,27.8,63,725,315,0,63,725,0,315,69.60000000000001,50,5.4
2023,10,23,17,0,27.400000000000002,37,437,96,0,37,437,0,96,82.29,51,5.1000000000000005
2023,10,23,18,0,27.1,0,0,0,0,0,0,0,0,95.64,53,5.1000000000000005
2023,10,23,19,0,27,0,0,0,0,0,0,0,0,109.13,56,5.2
2023,10,23,20,0,26.8,0,0,0,0,0,0,0,0,122.73,59,5.2
2023,10,23,21,0,26.6,0,0,0,0,0,0,0,0,136.26,61,5.2
2023,10,23,22,0,26.400000000000002,0,0,0,0,0,0,0,0,149.41,62,5.300000000000001
2023,10,23,23,0,26.3,0,0,0,0,0,0,0,0,161.14000000000001,62,5.4
2023,10,24,0,0,26.3,0,0,0,0,0,0,0,0,166.67000000000002,62,5.5
2023,10,24,1,0,26.3,0,0,0,0,0,0,0,0,159.94,61,5.6000000000000005
2023,10,24,2,0,26.400000000000002,0,0,0,0,0,0,0,0,147.93,60,5.7
2023,10,24,3,0,26.5,0,0,0,0,0,0,0,0,134.71,60,5.800000000000001
2023,10,24,4,0,26.5,0,0,0,3,0,0,0,0,121.17,61,5.7
2023,10,24,5,0,26.5,0,0,0,0,0,0,0,0,107.59,60,5.6000000000000005
2023,10,24,6,0,26.5,0,0,0,0,0,0,0,0,94.13,59,5.7
2023,10,24,7,0,27.1,49,400,112,0,49,400,0,112,80.87,59,6.1000000000000005
2023,10,24,8,0,27.5,78,680,330,0,78,680,0,330,68.27,61,6.6000000000000005
2023,10,24,9,0,27.8,90,809,537,0,90,809,0,537,56.54,63,6.800000000000001
2023,10,24,10,0,28.1,94,880,700,0,94,880,0,700,46.43,63,7
2023,10,24,11,0,28.200000000000003,105,892,796,1,105,892,0,796,39.25,62,7.4
2023,10,24,12,0,28.200000000000003,116,882,823,3,97,0,0,97,36.79,60,7.7
2023,10,24,13,0,28.200000000000003,116,867,781,3,419,141,0,528,39.93,58,8.1
2023,10,24,14,0,28,108,835,671,1,108,835,0,671,47.56,57,8.3
2023,10,24,15,0,27.6,103,748,500,1,103,748,0,500,57.93,56,8.5
2023,10,24,16,0,27.200000000000003,84,604,292,3,116,1,0,116,69.81,55,8.6
2023,10,24,17,0,26.8,45,287,83,3,55,1,7,55,82.48,56,8.5
2023,10,24,18,0,26.5,0,0,0,3,0,0,0,0,95.81,57,8.3
2023,10,24,19,0,26.3,0,0,0,3,0,0,0,0,109.29,58,8.200000000000001
2023,10,24,20,0,26.200000000000003,0,0,0,3,0,0,0,0,122.89,59,8
2023,10,24,21,0,26,0,0,0,3,0,0,0,0,136.43,60,7.800000000000001
2023,10,24,22,0,25.900000000000002,0,0,0,1,0,0,0,0,149.61,61,7.6000000000000005
2023,10,24,23,0,25.900000000000002,0,0,0,3,0,0,0,0,161.41,62,7.5
2023,10,25,0,0,25.900000000000002,0,0,0,0,0,0,0,0,167.01,63,7.5
2023,10,25,1,0,25.8,0,0,0,0,0,0,0,0,160.15,63,7.5
2023,10,25,2,0,25.700000000000003,0,0,0,0,0,0,0,0,148.07,64,7.4
2023,10,25,3,0,25.700000000000003,0,0,0,3,0,0,0,0,134.82,65,7.300000000000001
2023,10,25,4,0,25.700000000000003,0,0,0,3,0,0,0,0,121.27,66,7.2
2023,10,25,5,0,25.700000000000003,0,0,0,0,0,0,0,0,107.7,66,7.1000000000000005
2023,10,25,6,0,25.700000000000003,0,0,0,3,0,0,0,0,94.25,67,7
2023,10,25,7,0,26.200000000000003,50,369,108,3,29,0,0,29,81.01,67,7.2
2023,10,25,8,0,26.700000000000003,82,660,325,0,82,660,0,325,68.43,67,7.6000000000000005
2023,10,25,9,0,27,99,782,529,0,99,782,0,529,56.74,67,7.800000000000001
2023,10,25,10,0,27.400000000000002,95,875,696,0,95,875,0,696,46.68,68,7.9
2023,10,25,11,0,27.700000000000003,105,896,795,3,312,3,0,315,39.56,69,7.9
2023,10,25,12,0,27.900000000000002,113,890,822,0,113,890,0,822,37.14,68,8
2023,10,25,13,0,28,115,870,780,3,151,0,0,152,40.26,68,8.1
2023,10,25,14,0,27.900000000000002,117,816,665,1,117,816,0,665,47.85,67,8.200000000000001
2023,10,25,15,0,27.8,111,728,494,3,94,0,0,94,58.18,67,8.4
2023,10,25,16,0,27.400000000000002,88,590,289,2,171,18,0,177,70.02,67,8.5
2023,10,25,17,0,26.900000000000002,45,289,82,1,45,289,0,82,82.66,66,8.1
2023,10,25,18,0,26.5,0,0,0,3,0,0,0,0,95.98,65,7.7
2023,10,25,19,0,26.400000000000002,0,0,0,0,0,0,0,0,109.45,64,7.6000000000000005
2023,10,25,20,0,26.400000000000002,0,0,0,1,0,0,0,0,123.04,63,7.5
2023,10,25,21,0,26.400000000000002,0,0,0,0,0,0,0,0,136.59,63,7.4
2023,10,25,22,0,26.5,0,0,0,1,0,0,0,0,149.8,65,7.5
2023,10,25,23,0,26.400000000000002,0,0,0,3,0,0,0,0,161.68,68,7.800000000000001
2023,10,26,0,0,26.3,0,0,0,3,0,0,0,0,167.36,71,7.800000000000001
2023,10,26,1,0,26.200000000000003,0,0,0,3,0,0,0,0,160.36,72,7.7
2023,10,26,2,0,26.200000000000003,0,0,0,3,0,0,0,0,148.20000000000002,73,7.7
2023,10,26,3,0,26.200000000000003,0,0,0,3,0,0,0,0,134.93,73,7.7
2023,10,26,4,0,26.200000000000003,0,0,0,3,0,0,0,0,121.37,71,7.5
2023,10,26,5,0,26.1,0,0,0,3,0,0,0,0,107.8,69,7.2
2023,10,26,6,0,26.1,0,0,0,3,0,0,0,0,94.37,67,7
2023,10,26,7,0,26.700000000000003,51,365,108,3,56,1,0,56,81.14,67,7.2
2023,10,26,8,0,27.3,85,657,325,0,85,657,0,325,68.60000000000001,68,7.6000000000000005
2023,10,26,9,0,27.5,104,784,531,0,104,784,0,531,56.94,70,7.7
2023,10,26,10,0,27.700000000000003,101,876,699,0,101,876,0,699,46.94,73,7.7
2023,10,26,11,0,27.8,106,907,802,1,106,907,0,802,39.88,74,7.800000000000001
2023,10,26,12,0,27.900000000000002,107,913,832,0,107,913,0,832,37.480000000000004,75,7.9
2023,10,26,13,0,27.900000000000002,95,920,794,1,95,920,0,794,40.58,74,8
2023,10,26,14,0,27.700000000000003,93,881,681,0,93,881,0,681,48.13,72,8.200000000000001
2023,10,26,15,0,27.3,89,802,508,0,89,802,0,508,58.42,70,8.4
2023,10,26,16,0,27,79,637,294,3,16,0,0,16,70.23,69,8.3
2023,10,26,17,0,26.700000000000003,45,272,79,3,29,0,7,29,82.84,69,7.7
2023,10,26,18,0,26.5,0,0,0,3,0,0,0,0,96.14,70,7.300000000000001
2023,10,26,19,0,26.5,0,0,0,3,0,0,0,0,109.61,71,7.2
2023,10,26,20,0,26.400000000000002,0,0,0,3,0,0,0,0,123.2,72,7.2
2023,10,26,21,0,26.400000000000002,0,0,0,3,0,0,0,0,136.75,73,7
2023,10,26,22,0,26.3,0,0,0,3,0,0,0,0,149.99,74,6.800000000000001
2023,10,26,23,0,26.3,0,0,0,0,0,0,0,0,161.94,76,6.7
2023,10,27,0,0,26.200000000000003,0,0,0,1,0,0,0,0,167.69,77,6.5
2023,10,27,1,0,26.200000000000003,0,0,0,3,0,0,0,0,160.57,77,6.300000000000001
2023,10,27,2,0,26.200000000000003,0,0,0,1,0,0,0,0,148.34,74,6.2
2023,10,27,3,0,26.200000000000003,0,0,0,0,0,0,0,0,135.04,72,6.1000000000000005
2023,10,27,4,0,26.200000000000003,0,0,0,0,0,0,0,0,121.48,69,6
2023,10,27,5,0,26.200000000000003,0,0,0,0,0,0,0,0,107.91,66,5.9
2023,10,27,6,0,26.200000000000003,0,0,0,0,0,0,0,0,94.49,64,5.800000000000001
2023,10,27,7,0,26.8,49,367,105,0,49,367,0,105,81.28,63,6
2023,10,27,8,0,27.400000000000002,81,661,321,0,81,661,0,321,68.77,63,6.5
2023,10,27,9,0,27.700000000000003,99,786,526,0,99,786,0,526,57.15,63,6.6000000000000005
2023,10,27,10,0,27.900000000000002,106,859,690,0,106,859,0,690,47.19,63,6.7
2023,10,27,11,0,28,114,883,788,0,114,883,0,788,40.19,63,6.800000000000001
2023,10,27,12,0,28.1,116,890,820,0,116,890,0,820,37.82,62,6.800000000000001
2023,10,27,13,0,28.1,114,880,779,0,114,880,0,779,40.9,60,6.800000000000001
2023,10,27,14,0,28,106,847,669,0,106,847,0,669,48.410000000000004,59,6.9
2023,10,27,15,0,27.900000000000002,96,775,499,0,96,775,0,499,58.65,58,7
2023,10,27,16,0,27.6,79,629,290,0,79,629,0,290,70.43,58,7.1000000000000005
2023,10,27,17,0,27.1,43,281,77,0,43,281,0,77,83.02,58,6.9
2023,10,27,18,0,26.700000000000003,0,0,0,0,0,0,0,0,96.3,59,6.800000000000001
2023,10,27,19,0,26.6,0,0,0,0,0,0,0,0,109.76,61,6.9
2023,10,27,20,0,26.5,0,0,0,3,0,0,0,0,123.34,62,6.800000000000001
2023,10,27,21,0,26.400000000000002,0,0,0,3,0,0,0,0,136.9,64,6.7
2023,10,27,22,0,26.400000000000002,0,0,0,3,0,0,0,0,150.17000000000002,67,6.5
2023,10,27,23,0,26.3,0,0,0,0,0,0,0,0,162.19,70,6.5
2023,10,28,0,0,26.200000000000003,0,0,0,1,0,0,0,0,168.03,72,6.300000000000001
2023,10,28,1,0,26.200000000000003,0,0,0,3,0,0,0,0,160.78,73,6.2
2023,10,28,2,0,26.1,0,0,0,0,0,0,0,0,148.47,71,6.1000000000000005
2023,10,28,3,0,26.1,0,0,0,3,0,0,0,0,135.15,69,6.1000000000000005
2023,10,28,4,0,26.1,0,0,0,0,0,0,0,0,121.58,67,6.2
2023,10,28,5,0,26.1,0,0,0,0,0,0,0,0,108.02,65,6.2
2023,10,28,6,0,26.200000000000003,0,0,0,1,0,0,0,0,94.61,63,6.300000000000001
2023,10,28,7,0,26.6,48,364,102,3,55,1,0,55,81.42,63,6.800000000000001
2023,10,28,8,0,27.1,83,643,315,2,97,0,0,98,68.93,63,7.300000000000001
2023,10,28,9,0,27.3,107,754,514,1,107,754,0,514,57.36,63,7.6000000000000005
2023,10,28,10,0,27.6,91,881,687,1,91,881,0,687,47.45,62,7.7
2023,10,28,11,0,27.700000000000003,106,889,782,0,106,889,0,782,40.5,61,7.800000000000001
2023,10,28,12,0,27.8,120,876,808,0,120,876,0,808,38.15,59,7.9
2023,10,28,13,0,27.8,114,868,767,3,346,19,0,360,41.22,57,7.9
2023,10,28,14,0,27.8,116,815,654,0,116,815,0,654,48.69,56,8.1
2023,10,28,15,0,27.6,108,730,485,0,108,730,0,485,58.89,55,8.200000000000001
2023,10,28,16,0,27.400000000000002,85,586,280,1,85,586,0,280,70.63,56,8.1
2023,10,28,17,0,27,42,275,74,3,53,2,7,53,83.19,57,7.7
2023,10,28,18,0,26.6,0,0,0,1,0,0,0,0,96.46000000000001,58,7.4
2023,10,28,19,0,26.5,0,0,0,1,0,0,0,0,109.9,61,7.2
2023,10,28,20,0,26.5,0,0,0,1,0,0,0,0,123.48,62,7.1000000000000005
2023,10,28,21,0,26.400000000000002,0,0,0,3,0,0,0,0,137.05,64,6.9
2023,10,28,22,0,26.400000000000002,0,0,0,2,0,0,0,0,150.34,65,6.9
2023,10,28,23,0,26.400000000000002,0,0,0,0,0,0,0,0,162.43,66,6.800000000000001
2023,10,29,0,0,26.400000000000002,0,0,0,0,0,0,0,0,168.36,68,6.800000000000001
2023,10,29,1,0,26.400000000000002,0,0,0,0,0,0,0,0,160.98,68,6.7
2023,10,29,2,0,26.400000000000002,0,0,0,0,0,0,0,0,148.6,68,6.5
2023,10,29,3,0,26.3,0,0,0,0,0,0,0,0,135.26,68,6.4
2023,10,29,4,0,26.400000000000002,0,0,0,3,0,0,0,0,121.68,68,6.2
2023,10,29,5,0,26.400000000000002,0,0,0,0,0,0,0,0,108.13,67,6.1000000000000005
2023,10,29,6,0,26.400000000000002,0,0,0,0,0,0,0,0,94.73,66,6.2
2023,10,29,7,0,26.8,45,374,99,3,23,0,0,23,81.56,66,6.5
2023,10,29,8,0,27.200000000000003,75,659,310,3,55,0,0,55,69.10000000000001,67,6.6000000000000005
2023,10,29,9,0,27.5,89,791,513,3,280,58,0,311,57.56,69,6.6000000000000005
2023,10,29,10,0,27.700000000000003,94,862,674,0,94,862,0,674,47.71,69,6.5
2023,10,29,11,0,27.700000000000003,94,900,776,0,94,900,0,776,40.800000000000004,68,6.6000000000000005
2023,10,29,12,0,27.700000000000003,91,916,808,1,91,916,0,808,38.49,66,6.6000000000000005
2023,10,29,13,0,27.700000000000003,88,906,766,0,88,906,0,766,41.54,64,6.6000000000000005
2023,10,29,14,0,27.700000000000003,83,877,658,0,83,877,0,658,48.96,63,6.6000000000000005
2023,10,29,15,0,27.700000000000003,74,814,492,0,74,814,0,492,59.11,62,6.6000000000000005
2023,10,29,16,0,27.6,61,687,286,1,61,687,0,286,70.82000000000001,62,6.6000000000000005
2023,10,29,17,0,27.3,34,370,76,3,43,1,7,43,83.35000000000001,61,6.300000000000001
2023,10,29,18,0,27,0,0,0,1,0,0,0,0,96.61,60,6.1000000000000005
2023,10,29,19,0,26.900000000000002,0,0,0,0,0,0,0,0,110.04,59,6.2
2023,10,29,20,0,26.8,0,0,0,1,0,0,0,0,123.62,59,6.2
2023,10,29,21,0,26.700000000000003,0,0,0,0,0,0,0,0,137.19,60,6
2023,10,29,22,0,26.6,0,0,0,0,0,0,0,0,150.5,61,5.800000000000001
2023,10,29,23,0,26.6,0,0,0,0,0,0,0,0,162.67000000000002,63,5.5
2023,10,30,0,0,26.5,0,0,0,3,0,0,0,0,168.69,63,5.1000000000000005
2023,10,30,1,0,26.400000000000002,0,0,0,0,0,0,0,0,161.18,63,4.7
2023,10,30,2,0,26.3,0,0,0,0,0,0,0,0,148.73,61,4.3
2023,10,30,3,0,26.3,0,0,0,0,0,0,0,0,135.37,58,4
2023,10,30,4,0,26.200000000000003,0,0,0,1,0,0,0,0,121.79,52,3.7
2023,10,30,5,0,26.3,0,0,0,3,0,0,0,0,108.24000000000001,44,3.6
2023,10,30,6,0,26.3,0,0,0,3,0,0,0,0,94.85000000000001,36,3.6
2023,10,30,7,0,26.8,39,419,99,3,25,0,0,25,81.7,28,4
2023,10,30,8,0,27.1,63,692,308,3,76,0,0,76,69.27,22,4.2
2023,10,30,9,0,27.400000000000002,77,807,507,0,77,807,0,507,57.77,16,4.3
2023,10,30,10,0,27.6,82,869,664,1,82,869,0,664,47.96,12,4.4
2023,10,30,11,0,27.700000000000003,87,896,762,2,303,4,0,306,41.11,8,4.4
2023,10,30,12,0,27.700000000000003,88,902,791,1,88,902,0,791,38.81,3,4.5
2023,10,30,13,0,27.8,86,891,750,0,86,891,0,750,41.85,359,4.7
2023,10,30,14,0,27.8,83,858,643,0,83,858,0,643,49.22,356,4.800000000000001
2023,10,30,15,0,27.8,75,793,479,0,75,793,0,479,59.34,356,5
2023,10,30,16,0,27.700000000000003,61,660,276,0,61,660,0,276,71.01,356,5.1000000000000005
2023,10,30,17,0,27.400000000000002,33,339,71,0,33,339,0,71,83.52,356,4.9
2023,10,30,18,0,27.1,0,0,0,0,0,0,0,0,96.76,356,4.6000000000000005
2023,10,30,19,0,27,0,0,0,0,0,0,0,0,110.17,357,4.5
2023,10,30,20,0,26.900000000000002,0,0,0,0,0,0,0,0,123.75,359,4.3
2023,10,30,21,0,26.8,0,0,0,0,0,0,0,0,137.33,1,4.1000000000000005
2023,10,30,22,0,26.700000000000003,0,0,0,0,0,0,0,0,150.66,0,3.8000000000000003
2023,10,30,23,0,26.700000000000003,0,0,0,0,0,0,0,0,162.9,357,3.5
2023,10,31,0,0,26.6,0,0,0,0,0,0,0,0,169.01,351,3.3000000000000003
2023,10,31,1,0,26.6,0,0,0,1,0,0,0,0,161.37,344,3.2
2023,10,31,2,0,26.5,0,0,0,0,0,0,0,0,148.86,339,3.3000000000000003
2023,10,31,3,0,26.5,0,0,0,0,0,0,0,0,135.47,337,3.3000000000000003
2023,10,31,4,0,26.5,0,0,0,0,0,0,0,0,121.89,334,3.3000000000000003
2023,10,31,5,0,26.5,0,0,0,0,0,0,0,0,108.35000000000001,331,3
2023,10,31,6,0,26.5,0,0,0,0,0,0,0,0,94.98,326,2.8000000000000003
2023,10,31,7,0,27,35,447,98,0,35,447,0,98,81.84,322,3
2023,10,31,8,0,27.3,56,717,308,0,56,717,0,308,69.44,319,3
2023,10,31,9,0,27.5,66,830,506,0,66,830,0,506,57.980000000000004,314,3.1
2023,10,31,10,0,27.8,75,882,663,0,75,882,0,663,48.22,307,3
2023,10,31,11,0,27.900000000000002,77,913,761,0,77,913,0,761,41.410000000000004,302,3.1
2023,10,31,12,0,28,77,922,792,0,77,922,0,792,39.14,301,3.5
2023,10,31,13,0,28,75,913,752,0,75,913,0,752,42.15,301,3.6
2023,10,31,14,0,28,72,883,645,0,72,883,0,645,49.49,300,3.5
2023,10,31,15,0,27.900000000000002,64,823,482,0,64,823,0,482,59.56,300,3.4000000000000004
2023,10,31,16,0,27.8,53,703,279,0,53,703,0,279,71.2,299,3.2
2023,10,31,17,0,27.6,29,401,73,0,29,401,0,73,83.67,302,3
2023,10,31,18,0,27.400000000000002,0,0,0,0,0,0,0,0,96.9,306,2.8000000000000003
2023,10,31,19,0,27.3,0,0,0,0,0,0,0,0,110.3,311,2.7
2023,10,31,20,0,27.200000000000003,0,0,0,0,0,0,0,0,123.87,314,2.6
2023,10,31,21,0,27.1,0,0,0,0,0,0,0,0,137.46,315,2.5
2023,10,31,22,0,27,0,0,0,0,0,0,0,0,150.81,313,2.6
2023,10,31,23,0,26.900000000000002,0,0,0,0,0,0,0,0,163.12,311,2.8000000000000003
2023,11,1,0,0,26.8,0,0,0,0,0,0,0,0,169.33,310,3.1
2023,11,1,1,0,26.700000000000003,0,0,0,0,0,0,0,0,161.56,311,3.4000000000000004
2023,11,1,2,0,26.6,0,0,0,0,0,0,0,0,148.99,313,3.6
2023,11,1,3,0,26.5,0,0,0,0,0,0,0,0,135.58,317,3.9000000000000004
2023,11,1,4,0,26.400000000000002,0,0,0,0,0,0,0,0,122,321,4.1000000000000005
2023,11,1,5,0,26.3,0,0,0,0,0,0,0,0,108.46000000000001,325,4.3
2023,11,1,6,0,26.3,0,0,0,0,0,0,0,0,95.10000000000001,332,4.5
2023,11,1,7,0,26.700000000000003,34,449,97,0,34,449,0,97,81.98,338,5
2023,11,1,8,0,27,59,708,305,0,59,708,0,305,69.62,344,5.5
2023,11,1,9,0,27.200000000000003,72,817,503,0,72,817,0,503,58.19,349,5.7
2023,11,1,10,0,27.400000000000002,76,880,660,1,76,880,0,660,48.47,352,5.800000000000001
2023,11,1,11,0,27.6,82,904,757,0,82,904,0,757,41.71,355,6
2023,11,1,12,0,27.8,84,910,787,1,84,910,0,787,39.46,357,6.300000000000001
2023,11,1,13,0,28,86,894,746,3,341,37,0,368,42.45,358,6.7
2023,11,1,14,0,28,84,857,638,0,84,857,0,638,49.74,359,7.300000000000001
2023,11,1,15,0,28,80,778,472,0,80,778,0,472,59.77,0,7.9
2023,11,1,16,0,27.700000000000003,68,627,268,0,68,627,0,268,71.38,1,8.3
2023,11,1,17,0,27.3,35,284,65,0,35,284,0,65,83.83,2,8.1
2023,11,1,18,0,27,0,0,0,0,0,0,0,0,97.03,5,7.800000000000001
2023,11,1,19,0,26.900000000000002,0,0,0,0,0,0,0,0,110.43,9,7.7
2023,11,1,20,0,26.8,0,0,0,0,0,0,0,0,123.99000000000001,15,7.6000000000000005
2023,11,1,21,0,26.8,0,0,0,0,0,0,0,0,137.58,20,7.7
2023,11,1,22,0,26.6,0,0,0,0,0,0,0,0,150.96,26,8.1
2023,11,1,23,0,26.5,0,0,0,0,0,0,0,0,163.34,31,8.4
2023,11,2,0,0,26.3,0,0,0,0,0,0,0,0,169.65,34,8.5
2023,11,2,1,0,26.200000000000003,0,0,0,3,0,0,0,0,161.75,37,8.4
2023,11,2,2,0,26.1,0,0,0,3,0,0,0,0,149.12,39,8.3
2023,11,2,3,0,26,0,0,0,7,0,0,0,0,135.69,40,8.4
2023,11,2,4,0,25.900000000000002,0,0,0,8,0,0,0,0,122.11,39,8.5
2023,11,2,5,0,25.900000000000002,0,0,0,8,0,0,0,0,108.57000000000001,37,8.8
2023,11,2,6,0,25.900000000000002,0,0,0,8,0,0,0,0,95.23,36,9.3
2023,11,2,7,0,26,56,182,81,3,40,0,0,40,82.13,37,9.8
2023,11,2,8,0,26.3,110,484,277,3,56,0,0,56,69.79,39,10.200000000000001
2023,11,2,9,0,26.5,139,635,472,3,185,1,0,185,58.4,41,10.200000000000001
2023,11,2,10,0,26.700000000000003,156,713,626,3,103,0,0,103,48.730000000000004,43,10.200000000000001
2023,11,2,11,0,26.8,166,750,723,3,64,0,0,64,42.01,45,10.4
2023,11,2,12,0,26.900000000000002,168,761,753,8,358,109,0,442,39.78,46,10.5
2023,11,2,13,0,26.8,163,749,713,3,304,4,0,307,42.75,46,10.600000000000001
2023,11,2,14,0,26.700000000000003,154,702,606,3,234,1,0,235,50,45,10.700000000000001
2023,11,2,15,0,26.5,140,602,442,3,72,0,0,72,59.980000000000004,44,10.700000000000001
2023,11,2,16,0,26.3,108,429,244,3,29,0,0,29,71.55,44,10.8
2023,11,2,17,0,26,44,99,55,3,26,0,7,26,83.97,44,10.9
2023,11,2,18,0,25.900000000000002,0,0,0,3,0,0,0,0,97.17,44,10.9
2023,11,2,19,0,25.8,0,0,0,3,0,0,0,0,110.55,45,11
2023,11,2,20,0,25.8,0,0,0,3,0,0,0,0,124.10000000000001,46,11.100000000000001
2023,11,2,21,0,25.8,0,0,0,3,0,0,0,0,137.69,47,11.100000000000001
2023,11,2,22,0,25.700000000000003,0,0,0,3,0,0,0,0,151.09,48,10.9
2023,11,2,23,0,25.6,0,0,0,3,0,0,0,0,163.54,48,10.8
2023,11,3,0,0,25.5,0,0,0,3,0,0,0,0,169.96,48,10.600000000000001
2023,11,3,1,0,25.5,0,0,0,3,0,0,0,0,161.93,48,10.4
2023,11,3,2,0,25.5,0,0,0,3,0,0,0,0,149.24,48,10.3
2023,11,3,3,0,25.5,0,0,0,3,0,0,0,0,135.8,50,10.200000000000001
2023,11,3,4,0,25.6,0,0,0,7,0,0,0,0,122.21000000000001,52,9.8
2023,11,3,5,0,25.6,0,0,0,7,0,0,0,0,108.69,53,9.3
2023,11,3,6,0,25.700000000000003,0,0,0,3,0,0,0,0,95.36,55,8.9
2023,11,3,7,0,26,53,189,78,3,36,0,0,36,82.27,57,8.700000000000001
2023,11,3,8,0,26.400000000000002,101,509,275,3,12,0,0,12,69.96000000000001,59,8.6
2023,11,3,9,0,26.8,129,650,468,1,129,650,0,468,58.61,61,8.5
2023,11,3,10,0,26.900000000000002,151,713,619,3,200,1,0,200,48.980000000000004,62,8.3
2023,11,3,11,0,27,157,755,716,3,168,0,0,168,42.300000000000004,60,8.1
2023,11,3,12,0,27,159,766,745,3,164,0,0,164,40.09,58,8.1
2023,11,3,13,0,26.900000000000002,161,741,703,8,150,1,0,151,43.04,56,8.1
2023,11,3,14,0,26.900000000000002,164,669,592,7,127,2,0,128,50.25,54,8.1
2023,11,3,15,0,26.8,148,567,430,5,20,0,0,20,60.19,53,8.200000000000001
2023,11,3,16,0,26.6,108,415,238,7,66,1,0,66,71.72,53,8.3
2023,11,3,17,0,26.5,42,106,53,8,32,1,7,32,84.12,53,8.1
2023,11,3,18,0,26.400000000000002,0,0,0,8,0,0,0,0,97.29,53,7.800000000000001
2023,11,3,19,0,26.5,0,0,0,7,0,0,0,0,110.66,55,7.6000000000000005
2023,11,3,20,0,26.5,0,0,0,7,0,0,0,0,124.21000000000001,57,7.300000000000001
2023,11,3,21,0,26.5,0,0,0,7,0,0,0,0,137.8,60,6.9
2023,11,3,22,0,26.5,0,0,0,7,0,0,0,0,151.22,62,6.4
2023,11,3,23,0,26.5,0,0,0,7,0,0,0,0,163.74,62,5.800000000000001
2023,11,4,0,0,26.5,0,0,0,7,0,0,0,0,170.27,62,5.4
2023,11,4,1,0,26.5,0,0,0,7,0,0,0,0,162.11,62,5.1000000000000005
2023,11,4,2,0,26.400000000000002,0,0,0,7,0,0,0,0,149.37,62,4.7
2023,11,4,3,0,26.400000000000002,0,0,0,7,0,0,0,0,135.91,63,4.5
2023,11,4,4,0,26.400000000000002,0,0,0,0,0,0,0,0,122.32000000000001,63,3.9000000000000004
2023,11,4,5,0,26.3,0,0,0,3,0,0,0,0,108.8,58,3.2
2023,11,4,6,0,26.3,0,0,0,7,0,0,0,0,95.49,48,2.7
2023,11,4,7,0,26.5,43,308,83,3,52,1,0,52,82.42,33,2.5
2023,11,4,8,0,26.8,76,617,286,0,76,617,0,286,70.14,16,2.6
2023,11,4,9,0,26.900000000000002,93,752,482,0,93,752,0,482,58.82,4,2.8000000000000003
2023,11,4,10,0,27,89,850,644,0,89,850,0,644,49.24,0,3.2
2023,11,4,11,0,27,92,882,741,0,92,882,0,741,42.6,1,3.6
2023,11,4,12,0,27,92,892,772,3,280,2,0,281,40.4,360,4
2023,11,4,13,0,26.900000000000002,93,876,730,8,203,8,0,209,43.33,358,4.5
2023,11,4,14,0,26.700000000000003,86,846,624,7,172,7,0,176,50.49,357,5
2023,11,4,15,0,26.5,76,783,463,6,121,6,0,124,60.39,357,5.300000000000001
2023,11,4,16,0,26.3,60,654,263,7,65,2,0,66,71.89,358,5.5
2023,11,4,17,0,26.1,29,339,63,7,39,6,7,40,84.26,359,5.1000000000000005
2023,11,4,18,0,26,0,0,0,7,0,0,0,0,97.42,359,4.6000000000000005
2023,11,4,19,0,25.900000000000002,0,0,0,8,0,0,0,0,110.77,1,4.2
2023,11,4,20,0,25.8,0,0,0,7,0,0,0,0,124.31,2,3.7
2023,11,4,21,0,25.700000000000003,0,0,0,7,0,0,0,0,137.91,358,3.2
2023,11,4,22,0,25.6,0,0,0,7,0,0,0,0,151.35,354,3
2023,11,4,23,0,25.400000000000002,0,0,0,7,0,0,0,0,163.93,352,3
2023,11,5,0,0,25.200000000000003,0,0,0,7,0,0,0,0,170.58,351,3.1
2023,11,5,1,0,25.1,0,0,0,7,0,0,0,0,162.29,350,3.3000000000000003
2023,11,5,2,0,25,0,0,0,3,0,0,0,0,149.49,350,3.5
2023,11,5,3,0,24.900000000000002,0,0,0,7,0,0,0,0,136.02,350,3.7
2023,11,5,4,0,24.900000000000002,0,0,0,0,0,0,0,0,122.43,351,3.9000000000000004
2023,11,5,5,0,24.900000000000002,0,0,0,0,0,0,0,0,108.92,352,3.9000000000000004
2023,11,5,6,0,24.900000000000002,0,0,0,3,0,0,0,0,95.62,354,3.9000000000000004
2023,11,5,7,0,25.5,35,418,89,1,35,418,0,89,82.57000000000001,355,4.1000000000000005
2023,11,5,8,0,25.900000000000002,60,700,296,8,117,393,0,249,70.32000000000001,355,4.3
2023,11,5,9,0,26.200000000000003,73,820,494,7,205,261,0,339,59.03,355,4.3
2023,11,5,10,0,26.5,79,881,651,7,165,586,0,545,49.49,354,4.6000000000000005
2023,11,5,11,0,26.8,82,913,751,7,259,383,0,540,42.89,354,4.800000000000001
2023,11,5,12,0,26.900000000000002,82,922,781,7,276,350,0,541,40.7,355,5
2023,11,5,13,0,27,82,912,742,7,303,252,0,485,43.61,357,5.2
2023,11,5,14,0,27,77,880,634,7,253,296,0,440,50.730000000000004,358,5.5
2023,11,5,15,0,26.900000000000002,70,814,470,7,188,350,0,360,60.59,0,5.7
2023,11,5,16,0,26.700000000000003,57,679,267,7,127,246,0,202,72.05,2,5.9
2023,11,5,17,0,26.3,30,330,62,7,43,9,7,44,84.39,3,5.9
2023,11,5,18,0,26.1,0,0,0,7,0,0,0,0,97.53,3,6
2023,11,5,19,0,26,0,0,0,7,0,0,0,0,110.88,5,6.4
2023,11,5,20,0,25.900000000000002,0,0,0,7,0,0,0,0,124.41,5,6.6000000000000005
2023,11,5,21,0,25.700000000000003,0,0,0,8,0,0,0,0,138.01,5,6.4
2023,11,5,22,0,25.6,0,0,0,0,0,0,0,0,151.46,5,6
2023,11,5,23,0,25.400000000000002,0,0,0,0,0,0,0,0,164.11,4,5.5
2023,11,6,0,0,25.3,0,0,0,0,0,0,0,0,170.88,1,5.300000000000001
2023,11,6,1,0,25.200000000000003,0,0,0,7,0,0,0,0,162.47,357,5.4
2023,11,6,2,0,25.1,0,0,0,7,0,0,0,0,149.62,354,5.5
2023,11,6,3,0,24.900000000000002,0,0,0,7,0,0,0,0,136.13,352,5.800000000000001
2023,11,6,4,0,24.8,0,0,0,7,0,0,0,0,122.54,352,5.800000000000001
2023,11,6,5,0,24.700000000000003,0,0,0,7,0,0,0,0,109.04,352,5.6000000000000005
2023,11,6,6,0,24.6,0,0,0,7,0,0,0,0,95.75,353,5.300000000000001
2023,11,6,7,0,25.1,37,433,92,8,67,115,0,82,82.72,353,5.2
2023,11,6,8,0,25.5,63,737,309,0,63,737,0,309,70.49,353,5.300000000000001
2023,11,6,9,0,25.8,76,864,518,0,76,864,0,518,59.24,353,5.2
2023,11,6,10,0,26.1,83,925,681,7,236,493,0,555,49.74,352,5.1000000000000005
2023,11,6,11,0,26.400000000000002,87,951,780,2,380,332,0,622,43.18,350,5
2023,11,6,12,0,26.5,88,956,810,2,374,38,0,403,41,349,4.9
2023,11,6,13,0,26.6,94,926,761,1,94,926,0,761,43.88,350,4.9
2023,11,6,14,0,26.6,91,879,645,8,229,450,0,513,50.96,351,5
2023,11,6,15,0,26.6,82,799,472,3,273,87,0,316,60.78,355,5
2023,11,6,16,0,26.400000000000002,66,646,264,0,66,646,0,264,72.21000000000001,1,5
2023,11,6,17,0,26.1,32,293,60,0,32,293,0,60,84.52,8,4.800000000000001
2023,11,6,18,0,25.900000000000002,0,0,0,1,0,0,0,0,97.65,15,4.7
2023,11,6,19,0,25.900000000000002,0,0,0,0,0,0,0,0,110.98,21,4.800000000000001
2023,11,6,20,0,26,0,0,0,0,0,0,0,0,124.5,26,4.800000000000001
2023,11,6,21,0,25.900000000000002,0,0,0,3,0,0,0,0,138.1,29,4.7
2023,11,6,22,0,26,0,0,0,0,0,0,0,0,151.57,29,4.5
2023,11,6,23,0,25.900000000000002,0,0,0,3,0,0,0,0,164.28,28,4.2
2023,11,7,0,0,25.900000000000002,0,0,0,3,0,0,0,0,171.18,26,3.9000000000000004
2023,11,7,1,0,25.8,0,0,0,0,0,0,0,0,162.64000000000001,26,3.6
2023,11,7,2,0,25.8,0,0,0,0,0,0,0,0,149.74,26,3.5
2023,11,7,3,0,25.700000000000003,0,0,0,3,0,0,0,0,136.24,30,3.5
2023,11,7,4,0,25.700000000000003,0,0,0,0,0,0,0,0,122.65,36,3.6
2023,11,7,5,0,25.700000000000003,0,0,0,0,0,0,0,0,109.16,39,3.6
2023,11,7,6,0,25.700000000000003,0,0,0,0,0,0,0,0,95.88,38,3.7
2023,11,7,7,0,26.200000000000003,33,444,88,2,44,1,0,45,82.87,38,3.9000000000000004
2023,11,7,8,0,26.6,60,718,298,0,60,718,0,298,70.67,41,4.3
2023,11,7,9,0,26.900000000000002,75,833,498,2,218,12,0,224,59.45,42,4.3
2023,11,7,10,0,27.200000000000003,90,877,654,0,90,877,0,654,49.99,42,4.3
2023,11,7,11,0,27.400000000000002,91,911,753,0,91,911,0,753,43.46,41,4.2
2023,11,7,12,0,27.400000000000002,91,923,784,0,91,923,0,784,41.300000000000004,40,4.2
2023,11,7,13,0,27.400000000000002,76,932,745,0,76,932,0,745,44.160000000000004,41,4.1000000000000005
2023,11,7,14,0,27.400000000000002,73,900,637,0,73,900,0,637,51.19,41,4.2
2023,11,7,15,0,27.3,67,835,472,0,67,835,0,472,60.97,39,4.3
2023,11,7,16,0,27,54,708,268,0,54,708,0,268,72.37,38,4.3
2023,11,7,17,0,26.6,27,376,62,0,27,376,0,62,84.65,39,4.1000000000000005
2023,11,7,18,0,26.3,0,0,0,0,0,0,0,0,97.76,41,4
2023,11,7,19,0,26.200000000000003,0,0,0,0,0,0,0,0,111.07000000000001,43,4.1000000000000005
2023,11,7,20,0,26,0,0,0,0,0,0,0,0,124.59,45,4.2
2023,11,7,21,0,25.900000000000002,0,0,0,0,0,0,0,0,138.18,48,4.4
2023,11,7,22,0,25.8,0,0,0,0,0,0,0,0,151.67000000000002,52,4.4
2023,11,7,23,0,25.700000000000003,0,0,0,0,0,0,0,0,164.44,56,4.4
2023,11,8,0,0,25.5,0,0,0,0,0,0,0,0,171.47,60,4.4
2023,11,8,1,0,25.400000000000002,0,0,0,0,0,0,0,0,162.81,64,4.3
2023,11,8,2,0,25.200000000000003,0,0,0,1,0,0,0,0,149.86,67,4.1000000000000005
2023,11,8,3,0,25.1,0,0,0,0,0,0,0,0,136.35,71,4
2023,11,8,4,0,25,0,0,0,0,0,0,0,0,122.76,74,4
2023,11,8,5,0,24.900000000000002,0,0,0,1,0,0,0,0,109.28,75,3.9000000000000004
2023,11,8,6,0,24.900000000000002,0,0,0,1,0,0,0,0,96.02,75,3.9000000000000004
2023,11,8,7,0,25.5,29,491,88,0,29,491,0,88,83.02,71,4.1000000000000005
2023,11,8,8,0,26,48,763,298,1,48,763,0,298,70.85000000000001,68,4.4
2023,11,8,9,0,26.3,57,873,498,0,57,873,0,498,59.660000000000004,65,4.5
2023,11,8,10,0,26.5,69,919,657,0,69,919,0,657,50.24,64,4.6000000000000005
2023,11,8,11,0,26.700000000000003,72,948,757,3,261,1,0,262,43.74,62,4.7
2023,11,8,12,0,26.8,72,954,785,1,72,954,0,785,41.59,60,4.800000000000001
2023,11,8,13,0,26.8,74,940,745,0,74,940,0,745,44.42,59,4.9
2023,11,8,14,0,26.8,68,912,637,1,68,912,0,637,51.42,59,5
2023,11,8,15,0,26.700000000000003,61,852,472,0,61,852,0,472,61.15,61,5.1000000000000005
2023,11,8,16,0,26.6,49,729,268,0,49,729,0,268,72.51,64,5.2
2023,11,8,17,0,26.200000000000003,25,407,62,1,25,407,0,62,84.77,68,5
2023,11,8,18,0,26,0,0,0,1,0,0,0,0,97.86,70,4.9
2023,11,8,19,0,25.900000000000002,0,0,0,1,0,0,0,0,111.16,73,5.1000000000000005
2023,11,8,20,0,25.8,0,0,0,3,0,0,0,0,124.67,75,5.2
2023,11,8,21,0,25.8,0,0,0,3,0,0,0,0,138.26,78,5.4
2023,11,8,22,0,25.700000000000003,0,0,0,3,0,0,0,0,151.76,83,5.5
2023,11,8,23,0,25.700000000000003,0,0,0,3,0,0,0,0,164.59,88,5.6000000000000005
2023,11,9,0,0,25.6,0,0,0,3,0,0,0,0,171.76,93,5.5
2023,11,9,1,0,25.6,0,0,0,3,0,0,0,0,162.98,97,5.300000000000001
2023,11,9,2,0,25.6,0,0,0,3,0,0,0,0,149.98,100,5.1000000000000005
2023,11,9,3,0,25.5,0,0,0,1,0,0,0,0,136.46,103,5
2023,11,9,4,0,25.5,0,0,0,0,0,0,0,0,122.87,104,4.7
2023,11,9,5,0,25.6,0,0,0,0,0,0,0,0,109.4,104,4.5
2023,11,9,6,0,25.5,0,0,0,0,0,0,0,0,96.15,104,4.2
2023,11,9,7,0,26,35,417,84,0,35,417,0,84,83.17,104,4
2023,11,9,8,0,26.5,62,716,295,0,62,716,0,295,71.03,103,4.1000000000000005
2023,11,9,9,0,26.900000000000002,74,843,497,0,74,843,0,497,59.870000000000005,100,3.8000000000000003
2023,11,9,10,0,27.200000000000003,68,925,657,0,68,925,0,657,50.480000000000004,96,3.7
2023,11,9,11,0,27.5,69,951,752,1,69,951,0,752,44.02,92,3.6
2023,11,9,12,0,27.8,69,956,781,2,406,143,0,513,41.88,88,3.5
2023,11,9,13,0,28,78,932,741,3,114,0,0,114,44.68,85,3.6
2023,11,9,14,0,28,72,902,632,0,72,902,0,632,51.63,82,3.9000000000000004
2023,11,9,15,0,28,65,836,466,1,65,836,0,466,61.33,79,4.3
2023,11,9,16,0,27.8,53,701,262,0,53,701,0,262,72.66,79,4.7
2023,11,9,17,0,27.200000000000003,27,356,58,0,27,356,0,58,84.88,79,4.7
2023,11,9,18,0,26.8,0,0,0,0,0,0,0,0,97.95,80,4.9
2023,11,9,19,0,26.6,0,0,0,0,0,0,0,0,111.24000000000001,82,5.1000000000000005
2023,11,9,20,0,26.5,0,0,0,0,0,0,0,0,124.74000000000001,87,5.1000000000000005
2023,11,9,21,0,26.5,0,0,0,3,0,0,0,0,138.34,93,5.1000000000000005
2023,11,9,22,0,26.6,0,0,0,3,0,0,0,0,151.85,100,5
2023,11,9,23,0,26.6,0,0,0,1,0,0,0,0,164.73,107,5.1000000000000005
2023,11,10,0,0,26.6,0,0,0,3,0,0,0,0,172.05,112,5.1000000000000005
2023,11,10,1,0,26.6,0,0,0,3,0,0,0,0,163.14000000000001,116,5.2
2023,11,10,2,0,26.6,0,0,0,3,0,0,0,0,150.1,118,5
2023,11,10,3,0,26.5,0,0,0,0,0,0,0,0,136.57,119,4.800000000000001
2023,11,10,4,0,26.5,0,0,0,1,0,0,0,0,122.99000000000001,120,4.6000000000000005
2023,11,10,5,0,26.5,0,0,0,3,0,0,0,0,109.52,120,4.5
2023,11,10,6,0,26.5,0,0,0,3,0,0,0,0,96.29,120,4.5
2023,11,10,7,0,27,32,408,80,3,48,1,7,48,83.32000000000001,119,4.800000000000001
2023,11,10,8,0,27.400000000000002,58,705,285,0,58,705,0,285,71.21000000000001,119,5.2
2023,11,10,9,0,27.8,71,824,482,0,71,824,0,482,60.08,120,5.4
2023,11,10,10,0,28.1,76,890,639,0,76,890,0,639,50.730000000000004,120,5.300000000000001
2023,11,10,11,0,28.3,80,917,736,0,80,917,0,736,44.300000000000004,120,5.2
2023,11,10,12,0,28.5,85,916,764,0,85,916,0,764,42.160000000000004,118,5.1000000000000005
2023,11,10,13,0,28.6,83,907,725,0,83,907,0,725,44.94,116,5.2
2023,11,10,14,0,28.6,79,872,618,0,79,872,0,618,51.85,114,5.4
2023,11,10,15,0,28.400000000000002,73,801,455,0,73,801,0,455,61.5,111,5.7
2023,11,10,16,0,28.200000000000003,58,661,254,0,58,661,0,254,72.79,109,5.9
2023,11,10,17,0,27.700000000000003,28,308,55,0,28,308,0,55,84.99,106,5.800000000000001
2023,11,10,18,0,27.3,0,0,0,0,0,0,0,0,98.05,104,5.800000000000001
2023,11,10,19,0,27.1,0,0,0,0,0,0,0,0,111.32000000000001,102,5.9
2023,11,10,20,0,27,0,0,0,0,0,0,0,0,124.81,100,5.9
2023,11,10,21,0,26.900000000000002,0,0,0,0,0,0,0,0,138.4,99,5.800000000000001
2023,11,10,22,0,26.700000000000003,0,0,0,0,0,0,0,0,151.93,98,5.800000000000001
2023,11,10,23,0,26.6,0,0,0,0,0,0,0,0,164.86,96,5.800000000000001
2023,11,11,0,0,26.400000000000002,0,0,0,0,0,0,0,0,172.33,94,5.9
2023,11,11,1,0,26.200000000000003,0,0,0,0,0,0,0,0,163.3,92,5.7
2023,11,11,2,0,26,0,0,0,0,0,0,0,0,150.22,89,5.6000000000000005
2023,11,11,3,0,25.8,0,0,0,0,0,0,0,0,136.68,87,5.5
2023,11,11,4,0,25.700000000000003,0,0,0,0,0,0,0,0,123.10000000000001,86,5.300000000000001
2023,11,11,5,0,25.700000000000003,0,0,0,0,0,0,0,0,109.64,87,5.1000000000000005
2023,11,11,6,0,25.8,0,0,0,0,0,0,0,0,96.42,87,5
2023,11,11,7,0,26.5,33,423,81,0,33,423,0,81,83.48,88,5.1000000000000005
2023,11,11,8,0,27.1,59,735,293,0,59,735,0,293,71.39,89,5.6000000000000005
2023,11,11,9,0,27.6,72,856,497,0,72,856,0,497,60.29,91,5.800000000000001
2023,11,11,10,0,27.900000000000002,78,917,656,0,78,917,0,656,50.97,92,5.9
2023,11,11,11,0,28.1,83,942,754,0,83,942,0,754,44.57,93,5.800000000000001
2023,11,11,12,0,28.3,86,948,785,0,86,948,0,785,42.44,93,5.6000000000000005
2023,11,11,13,0,28.3,83,937,743,0,83,937,0,743,45.19,93,5.4
2023,11,11,14,0,28.3,79,900,633,0,79,900,0,633,52.06,92,5.1000000000000005
2023,11,11,15,0,28.3,72,827,465,0,72,827,0,465,61.67,89,4.9
2023,11,11,16,0,28,57,687,259,1,57,687,0,259,72.93,86,4.800000000000001
2023,11,11,17,0,27.5,27,333,56,0,27,333,0,56,85.09,85,4.6000000000000005
2023,11,11,18,0,27.200000000000003,0,0,0,3,0,0,0,0,98.13,85,4.6000000000000005
2023,11,11,19,0,27,0,0,0,0,0,0,0,0,111.39,86,4.7
2023,11,11,20,0,27,0,0,0,0,0,0,0,0,124.88000000000001,89,4.7
2023,11,11,21,0,26.900000000000002,0,0,0,0,0,0,0,0,138.46,91,4.7
2023,11,11,22,0,26.8,0,0,0,0,0,0,0,0,152,92,4.5
2023,11,11,23,0,26.8,0,0,0,0,0,0,0,0,164.99,92,4.4
2023,11,12,0,0,26.8,0,0,0,0,0,0,0,0,172.6,90,4.3
2023,11,12,1,0,26.700000000000003,0,0,0,0,0,0,0,0,163.46,87,4.3
2023,11,12,2,0,26.700000000000003,0,0,0,0,0,0,0,0,150.34,85,4.4
2023,11,12,3,0,26.700000000000003,0,0,0,0,0,0,0,0,136.79,83,4.5
2023,11,12,4,0,26.6,0,0,0,0,0,0,0,0,123.22,82,4.6000000000000005
2023,11,12,5,0,26.6,0,0,0,0,0,0,0,0,109.77,83,4.6000000000000005
2023,11,12,6,0,26.5,0,0,0,0,0,0,0,0,96.56,83,4.7
2023,11,12,7,0,26.8,32,410,78,8,53,21,7,55,83.63,83,5
2023,11,12,8,0,27.1,58,723,287,0,58,723,0,287,71.56,83,5.7
2023,11,12,9,0,27.200000000000003,71,849,489,0,71,849,0,489,60.5,83,5.9
2023,11,12,10,0,27.3,79,908,648,0,79,908,0,648,51.21,82,5.9
2023,11,12,11,0,27.6,83,942,751,0,83,942,0,751,44.83,81,5.7
2023,11,12,12,0,27.8,82,953,782,0,82,953,0,782,42.71,77,5.300000000000001
2023,11,12,13,0,28,82,940,742,0,82,940,0,742,45.43,70,4.800000000000001
2023,11,12,14,0,28.1,77,906,632,1,77,906,0,632,52.26,60,4.6000000000000005
2023,11,12,15,0,28,69,838,465,2,230,29,0,243,61.83,50,4.7
2023,11,12,16,0,27.8,52,716,261,3,81,0,0,81,73.05,45,4.800000000000001
2023,11,12,17,0,27.200000000000003,25,370,56,8,39,12,7,40,85.19,45,4.5
2023,11,12,18,0,26.8,0,0,0,3,0,0,0,0,98.22,47,4.4
2023,11,12,19,0,26.6,0,0,0,0,0,0,0,0,111.46000000000001,49,4.4
2023,11,12,20,0,26.5,0,0,0,0,0,0,0,0,124.93,51,4.4
2023,11,12,21,0,26.3,0,0,0,0,0,0,0,0,138.52,52,4.3
2023,11,12,22,0,26.200000000000003,0,0,0,0,0,0,0,0,152.06,52,4.2
2023,11,12,23,0,26.1,0,0,0,0,0,0,0,0,165.1,52,4.1000000000000005
2023,11,13,0,0,26,0,0,0,0,0,0,0,0,172.88,55,4
2023,11,13,1,0,25.900000000000002,0,0,0,0,0,0,0,0,163.62,59,3.9000000000000004
2023,11,13,2,0,25.8,0,0,0,0,0,0,0,0,150.46,59,3.8000000000000003
2023,11,13,3,0,25.700000000000003,0,0,0,0,0,0,0,0,136.9,56,3.8000000000000003
2023,11,13,4,0,25.6,0,0,0,1,0,0,0,0,123.33,51,3.8000000000000003
2023,11,13,5,0,25.400000000000002,0,0,0,0,0,0,0,0,109.89,46,3.9000000000000004
2023,11,13,6,0,25.3,0,0,0,1,0,0,0,0,96.7,44,4.1000000000000005
2023,11,13,7,0,25.700000000000003,29,453,78,3,50,5,7,51,83.79,45,4.3
2023,11,13,8,0,26.200000000000003,53,746,286,0,53,746,0,286,71.74,48,4.800000000000001
2023,11,13,9,0,26.400000000000002,65,864,487,0,65,864,0,487,60.71,51,5
2023,11,13,10,0,26.700000000000003,78,908,643,3,311,338,0,521,51.45,54,5.1000000000000005
2023,11,13,11,0,26.900000000000002,82,937,743,8,195,606,0,622,45.1,55,5.1000000000000005
2023,11,13,12,0,27,84,941,773,7,330,260,0,520,42.97,54,5.1000000000000005
2023,11,13,13,0,27,89,918,731,7,151,688,0,632,45.67,54,5.1000000000000005
2023,11,13,14,0,27,84,881,621,7,234,370,0,459,52.45,54,5
2023,11,13,15,0,26.900000000000002,75,813,457,0,75,813,0,457,61.980000000000004,56,4.9
2023,11,13,16,0,26.8,58,678,254,0,58,678,0,254,73.18,59,4.7
2023,11,13,17,0,26.3,27,325,53,1,27,325,0,53,85.29,63,4.4
2023,11,13,18,0,26,0,0,0,7,0,0,0,0,98.29,66,4.2
2023,11,13,19,0,25.900000000000002,0,0,0,8,0,0,0,0,111.52,63,3.9000000000000004
2023,11,13,20,0,25.8,0,0,0,8,0,0,0,0,124.98,59,3.7
2023,11,13,21,0,25.6,0,0,0,0,0,0,0,0,138.57,59,3.8000000000000003
2023,11,13,22,0,25.5,0,0,0,0,0,0,0,0,152.12,63,3.9000000000000004
2023,11,13,23,0,25.400000000000002,0,0,0,0,0,0,0,0,165.21,66,3.9000000000000004
2023,11,14,0,0,25.3,0,0,0,0,0,0,0,0,173.14000000000001,67,3.8000000000000003
2023,11,14,1,0,25.200000000000003,0,0,0,0,0,0,0,0,163.77,68,3.9000000000000004
2023,11,14,2,0,25.200000000000003,0,0,0,7,0,0,0,0,150.58,70,4.1000000000000005
2023,11,14,3,0,25.1,0,0,0,3,0,0,0,0,137.01,73,4.2
2023,11,14,4,0,25.200000000000003,0,0,0,0,0,0,0,0,123.45,72,4.2
2023,11,14,5,0,25.3,0,0,0,7,0,0,0,0,110.02,70,4.3
2023,11,14,6,0,25.400000000000002,0,0,0,1,0,0,0,0,96.84,68,4.4
2023,11,14,7,0,25.900000000000002,31,401,73,7,52,24,7,54,83.94,68,4.6000000000000005
2023,11,14,8,0,26.5,58,710,279,7,133,282,0,220,71.92,68,5.1000000000000005
2023,11,14,9,0,26.8,74,826,475,7,214,293,0,356,60.92,67,5.2
2023,11,14,10,0,27.1,79,894,633,7,222,394,0,466,51.69,67,5.2
2023,11,14,11,0,27.400000000000002,84,920,730,7,170,621,0,606,45.36,69,5.2
2023,11,14,12,0,27.700000000000003,84,928,760,1,84,928,0,760,43.24,70,5.300000000000001
2023,11,14,13,0,27.900000000000002,72,931,719,0,72,931,0,719,45.910000000000004,72,5.4
2023,11,14,14,0,27.900000000000002,69,894,611,1,69,894,0,611,52.65,73,5.800000000000001
2023,11,14,15,0,27.900000000000002,63,821,447,2,248,157,0,321,62.13,73,6.1000000000000005
2023,11,14,16,0,27.5,53,672,246,2,8,0,0,8,73.29,73,6.5
2023,11,14,17,0,27,26,292,49,8,35,7,7,35,85.37,73,6.7
2023,11,14,18,0,26.8,0,0,0,7,0,0,0,0,98.36,73,7
2023,11,14,19,0,26.6,0,0,0,7,0,0,0,0,111.58,73,7.4
2023,11,14,20,0,26.400000000000002,0,0,0,7,0,0,0,0,125.03,73,8.1
2023,11,14,21,0,26.200000000000003,0,0,0,7,0,0,0,0,138.61,75,8.5
2023,11,14,22,0,26.1,0,0,0,7,0,0,0,0,152.17000000000002,77,8.9
2023,11,14,23,0,26.1,0,0,0,7,0,0,0,0,165.3,79,9.3
2023,11,15,0,0,26.1,0,0,0,7,0,0,0,0,173.41,81,9.4
2023,11,15,1,0,26.1,0,0,0,7,0,0,0,0,163.92000000000002,83,9.3
2023,11,15,2,0,26.1,0,0,0,7,0,0,0,0,150.70000000000002,84,9
2023,11,15,3,0,26.1,0,0,0,7,0,0,0,0,137.13,85,8.700000000000001
2023,11,15,4,0,26.1,0,0,0,8,0,0,0,0,123.56,87,8.6
2023,11,15,5,0,26.1,0,0,0,7,0,0,0,0,110.14,88,8.700000000000001
2023,11,15,6,0,26.1,0,0,0,7,0,0,0,0,96.98,89,8.9
2023,11,15,7,0,26.3,41,147,56,3,23,0,7,23,84.09,91,9.3
2023,11,15,8,0,26.5,93,484,241,3,52,0,0,52,72.10000000000001,92,9.700000000000001
2023,11,15,9,0,26.700000000000003,122,635,429,7,160,12,0,166,61.120000000000005,93,10
2023,11,15,10,0,26.8,141,711,579,7,76,0,0,76,51.92,92,10
2023,11,15,11,0,26.8,148,755,676,7,175,2,0,177,45.61,90,9.700000000000001
2023,11,15,12,0,26.700000000000003,147,774,709,7,131,1,0,131,43.49,88,9.4
2023,11,15,13,0,26.700000000000003,141,766,672,7,95,0,0,96,46.13,85,9.200000000000001
2023,11,15,14,0,26.6,130,728,570,7,30,0,0,30,52.83,83,9.3
2023,11,15,15,0,26.5,111,652,414,7,52,0,0,52,62.28,82,9.600000000000001
2023,11,15,16,0,26.3,84,486,223,7,42,0,0,43,73.4,84,9.8
2023,11,15,17,0,26,32,107,40,7,16,0,7,16,85.46000000000001,88,10
2023,11,15,18,0,25.900000000000002,0,0,0,7,0,0,0,0,98.43,91,10
2023,11,15,19,0,25.8,0,0,0,6,0,0,0,0,111.63,93,10.100000000000001
2023,11,15,20,0,25.6,0,0,0,6,0,0,0,0,125.07000000000001,95,10.3
2023,11,15,21,0,25.400000000000002,0,0,0,6,0,0,0,0,138.64000000000001,99,10.700000000000001
2023,11,15,22,0,25.400000000000002,0,0,0,6,0,0,0,0,152.21,102,11.5
2023,11,15,23,0,25.400000000000002,0,0,0,6,0,0,0,0,165.39000000000001,102,12.100000000000001
2023,11,16,0,0,25.5,0,0,0,6,0,0,0,0,173.66,101,12.4
2023,11,16,1,0,25.400000000000002,0,0,0,7,0,0,0,0,164.07,101,12.4
2023,11,16,2,0,25.3,0,0,0,6,0,0,0,0,150.81,101,12.4
2023,11,16,3,0,25.3,0,0,0,7,0,0,0,0,137.24,101,12.3
2023,11,16,4,0,25.400000000000002,0,0,0,7,0,0,0,0,123.68,102,11.8
2023,11,16,5,0,25.5,0,0,0,7,0,0,0,0,110.27,103,10.9
2023,11,16,6,0,25.6,0,0,0,8,0,0,0,0,97.12,106,9.9
2023,11,16,7,0,25.900000000000002,42,77,50,3,35,0,7,35,84.25,109,9.1
2023,11,16,8,0,26.3,107,410,231,3,156,16,0,161,72.28,114,8.700000000000001
2023,11,16,9,0,26.700000000000003,136,592,420,3,161,1,0,162,61.33,118,8.5
2023,11,16,10,0,27.1,134,726,579,3,231,2,0,232,52.15,119,8.200000000000001
2023,11,16,11,0,27.200000000000003,155,739,670,8,16,0,0,16,45.87,120,7.2
2023,11,16,12,0,27.3,166,737,698,3,286,3,0,288,43.74,130,5.2
2023,11,16,13,0,27.5,99,853,687,0,99,853,0,687,46.36,167,3.4000000000000004
2023,11,16,14,0,27.5,88,830,587,3,181,0,0,182,53.01,214,4
2023,11,16,15,0,27.1,72,778,432,0,72,778,0,432,62.42,233,5.5
2023,11,16,16,0,26.6,54,649,239,3,113,4,0,114,73.51,237,6.1000000000000005
2023,11,16,17,0,26.200000000000003,24,300,47,0,24,300,0,47,85.54,235,5.9
2023,11,16,18,0,25.900000000000002,0,0,0,7,0,0,0,0,98.49000000000001,232,5.6000000000000005
2023,11,16,19,0,25.8,0,0,0,7,0,0,0,0,111.67,230,5.1000000000000005
2023,11,16,20,0,25.6,0,0,0,0,0,0,0,0,125.11,223,4.800000000000001
2023,11,16,21,0,25.6,0,0,0,0,0,0,0,0,138.68,213,4.800000000000001
2023,11,16,22,0,25.6,0,0,0,7,0,0,0,0,152.25,209,5.1000000000000005
2023,11,16,23,0,25.6,0,0,0,7,0,0,0,0,165.46,208,5.1000000000000005
2023,11,17,0,0,25.5,0,0,0,7,0,0,0,0,173.91,208,5.1000000000000005
2023,11,17,1,0,25.5,0,0,0,7,0,0,0,0,164.22,209,5.1000000000000005
2023,11,17,2,0,25.400000000000002,0,0,0,4,0,0,0,0,150.93,212,4.9
2023,11,17,3,0,25.3,0,0,0,8,0,0,0,0,137.35,217,4.7
2023,11,17,4,0,25.3,0,0,0,8,0,0,0,0,123.8,221,4.3
2023,11,17,5,0,25.200000000000003,0,0,0,7,0,0,0,0,110.4,224,3.7
2023,11,17,6,0,25.200000000000003,0,0,0,7,0,0,0,0,97.26,220,3.3000000000000003
2023,11,17,7,0,25.5,29,339,62,7,31,2,7,31,84.4,209,3.1
2023,11,17,8,0,25.900000000000002,59,656,256,7,99,15,0,103,72.46000000000001,195,3.5
2023,11,17,9,0,26.1,75,782,448,7,194,46,0,216,61.53,187,3.6
2023,11,17,10,0,26.3,86,841,600,7,248,52,0,279,52.38,184,3.5
2023,11,17,11,0,26.6,90,875,697,7,299,272,0,488,46.11,185,3.2
2023,11,17,12,0,26.8,91,886,728,8,316,102,0,389,43.99,182,2.9000000000000004
2023,11,17,13,0,27.1,93,867,689,7,234,14,0,244,46.57,179,2.8000000000000003
2023,11,17,14,0,27.200000000000003,86,835,587,7,106,1,0,107,53.18,179,2.9000000000000004
2023,11,17,15,0,27.3,76,765,429,3,80,0,0,80,62.550000000000004,179,3.1
2023,11,17,16,0,27.200000000000003,59,620,234,0,59,620,0,234,73.61,180,3.1
2023,11,17,17,0,26.8,25,256,45,3,26,0,7,26,85.61,180,2.6
2023,11,17,18,0,26.5,0,0,0,3,0,0,0,0,98.54,180,2.2
2023,11,17,19,0,26.3,0,0,0,3,0,0,0,0,111.71000000000001,180,2.1
2023,11,17,20,0,26.200000000000003,0,0,0,3,0,0,0,0,125.14,184,2.2
2023,11,17,21,0,26,0,0,0,7,0,0,0,0,138.70000000000002,188,2.4000000000000004
2023,11,17,22,0,25.900000000000002,0,0,0,8,0,0,0,0,152.28,191,2.8000000000000003
2023,11,17,23,0,25.8,0,0,0,2,0,0,0,0,165.53,194,3.1
2023,11,18,0,0,25.6,0,0,0,0,0,0,0,0,174.16,198,3.2
2023,11,18,1,0,25.400000000000002,0,0,0,0,0,0,0,0,164.36,205,3.3000000000000003
2023,11,18,2,0,25.200000000000003,0,0,0,0,0,0,0,0,151.05,215,3.2
2023,11,18,3,0,24.900000000000002,0,0,0,0,0,0,0,0,137.47,234,3.1
2023,11,18,4,0,24.8,0,0,0,0,0,0,0,0,123.92,256,3.5
2023,11,18,5,0,24.700000000000003,0,0,0,0,0,0,0,0,110.53,271,3.9000000000000004
2023,11,18,6,0,24.6,0,0,0,0,0,0,0,0,97.4,280,4
2023,11,18,7,0,24.900000000000002,26,393,63,0,26,393,0,63,84.56,288,4.5
2023,11,18,8,0,25.200000000000003,50,708,261,0,50,708,0,261,72.64,295,5.4
2023,11,18,9,0,25.400000000000002,63,830,456,0,63,830,0,456,61.730000000000004,299,5.7
2023,11,18,10,0,25.6,69,892,611,0,69,892,0,611,52.61,298,5.6000000000000005
2023,11,18,11,0,25.8,76,920,710,0,76,920,0,710,46.36,295,5.5
2023,11,18,12,0,26,81,920,740,0,81,920,0,740,44.230000000000004,291,5.6000000000000005
2023,11,18,13,0,26,77,910,701,0,77,910,0,701,46.78,289,5.800000000000001
2023,11,18,14,0,25.900000000000002,75,872,595,1,75,872,0,595,53.35,290,6
2023,11,18,15,0,25.700000000000003,69,798,435,0,69,798,0,435,62.68,292,5.9
2023,11,18,16,0,25.5,56,652,239,0,56,652,0,239,73.7,294,5.800000000000001
2023,11,18,17,0,25.200000000000003,25,283,46,1,25,283,0,46,85.68,297,5.300000000000001
2023,11,18,18,0,25,0,0,0,0,0,0,0,0,98.60000000000001,300,5.1000000000000005
2023,11,18,19,0,25,0,0,0,1,0,0,0,0,111.75,303,5
2023,11,18,20,0,25,0,0,0,7,0,0,0,0,125.16,306,4.9
2023,11,18,21,0,25,0,0,0,0,0,0,0,0,138.72,312,5
2023,11,18,22,0,25.1,0,0,0,3,0,0,0,0,152.3,318,5.2
2023,11,18,23,0,25,0,0,0,3,0,0,0,0,165.59,322,5.4
2023,11,19,0,0,25,0,0,0,0,0,0,0,0,174.4,324,5.7
2023,11,19,1,0,25.1,0,0,0,0,0,0,0,0,164.51,326,5.9
2023,11,19,2,0,25.1,0,0,0,3,0,0,0,0,151.16,325,6
2023,11,19,3,0,25,0,0,0,0,0,0,0,0,137.58,324,6
2023,11,19,4,0,24.900000000000002,0,0,0,0,0,0,0,0,124.04,324,5.800000000000001
2023,11,19,5,0,24.8,0,0,0,0,0,0,0,0,110.66,326,5.4
2023,11,19,6,0,24.700000000000003,0,0,0,3,0,0,0,0,97.54,328,5
2023,11,19,7,0,25,29,338,60,0,29,338,0,60,84.71000000000001,331,4.7
2023,11,19,8,0,25.400000000000002,59,674,258,0,59,674,0,258,72.81,333,4.800000000000001
2023,11,19,9,0,25.6,75,804,454,0,75,804,0,454,61.93,336,4.7
2023,11,19,10,0,25.8,79,881,611,0,79,881,0,611,52.83,338,4.7
2023,11,19,11,0,26,84,911,710,0,84,911,0,710,46.6,341,4.9
2023,11,19,12,0,26.1,86,919,742,2,396,155,0,506,44.46,344,5.1000000000000005
2023,11,19,13,0,26.1,85,908,704,0,85,908,0,704,46.980000000000004,348,5.2
2023,11,19,14,0,26.200000000000003,80,873,599,0,80,873,0,599,53.51,353,5.2
2023,11,19,15,0,26.200000000000003,71,807,440,1,71,807,0,440,62.800000000000004,360,5.2
2023,11,19,16,0,26,55,667,241,1,55,667,0,241,73.79,8,5
2023,11,19,17,0,25.6,25,289,46,0,25,289,0,46,85.74,16,4.4
2023,11,19,18,0,25.5,0,0,0,0,0,0,0,0,98.64,23,4.1000000000000005
2023,11,19,19,0,25.5,0,0,0,0,0,0,0,0,111.78,28,4.1000000000000005
2023,11,19,20,0,25.5,0,0,0,0,0,0,0,0,125.18,33,4.1000000000000005
2023,11,19,21,0,25.6,0,0,0,0,0,0,0,0,138.73,37,4
2023,11,19,22,0,25.6,0,0,0,0,0,0,0,0,152.32,43,4
2023,11,19,23,0,25.5,0,0,0,1,0,0,0,0,165.64000000000001,48,4.1000000000000005
2023,11,20,0,0,25.400000000000002,0,0,0,0,0,0,0,0,174.64000000000001,51,4.2
2023,11,20,1,0,25.3,0,0,0,1,0,0,0,0,164.65,54,4.2
2023,11,20,2,0,25.1,0,0,0,0,0,0,0,0,151.28,53,4.2
2023,11,20,3,0,25,0,0,0,1,0,0,0,0,137.70000000000002,53,4.3
2023,11,20,4,0,25,0,0,0,0,0,0,0,0,124.16,55,4.4
2023,11,20,5,0,25,0,0,0,1,0,0,0,0,110.78,59,4.6000000000000005
2023,11,20,6,0,25,0,0,0,0,0,0,0,0,97.69,62,4.7
2023,11,20,7,0,25.400000000000002,30,296,57,0,30,296,0,57,84.87,67,4.9
2023,11,20,8,0,25.900000000000002,63,652,254,0,63,652,0,254,72.99,71,5.5
2023,11,20,9,0,26.200000000000003,78,797,451,0,78,797,0,451,62.13,74,5.9
2023,11,20,10,0,26.400000000000002,85,874,610,0,85,874,0,610,53.050000000000004,75,6
2023,11,20,11,0,26.5,89,908,710,1,89,908,0,710,46.83,74,6
2023,11,20,12,0,26.6,89,920,743,1,89,920,0,743,44.69,74,6
2023,11,20,13,0,26.6,94,894,702,0,94,894,0,702,47.18,73,6.1000000000000005
2023,11,20,14,0,26.6,87,863,598,0,87,863,0,598,53.67,72,6
2023,11,20,15,0,26.5,76,794,438,0,76,794,0,438,62.92,72,6
2023,11,20,16,0,26.3,60,641,238,0,60,641,0,238,73.88,74,6.1000000000000005
2023,11,20,17,0,25.8,26,250,45,1,26,250,0,45,85.8,75,6
2023,11,20,18,0,25.6,0,0,0,2,0,0,0,0,98.68,76,6.2
2023,11,20,19,0,25.5,0,0,0,0,0,0,0,0,111.8,76,6.4
2023,11,20,20,0,25.400000000000002,0,0,0,0,0,0,0,0,125.19,77,6.6000000000000005
2023,11,20,21,0,25.200000000000003,0,0,0,1,0,0,0,0,138.74,78,6.6000000000000005
2023,11,20,22,0,25.1,0,0,0,3,0,0,0,0,152.33,79,6.6000000000000005
2023,11,20,23,0,25,0,0,0,2,0,0,0,0,165.68,79,6.5
2023,11,21,0,0,24.900000000000002,0,0,0,3,0,0,0,0,174.87,79,6.4
2023,11,21,1,0,24.900000000000002,0,0,0,1,0,0,0,0,164.79,80,6.300000000000001
2023,11,21,2,0,24.8,0,0,0,0,0,0,0,0,151.4,81,6.300000000000001
2023,11,21,3,0,24.8,0,0,0,0,0,0,0,0,137.81,81,6.2
2023,11,21,4,0,24.700000000000003,0,0,0,0,0,0,0,0,124.28,81,6.1000000000000005
2023,11,21,5,0,24.700000000000003,0,0,0,0,0,0,0,0,110.92,82,6
2023,11,21,6,0,24.6,0,0,0,0,0,0,0,0,97.83,82,5.9
2023,11,21,7,0,24.900000000000002,27,364,58,0,27,364,0,58,85.02,82,6
2023,11,21,8,0,25.3,54,709,260,0,54,709,0,260,73.16,83,6.300000000000001
2023,11,21,9,0,25.6,69,839,458,0,69,839,0,458,62.33,85,6.2
2023,11,21,10,0,25.8,79,897,616,0,79,897,0,616,53.27,87,6.1000000000000005
2023,11,21,11,0,26.1,85,926,716,0,85,926,0,716,47.06,90,5.9
2023,11,21,12,0,26.3,89,928,746,0,89,928,0,746,44.910000000000004,92,5.7
2023,11,21,13,0,26.400000000000002,86,920,709,0,86,920,0,709,47.37,94,5.6000000000000005
2023,11,21,14,0,26.5,82,884,604,0,82,884,0,604,53.82,95,5.4
2023,11,21,15,0,26.400000000000002,75,805,440,0,75,805,0,440,63.03,95,5.300000000000001
2023,11,21,16,0,26.3,60,650,239,0,60,650,0,239,73.96000000000001,95,5.1000000000000005
2023,11,21,17,0,25.700000000000003,26,255,45,0,26,255,0,45,85.85000000000001,94,4.7
2023,11,21,18,0,25.400000000000002,0,0,0,0,0,0,0,0,98.71000000000001,94,4.800000000000001
2023,11,21,19,0,25.3,0,0,0,1,0,0,0,0,111.82000000000001,95,4.9
2023,11,21,20,0,25.200000000000003,0,0,0,0,0,0,0,0,125.2,97,5.1000000000000005
2023,11,21,21,0,25.200000000000003,0,0,0,0,0,0,0,0,138.74,100,5.2
2023,11,21,22,0,25.1,0,0,0,0,0,0,0,0,152.33,104,5.300000000000001
2023,11,21,23,0,25.1,0,0,0,0,0,0,0,0,165.71,109,5.2
2023,11,22,0,0,25,0,0,0,0,0,0,0,0,175.09,113,5.1000000000000005
2023,11,22,1,0,24.900000000000002,0,0,0,0,0,0,0,0,164.92000000000002,118,4.800000000000001
2023,11,22,2,0,24.8,0,0,0,0,0,0,0,0,151.51,121,4.5
2023,11,22,3,0,24.700000000000003,0,0,0,0,0,0,0,0,137.93,124,4.3
2023,11,22,4,0,24.6,0,0,0,0,0,0,0,0,124.4,125,3.9000000000000004
2023,11,22,5,0,24.6,0,0,0,0,0,0,0,0,111.05,126,3.5
2023,11,22,6,0,24.5,0,0,0,0,0,0,0,0,97.97,128,3.3000000000000003
2023,11,22,7,0,25,27,329,55,0,27,329,0,55,85.17,130,3.2
2023,11,22,8,0,25.5,58,678,252,0,58,678,0,252,73.34,132,3.5
2023,11,22,9,0,25.8,74,811,449,0,74,811,0,449,62.52,136,3.4000000000000004
2023,11,22,10,0,26.1,79,886,607,2,284,48,0,313,53.480000000000004,141,3.3000000000000003
2023,11,22,11,0,26.400000000000002,82,922,707,1,82,922,0,707,47.28,150,3.2
2023,11,22,12,0,26.6,81,936,741,0,81,936,0,741,45.12,160,3
2023,11,22,13,0,26.8,78,928,704,0,78,928,0,704,47.56,172,2.9000000000000004
2023,11,22,14,0,26.900000000000002,71,900,601,2,324,189,0,434,53.96,180,3.1
2023,11,22,15,0,26.900000000000002,62,835,440,0,62,835,0,440,63.13,185,3.3000000000000003
2023,11,22,16,0,26.8,48,704,242,3,141,23,7,147,74.03,191,3.5
2023,11,22,17,0,26.200000000000003,22,346,47,1,22,346,0,47,85.9,197,3.3000000000000003
2023,11,22,18,0,25.8,0,0,0,1,0,0,0,0,98.74000000000001,202,3.3000000000000003
2023,11,22,19,0,25.6,0,0,0,0,0,0,0,0,111.84,206,3.3000000000000003
2023,11,22,20,0,25.400000000000002,0,0,0,0,0,0,0,0,125.21000000000001,209,3.2
2023,11,22,21,0,25.200000000000003,0,0,0,0,0,0,0,0,138.74,212,3.1
2023,11,22,22,0,25,0,0,0,0,0,0,0,0,152.33,216,3
2023,11,22,23,0,24.900000000000002,0,0,0,0,0,0,0,0,165.74,221,2.8000000000000003
2023,11,23,0,0,24.700000000000003,0,0,0,0,0,0,0,0,175.31,226,2.7
2023,11,23,1,0,24.6,0,0,0,0,0,0,0,0,165.06,227,2.6
2023,11,23,2,0,24.5,0,0,0,0,0,0,0,0,151.63,224,2.4000000000000004
2023,11,23,3,0,24.400000000000002,0,0,0,1,0,0,0,0,138.04,219,2.3000000000000003
2023,11,23,4,0,24.400000000000002,0,0,0,1,0,0,0,0,124.52,216,2
2023,11,23,5,0,24.400000000000002,0,0,0,3,0,0,0,0,111.18,211,1.6
2023,11,23,6,0,24.5,0,0,0,8,0,0,0,0,98.11,203,1.4000000000000001
2023,11,23,7,0,24.700000000000003,23,372,54,7,36,8,7,37,85.33,196,1.3
2023,11,23,8,0,25,46,714,249,0,46,714,0,249,73.51,192,1.2000000000000002
2023,11,23,9,0,25.5,57,842,443,0,57,842,0,443,62.71,192,0.9
2023,11,23,10,0,26.200000000000003,71,890,598,0,71,890,0,598,53.69,200,0.8
2023,11,23,11,0,26.6,72,925,697,0,72,925,0,697,47.5,209,0.8
2023,11,23,12,0,27,70,937,729,1,70,937,0,729,45.33,214,0.9
2023,11,23,13,0,27.200000000000003,80,911,693,0,80,911,0,693,47.730000000000004,234,0.9
2023,11,23,14,0,27.400000000000002,74,881,591,0,74,881,0,591,54.1,269,0.8
2023,11,23,15,0,27.400000000000002,65,817,433,2,200,19,0,208,63.230000000000004,302,0.8
2023,11,23,16,0,27.200000000000003,50,686,238,3,30,0,0,30,74.10000000000001,327,0.8
2023,11,23,17,0,26.900000000000002,22,330,45,1,22,330,0,45,85.94,350,0.8
2023,11,23,18,0,26.6,0,0,0,3,0,0,0,0,98.77,9,0.9
2023,11,23,19,0,26.3,0,0,0,1,0,0,0,0,111.85000000000001,21,1.2000000000000002
2023,11,23,20,0,26.1,0,0,0,0,0,0,0,0,125.2,31,1.5
2023,11,23,21,0,25.900000000000002,0,0,0,0,0,0,0,0,138.73,42,1.7000000000000002
2023,11,23,22,0,25.700000000000003,0,0,0,1,0,0,0,0,152.32,51,1.9000000000000001
2023,11,23,23,0,25.5,0,0,0,3,0,0,0,0,165.75,61,2
2023,11,24,0,0,25.3,0,0,0,0,0,0,0,0,175.52,71,2.1
2023,11,24,1,0,25.1,0,0,0,0,0,0,0,0,165.19,78,2.2
2023,11,24,2,0,24.900000000000002,0,0,0,0,0,0,0,0,151.75,86,2.2
2023,11,24,3,0,24.8,0,0,0,0,0,0,0,0,138.16,97,2.2
2023,11,24,4,0,24.8,0,0,0,0,0,0,0,0,124.65,106,2.3000000000000003
2023,11,24,5,0,24.900000000000002,0,0,0,0,0,0,0,0,111.31,110,2.3000000000000003
2023,11,24,6,0,24.900000000000002,0,0,0,1,0,0,0,0,98.26,113,2.4000000000000004
2023,11,24,7,0,25.3,24,348,51,0,24,348,0,51,85.48,112,2.4000000000000004
2023,11,24,8,0,25.8,52,686,245,0,52,686,0,245,73.68,108,2.6
2023,11,24,9,0,26,66,818,439,0,66,818,0,439,62.9,105,2.6
2023,11,24,10,0,26.3,78,872,592,0,78,872,0,592,53.9,107,2.7
2023,11,24,11,0,26.6,80,909,692,0,80,909,0,692,47.72,112,2.7
2023,11,24,12,0,26.8,82,916,724,0,82,916,0,724,45.54,113,2.5
2023,11,24,13,0,27,79,905,686,0,79,905,0,686,47.9,109,2.1
2023,11,24,14,0,27.1,75,869,583,0,75,869,0,583,54.230000000000004,100,1.8
2023,11,24,15,0,27.1,67,800,426,0,67,800,0,426,63.32,87,1.7000000000000002
2023,11,24,16,0,26.900000000000002,53,657,232,7,109,289,0,188,74.16,76,1.7000000000000002
2023,11,24,17,0,26.400000000000002,22,300,43,2,25,0,7,25,85.97,70,1.5
2023,11,24,18,0,26.1,0,0,0,7,0,0,0,0,98.79,73,1.4000000000000001
2023,11,24,19,0,25.900000000000002,0,0,0,8,0,0,0,0,111.85000000000001,79,1.2000000000000002
2023,11,24,20,0,25.700000000000003,0,0,0,3,0,0,0,0,125.2,83,0.9
2023,11,24,21,0,25.6,0,0,0,0,0,0,0,0,138.72,73,0.5
2023,11,24,22,0,25.400000000000002,0,0,0,3,0,0,0,0,152.31,22,0.5
2023,11,24,23,0,25.1,0,0,0,0,0,0,0,0,165.76,357,1
2023,11,25,0,0,24.8,0,0,0,1,0,0,0,0,175.72,354,1.6
2023,11,25,1,0,24.5,0,0,0,8,0,0,0,0,165.33,359,2
2023,11,25,2,0,24.3,0,0,0,3,0,0,0,0,151.86,5,2.2
2023,11,25,3,0,24.200000000000003,0,0,0,8,0,0,0,0,138.28,10,2.3000000000000003
2023,11,25,4,0,24.200000000000003,0,0,0,8,0,0,0,0,124.77,17,2.3000000000000003
2023,11,25,5,0,24.3,0,0,0,8,0,0,0,0,111.44,25,2.3000000000000003
2023,11,25,6,0,24.5,0,0,0,1,0,0,0,0,98.4,28,2.4000000000000004
2023,11,25,7,0,24.8,23,334,48,3,26,0,7,26,85.63,29,2.5
2023,11,25,8,0,25.400000000000002,51,672,238,0,51,672,0,238,73.85000000000001,31,2.8000000000000003
2023,11,25,9,0,25.8,66,803,429,0,66,803,0,429,63.09,33,2.8000000000000003
2023,11,25,10,0,26.200000000000003,72,872,583,0,72,872,0,583,54.1,37,2.8000000000000003
2023,11,25,11,0,26.400000000000002,73,907,681,0,73,907,0,681,47.93,41,3
2023,11,25,12,0,26.6,72,919,714,0,72,919,0,714,45.730000000000004,42,3.2
2023,11,25,13,0,26.8,74,905,679,0,74,905,0,679,48.07,43,3.4000000000000004
2023,11,25,14,0,26.900000000000002,71,872,579,0,71,872,0,579,54.35,45,3.7
2023,11,25,15,0,26.900000000000002,63,806,424,1,63,806,0,424,63.410000000000004,50,4
2023,11,25,16,0,26.700000000000003,50,666,231,3,85,1,0,85,74.21000000000001,56,4.1000000000000005
2023,11,25,17,0,26.3,22,305,43,0,22,305,0,43,86,61,3.8000000000000003
2023,11,25,18,0,26.1,0,0,0,1,0,0,0,0,98.8,66,3.8000000000000003
2023,11,25,19,0,26,0,0,0,1,0,0,0,0,111.85000000000001,73,3.9000000000000004
2023,11,25,20,0,25.900000000000002,0,0,0,1,0,0,0,0,125.19,78,4.1000000000000005
2023,11,25,21,0,25.900000000000002,0,0,0,3,0,0,0,0,138.70000000000002,83,4.1000000000000005
2023,11,25,22,0,25.8,0,0,0,3,0,0,0,0,152.29,85,4.2
2023,11,25,23,0,25.700000000000003,0,0,0,3,0,0,0,0,165.76,86,4.2
2023,11,26,0,0,25.6,0,0,0,1,0,0,0,0,175.92000000000002,87,4.1000000000000005
2023,11,26,1,0,25.5,0,0,0,3,0,0,0,0,165.46,87,4
2023,11,26,2,0,25.400000000000002,0,0,0,3,0,0,0,0,151.98,86,4
2023,11,26,3,0,25.3,0,0,0,3,0,0,0,0,138.4,84,4
2023,11,26,4,0,25.3,0,0,0,3,0,0,0,0,124.89,81,4
2023,11,26,5,0,25.3,0,0,0,1,0,0,0,0,111.57000000000001,79,4.1000000000000005
2023,11,26,6,0,25.3,0,0,0,1,0,0,0,0,98.54,79,4.2
2023,11,26,7,0,25.8,24,265,44,0,24,265,0,44,85.78,79,4.5
2023,11,26,8,0,26.3,57,626,229,1,57,626,0,229,74.02,78,5
2023,11,26,9,0,26.6,72,770,419,1,72,770,0,419,63.27,79,4.9
2023,11,26,10,0,26.900000000000002,74,857,574,0,74,857,0,574,54.300000000000004,80,4.6000000000000005
2023,11,26,11,0,27.1,78,889,671,1,78,889,0,671,48.13,84,4
2023,11,26,12,0,27.1,78,900,704,3,348,87,0,409,45.92,95,3.3000000000000003
2023,11,26,13,0,27.200000000000003,77,889,669,3,311,41,0,338,48.230000000000004,113,2.8000000000000003
2023,11,26,14,0,27.200000000000003,72,858,571,1,72,858,0,571,54.47,134,2.5
2023,11,26,15,0,27.200000000000003,63,797,419,3,19,0,0,19,63.49,152,2.6
2023,11,26,16,0,27.200000000000003,51,654,228,1,51,654,0,228,74.26,169,2.7
2023,11,26,17,0,26.900000000000002,21,301,42,1,21,301,0,42,86.03,183,2.4000000000000004
2023,11,26,18,0,26.700000000000003,0,0,0,1,0,0,0,0,98.81,194,2.4000000000000004
2023,11,26,19,0,26.6,0,0,0,0,0,0,0,0,111.84,201,2.5
2023,11,26,20,0,26.400000000000002,0,0,0,0,0,0,0,0,125.17,208,2.6
2023,11,26,21,0,26.200000000000003,0,0,0,3,0,0,0,0,138.67000000000002,213,2.9000000000000004
2023,11,26,22,0,25.900000000000002,0,0,0,1,0,0,0,0,152.26,214,3.1
2023,11,26,23,0,25.700000000000003,0,0,0,3,0,0,0,0,165.75,215,3.1
2023,11,27,0,0,25.5,0,0,0,0,0,0,0,0,176.11,216,3.2
2023,11,27,1,0,25.3,0,0,0,8,0,0,0,0,165.59,218,3.2
2023,11,27,2,0,25.3,0,0,0,8,0,0,0,0,152.1,220,3.3000000000000003
2023,11,27,3,0,25.200000000000003,0,0,0,0,0,0,0,0,138.51,223,3.3000000000000003
2023,11,27,4,0,25.200000000000003,0,0,0,0,0,0,0,0,125.02,226,3.3000000000000003
2023,11,27,5,0,25.200000000000003,0,0,0,0,0,0,0,0,111.7,227,3.3000000000000003
2023,11,27,6,0,25.200000000000003,0,0,0,0,0,0,0,0,98.68,232,3.3000000000000003
2023,11,27,7,0,25.700000000000003,21,321,44,0,21,321,0,44,85.93,241,3.3000000000000003
2023,11,27,8,0,26.1,49,664,230,0,49,664,0,230,74.19,252,3.5
2023,11,27,9,0,26.5,63,797,419,0,63,797,0,419,63.46,264,3.5
2023,11,27,10,0,26.8,74,858,572,0,74,858,0,572,54.5,275,3.6
2023,11,27,11,0,27,76,894,671,0,76,894,0,671,48.33,286,3.7
2023,11,27,12,0,27.1,77,905,704,0,77,905,0,704,46.11,301,3.9000000000000004
2023,11,27,13,0,27.200000000000003,83,881,668,0,83,881,0,668,48.38,317,4.3
2023,11,27,14,0,27.1,78,845,568,0,78,845,0,568,54.58,333,4.9
2023,11,27,15,0,26.900000000000002,72,766,413,1,72,766,0,413,63.56,346,5.5
2023,11,27,16,0,26.6,60,599,222,0,60,599,0,222,74.31,356,5.7
2023,11,27,17,0,26.1,25,201,39,0,25,201,0,39,86.05,2,5.4
2023,11,27,18,0,25.8,0,0,0,0,0,0,0,0,98.81,7,5.300000000000001
2023,11,27,19,0,25.6,0,0,0,0,0,0,0,0,111.83,11,5.2
2023,11,27,20,0,25.400000000000002,0,0,0,0,0,0,0,0,125.15,13,5.1000000000000005
2023,11,27,21,0,25.1,0,0,0,0,0,0,0,0,138.64000000000001,14,4.9
2023,11,27,22,0,24.900000000000002,0,0,0,0,0,0,0,0,152.23,13,4.9
2023,11,27,23,0,24.700000000000003,0,0,0,0,0,0,0,0,165.74,12,5
2023,11,28,0,0,24.5,0,0,0,0,0,0,0,0,176.29,13,5.2
2023,11,28,1,0,24.3,0,0,0,0,0,0,0,0,165.72,16,5.2
2023,11,28,2,0,24,0,0,0,0,0,0,0,0,152.21,17,5.1000000000000005
2023,11,28,3,0,23.8,0,0,0,0,0,0,0,0,138.63,18,5
2023,11,28,4,0,23.6,0,0,0,0,0,0,0,0,125.14,19,4.800000000000001
2023,11,28,5,0,23.6,0,0,0,0,0,0,0,0,111.84,20,4.6000000000000005
2023,11,28,6,0,23.5,0,0,0,0,0,0,0,0,98.83,19,4.3
2023,11,28,7,0,23.8,25,208,39,0,25,208,0,39,86.08,19,4.2
2023,11,28,8,0,24.3,63,597,224,0,63,597,0,224,74.36,19,4.2
2023,11,28,9,0,24.5,81,755,416,0,81,755,0,416,63.64,18,4
2023,11,28,10,0,24.8,82,853,575,0,82,853,0,575,54.69,15,4
2023,11,28,11,0,25,86,890,676,0,86,890,0,676,48.52,14,4.1000000000000005
2023,11,28,12,0,25.1,87,901,710,0,87,901,0,710,46.29,11,4.3
2023,11,28,13,0,25.200000000000003,80,902,677,0,80,902,0,677,48.52,8,4.800000000000001
2023,11,28,14,0,25.200000000000003,77,867,578,0,77,867,0,578,54.68,7,5.4
2023,11,28,15,0,25,70,793,422,0,70,793,0,422,63.63,8,5.800000000000001
2023,11,28,16,0,24.700000000000003,55,650,230,0,55,650,0,230,74.35000000000001,11,5.800000000000001
2023,11,28,17,0,24.200000000000003,23,277,42,7,30,6,7,30,86.07000000000001,15,5.4
2023,11,28,18,0,24,0,0,0,7,0,0,0,0,98.81,15,5.5
2023,11,28,19,0,23.900000000000002,0,0,0,1,0,0,0,0,111.82000000000001,15,5.7
2023,11,28,20,0,23.900000000000002,0,0,0,1,0,0,0,0,125.12,16,5.6000000000000005
2023,11,28,21,0,23.8,0,0,0,8,0,0,0,0,138.61,19,5.4
2023,11,28,22,0,23.6,0,0,0,7,0,0,0,0,152.20000000000002,24,5.1000000000000005
2023,11,28,23,0,23.5,0,0,0,7,0,0,0,0,165.71,31,4.800000000000001
2023,11,29,0,0,23.5,0,0,0,7,0,0,0,0,176.47,35,4.5
2023,11,29,1,0,23.400000000000002,0,0,0,7,0,0,0,0,165.85,33,4.4
2023,11,29,2,0,23.400000000000002,0,0,0,7,0,0,0,0,152.33,30,4.4
2023,11,29,3,0,23.3,0,0,0,4,0,0,0,0,138.75,28,4.4
2023,11,29,4,0,23.3,0,0,0,7,0,0,0,0,125.27,28,4.4
2023,11,29,5,0,23.3,0,0,0,7,0,0,0,0,111.97,28,4.5
2023,11,29,6,0,23.3,0,0,0,7,0,0,0,0,98.97,29,4.5
2023,11,29,7,0,23.6,25,193,38,7,17,0,7,17,86.22,31,4.5
2023,11,29,8,0,24.1,64,590,222,7,124,47,0,137,74.52,33,4.6000000000000005
2023,11,29,9,0,24.400000000000002,83,754,416,7,170,35,0,185,63.81,37,4.800000000000001
2023,11,29,10,0,24.700000000000003,89,844,574,7,231,34,0,251,54.870000000000005,37,4.800000000000001
2023,11,29,11,0,24.700000000000003,95,880,675,7,281,49,0,314,48.71,32,4.800000000000001
2023,11,29,12,0,24.700000000000003,96,894,712,7,284,67,0,330,46.46,26,4.800000000000001
2023,11,29,13,0,24.700000000000003,93,886,678,7,246,456,0,548,48.660000000000004,22,4.9
2023,11,29,14,0,24.6,86,854,579,7,193,445,0,450,54.78,20,5.1000000000000005
2023,11,29,15,0,24.400000000000002,76,783,423,7,206,82,0,242,63.690000000000005,19,5.300000000000001
2023,11,29,16,0,24.1,59,637,230,7,127,198,0,180,74.38,21,5.1000000000000005
2023,11,29,17,0,23.8,24,256,42,7,28,2,7,28,86.08,24,4.9
2023,11,29,18,0,23.700000000000003,0,0,0,8,0,0,0,0,98.8,26,4.9
2023,11,29,19,0,23.700000000000003,0,0,0,2,0,0,0,0,111.8,29,4.9
2023,11,29,20,0,23.6,0,0,0,1,0,0,0,0,125.09,32,4.800000000000001
2023,11,29,21,0,23.6,0,0,0,1,0,0,0,0,138.57,36,4.800000000000001
2023,11,29,22,0,23.400000000000002,0,0,0,8,0,0,0,0,152.15,41,4.7
2023,11,29,23,0,23.400000000000002,0,0,0,7,0,0,0,0,165.68,47,4.5
2023,11,30,0,0,23.400000000000002,0,0,0,3,0,0,0,0,176.63,51,4.3
2023,11,30,1,0,23.400000000000002,0,0,0,1,0,0,0,0,165.97,54,4.2
2023,11,30,2,0,23.400000000000002,0,0,0,1,0,0,0,0,152.45000000000002,57,4.1000000000000005
2023,11,30,3,0,23.400000000000002,0,0,0,1,0,0,0,0,138.87,61,4.2
2023,11,30,4,0,23.400000000000002,0,0,0,1,0,0,0,0,125.39,63,4.2
2023,11,30,5,0,23.400000000000002,0,0,0,1,0,0,0,0,112.10000000000001,63,4.2
2023,11,30,6,0,23.400000000000002,0,0,0,1,0,0,0,0,99.11,62,4.3
2023,11,30,7,0,23.700000000000003,24,192,36,0,24,192,0,36,86.37,61,4.5
2023,11,30,8,0,24.200000000000003,63,590,219,0,63,590,0,219,74.68,62,5.1000000000000005
2023,11,30,9,0,24.5,80,757,412,0,80,757,0,412,63.99,64,5.4
2023,11,30,10,0,24.700000000000003,83,851,570,0,83,851,0,570,55.06,68,5.7
2023,11,30,11,0,25,89,884,670,0,89,884,0,670,48.89,71,5.9
2023,11,30,12,0,25.1,92,891,704,8,246,471,0,570,46.62,74,6
2023,11,30,13,0,25.3,88,884,671,3,342,81,0,395,48.79,77,5.9
2023,11,30,14,0,25.400000000000002,85,843,570,1,85,843,0,570,54.870000000000005,79,5.800000000000001
2023,11,30,15,0,25.400000000000002,79,759,414,3,16,0,0,16,63.75,80,5.7
2023,11,30,16,0,25.3,64,586,221,3,54,0,0,54,74.41,79,5.300000000000001
2023,11,30,17,0,25,26,177,38,2,24,0,7,24,86.08,77,4.6000000000000005
2023,11,30,18,0,24.900000000000002,0,0,0,3,0,0,0,0,98.79,75,4.4
2023,11,30,19,0,24.900000000000002,0,0,0,3,0,0,0,0,111.77,76,4.4
2023,11,30,20,0,25,0,0,0,7,0,0,0,0,125.05,79,4.5
2023,11,30,21,0,25,0,0,0,7,0,0,0,0,138.53,81,4.5
2023,11,30,22,0,25,0,0,0,7,0,0,0,0,152.11,83,4.5
2023,11,30,23,0,25.1,0,0,0,8,0,0,0,0,165.65,87,4.6000000000000005
2023,12,1,0,0,25.200000000000003,0,0,0,7,0,0,0,0,176.79,92,4.4
2023,12,1,1,0,25.3,0,0,0,3,0,0,0,0,166.1,96,4.1000000000000005
2023,12,1,2,0,25.3,0,0,0,3,0,0,0,0,152.57,99,3.8000000000000003
2023,12,1,3,0,25.400000000000002,0,0,0,7,0,0,0,0,138.99,105,3.9000000000000004
2023,12,1,4,0,25.400000000000002,0,0,0,8,0,0,0,0,125.52,108,4
2023,12,1,5,0,25.400000000000002,0,0,0,1,0,0,0,0,112.23,111,4.5
2023,12,1,6,0,25.400000000000002,0,0,0,1,0,0,0,0,99.25,114,5
2023,12,1,7,0,25.8,21,229,35,0,21,229,0,35,86.52,117,5.800000000000001
2023,12,1,8,0,26.3,55,612,215,1,55,612,0,215,74.84,119,6.300000000000001
2023,12,1,9,0,26.6,73,755,402,1,73,755,0,402,64.16,121,6.4
2023,12,1,10,0,26.900000000000002,81,835,557,3,218,3,0,219,55.230000000000004,123,6.2
2023,12,1,11,0,27.1,85,873,657,0,85,873,0,657,49.07,125,5.5
2023,12,1,12,0,27.3,85,886,692,8,279,331,0,506,46.78,126,4.6000000000000005
2023,12,1,13,0,27.3,89,865,657,0,89,865,0,657,48.910000000000004,124,3.9000000000000004
2023,12,1,14,0,27.3,84,831,561,0,84,831,0,561,54.95,119,3.4000000000000004
2023,12,1,15,0,27.200000000000003,74,760,409,1,74,760,0,409,63.79,112,3.2
2023,12,1,16,0,27,56,620,222,0,56,620,0,222,74.43,106,3.2
2023,12,1,17,0,26.5,23,247,40,0,23,247,0,40,86.08,103,3.2
2023,12,1,18,0,26.200000000000003,0,0,0,0,0,0,0,0,98.77,102,3.5
2023,12,1,19,0,26.1,0,0,0,7,0,0,0,0,111.74000000000001,102,3.6
2023,12,1,20,0,25.900000000000002,0,0,0,0,0,0,0,0,125.01,103,3.7
2023,12,1,21,0,25.900000000000002,0,0,0,0,0,0,0,0,138.48,105,3.6
2023,12,1,22,0,25.8,0,0,0,0,0,0,0,0,152.06,106,3.6
2023,12,1,23,0,25.8,0,0,0,0,0,0,0,0,165.61,108,3.8000000000000003
2023,12,2,0,0,25.700000000000003,0,0,0,0,0,0,0,0,176.93,112,4
2023,12,2,1,0,25.700000000000003,0,0,0,0,0,0,0,0,166.22,117,4.2
2023,12,2,2,0,25.700000000000003,0,0,0,3,0,0,0,0,152.68,123,4.1000000000000005
2023,12,2,3,0,25.6,0,0,0,0,0,0,0,0,139.11,127,4
2023,12,2,4,0,25.6,0,0,0,3,0,0,0,0,125.64,130,4
2023,12,2,5,0,25.6,0,0,0,0,0,0,0,0,112.36,132,3.7
2023,12,2,6,0,25.5,0,0,0,0,0,0,0,0,99.39,131,3.4000000000000004
2023,12,2,7,0,25.900000000000002,21,227,34,0,21,227,0,34,86.66,128,3.2
2023,12,2,8,0,26.400000000000002,54,618,213,0,54,618,0,213,75,126,3.3000000000000003
2023,12,2,9,0,26.700000000000003,69,771,403,0,69,771,0,403,64.33,125,3.3000000000000003
2023,12,2,10,0,27,76,849,558,0,76,849,0,558,55.410000000000004,128,3.3000000000000003
2023,12,2,11,0,27.200000000000003,80,885,658,3,330,78,0,381,49.24,131,3.7
2023,12,2,12,0,27.400000000000002,81,896,693,7,250,400,0,523,46.93,133,4.1000000000000005
2023,12,2,13,0,27.5,82,883,661,8,206,507,0,539,49.03,135,4.2
2023,12,2,14,0,27.6,76,852,564,0,76,852,0,564,55.03,135,4.1000000000000005
2023,12,2,15,0,27.5,68,783,413,7,127,537,0,364,63.84,135,3.9000000000000004
2023,12,2,16,0,27.3,53,637,224,7,105,319,0,191,74.44,132,3.6
2023,12,2,17,0,26.8,23,261,41,0,23,261,0,41,86.08,128,3.2
2023,12,2,18,0,26.6,0,0,0,0,0,0,0,0,98.75,125,3.2
2023,12,2,19,0,26.400000000000002,0,0,0,3,0,0,0,0,111.71000000000001,124,3.3000000000000003
2023,12,2,20,0,26.200000000000003,0,0,0,8,0,0,0,0,124.97,124,3.5
2023,12,2,21,0,26.1,0,0,0,7,0,0,0,0,138.43,127,3.8000000000000003
2023,12,2,22,0,26.1,0,0,0,8,0,0,0,0,152,132,3.9000000000000004
2023,12,2,23,0,26,0,0,0,8,0,0,0,0,165.56,136,3.7
2023,12,3,0,0,25.900000000000002,0,0,0,3,0,0,0,0,177.07,139,3.6
2023,12,3,1,0,25.700000000000003,0,0,0,1,0,0,0,0,166.35,142,3.6
2023,12,3,2,0,25.5,0,0,0,0,0,0,0,0,152.8,144,3.4000000000000004
2023,12,3,3,0,25.3,0,0,0,0,0,0,0,0,139.23,146,3.3000000000000003
2023,12,3,4,0,25.200000000000003,0,0,0,0,0,0,0,0,125.77,147,3.1
2023,12,3,5,0,25.1,0,0,0,0,0,0,0,0,112.5,149,2.9000000000000004
2023,12,3,6,0,25,0,0,0,0,0,0,0,0,99.53,152,2.7
2023,12,3,7,0,25.3,20,242,34,0,20,242,0,34,86.8,158,2.6
2023,12,3,8,0,25.700000000000003,53,652,220,0,53,652,0,220,75.16,163,2.8000000000000003
2023,12,3,9,0,26,66,811,416,0,66,811,0,416,64.49,169,2.8000000000000003
2023,12,3,10,0,26.3,70,894,575,0,70,894,0,575,55.58,174,2.8000000000000003
2023,12,3,11,0,26.700000000000003,72,929,676,0,72,929,0,676,49.410000000000004,182,2.6
2023,12,3,12,0,27,71,943,713,1,71,943,0,713,47.07,189,2.4000000000000004
2023,12,3,13,0,27.200000000000003,70,931,679,2,350,96,0,414,49.14,192,2.3000000000000003
2023,12,3,14,0,27.400000000000002,66,901,581,1,66,901,0,581,55.1,194,2.3000000000000003
2023,12,3,15,0,27.400000000000002,57,838,426,3,89,0,0,89,63.870000000000005,196,2.2
2023,12,3,16,0,27.3,45,705,234,1,45,705,0,234,74.45,196,2.1
2023,12,3,17,0,26.700000000000003,20,356,45,0,20,356,0,45,86.07000000000001,192,1.9000000000000001
2023,12,3,18,0,26.400000000000002,0,0,0,0,0,0,0,0,98.73,188,1.8
2023,12,3,19,0,26.200000000000003,0,0,0,0,0,0,0,0,111.67,184,1.8
2023,12,3,20,0,26.1,0,0,0,0,0,0,0,0,124.92,181,1.8
2023,12,3,21,0,25.900000000000002,0,0,0,0,0,0,0,0,138.37,176,1.9000000000000001
2023,12,3,22,0,25.700000000000003,0,0,0,0,0,0,0,0,151.94,173,2
2023,12,3,23,0,25.5,0,0,0,0,0,0,0,0,165.51,172,2
2023,12,4,0,0,25.3,0,0,0,0,0,0,0,0,177.19,170,2.2
2023,12,4,1,0,25.1,0,0,0,0,0,0,0,0,166.47,169,2.4000000000000004
2023,12,4,2,0,24.900000000000002,0,0,0,0,0,0,0,0,152.92000000000002,172,2.5
2023,12,4,3,0,24.8,0,0,0,0,0,0,0,0,139.35,179,2.4000000000000004
2023,12,4,4,0,24.700000000000003,0,0,0,0,0,0,0,0,125.89,186,2.1
2023,12,4,5,0,24.8,0,0,0,1,0,0,0,0,112.63,191,1.9000000000000001
2023,12,4,6,0,24.8,0,0,0,0,0,0,0,0,99.67,202,1.7000000000000002
2023,12,4,7,0,24.8,18,306,34,0,18,306,0,34,86.94,214,1.5
2023,12,4,8,0,25.200000000000003,46,693,222,0,46,693,0,222,75.31,222,1.5
2023,12,4,9,0,25.700000000000003,58,837,416,0,58,837,0,416,64.65,223,1.5
2023,12,4,10,0,26.3,69,898,574,0,69,898,0,574,55.74,228,1.5
2023,12,4,11,0,26.8,72,933,677,0,72,933,0,677,49.56,235,1.6
2023,12,4,12,0,27.200000000000003,72,945,714,0,72,945,0,714,47.21,243,1.6
2023,12,4,13,0,27.400000000000002,75,928,680,0,75,928,0,680,49.24,257,1.6
2023,12,4,14,0,27.400000000000002,71,894,581,1,71,894,0,581,55.160000000000004,272,1.5
2023,12,4,15,0,27.400000000000002,63,824,426,0,63,824,0,426,63.9,288,1.4000000000000001
2023,12,4,16,0,27.200000000000003,50,687,234,8,97,374,0,197,74.46000000000001,300,1.3
2023,12,4,17,0,26.700000000000003,22,321,44,1,22,321,0,44,86.05,312,1.1
2023,12,4,18,0,26.400000000000002,0,0,0,0,0,0,0,0,98.69,329,1
2023,12,4,19,0,26.200000000000003,0,0,0,0,0,0,0,0,111.62,345,1.1
2023,12,4,20,0,26,0,0,0,0,0,0,0,0,124.87,359,1.1
2023,12,4,21,0,25.8,0,0,0,0,0,0,0,0,138.31,16,0.9
2023,12,4,22,0,25.6,0,0,0,0,0,0,0,0,151.88,49,0.7000000000000001
2023,12,4,23,0,25.5,0,0,0,0,0,0,0,0,165.45000000000002,82,0.6000000000000001
2023,12,5,0,0,25.400000000000002,0,0,0,0,0,0,0,0,177.31,89,0.4
2023,12,5,1,0,25.3,0,0,0,0,0,0,0,0,166.6,46,0.30000000000000004
2023,12,5,2,0,25.1,0,0,0,3,0,0,0,0,153.04,21,0.4
2023,12,5,3,0,24.900000000000002,0,0,0,7,0,0,0,0,139.47,35,0.5
2023,12,5,4,0,24.8,0,0,0,8,0,0,0,0,126.02,32,0.7000000000000001
2023,12,5,5,0,24.8,0,0,0,0,0,0,0,0,112.76,22,0.9
2023,12,5,6,0,24.8,0,0,0,1,0,0,0,0,99.81,22,1.2000000000000002
2023,12,5,7,0,24.900000000000002,19,227,30,1,19,227,0,30,87.08,26,1.2000000000000002
2023,12,5,8,0,25.3,53,625,210,0,53,625,0,210,75.46000000000001,36,1.2000000000000002
2023,12,5,9,0,25.6,69,779,400,0,69,779,0,400,64.81,49,1
2023,12,5,10,0,26.1,78,853,556,0,78,853,0,556,55.9,61,0.8
2023,12,5,11,0,26.700000000000003,83,887,657,0,83,887,0,657,49.72,71,0.5
2023,12,5,12,0,27.1,85,897,693,1,85,897,0,693,47.34,137,0.1
2023,12,5,13,0,27.5,85,882,660,2,355,119,0,432,49.33,256,0.5
2023,12,5,14,0,27.6,80,848,564,8,192,16,0,201,55.22,275,0.9
2023,12,5,15,0,27.6,71,778,412,3,41,0,0,41,63.93,286,1.3
2023,12,5,16,0,27.400000000000002,55,634,225,1,55,634,0,225,74.46000000000001,291,1.4000000000000001
2023,12,5,17,0,26.900000000000002,23,276,42,3,25,0,7,25,86.03,293,1.3
2023,12,5,18,0,26.5,0,0,0,1,0,0,0,0,98.66,290,1.3
2023,12,5,19,0,26.3,0,0,0,0,0,0,0,0,111.58,282,1.4000000000000001
2023,12,5,20,0,26.1,0,0,0,7,0,0,0,0,124.81,272,1.5
2023,12,5,21,0,25.8,0,0,0,8,0,0,0,0,138.25,266,1.8
2023,12,5,22,0,25.5,0,0,0,3,0,0,0,0,151.81,269,2.1
2023,12,5,23,0,25.3,0,0,0,0,0,0,0,0,165.38,277,2.6
2023,12,6,0,0,25,0,0,0,1,0,0,0,0,177.4,286,2.9000000000000004
2023,12,6,1,0,24.8,0,0,0,0,0,0,0,0,166.72,295,3.1
2023,12,6,2,0,24.6,0,0,0,0,0,0,0,0,153.16,304,3.2
2023,12,6,3,0,24.400000000000002,0,0,0,0,0,0,0,0,139.59,314,3.5
2023,12,6,4,0,24.400000000000002,0,0,0,0,0,0,0,0,126.14,320,3.7
2023,12,6,5,0,24.5,0,0,0,0,0,0,0,0,112.89,322,4.2
2023,12,6,6,0,24.6,0,0,0,0,0,0,0,0,99.94,322,4.7
2023,12,6,7,0,24.900000000000002,20,143,27,3,13,0,7,13,87.22,321,5.5
2023,12,6,8,0,25.200000000000003,64,561,204,0,64,561,0,204,75.61,320,6.6000000000000005
2023,12,6,9,0,25.1,84,746,400,0,84,746,0,400,64.97,320,7.300000000000001
2023,12,6,10,0,25,86,857,564,0,86,857,0,564,56.06,320,7.5
2023,12,6,11,0,24.900000000000002,91,899,670,0,91,899,0,670,49.86,323,7.5
2023,12,6,12,0,24.8,94,911,710,7,165,693,0,633,47.47,327,7.5
2023,12,6,13,0,24.700000000000003,89,914,684,7,254,431,0,534,49.42,331,7.300000000000001
2023,12,6,14,0,24.6,84,882,587,8,144,620,0,498,55.27,334,6.9
2023,12,6,15,0,24.5,76,809,432,7,156,480,0,367,63.95,336,6.9
2023,12,6,16,0,24.200000000000003,61,649,235,8,124,253,0,191,74.45,338,7.300000000000001
2023,12,6,17,0,23.5,26,249,44,7,30,3,7,30,86,341,7.4
2023,12,6,18,0,23.1,0,0,0,8,0,0,0,0,98.62,345,7.5
2023,12,6,19,0,22.8,0,0,0,7,0,0,0,0,111.52,349,7.800000000000001
2023,12,6,20,0,22.400000000000002,0,0,0,7,0,0,0,0,124.75,354,8
2023,12,6,21,0,22,0,0,0,7,0,0,0,0,138.18,359,8
2023,12,6,22,0,21.8,0,0,0,7,0,0,0,0,151.73,4,7.800000000000001
2023,12,6,23,0,21.700000000000003,0,0,0,7,0,0,0,0,165.31,10,7.5
2023,12,7,0,0,21.700000000000003,0,0,0,8,0,0,0,0,177.49,15,7.300000000000001
2023,12,7,1,0,21.700000000000003,0,0,0,7,0,0,0,0,166.84,20,7.1000000000000005
2023,12,7,2,0,21.6,0,0,0,7,0,0,0,0,153.28,25,6.9
2023,12,7,3,0,21.700000000000003,0,0,0,7,0,0,0,0,139.71,29,6.6000000000000005
2023,12,7,4,0,21.6,0,0,0,8,0,0,0,0,126.27,31,6.300000000000001
2023,12,7,5,0,21.6,0,0,0,2,0,0,0,0,113.02,37,6
2023,12,7,6,0,21.6,0,0,0,8,0,0,0,0,100.08,43,5.800000000000001
2023,12,7,7,0,21.8,21,110,26,2,16,0,7,16,87.35000000000001,48,5.6000000000000005
2023,12,7,8,0,22.400000000000002,68,563,207,7,128,163,0,168,75.76,53,5.7
2023,12,7,9,0,22.6,89,750,404,0,89,750,0,404,65.12,59,5.7
2023,12,7,10,0,23,88,872,573,3,301,58,0,333,56.21,61,5.6000000000000005
2023,12,7,11,0,23.200000000000003,96,905,678,3,240,1,0,241,50,59,5.300000000000001
2023,12,7,12,0,23.400000000000002,100,914,716,7,202,577,0,591,47.58,58,5
2023,12,7,13,0,23.5,93,911,685,2,376,151,0,475,49.5,59,4.9
2023,12,7,14,0,23.6,89,875,587,7,157,614,0,506,55.31,58,4.800000000000001
2023,12,7,15,0,23.6,80,800,431,7,145,537,0,381,63.96,57,4.800000000000001
2023,12,7,16,0,23.400000000000002,63,642,235,7,119,291,0,198,74.43,60,4.800000000000001
2023,12,7,17,0,23,27,245,44,2,29,0,7,29,85.97,66,4.5
2023,12,7,18,0,22.900000000000002,0,0,0,2,0,0,0,0,98.57000000000001,72,4.5
2023,12,7,19,0,22.900000000000002,0,0,0,7,0,0,0,0,111.47,77,4.5
2023,12,7,20,0,22.8,0,0,0,7,0,0,0,0,124.68,80,4.4
2023,12,7,21,0,22.8,0,0,0,2,0,0,0,0,138.11,81,4.4
2023,12,7,22,0,22.700000000000003,0,0,0,8,0,0,0,0,151.66,84,4.6000000000000005
2023,12,7,23,0,22.6,0,0,0,8,0,0,0,0,165.24,88,4.6000000000000005
2023,12,8,0,0,22.6,0,0,0,8,0,0,0,0,177.56,91,4.6000000000000005
2023,12,8,1,0,22.5,0,0,0,1,0,0,0,0,166.96,93,4.7
2023,12,8,2,0,22.5,0,0,0,8,0,0,0,0,153.39000000000001,94,4.6000000000000005
2023,12,8,3,0,22.5,0,0,0,3,0,0,0,0,139.83,92,4.6000000000000005
2023,12,8,4,0,22.5,0,0,0,7,0,0,0,0,126.39,90,4.6000000000000005
2023,12,8,5,0,22.6,0,0,0,2,0,0,0,0,113.15,91,4.9
2023,12,8,6,0,22.700000000000003,0,0,0,1,0,0,0,0,100.21000000000001,94,5.2
2023,12,8,7,0,23.1,19,161,26,1,19,161,0,26,87.48,98,5.300000000000001
2023,12,8,8,0,23.8,58,599,204,0,58,599,0,204,75.9,101,5.800000000000001
2023,12,8,9,0,24.200000000000003,78,767,399,0,78,767,0,399,65.26,104,6
2023,12,8,10,0,24.5,87,850,558,0,87,850,0,558,56.36,105,6
2023,12,8,11,0,24.8,95,882,660,0,95,882,0,660,50.14,105,5.9
2023,12,8,12,0,25,100,886,696,0,100,886,0,696,47.69,107,5.800000000000001
2023,12,8,13,0,25.200000000000003,99,875,666,2,359,230,0,508,49.58,109,5.7
2023,12,8,14,0,25.200000000000003,94,836,569,8,155,575,0,482,55.35,108,5.300000000000001
2023,12,8,15,0,25.200000000000003,85,752,415,8,178,360,0,336,63.96,106,5.300000000000001
2023,12,8,16,0,25,69,576,224,7,12,0,0,12,74.42,105,5.4
2023,12,8,17,0,24.5,28,180,41,8,28,2,7,28,85.94,103,5.1000000000000005
2023,12,8,18,0,24.400000000000002,0,0,0,3,0,0,0,0,98.52,103,5.1000000000000005
2023,12,8,19,0,24.400000000000002,0,0,0,7,0,0,0,0,111.41,101,5.1000000000000005
2023,12,8,20,0,24.400000000000002,0,0,0,3,0,0,0,0,124.61,99,5.2
2023,12,8,21,0,24.400000000000002,0,0,0,0,0,0,0,0,138.03,97,5.2
2023,12,8,22,0,24.400000000000002,0,0,0,0,0,0,0,0,151.58,96,5.300000000000001
2023,12,8,23,0,24.3,0,0,0,8,0,0,0,0,165.16,95,5.4
2023,12,9,0,0,24.200000000000003,0,0,0,7,0,0,0,0,177.62,95,5.5
2023,12,9,1,0,24.200000000000003,0,0,0,3,0,0,0,0,167.09,97,5.5
2023,12,9,2,0,24.200000000000003,0,0,0,8,0,0,0,0,153.51,98,5.6000000000000005
2023,12,9,3,0,24.200000000000003,0,0,0,7,0,0,0,0,139.96,98,5.9
2023,12,9,4,0,24.1,0,0,0,7,0,0,0,0,126.52,100,6
2023,12,9,5,0,24.200000000000003,0,0,0,7,0,0,0,0,113.28,101,6
2023,12,9,6,0,24.200000000000003,0,0,0,3,0,0,0,0,100.35000000000001,101,6
2023,12,9,7,0,24.400000000000002,18,112,23,3,12,0,7,12,87.61,101,5.9
2023,12,9,8,0,24.900000000000002,61,558,196,1,61,558,0,196,76.04,100,6.2
2023,12,9,9,0,25.200000000000003,80,738,387,3,215,33,0,228,65.41,100,6.4
2023,12,9,10,0,25.5,83,845,549,1,83,845,0,549,56.5,100,6.300000000000001
2023,12,9,11,0,25.700000000000003,89,882,653,1,89,882,0,653,50.27,102,6.2
2023,12,9,12,0,25.900000000000002,91,895,692,0,91,895,0,692,47.79,104,5.9
2023,12,9,13,0,26,86,893,664,0,86,893,0,664,49.64,105,5.5
2023,12,9,14,0,26,82,856,568,2,315,152,0,402,55.38,103,5.2
2023,12,9,15,0,25.900000000000002,74,782,417,0,74,782,0,417,63.96,101,5.2
2023,12,9,16,0,25.6,59,629,228,0,59,629,0,228,74.39,99,5.300000000000001
2023,12,9,17,0,25.1,25,254,43,0,25,254,0,43,85.9,98,5.2
2023,12,9,18,0,25,0,0,0,0,0,0,0,0,98.47,98,5.4
2023,12,9,19,0,24.900000000000002,0,0,0,0,0,0,0,0,111.34,98,5.4
2023,12,9,20,0,24.900000000000002,0,0,0,0,0,0,0,0,124.54,98,5.5
2023,12,9,21,0,24.900000000000002,0,0,0,3,0,0,0,0,137.95000000000002,99,5.7
2023,12,9,22,0,24.8,0,0,0,3,0,0,0,0,151.49,100,5.800000000000001
2023,12,9,23,0,24.700000000000003,0,0,0,0,0,0,0,0,165.08,102,5.800000000000001
2023,12,10,0,0,24.700000000000003,0,0,0,2,0,0,0,0,177.66,103,5.800000000000001
2023,12,10,1,0,24.6,0,0,0,8,0,0,0,0,167.21,104,5.6000000000000005
2023,12,10,2,0,24.5,0,0,0,2,0,0,0,0,153.63,105,5.4
2023,12,10,3,0,24.400000000000002,0,0,0,7,0,0,0,0,140.08,106,5.2
2023,12,10,4,0,24.400000000000002,0,0,0,7,0,0,0,0,126.64,106,4.9
2023,12,10,5,0,24.400000000000002,0,0,0,7,0,0,0,0,113.41,105,5.2
2023,12,10,6,0,24.400000000000002,0,0,0,7,0,0,0,0,100.48,107,5.2
2023,12,10,7,0,24.700000000000003,18,120,22,8,16,1,7,16,87.74,110,5.1000000000000005
2023,12,10,8,0,25.3,60,559,194,8,112,195,0,159,76.18,113,5.7
2023,12,10,9,0,25.700000000000003,84,716,380,0,84,716,0,380,65.55,118,6
2023,12,10,10,0,26,75,857,547,1,75,857,0,547,56.63,123,5.9
2023,12,10,11,0,26.200000000000003,80,891,648,3,183,0,0,183,50.39,130,5.5
2023,12,10,12,0,26.5,83,899,686,0,83,899,0,686,47.89,133,6.300000000000001
2023,12,10,13,0,26.6,79,893,657,0,79,893,0,657,49.7,135,7
2023,12,10,14,0,26.5,78,848,560,3,105,0,0,105,55.4,139,6.5
2023,12,10,15,0,26.3,73,762,407,7,82,1,0,82,63.95,143,5.6000000000000005
2023,12,10,16,0,26.1,59,603,221,8,7,0,7,7,74.36,145,5.1000000000000005
2023,12,10,17,0,25.8,26,216,41,7,22,1,7,22,85.85000000000001,148,4.800000000000001
2023,12,10,18,0,25.700000000000003,0,0,0,8,0,0,0,0,98.41,149,4.7
2023,12,10,19,0,25.700000000000003,0,0,0,3,0,0,0,0,111.27,150,4.5
2023,12,10,20,0,25.6,0,0,0,1,0,0,0,0,124.46000000000001,152,4.2
2023,12,10,21,0,25.6,0,0,0,8,0,0,0,0,137.87,154,4.2
2023,12,10,22,0,25.6,0,0,0,0,0,0,0,0,151.41,158,4.7
2023,12,10,23,0,25.5,0,0,0,0,0,0,0,0,164.99,162,4.9
2023,12,11,0,0,25.400000000000002,0,0,0,7,0,0,0,0,177.69,167,5
2023,12,11,1,0,25.3,0,0,0,3,0,0,0,0,167.33,168,5.300000000000001
2023,12,11,2,0,25.1,0,0,0,7,0,0,0,0,153.75,171,5.5
2023,12,11,3,0,24.900000000000002,0,0,0,7,0,0,0,0,140.20000000000002,182,5.300000000000001
2023,12,11,4,0,24.8,0,0,0,3,0,0,0,0,126.77,185,5.2
2023,12,11,5,0,24.8,0,0,0,0,0,0,0,0,113.54,188,5.300000000000001
2023,12,11,6,0,24.8,0,0,0,0,0,0,0,0,100.61,198,5
2023,12,11,7,0,25,16,101,20,0,16,101,0,20,87.87,225,4.6000000000000005
2023,12,11,8,0,25.200000000000003,59,530,184,7,118,151,0,154,76.32000000000001,260,4.9
2023,12,11,9,0,25.3,78,714,372,3,219,39,0,235,65.68,296,5.2
2023,12,11,10,0,25.200000000000003,84,814,530,3,59,0,0,59,56.76,324,5.800000000000001
2023,12,11,11,0,25.200000000000003,90,856,634,0,90,856,0,634,50.5,340,6.2
2023,12,11,12,0,25.200000000000003,92,871,675,8,295,61,0,335,47.980000000000004,346,6.300000000000001
2023,12,11,13,0,25.3,94,856,647,8,206,495,0,526,49.75,348,6.2
2023,12,11,14,0,25.200000000000003,91,817,554,7,223,331,0,411,55.42,350,6
2023,12,11,15,0,25,82,739,406,7,205,123,0,259,63.940000000000005,354,6
2023,12,11,16,0,24.700000000000003,64,581,221,7,110,19,0,115,74.33,360,5.9
2023,12,11,17,0,24.400000000000002,27,206,42,7,28,1,7,28,85.8,6,5.800000000000001
2023,12,11,18,0,24.3,0,0,0,7,0,0,0,0,98.34,13,5.9
2023,12,11,19,0,24.200000000000003,0,0,0,7,0,0,0,0,111.2,18,6
2023,12,11,20,0,24.1,0,0,0,8,0,0,0,0,124.38000000000001,19,6
2023,12,11,21,0,24,0,0,0,8,0,0,0,0,137.78,19,6
2023,12,11,22,0,23.8,0,0,0,7,0,0,0,0,151.32,18,6
2023,12,11,23,0,23.6,0,0,0,7,0,0,0,0,164.91,20,6.1000000000000005
2023,12,12,0,0,23.5,0,0,0,7,0,0,0,0,177.70000000000002,21,6.1000000000000005
2023,12,12,1,0,23.5,0,0,0,7,0,0,0,0,167.45000000000002,22,6
2023,12,12,2,0,23.400000000000002,0,0,0,8,0,0,0,0,153.87,23,5.800000000000001
2023,12,12,3,0,23.400000000000002,0,0,0,7,0,0,0,0,140.32,27,5.5
2023,12,12,4,0,23.400000000000002,0,0,0,7,0,0,0,0,126.89,29,5.4
2023,12,12,5,0,23.400000000000002,0,0,0,7,0,0,0,0,113.66,28,5.4
2023,12,12,6,0,23.5,0,0,0,8,0,0,0,0,100.74000000000001,28,5.5
2023,12,12,7,0,23.8,16,91,19,7,12,0,7,12,87.99,29,5.800000000000001
2023,12,12,8,0,24.1,60,537,186,8,119,114,0,145,76.45,31,6.300000000000001
2023,12,12,9,0,24.400000000000002,82,715,375,7,182,102,0,224,65.81,34,6.7
2023,12,12,10,0,24.700000000000003,95,796,530,7,239,263,1,383,56.89,37,6.9
2023,12,12,11,0,25,101,837,632,6,189,6,0,193,50.61,36,7.1000000000000005
2023,12,12,12,0,25.3,101,854,672,8,302,142,0,397,48.06,35,7.2
2023,12,12,13,0,25.3,97,850,645,8,42,0,0,42,49.800000000000004,36,7.5
2023,12,12,14,0,25.3,91,814,553,8,111,1,0,112,55.43,37,7.800000000000001
2023,12,12,15,0,25.3,82,735,405,7,55,0,0,55,63.92,39,7.9
2023,12,12,16,0,25.1,66,566,219,7,32,0,0,32,74.29,40,7.800000000000001
2023,12,12,17,0,25,28,167,41,7,19,0,7,19,85.75,40,7.5
2023,12,12,18,0,24.900000000000002,0,0,0,7,0,0,0,0,98.27,41,7.4
2023,12,12,19,0,24.900000000000002,0,0,0,7,0,0,0,0,111.12,41,7.6000000000000005
2023,12,12,20,0,24.8,0,0,0,7,0,0,0,0,124.3,42,7.7
2023,12,12,21,0,24.700000000000003,0,0,0,6,0,0,0,0,137.69,43,7.7
2023,12,12,22,0,24.6,0,0,0,7,0,0,0,0,151.23,46,7.6000000000000005
2023,12,12,23,0,24.6,0,0,0,7,0,0,0,0,164.81,49,7.4
2023,12,13,0,0,24.6,0,0,0,8,0,0,0,0,177.70000000000002,52,7
2023,12,13,1,0,24.700000000000003,0,0,0,7,0,0,0,0,167.57,55,6.7
2023,12,13,2,0,24.8,0,0,0,7,0,0,0,0,153.99,58,6.4
2023,12,13,3,0,24.900000000000002,0,0,0,7,0,0,0,0,140.44,60,6.2
2023,12,13,4,0,24.900000000000002,0,0,0,7,0,0,0,0,127.01,62,6.4
2023,12,13,5,0,25,0,0,0,7,0,0,0,0,113.79,61,6.5
2023,12,13,6,0,25.1,0,0,0,7,0,0,0,0,100.87,61,6.300000000000001
2023,12,13,7,0,25.200000000000003,15,117,19,7,10,0,7,10,88.11,60,6.1000000000000005
2023,12,13,8,0,25.400000000000002,55,559,185,7,60,3,0,60,76.58,59,6.1000000000000005
2023,12,13,9,0,25.5,76,728,372,8,182,196,0,262,65.94,58,5.800000000000001
2023,12,13,10,0,25.700000000000003,90,801,527,7,252,155,0,336,57,59,5.5
2023,12,13,11,0,25.700000000000003,100,833,627,7,290,179,0,404,50.71,59,5.4
2023,12,13,12,0,25.6,101,850,668,7,290,74,0,339,48.13,58,5.5
2023,12,13,13,0,25.6,97,847,643,7,113,1,0,114,49.83,57,5.800000000000001
2023,12,13,14,0,25.5,88,820,554,7,11,0,0,11,55.43,55,6.2
2023,12,13,15,0,25.400000000000002,76,757,409,7,71,1,0,71,63.89,54,6.7
2023,12,13,16,0,25.200000000000003,58,617,226,7,93,16,0,97,74.24,55,7
2023,12,13,17,0,25.1,26,253,45,7,27,2,7,27,85.69,55,7.4
2023,12,13,18,0,25,0,0,0,7,0,0,0,0,98.2,55,7.800000000000001
2023,12,13,19,0,24.900000000000002,0,0,0,7,0,0,0,0,111.04,56,8.1
2023,12,13,20,0,24.900000000000002,0,0,0,7,0,0,0,0,124.21000000000001,57,8.4
2023,12,13,21,0,24.8,0,0,0,7,0,0,0,0,137.6,58,8.3
2023,12,13,22,0,24.8,0,0,0,7,0,0,0,0,151.13,58,7.9
2023,12,13,23,0,24.700000000000003,0,0,0,5,0,0,0,0,164.72,56,7.5
2023,12,14,0,0,24.700000000000003,0,0,0,7,0,0,0,0,177.68,55,7
2023,12,14,1,0,24.700000000000003,0,0,0,7,0,0,0,0,167.69,56,6.7
2023,12,14,2,0,24.700000000000003,0,0,0,0,0,0,0,0,154.11,57,6.6000000000000005
2023,12,14,3,0,24.700000000000003,0,0,0,3,0,0,0,0,140.56,57,6.5
2023,12,14,4,0,24.700000000000003,0,0,0,3,0,0,0,0,127.13000000000001,58,6.5
2023,12,14,5,0,24.700000000000003,0,0,0,3,0,0,0,0,113.91,61,6.800000000000001
2023,12,14,6,0,24.700000000000003,0,0,0,1,0,0,0,0,100.99000000000001,62,7.1000000000000005
2023,12,14,7,0,24.8,15,64,17,3,7,0,7,7,88.22,63,7.6000000000000005
2023,12,14,8,0,25.1,59,523,179,3,36,0,0,36,76.7,62,8.200000000000001
2023,12,14,9,0,25.200000000000003,80,704,366,7,13,0,0,13,66.06,64,8.5
2023,12,14,10,0,25.3,102,764,517,7,21,0,0,21,57.120000000000005,68,8.8
2023,12,14,11,0,25.400000000000002,112,804,620,7,232,22,0,245,50.81,67,8.6
2023,12,14,12,0,25.400000000000002,121,805,658,7,337,80,0,391,48.19,64,8.6
2023,12,14,13,0,25.3,147,733,619,7,267,36,0,290,49.86,61,8.9
2023,12,14,14,0,25.1,153,654,524,8,220,23,0,233,55.42,59,9.3
2023,12,14,15,0,24.8,149,509,373,7,157,12,0,163,63.86,56,9.8
2023,12,14,16,0,24.5,113,302,196,7,4,0,0,4,74.19,53,10.200000000000001
2023,12,14,17,0,24.200000000000003,31,28,33,7,15,0,7,15,85.62,52,10.700000000000001
2023,12,14,18,0,24,0,0,0,7,0,0,0,0,98.13,53,11.4
2023,12,14,19,0,23.8,0,0,0,7,0,0,0,0,110.96000000000001,55,12
2023,12,14,20,0,23.700000000000003,0,0,0,7,0,0,0,0,124.12,57,12.200000000000001
2023,12,14,21,0,23.6,0,0,0,7,0,0,0,0,137.51,58,12.3
2023,12,14,22,0,23.6,0,0,0,7,0,0,0,0,151.03,59,12
2023,12,14,23,0,23.700000000000003,0,0,0,6,0,0,0,0,164.62,60,11.700000000000001
2023,12,15,0,0,23.700000000000003,0,0,0,7,0,0,0,0,177.65,60,11.3
2023,12,15,1,0,23.700000000000003,0,0,0,7,0,0,0,0,167.81,60,11.200000000000001
2023,12,15,2,0,23.700000000000003,0,0,0,7,0,0,0,0,154.22,60,11.200000000000001
2023,12,15,3,0,23.700000000000003,0,0,0,6,0,0,0,0,140.68,60,11.100000000000001
2023,12,15,4,0,23.6,0,0,0,6,0,0,0,0,127.25,60,11
2023,12,15,5,0,23.6,0,0,0,8,0,0,0,0,114.03,60,11.100000000000001
2023,12,15,6,0,23.6,0,0,0,5,0,0,0,0,101.11,61,11.100000000000001
2023,12,15,7,0,23.6,10,2,10,7,7,0,7,7,88.33,62,11.100000000000001
2023,12,15,8,0,23.8,94,279,157,6,45,0,0,45,76.82000000000001,63,11.200000000000001
2023,12,15,9,0,23.900000000000002,139,490,337,7,166,20,0,174,66.18,64,11.3
2023,12,15,10,0,24.1,165,598,489,7,179,8,0,184,57.22,66,11.200000000000001
2023,12,15,11,0,24.200000000000003,179,655,592,8,219,12,0,227,50.9,68,11.200000000000001
2023,12,15,12,0,24.200000000000003,183,676,633,8,70,0,0,70,48.25,69,11
2023,12,15,13,0,24.200000000000003,180,665,608,6,124,1,0,124,49.88,69,10.8
2023,12,15,14,0,24.1,175,603,517,6,62,0,0,62,55.410000000000004,69,10.600000000000001
2023,12,15,15,0,24,156,494,373,7,140,7,0,143,63.82,67,10.4
2023,12,15,16,0,24,111,321,199,8,129,18,0,134,74.13,66,10.100000000000001
2023,12,15,17,0,23.900000000000002,32,42,36,7,14,0,7,14,85.55,67,10.100000000000001
2023,12,15,18,0,24,0,0,0,7,0,0,0,0,98.05,69,10.100000000000001
2023,12,15,19,0,24,0,0,0,7,0,0,0,0,110.87,72,10.100000000000001
2023,12,15,20,0,24.1,0,0,0,7,0,0,0,0,124.03,74,10.100000000000001
2023,12,15,21,0,24.1,0,0,0,7,0,0,0,0,137.41,76,10
2023,12,15,22,0,24,0,0,0,7,0,0,0,0,150.93,78,9.8
2023,12,15,23,0,24,0,0,0,8,0,0,0,0,164.52,80,9.600000000000001
2023,12,16,0,0,24,0,0,0,5,0,0,0,0,177.61,83,9.600000000000001
2023,12,16,1,0,24,0,0,0,7,0,0,0,0,167.93,86,9.4
2023,12,16,2,0,24,0,0,0,8,0,0,0,0,154.34,88,9.1
2023,12,16,3,0,24,0,0,0,7,0,0,0,0,140.8,90,8.9
2023,12,16,4,0,24,0,0,0,2,0,0,0,0,127.37,92,8.8
2023,12,16,5,0,24.1,0,0,0,7,0,0,0,0,114.15,94,8.700000000000001
2023,12,16,6,0,24.200000000000003,0,0,0,7,0,0,0,0,101.24000000000001,97,8.200000000000001
2023,12,16,7,0,24.3,13,21,14,7,9,0,7,9,88.45,101,8.1
2023,12,16,8,0,24.6,71,436,169,7,34,0,0,34,76.94,102,8.4
2023,12,16,9,0,24.8,105,613,352,7,40,0,0,40,66.29,102,8.700000000000001
2023,12,16,10,0,24.900000000000002,127,700,505,7,178,10,0,183,57.33,101,8.700000000000001
2023,12,16,11,0,24.900000000000002,132,761,611,6,133,1,0,134,50.980000000000004,102,9.200000000000001
2023,12,16,12,0,24.8,131,786,654,6,53,0,0,53,48.300000000000004,104,9.8
2023,12,16,13,0,24.700000000000003,125,784,630,6,75,0,0,75,49.9,105,9.8
2023,12,16,14,0,24.6,118,744,541,6,40,0,0,40,55.39,106,9.600000000000001
2023,12,16,15,0,24.6,105,658,395,6,17,0,0,17,63.78,107,9.200000000000001
2023,12,16,16,0,24.5,80,489,215,6,12,0,0,12,74.07000000000001,108,9.200000000000001
2023,12,16,17,0,24.5,31,131,42,6,13,0,7,13,85.48,109,9.3
2023,12,16,18,0,24.400000000000002,0,0,0,6,0,0,0,0,97.96000000000001,110,9.700000000000001
2023,12,16,19,0,24.400000000000002,0,0,0,6,0,0,0,0,110.78,113,9.9
2023,12,16,20,0,24.3,0,0,0,6,0,0,0,0,123.93,116,10
2023,12,16,21,0,24.3,0,0,0,7,0,0,0,0,137.31,120,10.700000000000001
2023,12,16,22,0,24.3,0,0,0,7,0,0,0,0,150.83,123,11.200000000000001
2023,12,16,23,0,24.3,0,0,0,7,0,0,0,0,164.42000000000002,126,11.3
2023,12,17,0,0,24.400000000000002,0,0,0,7,0,0,0,0,177.56,129,11.200000000000001
2023,12,17,1,0,24.3,0,0,0,6,0,0,0,0,168.04,132,10.8
2023,12,17,2,0,24.3,0,0,0,6,0,0,0,0,154.46,133,10.700000000000001
2023,12,17,3,0,24.400000000000002,0,0,0,7,0,0,0,0,140.91,134,10.5
2023,12,17,4,0,24.400000000000002,0,0,0,6,0,0,0,0,127.49000000000001,140,9.9
2023,12,17,5,0,24.5,0,0,0,7,0,0,0,0,114.27,144,9.600000000000001
2023,12,17,6,0,24.6,0,0,0,7,0,0,0,0,101.35000000000001,149,9.200000000000001
2023,12,17,7,0,24.700000000000003,9,2,9,6,4,0,7,4,88.56,154,9.3
2023,12,17,8,0,24.900000000000002,86,308,155,6,14,0,0,14,77.06,157,9.5
2023,12,17,9,0,25.400000000000002,125,527,336,7,198,58,0,221,66.4,161,10.200000000000001
2023,12,17,10,0,25.700000000000003,132,676,496,1,132,676,0,496,57.42,164,11.100000000000001
2023,12,17,11,0,25.8,134,747,604,3,209,1,0,210,51.050000000000004,168,11.3
2023,12,17,12,0,25.700000000000003,128,785,650,3,165,0,0,165,48.35,174,11.100000000000001
2023,12,17,13,0,25.5,98,839,638,3,123,0,0,123,49.9,186,10.5
2023,12,17,14,0,25.400000000000002,87,820,554,2,269,42,0,293,55.370000000000005,202,9.4
2023,12,17,15,0,25.3,74,769,414,1,74,769,0,414,63.730000000000004,222,8.4
2023,12,17,16,0,25,57,641,233,0,57,641,0,233,74,237,8.1
2023,12,17,17,0,24.400000000000002,28,240,47,0,28,240,0,47,85.41,245,7
2023,12,17,18,0,24.200000000000003,0,0,0,0,0,0,0,0,97.87,254,6.4
2023,12,17,19,0,24,0,0,0,2,0,0,0,0,110.68,265,6.300000000000001
2023,12,17,20,0,23.700000000000003,0,0,0,1,0,0,0,0,123.83,277,6.5
2023,12,17,21,0,23.200000000000003,0,0,0,0,0,0,0,0,137.21,288,6.7
2023,12,17,22,0,22.900000000000002,0,0,0,1,0,0,0,0,150.72,295,6.7
2023,12,17,23,0,22.700000000000003,0,0,0,0,0,0,0,0,164.31,300,6.7
2023,12,18,0,0,22.5,0,0,0,0,0,0,0,0,177.5,304,6.6000000000000005
2023,12,18,1,0,22.3,0,0,0,0,0,0,0,0,168.16,309,6.4
2023,12,18,2,0,22.1,0,0,0,1,0,0,0,0,154.58,311,6.1000000000000005
2023,12,18,3,0,21.900000000000002,0,0,0,0,0,0,0,0,141.03,311,6
2023,12,18,4,0,21.700000000000003,0,0,0,0,0,0,0,0,127.61,309,6.1000000000000005
2023,12,18,5,0,21.6,0,0,0,0,0,0,0,0,114.39,307,6.300000000000001
2023,12,18,6,0,21.400000000000002,0,0,0,0,0,0,0,0,101.47,305,6.300000000000001
2023,12,18,7,0,21.5,13,166,17,0,13,166,0,17,88.66,304,6.4
2023,12,18,8,0,21.8,47,672,196,0,47,672,0,196,77.17,303,6.800000000000001
2023,12,18,9,0,21.8,63,836,396,0,63,836,0,396,66.5,301,6.7
2023,12,18,10,0,21.900000000000002,76,904,561,0,76,904,0,561,57.51,300,6.6000000000000005
2023,12,18,11,0,22.1,83,936,670,0,83,936,0,670,51.120000000000005,299,6.6000000000000005
2023,12,18,12,0,22.200000000000003,86,944,713,3,272,3,0,274,48.38,297,6.5
2023,12,18,13,0,22.200000000000003,85,935,687,2,374,131,0,458,49.9,296,6.2
2023,12,18,14,0,22.200000000000003,81,904,595,2,321,215,0,443,55.33,295,5.800000000000001
2023,12,18,15,0,22.1,73,840,445,0,73,840,0,445,63.67,295,5.5
2023,12,18,16,0,21.900000000000002,58,699,251,0,58,699,0,251,73.93,297,5.300000000000001
2023,12,18,17,0,21.6,28,332,55,0,28,332,0,55,85.32000000000001,299,4.800000000000001
2023,12,18,18,0,21.5,0,0,0,3,0,0,0,0,97.78,303,4.7
2023,12,18,19,0,21.6,0,0,0,2,0,0,0,0,110.59,307,4.6000000000000005
2023,12,18,20,0,21.6,0,0,0,3,0,0,0,0,123.73,309,4.3
2023,12,18,21,0,21.6,0,0,0,1,0,0,0,0,137.1,311,4.2
2023,12,18,22,0,21.700000000000003,0,0,0,1,0,0,0,0,150.62,314,4.2
2023,12,18,23,0,21.6,0,0,0,2,0,0,0,0,164.20000000000002,320,4.2
2023,12,19,0,0,21.6,0,0,0,3,0,0,0,0,177.42000000000002,327,4.1000000000000005
2023,12,19,1,0,21.6,0,0,0,1,0,0,0,0,168.28,332,4.1000000000000005
2023,12,19,2,0,21.6,0,0,0,2,0,0,0,0,154.69,335,4.3
2023,12,19,3,0,21.6,0,0,0,3,0,0,0,0,141.15,339,4.4
2023,12,19,4,0,21.5,0,0,0,1,0,0,0,0,127.73,345,4.5
2023,12,19,5,0,21.5,0,0,0,1,0,0,0,0,114.5,350,4.5
2023,12,19,6,0,21.5,0,0,0,3,0,0,0,0,101.58,353,4.5
2023,12,19,7,0,21.8,12,111,14,3,5,0,7,5,88.76,355,4.6000000000000005
2023,12,19,8,0,22.5,53,606,187,1,53,606,0,187,77.27,357,5.1000000000000005
2023,12,19,9,0,22.8,71,797,388,0,71,797,0,388,66.6,2,5.2
2023,12,19,10,0,23.1,76,897,557,0,76,897,0,557,57.6,6,5.2
2023,12,19,11,0,23.200000000000003,83,934,669,0,83,934,0,669,51.18,7,5.300000000000001
2023,12,19,12,0,23.3,86,947,714,0,86,947,0,714,48.410000000000004,8,5.4
2023,12,19,13,0,23.3,80,946,689,0,80,946,0,689,49.9,10,5.4
2023,12,19,14,0,23.200000000000003,78,911,597,2,331,116,0,397,55.300000000000004,8,5.7
2023,12,19,15,0,23.1,73,834,443,1,73,834,0,443,63.61,6,6.2
2023,12,19,16,0,22.900000000000002,61,679,249,1,61,679,0,249,73.85000000000001,5,6.7
2023,12,19,17,0,22.400000000000002,30,294,54,0,30,294,0,54,85.24,6,6.7
2023,12,19,18,0,22.200000000000003,0,0,0,2,0,0,0,0,97.69,9,7.1000000000000005
2023,12,19,19,0,22.1,0,0,0,1,0,0,0,0,110.49000000000001,13,7.6000000000000005
2023,12,19,20,0,21.900000000000002,0,0,0,1,0,0,0,0,123.63000000000001,18,7.9
2023,12,19,21,0,21.700000000000003,0,0,0,3,0,0,0,0,137,24,8
2023,12,19,22,0,21.5,0,0,0,2,0,0,0,0,150.51,29,8.1
2023,12,19,23,0,21.400000000000002,0,0,0,2,0,0,0,0,164.09,34,8.200000000000001
2023,12,20,0,0,21.3,0,0,0,1,0,0,0,0,177.35,39,8.200000000000001
2023,12,20,1,0,21.200000000000003,0,0,0,0,0,0,0,0,168.39000000000001,43,8.1
2023,12,20,2,0,21.1,0,0,0,1,0,0,0,0,154.81,45,7.800000000000001
2023,12,20,3,0,21,0,0,0,0,0,0,0,0,141.26,48,7.6000000000000005
2023,12,20,4,0,21,0,0,0,3,0,0,0,0,127.84,50,7.5
2023,12,20,5,0,21,0,0,0,3,0,0,0,0,114.62,51,7.300000000000001
2023,12,20,6,0,21,0,0,0,3,0,0,0,0,101.7,51,7
2023,12,20,7,0,21.1,12,43,13,2,5,0,7,5,88.85000000000001,52,7
2023,12,20,8,0,21.400000000000002,62,528,178,1,62,528,0,178,77.37,53,7.1000000000000005
2023,12,20,9,0,21.8,85,730,374,2,229,75,0,259,66.69,54,7.1000000000000005
2023,12,20,10,0,22,87,854,544,3,70,0,0,70,57.67,54,7.300000000000001
2023,12,20,11,0,22,96,891,653,0,96,891,0,653,51.24,53,7.5
2023,12,20,12,0,22.200000000000003,100,902,698,3,371,94,0,433,48.43,52,7.6000000000000005
2023,12,20,13,0,22.200000000000003,96,900,676,8,310,127,0,391,49.88,50,7.7
2023,12,20,14,0,22.200000000000003,92,869,587,3,203,1,0,203,55.25,50,8.1
2023,12,20,15,0,22,84,790,436,7,212,67,0,242,63.550000000000004,49,8.3
2023,12,20,16,0,21.700000000000003,69,627,244,8,137,204,0,194,73.77,50,8.1
2023,12,20,17,0,21.400000000000002,33,241,53,7,35,3,7,35,85.15,52,8
2023,12,20,18,0,21.3,0,0,0,8,0,0,0,0,97.59,53,7.7
2023,12,20,19,0,21.3,0,0,0,8,0,0,0,0,110.38,54,7.5
2023,12,20,20,0,21.400000000000002,0,0,0,3,0,0,0,0,123.52,55,7.5
2023,12,20,21,0,21.5,0,0,0,7,0,0,0,0,136.89000000000001,55,7.4
2023,12,20,22,0,21.5,0,0,0,7,0,0,0,0,150.4,56,7.800000000000001
2023,12,20,23,0,21.5,0,0,0,3,0,0,0,0,163.98,56,8
2023,12,21,0,0,21.5,0,0,0,3,0,0,0,0,177.26,55,8
2023,12,21,1,0,21.400000000000002,0,0,0,8,0,0,0,0,168.5,56,8.1
2023,12,21,2,0,21.5,0,0,0,7,0,0,0,0,154.92000000000002,56,8.1
2023,12,21,3,0,21.5,0,0,0,8,0,0,0,0,141.38,56,8
2023,12,21,4,0,21.400000000000002,0,0,0,3,0,0,0,0,127.95,56,7.800000000000001
2023,12,21,5,0,21.400000000000002,0,0,0,7,0,0,0,0,114.73,56,7.4
2023,12,21,6,0,21.5,0,0,0,7,0,0,0,0,101.8,55,7.1000000000000005
2023,12,21,7,0,21.6,10,12,11,3,3,0,7,3,88.95,55,7
2023,12,21,8,0,21.900000000000002,69,466,170,3,58,0,0,58,77.47,56,7.1000000000000005
2023,12,21,9,0,22.200000000000003,92,697,366,3,140,2,0,141,66.78,54,7.2
2023,12,21,10,0,22.400000000000002,102,808,533,3,194,1,0,195,57.75,50,7.2
2023,12,21,11,0,22.5,108,857,645,3,248,2,0,250,51.28,47,7.4
2023,12,21,12,0,22.6,111,874,691,3,352,72,0,400,48.44,46,7.6000000000000005
2023,12,21,13,0,22.6,101,886,672,3,353,79,0,404,49.86,46,7.7
2023,12,21,14,0,22.5,95,855,583,1,95,855,0,583,55.2,48,7.800000000000001
2023,12,21,15,0,22.5,83,788,435,2,249,53,0,272,63.47,50,7.7
2023,12,21,16,0,22.3,65,645,246,3,114,4,0,115,73.68,49,7.2
2023,12,21,17,0,22,31,280,55,3,19,0,7,19,85.05,48,6.800000000000001
2023,12,21,18,0,21.900000000000002,0,0,0,0,0,0,0,0,97.49000000000001,48,6.7
2023,12,21,19,0,21.900000000000002,0,0,0,0,0,0,0,0,110.28,48,6.6000000000000005
2023,12,21,20,0,21.8,0,0,0,3,0,0,0,0,123.41,48,6.4
2023,12,21,21,0,21.8,0,0,0,3,0,0,0,0,136.78,48,6.300000000000001
2023,12,21,22,0,21.8,0,0,0,3,0,0,0,0,150.29,50,6.300000000000001
2023,12,21,23,0,21.8,0,0,0,3,0,0,0,0,163.87,53,6.2
2023,12,22,0,0,21.8,0,0,0,3,0,0,0,0,177.17000000000002,54,6
2023,12,22,1,0,21.700000000000003,0,0,0,3,0,0,0,0,168.62,56,5.9
2023,12,22,2,0,21.8,0,0,0,1,0,0,0,0,155.03,57,5.800000000000001
2023,12,22,3,0,21.700000000000003,0,0,0,3,0,0,0,0,141.49,56,5.6000000000000005
2023,12,22,4,0,21.8,0,0,0,3,0,0,0,0,128.06,55,5.300000000000001
2023,12,22,5,0,21.8,0,0,0,3,0,0,0,0,114.84,56,5.2
2023,12,22,6,0,21.900000000000002,0,0,0,3,0,0,0,0,101.91,59,5.4
2023,12,22,7,0,22,0,0,0,3,0,0,7,0,89.04,58,5.300000000000001
2023,12,22,8,0,22.400000000000002,61,502,169,3,57,0,0,57,77.57000000000001,58,5.5
2023,12,22,9,0,22.700000000000003,85,701,361,8,176,82,0,208,66.87,58,5.6000000000000005
2023,12,22,10,0,22.8,100,794,523,7,132,3,0,133,57.81,59,5.6000000000000005
2023,12,22,11,0,22.900000000000002,107,840,632,8,299,150,0,393,51.32,58,5.6000000000000005
2023,12,22,12,0,23,110,858,679,7,345,169,0,457,48.45,58,5.6000000000000005
2023,12,22,13,0,22.900000000000002,114,834,652,7,229,12,0,237,49.83,53,5.1000000000000005
2023,12,22,14,0,22.8,107,799,564,7,208,20,0,219,55.14,53,5
2023,12,22,15,0,22.8,94,724,418,7,175,34,0,190,63.39,52,5
2023,12,22,16,0,22.700000000000003,71,587,237,7,71,3,0,72,73.59,51,4.9
2023,12,22,17,0,22.5,32,232,53,7,22,0,7,22,84.96000000000001,52,4.7
2023,12,22,18,0,22.5,0,0,0,7,0,0,0,0,97.38,53,4.7
2023,12,22,19,0,22.5,0,0,0,7,0,0,0,0,110.17,55,4.7
2023,12,22,20,0,22.400000000000002,0,0,0,7,0,0,0,0,123.3,58,4.800000000000001
2023,12,22,21,0,22.3,0,0,0,7,0,0,0,0,136.66,59,4.7
2023,12,22,22,0,22.200000000000003,0,0,0,7,0,0,0,0,150.17000000000002,56,4.4
2023,12,22,23,0,22.1,0,0,0,7,0,0,0,0,163.76,55,4.4
2023,12,23,0,0,22,0,0,0,7,0,0,0,0,177.07,59,4.6000000000000005
2023,12,23,1,0,21.8,0,0,0,7,0,0,0,0,168.73,58,4.6000000000000005
2023,12,23,2,0,21.8,0,0,0,3,0,0,0,0,155.14000000000001,61,4.9
2023,12,23,3,0,21.8,0,0,0,7,0,0,0,0,141.6,60,4.800000000000001
2023,12,23,4,0,21.900000000000002,0,0,0,7,0,0,0,0,128.17000000000002,60,4.9
2023,12,23,5,0,21.900000000000002,0,0,0,7,0,0,0,0,114.94,61,4.9
2023,12,23,6,0,21.900000000000002,0,0,0,8,0,0,0,0,102.01,62,5.1000000000000005
2023,12,23,7,0,22.1,0,0,0,8,0,0,7,0,89.12,59,5.1000000000000005
2023,12,23,8,0,22.6,55,523,167,3,66,1,0,66,77.66,59,5.300000000000001
2023,12,23,9,0,22.8,75,724,358,3,220,58,0,243,66.94,60,5.4
2023,12,23,10,0,23,83,823,521,3,143,0,0,144,57.870000000000005,59,5.5
2023,12,23,11,0,23.200000000000003,91,863,630,0,91,863,0,630,51.36,59,5.300000000000001
2023,12,23,12,0,23.3,96,873,675,0,96,873,0,675,48.45,58,5.1000000000000005
2023,12,23,13,0,23.3,91,874,655,0,91,874,0,655,49.79,58,5.1000000000000005
2023,12,23,14,0,23.3,88,837,567,1,88,837,0,567,55.07,57,5.1000000000000005
2023,12,23,15,0,23.200000000000003,80,765,423,0,80,765,0,423,63.31,58,5.6000000000000005
2023,12,23,16,0,23.1,63,626,241,2,106,3,0,106,73.5,58,6
2023,12,23,17,0,22.700000000000003,30,283,55,3,35,1,7,35,84.86,59,5.800000000000001
2023,12,23,18,0,22.700000000000003,0,0,0,3,0,0,0,0,97.27,60,6
2023,12,23,19,0,22.6,0,0,0,3,0,0,0,0,110.06,61,6.300000000000001
2023,12,23,20,0,22.6,0,0,0,3,0,0,0,0,123.19,62,6.5
2023,12,23,21,0,22.6,0,0,0,3,0,0,0,0,136.55,63,6.4
2023,12,23,22,0,22.6,0,0,0,0,0,0,0,0,150.06,65,6.2
2023,12,23,23,0,22.5,0,0,0,0,0,0,0,0,163.64000000000001,66,5.800000000000001
2023,12,24,0,0,22.6,0,0,0,0,0,0,0,0,176.96,71,5.800000000000001
2023,12,24,1,0,22.6,0,0,0,1,0,0,0,0,168.84,76,6
2023,12,24,2,0,22.700000000000003,0,0,0,8,0,0,0,0,155.26,80,6.2
2023,12,24,3,0,22.700000000000003,0,0,0,0,0,0,0,0,141.71,82,6.2
2023,12,24,4,0,22.8,0,0,0,0,0,0,0,0,128.28,83,6.4
2023,12,24,5,0,22.8,0,0,0,8,0,0,0,0,115.05,84,5.800000000000001
2023,12,24,6,0,22.8,0,0,0,2,0,0,0,0,102.11,82,5.5
2023,12,24,7,0,22.900000000000002,0,0,0,0,0,0,0,0,89.21000000000001,80,5.6000000000000005
2023,12,24,8,0,23.200000000000003,53,550,170,7,105,53,0,116,77.74,78,5.9
2023,12,24,9,0,23.5,74,742,363,6,168,30,0,180,67.02,76,6.4
2023,12,24,10,0,23.700000000000003,86,829,525,6,186,15,0,194,57.93,74,6.6000000000000005
2023,12,24,11,0,23.700000000000003,94,869,636,7,279,176,0,389,51.38,73,6.800000000000001
2023,12,24,12,0,23.5,97,882,682,7,269,335,0,491,48.44,73,7
2023,12,24,13,0,23.700000000000003,98,869,660,7,303,113,0,376,49.75,74,7
2023,12,24,14,0,23.700000000000003,94,832,571,7,265,130,0,339,55,77,6.7
2023,12,24,15,0,23.6,83,765,427,7,151,14,0,158,63.22,80,6.5
2023,12,24,16,0,23.400000000000002,65,624,243,5,41,0,0,41,73.4,83,6.4
2023,12,24,17,0,23.200000000000003,31,283,57,7,41,8,7,42,84.75,85,6
2023,12,24,18,0,23.200000000000003,0,0,0,7,0,0,0,0,97.16,86,5.9
2023,12,24,19,0,23.1,0,0,0,7,0,0,0,0,109.94,88,5.7
2023,12,24,20,0,23.1,0,0,0,6,0,0,0,0,123.07000000000001,90,5.300000000000001
2023,12,24,21,0,23,0,0,0,8,0,0,0,0,136.44,92,5
2023,12,24,22,0,23.1,0,0,0,2,0,0,0,0,149.95000000000002,93,5.300000000000001
2023,12,24,23,0,23.1,0,0,0,7,0,0,0,0,163.53,93,5.6000000000000005
2023,12,25,0,0,23.1,0,0,0,7,0,0,0,0,176.86,94,5.7
2023,12,25,1,0,23.1,0,0,0,6,0,0,0,0,168.95000000000002,94,5.7
2023,12,25,2,0,23.1,0,0,0,7,0,0,0,0,155.36,94,5.7
2023,12,25,3,0,23,0,0,0,7,0,0,0,0,141.81,97,5.6000000000000005
2023,12,25,4,0,23,0,0,0,8,0,0,0,0,128.38,101,5.800000000000001
2023,12,25,5,0,23,0,0,0,0,0,0,0,0,115.15,107,6
2023,12,25,6,0,23,0,0,0,8,0,0,1,0,102.21000000000001,113,6
2023,12,25,7,0,23.200000000000003,0,0,0,7,0,0,7,0,89.29,112,4.4
2023,12,25,8,0,23.700000000000003,50,560,168,7,75,9,0,76,77.82000000000001,110,5.2
2023,12,25,9,0,23.900000000000002,69,750,361,7,145,34,0,158,67.08,112,6.1000000000000005
2023,12,25,10,0,24.1,80,834,522,6,211,33,0,229,57.97,115,6
2023,12,25,11,0,24.200000000000003,87,874,633,7,275,148,0,367,51.4,118,5.7
2023,12,25,12,0,24.200000000000003,90,889,680,6,289,26,0,306,48.42,121,5.1000000000000005
2023,12,25,13,0,24.1,90,879,659,6,256,25,0,272,49.7,119,4.800000000000001
2023,12,25,14,0,24.1,87,843,571,6,174,9,0,179,54.92,117,4.7
2023,12,25,15,0,24,78,770,426,6,102,2,0,103,63.120000000000005,114,4.4
2023,12,25,16,0,23.8,63,628,243,6,22,0,0,22,73.29,111,4.3
2023,12,25,17,0,23.6,31,289,58,6,15,0,7,15,84.64,111,4.5
2023,12,25,18,0,23.6,0,0,0,6,0,0,0,0,97.05,112,4.9
2023,12,25,19,0,23.6,0,0,0,6,0,0,0,0,109.83,114,5
2023,12,25,20,0,23.5,0,0,0,6,0,0,0,0,122.96000000000001,116,5
2023,12,25,21,0,23.5,0,0,0,7,0,0,0,0,136.32,118,5
2023,12,25,22,0,23.5,0,0,0,7,0,0,0,0,149.83,120,5.1000000000000005
2023,12,25,23,0,23.400000000000002,0,0,0,7,0,0,0,0,163.41,123,5.5
2023,12,26,0,0,23.5,0,0,0,7,0,0,0,0,176.74,128,5.9
2023,12,26,1,0,23.5,0,0,0,8,0,0,0,0,169.05,133,6.1000000000000005
2023,12,26,2,0,23.5,0,0,0,7,0,0,0,0,155.47,136,5.800000000000001
2023,12,26,3,0,23.400000000000002,0,0,0,7,0,0,0,0,141.92000000000002,137,5.800000000000001
2023,12,26,4,0,23.400000000000002,0,0,0,7,0,0,0,0,128.49,137,5.800000000000001
2023,12,26,5,0,23.400000000000002,0,0,0,4,0,0,0,0,115.25,139,5.6000000000000005
2023,12,26,6,0,23.400000000000002,0,0,0,4,0,0,0,0,102.3,140,5.5
2023,12,26,7,0,23.5,0,0,0,7,0,0,7,0,89.36,141,5.9
2023,12,26,8,0,23.900000000000002,52,518,160,7,56,3,7,57,77.9,144,6.4
2023,12,26,9,0,24.200000000000003,71,719,350,4,55,0,0,55,67.15,147,6.7
2023,12,26,10,0,24.5,76,826,514,4,85,0,0,85,58.01,154,6.9
2023,12,26,11,0,24.700000000000003,82,869,624,3,250,5,0,253,51.410000000000004,163,6.9
2023,12,26,12,0,24.8,83,887,672,3,40,0,0,40,48.4,173,6.7
2023,12,26,13,0,24.900000000000002,76,896,656,3,336,85,0,390,49.64,183,6.1000000000000005
2023,12,26,14,0,24.8,72,871,574,1,72,871,0,574,54.84,190,5.7
2023,12,26,15,0,24.700000000000003,68,805,433,3,121,0,0,121,63.02,196,5.2
2023,12,26,16,0,24.3,57,664,249,1,57,664,0,249,73.18,201,4.7
2023,12,26,17,0,23.700000000000003,30,325,61,0,30,325,0,61,84.53,203,4.1000000000000005
2023,12,26,18,0,23.400000000000002,0,0,0,1,0,0,0,0,96.93,206,3.9000000000000004
2023,12,26,19,0,23.200000000000003,0,0,0,0,0,0,0,0,109.71000000000001,208,3.9000000000000004
2023,12,26,20,0,23.1,0,0,0,0,0,0,0,0,122.84,211,4
2023,12,26,21,0,23,0,0,0,0,0,0,0,0,136.2,218,4.2
2023,12,26,22,0,22.900000000000002,0,0,0,0,0,0,0,0,149.71,225,4.2
2023,12,26,23,0,22.8,0,0,0,0,0,0,0,0,163.3,232,4.1000000000000005
2023,12,27,0,0,22.700000000000003,0,0,0,1,0,0,0,0,176.63,240,3.9000000000000004
2023,12,27,1,0,22.6,0,0,0,0,0,0,0,0,169.16,249,3.8000000000000003
2023,12,27,2,0,22.5,0,0,0,0,0,0,0,0,155.58,259,3.6
2023,12,27,3,0,22.3,0,0,0,0,0,0,0,0,142.02,270,3.5
2023,12,27,4,0,22.200000000000003,0,0,0,0,0,0,0,0,128.59,281,3.4000000000000004
2023,12,27,5,0,22.200000000000003,0,0,0,0,0,0,0,0,115.34,289,3.4000000000000004
2023,12,27,6,0,22.200000000000003,0,0,0,0,0,0,0,0,102.39,294,3.3000000000000003
2023,12,27,7,0,22.5,0,0,0,0,0,0,0,0,89.44,296,3.1
2023,12,27,8,0,23.1,51,556,167,0,51,556,0,167,77.97,295,3.2
2023,12,27,9,0,23.400000000000002,72,747,361,0,72,747,0,361,67.2,295,3
2023,12,27,10,0,23.700000000000003,80,843,526,1,80,843,0,526,58.050000000000004,300,2.9000000000000004
2023,12,27,11,0,23.900000000000002,87,883,638,0,87,883,0,638,51.42,308,2.8000000000000003
2023,12,27,12,0,24,92,895,686,0,92,895,0,686,48.370000000000005,312,2.6
2023,12,27,13,0,24.1,96,877,664,1,96,877,0,664,49.57,313,2.4000000000000004
2023,12,27,14,0,24.1,91,843,578,1,91,843,0,578,54.75,313,2.1
2023,12,27,15,0,24.1,81,778,435,0,81,778,0,435,62.92,315,1.9000000000000001
2023,12,27,16,0,23.900000000000002,61,659,253,0,61,659,0,253,73.07000000000001,315,1.7000000000000002
2023,12,27,17,0,23.5,31,336,64,0,31,336,0,64,84.42,310,1.6
2023,12,27,18,0,23.3,0,0,0,0,0,0,0,0,96.81,306,1.6
2023,12,27,19,0,23.1,0,0,0,1,0,0,0,0,109.59,303,1.5
2023,12,27,20,0,23,0,0,0,0,0,0,0,0,122.72,297,1.4000000000000001
2023,12,27,21,0,22.8,0,0,0,1,0,0,0,0,136.08,291,1.3
2023,12,27,22,0,22.6,0,0,0,7,0,0,0,0,149.59,295,1.3
2023,12,27,23,0,22.400000000000002,0,0,0,3,0,0,0,0,163.18,300,1.3
2023,12,28,0,0,22.200000000000003,0,0,0,1,0,0,0,0,176.51,303,1.3
2023,12,28,1,0,22.1,0,0,0,3,0,0,0,0,169.26,313,1.1
2023,12,28,2,0,22,0,0,0,0,0,0,0,0,155.68,331,0.9
2023,12,28,3,0,21.900000000000002,0,0,0,8,0,0,0,0,142.13,4,0.8
2023,12,28,4,0,21.8,0,0,0,1,0,0,0,0,128.69,24,0.7000000000000001
2023,12,28,5,0,21.8,0,0,0,7,0,0,0,0,115.44,352,0.9
2023,12,28,6,0,21.8,0,0,0,1,0,0,0,0,102.48,336,1.8
2023,12,28,7,0,21.8,0,0,0,7,0,0,7,0,89.5,344,2.4000000000000004
2023,12,28,8,0,22,59,466,155,7,102,37,0,110,78.04,360,2.9000000000000004
2023,12,28,9,0,22.200000000000003,87,661,342,7,91,3,0,92,67.25,20,2.9000000000000004
2023,12,28,10,0,22.6,102,756,502,7,89,1,0,89,58.08,48,2.5
2023,12,28,11,0,23,109,809,613,8,13,0,0,13,51.410000000000004,82,2.3000000000000003
2023,12,28,12,0,23.400000000000002,111,829,662,8,174,4,0,176,48.33,111,2
2023,12,28,13,0,23.6,110,821,643,6,83,0,0,83,49.5,146,1.5
2023,12,28,14,0,23.6,104,788,560,7,65,0,0,65,54.65,212,1.2000000000000002
2023,12,28,15,0,23.400000000000002,92,720,421,4,49,0,0,49,62.81,271,1.8
2023,12,28,16,0,23.1,72,580,242,7,95,9,0,98,72.95,309,2.7
2023,12,28,17,0,22.700000000000003,34,263,60,5,28,0,7,28,84.3,332,3.7
2023,12,28,18,0,22.5,0,0,0,5,0,0,0,0,96.69,341,5
2023,12,28,19,0,22.3,0,0,0,4,0,0,0,0,109.47,346,6.1000000000000005
2023,12,28,20,0,22.200000000000003,0,0,0,5,0,0,0,0,122.60000000000001,349,6.6000000000000005
2023,12,28,21,0,22.1,0,0,0,4,0,0,0,0,135.96,350,6.4
2023,12,28,22,0,22,0,0,0,4,0,0,0,0,149.47,349,5.4
2023,12,28,23,0,21.8,0,0,0,7,0,0,0,0,163.06,346,4.4
2023,12,29,0,0,21.700000000000003,0,0,0,8,0,0,0,0,176.39000000000001,338,3.7
2023,12,29,1,0,21.5,0,0,0,1,0,0,0,0,169.36,328,3.4000000000000004
2023,12,29,2,0,21.400000000000002,0,0,0,0,0,0,0,0,155.78,319,3.5
2023,12,29,3,0,21.400000000000002,0,0,0,1,0,0,0,0,142.22,314,3.8000000000000003
2023,12,29,4,0,21.3,0,0,0,7,0,0,0,0,128.78,313,3.9000000000000004
2023,12,29,5,0,21.400000000000002,0,0,0,7,0,0,0,0,115.53,315,3.8000000000000003
2023,12,29,6,0,21.5,0,0,0,7,0,0,0,0,102.56,317,3.7
2023,12,29,7,0,21.900000000000002,0,0,0,3,0,0,7,0,89.57000000000001,318,3.7
2023,12,29,8,0,22.5,48,585,168,1,48,585,0,168,78.10000000000001,316,3.9000000000000004
2023,12,29,9,0,22.900000000000002,68,762,362,7,157,34,0,170,67.3,312,4.2
2023,12,29,10,0,23,83,833,523,7,139,4,0,141,58.1,308,4.5
2023,12,29,11,0,23,92,869,635,7,289,178,0,400,51.4,307,4.7
2023,12,29,12,0,22.8,97,880,683,7,314,35,0,337,48.28,304,5.2
2023,12,29,13,0,22.5,95,873,664,7,277,35,0,300,49.42,303,5.300000000000001
2023,12,29,14,0,22.200000000000003,90,845,581,7,212,24,0,226,54.550000000000004,305,5
2023,12,29,15,0,21.900000000000002,81,785,441,7,85,1,0,85,62.690000000000005,308,5
2023,12,29,16,0,21.6,64,651,256,7,13,0,0,13,72.83,306,5
2023,12,29,17,0,21.400000000000002,33,319,66,7,20,0,7,20,84.17,303,4.800000000000001
2023,12,29,18,0,21.3,0,0,0,6,0,0,0,0,96.56,299,4.800000000000001
2023,12,29,19,0,21.1,0,0,0,7,0,0,0,0,109.34,294,4.3
2023,12,29,20,0,21,0,0,0,7,0,0,0,0,122.48,290,3.4000000000000004
2023,12,29,21,0,20.900000000000002,0,0,0,7,0,0,0,0,135.84,282,3.3000000000000003
2023,12,29,22,0,20.900000000000002,0,0,0,7,0,0,0,0,149.35,278,3.6
2023,12,29,23,0,20.8,0,0,0,7,0,0,0,0,162.94,273,3.5
2023,12,30,0,0,20.8,0,0,0,8,0,0,0,0,176.26,268,3.4000000000000004
2023,12,30,1,0,20.700000000000003,0,0,0,7,0,0,0,0,169.45000000000002,274,3.2
2023,12,30,2,0,20.700000000000003,0,0,0,7,0,0,0,0,155.88,288,3.4000000000000004
2023,12,30,3,0,20.700000000000003,0,0,0,6,0,0,0,0,142.32,297,4.1000000000000005
2023,12,30,4,0,20.700000000000003,0,0,0,6,0,0,0,0,128.87,304,4.6000000000000005
2023,12,30,5,0,20.700000000000003,0,0,0,6,0,0,0,0,115.62,306,4.7
2023,12,30,6,0,20.6,0,0,0,4,0,0,0,0,102.65,308,4.4
2023,12,30,7,0,20.700000000000003,0,0,0,8,0,0,7,0,89.62,308,4.1000000000000005
2023,12,30,8,0,20.900000000000002,56,493,157,7,69,44,0,78,78.15,308,4
2023,12,30,9,0,21,81,696,349,7,121,11,0,125,67.34,304,3.4000000000000004
2023,12,30,10,0,21,94,794,513,7,194,32,0,211,58.11,299,3.1
2023,12,30,11,0,21,99,851,630,8,84,0,0,85,51.38,296,3.1
2023,12,30,12,0,21,98,879,683,7,223,16,0,234,48.230000000000004,291,3
2023,12,30,13,0,21.1,93,886,670,6,37,0,0,37,49.33,290,3.6
2023,12,30,14,0,21,85,865,588,7,243,63,0,279,54.44,290,3.9000000000000004
2023,12,30,15,0,20.8,72,815,447,8,132,9,0,137,62.57,284,3.4000000000000004
2023,12,30,16,0,20.6,56,701,264,7,86,7,0,88,72.7,279,3.2
2023,12,30,17,0,20.3,29,415,72,7,21,0,7,21,84.05,275,3.7
2023,12,30,18,0,20.1,0,0,0,5,0,0,0,0,96.44,280,3.4000000000000004
2023,12,30,19,0,20.1,0,0,0,7,0,0,0,0,109.22,287,2.9000000000000004
2023,12,30,20,0,20.200000000000003,0,0,0,6,0,0,0,0,122.35000000000001,293,3
2023,12,30,21,0,20.200000000000003,0,0,0,5,0,0,0,0,135.72,293,3
2023,12,30,22,0,20.200000000000003,0,0,0,7,0,0,0,0,149.23,290,2.5
2023,12,30,23,0,20.1,0,0,0,5,0,0,0,0,162.82,295,2.2
2023,12,31,0,0,20,0,0,0,5,0,0,0,0,176.13,303,2.3000000000000003
2023,12,31,1,0,19.8,0,0,0,5,0,0,0,0,169.55,306,2.5
2023,12,31,2,0,19.700000000000003,0,0,0,5,0,0,0,0,155.98,311,2.6
2023,12,31,3,0,19.6,0,0,0,4,0,0,0,0,142.42000000000002,316,2.8000000000000003
2023,12,31,4,0,19.5,0,0,0,3,0,0,0,0,128.96,318,3
2023,12,31,5,0,19.400000000000002,0,0,0,3,0,0,0,0,115.7,318,3.1
2023,12,31,6,0,19.3,0,0,0,3,0,0,0,0,102.72,314,3.2
2023,12,31,7,0,19.5,0,0,0,2,0,0,7,0,89.67,310,3.1
2023,12,31,8,0,20,41,659,176,0,41,659,0,176,78.21000000000001,309,3.3000000000000003
2023,12,31,9,0,20.3,57,837,379,0,57,837,0,379,67.37,308,3.3000000000000003
2023,12,31,10,0,20.6,70,913,552,0,70,913,0,552,58.120000000000005,309,3.5
2023,12,31,11,0,20.900000000000002,74,958,672,1,74,958,0,672,51.36,311,3.7
2023,12,31,12,0,21.1,75,975,725,1,75,975,0,725,48.160000000000004,314,4
2023,12,31,13,0,21.200000000000003,73,976,710,0,73,976,0,710,49.230000000000004,317,4.1000000000000005
2023,12,31,14,0,21.200000000000003,69,951,624,0,69,951,0,624,54.32,322,4
2023,12,31,15,0,21.1,63,899,479,0,63,899,0,479,62.440000000000005,328,3.9000000000000004
2023,12,31,16,0,20.900000000000002,51,783,286,0,51,783,0,286,72.57000000000001,336,3.5
2023,12,31,17,0,20.200000000000003,29,496,81,0,29,496,0,81,83.92,344,2.9000000000000004
2023,12,31,18,0,19.900000000000002,0,0,0,1,0,0,0,0,96.31,353,2.7
2023,12,31,19,0,25,0,0,0,0,0,0,0,0,109.06,120,3.1
2023,12,31,20,0,24.8,0,0,0,1,0,0,0,0,122.2,120,3.3000000000000003
2023,12,31,21,0,24.700000000000003,0,0,0,0,0,0,0,0,135.57,120,3.4000000000000004
2023,12,31,22,0,24.6,0,0,0,0,0,0,0,0,149.08,120,3.5
2023,12,31,23,0,24.5,0,0,0,0,0,0,0,0,162.67000000000002,121,3.6
